design,eps,rep,unit,acc0,acc1,acc2,acc3,acc4,acc_mean,acc_best5,acc_min,acc_max
G1-small20,0.0,0,G1-small20_e00_r000,0.92,0.92,0.92,0.92,0.9266666666666666,0.9213333333333333,0.92,0.92,0.9266666666666666
G1-small20,0.1,0,G1-small20_e10_r000,0.9547169811320755,0.9547169811320755,0.9547169811320755,0.9547169811320755,0.9433962264150944,0.9524528301886793,0.9547169811320755,0.9433962264150944,0.9547169811320755
G1-small20,0.2,0,G1-small20_e20_r000,0.9113924050632911,0.9113924050632911,0.9113924050632911,0.9071729957805907,0.9113924050632911,0.9105485232067512,0.9113924050632911,0.9071729957805907,0.9113924050632911
G1-small20,0.3,0,G1-small20_e30_r000,0.5113122171945701,0.8054298642533937,0.5384615384615384,0.5067873303167421,0.5248868778280543,0.5773755656108597,0.5067873303167421,0.5067873303167421,0.8054298642533937
G2-small15,0.0,0,G2-small15_e00_r000,0.94,0.94,0.94,0.94,0.94,0.9399999999999998,0.94,0.94,0.94
G2-small15,0.1,0,G2-small15_e10_r000,0.924812030075188,0.924812030075188,0.924812030075188,0.924812030075188,0.924812030075188,0.9248120300751881,0.924812030075188,0.924812030075188,0.924812030075188
G2-small15,0.2,0,G2-small15_e20_r000,0.8917748917748918,0.8398268398268398,0.8917748917748918,0.8917748917748918,0.8917748917748918,0.8813852813852815,0.8917748917748918,0.8398268398268398,0.8917748917748918
G2-small15,0.3,0,G2-small15_e30_r000,0.5675675675675675,0.5675675675675675,0.5765765765765766,0.5630630630630631,0.5765765765765766,0.5702702702702702,0.5675675675675675,0.5630630630630631,0.5765765765765766
G3-cluster,0.0,0,G3-cluster_e00_r000,0.9033333333333333,0.9033333333333333,0.9033333333333333,0.9033333333333333,0.9033333333333333,0.9033333333333333,0.9033333333333333,0.9033333333333333,0.9033333333333333
G3-cluster,0.1,0,G3-cluster_e10_r000,0.8920863309352518,0.8920863309352518,0.8920863309352518,0.8920863309352518,0.8920863309352518,0.8920863309352518,0.8920863309352518,0.8920863309352518,0.8920863309352518
G3-cluster,0.2,0,G3-cluster_e20_r000,0.8983739837398373,0.8983739837398373,0.9024390243902439,0.8902439024390244,0.8943089430894309,0.8967479674796748,0.9024390243902439,0.8902439024390244,0.9024390243902439
G3-cluster,0.3,0,G3-cluster_e30_r000,0.5078534031413613,0.5078534031413613,0.5078534031413613,0.5078534031413613,0.5078534031413613,0.5078534031413613,0.5078534031413613,0.5078534031413613,0.5078534031413613
G1-small20,0.0,1,G1-small20_e00_r001,0.9233333333333333,0.9233333333333333,0.9233333333333333,0.9233333333333333,0.9233333333333333,0.9233333333333335,0.9233333333333333,0.9233333333333333,0.9233333333333333
G1-small20,0.1,1,G1-small20_e10_r001,0.5223880597014925,0.9067164179104478,0.9067164179104478,0.9067164179104478,0.9067164179104478,0.8298507462686567,0.9067164179104478,0.5223880597014925,0.9067164179104478
G1-small20,0.2,1,G1-small20_e20_r001,0.9306122448979591,0.9306122448979591,0.9306122448979591,0.9306122448979591,0.9306122448979591,0.9306122448979591,0.9306122448979591,0.9306122448979591,0.9306122448979591
G1-small20,0.3,1,G1-small20_e30_r001,0.5388349514563107,0.8155339805825242,0.8155339805825242,0.883495145631068,0.5388349514563107,0.7184466019417476,0.883495145631068,0.5388349514563107,0.883495145631068
G2-small15,0.0,1,G2-small15_e00_r001,0.9033333333333333,0.8933333333333333,0.8933333333333333,0.8933333333333333,0.8933333333333333,0.8953333333333333,0.9033333333333333,0.8933333333333333,0.9033333333333333
G2-small15,0.1,1,G2-small15_e10_r001,0.9236363636363636,0.9236363636363636,0.9236363636363636,0.9236363636363636,0.9236363636363636,0.9236363636363636,0.9236363636363636,0.9236363636363636,0.9236363636363636
G2-small15,0.2,1,G2-small15_e20_r001,0.908695652173913,0.9043478260869565,0.9043478260869565,0.9043478260869565,0.9043478260869565,0.9052173913043479,0.908695652173913,0.9043478260869565,0.908695652173913
G2-small15,0.3,1,G2-small15_e30_r001,0.855,0.855,0.855,0.855,0.855,0.8550000000000001,0.855,0.855,0.855
G3-cluster,0.0,1,G3-cluster_e00_r001,0.9266666666666666,0.9266666666666666,0.9266666666666666,0.9266666666666666,0.9266666666666666,0.9266666666666665,0.9266666666666666,0.9266666666666666,0.9266666666666666
G3-cluster,0.1,1,G3-cluster_e10_r001,0.9222222222222223,0.9222222222222223,0.9222222222222223,0.9222222222222223,0.9222222222222223,0.9222222222222223,0.9222222222222223,0.9222222222222223,0.9222222222222223
G3-cluster,0.2,1,G3-cluster_e20_r001,0.5311203319502075,0.91701244813278,0.9087136929460581,0.9128630705394191,0.9087136929460581,0.8356846473029046,0.9128630705394191,0.5311203319502075,0.91701244813278
G3-cluster,0.3,1,G3-cluster_e30_r001,0.5550239234449761,0.5550239234449761,0.5550239234449761,0.5550239234449761,0.5550239234449761,0.5550239234449761,0.5550239234449761,0.5550239234449761,0.5550239234449761
G1-small20,0.0,2,G1-small20_e00_r002,0.91,0.91,0.91,0.91,0.91,0.9099999999999999,0.91,0.91,0.91
G1-small20,0.1,2,G1-small20_e10_r002,0.9407407407407408,0.9407407407407408,0.9407407407407408,0.9407407407407408,0.9407407407407408,0.9407407407407409,0.9407407407407408,0.9407407407407408,0.9407407407407408
G1-small20,0.2,2,G1-small20_e20_r002,0.9465020576131687,0.9465020576131687,0.9382716049382716,0.9465020576131687,0.9465020576131687,0.9448559670781893,0.9465020576131687,0.9382716049382716,0.9465020576131687
G1-small20,0.3,2,G1-small20_e30_r002,0.8292682926829268,0.8292682926829268,0.8292682926829268,0.9219512195121952,0.5121951219512195,0.784390243902439,0.9219512195121952,0.5121951219512195,0.9219512195121952
G2-small15,0.0,2,G2-small15_e00_r002,0.88,0.88,0.88,0.88,0.88,0.8800000000000001,0.88,0.88,0.88
G2-small15,0.1,2,G2-small15_e10_r002,0.9256505576208178,0.9256505576208178,0.9256505576208178,0.9256505576208178,0.9256505576208178,0.9256505576208178,0.9256505576208178,0.9256505576208178,0.9256505576208178
G2-small15,0.2,2,G2-small15_e20_r002,0.8934426229508197,0.8934426229508197,0.8729508196721312,0.8934426229508197,0.8934426229508197,0.889344262295082,0.8934426229508197,0.8729508196721312,0.8934426229508197
G2-small15,0.3,2,G2-small15_e30_r002,0.8512820512820513,0.8512820512820513,0.8512820512820513,0.8512820512820513,0.8512820512820513,0.8512820512820513,0.8512820512820513,0.8512820512820513,0.8512820512820513
G3-cluster,0.0,2,G3-cluster_e00_r002,0.92,0.92,0.92,0.92,0.92,0.9200000000000002,0.92,0.92,0.92
G3-cluster,0.1,2,G3-cluster_e10_r002,0.9185185185185185,0.9185185185185185,0.9185185185185185,0.9185185185185185,0.9185185185185185,0.9185185185185185,0.9185185185185185,0.9185185185185185,0.9185185185185185
G3-cluster,0.2,2,G3-cluster_e20_r002,0.5258620689655172,0.521551724137931,0.521551724137931,0.521551724137931,0.521551724137931,0.5224137931034483,0.521551724137931,0.521551724137931,0.5258620689655172
G3-cluster,0.3,2,G3-cluster_e30_r002,0.5275229357798165,0.5275229357798165,0.5275229357798165,0.5275229357798165,0.5275229357798165,0.5275229357798165,0.5275229357798165,0.5275229357798165,0.5275229357798165
G1-small20,0.0,3,G1-small20_e00_r003,0.89,0.89,0.89,0.89,0.89,0.89,0.89,0.89,0.89
G1-small20,0.1,3,G1-small20_e10_r003,0.9166666666666666,0.9166666666666666,0.9166666666666666,0.9166666666666666,0.9166666666666666,0.9166666666666666,0.9166666666666666,0.9166666666666666,0.9166666666666666
G1-small20,0.2,3,G1-small20_e20_r003,0.921161825726141,0.921161825726141,0.921161825726141,0.921161825726141,0.921161825726141,0.921161825726141,0.921161825726141,0.921161825726141,0.921161825726141
G1-small20,0.3,3,G1-small20_e30_r003,0.835,0.55,0.835,0.505,0.63,0.6709999999999999,0.835,0.505,0.835
G2-small15,0.0,3,G2-small15_e00_r003,0.9266666666666666,0.9266666666666666,0.9266666666666666,0.9266666666666666,0.9266666666666666,0.9266666666666665,0.9266666666666666,0.9266666666666666,0.9266666666666666
G2-small15,0.1,3,G2-small15_e10_r003,0.8876811594202898,0.8876811594202898,0.8913043478260869,0.8913043478260869,0.8985507246376812,0.8913043478260869,0.8985507246376812,0.8876811594202898,0.8985507246376812
G2-small15,0.2,3,G2-small15_e20_r003,0.9234042553191489,0.9276595744680851,0.9234042553191489,0.9276595744680851,0.9276595744680851,0.9259574468085106,0.9276595744680851,0.9234042553191489,0.9276595744680851
G2-small15,0.3,3,G2-small15_e30_r003,0.845,0.845,0.61,0.845,0.845,0.7979999999999998,0.845,0.61,0.845
G3-cluster,0.0,3,G3-cluster_e00_r003,0.8933333333333333,0.89,0.8933333333333333,0.89,0.89,0.8913333333333334,0.89,0.89,0.8933333333333333
G3-cluster,0.1,3,G3-cluster_e10_r003,0.8966789667896679,0.8966789667896679,0.8966789667896679,0.8966789667896679,0.8966789667896679,0.8966789667896679,0.8966789667896679,0.8966789667896679,0.8966789667896679
G3-cluster,0.2,3,G3-cluster_e20_r003,0.9166666666666666,0.9166666666666666,0.9166666666666666,0.9166666666666666,0.9166666666666666,0.9166666666666666,0.9166666666666666,0.9166666666666666,0.9166666666666666
G3-cluster,0.3,3,G3-cluster_e30_r003,0.5637254901960784,0.5637254901960784,0.5637254901960784,0.5637254901960784,0.5637254901960784,0.5637254901960784,0.5637254901960784,0.5637254901960784,0.5637254901960784
G1-small20,0.0,4,G1-small20_e00_r004,0.9333333333333333,0.9333333333333333,0.9333333333333333,0.9333333333333333,0.9333333333333333,0.9333333333333333,0.9333333333333333,0.9333333333333333,0.9333333333333333
G1-small20,0.1,4,G1-small20_e10_r004,0.9107806691449815,0.9070631970260223,0.9070631970260223,0.9070631970260223,0.9107806691449815,0.9085501858736059,0.9070631970260223,0.9070631970260223,0.9107806691449815
G1-small20,0.2,4,G1-small20_e20_r004,0.9004149377593361,0.9004149377593361,0.9004149377593361,0.9004149377593361,0.9004149377593361,0.9004149377593361,0.9004149377593361,0.9004149377593361,0.9004149377593361
G1-small20,0.3,4,G1-small20_e30_r004,0.8177339901477833,0.8177339901477833,0.8078817733990148,0.7931034482758621,0.8177339901477833,0.8108374384236454,0.8177339901477833,0.7931034482758621,0.8177339901477833
G2-small15,0.0,4,G2-small15_e00_r004,0.9066666666666666,0.9066666666666666,0.9066666666666666,0.9066666666666666,0.91,0.9073333333333332,0.9066666666666666,0.9066666666666666,0.91
G2-small15,0.1,4,G2-small15_e10_r004,0.9298892988929889,0.9298892988929889,0.9298892988929889,0.9298892988929889,0.9298892988929889,0.929889298892989,0.9298892988929889,0.9298892988929889,0.9298892988929889
G2-small15,0.2,4,G2-small15_e20_r004,0.8857142857142857,0.8857142857142857,0.8857142857142857,0.8857142857142857,0.8857142857142857,0.8857142857142858,0.8857142857142857,0.8857142857142857,0.8857142857142857
G2-small15,0.3,4,G2-small15_e30_r004,0.861904761904762,0.861904761904762,0.5238095238095238,0.5047619047619047,0.5047619047619047,0.6514285714285715,0.861904761904762,0.5047619047619047,0.861904761904762
G3-cluster,0.0,4,G3-cluster_e00_r004,0.9066666666666666,0.9066666666666666,0.9066666666666666,0.9066666666666666,0.9066666666666666,0.9066666666666666,0.9066666666666666,0.9066666666666666,0.9066666666666666
G3-cluster,0.1,4,G3-cluster_e10_r004,0.9051094890510949,0.9051094890510949,0.9051094890510949,0.9051094890510949,0.9051094890510949,0.9051094890510949,0.9051094890510949,0.9051094890510949,0.9051094890510949
G3-cluster,0.2,4,G3-cluster_e20_r004,0.926923076923077,0.926923076923077,0.926923076923077,0.926923076923077,0.926923076923077,0.926923076923077,0.926923076923077,0.926923076923077,0.926923076923077
G3-cluster,0.3,4,G3-cluster_e30_r004,0.5255102040816326,0.5255102040816326,0.5255102040816326,0.5255102040816326,0.5255102040816326,0.5255102040816326,0.5255102040816326,0.5255102040816326,0.5255102040816326
G1-small20,0.0,5,G1-small20_e00_r005,0.89,0.89,0.89,0.89,0.89,0.89,0.89,0.89,0.89
G1-small20,0.1,5,G1-small20_e10_r005,0.8868613138686131,0.8868613138686131,0.9014598540145985,0.8868613138686131,0.8868613138686131,0.8897810218978102,0.8868613138686131,0.8868613138686131,0.9014598540145985
G1-small20,0.2,5,G1-small20_e20_r005,0.8888888888888888,0.8888888888888888,0.8888888888888888,0.8888888888888888,0.8888888888888888,0.888888888888889,0.8888888888888888,0.8888888888888888,0.8888888888888888
G1-small20,0.3,5,G1-small20_e30_r005,0.5023474178403756,0.7699530516431925,0.5211267605633803,0.9014084507042254,0.539906103286385,0.6469483568075117,0.9014084507042254,0.5023474178403756,0.9014084507042254
G2-small15,0.0,5,G2-small15_e00_r005,0.9033333333333333,0.9033333333333333,0.9033333333333333,0.9033333333333333,0.9033333333333333,0.9033333333333333,0.9033333333333333,0.9033333333333333,0.9033333333333333
G2-small15,0.1,5,G2-small15_e10_r005,0.9213483146067416,0.9213483146067416,0.9176029962546817,0.9213483146067416,0.9213483146067416,0.9205992509363297,0.9176029962546817,0.9176029962546817,0.9213483146067416
G2-small15,0.2,5,G2-small15_e20_r005,0.8796680497925311,0.5726141078838174,0.8879668049792531,0.8796680497925311,0.8879668049792531,0.8215767634854771,0.8879668049792531,0.5726141078838174,0.8879668049792531
G2-small15,0.3,5,G2-small15_e30_r005,0.5,0.5092592592592593,0.5277777777777778,0.9166666666666666,0.8287037037037037,0.6564814814814814,0.9166666666666666,0.5,0.9166666666666666
G3-cluster,0.0,5,G3-cluster_e00_r005,0.9533333333333334,0.9533333333333334,0.9533333333333334,0.9533333333333334,0.9533333333333334,0.9533333333333334,0.9533333333333334,0.9533333333333334,0.9533333333333334
G3-cluster,0.1,5,G3-cluster_e10_r005,0.9318181818181818,0.9318181818181818,0.9318181818181818,0.9318181818181818,0.9318181818181818,0.9318181818181819,0.9318181818181818,0.9318181818181818,0.9318181818181818
G3-cluster,0.2,5,G3-cluster_e20_r005,0.9294605809128631,0.9294605809128631,0.5394190871369294,0.5394190871369294,0.9253112033195021,0.7726141078838173,0.9253112033195021,0.5394190871369294,0.9294605809128631
G3-cluster,0.3,5,G3-cluster_e30_r005,0.9041095890410958,0.9041095890410958,0.5616438356164384,0.9041095890410958,0.9041095890410958,0.8356164383561644,0.9041095890410958,0.5616438356164384,0.9041095890410958
G1-small20,0.0,6,G1-small20_e00_r006,0.9033333333333333,0.9033333333333333,0.9033333333333333,0.9033333333333333,0.9033333333333333,0.9033333333333333,0.9033333333333333,0.9033333333333333,0.9033333333333333
G1-small20,0.1,6,G1-small20_e10_r006,0.8943396226415095,0.8943396226415095,0.8943396226415095,0.8943396226415095,0.8943396226415095,0.8943396226415095,0.8943396226415095,0.8943396226415095,0.8943396226415095
G1-small20,0.2,6,G1-small20_e20_r006,0.9193548387096774,0.9193548387096774,0.9193548387096774,0.9193548387096774,0.9233870967741935,0.9201612903225806,0.9233870967741935,0.9193548387096774,0.9233870967741935
G1-small20,0.3,6,G1-small20_e30_r006,0.5428571428571428,0.8523809523809524,0.5142857142857142,0.8523809523809524,0.5238095238095238,0.6571428571428571,0.8523809523809524,0.5142857142857142,0.8523809523809524
G2-small15,0.0,6,G2-small15_e00_r006,0.9133333333333333,0.9133333333333333,0.9133333333333333,0.9133333333333333,0.9133333333333333,0.9133333333333333,0.9133333333333333,0.9133333333333333,0.9133333333333333
G2-small15,0.1,6,G2-small15_e10_r006,0.9525547445255474,0.9525547445255474,0.9525547445255474,0.9525547445255474,0.9525547445255474,0.9525547445255474,0.9525547445255474,0.9525547445255474,0.9525547445255474
G2-small15,0.2,6,G2-small15_e20_r006,0.8979591836734694,0.8979591836734694,0.8979591836734694,0.9020408163265307,0.8979591836734694,0.8987755102040816,0.9020408163265307,0.8979591836734694,0.9020408163265307
G2-small15,0.3,6,G2-small15_e30_r006,0.8689320388349514,0.8689320388349514,0.8689320388349514,0.8689320388349514,0.8689320388349514,0.8689320388349515,0.8689320388349514,0.8689320388349514,0.8689320388349514
G3-cluster,0.0,6,G3-cluster_e00_r006,0.92,0.92,0.92,0.92,0.92,0.9200000000000002,0.92,0.92,0.92
G3-cluster,0.1,6,G3-cluster_e10_r006,0.9029850746268657,0.9029850746268657,0.9029850746268657,0.9029850746268657,0.9029850746268657,0.9029850746268657,0.9029850746268657,0.9029850746268657,0.9029850746268657
G3-cluster,0.2,6,G3-cluster_e20_r006,0.8600823045267489,0.8600823045267489,0.8600823045267489,0.8600823045267489,0.8600823045267489,0.8600823045267489,0.8600823045267489,0.8600823045267489,0.8600823045267489
G3-cluster,0.3,6,G3-cluster_e30_r006,0.5045045045045045,0.5045045045045045,0.5045045045045045,0.5045045045045045,0.5045045045045045,0.5045045045045045,0.5045045045045045,0.5045045045045045,0.5045045045045045
G1-small20,0.0,7,G1-small20_e00_r007,0.9233333333333333,0.9266666666666666,0.9266666666666666,0.93,0.9266666666666666,0.9266666666666667,0.93,0.9233333333333333,0.93
G1-small20,0.1,7,G1-small20_e10_r007,0.9233576642335767,0.9233576642335767,0.9233576642335767,0.9233576642335767,0.9197080291970803,0.9226277372262774,0.9197080291970803,0.9197080291970803,0.9233576642335767
G1-small20,0.2,7,G1-small20_e20_r007,0.9510204081632653,0.9510204081632653,0.9510204081632653,0.9510204081632653,0.9510204081632653,0.9510204081632653,0.9510204081632653,0.9510204081632653,0.9510204081632653
G1-small20,0.3,7,G1-small20_e30_r007,0.8873239436619719,0.8873239436619719,0.6009389671361502,0.812206572769953,0.812206572769953,0.8,0.8873239436619719,0.6009389671361502,0.8873239436619719
G2-small15,0.0,7,G2-small15_e00_r007,0.94,0.93,0.93,0.9366666666666666,0.93,0.9333333333333333,0.94,0.93,0.94
G2-small15,0.1,7,G2-small15_e10_r007,0.9333333333333333,0.9333333333333333,0.9333333333333333,0.9333333333333333,0.9333333333333333,0.9333333333333333,0.9333333333333333,0.9333333333333333,0.9333333333333333
G2-small15,0.2,7,G2-small15_e20_r007,0.9173553719008265,0.9214876033057852,0.9132231404958677,0.9214876033057852,0.9214876033057852,0.9190082644628099,0.9214876033057852,0.9132231404958677,0.9214876033057852
G2-small15,0.3,7,G2-small15_e30_r007,0.8333333333333334,0.8333333333333334,0.8333333333333334,0.5049019607843137,0.8333333333333334,0.7676470588235295,0.8333333333333334,0.5049019607843137,0.8333333333333334
G3-cluster,0.0,7,G3-cluster_e00_r007,0.89,0.89,0.89,0.89,0.89,0.89,0.89,0.89,0.89
G3-cluster,0.1,7,G3-cluster_e10_r007,0.9465648854961832,0.9465648854961832,0.9465648854961832,0.9465648854961832,0.9465648854961832,0.9465648854961832,0.9465648854961832,0.9465648854961832,0.9465648854961832
G3-cluster,0.2,7,G3-cluster_e20_r007,0.9130434782608695,0.9130434782608695,0.5391304347826087,0.5391304347826087,0.5391304347826087,0.6886956521739129,0.9130434782608695,0.5391304347826087,0.9130434782608695
G3-cluster,0.3,7,G3-cluster_e30_r007,0.5177664974619289,0.5177664974619289,0.5177664974619289,0.5177664974619289,0.5177664974619289,0.5177664974619289,0.5177664974619289,0.5177664974619289,0.5177664974619289
G1-small20,0.0,8,G1-small20_e00_r008,0.8966666666666666,0.9,0.9033333333333333,0.8966666666666666,0.9033333333333333,0.9,0.9033333333333333,0.8966666666666666,0.9033333333333333
G1-small20,0.1,8,G1-small20_e10_r008,0.9067164179104478,0.9067164179104478,0.9067164179104478,0.9067164179104478,0.9067164179104478,0.9067164179104477,0.9067164179104478,0.9067164179104478,0.9067164179104478
G1-small20,0.2,8,G1-small20_e20_r008,0.9196428571428571,0.9196428571428571,0.9196428571428571,0.9196428571428571,0.9196428571428571,0.9196428571428571,0.9196428571428571,0.9196428571428571,0.9196428571428571
G1-small20,0.3,8,G1-small20_e30_r008,0.9122807017543859,0.6666666666666666,0.9122807017543859,0.9122807017543859,0.9122807017543859,0.8631578947368421,0.9122807017543859,0.6666666666666666,0.9122807017543859
G2-small15,0.0,8,G2-small15_e00_r008,0.8633333333333333,0.8633333333333333,0.8633333333333333,0.8633333333333333,0.8633333333333333,0.8633333333333333,0.8633333333333333,0.8633333333333333,0.8633333333333333
G2-small15,0.1,8,G2-small15_e10_r008,0.8933823529411765,0.8933823529411765,0.8933823529411765,0.8933823529411765,0.8933823529411765,0.8933823529411764,0.8933823529411765,0.8933823529411765,0.8933823529411765
G2-small15,0.2,8,G2-small15_e20_r008,0.9159663865546218,0.9159663865546218,0.9159663865546218,0.9159663865546218,0.9159663865546218,0.9159663865546218,0.9159663865546218,0.9159663865546218,0.9159663865546218
G2-small15,0.3,8,G2-small15_e30_r008,0.8291457286432161,0.8291457286432161,0.8291457286432161,0.8291457286432161,0.8291457286432161,0.8291457286432161,0.8291457286432161,0.8291457286432161,0.8291457286432161
G3-cluster,0.0,8,G3-cluster_e00_r008,0.91,0.91,0.91,0.91,0.91,0.9099999999999999,0.91,0.91,0.91
G3-cluster,0.1,8,G3-cluster_e10_r008,0.9219330855018587,0.9219330855018587,0.9219330855018587,0.9219330855018587,0.9219330855018587,0.9219330855018587,0.9219330855018587,0.9219330855018587,0.9219330855018587
G3-cluster,0.2,8,G3-cluster_e20_r008,0.540084388185654,0.9113924050632911,0.540084388185654,0.9113924050632911,0.9113924050632911,0.7628691983122363,0.9113924050632911,0.540084388185654,0.9113924050632911
G3-cluster,0.3,8,G3-cluster_e30_r008,0.5330188679245284,0.5330188679245284,0.5330188679245284,0.5330188679245284,0.5330188679245284,0.5330188679245284,0.5330188679245284,0.5330188679245284,0.5330188679245284
G1-small20,0.0,9,G1-small20_e00_r009,0.9033333333333333,0.9033333333333333,0.9033333333333333,0.9033333333333333,0.5033333333333333,0.8233333333333333,0.9033333333333333,0.5033333333333333,0.9033333333333333
G1-small20,0.1,9,G1-small20_e10_r009,0.9114391143911439,0.915129151291513,0.915129151291513,0.915129151291513,0.915129151291513,0.914391143911439,0.915129151291513,0.9114391143911439,0.915129151291513
G1-small20,0.2,9,G1-small20_e20_r009,0.9310344827586207,0.9267241379310345,0.9310344827586207,0.9267241379310345,0.9267241379310345,0.928448275862069,0.9267241379310345,0.9267241379310345,0.9310344827586207
G1-small20,0.3,9,G1-small20_e30_r009,0.8385416666666666,0.8385416666666666,0.8385416666666666,0.8385416666666666,0.8385416666666666,0.8385416666666666,0.8385416666666666,0.8385416666666666,0.8385416666666666
G2-small15,0.0,9,G2-small15_e00_r009,0.9233333333333333,0.93,0.9233333333333333,0.9233333333333333,0.93,0.9259999999999999,0.93,0.9233333333333333,0.93
G2-small15,0.1,9,G2-small15_e10_r009,0.9045801526717557,0.9045801526717557,0.9045801526717557,0.9045801526717557,0.9045801526717557,0.9045801526717557,0.9045801526717557,0.9045801526717557,0.9045801526717557
G2-small15,0.2,9,G2-small15_e20_r009,0.9117647058823529,0.9117647058823529,0.9117647058823529,0.9117647058823529,0.9117647058823529,0.9117647058823529,0.9117647058823529,0.9117647058823529,0.9117647058823529
G2-small15,0.3,9,G2-small15_e30_r009,0.7635467980295566,0.896551724137931,0.7635467980295566,0.7635467980295566,0.7635467980295566,0.7901477832512314,0.896551724137931,0.7635467980295566,0.896551724137931
G3-cluster,0.0,9,G3-cluster_e00_r009,0.8766666666666667,0.88,0.88,0.8766666666666667,0.88,0.8786666666666667,0.8766666666666667,0.8766666666666667,0.88
G3-cluster,0.1,9,G3-cluster_e10_r009,0.9074074074074074,0.9148148148148149,0.9111111111111111,0.9111111111111111,0.9111111111111111,0.9111111111111111,0.9148148148148149,0.9074074074074074,0.9148148148148149
G3-cluster,0.2,9,G3-cluster_e20_r009,0.8516949152542372,0.8559322033898306,0.8516949152542372,0.8516949152542372,0.8516949152542372,0.8525423728813559,0.8559322033898306,0.8516949152542372,0.8559322033898306
G3-cluster,0.3,9,G3-cluster_e30_r009,0.5070422535211268,0.5070422535211268,0.5070422535211268,0.5070422535211268,0.5070422535211268,0.5070422535211268,0.5070422535211268,0.5070422535211268,0.5070422535211268
G1-small20,0.0,10,G1-small20_e00_r010,0.89,0.8833333333333333,0.8933333333333333,0.8866666666666667,0.8933333333333333,0.8893333333333334,0.89,0.8833333333333333,0.8933333333333333
G1-small20,0.1,10,G1-small20_e10_r010,0.9420849420849421,0.9420849420849421,0.9420849420849421,0.9420849420849421,0.9420849420849421,0.9420849420849422,0.9420849420849421,0.9420849420849421,0.9420849420849421
G1-small20,0.2,10,G1-small20_e20_r010,0.9036144578313253,0.8955823293172691,0.8955823293172691,0.8955823293172691,0.8955823293172691,0.8971887550200804,0.8955823293172691,0.8955823293172691,0.9036144578313253
G1-small20,0.3,10,G1-small20_e30_r010,0.7877358490566038,0.9150943396226415,0.7877358490566038,0.6037735849056604,0.6698113207547169,0.7528301886792452,0.9150943396226415,0.6037735849056604,0.9150943396226415
G2-small15,0.0,10,G2-small15_e00_r010,0.9033333333333333,0.9033333333333333,0.8966666666666666,0.9033333333333333,0.9033333333333333,0.9019999999999999,0.9033333333333333,0.8966666666666666,0.9033333333333333
G2-small15,0.1,10,G2-small15_e10_r010,0.8768656716417911,0.8917910447761194,0.8917910447761194,0.8880597014925373,0.8805970149253731,0.885820895522388,0.8805970149253731,0.8768656716417911,0.8917910447761194
G2-small15,0.2,10,G2-small15_e20_r010,0.9221311475409836,0.9221311475409836,0.9221311475409836,0.9221311475409836,0.9221311475409836,0.9221311475409836,0.9221311475409836,0.9221311475409836,0.9221311475409836
G2-small15,0.3,10,G2-small15_e30_r010,0.8715596330275229,0.9174311926605505,0.8715596330275229,0.6100917431192661,0.8715596330275229,0.8284403669724771,0.9174311926605505,0.6100917431192661,0.9174311926605505
G3-cluster,0.0,10,G3-cluster_e00_r010,0.8766666666666667,0.8766666666666667,0.8833333333333333,0.8766666666666667,0.8833333333333333,0.8793333333333333,0.8833333333333333,0.8766666666666667,0.8833333333333333
G3-cluster,0.1,10,G3-cluster_e10_r010,0.9097472924187726,0.9097472924187726,0.9097472924187726,0.9097472924187726,0.9097472924187726,0.9097472924187727,0.9097472924187726,0.9097472924187726,0.9097472924187726
G3-cluster,0.2,10,G3-cluster_e20_r010,0.540084388185654,0.540084388185654,0.8945147679324894,0.540084388185654,0.8987341772151899,0.6827004219409283,0.8987341772151899,0.540084388185654,0.8987341772151899
G3-cluster,0.3,10,G3-cluster_e30_r010,0.5142857142857142,0.5142857142857142,0.5142857142857142,0.5142857142857142,0.5142857142857142,0.5142857142857142,0.5142857142857142,0.5142857142857142,0.5142857142857142
G1-small20,0.0,11,G1-small20_e00_r011,0.93,0.93,0.93,0.93,0.93,0.93,0.93,0.93,0.93
G1-small20,0.1,11,G1-small20_e10_r011,0.9021739130434783,0.9057971014492754,0.9021739130434783,0.9021739130434783,0.9021739130434783,0.9028985507246376,0.9057971014492754,0.9021739130434783,0.9057971014492754
G1-small20,0.2,11,G1-small20_e20_r011,0.875,0.625,0.9314516129032258,0.9314516129032258,0.9314516129032258,0.8588709677419356,0.9314516129032258,0.625,0.9314516129032258
G1-small20,0.3,11,G1-small20_e30_r011,0.5207373271889401,0.5207373271889401,0.5207373271889401,0.5391705069124424,0.880184331797235,0.5963133640552994,0.880184331797235,0.5207373271889401,0.880184331797235
G2-small15,0.0,11,G2-small15_e00_r011,0.92,0.92,0.92,0.92,0.92,0.9200000000000002,0.92,0.92,0.92
G2-small15,0.1,11,G2-small15_e10_r011,0.9298892988929889,0.9298892988929889,0.9298892988929889,0.9298892988929889,0.9298892988929889,0.929889298892989,0.9298892988929889,0.9298892988929889,0.9298892988929889
G2-small15,0.2,11,G2-small15_e20_r011,0.9190283400809717,0.9190283400809717,0.9190283400809717,0.9190283400809717,0.9190283400809717,0.9190283400809717,0.9190283400809717,0.9190283400809717,0.9190283400809717
G2-small15,0.3,11,G2-small15_e30_r011,0.5528846153846154,0.8701923076923077,0.8701923076923077,0.8701923076923077,0.8701923076923077,0.8067307692307691,0.8701923076923077,0.5528846153846154,0.8701923076923077
G3-cluster,0.0,11,G3-cluster_e00_r011,0.9,0.9,0.9,0.9,0.9,0.9,0.9,0.9,0.9
G3-cluster,0.1,11,G3-cluster_e10_r011,0.8810408921933085,0.8810408921933085,0.8810408921933085,0.8810408921933085,0.8810408921933085,0.8810408921933085,0.8810408921933085,0.8810408921933085,0.8810408921933085
G3-cluster,0.2,11,G3-cluster_e20_r011,0.889763779527559,0.889763779527559,0.889763779527559,0.889763779527559,0.889763779527559,0.889763779527559,0.889763779527559,0.889763779527559,0.889763779527559
G3-cluster,0.3,11,G3-cluster_e30_r011,0.5207373271889401,0.5207373271889401,0.5207373271889401,0.5207373271889401,0.5207373271889401,0.5207373271889401,0.5207373271889401,0.5207373271889401,0.5207373271889401
G1-small20,0.0,12,G1-small20_e00_r012,0.9233333333333333,0.9233333333333333,0.9233333333333333,0.9233333333333333,0.9233333333333333,0.9233333333333335,0.9233333333333333,0.9233333333333333,0.9233333333333333
G1-small20,0.1,12,G1-small20_e10_r012,0.8901515151515151,0.8901515151515151,0.8901515151515151,0.8939393939393939,0.8825757575757576,0.8893939393939394,0.8901515151515151,0.8825757575757576,0.8939393939393939
G1-small20,0.2,12,G1-small20_e20_r012,0.8813559322033898,0.8813559322033898,0.885593220338983,0.885593220338983,0.885593220338983,0.8838983050847457,0.8813559322033898,0.8813559322033898,0.885593220338983
G1-small20,0.3,12,G1-small20_e30_r012,0.5198019801980198,0.8267326732673267,0.5198019801980198,0.8267326732673267,0.5198019801980198,0.6425742574257425,0.5198019801980198,0.5198019801980198,0.8267326732673267
G2-small15,0.0,12,G2-small15_e00_r012,0.91,0.89,0.91,0.91,0.9166666666666666,0.9073333333333334,0.91,0.89,0.9166666666666666
G2-small15,0.1,12,G2-small15_e10_r012,0.8666666666666667,0.8629629629629629,0.8629629629629629,0.8629629629629629,0.8629629629629629,0.8637037037037038,0.8629629629629629,0.8629629629629629,0.8666666666666667
G2-small15,0.2,12,G2-small15_e20_r012,0.8936170212765957,0.8936170212765957,0.8936170212765957,0.8936170212765957,0.8936170212765957,0.8936170212765957,0.8936170212765957,0.8936170212765957,0.8936170212765957
G2-small15,0.3,12,G2-small15_e30_r012,0.8341968911917098,0.8341968911917098,0.5284974093264249,0.8341968911917098,0.8341968911917098,0.7730569948186528,0.8341968911917098,0.5284974093264249,0.8341968911917098
G3-cluster,0.0,12,G3-cluster_e00_r012,0.9266666666666666,0.9266666666666666,0.9266666666666666,0.9266666666666666,0.9266666666666666,0.9266666666666665,0.9266666666666666,0.9266666666666666,0.9266666666666666
G3-cluster,0.1,12,G3-cluster_e10_r012,0.9166666666666666,0.9166666666666666,0.9166666666666666,0.9166666666666666,0.9166666666666666,0.9166666666666666,0.9166666666666666,0.9166666666666666,0.9166666666666666
G3-cluster,0.2,12,G3-cluster_e20_r012,0.5,0.5,0.5,0.5,0.5,0.5,0.5,0.5,0.5
G3-cluster,0.3,12,G3-cluster_e30_r012,0.5467980295566502,0.5467980295566502,0.5467980295566502,0.5467980295566502,0.5467980295566502,0.5467980295566502,0.5467980295566502,0.5467980295566502,0.5467980295566502
G1-small20,0.0,13,G1-small20_e00_r013,0.9166666666666666,0.92,0.9133333333333333,0.92,0.92,0.9179999999999999,0.9166666666666666,0.9133333333333333,0.92
G1-small20,0.1,13,G1-small20_e10_r013,0.8929889298892989,0.9040590405904059,0.8929889298892989,0.9040590405904059,0.9040590405904059,0.899630996309963,0.9040590405904059,0.8929889298892989,0.9040590405904059
G1-small20,0.2,13,G1-small20_e20_r013,0.9125,0.9125,0.9125,0.9125,0.9125,0.9125,0.9125,0.9125,0.9125
G1-small20,0.3,13,G1-small20_e30_r013,0.8019323671497585,0.8019323671497585,0.5024154589371981,0.8019323671497585,0.9227053140096618,0.7661835748792271,0.9227053140096618,0.5024154589371981,0.9227053140096618
G2-small15,0.0,13,G2-small15_e00_r013,0.8933333333333333,0.8933333333333333,0.8933333333333333,0.8933333333333333,0.8933333333333333,0.8933333333333333,0.8933333333333333,0.8933333333333333,0.8933333333333333
G2-small15,0.1,13,G2-small15_e10_r013,0.9070631970260223,0.9070631970260223,0.9070631970260223,0.9070631970260223,0.9070631970260223,0.9070631970260223,0.9070631970260223,0.9070631970260223,0.9070631970260223
G2-small15,0.2,13,G2-small15_e20_r013,0.9098360655737705,0.9098360655737705,0.9098360655737705,0.9098360655737705,0.9098360655737705,0.9098360655737705,0.9098360655737705,0.9098360655737705,0.9098360655737705
G2-small15,0.3,13,G2-small15_e30_r013,0.5151515151515151,0.5411255411255411,0.5627705627705628,0.5411255411255411,0.5281385281385281,0.5376623376623377,0.5627705627705628,0.5151515151515151,0.5627705627705628
G3-cluster,0.0,13,G3-cluster_e00_r013,0.9066666666666666,0.9066666666666666,0.9133333333333333,0.9133333333333333,0.91,0.9099999999999999,0.91,0.9066666666666666,0.9133333333333333
G3-cluster,0.1,13,G3-cluster_e10_r013,0.9188191881918819,0.9188191881918819,0.9188191881918819,0.9188191881918819,0.9188191881918819,0.9188191881918819,0.9188191881918819,0.9188191881918819,0.9188191881918819
G3-cluster,0.2,13,G3-cluster_e20_r013,0.5021459227467812,0.5021459227467812,0.5021459227467812,0.8884120171673819,0.5021459227467812,0.5793991416309013,0.8884120171673819,0.5021459227467812,0.8884120171673819
G3-cluster,0.3,13,G3-cluster_e30_r013,0.5144230769230769,0.5144230769230769,0.5144230769230769,0.5144230769230769,0.5144230769230769,0.5144230769230769,0.5144230769230769,0.5144230769230769,0.5144230769230769
G1-small20,0.0,14,G1-small20_e00_r014,0.9166666666666666,0.9166666666666666,0.9166666666666666,0.9166666666666666,0.9166666666666666,0.9166666666666666,0.9166666666666666,0.9166666666666666,0.9166666666666666
G1-small20,0.1,14,G1-small20_e10_r014,0.8860294117647058,0.8823529411764706,0.8823529411764706,0.8860294117647058,0.8860294117647058,0.8845588235294116,0.8860294117647058,0.8823529411764706,0.8860294117647058
G1-small20,0.2,14,G1-small20_e20_r014,0.9274193548387096,0.9274193548387096,0.9274193548387096,0.9274193548387096,0.9274193548387096,0.9274193548387096,0.9274193548387096,0.9274193548387096,0.9274193548387096
G1-small20,0.3,14,G1-small20_e30_r014,0.7320574162679426,0.7320574162679426,0.8947368421052632,0.7320574162679426,0.5263157894736842,0.723444976076555,0.8947368421052632,0.5263157894736842,0.8947368421052632
G2-small15,0.0,14,G2-small15_e00_r014,0.88,0.8766666666666667,0.88,0.88,0.88,0.8793333333333333,0.88,0.8766666666666667,0.88
G2-small15,0.1,14,G2-small15_e10_r014,0.8703703703703703,0.8740740740740741,0.8703703703703703,0.8703703703703703,0.8740740740740741,0.8718518518518519,0.8740740740740741,0.8703703703703703,0.8740740740740741
G2-small15,0.2,14,G2-small15_e20_r014,0.9294605809128631,0.9294605809128631,0.9294605809128631,0.9294605809128631,0.9294605809128631,0.9294605809128631,0.9294605809128631,0.9294605809128631,0.9294605809128631
G2-small15,0.3,14,G2-small15_e30_r014,0.910377358490566,0.8301886792452831,0.8301886792452831,0.6132075471698113,0.8301886792452831,0.8028301886792454,0.910377358490566,0.6132075471698113,0.910377358490566
G3-cluster,0.0,14,G3-cluster_e00_r014,0.9466666666666667,0.9466666666666667,0.9433333333333334,0.9433333333333334,0.9433333333333334,0.9446666666666668,0.9433333333333334,0.9433333333333334,0.9466666666666667
G3-cluster,0.1,14,G3-cluster_e10_r014,0.9365671641791045,0.9365671641791045,0.9328358208955224,0.9365671641791045,0.9365671641791045,0.935820895522388,0.9365671641791045,0.9328358208955224,0.9365671641791045
G3-cluster,0.2,14,G3-cluster_e20_r014,0.9344262295081968,0.9344262295081968,0.9344262295081968,0.9344262295081968,0.9344262295081968,0.9344262295081969,0.9344262295081968,0.9344262295081968,0.9344262295081968
G3-cluster,0.3,14,G3-cluster_e30_r014,0.8823529411764706,0.5245098039215687,0.5245098039215687,0.5245098039215687,0.8823529411764706,0.6676470588235294,0.8823529411764706,0.5245098039215687,0.8823529411764706
G1-small20,0.0,15,G1-small20_e00_r015,0.9,0.9,0.9,0.9,0.9,0.9,0.9,0.9,0.9
G1-small20,0.1,15,G1-small20_e10_r015,0.9227941176470589,0.9264705882352942,0.9264705882352942,0.9227941176470589,0.9264705882352942,0.925,0.9264705882352942,0.9227941176470589,0.9264705882352942
G1-small20,0.2,15,G1-small20_e20_r015,0.8874458874458875,0.8874458874458875,0.8874458874458875,0.8874458874458875,0.8874458874458875,0.8874458874458874,0.8874458874458875,0.8874458874458875,0.8874458874458875
G1-small20,0.3,15,G1-small20_e30_r015,0.8260869565217391,0.7053140096618358,0.7874396135265701,0.8260869565217391,0.8260869565217391,0.7942028985507247,0.8260869565217391,0.7053140096618358,0.8260869565217391
G2-small15,0.0,15,G2-small15_e00_r015,0.9266666666666666,0.9266666666666666,0.9266666666666666,0.9266666666666666,0.9266666666666666,0.9266666666666665,0.9266666666666666,0.9266666666666666,0.9266666666666666
G2-small15,0.1,15,G2-small15_e10_r015,0.928030303030303,0.9204545454545454,0.9166666666666666,0.9166666666666666,0.9204545454545454,0.9204545454545453,0.928030303030303,0.9166666666666666,0.928030303030303
G2-small15,0.2,15,G2-small15_e20_r015,0.9063829787234042,0.9063829787234042,0.9063829787234042,0.9063829787234042,0.9063829787234042,0.9063829787234041,0.9063829787234042,0.9063829787234042,0.9063829787234042
G2-small15,0.3,15,G2-small15_e30_r015,0.5142857142857142,0.5095238095238095,0.5142857142857142,0.8476190476190476,0.5142857142857142,0.58,0.8476190476190476,0.5095238095238095,0.8476190476190476
G3-cluster,0.0,15,G3-cluster_e00_r015,0.9333333333333333,0.9333333333333333,0.9333333333333333,0.93,0.93,0.932,0.93,0.93,0.9333333333333333
G3-cluster,0.1,15,G3-cluster_e10_r015,0.9213483146067416,0.9176029962546817,0.9176029962546817,0.9213483146067416,0.9176029962546817,0.9191011235955056,0.9213483146067416,0.9176029962546817,0.9213483146067416
G3-cluster,0.2,15,G3-cluster_e20_r015,0.8913043478260869,0.8869565217391304,0.8869565217391304,0.8913043478260869,0.8869565217391304,0.888695652173913,0.8869565217391304,0.8869565217391304,0.8913043478260869
G3-cluster,0.3,15,G3-cluster_e30_r015,0.5025125628140703,0.5025125628140703,0.5025125628140703,0.5025125628140703,0.5025125628140703,0.5025125628140703,0.5025125628140703,0.5025125628140703,0.5025125628140703
G1-small20,0.0,16,G1-small20_e00_r016,0.9333333333333333,0.9333333333333333,0.9333333333333333,0.9333333333333333,0.9333333333333333,0.9333333333333333,0.9333333333333333,0.9333333333333333,0.9333333333333333
G1-small20,0.1,16,G1-small20_e10_r016,0.9188191881918819,0.9188191881918819,0.9188191881918819,0.9188191881918819,0.9188191881918819,0.9188191881918819,0.9188191881918819,0.9188191881918819,0.9188191881918819
G1-small20,0.2,16,G1-small20_e20_r016,0.8921161825726142,0.8921161825726142,0.8921161825726142,0.8921161825726142,0.8921161825726142,0.8921161825726142,0.8921161825726142,0.8921161825726142,0.8921161825726142
G1-small20,0.3,16,G1-small20_e30_r016,0.8380952380952381,0.5476190476190477,0.5285714285714286,0.5285714285714286,0.8380952380952381,0.6561904761904762,0.8380952380952381,0.5285714285714286,0.8380952380952381
G2-small15,0.0,16,G2-small15_e00_r016,0.93,0.93,0.9266666666666666,0.93,0.93,0.9293333333333333,0.93,0.9266666666666666,0.93
G2-small15,0.1,16,G2-small15_e10_r016,0.9257950530035336,0.9257950530035336,0.9257950530035336,0.9257950530035336,0.9222614840989399,0.9250883392226148,0.9257950530035336,0.9222614840989399,0.9257950530035336
G2-small15,0.2,16,G2-small15_e20_r016,0.9146341463414634,0.9186991869918699,0.9146341463414634,0.9186991869918699,0.9186991869918699,0.9170731707317075,0.9186991869918699,0.9146341463414634,0.9186991869918699
G2-small15,0.3,16,G2-small15_e30_r016,0.875,0.875,0.875,0.875,0.715,0.843,0.875,0.715,0.875
G3-cluster,0.0,16,G3-cluster_e00_r016,0.8966666666666666,0.8966666666666666,0.8966666666666666,0.8966666666666666,0.8933333333333333,0.8959999999999999,0.8933333333333333,0.8933333333333333,0.8966666666666666
G3-cluster,0.1,16,G3-cluster_e10_r016,0.9194139194139194,0.9194139194139194,0.9194139194139194,0.9194139194139194,0.9194139194139194,0.9194139194139194,0.9194139194139194,0.9194139194139194,0.9194139194139194
G3-cluster,0.2,16,G3-cluster_e20_r016,0.8916666666666667,0.8916666666666667,0.8916666666666667,0.8916666666666667,0.8916666666666667,0.8916666666666668,0.8916666666666667,0.8916666666666667,0.8916666666666667
G3-cluster,0.3,16,G3-cluster_e30_r016,0.5280373831775701,0.5280373831775701,0.5280373831775701,0.5280373831775701,0.5280373831775701,0.5280373831775701,0.5280373831775701,0.5280373831775701,0.5280373831775701
G1-small20,0.0,17,G1-small20_e00_r017,0.95,0.95,0.95,0.95,0.95,0.95,0.95,0.95,0.95
G1-small20,0.1,17,G1-small20_e10_r017,0.9107806691449815,0.9107806691449815,0.9107806691449815,0.9107806691449815,0.9107806691449815,0.9107806691449815,0.9107806691449815,0.9107806691449815,0.9107806691449815
G1-small20,0.2,17,G1-small20_e20_r017,0.921161825726141,0.921161825726141,0.921161825726141,0.921161825726141,0.921161825726141,0.921161825726141,0.921161825726141,0.921161825726141,0.921161825726141
G1-small20,0.3,17,G1-small20_e30_r017,0.8282828282828283,0.8282828282828283,0.8282828282828283,0.898989898989899,0.8282828282828283,0.8424242424242425,0.898989898989899,0.8282828282828283,0.898989898989899
G2-small15,0.0,17,G2-small15_e00_r017,0.9266666666666666,0.93,0.93,0.9266666666666666,0.9233333333333333,0.9273333333333333,0.93,0.9233333333333333,0.93
G2-small15,0.1,17,G2-small15_e10_r017,0.9351145038167938,0.9351145038167938,0.9351145038167938,0.9351145038167938,0.9351145038167938,0.9351145038167938,0.9351145038167938,0.9351145038167938,0.9351145038167938
G2-small15,0.2,17,G2-small15_e20_r017,0.5932203389830508,0.5932203389830508,0.9067796610169492,0.5720338983050848,0.6016949152542372,0.6533898305084745,0.9067796610169492,0.5720338983050848,0.9067796610169492
G2-small15,0.3,17,G2-small15_e30_r017,0.5545023696682464,0.5308056872037915,0.8815165876777251,0.8815165876777251,0.8815165876777251,0.7459715639810427,0.5308056872037915,0.5308056872037915,0.8815165876777251
G3-cluster,0.0,17,G3-cluster_e00_r017,0.93,0.93,0.93,0.93,0.93,0.93,0.93,0.93,0.93
G3-cluster,0.1,17,G3-cluster_e10_r017,0.8805970149253731,0.8731343283582089,0.8731343283582089,0.8731343283582089,0.8731343283582089,0.8746268656716417,0.8805970149253731,0.8731343283582089,0.8805970149253731
G3-cluster,0.2,17,G3-cluster_e20_r017,0.5491803278688525,0.9385245901639344,0.9385245901639344,0.9385245901639344,0.9385245901639344,0.860655737704918,0.9385245901639344,0.5491803278688525,0.9385245901639344
G3-cluster,0.3,17,G3-cluster_e30_r017,0.5048076923076923,0.5048076923076923,0.5048076923076923,0.5048076923076923,0.5048076923076923,0.5048076923076923,0.5048076923076923,0.5048076923076923,0.5048076923076923
G1-small20,0.0,18,G1-small20_e00_r018,0.9133333333333333,0.9033333333333333,0.9133333333333333,0.9033333333333333,0.9133333333333333,0.9093333333333333,0.9133333333333333,0.9033333333333333,0.9133333333333333
G1-small20,0.1,18,G1-small20_e10_r018,0.8985507246376812,0.9094202898550725,0.9094202898550725,0.9094202898550725,0.9094202898550725,0.9072463768115941,0.8985507246376812,0.8985507246376812,0.9094202898550725
G1-small20,0.2,18,G1-small20_e20_r018,0.9055793991416309,0.9055793991416309,0.9055793991416309,0.9055793991416309,0.9012875536480687,0.9047210300429185,0.9055793991416309,0.9012875536480687,0.9055793991416309
G1-small20,0.3,18,G1-small20_e30_r018,0.8349056603773585,0.8773584905660378,0.6273584905660378,0.8349056603773585,0.8726415094339622,0.809433962264151,0.8773584905660378,0.6273584905660378,0.8773584905660378
G2-small15,0.0,18,G2-small15_e00_r018,0.8966666666666666,0.8966666666666666,0.8966666666666666,0.8966666666666666,0.8966666666666666,0.8966666666666667,0.8966666666666666,0.8966666666666666,0.8966666666666666
G2-small15,0.1,18,G2-small15_e10_r018,0.9194139194139194,0.9157509157509157,0.9157509157509157,0.9157509157509157,0.9157509157509157,0.9164835164835164,0.9157509157509157,0.9157509157509157,0.9194139194139194
G2-small15,0.2,18,G2-small15_e20_r018,0.9434782608695652,0.9434782608695652,0.9434782608695652,0.9434782608695652,0.9434782608695652,0.9434782608695652,0.9434782608695652,0.9434782608695652,0.9434782608695652
G2-small15,0.3,18,G2-small15_e30_r018,0.8461538461538461,0.8461538461538461,0.8461538461538461,0.5817307692307693,0.5048076923076923,0.725,0.8461538461538461,0.5048076923076923,0.8461538461538461
G3-cluster,0.0,18,G3-cluster_e00_r018,0.9166666666666666,0.9133333333333333,0.9166666666666666,0.9166666666666666,0.92,0.9166666666666666,0.9166666666666666,0.9133333333333333,0.92
G3-cluster,0.1,18,G3-cluster_e10_r018,0.9182156133828996,0.9182156133828996,0.9182156133828996,0.9182156133828996,0.9182156133828996,0.9182156133828997,0.9182156133828996,0.9182156133828996,0.9182156133828996
G3-cluster,0.2,18,G3-cluster_e20_r018,0.502127659574468,0.8851063829787233,0.8893617021276595,0.8893617021276595,0.8893617021276595,0.811063829787234,0.8893617021276595,0.502127659574468,0.8893617021276595
G3-cluster,0.3,18,G3-cluster_e30_r018,0.9142857142857143,0.5142857142857142,0.5142857142857142,0.9142857142857143,0.9142857142857143,0.7542857142857142,0.5142857142857142,0.5142857142857142,0.9142857142857143
G1-small20,0.0,19,G1-small20_e00_r019,0.8866666666666667,0.8866666666666667,0.7366666666666667,0.8866666666666667,0.8866666666666667,0.8566666666666667,0.8866666666666667,0.7366666666666667,0.8866666666666667
G1-small20,0.1,19,G1-small20_e10_r019,0.8992537313432836,0.8992537313432836,0.8992537313432836,0.8992537313432836,0.8992537313432836,0.8992537313432836,0.8992537313432836,0.8992537313432836,0.8992537313432836
G1-small20,0.2,19,G1-small20_e20_r019,0.91701244813278,0.91701244813278,0.91701244813278,0.91701244813278,0.91701244813278,0.91701244813278,0.91701244813278,0.91701244813278,0.91701244813278
G1-small20,0.3,19,G1-small20_e30_r019,0.815,0.82,0.815,0.87,0.82,0.828,0.82,0.815,0.87
G2-small15,0.0,19,G2-small15_e00_r019,0.93,0.93,0.93,0.93,0.93,0.93,0.93,0.93,0.93
G2-small15,0.1,19,G2-small15_e10_r019,0.9104477611940298,0.9104477611940298,0.9104477611940298,0.9104477611940298,0.9029850746268657,0.908955223880597,0.9104477611940298,0.9029850746268657,0.9104477611940298
G2-small15,0.2,19,G2-small15_e20_r019,0.9106382978723404,0.9106382978723404,0.9106382978723404,0.9106382978723404,0.9106382978723404,0.9106382978723404,0.9106382978723404,0.9106382978723404,0.9106382978723404
G2-small15,0.3,19,G2-small15_e30_r019,0.5488372093023256,0.5720930232558139,0.5720930232558139,0.5209302325581395,0.5069767441860465,0.5441860465116279,0.5069767441860465,0.5069767441860465,0.5720930232558139
G3-cluster,0.0,19,G3-cluster_e00_r019,0.8966666666666666,0.8966666666666666,0.89,0.89,0.8966666666666666,0.8939999999999999,0.8966666666666666,0.89,0.8966666666666666
G3-cluster,0.1,19,G3-cluster_e10_r019,0.8925925925925926,0.8925925925925926,0.8925925925925926,0.8925925925925926,0.8925925925925926,0.8925925925925926,0.8925925925925926,0.8925925925925926,0.8925925925925926
G3-cluster,0.2,19,G3-cluster_e20_r019,0.8925619834710744,0.8925619834710744,0.8925619834710744,0.8925619834710744,0.5206611570247934,0.8181818181818181,0.8925619834710744,0.5206611570247934,0.8925619834710744
G3-cluster,0.3,19,G3-cluster_e30_r019,0.5048543689320388,0.5048543689320388,0.5048543689320388,0.5048543689320388,0.5048543689320388,0.5048543689320388,0.5048543689320388,0.5048543689320388,0.5048543689320388
G1-small20,0.0,20,G1-small20_e00_r020,0.9166666666666666,0.9166666666666666,0.9166666666666666,0.9166666666666666,0.9166666666666666,0.9166666666666666,0.9166666666666666,0.9166666666666666,0.9166666666666666
G1-small20,0.1,20,G1-small20_e10_r020,0.8925925925925926,0.8962962962962963,0.8962962962962963,0.8962962962962963,0.8962962962962963,0.8955555555555555,0.8962962962962963,0.8925925925925926,0.8962962962962963
G1-small20,0.2,20,G1-small20_e20_r020,0.8940677966101694,0.8940677966101694,0.8940677966101694,0.8940677966101694,0.8940677966101694,0.8940677966101693,0.8940677966101694,0.8940677966101694,0.8940677966101694
G1-small20,0.3,20,G1-small20_e30_r020,0.5534883720930233,0.8883720930232558,0.8883720930232558,0.8883720930232558,0.8883720930232558,0.8213953488372093,0.8883720930232558,0.5534883720930233,0.8883720930232558
G2-small15,0.0,20,G2-small15_e00_r020,0.89,0.8833333333333333,0.8833333333333333,0.8833333333333333,0.89,0.8859999999999999,0.8833333333333333,0.8833333333333333,0.89
G2-small15,0.1,20,G2-small15_e10_r020,0.9090909090909091,0.9090909090909091,0.9090909090909091,0.9090909090909091,0.9090909090909091,0.909090909090909,0.9090909090909091,0.9090909090909091,0.9090909090909091
G2-small15,0.2,20,G2-small15_e20_r020,0.8305084745762712,0.8728813559322034,0.8728813559322034,0.8728813559322034,0.8728813559322034,0.864406779661017,0.8728813559322034,0.8305084745762712,0.8728813559322034
G2-small15,0.3,20,G2-small15_e30_r020,0.8772727272727273,0.5818181818181818,0.8772727272727273,0.9,0.9,0.8272727272727274,0.9,0.5818181818181818,0.9
G3-cluster,0.0,20,G3-cluster_e00_r020,0.9066666666666666,0.9066666666666666,0.9066666666666666,0.9066666666666666,0.9066666666666666,0.9066666666666666,0.9066666666666666,0.9066666666666666,0.9066666666666666
G3-cluster,0.1,20,G3-cluster_e10_r020,0.8970588235294118,0.8970588235294118,0.8970588235294118,0.8970588235294118,0.8970588235294118,0.8970588235294118,0.8970588235294118,0.8970588235294118,0.8970588235294118
G3-cluster,0.2,20,G3-cluster_e20_r020,0.5643153526970954,0.5643153526970954,0.8796680497925311,0.8838174273858921,0.5643153526970954,0.6912863070539419,0.8796680497925311,0.5643153526970954,0.8838174273858921
G3-cluster,0.3,20,G3-cluster_e30_r020,0.5123152709359606,0.5123152709359606,0.5123152709359606,0.5123152709359606,0.5123152709359606,0.5123152709359606,0.5123152709359606,0.5123152709359606,0.5123152709359606
G1-small20,0.0,21,G1-small20_e00_r021,0.9066666666666666,0.8966666666666666,0.8966666666666666,0.9133333333333333,0.9066666666666666,0.9039999999999999,0.9066666666666666,0.8966666666666666,0.9133333333333333
G1-small20,0.1,21,G1-small20_e10_r021,0.9060150375939849,0.9060150375939849,0.9060150375939849,0.9060150375939849,0.9060150375939849,0.906015037593985,0.9060150375939849,0.9060150375939849,0.9060150375939849
G1-small20,0.2,21,G1-small20_e20_r021,0.9295154185022027,0.933920704845815,0.9251101321585903,0.933920704845815,0.5770925110132159,0.8599118942731279,0.933920704845815,0.5770925110132159,0.933920704845815
G1-small20,0.3,21,G1-small20_e30_r021,0.589041095890411,0.6027397260273972,0.5799086757990868,0.8812785388127854,0.5707762557077626,0.6447488584474885,0.8812785388127854,0.5707762557077626,0.8812785388127854
G2-small15,0.0,21,G2-small15_e00_r021,0.93,0.93,0.93,0.93,0.93,0.93,0.93,0.93,0.93
G2-small15,0.1,21,G2-small15_e10_r021,0.8951310861423221,0.898876404494382,0.8951310861423221,0.8951310861423221,0.8951310861423221,0.895880149812734,0.8951310861423221,0.8951310861423221,0.898876404494382
G2-small15,0.2,21,G2-small15_e20_r021,0.8979591836734694,0.8979591836734694,0.8979591836734694,0.8979591836734694,0.8979591836734694,0.8979591836734693,0.8979591836734694,0.8979591836734694,0.8979591836734694
G2-small15,0.3,21,G2-small15_e30_r021,0.6904761904761905,0.6904761904761905,0.7095238095238096,0.9,0.680952380952381,0.7342857142857143,0.9,0.680952380952381,0.9
G3-cluster,0.0,21,G3-cluster_e00_r021,0.9233333333333333,0.9233333333333333,0.9233333333333333,0.9233333333333333,0.9233333333333333,0.9233333333333335,0.9233333333333333,0.9233333333333333,0.9233333333333333
G3-cluster,0.1,21,G3-cluster_e10_r021,0.916058394160584,0.916058394160584,0.916058394160584,0.916058394160584,0.916058394160584,0.916058394160584,0.916058394160584,0.916058394160584,0.916058394160584
G3-cluster,0.2,21,G3-cluster_e20_r021,0.5020576131687243,0.8930041152263375,0.8930041152263375,0.8930041152263375,0.8930041152263375,0.8148148148148147,0.8930041152263375,0.5020576131687243,0.8930041152263375
G3-cluster,0.3,21,G3-cluster_e30_r021,0.5233644859813084,0.5233644859813084,0.5233644859813084,0.897196261682243,0.5233644859813084,0.5981308411214953,0.897196261682243,0.5233644859813084,0.897196261682243
G1-small20,0.0,22,G1-small20_e00_r022,0.8966666666666666,0.8966666666666666,0.8966666666666666,0.8966666666666666,0.8966666666666666,0.8966666666666667,0.8966666666666666,0.8966666666666666,0.8966666666666666
G1-small20,0.1,22,G1-small20_e10_r022,0.9204545454545454,0.9204545454545454,0.9166666666666666,0.9166666666666666,0.9204545454545454,0.9189393939393937,0.9204545454545454,0.9166666666666666,0.9204545454545454
G1-small20,0.2,22,G1-small20_e20_r022,0.921161825726141,0.921161825726141,0.9128630705394191,0.921161825726141,0.921161825726141,0.9195020746887966,0.921161825726141,0.9128630705394191,0.921161825726141
G1-small20,0.3,22,G1-small20_e30_r022,0.5633802816901409,0.8309859154929577,0.539906103286385,0.5258215962441315,0.539906103286385,0.6,0.8309859154929577,0.5258215962441315,0.8309859154929577
G2-small15,0.0,22,G2-small15_e00_r022,0.8933333333333333,0.8933333333333333,0.89,0.89,0.8933333333333333,0.892,0.89,0.89,0.8933333333333333
G2-small15,0.1,22,G2-small15_e10_r022,0.920863309352518,0.920863309352518,0.920863309352518,0.920863309352518,0.920863309352518,0.9208633093525179,0.920863309352518,0.920863309352518,0.920863309352518
G2-small15,0.2,22,G2-small15_e20_r022,0.5844155844155844,0.5844155844155844,0.5844155844155844,0.8441558441558441,0.5844155844155844,0.6363636363636364,0.5844155844155844,0.5844155844155844,0.8441558441558441
G2-small15,0.3,22,G2-small15_e30_r022,0.541871921182266,0.5615763546798029,0.8817733990147784,0.8817733990147784,0.8817733990147784,0.7497536945812808,0.8817733990147784,0.541871921182266,0.8817733990147784
G3-cluster,0.0,22,G3-cluster_e00_r022,0.9166666666666666,0.9166666666666666,0.9166666666666666,0.9166666666666666,0.9166666666666666,0.9166666666666666,0.9166666666666666,0.9166666666666666,0.9166666666666666
G3-cluster,0.1,22,G3-cluster_e10_r022,0.92,0.92,0.92,0.92,0.92,0.9200000000000002,0.92,0.92,0.92
G3-cluster,0.2,22,G3-cluster_e20_r022,0.90625,0.91015625,0.90625,0.9140625,0.90625,0.90859375,0.90625,0.90625,0.9140625
G3-cluster,0.3,22,G3-cluster_e30_r022,0.9220183486238532,0.9128440366972477,0.9128440366972477,0.9128440366972477,0.9128440366972477,0.9146788990825687,0.9220183486238532,0.9128440366972477,0.9220183486238532
G1-small20,0.0,23,G1-small20_e00_r023,0.9333333333333333,0.9333333333333333,0.93,0.9333333333333333,0.9333333333333333,0.9326666666666668,0.9333333333333333,0.93,0.9333333333333333
G1-small20,0.1,23,G1-small20_e10_r023,0.9296296296296296,0.9296296296296296,0.9296296296296296,0.9296296296296296,0.9296296296296296,0.9296296296296296,0.9296296296296296,0.9296296296296296,0.9296296296296296
G1-small20,0.2,23,G1-small20_e20_r023,0.9262295081967213,0.9262295081967213,0.9262295081967213,0.930327868852459,0.9262295081967213,0.9270491803278688,0.9262295081967213,0.9262295081967213,0.930327868852459
G1-small20,0.3,23,G1-small20_e30_r023,0.5801886792452831,0.9245283018867925,0.9198113207547169,0.9198113207547169,0.7735849056603774,0.8235849056603775,0.9198113207547169,0.5801886792452831,0.9245283018867925
G2-small15,0.0,23,G2-small15_e00_r023,0.9233333333333333,0.93,0.9233333333333333,0.9266666666666666,0.9233333333333333,0.9253333333333333,0.93,0.9233333333333333,0.93
G2-small15,0.1,23,G2-small15_e10_r023,0.9047619047619048,0.9047619047619048,0.9047619047619048,0.9047619047619048,0.9047619047619048,0.9047619047619048,0.9047619047619048,0.9047619047619048,0.9047619047619048
G2-small15,0.2,23,G2-small15_e20_r023,0.918552036199095,0.918552036199095,0.8144796380090498,0.918552036199095,0.918552036199095,0.897737556561086,0.918552036199095,0.8144796380090498,0.918552036199095
G2-small15,0.3,23,G2-small15_e30_r023,0.5821596244131455,0.8779342723004695,0.5821596244131455,0.5868544600938967,0.5821596244131455,0.6422535211267605,0.8779342723004695,0.5821596244131455,0.8779342723004695
G3-cluster,0.0,23,G3-cluster_e00_r023,0.92,0.92,0.92,0.92,0.92,0.9200000000000002,0.92,0.92,0.92
G3-cluster,0.1,23,G3-cluster_e10_r023,0.9080882352941176,0.9080882352941176,0.9080882352941176,0.9117647058823529,0.9117647058823529,0.9095588235294118,0.9117647058823529,0.9080882352941176,0.9117647058823529
G3-cluster,0.2,23,G3-cluster_e20_r023,0.9037656903765691,0.9037656903765691,0.9037656903765691,0.9037656903765691,0.899581589958159,0.902928870292887,0.899581589958159,0.899581589958159,0.9037656903765691
G3-cluster,0.3,23,G3-cluster_e30_r023,0.5196078431372549,0.5196078431372549,0.5196078431372549,0.5196078431372549,0.5196078431372549,0.5196078431372549,0.5196078431372549,0.5196078431372549,0.5196078431372549
G1-small20,0.0,24,G1-small20_e00_r024,0.8933333333333333,0.8866666666666667,0.8866666666666667,0.8866666666666667,0.8933333333333333,0.8893333333333334,0.8866666666666667,0.8866666666666667,0.8933333333333333
G1-small20,0.1,24,G1-small20_e10_r024,0.8566037735849057,0.8603773584905661,0.8566037735849057,0.8566037735849057,0.8603773584905661,0.8581132075471698,0.8603773584905661,0.8566037735849057,0.8603773584905661
G1-small20,0.2,24,G1-small20_e20_r024,0.8870967741935484,0.8830645161290323,0.8830645161290323,0.8830645161290323,0.8870967741935484,0.8846774193548386,0.8870967741935484,0.8830645161290323,0.8870967741935484
G1-small20,0.3,24,G1-small20_e30_r024,0.8963963963963963,0.8963963963963963,0.8963963963963963,0.8963963963963963,0.8063063063063063,0.8783783783783783,0.8963963963963963,0.8063063063063063,0.8963963963963963
G2-small15,0.0,24,G2-small15_e00_r024,0.8966666666666666,0.8933333333333333,0.8933333333333333,0.8966666666666666,0.8966666666666666,0.8953333333333333,0.8933333333333333,0.8933333333333333,0.8966666666666666
G2-small15,0.1,24,G2-small15_e10_r024,0.9053030303030303,0.9053030303030303,0.9053030303030303,0.9053030303030303,0.9053030303030303,0.9053030303030303,0.9053030303030303,0.9053030303030303,0.9053030303030303
G2-small15,0.2,24,G2-small15_e20_r024,0.9004149377593361,0.9004149377593361,0.9004149377593361,0.9004149377593361,0.9004149377593361,0.9004149377593361,0.9004149377593361,0.9004149377593361,0.9004149377593361
G2-small15,0.3,24,G2-small15_e30_r024,0.9162790697674419,0.9162790697674419,0.5162790697674419,0.5162790697674419,0.9162790697674419,0.756279069767442,0.9162790697674419,0.5162790697674419,0.9162790697674419
G3-cluster,0.0,24,G3-cluster_e00_r024,0.8966666666666666,0.8966666666666666,0.8966666666666666,0.8966666666666666,0.8966666666666666,0.8966666666666667,0.8966666666666666,0.8966666666666666,0.8966666666666666
G3-cluster,0.1,24,G3-cluster_e10_r024,0.9230769230769231,0.9230769230769231,0.9230769230769231,0.9230769230769231,0.9230769230769231,0.9230769230769231,0.9230769230769231,0.9230769230769231,0.9230769230769231
G3-cluster,0.2,24,G3-cluster_e20_r024,0.8755186721991701,0.8755186721991701,0.8755186721991701,0.5186721991701245,0.8796680497925311,0.8049792531120332,0.8796680497925311,0.5186721991701245,0.8796680497925311
G3-cluster,0.3,24,G3-cluster_e30_r024,0.5048076923076923,0.5048076923076923,0.5048076923076923,0.5048076923076923,0.5048076923076923,0.5048076923076923,0.5048076923076923,0.5048076923076923,0.5048076923076923
G1-small20,0.0,25,G1-small20_e00_r025,0.9166666666666666,0.9166666666666666,0.9166666666666666,0.9133333333333333,0.9166666666666666,0.916,0.9166666666666666,0.9133333333333333,0.9166666666666666
G1-small20,0.1,25,G1-small20_e10_r025,0.9021739130434783,0.8985507246376812,0.8985507246376812,0.8985507246376812,0.8985507246376812,0.8992753623188406,0.9021739130434783,0.8985507246376812,0.9021739130434783
G1-small20,0.2,25,G1-small20_e20_r025,0.9194915254237288,0.9194915254237288,0.9194915254237288,0.9194915254237288,0.9194915254237288,0.9194915254237287,0.9194915254237288,0.9194915254237288,0.9194915254237288
G1-small20,0.3,25,G1-small20_e30_r025,0.8873239436619719,0.8873239436619719,0.7605633802816901,0.8873239436619719,0.6525821596244131,0.8150234741784038,0.8873239436619719,0.6525821596244131,0.8873239436619719
G2-small15,0.0,25,G2-small15_e00_r025,0.9066666666666666,0.9066666666666666,0.9066666666666666,0.9066666666666666,0.9066666666666666,0.9066666666666666,0.9066666666666666,0.9066666666666666,0.9066666666666666
G2-small15,0.1,25,G2-small15_e10_r025,0.9026217228464419,0.898876404494382,0.9063670411985019,0.9063670411985019,0.9026217228464419,0.9033707865168539,0.9026217228464419,0.898876404494382,0.9063670411985019
G2-small15,0.2,25,G2-small15_e20_r025,0.9194915254237288,0.9194915254237288,0.9194915254237288,0.9194915254237288,0.9194915254237288,0.9194915254237287,0.9194915254237288,0.9194915254237288,0.9194915254237288
G2-small15,0.3,25,G2-small15_e30_r025,0.8373205741626795,0.9138755980861244,0.8373205741626795,0.6172248803827751,0.8373205741626795,0.8086124401913874,0.9138755980861244,0.6172248803827751,0.9138755980861244
G3-cluster,0.0,25,G3-cluster_e00_r025,0.91,0.9066666666666666,0.91,0.91,0.91,0.9093333333333333,0.91,0.9066666666666666,0.91
G3-cluster,0.1,25,G3-cluster_e10_r025,0.9338235294117647,0.9338235294117647,0.9338235294117647,0.9338235294117647,0.9338235294117647,0.9338235294117647,0.9338235294117647,0.9338235294117647,0.9338235294117647
G3-cluster,0.2,25,G3-cluster_e20_r025,0.925,0.9291666666666667,0.925,0.925,0.5458333333333333,0.85,0.925,0.5458333333333333,0.9291666666666667
G3-cluster,0.3,25,G3-cluster_e30_r025,0.5381165919282511,0.5381165919282511,0.5381165919282511,0.9237668161434978,0.5381165919282511,0.6152466367713003,0.9237668161434978,0.5381165919282511,0.9237668161434978
G1-small20,0.0,26,G1-small20_e00_r026,0.8933333333333333,0.8933333333333333,0.8933333333333333,0.8933333333333333,0.8966666666666666,0.8939999999999999,0.8933333333333333,0.8933333333333333,0.8966666666666666
G1-small20,0.1,26,G1-small20_e10_r026,0.9212598425196851,0.9173228346456693,0.9212598425196851,0.9173228346456693,0.9212598425196851,0.9196850393700787,0.9173228346456693,0.9173228346456693,0.9212598425196851
G1-small20,0.2,26,G1-small20_e20_r026,0.9045643153526971,0.9045643153526971,0.8962655601659751,0.9045643153526971,0.9045643153526971,0.9029045643153527,0.9045643153526971,0.8962655601659751,0.9045643153526971
G1-small20,0.3,26,G1-small20_e30_r026,0.5700483091787439,0.8454106280193237,0.5990338164251208,0.5700483091787439,0.5990338164251208,0.6367149758454106,0.8454106280193237,0.5700483091787439,0.8454106280193237
G2-small15,0.0,26,G2-small15_e00_r026,0.91,0.9133333333333333,0.9033333333333333,0.91,0.9033333333333333,0.908,0.9133333333333333,0.9033333333333333,0.9133333333333333
G2-small15,0.1,26,G2-small15_e10_r026,0.9318181818181818,0.928030303030303,0.9318181818181818,0.9318181818181818,0.9318181818181818,0.931060606060606,0.9318181818181818,0.928030303030303,0.9318181818181818
G2-small15,0.2,26,G2-small15_e20_r026,0.9409448818897638,0.9409448818897638,0.9409448818897638,0.9409448818897638,0.9409448818897638,0.9409448818897637,0.9409448818897638,0.9409448818897638,0.9409448818897638
G2-small15,0.3,26,G2-small15_e30_r026,0.8373205741626795,0.8373205741626795,0.9282296650717703,0.8373205741626795,0.8373205741626795,0.8555023923444975,0.9282296650717703,0.8373205741626795,0.9282296650717703
G3-cluster,0.0,26,G3-cluster_e00_r026,0.8966666666666666,0.9,0.9,0.9,0.8966666666666666,0.8986666666666666,0.8966666666666666,0.8966666666666666,0.9
G3-cluster,0.1,26,G3-cluster_e10_r026,0.9087591240875912,0.9124087591240876,0.9087591240875912,0.9124087591240876,0.9087591240875912,0.9102189781021899,0.9087591240875912,0.9087591240875912,0.9124087591240876
G3-cluster,0.2,26,G3-cluster_e20_r026,0.9063829787234042,0.9063829787234042,0.9063829787234042,0.548936170212766,0.9063829787234042,0.8348936170212765,0.9063829787234042,0.548936170212766,0.9063829787234042
G3-cluster,0.3,26,G3-cluster_e30_r026,0.5174129353233831,0.5174129353233831,0.5174129353233831,0.5174129353233831,0.5174129353233831,0.5174129353233831,0.5174129353233831,0.5174129353233831,0.5174129353233831
G1-small20,0.0,27,G1-small20_e00_r027,0.92,0.92,0.9166666666666666,0.92,0.9233333333333333,0.9199999999999999,0.9233333333333333,0.9166666666666666,0.9233333333333333
G1-small20,0.1,27,G1-small20_e10_r027,0.909433962264151,0.9132075471698113,0.9132075471698113,0.9132075471698113,0.9132075471698113,0.9124528301886793,0.9132075471698113,0.909433962264151,0.9132075471698113
G1-small20,0.2,27,G1-small20_e20_r027,0.5140562248995983,0.9196787148594378,0.9196787148594378,0.9196787148594378,0.9196787148594378,0.8385542168674698,0.9196787148594378,0.5140562248995983,0.9196787148594378
G1-small20,0.3,27,G1-small20_e30_r027,0.8019323671497585,0.8019323671497585,0.5410628019323671,0.8019323671497585,0.8888888888888888,0.7671497584541063,0.8888888888888888,0.5410628019323671,0.8888888888888888
G2-small15,0.0,27,G2-small15_e00_r027,0.9166666666666666,0.9166666666666666,0.9166666666666666,0.9166666666666666,0.9133333333333333,0.916,0.9166666666666666,0.9133333333333333,0.9166666666666666
G2-small15,0.1,27,G2-small15_e10_r027,0.9154411764705882,0.9154411764705882,0.9154411764705882,0.9154411764705882,0.9154411764705882,0.9154411764705882,0.9154411764705882,0.9154411764705882,0.9154411764705882
G2-small15,0.2,27,G2-small15_e20_r027,0.8831168831168831,0.8831168831168831,0.8874458874458875,0.5757575757575758,0.8311688311688312,0.8121212121212121,0.8831168831168831,0.5757575757575758,0.8874458874458875
G2-small15,0.3,27,G2-small15_e30_r027,0.812807881773399,0.812807881773399,0.812807881773399,0.8078817733990148,0.812807881773399,0.8118226600985221,0.812807881773399,0.8078817733990148,0.812807881773399
G3-cluster,0.0,27,G3-cluster_e00_r027,0.9033333333333333,0.9033333333333333,0.9033333333333333,0.9,0.9033333333333333,0.9026666666666667,0.9,0.9,0.9033333333333333
G3-cluster,0.1,27,G3-cluster_e10_r027,0.9328358208955224,0.9328358208955224,0.9328358208955224,0.9328358208955224,0.9328358208955224,0.9328358208955224,0.9328358208955224,0.9328358208955224,0.9328358208955224
G3-cluster,0.2,27,G3-cluster_e20_r027,0.864,0.86,0.864,0.864,0.864,0.8632,0.864,0.86,0.864
G3-cluster,0.3,27,G3-cluster_e30_r027,0.5026178010471204,0.5026178010471204,0.5026178010471204,0.5026178010471204,0.5026178010471204,0.5026178010471204,0.5026178010471204,0.5026178010471204,0.5026178010471204
G1-small20,0.0,28,G1-small20_e00_r028,0.9133333333333333,0.9133333333333333,0.9133333333333333,0.9133333333333333,0.9133333333333333,0.9133333333333333,0.9133333333333333,0.9133333333333333,0.9133333333333333
G1-small20,0.1,28,G1-small20_e10_r028,0.9233576642335767,0.9233576642335767,0.9233576642335767,0.9233576642335767,0.9233576642335767,0.9233576642335766,0.9233576642335767,0.9233576642335767,0.9233576642335767
G1-small20,0.2,28,G1-small20_e20_r028,0.9176954732510288,0.9135802469135802,0.9135802469135802,0.9176954732510288,0.9135802469135802,0.9152263374485596,0.9176954732510288,0.9135802469135802,0.9176954732510288
G1-small20,0.3,28,G1-small20_e30_r028,0.5571428571428572,0.8142857142857143,0.8142857142857143,0.5190476190476191,0.5190476190476191,0.6447619047619048,0.5571428571428572,0.5190476190476191,0.8142857142857143
G2-small15,0.0,28,G2-small15_e00_r028,0.92,0.92,0.92,0.92,0.92,0.9200000000000002,0.92,0.92,0.92
G2-small15,0.1,28,G2-small15_e10_r028,0.9007352941176471,0.9007352941176471,0.9117647058823529,0.9007352941176471,0.9007352941176471,0.9029411764705882,0.9007352941176471,0.9007352941176471,0.9117647058823529
G2-small15,0.2,28,G2-small15_e20_r028,0.9102564102564102,0.9102564102564102,0.9102564102564102,0.9102564102564102,0.9102564102564102,0.9102564102564102,0.9102564102564102,0.9102564102564102,0.9102564102564102
G2-small15,0.3,28,G2-small15_e30_r028,0.8591549295774648,0.8591549295774648,0.5539906103286385,0.539906103286385,0.8591549295774648,0.7342723004694836,0.8591549295774648,0.539906103286385,0.8591549295774648
G3-cluster,0.0,28,G3-cluster_e00_r028,0.9266666666666666,0.9266666666666666,0.9266666666666666,0.9266666666666666,0.9266666666666666,0.9266666666666665,0.9266666666666666,0.9266666666666666,0.9266666666666666
G3-cluster,0.1,28,G3-cluster_e10_r028,0.9057971014492754,0.9094202898550725,0.9130434782608695,0.9057971014492754,0.9094202898550725,0.9086956521739131,0.9057971014492754,0.9057971014492754,0.9130434782608695
G3-cluster,0.2,28,G3-cluster_e20_r028,0.8943089430894309,0.8902439024390244,0.8861788617886179,0.8902439024390244,0.8902439024390244,0.8902439024390244,0.8902439024390244,0.8861788617886179,0.8943089430894309
G3-cluster,0.3,28,G3-cluster_e30_r028,0.5,0.5,0.5,0.5,0.5,0.5,0.5,0.5,0.5
G1-small20,0.0,29,G1-small20_e00_r029,0.87,0.87,0.87,0.87,0.87,0.8699999999999999,0.87,0.87,0.87
G1-small20,0.1,29,G1-small20_e10_r029,0.8847583643122676,0.5724907063197026,0.5836431226765799,0.8847583643122676,0.8847583643122676,0.762081784386617,0.8847583643122676,0.5724907063197026,0.8847583643122676
G1-small20,0.2,29,G1-small20_e20_r029,0.9117647058823529,0.907563025210084,0.9117647058823529,0.8991596638655462,0.8991596638655462,0.9058823529411765,0.9117647058823529,0.8991596638655462,0.9117647058823529
G1-small20,0.3,29,G1-small20_e30_r029,0.5772727272727273,0.5136363636363637,0.9090909090909091,0.9090909090909091,0.5409090909090909,0.6900000000000001,0.9090909090909091,0.5136363636363637,0.9090909090909091
G2-small15,0.0,29,G2-small15_e00_r029,0.9233333333333333,0.9233333333333333,0.9233333333333333,0.9233333333333333,0.9233333333333333,0.9233333333333335,0.9233333333333333,0.9233333333333333,0.9233333333333333
G2-small15,0.1,29,G2-small15_e10_r029,0.8872727272727273,0.8872727272727273,0.8872727272727273,0.8872727272727273,0.8872727272727273,0.8872727272727273,0.8872727272727273,0.8872727272727273,0.8872727272727273
G2-small15,0.2,29,G2-small15_e20_r029,0.8987341772151899,0.8987341772151899,0.8987341772151899,0.8987341772151899,0.9029535864978903,0.8995780590717299,0.9029535864978903,0.8987341772151899,0.9029535864978903
G2-small15,0.3,29,G2-small15_e30_r029,0.8480392156862745,0.8480392156862745,0.8480392156862745,0.8480392156862745,0.8480392156862745,0.8480392156862745,0.8480392156862745,0.8480392156862745,0.8480392156862745
G3-cluster,0.0,29,G3-cluster_e00_r029,0.92,0.92,0.92,0.92,0.92,0.9200000000000002,0.92,0.92,0.92
G3-cluster,0.1,29,G3-cluster_e10_r029,0.9135338345864662,0.9135338345864662,0.9097744360902256,0.9135338345864662,0.9097744360902256,0.91203007518797,0.9097744360902256,0.9097744360902256,0.9135338345864662
G3-cluster,0.2,29,G3-cluster_e20_r029,0.9024390243902439,0.9065040650406504,0.9024390243902439,0.9065040650406504,0.9024390243902439,0.9040650406504065,0.9065040650406504,0.9024390243902439,0.9065040650406504
G3-cluster,0.3,29,G3-cluster_e30_r029,0.9027777777777778,0.9027777777777778,0.9027777777777778,0.9027777777777778,0.9027777777777778,0.9027777777777779,0.9027777777777778,0.9027777777777778,0.9027777777777778
G1-small20,0.0,30,G1-small20_e00_r030,0.91,0.91,0.91,0.91,0.91,0.9099999999999999,0.91,0.91,0.91
G1-small20,0.1,30,G1-small20_e10_r030,0.9291044776119403,0.9291044776119403,0.9216417910447762,0.9291044776119403,0.9216417910447762,0.9261194029850748,0.9291044776119403,0.9216417910447762,0.9291044776119403
G1-small20,0.2,30,G1-small20_e20_r030,0.9156118143459916,0.9156118143459916,0.9156118143459916,0.9156118143459916,0.9156118143459916,0.9156118143459915,0.9156118143459916,0.9156118143459916,0.9156118143459916
G1-small20,0.3,30,G1-small20_e30_r030,0.5480769230769231,0.8028846153846154,0.8221153846153846,0.8221153846153846,0.8846153846153846,0.7759615384615385,0.8846153846153846,0.5480769230769231,0.8846153846153846
G2-small15,0.0,30,G2-small15_e00_r030,0.9066666666666666,0.9066666666666666,0.9066666666666666,0.9066666666666666,0.9033333333333333,0.9059999999999999,0.9033333333333333,0.9033333333333333,0.9066666666666666
G2-small15,0.1,30,G2-small15_e10_r030,0.9283154121863799,0.9283154121863799,0.9283154121863799,0.9283154121863799,0.9283154121863799,0.9283154121863799,0.9283154121863799,0.9283154121863799,0.9283154121863799
G2-small15,0.2,30,G2-small15_e20_r030,0.916,0.916,0.916,0.916,0.916,0.916,0.916,0.916,0.916
G2-small15,0.3,30,G2-small15_e30_r030,0.8390243902439024,0.8390243902439024,0.551219512195122,0.8390243902439024,0.9121951219512195,0.7960975609756098,0.9121951219512195,0.551219512195122,0.9121951219512195
G3-cluster,0.0,30,G3-cluster_e00_r030,0.92,0.9233333333333333,0.9233333333333333,0.92,0.92,0.9213333333333333,0.9233333333333333,0.92,0.9233333333333333
G3-cluster,0.1,30,G3-cluster_e10_r030,0.875,0.8785714285714286,0.8785714285714286,0.8785714285714286,0.8821428571428571,0.8785714285714284,0.875,0.875,0.8821428571428571
G3-cluster,0.2,30,G3-cluster_e20_r030,0.9205020920502092,0.9288702928870293,0.9288702928870293,0.9288702928870293,0.9288702928870293,0.9271966527196651,0.9205020920502092,0.9205020920502092,0.9288702928870293
G3-cluster,0.3,30,G3-cluster_e30_r030,0.5142857142857142,0.5142857142857142,0.5142857142857142,0.5142857142857142,0.5142857142857142,0.5142857142857142,0.5142857142857142,0.5142857142857142,0.5142857142857142
G1-small20,0.0,31,G1-small20_e00_r031,0.8966666666666666,0.8966666666666666,0.8966666666666666,0.8966666666666666,0.8966666666666666,0.8966666666666667,0.8966666666666666,0.8966666666666666,0.8966666666666666
G1-small20,0.1,31,G1-small20_e10_r031,0.92,0.9163636363636364,0.92,0.92,0.92,0.9192727272727274,0.92,0.9163636363636364,0.92
G1-small20,0.2,31,G1-small20_e20_r031,0.9288702928870293,0.9288702928870293,0.9288702928870293,0.9288702928870293,0.9288702928870293,0.9288702928870294,0.9288702928870293,0.9288702928870293,0.9288702928870293
G1-small20,0.3,31,G1-small20_e30_r031,0.5233644859813084,0.8644859813084113,0.5280373831775701,0.5280373831775701,0.6401869158878505,0.616822429906542,0.8644859813084113,0.5233644859813084,0.8644859813084113
G2-small15,0.0,31,G2-small15_e00_r031,0.9233333333333333,0.9233333333333333,0.9233333333333333,0.9233333333333333,0.9233333333333333,0.9233333333333335,0.9233333333333333,0.9233333333333333,0.9233333333333333
G2-small15,0.1,31,G2-small15_e10_r031,0.9097744360902256,0.9097744360902256,0.8947368421052632,0.9097744360902256,0.9097744360902256,0.9067669172932332,0.9097744360902256,0.8947368421052632,0.9097744360902256
G2-small15,0.2,31,G2-small15_e20_r031,0.8791666666666667,0.8791666666666667,0.8791666666666667,0.8833333333333333,0.8791666666666667,0.8800000000000001,0.8833333333333333,0.8791666666666667,0.8833333333333333
G2-small15,0.3,31,G2-small15_e30_r031,0.5253456221198156,0.5207373271889401,0.5253456221198156,0.5253456221198156,0.8571428571428571,0.5907834101382489,0.5207373271889401,0.5207373271889401,0.8571428571428571
G3-cluster,0.0,31,G3-cluster_e00_r031,0.8866666666666667,0.8866666666666667,0.8866666666666667,0.8866666666666667,0.8866666666666667,0.8866666666666667,0.8866666666666667,0.8866666666666667,0.8866666666666667
G3-cluster,0.1,31,G3-cluster_e10_r031,0.9157509157509157,0.9157509157509157,0.9157509157509157,0.9157509157509157,0.9157509157509157,0.9157509157509157,0.9157509157509157,0.9157509157509157,0.9157509157509157
G3-cluster,0.2,31,G3-cluster_e20_r031,0.9230769230769231,0.9230769230769231,0.9230769230769231,0.9230769230769231,0.9230769230769231,0.9230769230769231,0.9230769230769231,0.9230769230769231,0.9230769230769231
G3-cluster,0.3,31,G3-cluster_e30_r031,0.5467980295566502,0.5467980295566502,0.5467980295566502,0.5467980295566502,0.5467980295566502,0.5467980295566502,0.5467980295566502,0.5467980295566502,0.5467980295566502
G1-small20,0.0,32,G1-small20_e00_r032,0.9233333333333333,0.9233333333333333,0.9233333333333333,0.9233333333333333,0.9233333333333333,0.9233333333333335,0.9233333333333333,0.9233333333333333,0.9233333333333333
G1-small20,0.1,32,G1-small20_e10_r032,0.8745387453874539,0.8708487084870848,0.8745387453874539,0.8745387453874539,0.8708487084870848,0.8730627306273062,0.8745387453874539,0.8708487084870848,0.8745387453874539
G1-small20,0.2,32,G1-small20_e20_r032,0.9102040816326531,0.9102040816326531,0.9102040816326531,0.9102040816326531,0.9102040816326531,0.9102040816326531,0.9102040816326531,0.9102040816326531,0.9102040816326531
G1-small20,0.3,32,G1-small20_e30_r032,0.5258215962441315,0.5023474178403756,0.5211267605633803,0.5211267605633803,0.5023474178403756,0.5145539906103286,0.5211267605633803,0.5023474178403756,0.5258215962441315
G2-small15,0.0,32,G2-small15_e00_r032,0.9166666666666666,0.9166666666666666,0.9166666666666666,0.9166666666666666,0.9166666666666666,0.9166666666666666,0.9166666666666666,0.9166666666666666,0.9166666666666666
G2-small15,0.1,32,G2-small15_e10_r032,0.8880866425992779,0.8953068592057761,0.8844765342960289,0.8953068592057761,0.8953068592057761,0.8916967509025271,0.8844765342960289,0.8844765342960289,0.8953068592057761
G2-small15,0.2,32,G2-small15_e20_r032,0.9117647058823529,0.9117647058823529,0.9117647058823529,0.9117647058823529,0.9117647058823529,0.9117647058823529,0.9117647058823529,0.9117647058823529,0.9117647058823529
G2-small15,0.3,32,G2-small15_e30_r032,0.8592233009708737,0.8592233009708737,0.8592233009708737,0.8592233009708737,0.6213592233009708,0.8116504854368932,0.8592233009708737,0.6213592233009708,0.8592233009708737
G3-cluster,0.0,32,G3-cluster_e00_r032,0.9166666666666666,0.9166666666666666,0.9166666666666666,0.9166666666666666,0.9166666666666666,0.9166666666666666,0.9166666666666666,0.9166666666666666,0.9166666666666666
G3-cluster,0.1,32,G3-cluster_e10_r032,0.9090909090909091,0.9090909090909091,0.9090909090909091,0.9090909090909091,0.9090909090909091,0.909090909090909,0.9090909090909091,0.9090909090909091,0.9090909090909091
G3-cluster,0.2,32,G3-cluster_e20_r032,0.5170940170940171,0.5170940170940171,0.5170940170940171,0.8760683760683761,0.5170940170940171,0.5888888888888889,0.8760683760683761,0.5170940170940171,0.8760683760683761
G3-cluster,0.3,32,G3-cluster_e30_r032,0.5327102803738317,0.5327102803738317,0.5327102803738317,0.5327102803738317,0.5327102803738317,0.5327102803738317,0.5327102803738317,0.5327102803738317,0.5327102803738317
G1-small20,0.0,33,G1-small20_e00_r033,0.8933333333333333,0.8966666666666666,0.8933333333333333,0.8933333333333333,0.8933333333333333,0.8940000000000001,0.8933333333333333,0.8933333333333333,0.8966666666666666
G1-small20,0.1,33,G1-small20_e10_r033,0.9157509157509157,0.9120879120879121,0.9157509157509157,0.9157509157509157,0.9120879120879121,0.9142857142857143,0.9157509157509157,0.9120879120879121,0.9157509157509157
G1-small20,0.2,33,G1-small20_e20_r033,0.923728813559322,0.9279661016949152,0.923728813559322,0.923728813559322,0.923728813559322,0.9245762711864407,0.923728813559322,0.923728813559322,0.9279661016949152
G1-small20,0.3,33,G1-small20_e30_r033,0.8146341463414634,0.8146341463414634,0.8146341463414634,0.5024390243902439,0.8146341463414634,0.7521951219512195,0.8146341463414634,0.5024390243902439,0.8146341463414634
G2-small15,0.0,33,G2-small15_e00_r033,0.9266666666666666,0.9266666666666666,0.9266666666666666,0.9266666666666666,0.9233333333333333,0.9259999999999999,0.9233333333333333,0.9233333333333333,0.9266666666666666
G2-small15,0.1,33,G2-small15_e10_r033,0.9114391143911439,0.9114391143911439,0.9114391143911439,0.9114391143911439,0.9114391143911439,0.9114391143911439,0.9114391143911439,0.9114391143911439,0.9114391143911439
G2-small15,0.2,33,G2-small15_e20_r033,0.902542372881356,0.902542372881356,0.902542372881356,0.902542372881356,0.902542372881356,0.9025423728813561,0.902542372881356,0.902542372881356,0.902542372881356
G2-small15,0.3,33,G2-small15_e30_r033,0.8309178743961353,0.8309178743961353,0.8309178743961353,0.8309178743961353,0.8309178743961353,0.8309178743961352,0.8309178743961353,0.8309178743961353,0.8309178743961353
G3-cluster,0.0,33,G3-cluster_e00_r033,0.9033333333333333,0.9033333333333333,0.9033333333333333,0.9033333333333333,0.9033333333333333,0.9033333333333333,0.9033333333333333,0.9033333333333333,0.9033333333333333
G3-cluster,0.1,33,G3-cluster_e10_r033,0.9018867924528302,0.9018867924528302,0.9018867924528302,0.9018867924528302,0.9018867924528302,0.9018867924528301,0.9018867924528302,0.9018867924528302,0.9018867924528302
G3-cluster,0.2,33,G3-cluster_e20_r033,0.9146341463414634,0.9105691056910569,0.9146341463414634,0.9146341463414634,0.9146341463414634,0.9138211382113821,0.9146341463414634,0.9105691056910569,0.9146341463414634
G3-cluster,0.3,33,G3-cluster_e30_r033,0.5339805825242718,0.5339805825242718,0.5339805825242718,0.5339805825242718,0.5339805825242718,0.5339805825242718,0.5339805825242718,0.5339805825242718,0.5339805825242718
G1-small20,0.0,34,G1-small20_e00_r034,0.9133333333333333,0.9133333333333333,0.9066666666666666,0.91,0.91,0.9106666666666667,0.9066666666666666,0.9066666666666666,0.9133333333333333
G1-small20,0.1,34,G1-small20_e10_r034,0.9068100358422939,0.9032258064516129,0.9068100358422939,0.9032258064516129,0.9032258064516129,0.9046594982078853,0.9032258064516129,0.9032258064516129,0.9068100358422939
G1-small20,0.2,34,G1-small20_e20_r034,0.9004149377593361,0.9004149377593361,0.8962655601659751,0.9004149377593361,0.9004149377593361,0.8995850622406639,0.8962655601659751,0.8962655601659751,0.9004149377593361
G1-small20,0.3,34,G1-small20_e30_r034,0.9,0.9,0.9,0.9,0.9,0.9,0.9,0.9,0.9
G2-small15,0.0,34,G2-small15_e00_r034,0.9133333333333333,0.9133333333333333,0.9133333333333333,0.9133333333333333,0.9133333333333333,0.9133333333333333,0.9133333333333333,0.9133333333333333,0.9133333333333333
G2-small15,0.1,34,G2-small15_e10_r034,0.9100719424460432,0.9100719424460432,0.9100719424460432,0.9100719424460432,0.9100719424460432,0.9100719424460431,0.9100719424460432,0.9100719424460432,0.9100719424460432
G2-small15,0.2,34,G2-small15_e20_r034,0.9116465863453815,0.9116465863453815,0.9116465863453815,0.9156626506024096,0.9116465863453815,0.9124497991967871,0.9116465863453815,0.9116465863453815,0.9156626506024096
G2-small15,0.3,34,G2-small15_e30_r034,0.8888888888888888,0.8888888888888888,0.8888888888888888,0.8888888888888888,0.8888888888888888,0.888888888888889,0.8888888888888888,0.8888888888888888,0.8888888888888888
G3-cluster,0.0,34,G3-cluster_e00_r034,0.9333333333333333,0.9333333333333333,0.9266666666666666,0.9266666666666666,0.9266666666666666,0.9293333333333333,0.9266666666666666,0.9266666666666666,0.9333333333333333
G3-cluster,0.1,34,G3-cluster_e10_r034,0.9007352941176471,0.9007352941176471,0.9007352941176471,0.9007352941176471,0.9007352941176471,0.9007352941176471,0.9007352941176471,0.9007352941176471,0.9007352941176471
G3-cluster,0.2,34,G3-cluster_e20_r034,0.9067796610169492,0.8898305084745762,0.8898305084745762,0.9067796610169492,0.8940677966101694,0.8974576271186441,0.8898305084745762,0.8898305084745762,0.9067796610169492
G3-cluster,0.3,34,G3-cluster_e30_r034,0.5436893203883495,0.5436893203883495,0.5436893203883495,0.5436893203883495,0.5436893203883495,0.5436893203883495,0.5436893203883495,0.5436893203883495,0.5436893203883495
G1-small20,0.0,35,G1-small20_e00_r035,0.9233333333333333,0.9266666666666666,0.9266666666666666,0.9266666666666666,0.9266666666666666,0.9259999999999999,0.9266666666666666,0.9233333333333333,0.9266666666666666
G1-small20,0.1,35,G1-small20_e10_r035,0.940959409594096,0.940959409594096,0.940959409594096,0.940959409594096,0.940959409594096,0.9409594095940961,0.940959409594096,0.940959409594096,0.940959409594096
G1-small20,0.2,35,G1-small20_e20_r035,0.9246031746031746,0.9246031746031746,0.9246031746031746,0.9246031746031746,0.9246031746031746,0.9246031746031746,0.9246031746031746,0.9246031746031746,0.9246031746031746
G1-small20,0.3,35,G1-small20_e30_r035,0.7611940298507462,0.6119402985074627,0.7611940298507462,0.5223880597014925,0.7611940298507462,0.6835820895522386,0.7611940298507462,0.5223880597014925,0.7611940298507462
G2-small15,0.0,35,G2-small15_e00_r035,0.91,0.91,0.91,0.91,0.91,0.9099999999999999,0.91,0.91,0.91
G2-small15,0.1,35,G2-small15_e10_r035,0.927797833935018,0.927797833935018,0.9314079422382672,0.9314079422382672,0.927797833935018,0.9292418772563178,0.9314079422382672,0.927797833935018,0.9314079422382672
G2-small15,0.2,35,G2-small15_e20_r035,0.8888888888888888,0.8888888888888888,0.8888888888888888,0.8888888888888888,0.8806584362139918,0.8872427983539094,0.8888888888888888,0.8806584362139918,0.8888888888888888
G2-small15,0.3,35,G2-small15_e30_r035,0.8872549019607843,0.8872549019607843,0.8872549019607843,0.8872549019607843,0.8872549019607843,0.8872549019607842,0.8872549019607843,0.8872549019607843,0.8872549019607843
G3-cluster,0.0,35,G3-cluster_e00_r035,0.9333333333333333,0.9333333333333333,0.9333333333333333,0.9333333333333333,0.9333333333333333,0.9333333333333333,0.9333333333333333,0.9333333333333333,0.9333333333333333
G3-cluster,0.1,35,G3-cluster_e10_r035,0.9213483146067416,0.9213483146067416,0.9213483146067416,0.9213483146067416,0.9213483146067416,0.9213483146067416,0.9213483146067416,0.9213483146067416,0.9213483146067416
G3-cluster,0.2,35,G3-cluster_e20_r035,0.9139344262295082,0.5081967213114754,0.5081967213114754,0.9139344262295082,0.5081967213114754,0.6704918032786885,0.9139344262295082,0.5081967213114754,0.9139344262295082
G3-cluster,0.3,35,G3-cluster_e30_r035,0.5119617224880383,0.5119617224880383,0.5119617224880383,0.5119617224880383,0.5119617224880383,0.5119617224880383,0.5119617224880383,0.5119617224880383,0.5119617224880383
G1-small20,0.0,36,G1-small20_e00_r036,0.9233333333333333,0.53,0.9233333333333333,0.9233333333333333,0.92,0.8440000000000001,0.9233333333333333,0.53,0.9233333333333333
G1-small20,0.1,36,G1-small20_e10_r036,0.915129151291513,0.915129151291513,0.915129151291513,0.915129151291513,0.915129151291513,0.915129151291513,0.915129151291513,0.915129151291513,0.915129151291513
G1-small20,0.2,36,G1-small20_e20_r036,0.9361702127659575,0.9319148936170213,0.9361702127659575,0.9319148936170213,0.9361702127659575,0.9344680851063829,0.9361702127659575,0.9319148936170213,0.9361702127659575
G1-small20,0.3,36,G1-small20_e30_r036,0.8990384615384616,0.5865384615384616,0.7644230769230769,0.5961538461538461,0.7644230769230769,0.7221153846153847,0.8990384615384616,0.5865384615384616,0.8990384615384616
G2-small15,0.0,36,G2-small15_e00_r036,0.9033333333333333,0.9033333333333333,0.9033333333333333,0.9033333333333333,0.9033333333333333,0.9033333333333333,0.9033333333333333,0.9033333333333333,0.9033333333333333
G2-small15,0.1,36,G2-small15_e10_r036,0.9138576779026217,0.9138576779026217,0.9138576779026217,0.9138576779026217,0.9138576779026217,0.9138576779026216,0.9138576779026217,0.9138576779026217,0.9138576779026217
G2-small15,0.2,36,G2-small15_e20_r036,0.9053497942386831,0.9053497942386831,0.9053497942386831,0.9053497942386831,0.9053497942386831,0.9053497942386832,0.9053497942386831,0.9053497942386831,0.9053497942386831
G2-small15,0.3,36,G2-small15_e30_r036,0.8140703517587939,0.8140703517587939,0.8140703517587939,0.8140703517587939,0.8140703517587939,0.8140703517587939,0.8140703517587939,0.8140703517587939,0.8140703517587939
G3-cluster,0.0,36,G3-cluster_e00_r036,0.9133333333333333,0.9133333333333333,0.91,0.9133333333333333,0.9133333333333333,0.9126666666666667,0.9133333333333333,0.91,0.9133333333333333
G3-cluster,0.1,36,G3-cluster_e10_r036,0.8996282527881041,0.8996282527881041,0.8996282527881041,0.8996282527881041,0.8996282527881041,0.8996282527881041,0.8996282527881041,0.8996282527881041,0.8996282527881041
G3-cluster,0.2,36,G3-cluster_e20_r036,0.9148936170212766,0.9148936170212766,0.9148936170212766,0.9148936170212766,0.9148936170212766,0.9148936170212766,0.9148936170212766,0.9148936170212766,0.9148936170212766
G3-cluster,0.3,36,G3-cluster_e30_r036,0.5238095238095238,0.5238095238095238,0.5238095238095238,0.5238095238095238,0.5238095238095238,0.5238095238095238,0.5238095238095238,0.5238095238095238,0.5238095238095238
G1-small20,0.0,37,G1-small20_e00_r037,0.9033333333333333,0.9033333333333333,0.9,0.9033333333333333,0.9033333333333333,0.9026666666666667,0.9033333333333333,0.9,0.9033333333333333
G1-small20,0.1,37,G1-small20_e10_r037,0.9520295202952029,0.9520295202952029,0.9520295202952029,0.9520295202952029,0.9520295202952029,0.9520295202952029,0.9520295202952029,0.9520295202952029,0.9520295202952029
G1-small20,0.2,37,G1-small20_e20_r037,0.9102564102564102,0.9102564102564102,0.9102564102564102,0.9102564102564102,0.9102564102564102,0.9102564102564102,0.9102564102564102,0.9102564102564102,0.9102564102564102
G1-small20,0.3,37,G1-small20_e30_r037,0.9571428571428572,0.9571428571428572,0.819047619047619,0.9571428571428572,0.9571428571428572,0.9295238095238096,0.9571428571428572,0.819047619047619,0.9571428571428572
G2-small15,0.0,37,G2-small15_e00_r037,0.9133333333333333,0.9066666666666666,0.9133333333333333,0.91,0.9066666666666666,0.9099999999999999,0.9133333333333333,0.9066666666666666,0.9133333333333333
G2-small15,0.1,37,G2-small15_e10_r037,0.9325842696629213,0.9288389513108615,0.9325842696629213,0.9288389513108615,0.9325842696629213,0.9310861423220974,0.9325842696629213,0.9288389513108615,0.9325842696629213
G2-small15,0.2,37,G2-small15_e20_r037,0.9057377049180327,0.9057377049180327,0.9057377049180327,0.9057377049180327,0.9057377049180327,0.9057377049180328,0.9057377049180327,0.9057377049180327,0.9057377049180327
G2-small15,0.3,37,G2-small15_e30_r037,0.8341463414634146,0.8341463414634146,0.8341463414634146,0.8341463414634146,0.8341463414634146,0.8341463414634147,0.8341463414634146,0.8341463414634146,0.8341463414634146
G3-cluster,0.0,37,G3-cluster_e00_r037,0.92,0.92,0.9233333333333333,0.9233333333333333,0.92,0.9213333333333334,0.9233333333333333,0.92,0.9233333333333333
G3-cluster,0.1,37,G3-cluster_e10_r037,0.9117647058823529,0.9117647058823529,0.9117647058823529,0.9117647058823529,0.9117647058823529,0.9117647058823529,0.9117647058823529,0.9117647058823529,0.9117647058823529
G3-cluster,0.2,37,G3-cluster_e20_r037,0.5330396475770925,0.5330396475770925,0.5330396475770925,0.5330396475770925,0.5330396475770925,0.5330396475770925,0.5330396475770925,0.5330396475770925,0.5330396475770925
G3-cluster,0.3,37,G3-cluster_e30_r037,0.5047169811320755,0.5047169811320755,0.5047169811320755,0.5047169811320755,0.5047169811320755,0.5047169811320755,0.5047169811320755,0.5047169811320755,0.5047169811320755
G1-small20,0.0,38,G1-small20_e00_r038,0.9266666666666666,0.9266666666666666,0.9233333333333333,0.9266666666666666,0.9266666666666666,0.9259999999999999,0.9266666666666666,0.9233333333333333,0.9266666666666666
G1-small20,0.1,38,G1-small20_e10_r038,0.922509225092251,0.922509225092251,0.922509225092251,0.922509225092251,0.922509225092251,0.922509225092251,0.922509225092251,0.922509225092251,0.922509225092251
G1-small20,0.2,38,G1-small20_e20_r038,0.9057377049180327,0.9057377049180327,0.9057377049180327,0.9057377049180327,0.9057377049180327,0.9057377049180328,0.9057377049180327,0.9057377049180327,0.9057377049180327
G1-small20,0.3,38,G1-small20_e30_r038,0.7783251231527094,0.7783251231527094,0.7783251231527094,0.7783251231527094,0.7783251231527094,0.7783251231527094,0.7783251231527094,0.7783251231527094,0.7783251231527094
G2-small15,0.0,38,G2-small15_e00_r038,0.9233333333333333,0.92,0.92,0.92,0.92,0.9206666666666667,0.92,0.92,0.9233333333333333
G2-small15,0.1,38,G2-small15_e10_r038,0.9411764705882353,0.9375,0.9375,0.9375,0.9375,0.9382352941176471,0.9411764705882353,0.9375,0.9411764705882353
G2-small15,0.2,38,G2-small15_e20_r038,0.8966942148760331,0.8966942148760331,0.8966942148760331,0.8966942148760331,0.8966942148760331,0.8966942148760332,0.8966942148760331,0.8966942148760331,0.8966942148760331
G2-small15,0.3,38,G2-small15_e30_r038,0.885,0.885,0.885,0.885,0.885,0.885,0.885,0.885,0.885
G3-cluster,0.0,38,G3-cluster_e00_r038,0.92,0.9133333333333333,0.92,0.9133333333333333,0.9233333333333333,0.9179999999999999,0.92,0.9133333333333333,0.9233333333333333
G3-cluster,0.1,38,G3-cluster_e10_r038,0.9040590405904059,0.9040590405904059,0.9040590405904059,0.9040590405904059,0.9040590405904059,0.9040590405904059,0.9040590405904059,0.9040590405904059,0.9040590405904059
G3-cluster,0.2,38,G3-cluster_e20_r038,0.5826086956521739,0.5826086956521739,0.5826086956521739,0.5826086956521739,0.5826086956521739,0.5826086956521739,0.5826086956521739,0.5826086956521739,0.5826086956521739
G3-cluster,0.3,38,G3-cluster_e30_r038,0.6157635467980296,0.6157635467980296,0.6157635467980296,0.6157635467980296,0.6157635467980296,0.6157635467980296,0.6157635467980296,0.6157635467980296,0.6157635467980296
G1-small20,0.0,39,G1-small20_e00_r039,0.9166666666666666,0.9166666666666666,0.9166666666666666,0.9166666666666666,0.9166666666666666,0.9166666666666666,0.9166666666666666,0.9166666666666666,0.9166666666666666
G1-small20,0.1,39,G1-small20_e10_r039,0.9227941176470589,0.9227941176470589,0.9264705882352942,0.9227941176470589,0.9227941176470589,0.9235294117647059,0.9264705882352942,0.9227941176470589,0.9264705882352942
G1-small20,0.2,39,G1-small20_e20_r039,0.9029535864978903,0.9113924050632911,0.9113924050632911,0.9029535864978903,0.9029535864978903,0.9063291139240507,0.9029535864978903,0.9029535864978903,0.9113924050632911
G1-small20,0.3,39,G1-small20_e30_r039,0.5981735159817352,0.639269406392694,0.9041095890410958,0.6484018264840182,0.9041095890410958,0.7388127853881279,0.9041095890410958,0.5981735159817352,0.9041095890410958
G2-small15,0.0,39,G2-small15_e00_r039,0.92,0.9233333333333333,0.92,0.92,0.9,0.9166666666666666,0.9233333333333333,0.9,0.9233333333333333
G2-small15,0.1,39,G2-small15_e10_r039,0.9274809160305344,0.9274809160305344,0.9274809160305344,0.9274809160305344,0.9274809160305344,0.9274809160305344,0.9274809160305344,0.9274809160305344,0.9274809160305344
G2-small15,0.2,39,G2-small15_e20_r039,0.8823529411764706,0.8823529411764706,0.8697478991596639,0.8697478991596639,0.8823529411764706,0.877310924369748,0.8823529411764706,0.8697478991596639,0.8823529411764706
G2-small15,0.3,39,G2-small15_e30_r039,0.6465116279069767,0.6139534883720931,0.8604651162790697,0.6465116279069767,0.6465116279069767,0.6827906976744185,0.8604651162790697,0.6139534883720931,0.8604651162790697
G3-cluster,0.0,39,G3-cluster_e00_r039,0.9166666666666666,0.9166666666666666,0.9166666666666666,0.91,0.91,0.914,0.9166666666666666,0.91,0.9166666666666666
G3-cluster,0.1,39,G3-cluster_e10_r039,0.899641577060932,0.899641577060932,0.899641577060932,0.899641577060932,0.899641577060932,0.899641577060932,0.899641577060932,0.899641577060932,0.899641577060932
G3-cluster,0.2,39,G3-cluster_e20_r039,0.9271255060728745,0.9311740890688259,0.9311740890688259,0.9311740890688259,0.9311740890688259,0.9303643724696358,0.9311740890688259,0.9271255060728745,0.9311740890688259
G3-cluster,0.3,39,G3-cluster_e30_r039,0.5317073170731708,0.5317073170731708,0.5317073170731708,0.5317073170731708,0.5317073170731708,0.5317073170731708,0.5317073170731708,0.5317073170731708,0.5317073170731708
G1-small20,0.0,40,G1-small20_e00_r040,0.8666666666666667,0.8666666666666667,0.8666666666666667,0.8833333333333333,0.8666666666666667,0.8699999999999999,0.8666666666666667,0.8666666666666667,0.8833333333333333
G1-small20,0.1,40,G1-small20_e10_r040,0.9227941176470589,0.9191176470588235,0.9191176470588235,0.9227941176470589,0.9191176470588235,0.9205882352941176,0.9227941176470589,0.9191176470588235,0.9227941176470589
G1-small20,0.2,40,G1-small20_e20_r040,0.9362549800796812,0.9362549800796812,0.9362549800796812,0.9362549800796812,0.9362549800796812,0.9362549800796811,0.9362549800796812,0.9362549800796812,0.9362549800796812
G1-small20,0.3,40,G1-small20_e30_r040,0.7560975609756098,0.7560975609756098,0.9170731707317074,0.7560975609756098,0.7560975609756098,0.7882926829268293,0.9170731707317074,0.7560975609756098,0.9170731707317074
G2-small15,0.0,40,G2-small15_e00_r040,0.9133333333333333,0.91,0.9133333333333333,0.9133333333333333,0.9133333333333333,0.9126666666666665,0.9133333333333333,0.91,0.9133333333333333
G2-small15,0.1,40,G2-small15_e10_r040,0.9033457249070632,0.9033457249070632,0.9033457249070632,0.9033457249070632,0.9033457249070632,0.9033457249070633,0.9033457249070632,0.9033457249070632,0.9033457249070632
G2-small15,0.2,40,G2-small15_e20_r040,0.8677685950413223,0.8677685950413223,0.8677685950413223,0.8677685950413223,0.8677685950413223,0.8677685950413224,0.8677685950413223,0.8677685950413223,0.8677685950413223
G2-small15,0.3,40,G2-small15_e30_r040,0.5642201834862385,0.6238532110091743,0.8394495412844036,0.8715596330275229,0.5642201834862385,0.6926605504587156,0.8715596330275229,0.5642201834862385,0.8715596330275229
G3-cluster,0.0,40,G3-cluster_e00_r040,0.9333333333333333,0.9266666666666666,0.9333333333333333,0.93,0.9266666666666666,0.9299999999999999,0.93,0.9266666666666666,0.9333333333333333
G3-cluster,0.1,40,G3-cluster_e10_r040,0.9070631970260223,0.9070631970260223,0.9070631970260223,0.9070631970260223,0.9070631970260223,0.9070631970260223,0.9070631970260223,0.9070631970260223,0.9070631970260223
G3-cluster,0.2,40,G3-cluster_e20_r040,0.8902439024390244,0.8902439024390244,0.8902439024390244,0.8902439024390244,0.8902439024390244,0.8902439024390244,0.8902439024390244,0.8902439024390244,0.8902439024390244
G3-cluster,0.3,40,G3-cluster_e30_r040,0.5074626865671642,0.5074626865671642,0.5074626865671642,0.5074626865671642,0.5074626865671642,0.5074626865671642,0.5074626865671642,0.5074626865671642,0.5074626865671642
G1-small20,0.0,41,G1-small20_e00_r041,0.91,0.9266666666666666,0.9233333333333333,0.92,0.91,0.9179999999999999,0.92,0.91,0.9266666666666666
G1-small20,0.1,41,G1-small20_e10_r041,0.8951310861423221,0.9026217228464419,0.9026217228464419,0.9026217228464419,0.8951310861423221,0.899625468164794,0.9026217228464419,0.8951310861423221,0.9026217228464419
G1-small20,0.2,41,G1-small20_e20_r041,0.9149797570850202,0.9271255060728745,0.9190283400809717,0.9149797570850202,0.9149797570850202,0.9182186234817813,0.9149797570850202,0.9149797570850202,0.9271255060728745
G1-small20,0.3,41,G1-small20_e30_r041,0.782608695652174,0.8888888888888888,0.782608695652174,0.782608695652174,0.782608695652174,0.8038647342995169,0.8888888888888888,0.782608695652174,0.8888888888888888
G2-small15,0.0,41,G2-small15_e00_r041,0.88,0.9,0.8833333333333333,0.88,0.88,0.8846666666666666,0.8833333333333333,0.88,0.9
G2-small15,0.1,41,G2-small15_e10_r041,0.9135338345864662,0.9097744360902256,0.9135338345864662,0.8984962406015038,0.9135338345864662,0.9097744360902256,0.8984962406015038,0.8984962406015038,0.9135338345864662
G2-small15,0.2,41,G2-small15_e20_r041,0.5240174672489083,0.5240174672489083,0.519650655021834,0.5240174672489083,0.519650655021834,0.5222707423580786,0.519650655021834,0.519650655021834,0.5240174672489083
G2-small15,0.3,41,G2-small15_e30_r041,0.9333333333333333,0.9333333333333333,0.9333333333333333,0.9333333333333333,0.9333333333333333,0.9333333333333333,0.9333333333333333,0.9333333333333333,0.9333333333333333
G3-cluster,0.0,41,G3-cluster_e00_r041,0.9166666666666666,0.9166666666666666,0.9166666666666666,0.9166666666666666,0.9166666666666666,0.9166666666666666,0.9166666666666666,0.9166666666666666,0.9166666666666666
G3-cluster,0.1,41,G3-cluster_e10_r041,0.8992537313432836,0.8992537313432836,0.8992537313432836,0.8992537313432836,0.8992537313432836,0.8992537313432836,0.8992537313432836,0.8992537313432836,0.8992537313432836
G3-cluster,0.2,41,G3-cluster_e20_r041,0.5066666666666667,0.5066666666666667,0.5066666666666667,0.5066666666666667,0.5066666666666667,0.5066666666666667,0.5066666666666667,0.5066666666666667,0.5066666666666667
G3-cluster,0.3,41,G3-cluster_e30_r041,0.5422885572139303,0.5422885572139303,0.5422885572139303,0.5422885572139303,0.5422885572139303,0.5422885572139303,0.5422885572139303,0.5422885572139303,0.5422885572139303
G1-small20,0.0,42,G1-small20_e00_r042,0.9,0.8966666666666666,0.8966666666666666,0.8966666666666666,0.8966666666666666,0.8973333333333333,0.9,0.8966666666666666,0.9
G1-small20,0.1,42,G1-small20_e10_r042,0.9029850746268657,0.8955223880597015,0.8992537313432836,0.9029850746268657,0.8992537313432836,0.9,0.8992537313432836,0.8955223880597015,0.9029850746268657
G1-small20,0.2,42,G1-small20_e20_r042,0.9,0.9041666666666667,0.9,0.9041666666666667,0.9041666666666667,0.9025000000000001,0.9041666666666667,0.9,0.9041666666666667
G1-small20,0.3,42,G1-small20_e30_r042,0.5436893203883495,0.8155339805825242,0.8155339805825242,0.8155339805825242,0.8155339805825242,0.7611650485436894,0.8155339805825242,0.5436893203883495,0.8155339805825242
G2-small15,0.0,42,G2-small15_e00_r042,0.8666666666666667,0.8666666666666667,0.8666666666666667,0.8666666666666667,0.8666666666666667,0.8666666666666668,0.8666666666666667,0.8666666666666667,0.8666666666666667
G2-small15,0.1,42,G2-small15_e10_r042,0.9007633587786259,0.9007633587786259,0.9007633587786259,0.9007633587786259,0.9007633587786259,0.9007633587786259,0.9007633587786259,0.9007633587786259,0.9007633587786259
G2-small15,0.2,42,G2-small15_e20_r042,0.8947368421052632,0.8987854251012146,0.8987854251012146,0.8987854251012146,0.8947368421052632,0.8971659919028341,0.8947368421052632,0.8947368421052632,0.8987854251012146
G2-small15,0.3,42,G2-small15_e30_r042,0.8426395939086294,0.8426395939086294,0.8426395939086294,0.8426395939086294,0.8426395939086294,0.8426395939086294,0.8426395939086294,0.8426395939086294,0.8426395939086294
G3-cluster,0.0,42,G3-cluster_e00_r042,0.93,0.93,0.93,0.93,0.93,0.93,0.93,0.93,0.93
G3-cluster,0.1,42,G3-cluster_e10_r042,0.8996282527881041,0.8996282527881041,0.8996282527881041,0.8996282527881041,0.8996282527881041,0.8996282527881041,0.8996282527881041,0.8996282527881041,0.8996282527881041
G3-cluster,0.2,42,G3-cluster_e20_r042,0.9170305676855895,0.5414847161572053,0.5414847161572053,0.5414847161572053,0.5414847161572053,0.616593886462882,0.9170305676855895,0.5414847161572053,0.9170305676855895
G3-cluster,0.3,42,G3-cluster_e30_r042,0.5571428571428572,0.5571428571428572,0.5571428571428572,0.5571428571428572,0.5571428571428572,0.5571428571428572,0.5571428571428572,0.5571428571428572,0.5571428571428572
G1-small20,0.0,43,G1-small20_e00_r043,0.92,0.92,0.92,0.9233333333333333,0.93,0.9226666666666666,0.9233333333333333,0.92,0.93
G1-small20,0.1,43,G1-small20_e10_r043,0.8777777777777778,0.8777777777777778,0.8777777777777778,0.8777777777777778,0.8777777777777778,0.8777777777777779,0.8777777777777778,0.8777777777777778,0.8777777777777778
G1-small20,0.2,43,G1-small20_e20_r043,0.9356223175965666,0.9356223175965666,0.9356223175965666,0.9356223175965666,0.6266094420600858,0.8738197424892704,0.9356223175965666,0.6266094420600858,0.9356223175965666
G1-small20,0.3,43,G1-small20_e30_r043,0.7798165137614679,0.7844036697247706,0.926605504587156,0.8577981651376146,0.7844036697247706,0.8266055045871559,0.926605504587156,0.7798165137614679,0.926605504587156
G2-small15,0.0,43,G2-small15_e00_r043,0.8833333333333333,0.8866666666666667,0.8833333333333333,0.8833333333333333,0.8933333333333333,0.8859999999999999,0.8833333333333333,0.8833333333333333,0.8933333333333333
G2-small15,0.1,43,G2-small15_e10_r043,0.915129151291513,0.9077490774907749,0.915129151291513,0.9077490774907749,0.915129151291513,0.9121771217712178,0.915129151291513,0.9077490774907749,0.915129151291513
G2-small15,0.2,43,G2-small15_e20_r043,0.927710843373494,0.927710843373494,0.927710843373494,0.927710843373494,0.927710843373494,0.927710843373494,0.927710843373494,0.927710843373494,0.927710843373494
G2-small15,0.3,43,G2-small15_e30_r043,0.6126126126126126,0.5540540540540541,0.5495495495495496,0.5585585585585585,0.5900900900900901,0.572972972972973,0.5900900900900901,0.5495495495495496,0.6126126126126126
G3-cluster,0.0,43,G3-cluster_e00_r043,0.9133333333333333,0.9133333333333333,0.9133333333333333,0.9133333333333333,0.9166666666666666,0.914,0.9133333333333333,0.9133333333333333,0.9166666666666666
G3-cluster,0.1,43,G3-cluster_e10_r043,0.9026217228464419,0.9026217228464419,0.9026217228464419,0.9026217228464419,0.9026217228464419,0.9026217228464419,0.9026217228464419,0.9026217228464419,0.9026217228464419
G3-cluster,0.2,43,G3-cluster_e20_r043,0.9135802469135802,0.9135802469135802,0.9135802469135802,0.9135802469135802,0.9135802469135802,0.9135802469135802,0.9135802469135802,0.9135802469135802,0.9135802469135802
G3-cluster,0.3,43,G3-cluster_e30_r043,0.5024154589371981,0.5024154589371981,0.5024154589371981,0.5024154589371981,0.5024154589371981,0.5024154589371981,0.5024154589371981,0.5024154589371981,0.5024154589371981
G1-small20,0.0,44,G1-small20_e00_r044,0.8933333333333333,0.8933333333333333,0.8966666666666666,0.8933333333333333,0.8933333333333333,0.8939999999999999,0.8933333333333333,0.8933333333333333,0.8966666666666666
G1-small20,0.1,44,G1-small20_e10_r044,0.9014598540145985,0.9014598540145985,0.9087591240875912,0.9014598540145985,0.9087591240875912,0.9043795620437954,0.9087591240875912,0.9014598540145985,0.9087591240875912
G1-small20,0.2,44,G1-small20_e20_r044,0.9240506329113924,0.9240506329113924,0.9240506329113924,0.9240506329113924,0.9240506329113924,0.9240506329113923,0.9240506329113924,0.9240506329113924,0.9240506329113924
G1-small20,0.3,44,G1-small20_e30_r044,0.7874396135265701,0.9227053140096618,0.9227053140096618,0.7874396135265701,0.9227053140096618,0.8685990338164251,0.9227053140096618,0.7874396135265701,0.9227053140096618
G2-small15,0.0,44,G2-small15_e00_r044,0.9333333333333333,0.9333333333333333,0.9333333333333333,0.9333333333333333,0.9333333333333333,0.9333333333333333,0.9333333333333333,0.9333333333333333,0.9333333333333333
G2-small15,0.1,44,G2-small15_e10_r044,0.9163636363636364,0.9163636363636364,0.9163636363636364,0.9163636363636364,0.9163636363636364,0.9163636363636364,0.9163636363636364,0.9163636363636364,0.9163636363636364
G2-small15,0.2,44,G2-small15_e20_r044,0.9375,0.9375,0.9375,0.9375,0.9375,0.9375,0.9375,0.9375,0.9375
G2-small15,0.3,44,G2-small15_e30_r044,0.6438356164383562,0.821917808219178,0.5981735159817352,0.821917808219178,0.5981735159817352,0.6968036529680366,0.821917808219178,0.5981735159817352,0.821917808219178
G3-cluster,0.0,44,G3-cluster_e00_r044,0.91,0.91,0.9066666666666666,0.9066666666666666,0.91,0.9086666666666666,0.9066666666666666,0.9066666666666666,0.91
G3-cluster,0.1,44,G3-cluster_e10_r044,0.9330855018587361,0.9256505576208178,0.9330855018587361,0.9330855018587361,0.9330855018587361,0.9315985130111525,0.9330855018587361,0.9256505576208178,0.9330855018587361
G3-cluster,0.2,44,G3-cluster_e20_r044,0.5288888888888889,0.5288888888888889,0.5288888888888889,0.5288888888888889,0.5288888888888889,0.5288888888888889,0.5288888888888889,0.5288888888888889,0.5288888888888889
G3-cluster,0.3,44,G3-cluster_e30_r044,0.5377358490566038,0.5377358490566038,0.5377358490566038,0.5377358490566038,0.5377358490566038,0.5377358490566038,0.5377358490566038,0.5377358490566038,0.5377358490566038
G1-small20,0.0,45,G1-small20_e00_r045,0.8966666666666666,0.8966666666666666,0.8966666666666666,0.8933333333333333,0.8966666666666666,0.8959999999999999,0.8966666666666666,0.8933333333333333,0.8966666666666666
G1-small20,0.1,45,G1-small20_e10_r045,0.908745247148289,0.908745247148289,0.5399239543726235,0.9049429657794676,0.908745247148289,0.8342205323193916,0.908745247148289,0.5399239543726235,0.908745247148289
G1-small20,0.2,45,G1-small20_e20_r045,0.5316455696202531,0.9156118143459916,0.9071729957805907,0.9156118143459916,0.9071729957805907,0.8354430379746836,0.9156118143459916,0.5316455696202531,0.9156118143459916
G1-small20,0.3,45,G1-small20_e30_r045,0.8803827751196173,0.8277511961722488,0.6555023923444976,0.6555023923444976,0.8421052631578947,0.7722488038277512,0.8803827751196173,0.6555023923444976,0.8803827751196173
G2-small15,0.0,45,G2-small15_e00_r045,0.9066666666666666,0.9066666666666666,0.9,0.9066666666666666,0.9066666666666666,0.9053333333333333,0.9066666666666666,0.9,0.9066666666666666
G2-small15,0.1,45,G2-small15_e10_r045,0.8909090909090909,0.8909090909090909,0.8909090909090909,0.8909090909090909,0.8909090909090909,0.8909090909090909,0.8909090909090909,0.8909090909090909,0.8909090909090909
G2-small15,0.2,45,G2-small15_e20_r045,0.9063829787234042,0.9063829787234042,0.7531914893617021,0.7021276595744681,0.9063829787234042,0.8348936170212766,0.9063829787234042,0.7021276595744681,0.9063829787234042
G2-small15,0.3,45,G2-small15_e30_r045,0.8341232227488151,0.7156398104265402,0.8341232227488151,0.7156398104265402,0.8341232227488151,0.7867298578199051,0.8341232227488151,0.7156398104265402,0.8341232227488151
G3-cluster,0.0,45,G3-cluster_e00_r045,0.92,0.92,0.92,0.9266666666666666,0.9266666666666666,0.9226666666666666,0.92,0.92,0.9266666666666666
G3-cluster,0.1,45,G3-cluster_e10_r045,0.9022556390977443,0.8984962406015038,0.9022556390977443,0.9022556390977443,0.9022556390977443,0.9015037593984963,0.8984962406015038,0.8984962406015038,0.9022556390977443
G3-cluster,0.2,45,G3-cluster_e20_r045,0.9130434782608695,0.5173913043478261,0.908695652173913,0.5173913043478261,0.5173913043478261,0.6747826086956521,0.5173913043478261,0.5173913043478261,0.9130434782608695
G3-cluster,0.3,45,G3-cluster_e30_r045,0.5353982300884956,0.8982300884955752,0.5353982300884956,0.8982300884955752,0.5353982300884956,0.6805309734513274,0.5353982300884956,0.5353982300884956,0.8982300884955752
G1-small20,0.0,46,G1-small20_e00_r046,0.88,0.88,0.8833333333333333,0.88,0.88,0.8806666666666667,0.8833333333333333,0.88,0.8833333333333333
G1-small20,0.1,46,G1-small20_e10_r046,0.9003690036900369,0.9077490774907749,0.9003690036900369,0.9003690036900369,0.9077490774907749,0.9033210332103321,0.9077490774907749,0.9003690036900369,0.9077490774907749
G1-small20,0.2,46,G1-small20_e20_r046,0.9076305220883534,0.9076305220883534,0.9076305220883534,0.9076305220883534,0.6626506024096386,0.8586345381526105,0.9076305220883534,0.6626506024096386,0.9076305220883534
G1-small20,0.3,46,G1-small20_e30_r046,0.8316831683168316,0.8316831683168316,0.6386138613861386,0.8316831683168316,0.8316831683168316,0.793069306930693,0.8316831683168316,0.6386138613861386,0.8316831683168316
G2-small15,0.0,46,G2-small15_e00_r046,0.9166666666666666,0.9166666666666666,0.9133333333333333,0.9133333333333333,0.9133333333333333,0.9146666666666666,0.9133333333333333,0.9133333333333333,0.9166666666666666
G2-small15,0.1,46,G2-small15_e10_r046,0.9217081850533808,0.9217081850533808,0.9217081850533808,0.9217081850533808,0.9181494661921709,0.9209964412811388,0.9217081850533808,0.9181494661921709,0.9217081850533808
G2-small15,0.2,46,G2-small15_e20_r046,0.6477732793522267,0.8744939271255061,0.8704453441295547,0.8744939271255061,0.6477732793522267,0.7829959514170041,0.8744939271255061,0.6477732793522267,0.8744939271255061
G2-small15,0.3,46,G2-small15_e30_r046,0.5534883720930233,0.5534883720930233,0.8744186046511628,0.8418604651162791,0.5720930232558139,0.6790697674418604,0.8744186046511628,0.5534883720930233,0.8744186046511628
G3-cluster,0.0,46,G3-cluster_e00_r046,0.9266666666666666,0.9266666666666666,0.9266666666666666,0.9266666666666666,0.9266666666666666,0.9266666666666665,0.9266666666666666,0.9266666666666666,0.9266666666666666
G3-cluster,0.1,46,G3-cluster_e10_r046,0.8823529411764706,0.8823529411764706,0.8823529411764706,0.8823529411764706,0.8823529411764706,0.8823529411764707,0.8823529411764706,0.8823529411764706,0.8823529411764706
G3-cluster,0.2,46,G3-cluster_e20_r046,0.8821138211382114,0.516260162601626,0.516260162601626,0.8821138211382114,0.8821138211382114,0.7357723577235772,0.8821138211382114,0.516260162601626,0.8821138211382114
G3-cluster,0.3,46,G3-cluster_e30_r046,0.5458937198067633,0.5458937198067633,0.5458937198067633,0.5458937198067633,0.5458937198067633,0.5458937198067633,0.5458937198067633,0.5458937198067633,0.5458937198067633
G1-small20,0.0,47,G1-small20_e00_r047,0.95,0.9533333333333334,0.95,0.95,0.95,0.9506666666666668,0.9533333333333334,0.95,0.9533333333333334
G1-small20,0.1,47,G1-small20_e10_r047,0.9101123595505618,0.9101123595505618,0.9101123595505618,0.9101123595505618,0.9101123595505618,0.9101123595505618,0.9101123595505618,0.9101123595505618,0.9101123595505618
G1-small20,0.2,47,G1-small20_e20_r047,0.9142857142857143,0.9142857142857143,0.9142857142857143,0.9142857142857143,0.9142857142857143,0.9142857142857143,0.9142857142857143,0.9142857142857143,0.9142857142857143
G1-small20,0.3,47,G1-small20_e30_r047,0.5545023696682464,0.8151658767772512,0.5497630331753555,0.5497630331753555,0.8151658767772512,0.656872037914692,0.8151658767772512,0.5497630331753555,0.8151658767772512
G2-small15,0.0,47,G2-small15_e00_r047,0.93,0.93,0.9266666666666666,0.93,0.93,0.9293333333333333,0.9266666666666666,0.9266666666666666,0.93
G2-small15,0.1,47,G2-small15_e10_r047,0.9384615384615385,0.9384615384615385,0.9384615384615385,0.9384615384615385,0.9384615384615385,0.9384615384615385,0.9384615384615385,0.9384615384615385,0.9384615384615385
G2-small15,0.2,47,G2-small15_e20_r047,0.9221311475409836,0.9221311475409836,0.9262295081967213,0.9262295081967213,0.9221311475409836,0.9237704918032786,0.9262295081967213,0.9221311475409836,0.9262295081967213
G2-small15,0.3,47,G2-small15_e30_r047,0.8125,0.8125,0.8125,0.8125,0.8125,0.8125,0.8125,0.8125,0.8125
G3-cluster,0.0,47,G3-cluster_e00_r047,0.8833333333333333,0.8766666666666667,0.88,0.88,0.8766666666666667,0.8793333333333333,0.8833333333333333,0.8766666666666667,0.8833333333333333
G3-cluster,0.1,47,G3-cluster_e10_r047,0.9307692307692308,0.9307692307692308,0.9307692307692308,0.926923076923077,0.9307692307692308,0.93,0.9307692307692308,0.926923076923077,0.9307692307692308
G3-cluster,0.2,47,G3-cluster_e20_r047,0.9012875536480687,0.5107296137339056,0.9055793991416309,0.9055793991416309,0.5107296137339056,0.7467811158798282,0.9012875536480687,0.5107296137339056,0.9055793991416309
G3-cluster,0.3,47,G3-cluster_e30_r047,0.5288461538461539,0.5288461538461539,0.5288461538461539,0.5288461538461539,0.5288461538461539,0.5288461538461539,0.5288461538461539,0.5288461538461539,0.5288461538461539
G1-small20,0.0,48,G1-small20_e00_r048,0.93,0.9266666666666666,0.93,0.93,0.9266666666666666,0.9286666666666668,0.9266666666666666,0.9266666666666666,0.93
G1-small20,0.1,48,G1-small20_e10_r048,0.900709219858156,0.9042553191489362,0.900709219858156,0.9078014184397163,0.9042553191489362,0.9035460992907801,0.9078014184397163,0.900709219858156,0.9078014184397163
G1-small20,0.2,48,G1-small20_e20_r048,0.8982300884955752,0.8982300884955752,0.8097345132743363,0.5796460176991151,0.8982300884955752,0.8168141592920353,0.8982300884955752,0.5796460176991151,0.8982300884955752
G1-small20,0.3,48,G1-small20_e30_r048,0.6153846153846154,0.8365384615384616,0.8365384615384616,0.5673076923076923,0.8365384615384616,0.7384615384615385,0.6153846153846154,0.5673076923076923,0.8365384615384616
G2-small15,0.0,48,G2-small15_e00_r048,0.8933333333333333,0.8933333333333333,0.8933333333333333,0.8933333333333333,0.8933333333333333,0.8933333333333333,0.8933333333333333,0.8933333333333333,0.8933333333333333
G2-small15,0.1,48,G2-small15_e10_r048,0.9026217228464419,0.9063670411985019,0.9026217228464419,0.9026217228464419,0.9063670411985019,0.9041198501872658,0.9063670411985019,0.9026217228464419,0.9063670411985019
G2-small15,0.2,48,G2-small15_e20_r048,0.9083665338645418,0.9083665338645418,0.9083665338645418,0.9083665338645418,0.9083665338645418,0.9083665338645417,0.9083665338645418,0.9083665338645418,0.9083665338645418
G2-small15,0.3,48,G2-small15_e30_r048,0.848780487804878,0.848780487804878,0.848780487804878,0.5024390243902439,0.5121951219512195,0.7121951219512195,0.848780487804878,0.5024390243902439,0.848780487804878
G3-cluster,0.0,48,G3-cluster_e00_r048,0.8966666666666666,0.9033333333333333,0.8966666666666666,0.8966666666666666,0.8966666666666666,0.8979999999999999,0.8966666666666666,0.8966666666666666,0.9033333333333333
G3-cluster,0.1,48,G3-cluster_e10_r048,0.9074074074074074,0.9074074074074074,0.9074074074074074,0.9074074074074074,0.9074074074074074,0.9074074074074074,0.9074074074074074,0.9074074074074074,0.9074074074074074
G3-cluster,0.2,48,G3-cluster_e20_r048,0.5186721991701245,0.9294605809128631,0.5186721991701245,0.9336099585062241,0.9336099585062241,0.7668049792531122,0.9294605809128631,0.5186721991701245,0.9336099585062241
G3-cluster,0.3,48,G3-cluster_e30_r048,0.5634517766497462,0.5634517766497462,0.5634517766497462,0.5634517766497462,0.5634517766497462,0.5634517766497462,0.5634517766497462,0.5634517766497462,0.5634517766497462
G1-small20,0.0,49,G1-small20_e00_r049,0.9066666666666666,0.9066666666666666,0.9066666666666666,0.9066666666666666,0.9066666666666666,0.9066666666666666,0.9066666666666666,0.9066666666666666,0.9066666666666666
G1-small20,0.1,49,G1-small20_e10_r049,0.9111111111111111,0.9111111111111111,0.9111111111111111,0.9111111111111111,0.9111111111111111,0.9111111111111111,0.9111111111111111,0.9111111111111111,0.9111111111111111
G1-small20,0.2,49,G1-small20_e20_r049,0.91701244813278,0.91701244813278,0.91701244813278,0.91701244813278,0.91701244813278,0.91701244813278,0.91701244813278,0.91701244813278,0.91701244813278
G1-small20,0.3,49,G1-small20_e30_r049,0.9154929577464789,0.7089201877934272,0.5492957746478874,0.7605633802816901,0.5352112676056338,0.6938967136150234,0.9154929577464789,0.5352112676056338,0.9154929577464789
G2-small15,0.0,49,G2-small15_e00_r049,0.9033333333333333,0.9033333333333333,0.9033333333333333,0.9033333333333333,0.9033333333333333,0.9033333333333333,0.9033333333333333,0.9033333333333333,0.9033333333333333
G2-small15,0.1,49,G2-small15_e10_r049,0.8917910447761194,0.8955223880597015,0.8917910447761194,0.8917910447761194,0.8992537313432836,0.8940298507462685,0.8955223880597015,0.8917910447761194,0.8992537313432836
G2-small15,0.2,49,G2-small15_e20_r049,0.9090909090909091,0.9090909090909091,0.9090909090909091,0.9090909090909091,0.8961038961038961,0.9064935064935064,0.9090909090909091,0.8961038961038961,0.9090909090909091
G2-small15,0.3,49,G2-small15_e30_r049,0.8403755868544601,0.5023474178403756,0.8403755868544601,0.8403755868544601,0.8403755868544601,0.7727699530516432,0.8403755868544601,0.5023474178403756,0.8403755868544601
G3-cluster,0.0,49,G3-cluster_e00_r049,0.9266666666666666,0.9266666666666666,0.9266666666666666,0.9266666666666666,0.9266666666666666,0.9266666666666665,0.9266666666666666,0.9266666666666666,0.9266666666666666
G3-cluster,0.1,49,G3-cluster_e10_r049,0.917910447761194,0.917910447761194,0.9216417910447762,0.917910447761194,0.917910447761194,0.9186567164179105,0.9216417910447762,0.917910447761194,0.9216417910447762
G3-cluster,0.2,49,G3-cluster_e20_r049,0.5042372881355932,0.9194915254237288,0.5042372881355932,0.9449152542372882,0.5042372881355932,0.6754237288135594,0.9449152542372882,0.5042372881355932,0.9449152542372882
G3-cluster,0.3,49,G3-cluster_e30_r049,0.5380710659898477,0.5380710659898477,0.5380710659898477,0.5380710659898477,0.5380710659898477,0.5380710659898477,0.5380710659898477,0.5380710659898477,0.5380710659898477
