design,eps,rep,unit,alg1,base,min_w=0.4,min_w=0.6,wide=2,wide=4,min_frac=0.02,min_frac=0.05,restr=8,restr=20,margin/2,margin*2,max_alpha=0.25,max_alpha=0.40
G1-small20,0.0,0,G1-small20_e00_r000,0.9266666666666666,0.9266666666666666,0.9266666666666666,0.9266666666666666,0.9266666666666666,0.9266666666666666,0.9266666666666666,0.9266666666666666,0.9266666666666666,0.9266666666666666,0.9266666666666666,0.9266666666666666,0.9266666666666666,0.9266666666666666
G1-small20,0.1,0,G1-small20_e10_r000,0.5358490566037736,0.9509433962264151,0.9509433962264151,0.9509433962264151,0.9509433962264151,0.9509433962264151,0.9509433962264151,0.9509433962264151,0.9509433962264151,0.9509433962264151,0.9509433962264151,0.9509433962264151,0.9509433962264151,0.9509433962264151
G1-small20,0.2,0,G1-small20_e20_r000,0.9071729957805907,0.9071729957805907,0.9071729957805907,0.9071729957805907,0.9071729957805907,0.9071729957805907,0.9071729957805907,0.9071729957805907,0.9071729957805907,0.9071729957805907,0.9071729957805907,0.9071729957805907,0.9071729957805907,0.9071729957805907
G1-small20,0.3,0,G1-small20_e30_r000,0.5113122171945701,0.5113122171945701,0.5113122171945701,0.5113122171945701,0.5113122171945701,0.5113122171945701,0.5113122171945701,0.5113122171945701,0.5113122171945701,0.5113122171945701,0.5113122171945701,0.5113122171945701,0.5113122171945701,0.8823529411764706
G2-small15,0.0,0,G2-small15_e00_r000,0.5366666666666666,0.94,0.94,0.94,0.94,0.94,0.94,0.94,0.94,0.94,0.94,0.94,0.94,0.94
G2-small15,0.1,0,G2-small15_e10_r000,0.924812030075188,0.924812030075188,0.924812030075188,0.924812030075188,0.924812030075188,0.924812030075188,0.924812030075188,0.924812030075188,0.924812030075188,0.924812030075188,0.924812030075188,0.924812030075188,0.924812030075188,0.924812030075188
G2-small15,0.2,0,G2-small15_e20_r000,0.5930735930735931,0.8917748917748918,0.8917748917748918,0.8917748917748918,0.8917748917748918,0.8917748917748918,0.8917748917748918,0.8917748917748918,0.8917748917748918,0.8917748917748918,0.8917748917748918,0.8917748917748918,0.5930735930735931,0.8917748917748918
G2-small15,0.3,0,G2-small15_e30_r000,0.5675675675675675,0.5675675675675675,0.5675675675675675,0.5675675675675675,0.5675675675675675,0.5675675675675675,0.5675675675675675,0.5675675675675675,0.5675675675675675,0.5675675675675675,0.5675675675675675,0.5675675675675675,0.5675675675675675,0.5675675675675675
G3-cluster,0.0,0,G3-cluster_e00_r000,0.9033333333333333,0.9033333333333333,0.9033333333333333,0.9033333333333333,0.9033333333333333,0.9033333333333333,0.9033333333333333,0.9033333333333333,0.9033333333333333,0.9033333333333333,0.9033333333333333,0.9033333333333333,0.9033333333333333,0.9033333333333333
G3-cluster,0.1,0,G3-cluster_e10_r000,0.8920863309352518,0.8920863309352518,0.8920863309352518,0.8920863309352518,0.8920863309352518,0.8920863309352518,0.8920863309352518,0.8920863309352518,0.8920863309352518,0.8920863309352518,0.8920863309352518,0.8920863309352518,0.8920863309352518,0.8920863309352518
G3-cluster,0.2,0,G3-cluster_e20_r000,0.8943089430894309,0.8943089430894309,0.8943089430894309,0.8943089430894309,0.8943089430894309,0.8943089430894309,0.8943089430894309,0.8943089430894309,0.8943089430894309,0.8943089430894309,0.8943089430894309,0.8943089430894309,0.8943089430894309,0.8943089430894309
G3-cluster,0.3,0,G3-cluster_e30_r000,0.5078534031413613,0.5078534031413613,0.5078534031413613,0.5078534031413613,0.5078534031413613,0.5078534031413613,0.5078534031413613,0.5078534031413613,0.5078534031413613,0.5078534031413613,0.5078534031413613,0.5078534031413613,0.5078534031413613,0.5078534031413613
G1-small20,0.0,1,G1-small20_e00_r001,0.6266666666666667,0.9233333333333333,0.9233333333333333,0.9233333333333333,0.9233333333333333,0.9233333333333333,0.9233333333333333,0.9233333333333333,0.9233333333333333,0.9233333333333333,0.9233333333333333,0.9233333333333333,0.9233333333333333,0.9233333333333333
G1-small20,0.1,1,G1-small20_e10_r001,0.9067164179104478,0.9067164179104478,0.9067164179104478,0.9067164179104478,0.9067164179104478,0.9067164179104478,0.9067164179104478,0.9067164179104478,0.9067164179104478,0.9067164179104478,0.9067164179104478,0.9067164179104478,0.9067164179104478,0.9067164179104478
G1-small20,0.2,1,G1-small20_e20_r001,0.5061224489795918,0.9306122448979591,0.9306122448979591,0.9306122448979591,0.9306122448979591,0.9306122448979591,0.9306122448979591,0.9306122448979591,0.9306122448979591,0.9306122448979591,0.9306122448979591,0.9306122448979591,0.5061224489795918,0.9306122448979591
G1-small20,0.3,1,G1-small20_e30_r001,0.883495145631068,0.883495145631068,0.883495145631068,0.883495145631068,0.883495145631068,0.883495145631068,0.883495145631068,0.883495145631068,0.883495145631068,0.883495145631068,0.883495145631068,0.883495145631068,0.883495145631068,0.883495145631068
G2-small15,0.0,1,G2-small15_e00_r001,0.5133333333333333,0.8933333333333333,0.8933333333333333,0.8933333333333333,0.8933333333333333,0.8933333333333333,0.8933333333333333,0.8933333333333333,0.8933333333333333,0.8933333333333333,0.8933333333333333,0.8933333333333333,0.8933333333333333,0.8933333333333333
G2-small15,0.1,1,G2-small15_e10_r001,0.5127272727272727,0.9236363636363636,0.9236363636363636,0.9236363636363636,0.9236363636363636,0.9236363636363636,0.9236363636363636,0.9236363636363636,0.9236363636363636,0.9236363636363636,0.9236363636363636,0.9236363636363636,0.9236363636363636,0.9236363636363636
G2-small15,0.2,1,G2-small15_e20_r001,0.5130434782608696,0.9043478260869565,0.9043478260869565,0.9043478260869565,0.9043478260869565,0.9043478260869565,0.9043478260869565,0.9043478260869565,0.9043478260869565,0.9043478260869565,0.9043478260869565,0.9043478260869565,0.5130434782608696,0.9043478260869565
G2-small15,0.3,1,G2-small15_e30_r001,0.855,0.855,0.855,0.855,0.855,0.855,0.855,0.855,0.855,0.855,0.855,0.855,0.855,0.855
G3-cluster,0.0,1,G3-cluster_e00_r001,0.9266666666666666,0.9266666666666666,0.9266666666666666,0.9266666666666666,0.9266666666666666,0.9266666666666666,0.9266666666666666,0.9266666666666666,0.9266666666666666,0.9266666666666666,0.9266666666666666,0.9266666666666666,0.9266666666666666,0.9266666666666666
G3-cluster,0.1,1,G3-cluster_e10_r001,0.9222222222222223,0.9222222222222223,0.9222222222222223,0.9222222222222223,0.9222222222222223,0.9222222222222223,0.9222222222222223,0.9222222222222223,0.9222222222222223,0.9222222222222223,0.9222222222222223,0.9222222222222223,0.9222222222222223,0.9222222222222223
G3-cluster,0.2,1,G3-cluster_e20_r001,0.5311203319502075,0.5311203319502075,0.5311203319502075,0.5311203319502075,0.5311203319502075,0.5311203319502075,0.9087136929460581,0.5311203319502075,0.5311203319502075,0.5311203319502075,0.5311203319502075,0.5311203319502075,0.5311203319502075,0.5311203319502075
G3-cluster,0.3,1,G3-cluster_e30_r001,0.5550239234449761,0.5550239234449761,0.5550239234449761,0.5550239234449761,0.5550239234449761,0.5550239234449761,0.5550239234449761,0.5550239234449761,0.5550239234449761,0.5550239234449761,0.5550239234449761,0.5550239234449761,0.5550239234449761,0.5550239234449761
G1-small20,0.0,2,G1-small20_e00_r002,0.91,0.91,0.91,0.91,0.91,0.91,0.91,0.91,0.91,0.91,0.91,0.91,0.91,0.91
G1-small20,0.1,2,G1-small20_e10_r002,0.5481481481481482,0.9407407407407408,0.9407407407407408,0.9407407407407408,0.9407407407407408,0.9407407407407408,0.9407407407407408,0.9407407407407408,0.9407407407407408,0.9407407407407408,0.9407407407407408,0.9407407407407408,0.9407407407407408,0.9407407407407408
G1-small20,0.2,2,G1-small20_e20_r002,0.9382716049382716,0.9382716049382716,0.9382716049382716,0.9382716049382716,0.9382716049382716,0.9382716049382716,0.9382716049382716,0.9382716049382716,0.9382716049382716,0.9382716049382716,0.9382716049382716,0.9382716049382716,0.9382716049382716,0.9382716049382716
G1-small20,0.3,2,G1-small20_e30_r002,0.8292682926829268,0.8292682926829268,0.8292682926829268,0.8292682926829268,0.8292682926829268,0.8292682926829268,0.8292682926829268,0.8292682926829268,0.8292682926829268,0.8292682926829268,0.8292682926829268,0.8292682926829268,0.8292682926829268,0.8292682926829268
G2-small15,0.0,2,G2-small15_e00_r002,0.51,0.88,0.88,0.88,0.88,0.88,0.88,0.88,0.88,0.88,0.88,0.88,0.88,0.88
G2-small15,0.1,2,G2-small15_e10_r002,0.5092936802973977,0.9256505576208178,0.9256505576208178,0.9256505576208178,0.9256505576208178,0.9256505576208178,0.9256505576208178,0.9256505576208178,0.9256505576208178,0.9256505576208178,0.9256505576208178,0.9256505576208178,0.9256505576208178,0.9256505576208178
G2-small15,0.2,2,G2-small15_e20_r002,0.5163934426229508,0.8934426229508197,0.8934426229508197,0.8934426229508197,0.8934426229508197,0.8934426229508197,0.8934426229508197,0.8934426229508197,0.8934426229508197,0.8934426229508197,0.8934426229508197,0.8934426229508197,0.5163934426229508,0.8934426229508197
G2-small15,0.3,2,G2-small15_e30_r002,0.8512820512820513,0.8512820512820513,0.8512820512820513,0.8512820512820513,0.8512820512820513,0.8512820512820513,0.8512820512820513,0.8512820512820513,0.8512820512820513,0.8512820512820513,0.8512820512820513,0.8512820512820513,0.8512820512820513,0.8512820512820513
G3-cluster,0.0,2,G3-cluster_e00_r002,0.92,0.92,0.92,0.92,0.92,0.92,0.92,0.92,0.92,0.92,0.92,0.92,0.92,0.92
G3-cluster,0.1,2,G3-cluster_e10_r002,0.9185185185185185,0.9185185185185185,0.9185185185185185,0.9185185185185185,0.9185185185185185,0.9185185185185185,0.9185185185185185,0.9185185185185185,0.9185185185185185,0.9185185185185185,0.9185185185185185,0.9185185185185185,0.9185185185185185,0.9185185185185185
G3-cluster,0.2,2,G3-cluster_e20_r002,0.521551724137931,0.521551724137931,0.521551724137931,0.521551724137931,0.521551724137931,0.521551724137931,0.521551724137931,0.521551724137931,0.521551724137931,0.521551724137931,0.521551724137931,0.521551724137931,0.521551724137931,0.521551724137931
G3-cluster,0.3,2,G3-cluster_e30_r002,0.5275229357798165,0.5275229357798165,0.5275229357798165,0.5275229357798165,0.5275229357798165,0.5275229357798165,0.5275229357798165,0.5275229357798165,0.8761467889908257,0.5275229357798165,0.5275229357798165,0.5275229357798165,0.5275229357798165,0.5275229357798165
G1-small20,0.0,3,G1-small20_e00_r003,0.89,0.89,0.89,0.89,0.89,0.89,0.89,0.89,0.89,0.89,0.89,0.89,0.89,0.89
G1-small20,0.1,3,G1-small20_e10_r003,0.9166666666666666,0.9166666666666666,0.9166666666666666,0.9166666666666666,0.9166666666666666,0.9166666666666666,0.9166666666666666,0.9166666666666666,0.9166666666666666,0.9166666666666666,0.9166666666666666,0.9166666666666666,0.9166666666666666,0.9166666666666666
G1-small20,0.2,3,G1-small20_e20_r003,0.91701244813278,0.91701244813278,0.91701244813278,0.91701244813278,0.91701244813278,0.91701244813278,0.91701244813278,0.91701244813278,0.91701244813278,0.91701244813278,0.91701244813278,0.91701244813278,0.91701244813278,0.91701244813278
G1-small20,0.3,3,G1-small20_e30_r003,0.835,0.835,0.835,0.835,0.835,0.835,0.835,0.835,0.835,0.835,0.835,0.835,0.835,0.835
G2-small15,0.0,3,G2-small15_e00_r003,0.5033333333333333,0.9266666666666666,0.9266666666666666,0.9266666666666666,0.9266666666666666,0.9266666666666666,0.9266666666666666,0.9266666666666666,0.9266666666666666,0.9266666666666666,0.9266666666666666,0.9266666666666666,0.9266666666666666,0.9266666666666666
G2-small15,0.1,3,G2-small15_e10_r003,0.5144927536231884,0.8913043478260869,0.8913043478260869,0.8913043478260869,0.8913043478260869,0.8913043478260869,0.8913043478260869,0.8913043478260869,0.8913043478260869,0.8913043478260869,0.8913043478260869,0.8913043478260869,0.8913043478260869,0.8913043478260869
G2-small15,0.2,3,G2-small15_e20_r003,0.5319148936170213,0.9234042553191489,0.9234042553191489,0.9234042553191489,0.9234042553191489,0.9234042553191489,0.9234042553191489,0.9234042553191489,0.9234042553191489,0.9234042553191489,0.9234042553191489,0.9234042553191489,0.5319148936170213,0.9234042553191489
G2-small15,0.3,3,G2-small15_e30_r003,0.845,0.845,0.845,0.845,0.845,0.845,0.845,0.845,0.845,0.845,0.845,0.845,0.845,0.845
G3-cluster,0.0,3,G3-cluster_e00_r003,0.89,0.89,0.89,0.89,0.89,0.89,0.89,0.89,0.89,0.89,0.89,0.89,0.89,0.89
G3-cluster,0.1,3,G3-cluster_e10_r003,0.8966789667896679,0.8966789667896679,0.8966789667896679,0.8966789667896679,0.8966789667896679,0.8966789667896679,0.8966789667896679,0.8966789667896679,0.8966789667896679,0.8966789667896679,0.8966789667896679,0.8966789667896679,0.8966789667896679,0.8966789667896679
G3-cluster,0.2,3,G3-cluster_e20_r003,0.9166666666666666,0.9166666666666666,0.9166666666666666,0.9166666666666666,0.9166666666666666,0.9166666666666666,0.9166666666666666,0.9166666666666666,0.9166666666666666,0.9166666666666666,0.9166666666666666,0.9166666666666666,0.9166666666666666,0.9166666666666666
G3-cluster,0.3,3,G3-cluster_e30_r003,0.5637254901960784,0.5637254901960784,0.5637254901960784,0.5637254901960784,0.5637254901960784,0.5637254901960784,0.5637254901960784,0.5637254901960784,0.5637254901960784,0.5637254901960784,0.5637254901960784,0.5637254901960784,0.5637254901960784,0.5637254901960784
G1-small20,0.0,4,G1-small20_e00_r004,0.9333333333333333,0.9333333333333333,0.9333333333333333,0.9333333333333333,0.9333333333333333,0.9333333333333333,0.9333333333333333,0.9333333333333333,0.9333333333333333,0.9333333333333333,0.9333333333333333,0.9333333333333333,0.9333333333333333,0.9333333333333333
G1-small20,0.1,4,G1-small20_e10_r004,0.5836431226765799,0.9070631970260223,0.9070631970260223,0.9070631970260223,0.9070631970260223,0.9070631970260223,0.9070631970260223,0.9070631970260223,0.9070631970260223,0.9070631970260223,0.9070631970260223,0.9070631970260223,0.9070631970260223,0.9070631970260223
G1-small20,0.2,4,G1-small20_e20_r004,0.9004149377593361,0.9004149377593361,0.9004149377593361,0.9004149377593361,0.9004149377593361,0.9004149377593361,0.9004149377593361,0.9004149377593361,0.9004149377593361,0.9004149377593361,0.9004149377593361,0.9004149377593361,0.9004149377593361,0.9004149377593361
G1-small20,0.3,4,G1-small20_e30_r004,0.8177339901477833,0.8177339901477833,0.8177339901477833,0.8177339901477833,0.8177339901477833,0.8177339901477833,0.8177339901477833,0.8177339901477833,0.8177339901477833,0.8177339901477833,0.8177339901477833,0.8177339901477833,0.8177339901477833,0.8177339901477833
G2-small15,0.0,4,G2-small15_e00_r004,0.58,0.9066666666666666,0.9066666666666666,0.9066666666666666,0.58,0.9066666666666666,0.9066666666666666,0.9066666666666666,0.9066666666666666,0.9066666666666666,0.9066666666666666,0.9066666666666666,0.9066666666666666,0.9066666666666666
G2-small15,0.1,4,G2-small15_e10_r004,0.5535055350553506,0.9298892988929889,0.9298892988929889,0.9298892988929889,0.9298892988929889,0.9298892988929889,0.9298892988929889,0.9298892988929889,0.9298892988929889,0.9298892988929889,0.9298892988929889,0.9298892988929889,0.9298892988929889,0.9298892988929889
G2-small15,0.2,4,G2-small15_e20_r004,0.5102040816326531,0.8857142857142857,0.8857142857142857,0.8857142857142857,0.8857142857142857,0.8857142857142857,0.8857142857142857,0.8857142857142857,0.8857142857142857,0.8857142857142857,0.8857142857142857,0.8857142857142857,0.5102040816326531,0.8857142857142857
G2-small15,0.3,4,G2-small15_e30_r004,0.5047619047619047,0.5047619047619047,0.5047619047619047,0.5047619047619047,0.5047619047619047,0.5047619047619047,0.5047619047619047,0.5047619047619047,0.5047619047619047,0.5047619047619047,0.5047619047619047,0.5047619047619047,0.5047619047619047,0.5047619047619047
G3-cluster,0.0,4,G3-cluster_e00_r004,0.9066666666666666,0.9066666666666666,0.9066666666666666,0.9066666666666666,0.9066666666666666,0.9066666666666666,0.9066666666666666,0.9066666666666666,0.9066666666666666,0.9066666666666666,0.9066666666666666,0.9066666666666666,0.9066666666666666,0.9066666666666666
G3-cluster,0.1,4,G3-cluster_e10_r004,0.9051094890510949,0.9051094890510949,0.9051094890510949,0.9051094890510949,0.9051094890510949,0.9051094890510949,0.9051094890510949,0.9051094890510949,0.9051094890510949,0.9051094890510949,0.9051094890510949,0.9051094890510949,0.9051094890510949,0.9051094890510949
G3-cluster,0.2,4,G3-cluster_e20_r004,0.926923076923077,0.926923076923077,0.926923076923077,0.926923076923077,0.926923076923077,0.926923076923077,0.926923076923077,0.926923076923077,0.926923076923077,0.926923076923077,0.926923076923077,0.926923076923077,0.926923076923077,0.926923076923077
G3-cluster,0.3,4,G3-cluster_e30_r004,0.5255102040816326,0.5255102040816326,0.5255102040816326,0.5255102040816326,0.5255102040816326,0.5255102040816326,0.5255102040816326,0.5255102040816326,0.5255102040816326,0.5255102040816326,0.5255102040816326,0.5255102040816326,0.5255102040816326,0.5255102040816326
G1-small20,0.0,5,G1-small20_e00_r005,0.89,0.89,0.89,0.89,0.89,0.89,0.89,0.89,0.89,0.89,0.89,0.89,0.89,0.89
G1-small20,0.1,5,G1-small20_e10_r005,0.8978102189781022,0.8978102189781022,0.8978102189781022,0.8978102189781022,0.8978102189781022,0.8978102189781022,0.8978102189781022,0.8978102189781022,0.8978102189781022,0.8978102189781022,0.8978102189781022,0.8978102189781022,0.8978102189781022,0.8978102189781022
G1-small20,0.2,5,G1-small20_e20_r005,0.5598290598290598,0.8888888888888888,0.8888888888888888,0.8888888888888888,0.8888888888888888,0.8888888888888888,0.8888888888888888,0.8888888888888888,0.8888888888888888,0.8888888888888888,0.8888888888888888,0.8888888888888888,0.5598290598290598,0.8888888888888888
G1-small20,0.3,5,G1-small20_e30_r005,0.5211267605633803,0.5211267605633803,0.5211267605633803,0.5211267605633803,0.5211267605633803,0.5211267605633803,0.5211267605633803,0.5211267605633803,0.5211267605633803,0.5211267605633803,0.5211267605633803,0.5211267605633803,0.5211267605633803,0.9014084507042254
G2-small15,0.0,5,G2-small15_e00_r005,0.5333333333333333,0.9033333333333333,0.9033333333333333,0.9033333333333333,0.9033333333333333,0.9033333333333333,0.9033333333333333,0.9033333333333333,0.9033333333333333,0.9033333333333333,0.9033333333333333,0.9033333333333333,0.9033333333333333,0.9033333333333333
G2-small15,0.1,5,G2-small15_e10_r005,0.9101123595505618,0.9101123595505618,0.9101123595505618,0.9101123595505618,0.9101123595505618,0.9101123595505618,0.9101123595505618,0.9101123595505618,0.9101123595505618,0.9101123595505618,0.9101123595505618,0.9101123595505618,0.9101123595505618,0.9101123595505618
G2-small15,0.2,5,G2-small15_e20_r005,0.5311203319502075,0.5311203319502075,0.5311203319502075,0.5311203319502075,0.5311203319502075,0.5311203319502075,0.5311203319502075,0.5311203319502075,0.5311203319502075,0.5311203319502075,0.5311203319502075,0.5311203319502075,0.5311203319502075,0.5311203319502075
G2-small15,0.3,5,G2-small15_e30_r005,0.5046296296296297,0.5046296296296297,0.5046296296296297,0.5046296296296297,0.5046296296296297,0.5046296296296297,0.5046296296296297,0.5046296296296297,0.5046296296296297,0.5046296296296297,0.5046296296296297,0.5046296296296297,0.5046296296296297,0.5046296296296297
G3-cluster,0.0,5,G3-cluster_e00_r005,0.9533333333333334,0.9533333333333334,0.9533333333333334,0.9533333333333334,0.9533333333333334,0.9533333333333334,0.9533333333333334,0.9533333333333334,0.9533333333333334,0.9533333333333334,0.9533333333333334,0.9533333333333334,0.9533333333333334,0.9533333333333334
G3-cluster,0.1,5,G3-cluster_e10_r005,0.9318181818181818,0.9318181818181818,0.9318181818181818,0.9318181818181818,0.9318181818181818,0.9318181818181818,0.9318181818181818,0.9318181818181818,0.9318181818181818,0.9318181818181818,0.9318181818181818,0.9318181818181818,0.9318181818181818,0.9318181818181818
G3-cluster,0.2,5,G3-cluster_e20_r005,0.9294605809128631,0.9294605809128631,0.9294605809128631,0.9294605809128631,0.9294605809128631,0.9294605809128631,0.9294605809128631,0.9294605809128631,0.9294605809128631,0.9294605809128631,0.9294605809128631,0.9294605809128631,0.9294605809128631,0.9294605809128631
G3-cluster,0.3,5,G3-cluster_e30_r005,0.5616438356164384,0.9041095890410958,0.9041095890410958,0.9041095890410958,0.9041095890410958,0.9041095890410958,0.9041095890410958,0.5616438356164384,0.9041095890410958,0.9041095890410958,0.9041095890410958,0.9041095890410958,0.9041095890410958,0.9041095890410958
G1-small20,0.0,6,G1-small20_e00_r006,0.5433333333333333,0.9033333333333333,0.9033333333333333,0.9033333333333333,0.9033333333333333,0.9033333333333333,0.9033333333333333,0.9033333333333333,0.9033333333333333,0.9033333333333333,0.9033333333333333,0.9033333333333333,0.9033333333333333,0.9033333333333333
G1-small20,0.1,6,G1-small20_e10_r006,0.8943396226415095,0.8943396226415095,0.8943396226415095,0.8943396226415095,0.8943396226415095,0.8943396226415095,0.8943396226415095,0.8943396226415095,0.8943396226415095,0.8943396226415095,0.8943396226415095,0.8943396226415095,0.8943396226415095,0.8943396226415095
G1-small20,0.2,6,G1-small20_e20_r006,0.5282258064516129,0.9193548387096774,0.9193548387096774,0.9193548387096774,0.9193548387096774,0.9193548387096774,0.9193548387096774,0.9193548387096774,0.9193548387096774,0.9193548387096774,0.9193548387096774,0.9193548387096774,0.5282258064516129,0.9193548387096774
G1-small20,0.3,6,G1-small20_e30_r006,0.5238095238095238,0.5238095238095238,0.5238095238095238,0.5238095238095238,0.5238095238095238,0.5238095238095238,0.5238095238095238,0.5238095238095238,0.5238095238095238,0.5238095238095238,0.5238095238095238,0.5238095238095238,0.5238095238095238,0.5238095238095238
G2-small15,0.0,6,G2-small15_e00_r006,0.53,0.9133333333333333,0.9133333333333333,0.9133333333333333,0.9133333333333333,0.9133333333333333,0.9133333333333333,0.9133333333333333,0.9133333333333333,0.9133333333333333,0.9133333333333333,0.9133333333333333,0.9133333333333333,0.9133333333333333
G2-small15,0.1,6,G2-small15_e10_r006,0.5875912408759124,0.9525547445255474,0.9525547445255474,0.9525547445255474,0.9525547445255474,0.9525547445255474,0.9525547445255474,0.9525547445255474,0.9525547445255474,0.9525547445255474,0.9525547445255474,0.9525547445255474,0.9525547445255474,0.9525547445255474
G2-small15,0.2,6,G2-small15_e20_r006,0.5224489795918368,0.9020408163265307,0.9020408163265307,0.9020408163265307,0.9020408163265307,0.9020408163265307,0.9020408163265307,0.9020408163265307,0.9020408163265307,0.9020408163265307,0.9020408163265307,0.9020408163265307,0.9020408163265307,0.9020408163265307
G2-small15,0.3,6,G2-small15_e30_r006,0.5339805825242718,0.5339805825242718,0.5339805825242718,0.5339805825242718,0.5339805825242718,0.5339805825242718,0.5339805825242718,0.5339805825242718,0.5339805825242718,0.5339805825242718,0.5339805825242718,0.5339805825242718,0.5339805825242718,0.5339805825242718
G3-cluster,0.0,6,G3-cluster_e00_r006,0.9166666666666666,0.9166666666666666,0.9166666666666666,0.9166666666666666,0.9166666666666666,0.9166666666666666,0.9166666666666666,0.9166666666666666,0.9166666666666666,0.9166666666666666,0.9166666666666666,0.9166666666666666,0.9166666666666666,0.9166666666666666
G3-cluster,0.1,6,G3-cluster_e10_r006,0.9029850746268657,0.9029850746268657,0.9029850746268657,0.9029850746268657,0.9029850746268657,0.9029850746268657,0.9029850746268657,0.9029850746268657,0.9029850746268657,0.9029850746268657,0.9029850746268657,0.9029850746268657,0.9029850746268657,0.9029850746268657
G3-cluster,0.2,6,G3-cluster_e20_r006,0.522633744855967,0.8600823045267489,0.8600823045267489,0.8600823045267489,0.8600823045267489,0.8600823045267489,0.8600823045267489,0.8600823045267489,0.8600823045267489,0.8600823045267489,0.8600823045267489,0.8600823045267489,0.8600823045267489,0.8600823045267489
G3-cluster,0.3,6,G3-cluster_e30_r006,0.8558558558558559,0.8558558558558559,0.8558558558558559,0.8558558558558559,0.8558558558558559,0.8558558558558559,0.8558558558558559,0.8558558558558559,0.8558558558558559,0.8558558558558559,0.8558558558558559,0.8558558558558559,0.8558558558558559,0.8558558558558559
G1-small20,0.0,7,G1-small20_e00_r007,0.9266666666666666,0.9266666666666666,0.9266666666666666,0.9266666666666666,0.9266666666666666,0.9266666666666666,0.9266666666666666,0.9266666666666666,0.9266666666666666,0.9266666666666666,0.9266666666666666,0.9266666666666666,0.9266666666666666,0.9266666666666666
G1-small20,0.1,7,G1-small20_e10_r007,0.9233576642335767,0.9233576642335767,0.9233576642335767,0.9233576642335767,0.9233576642335767,0.9233576642335767,0.9233576642335767,0.9233576642335767,0.9233576642335767,0.9233576642335767,0.9233576642335767,0.9233576642335767,0.9233576642335767,0.9233576642335767
G1-small20,0.2,7,G1-small20_e20_r007,0.5673469387755102,0.9510204081632653,0.9510204081632653,0.9510204081632653,0.9510204081632653,0.9510204081632653,0.9510204081632653,0.9510204081632653,0.9510204081632653,0.9510204081632653,0.9510204081632653,0.9510204081632653,0.5673469387755102,0.9510204081632653
G1-small20,0.3,7,G1-small20_e30_r007,0.6009389671361502,0.6009389671361502,0.6009389671361502,0.6009389671361502,0.6009389671361502,0.6009389671361502,0.6009389671361502,0.6009389671361502,0.6009389671361502,0.6009389671361502,0.6009389671361502,0.6009389671361502,0.6009389671361502,0.8873239436619719
G2-small15,0.0,7,G2-small15_e00_r007,0.5533333333333333,0.93,0.93,0.93,0.93,0.93,0.93,0.93,0.93,0.93,0.93,0.93,0.93,0.93
G2-small15,0.1,7,G2-small15_e10_r007,0.9333333333333333,0.9333333333333333,0.9333333333333333,0.9333333333333333,0.9333333333333333,0.9333333333333333,0.9333333333333333,0.9333333333333333,0.9333333333333333,0.9333333333333333,0.9333333333333333,0.9333333333333333,0.9333333333333333,0.9333333333333333
G2-small15,0.2,7,G2-small15_e20_r007,0.5289256198347108,0.9132231404958677,0.9132231404958677,0.9132231404958677,0.9132231404958677,0.9132231404958677,0.9132231404958677,0.5289256198347108,0.9132231404958677,0.9132231404958677,0.9132231404958677,0.5289256198347108,0.9132231404958677,0.9132231404958677
G2-small15,0.3,7,G2-small15_e30_r007,0.8333333333333334,0.8333333333333334,0.8333333333333334,0.8333333333333334,0.8333333333333334,0.8333333333333334,0.8333333333333334,0.8333333333333334,0.8333333333333334,0.8333333333333334,0.8333333333333334,0.8333333333333334,0.8333333333333334,0.8333333333333334
G3-cluster,0.0,7,G3-cluster_e00_r007,0.89,0.89,0.89,0.89,0.89,0.89,0.89,0.89,0.89,0.89,0.89,0.89,0.89,0.89
G3-cluster,0.1,7,G3-cluster_e10_r007,0.9465648854961832,0.9465648854961832,0.9465648854961832,0.9465648854961832,0.9465648854961832,0.9465648854961832,0.9465648854961832,0.9465648854961832,0.9465648854961832,0.9465648854961832,0.9465648854961832,0.9465648854961832,0.9465648854961832,0.9465648854961832
G3-cluster,0.2,7,G3-cluster_e20_r007,0.5391304347826087,0.5391304347826087,0.5391304347826087,0.5391304347826087,0.5391304347826087,0.5391304347826087,0.5391304347826087,0.5391304347826087,0.5391304347826087,0.5391304347826087,0.5391304347826087,0.5391304347826087,0.5391304347826087,0.5391304347826087
G3-cluster,0.3,7,G3-cluster_e30_r007,0.5177664974619289,0.5177664974619289,0.5177664974619289,0.5177664974619289,0.5177664974619289,0.5177664974619289,0.5177664974619289,0.5177664974619289,0.5177664974619289,0.5177664974619289,0.5177664974619289,0.5177664974619289,0.5177664974619289,0.5177664974619289
G1-small20,0.0,8,G1-small20_e00_r008,0.9,0.9,0.9,0.9,0.9,0.9,0.9,0.9,0.9,0.9,0.9,0.9,0.9,0.9
G1-small20,0.1,8,G1-small20_e10_r008,0.9067164179104478,0.9067164179104478,0.9067164179104478,0.9067164179104478,0.9067164179104478,0.9067164179104478,0.9067164179104478,0.9067164179104478,0.9067164179104478,0.9067164179104478,0.9067164179104478,0.9067164179104478,0.9067164179104478,0.9067164179104478
G1-small20,0.2,8,G1-small20_e20_r008,0.5223214285714286,0.9196428571428571,0.9196428571428571,0.9196428571428571,0.9196428571428571,0.9196428571428571,0.9196428571428571,0.9196428571428571,0.9196428571428571,0.9196428571428571,0.9196428571428571,0.9196428571428571,0.5223214285714286,0.9196428571428571
G1-small20,0.3,8,G1-small20_e30_r008,0.5964912280701754,0.5964912280701754,0.5964912280701754,0.5964912280701754,0.5964912280701754,0.5964912280701754,0.5964912280701754,0.5964912280701754,0.5964912280701754,0.5964912280701754,0.5964912280701754,0.5964912280701754,0.5964912280701754,0.5964912280701754
G2-small15,0.0,8,G2-small15_e00_r008,0.5433333333333333,0.8633333333333333,0.8633333333333333,0.8633333333333333,0.8633333333333333,0.8633333333333333,0.8633333333333333,0.8633333333333333,0.8633333333333333,0.8633333333333333,0.8633333333333333,0.8633333333333333,0.8633333333333333,0.8633333333333333
G2-small15,0.1,8,G2-small15_e10_r008,0.5,0.8933823529411765,0.8933823529411765,0.8933823529411765,0.8933823529411765,0.8933823529411765,0.8933823529411765,0.8933823529411765,0.8933823529411765,0.8933823529411765,0.8933823529411765,0.8933823529411765,0.8933823529411765,0.8933823529411765
G2-small15,0.2,8,G2-small15_e20_r008,0.6092436974789915,0.9159663865546218,0.9159663865546218,0.9159663865546218,0.9159663865546218,0.9159663865546218,0.9159663865546218,0.9159663865546218,0.9159663865546218,0.9159663865546218,0.9159663865546218,0.9159663865546218,0.6092436974789915,0.9159663865546218
G2-small15,0.3,8,G2-small15_e30_r008,0.8291457286432161,0.8291457286432161,0.8291457286432161,0.8291457286432161,0.8291457286432161,0.8291457286432161,0.8291457286432161,0.8291457286432161,0.8291457286432161,0.8291457286432161,0.8291457286432161,0.8291457286432161,0.8291457286432161,0.8291457286432161
G3-cluster,0.0,8,G3-cluster_e00_r008,0.91,0.91,0.91,0.91,0.91,0.91,0.91,0.91,0.91,0.91,0.91,0.91,0.91,0.91
G3-cluster,0.1,8,G3-cluster_e10_r008,0.9219330855018587,0.9219330855018587,0.9219330855018587,0.9219330855018587,0.9219330855018587,0.9219330855018587,0.9219330855018587,0.9219330855018587,0.9219330855018587,0.9219330855018587,0.9219330855018587,0.9219330855018587,0.9219330855018587,0.9219330855018587
G3-cluster,0.2,8,G3-cluster_e20_r008,0.540084388185654,0.9113924050632911,0.9113924050632911,0.9113924050632911,0.9113924050632911,0.9113924050632911,0.9113924050632911,0.540084388185654,0.9113924050632911,0.9113924050632911,0.9113924050632911,0.9113924050632911,0.9113924050632911,0.9113924050632911
G3-cluster,0.3,8,G3-cluster_e30_r008,0.5330188679245284,0.5330188679245284,0.5330188679245284,0.5330188679245284,0.5330188679245284,0.5330188679245284,0.5330188679245284,0.5330188679245284,0.5330188679245284,0.5330188679245284,0.5330188679245284,0.5330188679245284,0.5330188679245284,0.5330188679245284
G1-small20,0.0,9,G1-small20_e00_r009,0.9033333333333333,0.9033333333333333,0.9033333333333333,0.9033333333333333,0.9033333333333333,0.9033333333333333,0.9033333333333333,0.9033333333333333,0.9033333333333333,0.9033333333333333,0.9033333333333333,0.9033333333333333,0.9033333333333333,0.9033333333333333
G1-small20,0.1,9,G1-small20_e10_r009,0.915129151291513,0.915129151291513,0.915129151291513,0.915129151291513,0.915129151291513,0.915129151291513,0.915129151291513,0.915129151291513,0.915129151291513,0.915129151291513,0.915129151291513,0.915129151291513,0.915129151291513,0.915129151291513
G1-small20,0.2,9,G1-small20_e20_r009,0.9267241379310345,0.9267241379310345,0.9267241379310345,0.9267241379310345,0.9267241379310345,0.9267241379310345,0.9267241379310345,0.9267241379310345,0.9267241379310345,0.9267241379310345,0.9267241379310345,0.9267241379310345,0.9267241379310345,0.9267241379310345
G1-small20,0.3,9,G1-small20_e30_r009,0.5052083333333334,0.5052083333333334,0.5052083333333334,0.5052083333333334,0.5052083333333334,0.5052083333333334,0.5052083333333334,0.5052083333333334,0.5052083333333334,0.5052083333333334,0.5052083333333334,0.5052083333333334,0.5052083333333334,0.5052083333333334
G2-small15,0.0,9,G2-small15_e00_r009,0.5066666666666667,0.92,0.92,0.92,0.92,0.92,0.92,0.92,0.92,0.92,0.92,0.92,0.92,0.92
G2-small15,0.1,9,G2-small15_e10_r009,0.6030534351145038,0.9045801526717557,0.9045801526717557,0.9045801526717557,0.9045801526717557,0.9045801526717557,0.9045801526717557,0.9045801526717557,0.9045801526717557,0.9045801526717557,0.9045801526717557,0.9045801526717557,0.9045801526717557,0.9045801526717557
G2-small15,0.2,9,G2-small15_e20_r009,0.9117647058823529,0.9117647058823529,0.9117647058823529,0.9117647058823529,0.9117647058823529,0.9117647058823529,0.9117647058823529,0.9117647058823529,0.9117647058823529,0.9117647058823529,0.9117647058823529,0.9117647058823529,0.9117647058823529,0.9117647058823529
G2-small15,0.3,9,G2-small15_e30_r009,0.7635467980295566,0.7635467980295566,0.7635467980295566,0.7635467980295566,0.7635467980295566,0.7635467980295566,0.7635467980295566,0.7635467980295566,0.7635467980295566,0.7635467980295566,0.7635467980295566,0.7635467980295566,0.7635467980295566,0.7635467980295566
G3-cluster,0.0,9,G3-cluster_e00_r009,0.8766666666666667,0.8766666666666667,0.8766666666666667,0.8766666666666667,0.8766666666666667,0.8766666666666667,0.8766666666666667,0.8766666666666667,0.8766666666666667,0.8766666666666667,0.8766666666666667,0.8766666666666667,0.8766666666666667,0.8766666666666667
G3-cluster,0.1,9,G3-cluster_e10_r009,0.9148148148148149,0.9148148148148149,0.9148148148148149,0.9148148148148149,0.9148148148148149,0.9148148148148149,0.9148148148148149,0.9148148148148149,0.9148148148148149,0.9148148148148149,0.9148148148148149,0.9148148148148149,0.9148148148148149,0.9148148148148149
G3-cluster,0.2,9,G3-cluster_e20_r009,0.5423728813559322,0.8516949152542372,0.8516949152542372,0.8516949152542372,0.8516949152542372,0.8516949152542372,0.8516949152542372,0.8516949152542372,0.8516949152542372,0.8516949152542372,0.8516949152542372,0.8516949152542372,0.8516949152542372,0.8516949152542372
G3-cluster,0.3,9,G3-cluster_e30_r009,0.5070422535211268,0.5070422535211268,0.5070422535211268,0.5070422535211268,0.5070422535211268,0.5070422535211268,0.5070422535211268,0.5070422535211268,0.5070422535211268,0.5070422535211268,0.5070422535211268,0.5070422535211268,0.5070422535211268,0.5070422535211268
G1-small20,0.0,10,G1-small20_e00_r010,0.58,0.89,0.89,0.89,0.89,0.89,0.89,0.89,0.89,0.89,0.89,0.89,0.89,0.89
G1-small20,0.1,10,G1-small20_e10_r010,0.9420849420849421,0.9420849420849421,0.9420849420849421,0.9420849420849421,0.9420849420849421,0.9420849420849421,0.9420849420849421,0.9420849420849421,0.9420849420849421,0.9420849420849421,0.9420849420849421,0.9420849420849421,0.9420849420849421,0.9420849420849421
G1-small20,0.2,10,G1-small20_e20_r010,0.8955823293172691,0.8955823293172691,0.8955823293172691,0.8955823293172691,0.8955823293172691,0.8955823293172691,0.8955823293172691,0.8955823293172691,0.8955823293172691,0.8955823293172691,0.8955823293172691,0.8955823293172691,0.8955823293172691,0.8955823293172691
G1-small20,0.3,10,G1-small20_e30_r010,0.7877358490566038,0.7877358490566038,0.7877358490566038,0.7877358490566038,0.7877358490566038,0.7877358490566038,0.7877358490566038,0.7877358490566038,0.7877358490566038,0.7877358490566038,0.7877358490566038,0.7877358490566038,0.7877358490566038,0.7877358490566038
G2-small15,0.0,10,G2-small15_e00_r010,0.5633333333333334,0.8966666666666666,0.8966666666666666,0.8966666666666666,0.8966666666666666,0.8966666666666666,0.8966666666666666,0.8966666666666666,0.8966666666666666,0.8966666666666666,0.8966666666666666,0.8966666666666666,0.8966666666666666,0.8966666666666666
G2-small15,0.1,10,G2-small15_e10_r010,0.503731343283582,0.8805970149253731,0.8805970149253731,0.8805970149253731,0.8805970149253731,0.8805970149253731,0.8805970149253731,0.8805970149253731,0.8805970149253731,0.8805970149253731,0.8805970149253731,0.8805970149253731,0.8805970149253731,0.8805970149253731
G2-small15,0.2,10,G2-small15_e20_r010,0.5573770491803278,0.9221311475409836,0.9221311475409836,0.9221311475409836,0.9221311475409836,0.9221311475409836,0.9221311475409836,0.9221311475409836,0.9221311475409836,0.9221311475409836,0.9221311475409836,0.9221311475409836,0.5573770491803278,0.9221311475409836
G2-small15,0.3,10,G2-small15_e30_r010,0.8715596330275229,0.8715596330275229,0.8715596330275229,0.8715596330275229,0.8715596330275229,0.8715596330275229,0.8715596330275229,0.8715596330275229,0.8715596330275229,0.8715596330275229,0.8715596330275229,0.8715596330275229,0.8715596330275229,0.8715596330275229
G3-cluster,0.0,10,G3-cluster_e00_r010,0.8833333333333333,0.8833333333333333,0.8833333333333333,0.8833333333333333,0.8833333333333333,0.8833333333333333,0.8833333333333333,0.8833333333333333,0.8833333333333333,0.8833333333333333,0.8833333333333333,0.8833333333333333,0.8833333333333333,0.8833333333333333
G3-cluster,0.1,10,G3-cluster_e10_r010,0.9025270758122743,0.9025270758122743,0.9025270758122743,0.9025270758122743,0.9025270758122743,0.9025270758122743,0.9025270758122743,0.9025270758122743,0.9025270758122743,0.9025270758122743,0.9025270758122743,0.9025270758122743,0.9025270758122743,0.9025270758122743
G3-cluster,0.2,10,G3-cluster_e20_r010,0.540084388185654,0.8987341772151899,0.8987341772151899,0.8987341772151899,0.8987341772151899,0.8987341772151899,0.8987341772151899,0.8987341772151899,0.8987341772151899,0.8987341772151899,0.8987341772151899,0.8987341772151899,0.8987341772151899,0.8987341772151899
G3-cluster,0.3,10,G3-cluster_e30_r010,0.5142857142857142,0.5142857142857142,0.5142857142857142,0.5142857142857142,0.5142857142857142,0.5142857142857142,0.5142857142857142,0.5142857142857142,0.5142857142857142,0.5142857142857142,0.5142857142857142,0.5142857142857142,0.5142857142857142,0.5142857142857142
G1-small20,0.0,11,G1-small20_e00_r011,0.5633333333333334,0.93,0.93,0.93,0.93,0.93,0.93,0.93,0.93,0.93,0.93,0.93,0.93,0.93
G1-small20,0.1,11,G1-small20_e10_r011,0.9021739130434783,0.9021739130434783,0.9021739130434783,0.9021739130434783,0.9021739130434783,0.9021739130434783,0.9021739130434783,0.9021739130434783,0.9021739130434783,0.9021739130434783,0.9021739130434783,0.9021739130434783,0.9021739130434783,0.9021739130434783
G1-small20,0.2,11,G1-small20_e20_r011,0.5725806451612904,0.9314516129032258,0.9314516129032258,0.9314516129032258,0.9314516129032258,0.9314516129032258,0.9314516129032258,0.9314516129032258,0.9314516129032258,0.9314516129032258,0.9314516129032258,0.9314516129032258,0.5725806451612904,0.9314516129032258
G1-small20,0.3,11,G1-small20_e30_r011,0.880184331797235,0.880184331797235,0.880184331797235,0.880184331797235,0.880184331797235,0.880184331797235,0.880184331797235,0.880184331797235,0.880184331797235,0.880184331797235,0.880184331797235,0.880184331797235,0.880184331797235,0.880184331797235
G2-small15,0.0,11,G2-small15_e00_r011,0.92,0.92,0.92,0.92,0.92,0.92,0.92,0.92,0.92,0.92,0.92,0.92,0.92,0.92
G2-small15,0.1,11,G2-small15_e10_r011,0.5424354243542435,0.9298892988929889,0.9298892988929889,0.9298892988929889,0.9298892988929889,0.9298892988929889,0.9298892988929889,0.9298892988929889,0.9298892988929889,0.9298892988929889,0.9298892988929889,0.9298892988929889,0.9298892988929889,0.9298892988929889
G2-small15,0.2,11,G2-small15_e20_r011,0.5182186234817814,0.9190283400809717,0.9190283400809717,0.9190283400809717,0.9190283400809717,0.9190283400809717,0.9190283400809717,0.9190283400809717,0.9190283400809717,0.9190283400809717,0.9190283400809717,0.5182186234817814,0.9190283400809717,0.9190283400809717
G2-small15,0.3,11,G2-small15_e30_r011,0.6778846153846154,0.6778846153846154,0.6778846153846154,0.6778846153846154,0.6778846153846154,0.6778846153846154,0.6778846153846154,0.6778846153846154,0.6778846153846154,0.6778846153846154,0.6778846153846154,0.6778846153846154,0.6778846153846154,0.6778846153846154
G3-cluster,0.0,11,G3-cluster_e00_r011,0.9,0.9,0.9,0.9,0.9,0.9,0.9,0.9,0.9,0.9,0.9,0.9,0.9,0.9
G3-cluster,0.1,11,G3-cluster_e10_r011,0.8810408921933085,0.8810408921933085,0.8810408921933085,0.8810408921933085,0.8810408921933085,0.8810408921933085,0.8810408921933085,0.8810408921933085,0.8810408921933085,0.8810408921933085,0.8810408921933085,0.8810408921933085,0.8810408921933085,0.8810408921933085
G3-cluster,0.2,11,G3-cluster_e20_r011,0.889763779527559,0.889763779527559,0.889763779527559,0.889763779527559,0.889763779527559,0.889763779527559,0.889763779527559,0.889763779527559,0.889763779527559,0.889763779527559,0.889763779527559,0.889763779527559,0.889763779527559,0.889763779527559
G3-cluster,0.3,11,G3-cluster_e30_r011,0.5207373271889401,0.5207373271889401,0.5207373271889401,0.5207373271889401,0.5207373271889401,0.5207373271889401,0.5207373271889401,0.5207373271889401,0.5207373271889401,0.5207373271889401,0.5207373271889401,0.5207373271889401,0.5207373271889401,0.5207373271889401
G1-small20,0.0,12,G1-small20_e00_r012,0.9233333333333333,0.9233333333333333,0.9233333333333333,0.9233333333333333,0.9233333333333333,0.9233333333333333,0.9233333333333333,0.9233333333333333,0.9233333333333333,0.9233333333333333,0.9233333333333333,0.9233333333333333,0.9233333333333333,0.9233333333333333
G1-small20,0.1,12,G1-small20_e10_r012,0.8939393939393939,0.8939393939393939,0.8939393939393939,0.8939393939393939,0.8939393939393939,0.8939393939393939,0.8939393939393939,0.8939393939393939,0.8939393939393939,0.8939393939393939,0.8939393939393939,0.8939393939393939,0.8939393939393939,0.8939393939393939
G1-small20,0.2,12,G1-small20_e20_r012,0.885593220338983,0.885593220338983,0.885593220338983,0.885593220338983,0.885593220338983,0.885593220338983,0.885593220338983,0.885593220338983,0.885593220338983,0.885593220338983,0.885593220338983,0.885593220338983,0.885593220338983,0.885593220338983
G1-small20,0.3,12,G1-small20_e30_r012,0.8267326732673267,0.8267326732673267,0.8267326732673267,0.8267326732673267,0.8267326732673267,0.8267326732673267,0.8267326732673267,0.8267326732673267,0.8267326732673267,0.8267326732673267,0.8267326732673267,0.8267326732673267,0.8267326732673267,0.8267326732673267
G2-small15,0.0,12,G2-small15_e00_r012,0.58,0.91,0.91,0.91,0.91,0.91,0.91,0.91,0.91,0.91,0.91,0.91,0.91,0.91
G2-small15,0.1,12,G2-small15_e10_r012,0.5703703703703704,0.8629629629629629,0.8629629629629629,0.8629629629629629,0.8629629629629629,0.8629629629629629,0.8629629629629629,0.8629629629629629,0.8629629629629629,0.8629629629629629,0.8629629629629629,0.8629629629629629,0.8629629629629629,0.8629629629629629
G2-small15,0.2,12,G2-small15_e20_r012,0.5446808510638298,0.8936170212765957,0.8936170212765957,0.8936170212765957,0.8936170212765957,0.8936170212765957,0.8936170212765957,0.8936170212765957,0.8936170212765957,0.8936170212765957,0.8936170212765957,0.8936170212765957,0.5446808510638298,0.8936170212765957
G2-small15,0.3,12,G2-small15_e30_r012,0.8341968911917098,0.8341968911917098,0.8341968911917098,0.8341968911917098,0.8341968911917098,0.8341968911917098,0.8341968911917098,0.8341968911917098,0.8341968911917098,0.8341968911917098,0.8341968911917098,0.8341968911917098,0.8341968911917098,0.8341968911917098
G3-cluster,0.0,12,G3-cluster_e00_r012,0.9266666666666666,0.9266666666666666,0.9266666666666666,0.9266666666666666,0.9266666666666666,0.9266666666666666,0.9266666666666666,0.9266666666666666,0.9266666666666666,0.9266666666666666,0.9266666666666666,0.9266666666666666,0.9266666666666666,0.9266666666666666
G3-cluster,0.1,12,G3-cluster_e10_r012,0.9166666666666666,0.9166666666666666,0.9166666666666666,0.9166666666666666,0.9166666666666666,0.9166666666666666,0.9166666666666666,0.9166666666666666,0.9166666666666666,0.9166666666666666,0.9166666666666666,0.9166666666666666,0.9166666666666666,0.9166666666666666
G3-cluster,0.2,12,G3-cluster_e20_r012,0.5,0.5,0.5,0.5,0.5,0.5,0.5,0.5,0.5,0.5,0.5,0.5,0.5,0.5
G3-cluster,0.3,12,G3-cluster_e30_r012,0.5467980295566502,0.5467980295566502,0.5467980295566502,0.5467980295566502,0.5467980295566502,0.5467980295566502,0.5467980295566502,0.5467980295566502,0.5467980295566502,0.5467980295566502,0.5467980295566502,0.5467980295566502,0.5467980295566502,0.5467980295566502
G1-small20,0.0,13,G1-small20_e00_r013,0.9133333333333333,0.9133333333333333,0.9133333333333333,0.9133333333333333,0.9133333333333333,0.9133333333333333,0.9133333333333333,0.9133333333333333,0.9133333333333333,0.9133333333333333,0.9133333333333333,0.9133333333333333,0.9133333333333333,0.9133333333333333
G1-small20,0.1,13,G1-small20_e10_r013,0.9040590405904059,0.9040590405904059,0.9040590405904059,0.9040590405904059,0.9040590405904059,0.9040590405904059,0.9040590405904059,0.9040590405904059,0.9040590405904059,0.9040590405904059,0.9040590405904059,0.9040590405904059,0.9040590405904059,0.9040590405904059
G1-small20,0.2,13,G1-small20_e20_r013,0.5208333333333334,0.9125,0.9125,0.9125,0.9125,0.9125,0.9125,0.9125,0.9125,0.9125,0.9125,0.9125,0.5208333333333334,0.9125
G1-small20,0.3,13,G1-small20_e30_r013,0.5700483091787439,0.5700483091787439,0.5700483091787439,0.5700483091787439,0.5700483091787439,0.5700483091787439,0.5700483091787439,0.5700483091787439,0.5700483091787439,0.5700483091787439,0.5700483091787439,0.5700483091787439,0.5700483091787439,0.9227053140096618
G2-small15,0.0,13,G2-small15_e00_r013,0.5866666666666667,0.8933333333333333,0.8933333333333333,0.8933333333333333,0.8933333333333333,0.8933333333333333,0.8933333333333333,0.8933333333333333,0.8933333333333333,0.8933333333333333,0.8933333333333333,0.8933333333333333,0.8933333333333333,0.8933333333333333
G2-small15,0.1,13,G2-small15_e10_r013,0.5613382899628253,0.9070631970260223,0.9070631970260223,0.9070631970260223,0.9070631970260223,0.9070631970260223,0.9070631970260223,0.9070631970260223,0.9070631970260223,0.9070631970260223,0.9070631970260223,0.9070631970260223,0.9070631970260223,0.9070631970260223
G2-small15,0.2,13,G2-small15_e20_r013,0.5778688524590164,0.9098360655737705,0.9098360655737705,0.9098360655737705,0.9098360655737705,0.9098360655737705,0.9098360655737705,0.9098360655737705,0.9098360655737705,0.9098360655737705,0.9098360655737705,0.9098360655737705,0.5778688524590164,0.9098360655737705
G2-small15,0.3,13,G2-small15_e30_r013,0.5411255411255411,0.5411255411255411,0.5411255411255411,0.5411255411255411,0.5411255411255411,0.5411255411255411,0.5411255411255411,0.5411255411255411,0.5411255411255411,0.5411255411255411,0.5411255411255411,0.5411255411255411,0.5411255411255411,0.5411255411255411
G3-cluster,0.0,13,G3-cluster_e00_r013,0.9066666666666666,0.9066666666666666,0.9066666666666666,0.9066666666666666,0.9066666666666666,0.9066666666666666,0.9066666666666666,0.9066666666666666,0.9066666666666666,0.9066666666666666,0.9066666666666666,0.9066666666666666,0.9066666666666666,0.9066666666666666
G3-cluster,0.1,13,G3-cluster_e10_r013,0.9188191881918819,0.9188191881918819,0.9188191881918819,0.9188191881918819,0.9188191881918819,0.9188191881918819,0.9188191881918819,0.9188191881918819,0.9188191881918819,0.9188191881918819,0.9188191881918819,0.9188191881918819,0.9188191881918819,0.9188191881918819
G3-cluster,0.2,13,G3-cluster_e20_r013,0.5021459227467812,0.5021459227467812,0.5021459227467812,0.5021459227467812,0.5021459227467812,0.5021459227467812,0.5021459227467812,0.5021459227467812,0.5021459227467812,0.5021459227467812,0.5021459227467812,0.5021459227467812,0.5021459227467812,0.5021459227467812
G3-cluster,0.3,13,G3-cluster_e30_r013,0.5144230769230769,0.5144230769230769,0.5144230769230769,0.5144230769230769,0.5144230769230769,0.5144230769230769,0.5144230769230769,0.5144230769230769,0.5144230769230769,0.5144230769230769,0.5144230769230769,0.5144230769230769,0.5144230769230769,0.5144230769230769
G1-small20,0.0,14,G1-small20_e00_r014,0.5466666666666666,0.9166666666666666,0.9166666666666666,0.9166666666666666,0.9166666666666666,0.9166666666666666,0.9166666666666666,0.9166666666666666,0.9166666666666666,0.9166666666666666,0.9166666666666666,0.9166666666666666,0.9166666666666666,0.9166666666666666
G1-small20,0.1,14,G1-small20_e10_r014,0.8860294117647058,0.8860294117647058,0.8860294117647058,0.8860294117647058,0.8860294117647058,0.8860294117647058,0.8860294117647058,0.8860294117647058,0.8860294117647058,0.8860294117647058,0.8860294117647058,0.8860294117647058,0.8860294117647058,0.8860294117647058
G1-small20,0.2,14,G1-small20_e20_r014,0.9274193548387096,0.9274193548387096,0.9274193548387096,0.9274193548387096,0.9274193548387096,0.9274193548387096,0.9274193548387096,0.9274193548387096,0.9274193548387096,0.9274193548387096,0.9274193548387096,0.9274193548387096,0.9274193548387096,0.9274193548387096
G1-small20,0.3,14,G1-small20_e30_r014,0.8947368421052632,0.8947368421052632,0.8947368421052632,0.8947368421052632,0.8947368421052632,0.8947368421052632,0.8947368421052632,0.8947368421052632,0.8947368421052632,0.8947368421052632,0.8947368421052632,0.8947368421052632,0.8947368421052632,0.8947368421052632
G2-small15,0.0,14,G2-small15_e00_r014,0.51,0.88,0.88,0.88,0.88,0.88,0.88,0.88,0.88,0.88,0.88,0.88,0.88,0.88
G2-small15,0.1,14,G2-small15_e10_r014,0.6074074074074074,0.8740740740740741,0.8740740740740741,0.8740740740740741,0.8740740740740741,0.8740740740740741,0.8740740740740741,0.8740740740740741,0.8740740740740741,0.8740740740740741,0.8740740740740741,0.8740740740740741,0.8740740740740741,0.8740740740740741
G2-small15,0.2,14,G2-small15_e20_r014,0.5850622406639004,0.9294605809128631,0.9294605809128631,0.9294605809128631,0.9294605809128631,0.9294605809128631,0.9294605809128631,0.9294605809128631,0.9294605809128631,0.9294605809128631,0.9294605809128631,0.9294605809128631,0.9294605809128631,0.9294605809128631
G2-small15,0.3,14,G2-small15_e30_r014,0.8301886792452831,0.8301886792452831,0.8301886792452831,0.8301886792452831,0.8301886792452831,0.8301886792452831,0.8301886792452831,0.8301886792452831,0.8301886792452831,0.8301886792452831,0.8301886792452831,0.8301886792452831,0.8301886792452831,0.8301886792452831
G3-cluster,0.0,14,G3-cluster_e00_r014,0.9466666666666667,0.9466666666666667,0.9466666666666667,0.9466666666666667,0.9466666666666667,0.9466666666666667,0.9466666666666667,0.9466666666666667,0.9466666666666667,0.9466666666666667,0.9466666666666667,0.9466666666666667,0.9466666666666667,0.9466666666666667
G3-cluster,0.1,14,G3-cluster_e10_r014,0.9365671641791045,0.9365671641791045,0.9365671641791045,0.9365671641791045,0.9365671641791045,0.9365671641791045,0.9365671641791045,0.9365671641791045,0.9365671641791045,0.9365671641791045,0.9365671641791045,0.9365671641791045,0.9365671641791045,0.9365671641791045
G3-cluster,0.2,14,G3-cluster_e20_r014,0.5204918032786885,0.9344262295081968,0.9344262295081968,0.9344262295081968,0.9344262295081968,0.9344262295081968,0.9344262295081968,0.5204918032786885,0.9344262295081968,0.9344262295081968,0.9344262295081968,0.9344262295081968,0.9344262295081968,0.9344262295081968
G3-cluster,0.3,14,G3-cluster_e30_r014,0.5245098039215687,0.5245098039215687,0.5245098039215687,0.5245098039215687,0.5245098039215687,0.5245098039215687,0.5245098039215687,0.5245098039215687,0.5245098039215687,0.5245098039215687,0.5245098039215687,0.5245098039215687,0.5245098039215687,0.5245098039215687
G1-small20,0.0,15,G1-small20_e00_r015,0.9,0.9,0.9,0.9,0.9,0.9,0.9,0.9,0.9,0.9,0.9,0.9,0.9,0.9
G1-small20,0.1,15,G1-small20_e10_r015,0.9264705882352942,0.9264705882352942,0.9264705882352942,0.9264705882352942,0.9264705882352942,0.9264705882352942,0.9264705882352942,0.9264705882352942,0.9264705882352942,0.9264705882352942,0.9264705882352942,0.9264705882352942,0.9264705882352942,0.9264705882352942
G1-small20,0.2,15,G1-small20_e20_r015,0.8874458874458875,0.8874458874458875,0.8874458874458875,0.8874458874458875,0.8874458874458875,0.8874458874458875,0.8874458874458875,0.8874458874458875,0.8874458874458875,0.8874458874458875,0.8874458874458875,0.8874458874458875,0.8874458874458875,0.8874458874458875
G1-small20,0.3,15,G1-small20_e30_r015,0.8260869565217391,0.8260869565217391,0.8260869565217391,0.8260869565217391,0.8260869565217391,0.8260869565217391,0.8260869565217391,0.8260869565217391,0.8260869565217391,0.8260869565217391,0.8260869565217391,0.8260869565217391,0.8260869565217391,0.8260869565217391
G2-small15,0.0,15,G2-small15_e00_r015,0.54,0.9266666666666666,0.9266666666666666,0.9266666666666666,0.9266666666666666,0.9266666666666666,0.9266666666666666,0.9266666666666666,0.9266666666666666,0.9266666666666666,0.9266666666666666,0.9266666666666666,0.9266666666666666,0.9266666666666666
G2-small15,0.1,15,G2-small15_e10_r015,0.5492424242424242,0.9166666666666666,0.9166666666666666,0.9166666666666666,0.9166666666666666,0.9166666666666666,0.9166666666666666,0.9166666666666666,0.9166666666666666,0.9166666666666666,0.9166666666666666,0.9166666666666666,0.9166666666666666,0.9166666666666666
G2-small15,0.2,15,G2-small15_e20_r015,0.5148936170212766,0.9063829787234042,0.9063829787234042,0.9063829787234042,0.9063829787234042,0.9063829787234042,0.9063829787234042,0.9063829787234042,0.9063829787234042,0.9063829787234042,0.9063829787234042,0.9063829787234042,0.5148936170212766,0.9063829787234042
G2-small15,0.3,15,G2-small15_e30_r015,0.5142857142857142,0.5142857142857142,0.5142857142857142,0.5142857142857142,0.5142857142857142,0.5142857142857142,0.5142857142857142,0.5142857142857142,0.5142857142857142,0.5142857142857142,0.5142857142857142,0.5142857142857142,0.5142857142857142,0.5142857142857142
G3-cluster,0.0,15,G3-cluster_e00_r015,0.9333333333333333,0.9333333333333333,0.9333333333333333,0.9333333333333333,0.9333333333333333,0.9333333333333333,0.9333333333333333,0.9333333333333333,0.9333333333333333,0.9333333333333333,0.9333333333333333,0.9333333333333333,0.9333333333333333,0.9333333333333333
G3-cluster,0.1,15,G3-cluster_e10_r015,0.9213483146067416,0.9213483146067416,0.9213483146067416,0.9213483146067416,0.9213483146067416,0.9213483146067416,0.9213483146067416,0.9213483146067416,0.9213483146067416,0.9213483146067416,0.9213483146067416,0.9213483146067416,0.9213483146067416,0.9213483146067416
G3-cluster,0.2,15,G3-cluster_e20_r015,0.5347826086956522,0.8913043478260869,0.8913043478260869,0.8913043478260869,0.8913043478260869,0.8913043478260869,0.8913043478260869,0.8913043478260869,0.8913043478260869,0.8913043478260869,0.8913043478260869,0.8913043478260869,0.8913043478260869,0.8913043478260869
G3-cluster,0.3,15,G3-cluster_e30_r015,0.5025125628140703,0.5025125628140703,0.5025125628140703,0.5025125628140703,0.5025125628140703,0.5025125628140703,0.5025125628140703,0.5025125628140703,0.5025125628140703,0.5025125628140703,0.5025125628140703,0.5025125628140703,0.5025125628140703,0.5025125628140703
G1-small20,0.0,16,G1-small20_e00_r016,0.9333333333333333,0.9333333333333333,0.9333333333333333,0.9333333333333333,0.9333333333333333,0.9333333333333333,0.9333333333333333,0.9333333333333333,0.9333333333333333,0.9333333333333333,0.9333333333333333,0.9333333333333333,0.9333333333333333,0.9333333333333333
G1-small20,0.1,16,G1-small20_e10_r016,0.9188191881918819,0.9188191881918819,0.9188191881918819,0.9188191881918819,0.9188191881918819,0.9188191881918819,0.9188191881918819,0.9188191881918819,0.9188191881918819,0.9188191881918819,0.9188191881918819,0.9188191881918819,0.9188191881918819,0.9188191881918819
G1-small20,0.2,16,G1-small20_e20_r016,0.5352697095435685,0.8921161825726142,0.8921161825726142,0.8921161825726142,0.8921161825726142,0.8921161825726142,0.8921161825726142,0.8921161825726142,0.8921161825726142,0.8921161825726142,0.8921161825726142,0.8921161825726142,0.5352697095435685,0.8921161825726142
G1-small20,0.3,16,G1-small20_e30_r016,0.5476190476190477,0.5476190476190477,0.5476190476190477,0.5476190476190477,0.5476190476190477,0.5476190476190477,0.5476190476190477,0.5476190476190477,0.5476190476190477,0.5476190476190477,0.5476190476190477,0.5476190476190477,0.5476190476190477,0.5476190476190477
G2-small15,0.0,16,G2-small15_e00_r016,0.54,0.93,0.93,0.93,0.93,0.93,0.93,0.93,0.93,0.93,0.93,0.93,0.93,0.93
G2-small15,0.1,16,G2-small15_e10_r016,0.5371024734982333,0.9257950530035336,0.9257950530035336,0.9257950530035336,0.9257950530035336,0.9257950530035336,0.9257950530035336,0.9257950530035336,0.9257950530035336,0.9257950530035336,0.9257950530035336,0.9257950530035336,0.9257950530035336,0.9257950530035336
G2-small15,0.2,16,G2-small15_e20_r016,0.5487804878048781,0.9186991869918699,0.9186991869918699,0.9186991869918699,0.9186991869918699,0.9186991869918699,0.9186991869918699,0.9186991869918699,0.9186991869918699,0.9186991869918699,0.9186991869918699,0.9186991869918699,0.5487804878048781,0.9186991869918699
G2-small15,0.3,16,G2-small15_e30_r016,0.875,0.875,0.875,0.875,0.875,0.875,0.875,0.875,0.875,0.875,0.875,0.875,0.875,0.875
G3-cluster,0.0,16,G3-cluster_e00_r016,0.8966666666666666,0.8966666666666666,0.8966666666666666,0.8966666666666666,0.8966666666666666,0.8966666666666666,0.8966666666666666,0.8966666666666666,0.8966666666666666,0.8966666666666666,0.8966666666666666,0.8966666666666666,0.8966666666666666,0.8966666666666666
G3-cluster,0.1,16,G3-cluster_e10_r016,0.9157509157509157,0.9157509157509157,0.9157509157509157,0.9157509157509157,0.9157509157509157,0.9157509157509157,0.9157509157509157,0.9157509157509157,0.9157509157509157,0.9157509157509157,0.9157509157509157,0.9157509157509157,0.9157509157509157,0.9157509157509157
G3-cluster,0.2,16,G3-cluster_e20_r016,0.8916666666666667,0.8916666666666667,0.8916666666666667,0.8916666666666667,0.8916666666666667,0.8916666666666667,0.8916666666666667,0.8916666666666667,0.8916666666666667,0.8916666666666667,0.8916666666666667,0.8916666666666667,0.8916666666666667,0.8916666666666667
G3-cluster,0.3,16,G3-cluster_e30_r016,0.5280373831775701,0.5280373831775701,0.5280373831775701,0.5280373831775701,0.5280373831775701,0.5280373831775701,0.5280373831775701,0.5280373831775701,0.5280373831775701,0.5280373831775701,0.5280373831775701,0.5280373831775701,0.5280373831775701,0.5280373831775701
G1-small20,0.0,17,G1-small20_e00_r017,0.95,0.95,0.95,0.95,0.95,0.95,0.95,0.95,0.95,0.95,0.95,0.95,0.95,0.95
G1-small20,0.1,17,G1-small20_e10_r017,0.9107806691449815,0.9107806691449815,0.9107806691449815,0.9107806691449815,0.9107806691449815,0.9107806691449815,0.9107806691449815,0.9107806691449815,0.9107806691449815,0.9107806691449815,0.9107806691449815,0.9107806691449815,0.9107806691449815,0.9107806691449815
G1-small20,0.2,17,G1-small20_e20_r017,0.921161825726141,0.921161825726141,0.921161825726141,0.921161825726141,0.921161825726141,0.921161825726141,0.921161825726141,0.921161825726141,0.921161825726141,0.921161825726141,0.921161825726141,0.921161825726141,0.921161825726141,0.921161825726141
G1-small20,0.3,17,G1-small20_e30_r017,0.8282828282828283,0.8282828282828283,0.8282828282828283,0.8282828282828283,0.8282828282828283,0.8282828282828283,0.8282828282828283,0.8282828282828283,0.8282828282828283,0.8282828282828283,0.8282828282828283,0.8282828282828283,0.8282828282828283,0.8282828282828283
G2-small15,0.0,17,G2-small15_e00_r017,0.9233333333333333,0.9233333333333333,0.9233333333333333,0.9233333333333333,0.9233333333333333,0.9233333333333333,0.9233333333333333,0.9233333333333333,0.9233333333333333,0.9233333333333333,0.9233333333333333,0.9233333333333333,0.9233333333333333,0.9233333333333333
G2-small15,0.1,17,G2-small15_e10_r017,0.5038167938931297,0.9351145038167938,0.9351145038167938,0.9351145038167938,0.9351145038167938,0.9351145038167938,0.9351145038167938,0.9351145038167938,0.9351145038167938,0.9351145038167938,0.9351145038167938,0.9351145038167938,0.9351145038167938,0.9351145038167938
G2-small15,0.2,17,G2-small15_e20_r017,0.5932203389830508,0.9067796610169492,0.9067796610169492,0.9067796610169492,0.9067796610169492,0.9067796610169492,0.9067796610169492,0.5932203389830508,0.9067796610169492,0.9067796610169492,0.9067796610169492,0.9067796610169492,0.5932203389830508,0.9067796610169492
G2-small15,0.3,17,G2-small15_e30_r017,0.8815165876777251,0.8815165876777251,0.8815165876777251,0.8815165876777251,0.8815165876777251,0.8815165876777251,0.8815165876777251,0.8815165876777251,0.8815165876777251,0.8815165876777251,0.8815165876777251,0.8815165876777251,0.8815165876777251,0.8815165876777251
G3-cluster,0.0,17,G3-cluster_e00_r017,0.93,0.93,0.93,0.93,0.93,0.93,0.93,0.93,0.93,0.93,0.93,0.93,0.93,0.93
G3-cluster,0.1,17,G3-cluster_e10_r017,0.8731343283582089,0.8731343283582089,0.8731343283582089,0.8731343283582089,0.8731343283582089,0.8731343283582089,0.8731343283582089,0.8731343283582089,0.8731343283582089,0.8731343283582089,0.8731343283582089,0.8731343283582089,0.8731343283582089,0.8731343283582089
G3-cluster,0.2,17,G3-cluster_e20_r017,0.9385245901639344,0.9385245901639344,0.9385245901639344,0.9385245901639344,0.9385245901639344,0.9385245901639344,0.9385245901639344,0.9385245901639344,0.9385245901639344,0.9385245901639344,0.9385245901639344,0.9385245901639344,0.9385245901639344,0.9385245901639344
G3-cluster,0.3,17,G3-cluster_e30_r017,0.5048076923076923,0.5048076923076923,0.5048076923076923,0.5048076923076923,0.5048076923076923,0.5048076923076923,0.5048076923076923,0.5048076923076923,0.5048076923076923,0.5048076923076923,0.5048076923076923,0.5048076923076923,0.5048076923076923,0.5048076923076923
G1-small20,0.0,18,G1-small20_e00_r018,0.9033333333333333,0.9033333333333333,0.9033333333333333,0.9033333333333333,0.9033333333333333,0.9033333333333333,0.9033333333333333,0.9033333333333333,0.9033333333333333,0.9033333333333333,0.9033333333333333,0.9033333333333333,0.9033333333333333,0.9033333333333333
G1-small20,0.1,18,G1-small20_e10_r018,0.9094202898550725,0.9094202898550725,0.9094202898550725,0.9094202898550725,0.9094202898550725,0.9094202898550725,0.9094202898550725,0.9094202898550725,0.9094202898550725,0.9094202898550725,0.9094202898550725,0.9094202898550725,0.9094202898550725,0.9094202898550725
G1-small20,0.2,18,G1-small20_e20_r018,0.5278969957081545,0.9055793991416309,0.9055793991416309,0.9055793991416309,0.9055793991416309,0.9055793991416309,0.9055793991416309,0.9055793991416309,0.9055793991416309,0.9055793991416309,0.9055793991416309,0.9055793991416309,0.5278969957081545,0.9055793991416309
G1-small20,0.3,18,G1-small20_e30_r018,0.8726415094339622,0.8726415094339622,0.8726415094339622,0.8726415094339622,0.8726415094339622,0.8726415094339622,0.8726415094339622,0.8726415094339622,0.8726415094339622,0.8726415094339622,0.8726415094339622,0.8726415094339622,0.8726415094339622,0.8726415094339622
G2-small15,0.0,18,G2-small15_e00_r018,0.5666666666666667,0.8966666666666666,0.8966666666666666,0.8966666666666666,0.8966666666666666,0.8966666666666666,0.8966666666666666,0.8966666666666666,0.8966666666666666,0.8966666666666666,0.8966666666666666,0.8966666666666666,0.8966666666666666,0.8966666666666666
G2-small15,0.1,18,G2-small15_e10_r018,0.5091575091575091,0.9194139194139194,0.9194139194139194,0.9194139194139194,0.9194139194139194,0.9194139194139194,0.9194139194139194,0.9194139194139194,0.9194139194139194,0.9194139194139194,0.9194139194139194,0.9194139194139194,0.9194139194139194,0.9194139194139194
G2-small15,0.2,18,G2-small15_e20_r018,0.8304347826086956,0.8304347826086956,0.8304347826086956,0.8304347826086956,0.8304347826086956,0.8304347826086956,0.8304347826086956,0.8304347826086956,0.8304347826086956,0.8304347826086956,0.8304347826086956,0.8304347826086956,0.8304347826086956,0.8304347826086956
G2-small15,0.3,18,G2-small15_e30_r018,0.8461538461538461,0.8461538461538461,0.8461538461538461,0.8461538461538461,0.8461538461538461,0.8461538461538461,0.8461538461538461,0.8461538461538461,0.8461538461538461,0.8461538461538461,0.8461538461538461,0.8461538461538461,0.8461538461538461,0.8461538461538461
G3-cluster,0.0,18,G3-cluster_e00_r018,0.92,0.92,0.92,0.92,0.92,0.92,0.92,0.92,0.92,0.92,0.92,0.92,0.92,0.92
G3-cluster,0.1,18,G3-cluster_e10_r018,0.9182156133828996,0.9182156133828996,0.9182156133828996,0.9182156133828996,0.9182156133828996,0.9182156133828996,0.9182156133828996,0.9182156133828996,0.9182156133828996,0.9182156133828996,0.9182156133828996,0.9182156133828996,0.9182156133828996,0.9182156133828996
G3-cluster,0.2,18,G3-cluster_e20_r018,0.502127659574468,0.8893617021276595,0.8893617021276595,0.8893617021276595,0.8893617021276595,0.8893617021276595,0.8893617021276595,0.8893617021276595,0.8893617021276595,0.8893617021276595,0.8893617021276595,0.8893617021276595,0.8893617021276595,0.8893617021276595
G3-cluster,0.3,18,G3-cluster_e30_r018,0.5142857142857142,0.5142857142857142,0.5142857142857142,0.5142857142857142,0.5142857142857142,0.5142857142857142,0.5142857142857142,0.5142857142857142,0.5142857142857142,0.5142857142857142,0.5142857142857142,0.5142857142857142,0.5142857142857142,0.5142857142857142
G1-small20,0.0,19,G1-small20_e00_r019,0.8866666666666667,0.8866666666666667,0.8866666666666667,0.8866666666666667,0.8866666666666667,0.8866666666666667,0.8866666666666667,0.8866666666666667,0.8866666666666667,0.8866666666666667,0.8866666666666667,0.8866666666666667,0.8866666666666667,0.8866666666666667
G1-small20,0.1,19,G1-small20_e10_r019,0.8992537313432836,0.8992537313432836,0.8992537313432836,0.8992537313432836,0.8992537313432836,0.8992537313432836,0.8992537313432836,0.8992537313432836,0.8992537313432836,0.8992537313432836,0.8992537313432836,0.8992537313432836,0.8992537313432836,0.8992537313432836
G1-small20,0.2,19,G1-small20_e20_r019,0.5560165975103735,0.91701244813278,0.91701244813278,0.91701244813278,0.91701244813278,0.91701244813278,0.91701244813278,0.91701244813278,0.91701244813278,0.91701244813278,0.91701244813278,0.91701244813278,0.5560165975103735,0.91701244813278
G1-small20,0.3,19,G1-small20_e30_r019,0.885,0.885,0.885,0.885,0.885,0.885,0.885,0.885,0.885,0.885,0.885,0.885,0.885,0.885
G2-small15,0.0,19,G2-small15_e00_r019,0.93,0.93,0.93,0.93,0.93,0.93,0.93,0.93,0.93,0.93,0.93,0.93,0.93,0.93
G2-small15,0.1,19,G2-small15_e10_r019,0.5522388059701493,0.9104477611940298,0.9104477611940298,0.9104477611940298,0.9104477611940298,0.9104477611940298,0.9104477611940298,0.9104477611940298,0.9104477611940298,0.9104477611940298,0.9104477611940298,0.9104477611940298,0.9104477611940298,0.9104477611940298
G2-small15,0.2,19,G2-small15_e20_r019,0.9063829787234042,0.9063829787234042,0.9063829787234042,0.9063829787234042,0.9063829787234042,0.9063829787234042,0.9063829787234042,0.9063829787234042,0.9063829787234042,0.9063829787234042,0.9063829787234042,0.9063829787234042,0.9063829787234042,0.9063829787234042
G2-small15,0.3,19,G2-small15_e30_r019,0.5069767441860465,0.5069767441860465,0.5069767441860465,0.5069767441860465,0.5069767441860465,0.5069767441860465,0.5069767441860465,0.5069767441860465,0.5069767441860465,0.5069767441860465,0.5069767441860465,0.5069767441860465,0.5069767441860465,0.5069767441860465
G3-cluster,0.0,19,G3-cluster_e00_r019,0.89,0.89,0.89,0.89,0.89,0.89,0.89,0.89,0.89,0.89,0.89,0.89,0.89,0.89
G3-cluster,0.1,19,G3-cluster_e10_r019,0.8925925925925926,0.8925925925925926,0.8925925925925926,0.8925925925925926,0.8925925925925926,0.8925925925925926,0.8925925925925926,0.8925925925925926,0.8925925925925926,0.8925925925925926,0.8925925925925926,0.8925925925925926,0.8925925925925926,0.8925925925925926
G3-cluster,0.2,19,G3-cluster_e20_r019,0.5206611570247934,0.8925619834710744,0.8925619834710744,0.8925619834710744,0.8925619834710744,0.8925619834710744,0.8925619834710744,0.8925619834710744,0.8925619834710744,0.8925619834710744,0.8925619834710744,0.8925619834710744,0.8925619834710744,0.8925619834710744
G3-cluster,0.3,19,G3-cluster_e30_r019,0.5048543689320388,0.5048543689320388,0.5048543689320388,0.5048543689320388,0.5048543689320388,0.5048543689320388,0.5048543689320388,0.5048543689320388,0.5048543689320388,0.5048543689320388,0.5048543689320388,0.5048543689320388,0.5048543689320388,0.5048543689320388
G1-small20,0.0,20,G1-small20_e00_r020,0.9166666666666666,0.9166666666666666,0.9166666666666666,0.9166666666666666,0.9166666666666666,0.9166666666666666,0.9166666666666666,0.9166666666666666,0.9166666666666666,0.9166666666666666,0.9166666666666666,0.9166666666666666,0.9166666666666666,0.9166666666666666
G1-small20,0.1,20,G1-small20_e10_r020,0.5666666666666667,0.8962962962962963,0.8962962962962963,0.8962962962962963,0.8962962962962963,0.8962962962962963,0.8962962962962963,0.8962962962962963,0.8962962962962963,0.8962962962962963,0.8962962962962963,0.8962962962962963,0.8962962962962963,0.8962962962962963
G1-small20,0.2,20,G1-small20_e20_r020,0.8940677966101694,0.8940677966101694,0.8940677966101694,0.8940677966101694,0.8940677966101694,0.8940677966101694,0.8940677966101694,0.8940677966101694,0.8940677966101694,0.8940677966101694,0.8940677966101694,0.8940677966101694,0.8940677966101694,0.8940677966101694
G1-small20,0.3,20,G1-small20_e30_r020,0.8883720930232558,0.8883720930232558,0.8883720930232558,0.8883720930232558,0.8883720930232558,0.8883720930232558,0.8883720930232558,0.8883720930232558,0.8883720930232558,0.8883720930232558,0.8883720930232558,0.8883720930232558,0.8883720930232558,0.8883720930232558
G2-small15,0.0,20,G2-small15_e00_r020,0.5633333333333334,0.8833333333333333,0.8833333333333333,0.8833333333333333,0.8833333333333333,0.8833333333333333,0.8833333333333333,0.8833333333333333,0.8833333333333333,0.8833333333333333,0.8833333333333333,0.8833333333333333,0.8833333333333333,0.8833333333333333
G2-small15,0.1,20,G2-small15_e10_r020,0.6060606060606061,0.9090909090909091,0.9090909090909091,0.9090909090909091,0.9090909090909091,0.9090909090909091,0.9090909090909091,0.9090909090909091,0.9090909090909091,0.9090909090909091,0.9090909090909091,0.9090909090909091,0.9090909090909091,0.9090909090909091
G2-small15,0.2,20,G2-small15_e20_r020,0.5127118644067796,0.8728813559322034,0.8728813559322034,0.8728813559322034,0.8728813559322034,0.8728813559322034,0.8728813559322034,0.8728813559322034,0.8728813559322034,0.8728813559322034,0.8728813559322034,0.8728813559322034,0.5127118644067796,0.8728813559322034
G2-small15,0.3,20,G2-small15_e30_r020,0.5454545454545454,0.9,0.9,0.9,0.9,0.9,0.9,0.9,0.9,0.9,0.9,0.9,0.5454545454545454,0.9
G3-cluster,0.0,20,G3-cluster_e00_r020,0.9066666666666666,0.9066666666666666,0.9066666666666666,0.9066666666666666,0.9066666666666666,0.9066666666666666,0.9066666666666666,0.9066666666666666,0.9066666666666666,0.9066666666666666,0.9066666666666666,0.9066666666666666,0.9066666666666666,0.9066666666666666
G3-cluster,0.1,20,G3-cluster_e10_r020,0.8970588235294118,0.8970588235294118,0.8970588235294118,0.8970588235294118,0.8970588235294118,0.8970588235294118,0.8970588235294118,0.8970588235294118,0.8970588235294118,0.8970588235294118,0.8970588235294118,0.8970588235294118,0.8970588235294118,0.8970588235294118
G3-cluster,0.2,20,G3-cluster_e20_r020,0.8796680497925311,0.8796680497925311,0.8796680497925311,0.8796680497925311,0.8796680497925311,0.8796680497925311,0.8796680497925311,0.8796680497925311,0.8796680497925311,0.8796680497925311,0.8796680497925311,0.8796680497925311,0.8796680497925311,0.8796680497925311
G3-cluster,0.3,20,G3-cluster_e30_r020,0.5123152709359606,0.5123152709359606,0.5123152709359606,0.5123152709359606,0.5123152709359606,0.5123152709359606,0.5123152709359606,0.5123152709359606,0.5123152709359606,0.5123152709359606,0.5123152709359606,0.5123152709359606,0.5123152709359606,0.5123152709359606
G1-small20,0.0,21,G1-small20_e00_r021,0.54,0.9133333333333333,0.9133333333333333,0.9133333333333333,0.9133333333333333,0.9133333333333333,0.9133333333333333,0.9133333333333333,0.9133333333333333,0.9133333333333333,0.9133333333333333,0.9133333333333333,0.9133333333333333,0.9133333333333333
G1-small20,0.1,21,G1-small20_e10_r021,0.5338345864661654,0.9060150375939849,0.9060150375939849,0.9060150375939849,0.9060150375939849,0.9060150375939849,0.9060150375939849,0.9060150375939849,0.9060150375939849,0.9060150375939849,0.9060150375939849,0.9060150375939849,0.9060150375939849,0.9060150375939849
G1-small20,0.2,21,G1-small20_e20_r021,0.5286343612334802,0.9295154185022027,0.9295154185022027,0.9295154185022027,0.9295154185022027,0.9295154185022027,0.9295154185022027,0.9295154185022027,0.9295154185022027,0.9295154185022027,0.9295154185022027,0.9295154185022027,0.5286343612334802,0.9295154185022027
G1-small20,0.3,21,G1-small20_e30_r021,0.8721461187214612,0.8721461187214612,0.8721461187214612,0.8721461187214612,0.8721461187214612,0.8721461187214612,0.8721461187214612,0.8721461187214612,0.8721461187214612,0.8721461187214612,0.8721461187214612,0.8721461187214612,0.8721461187214612,0.8721461187214612
G2-small15,0.0,21,G2-small15_e00_r021,0.5133333333333333,0.93,0.93,0.93,0.93,0.93,0.93,0.93,0.93,0.93,0.93,0.93,0.93,0.93
G2-small15,0.1,21,G2-small15_e10_r021,0.5692883895131086,0.8951310861423221,0.8951310861423221,0.5692883895131086,0.5692883895131086,0.8951310861423221,0.8951310861423221,0.8951310861423221,0.8951310861423221,0.8951310861423221,0.8951310861423221,0.8951310861423221,0.8951310861423221,0.8951310861423221
G2-small15,0.2,21,G2-small15_e20_r021,0.5387755102040817,0.8979591836734694,0.8979591836734694,0.8979591836734694,0.8979591836734694,0.8979591836734694,0.8979591836734694,0.8979591836734694,0.8979591836734694,0.8979591836734694,0.8979591836734694,0.8979591836734694,0.5387755102040817,0.8979591836734694
G2-small15,0.3,21,G2-small15_e30_r021,0.6904761904761905,0.6904761904761905,0.6904761904761905,0.6904761904761905,0.6904761904761905,0.6904761904761905,0.6904761904761905,0.6904761904761905,0.6904761904761905,0.6904761904761905,0.6904761904761905,0.6904761904761905,0.6904761904761905,0.6904761904761905
G3-cluster,0.0,21,G3-cluster_e00_r021,0.9233333333333333,0.9233333333333333,0.9233333333333333,0.9233333333333333,0.9233333333333333,0.9233333333333333,0.9233333333333333,0.9233333333333333,0.9233333333333333,0.9233333333333333,0.9233333333333333,0.9233333333333333,0.9233333333333333,0.9233333333333333
G3-cluster,0.1,21,G3-cluster_e10_r021,0.916058394160584,0.916058394160584,0.916058394160584,0.916058394160584,0.916058394160584,0.916058394160584,0.916058394160584,0.916058394160584,0.916058394160584,0.916058394160584,0.916058394160584,0.916058394160584,0.916058394160584,0.916058394160584
G3-cluster,0.2,21,G3-cluster_e20_r021,0.8888888888888888,0.8888888888888888,0.8888888888888888,0.8888888888888888,0.8888888888888888,0.8888888888888888,0.8888888888888888,0.8888888888888888,0.8888888888888888,0.8888888888888888,0.8888888888888888,0.8888888888888888,0.8888888888888888,0.8888888888888888
G3-cluster,0.3,21,G3-cluster_e30_r021,0.5233644859813084,0.5233644859813084,0.5233644859813084,0.5233644859813084,0.5233644859813084,0.5233644859813084,0.5233644859813084,0.5233644859813084,0.5233644859813084,0.5233644859813084,0.5233644859813084,0.5233644859813084,0.5233644859813084,0.5233644859813084
G1-small20,0.0,22,G1-small20_e00_r022,0.8966666666666666,0.8966666666666666,0.8966666666666666,0.8966666666666666,0.8966666666666666,0.8966666666666666,0.8966666666666666,0.8966666666666666,0.8966666666666666,0.8966666666666666,0.8966666666666666,0.8966666666666666,0.8966666666666666,0.8966666666666666
G1-small20,0.1,22,G1-small20_e10_r022,0.9166666666666666,0.9166666666666666,0.9166666666666666,0.9166666666666666,0.9166666666666666,0.9166666666666666,0.9166666666666666,0.9166666666666666,0.9166666666666666,0.9166666666666666,0.9166666666666666,0.9166666666666666,0.9166666666666666,0.9166666666666666
G1-small20,0.2,22,G1-small20_e20_r022,0.9128630705394191,0.9128630705394191,0.9128630705394191,0.9128630705394191,0.9128630705394191,0.9128630705394191,0.9128630705394191,0.9128630705394191,0.9128630705394191,0.9128630705394191,0.9128630705394191,0.9128630705394191,0.9128630705394191,0.9128630705394191
G1-small20,0.3,22,G1-small20_e30_r022,0.8309859154929577,0.8309859154929577,0.8309859154929577,0.8309859154929577,0.8309859154929577,0.8309859154929577,0.8309859154929577,0.8309859154929577,0.8309859154929577,0.8309859154929577,0.8309859154929577,0.8309859154929577,0.8309859154929577,0.8309859154929577
G2-small15,0.0,22,G2-small15_e00_r022,0.5266666666666666,0.8933333333333333,0.8933333333333333,0.8933333333333333,0.8933333333333333,0.8933333333333333,0.8933333333333333,0.8933333333333333,0.8933333333333333,0.8933333333333333,0.8933333333333333,0.8933333333333333,0.8933333333333333,0.8933333333333333
G2-small15,0.1,22,G2-small15_e10_r022,0.5251798561151079,0.920863309352518,0.920863309352518,0.920863309352518,0.920863309352518,0.920863309352518,0.920863309352518,0.920863309352518,0.920863309352518,0.920863309352518,0.920863309352518,0.920863309352518,0.920863309352518,0.920863309352518
G2-small15,0.2,22,G2-small15_e20_r022,0.5844155844155844,0.5844155844155844,0.5844155844155844,0.5844155844155844,0.5844155844155844,0.5844155844155844,0.5844155844155844,0.5844155844155844,0.5844155844155844,0.5844155844155844,0.5844155844155844,0.5844155844155844,0.5844155844155844,0.5844155844155844
G2-small15,0.3,22,G2-small15_e30_r022,0.8817733990147784,0.8817733990147784,0.8817733990147784,0.8817733990147784,0.8817733990147784,0.8817733990147784,0.8817733990147784,0.8817733990147784,0.8817733990147784,0.8817733990147784,0.8817733990147784,0.8817733990147784,0.8817733990147784,0.8817733990147784
G3-cluster,0.0,22,G3-cluster_e00_r022,0.9166666666666666,0.9166666666666666,0.9166666666666666,0.9166666666666666,0.9166666666666666,0.9166666666666666,0.9166666666666666,0.9166666666666666,0.9166666666666666,0.9166666666666666,0.9166666666666666,0.9166666666666666,0.9166666666666666,0.9166666666666666
G3-cluster,0.1,22,G3-cluster_e10_r022,0.92,0.92,0.92,0.92,0.92,0.92,0.92,0.92,0.92,0.92,0.92,0.92,0.92,0.92
G3-cluster,0.2,22,G3-cluster_e20_r022,0.91015625,0.91015625,0.91015625,0.91015625,0.91015625,0.91015625,0.91015625,0.91015625,0.91015625,0.91015625,0.91015625,0.91015625,0.91015625,0.91015625
G3-cluster,0.3,22,G3-cluster_e30_r022,0.5871559633027523,0.9128440366972477,0.9128440366972477,0.9128440366972477,0.9128440366972477,0.9128440366972477,0.9128440366972477,0.9128440366972477,0.9128440366972477,0.9128440366972477,0.9128440366972477,0.9128440366972477,0.9128440366972477,0.9128440366972477
G1-small20,0.0,23,G1-small20_e00_r023,0.93,0.93,0.93,0.93,0.93,0.93,0.93,0.93,0.93,0.93,0.93,0.93,0.93,0.93
G1-small20,0.1,23,G1-small20_e10_r023,0.9296296296296296,0.9296296296296296,0.9296296296296296,0.9296296296296296,0.9296296296296296,0.9296296296296296,0.9296296296296296,0.9296296296296296,0.9296296296296296,0.9296296296296296,0.9296296296296296,0.9296296296296296,0.9296296296296296,0.9296296296296296
G1-small20,0.2,23,G1-small20_e20_r023,0.5901639344262295,0.9262295081967213,0.9262295081967213,0.9262295081967213,0.9262295081967213,0.9262295081967213,0.9262295081967213,0.9262295081967213,0.9262295081967213,0.9262295081967213,0.9262295081967213,0.9262295081967213,0.5901639344262295,0.9262295081967213
G1-small20,0.3,23,G1-small20_e30_r023,0.7735849056603774,0.7735849056603774,0.7735849056603774,0.7735849056603774,0.7735849056603774,0.7735849056603774,0.7735849056603774,0.7735849056603774,0.7735849056603774,0.7735849056603774,0.7735849056603774,0.7735849056603774,0.7735849056603774,0.7735849056603774
G2-small15,0.0,23,G2-small15_e00_r023,0.5066666666666667,0.93,0.93,0.93,0.93,0.93,0.93,0.93,0.93,0.93,0.93,0.93,0.93,0.93
G2-small15,0.1,23,G2-small15_e10_r023,0.5641025641025641,0.9047619047619048,0.9047619047619048,0.9047619047619048,0.9047619047619048,0.9047619047619048,0.9047619047619048,0.9047619047619048,0.9047619047619048,0.9047619047619048,0.9047619047619048,0.9047619047619048,0.9047619047619048,0.9047619047619048
G2-small15,0.2,23,G2-small15_e20_r023,0.6153846153846154,0.918552036199095,0.918552036199095,0.918552036199095,0.918552036199095,0.918552036199095,0.918552036199095,0.918552036199095,0.918552036199095,0.918552036199095,0.918552036199095,0.918552036199095,0.6153846153846154,0.918552036199095
G2-small15,0.3,23,G2-small15_e30_r023,0.5727699530516432,0.5727699530516432,0.5727699530516432,0.5727699530516432,0.5727699530516432,0.5727699530516432,0.5727699530516432,0.5727699530516432,0.5727699530516432,0.5727699530516432,0.5727699530516432,0.5727699530516432,0.5727699530516432,0.5727699530516432
G3-cluster,0.0,23,G3-cluster_e00_r023,0.92,0.92,0.92,0.92,0.92,0.92,0.92,0.92,0.92,0.92,0.92,0.92,0.92,0.92
G3-cluster,0.1,23,G3-cluster_e10_r023,0.9117647058823529,0.9117647058823529,0.9117647058823529,0.9117647058823529,0.9117647058823529,0.9117647058823529,0.9117647058823529,0.9117647058823529,0.9117647058823529,0.9117647058823529,0.9117647058823529,0.9117647058823529,0.9117647058823529,0.9117647058823529
G3-cluster,0.2,23,G3-cluster_e20_r023,0.9037656903765691,0.9037656903765691,0.9037656903765691,0.9037656903765691,0.9037656903765691,0.9037656903765691,0.9037656903765691,0.9037656903765691,0.9037656903765691,0.9037656903765691,0.9037656903765691,0.9037656903765691,0.9037656903765691,0.9037656903765691
G3-cluster,0.3,23,G3-cluster_e30_r023,0.5196078431372549,0.5196078431372549,0.5196078431372549,0.5196078431372549,0.5196078431372549,0.5196078431372549,0.5196078431372549,0.5196078431372549,0.5196078431372549,0.5196078431372549,0.5196078431372549,0.5196078431372549,0.5196078431372549,0.5196078431372549
G1-small20,0.0,24,G1-small20_e00_r024,0.63,0.8866666666666667,0.8866666666666667,0.8866666666666667,0.8866666666666667,0.8866666666666667,0.8866666666666667,0.8866666666666667,0.8866666666666667,0.8866666666666667,0.8866666666666667,0.8866666666666667,0.8866666666666667,0.8866666666666667
G1-small20,0.1,24,G1-small20_e10_r024,0.8566037735849057,0.8566037735849057,0.8566037735849057,0.8566037735849057,0.8566037735849057,0.8566037735849057,0.8566037735849057,0.8566037735849057,0.8566037735849057,0.8566037735849057,0.8566037735849057,0.8566037735849057,0.8566037735849057,0.8566037735849057
G1-small20,0.2,24,G1-small20_e20_r024,0.8830645161290323,0.8830645161290323,0.8830645161290323,0.8830645161290323,0.8830645161290323,0.8830645161290323,0.8830645161290323,0.8830645161290323,0.8830645161290323,0.8830645161290323,0.8830645161290323,0.8830645161290323,0.8830645161290323,0.8830645161290323
G1-small20,0.3,24,G1-small20_e30_r024,0.8963963963963963,0.8963963963963963,0.8963963963963963,0.8963963963963963,0.8963963963963963,0.8963963963963963,0.8963963963963963,0.8963963963963963,0.8963963963963963,0.8963963963963963,0.8963963963963963,0.8963963963963963,0.8963963963963963,0.8963963963963963
G2-small15,0.0,24,G2-small15_e00_r024,0.8933333333333333,0.8933333333333333,0.8933333333333333,0.8933333333333333,0.8933333333333333,0.8933333333333333,0.8933333333333333,0.8933333333333333,0.8933333333333333,0.8933333333333333,0.8933333333333333,0.8933333333333333,0.8933333333333333,0.8933333333333333
G2-small15,0.1,24,G2-small15_e10_r024,0.6212121212121212,0.9053030303030303,0.9053030303030303,0.9053030303030303,0.9053030303030303,0.9053030303030303,0.9053030303030303,0.9053030303030303,0.9053030303030303,0.9053030303030303,0.9053030303030303,0.9053030303030303,0.9053030303030303,0.9053030303030303
G2-small15,0.2,24,G2-small15_e20_r024,0.9004149377593361,0.9004149377593361,0.9004149377593361,0.9004149377593361,0.9004149377593361,0.9004149377593361,0.9004149377593361,0.9004149377593361,0.9004149377593361,0.9004149377593361,0.9004149377593361,0.9004149377593361,0.9004149377593361,0.9004149377593361
G2-small15,0.3,24,G2-small15_e30_r024,0.9162790697674419,0.9162790697674419,0.9162790697674419,0.9162790697674419,0.9162790697674419,0.9162790697674419,0.9162790697674419,0.9162790697674419,0.9162790697674419,0.9162790697674419,0.9162790697674419,0.9162790697674419,0.9162790697674419,0.9162790697674419
G3-cluster,0.0,24,G3-cluster_e00_r024,0.9,0.9,0.9,0.9,0.9,0.9,0.9,0.9,0.9,0.9,0.9,0.9,0.9,0.9
G3-cluster,0.1,24,G3-cluster_e10_r024,0.9230769230769231,0.9230769230769231,0.9230769230769231,0.9230769230769231,0.9230769230769231,0.9230769230769231,0.9230769230769231,0.9230769230769231,0.9230769230769231,0.9230769230769231,0.9230769230769231,0.9230769230769231,0.9230769230769231,0.9230769230769231
G3-cluster,0.2,24,G3-cluster_e20_r024,0.5186721991701245,0.8672199170124482,0.8672199170124482,0.8672199170124482,0.8672199170124482,0.8672199170124482,0.8672199170124482,0.8672199170124482,0.8672199170124482,0.8672199170124482,0.8672199170124482,0.8672199170124482,0.8672199170124482,0.8672199170124482
G3-cluster,0.3,24,G3-cluster_e30_r024,0.5048076923076923,0.5048076923076923,0.5048076923076923,0.5048076923076923,0.5048076923076923,0.5048076923076923,0.5048076923076923,0.5048076923076923,0.5048076923076923,0.5048076923076923,0.5048076923076923,0.5048076923076923,0.5048076923076923,0.5048076923076923
G1-small20,0.0,25,G1-small20_e00_r025,0.5066666666666667,0.9166666666666666,0.9166666666666666,0.9166666666666666,0.9166666666666666,0.9166666666666666,0.9166666666666666,0.9166666666666666,0.9166666666666666,0.9166666666666666,0.9166666666666666,0.9166666666666666,0.9166666666666666,0.9166666666666666
G1-small20,0.1,25,G1-small20_e10_r025,0.9021739130434783,0.9021739130434783,0.9021739130434783,0.9021739130434783,0.9021739130434783,0.9021739130434783,0.9021739130434783,0.9021739130434783,0.9021739130434783,0.9021739130434783,0.9021739130434783,0.9021739130434783,0.9021739130434783,0.9021739130434783
G1-small20,0.2,25,G1-small20_e20_r025,0.5169491525423728,0.9194915254237288,0.9194915254237288,0.9194915254237288,0.9194915254237288,0.9194915254237288,0.9194915254237288,0.9194915254237288,0.9194915254237288,0.9194915254237288,0.9194915254237288,0.9194915254237288,0.5169491525423728,0.9194915254237288
G1-small20,0.3,25,G1-small20_e30_r025,0.8873239436619719,0.8873239436619719,0.8873239436619719,0.8873239436619719,0.8873239436619719,0.8873239436619719,0.8873239436619719,0.8873239436619719,0.8873239436619719,0.8873239436619719,0.8873239436619719,0.8873239436619719,0.8873239436619719,0.8873239436619719
G2-small15,0.0,25,G2-small15_e00_r025,0.55,0.9066666666666666,0.9066666666666666,0.9066666666666666,0.9066666666666666,0.9066666666666666,0.9066666666666666,0.9066666666666666,0.9066666666666666,0.9066666666666666,0.9066666666666666,0.9066666666666666,0.9066666666666666,0.9066666666666666
G2-small15,0.1,25,G2-small15_e10_r025,0.5318352059925093,0.9026217228464419,0.9026217228464419,0.9026217228464419,0.5318352059925093,0.9026217228464419,0.9026217228464419,0.5318352059925093,0.9026217228464419,0.9026217228464419,0.9026217228464419,0.9026217228464419,0.9026217228464419,0.9026217228464419
G2-small15,0.2,25,G2-small15_e20_r025,0.5169491525423728,0.9194915254237288,0.9194915254237288,0.9194915254237288,0.9194915254237288,0.9194915254237288,0.9194915254237288,0.9194915254237288,0.9194915254237288,0.9194915254237288,0.9194915254237288,0.9194915254237288,0.5169491525423728,0.9194915254237288
G2-small15,0.3,25,G2-small15_e30_r025,0.8373205741626795,0.8373205741626795,0.8373205741626795,0.8373205741626795,0.8373205741626795,0.8373205741626795,0.8373205741626795,0.8373205741626795,0.8373205741626795,0.8373205741626795,0.8373205741626795,0.8373205741626795,0.8373205741626795,0.8373205741626795
G3-cluster,0.0,25,G3-cluster_e00_r025,0.9066666666666666,0.9066666666666666,0.9066666666666666,0.9066666666666666,0.9066666666666666,0.9066666666666666,0.9066666666666666,0.9066666666666666,0.9066666666666666,0.9066666666666666,0.9066666666666666,0.9066666666666666,0.9066666666666666,0.9066666666666666
G3-cluster,0.1,25,G3-cluster_e10_r025,0.9338235294117647,0.9338235294117647,0.9338235294117647,0.9338235294117647,0.9338235294117647,0.9338235294117647,0.9338235294117647,0.9338235294117647,0.9338235294117647,0.9338235294117647,0.9338235294117647,0.9338235294117647,0.9338235294117647,0.9338235294117647
G3-cluster,0.2,25,G3-cluster_e20_r025,0.5458333333333333,0.5458333333333333,0.5458333333333333,0.5458333333333333,0.5458333333333333,0.5458333333333333,0.5458333333333333,0.5458333333333333,0.5458333333333333,0.5458333333333333,0.5458333333333333,0.5458333333333333,0.5458333333333333,0.5458333333333333
G3-cluster,0.3,25,G3-cluster_e30_r025,0.5381165919282511,0.5381165919282511,0.5381165919282511,0.5381165919282511,0.5381165919282511,0.5381165919282511,0.9237668161434978,0.5381165919282511,0.5381165919282511,0.5381165919282511,0.5381165919282511,0.5381165919282511,0.5381165919282511,0.5381165919282511
G1-small20,0.0,26,G1-small20_e00_r026,0.8933333333333333,0.8933333333333333,0.8933333333333333,0.8933333333333333,0.8933333333333333,0.8933333333333333,0.8933333333333333,0.8933333333333333,0.8933333333333333,0.8933333333333333,0.8933333333333333,0.8933333333333333,0.8933333333333333,0.8933333333333333
G1-small20,0.1,26,G1-small20_e10_r026,0.9173228346456693,0.9173228346456693,0.9173228346456693,0.9173228346456693,0.9173228346456693,0.9173228346456693,0.9173228346456693,0.9173228346456693,0.9173228346456693,0.9173228346456693,0.9173228346456693,0.9173228346456693,0.9173228346456693,0.9173228346456693
G1-small20,0.2,26,G1-small20_e20_r026,0.6099585062240664,0.9045643153526971,0.9045643153526971,0.9045643153526971,0.9045643153526971,0.9045643153526971,0.9045643153526971,0.9045643153526971,0.9045643153526971,0.9045643153526971,0.9045643153526971,0.9045643153526971,0.6099585062240664,0.9045643153526971
G1-small20,0.3,26,G1-small20_e30_r026,0.5990338164251208,0.5990338164251208,0.5990338164251208,0.5990338164251208,0.5990338164251208,0.5990338164251208,0.5990338164251208,0.5990338164251208,0.5990338164251208,0.5990338164251208,0.5990338164251208,0.5990338164251208,0.5990338164251208,0.5990338164251208
G2-small15,0.0,26,G2-small15_e00_r026,0.5233333333333333,0.91,0.91,0.91,0.91,0.91,0.91,0.91,0.91,0.91,0.91,0.91,0.91,0.91
G2-small15,0.1,26,G2-small15_e10_r026,0.9318181818181818,0.9318181818181818,0.9318181818181818,0.9318181818181818,0.9318181818181818,0.9318181818181818,0.9318181818181818,0.9318181818181818,0.9318181818181818,0.9318181818181818,0.9318181818181818,0.9318181818181818,0.9318181818181818,0.9318181818181818
G2-small15,0.2,26,G2-small15_e20_r026,0.5039370078740157,0.9409448818897638,0.9409448818897638,0.9409448818897638,0.9409448818897638,0.9409448818897638,0.9409448818897638,0.9409448818897638,0.9409448818897638,0.9409448818897638,0.9409448818897638,0.9409448818897638,0.9409448818897638,0.9409448818897638
G2-small15,0.3,26,G2-small15_e30_r026,0.8373205741626795,0.8373205741626795,0.8373205741626795,0.8373205741626795,0.8373205741626795,0.8373205741626795,0.8373205741626795,0.8373205741626795,0.8373205741626795,0.8373205741626795,0.8373205741626795,0.8373205741626795,0.8373205741626795,0.8373205741626795
G3-cluster,0.0,26,G3-cluster_e00_r026,0.9,0.9,0.9,0.9,0.9,0.9,0.9,0.9,0.9,0.9,0.9,0.9,0.9,0.9
G3-cluster,0.1,26,G3-cluster_e10_r026,0.9087591240875912,0.9087591240875912,0.9087591240875912,0.9087591240875912,0.9087591240875912,0.9087591240875912,0.9087591240875912,0.9087591240875912,0.9087591240875912,0.9087591240875912,0.9087591240875912,0.9087591240875912,0.9087591240875912,0.9087591240875912
G3-cluster,0.2,26,G3-cluster_e20_r026,0.548936170212766,0.548936170212766,0.548936170212766,0.548936170212766,0.548936170212766,0.548936170212766,0.548936170212766,0.548936170212766,0.548936170212766,0.548936170212766,0.548936170212766,0.548936170212766,0.548936170212766,0.548936170212766
G3-cluster,0.3,26,G3-cluster_e30_r026,0.5174129353233831,0.5174129353233831,0.5174129353233831,0.5174129353233831,0.5174129353233831,0.5174129353233831,0.5174129353233831,0.5174129353233831,0.5174129353233831,0.5174129353233831,0.5174129353233831,0.5174129353233831,0.5174129353233831,0.5174129353233831
G1-small20,0.0,27,G1-small20_e00_r027,0.9233333333333333,0.9233333333333333,0.9233333333333333,0.9233333333333333,0.9233333333333333,0.9233333333333333,0.9233333333333333,0.9233333333333333,0.9233333333333333,0.9233333333333333,0.9233333333333333,0.9233333333333333,0.9233333333333333,0.9233333333333333
G1-small20,0.1,27,G1-small20_e10_r027,0.9132075471698113,0.9132075471698113,0.9132075471698113,0.9132075471698113,0.9132075471698113,0.9132075471698113,0.9132075471698113,0.9132075471698113,0.9132075471698113,0.9132075471698113,0.9132075471698113,0.9132075471698113,0.9132075471698113,0.9132075471698113
G1-small20,0.2,27,G1-small20_e20_r027,0.9156626506024096,0.9156626506024096,0.9156626506024096,0.9156626506024096,0.9156626506024096,0.9156626506024096,0.9156626506024096,0.9156626506024096,0.9156626506024096,0.9156626506024096,0.9156626506024096,0.9156626506024096,0.9156626506024096,0.9156626506024096
G1-small20,0.3,27,G1-small20_e30_r027,0.8019323671497585,0.8019323671497585,0.8019323671497585,0.8019323671497585,0.8019323671497585,0.8019323671497585,0.8019323671497585,0.8019323671497585,0.8019323671497585,0.8019323671497585,0.8019323671497585,0.8019323671497585,0.8019323671497585,0.8019323671497585
G2-small15,0.0,27,G2-small15_e00_r027,0.5866666666666667,0.9166666666666666,0.9166666666666666,0.9166666666666666,0.9166666666666666,0.9166666666666666,0.9166666666666666,0.9166666666666666,0.9166666666666666,0.9166666666666666,0.9166666666666666,0.9166666666666666,0.9166666666666666,0.9166666666666666
G2-small15,0.1,27,G2-small15_e10_r027,0.5220588235294118,0.9154411764705882,0.9154411764705882,0.9154411764705882,0.9154411764705882,0.9154411764705882,0.9154411764705882,0.9154411764705882,0.9154411764705882,0.9154411764705882,0.9154411764705882,0.9154411764705882,0.9154411764705882,0.9154411764705882
G2-small15,0.2,27,G2-small15_e20_r027,0.8311688311688312,0.8311688311688312,0.8311688311688312,0.8311688311688312,0.8311688311688312,0.8311688311688312,0.8311688311688312,0.8311688311688312,0.8311688311688312,0.8311688311688312,0.8311688311688312,0.8311688311688312,0.8311688311688312,0.8311688311688312
G2-small15,0.3,27,G2-small15_e30_r027,0.8078817733990148,0.8078817733990148,0.8078817733990148,0.8078817733990148,0.8078817733990148,0.8078817733990148,0.8078817733990148,0.8078817733990148,0.8078817733990148,0.8078817733990148,0.8078817733990148,0.8078817733990148,0.8078817733990148,0.8078817733990148
G3-cluster,0.0,27,G3-cluster_e00_r027,0.9033333333333333,0.9033333333333333,0.9033333333333333,0.9033333333333333,0.9033333333333333,0.9033333333333333,0.9033333333333333,0.9033333333333333,0.9033333333333333,0.9033333333333333,0.9033333333333333,0.9033333333333333,0.9033333333333333,0.9033333333333333
G3-cluster,0.1,27,G3-cluster_e10_r027,0.9328358208955224,0.9328358208955224,0.9328358208955224,0.9328358208955224,0.9328358208955224,0.9328358208955224,0.9328358208955224,0.9328358208955224,0.9328358208955224,0.9328358208955224,0.9328358208955224,0.9328358208955224,0.9328358208955224,0.9328358208955224
G3-cluster,0.2,27,G3-cluster_e20_r027,0.864,0.864,0.864,0.864,0.864,0.864,0.864,0.864,0.864,0.864,0.864,0.864,0.864,0.864
G3-cluster,0.3,27,G3-cluster_e30_r027,0.5026178010471204,0.5026178010471204,0.5026178010471204,0.5026178010471204,0.5026178010471204,0.5026178010471204,0.5026178010471204,0.5026178010471204,0.5026178010471204,0.5026178010471204,0.5026178010471204,0.5026178010471204,0.5026178010471204,0.5026178010471204
G1-small20,0.0,28,G1-small20_e00_r028,0.9133333333333333,0.9133333333333333,0.9133333333333333,0.9133333333333333,0.9133333333333333,0.9133333333333333,0.9133333333333333,0.9133333333333333,0.9133333333333333,0.9133333333333333,0.9133333333333333,0.9133333333333333,0.9133333333333333,0.9133333333333333
G1-small20,0.1,28,G1-small20_e10_r028,0.9233576642335767,0.9233576642335767,0.9233576642335767,0.9233576642335767,0.9233576642335767,0.9233576642335767,0.9233576642335767,0.9233576642335767,0.9233576642335767,0.9233576642335767,0.9233576642335767,0.9233576642335767,0.9233576642335767,0.9233576642335767
G1-small20,0.2,28,G1-small20_e20_r028,0.9176954732510288,0.9176954732510288,0.9176954732510288,0.9176954732510288,0.9176954732510288,0.9176954732510288,0.9176954732510288,0.9176954732510288,0.9176954732510288,0.9176954732510288,0.9176954732510288,0.9176954732510288,0.9176954732510288,0.9176954732510288
G1-small20,0.3,28,G1-small20_e30_r028,0.8142857142857143,0.8142857142857143,0.8142857142857143,0.8142857142857143,0.8142857142857143,0.8142857142857143,0.8142857142857143,0.8142857142857143,0.8142857142857143,0.8142857142857143,0.8142857142857143,0.8142857142857143,0.8142857142857143,0.8142857142857143
G2-small15,0.0,28,G2-small15_e00_r028,0.92,0.92,0.92,0.92,0.92,0.92,0.92,0.92,0.92,0.92,0.92,0.92,0.92,0.92
G2-small15,0.1,28,G2-small15_e10_r028,0.9007352941176471,0.9007352941176471,0.9007352941176471,0.9007352941176471,0.9007352941176471,0.9007352941176471,0.9007352941176471,0.9007352941176471,0.9007352941176471,0.9007352941176471,0.9007352941176471,0.9007352941176471,0.9007352941176471,0.9007352941176471
G2-small15,0.2,28,G2-small15_e20_r028,0.5170940170940171,0.9102564102564102,0.9102564102564102,0.9102564102564102,0.9102564102564102,0.9102564102564102,0.9102564102564102,0.9102564102564102,0.9102564102564102,0.9102564102564102,0.9102564102564102,0.9102564102564102,0.5170940170940171,0.9102564102564102
G2-small15,0.3,28,G2-small15_e30_r028,0.539906103286385,0.539906103286385,0.539906103286385,0.539906103286385,0.539906103286385,0.539906103286385,0.539906103286385,0.539906103286385,0.539906103286385,0.539906103286385,0.539906103286385,0.539906103286385,0.539906103286385,0.92018779342723
G3-cluster,0.0,28,G3-cluster_e00_r028,0.9266666666666666,0.9266666666666666,0.9266666666666666,0.9266666666666666,0.9266666666666666,0.9266666666666666,0.9266666666666666,0.9266666666666666,0.9266666666666666,0.9266666666666666,0.9266666666666666,0.9266666666666666,0.9266666666666666,0.9266666666666666
G3-cluster,0.1,28,G3-cluster_e10_r028,0.9094202898550725,0.9094202898550725,0.9094202898550725,0.9094202898550725,0.9094202898550725,0.9094202898550725,0.9094202898550725,0.9094202898550725,0.9094202898550725,0.9094202898550725,0.9094202898550725,0.9094202898550725,0.9094202898550725,0.9094202898550725
G3-cluster,0.2,28,G3-cluster_e20_r028,0.8902439024390244,0.8902439024390244,0.8902439024390244,0.8902439024390244,0.8902439024390244,0.8902439024390244,0.8902439024390244,0.8902439024390244,0.8902439024390244,0.8902439024390244,0.8902439024390244,0.8902439024390244,0.8902439024390244,0.8902439024390244
G3-cluster,0.3,28,G3-cluster_e30_r028,0.5,0.5,0.5,0.5,0.5,0.5,0.5,0.5,0.5,0.5,0.5,0.5,0.5,0.5
G1-small20,0.0,29,G1-small20_e00_r029,0.87,0.87,0.87,0.87,0.87,0.87,0.87,0.87,0.87,0.87,0.87,0.87,0.87,0.87
G1-small20,0.1,29,G1-small20_e10_r029,0.8847583643122676,0.8847583643122676,0.8847583643122676,0.8847583643122676,0.8847583643122676,0.8847583643122676,0.8847583643122676,0.8847583643122676,0.8847583643122676,0.8847583643122676,0.8847583643122676,0.8847583643122676,0.8847583643122676,0.8847583643122676
G1-small20,0.2,29,G1-small20_e20_r029,0.542016806722689,0.9117647058823529,0.9117647058823529,0.9117647058823529,0.9117647058823529,0.9117647058823529,0.9117647058823529,0.9117647058823529,0.9117647058823529,0.9117647058823529,0.9117647058823529,0.9117647058823529,0.542016806722689,0.9117647058823529
G1-small20,0.3,29,G1-small20_e30_r029,0.9090909090909091,0.9090909090909091,0.9090909090909091,0.9090909090909091,0.9090909090909091,0.9090909090909091,0.9090909090909091,0.9090909090909091,0.9090909090909091,0.9090909090909091,0.9090909090909091,0.9090909090909091,0.9090909090909091,0.9090909090909091
G2-small15,0.0,29,G2-small15_e00_r029,0.5266666666666666,0.9233333333333333,0.9233333333333333,0.9233333333333333,0.9233333333333333,0.9233333333333333,0.9233333333333333,0.9233333333333333,0.9233333333333333,0.9233333333333333,0.9233333333333333,0.9233333333333333,0.9233333333333333,0.9233333333333333
G2-small15,0.1,29,G2-small15_e10_r029,0.5127272727272727,0.8872727272727273,0.8872727272727273,0.8872727272727273,0.8872727272727273,0.8872727272727273,0.8872727272727273,0.8872727272727273,0.8872727272727273,0.8872727272727273,0.8872727272727273,0.8872727272727273,0.8872727272727273,0.8872727272727273
G2-small15,0.2,29,G2-small15_e20_r029,0.8987341772151899,0.8987341772151899,0.8987341772151899,0.8987341772151899,0.8987341772151899,0.8987341772151899,0.8987341772151899,0.8987341772151899,0.8987341772151899,0.8987341772151899,0.8987341772151899,0.8987341772151899,0.8987341772151899,0.8987341772151899
G2-small15,0.3,29,G2-small15_e30_r029,0.5441176470588235,0.5441176470588235,0.5441176470588235,0.5441176470588235,0.5441176470588235,0.5441176470588235,0.5441176470588235,0.5441176470588235,0.5441176470588235,0.5441176470588235,0.5441176470588235,0.5441176470588235,0.5441176470588235,0.5441176470588235
G3-cluster,0.0,29,G3-cluster_e00_r029,0.92,0.92,0.92,0.92,0.92,0.92,0.92,0.92,0.92,0.92,0.92,0.92,0.92,0.92
G3-cluster,0.1,29,G3-cluster_e10_r029,0.9097744360902256,0.9097744360902256,0.9097744360902256,0.9097744360902256,0.9097744360902256,0.9097744360902256,0.9097744360902256,0.9097744360902256,0.9097744360902256,0.9097744360902256,0.9097744360902256,0.9097744360902256,0.9097744360902256,0.9097744360902256
G3-cluster,0.2,29,G3-cluster_e20_r029,0.9065040650406504,0.9065040650406504,0.9065040650406504,0.9065040650406504,0.9065040650406504,0.9065040650406504,0.9065040650406504,0.9065040650406504,0.9065040650406504,0.9065040650406504,0.9065040650406504,0.9065040650406504,0.9065040650406504,0.9065040650406504
G3-cluster,0.3,29,G3-cluster_e30_r029,0.5601851851851852,0.5601851851851852,0.5601851851851852,0.5601851851851852,0.5601851851851852,0.5601851851851852,0.5601851851851852,0.5601851851851852,0.5601851851851852,0.5601851851851852,0.5601851851851852,0.5601851851851852,0.5601851851851852,0.5601851851851852
G1-small20,0.0,30,G1-small20_e00_r030,0.91,0.91,0.91,0.91,0.91,0.91,0.91,0.91,0.91,0.91,0.91,0.91,0.91,0.91
G1-small20,0.1,30,G1-small20_e10_r030,0.9291044776119403,0.9291044776119403,0.9291044776119403,0.9291044776119403,0.9291044776119403,0.9291044776119403,0.9291044776119403,0.9291044776119403,0.9291044776119403,0.9291044776119403,0.9291044776119403,0.9291044776119403,0.9291044776119403,0.9291044776119403
G1-small20,0.2,30,G1-small20_e20_r030,0.9156118143459916,0.9156118143459916,0.9156118143459916,0.9156118143459916,0.9156118143459916,0.9156118143459916,0.9156118143459916,0.9156118143459916,0.9156118143459916,0.9156118143459916,0.9156118143459916,0.9156118143459916,0.9156118143459916,0.9156118143459916
G1-small20,0.3,30,G1-small20_e30_r030,0.5528846153846154,0.5528846153846154,0.5528846153846154,0.5528846153846154,0.5528846153846154,0.5528846153846154,0.5528846153846154,0.5528846153846154,0.5528846153846154,0.5528846153846154,0.5528846153846154,0.5528846153846154,0.5528846153846154,0.8942307692307693
G2-small15,0.0,30,G2-small15_e00_r030,0.9066666666666666,0.9066666666666666,0.9066666666666666,0.9066666666666666,0.9066666666666666,0.9066666666666666,0.9066666666666666,0.9066666666666666,0.9066666666666666,0.9066666666666666,0.9066666666666666,0.9066666666666666,0.9066666666666666,0.9066666666666666
G2-small15,0.1,30,G2-small15_e10_r030,0.5663082437275986,0.9283154121863799,0.9283154121863799,0.9283154121863799,0.9283154121863799,0.9283154121863799,0.9283154121863799,0.9283154121863799,0.9283154121863799,0.9283154121863799,0.9283154121863799,0.9283154121863799,0.9283154121863799,0.9283154121863799
G2-small15,0.2,30,G2-small15_e20_r030,0.58,0.916,0.916,0.916,0.916,0.916,0.916,0.916,0.916,0.916,0.916,0.916,0.916,0.916
G2-small15,0.3,30,G2-small15_e30_r030,0.8390243902439024,0.8390243902439024,0.8390243902439024,0.8390243902439024,0.8390243902439024,0.8390243902439024,0.8390243902439024,0.8390243902439024,0.8390243902439024,0.8390243902439024,0.8390243902439024,0.8390243902439024,0.8390243902439024,0.8390243902439024
G3-cluster,0.0,30,G3-cluster_e00_r030,0.92,0.92,0.92,0.92,0.92,0.92,0.92,0.92,0.92,0.92,0.92,0.92,0.92,0.92
G3-cluster,0.1,30,G3-cluster_e10_r030,0.875,0.875,0.875,0.875,0.875,0.875,0.875,0.875,0.875,0.875,0.875,0.875,0.875,0.875
G3-cluster,0.2,30,G3-cluster_e20_r030,0.9288702928870293,0.9288702928870293,0.9288702928870293,0.9288702928870293,0.9288702928870293,0.9288702928870293,0.9288702928870293,0.9288702928870293,0.9288702928870293,0.9288702928870293,0.9288702928870293,0.9288702928870293,0.9288702928870293,0.9288702928870293
G3-cluster,0.3,30,G3-cluster_e30_r030,0.5142857142857142,0.5142857142857142,0.5142857142857142,0.5142857142857142,0.5142857142857142,0.5142857142857142,0.5142857142857142,0.5142857142857142,0.5142857142857142,0.5142857142857142,0.5142857142857142,0.5142857142857142,0.5142857142857142,0.5142857142857142
G1-small20,0.0,31,G1-small20_e00_r031,0.8966666666666666,0.8966666666666666,0.8966666666666666,0.8966666666666666,0.8966666666666666,0.8966666666666666,0.8966666666666666,0.8966666666666666,0.8966666666666666,0.8966666666666666,0.8966666666666666,0.8966666666666666,0.8966666666666666,0.8966666666666666
G1-small20,0.1,31,G1-small20_e10_r031,0.92,0.92,0.92,0.92,0.92,0.92,0.92,0.92,0.92,0.92,0.92,0.92,0.92,0.92
G1-small20,0.2,31,G1-small20_e20_r031,0.9288702928870293,0.9288702928870293,0.9288702928870293,0.9288702928870293,0.9288702928870293,0.9288702928870293,0.9288702928870293,0.9288702928870293,0.9288702928870293,0.9288702928870293,0.9288702928870293,0.9288702928870293,0.9288702928870293,0.9288702928870293
G1-small20,0.3,31,G1-small20_e30_r031,0.5934579439252337,0.5934579439252337,0.5934579439252337,0.5934579439252337,0.5934579439252337,0.5934579439252337,0.5934579439252337,0.5934579439252337,0.5934579439252337,0.5934579439252337,0.5934579439252337,0.5934579439252337,0.5934579439252337,0.5934579439252337
G2-small15,0.0,31,G2-small15_e00_r031,0.53,0.9233333333333333,0.9233333333333333,0.9233333333333333,0.9233333333333333,0.9233333333333333,0.9233333333333333,0.9233333333333333,0.9233333333333333,0.9233333333333333,0.9233333333333333,0.9233333333333333,0.9233333333333333,0.9233333333333333
G2-small15,0.1,31,G2-small15_e10_r031,0.5037593984962406,0.9097744360902256,0.9097744360902256,0.9097744360902256,0.9097744360902256,0.9097744360902256,0.9097744360902256,0.9097744360902256,0.9097744360902256,0.9097744360902256,0.9097744360902256,0.9097744360902256,0.9097744360902256,0.9097744360902256
G2-small15,0.2,31,G2-small15_e20_r031,0.55,0.8791666666666667,0.8791666666666667,0.8791666666666667,0.8791666666666667,0.8791666666666667,0.8791666666666667,0.8791666666666667,0.8791666666666667,0.8791666666666667,0.8791666666666667,0.8791666666666667,0.55,0.8791666666666667
G2-small15,0.3,31,G2-small15_e30_r031,0.5253456221198156,0.5253456221198156,0.5253456221198156,0.5253456221198156,0.5253456221198156,0.5253456221198156,0.5253456221198156,0.5253456221198156,0.5253456221198156,0.5253456221198156,0.5253456221198156,0.5253456221198156,0.5253456221198156,0.8986175115207373
G3-cluster,0.0,31,G3-cluster_e00_r031,0.8866666666666667,0.8866666666666667,0.8866666666666667,0.8866666666666667,0.8866666666666667,0.8866666666666667,0.8866666666666667,0.8866666666666667,0.8866666666666667,0.8866666666666667,0.8866666666666667,0.8866666666666667,0.8866666666666667,0.8866666666666667
G3-cluster,0.1,31,G3-cluster_e10_r031,0.9157509157509157,0.9157509157509157,0.9157509157509157,0.9157509157509157,0.9157509157509157,0.9157509157509157,0.9157509157509157,0.9157509157509157,0.9157509157509157,0.9157509157509157,0.9157509157509157,0.9157509157509157,0.9157509157509157,0.9157509157509157
G3-cluster,0.2,31,G3-cluster_e20_r031,0.5213675213675214,0.9230769230769231,0.9230769230769231,0.9230769230769231,0.9230769230769231,0.9230769230769231,0.9230769230769231,0.9230769230769231,0.9230769230769231,0.9230769230769231,0.9230769230769231,0.9230769230769231,0.9230769230769231,0.9230769230769231
G3-cluster,0.3,31,G3-cluster_e30_r031,0.5467980295566502,0.5467980295566502,0.5467980295566502,0.5467980295566502,0.5467980295566502,0.5467980295566502,0.5467980295566502,0.5467980295566502,0.5467980295566502,0.5467980295566502,0.5467980295566502,0.5467980295566502,0.5467980295566502,0.5467980295566502
G1-small20,0.0,32,G1-small20_e00_r032,0.6033333333333334,0.9233333333333333,0.9233333333333333,0.9233333333333333,0.9233333333333333,0.9233333333333333,0.9233333333333333,0.9233333333333333,0.9233333333333333,0.9233333333333333,0.9233333333333333,0.9233333333333333,0.9233333333333333,0.9233333333333333
G1-small20,0.1,32,G1-small20_e10_r032,0.8708487084870848,0.8708487084870848,0.8708487084870848,0.8708487084870848,0.8708487084870848,0.8708487084870848,0.8708487084870848,0.8708487084870848,0.8708487084870848,0.8708487084870848,0.8708487084870848,0.8708487084870848,0.8708487084870848,0.8708487084870848
G1-small20,0.2,32,G1-small20_e20_r032,0.5306122448979592,0.5306122448979592,0.5306122448979592,0.5306122448979592,0.5306122448979592,0.5306122448979592,0.5306122448979592,0.5306122448979592,0.5306122448979592,0.5306122448979592,0.5306122448979592,0.5306122448979592,0.5306122448979592,0.5306122448979592
G1-small20,0.3,32,G1-small20_e30_r032,0.5258215962441315,0.5258215962441315,0.5258215962441315,0.5258215962441315,0.5258215962441315,0.5258215962441315,0.5258215962441315,0.5258215962441315,0.5258215962441315,0.5258215962441315,0.5258215962441315,0.5258215962441315,0.5258215962441315,0.5258215962441315
G2-small15,0.0,32,G2-small15_e00_r032,0.5266666666666666,0.9166666666666666,0.9166666666666666,0.9166666666666666,0.9166666666666666,0.9166666666666666,0.9166666666666666,0.9166666666666666,0.9166666666666666,0.9166666666666666,0.9166666666666666,0.9166666666666666,0.9166666666666666,0.9166666666666666
G2-small15,0.1,32,G2-small15_e10_r032,0.5018050541516246,0.8844765342960289,0.8844765342960289,0.8844765342960289,0.8844765342960289,0.8844765342960289,0.8844765342960289,0.8844765342960289,0.8844765342960289,0.8844765342960289,0.8844765342960289,0.8844765342960289,0.8844765342960289,0.8844765342960289
G2-small15,0.2,32,G2-small15_e20_r032,0.5378151260504201,0.9117647058823529,0.9117647058823529,0.9117647058823529,0.9117647058823529,0.9117647058823529,0.9117647058823529,0.9117647058823529,0.9117647058823529,0.9117647058823529,0.9117647058823529,0.9117647058823529,0.5378151260504201,0.9117647058823529
G2-small15,0.3,32,G2-small15_e30_r032,0.8592233009708737,0.8592233009708737,0.8592233009708737,0.8592233009708737,0.8592233009708737,0.8592233009708737,0.8592233009708737,0.8592233009708737,0.8592233009708737,0.8592233009708737,0.8592233009708737,0.8592233009708737,0.8592233009708737,0.8592233009708737
G3-cluster,0.0,32,G3-cluster_e00_r032,0.9166666666666666,0.9166666666666666,0.9166666666666666,0.9166666666666666,0.9166666666666666,0.9166666666666666,0.9166666666666666,0.9166666666666666,0.9166666666666666,0.9166666666666666,0.9166666666666666,0.9166666666666666,0.9166666666666666,0.9166666666666666
G3-cluster,0.1,32,G3-cluster_e10_r032,0.9090909090909091,0.9090909090909091,0.9090909090909091,0.9090909090909091,0.9090909090909091,0.9090909090909091,0.9090909090909091,0.9090909090909091,0.9090909090909091,0.9090909090909091,0.9090909090909091,0.9090909090909091,0.9090909090909091,0.9090909090909091
G3-cluster,0.2,32,G3-cluster_e20_r032,0.8846153846153846,0.8846153846153846,0.8846153846153846,0.8846153846153846,0.8846153846153846,0.8846153846153846,0.8846153846153846,0.8846153846153846,0.8846153846153846,0.8846153846153846,0.8846153846153846,0.8846153846153846,0.8846153846153846,0.8846153846153846
G3-cluster,0.3,32,G3-cluster_e30_r032,0.5327102803738317,0.5327102803738317,0.5327102803738317,0.5327102803738317,0.5327102803738317,0.5327102803738317,0.5327102803738317,0.5327102803738317,0.5327102803738317,0.5327102803738317,0.5327102803738317,0.5327102803738317,0.5327102803738317,0.5327102803738317
G1-small20,0.0,33,G1-small20_e00_r033,0.8933333333333333,0.8933333333333333,0.8933333333333333,0.8933333333333333,0.8933333333333333,0.8933333333333333,0.8933333333333333,0.8933333333333333,0.8933333333333333,0.8933333333333333,0.8933333333333333,0.8933333333333333,0.8933333333333333,0.8933333333333333
G1-small20,0.1,33,G1-small20_e10_r033,0.9120879120879121,0.9120879120879121,0.9120879120879121,0.9120879120879121,0.9120879120879121,0.9120879120879121,0.9120879120879121,0.9120879120879121,0.9120879120879121,0.9120879120879121,0.9120879120879121,0.9120879120879121,0.9120879120879121,0.9120879120879121
G1-small20,0.2,33,G1-small20_e20_r033,0.6991525423728814,0.6991525423728814,0.6991525423728814,0.6991525423728814,0.6991525423728814,0.6991525423728814,0.6991525423728814,0.6991525423728814,0.6991525423728814,0.6991525423728814,0.6991525423728814,0.6991525423728814,0.6991525423728814,0.6991525423728814
G1-small20,0.3,33,G1-small20_e30_r033,0.8146341463414634,0.8146341463414634,0.8146341463414634,0.8146341463414634,0.8146341463414634,0.8146341463414634,0.8146341463414634,0.8146341463414634,0.8146341463414634,0.8146341463414634,0.8146341463414634,0.8146341463414634,0.8146341463414634,0.8146341463414634
G2-small15,0.0,33,G2-small15_e00_r033,0.9266666666666666,0.9266666666666666,0.9266666666666666,0.9266666666666666,0.9266666666666666,0.9266666666666666,0.9266666666666666,0.9266666666666666,0.9266666666666666,0.9266666666666666,0.9266666666666666,0.9266666666666666,0.9266666666666666,0.9266666666666666
G2-small15,0.1,33,G2-small15_e10_r033,0.5498154981549815,0.9114391143911439,0.9114391143911439,0.9114391143911439,0.9114391143911439,0.9114391143911439,0.9114391143911439,0.5498154981549815,0.9114391143911439,0.9114391143911439,0.9114391143911439,0.9114391143911439,0.9114391143911439,0.9114391143911439
G2-small15,0.2,33,G2-small15_e20_r033,0.902542372881356,0.902542372881356,0.902542372881356,0.902542372881356,0.902542372881356,0.902542372881356,0.902542372881356,0.902542372881356,0.902542372881356,0.902542372881356,0.902542372881356,0.902542372881356,0.902542372881356,0.902542372881356
G2-small15,0.3,33,G2-small15_e30_r033,0.8164251207729468,0.8164251207729468,0.8164251207729468,0.8164251207729468,0.8164251207729468,0.8164251207729468,0.8164251207729468,0.8164251207729468,0.8164251207729468,0.8164251207729468,0.8164251207729468,0.8164251207729468,0.8164251207729468,0.8164251207729468
G3-cluster,0.0,33,G3-cluster_e00_r033,0.9033333333333333,0.9033333333333333,0.9033333333333333,0.9033333333333333,0.9033333333333333,0.9033333333333333,0.9033333333333333,0.9033333333333333,0.9033333333333333,0.9033333333333333,0.9033333333333333,0.9033333333333333,0.9033333333333333,0.9033333333333333
G3-cluster,0.1,33,G3-cluster_e10_r033,0.9018867924528302,0.9018867924528302,0.9018867924528302,0.9018867924528302,0.9018867924528302,0.9018867924528302,0.9018867924528302,0.9018867924528302,0.9018867924528302,0.9018867924528302,0.9018867924528302,0.9018867924528302,0.9018867924528302,0.9018867924528302
G3-cluster,0.2,33,G3-cluster_e20_r033,0.9146341463414634,0.9146341463414634,0.9146341463414634,0.9146341463414634,0.9146341463414634,0.9146341463414634,0.9146341463414634,0.9146341463414634,0.9146341463414634,0.9146341463414634,0.9146341463414634,0.9146341463414634,0.9146341463414634,0.9146341463414634
G3-cluster,0.3,33,G3-cluster_e30_r033,0.5339805825242718,0.5339805825242718,0.5339805825242718,0.5339805825242718,0.5339805825242718,0.5339805825242718,0.5339805825242718,0.5339805825242718,0.5339805825242718,0.5339805825242718,0.5339805825242718,0.5339805825242718,0.5339805825242718,0.5339805825242718
G1-small20,0.0,34,G1-small20_e00_r034,0.9133333333333333,0.9133333333333333,0.9133333333333333,0.9133333333333333,0.9133333333333333,0.9133333333333333,0.9133333333333333,0.9133333333333333,0.9133333333333333,0.9133333333333333,0.9133333333333333,0.9133333333333333,0.9133333333333333,0.9133333333333333
G1-small20,0.1,34,G1-small20_e10_r034,0.9068100358422939,0.9068100358422939,0.9068100358422939,0.9068100358422939,0.9068100358422939,0.9068100358422939,0.9068100358422939,0.9068100358422939,0.9068100358422939,0.9068100358422939,0.9068100358422939,0.9068100358422939,0.9068100358422939,0.9068100358422939
G1-small20,0.2,34,G1-small20_e20_r034,0.9004149377593361,0.9004149377593361,0.9004149377593361,0.9004149377593361,0.9004149377593361,0.9004149377593361,0.9004149377593361,0.9004149377593361,0.9004149377593361,0.9004149377593361,0.9004149377593361,0.9004149377593361,0.9004149377593361,0.9004149377593361
G1-small20,0.3,34,G1-small20_e30_r034,0.8045454545454546,0.8045454545454546,0.8045454545454546,0.8045454545454546,0.8045454545454546,0.8045454545454546,0.8045454545454546,0.8045454545454546,0.8045454545454546,0.8045454545454546,0.8045454545454546,0.8045454545454546,0.8045454545454546,0.8045454545454546
G2-small15,0.0,34,G2-small15_e00_r034,0.9133333333333333,0.9133333333333333,0.9133333333333333,0.9133333333333333,0.9133333333333333,0.9133333333333333,0.9133333333333333,0.9133333333333333,0.9133333333333333,0.9133333333333333,0.9133333333333333,0.9133333333333333,0.9133333333333333,0.9133333333333333
G2-small15,0.1,34,G2-small15_e10_r034,0.9136690647482014,0.9136690647482014,0.9136690647482014,0.9136690647482014,0.9136690647482014,0.9136690647482014,0.9136690647482014,0.9136690647482014,0.9136690647482014,0.9136690647482014,0.9136690647482014,0.9136690647482014,0.9136690647482014,0.9136690647482014
G2-small15,0.2,34,G2-small15_e20_r034,0.9116465863453815,0.9116465863453815,0.9116465863453815,0.9116465863453815,0.9116465863453815,0.9116465863453815,0.9116465863453815,0.9116465863453815,0.9116465863453815,0.9116465863453815,0.9116465863453815,0.9116465863453815,0.9116465863453815,0.9116465863453815
G2-small15,0.3,34,G2-small15_e30_r034,0.8888888888888888,0.8888888888888888,0.8888888888888888,0.8888888888888888,0.8888888888888888,0.8888888888888888,0.8888888888888888,0.8888888888888888,0.8888888888888888,0.8888888888888888,0.8888888888888888,0.8888888888888888,0.8888888888888888,0.8888888888888888
G3-cluster,0.0,34,G3-cluster_e00_r034,0.9333333333333333,0.9333333333333333,0.9333333333333333,0.9333333333333333,0.9333333333333333,0.9333333333333333,0.9333333333333333,0.9333333333333333,0.9333333333333333,0.9333333333333333,0.9333333333333333,0.9333333333333333,0.9333333333333333,0.9333333333333333
G3-cluster,0.1,34,G3-cluster_e10_r034,0.9007352941176471,0.9007352941176471,0.9007352941176471,0.9007352941176471,0.9007352941176471,0.9007352941176471,0.9007352941176471,0.9007352941176471,0.9007352941176471,0.9007352941176471,0.9007352941176471,0.9007352941176471,0.9007352941176471,0.9007352941176471
G3-cluster,0.2,34,G3-cluster_e20_r034,0.5296610169491526,0.8940677966101694,0.8940677966101694,0.8940677966101694,0.8940677966101694,0.8940677966101694,0.8940677966101694,0.8940677966101694,0.8940677966101694,0.8940677966101694,0.8940677966101694,0.8940677966101694,0.8940677966101694,0.8940677966101694
G3-cluster,0.3,34,G3-cluster_e30_r034,0.5436893203883495,0.5436893203883495,0.5436893203883495,0.5436893203883495,0.5436893203883495,0.5436893203883495,0.5436893203883495,0.5436893203883495,0.5436893203883495,0.5436893203883495,0.5436893203883495,0.5436893203883495,0.5436893203883495,0.5436893203883495
G1-small20,0.0,35,G1-small20_e00_r035,0.5233333333333333,0.9266666666666666,0.9266666666666666,0.9266666666666666,0.5233333333333333,0.9266666666666666,0.9266666666666666,0.9266666666666666,0.9266666666666666,0.9266666666666666,0.9266666666666666,0.9266666666666666,0.9266666666666666,0.9266666666666666
G1-small20,0.1,35,G1-small20_e10_r035,0.9298892988929889,0.9298892988929889,0.9298892988929889,0.9298892988929889,0.9298892988929889,0.9298892988929889,0.9298892988929889,0.9298892988929889,0.9298892988929889,0.9298892988929889,0.9298892988929889,0.9298892988929889,0.9298892988929889,0.9298892988929889
G1-small20,0.2,35,G1-small20_e20_r035,0.9246031746031746,0.9246031746031746,0.9246031746031746,0.9246031746031746,0.9246031746031746,0.9246031746031746,0.9246031746031746,0.9246031746031746,0.9246031746031746,0.9246031746031746,0.9246031746031746,0.9246031746031746,0.9246031746031746,0.9246031746031746
G1-small20,0.3,35,G1-small20_e30_r035,0.7611940298507462,0.7611940298507462,0.7611940298507462,0.7611940298507462,0.7611940298507462,0.7611940298507462,0.7611940298507462,0.7611940298507462,0.7611940298507462,0.7611940298507462,0.7611940298507462,0.7611940298507462,0.7611940298507462,0.7611940298507462
G2-small15,0.0,35,G2-small15_e00_r035,0.5066666666666667,0.91,0.91,0.91,0.91,0.91,0.91,0.91,0.91,0.91,0.91,0.91,0.91,0.91
G2-small15,0.1,35,G2-small15_e10_r035,0.5090252707581228,0.927797833935018,0.927797833935018,0.927797833935018,0.5090252707581228,0.927797833935018,0.927797833935018,0.927797833935018,0.927797833935018,0.927797833935018,0.927797833935018,0.927797833935018,0.927797833935018,0.927797833935018
G2-small15,0.2,35,G2-small15_e20_r035,0.5349794238683128,0.8888888888888888,0.8888888888888888,0.8888888888888888,0.8888888888888888,0.8888888888888888,0.8888888888888888,0.8888888888888888,0.8888888888888888,0.8888888888888888,0.8888888888888888,0.8888888888888888,0.5349794238683128,0.8888888888888888
G2-small15,0.3,35,G2-small15_e30_r035,0.8872549019607843,0.8872549019607843,0.8872549019607843,0.8872549019607843,0.8872549019607843,0.8872549019607843,0.8872549019607843,0.8872549019607843,0.8872549019607843,0.8872549019607843,0.8872549019607843,0.8872549019607843,0.8872549019607843,0.8872549019607843
G3-cluster,0.0,35,G3-cluster_e00_r035,0.9333333333333333,0.9333333333333333,0.9333333333333333,0.9333333333333333,0.9333333333333333,0.9333333333333333,0.9333333333333333,0.9333333333333333,0.9333333333333333,0.9333333333333333,0.9333333333333333,0.9333333333333333,0.9333333333333333,0.9333333333333333
G3-cluster,0.1,35,G3-cluster_e10_r035,0.9213483146067416,0.9213483146067416,0.9213483146067416,0.9213483146067416,0.9213483146067416,0.9213483146067416,0.9213483146067416,0.9213483146067416,0.9213483146067416,0.9213483146067416,0.9213483146067416,0.9213483146067416,0.9213483146067416,0.9213483146067416
G3-cluster,0.2,35,G3-cluster_e20_r035,0.5081967213114754,0.5081967213114754,0.5081967213114754,0.5081967213114754,0.5081967213114754,0.5081967213114754,0.5081967213114754,0.5081967213114754,0.5081967213114754,0.5081967213114754,0.5081967213114754,0.5081967213114754,0.5081967213114754,0.5081967213114754
G3-cluster,0.3,35,G3-cluster_e30_r035,0.5119617224880383,0.5119617224880383,0.5119617224880383,0.5119617224880383,0.5119617224880383,0.5119617224880383,0.5119617224880383,0.5119617224880383,0.5119617224880383,0.5119617224880383,0.5119617224880383,0.5119617224880383,0.5119617224880383,0.5119617224880383
G1-small20,0.0,36,G1-small20_e00_r036,0.9266666666666666,0.9266666666666666,0.9266666666666666,0.9266666666666666,0.9266666666666666,0.9266666666666666,0.9266666666666666,0.9266666666666666,0.9266666666666666,0.9266666666666666,0.9266666666666666,0.9266666666666666,0.9266666666666666,0.9266666666666666
G1-small20,0.1,36,G1-small20_e10_r036,0.6199261992619927,0.915129151291513,0.915129151291513,0.915129151291513,0.915129151291513,0.915129151291513,0.915129151291513,0.915129151291513,0.915129151291513,0.915129151291513,0.915129151291513,0.915129151291513,0.915129151291513,0.915129151291513
G1-small20,0.2,36,G1-small20_e20_r036,0.5702127659574469,0.9361702127659575,0.9361702127659575,0.9361702127659575,0.9361702127659575,0.9361702127659575,0.9361702127659575,0.9361702127659575,0.9361702127659575,0.9361702127659575,0.9361702127659575,0.9361702127659575,0.5702127659574469,0.9361702127659575
G1-small20,0.3,36,G1-small20_e30_r036,0.5865384615384616,0.5865384615384616,0.5865384615384616,0.5865384615384616,0.5865384615384616,0.5865384615384616,0.5865384615384616,0.5865384615384616,0.5865384615384616,0.5865384615384616,0.5865384615384616,0.5865384615384616,0.5865384615384616,0.8990384615384616
G2-small15,0.0,36,G2-small15_e00_r036,0.5,0.9033333333333333,0.9033333333333333,0.9033333333333333,0.9033333333333333,0.9033333333333333,0.9033333333333333,0.9033333333333333,0.9033333333333333,0.9033333333333333,0.9033333333333333,0.9033333333333333,0.9033333333333333,0.9033333333333333
G2-small15,0.1,36,G2-small15_e10_r036,0.6067415730337079,0.9138576779026217,0.9138576779026217,0.9138576779026217,0.9138576779026217,0.9138576779026217,0.9138576779026217,0.9138576779026217,0.9138576779026217,0.9138576779026217,0.9138576779026217,0.9138576779026217,0.9138576779026217,0.9138576779026217
G2-small15,0.2,36,G2-small15_e20_r036,0.551440329218107,0.9053497942386831,0.9053497942386831,0.9053497942386831,0.9053497942386831,0.9053497942386831,0.9053497942386831,0.551440329218107,0.9053497942386831,0.9053497942386831,0.9053497942386831,0.9053497942386831,0.551440329218107,0.9053497942386831
G2-small15,0.3,36,G2-small15_e30_r036,0.8140703517587939,0.8140703517587939,0.8140703517587939,0.8140703517587939,0.8140703517587939,0.8140703517587939,0.8140703517587939,0.8140703517587939,0.8140703517587939,0.8140703517587939,0.8140703517587939,0.8140703517587939,0.8140703517587939,0.8140703517587939
G3-cluster,0.0,36,G3-cluster_e00_r036,0.91,0.91,0.91,0.91,0.91,0.91,0.91,0.91,0.91,0.91,0.91,0.91,0.91,0.91
G3-cluster,0.1,36,G3-cluster_e10_r036,0.8996282527881041,0.8996282527881041,0.8996282527881041,0.8996282527881041,0.8996282527881041,0.8996282527881041,0.8996282527881041,0.8996282527881041,0.8996282527881041,0.8996282527881041,0.8996282527881041,0.8996282527881041,0.8996282527881041,0.8996282527881041
G3-cluster,0.2,36,G3-cluster_e20_r036,0.9148936170212766,0.9148936170212766,0.9148936170212766,0.9148936170212766,0.9148936170212766,0.9148936170212766,0.9148936170212766,0.9148936170212766,0.9148936170212766,0.9148936170212766,0.9148936170212766,0.9148936170212766,0.9148936170212766,0.9148936170212766
G3-cluster,0.3,36,G3-cluster_e30_r036,0.5238095238095238,0.5238095238095238,0.5238095238095238,0.5238095238095238,0.5238095238095238,0.5238095238095238,0.5238095238095238,0.5238095238095238,0.5238095238095238,0.5238095238095238,0.5238095238095238,0.5238095238095238,0.5238095238095238,0.5238095238095238
G1-small20,0.0,37,G1-small20_e00_r037,0.9033333333333333,0.9033333333333333,0.9033333333333333,0.9033333333333333,0.9033333333333333,0.9033333333333333,0.9033333333333333,0.9033333333333333,0.9033333333333333,0.9033333333333333,0.9033333333333333,0.9033333333333333,0.9033333333333333,0.9033333333333333
G1-small20,0.1,37,G1-small20_e10_r037,0.5239852398523985,0.9520295202952029,0.9520295202952029,0.9520295202952029,0.9520295202952029,0.9520295202952029,0.9520295202952029,0.9520295202952029,0.9520295202952029,0.9520295202952029,0.9520295202952029,0.9520295202952029,0.9520295202952029,0.9520295202952029
G1-small20,0.2,37,G1-small20_e20_r037,0.5085470085470085,0.9102564102564102,0.9102564102564102,0.9102564102564102,0.9102564102564102,0.9102564102564102,0.9102564102564102,0.9102564102564102,0.9102564102564102,0.9102564102564102,0.9102564102564102,0.9102564102564102,0.5085470085470085,0.9102564102564102
G1-small20,0.3,37,G1-small20_e30_r037,0.9571428571428572,0.9571428571428572,0.9571428571428572,0.9571428571428572,0.9571428571428572,0.9571428571428572,0.9571428571428572,0.9571428571428572,0.9571428571428572,0.9571428571428572,0.9571428571428572,0.9571428571428572,0.9571428571428572,0.9571428571428572
G2-small15,0.0,37,G2-small15_e00_r037,0.9066666666666666,0.9066666666666666,0.9066666666666666,0.9066666666666666,0.9066666666666666,0.9066666666666666,0.9066666666666666,0.9066666666666666,0.9066666666666666,0.9066666666666666,0.9066666666666666,0.9066666666666666,0.9066666666666666,0.9066666666666666
G2-small15,0.1,37,G2-small15_e10_r037,0.5318352059925093,0.9325842696629213,0.9325842696629213,0.5318352059925093,0.5318352059925093,0.9325842696629213,0.9325842696629213,0.9325842696629213,0.9325842696629213,0.9325842696629213,0.9325842696629213,0.9325842696629213,0.9325842696629213,0.9325842696629213
G2-small15,0.2,37,G2-small15_e20_r037,0.5491803278688525,0.9057377049180327,0.9057377049180327,0.9057377049180327,0.9057377049180327,0.9057377049180327,0.9057377049180327,0.9057377049180327,0.9057377049180327,0.9057377049180327,0.9057377049180327,0.9057377049180327,0.5491803278688525,0.9057377049180327
G2-small15,0.3,37,G2-small15_e30_r037,0.8341463414634146,0.8341463414634146,0.8341463414634146,0.8341463414634146,0.8341463414634146,0.8341463414634146,0.8341463414634146,0.8341463414634146,0.8341463414634146,0.8341463414634146,0.8341463414634146,0.8341463414634146,0.8341463414634146,0.8341463414634146
G3-cluster,0.0,37,G3-cluster_e00_r037,0.92,0.92,0.92,0.92,0.92,0.92,0.92,0.92,0.92,0.92,0.92,0.92,0.92,0.92
G3-cluster,0.1,37,G3-cluster_e10_r037,0.9117647058823529,0.9117647058823529,0.9117647058823529,0.9117647058823529,0.9117647058823529,0.9117647058823529,0.9117647058823529,0.9117647058823529,0.9117647058823529,0.9117647058823529,0.9117647058823529,0.9117647058823529,0.9117647058823529,0.9117647058823529
G3-cluster,0.2,37,G3-cluster_e20_r037,0.5330396475770925,0.5330396475770925,0.5330396475770925,0.5330396475770925,0.5330396475770925,0.5330396475770925,0.5330396475770925,0.5330396475770925,0.9162995594713657,0.5330396475770925,0.5330396475770925,0.5330396475770925,0.5330396475770925,0.5330396475770925
G3-cluster,0.3,37,G3-cluster_e30_r037,0.5047169811320755,0.5047169811320755,0.5047169811320755,0.5047169811320755,0.5047169811320755,0.5047169811320755,0.5047169811320755,0.5047169811320755,0.5047169811320755,0.5047169811320755,0.5047169811320755,0.5047169811320755,0.5047169811320755,0.5047169811320755
G1-small20,0.0,38,G1-small20_e00_r038,0.9266666666666666,0.9266666666666666,0.9266666666666666,0.9266666666666666,0.9266666666666666,0.9266666666666666,0.9266666666666666,0.9266666666666666,0.9266666666666666,0.9266666666666666,0.9266666666666666,0.9266666666666666,0.9266666666666666,0.9266666666666666
G1-small20,0.1,38,G1-small20_e10_r038,0.5092250922509225,0.922509225092251,0.922509225092251,0.922509225092251,0.922509225092251,0.922509225092251,0.922509225092251,0.922509225092251,0.922509225092251,0.922509225092251,0.922509225092251,0.922509225092251,0.922509225092251,0.922509225092251
G1-small20,0.2,38,G1-small20_e20_r038,0.9057377049180327,0.9057377049180327,0.9057377049180327,0.9057377049180327,0.9057377049180327,0.9057377049180327,0.9057377049180327,0.9057377049180327,0.9057377049180327,0.9057377049180327,0.9057377049180327,0.9057377049180327,0.9057377049180327,0.9057377049180327
G1-small20,0.3,38,G1-small20_e30_r038,0.7783251231527094,0.7783251231527094,0.7783251231527094,0.7783251231527094,0.7783251231527094,0.7783251231527094,0.7783251231527094,0.7783251231527094,0.7783251231527094,0.7783251231527094,0.7783251231527094,0.7783251231527094,0.7783251231527094,0.7783251231527094
G2-small15,0.0,38,G2-small15_e00_r038,0.92,0.92,0.92,0.92,0.92,0.92,0.92,0.92,0.92,0.92,0.92,0.92,0.92,0.92
G2-small15,0.1,38,G2-small15_e10_r038,0.5330882352941176,0.9375,0.9375,0.9375,0.9375,0.9375,0.9375,0.9375,0.9375,0.9375,0.9375,0.9375,0.9375,0.9375
G2-small15,0.2,38,G2-small15_e20_r038,0.5165289256198347,0.8966942148760331,0.8966942148760331,0.8966942148760331,0.8966942148760331,0.8966942148760331,0.8966942148760331,0.8966942148760331,0.8966942148760331,0.8966942148760331,0.8966942148760331,0.8966942148760331,0.5165289256198347,0.8966942148760331
G2-small15,0.3,38,G2-small15_e30_r038,0.885,0.885,0.885,0.885,0.885,0.885,0.885,0.885,0.885,0.885,0.885,0.885,0.885,0.885
G3-cluster,0.0,38,G3-cluster_e00_r038,0.92,0.92,0.92,0.92,0.92,0.92,0.92,0.92,0.92,0.92,0.92,0.92,0.92,0.92
G3-cluster,0.1,38,G3-cluster_e10_r038,0.9040590405904059,0.9040590405904059,0.9040590405904059,0.9040590405904059,0.9040590405904059,0.9040590405904059,0.9040590405904059,0.9040590405904059,0.9040590405904059,0.9040590405904059,0.9040590405904059,0.9040590405904059,0.9040590405904059,0.9040590405904059
G3-cluster,0.2,38,G3-cluster_e20_r038,0.9130434782608695,0.9130434782608695,0.9130434782608695,0.9130434782608695,0.9130434782608695,0.9130434782608695,0.9130434782608695,0.9130434782608695,0.9130434782608695,0.9130434782608695,0.9130434782608695,0.9130434782608695,0.9130434782608695,0.9130434782608695
G3-cluster,0.3,38,G3-cluster_e30_r038,0.6157635467980296,0.6157635467980296,0.6157635467980296,0.6157635467980296,0.6157635467980296,0.6157635467980296,0.6157635467980296,0.6157635467980296,0.6157635467980296,0.6157635467980296,0.6157635467980296,0.6157635467980296,0.6157635467980296,0.6157635467980296
G1-small20,0.0,39,G1-small20_e00_r039,0.9166666666666666,0.9166666666666666,0.9166666666666666,0.9166666666666666,0.9166666666666666,0.9166666666666666,0.9166666666666666,0.9166666666666666,0.9166666666666666,0.9166666666666666,0.9166666666666666,0.9166666666666666,0.9166666666666666,0.9166666666666666
G1-small20,0.1,39,G1-small20_e10_r039,0.9227941176470589,0.9227941176470589,0.9227941176470589,0.9227941176470589,0.9227941176470589,0.9227941176470589,0.9227941176470589,0.9227941176470589,0.9227941176470589,0.9227941176470589,0.9227941176470589,0.9227941176470589,0.9227941176470589,0.9227941176470589
G1-small20,0.2,39,G1-small20_e20_r039,0.5274261603375527,0.5274261603375527,0.5274261603375527,0.5274261603375527,0.5274261603375527,0.5274261603375527,0.5274261603375527,0.5274261603375527,0.5274261603375527,0.5274261603375527,0.5274261603375527,0.5274261603375527,0.5274261603375527,0.5274261603375527
G1-small20,0.3,39,G1-small20_e30_r039,0.9041095890410958,0.9041095890410958,0.9041095890410958,0.9041095890410958,0.9041095890410958,0.9041095890410958,0.9041095890410958,0.9041095890410958,0.9041095890410958,0.9041095890410958,0.9041095890410958,0.9041095890410958,0.9041095890410958,0.9041095890410958
G2-small15,0.0,39,G2-small15_e00_r039,0.92,0.92,0.92,0.92,0.92,0.92,0.92,0.92,0.92,0.92,0.92,0.92,0.92,0.92
G2-small15,0.1,39,G2-small15_e10_r039,0.5648854961832062,0.9274809160305344,0.9274809160305344,0.9274809160305344,0.9274809160305344,0.9274809160305344,0.9274809160305344,0.9274809160305344,0.9274809160305344,0.9274809160305344,0.9274809160305344,0.9274809160305344,0.9274809160305344,0.9274809160305344
G2-small15,0.2,39,G2-small15_e20_r039,0.5294117647058824,0.8823529411764706,0.8823529411764706,0.8823529411764706,0.8823529411764706,0.8823529411764706,0.8823529411764706,0.8823529411764706,0.8823529411764706,0.8823529411764706,0.8823529411764706,0.8823529411764706,0.5294117647058824,0.8823529411764706
G2-small15,0.3,39,G2-small15_e30_r039,0.8558139534883721,0.8558139534883721,0.8558139534883721,0.8558139534883721,0.8558139534883721,0.8558139534883721,0.8558139534883721,0.8558139534883721,0.8558139534883721,0.8558139534883721,0.8558139534883721,0.8558139534883721,0.8558139534883721,0.8558139534883721
G3-cluster,0.0,39,G3-cluster_e00_r039,0.9133333333333333,0.9133333333333333,0.9133333333333333,0.9133333333333333,0.9133333333333333,0.9133333333333333,0.9133333333333333,0.9133333333333333,0.9133333333333333,0.9133333333333333,0.9133333333333333,0.9133333333333333,0.9133333333333333,0.9133333333333333
G3-cluster,0.1,39,G3-cluster_e10_r039,0.899641577060932,0.899641577060932,0.899641577060932,0.899641577060932,0.899641577060932,0.899641577060932,0.899641577060932,0.899641577060932,0.899641577060932,0.899641577060932,0.899641577060932,0.899641577060932,0.899641577060932,0.899641577060932
G3-cluster,0.2,39,G3-cluster_e20_r039,0.9311740890688259,0.9311740890688259,0.9311740890688259,0.9311740890688259,0.9311740890688259,0.9311740890688259,0.9311740890688259,0.9311740890688259,0.9311740890688259,0.9311740890688259,0.9311740890688259,0.9311740890688259,0.9311740890688259,0.9311740890688259
G3-cluster,0.3,39,G3-cluster_e30_r039,0.5317073170731708,0.5317073170731708,0.5317073170731708,0.5317073170731708,0.5317073170731708,0.5317073170731708,0.5317073170731708,0.5317073170731708,0.5317073170731708,0.5317073170731708,0.5317073170731708,0.5317073170731708,0.5317073170731708,0.5317073170731708
G1-small20,0.0,40,G1-small20_e00_r040,0.5133333333333333,0.8633333333333333,0.8633333333333333,0.8633333333333333,0.8633333333333333,0.8633333333333333,0.8633333333333333,0.8633333333333333,0.8633333333333333,0.8633333333333333,0.8633333333333333,0.8633333333333333,0.8633333333333333,0.8633333333333333
G1-small20,0.1,40,G1-small20_e10_r040,0.9007352941176471,0.9007352941176471,0.9007352941176471,0.9007352941176471,0.9007352941176471,0.9007352941176471,0.9007352941176471,0.9007352941176471,0.9007352941176471,0.9007352941176471,0.9007352941176471,0.9007352941176471,0.9007352941176471,0.9007352941176471
G1-small20,0.2,40,G1-small20_e20_r040,0.9362549800796812,0.9362549800796812,0.9362549800796812,0.9362549800796812,0.9362549800796812,0.9362549800796812,0.9362549800796812,0.9362549800796812,0.9362549800796812,0.9362549800796812,0.9362549800796812,0.9362549800796812,0.9362549800796812,0.9362549800796812
G1-small20,0.3,40,G1-small20_e30_r040,0.7609756097560976,0.7609756097560976,0.7609756097560976,0.7609756097560976,0.7609756097560976,0.7609756097560976,0.7609756097560976,0.7609756097560976,0.7609756097560976,0.7609756097560976,0.7609756097560976,0.7609756097560976,0.7609756097560976,0.7609756097560976
G2-small15,0.0,40,G2-small15_e00_r040,0.5633333333333334,0.92,0.92,0.92,0.92,0.92,0.92,0.92,0.92,0.92,0.92,0.92,0.92,0.92
G2-small15,0.1,40,G2-small15_e10_r040,0.6096654275092936,0.9033457249070632,0.9033457249070632,0.9033457249070632,0.9033457249070632,0.9033457249070632,0.9033457249070632,0.9033457249070632,0.9033457249070632,0.9033457249070632,0.9033457249070632,0.9033457249070632,0.9033457249070632,0.9033457249070632
G2-small15,0.2,40,G2-small15_e20_r040,0.6115702479338843,0.8677685950413223,0.8677685950413223,0.8677685950413223,0.8677685950413223,0.8677685950413223,0.8677685950413223,0.8677685950413223,0.8677685950413223,0.8677685950413223,0.8677685950413223,0.8677685950413223,0.8677685950413223,0.8677685950413223
G2-small15,0.3,40,G2-small15_e30_r040,0.8532110091743119,0.8532110091743119,0.8532110091743119,0.8532110091743119,0.8532110091743119,0.8532110091743119,0.8532110091743119,0.8532110091743119,0.8532110091743119,0.8532110091743119,0.8532110091743119,0.8532110091743119,0.8532110091743119,0.8532110091743119
G3-cluster,0.0,40,G3-cluster_e00_r040,0.9333333333333333,0.9333333333333333,0.9333333333333333,0.9333333333333333,0.9333333333333333,0.9333333333333333,0.9333333333333333,0.9333333333333333,0.9333333333333333,0.9333333333333333,0.9333333333333333,0.9333333333333333,0.9333333333333333,0.9333333333333333
G3-cluster,0.1,40,G3-cluster_e10_r040,0.9070631970260223,0.9070631970260223,0.9070631970260223,0.9070631970260223,0.9070631970260223,0.9070631970260223,0.9070631970260223,0.9070631970260223,0.9070631970260223,0.9070631970260223,0.9070631970260223,0.9070631970260223,0.9070631970260223,0.9070631970260223
G3-cluster,0.2,40,G3-cluster_e20_r040,0.8902439024390244,0.8902439024390244,0.8902439024390244,0.8902439024390244,0.8902439024390244,0.8902439024390244,0.8902439024390244,0.8902439024390244,0.8902439024390244,0.8902439024390244,0.8902439024390244,0.8902439024390244,0.8902439024390244,0.8902439024390244
G3-cluster,0.3,40,G3-cluster_e30_r040,0.5074626865671642,0.5074626865671642,0.5074626865671642,0.5074626865671642,0.5074626865671642,0.5074626865671642,0.5074626865671642,0.5074626865671642,0.5074626865671642,0.5074626865671642,0.5074626865671642,0.5074626865671642,0.5074626865671642,0.5074626865671642
G1-small20,0.0,41,G1-small20_e00_r041,0.9233333333333333,0.9233333333333333,0.9233333333333333,0.9233333333333333,0.9233333333333333,0.9233333333333333,0.9233333333333333,0.9233333333333333,0.9233333333333333,0.9233333333333333,0.9233333333333333,0.9233333333333333,0.9233333333333333,0.9233333333333333
G1-small20,0.1,41,G1-small20_e10_r041,0.898876404494382,0.898876404494382,0.898876404494382,0.898876404494382,0.898876404494382,0.898876404494382,0.898876404494382,0.898876404494382,0.898876404494382,0.898876404494382,0.898876404494382,0.898876404494382,0.898876404494382,0.898876404494382
G1-small20,0.2,41,G1-small20_e20_r041,0.9149797570850202,0.9149797570850202,0.9149797570850202,0.9149797570850202,0.9149797570850202,0.9149797570850202,0.9149797570850202,0.9149797570850202,0.9149797570850202,0.9149797570850202,0.9149797570850202,0.9149797570850202,0.9149797570850202,0.9149797570850202
G1-small20,0.3,41,G1-small20_e30_r041,0.8888888888888888,0.8888888888888888,0.8888888888888888,0.8888888888888888,0.8888888888888888,0.8888888888888888,0.8888888888888888,0.8888888888888888,0.8888888888888888,0.8888888888888888,0.8888888888888888,0.8888888888888888,0.8888888888888888,0.8888888888888888
G2-small15,0.0,41,G2-small15_e00_r041,0.5633333333333334,0.88,0.88,0.88,0.88,0.88,0.88,0.88,0.88,0.88,0.88,0.88,0.88,0.88
G2-small15,0.1,41,G2-small15_e10_r041,0.5714285714285714,0.9135338345864662,0.9135338345864662,0.9135338345864662,0.9135338345864662,0.9135338345864662,0.9135338345864662,0.9135338345864662,0.9135338345864662,0.9135338345864662,0.9135338345864662,0.9135338345864662,0.9135338345864662,0.9135338345864662
G2-small15,0.2,41,G2-small15_e20_r041,0.5240174672489083,0.5240174672489083,0.5240174672489083,0.5240174672489083,0.5240174672489083,0.5240174672489083,0.5240174672489083,0.5240174672489083,0.5240174672489083,0.5240174672489083,0.5240174672489083,0.5240174672489083,0.5240174672489083,0.5240174672489083
G2-small15,0.3,41,G2-small15_e30_r041,0.52,0.9333333333333333,0.9333333333333333,0.9333333333333333,0.9333333333333333,0.9333333333333333,0.9333333333333333,0.9333333333333333,0.9333333333333333,0.9333333333333333,0.9333333333333333,0.9333333333333333,0.52,0.9333333333333333
G3-cluster,0.0,41,G3-cluster_e00_r041,0.9166666666666666,0.9166666666666666,0.9166666666666666,0.9166666666666666,0.9166666666666666,0.9166666666666666,0.9166666666666666,0.9166666666666666,0.9166666666666666,0.9166666666666666,0.9166666666666666,0.9166666666666666,0.9166666666666666,0.9166666666666666
G3-cluster,0.1,41,G3-cluster_e10_r041,0.8992537313432836,0.8992537313432836,0.8992537313432836,0.8992537313432836,0.8992537313432836,0.8992537313432836,0.8992537313432836,0.8992537313432836,0.8992537313432836,0.8992537313432836,0.8992537313432836,0.8992537313432836,0.8992537313432836,0.8992537313432836
G3-cluster,0.2,41,G3-cluster_e20_r041,0.5066666666666667,0.5066666666666667,0.5066666666666667,0.5066666666666667,0.5066666666666667,0.5066666666666667,0.5066666666666667,0.5066666666666667,0.5066666666666667,0.5066666666666667,0.5066666666666667,0.5066666666666667,0.5066666666666667,0.5066666666666667
G3-cluster,0.3,41,G3-cluster_e30_r041,0.5422885572139303,0.5422885572139303,0.5422885572139303,0.5422885572139303,0.5422885572139303,0.5422885572139303,0.5422885572139303,0.5422885572139303,0.5422885572139303,0.5422885572139303,0.5422885572139303,0.5422885572139303,0.5422885572139303,0.5422885572139303
G1-small20,0.0,42,G1-small20_e00_r042,0.8966666666666666,0.8966666666666666,0.8966666666666666,0.8966666666666666,0.8966666666666666,0.8966666666666666,0.8966666666666666,0.8966666666666666,0.8966666666666666,0.8966666666666666,0.8966666666666666,0.8966666666666666,0.8966666666666666,0.8966666666666666
G1-small20,0.1,42,G1-small20_e10_r042,0.5447761194029851,0.8992537313432836,0.8992537313432836,0.8992537313432836,0.8992537313432836,0.8992537313432836,0.8992537313432836,0.8992537313432836,0.8992537313432836,0.8992537313432836,0.8992537313432836,0.8992537313432836,0.5447761194029851,0.8992537313432836
G1-small20,0.2,42,G1-small20_e20_r042,0.5416666666666666,0.9041666666666667,0.9041666666666667,0.9041666666666667,0.9041666666666667,0.9041666666666667,0.9041666666666667,0.9041666666666667,0.9041666666666667,0.9041666666666667,0.9041666666666667,0.9041666666666667,0.5416666666666666,0.9041666666666667
G1-small20,0.3,42,G1-small20_e30_r042,0.8155339805825242,0.8155339805825242,0.8155339805825242,0.8155339805825242,0.8155339805825242,0.8155339805825242,0.8155339805825242,0.8155339805825242,0.8155339805825242,0.8155339805825242,0.8155339805825242,0.8155339805825242,0.8155339805825242,0.8155339805825242
G2-small15,0.0,42,G2-small15_e00_r042,0.5166666666666667,0.8666666666666667,0.8666666666666667,0.8666666666666667,0.8666666666666667,0.8666666666666667,0.8666666666666667,0.8666666666666667,0.8666666666666667,0.8666666666666667,0.8666666666666667,0.8666666666666667,0.8666666666666667,0.8666666666666667
G2-small15,0.1,42,G2-small15_e10_r042,0.5572519083969466,0.9007633587786259,0.9007633587786259,0.9007633587786259,0.9007633587786259,0.9007633587786259,0.9007633587786259,0.9007633587786259,0.9007633587786259,0.9007633587786259,0.9007633587786259,0.9007633587786259,0.9007633587786259,0.9007633587786259
G2-small15,0.2,42,G2-small15_e20_r042,0.5910931174089069,0.8987854251012146,0.8987854251012146,0.8987854251012146,0.8987854251012146,0.8987854251012146,0.8987854251012146,0.8987854251012146,0.8987854251012146,0.8987854251012146,0.8987854251012146,0.8987854251012146,0.5910931174089069,0.8987854251012146
G2-small15,0.3,42,G2-small15_e30_r042,0.8426395939086294,0.8426395939086294,0.8426395939086294,0.8426395939086294,0.8426395939086294,0.8426395939086294,0.8426395939086294,0.8426395939086294,0.8426395939086294,0.8426395939086294,0.8426395939086294,0.8426395939086294,0.8426395939086294,0.8426395939086294
G3-cluster,0.0,42,G3-cluster_e00_r042,0.93,0.93,0.93,0.93,0.93,0.93,0.93,0.93,0.93,0.93,0.93,0.93,0.93,0.93
G3-cluster,0.1,42,G3-cluster_e10_r042,0.8996282527881041,0.8996282527881041,0.8996282527881041,0.8996282527881041,0.8996282527881041,0.8996282527881041,0.8996282527881041,0.8996282527881041,0.8996282527881041,0.8996282527881041,0.8996282527881041,0.8996282527881041,0.8996282527881041,0.8996282527881041
G3-cluster,0.2,42,G3-cluster_e20_r042,0.5414847161572053,0.5414847161572053,0.5414847161572053,0.5414847161572053,0.5414847161572053,0.5414847161572053,0.5414847161572053,0.5414847161572053,0.5414847161572053,0.5414847161572053,0.5414847161572053,0.5414847161572053,0.5414847161572053,0.5414847161572053
G3-cluster,0.3,42,G3-cluster_e30_r042,0.5571428571428572,0.5571428571428572,0.5571428571428572,0.5571428571428572,0.5571428571428572,0.5571428571428572,0.5571428571428572,0.5571428571428572,0.5571428571428572,0.5571428571428572,0.5571428571428572,0.5571428571428572,0.5571428571428572,0.5571428571428572
G1-small20,0.0,43,G1-small20_e00_r043,0.5533333333333333,0.93,0.93,0.93,0.5533333333333333,0.93,0.93,0.93,0.93,0.93,0.93,0.93,0.93,0.93
G1-small20,0.1,43,G1-small20_e10_r043,0.5148148148148148,0.8777777777777778,0.8777777777777778,0.8777777777777778,0.8777777777777778,0.8777777777777778,0.8777777777777778,0.8777777777777778,0.8777777777777778,0.8777777777777778,0.8777777777777778,0.8777777777777778,0.8777777777777778,0.8777777777777778
G1-small20,0.2,43,G1-small20_e20_r043,0.630901287553648,0.630901287553648,0.630901287553648,0.630901287553648,0.630901287553648,0.630901287553648,0.630901287553648,0.630901287553648,0.630901287553648,0.630901287553648,0.630901287553648,0.630901287553648,0.630901287553648,0.630901287553648
G1-small20,0.3,43,G1-small20_e30_r043,0.6238532110091743,0.6238532110091743,0.6238532110091743,0.6238532110091743,0.6238532110091743,0.6238532110091743,0.6238532110091743,0.6238532110091743,0.6238532110091743,0.6238532110091743,0.6238532110091743,0.6238532110091743,0.6238532110091743,0.926605504587156
G2-small15,0.0,43,G2-small15_e00_r043,0.5433333333333333,0.8866666666666667,0.8866666666666667,0.5433333333333333,0.5433333333333333,0.8866666666666667,0.8866666666666667,0.8866666666666667,0.8866666666666667,0.8866666666666667,0.8866666666666667,0.8866666666666667,0.8866666666666667,0.8866666666666667
G2-small15,0.1,43,G2-small15_e10_r043,0.5092250922509225,0.915129151291513,0.915129151291513,0.915129151291513,0.915129151291513,0.915129151291513,0.915129151291513,0.915129151291513,0.915129151291513,0.915129151291513,0.915129151291513,0.915129151291513,0.915129151291513,0.915129151291513
G2-small15,0.2,43,G2-small15_e20_r043,0.5140562248995983,0.927710843373494,0.927710843373494,0.927710843373494,0.927710843373494,0.927710843373494,0.927710843373494,0.927710843373494,0.927710843373494,0.927710843373494,0.927710843373494,0.927710843373494,0.927710843373494,0.927710843373494
G2-small15,0.3,43,G2-small15_e30_r043,0.6126126126126126,0.6126126126126126,0.6126126126126126,0.6126126126126126,0.6126126126126126,0.6126126126126126,0.6126126126126126,0.6126126126126126,0.6126126126126126,0.6126126126126126,0.6126126126126126,0.6126126126126126,0.6126126126126126,0.6126126126126126
G3-cluster,0.0,43,G3-cluster_e00_r043,0.92,0.92,0.92,0.92,0.92,0.92,0.92,0.92,0.92,0.92,0.92,0.92,0.92,0.92
G3-cluster,0.1,43,G3-cluster_e10_r043,0.9026217228464419,0.9026217228464419,0.9026217228464419,0.9026217228464419,0.9026217228464419,0.9026217228464419,0.9026217228464419,0.9026217228464419,0.9026217228464419,0.9026217228464419,0.9026217228464419,0.9026217228464419,0.9026217228464419,0.9026217228464419
G3-cluster,0.2,43,G3-cluster_e20_r043,0.5473251028806584,0.5473251028806584,0.5473251028806584,0.5473251028806584,0.5473251028806584,0.5473251028806584,0.5473251028806584,0.5473251028806584,0.5473251028806584,0.5473251028806584,0.5473251028806584,0.5473251028806584,0.5473251028806584,0.5473251028806584
G3-cluster,0.3,43,G3-cluster_e30_r043,0.5024154589371981,0.5024154589371981,0.5024154589371981,0.5024154589371981,0.5024154589371981,0.5024154589371981,0.5024154589371981,0.5024154589371981,0.5024154589371981,0.5024154589371981,0.5024154589371981,0.5024154589371981,0.5024154589371981,0.5024154589371981
G1-small20,0.0,44,G1-small20_e00_r044,0.5166666666666667,0.8933333333333333,0.8933333333333333,0.8933333333333333,0.8933333333333333,0.8933333333333333,0.8933333333333333,0.8933333333333333,0.8933333333333333,0.8933333333333333,0.8933333333333333,0.8933333333333333,0.8933333333333333,0.8933333333333333
G1-small20,0.1,44,G1-small20_e10_r044,0.9087591240875912,0.9087591240875912,0.9087591240875912,0.9087591240875912,0.9087591240875912,0.9087591240875912,0.9087591240875912,0.9087591240875912,0.9087591240875912,0.9087591240875912,0.9087591240875912,0.9087591240875912,0.9087591240875912,0.9087591240875912
G1-small20,0.2,44,G1-small20_e20_r044,0.569620253164557,0.9240506329113924,0.9240506329113924,0.9240506329113924,0.9240506329113924,0.9240506329113924,0.9240506329113924,0.9240506329113924,0.9240506329113924,0.9240506329113924,0.9240506329113924,0.9240506329113924,0.569620253164557,0.9240506329113924
G1-small20,0.3,44,G1-small20_e30_r044,0.7874396135265701,0.7874396135265701,0.7874396135265701,0.7874396135265701,0.7874396135265701,0.7874396135265701,0.7874396135265701,0.7874396135265701,0.7874396135265701,0.7874396135265701,0.7874396135265701,0.7874396135265701,0.7874396135265701,0.7874396135265701
G2-small15,0.0,44,G2-small15_e00_r044,0.51,0.9333333333333333,0.9333333333333333,0.9333333333333333,0.9333333333333333,0.9333333333333333,0.9333333333333333,0.9333333333333333,0.9333333333333333,0.9333333333333333,0.9333333333333333,0.9333333333333333,0.9333333333333333,0.9333333333333333
G2-small15,0.1,44,G2-small15_e10_r044,0.9163636363636364,0.9163636363636364,0.9163636363636364,0.9163636363636364,0.9163636363636364,0.9163636363636364,0.9163636363636364,0.9163636363636364,0.9163636363636364,0.9163636363636364,0.9163636363636364,0.9163636363636364,0.9163636363636364,0.9163636363636364
G2-small15,0.2,44,G2-small15_e20_r044,0.9375,0.9375,0.9375,0.9375,0.9375,0.9375,0.9375,0.9375,0.9375,0.9375,0.9375,0.9375,0.9375,0.9375
G2-small15,0.3,44,G2-small15_e30_r044,0.821917808219178,0.821917808219178,0.821917808219178,0.821917808219178,0.821917808219178,0.821917808219178,0.821917808219178,0.821917808219178,0.821917808219178,0.821917808219178,0.821917808219178,0.821917808219178,0.821917808219178,0.821917808219178
G3-cluster,0.0,44,G3-cluster_e00_r044,0.9066666666666666,0.9066666666666666,0.9066666666666666,0.9066666666666666,0.9066666666666666,0.9066666666666666,0.9066666666666666,0.9066666666666666,0.9066666666666666,0.9066666666666666,0.9066666666666666,0.9066666666666666,0.9066666666666666,0.9066666666666666
G3-cluster,0.1,44,G3-cluster_e10_r044,0.9330855018587361,0.9330855018587361,0.9330855018587361,0.9330855018587361,0.9330855018587361,0.9330855018587361,0.9330855018587361,0.9330855018587361,0.9330855018587361,0.9330855018587361,0.9330855018587361,0.9330855018587361,0.9330855018587361,0.9330855018587361
G3-cluster,0.2,44,G3-cluster_e20_r044,0.5288888888888889,0.5288888888888889,0.5288888888888889,0.5288888888888889,0.5288888888888889,0.5288888888888889,0.5288888888888889,0.5288888888888889,0.5288888888888889,0.5288888888888889,0.5288888888888889,0.5288888888888889,0.5288888888888889,0.5288888888888889
G3-cluster,0.3,44,G3-cluster_e30_r044,0.5377358490566038,0.5377358490566038,0.5377358490566038,0.5377358490566038,0.5377358490566038,0.5377358490566038,0.5377358490566038,0.5377358490566038,0.5377358490566038,0.5377358490566038,0.5377358490566038,0.5377358490566038,0.5377358490566038,0.5377358490566038
G1-small20,0.0,45,G1-small20_e00_r045,0.8966666666666666,0.8966666666666666,0.8966666666666666,0.8966666666666666,0.8966666666666666,0.8966666666666666,0.8966666666666666,0.8966666666666666,0.8966666666666666,0.8966666666666666,0.8966666666666666,0.8966666666666666,0.8966666666666666,0.8966666666666666
G1-small20,0.1,45,G1-small20_e10_r045,0.9049429657794676,0.9049429657794676,0.9049429657794676,0.9049429657794676,0.9049429657794676,0.9049429657794676,0.9049429657794676,0.9049429657794676,0.9049429657794676,0.9049429657794676,0.9049429657794676,0.9049429657794676,0.9049429657794676,0.9049429657794676
G1-small20,0.2,45,G1-small20_e20_r045,0.9156118143459916,0.9156118143459916,0.9156118143459916,0.9156118143459916,0.9156118143459916,0.9156118143459916,0.9156118143459916,0.9156118143459916,0.9156118143459916,0.9156118143459916,0.9156118143459916,0.9156118143459916,0.9156118143459916,0.9156118143459916
G1-small20,0.3,45,G1-small20_e30_r045,0.8277511961722488,0.8277511961722488,0.8277511961722488,0.8277511961722488,0.8277511961722488,0.8277511961722488,0.8277511961722488,0.8277511961722488,0.8277511961722488,0.8277511961722488,0.8277511961722488,0.8277511961722488,0.8277511961722488,0.8277511961722488
G2-small15,0.0,45,G2-small15_e00_r045,0.9066666666666666,0.9066666666666666,0.9066666666666666,0.9066666666666666,0.9066666666666666,0.9066666666666666,0.9066666666666666,0.9066666666666666,0.9066666666666666,0.9066666666666666,0.9066666666666666,0.9066666666666666,0.9066666666666666,0.9066666666666666
G2-small15,0.1,45,G2-small15_e10_r045,0.5018181818181818,0.8909090909090909,0.8909090909090909,0.8909090909090909,0.8909090909090909,0.8909090909090909,0.8909090909090909,0.8909090909090909,0.8909090909090909,0.8909090909090909,0.8909090909090909,0.8909090909090909,0.8909090909090909,0.8909090909090909
G2-small15,0.2,45,G2-small15_e20_r045,0.9063829787234042,0.9063829787234042,0.9063829787234042,0.9063829787234042,0.9063829787234042,0.9063829787234042,0.9063829787234042,0.9063829787234042,0.9063829787234042,0.9063829787234042,0.9063829787234042,0.9063829787234042,0.9063829787234042,0.9063829787234042
G2-small15,0.3,45,G2-small15_e30_r045,0.6018957345971564,0.6018957345971564,0.6018957345971564,0.6018957345971564,0.6018957345971564,0.6018957345971564,0.6018957345971564,0.6018957345971564,0.6018957345971564,0.6018957345971564,0.6018957345971564,0.6018957345971564,0.6018957345971564,0.6018957345971564
G3-cluster,0.0,45,G3-cluster_e00_r045,0.9266666666666666,0.9266666666666666,0.9266666666666666,0.9266666666666666,0.9266666666666666,0.9266666666666666,0.9266666666666666,0.9266666666666666,0.9266666666666666,0.9266666666666666,0.9266666666666666,0.9266666666666666,0.9266666666666666,0.9266666666666666
G3-cluster,0.1,45,G3-cluster_e10_r045,0.8984962406015038,0.8984962406015038,0.8984962406015038,0.8984962406015038,0.8984962406015038,0.8984962406015038,0.8984962406015038,0.8984962406015038,0.8984962406015038,0.8984962406015038,0.8984962406015038,0.8984962406015038,0.8984962406015038,0.8984962406015038
G3-cluster,0.2,45,G3-cluster_e20_r045,0.5173913043478261,0.5173913043478261,0.5173913043478261,0.5173913043478261,0.5173913043478261,0.5173913043478261,0.5173913043478261,0.5173913043478261,0.9260869565217391,0.5173913043478261,0.5173913043478261,0.5173913043478261,0.5173913043478261,0.5173913043478261
G3-cluster,0.3,45,G3-cluster_e30_r045,0.5353982300884956,0.5353982300884956,0.5353982300884956,0.5353982300884956,0.5353982300884956,0.5353982300884956,0.5353982300884956,0.5353982300884956,0.5353982300884956,0.5353982300884956,0.5353982300884956,0.5353982300884956,0.5353982300884956,0.5353982300884956
G1-small20,0.0,46,G1-small20_e00_r046,0.8833333333333333,0.8833333333333333,0.8833333333333333,0.8833333333333333,0.8833333333333333,0.8833333333333333,0.8833333333333333,0.8833333333333333,0.8833333333333333,0.8833333333333333,0.8833333333333333,0.8833333333333333,0.8833333333333333,0.8833333333333333
G1-small20,0.1,46,G1-small20_e10_r046,0.9003690036900369,0.9003690036900369,0.9003690036900369,0.9003690036900369,0.9003690036900369,0.9003690036900369,0.9003690036900369,0.9003690036900369,0.9003690036900369,0.9003690036900369,0.9003690036900369,0.9003690036900369,0.9003690036900369,0.9003690036900369
G1-small20,0.2,46,G1-small20_e20_r046,0.6626506024096386,0.6626506024096386,0.6626506024096386,0.6626506024096386,0.6626506024096386,0.6626506024096386,0.6626506024096386,0.6626506024096386,0.6626506024096386,0.6626506024096386,0.6626506024096386,0.6626506024096386,0.6626506024096386,0.6626506024096386
G1-small20,0.3,46,G1-small20_e30_r046,0.5247524752475248,0.5247524752475248,0.5247524752475248,0.5247524752475248,0.5247524752475248,0.5247524752475248,0.5247524752475248,0.5247524752475248,0.5247524752475248,0.5247524752475248,0.5247524752475248,0.5247524752475248,0.5247524752475248,0.5247524752475248
G2-small15,0.0,46,G2-small15_e00_r046,0.55,0.9133333333333333,0.9133333333333333,0.9133333333333333,0.9133333333333333,0.9133333333333333,0.9133333333333333,0.9133333333333333,0.9133333333333333,0.9133333333333333,0.9133333333333333,0.9133333333333333,0.9133333333333333,0.9133333333333333
G2-small15,0.1,46,G2-small15_e10_r046,0.5231316725978647,0.9217081850533808,0.9217081850533808,0.9217081850533808,0.9217081850533808,0.9217081850533808,0.9217081850533808,0.9217081850533808,0.9217081850533808,0.9217081850533808,0.9217081850533808,0.9217081850533808,0.9217081850533808,0.9217081850533808
G2-small15,0.2,46,G2-small15_e20_r046,0.6396761133603239,0.8704453441295547,0.8704453441295547,0.8704453441295547,0.8704453441295547,0.8704453441295547,0.8704453441295547,0.6396761133603239,0.8704453441295547,0.8704453441295547,0.8704453441295547,0.8704453441295547,0.8704453441295547,0.8704453441295547
G2-small15,0.3,46,G2-small15_e30_r046,0.5488372093023256,0.5488372093023256,0.5488372093023256,0.5488372093023256,0.5488372093023256,0.5488372093023256,0.5488372093023256,0.5488372093023256,0.5488372093023256,0.5488372093023256,0.5488372093023256,0.5488372093023256,0.5488372093023256,0.9023255813953488
G3-cluster,0.0,46,G3-cluster_e00_r046,0.9266666666666666,0.9266666666666666,0.9266666666666666,0.9266666666666666,0.9266666666666666,0.9266666666666666,0.9266666666666666,0.9266666666666666,0.9266666666666666,0.9266666666666666,0.9266666666666666,0.9266666666666666,0.9266666666666666,0.9266666666666666
G3-cluster,0.1,46,G3-cluster_e10_r046,0.8823529411764706,0.8823529411764706,0.8823529411764706,0.8823529411764706,0.8823529411764706,0.8823529411764706,0.8823529411764706,0.8823529411764706,0.8823529411764706,0.8823529411764706,0.8823529411764706,0.8823529411764706,0.8823529411764706,0.8823529411764706
G3-cluster,0.2,46,G3-cluster_e20_r046,0.8943089430894309,0.8943089430894309,0.8943089430894309,0.8943089430894309,0.8943089430894309,0.8943089430894309,0.8943089430894309,0.8943089430894309,0.8943089430894309,0.8943089430894309,0.8943089430894309,0.8943089430894309,0.8943089430894309,0.8943089430894309
G3-cluster,0.3,46,G3-cluster_e30_r046,0.5458937198067633,0.5458937198067633,0.5458937198067633,0.5458937198067633,0.5458937198067633,0.5458937198067633,0.5458937198067633,0.5458937198067633,0.5458937198067633,0.5458937198067633,0.5458937198067633,0.5458937198067633,0.5458937198067633,0.5458937198067633
G1-small20,0.0,47,G1-small20_e00_r047,0.95,0.95,0.95,0.95,0.95,0.95,0.95,0.95,0.95,0.95,0.95,0.95,0.95,0.95
G1-small20,0.1,47,G1-small20_e10_r047,0.9101123595505618,0.9101123595505618,0.9101123595505618,0.9101123595505618,0.9101123595505618,0.9101123595505618,0.9101123595505618,0.9101123595505618,0.9101123595505618,0.9101123595505618,0.9101123595505618,0.9101123595505618,0.9101123595505618,0.9101123595505618
G1-small20,0.2,47,G1-small20_e20_r047,0.5306122448979592,0.9142857142857143,0.9142857142857143,0.9142857142857143,0.9142857142857143,0.9142857142857143,0.9142857142857143,0.9142857142857143,0.9142857142857143,0.9142857142857143,0.9142857142857143,0.9142857142857143,0.5306122448979592,0.9142857142857143
G1-small20,0.3,47,G1-small20_e30_r047,0.5497630331753555,0.5497630331753555,0.5497630331753555,0.5497630331753555,0.5497630331753555,0.5497630331753555,0.5497630331753555,0.5497630331753555,0.5497630331753555,0.5497630331753555,0.5497630331753555,0.5497630331753555,0.5497630331753555,0.909952606635071
G2-small15,0.0,47,G2-small15_e00_r047,0.5033333333333333,0.93,0.93,0.93,0.93,0.93,0.93,0.93,0.93,0.93,0.93,0.93,0.93,0.93
G2-small15,0.1,47,G2-small15_e10_r047,0.55,0.9384615384615385,0.9384615384615385,0.9384615384615385,0.9384615384615385,0.9384615384615385,0.9384615384615385,0.9384615384615385,0.9384615384615385,0.9384615384615385,0.9384615384615385,0.9384615384615385,0.9384615384615385,0.9384615384615385
G2-small15,0.2,47,G2-small15_e20_r047,0.6229508196721312,0.9221311475409836,0.9221311475409836,0.9221311475409836,0.9221311475409836,0.9221311475409836,0.9221311475409836,0.9221311475409836,0.9221311475409836,0.9221311475409836,0.9221311475409836,0.9221311475409836,0.6229508196721312,0.9221311475409836
G2-small15,0.3,47,G2-small15_e30_r047,0.5913461538461539,0.5913461538461539,0.5913461538461539,0.5913461538461539,0.5913461538461539,0.5913461538461539,0.5913461538461539,0.5913461538461539,0.5913461538461539,0.5913461538461539,0.5913461538461539,0.5913461538461539,0.5913461538461539,0.5913461538461539
G3-cluster,0.0,47,G3-cluster_e00_r047,0.88,0.88,0.88,0.88,0.88,0.88,0.88,0.88,0.88,0.88,0.88,0.88,0.88,0.88
G3-cluster,0.1,47,G3-cluster_e10_r047,0.9307692307692308,0.9307692307692308,0.9307692307692308,0.9307692307692308,0.9307692307692308,0.9307692307692308,0.9307692307692308,0.9307692307692308,0.9307692307692308,0.9307692307692308,0.9307692307692308,0.9307692307692308,0.9307692307692308,0.9307692307692308
G3-cluster,0.2,47,G3-cluster_e20_r047,0.5107296137339056,0.5107296137339056,0.5107296137339056,0.5107296137339056,0.5107296137339056,0.5107296137339056,0.5107296137339056,0.5107296137339056,0.5107296137339056,0.5107296137339056,0.5107296137339056,0.5107296137339056,0.5107296137339056,0.5107296137339056
G3-cluster,0.3,47,G3-cluster_e30_r047,0.5288461538461539,0.5288461538461539,0.5288461538461539,0.5288461538461539,0.5288461538461539,0.5288461538461539,0.5288461538461539,0.5288461538461539,0.5288461538461539,0.5288461538461539,0.5288461538461539,0.5288461538461539,0.5288461538461539,0.5288461538461539
G1-small20,0.0,48,G1-small20_e00_r048,0.93,0.93,0.93,0.93,0.93,0.93,0.93,0.93,0.93,0.93,0.93,0.93,0.93,0.93
G1-small20,0.1,48,G1-small20_e10_r048,0.900709219858156,0.900709219858156,0.900709219858156,0.900709219858156,0.900709219858156,0.900709219858156,0.900709219858156,0.900709219858156,0.900709219858156,0.900709219858156,0.900709219858156,0.900709219858156,0.900709219858156,0.900709219858156
G1-small20,0.2,48,G1-small20_e20_r048,0.8141592920353983,0.8141592920353983,0.8141592920353983,0.8141592920353983,0.8141592920353983,0.8141592920353983,0.8141592920353983,0.8141592920353983,0.8141592920353983,0.8141592920353983,0.8141592920353983,0.8141592920353983,0.8141592920353983,0.8141592920353983
G1-small20,0.3,48,G1-small20_e30_r048,0.6153846153846154,0.6153846153846154,0.6153846153846154,0.6153846153846154,0.6153846153846154,0.6153846153846154,0.6153846153846154,0.6153846153846154,0.6153846153846154,0.6153846153846154,0.6153846153846154,0.6153846153846154,0.6153846153846154,0.6153846153846154
G2-small15,0.0,48,G2-small15_e00_r048,0.53,0.8933333333333333,0.8933333333333333,0.8933333333333333,0.8933333333333333,0.8933333333333333,0.8933333333333333,0.8933333333333333,0.8933333333333333,0.8933333333333333,0.8933333333333333,0.8933333333333333,0.8933333333333333,0.8933333333333333
G2-small15,0.1,48,G2-small15_e10_r048,0.9063670411985019,0.9063670411985019,0.9063670411985019,0.9063670411985019,0.9063670411985019,0.9063670411985019,0.9063670411985019,0.9063670411985019,0.9063670411985019,0.9063670411985019,0.9063670411985019,0.9063670411985019,0.9063670411985019,0.9063670411985019
G2-small15,0.2,48,G2-small15_e20_r048,0.5298804780876494,0.9083665338645418,0.9083665338645418,0.9083665338645418,0.9083665338645418,0.9083665338645418,0.9083665338645418,0.9083665338645418,0.9083665338645418,0.9083665338645418,0.9083665338645418,0.9083665338645418,0.5298804780876494,0.9083665338645418
G2-small15,0.3,48,G2-small15_e30_r048,0.848780487804878,0.848780487804878,0.848780487804878,0.848780487804878,0.848780487804878,0.848780487804878,0.848780487804878,0.848780487804878,0.848780487804878,0.848780487804878,0.848780487804878,0.848780487804878,0.848780487804878,0.848780487804878
G3-cluster,0.0,48,G3-cluster_e00_r048,0.9033333333333333,0.9033333333333333,0.9033333333333333,0.9033333333333333,0.9033333333333333,0.9033333333333333,0.9033333333333333,0.9033333333333333,0.9033333333333333,0.9033333333333333,0.9033333333333333,0.9033333333333333,0.9033333333333333,0.9033333333333333
G3-cluster,0.1,48,G3-cluster_e10_r048,0.9074074074074074,0.9074074074074074,0.9074074074074074,0.9074074074074074,0.9074074074074074,0.9074074074074074,0.9074074074074074,0.9074074074074074,0.9074074074074074,0.9074074074074074,0.9074074074074074,0.9074074074074074,0.9074074074074074,0.9074074074074074
G3-cluster,0.2,48,G3-cluster_e20_r048,0.9294605809128631,0.9294605809128631,0.9294605809128631,0.9294605809128631,0.9294605809128631,0.9294605809128631,0.9294605809128631,0.9294605809128631,0.9294605809128631,0.9294605809128631,0.9294605809128631,0.9294605809128631,0.9294605809128631,0.9294605809128631
G3-cluster,0.3,48,G3-cluster_e30_r048,0.5634517766497462,0.5634517766497462,0.5634517766497462,0.5634517766497462,0.5634517766497462,0.5634517766497462,0.5634517766497462,0.5634517766497462,0.5634517766497462,0.5634517766497462,0.5634517766497462,0.5634517766497462,0.5634517766497462,0.5634517766497462
G1-small20,0.0,49,G1-small20_e00_r049,0.9066666666666666,0.9066666666666666,0.9066666666666666,0.9066666666666666,0.9066666666666666,0.9066666666666666,0.9066666666666666,0.9066666666666666,0.9066666666666666,0.9066666666666666,0.9066666666666666,0.9066666666666666,0.9066666666666666,0.9066666666666666
G1-small20,0.1,49,G1-small20_e10_r049,0.9111111111111111,0.9111111111111111,0.9111111111111111,0.9111111111111111,0.9111111111111111,0.9111111111111111,0.9111111111111111,0.9111111111111111,0.9111111111111111,0.9111111111111111,0.9111111111111111,0.9111111111111111,0.9111111111111111,0.9111111111111111
G1-small20,0.2,49,G1-small20_e20_r049,0.6016597510373444,0.91701244813278,0.91701244813278,0.91701244813278,0.91701244813278,0.91701244813278,0.91701244813278,0.91701244813278,0.91701244813278,0.91701244813278,0.91701244813278,0.91701244813278,0.6016597510373444,0.91701244813278
G1-small20,0.3,49,G1-small20_e30_r049,0.9154929577464789,0.9154929577464789,0.9154929577464789,0.9154929577464789,0.9154929577464789,0.9154929577464789,0.9154929577464789,0.9154929577464789,0.9154929577464789,0.9154929577464789,0.9154929577464789,0.9154929577464789,0.9154929577464789,0.9154929577464789
G2-small15,0.0,49,G2-small15_e00_r049,0.5766666666666667,0.9033333333333333,0.9033333333333333,0.9033333333333333,0.9033333333333333,0.9033333333333333,0.9033333333333333,0.9033333333333333,0.9033333333333333,0.9033333333333333,0.9033333333333333,0.9033333333333333,0.9033333333333333,0.9033333333333333
G2-small15,0.1,49,G2-small15_e10_r049,0.5335820895522388,0.8917910447761194,0.8917910447761194,0.8917910447761194,0.8917910447761194,0.8917910447761194,0.8917910447761194,0.8917910447761194,0.8917910447761194,0.8917910447761194,0.8917910447761194,0.8917910447761194,0.8917910447761194,0.8917910447761194
G2-small15,0.2,49,G2-small15_e20_r049,0.5541125541125541,0.9090909090909091,0.9090909090909091,0.9090909090909091,0.9090909090909091,0.9090909090909091,0.9090909090909091,0.9090909090909091,0.9090909090909091,0.9090909090909091,0.9090909090909091,0.9090909090909091,0.5541125541125541,0.9090909090909091
G2-small15,0.3,49,G2-small15_e30_r049,0.5023474178403756,0.5023474178403756,0.5023474178403756,0.5023474178403756,0.5023474178403756,0.5023474178403756,0.5023474178403756,0.5023474178403756,0.5023474178403756,0.5023474178403756,0.5023474178403756,0.5023474178403756,0.5023474178403756,0.5023474178403756
G3-cluster,0.0,49,G3-cluster_e00_r049,0.9266666666666666,0.9266666666666666,0.9266666666666666,0.9266666666666666,0.9266666666666666,0.9266666666666666,0.9266666666666666,0.9266666666666666,0.9266666666666666,0.9266666666666666,0.9266666666666666,0.9266666666666666,0.9266666666666666,0.9266666666666666
G3-cluster,0.1,49,G3-cluster_e10_r049,0.917910447761194,0.917910447761194,0.917910447761194,0.917910447761194,0.917910447761194,0.917910447761194,0.917910447761194,0.917910447761194,0.917910447761194,0.917910447761194,0.917910447761194,0.917910447761194,0.917910447761194,0.917910447761194
G3-cluster,0.2,49,G3-cluster_e20_r049,0.5042372881355932,0.5042372881355932,0.5042372881355932,0.5042372881355932,0.5042372881355932,0.5042372881355932,0.5042372881355932,0.5042372881355932,0.5042372881355932,0.5042372881355932,0.5042372881355932,0.5042372881355932,0.5042372881355932,0.5042372881355932
G3-cluster,0.3,49,G3-cluster_e30_r049,0.5380710659898477,0.5380710659898477,0.5380710659898477,0.5380710659898477,0.5380710659898477,0.5380710659898477,0.5380710659898477,0.5380710659898477,0.5380710659898477,0.5380710659898477,0.5380710659898477,0.5380710659898477,0.5380710659898477,0.5380710659898477
