study,design,eps,rep,unit,method,acc,ahat,time
1,D4-hetero,0.1,48,D4-hetero_e10_r048,ESF12alone,0.9169675090252708,0.09333333333333334,10.638818780891597
1,D4-hetero,0.1,48,D4-hetero_e10_r048,ESF12,0.9169675090252708,,
1,D4-hetero,0.1,48,D4-hetero_e10_r048,Alg2_Rs20,0.9133574007220217,,
1,D4-hetero,0.1,48,D4-hetero_e10_r048,Alg2_Ru10,0.9133574007220217,,
1,D4-hetero,0.1,48,D4-hetero_e10_r048,TCRlong(0.40)+rw+A2_Rs20,0.9133574007220217,,
1,D4-hetero,0.1,48,D4-hetero_e10_r048,TCRlong(0.40)+rw+A2_Ru10,0.9133574007220217,,
1,D4-hetero,0.2,48,D4-hetero_e20_r048,ESF12alone,0.8940677966101694,0.22666666666666666,0.07345344102941453
1,D4-hetero,0.2,48,D4-hetero_e20_r048,ESF12,0.8940677966101694,,
1,D4-hetero,0.2,48,D4-hetero_e20_r048,Alg2_Rs20,0.8940677966101694,,
1,D4-hetero,0.2,48,D4-hetero_e20_r048,Alg2_Ru10,0.8940677966101694,,
1,D4-hetero,0.2,48,D4-hetero_e20_r048,TCRlong(0.40)+rw+A2_Rs20,0.8940677966101694,,
1,D4-hetero,0.2,48,D4-hetero_e20_r048,TCRlong(0.40)+rw+A2_Ru10,0.8940677966101694,,
1,D4-hetero,0.3,48,D4-hetero_e30_r048,ESF12alone,0.8883495145631068,0.31666666666666665,0.07201874197926372
1,D4-hetero,0.3,48,D4-hetero_e30_r048,ESF12,0.8883495145631068,,
1,D4-hetero,0.3,48,D4-hetero_e30_r048,Alg2_Rs20,0.8883495145631068,,
1,D4-hetero,0.3,48,D4-hetero_e30_r048,Alg2_Ru10,0.8883495145631068,,
1,D4-hetero,0.3,48,D4-hetero_e30_r048,TCRlong(0.40)+rw+A2_Rs20,0.8883495145631068,,
1,D4-hetero,0.3,48,D4-hetero_e30_r048,TCRlong(0.40)+rw+A2_Ru10,0.8883495145631068,,
1,D5-leverage,0.0,48,D5-leverage_e00_r048,ESF12alone,0.9033333333333333,0.016666666666666666,0.07043891900684685
1,D5-leverage,0.0,48,D5-leverage_e00_r048,ESF12,0.9033333333333333,,
1,D5-leverage,0.0,48,D5-leverage_e00_r048,Alg2_Rs20,0.9033333333333333,,
1,D5-leverage,0.0,48,D5-leverage_e00_r048,Alg2_Ru10,0.9033333333333333,,
1,D5-leverage,0.0,48,D5-leverage_e00_r048,TCRlong(0.40)+rw+A2_Rs20,0.9033333333333333,,
1,D5-leverage,0.0,48,D5-leverage_e00_r048,TCRlong(0.40)+rw+A2_Ru10,0.9033333333333333,,
1,D5-leverage,0.05,48,D5-leverage_e05_r048,ESF12alone,0.9407665505226481,0.043333333333333335,0.07064584700856358
1,D5-leverage,0.05,48,D5-leverage_e05_r048,ESF12,0.9407665505226481,,
1,D5-leverage,0.05,48,D5-leverage_e05_r048,Alg2_Rs20,0.9407665505226481,,
1,D5-leverage,0.05,48,D5-leverage_e05_r048,Alg2_Ru10,0.9407665505226481,,
1,D5-leverage,0.05,48,D5-leverage_e05_r048,TCRlong(0.40)+rw+A2_Rs20,0.9407665505226481,,
1,D5-leverage,0.05,48,D5-leverage_e05_r048,TCRlong(0.40)+rw+A2_Ru10,0.9407665505226481,,
1,D5-leverage,0.1,48,D5-leverage_e10_r048,ESF12alone,0.9312977099236641,0.12666666666666668,10.72090858395677
1,D5-leverage,0.1,48,D5-leverage_e10_r048,ESF12,0.9312977099236641,,
1,D5-leverage,0.1,48,D5-leverage_e10_r048,Alg2_Rs20,0.9312977099236641,,
1,D5-leverage,0.1,48,D5-leverage_e10_r048,Alg2_Ru10,0.9312977099236641,,
1,D5-leverage,0.1,48,D5-leverage_e10_r048,TCRlong(0.40)+rw+A2_Rs20,0.9312977099236641,,
1,D5-leverage,0.1,48,D5-leverage_e10_r048,TCRlong(0.40)+rw+A2_Ru10,0.9312977099236641,,
1,D5-leverage,0.2,48,D5-leverage_e20_r048,ESF12alone,0.912,0.17333333333333334,0.07042706198990345
1,D5-leverage,0.2,48,D5-leverage_e20_r048,ESF12,0.912,,
1,D5-leverage,0.2,48,D5-leverage_e20_r048,Alg2_Rs20,0.912,,
1,D5-leverage,0.2,48,D5-leverage_e20_r048,Alg2_Ru10,0.912,,
1,D5-leverage,0.2,48,D5-leverage_e20_r048,TCRlong(0.40)+rw+A2_Rs20,0.916,,
1,D5-leverage,0.2,48,D5-leverage_e20_r048,TCRlong(0.40)+rw+A2_Ru10,0.916,,
1,D5-leverage,0.3,48,D5-leverage_e30_r048,ESF12alone,0.5024154589371981,0.006666666666666667,0.07450753706507385
1,D5-leverage,0.3,48,D5-leverage_e30_r048,ESF12,0.5024154589371981,,
1,D5-leverage,0.3,48,D5-leverage_e30_r048,Alg2_Rs20,0.5024154589371981,,
1,D5-leverage,0.3,48,D5-leverage_e30_r048,Alg2_Ru10,0.5024154589371981,,
1,D5-leverage,0.3,48,D5-leverage_e30_r048,TCRlong(0.40)+rw+A2_Rs20,0.5169082125603864,,
1,D5-leverage,0.3,48,D5-leverage_e30_r048,TCRlong(0.40)+rw+A2_Ru10,0.5169082125603864,,
1,D6-uniform,0.0,48,D6-uniform_e00_r048,ESF12alone,0.9166666666666666,0.01,0.06845513603184372
1,D6-uniform,0.0,48,D6-uniform_e00_r048,ESF12,0.9166666666666666,,
1,D6-uniform,0.0,48,D6-uniform_e00_r048,Alg2_Rs20,0.9166666666666666,,
1,D6-uniform,0.0,48,D6-uniform_e00_r048,Alg2_Ru10,0.9166666666666666,,
1,D6-uniform,0.0,48,D6-uniform_e00_r048,TCRlong(0.40)+rw+A2_Rs20,0.9166666666666666,,
1,D6-uniform,0.0,48,D6-uniform_e00_r048,TCRlong(0.40)+rw+A2_Ru10,0.9166666666666666,,
1,D6-uniform,0.05,48,D6-uniform_e05_r048,ESF12alone,0.9370629370629371,0.05333333333333334,0.07062163506634533
1,D6-uniform,0.05,48,D6-uniform_e05_r048,ESF12,0.9370629370629371,,
1,D6-uniform,0.05,48,D6-uniform_e05_r048,Alg2_Rs20,0.9370629370629371,,
1,D6-uniform,0.05,48,D6-uniform_e05_r048,Alg2_Ru10,0.9370629370629371,,
1,D6-uniform,0.05,48,D6-uniform_e05_r048,TCRlong(0.40)+rw+A2_Rs20,0.9370629370629371,,
1,D6-uniform,0.05,48,D6-uniform_e05_r048,TCRlong(0.40)+rw+A2_Ru10,0.9370629370629371,,
1,D6-uniform,0.1,48,D6-uniform_e10_r048,ESF12alone,0.9077490774907749,0.10666666666666667,10.662368907011114
1,D6-uniform,0.1,48,D6-uniform_e10_r048,ESF12,0.9077490774907749,,
1,D6-uniform,0.1,48,D6-uniform_e10_r048,Alg2_Rs20,0.9040590405904059,,
1,D6-uniform,0.1,48,D6-uniform_e10_r048,Alg2_Ru10,0.9040590405904059,,
1,D6-uniform,0.1,48,D6-uniform_e10_r048,TCRlong(0.40)+rw+A2_Rs20,0.9114391143911439,,
1,D6-uniform,0.1,48,D6-uniform_e10_r048,TCRlong(0.40)+rw+A2_Ru10,0.9114391143911439,,
1,D6-uniform,0.2,48,D6-uniform_e20_r048,ESF12alone,0.9392712550607287,0.18,0.07179701898712665
1,D6-uniform,0.2,48,D6-uniform_e20_r048,ESF12,0.9392712550607287,,
1,D6-uniform,0.2,48,D6-uniform_e20_r048,Alg2_Rs20,0.9392712550607287,,
1,D6-uniform,0.2,48,D6-uniform_e20_r048,Alg2_Ru10,0.9392712550607287,,
1,D6-uniform,0.2,48,D6-uniform_e20_r048,TCRlong(0.40)+rw+A2_Rs20,0.9392712550607287,,
1,D6-uniform,0.2,48,D6-uniform_e20_r048,TCRlong(0.40)+rw+A2_Ru10,0.9392712550607287,,
1,D6-uniform,0.3,48,D6-uniform_e30_r048,ESF12alone,0.9052132701421801,0.12,0.07291305297985673
1,D6-uniform,0.3,48,D6-uniform_e30_r048,ESF12,0.9052132701421801,,
1,D6-uniform,0.3,48,D6-uniform_e30_r048,Alg2_Rs20,0.5118483412322274,,
1,D6-uniform,0.3,48,D6-uniform_e30_r048,Alg2_Ru10,0.5118483412322274,,
1,D6-uniform,0.3,48,D6-uniform_e30_r048,TCRlong(0.40)+rw+A2_Rs20,0.6303317535545023,,
1,D6-uniform,0.3,48,D6-uniform_e30_r048,TCRlong(0.40)+rw+A2_Ru10,0.6303317535545023,,
1,D7-p3,0.0,48,D7-p3_e00_r048,ESF12alone,0.9133333333333333,0.06333333333333334,2.2911354150855914
1,D7-p3,0.0,48,D7-p3_e00_r048,ESF12,0.9133333333333333,,
1,D7-p3,0.0,48,D7-p3_e00_r048,Alg2_Rs20,0.9133333333333333,,
1,D7-p3,0.0,48,D7-p3_e00_r048,Alg2_Ru10,0.9133333333333333,,
1,D7-p3,0.0,48,D7-p3_e00_r048,TCRlong(0.40)+rw+A2_Rs20,0.9133333333333333,,
1,D7-p3,0.0,48,D7-p3_e00_r048,TCRlong(0.40)+rw+A2_Ru10,0.9133333333333333,,
1,D7-p3,0.05,48,D7-p3_e05_r048,ESF12alone,0.8900343642611683,0.04666666666666667,1.7951116089243442
1,D7-p3,0.05,48,D7-p3_e05_r048,ESF12,0.8900343642611683,,
1,D7-p3,0.05,48,D7-p3_e05_r048,Alg2_Rs20,0.8865979381443299,,
1,D7-p3,0.05,48,D7-p3_e05_r048,Alg2_Ru10,0.8865979381443299,,
1,D7-p3,0.05,48,D7-p3_e05_r048,TCRlong(0.40)+rw+A2_Rs20,0.8831615120274914,,
1,D7-p3,0.05,48,D7-p3_e05_r048,TCRlong(0.40)+rw+A2_Ru10,0.8831615120274914,,
1,D7-p3,0.1,48,D7-p3_e10_r048,ESF12alone,0.9044117647058824,0.10666666666666667,11.810322358971462
1,D7-p3,0.1,48,D7-p3_e10_r048,ESF12,0.9044117647058824,,
1,D7-p3,0.1,48,D7-p3_e10_r048,Alg2_Rs20,0.9044117647058824,,
1,D7-p3,0.1,48,D7-p3_e10_r048,Alg2_Ru10,0.9044117647058824,,
1,D7-p3,0.1,48,D7-p3_e10_r048,TCRlong(0.40)+rw+A2_Rs20,0.9007352941176471,,
1,D7-p3,0.1,48,D7-p3_e10_r048,TCRlong(0.40)+rw+A2_Ru10,0.9007352941176471,,
1,D7-p3,0.2,48,D7-p3_e20_r048,ESF12alone,0.925,0.20333333333333334,1.6943308939225972
1,D7-p3,0.2,48,D7-p3_e20_r048,ESF12,0.925,,
1,D7-p3,0.2,48,D7-p3_e20_r048,Alg2_Rs20,0.9291666666666667,,
1,D7-p3,0.2,48,D7-p3_e20_r048,Alg2_Ru10,0.9291666666666667,,
1,D7-p3,0.2,48,D7-p3_e20_r048,TCRlong(0.40)+rw+A2_Rs20,0.9375,,
1,D7-p3,0.2,48,D7-p3_e20_r048,TCRlong(0.40)+rw+A2_Ru10,0.9375,,
1,D7-p3,0.3,48,D7-p3_e30_r048,ESF12alone,0.8981481481481481,0.27666666666666667,1.7164581880206242
1,D7-p3,0.3,48,D7-p3_e30_r048,ESF12,0.8981481481481481,,
1,D7-p3,0.3,48,D7-p3_e30_r048,Alg2_Rs20,0.8981481481481481,,
1,D7-p3,0.3,48,D7-p3_e30_r048,Alg2_Ru10,0.8981481481481481,,
1,D7-p3,0.3,48,D7-p3_e30_r048,TCRlong(0.40)+rw+A2_Rs20,0.8935185185185185,,
1,D7-p3,0.3,48,D7-p3_e30_r048,TCRlong(0.40)+rw+A2_Ru10,0.8935185185185185,,
1,D8-K2par-sep,0.0,48,D8-K2par-sep_e00_r048,ESF12alone,1.0,0.006666666666666667,0.07043988106306642
1,D8-K2par-sep,0.0,48,D8-K2par-sep_e00_r048,ESF12,1.0,,
1,D8-K2par-sep,0.0,48,D8-K2par-sep_e00_r048,Alg2_Rs20,1.0,,
1,D8-K2par-sep,0.0,48,D8-K2par-sep_e00_r048,Alg2_Ru10,1.0,,
1,D8-K2par-sep,0.0,48,D8-K2par-sep_e00_r048,TCRlong(0.40)+rw+A2_Rs20,1.0,,
1,D8-K2par-sep,0.0,48,D8-K2par-sep_e00_r048,TCRlong(0.40)+rw+A2_Ru10,1.0,,
1,D8-K2par-sep,0.05,48,D8-K2par-sep_e05_r048,ESF12alone,1.0,0.043333333333333335,0.07101247902028263
1,D8-K2par-sep,0.05,48,D8-K2par-sep_e05_r048,ESF12,1.0,,
1,D8-K2par-sep,0.05,48,D8-K2par-sep_e05_r048,Alg2_Rs20,1.0,,
1,D8-K2par-sep,0.05,48,D8-K2par-sep_e05_r048,Alg2_Ru10,1.0,,
1,D8-K2par-sep,0.05,48,D8-K2par-sep_e05_r048,TCRlong(0.40)+rw+A2_Rs20,1.0,,
1,D8-K2par-sep,0.05,48,D8-K2par-sep_e05_r048,TCRlong(0.40)+rw+A2_Ru10,1.0,,
1,D8-K2par-sep,0.1,48,D8-K2par-sep_e10_r048,ESF12alone,0.996268656716418,0.10666666666666667,10.176545238937251
1,D8-K2par-sep,0.1,48,D8-K2par-sep_e10_r048,ESF12,0.996268656716418,,
1,D8-K2par-sep,0.1,48,D8-K2par-sep_e10_r048,Alg2_Rs20,0.996268656716418,,
1,D8-K2par-sep,0.1,48,D8-K2par-sep_e10_r048,Alg2_Ru10,0.996268656716418,,
1,D8-K2par-sep,0.1,48,D8-K2par-sep_e10_r048,TCRlong(0.40)+rw+A2_Rs20,0.996268656716418,,
1,D8-K2par-sep,0.1,48,D8-K2par-sep_e10_r048,TCRlong(0.40)+rw+A2_Ru10,0.996268656716418,,
1,D8-K2par-sep,0.2,48,D8-K2par-sep_e20_r048,ESF12alone,0.9958333333333333,0.20666666666666667,0.07716104201972485
1,D8-K2par-sep,0.2,48,D8-K2par-sep_e20_r048,ESF12,0.9958333333333333,,
1,D8-K2par-sep,0.2,48,D8-K2par-sep_e20_r048,Alg2_Rs20,0.9958333333333333,,
1,D8-K2par-sep,0.2,48,D8-K2par-sep_e20_r048,Alg2_Ru10,0.9958333333333333,,
1,D8-K2par-sep,0.2,48,D8-K2par-sep_e20_r048,TCRlong(0.40)+rw+A2_Rs20,0.9958333333333333,,
1,D8-K2par-sep,0.2,48,D8-K2par-sep_e20_r048,TCRlong(0.40)+rw+A2_Ru10,0.9958333333333333,,
1,D8-K2par-sep,0.3,48,D8-K2par-sep_e30_r048,ESF12alone,1.0,0.33,0.08666729496326298
1,D8-K2par-sep,0.3,48,D8-K2par-sep_e30_r048,ESF12,1.0,,
1,D8-K2par-sep,0.3,48,D8-K2par-sep_e30_r048,Alg2_Rs20,1.0,,
1,D8-K2par-sep,0.3,48,D8-K2par-sep_e30_r048,Alg2_Ru10,1.0,,
1,D8-K2par-sep,0.3,48,D8-K2par-sep_e30_r048,TCRlong(0.40)+rw+A2_Rs20,1.0,,
1,D8-K2par-sep,0.3,48,D8-K2par-sep_e30_r048,TCRlong(0.40)+rw+A2_Ru10,1.0,,
1,D1-K2cross,0.0,49,D1-K2cross_e00_r049,ESF12alone,0.94,0.0033333333333333335,0.07015539100393653
1,D1-K2cross,0.0,49,D1-K2cross_e00_r049,ESF12,0.94,,
1,D1-K2cross,0.0,49,D1-K2cross_e00_r049,Alg2_Rs20,0.94,,
1,D1-K2cross,0.0,49,D1-K2cross_e00_r049,Alg2_Ru10,0.94,,
1,D1-K2cross,0.0,49,D1-K2cross_e00_r049,TCRlong(0.40)+rw+A2_Rs20,0.94,,
1,D1-K2cross,0.0,49,D1-K2cross_e00_r049,TCRlong(0.40)+rw+A2_Ru10,0.94,,
1,D1-K2cross,0.05,49,D1-K2cross_e05_r049,ESF12alone,0.9,0.04,0.0681968069402501
1,D1-K2cross,0.05,49,D1-K2cross_e05_r049,ESF12,0.9,,
1,D1-K2cross,0.05,49,D1-K2cross_e05_r049,Alg2_Rs20,0.9,,
1,D1-K2cross,0.05,49,D1-K2cross_e05_r049,Alg2_Ru10,0.9,,
1,D1-K2cross,0.05,49,D1-K2cross_e05_r049,TCRlong(0.40)+rw+A2_Rs20,0.896551724137931,,
1,D1-K2cross,0.05,49,D1-K2cross_e05_r049,TCRlong(0.40)+rw+A2_Ru10,0.896551724137931,,
1,D1-K2cross,0.1,49,D1-K2cross_e10_r049,ESF12alone,0.9197080291970803,0.09666666666666666,10.938694556010887
1,D1-K2cross,0.1,49,D1-K2cross_e10_r049,ESF12,0.9197080291970803,,
1,D1-K2cross,0.1,49,D1-K2cross_e10_r049,Alg2_Rs20,0.9197080291970803,,
1,D1-K2cross,0.1,49,D1-K2cross_e10_r049,Alg2_Ru10,0.9197080291970803,,
1,D1-K2cross,0.1,49,D1-K2cross_e10_r049,TCRlong(0.40)+rw+A2_Rs20,0.9197080291970803,,
1,D1-K2cross,0.1,49,D1-K2cross_e10_r049,TCRlong(0.40)+rw+A2_Ru10,0.9197080291970803,,
1,D1-K2cross,0.2,49,D1-K2cross_e20_r049,ESF12alone,0.8669527896995708,0.23666666666666666,0.08105321694165468
1,D1-K2cross,0.2,49,D1-K2cross_e20_r049,ESF12,0.8669527896995708,,
1,D1-K2cross,0.2,49,D1-K2cross_e20_r049,Alg2_Rs20,0.8583690987124464,,
1,D1-K2cross,0.2,49,D1-K2cross_e20_r049,Alg2_Ru10,0.8583690987124464,,
1,D1-K2cross,0.2,49,D1-K2cross_e20_r049,TCRlong(0.40)+rw+A2_Rs20,0.8669527896995708,,
1,D1-K2cross,0.2,49,D1-K2cross_e20_r049,TCRlong(0.40)+rw+A2_Ru10,0.8669527896995708,,
1,D1-K2cross,0.3,49,D1-K2cross_e30_r049,ESF12alone,0.9141414141414141,0.34,0.07363243389409035
1,D1-K2cross,0.3,49,D1-K2cross_e30_r049,ESF12,0.9141414141414141,,
1,D1-K2cross,0.3,49,D1-K2cross_e30_r049,Alg2_Rs20,0.9141414141414141,,
1,D1-K2cross,0.3,49,D1-K2cross_e30_r049,Alg2_Ru10,0.9141414141414141,,
1,D1-K2cross,0.3,49,D1-K2cross_e30_r049,TCRlong(0.40)+rw+A2_Rs20,0.9141414141414141,,
1,D1-K2cross,0.3,49,D1-K2cross_e30_r049,TCRlong(0.40)+rw+A2_Ru10,0.9141414141414141,,
1,D2-K3par,0.0,49,D2-K3par_e00_r049,ESF12alone,0.8833333333333333,0.0033333333333333335,0.21641431702300906
1,D2-K3par,0.0,49,D2-K3par_e00_r049,ESF12,0.8833333333333333,,
1,D2-K3par,0.0,49,D2-K3par_e00_r049,Alg2_Rs20,0.8933333333333333,,
1,D2-K3par,0.0,49,D2-K3par_e00_r049,Alg2_Ru10,0.8933333333333333,,
1,D2-K3par,0.0,49,D2-K3par_e00_r049,TCRlong(0.40)+rw+A2_Rs20,0.8466666666666667,,
1,D2-K3par,0.0,49,D2-K3par_e00_r049,TCRlong(0.40)+rw+A2_Ru10,0.8466666666666667,,
1,D2-K3par,0.05,49,D2-K3par_e05_r049,ESF12alone,0.906896551724138,0.03333333333333333,0.27320098993368447
1,D2-K3par,0.05,49,D2-K3par_e05_r049,ESF12,0.906896551724138,,
1,D2-K3par,0.05,49,D2-K3par_e05_r049,Alg2_Rs20,0.906896551724138,,
1,D2-K3par,0.05,49,D2-K3par_e05_r049,Alg2_Ru10,0.906896551724138,,
1,D2-K3par,0.05,49,D2-K3par_e05_r049,TCRlong(0.40)+rw+A2_Rs20,0.9,,
1,D2-K3par,0.05,49,D2-K3par_e05_r049,TCRlong(0.40)+rw+A2_Ru10,0.9,,
1,D2-K3par,0.1,49,D2-K3par_e10_r049,ESF12alone,0.9053030303030303,0.12,10.976195016060956
1,D2-K3par,0.1,49,D2-K3par_e10_r049,ESF12,0.9053030303030303,,
1,D2-K3par,0.1,49,D2-K3par_e10_r049,Alg2_Rs20,0.9015151515151515,,
1,D2-K3par,0.1,49,D2-K3par_e10_r049,Alg2_Ru10,0.9015151515151515,,
1,D2-K3par,0.1,49,D2-K3par_e10_r049,TCRlong(0.40)+rw+A2_Rs20,0.9015151515151515,,
1,D2-K3par,0.1,49,D2-K3par_e10_r049,TCRlong(0.40)+rw+A2_Ru10,0.9015151515151515,,
1,D2-K3par,0.2,49,D2-K3par_e20_r049,ESF12alone,0.9392712550607287,0.17666666666666667,0.29170151404105127
1,D2-K3par,0.2,49,D2-K3par_e20_r049,ESF12,0.9392712550607287,,
1,D2-K3par,0.2,49,D2-K3par_e20_r049,Alg2_Rs20,0.9392712550607287,,
1,D2-K3par,0.2,49,D2-K3par_e20_r049,Alg2_Ru10,0.9392712550607287,,
1,D2-K3par,0.2,49,D2-K3par_e20_r049,TCRlong(0.40)+rw+A2_Rs20,0.9433198380566802,,
1,D2-K3par,0.2,49,D2-K3par_e20_r049,TCRlong(0.40)+rw+A2_Ru10,0.9433198380566802,,
1,D2-K3par,0.3,49,D2-K3par_e30_r049,ESF12alone,0.655,0.16333333333333333,0.3986896499991417
1,D2-K3par,0.3,49,D2-K3par_e30_r049,ESF12,0.655,,
1,D2-K3par,0.3,49,D2-K3par_e30_r049,Alg2_Rs20,0.655,,
1,D2-K3par,0.3,49,D2-K3par_e30_r049,Alg2_Ru10,0.655,,
1,D2-K3par,0.3,49,D2-K3par_e30_r049,TCRlong(0.40)+rw+A2_Rs20,0.91,,
1,D2-K3par,0.3,49,D2-K3par_e30_r049,TCRlong(0.40)+rw+A2_Ru10,0.91,,
1,D3-unequal,0.0,49,D3-unequal_e00_r049,ESF12alone,0.89,0.04666666666666667,0.08176480000838637
1,D3-unequal,0.0,49,D3-unequal_e00_r049,ESF12,0.89,,
1,D3-unequal,0.0,49,D3-unequal_e00_r049,Alg2_Rs20,0.89,,
1,D3-unequal,0.0,49,D3-unequal_e00_r049,Alg2_Ru10,0.89,,
1,D3-unequal,0.0,49,D3-unequal_e00_r049,TCRlong(0.40)+rw+A2_Rs20,0.8866666666666667,,
1,D3-unequal,0.0,49,D3-unequal_e00_r049,TCRlong(0.40)+rw+A2_Ru10,0.8866666666666667,,
1,D3-unequal,0.05,49,D3-unequal_e05_r049,ESF12alone,0.925531914893617,0.07333333333333333,0.084253907087259
1,D3-unequal,0.05,49,D3-unequal_e05_r049,ESF12,0.925531914893617,,
1,D3-unequal,0.05,49,D3-unequal_e05_r049,Alg2_Rs20,0.925531914893617,,
1,D3-unequal,0.05,49,D3-unequal_e05_r049,Alg2_Ru10,0.925531914893617,,
1,D3-unequal,0.05,49,D3-unequal_e05_r049,TCRlong(0.40)+rw+A2_Rs20,0.9290780141843972,,
1,D3-unequal,0.05,49,D3-unequal_e05_r049,TCRlong(0.40)+rw+A2_Ru10,0.9290780141843972,,
1,D3-unequal,0.1,49,D3-unequal_e10_r049,ESF12alone,0.9026217228464419,0.11666666666666667,10.18984793999698
1,D3-unequal,0.1,49,D3-unequal_e10_r049,ESF12,0.9026217228464419,,
1,D3-unequal,0.1,49,D3-unequal_e10_r049,Alg2_Rs20,0.898876404494382,,
1,D3-unequal,0.1,49,D3-unequal_e10_r049,Alg2_Ru10,0.898876404494382,,
1,D3-unequal,0.1,49,D3-unequal_e10_r049,TCRlong(0.40)+rw+A2_Rs20,0.8876404494382022,,
1,D3-unequal,0.1,49,D3-unequal_e10_r049,TCRlong(0.40)+rw+A2_Ru10,0.8876404494382022,,
1,D3-unequal,0.2,49,D3-unequal_e20_r049,ESF12alone,0.9121338912133892,0.20666666666666667,0.07925323292147368
1,D3-unequal,0.2,49,D3-unequal_e20_r049,ESF12,0.9121338912133892,,
1,D3-unequal,0.2,49,D3-unequal_e20_r049,Alg2_Rs20,0.9121338912133892,,
1,D3-unequal,0.2,49,D3-unequal_e20_r049,Alg2_Ru10,0.9121338912133892,,
1,D3-unequal,0.2,49,D3-unequal_e20_r049,TCRlong(0.40)+rw+A2_Rs20,0.9121338912133892,,
1,D3-unequal,0.2,49,D3-unequal_e20_r049,TCRlong(0.40)+rw+A2_Ru10,0.9121338912133892,,
1,D3-unequal,0.3,49,D3-unequal_e30_r049,ESF12alone,0.9041095890410958,0.27,0.08184184995479882
1,D3-unequal,0.3,49,D3-unequal_e30_r049,ESF12,0.9041095890410958,,
1,D3-unequal,0.3,49,D3-unequal_e30_r049,Alg2_Rs20,0.9041095890410958,,
1,D3-unequal,0.3,49,D3-unequal_e30_r049,Alg2_Ru10,0.9041095890410958,,
1,D3-unequal,0.3,49,D3-unequal_e30_r049,TCRlong(0.40)+rw+A2_Rs20,0.9041095890410958,,
1,D3-unequal,0.3,49,D3-unequal_e30_r049,TCRlong(0.40)+rw+A2_Ru10,0.9041095890410958,,
1,D4-hetero,0.0,49,D4-hetero_e00_r049,ESF12alone,0.91,0.04,0.0630273970309645
1,D4-hetero,0.0,49,D4-hetero_e00_r049,ESF12,0.91,,
1,D4-hetero,0.0,49,D4-hetero_e00_r049,Alg2_Rs20,0.91,,
1,D4-hetero,0.0,49,D4-hetero_e00_r049,Alg2_Ru10,0.91,,
1,D4-hetero,0.0,49,D4-hetero_e00_r049,TCRlong(0.40)+rw+A2_Rs20,0.91,,
1,D4-hetero,0.0,49,D4-hetero_e00_r049,TCRlong(0.40)+rw+A2_Ru10,0.91,,
1,D4-hetero,0.05,49,D4-hetero_e05_r049,ESF12alone,0.896797153024911,0.08333333333333333,0.10649839299730957
1,D4-hetero,0.05,49,D4-hetero_e05_r049,ESF12,0.896797153024911,,
1,D4-hetero,0.05,49,D4-hetero_e05_r049,Alg2_Rs20,0.896797153024911,,
1,D4-hetero,0.05,49,D4-hetero_e05_r049,Alg2_Ru10,0.896797153024911,,
1,D4-hetero,0.05,49,D4-hetero_e05_r049,TCRlong(0.40)+rw+A2_Rs20,0.896797153024911,,
1,D4-hetero,0.05,49,D4-hetero_e05_r049,TCRlong(0.40)+rw+A2_Ru10,0.896797153024911,,
1,D4-hetero,0.1,49,D4-hetero_e10_r049,ESF12alone,0.9010989010989011,0.11666666666666667,10.614480755990371
1,D4-hetero,0.1,49,D4-hetero_e10_r049,ESF12,0.9010989010989011,,
1,D4-hetero,0.1,49,D4-hetero_e10_r049,Alg2_Rs20,0.9010989010989011,,
1,D4-hetero,0.1,49,D4-hetero_e10_r049,Alg2_Ru10,0.9010989010989011,,
1,D4-hetero,0.1,49,D4-hetero_e10_r049,TCRlong(0.40)+rw+A2_Rs20,0.9047619047619048,,
1,D4-hetero,0.1,49,D4-hetero_e10_r049,TCRlong(0.40)+rw+A2_Ru10,0.9047619047619048,,
1,D4-hetero,0.2,49,D4-hetero_e20_r049,ESF12alone,0.8995983935742972,0.18,0.0799400620162487
1,D4-hetero,0.2,49,D4-hetero_e20_r049,ESF12,0.8995983935742972,,
1,D4-hetero,0.2,49,D4-hetero_e20_r049,Alg2_Rs20,0.8995983935742972,,
1,D4-hetero,0.2,49,D4-hetero_e20_r049,Alg2_Ru10,0.8995983935742972,,
1,D4-hetero,0.2,49,D4-hetero_e20_r049,TCRlong(0.40)+rw+A2_Rs20,0.8995983935742972,,
1,D4-hetero,0.2,49,D4-hetero_e20_r049,TCRlong(0.40)+rw+A2_Ru10,0.8995983935742972,,
1,D4-hetero,0.3,49,D4-hetero_e30_r049,ESF12alone,0.9216589861751152,0.27666666666666667,0.0875678159063682
1,D4-hetero,0.3,49,D4-hetero_e30_r049,ESF12,0.9216589861751152,,
1,D4-hetero,0.3,49,D4-hetero_e30_r049,Alg2_Rs20,0.9170506912442397,,
1,D4-hetero,0.3,49,D4-hetero_e30_r049,Alg2_Ru10,0.9170506912442397,,
1,D4-hetero,0.3,49,D4-hetero_e30_r049,TCRlong(0.40)+rw+A2_Rs20,0.9216589861751152,,
1,D4-hetero,0.3,49,D4-hetero_e30_r049,TCRlong(0.40)+rw+A2_Ru10,0.9216589861751152,,
1,D5-leverage,0.0,49,D5-leverage_e00_r049,ESF12alone,0.9333333333333333,0.02666666666666667,0.06835717393551022
1,D5-leverage,0.0,49,D5-leverage_e00_r049,ESF12,0.9333333333333333,,
1,D5-leverage,0.0,49,D5-leverage_e00_r049,Alg2_Rs20,0.9366666666666666,,
1,D5-leverage,0.0,49,D5-leverage_e00_r049,Alg2_Ru10,0.9366666666666666,,
1,D5-leverage,0.0,49,D5-leverage_e00_r049,TCRlong(0.40)+rw+A2_Rs20,0.94,,
1,D5-leverage,0.0,49,D5-leverage_e00_r049,TCRlong(0.40)+rw+A2_Ru10,0.94,,
1,D5-leverage,0.05,49,D5-leverage_e05_r049,ESF12alone,0.9323843416370107,0.08,0.06821455201134086
1,D5-leverage,0.05,49,D5-leverage_e05_r049,ESF12,0.9323843416370107,,
1,D5-leverage,0.05,49,D5-leverage_e05_r049,Alg2_Rs20,0.9323843416370107,,
1,D5-leverage,0.05,49,D5-leverage_e05_r049,Alg2_Ru10,0.9323843416370107,,
1,D5-leverage,0.05,49,D5-leverage_e05_r049,TCRlong(0.40)+rw+A2_Rs20,0.9359430604982206,,
1,D5-leverage,0.05,49,D5-leverage_e05_r049,TCRlong(0.40)+rw+A2_Ru10,0.9359430604982206,,
1,D5-leverage,0.1,49,D5-leverage_e10_r049,ESF12alone,0.8843283582089553,0.11333333333333333,10.657414017012343
1,D5-leverage,0.1,49,D5-leverage_e10_r049,ESF12,0.8843283582089553,,
1,D5-leverage,0.1,49,D5-leverage_e10_r049,Alg2_Rs20,0.8880597014925373,,
1,D5-leverage,0.1,49,D5-leverage_e10_r049,Alg2_Ru10,0.8880597014925373,,
1,D5-leverage,0.1,49,D5-leverage_e10_r049,TCRlong(0.40)+rw+A2_Rs20,0.8880597014925373,,
1,D5-leverage,0.1,49,D5-leverage_e10_r049,TCRlong(0.40)+rw+A2_Ru10,0.8880597014925373,,
1,D5-leverage,0.2,49,D5-leverage_e20_r049,ESF12alone,0.8866396761133604,0.18333333333333332,0.07689867308363318
1,D5-leverage,0.2,49,D5-leverage_e20_r049,ESF12,0.8866396761133604,,
1,D5-leverage,0.2,49,D5-leverage_e20_r049,Alg2_Rs20,0.8866396761133604,,
1,D5-leverage,0.2,49,D5-leverage_e20_r049,Alg2_Ru10,0.8866396761133604,,
1,D5-leverage,0.2,49,D5-leverage_e20_r049,TCRlong(0.40)+rw+A2_Rs20,0.8866396761133604,,
1,D5-leverage,0.2,49,D5-leverage_e20_r049,TCRlong(0.40)+rw+A2_Ru10,0.8866396761133604,,
1,D5-leverage,0.3,49,D5-leverage_e30_r049,ESF12alone,0.5205479452054794,0.11,0.07243224396370351
1,D5-leverage,0.3,49,D5-leverage_e30_r049,ESF12,0.5205479452054794,,
1,D5-leverage,0.3,49,D5-leverage_e30_r049,Alg2_Rs20,0.5159817351598174,,
1,D5-leverage,0.3,49,D5-leverage_e30_r049,Alg2_Ru10,0.5159817351598174,,
1,D5-leverage,0.3,49,D5-leverage_e30_r049,TCRlong(0.40)+rw+A2_Rs20,0.5205479452054794,,
1,D5-leverage,0.3,49,D5-leverage_e30_r049,TCRlong(0.40)+rw+A2_Ru10,0.5205479452054794,,
1,D6-uniform,0.0,49,D6-uniform_e00_r049,ESF12alone,0.9033333333333333,0.02,0.06917335302568972
1,D6-uniform,0.0,49,D6-uniform_e00_r049,ESF12,0.9033333333333333,,
1,D6-uniform,0.0,49,D6-uniform_e00_r049,Alg2_Rs20,0.9033333333333333,,
1,D6-uniform,0.0,49,D6-uniform_e00_r049,Alg2_Ru10,0.9033333333333333,,
1,D6-uniform,0.0,49,D6-uniform_e00_r049,TCRlong(0.40)+rw+A2_Rs20,0.9066666666666666,,
1,D6-uniform,0.0,49,D6-uniform_e00_r049,TCRlong(0.40)+rw+A2_Ru10,0.9066666666666666,,
1,D6-uniform,0.05,49,D6-uniform_e05_r049,ESF12alone,0.9148936170212766,0.06666666666666667,0.07152474299073219
1,D6-uniform,0.05,49,D6-uniform_e05_r049,ESF12,0.9148936170212766,,
1,D6-uniform,0.05,49,D6-uniform_e05_r049,Alg2_Rs20,0.9148936170212766,,
1,D6-uniform,0.05,49,D6-uniform_e05_r049,Alg2_Ru10,0.9148936170212766,,
1,D6-uniform,0.05,49,D6-uniform_e05_r049,TCRlong(0.40)+rw+A2_Rs20,0.9113475177304965,,
1,D6-uniform,0.05,49,D6-uniform_e05_r049,TCRlong(0.40)+rw+A2_Ru10,0.9113475177304965,,
1,D6-uniform,0.1,49,D6-uniform_e10_r049,ESF12alone,0.9015151515151515,0.13,10.595125899999402
1,D6-uniform,0.1,49,D6-uniform_e10_r049,ESF12,0.9015151515151515,,
1,D6-uniform,0.1,49,D6-uniform_e10_r049,Alg2_Rs20,0.9053030303030303,,
1,D6-uniform,0.1,49,D6-uniform_e10_r049,Alg2_Ru10,0.9053030303030303,,
1,D6-uniform,0.1,49,D6-uniform_e10_r049,TCRlong(0.40)+rw+A2_Rs20,0.9053030303030303,,
1,D6-uniform,0.1,49,D6-uniform_e10_r049,TCRlong(0.40)+rw+A2_Ru10,0.9053030303030303,,
1,D6-uniform,0.2,49,D6-uniform_e20_r049,ESF12alone,0.8958333333333334,0.20333333333333334,0.09011674695648253
1,D6-uniform,0.2,49,D6-uniform_e20_r049,ESF12,0.8958333333333334,,
1,D6-uniform,0.2,49,D6-uniform_e20_r049,Alg2_Rs20,0.9,,
1,D6-uniform,0.2,49,D6-uniform_e20_r049,Alg2_Ru10,0.9,,
1,D6-uniform,0.2,49,D6-uniform_e20_r049,TCRlong(0.40)+rw+A2_Rs20,0.8958333333333334,,
1,D6-uniform,0.2,49,D6-uniform_e20_r049,TCRlong(0.40)+rw+A2_Ru10,0.8958333333333334,,
1,D6-uniform,0.3,49,D6-uniform_e30_r049,ESF12alone,0.502283105022831,0.0,0.07193267799448222
1,D6-uniform,0.3,49,D6-uniform_e30_r049,ESF12,0.502283105022831,,
1,D6-uniform,0.3,49,D6-uniform_e30_r049,Alg2_Rs20,0.502283105022831,,
1,D6-uniform,0.3,49,D6-uniform_e30_r049,Alg2_Ru10,0.502283105022831,,
1,D6-uniform,0.3,49,D6-uniform_e30_r049,TCRlong(0.40)+rw+A2_Rs20,0.9269406392694064,,
1,D6-uniform,0.3,49,D6-uniform_e30_r049,TCRlong(0.40)+rw+A2_Ru10,0.6073059360730594,,
1,D7-p3,0.0,49,D7-p3_e00_r049,ESF12alone,0.91,0.016666666666666666,2.1937321180012077
1,D7-p3,0.0,49,D7-p3_e00_r049,ESF12,0.91,,
1,D7-p3,0.0,49,D7-p3_e00_r049,Alg2_Rs20,0.9033333333333333,,
1,D7-p3,0.0,49,D7-p3_e00_r049,Alg2_Ru10,0.9033333333333333,,
1,D7-p3,0.0,49,D7-p3_e00_r049,TCRlong(0.40)+rw+A2_Rs20,0.9066666666666666,,
1,D7-p3,0.0,49,D7-p3_e00_r049,TCRlong(0.40)+rw+A2_Ru10,0.9066666666666666,,
1,D7-p3,0.05,49,D7-p3_e05_r049,ESF12alone,0.9436619718309859,0.06666666666666667,1.67908756993711
1,D7-p3,0.05,49,D7-p3_e05_r049,ESF12,0.9436619718309859,,
1,D7-p3,0.05,49,D7-p3_e05_r049,Alg2_Rs20,0.9401408450704225,,
1,D7-p3,0.05,49,D7-p3_e05_r049,Alg2_Ru10,0.9401408450704225,,
1,D7-p3,0.05,49,D7-p3_e05_r049,TCRlong(0.40)+rw+A2_Rs20,0.9366197183098591,,
1,D7-p3,0.05,49,D7-p3_e05_r049,TCRlong(0.40)+rw+A2_Ru10,0.9366197183098591,,
1,D7-p3,0.1,49,D7-p3_e10_r049,ESF12alone,0.9191176470588235,0.10333333333333333,12.211950615979731
1,D7-p3,0.1,49,D7-p3_e10_r049,ESF12,0.9191176470588235,,
1,D7-p3,0.1,49,D7-p3_e10_r049,Alg2_Rs20,0.9191176470588235,,
1,D7-p3,0.1,49,D7-p3_e10_r049,Alg2_Ru10,0.9191176470588235,,
1,D7-p3,0.1,49,D7-p3_e10_r049,TCRlong(0.40)+rw+A2_Rs20,0.9154411764705882,,
1,D7-p3,0.1,49,D7-p3_e10_r049,TCRlong(0.40)+rw+A2_Ru10,0.9154411764705882,,
1,D7-p3,0.2,49,D7-p3_e20_r049,ESF12alone,0.8936170212765957,0.23,1.8695868880022317
1,D7-p3,0.2,49,D7-p3_e20_r049,ESF12,0.8936170212765957,,
1,D7-p3,0.2,49,D7-p3_e20_r049,Alg2_Rs20,0.8936170212765957,,
1,D7-p3,0.2,49,D7-p3_e20_r049,Alg2_Ru10,0.8936170212765957,,
1,D7-p3,0.2,49,D7-p3_e20_r049,TCRlong(0.40)+rw+A2_Rs20,0.8936170212765957,,
1,D7-p3,0.2,49,D7-p3_e20_r049,TCRlong(0.40)+rw+A2_Ru10,0.8936170212765957,,
1,D7-p3,0.3,49,D7-p3_e30_r049,ESF12alone,0.9090909090909091,0.30333333333333334,1.9493601910071447
1,D7-p3,0.3,49,D7-p3_e30_r049,ESF12,0.9090909090909091,,
1,D7-p3,0.3,49,D7-p3_e30_r049,Alg2_Rs20,0.9090909090909091,,
1,D7-p3,0.3,49,D7-p3_e30_r049,Alg2_Ru10,0.9090909090909091,,
1,D7-p3,0.3,49,D7-p3_e30_r049,TCRlong(0.40)+rw+A2_Rs20,0.9090909090909091,,
1,D7-p3,0.3,49,D7-p3_e30_r049,TCRlong(0.40)+rw+A2_Ru10,0.9090909090909091,,
1,D8-K2par-sep,0.0,49,D8-K2par-sep_e00_r049,ESF12alone,1.0,0.01,0.07758877601008862
1,D8-K2par-sep,0.0,49,D8-K2par-sep_e00_r049,ESF12,1.0,,
1,D8-K2par-sep,0.0,49,D8-K2par-sep_e00_r049,Alg2_Rs20,1.0,,
1,D8-K2par-sep,0.0,49,D8-K2par-sep_e00_r049,Alg2_Ru10,1.0,,
1,D8-K2par-sep,0.0,49,D8-K2par-sep_e00_r049,TCRlong(0.40)+rw+A2_Rs20,1.0,,
1,D8-K2par-sep,0.0,49,D8-K2par-sep_e00_r049,TCRlong(0.40)+rw+A2_Ru10,1.0,,
1,D8-K2par-sep,0.05,49,D8-K2par-sep_e05_r049,ESF12alone,0.993006993006993,0.05333333333333334,0.07942340290173888
1,D8-K2par-sep,0.05,49,D8-K2par-sep_e05_r049,ESF12,0.993006993006993,,
1,D8-K2par-sep,0.05,49,D8-K2par-sep_e05_r049,Alg2_Rs20,0.993006993006993,,
1,D8-K2par-sep,0.05,49,D8-K2par-sep_e05_r049,Alg2_Ru10,0.993006993006993,,
1,D8-K2par-sep,0.05,49,D8-K2par-sep_e05_r049,TCRlong(0.40)+rw+A2_Rs20,0.993006993006993,,
1,D8-K2par-sep,0.05,49,D8-K2par-sep_e05_r049,TCRlong(0.40)+rw+A2_Ru10,0.993006993006993,,
1,D8-K2par-sep,0.1,49,D8-K2par-sep_e10_r049,ESF12alone,1.0,0.08333333333333333,10.624681040993892
1,D8-K2par-sep,0.1,49,D8-K2par-sep_e10_r049,ESF12,1.0,,
1,D8-K2par-sep,0.1,49,D8-K2par-sep_e10_r049,Alg2_Rs20,1.0,,
1,D8-K2par-sep,0.1,49,D8-K2par-sep_e10_r049,Alg2_Ru10,1.0,,
1,D8-K2par-sep,0.1,49,D8-K2par-sep_e10_r049,TCRlong(0.40)+rw+A2_Rs20,1.0,,
1,D8-K2par-sep,0.1,49,D8-K2par-sep_e10_r049,TCRlong(0.40)+rw+A2_Ru10,1.0,,
1,D8-K2par-sep,0.2,49,D8-K2par-sep_e20_r049,ESF12alone,1.0,0.25333333333333335,0.07052059809211642
1,D8-K2par-sep,0.2,49,D8-K2par-sep_e20_r049,ESF12,1.0,,
1,D8-K2par-sep,0.2,49,D8-K2par-sep_e20_r049,Alg2_Rs20,1.0,,
1,D8-K2par-sep,0.2,49,D8-K2par-sep_e20_r049,Alg2_Ru10,1.0,,
1,D8-K2par-sep,0.2,49,D8-K2par-sep_e20_r049,TCRlong(0.40)+rw+A2_Rs20,1.0,,
1,D8-K2par-sep,0.2,49,D8-K2par-sep_e20_r049,TCRlong(0.40)+rw+A2_Ru10,1.0,,
1,D8-K2par-sep,0.3,49,D8-K2par-sep_e30_r049,ESF12alone,0.9951219512195122,0.31666666666666665,0.0816050210269168
1,D8-K2par-sep,0.3,49,D8-K2par-sep_e30_r049,ESF12,0.9951219512195122,,
1,D8-K2par-sep,0.3,49,D8-K2par-sep_e30_r049,Alg2_Rs20,0.9951219512195122,,
1,D8-K2par-sep,0.3,49,D8-K2par-sep_e30_r049,Alg2_Ru10,0.9951219512195122,,
1,D8-K2par-sep,0.3,49,D8-K2par-sep_e30_r049,TCRlong(0.40)+rw+A2_Rs20,0.9951219512195122,,
1,D8-K2par-sep,0.3,49,D8-K2par-sep_e30_r049,TCRlong(0.40)+rw+A2_Ru10,0.9951219512195122,,
1b,D1-K2cross,0.25,0,D1-K2cross_e25_r000,ESF12alone,0.9137931034482759,0.23,10.306588895036839
1b,D1-K2cross,0.25,0,D1-K2cross_e25_r000,ESF12,0.9137931034482759,,
1b,D1-K2cross,0.25,0,D1-K2cross_e25_r000,Alg2_Rs20,0.9094827586206896,,
1b,D1-K2cross,0.25,0,D1-K2cross_e25_r000,Alg2_Ru10,0.9094827586206896,,
1b,D1-K2cross,0.25,0,D1-K2cross_e25_r000,TCRlong(0.40)+rw+A2_Rs20,0.9181034482758621,,
1b,D1-K2cross,0.25,0,D1-K2cross_e25_r000,TCRlong(0.40)+rw+A2_Ru10,0.9181034482758621,,
1b,D1-K2cross,0.3,0,D1-K2cross_e30_r000,ESF12alone,0.8840579710144928,0.31,0.07432287803385407
1b,D1-K2cross,0.3,0,D1-K2cross_e30_r000,ESF12,0.8840579710144928,,
1b,D1-K2cross,0.3,0,D1-K2cross_e30_r000,Alg2_Rs20,0.8888888888888888,,
1b,D1-K2cross,0.3,0,D1-K2cross_e30_r000,Alg2_Ru10,0.8888888888888888,,
1b,D1-K2cross,0.3,0,D1-K2cross_e30_r000,TCRlong(0.40)+rw+A2_Rs20,0.8840579710144928,,
1b,D1-K2cross,0.3,0,D1-K2cross_e30_r000,TCRlong(0.40)+rw+A2_Ru10,0.8840579710144928,,
1b,D1-K2cross,0.35,0,D1-K2cross_e35_r000,ESF12alone,0.9247311827956989,0.38,10.28799192700535
1b,D1-K2cross,0.35,0,D1-K2cross_e35_r000,ESF12,0.9247311827956989,,
1b,D1-K2cross,0.35,0,D1-K2cross_e35_r000,Alg2_Rs20,0.9247311827956989,,
1b,D1-K2cross,0.35,0,D1-K2cross_e35_r000,Alg2_Ru10,0.9247311827956989,,
1b,D1-K2cross,0.35,0,D1-K2cross_e35_r000,TCRlong(0.40)+rw+A2_Rs20,0.9247311827956989,,
1b,D1-K2cross,0.35,0,D1-K2cross_e35_r000,TCRlong(0.40)+rw+A2_Ru10,0.9247311827956989,,
1b,D2-K3par,0.25,0,D2-K3par_e25_r000,ESF12alone,0.6990740740740741,0.11666666666666667,0.332927725976333
1b,D2-K3par,0.25,0,D2-K3par_e25_r000,ESF12,0.6990740740740741,,
1b,D2-K3par,0.25,0,D2-K3par_e25_r000,Alg2_Rs20,0.6990740740740741,,
1b,D2-K3par,0.25,0,D2-K3par_e25_r000,Alg2_Ru10,0.6990740740740741,,
1b,D2-K3par,0.25,0,D2-K3par_e25_r000,TCRlong(0.40)+rw+A2_Rs20,0.8333333333333334,,
1b,D2-K3par,0.25,0,D2-K3par_e25_r000,TCRlong(0.40)+rw+A2_Ru10,0.8333333333333334,,
1b,D2-K3par,0.3,0,D2-K3par_e30_r000,ESF12alone,0.9130434782608695,0.31,0.28329804190434515
1b,D2-K3par,0.3,0,D2-K3par_e30_r000,ESF12,0.9130434782608695,,
1b,D2-K3par,0.3,0,D2-K3par_e30_r000,Alg2_Rs20,0.9130434782608695,,
1b,D2-K3par,0.3,0,D2-K3par_e30_r000,Alg2_Ru10,0.9130434782608695,,
1b,D2-K3par,0.3,0,D2-K3par_e30_r000,TCRlong(0.40)+rw+A2_Rs20,0.9178743961352657,,
1b,D2-K3par,0.3,0,D2-K3par_e30_r000,TCRlong(0.40)+rw+A2_Ru10,0.9178743961352657,,
1b,D2-K3par,0.35,0,D2-K3par_e35_r000,ESF12alone,0.6923076923076923,0.17,0.3751601029653102
1b,D2-K3par,0.35,0,D2-K3par_e35_r000,ESF12,0.6923076923076923,,
1b,D2-K3par,0.35,0,D2-K3par_e35_r000,Alg2_Rs20,0.6923076923076923,,
1b,D2-K3par,0.35,0,D2-K3par_e35_r000,Alg2_Ru10,0.6923076923076923,,
1b,D2-K3par,0.35,0,D2-K3par_e35_r000,TCRlong(0.40)+rw+A2_Rs20,0.6923076923076923,,
1b,D2-K3par,0.35,0,D2-K3par_e35_r000,TCRlong(0.40)+rw+A2_Ru10,0.6923076923076923,,
1b,D3-unequal,0.25,0,D3-unequal_e25_r000,ESF12alone,0.8982300884955752,0.25,0.0911667839391157
1b,D3-unequal,0.25,0,D3-unequal_e25_r000,ESF12,0.8982300884955752,,
1b,D3-unequal,0.25,0,D3-unequal_e25_r000,Alg2_Rs20,0.8982300884955752,,
1b,D3-unequal,0.25,0,D3-unequal_e25_r000,Alg2_Ru10,0.8982300884955752,,
1b,D3-unequal,0.25,0,D3-unequal_e25_r000,TCRlong(0.40)+rw+A2_Rs20,0.8982300884955752,,
1b,D3-unequal,0.25,0,D3-unequal_e25_r000,TCRlong(0.40)+rw+A2_Ru10,0.8982300884955752,,
1b,D3-unequal,0.3,0,D3-unequal_e30_r000,ESF12alone,0.9514563106796117,0.31333333333333335,10.653267121990211
1b,D3-unequal,0.3,0,D3-unequal_e30_r000,ESF12,0.9514563106796117,,
1b,D3-unequal,0.3,0,D3-unequal_e30_r000,Alg2_Rs20,0.9320388349514563,,
1b,D3-unequal,0.3,0,D3-unequal_e30_r000,Alg2_Ru10,0.9320388349514563,,
1b,D3-unequal,0.3,0,D3-unequal_e30_r000,TCRlong(0.40)+rw+A2_Rs20,0.9466019417475728,,
1b,D3-unequal,0.3,0,D3-unequal_e30_r000,TCRlong(0.40)+rw+A2_Ru10,0.9466019417475728,,
1b,D3-unequal,0.35,0,D3-unequal_e35_r000,ESF12alone,0.6958762886597938,0.17666666666666667,0.09694427496287972
1b,D3-unequal,0.35,0,D3-unequal_e35_r000,ESF12,0.6958762886597938,,
1b,D3-unequal,0.35,0,D3-unequal_e35_r000,Alg2_Rs20,0.8917525773195877,,
1b,D3-unequal,0.35,0,D3-unequal_e35_r000,Alg2_Ru10,0.8917525773195877,,
1b,D3-unequal,0.35,0,D3-unequal_e35_r000,TCRlong(0.40)+rw+A2_Rs20,0.8917525773195877,,
1b,D3-unequal,0.35,0,D3-unequal_e35_r000,TCRlong(0.40)+rw+A2_Ru10,0.8917525773195877,,
1b,D4-hetero,0.25,0,D4-hetero_e25_r000,ESF12alone,0.9140271493212669,0.2733333333333333,0.07821860199328512
1b,D4-hetero,0.25,0,D4-hetero_e25_r000,ESF12,0.9140271493212669,,
1b,D4-hetero,0.25,0,D4-hetero_e25_r000,Alg2_Rs20,0.9140271493212669,,
1b,D4-hetero,0.25,0,D4-hetero_e25_r000,Alg2_Ru10,0.9140271493212669,,
1b,D4-hetero,0.25,0,D4-hetero_e25_r000,TCRlong(0.40)+rw+A2_Rs20,0.9140271493212669,,
1b,D4-hetero,0.25,0,D4-hetero_e25_r000,TCRlong(0.40)+rw+A2_Ru10,0.9140271493212669,,
1b,D4-hetero,0.3,0,D4-hetero_e30_r000,ESF12alone,0.8921568627450981,0.3233333333333333,0.07600923196878284
1b,D4-hetero,0.3,0,D4-hetero_e30_r000,ESF12,0.8921568627450981,,
1b,D4-hetero,0.3,0,D4-hetero_e30_r000,Alg2_Rs20,0.8921568627450981,,
1b,D4-hetero,0.3,0,D4-hetero_e30_r000,Alg2_Ru10,0.8921568627450981,,
1b,D4-hetero,0.3,0,D4-hetero_e30_r000,TCRlong(0.40)+rw+A2_Rs20,0.8921568627450981,,
1b,D4-hetero,0.3,0,D4-hetero_e30_r000,TCRlong(0.40)+rw+A2_Ru10,0.8921568627450981,,
1b,D4-hetero,0.35,0,D4-hetero_e35_r000,ESF12alone,0.8911917098445595,0.3566666666666667,0.07449527096468955
1b,D4-hetero,0.35,0,D4-hetero_e35_r000,ESF12,0.8911917098445595,,
1b,D4-hetero,0.35,0,D4-hetero_e35_r000,Alg2_Rs20,0.8911917098445595,,
1b,D4-hetero,0.35,0,D4-hetero_e35_r000,Alg2_Ru10,0.8911917098445595,,
1b,D4-hetero,0.35,0,D4-hetero_e35_r000,TCRlong(0.40)+rw+A2_Rs20,0.8911917098445595,,
1b,D4-hetero,0.35,0,D4-hetero_e35_r000,TCRlong(0.40)+rw+A2_Ru10,0.8911917098445595,,
1b,D5-leverage,0.25,0,D5-leverage_e25_r000,ESF12alone,0.5256410256410257,0.11666666666666667,10.268446102039889
1b,D5-leverage,0.25,0,D5-leverage_e25_r000,ESF12,0.5256410256410257,,
1b,D5-leverage,0.25,0,D5-leverage_e25_r000,Alg2_Rs20,0.5256410256410257,,
1b,D5-leverage,0.25,0,D5-leverage_e25_r000,Alg2_Ru10,0.5256410256410257,,
1b,D5-leverage,0.25,0,D5-leverage_e25_r000,TCRlong(0.40)+rw+A2_Rs20,0.9572649572649573,,
1b,D5-leverage,0.25,0,D5-leverage_e25_r000,TCRlong(0.40)+rw+A2_Ru10,0.9572649572649573,,
1b,D5-leverage,0.3,0,D5-leverage_e30_r000,ESF12alone,0.5700934579439252,0.0,0.07857903896365315
1b,D5-leverage,0.3,0,D5-leverage_e30_r000,ESF12,0.5700934579439252,,
1b,D5-leverage,0.3,0,D5-leverage_e30_r000,Alg2_Rs20,0.5700934579439252,,
1b,D5-leverage,0.3,0,D5-leverage_e30_r000,Alg2_Ru10,0.5700934579439252,,
1b,D5-leverage,0.3,0,D5-leverage_e30_r000,TCRlong(0.40)+rw+A2_Rs20,0.8878504672897196,,
1b,D5-leverage,0.3,0,D5-leverage_e30_r000,TCRlong(0.40)+rw+A2_Ru10,0.8878504672897196,,
1b,D5-leverage,0.35,0,D5-leverage_e35_r000,ESF12alone,0.5531914893617021,0.09333333333333334,0.058286543004214764
1b,D5-leverage,0.35,0,D5-leverage_e35_r000,ESF12,0.5531914893617021,,
1b,D5-leverage,0.35,0,D5-leverage_e35_r000,Alg2_Rs20,0.5212765957446809,,
1b,D5-leverage,0.35,0,D5-leverage_e35_r000,Alg2_Ru10,0.5212765957446809,,
1b,D5-leverage,0.35,0,D5-leverage_e35_r000,TCRlong(0.40)+rw+A2_Rs20,0.5531914893617021,,
1b,D5-leverage,0.35,0,D5-leverage_e35_r000,TCRlong(0.40)+rw+A2_Ru10,0.5531914893617021,,
1b,D6-uniform,0.25,0,D6-uniform_e25_r000,ESF12alone,0.9429824561403509,0.21666666666666667,0.06854274100624025
1b,D6-uniform,0.25,0,D6-uniform_e25_r000,ESF12,0.9429824561403509,,
1b,D6-uniform,0.25,0,D6-uniform_e25_r000,Alg2_Rs20,0.9473684210526315,,
1b,D6-uniform,0.25,0,D6-uniform_e25_r000,Alg2_Ru10,0.9473684210526315,,
1b,D6-uniform,0.25,0,D6-uniform_e25_r000,TCRlong(0.40)+rw+A2_Rs20,0.9429824561403509,,
1b,D6-uniform,0.25,0,D6-uniform_e25_r000,TCRlong(0.40)+rw+A2_Ru10,0.9429824561403509,,
1b,D6-uniform,0.3,0,D6-uniform_e30_r000,ESF12alone,0.919047619047619,0.19666666666666666,0.07471501000691205
1b,D6-uniform,0.3,0,D6-uniform_e30_r000,ESF12,0.919047619047619,,
1b,D6-uniform,0.3,0,D6-uniform_e30_r000,Alg2_Rs20,0.5619047619047619,,
1b,D6-uniform,0.3,0,D6-uniform_e30_r000,Alg2_Ru10,0.5619047619047619,,
1b,D6-uniform,0.3,0,D6-uniform_e30_r000,TCRlong(0.40)+rw+A2_Rs20,0.9142857142857143,,
1b,D6-uniform,0.3,0,D6-uniform_e30_r000,TCRlong(0.40)+rw+A2_Ru10,0.9142857142857143,,
1b,D6-uniform,0.35,0,D6-uniform_e35_r000,ESF12alone,0.5210526315789473,0.0,10.291866356041282
1b,D6-uniform,0.35,0,D6-uniform_e35_r000,ESF12,0.5210526315789473,,
1b,D6-uniform,0.35,0,D6-uniform_e35_r000,Alg2_Rs20,0.5210526315789473,,
1b,D6-uniform,0.35,0,D6-uniform_e35_r000,Alg2_Ru10,0.5210526315789473,,
1b,D6-uniform,0.35,0,D6-uniform_e35_r000,TCRlong(0.40)+rw+A2_Rs20,0.5368421052631579,,
1b,D6-uniform,0.35,0,D6-uniform_e35_r000,TCRlong(0.40)+rw+A2_Ru10,0.5368421052631579,,
1b,D7-p3,0.25,0,D7-p3_e25_r000,ESF12alone,0.9134199134199135,0.25333333333333335,2.1617481270805
1b,D7-p3,0.25,0,D7-p3_e25_r000,ESF12,0.9134199134199135,,
1b,D7-p3,0.25,0,D7-p3_e25_r000,Alg2_Rs20,0.9177489177489178,,
1b,D7-p3,0.25,0,D7-p3_e25_r000,Alg2_Ru10,0.9177489177489178,,
1b,D7-p3,0.25,0,D7-p3_e25_r000,TCRlong(0.40)+rw+A2_Rs20,0.9177489177489178,,
1b,D7-p3,0.25,0,D7-p3_e25_r000,TCRlong(0.40)+rw+A2_Ru10,0.9177489177489178,,
1b,D7-p3,0.3,0,D7-p3_e30_r000,ESF12alone,0.9170731707317074,0.31666666666666665,1.7740703420713544
1b,D7-p3,0.3,0,D7-p3_e30_r000,ESF12,0.9170731707317074,,
1b,D7-p3,0.3,0,D7-p3_e30_r000,Alg2_Rs20,0.9170731707317074,,
1b,D7-p3,0.3,0,D7-p3_e30_r000,Alg2_Ru10,0.9170731707317074,,
1b,D7-p3,0.3,0,D7-p3_e30_r000,TCRlong(0.40)+rw+A2_Rs20,0.9073170731707317,,
1b,D7-p3,0.3,0,D7-p3_e30_r000,TCRlong(0.40)+rw+A2_Ru10,0.9073170731707317,,
1b,D7-p3,0.35,0,D7-p3_e35_r000,ESF12alone,0.5027322404371585,0.22333333333333333,1.8201535110129043
1b,D7-p3,0.35,0,D7-p3_e35_r000,ESF12,0.5027322404371585,,
1b,D7-p3,0.35,0,D7-p3_e35_r000,Alg2_Rs20,0.5081967213114754,,
1b,D7-p3,0.35,0,D7-p3_e35_r000,Alg2_Ru10,0.5081967213114754,,
1b,D7-p3,0.35,0,D7-p3_e35_r000,TCRlong(0.40)+rw+A2_Rs20,0.9234972677595629,,
1b,D7-p3,0.35,0,D7-p3_e35_r000,TCRlong(0.40)+rw+A2_Ru10,0.9234972677595629,,
1b,D8-K2par-sep,0.25,0,D8-K2par-sep_e25_r000,ESF12alone,1.0,0.2833333333333333,0.07718531310092658
1b,D8-K2par-sep,0.25,0,D8-K2par-sep_e25_r000,ESF12,1.0,,
1b,D8-K2par-sep,0.25,0,D8-K2par-sep_e25_r000,Alg2_Rs20,1.0,,
1b,D8-K2par-sep,0.25,0,D8-K2par-sep_e25_r000,Alg2_Ru10,1.0,,
1b,D8-K2par-sep,0.25,0,D8-K2par-sep_e25_r000,TCRlong(0.40)+rw+A2_Rs20,1.0,,
1b,D8-K2par-sep,0.25,0,D8-K2par-sep_e25_r000,TCRlong(0.40)+rw+A2_Ru10,1.0,,
1b,D8-K2par-sep,0.3,0,D8-K2par-sep_e30_r000,ESF12alone,0.9953051643192489,0.29,10.294401852064766
1b,D8-K2par-sep,0.3,0,D8-K2par-sep_e30_r000,ESF12,0.9953051643192489,,
1b,D8-K2par-sep,0.3,0,D8-K2par-sep_e30_r000,Alg2_Rs20,0.9953051643192489,,
1b,D8-K2par-sep,0.3,0,D8-K2par-sep_e30_r000,Alg2_Ru10,0.9953051643192489,,
1b,D8-K2par-sep,0.3,0,D8-K2par-sep_e30_r000,TCRlong(0.40)+rw+A2_Rs20,0.9953051643192489,,
1b,D8-K2par-sep,0.3,0,D8-K2par-sep_e30_r000,TCRlong(0.40)+rw+A2_Ru10,0.9953051643192489,,
1b,D8-K2par-sep,0.35,0,D8-K2par-sep_e35_r000,ESF12alone,1.0,0.3566666666666667,0.07409278303384781
1b,D8-K2par-sep,0.35,0,D8-K2par-sep_e35_r000,ESF12,1.0,,
1b,D8-K2par-sep,0.35,0,D8-K2par-sep_e35_r000,Alg2_Rs20,1.0,,
1b,D8-K2par-sep,0.35,0,D8-K2par-sep_e35_r000,Alg2_Ru10,1.0,,
1b,D8-K2par-sep,0.35,0,D8-K2par-sep_e35_r000,TCRlong(0.40)+rw+A2_Rs20,1.0,,
1b,D8-K2par-sep,0.35,0,D8-K2par-sep_e35_r000,TCRlong(0.40)+rw+A2_Ru10,1.0,,
1b,D1-K2cross,0.25,1,D1-K2cross_e25_r001,ESF12alone,0.918918918918919,0.26,0.051290606963448226
1b,D1-K2cross,0.25,1,D1-K2cross_e25_r001,ESF12,0.918918918918919,,
1b,D1-K2cross,0.25,1,D1-K2cross_e25_r001,Alg2_Rs20,0.918918918918919,,
1b,D1-K2cross,0.25,1,D1-K2cross_e25_r001,Alg2_Ru10,0.918918918918919,,
1b,D1-K2cross,0.25,1,D1-K2cross_e25_r001,TCRlong(0.40)+rw+A2_Rs20,0.9234234234234234,,
1b,D1-K2cross,0.25,1,D1-K2cross_e25_r001,TCRlong(0.40)+rw+A2_Ru10,0.9234234234234234,,
1b,D1-K2cross,0.3,1,D1-K2cross_e30_r001,ESF12alone,0.9409090909090909,0.27,0.07716463995166123
1b,D1-K2cross,0.3,1,D1-K2cross_e30_r001,ESF12,0.9409090909090909,,
1b,D1-K2cross,0.3,1,D1-K2cross_e30_r001,Alg2_Rs20,0.9409090909090909,,
1b,D1-K2cross,0.3,1,D1-K2cross_e30_r001,Alg2_Ru10,0.9409090909090909,,
1b,D1-K2cross,0.3,1,D1-K2cross_e30_r001,TCRlong(0.40)+rw+A2_Rs20,0.9409090909090909,,
1b,D1-K2cross,0.3,1,D1-K2cross_e30_r001,TCRlong(0.40)+rw+A2_Ru10,0.9409090909090909,,
1b,D1-K2cross,0.35,1,D1-K2cross_e35_r001,ESF12alone,0.865,0.3333333333333333,0.07705093000549823
1b,D1-K2cross,0.35,1,D1-K2cross_e35_r001,ESF12,0.865,,
1b,D1-K2cross,0.35,1,D1-K2cross_e35_r001,Alg2_Rs20,0.875,,
1b,D1-K2cross,0.35,1,D1-K2cross_e35_r001,Alg2_Ru10,0.875,,
1b,D1-K2cross,0.35,1,D1-K2cross_e35_r001,TCRlong(0.40)+rw+A2_Rs20,0.875,,
1b,D1-K2cross,0.35,1,D1-K2cross_e35_r001,TCRlong(0.40)+rw+A2_Ru10,0.875,,
1b,D2-K3par,0.25,1,D2-K3par_e25_r001,ESF12alone,0.9134199134199135,0.23,10.59949553804472
1b,D2-K3par,0.25,1,D2-K3par_e25_r001,ESF12,0.9134199134199135,,
1b,D2-K3par,0.25,1,D2-K3par_e25_r001,Alg2_Rs20,0.9134199134199135,,
1b,D2-K3par,0.25,1,D2-K3par_e25_r001,Alg2_Ru10,0.9134199134199135,,
1b,D2-K3par,0.25,1,D2-K3par_e25_r001,TCRlong(0.40)+rw+A2_Rs20,0.6623376623376623,,
1b,D2-K3par,0.25,1,D2-K3par_e25_r001,TCRlong(0.40)+rw+A2_Ru10,0.6623376623376623,,
1b,D2-K3par,0.3,1,D2-K3par_e30_r001,ESF12alone,0.4120603015075377,0.0,0.4519011010415852
1b,D2-K3par,0.3,1,D2-K3par_e30_r001,ESF12,0.4120603015075377,,
1b,D2-K3par,0.3,1,D2-K3par_e30_r001,Alg2_Rs20,0.5879396984924623,,
1b,D2-K3par,0.3,1,D2-K3par_e30_r001,Alg2_Ru10,0.5879396984924623,,
1b,D2-K3par,0.3,1,D2-K3par_e30_r001,TCRlong(0.40)+rw+A2_Rs20,0.6432160804020101,,
1b,D2-K3par,0.3,1,D2-K3par_e30_r001,TCRlong(0.40)+rw+A2_Ru10,0.6432160804020101,,
1b,D2-K3par,0.35,1,D2-K3par_e35_r001,ESF12alone,0.35978835978835977,0.0,0.3851509450469166
1b,D2-K3par,0.35,1,D2-K3par_e35_r001,ESF12,0.35978835978835977,,
1b,D2-K3par,0.35,1,D2-K3par_e35_r001,Alg2_Rs20,0.6455026455026455,,
1b,D2-K3par,0.35,1,D2-K3par_e35_r001,Alg2_Ru10,0.6455026455026455,,
1b,D2-K3par,0.35,1,D2-K3par_e35_r001,TCRlong(0.40)+rw+A2_Rs20,0.6137566137566137,,
1b,D2-K3par,0.35,1,D2-K3par_e35_r001,TCRlong(0.40)+rw+A2_Ru10,0.6137566137566137,,
1b,D3-unequal,0.25,1,D3-unequal_e25_r001,ESF12alone,0.9419642857142857,0.25333333333333335,0.08489719906356186
1b,D3-unequal,0.25,1,D3-unequal_e25_r001,ESF12,0.9419642857142857,,
1b,D3-unequal,0.25,1,D3-unequal_e25_r001,Alg2_Rs20,0.9419642857142857,,
1b,D3-unequal,0.25,1,D3-unequal_e25_r001,Alg2_Ru10,0.9419642857142857,,
1b,D3-unequal,0.25,1,D3-unequal_e25_r001,TCRlong(0.40)+rw+A2_Rs20,0.9419642857142857,,
1b,D3-unequal,0.25,1,D3-unequal_e25_r001,TCRlong(0.40)+rw+A2_Ru10,0.9419642857142857,,
1b,D3-unequal,0.3,1,D3-unequal_e30_r001,ESF12alone,0.9112149532710281,0.2866666666666667,0.0817426199791953
1b,D3-unequal,0.3,1,D3-unequal_e30_r001,ESF12,0.9112149532710281,,
1b,D3-unequal,0.3,1,D3-unequal_e30_r001,Alg2_Rs20,0.9158878504672897,,
1b,D3-unequal,0.3,1,D3-unequal_e30_r001,Alg2_Ru10,0.9158878504672897,,
1b,D3-unequal,0.3,1,D3-unequal_e30_r001,TCRlong(0.40)+rw+A2_Rs20,0.9158878504672897,,
1b,D3-unequal,0.3,1,D3-unequal_e30_r001,TCRlong(0.40)+rw+A2_Ru10,0.9158878504672897,,
1b,D3-unequal,0.35,1,D3-unequal_e35_r001,ESF12alone,0.9054726368159204,0.33,10.617738834000193
1b,D3-unequal,0.35,1,D3-unequal_e35_r001,ESF12,0.9054726368159204,,
1b,D3-unequal,0.35,1,D3-unequal_e35_r001,Alg2_Rs20,0.9154228855721394,,
1b,D3-unequal,0.35,1,D3-unequal_e35_r001,Alg2_Ru10,0.9154228855721394,,
1b,D3-unequal,0.35,1,D3-unequal_e35_r001,TCRlong(0.40)+rw+A2_Rs20,0.9054726368159204,,
1b,D3-unequal,0.35,1,D3-unequal_e35_r001,TCRlong(0.40)+rw+A2_Ru10,0.9054726368159204,,
1b,D4-hetero,0.25,1,D4-hetero_e25_r001,ESF12alone,0.908675799086758,0.2733333333333333,0.07313928508665413
1b,D4-hetero,0.25,1,D4-hetero_e25_r001,ESF12,0.908675799086758,,
1b,D4-hetero,0.25,1,D4-hetero_e25_r001,Alg2_Rs20,0.908675799086758,,
1b,D4-hetero,0.25,1,D4-hetero_e25_r001,Alg2_Ru10,0.908675799086758,,
1b,D4-hetero,0.25,1,D4-hetero_e25_r001,TCRlong(0.40)+rw+A2_Rs20,0.9041095890410958,,
1b,D4-hetero,0.25,1,D4-hetero_e25_r001,TCRlong(0.40)+rw+A2_Ru10,0.9041095890410958,,
1b,D4-hetero,0.3,1,D4-hetero_e30_r001,ESF12alone,0.9130434782608695,0.31,0.07497910992242396
1b,D4-hetero,0.3,1,D4-hetero_e30_r001,ESF12,0.9130434782608695,,
1b,D4-hetero,0.3,1,D4-hetero_e30_r001,Alg2_Rs20,0.9130434782608695,,
1b,D4-hetero,0.3,1,D4-hetero_e30_r001,Alg2_Ru10,0.9130434782608695,,
1b,D4-hetero,0.3,1,D4-hetero_e30_r001,TCRlong(0.40)+rw+A2_Rs20,0.9130434782608695,,
1b,D4-hetero,0.3,1,D4-hetero_e30_r001,TCRlong(0.40)+rw+A2_Ru10,0.9130434782608695,,
1b,D4-hetero,0.35,1,D4-hetero_e35_r001,ESF12alone,0.9086021505376344,0.37666666666666665,0.07035004999488592
1b,D4-hetero,0.35,1,D4-hetero_e35_r001,ESF12,0.9086021505376344,,
1b,D4-hetero,0.35,1,D4-hetero_e35_r001,Alg2_Rs20,0.9086021505376344,,
1b,D4-hetero,0.35,1,D4-hetero_e35_r001,Alg2_Ru10,0.9086021505376344,,
1b,D4-hetero,0.35,1,D4-hetero_e35_r001,TCRlong(0.40)+rw+A2_Rs20,0.9086021505376344,,
1b,D4-hetero,0.35,1,D4-hetero_e35_r001,TCRlong(0.40)+rw+A2_Ru10,0.9086021505376344,,
1b,D5-leverage,0.25,1,D5-leverage_e25_r001,ESF12alone,0.53125,0.06666666666666667,0.07058108493220061
1b,D5-leverage,0.25,1,D5-leverage_e25_r001,ESF12,0.53125,,
1b,D5-leverage,0.25,1,D5-leverage_e25_r001,Alg2_Rs20,0.5089285714285714,,
1b,D5-leverage,0.25,1,D5-leverage_e25_r001,Alg2_Ru10,0.5089285714285714,,
1b,D5-leverage,0.25,1,D5-leverage_e25_r001,TCRlong(0.40)+rw+A2_Rs20,0.5357142857142857,,
1b,D5-leverage,0.25,1,D5-leverage_e25_r001,TCRlong(0.40)+rw+A2_Ru10,0.5357142857142857,,
1b,D5-leverage,0.3,1,D5-leverage_e30_r001,ESF12alone,0.5280373831775701,0.04,10.29506874200888
1b,D5-leverage,0.3,1,D5-leverage_e30_r001,ESF12,0.5280373831775701,,
1b,D5-leverage,0.3,1,D5-leverage_e30_r001,Alg2_Rs20,0.5233644859813084,,
1b,D5-leverage,0.3,1,D5-leverage_e30_r001,Alg2_Ru10,0.5233644859813084,,
1b,D5-leverage,0.3,1,D5-leverage_e30_r001,TCRlong(0.40)+rw+A2_Rs20,0.9018691588785047,,
1b,D5-leverage,0.3,1,D5-leverage_e30_r001,TCRlong(0.40)+rw+A2_Ru10,0.9018691588785047,,
1b,D5-leverage,0.35,1,D5-leverage_e35_r001,ESF12alone,0.5513513513513514,0.01,0.07540323794819415
1b,D5-leverage,0.35,1,D5-leverage_e35_r001,ESF12,0.5513513513513514,,
1b,D5-leverage,0.35,1,D5-leverage_e35_r001,Alg2_Rs20,0.5513513513513514,,
1b,D5-leverage,0.35,1,D5-leverage_e35_r001,Alg2_Ru10,0.5513513513513514,,
1b,D5-leverage,0.35,1,D5-leverage_e35_r001,TCRlong(0.40)+rw+A2_Rs20,0.5567567567567567,,
1b,D5-leverage,0.35,1,D5-leverage_e35_r001,TCRlong(0.40)+rw+A2_Ru10,0.5567567567567567,,
1b,D6-uniform,0.25,1,D6-uniform_e25_r001,ESF12alone,0.8687782805429864,0.22,0.07495031110011041
1b,D6-uniform,0.25,1,D6-uniform_e25_r001,ESF12,0.8687782805429864,,
1b,D6-uniform,0.25,1,D6-uniform_e25_r001,Alg2_Rs20,0.8733031674208145,,
1b,D6-uniform,0.25,1,D6-uniform_e25_r001,Alg2_Ru10,0.8733031674208145,,
1b,D6-uniform,0.25,1,D6-uniform_e25_r001,TCRlong(0.40)+rw+A2_Rs20,0.8733031674208145,,
1b,D6-uniform,0.25,1,D6-uniform_e25_r001,TCRlong(0.40)+rw+A2_Ru10,0.8733031674208145,,
1b,D6-uniform,0.3,1,D6-uniform_e30_r001,ESF12alone,0.8571428571428571,0.16333333333333333,0.06996768701355904
1b,D6-uniform,0.3,1,D6-uniform_e30_r001,ESF12,0.8571428571428571,,
1b,D6-uniform,0.3,1,D6-uniform_e30_r001,Alg2_Rs20,0.5529953917050692,,
1b,D6-uniform,0.3,1,D6-uniform_e30_r001,Alg2_Ru10,0.5529953917050692,,
1b,D6-uniform,0.3,1,D6-uniform_e30_r001,TCRlong(0.40)+rw+A2_Rs20,0.5483870967741935,,
1b,D6-uniform,0.3,1,D6-uniform_e30_r001,TCRlong(0.40)+rw+A2_Ru10,0.5483870967741935,,
1b,D6-uniform,0.35,1,D6-uniform_e35_r001,ESF12alone,0.5027322404371585,0.0033333333333333335,0.08595384401269257
1b,D6-uniform,0.35,1,D6-uniform_e35_r001,ESF12,0.5027322404371585,,
1b,D6-uniform,0.35,1,D6-uniform_e35_r001,Alg2_Rs20,0.5136612021857924,,
1b,D6-uniform,0.35,1,D6-uniform_e35_r001,Alg2_Ru10,0.5136612021857924,,
1b,D6-uniform,0.35,1,D6-uniform_e35_r001,TCRlong(0.40)+rw+A2_Rs20,0.6721311475409836,,
1b,D6-uniform,0.35,1,D6-uniform_e35_r001,TCRlong(0.40)+rw+A2_Ru10,0.6721311475409836,,
1b,D7-p3,0.25,1,D7-p3_e25_r001,ESF12alone,0.9111111111111111,0.25,11.85679044004064
1b,D7-p3,0.25,1,D7-p3_e25_r001,ESF12,0.9111111111111111,,
1b,D7-p3,0.25,1,D7-p3_e25_r001,Alg2_Rs20,0.9155555555555556,,
1b,D7-p3,0.25,1,D7-p3_e25_r001,Alg2_Ru10,0.9155555555555556,,
1b,D7-p3,0.25,1,D7-p3_e25_r001,TCRlong(0.40)+rw+A2_Rs20,0.9111111111111111,,
1b,D7-p3,0.25,1,D7-p3_e25_r001,TCRlong(0.40)+rw+A2_Ru10,0.9111111111111111,,
1b,D7-p3,0.3,1,D7-p3_e30_r001,ESF12alone,0.9072164948453608,0.3566666666666667,1.7924271929077804
1b,D7-p3,0.3,1,D7-p3_e30_r001,ESF12,0.9072164948453608,,
1b,D7-p3,0.3,1,D7-p3_e30_r001,Alg2_Rs20,0.9072164948453608,,
1b,D7-p3,0.3,1,D7-p3_e30_r001,Alg2_Ru10,0.9072164948453608,,
1b,D7-p3,0.3,1,D7-p3_e30_r001,TCRlong(0.40)+rw+A2_Rs20,0.9072164948453608,,
1b,D7-p3,0.3,1,D7-p3_e30_r001,TCRlong(0.40)+rw+A2_Ru10,0.9072164948453608,,
1b,D7-p3,0.35,1,D7-p3_e35_r001,ESF12alone,0.9259259259259259,0.37,1.883048863033764
1b,D7-p3,0.35,1,D7-p3_e35_r001,ESF12,0.9259259259259259,,
1b,D7-p3,0.35,1,D7-p3_e35_r001,Alg2_Rs20,0.9259259259259259,,
1b,D7-p3,0.35,1,D7-p3_e35_r001,Alg2_Ru10,0.9259259259259259,,
1b,D7-p3,0.35,1,D7-p3_e35_r001,TCRlong(0.40)+rw+A2_Rs20,0.9259259259259259,,
1b,D7-p3,0.35,1,D7-p3_e35_r001,TCRlong(0.40)+rw+A2_Ru10,0.9259259259259259,,
1b,D8-K2par-sep,0.25,1,D8-K2par-sep_e25_r001,ESF12alone,0.995475113122172,0.2633333333333333,0.07525444391649216
1b,D8-K2par-sep,0.25,1,D8-K2par-sep_e25_r001,ESF12,0.995475113122172,,
1b,D8-K2par-sep,0.25,1,D8-K2par-sep_e25_r001,Alg2_Rs20,0.9909502262443439,,
1b,D8-K2par-sep,0.25,1,D8-K2par-sep_e25_r001,Alg2_Ru10,0.9909502262443439,,
1b,D8-K2par-sep,0.25,1,D8-K2par-sep_e25_r001,TCRlong(0.40)+rw+A2_Rs20,0.995475113122172,,
1b,D8-K2par-sep,0.25,1,D8-K2par-sep_e25_r001,TCRlong(0.40)+rw+A2_Ru10,0.995475113122172,,
1b,D8-K2par-sep,0.3,1,D8-K2par-sep_e30_r001,ESF12alone,1.0,0.2833333333333333,0.07813169504515827
1b,D8-K2par-sep,0.3,1,D8-K2par-sep_e30_r001,ESF12,1.0,,
1b,D8-K2par-sep,0.3,1,D8-K2par-sep_e30_r001,Alg2_Rs20,1.0,,
1b,D8-K2par-sep,0.3,1,D8-K2par-sep_e30_r001,Alg2_Ru10,1.0,,
1b,D8-K2par-sep,0.3,1,D8-K2par-sep_e30_r001,TCRlong(0.40)+rw+A2_Rs20,1.0,,
1b,D8-K2par-sep,0.3,1,D8-K2par-sep_e30_r001,TCRlong(0.40)+rw+A2_Ru10,1.0,,
1b,D8-K2par-sep,0.35,1,D8-K2par-sep_e35_r001,ESF12alone,1.0,0.32666666666666666,10.392400142038241
1b,D8-K2par-sep,0.35,1,D8-K2par-sep_e35_r001,ESF12,1.0,,
1b,D8-K2par-sep,0.35,1,D8-K2par-sep_e35_r001,Alg2_Rs20,1.0,,
1b,D8-K2par-sep,0.35,1,D8-K2par-sep_e35_r001,Alg2_Ru10,1.0,,
1b,D8-K2par-sep,0.35,1,D8-K2par-sep_e35_r001,TCRlong(0.40)+rw+A2_Rs20,1.0,,
1b,D8-K2par-sep,0.35,1,D8-K2par-sep_e35_r001,TCRlong(0.40)+rw+A2_Ru10,1.0,,
1b,D1-K2cross,0.25,2,D1-K2cross_e25_r002,ESF12alone,0.9519650655021834,0.23666666666666666,0.06432223995216191
1b,D1-K2cross,0.25,2,D1-K2cross_e25_r002,ESF12,0.9519650655021834,,
1b,D1-K2cross,0.25,2,D1-K2cross_e25_r002,Alg2_Rs20,0.9519650655021834,,
1b,D1-K2cross,0.25,2,D1-K2cross_e25_r002,Alg2_Ru10,0.9519650655021834,,
1b,D1-K2cross,0.25,2,D1-K2cross_e25_r002,TCRlong(0.40)+rw+A2_Rs20,0.9519650655021834,,
1b,D1-K2cross,0.25,2,D1-K2cross_e25_r002,TCRlong(0.40)+rw+A2_Ru10,0.9519650655021834,,
1b,D1-K2cross,0.3,2,D1-K2cross_e30_r002,ESF12alone,0.9090909090909091,0.30333333333333334,0.07951468101236969
1b,D1-K2cross,0.3,2,D1-K2cross_e30_r002,ESF12,0.9090909090909091,,
1b,D1-K2cross,0.3,2,D1-K2cross_e30_r002,Alg2_Rs20,0.9090909090909091,,
1b,D1-K2cross,0.3,2,D1-K2cross_e30_r002,Alg2_Ru10,0.9090909090909091,,
1b,D1-K2cross,0.3,2,D1-K2cross_e30_r002,TCRlong(0.40)+rw+A2_Rs20,0.9090909090909091,,
1b,D1-K2cross,0.3,2,D1-K2cross_e30_r002,TCRlong(0.40)+rw+A2_Ru10,0.9090909090909091,,
1b,D1-K2cross,0.35,2,D1-K2cross_e35_r002,ESF12alone,0.9536082474226805,0.35333333333333333,0.0758552640909329
1b,D1-K2cross,0.35,2,D1-K2cross_e35_r002,ESF12,0.9536082474226805,,
1b,D1-K2cross,0.35,2,D1-K2cross_e35_r002,Alg2_Rs20,0.9536082474226805,,
1b,D1-K2cross,0.35,2,D1-K2cross_e35_r002,Alg2_Ru10,0.9536082474226805,,
1b,D1-K2cross,0.35,2,D1-K2cross_e35_r002,TCRlong(0.40)+rw+A2_Rs20,0.9484536082474226,,
1b,D1-K2cross,0.35,2,D1-K2cross_e35_r002,TCRlong(0.40)+rw+A2_Ru10,0.9484536082474226,,
1b,D2-K3par,0.25,2,D2-K3par_e25_r002,ESF12alone,0.9154929577464789,0.29,0.27935709501616657
1b,D2-K3par,0.25,2,D2-K3par_e25_r002,ESF12,0.9154929577464789,,
1b,D2-K3par,0.25,2,D2-K3par_e25_r002,Alg2_Rs20,0.9154929577464789,,
1b,D2-K3par,0.25,2,D2-K3par_e25_r002,Alg2_Ru10,0.9154929577464789,,
1b,D2-K3par,0.25,2,D2-K3par_e25_r002,TCRlong(0.40)+rw+A2_Rs20,0.9154929577464789,,
1b,D2-K3par,0.25,2,D2-K3par_e25_r002,TCRlong(0.40)+rw+A2_Ru10,0.9154929577464789,,
1b,D2-K3par,0.3,2,D2-K3par_e30_r002,ESF12alone,0.92018779342723,0.29,10.938474502996542
1b,D2-K3par,0.3,2,D2-K3par_e30_r002,ESF12,0.92018779342723,,
1b,D2-K3par,0.3,2,D2-K3par_e30_r002,Alg2_Rs20,0.9342723004694836,,
1b,D2-K3par,0.3,2,D2-K3par_e30_r002,Alg2_Ru10,0.9342723004694836,,
1b,D2-K3par,0.3,2,D2-K3par_e30_r002,TCRlong(0.40)+rw+A2_Rs20,0.92018779342723,,
1b,D2-K3par,0.3,2,D2-K3par_e30_r002,TCRlong(0.40)+rw+A2_Ru10,0.92018779342723,,
1b,D2-K3par,0.35,2,D2-K3par_e35_r002,ESF12alone,0.3939393939393939,0.0033333333333333335,0.4318570379400626
1b,D2-K3par,0.35,2,D2-K3par_e35_r002,ESF12,0.3939393939393939,,
1b,D2-K3par,0.35,2,D2-K3par_e35_r002,Alg2_Rs20,0.6060606060606061,,
1b,D2-K3par,0.35,2,D2-K3par_e35_r002,Alg2_Ru10,0.6060606060606061,,
1b,D2-K3par,0.35,2,D2-K3par_e35_r002,TCRlong(0.40)+rw+A2_Rs20,0.6717171717171717,,
1b,D2-K3par,0.35,2,D2-K3par_e35_r002,TCRlong(0.40)+rw+A2_Ru10,0.6717171717171717,,
1b,D3-unequal,0.25,2,D3-unequal_e25_r002,ESF12alone,0.8958333333333334,0.2,0.07532281195744872
1b,D3-unequal,0.25,2,D3-unequal_e25_r002,ESF12,0.8958333333333334,,
1b,D3-unequal,0.25,2,D3-unequal_e25_r002,Alg2_Rs20,0.8958333333333334,,
1b,D3-unequal,0.25,2,D3-unequal_e25_r002,Alg2_Ru10,0.8958333333333334,,
1b,D3-unequal,0.25,2,D3-unequal_e25_r002,TCRlong(0.40)+rw+A2_Rs20,0.9,,
1b,D3-unequal,0.25,2,D3-unequal_e25_r002,TCRlong(0.40)+rw+A2_Ru10,0.9,,
1b,D3-unequal,0.3,2,D3-unequal_e30_r002,ESF12alone,0.9121951219512195,0.31666666666666665,0.08845716901123524
1b,D3-unequal,0.3,2,D3-unequal_e30_r002,ESF12,0.9121951219512195,,
1b,D3-unequal,0.3,2,D3-unequal_e30_r002,Alg2_Rs20,0.9121951219512195,,
1b,D3-unequal,0.3,2,D3-unequal_e30_r002,Alg2_Ru10,0.9121951219512195,,
1b,D3-unequal,0.3,2,D3-unequal_e30_r002,TCRlong(0.40)+rw+A2_Rs20,0.9121951219512195,,
1b,D3-unequal,0.3,2,D3-unequal_e30_r002,TCRlong(0.40)+rw+A2_Ru10,0.9121951219512195,,
1b,D3-unequal,0.35,2,D3-unequal_e35_r002,ESF12alone,0.7368421052631579,0.20666666666666667,0.08315387403126806
1b,D3-unequal,0.35,2,D3-unequal_e35_r002,ESF12,0.7368421052631579,,
1b,D3-unequal,0.35,2,D3-unequal_e35_r002,Alg2_Rs20,0.8947368421052632,,
1b,D3-unequal,0.35,2,D3-unequal_e35_r002,Alg2_Ru10,0.8947368421052632,,
1b,D3-unequal,0.35,2,D3-unequal_e35_r002,TCRlong(0.40)+rw+A2_Rs20,0.8947368421052632,,
1b,D3-unequal,0.35,2,D3-unequal_e35_r002,TCRlong(0.40)+rw+A2_Ru10,0.8947368421052632,,
1b,D4-hetero,0.25,2,D4-hetero_e25_r002,ESF12alone,0.9110169491525424,0.22333333333333333,10.322299067047425
1b,D4-hetero,0.25,2,D4-hetero_e25_r002,ESF12,0.9110169491525424,,
1b,D4-hetero,0.25,2,D4-hetero_e25_r002,Alg2_Rs20,0.9110169491525424,,
1b,D4-hetero,0.25,2,D4-hetero_e25_r002,Alg2_Ru10,0.9110169491525424,,
1b,D4-hetero,0.25,2,D4-hetero_e25_r002,TCRlong(0.40)+rw+A2_Rs20,0.9110169491525424,,
1b,D4-hetero,0.25,2,D4-hetero_e25_r002,TCRlong(0.40)+rw+A2_Ru10,0.9110169491525424,,
1b,D4-hetero,0.3,2,D4-hetero_e30_r002,ESF12alone,0.8888888888888888,0.31333333333333335,0.07202801702078432
1b,D4-hetero,0.3,2,D4-hetero_e30_r002,ESF12,0.8888888888888888,,
1b,D4-hetero,0.3,2,D4-hetero_e30_r002,Alg2_Rs20,0.8792270531400966,,
1b,D4-hetero,0.3,2,D4-hetero_e30_r002,Alg2_Ru10,0.8792270531400966,,
1b,D4-hetero,0.3,2,D4-hetero_e30_r002,TCRlong(0.40)+rw+A2_Rs20,0.8888888888888888,,
1b,D4-hetero,0.3,2,D4-hetero_e30_r002,TCRlong(0.40)+rw+A2_Ru10,0.8888888888888888,,
1b,D4-hetero,0.35,2,D4-hetero_e35_r002,ESF12alone,0.8864864864864865,0.39,0.08928986894898117
1b,D4-hetero,0.35,2,D4-hetero_e35_r002,ESF12,0.8864864864864865,,
1b,D4-hetero,0.35,2,D4-hetero_e35_r002,Alg2_Rs20,0.8864864864864865,,
1b,D4-hetero,0.35,2,D4-hetero_e35_r002,Alg2_Ru10,0.8864864864864865,,
1b,D4-hetero,0.35,2,D4-hetero_e35_r002,TCRlong(0.40)+rw+A2_Rs20,0.8864864864864865,,
1b,D4-hetero,0.35,2,D4-hetero_e35_r002,TCRlong(0.40)+rw+A2_Ru10,0.8864864864864865,,
1b,D5-leverage,0.25,2,D5-leverage_e25_r002,ESF12alone,0.5367965367965368,0.12,0.07161739596631378
1b,D5-leverage,0.25,2,D5-leverage_e25_r002,ESF12,0.5367965367965368,,
1b,D5-leverage,0.25,2,D5-leverage_e25_r002,Alg2_Rs20,0.5324675324675324,,
1b,D5-leverage,0.25,2,D5-leverage_e25_r002,Alg2_Ru10,0.5324675324675324,,
1b,D5-leverage,0.25,2,D5-leverage_e25_r002,TCRlong(0.40)+rw+A2_Rs20,0.922077922077922,,
1b,D5-leverage,0.25,2,D5-leverage_e25_r002,TCRlong(0.40)+rw+A2_Ru10,0.922077922077922,,
1b,D5-leverage,0.3,2,D5-leverage_e30_r002,ESF12alone,0.5024154589371981,0.043333333333333335,0.08032450801692903
1b,D5-leverage,0.3,2,D5-leverage_e30_r002,ESF12,0.5024154589371981,,
1b,D5-leverage,0.3,2,D5-leverage_e30_r002,Alg2_Rs20,0.5024154589371981,,
1b,D5-leverage,0.3,2,D5-leverage_e30_r002,Alg2_Ru10,0.5024154589371981,,
1b,D5-leverage,0.3,2,D5-leverage_e30_r002,TCRlong(0.40)+rw+A2_Rs20,0.5072463768115942,,
1b,D5-leverage,0.3,2,D5-leverage_e30_r002,TCRlong(0.40)+rw+A2_Ru10,0.5072463768115942,,
1b,D5-leverage,0.35,2,D5-leverage_e35_r002,ESF12alone,0.5252525252525253,0.06333333333333334,10.895137819927186
1b,D5-leverage,0.35,2,D5-leverage_e35_r002,ESF12,0.5252525252525253,,
1b,D5-leverage,0.35,2,D5-leverage_e35_r002,Alg2_Rs20,0.5454545454545454,,
1b,D5-leverage,0.35,2,D5-leverage_e35_r002,Alg2_Ru10,0.5454545454545454,,
1b,D5-leverage,0.35,2,D5-leverage_e35_r002,TCRlong(0.40)+rw+A2_Rs20,0.5555555555555556,,
1b,D5-leverage,0.35,2,D5-leverage_e35_r002,TCRlong(0.40)+rw+A2_Ru10,0.5555555555555556,,
1b,D6-uniform,0.25,2,D6-uniform_e25_r002,ESF12alone,0.8899082568807339,0.18333333333333332,0.07844953506719321
1b,D6-uniform,0.25,2,D6-uniform_e25_r002,ESF12,0.8899082568807339,,
1b,D6-uniform,0.25,2,D6-uniform_e25_r002,Alg2_Rs20,0.5229357798165137,,
1b,D6-uniform,0.25,2,D6-uniform_e25_r002,Alg2_Ru10,0.5229357798165137,,
1b,D6-uniform,0.25,2,D6-uniform_e25_r002,TCRlong(0.40)+rw+A2_Rs20,0.8990825688073395,,
1b,D6-uniform,0.25,2,D6-uniform_e25_r002,TCRlong(0.40)+rw+A2_Ru10,0.8990825688073395,,
1b,D6-uniform,0.3,2,D6-uniform_e30_r002,ESF12alone,0.9036697247706422,0.17333333333333334,0.07581743807531893
1b,D6-uniform,0.3,2,D6-uniform_e30_r002,ESF12,0.9036697247706422,,
1b,D6-uniform,0.3,2,D6-uniform_e30_r002,Alg2_Rs20,0.9128440366972477,,
1b,D6-uniform,0.3,2,D6-uniform_e30_r002,Alg2_Ru10,0.9128440366972477,,
1b,D6-uniform,0.3,2,D6-uniform_e30_r002,TCRlong(0.40)+rw+A2_Rs20,0.9036697247706422,,
1b,D6-uniform,0.3,2,D6-uniform_e30_r002,TCRlong(0.40)+rw+A2_Ru10,0.9036697247706422,,
1b,D6-uniform,0.35,2,D6-uniform_e35_r002,ESF12alone,0.8928571428571429,0.28,0.07845374790485948
1b,D6-uniform,0.35,2,D6-uniform_e35_r002,ESF12,0.8928571428571429,,
1b,D6-uniform,0.35,2,D6-uniform_e35_r002,Alg2_Rs20,0.5255102040816326,,
1b,D6-uniform,0.35,2,D6-uniform_e35_r002,Alg2_Ru10,0.5255102040816326,,
1b,D6-uniform,0.35,2,D6-uniform_e35_r002,TCRlong(0.40)+rw+A2_Rs20,0.8928571428571429,,
1b,D6-uniform,0.35,2,D6-uniform_e35_r002,TCRlong(0.40)+rw+A2_Ru10,0.8928571428571429,,
1b,D7-p3,0.25,2,D7-p3_e25_r002,ESF12alone,0.925764192139738,0.23666666666666666,2.3827987269032747
1b,D7-p3,0.25,2,D7-p3_e25_r002,ESF12,0.925764192139738,,
1b,D7-p3,0.25,2,D7-p3_e25_r002,Alg2_Rs20,0.925764192139738,,
1b,D7-p3,0.25,2,D7-p3_e25_r002,Alg2_Ru10,0.925764192139738,,
1b,D7-p3,0.25,2,D7-p3_e25_r002,TCRlong(0.40)+rw+A2_Rs20,0.925764192139738,,
1b,D7-p3,0.25,2,D7-p3_e25_r002,TCRlong(0.40)+rw+A2_Ru10,0.925764192139738,,
1b,D7-p3,0.3,2,D7-p3_e30_r002,ESF12alone,0.9234449760765551,0.30666666666666664,12.282778557972051
1b,D7-p3,0.3,2,D7-p3_e30_r002,ESF12,0.9234449760765551,,
1b,D7-p3,0.3,2,D7-p3_e30_r002,Alg2_Rs20,0.9234449760765551,,
1b,D7-p3,0.3,2,D7-p3_e30_r002,Alg2_Ru10,0.9234449760765551,,
1b,D7-p3,0.3,2,D7-p3_e30_r002,TCRlong(0.40)+rw+A2_Rs20,0.9234449760765551,,
1b,D7-p3,0.3,2,D7-p3_e30_r002,TCRlong(0.40)+rw+A2_Ru10,0.9234449760765551,,
1b,D7-p3,0.35,2,D7-p3_e35_r002,ESF12alone,0.917098445595855,0.36,1.914069491904229
1b,D7-p3,0.35,2,D7-p3_e35_r002,ESF12,0.917098445595855,,
1b,D7-p3,0.35,2,D7-p3_e35_r002,Alg2_Rs20,0.9119170984455959,,
1b,D7-p3,0.35,2,D7-p3_e35_r002,Alg2_Ru10,0.9119170984455959,,
1b,D7-p3,0.35,2,D7-p3_e35_r002,TCRlong(0.40)+rw+A2_Rs20,0.9222797927461139,,
1b,D7-p3,0.35,2,D7-p3_e35_r002,TCRlong(0.40)+rw+A2_Ru10,0.9222797927461139,,
1b,D8-K2par-sep,0.25,2,D8-K2par-sep_e25_r002,ESF12alone,0.9955156950672646,0.25666666666666665,0.09254890796728432
1b,D8-K2par-sep,0.25,2,D8-K2par-sep_e25_r002,ESF12,0.9955156950672646,,
1b,D8-K2par-sep,0.25,2,D8-K2par-sep_e25_r002,Alg2_Rs20,0.9955156950672646,,
1b,D8-K2par-sep,0.25,2,D8-K2par-sep_e25_r002,Alg2_Ru10,0.9955156950672646,,
1b,D8-K2par-sep,0.25,2,D8-K2par-sep_e25_r002,TCRlong(0.40)+rw+A2_Rs20,0.9955156950672646,,
1b,D8-K2par-sep,0.25,2,D8-K2par-sep_e25_r002,TCRlong(0.40)+rw+A2_Ru10,0.9955156950672646,,
1b,D8-K2par-sep,0.3,2,D8-K2par-sep_e30_r002,ESF12alone,1.0,0.3233333333333333,0.08439304807689041
1b,D8-K2par-sep,0.3,2,D8-K2par-sep_e30_r002,ESF12,1.0,,
1b,D8-K2par-sep,0.3,2,D8-K2par-sep_e30_r002,Alg2_Rs20,1.0,,
1b,D8-K2par-sep,0.3,2,D8-K2par-sep_e30_r002,Alg2_Ru10,1.0,,
1b,D8-K2par-sep,0.3,2,D8-K2par-sep_e30_r002,TCRlong(0.40)+rw+A2_Rs20,1.0,,
1b,D8-K2par-sep,0.3,2,D8-K2par-sep_e30_r002,TCRlong(0.40)+rw+A2_Ru10,1.0,,
1b,D8-K2par-sep,0.35,2,D8-K2par-sep_e35_r002,ESF12alone,0.9901477832512315,0.3233333333333333,0.07651485502719879
1b,D8-K2par-sep,0.35,2,D8-K2par-sep_e35_r002,ESF12,0.9901477832512315,,
1b,D8-K2par-sep,0.35,2,D8-K2par-sep_e35_r002,Alg2_Rs20,0.9901477832512315,,
1b,D8-K2par-sep,0.35,2,D8-K2par-sep_e35_r002,Alg2_Ru10,0.9901477832512315,,
1b,D8-K2par-sep,0.35,2,D8-K2par-sep_e35_r002,TCRlong(0.40)+rw+A2_Rs20,0.9901477832512315,,
1b,D8-K2par-sep,0.35,2,D8-K2par-sep_e35_r002,TCRlong(0.40)+rw+A2_Ru10,0.9901477832512315,,
1b,D1-K2cross,0.25,3,D1-K2cross_e25_r003,ESF12alone,0.9209302325581395,0.2833333333333333,10.389317300054245
1b,D1-K2cross,0.25,3,D1-K2cross_e25_r003,ESF12,0.9209302325581395,,
1b,D1-K2cross,0.25,3,D1-K2cross_e25_r003,Alg2_Rs20,0.9209302325581395,,
1b,D1-K2cross,0.25,3,D1-K2cross_e25_r003,Alg2_Ru10,0.9209302325581395,,
1b,D1-K2cross,0.25,3,D1-K2cross_e25_r003,TCRlong(0.40)+rw+A2_Rs20,0.9209302325581395,,
1b,D1-K2cross,0.25,3,D1-K2cross_e25_r003,TCRlong(0.40)+rw+A2_Ru10,0.9209302325581395,,
1b,D1-K2cross,0.3,3,D1-K2cross_e30_r003,ESF12alone,0.8846153846153846,0.30666666666666664,0.08681472693569958
1b,D1-K2cross,0.3,3,D1-K2cross_e30_r003,ESF12,0.8846153846153846,,
1b,D1-K2cross,0.3,3,D1-K2cross_e30_r003,Alg2_Rs20,0.8846153846153846,,
1b,D1-K2cross,0.3,3,D1-K2cross_e30_r003,Alg2_Ru10,0.8846153846153846,,
1b,D1-K2cross,0.3,3,D1-K2cross_e30_r003,TCRlong(0.40)+rw+A2_Rs20,0.8846153846153846,,
1b,D1-K2cross,0.3,3,D1-K2cross_e30_r003,TCRlong(0.40)+rw+A2_Ru10,0.8846153846153846,,
1b,D1-K2cross,0.35,3,D1-K2cross_e35_r003,ESF12alone,0.9119170984455959,0.3566666666666667,0.07122610800433904
1b,D1-K2cross,0.35,3,D1-K2cross_e35_r003,ESF12,0.9119170984455959,,
1b,D1-K2cross,0.35,3,D1-K2cross_e35_r003,Alg2_Rs20,0.9119170984455959,,
1b,D1-K2cross,0.35,3,D1-K2cross_e35_r003,Alg2_Ru10,0.9119170984455959,,
1b,D1-K2cross,0.35,3,D1-K2cross_e35_r003,TCRlong(0.40)+rw+A2_Rs20,0.9067357512953368,,
1b,D1-K2cross,0.35,3,D1-K2cross_e35_r003,TCRlong(0.40)+rw+A2_Ru10,0.9067357512953368,,
1b,D2-K3par,0.25,3,D2-K3par_e25_r003,ESF12alone,0.6226415094339622,0.13666666666666666,0.4706059870077297
1b,D2-K3par,0.25,3,D2-K3par_e25_r003,ESF12,0.6226415094339622,,
1b,D2-K3par,0.25,3,D2-K3par_e25_r003,Alg2_Rs20,0.6226415094339622,,
1b,D2-K3par,0.25,3,D2-K3par_e25_r003,Alg2_Ru10,0.6226415094339622,,
1b,D2-K3par,0.25,3,D2-K3par_e25_r003,TCRlong(0.40)+rw+A2_Rs20,0.8820754716981132,,
1b,D2-K3par,0.25,3,D2-K3par_e25_r003,TCRlong(0.40)+rw+A2_Ru10,0.8820754716981132,,
1b,D2-K3par,0.3,3,D2-K3par_e30_r003,ESF12alone,0.6192893401015228,0.18666666666666668,0.36530885100364685
1b,D2-K3par,0.3,3,D2-K3par_e30_r003,ESF12,0.6192893401015228,,
1b,D2-K3par,0.3,3,D2-K3par_e30_r003,Alg2_Rs20,0.6192893401015228,,
1b,D2-K3par,0.3,3,D2-K3par_e30_r003,Alg2_Ru10,0.6192893401015228,,
1b,D2-K3par,0.3,3,D2-K3par_e30_r003,TCRlong(0.40)+rw+A2_Rs20,0.6040609137055838,,
1b,D2-K3par,0.3,3,D2-K3par_e30_r003,TCRlong(0.40)+rw+A2_Ru10,0.6040609137055838,,
1b,D2-K3par,0.35,3,D2-K3par_e35_r003,ESF12alone,0.9174311926605505,0.2733333333333333,10.956224505091086
1b,D2-K3par,0.35,3,D2-K3par_e35_r003,ESF12,0.9174311926605505,,
1b,D2-K3par,0.35,3,D2-K3par_e35_r003,Alg2_Rs20,0.7064220183486238,,
1b,D2-K3par,0.35,3,D2-K3par_e35_r003,Alg2_Ru10,0.7064220183486238,,
1b,D2-K3par,0.35,3,D2-K3par_e35_r003,TCRlong(0.40)+rw+A2_Rs20,0.9174311926605505,,
1b,D2-K3par,0.35,3,D2-K3par_e35_r003,TCRlong(0.40)+rw+A2_Ru10,0.9174311926605505,,
1b,D3-unequal,0.25,3,D3-unequal_e25_r003,ESF12alone,0.5,0.3466666666666667,0.0846926849335432
1b,D3-unequal,0.25,3,D3-unequal_e25_r003,ESF12,0.5,,
1b,D3-unequal,0.25,3,D3-unequal_e25_r003,Alg2_Rs20,0.9234234234234234,,
1b,D3-unequal,0.25,3,D3-unequal_e25_r003,Alg2_Ru10,0.9234234234234234,,
1b,D3-unequal,0.25,3,D3-unequal_e25_r003,TCRlong(0.40)+rw+A2_Rs20,0.7792792792792793,,
1b,D3-unequal,0.25,3,D3-unequal_e25_r003,TCRlong(0.40)+rw+A2_Ru10,0.7792792792792793,,
1b,D3-unequal,0.3,3,D3-unequal_e30_r003,ESF12alone,0.8644859813084113,0.2866666666666667,0.07497763109859079
1b,D3-unequal,0.3,3,D3-unequal_e30_r003,ESF12,0.8644859813084113,,
1b,D3-unequal,0.3,3,D3-unequal_e30_r003,Alg2_Rs20,0.8598130841121495,,
1b,D3-unequal,0.3,3,D3-unequal_e30_r003,Alg2_Ru10,0.8598130841121495,,
1b,D3-unequal,0.3,3,D3-unequal_e30_r003,TCRlong(0.40)+rw+A2_Rs20,0.8644859813084113,,
1b,D3-unequal,0.3,3,D3-unequal_e30_r003,TCRlong(0.40)+rw+A2_Ru10,0.8644859813084113,,
1b,D3-unequal,0.35,3,D3-unequal_e35_r003,ESF12alone,0.7526881720430108,0.26,0.08534139092080295
1b,D3-unequal,0.35,3,D3-unequal_e35_r003,ESF12,0.7526881720430108,,
1b,D3-unequal,0.35,3,D3-unequal_e35_r003,Alg2_Rs20,0.7580645161290323,,
1b,D3-unequal,0.35,3,D3-unequal_e35_r003,Alg2_Ru10,0.7580645161290323,,
1b,D3-unequal,0.35,3,D3-unequal_e35_r003,TCRlong(0.40)+rw+A2_Rs20,0.7204301075268817,,
1b,D3-unequal,0.35,3,D3-unequal_e35_r003,TCRlong(0.40)+rw+A2_Ru10,0.7204301075268817,,
1b,D4-hetero,0.25,3,D4-hetero_e25_r003,ESF12alone,0.9299065420560748,0.29,0.08234404004178941
1b,D4-hetero,0.25,3,D4-hetero_e25_r003,ESF12,0.9299065420560748,,
1b,D4-hetero,0.25,3,D4-hetero_e25_r003,Alg2_Rs20,0.9299065420560748,,
1b,D4-hetero,0.25,3,D4-hetero_e25_r003,Alg2_Ru10,0.9299065420560748,,
1b,D4-hetero,0.25,3,D4-hetero_e25_r003,TCRlong(0.40)+rw+A2_Rs20,0.9299065420560748,,
1b,D4-hetero,0.25,3,D4-hetero_e25_r003,TCRlong(0.40)+rw+A2_Ru10,0.9299065420560748,,
1b,D4-hetero,0.3,3,D4-hetero_e30_r003,ESF12alone,0.9047619047619048,0.3,10.182645657099783
1b,D4-hetero,0.3,3,D4-hetero_e30_r003,ESF12,0.9047619047619048,,
1b,D4-hetero,0.3,3,D4-hetero_e30_r003,Alg2_Rs20,0.9095238095238095,,
1b,D4-hetero,0.3,3,D4-hetero_e30_r003,Alg2_Ru10,0.9095238095238095,,
1b,D4-hetero,0.3,3,D4-hetero_e30_r003,TCRlong(0.40)+rw+A2_Rs20,0.9095238095238095,,
1b,D4-hetero,0.3,3,D4-hetero_e30_r003,TCRlong(0.40)+rw+A2_Ru10,0.9095238095238095,,
1b,D4-hetero,0.35,3,D4-hetero_e35_r003,ESF12alone,0.8941798941798942,0.37333333333333335,0.06863736000377685
1b,D4-hetero,0.35,3,D4-hetero_e35_r003,ESF12,0.8941798941798942,,
1b,D4-hetero,0.35,3,D4-hetero_e35_r003,Alg2_Rs20,0.8941798941798942,,
1b,D4-hetero,0.35,3,D4-hetero_e35_r003,Alg2_Ru10,0.8941798941798942,,
1b,D4-hetero,0.35,3,D4-hetero_e35_r003,TCRlong(0.40)+rw+A2_Rs20,0.8941798941798942,,
1b,D4-hetero,0.35,3,D4-hetero_e35_r003,TCRlong(0.40)+rw+A2_Ru10,0.8941798941798942,,
1b,D5-leverage,0.25,3,D5-leverage_e25_r003,ESF12alone,0.5217391304347826,0.1,0.07277256192173809
1b,D5-leverage,0.25,3,D5-leverage_e25_r003,ESF12,0.5217391304347826,,
1b,D5-leverage,0.25,3,D5-leverage_e25_r003,Alg2_Rs20,0.8956521739130435,,
1b,D5-leverage,0.25,3,D5-leverage_e25_r003,Alg2_Ru10,0.8956521739130435,,
1b,D5-leverage,0.25,3,D5-leverage_e25_r003,TCRlong(0.40)+rw+A2_Rs20,0.8956521739130435,,
1b,D5-leverage,0.25,3,D5-leverage_e25_r003,TCRlong(0.40)+rw+A2_Ru10,0.8956521739130435,,
1b,D5-leverage,0.3,3,D5-leverage_e30_r003,ESF12alone,0.5023474178403756,0.10666666666666667,0.07531504693906754
1b,D5-leverage,0.3,3,D5-leverage_e30_r003,ESF12,0.5023474178403756,,
1b,D5-leverage,0.3,3,D5-leverage_e30_r003,Alg2_Rs20,0.5117370892018779,,
1b,D5-leverage,0.3,3,D5-leverage_e30_r003,Alg2_Ru10,0.5117370892018779,,
1b,D5-leverage,0.3,3,D5-leverage_e30_r003,TCRlong(0.40)+rw+A2_Rs20,0.8262910798122066,,
1b,D5-leverage,0.3,3,D5-leverage_e30_r003,TCRlong(0.40)+rw+A2_Ru10,0.8262910798122066,,
1b,D5-leverage,0.35,3,D5-leverage_e35_r003,ESF12alone,0.5,0.0,0.0890653699170798
1b,D5-leverage,0.35,3,D5-leverage_e35_r003,ESF12,0.5,,
1b,D5-leverage,0.35,3,D5-leverage_e35_r003,Alg2_Rs20,0.5052631578947369,,
1b,D5-leverage,0.35,3,D5-leverage_e35_r003,Alg2_Ru10,0.5052631578947369,,
1b,D5-leverage,0.35,3,D5-leverage_e35_r003,TCRlong(0.40)+rw+A2_Rs20,0.5105263157894737,,
1b,D5-leverage,0.35,3,D5-leverage_e35_r003,TCRlong(0.40)+rw+A2_Ru10,0.5105263157894737,,
1b,D6-uniform,0.25,3,D6-uniform_e25_r003,ESF12alone,0.9318181818181818,0.23333333333333334,10.631463269004598
1b,D6-uniform,0.25,3,D6-uniform_e25_r003,ESF12,0.9318181818181818,,
1b,D6-uniform,0.25,3,D6-uniform_e25_r003,Alg2_Rs20,0.9318181818181818,,
1b,D6-uniform,0.25,3,D6-uniform_e25_r003,Alg2_Ru10,0.9318181818181818,,
1b,D6-uniform,0.25,3,D6-uniform_e25_r003,TCRlong(0.40)+rw+A2_Rs20,0.9318181818181818,,
1b,D6-uniform,0.25,3,D6-uniform_e25_r003,TCRlong(0.40)+rw+A2_Ru10,0.9318181818181818,,
1b,D6-uniform,0.3,3,D6-uniform_e30_r003,ESF12alone,0.5188679245283019,0.0033333333333333335,0.07675956503953785
1b,D6-uniform,0.3,3,D6-uniform_e30_r003,ESF12,0.5188679245283019,,
1b,D6-uniform,0.3,3,D6-uniform_e30_r003,Alg2_Rs20,0.9009433962264151,,
1b,D6-uniform,0.3,3,D6-uniform_e30_r003,Alg2_Ru10,0.9009433962264151,,
1b,D6-uniform,0.3,3,D6-uniform_e30_r003,TCRlong(0.40)+rw+A2_Rs20,0.8962264150943396,,
1b,D6-uniform,0.3,3,D6-uniform_e30_r003,TCRlong(0.40)+rw+A2_Ru10,0.8962264150943396,,
1b,D6-uniform,0.35,3,D6-uniform_e35_r003,ESF12alone,0.5025125628140703,0.0,0.07496750191785395
1b,D6-uniform,0.35,3,D6-uniform_e35_r003,ESF12,0.5025125628140703,,
1b,D6-uniform,0.35,3,D6-uniform_e35_r003,Alg2_Rs20,0.507537688442211,,
1b,D6-uniform,0.35,3,D6-uniform_e35_r003,Alg2_Ru10,0.507537688442211,,
1b,D6-uniform,0.35,3,D6-uniform_e35_r003,TCRlong(0.40)+rw+A2_Rs20,0.9296482412060302,,
1b,D6-uniform,0.35,3,D6-uniform_e35_r003,TCRlong(0.40)+rw+A2_Ru10,0.9296482412060302,,
1b,D7-p3,0.25,3,D7-p3_e25_r003,ESF12alone,0.9094827586206896,0.23,2.3059829140547663
1b,D7-p3,0.25,3,D7-p3_e25_r003,ESF12,0.9094827586206896,,
1b,D7-p3,0.25,3,D7-p3_e25_r003,Alg2_Rs20,0.9137931034482759,,
1b,D7-p3,0.25,3,D7-p3_e25_r003,Alg2_Ru10,0.9137931034482759,,
1b,D7-p3,0.25,3,D7-p3_e25_r003,TCRlong(0.40)+rw+A2_Rs20,0.9137931034482759,,
1b,D7-p3,0.25,3,D7-p3_e25_r003,TCRlong(0.40)+rw+A2_Ru10,0.9137931034482759,,
1b,D7-p3,0.3,3,D7-p3_e30_r003,ESF12alone,0.9241706161137441,0.30333333333333334,1.936819558031857
1b,D7-p3,0.3,3,D7-p3_e30_r003,ESF12,0.9241706161137441,,
1b,D7-p3,0.3,3,D7-p3_e30_r003,Alg2_Rs20,0.9146919431279621,,
1b,D7-p3,0.3,3,D7-p3_e30_r003,Alg2_Ru10,0.9146919431279621,,
1b,D7-p3,0.3,3,D7-p3_e30_r003,TCRlong(0.40)+rw+A2_Rs20,0.9241706161137441,,
1b,D7-p3,0.3,3,D7-p3_e30_r003,TCRlong(0.40)+rw+A2_Ru10,0.9241706161137441,,
1b,D7-p3,0.35,3,D7-p3_e35_r003,ESF12alone,0.9296482412060302,0.33666666666666667,12.588966598035768
1b,D7-p3,0.35,3,D7-p3_e35_r003,ESF12,0.9296482412060302,,
1b,D7-p3,0.35,3,D7-p3_e35_r003,Alg2_Rs20,0.9296482412060302,,
1b,D7-p3,0.35,3,D7-p3_e35_r003,Alg2_Ru10,0.9296482412060302,,
1b,D7-p3,0.35,3,D7-p3_e35_r003,TCRlong(0.40)+rw+A2_Rs20,0.9296482412060302,,
1b,D7-p3,0.35,3,D7-p3_e35_r003,TCRlong(0.40)+rw+A2_Ru10,0.9296482412060302,,
1b,D8-K2par-sep,0.25,3,D8-K2par-sep_e25_r003,ESF12alone,1.0,0.25666666666666665,0.07223818509373814
1b,D8-K2par-sep,0.25,3,D8-K2par-sep_e25_r003,ESF12,1.0,,
1b,D8-K2par-sep,0.25,3,D8-K2par-sep_e25_r003,Alg2_Rs20,1.0,,
1b,D8-K2par-sep,0.25,3,D8-K2par-sep_e25_r003,Alg2_Ru10,1.0,,
1b,D8-K2par-sep,0.25,3,D8-K2par-sep_e25_r003,TCRlong(0.40)+rw+A2_Rs20,1.0,,
1b,D8-K2par-sep,0.25,3,D8-K2par-sep_e25_r003,TCRlong(0.40)+rw+A2_Ru10,1.0,,
1b,D8-K2par-sep,0.3,3,D8-K2par-sep_e30_r003,ESF12alone,0.9953917050691244,0.27666666666666667,0.07516666001174599
1b,D8-K2par-sep,0.3,3,D8-K2par-sep_e30_r003,ESF12,0.9953917050691244,,
1b,D8-K2par-sep,0.3,3,D8-K2par-sep_e30_r003,Alg2_Rs20,0.9953917050691244,,
1b,D8-K2par-sep,0.3,3,D8-K2par-sep_e30_r003,Alg2_Ru10,0.9953917050691244,,
1b,D8-K2par-sep,0.3,3,D8-K2par-sep_e30_r003,TCRlong(0.40)+rw+A2_Rs20,0.9953917050691244,,
1b,D8-K2par-sep,0.3,3,D8-K2par-sep_e30_r003,TCRlong(0.40)+rw+A2_Ru10,0.9953917050691244,,
1b,D8-K2par-sep,0.35,3,D8-K2par-sep_e35_r003,ESF12alone,0.9948979591836735,0.3466666666666667,0.07336485001724213
1b,D8-K2par-sep,0.35,3,D8-K2par-sep_e35_r003,ESF12,0.9948979591836735,,
1b,D8-K2par-sep,0.35,3,D8-K2par-sep_e35_r003,Alg2_Rs20,0.9948979591836735,,
1b,D8-K2par-sep,0.35,3,D8-K2par-sep_e35_r003,Alg2_Ru10,0.9948979591836735,,
1b,D8-K2par-sep,0.35,3,D8-K2par-sep_e35_r003,TCRlong(0.40)+rw+A2_Rs20,0.9948979591836735,,
1b,D8-K2par-sep,0.35,3,D8-K2par-sep_e35_r003,TCRlong(0.40)+rw+A2_Ru10,0.9948979591836735,,
1b,D1-K2cross,0.25,4,D1-K2cross_e25_r004,ESF12alone,0.9264069264069265,0.23,0.07601701898965985
1b,D1-K2cross,0.25,4,D1-K2cross_e25_r004,ESF12,0.9264069264069265,,
1b,D1-K2cross,0.25,4,D1-K2cross_e25_r004,Alg2_Rs20,0.9264069264069265,,
1b,D1-K2cross,0.25,4,D1-K2cross_e25_r004,Alg2_Ru10,0.9264069264069265,,
1b,D1-K2cross,0.25,4,D1-K2cross_e25_r004,TCRlong(0.40)+rw+A2_Rs20,0.9264069264069265,,
1b,D1-K2cross,0.25,4,D1-K2cross_e25_r004,TCRlong(0.40)+rw+A2_Ru10,0.9264069264069265,,
1b,D1-K2cross,0.3,4,D1-K2cross_e30_r004,ESF12alone,0.9191919191919192,0.34,10.917447231011465
1b,D1-K2cross,0.3,4,D1-K2cross_e30_r004,ESF12,0.9191919191919192,,
1b,D1-K2cross,0.3,4,D1-K2cross_e30_r004,Alg2_Rs20,0.9191919191919192,,
1b,D1-K2cross,0.3,4,D1-K2cross_e30_r004,Alg2_Ru10,0.9191919191919192,,
1b,D1-K2cross,0.3,4,D1-K2cross_e30_r004,TCRlong(0.40)+rw+A2_Rs20,0.9141414141414141,,
1b,D1-K2cross,0.3,4,D1-K2cross_e30_r004,TCRlong(0.40)+rw+A2_Ru10,0.9141414141414141,,
1b,D1-K2cross,0.35,4,D1-K2cross_e35_r004,ESF12alone,0.927461139896373,0.3566666666666667,0.0822693679947406
1b,D1-K2cross,0.35,4,D1-K2cross_e35_r004,ESF12,0.927461139896373,,
1b,D1-K2cross,0.35,4,D1-K2cross_e35_r004,Alg2_Rs20,0.9326424870466321,,
1b,D1-K2cross,0.35,4,D1-K2cross_e35_r004,Alg2_Ru10,0.9326424870466321,,
1b,D1-K2cross,0.35,4,D1-K2cross_e35_r004,TCRlong(0.40)+rw+A2_Rs20,0.9326424870466321,,
1b,D1-K2cross,0.35,4,D1-K2cross_e35_r004,TCRlong(0.40)+rw+A2_Ru10,0.9326424870466321,,
1b,D2-K3par,0.25,4,D2-K3par_e25_r004,ESF12alone,0.9090909090909091,0.26666666666666666,0.2664495899807662
1b,D2-K3par,0.25,4,D2-K3par_e25_r004,ESF12,0.9090909090909091,,
1b,D2-K3par,0.25,4,D2-K3par_e25_r004,Alg2_Rs20,0.9090909090909091,,
1b,D2-K3par,0.25,4,D2-K3par_e25_r004,Alg2_Ru10,0.9090909090909091,,
1b,D2-K3par,0.25,4,D2-K3par_e25_r004,TCRlong(0.40)+rw+A2_Rs20,0.9,,
1b,D2-K3par,0.25,4,D2-K3par_e25_r004,TCRlong(0.40)+rw+A2_Ru10,0.9,,
1b,D2-K3par,0.3,4,D2-K3par_e30_r004,ESF12alone,0.9227053140096618,0.31,0.3615689609432593
1b,D2-K3par,0.3,4,D2-K3par_e30_r004,ESF12,0.9227053140096618,,
1b,D2-K3par,0.3,4,D2-K3par_e30_r004,Alg2_Rs20,0.927536231884058,,
1b,D2-K3par,0.3,4,D2-K3par_e30_r004,Alg2_Ru10,0.927536231884058,,
1b,D2-K3par,0.3,4,D2-K3par_e30_r004,TCRlong(0.40)+rw+A2_Rs20,0.927536231884058,,
1b,D2-K3par,0.3,4,D2-K3par_e30_r004,TCRlong(0.40)+rw+A2_Ru10,0.927536231884058,,
1b,D2-K3par,0.35,4,D2-K3par_e35_r004,ESF12alone,0.7171717171717171,0.17666666666666667,0.4372988900868222
1b,D2-K3par,0.35,4,D2-K3par_e35_r004,ESF12,0.7171717171717171,,
1b,D2-K3par,0.35,4,D2-K3par_e35_r004,Alg2_Rs20,0.4090909090909091,,
1b,D2-K3par,0.35,4,D2-K3par_e35_r004,Alg2_Ru10,0.4090909090909091,,
1b,D2-K3par,0.35,4,D2-K3par_e35_r004,TCRlong(0.40)+rw+A2_Rs20,0.7272727272727273,,
1b,D2-K3par,0.35,4,D2-K3par_e35_r004,TCRlong(0.40)+rw+A2_Ru10,0.7272727272727273,,
1b,D3-unequal,0.25,4,D3-unequal_e25_r004,ESF12alone,0.8944954128440367,0.2733333333333333,10.130590092972852
1b,D3-unequal,0.25,4,D3-unequal_e25_r004,ESF12,0.8944954128440367,,
1b,D3-unequal,0.25,4,D3-unequal_e25_r004,Alg2_Rs20,0.8944954128440367,,
1b,D3-unequal,0.25,4,D3-unequal_e25_r004,Alg2_Ru10,0.8944954128440367,,
1b,D3-unequal,0.25,4,D3-unequal_e25_r004,TCRlong(0.40)+rw+A2_Rs20,0.8944954128440367,,
1b,D3-unequal,0.25,4,D3-unequal_e25_r004,TCRlong(0.40)+rw+A2_Ru10,0.8944954128440367,,
1b,D3-unequal,0.3,4,D3-unequal_e30_r004,ESF12alone,0.867579908675799,0.27,0.07327566109597683
1b,D3-unequal,0.3,4,D3-unequal_e30_r004,ESF12,0.867579908675799,,
1b,D3-unequal,0.3,4,D3-unequal_e30_r004,Alg2_Rs20,0.867579908675799,,
1b,D3-unequal,0.3,4,D3-unequal_e30_r004,Alg2_Ru10,0.867579908675799,,
1b,D3-unequal,0.3,4,D3-unequal_e30_r004,TCRlong(0.40)+rw+A2_Rs20,0.867579908675799,,
1b,D3-unequal,0.3,4,D3-unequal_e30_r004,TCRlong(0.40)+rw+A2_Ru10,0.867579908675799,,
1b,D3-unequal,0.35,4,D3-unequal_e35_r004,ESF12alone,0.8854166666666666,0.36,0.07406139292288572
1b,D3-unequal,0.35,4,D3-unequal_e35_r004,ESF12,0.8854166666666666,,
1b,D3-unequal,0.35,4,D3-unequal_e35_r004,Alg2_Rs20,0.8854166666666666,,
1b,D3-unequal,0.35,4,D3-unequal_e35_r004,Alg2_Ru10,0.8854166666666666,,
1b,D3-unequal,0.35,4,D3-unequal_e35_r004,TCRlong(0.40)+rw+A2_Rs20,0.8854166666666666,,
1b,D3-unequal,0.35,4,D3-unequal_e35_r004,TCRlong(0.40)+rw+A2_Ru10,0.8854166666666666,,
1b,D4-hetero,0.25,4,D4-hetero_e25_r004,ESF12alone,0.9147982062780269,0.26666666666666666,0.09017359197605401
1b,D4-hetero,0.25,4,D4-hetero_e25_r004,ESF12,0.9147982062780269,,
1b,D4-hetero,0.25,4,D4-hetero_e25_r004,Alg2_Rs20,0.9147982062780269,,
1b,D4-hetero,0.25,4,D4-hetero_e25_r004,Alg2_Ru10,0.9147982062780269,,
1b,D4-hetero,0.25,4,D4-hetero_e25_r004,TCRlong(0.40)+rw+A2_Rs20,0.9147982062780269,,
1b,D4-hetero,0.25,4,D4-hetero_e25_r004,TCRlong(0.40)+rw+A2_Ru10,0.9147982062780269,,
1b,D4-hetero,0.3,4,D4-hetero_e30_r004,ESF12alone,0.9317073170731708,0.32,0.07240574900060892
1b,D4-hetero,0.3,4,D4-hetero_e30_r004,ESF12,0.9317073170731708,,
1b,D4-hetero,0.3,4,D4-hetero_e30_r004,Alg2_Rs20,0.9317073170731708,,
1b,D4-hetero,0.3,4,D4-hetero_e30_r004,Alg2_Ru10,0.9317073170731708,,
1b,D4-hetero,0.3,4,D4-hetero_e30_r004,TCRlong(0.40)+rw+A2_Rs20,0.9317073170731708,,
1b,D4-hetero,0.3,4,D4-hetero_e30_r004,TCRlong(0.40)+rw+A2_Ru10,0.9317073170731708,,
1b,D4-hetero,0.35,4,D4-hetero_e35_r004,ESF12alone,0.9109947643979057,0.36666666666666664,10.603766802931204
1b,D4-hetero,0.35,4,D4-hetero_e35_r004,ESF12,0.9109947643979057,,
1b,D4-hetero,0.35,4,D4-hetero_e35_r004,Alg2_Rs20,0.9109947643979057,,
1b,D4-hetero,0.35,4,D4-hetero_e35_r004,Alg2_Ru10,0.9109947643979057,,
1b,D4-hetero,0.35,4,D4-hetero_e35_r004,TCRlong(0.40)+rw+A2_Rs20,0.9109947643979057,,
1b,D4-hetero,0.35,4,D4-hetero_e35_r004,TCRlong(0.40)+rw+A2_Ru10,0.9109947643979057,,
1b,D5-leverage,0.25,4,D5-leverage_e25_r004,ESF12alone,0.5022026431718062,0.11,0.07518775993958116
1b,D5-leverage,0.25,4,D5-leverage_e25_r004,ESF12,0.5022026431718062,,
1b,D5-leverage,0.25,4,D5-leverage_e25_r004,Alg2_Rs20,0.5022026431718062,,
1b,D5-leverage,0.25,4,D5-leverage_e25_r004,Alg2_Ru10,0.5022026431718062,,
1b,D5-leverage,0.25,4,D5-leverage_e25_r004,TCRlong(0.40)+rw+A2_Rs20,0.9162995594713657,,
1b,D5-leverage,0.25,4,D5-leverage_e25_r004,TCRlong(0.40)+rw+A2_Ru10,0.9162995594713657,,
1b,D5-leverage,0.3,4,D5-leverage_e30_r004,ESF12alone,0.5207373271889401,0.006666666666666667,0.07658363494556397
1b,D5-leverage,0.3,4,D5-leverage_e30_r004,ESF12,0.5207373271889401,,
1b,D5-leverage,0.3,4,D5-leverage_e30_r004,Alg2_Rs20,0.5299539170506913,,
1b,D5-leverage,0.3,4,D5-leverage_e30_r004,Alg2_Ru10,0.5299539170506913,,
1b,D5-leverage,0.3,4,D5-leverage_e30_r004,TCRlong(0.40)+rw+A2_Rs20,0.9447004608294931,,
1b,D5-leverage,0.3,4,D5-leverage_e30_r004,TCRlong(0.40)+rw+A2_Ru10,0.9447004608294931,,
1b,D5-leverage,0.35,4,D5-leverage_e35_r004,ESF12alone,0.5048543689320388,0.0033333333333333335,0.07462443504482508
1b,D5-leverage,0.35,4,D5-leverage_e35_r004,ESF12,0.5048543689320388,,
1b,D5-leverage,0.35,4,D5-leverage_e35_r004,Alg2_Rs20,0.5,,
1b,D5-leverage,0.35,4,D5-leverage_e35_r004,Alg2_Ru10,0.5,,
1b,D5-leverage,0.35,4,D5-leverage_e35_r004,TCRlong(0.40)+rw+A2_Rs20,0.5,,
1b,D5-leverage,0.35,4,D5-leverage_e35_r004,TCRlong(0.40)+rw+A2_Ru10,0.5,,
1b,D6-uniform,0.25,4,D6-uniform_e25_r004,ESF12alone,0.8859649122807017,0.21,0.07422916009090841
1b,D6-uniform,0.25,4,D6-uniform_e25_r004,ESF12,0.8859649122807017,,
1b,D6-uniform,0.25,4,D6-uniform_e25_r004,Alg2_Rs20,0.881578947368421,,
1b,D6-uniform,0.25,4,D6-uniform_e25_r004,Alg2_Ru10,0.881578947368421,,
1b,D6-uniform,0.25,4,D6-uniform_e25_r004,TCRlong(0.40)+rw+A2_Rs20,0.8859649122807017,,
1b,D6-uniform,0.25,4,D6-uniform_e25_r004,TCRlong(0.40)+rw+A2_Ru10,0.8859649122807017,,
1b,D6-uniform,0.3,4,D6-uniform_e30_r004,ESF12alone,0.504950495049505,0.0,10.632093298016116
1b,D6-uniform,0.3,4,D6-uniform_e30_r004,ESF12,0.504950495049505,,
1b,D6-uniform,0.3,4,D6-uniform_e30_r004,Alg2_Rs20,0.504950495049505,,
1b,D6-uniform,0.3,4,D6-uniform_e30_r004,Alg2_Ru10,0.504950495049505,,
1b,D6-uniform,0.3,4,D6-uniform_e30_r004,TCRlong(0.40)+rw+A2_Rs20,0.5148514851485149,,
1b,D6-uniform,0.3,4,D6-uniform_e30_r004,TCRlong(0.40)+rw+A2_Ru10,0.5148514851485149,,
1b,D6-uniform,0.35,4,D6-uniform_e35_r004,ESF12alone,0.5440414507772021,0.0,0.07350099901668727
1b,D6-uniform,0.35,4,D6-uniform_e35_r004,ESF12,0.5440414507772021,,
1b,D6-uniform,0.35,4,D6-uniform_e35_r004,Alg2_Rs20,0.538860103626943,,
1b,D6-uniform,0.35,4,D6-uniform_e35_r004,Alg2_Ru10,0.538860103626943,,
1b,D6-uniform,0.35,4,D6-uniform_e35_r004,TCRlong(0.40)+rw+A2_Rs20,0.5025906735751295,,
1b,D6-uniform,0.35,4,D6-uniform_e35_r004,TCRlong(0.40)+rw+A2_Ru10,0.5025906735751295,,
1b,D7-p3,0.25,4,D7-p3_e25_r004,ESF12alone,0.9124423963133641,0.28,2.134468999924138
1b,D7-p3,0.25,4,D7-p3_e25_r004,ESF12,0.9124423963133641,,
1b,D7-p3,0.25,4,D7-p3_e25_r004,Alg2_Rs20,0.9124423963133641,,
1b,D7-p3,0.25,4,D7-p3_e25_r004,Alg2_Ru10,0.9124423963133641,,
1b,D7-p3,0.25,4,D7-p3_e25_r004,TCRlong(0.40)+rw+A2_Rs20,0.9124423963133641,,
1b,D7-p3,0.25,4,D7-p3_e25_r004,TCRlong(0.40)+rw+A2_Ru10,0.9124423963133641,,
1b,D7-p3,0.3,4,D7-p3_e30_r004,ESF12alone,0.9128205128205128,0.35333333333333333,1.7646648780209944
1b,D7-p3,0.3,4,D7-p3_e30_r004,ESF12,0.9128205128205128,,
1b,D7-p3,0.3,4,D7-p3_e30_r004,Alg2_Rs20,0.9128205128205128,,
1b,D7-p3,0.3,4,D7-p3_e30_r004,Alg2_Ru10,0.9128205128205128,,
1b,D7-p3,0.3,4,D7-p3_e30_r004,TCRlong(0.40)+rw+A2_Rs20,0.9179487179487179,,
1b,D7-p3,0.3,4,D7-p3_e30_r004,TCRlong(0.40)+rw+A2_Ru10,0.9179487179487179,,
1b,D7-p3,0.35,4,D7-p3_e35_r004,ESF12alone,0.8776595744680851,0.38,1.8244206920498982
1b,D7-p3,0.35,4,D7-p3_e35_r004,ESF12,0.8776595744680851,,
1b,D7-p3,0.35,4,D7-p3_e35_r004,Alg2_Rs20,0.8776595744680851,,
1b,D7-p3,0.35,4,D7-p3_e35_r004,Alg2_Ru10,0.8776595744680851,,
1b,D7-p3,0.35,4,D7-p3_e35_r004,TCRlong(0.40)+rw+A2_Rs20,0.8723404255319149,,
1b,D7-p3,0.35,4,D7-p3_e35_r004,TCRlong(0.40)+rw+A2_Ru10,0.8723404255319149,,
1b,D8-K2par-sep,0.25,4,D8-K2par-sep_e25_r004,ESF12alone,1.0,0.24,10.571500380989164
1b,D8-K2par-sep,0.25,4,D8-K2par-sep_e25_r004,ESF12,1.0,,
1b,D8-K2par-sep,0.25,4,D8-K2par-sep_e25_r004,Alg2_Rs20,1.0,,
1b,D8-K2par-sep,0.25,4,D8-K2par-sep_e25_r004,Alg2_Ru10,1.0,,
1b,D8-K2par-sep,0.25,4,D8-K2par-sep_e25_r004,TCRlong(0.40)+rw+A2_Rs20,1.0,,
1b,D8-K2par-sep,0.25,4,D8-K2par-sep_e25_r004,TCRlong(0.40)+rw+A2_Ru10,1.0,,
1b,D8-K2par-sep,0.3,4,D8-K2par-sep_e30_r004,ESF12alone,1.0,0.28,0.07315476099029183
1b,D8-K2par-sep,0.3,4,D8-K2par-sep_e30_r004,ESF12,1.0,,
1b,D8-K2par-sep,0.3,4,D8-K2par-sep_e30_r004,Alg2_Rs20,1.0,,
1b,D8-K2par-sep,0.3,4,D8-K2par-sep_e30_r004,Alg2_Ru10,1.0,,
1b,D8-K2par-sep,0.3,4,D8-K2par-sep_e30_r004,TCRlong(0.40)+rw+A2_Rs20,1.0,,
1b,D8-K2par-sep,0.3,4,D8-K2par-sep_e30_r004,TCRlong(0.40)+rw+A2_Ru10,1.0,,
1b,D8-K2par-sep,0.35,4,D8-K2par-sep_e35_r004,ESF12alone,1.0,0.36,0.07797995896544307
1b,D8-K2par-sep,0.35,4,D8-K2par-sep_e35_r004,ESF12,1.0,,
1b,D8-K2par-sep,0.35,4,D8-K2par-sep_e35_r004,Alg2_Rs20,1.0,,
1b,D8-K2par-sep,0.35,4,D8-K2par-sep_e35_r004,Alg2_Ru10,1.0,,
1b,D8-K2par-sep,0.35,4,D8-K2par-sep_e35_r004,TCRlong(0.40)+rw+A2_Rs20,1.0,,
1b,D8-K2par-sep,0.35,4,D8-K2par-sep_e35_r004,TCRlong(0.40)+rw+A2_Ru10,1.0,,
1b,D1-K2cross,0.25,5,D1-K2cross_e25_r005,ESF12alone,0.9004329004329005,0.23,0.07686587702482939
1b,D1-K2cross,0.25,5,D1-K2cross_e25_r005,ESF12,0.9004329004329005,,
1b,D1-K2cross,0.25,5,D1-K2cross_e25_r005,Alg2_Rs20,0.8917748917748918,,
1b,D1-K2cross,0.25,5,D1-K2cross_e25_r005,Alg2_Ru10,0.8917748917748918,,
1b,D1-K2cross,0.25,5,D1-K2cross_e25_r005,TCRlong(0.40)+rw+A2_Rs20,0.8874458874458875,,
1b,D1-K2cross,0.25,5,D1-K2cross_e25_r005,TCRlong(0.40)+rw+A2_Ru10,0.8874458874458875,,
1b,D1-K2cross,0.3,5,D1-K2cross_e30_r005,ESF12alone,0.9148936170212766,0.37333333333333335,0.08607954299077392
1b,D1-K2cross,0.3,5,D1-K2cross_e30_r005,ESF12,0.9148936170212766,,
1b,D1-K2cross,0.3,5,D1-K2cross_e30_r005,Alg2_Rs20,0.9202127659574468,,
1b,D1-K2cross,0.3,5,D1-K2cross_e30_r005,Alg2_Ru10,0.9202127659574468,,
1b,D1-K2cross,0.3,5,D1-K2cross_e30_r005,TCRlong(0.40)+rw+A2_Rs20,0.9308510638297872,,
1b,D1-K2cross,0.3,5,D1-K2cross_e30_r005,TCRlong(0.40)+rw+A2_Ru10,0.9308510638297872,,
1b,D1-K2cross,0.35,5,D1-K2cross_e35_r005,ESF12alone,0.927461139896373,0.3566666666666667,10.280601228936575
1b,D1-K2cross,0.35,5,D1-K2cross_e35_r005,ESF12,0.927461139896373,,
1b,D1-K2cross,0.35,5,D1-K2cross_e35_r005,Alg2_Rs20,0.927461139896373,,
1b,D1-K2cross,0.35,5,D1-K2cross_e35_r005,Alg2_Ru10,0.927461139896373,,
1b,D1-K2cross,0.35,5,D1-K2cross_e35_r005,TCRlong(0.40)+rw+A2_Rs20,0.927461139896373,,
1b,D1-K2cross,0.35,5,D1-K2cross_e35_r005,TCRlong(0.40)+rw+A2_Ru10,0.927461139896373,,
1b,D2-K3par,0.25,5,D2-K3par_e25_r005,ESF12alone,0.8565400843881856,0.21333333333333335,0.3087902490515262
1b,D2-K3par,0.25,5,D2-K3par_e25_r005,ESF12,0.8565400843881856,,
1b,D2-K3par,0.25,5,D2-K3par_e25_r005,Alg2_Rs20,0.8565400843881856,,
1b,D2-K3par,0.25,5,D2-K3par_e25_r005,Alg2_Ru10,0.8565400843881856,,
1b,D2-K3par,0.25,5,D2-K3par_e25_r005,TCRlong(0.40)+rw+A2_Rs20,0.8818565400843882,,
1b,D2-K3par,0.25,5,D2-K3par_e25_r005,TCRlong(0.40)+rw+A2_Ru10,0.8818565400843882,,
1b,D2-K3par,0.3,5,D2-K3par_e30_r005,ESF12alone,0.9360730593607306,0.27,0.19545549899339676
1b,D2-K3par,0.3,5,D2-K3par_e30_r005,ESF12,0.9360730593607306,,
1b,D2-K3par,0.3,5,D2-K3par_e30_r005,Alg2_Rs20,0.9360730593607306,,
1b,D2-K3par,0.3,5,D2-K3par_e30_r005,Alg2_Ru10,0.9360730593607306,,
1b,D2-K3par,0.3,5,D2-K3par_e30_r005,TCRlong(0.40)+rw+A2_Rs20,0.9315068493150684,,
1b,D2-K3par,0.3,5,D2-K3par_e30_r005,TCRlong(0.40)+rw+A2_Ru10,0.9315068493150684,,
1b,D2-K3par,0.35,5,D2-K3par_e35_r005,ESF12alone,0.3403141361256545,0.006666666666666667,0.3794187809107825
1b,D2-K3par,0.35,5,D2-K3par_e35_r005,ESF12,0.3403141361256545,,
1b,D2-K3par,0.35,5,D2-K3par_e35_r005,Alg2_Rs20,0.3403141361256545,,
1b,D2-K3par,0.35,5,D2-K3par_e35_r005,Alg2_Ru10,0.3403141361256545,,
1b,D2-K3par,0.35,5,D2-K3par_e35_r005,TCRlong(0.40)+rw+A2_Rs20,0.8534031413612565,,
1b,D2-K3par,0.35,5,D2-K3par_e35_r005,TCRlong(0.40)+rw+A2_Ru10,0.8534031413612565,,
1b,D3-unequal,0.25,5,D3-unequal_e25_r005,ESF12alone,0.9375,0.30666666666666664,0.08158686105161905
1b,D3-unequal,0.25,5,D3-unequal_e25_r005,ESF12,0.9375,,
1b,D3-unequal,0.25,5,D3-unequal_e25_r005,Alg2_Rs20,0.9375,,
1b,D3-unequal,0.25,5,D3-unequal_e25_r005,Alg2_Ru10,0.9375,,
1b,D3-unequal,0.25,5,D3-unequal_e25_r005,TCRlong(0.40)+rw+A2_Rs20,0.9375,,
1b,D3-unequal,0.25,5,D3-unequal_e25_r005,TCRlong(0.40)+rw+A2_Ru10,0.9375,,
1b,D3-unequal,0.3,5,D3-unequal_e30_r005,ESF12alone,0.9345794392523364,0.29,10.169091045972891
1b,D3-unequal,0.3,5,D3-unequal_e30_r005,ESF12,0.9345794392523364,,
1b,D3-unequal,0.3,5,D3-unequal_e30_r005,Alg2_Rs20,0.9345794392523364,,
1b,D3-unequal,0.3,5,D3-unequal_e30_r005,Alg2_Ru10,0.9345794392523364,,
1b,D3-unequal,0.3,5,D3-unequal_e30_r005,TCRlong(0.40)+rw+A2_Rs20,0.9345794392523364,,
1b,D3-unequal,0.3,5,D3-unequal_e30_r005,TCRlong(0.40)+rw+A2_Ru10,0.9345794392523364,,
1b,D3-unequal,0.35,5,D3-unequal_e35_r005,ESF12alone,0.7806122448979592,0.24333333333333335,0.10314449400175363
1b,D3-unequal,0.35,5,D3-unequal_e35_r005,ESF12,0.7806122448979592,,
1b,D3-unequal,0.35,5,D3-unequal_e35_r005,Alg2_Rs20,0.923469387755102,,
1b,D3-unequal,0.35,5,D3-unequal_e35_r005,Alg2_Ru10,0.923469387755102,,
1b,D3-unequal,0.35,5,D3-unequal_e35_r005,TCRlong(0.40)+rw+A2_Rs20,0.8928571428571429,,
1b,D3-unequal,0.35,5,D3-unequal_e35_r005,TCRlong(0.40)+rw+A2_Ru10,0.8928571428571429,,
1b,D4-hetero,0.25,5,D4-hetero_e25_r005,ESF12alone,0.9327354260089686,0.2633333333333333,0.07475172495469451
1b,D4-hetero,0.25,5,D4-hetero_e25_r005,ESF12,0.9327354260089686,,
1b,D4-hetero,0.25,5,D4-hetero_e25_r005,Alg2_Rs20,0.9327354260089686,,
1b,D4-hetero,0.25,5,D4-hetero_e25_r005,Alg2_Ru10,0.9327354260089686,,
1b,D4-hetero,0.25,5,D4-hetero_e25_r005,TCRlong(0.40)+rw+A2_Rs20,0.9327354260089686,,
1b,D4-hetero,0.25,5,D4-hetero_e25_r005,TCRlong(0.40)+rw+A2_Ru10,0.9327354260089686,,
1b,D4-hetero,0.3,5,D4-hetero_e30_r005,ESF12alone,0.9121951219512195,0.31666666666666665,0.0713644219795242
1b,D4-hetero,0.3,5,D4-hetero_e30_r005,ESF12,0.9121951219512195,,
1b,D4-hetero,0.3,5,D4-hetero_e30_r005,Alg2_Rs20,0.9121951219512195,,
1b,D4-hetero,0.3,5,D4-hetero_e30_r005,Alg2_Ru10,0.9121951219512195,,
1b,D4-hetero,0.3,5,D4-hetero_e30_r005,TCRlong(0.40)+rw+A2_Rs20,0.9121951219512195,,
1b,D4-hetero,0.3,5,D4-hetero_e30_r005,TCRlong(0.40)+rw+A2_Ru10,0.9121951219512195,,
1b,D4-hetero,0.35,5,D4-hetero_e35_r005,ESF12alone,0.9015544041450777,0.3566666666666667,0.07218975899741054
1b,D4-hetero,0.35,5,D4-hetero_e35_r005,ESF12,0.9015544041450777,,
1b,D4-hetero,0.35,5,D4-hetero_e35_r005,Alg2_Rs20,0.9015544041450777,,
1b,D4-hetero,0.35,5,D4-hetero_e35_r005,Alg2_Ru10,0.9015544041450777,,
1b,D4-hetero,0.35,5,D4-hetero_e35_r005,TCRlong(0.40)+rw+A2_Rs20,0.9015544041450777,,
1b,D4-hetero,0.35,5,D4-hetero_e35_r005,TCRlong(0.40)+rw+A2_Ru10,0.9015544041450777,,
1b,D5-leverage,0.25,5,D5-leverage_e25_r005,ESF12alone,0.908695652173913,0.23333333333333334,10.633387648966163
1b,D5-leverage,0.25,5,D5-leverage_e25_r005,ESF12,0.908695652173913,,
1b,D5-leverage,0.25,5,D5-leverage_e25_r005,Alg2_Rs20,0.908695652173913,,
1b,D5-leverage,0.25,5,D5-leverage_e25_r005,Alg2_Ru10,0.908695652173913,,
1b,D5-leverage,0.25,5,D5-leverage_e25_r005,TCRlong(0.40)+rw+A2_Rs20,0.9130434782608695,,
1b,D5-leverage,0.25,5,D5-leverage_e25_r005,TCRlong(0.40)+rw+A2_Ru10,0.9130434782608695,,
1b,D5-leverage,0.3,5,D5-leverage_e30_r005,ESF12alone,0.5073170731707317,0.006666666666666667,0.07767284498549998
1b,D5-leverage,0.3,5,D5-leverage_e30_r005,ESF12,0.5073170731707317,,
1b,D5-leverage,0.3,5,D5-leverage_e30_r005,Alg2_Rs20,0.5073170731707317,,
1b,D5-leverage,0.3,5,D5-leverage_e30_r005,Alg2_Ru10,0.5073170731707317,,
1b,D5-leverage,0.3,5,D5-leverage_e30_r005,TCRlong(0.40)+rw+A2_Rs20,0.5024390243902439,,
1b,D5-leverage,0.3,5,D5-leverage_e30_r005,TCRlong(0.40)+rw+A2_Ru10,0.5024390243902439,,
1b,D5-leverage,0.35,5,D5-leverage_e35_r005,ESF12alone,0.5396039603960396,0.013333333333333334,0.07626639399677515
1b,D5-leverage,0.35,5,D5-leverage_e35_r005,ESF12,0.5396039603960396,,
1b,D5-leverage,0.35,5,D5-leverage_e35_r005,Alg2_Rs20,0.5396039603960396,,
1b,D5-leverage,0.35,5,D5-leverage_e35_r005,Alg2_Ru10,0.5396039603960396,,
1b,D5-leverage,0.35,5,D5-leverage_e35_r005,TCRlong(0.40)+rw+A2_Rs20,0.5396039603960396,,
1b,D5-leverage,0.35,5,D5-leverage_e35_r005,TCRlong(0.40)+rw+A2_Ru10,0.5396039603960396,,
1b,D6-uniform,0.25,5,D6-uniform_e25_r005,ESF12alone,0.9090909090909091,0.18,0.07335519802290946
1b,D6-uniform,0.25,5,D6-uniform_e25_r005,ESF12,0.9090909090909091,,
1b,D6-uniform,0.25,5,D6-uniform_e25_r005,Alg2_Rs20,0.9047619047619048,,
1b,D6-uniform,0.25,5,D6-uniform_e25_r005,Alg2_Ru10,0.9047619047619048,,
1b,D6-uniform,0.25,5,D6-uniform_e25_r005,TCRlong(0.40)+rw+A2_Rs20,0.9090909090909091,,
1b,D6-uniform,0.25,5,D6-uniform_e25_r005,TCRlong(0.40)+rw+A2_Ru10,0.9090909090909091,,
1b,D6-uniform,0.3,5,D6-uniform_e30_r005,ESF12alone,0.5175879396984925,0.0,0.08012866496574134
1b,D6-uniform,0.3,5,D6-uniform_e30_r005,ESF12,0.5175879396984925,,
1b,D6-uniform,0.3,5,D6-uniform_e30_r005,Alg2_Rs20,0.507537688442211,,
1b,D6-uniform,0.3,5,D6-uniform_e30_r005,Alg2_Ru10,0.507537688442211,,
1b,D6-uniform,0.3,5,D6-uniform_e30_r005,TCRlong(0.40)+rw+A2_Rs20,0.5025125628140703,,
1b,D6-uniform,0.3,5,D6-uniform_e30_r005,TCRlong(0.40)+rw+A2_Ru10,0.5025125628140703,,
1b,D6-uniform,0.35,5,D6-uniform_e35_r005,ESF12alone,0.5490196078431373,0.0033333333333333335,10.628835498937406
1b,D6-uniform,0.35,5,D6-uniform_e35_r005,ESF12,0.5490196078431373,,
1b,D6-uniform,0.35,5,D6-uniform_e35_r005,Alg2_Rs20,0.5441176470588235,,
1b,D6-uniform,0.35,5,D6-uniform_e35_r005,Alg2_Ru10,0.5441176470588235,,
1b,D6-uniform,0.35,5,D6-uniform_e35_r005,TCRlong(0.40)+rw+A2_Rs20,0.8970588235294118,,
1b,D6-uniform,0.35,5,D6-uniform_e35_r005,TCRlong(0.40)+rw+A2_Ru10,0.5588235294117647,,
1b,D7-p3,0.25,5,D7-p3_e25_r005,ESF12alone,0.9090909090909091,0.26666666666666666,2.284801786998287
1b,D7-p3,0.25,5,D7-p3_e25_r005,ESF12,0.9090909090909091,,
1b,D7-p3,0.25,5,D7-p3_e25_r005,Alg2_Rs20,0.9090909090909091,,
1b,D7-p3,0.25,5,D7-p3_e25_r005,Alg2_Ru10,0.9090909090909091,,
1b,D7-p3,0.25,5,D7-p3_e25_r005,TCRlong(0.40)+rw+A2_Rs20,0.9090909090909091,,
1b,D7-p3,0.25,5,D7-p3_e25_r005,TCRlong(0.40)+rw+A2_Ru10,0.9090909090909091,,
1b,D7-p3,0.3,5,D7-p3_e30_r005,ESF12alone,0.8883495145631068,0.33,1.7544229759369045
1b,D7-p3,0.3,5,D7-p3_e30_r005,ESF12,0.8883495145631068,,
1b,D7-p3,0.3,5,D7-p3_e30_r005,Alg2_Rs20,0.8980582524271845,,
1b,D7-p3,0.3,5,D7-p3_e30_r005,Alg2_Ru10,0.8980582524271845,,
1b,D7-p3,0.3,5,D7-p3_e30_r005,TCRlong(0.40)+rw+A2_Rs20,0.8932038834951457,,
1b,D7-p3,0.3,5,D7-p3_e30_r005,TCRlong(0.40)+rw+A2_Ru10,0.8932038834951457,,
1b,D7-p3,0.35,5,D7-p3_e35_r005,ESF12alone,0.9281767955801105,0.41,1.821455916040577
1b,D7-p3,0.35,5,D7-p3_e35_r005,ESF12,0.9281767955801105,,
1b,D7-p3,0.35,5,D7-p3_e35_r005,Alg2_Rs20,0.9337016574585635,,
1b,D7-p3,0.35,5,D7-p3_e35_r005,Alg2_Ru10,0.9337016574585635,,
1b,D7-p3,0.35,5,D7-p3_e35_r005,TCRlong(0.40)+rw+A2_Rs20,0.9337016574585635,,
1b,D7-p3,0.35,5,D7-p3_e35_r005,TCRlong(0.40)+rw+A2_Ru10,0.9337016574585635,,
1b,D8-K2par-sep,0.25,5,D8-K2par-sep_e25_r005,ESF12alone,1.0,0.29,0.07660727901384234
1b,D8-K2par-sep,0.25,5,D8-K2par-sep_e25_r005,ESF12,1.0,,
1b,D8-K2par-sep,0.25,5,D8-K2par-sep_e25_r005,Alg2_Rs20,1.0,,
1b,D8-K2par-sep,0.25,5,D8-K2par-sep_e25_r005,Alg2_Ru10,1.0,,
1b,D8-K2par-sep,0.25,5,D8-K2par-sep_e25_r005,TCRlong(0.40)+rw+A2_Rs20,1.0,,
1b,D8-K2par-sep,0.25,5,D8-K2par-sep_e25_r005,TCRlong(0.40)+rw+A2_Ru10,1.0,,
1b,D8-K2par-sep,0.3,5,D8-K2par-sep_e30_r005,ESF12alone,1.0,0.29,10.313588657067157
1b,D8-K2par-sep,0.3,5,D8-K2par-sep_e30_r005,ESF12,1.0,,
1b,D8-K2par-sep,0.3,5,D8-K2par-sep_e30_r005,Alg2_Rs20,1.0,,
1b,D8-K2par-sep,0.3,5,D8-K2par-sep_e30_r005,Alg2_Ru10,1.0,,
1b,D8-K2par-sep,0.3,5,D8-K2par-sep_e30_r005,TCRlong(0.40)+rw+A2_Rs20,1.0,,
1b,D8-K2par-sep,0.3,5,D8-K2par-sep_e30_r005,TCRlong(0.40)+rw+A2_Ru10,1.0,,
1b,D8-K2par-sep,0.35,5,D8-K2par-sep_e35_r005,ESF12alone,1.0,0.30333333333333334,0.0734515180811286
1b,D8-K2par-sep,0.35,5,D8-K2par-sep_e35_r005,ESF12,1.0,,
1b,D8-K2par-sep,0.35,5,D8-K2par-sep_e35_r005,Alg2_Rs20,1.0,,
1b,D8-K2par-sep,0.35,5,D8-K2par-sep_e35_r005,Alg2_Ru10,1.0,,
1b,D8-K2par-sep,0.35,5,D8-K2par-sep_e35_r005,TCRlong(0.40)+rw+A2_Rs20,1.0,,
1b,D8-K2par-sep,0.35,5,D8-K2par-sep_e35_r005,TCRlong(0.40)+rw+A2_Ru10,1.0,,
1b,D1-K2cross,0.25,6,D1-K2cross_e25_r006,ESF12alone,0.9141630901287554,0.23,0.07492294698022306
1b,D1-K2cross,0.25,6,D1-K2cross_e25_r006,ESF12,0.9141630901287554,,
1b,D1-K2cross,0.25,6,D1-K2cross_e25_r006,Alg2_Rs20,0.9141630901287554,,
1b,D1-K2cross,0.25,6,D1-K2cross_e25_r006,Alg2_Ru10,0.9141630901287554,,
1b,D1-K2cross,0.25,6,D1-K2cross_e25_r006,TCRlong(0.40)+rw+A2_Rs20,0.9141630901287554,,
1b,D1-K2cross,0.25,6,D1-K2cross_e25_r006,TCRlong(0.40)+rw+A2_Ru10,0.9141630901287554,,
1b,D1-K2cross,0.3,6,D1-K2cross_e30_r006,ESF12alone,0.9030612244897959,0.3466666666666667,0.06955980404745787
1b,D1-K2cross,0.3,6,D1-K2cross_e30_r006,ESF12,0.9030612244897959,,
1b,D1-K2cross,0.3,6,D1-K2cross_e30_r006,Alg2_Rs20,0.9030612244897959,,
1b,D1-K2cross,0.3,6,D1-K2cross_e30_r006,Alg2_Ru10,0.9030612244897959,,
1b,D1-K2cross,0.3,6,D1-K2cross_e30_r006,TCRlong(0.40)+rw+A2_Rs20,0.9030612244897959,,
1b,D1-K2cross,0.3,6,D1-K2cross_e30_r006,TCRlong(0.40)+rw+A2_Ru10,0.9030612244897959,,
1b,D1-K2cross,0.35,6,D1-K2cross_e35_r006,ESF12alone,0.8894472361809045,0.33666666666666667,0.07153461198322475
1b,D1-K2cross,0.35,6,D1-K2cross_e35_r006,ESF12,0.8894472361809045,,
1b,D1-K2cross,0.35,6,D1-K2cross_e35_r006,Alg2_Rs20,0.8894472361809045,,
1b,D1-K2cross,0.35,6,D1-K2cross_e35_r006,Alg2_Ru10,0.8894472361809045,,
1b,D1-K2cross,0.35,6,D1-K2cross_e35_r006,TCRlong(0.40)+rw+A2_Rs20,0.8844221105527639,,
1b,D1-K2cross,0.35,6,D1-K2cross_e35_r006,TCRlong(0.40)+rw+A2_Ru10,0.8844221105527639,,
1b,D2-K3par,0.25,6,D2-K3par_e25_r006,ESF12alone,0.8990825688073395,0.2733333333333333,11.017793881008402
1b,D2-K3par,0.25,6,D2-K3par_e25_r006,ESF12,0.8990825688073395,,
1b,D2-K3par,0.25,6,D2-K3par_e25_r006,Alg2_Rs20,0.6651376146788991,,
1b,D2-K3par,0.25,6,D2-K3par_e25_r006,Alg2_Ru10,0.6651376146788991,,
1b,D2-K3par,0.25,6,D2-K3par_e25_r006,TCRlong(0.40)+rw+A2_Rs20,0.8073394495412844,,
1b,D2-K3par,0.25,6,D2-K3par_e25_r006,TCRlong(0.40)+rw+A2_Ru10,0.8073394495412844,,
1b,D2-K3par,0.3,6,D2-K3par_e30_r006,ESF12alone,0.6231884057971014,0.14,0.40117588697467
1b,D2-K3par,0.3,6,D2-K3par_e30_r006,ESF12,0.6231884057971014,,
1b,D2-K3par,0.3,6,D2-K3par_e30_r006,Alg2_Rs20,0.8840579710144928,,
1b,D2-K3par,0.3,6,D2-K3par_e30_r006,Alg2_Ru10,0.8840579710144928,,
1b,D2-K3par,0.3,6,D2-K3par_e30_r006,TCRlong(0.40)+rw+A2_Rs20,0.9082125603864735,,
1b,D2-K3par,0.3,6,D2-K3par_e30_r006,TCRlong(0.40)+rw+A2_Ru10,0.9082125603864735,,
1b,D2-K3par,0.35,6,D2-K3par_e35_r006,ESF12alone,0.3487179487179487,0.0,0.5045196310384199
1b,D2-K3par,0.35,6,D2-K3par_e35_r006,ESF12,0.3487179487179487,,
1b,D2-K3par,0.35,6,D2-K3par_e35_r006,Alg2_Rs20,0.3487179487179487,,
1b,D2-K3par,0.35,6,D2-K3par_e35_r006,Alg2_Ru10,0.3487179487179487,,
1b,D2-K3par,0.35,6,D2-K3par_e35_r006,TCRlong(0.40)+rw+A2_Rs20,0.6410256410256411,,
1b,D2-K3par,0.35,6,D2-K3par_e35_r006,TCRlong(0.40)+rw+A2_Ru10,0.6410256410256411,,
1b,D3-unequal,0.25,6,D3-unequal_e25_r006,ESF12alone,0.9054054054054054,0.26,0.08229619497433305
1b,D3-unequal,0.25,6,D3-unequal_e25_r006,ESF12,0.9054054054054054,,
1b,D3-unequal,0.25,6,D3-unequal_e25_r006,Alg2_Rs20,0.9054054054054054,,
1b,D3-unequal,0.25,6,D3-unequal_e25_r006,Alg2_Ru10,0.9054054054054054,,
1b,D3-unequal,0.25,6,D3-unequal_e25_r006,TCRlong(0.40)+rw+A2_Rs20,0.9054054054054054,,
1b,D3-unequal,0.25,6,D3-unequal_e25_r006,TCRlong(0.40)+rw+A2_Ru10,0.9054054054054054,,
1b,D3-unequal,0.3,6,D3-unequal_e30_r006,ESF12alone,0.9292452830188679,0.29333333333333333,0.0861023049801588
1b,D3-unequal,0.3,6,D3-unequal_e30_r006,ESF12,0.9292452830188679,,
1b,D3-unequal,0.3,6,D3-unequal_e30_r006,Alg2_Rs20,0.9245283018867925,,
1b,D3-unequal,0.3,6,D3-unequal_e30_r006,Alg2_Ru10,0.9245283018867925,,
1b,D3-unequal,0.3,6,D3-unequal_e30_r006,TCRlong(0.40)+rw+A2_Rs20,0.9339622641509434,,
1b,D3-unequal,0.3,6,D3-unequal_e30_r006,TCRlong(0.40)+rw+A2_Ru10,0.9339622641509434,,
1b,D3-unequal,0.35,6,D3-unequal_e35_r006,ESF12alone,0.9356435643564357,0.32666666666666666,10.658368329051882
1b,D3-unequal,0.35,6,D3-unequal_e35_r006,ESF12,0.9356435643564357,,
1b,D3-unequal,0.35,6,D3-unequal_e35_r006,Alg2_Rs20,0.9356435643564357,,
1b,D3-unequal,0.35,6,D3-unequal_e35_r006,Alg2_Ru10,0.9356435643564357,,
1b,D3-unequal,0.35,6,D3-unequal_e35_r006,TCRlong(0.40)+rw+A2_Rs20,0.9356435643564357,,
1b,D3-unequal,0.35,6,D3-unequal_e35_r006,TCRlong(0.40)+rw+A2_Ru10,0.9356435643564357,,
1b,D4-hetero,0.25,6,D4-hetero_e25_r006,ESF12alone,0.9148936170212766,0.22666666666666666,0.08598448196426034
1b,D4-hetero,0.25,6,D4-hetero_e25_r006,ESF12,0.9148936170212766,,
1b,D4-hetero,0.25,6,D4-hetero_e25_r006,Alg2_Rs20,0.9148936170212766,,
1b,D4-hetero,0.25,6,D4-hetero_e25_r006,Alg2_Ru10,0.9148936170212766,,
1b,D4-hetero,0.25,6,D4-hetero_e25_r006,TCRlong(0.40)+rw+A2_Rs20,0.9148936170212766,,
1b,D4-hetero,0.25,6,D4-hetero_e25_r006,TCRlong(0.40)+rw+A2_Ru10,0.9148936170212766,,
1b,D4-hetero,0.3,6,D4-hetero_e30_r006,ESF12alone,0.9212962962962963,0.28,0.07310974295251071
1b,D4-hetero,0.3,6,D4-hetero_e30_r006,ESF12,0.9212962962962963,,
1b,D4-hetero,0.3,6,D4-hetero_e30_r006,Alg2_Rs20,0.9212962962962963,,
1b,D4-hetero,0.3,6,D4-hetero_e30_r006,Alg2_Ru10,0.9212962962962963,,
1b,D4-hetero,0.3,6,D4-hetero_e30_r006,TCRlong(0.40)+rw+A2_Rs20,0.9212962962962963,,
1b,D4-hetero,0.3,6,D4-hetero_e30_r006,TCRlong(0.40)+rw+A2_Ru10,0.9212962962962963,,
1b,D4-hetero,0.35,6,D4-hetero_e35_r006,ESF12alone,0.9202127659574468,0.37666666666666665,0.07348969695158303
1b,D4-hetero,0.35,6,D4-hetero_e35_r006,ESF12,0.9202127659574468,,
1b,D4-hetero,0.35,6,D4-hetero_e35_r006,Alg2_Rs20,0.9202127659574468,,
1b,D4-hetero,0.35,6,D4-hetero_e35_r006,Alg2_Ru10,0.9202127659574468,,
1b,D4-hetero,0.35,6,D4-hetero_e35_r006,TCRlong(0.40)+rw+A2_Rs20,0.9202127659574468,,
1b,D4-hetero,0.35,6,D4-hetero_e35_r006,TCRlong(0.40)+rw+A2_Ru10,0.9202127659574468,,
1b,D5-leverage,0.25,6,D5-leverage_e25_r006,ESF12alone,0.905982905982906,0.22,0.0697560750413686
1b,D5-leverage,0.25,6,D5-leverage_e25_r006,ESF12,0.905982905982906,,
1b,D5-leverage,0.25,6,D5-leverage_e25_r006,Alg2_Rs20,0.905982905982906,,
1b,D5-leverage,0.25,6,D5-leverage_e25_r006,Alg2_Ru10,0.905982905982906,,
1b,D5-leverage,0.25,6,D5-leverage_e25_r006,TCRlong(0.40)+rw+A2_Rs20,0.5427350427350427,,
1b,D5-leverage,0.25,6,D5-leverage_e25_r006,TCRlong(0.40)+rw+A2_Ru10,0.5427350427350427,,
1b,D5-leverage,0.3,6,D5-leverage_e30_r006,ESF12alone,0.5165876777251185,0.006666666666666667,10.324053316027857
1b,D5-leverage,0.3,6,D5-leverage_e30_r006,ESF12,0.5165876777251185,,
1b,D5-leverage,0.3,6,D5-leverage_e30_r006,Alg2_Rs20,0.5213270142180095,,
1b,D5-leverage,0.3,6,D5-leverage_e30_r006,Alg2_Ru10,0.5213270142180095,,
1b,D5-leverage,0.3,6,D5-leverage_e30_r006,TCRlong(0.40)+rw+A2_Rs20,0.5165876777251185,,
1b,D5-leverage,0.3,6,D5-leverage_e30_r006,TCRlong(0.40)+rw+A2_Ru10,0.5165876777251185,,
1b,D5-leverage,0.35,6,D5-leverage_e35_r006,ESF12alone,0.5157894736842106,0.01,0.0766942489426583
1b,D5-leverage,0.35,6,D5-leverage_e35_r006,ESF12,0.5157894736842106,,
1b,D5-leverage,0.35,6,D5-leverage_e35_r006,Alg2_Rs20,0.5157894736842106,,
1b,D5-leverage,0.35,6,D5-leverage_e35_r006,Alg2_Ru10,0.5157894736842106,,
1b,D5-leverage,0.35,6,D5-leverage_e35_r006,TCRlong(0.40)+rw+A2_Rs20,0.5263157894736842,,
1b,D5-leverage,0.35,6,D5-leverage_e35_r006,TCRlong(0.40)+rw+A2_Ru10,0.5263157894736842,,
1b,D6-uniform,0.25,6,D6-uniform_e25_r006,ESF12alone,0.5428571428571428,0.0,0.07807797496207058
1b,D6-uniform,0.25,6,D6-uniform_e25_r006,ESF12,0.5428571428571428,,
1b,D6-uniform,0.25,6,D6-uniform_e25_r006,Alg2_Rs20,0.5380952380952381,,
1b,D6-uniform,0.25,6,D6-uniform_e25_r006,Alg2_Ru10,0.5380952380952381,,
1b,D6-uniform,0.25,6,D6-uniform_e25_r006,TCRlong(0.40)+rw+A2_Rs20,0.9,,
1b,D6-uniform,0.25,6,D6-uniform_e25_r006,TCRlong(0.40)+rw+A2_Ru10,0.6142857142857143,,
1b,D6-uniform,0.3,6,D6-uniform_e30_r006,ESF12alone,0.5025125628140703,0.0,0.0762555169640109
1b,D6-uniform,0.3,6,D6-uniform_e30_r006,ESF12,0.5025125628140703,,
1b,D6-uniform,0.3,6,D6-uniform_e30_r006,Alg2_Rs20,0.5276381909547738,,
1b,D6-uniform,0.3,6,D6-uniform_e30_r006,Alg2_Ru10,0.5276381909547738,,
1b,D6-uniform,0.3,6,D6-uniform_e30_r006,TCRlong(0.40)+rw+A2_Rs20,0.5276381909547738,,
1b,D6-uniform,0.3,6,D6-uniform_e30_r006,TCRlong(0.40)+rw+A2_Ru10,0.5276381909547738,,
1b,D6-uniform,0.35,6,D6-uniform_e35_r006,ESF12alone,0.5151515151515151,0.0,0.07920987100806087
1b,D6-uniform,0.35,6,D6-uniform_e35_r006,ESF12,0.5151515151515151,,
1b,D6-uniform,0.35,6,D6-uniform_e35_r006,Alg2_Rs20,0.5151515151515151,,
1b,D6-uniform,0.35,6,D6-uniform_e35_r006,Alg2_Ru10,0.5151515151515151,,
1b,D6-uniform,0.35,6,D6-uniform_e35_r006,TCRlong(0.40)+rw+A2_Rs20,0.5202020202020202,,
1b,D6-uniform,0.35,6,D6-uniform_e35_r006,TCRlong(0.40)+rw+A2_Ru10,0.5202020202020202,,
1b,D7-p3,0.25,6,D7-p3_e25_r006,ESF12alone,0.8990825688073395,0.2733333333333333,11.87873102503363
1b,D7-p3,0.25,6,D7-p3_e25_r006,ESF12,0.8990825688073395,,
1b,D7-p3,0.25,6,D7-p3_e25_r006,Alg2_Rs20,0.8899082568807339,,
1b,D7-p3,0.25,6,D7-p3_e25_r006,Alg2_Ru10,0.8899082568807339,,
1b,D7-p3,0.25,6,D7-p3_e25_r006,TCRlong(0.40)+rw+A2_Rs20,0.8944954128440367,,
1b,D7-p3,0.25,6,D7-p3_e25_r006,TCRlong(0.40)+rw+A2_Ru10,0.8944954128440367,,
1b,D7-p3,0.3,6,D7-p3_e30_r006,ESF12alone,0.9396984924623115,0.34,1.7378332919906825
1b,D7-p3,0.3,6,D7-p3_e30_r006,ESF12,0.9396984924623115,,
1b,D7-p3,0.3,6,D7-p3_e30_r006,Alg2_Rs20,0.9447236180904522,,
1b,D7-p3,0.3,6,D7-p3_e30_r006,Alg2_Ru10,0.9447236180904522,,
1b,D7-p3,0.3,6,D7-p3_e30_r006,TCRlong(0.40)+rw+A2_Rs20,0.9396984924623115,,
1b,D7-p3,0.3,6,D7-p3_e30_r006,TCRlong(0.40)+rw+A2_Ru10,0.9396984924623115,,
1b,D7-p3,0.35,6,D7-p3_e35_r006,ESF12alone,0.8923076923076924,0.3566666666666667,1.792198522016406
1b,D7-p3,0.35,6,D7-p3_e35_r006,ESF12,0.8923076923076924,,
1b,D7-p3,0.35,6,D7-p3_e35_r006,Alg2_Rs20,0.8871794871794871,,
1b,D7-p3,0.35,6,D7-p3_e35_r006,Alg2_Ru10,0.8871794871794871,,
1b,D7-p3,0.35,6,D7-p3_e35_r006,TCRlong(0.40)+rw+A2_Rs20,0.882051282051282,,
1b,D7-p3,0.35,6,D7-p3_e35_r006,TCRlong(0.40)+rw+A2_Ru10,0.882051282051282,,
1b,D8-K2par-sep,0.25,6,D8-K2par-sep_e25_r006,ESF12alone,0.9955947136563876,0.24333333333333335,0.07684203900862485
1b,D8-K2par-sep,0.25,6,D8-K2par-sep_e25_r006,ESF12,0.9955947136563876,,
1b,D8-K2par-sep,0.25,6,D8-K2par-sep_e25_r006,Alg2_Rs20,1.0,,
1b,D8-K2par-sep,0.25,6,D8-K2par-sep_e25_r006,Alg2_Ru10,1.0,,
1b,D8-K2par-sep,0.25,6,D8-K2par-sep_e25_r006,TCRlong(0.40)+rw+A2_Rs20,0.9955947136563876,,
1b,D8-K2par-sep,0.25,6,D8-K2par-sep_e25_r006,TCRlong(0.40)+rw+A2_Ru10,0.9955947136563876,,
1b,D8-K2par-sep,0.3,6,D8-K2par-sep_e30_r006,ESF12alone,1.0,0.3,0.07215243903920054
1b,D8-K2par-sep,0.3,6,D8-K2par-sep_e30_r006,ESF12,1.0,,
1b,D8-K2par-sep,0.3,6,D8-K2par-sep_e30_r006,Alg2_Rs20,1.0,,
1b,D8-K2par-sep,0.3,6,D8-K2par-sep_e30_r006,Alg2_Ru10,1.0,,
1b,D8-K2par-sep,0.3,6,D8-K2par-sep_e30_r006,TCRlong(0.40)+rw+A2_Rs20,1.0,,
1b,D8-K2par-sep,0.3,6,D8-K2par-sep_e30_r006,TCRlong(0.40)+rw+A2_Ru10,1.0,,
1b,D8-K2par-sep,0.35,6,D8-K2par-sep_e35_r006,ESF12alone,1.0,0.32666666666666666,10.649608709965833
1b,D8-K2par-sep,0.35,6,D8-K2par-sep_e35_r006,ESF12,1.0,,
1b,D8-K2par-sep,0.35,6,D8-K2par-sep_e35_r006,Alg2_Rs20,1.0,,
1b,D8-K2par-sep,0.35,6,D8-K2par-sep_e35_r006,Alg2_Ru10,1.0,,
1b,D8-K2par-sep,0.35,6,D8-K2par-sep_e35_r006,TCRlong(0.40)+rw+A2_Rs20,1.0,,
1b,D8-K2par-sep,0.35,6,D8-K2par-sep_e35_r006,TCRlong(0.40)+rw+A2_Ru10,1.0,,
1b,D1-K2cross,0.25,7,D1-K2cross_e25_r007,ESF12alone,0.9308755760368663,0.27666666666666667,0.07460737391375005
1b,D1-K2cross,0.25,7,D1-K2cross_e25_r007,ESF12,0.9308755760368663,,
1b,D1-K2cross,0.25,7,D1-K2cross_e25_r007,Alg2_Rs20,0.9308755760368663,,
1b,D1-K2cross,0.25,7,D1-K2cross_e25_r007,Alg2_Ru10,0.9308755760368663,,
1b,D1-K2cross,0.25,7,D1-K2cross_e25_r007,TCRlong(0.40)+rw+A2_Rs20,0.9308755760368663,,
1b,D1-K2cross,0.25,7,D1-K2cross_e25_r007,TCRlong(0.40)+rw+A2_Ru10,0.9308755760368663,,
1b,D1-K2cross,0.3,7,D1-K2cross_e30_r007,ESF12alone,0.9134615384615384,0.30666666666666664,0.08232019492425025
1b,D1-K2cross,0.3,7,D1-K2cross_e30_r007,ESF12,0.9134615384615384,,
1b,D1-K2cross,0.3,7,D1-K2cross_e30_r007,Alg2_Rs20,0.9182692307692307,,
1b,D1-K2cross,0.3,7,D1-K2cross_e30_r007,Alg2_Ru10,0.9182692307692307,,
1b,D1-K2cross,0.3,7,D1-K2cross_e30_r007,TCRlong(0.40)+rw+A2_Rs20,0.9182692307692307,,
1b,D1-K2cross,0.3,7,D1-K2cross_e30_r007,TCRlong(0.40)+rw+A2_Ru10,0.9182692307692307,,
1b,D1-K2cross,0.35,7,D1-K2cross_e35_r007,ESF12alone,0.9187817258883249,0.3433333333333333,0.0719961749855429
1b,D1-K2cross,0.35,7,D1-K2cross_e35_r007,ESF12,0.9187817258883249,,
1b,D1-K2cross,0.35,7,D1-K2cross_e35_r007,Alg2_Rs20,0.9187817258883249,,
1b,D1-K2cross,0.35,7,D1-K2cross_e35_r007,Alg2_Ru10,0.9187817258883249,,
1b,D1-K2cross,0.35,7,D1-K2cross_e35_r007,TCRlong(0.40)+rw+A2_Rs20,0.9187817258883249,,
1b,D1-K2cross,0.35,7,D1-K2cross_e35_r007,TCRlong(0.40)+rw+A2_Ru10,0.9187817258883249,,
1b,D2-K3par,0.25,7,D2-K3par_e25_r007,ESF12alone,0.9090909090909091,0.19666666666666666,0.3108185640303418
1b,D2-K3par,0.25,7,D2-K3par_e25_r007,ESF12,0.9090909090909091,,
1b,D2-K3par,0.25,7,D2-K3par_e25_r007,Alg2_Rs20,0.9090909090909091,,
1b,D2-K3par,0.25,7,D2-K3par_e25_r007,Alg2_Ru10,0.9090909090909091,,
1b,D2-K3par,0.25,7,D2-K3par_e25_r007,TCRlong(0.40)+rw+A2_Rs20,0.8760330578512396,,
1b,D2-K3par,0.25,7,D2-K3par_e25_r007,TCRlong(0.40)+rw+A2_Ru10,0.8760330578512396,,
1b,D2-K3par,0.3,7,D2-K3par_e30_r007,ESF12alone,0.6512820512820513,0.19333333333333333,0.3696685809409246
1b,D2-K3par,0.3,7,D2-K3par_e30_r007,ESF12,0.6512820512820513,,
1b,D2-K3par,0.3,7,D2-K3par_e30_r007,Alg2_Rs20,0.6512820512820513,,
1b,D2-K3par,0.3,7,D2-K3par_e30_r007,Alg2_Ru10,0.6512820512820513,,
1b,D2-K3par,0.3,7,D2-K3par_e30_r007,TCRlong(0.40)+rw+A2_Rs20,0.9282051282051282,,
1b,D2-K3par,0.3,7,D2-K3par_e30_r007,TCRlong(0.40)+rw+A2_Ru10,0.9282051282051282,,
1b,D2-K3par,0.35,7,D2-K3par_e35_r007,ESF12alone,0.3469387755102041,0.0,0.38815424300264567
1b,D2-K3par,0.35,7,D2-K3par_e35_r007,ESF12,0.3469387755102041,,
1b,D2-K3par,0.35,7,D2-K3par_e35_r007,Alg2_Rs20,0.9081632653061225,,
1b,D2-K3par,0.35,7,D2-K3par_e35_r007,Alg2_Ru10,0.9081632653061225,,
1b,D2-K3par,0.35,7,D2-K3par_e35_r007,TCRlong(0.40)+rw+A2_Rs20,0.6530612244897959,,
1b,D2-K3par,0.35,7,D2-K3par_e35_r007,TCRlong(0.40)+rw+A2_Ru10,0.6530612244897959,,
1b,D3-unequal,0.25,7,D3-unequal_e25_r007,ESF12alone,0.9493670886075949,0.21,0.09173172898590565
1b,D3-unequal,0.25,7,D3-unequal_e25_r007,ESF12,0.9493670886075949,,
1b,D3-unequal,0.25,7,D3-unequal_e25_r007,Alg2_Rs20,0.9493670886075949,,
1b,D3-unequal,0.25,7,D3-unequal_e25_r007,Alg2_Ru10,0.9493670886075949,,
1b,D3-unequal,0.25,7,D3-unequal_e25_r007,TCRlong(0.40)+rw+A2_Rs20,0.9493670886075949,,
1b,D3-unequal,0.25,7,D3-unequal_e25_r007,TCRlong(0.40)+rw+A2_Ru10,0.9493670886075949,,
1b,D3-unequal,0.3,7,D3-unequal_e30_r007,ESF12alone,0.918552036199095,0.26666666666666666,0.07653434108942747
1b,D3-unequal,0.3,7,D3-unequal_e30_r007,ESF12,0.918552036199095,,
1b,D3-unequal,0.3,7,D3-unequal_e30_r007,Alg2_Rs20,0.9095022624434389,,
1b,D3-unequal,0.3,7,D3-unequal_e30_r007,Alg2_Ru10,0.9095022624434389,,
1b,D3-unequal,0.3,7,D3-unequal_e30_r007,TCRlong(0.40)+rw+A2_Rs20,0.9095022624434389,,
1b,D3-unequal,0.3,7,D3-unequal_e30_r007,TCRlong(0.40)+rw+A2_Ru10,0.9095022624434389,,
1b,D3-unequal,0.35,7,D3-unequal_e35_r007,ESF12alone,0.8097826086956522,0.22,0.08115589409135282
1b,D3-unequal,0.35,7,D3-unequal_e35_r007,ESF12,0.8097826086956522,,
1b,D3-unequal,0.35,7,D3-unequal_e35_r007,Alg2_Rs20,0.7336956521739131,,
1b,D3-unequal,0.35,7,D3-unequal_e35_r007,Alg2_Ru10,0.7336956521739131,,
1b,D3-unequal,0.35,7,D3-unequal_e35_r007,TCRlong(0.40)+rw+A2_Rs20,0.7554347826086957,,
1b,D3-unequal,0.35,7,D3-unequal_e35_r007,TCRlong(0.40)+rw+A2_Ru10,0.7554347826086957,,
1b,D4-hetero,0.25,7,D4-hetero_e25_r007,ESF12alone,0.9106382978723404,0.22,0.07752365502528846
1b,D4-hetero,0.25,7,D4-hetero_e25_r007,ESF12,0.9106382978723404,,
1b,D4-hetero,0.25,7,D4-hetero_e25_r007,Alg2_Rs20,0.9063829787234042,,
1b,D4-hetero,0.25,7,D4-hetero_e25_r007,Alg2_Ru10,0.9063829787234042,,
1b,D4-hetero,0.25,7,D4-hetero_e25_r007,TCRlong(0.40)+rw+A2_Rs20,0.9106382978723404,,
1b,D4-hetero,0.25,7,D4-hetero_e25_r007,TCRlong(0.40)+rw+A2_Ru10,0.9106382978723404,,
1b,D4-hetero,0.3,7,D4-hetero_e30_r007,ESF12alone,0.9252336448598131,0.29,0.09044525097124279
1b,D4-hetero,0.3,7,D4-hetero_e30_r007,ESF12,0.9252336448598131,,
1b,D4-hetero,0.3,7,D4-hetero_e30_r007,Alg2_Rs20,0.9252336448598131,,
1b,D4-hetero,0.3,7,D4-hetero_e30_r007,Alg2_Ru10,0.9252336448598131,,
1b,D4-hetero,0.3,7,D4-hetero_e30_r007,TCRlong(0.40)+rw+A2_Rs20,0.9252336448598131,,
1b,D4-hetero,0.3,7,D4-hetero_e30_r007,TCRlong(0.40)+rw+A2_Ru10,0.9252336448598131,,
1b,D4-hetero,0.35,7,D4-hetero_e35_r007,ESF12alone,0.9128205128205128,0.35333333333333333,0.08258735504932702
1b,D4-hetero,0.35,7,D4-hetero_e35_r007,ESF12,0.9128205128205128,,
1b,D4-hetero,0.35,7,D4-hetero_e35_r007,Alg2_Rs20,0.9128205128205128,,
1b,D4-hetero,0.35,7,D4-hetero_e35_r007,Alg2_Ru10,0.9128205128205128,,
1b,D4-hetero,0.35,7,D4-hetero_e35_r007,TCRlong(0.40)+rw+A2_Rs20,0.9179487179487179,,
1b,D4-hetero,0.35,7,D4-hetero_e35_r007,TCRlong(0.40)+rw+A2_Ru10,0.9179487179487179,,
1b,D5-leverage,0.25,7,D5-leverage_e25_r007,ESF12alone,0.5068493150684932,0.1,0.0738948869984597
1b,D5-leverage,0.25,7,D5-leverage_e25_r007,ESF12,0.5068493150684932,,
1b,D5-leverage,0.25,7,D5-leverage_e25_r007,Alg2_Rs20,0.502283105022831,,
1b,D5-leverage,0.25,7,D5-leverage_e25_r007,Alg2_Ru10,0.502283105022831,,
1b,D5-leverage,0.25,7,D5-leverage_e25_r007,TCRlong(0.40)+rw+A2_Rs20,0.502283105022831,,
1b,D5-leverage,0.25,7,D5-leverage_e25_r007,TCRlong(0.40)+rw+A2_Ru10,0.502283105022831,,
1b,D5-leverage,0.3,7,D5-leverage_e30_r007,ESF12alone,0.5514018691588785,0.07,0.08007563801947981
1b,D5-leverage,0.3,7,D5-leverage_e30_r007,ESF12,0.5514018691588785,,
1b,D5-leverage,0.3,7,D5-leverage_e30_r007,Alg2_Rs20,0.5420560747663551,,
1b,D5-leverage,0.3,7,D5-leverage_e30_r007,Alg2_Ru10,0.5420560747663551,,
1b,D5-leverage,0.3,7,D5-leverage_e30_r007,TCRlong(0.40)+rw+A2_Rs20,0.5186915887850467,,
1b,D5-leverage,0.3,7,D5-leverage_e30_r007,TCRlong(0.40)+rw+A2_Ru10,0.5186915887850467,,
1b,D5-leverage,0.35,7,D5-leverage_e35_r007,ESF12alone,0.5106382978723404,0.016666666666666666,0.082803247962147
1b,D5-leverage,0.35,7,D5-leverage_e35_r007,ESF12,0.5106382978723404,,
1b,D5-leverage,0.35,7,D5-leverage_e35_r007,Alg2_Rs20,0.5106382978723404,,
1b,D5-leverage,0.35,7,D5-leverage_e35_r007,Alg2_Ru10,0.5106382978723404,,
1b,D5-leverage,0.35,7,D5-leverage_e35_r007,TCRlong(0.40)+rw+A2_Rs20,0.5,,
1b,D5-leverage,0.35,7,D5-leverage_e35_r007,TCRlong(0.40)+rw+A2_Ru10,0.5,,
1b,D6-uniform,0.25,7,D6-uniform_e25_r007,ESF12alone,0.9162995594713657,0.18,0.07072223594877869
1b,D6-uniform,0.25,7,D6-uniform_e25_r007,ESF12,0.9162995594713657,,
1b,D6-uniform,0.25,7,D6-uniform_e25_r007,Alg2_Rs20,0.9162995594713657,,
1b,D6-uniform,0.25,7,D6-uniform_e25_r007,Alg2_Ru10,0.9162995594713657,,
1b,D6-uniform,0.25,7,D6-uniform_e25_r007,TCRlong(0.40)+rw+A2_Rs20,0.9030837004405287,,
1b,D6-uniform,0.25,7,D6-uniform_e25_r007,TCRlong(0.40)+rw+A2_Ru10,0.9030837004405287,,
1b,D6-uniform,0.3,7,D6-uniform_e30_r007,ESF12alone,0.5121951219512195,0.0,0.07225279801059514
1b,D6-uniform,0.3,7,D6-uniform_e30_r007,ESF12,0.5121951219512195,,
1b,D6-uniform,0.3,7,D6-uniform_e30_r007,Alg2_Rs20,0.5073170731707317,,
1b,D6-uniform,0.3,7,D6-uniform_e30_r007,Alg2_Ru10,0.5073170731707317,,
1b,D6-uniform,0.3,7,D6-uniform_e30_r007,TCRlong(0.40)+rw+A2_Rs20,0.5853658536585366,,
1b,D6-uniform,0.3,7,D6-uniform_e30_r007,TCRlong(0.40)+rw+A2_Ru10,0.5853658536585366,,
1b,D6-uniform,0.35,7,D6-uniform_e35_r007,ESF12alone,0.5543478260869565,0.0,0.07382178993429989
1b,D6-uniform,0.35,7,D6-uniform_e35_r007,ESF12,0.5543478260869565,,
1b,D6-uniform,0.35,7,D6-uniform_e35_r007,Alg2_Rs20,0.5597826086956522,,
1b,D6-uniform,0.35,7,D6-uniform_e35_r007,Alg2_Ru10,0.5597826086956522,,
1b,D6-uniform,0.35,7,D6-uniform_e35_r007,TCRlong(0.40)+rw+A2_Rs20,0.5217391304347826,,
1b,D6-uniform,0.35,7,D6-uniform_e35_r007,TCRlong(0.40)+rw+A2_Ru10,0.5217391304347826,,
1b,D7-p3,0.25,7,D7-p3_e25_r007,ESF12alone,0.9493670886075949,0.21666666666666667,2.258381408988498
1b,D7-p3,0.25,7,D7-p3_e25_r007,ESF12,0.9493670886075949,,
1b,D7-p3,0.25,7,D7-p3_e25_r007,Alg2_Rs20,0.9493670886075949,,
1b,D7-p3,0.25,7,D7-p3_e25_r007,Alg2_Ru10,0.9493670886075949,,
1b,D7-p3,0.25,7,D7-p3_e25_r007,TCRlong(0.40)+rw+A2_Rs20,0.9493670886075949,,
1b,D7-p3,0.25,7,D7-p3_e25_r007,TCRlong(0.40)+rw+A2_Ru10,0.9493670886075949,,
1b,D7-p3,0.3,7,D7-p3_e30_r007,ESF12alone,0.9107981220657277,0.29,2.442571875057183
1b,D7-p3,0.3,7,D7-p3_e30_r007,ESF12,0.9107981220657277,,
1b,D7-p3,0.3,7,D7-p3_e30_r007,Alg2_Rs20,0.9107981220657277,,
1b,D7-p3,0.3,7,D7-p3_e30_r007,Alg2_Ru10,0.9107981220657277,,
1b,D7-p3,0.3,7,D7-p3_e30_r007,TCRlong(0.40)+rw+A2_Rs20,0.9061032863849765,,
1b,D7-p3,0.3,7,D7-p3_e30_r007,TCRlong(0.40)+rw+A2_Ru10,0.9061032863849765,,
1b,D7-p3,0.35,7,D7-p3_e35_r007,ESF12alone,0.8871794871794871,0.3566666666666667,1.7476911889389157
1b,D7-p3,0.35,7,D7-p3_e35_r007,ESF12,0.8871794871794871,,
1b,D7-p3,0.35,7,D7-p3_e35_r007,Alg2_Rs20,0.8871794871794871,,
1b,D7-p3,0.35,7,D7-p3_e35_r007,Alg2_Ru10,0.8871794871794871,,
1b,D7-p3,0.35,7,D7-p3_e35_r007,TCRlong(0.40)+rw+A2_Rs20,0.8871794871794871,,
1b,D7-p3,0.35,7,D7-p3_e35_r007,TCRlong(0.40)+rw+A2_Ru10,0.8871794871794871,,
1b,D8-K2par-sep,0.25,7,D8-K2par-sep_e25_r007,ESF12alone,1.0,0.25333333333333335,0.06848967599216849
1b,D8-K2par-sep,0.25,7,D8-K2par-sep_e25_r007,ESF12,1.0,,
1b,D8-K2par-sep,0.25,7,D8-K2par-sep_e25_r007,Alg2_Rs20,1.0,,
1b,D8-K2par-sep,0.25,7,D8-K2par-sep_e25_r007,Alg2_Ru10,1.0,,
1b,D8-K2par-sep,0.25,7,D8-K2par-sep_e25_r007,TCRlong(0.40)+rw+A2_Rs20,1.0,,
1b,D8-K2par-sep,0.25,7,D8-K2par-sep_e25_r007,TCRlong(0.40)+rw+A2_Ru10,1.0,,
1b,D8-K2par-sep,0.3,7,D8-K2par-sep_e30_r007,ESF12alone,1.0,0.30333333333333334,0.07165425398852676
1b,D8-K2par-sep,0.3,7,D8-K2par-sep_e30_r007,ESF12,1.0,,
1b,D8-K2par-sep,0.3,7,D8-K2par-sep_e30_r007,Alg2_Rs20,1.0,,
1b,D8-K2par-sep,0.3,7,D8-K2par-sep_e30_r007,Alg2_Ru10,1.0,,
1b,D8-K2par-sep,0.3,7,D8-K2par-sep_e30_r007,TCRlong(0.40)+rw+A2_Rs20,1.0,,
1b,D8-K2par-sep,0.3,7,D8-K2par-sep_e30_r007,TCRlong(0.40)+rw+A2_Ru10,1.0,,
1b,D8-K2par-sep,0.35,7,D8-K2par-sep_e35_r007,ESF12alone,1.0,0.38333333333333336,0.07242231804411858
1b,D8-K2par-sep,0.35,7,D8-K2par-sep_e35_r007,ESF12,1.0,,
1b,D8-K2par-sep,0.35,7,D8-K2par-sep_e35_r007,Alg2_Rs20,1.0,,
1b,D8-K2par-sep,0.35,7,D8-K2par-sep_e35_r007,Alg2_Ru10,1.0,,
1b,D8-K2par-sep,0.35,7,D8-K2par-sep_e35_r007,TCRlong(0.40)+rw+A2_Rs20,1.0,,
1b,D8-K2par-sep,0.35,7,D8-K2par-sep_e35_r007,TCRlong(0.40)+rw+A2_Ru10,1.0,,
1b,D1-K2cross,0.25,8,D1-K2cross_e25_r008,ESF12alone,0.905982905982906,0.22,0.07392858201637864
1b,D1-K2cross,0.25,8,D1-K2cross_e25_r008,ESF12,0.905982905982906,,
1b,D1-K2cross,0.25,8,D1-K2cross_e25_r008,Alg2_Rs20,0.905982905982906,,
1b,D1-K2cross,0.25,8,D1-K2cross_e25_r008,Alg2_Ru10,0.905982905982906,,
1b,D1-K2cross,0.25,8,D1-K2cross_e25_r008,TCRlong(0.40)+rw+A2_Rs20,0.905982905982906,,
1b,D1-K2cross,0.25,8,D1-K2cross_e25_r008,TCRlong(0.40)+rw+A2_Ru10,0.905982905982906,,
1b,D1-K2cross,0.3,8,D1-K2cross_e30_r008,ESF12alone,0.9136363636363637,0.26666666666666666,0.09305535291787237
1b,D1-K2cross,0.3,8,D1-K2cross_e30_r008,ESF12,0.9136363636363637,,
1b,D1-K2cross,0.3,8,D1-K2cross_e30_r008,Alg2_Rs20,0.9136363636363637,,
1b,D1-K2cross,0.3,8,D1-K2cross_e30_r008,Alg2_Ru10,0.9136363636363637,,
1b,D1-K2cross,0.3,8,D1-K2cross_e30_r008,TCRlong(0.40)+rw+A2_Rs20,0.9136363636363637,,
1b,D1-K2cross,0.3,8,D1-K2cross_e30_r008,TCRlong(0.40)+rw+A2_Ru10,0.9136363636363637,,
1b,D1-K2cross,0.35,8,D1-K2cross_e35_r008,ESF12alone,0.9230769230769231,0.35,0.07127130695153028
1b,D1-K2cross,0.35,8,D1-K2cross_e35_r008,ESF12,0.9230769230769231,,
1b,D1-K2cross,0.35,8,D1-K2cross_e35_r008,Alg2_Rs20,0.9230769230769231,,
1b,D1-K2cross,0.35,8,D1-K2cross_e35_r008,Alg2_Ru10,0.9230769230769231,,
1b,D1-K2cross,0.35,8,D1-K2cross_e35_r008,TCRlong(0.40)+rw+A2_Rs20,0.9230769230769231,,
1b,D1-K2cross,0.35,8,D1-K2cross_e35_r008,TCRlong(0.40)+rw+A2_Ru10,0.9230769230769231,,
1b,D2-K3par,0.25,8,D2-K3par_e25_r008,ESF12alone,0.6210045662100456,0.12,0.3337428589584306
1b,D2-K3par,0.25,8,D2-K3par_e25_r008,ESF12,0.6210045662100456,,
1b,D2-K3par,0.25,8,D2-K3par_e25_r008,Alg2_Rs20,0.91324200913242,,
1b,D2-K3par,0.25,8,D2-K3par_e25_r008,Alg2_Ru10,0.91324200913242,,
1b,D2-K3par,0.25,8,D2-K3par_e25_r008,TCRlong(0.40)+rw+A2_Rs20,0.91324200913242,,
1b,D2-K3par,0.25,8,D2-K3par_e25_r008,TCRlong(0.40)+rw+A2_Ru10,0.91324200913242,,
1b,D2-K3par,0.3,8,D2-K3par_e30_r008,ESF12alone,0.8779342723004695,0.29,0.35476135998032987
1b,D2-K3par,0.3,8,D2-K3par_e30_r008,ESF12,0.8779342723004695,,
1b,D2-K3par,0.3,8,D2-K3par_e30_r008,Alg2_Rs20,0.8779342723004695,,
1b,D2-K3par,0.3,8,D2-K3par_e30_r008,Alg2_Ru10,0.8779342723004695,,
1b,D2-K3par,0.3,8,D2-K3par_e30_r008,TCRlong(0.40)+rw+A2_Rs20,0.8779342723004695,,
1b,D2-K3par,0.3,8,D2-K3par_e30_r008,TCRlong(0.40)+rw+A2_Ru10,0.8779342723004695,,
1b,D2-K3par,0.35,8,D2-K3par_e35_r008,ESF12alone,0.673469387755102,0.14666666666666667,0.3600341259734705
1b,D2-K3par,0.35,8,D2-K3par_e35_r008,ESF12,0.673469387755102,,
1b,D2-K3par,0.35,8,D2-K3par_e35_r008,Alg2_Rs20,0.673469387755102,,
1b,D2-K3par,0.35,8,D2-K3par_e35_r008,Alg2_Ru10,0.673469387755102,,
1b,D2-K3par,0.35,8,D2-K3par_e35_r008,TCRlong(0.40)+rw+A2_Rs20,0.923469387755102,,
1b,D2-K3par,0.35,8,D2-K3par_e35_r008,TCRlong(0.40)+rw+A2_Ru10,0.923469387755102,,
1b,D3-unequal,0.25,8,D3-unequal_e25_r008,ESF12alone,0.915929203539823,0.24666666666666667,0.07527742395177484
1b,D3-unequal,0.25,8,D3-unequal_e25_r008,ESF12,0.915929203539823,,
1b,D3-unequal,0.25,8,D3-unequal_e25_r008,Alg2_Rs20,0.915929203539823,,
1b,D3-unequal,0.25,8,D3-unequal_e25_r008,Alg2_Ru10,0.915929203539823,,
1b,D3-unequal,0.25,8,D3-unequal_e25_r008,TCRlong(0.40)+rw+A2_Rs20,0.915929203539823,,
1b,D3-unequal,0.25,8,D3-unequal_e25_r008,TCRlong(0.40)+rw+A2_Ru10,0.915929203539823,,
1b,D3-unequal,0.3,8,D3-unequal_e30_r008,ESF12alone,0.9248826291079812,0.29,0.07403691008221358
1b,D3-unequal,0.3,8,D3-unequal_e30_r008,ESF12,0.9248826291079812,,
1b,D3-unequal,0.3,8,D3-unequal_e30_r008,Alg2_Rs20,0.9248826291079812,,
1b,D3-unequal,0.3,8,D3-unequal_e30_r008,Alg2_Ru10,0.9248826291079812,,
1b,D3-unequal,0.3,8,D3-unequal_e30_r008,TCRlong(0.40)+rw+A2_Rs20,0.9154929577464789,,
1b,D3-unequal,0.3,8,D3-unequal_e30_r008,TCRlong(0.40)+rw+A2_Ru10,0.9154929577464789,,
1b,D3-unequal,0.35,8,D3-unequal_e35_r008,ESF12alone,0.6514285714285715,0.21,0.08548760798294097
1b,D3-unequal,0.35,8,D3-unequal_e35_r008,ESF12,0.6514285714285715,,
1b,D3-unequal,0.35,8,D3-unequal_e35_r008,Alg2_Rs20,0.6514285714285715,,
1b,D3-unequal,0.35,8,D3-unequal_e35_r008,Alg2_Ru10,0.6514285714285715,,
1b,D3-unequal,0.35,8,D3-unequal_e35_r008,TCRlong(0.40)+rw+A2_Rs20,0.6514285714285715,,
1b,D3-unequal,0.35,8,D3-unequal_e35_r008,TCRlong(0.40)+rw+A2_Ru10,0.6514285714285715,,
1b,D4-hetero,0.25,8,D4-hetero_e25_r008,ESF12alone,0.908695652173913,0.23333333333333334,0.07892698305658996
1b,D4-hetero,0.25,8,D4-hetero_e25_r008,ESF12,0.908695652173913,,
1b,D4-hetero,0.25,8,D4-hetero_e25_r008,Alg2_Rs20,0.908695652173913,,
1b,D4-hetero,0.25,8,D4-hetero_e25_r008,Alg2_Ru10,0.908695652173913,,
1b,D4-hetero,0.25,8,D4-hetero_e25_r008,TCRlong(0.40)+rw+A2_Rs20,0.908695652173913,,
1b,D4-hetero,0.25,8,D4-hetero_e25_r008,TCRlong(0.40)+rw+A2_Ru10,0.908695652173913,,
1b,D4-hetero,0.3,8,D4-hetero_e30_r008,ESF12alone,0.8944723618090452,0.3433333333333333,0.07680073799565434
1b,D4-hetero,0.3,8,D4-hetero_e30_r008,ESF12,0.8944723618090452,,
1b,D4-hetero,0.3,8,D4-hetero_e30_r008,Alg2_Rs20,0.8944723618090452,,
1b,D4-hetero,0.3,8,D4-hetero_e30_r008,Alg2_Ru10,0.8944723618090452,,
1b,D4-hetero,0.3,8,D4-hetero_e30_r008,TCRlong(0.40)+rw+A2_Rs20,0.8994974874371859,,
1b,D4-hetero,0.3,8,D4-hetero_e30_r008,TCRlong(0.40)+rw+A2_Ru10,0.8994974874371859,,
1b,D4-hetero,0.35,8,D4-hetero_e35_r008,ESF12alone,0.93048128342246,0.38333333333333336,0.07476673007477075
1b,D4-hetero,0.35,8,D4-hetero_e35_r008,ESF12,0.93048128342246,,
1b,D4-hetero,0.35,8,D4-hetero_e35_r008,Alg2_Rs20,0.93048128342246,,
1b,D4-hetero,0.35,8,D4-hetero_e35_r008,Alg2_Ru10,0.93048128342246,,
1b,D4-hetero,0.35,8,D4-hetero_e35_r008,TCRlong(0.40)+rw+A2_Rs20,0.93048128342246,,
1b,D4-hetero,0.35,8,D4-hetero_e35_r008,TCRlong(0.40)+rw+A2_Ru10,0.93048128342246,,
1b,D5-leverage,0.25,8,D5-leverage_e25_r008,ESF12alone,0.5373831775700935,0.08333333333333333,0.07192419609054923
1b,D5-leverage,0.25,8,D5-leverage_e25_r008,ESF12,0.5373831775700935,,
1b,D5-leverage,0.25,8,D5-leverage_e25_r008,Alg2_Rs20,0.5373831775700935,,
1b,D5-leverage,0.25,8,D5-leverage_e25_r008,Alg2_Ru10,0.5373831775700935,,
1b,D5-leverage,0.25,8,D5-leverage_e25_r008,TCRlong(0.40)+rw+A2_Rs20,0.5467289719626168,,
1b,D5-leverage,0.25,8,D5-leverage_e25_r008,TCRlong(0.40)+rw+A2_Ru10,0.5467289719626168,,
1b,D5-leverage,0.3,8,D5-leverage_e30_r008,ESF12alone,0.5136363636363637,0.0,0.07322226499672979
1b,D5-leverage,0.3,8,D5-leverage_e30_r008,ESF12,0.5136363636363637,,
1b,D5-leverage,0.3,8,D5-leverage_e30_r008,Alg2_Rs20,0.5136363636363637,,
1b,D5-leverage,0.3,8,D5-leverage_e30_r008,Alg2_Ru10,0.5136363636363637,,
1b,D5-leverage,0.3,8,D5-leverage_e30_r008,TCRlong(0.40)+rw+A2_Rs20,0.5136363636363637,,
1b,D5-leverage,0.3,8,D5-leverage_e30_r008,TCRlong(0.40)+rw+A2_Ru10,0.5136363636363637,,
1b,D5-leverage,0.35,8,D5-leverage_e35_r008,ESF12alone,0.5077720207253886,0.0033333333333333335,0.07264672697056085
1b,D5-leverage,0.35,8,D5-leverage_e35_r008,ESF12,0.5077720207253886,,
1b,D5-leverage,0.35,8,D5-leverage_e35_r008,Alg2_Rs20,0.5077720207253886,,
1b,D5-leverage,0.35,8,D5-leverage_e35_r008,Alg2_Ru10,0.5077720207253886,,
1b,D5-leverage,0.35,8,D5-leverage_e35_r008,TCRlong(0.40)+rw+A2_Rs20,0.5129533678756477,,
1b,D5-leverage,0.35,8,D5-leverage_e35_r008,TCRlong(0.40)+rw+A2_Ru10,0.5129533678756477,,
1b,D6-uniform,0.25,8,D6-uniform_e25_r008,ESF12alone,0.5233644859813084,0.0,0.07663770101498812
1b,D6-uniform,0.25,8,D6-uniform_e25_r008,ESF12,0.5233644859813084,,
1b,D6-uniform,0.25,8,D6-uniform_e25_r008,Alg2_Rs20,0.5233644859813084,,
1b,D6-uniform,0.25,8,D6-uniform_e25_r008,Alg2_Ru10,0.5233644859813084,,
1b,D6-uniform,0.25,8,D6-uniform_e25_r008,TCRlong(0.40)+rw+A2_Rs20,0.9392523364485982,,
1b,D6-uniform,0.25,8,D6-uniform_e25_r008,TCRlong(0.40)+rw+A2_Ru10,0.5046728971962616,,
1b,D6-uniform,0.3,8,D6-uniform_e30_r008,ESF12alone,0.5116279069767442,0.0,0.08339414489455521
1b,D6-uniform,0.3,8,D6-uniform_e30_r008,ESF12,0.5116279069767442,,
1b,D6-uniform,0.3,8,D6-uniform_e30_r008,Alg2_Rs20,0.5116279069767442,,
1b,D6-uniform,0.3,8,D6-uniform_e30_r008,Alg2_Ru10,0.5116279069767442,,
1b,D6-uniform,0.3,8,D6-uniform_e30_r008,TCRlong(0.40)+rw+A2_Rs20,0.9302325581395349,,
1b,D6-uniform,0.3,8,D6-uniform_e30_r008,TCRlong(0.40)+rw+A2_Ru10,0.9302325581395349,,
1b,D6-uniform,0.35,8,D6-uniform_e35_r008,ESF12alone,0.5421052631578948,0.0,0.07351415301673114
1b,D6-uniform,0.35,8,D6-uniform_e35_r008,ESF12,0.5421052631578948,,
1b,D6-uniform,0.35,8,D6-uniform_e35_r008,Alg2_Rs20,0.5421052631578948,,
1b,D6-uniform,0.35,8,D6-uniform_e35_r008,Alg2_Ru10,0.5421052631578948,,
1b,D6-uniform,0.35,8,D6-uniform_e35_r008,TCRlong(0.40)+rw+A2_Rs20,0.5157894736842106,,
1b,D6-uniform,0.35,8,D6-uniform_e35_r008,TCRlong(0.40)+rw+A2_Ru10,0.5157894736842106,,
1b,D7-p3,0.25,8,D7-p3_e25_r008,ESF12alone,0.9004524886877828,0.2733333333333333,2.121391720022075
1b,D7-p3,0.25,8,D7-p3_e25_r008,ESF12,0.9004524886877828,,
1b,D7-p3,0.25,8,D7-p3_e25_r008,Alg2_Rs20,0.9004524886877828,,
1b,D7-p3,0.25,8,D7-p3_e25_r008,Alg2_Ru10,0.9004524886877828,,
1b,D7-p3,0.25,8,D7-p3_e25_r008,TCRlong(0.40)+rw+A2_Rs20,0.8914027149321267,,
1b,D7-p3,0.25,8,D7-p3_e25_r008,TCRlong(0.40)+rw+A2_Ru10,0.8914027149321267,,
1b,D7-p3,0.3,8,D7-p3_e30_r008,ESF12alone,0.9154228855721394,0.3333333333333333,1.8300022670300677
1b,D7-p3,0.3,8,D7-p3_e30_r008,ESF12,0.9154228855721394,,
1b,D7-p3,0.3,8,D7-p3_e30_r008,Alg2_Rs20,0.9054726368159204,,
1b,D7-p3,0.3,8,D7-p3_e30_r008,Alg2_Ru10,0.9054726368159204,,
1b,D7-p3,0.3,8,D7-p3_e30_r008,TCRlong(0.40)+rw+A2_Rs20,0.9054726368159204,,
1b,D7-p3,0.3,8,D7-p3_e30_r008,TCRlong(0.40)+rw+A2_Ru10,0.9054726368159204,,
1b,D7-p3,0.35,8,D7-p3_e35_r008,ESF12alone,0.93717277486911,0.36333333333333334,1.8994205930503085
1b,D7-p3,0.35,8,D7-p3_e35_r008,ESF12,0.93717277486911,,
1b,D7-p3,0.35,8,D7-p3_e35_r008,Alg2_Rs20,0.9424083769633508,,
1b,D7-p3,0.35,8,D7-p3_e35_r008,Alg2_Ru10,0.9424083769633508,,
1b,D7-p3,0.35,8,D7-p3_e35_r008,TCRlong(0.40)+rw+A2_Rs20,0.9424083769633508,,
1b,D7-p3,0.35,8,D7-p3_e35_r008,TCRlong(0.40)+rw+A2_Ru10,0.9424083769633508,,
1b,D8-K2par-sep,0.25,8,D8-K2par-sep_e25_r008,ESF12alone,1.0,0.24333333333333335,0.07999149104580283
1b,D8-K2par-sep,0.25,8,D8-K2par-sep_e25_r008,ESF12,1.0,,
1b,D8-K2par-sep,0.25,8,D8-K2par-sep_e25_r008,Alg2_Rs20,1.0,,
1b,D8-K2par-sep,0.25,8,D8-K2par-sep_e25_r008,Alg2_Ru10,1.0,,
1b,D8-K2par-sep,0.25,8,D8-K2par-sep_e25_r008,TCRlong(0.40)+rw+A2_Rs20,1.0,,
1b,D8-K2par-sep,0.25,8,D8-K2par-sep_e25_r008,TCRlong(0.40)+rw+A2_Ru10,1.0,,
1b,D8-K2par-sep,0.3,8,D8-K2par-sep_e30_r008,ESF12alone,1.0,0.3466666666666667,0.08011105295736343
1b,D8-K2par-sep,0.3,8,D8-K2par-sep_e30_r008,ESF12,1.0,,
1b,D8-K2par-sep,0.3,8,D8-K2par-sep_e30_r008,Alg2_Rs20,1.0,,
1b,D8-K2par-sep,0.3,8,D8-K2par-sep_e30_r008,Alg2_Ru10,1.0,,
1b,D8-K2par-sep,0.3,8,D8-K2par-sep_e30_r008,TCRlong(0.40)+rw+A2_Rs20,1.0,,
1b,D8-K2par-sep,0.3,8,D8-K2par-sep_e30_r008,TCRlong(0.40)+rw+A2_Ru10,1.0,,
1b,D8-K2par-sep,0.35,8,D8-K2par-sep_e35_r008,ESF12alone,1.0,0.38,0.0868388150120154
1b,D8-K2par-sep,0.35,8,D8-K2par-sep_e35_r008,ESF12,1.0,,
1b,D8-K2par-sep,0.35,8,D8-K2par-sep_e35_r008,Alg2_Rs20,1.0,,
1b,D8-K2par-sep,0.35,8,D8-K2par-sep_e35_r008,Alg2_Ru10,1.0,,
1b,D8-K2par-sep,0.35,8,D8-K2par-sep_e35_r008,TCRlong(0.40)+rw+A2_Rs20,1.0,,
1b,D8-K2par-sep,0.35,8,D8-K2par-sep_e35_r008,TCRlong(0.40)+rw+A2_Ru10,1.0,,
1b,D1-K2cross,0.25,9,D1-K2cross_e25_r009,ESF12alone,0.9,0.23666666666666666,0.0838370060082525
1b,D1-K2cross,0.25,9,D1-K2cross_e25_r009,ESF12,0.9,,
1b,D1-K2cross,0.25,9,D1-K2cross_e25_r009,Alg2_Rs20,0.9,,
1b,D1-K2cross,0.25,9,D1-K2cross_e25_r009,Alg2_Ru10,0.9,,
1b,D1-K2cross,0.25,9,D1-K2cross_e25_r009,TCRlong(0.40)+rw+A2_Rs20,0.9,,
1b,D1-K2cross,0.25,9,D1-K2cross_e25_r009,TCRlong(0.40)+rw+A2_Ru10,0.9,,
1b,D1-K2cross,0.3,9,D1-K2cross_e30_r009,ESF12alone,0.9052132701421801,0.2966666666666667,0.0673327969852835
1b,D1-K2cross,0.3,9,D1-K2cross_e30_r009,ESF12,0.9052132701421801,,
1b,D1-K2cross,0.3,9,D1-K2cross_e30_r009,Alg2_Rs20,0.9052132701421801,,
1b,D1-K2cross,0.3,9,D1-K2cross_e30_r009,Alg2_Ru10,0.9052132701421801,,
1b,D1-K2cross,0.3,9,D1-K2cross_e30_r009,TCRlong(0.40)+rw+A2_Rs20,0.9052132701421801,,
1b,D1-K2cross,0.3,9,D1-K2cross_e30_r009,TCRlong(0.40)+rw+A2_Ru10,0.9052132701421801,,
1b,D1-K2cross,0.35,9,D1-K2cross_e35_r009,ESF12alone,0.9227053140096618,0.31,0.09886480600107461
1b,D1-K2cross,0.35,9,D1-K2cross_e35_r009,ESF12,0.9227053140096618,,
1b,D1-K2cross,0.35,9,D1-K2cross_e35_r009,Alg2_Rs20,0.9227053140096618,,
1b,D1-K2cross,0.35,9,D1-K2cross_e35_r009,Alg2_Ru10,0.9227053140096618,,
1b,D1-K2cross,0.35,9,D1-K2cross_e35_r009,TCRlong(0.40)+rw+A2_Rs20,0.9227053140096618,,
1b,D1-K2cross,0.35,9,D1-K2cross_e35_r009,TCRlong(0.40)+rw+A2_Ru10,0.9227053140096618,,
1b,D2-K3par,0.25,9,D2-K3par_e25_r009,ESF12alone,0.8898678414096917,0.24333333333333335,0.31011711701285094
1b,D2-K3par,0.25,9,D2-K3par_e25_r009,ESF12,0.8898678414096917,,
1b,D2-K3par,0.25,9,D2-K3par_e25_r009,Alg2_Rs20,0.8810572687224669,,
1b,D2-K3par,0.25,9,D2-K3par_e25_r009,Alg2_Ru10,0.8810572687224669,,
1b,D2-K3par,0.25,9,D2-K3par_e25_r009,TCRlong(0.40)+rw+A2_Rs20,0.8942731277533039,,
1b,D2-K3par,0.25,9,D2-K3par_e25_r009,TCRlong(0.40)+rw+A2_Ru10,0.8942731277533039,,
1b,D2-K3par,0.3,9,D2-K3par_e30_r009,ESF12alone,0.8883720930232558,0.2833333333333333,0.30984448199160397
1b,D2-K3par,0.3,9,D2-K3par_e30_r009,ESF12,0.8883720930232558,,
1b,D2-K3par,0.3,9,D2-K3par_e30_r009,Alg2_Rs20,0.8790697674418605,,
1b,D2-K3par,0.3,9,D2-K3par_e30_r009,Alg2_Ru10,0.8790697674418605,,
1b,D2-K3par,0.3,9,D2-K3par_e30_r009,TCRlong(0.40)+rw+A2_Rs20,0.6465116279069767,,
1b,D2-K3par,0.3,9,D2-K3par_e30_r009,TCRlong(0.40)+rw+A2_Ru10,0.6465116279069767,,
1b,D2-K3par,0.35,9,D2-K3par_e35_r009,ESF12alone,0.7205882352941176,0.14333333333333334,0.44660345395095646
1b,D2-K3par,0.35,9,D2-K3par_e35_r009,ESF12,0.7205882352941176,,
1b,D2-K3par,0.35,9,D2-K3par_e35_r009,Alg2_Rs20,0.7254901960784313,,
1b,D2-K3par,0.35,9,D2-K3par_e35_r009,Alg2_Ru10,0.7254901960784313,,
1b,D2-K3par,0.35,9,D2-K3par_e35_r009,TCRlong(0.40)+rw+A2_Rs20,0.8970588235294118,,
1b,D2-K3par,0.35,9,D2-K3par_e35_r009,TCRlong(0.40)+rw+A2_Ru10,0.8970588235294118,,
1b,D3-unequal,0.25,9,D3-unequal_e25_r009,ESF12alone,0.9184549356223176,0.22333333333333333,0.07852692995220423
1b,D3-unequal,0.25,9,D3-unequal_e25_r009,ESF12,0.9184549356223176,,
1b,D3-unequal,0.25,9,D3-unequal_e25_r009,Alg2_Rs20,0.9141630901287554,,
1b,D3-unequal,0.25,9,D3-unequal_e25_r009,Alg2_Ru10,0.9141630901287554,,
1b,D3-unequal,0.25,9,D3-unequal_e25_r009,TCRlong(0.40)+rw+A2_Rs20,0.8927038626609443,,
1b,D3-unequal,0.25,9,D3-unequal_e25_r009,TCRlong(0.40)+rw+A2_Ru10,0.8927038626609443,,
1b,D3-unequal,0.3,9,D3-unequal_e30_r009,ESF12alone,0.9368932038834952,0.31333333333333335,0.07234920607879758
1b,D3-unequal,0.3,9,D3-unequal_e30_r009,ESF12,0.9368932038834952,,
1b,D3-unequal,0.3,9,D3-unequal_e30_r009,Alg2_Rs20,0.7038834951456311,,
1b,D3-unequal,0.3,9,D3-unequal_e30_r009,Alg2_Ru10,0.7038834951456311,,
1b,D3-unequal,0.3,9,D3-unequal_e30_r009,TCRlong(0.40)+rw+A2_Rs20,0.9368932038834952,,
1b,D3-unequal,0.3,9,D3-unequal_e30_r009,TCRlong(0.40)+rw+A2_Ru10,0.9368932038834952,,
1b,D3-unequal,0.35,9,D3-unequal_e35_r009,ESF12alone,0.7391304347826086,0.22,0.08638581400737166
1b,D3-unequal,0.35,9,D3-unequal_e35_r009,ESF12,0.7391304347826086,,
1b,D3-unequal,0.35,9,D3-unequal_e35_r009,Alg2_Rs20,0.7391304347826086,,
1b,D3-unequal,0.35,9,D3-unequal_e35_r009,Alg2_Ru10,0.7391304347826086,,
1b,D3-unequal,0.35,9,D3-unequal_e35_r009,TCRlong(0.40)+rw+A2_Rs20,0.75,,
1b,D3-unequal,0.35,9,D3-unequal_e35_r009,TCRlong(0.40)+rw+A2_Ru10,0.75,,
1b,D4-hetero,0.25,9,D4-hetero_e25_r009,ESF12alone,0.95,0.27,0.0739375309785828
1b,D4-hetero,0.25,9,D4-hetero_e25_r009,ESF12,0.95,,
1b,D4-hetero,0.25,9,D4-hetero_e25_r009,Alg2_Rs20,0.95,,
1b,D4-hetero,0.25,9,D4-hetero_e25_r009,Alg2_Ru10,0.95,,
1b,D4-hetero,0.25,9,D4-hetero_e25_r009,TCRlong(0.40)+rw+A2_Rs20,0.9590909090909091,,
1b,D4-hetero,0.25,9,D4-hetero_e25_r009,TCRlong(0.40)+rw+A2_Ru10,0.9590909090909091,,
1b,D4-hetero,0.3,9,D4-hetero_e30_r009,ESF12alone,0.8878923766816144,0.26666666666666666,0.0766836729599163
1b,D4-hetero,0.3,9,D4-hetero_e30_r009,ESF12,0.8878923766816144,,
1b,D4-hetero,0.3,9,D4-hetero_e30_r009,Alg2_Rs20,0.8878923766816144,,
1b,D4-hetero,0.3,9,D4-hetero_e30_r009,Alg2_Ru10,0.8878923766816144,,
1b,D4-hetero,0.3,9,D4-hetero_e30_r009,TCRlong(0.40)+rw+A2_Rs20,0.8878923766816144,,
1b,D4-hetero,0.3,9,D4-hetero_e30_r009,TCRlong(0.40)+rw+A2_Ru10,0.8878923766816144,,
1b,D4-hetero,0.35,9,D4-hetero_e35_r009,ESF12alone,0.945,0.3333333333333333,0.07187523797620088
1b,D4-hetero,0.35,9,D4-hetero_e35_r009,ESF12,0.945,,
1b,D4-hetero,0.35,9,D4-hetero_e35_r009,Alg2_Rs20,0.945,,
1b,D4-hetero,0.35,9,D4-hetero_e35_r009,Alg2_Ru10,0.945,,
1b,D4-hetero,0.35,9,D4-hetero_e35_r009,TCRlong(0.40)+rw+A2_Rs20,0.945,,
1b,D4-hetero,0.35,9,D4-hetero_e35_r009,TCRlong(0.40)+rw+A2_Ru10,0.945,,
1b,D5-leverage,0.25,9,D5-leverage_e25_r009,ESF12alone,0.8838174273858921,0.2,0.0698225119849667
1b,D5-leverage,0.25,9,D5-leverage_e25_r009,ESF12,0.8838174273858921,,
1b,D5-leverage,0.25,9,D5-leverage_e25_r009,Alg2_Rs20,0.8838174273858921,,
1b,D5-leverage,0.25,9,D5-leverage_e25_r009,Alg2_Ru10,0.8838174273858921,,
1b,D5-leverage,0.25,9,D5-leverage_e25_r009,TCRlong(0.40)+rw+A2_Rs20,0.8838174273858921,,
1b,D5-leverage,0.25,9,D5-leverage_e25_r009,TCRlong(0.40)+rw+A2_Ru10,0.8838174273858921,,
1b,D5-leverage,0.3,9,D5-leverage_e30_r009,ESF12alone,0.5141509433962265,0.016666666666666666,0.07073989894706756
1b,D5-leverage,0.3,9,D5-leverage_e30_r009,ESF12,0.5141509433962265,,
1b,D5-leverage,0.3,9,D5-leverage_e30_r009,Alg2_Rs20,0.5141509433962265,,
1b,D5-leverage,0.3,9,D5-leverage_e30_r009,Alg2_Ru10,0.5141509433962265,,
1b,D5-leverage,0.3,9,D5-leverage_e30_r009,TCRlong(0.40)+rw+A2_Rs20,0.7216981132075472,,
1b,D5-leverage,0.3,9,D5-leverage_e30_r009,TCRlong(0.40)+rw+A2_Ru10,0.7216981132075472,,
1b,D5-leverage,0.35,9,D5-leverage_e35_r009,ESF12alone,0.5405405405405406,0.01,0.07162025000434369
1b,D5-leverage,0.35,9,D5-leverage_e35_r009,ESF12,0.5405405405405406,,
1b,D5-leverage,0.35,9,D5-leverage_e35_r009,Alg2_Rs20,0.5405405405405406,,
1b,D5-leverage,0.35,9,D5-leverage_e35_r009,Alg2_Ru10,0.5405405405405406,,
1b,D5-leverage,0.35,9,D5-leverage_e35_r009,TCRlong(0.40)+rw+A2_Rs20,0.5243243243243243,,
1b,D5-leverage,0.35,9,D5-leverage_e35_r009,TCRlong(0.40)+rw+A2_Ru10,0.5243243243243243,,
1b,D6-uniform,0.25,9,D6-uniform_e25_r009,ESF12alone,0.5113122171945701,0.0,0.06940498400945216
1b,D6-uniform,0.25,9,D6-uniform_e25_r009,ESF12,0.5113122171945701,,
1b,D6-uniform,0.25,9,D6-uniform_e25_r009,Alg2_Rs20,0.5248868778280543,,
1b,D6-uniform,0.25,9,D6-uniform_e25_r009,Alg2_Ru10,0.5248868778280543,,
1b,D6-uniform,0.25,9,D6-uniform_e25_r009,TCRlong(0.40)+rw+A2_Rs20,0.9230769230769231,,
1b,D6-uniform,0.25,9,D6-uniform_e25_r009,TCRlong(0.40)+rw+A2_Ru10,0.9230769230769231,,
1b,D6-uniform,0.3,9,D6-uniform_e30_r009,ESF12alone,0.5096153846153846,0.0,0.08282552903983742
1b,D6-uniform,0.3,9,D6-uniform_e30_r009,ESF12,0.5096153846153846,,
1b,D6-uniform,0.3,9,D6-uniform_e30_r009,Alg2_Rs20,0.5096153846153846,,
1b,D6-uniform,0.3,9,D6-uniform_e30_r009,Alg2_Ru10,0.5096153846153846,,
1b,D6-uniform,0.3,9,D6-uniform_e30_r009,TCRlong(0.40)+rw+A2_Rs20,0.9134615384615384,,
1b,D6-uniform,0.3,9,D6-uniform_e30_r009,TCRlong(0.40)+rw+A2_Ru10,0.9134615384615384,,
1b,D6-uniform,0.35,9,D6-uniform_e35_r009,ESF12alone,0.5436893203883495,0.0,0.06482285703532398
1b,D6-uniform,0.35,9,D6-uniform_e35_r009,ESF12,0.5436893203883495,,
1b,D6-uniform,0.35,9,D6-uniform_e35_r009,Alg2_Rs20,0.5388349514563107,,
1b,D6-uniform,0.35,9,D6-uniform_e35_r009,Alg2_Ru10,0.5388349514563107,,
1b,D6-uniform,0.35,9,D6-uniform_e35_r009,TCRlong(0.40)+rw+A2_Rs20,0.9320388349514563,,
1b,D6-uniform,0.35,9,D6-uniform_e35_r009,TCRlong(0.40)+rw+A2_Ru10,0.5485436893203883,,
1b,D7-p3,0.25,9,D7-p3_e25_r009,ESF12alone,0.9203539823008849,0.2633333333333333,2.3098047559615225
1b,D7-p3,0.25,9,D7-p3_e25_r009,ESF12,0.9203539823008849,,
1b,D7-p3,0.25,9,D7-p3_e25_r009,Alg2_Rs20,0.9203539823008849,,
1b,D7-p3,0.25,9,D7-p3_e25_r009,Alg2_Ru10,0.9203539823008849,,
1b,D7-p3,0.25,9,D7-p3_e25_r009,TCRlong(0.40)+rw+A2_Rs20,0.9203539823008849,,
1b,D7-p3,0.25,9,D7-p3_e25_r009,TCRlong(0.40)+rw+A2_Ru10,0.9203539823008849,,
1b,D7-p3,0.3,9,D7-p3_e30_r009,ESF12alone,0.9069767441860465,0.2866666666666667,1.9485925449989736
1b,D7-p3,0.3,9,D7-p3_e30_r009,ESF12,0.9069767441860465,,
1b,D7-p3,0.3,9,D7-p3_e30_r009,Alg2_Rs20,0.9069767441860465,,
1b,D7-p3,0.3,9,D7-p3_e30_r009,Alg2_Ru10,0.9069767441860465,,
1b,D7-p3,0.3,9,D7-p3_e30_r009,TCRlong(0.40)+rw+A2_Rs20,0.9023255813953488,,
1b,D7-p3,0.3,9,D7-p3_e30_r009,TCRlong(0.40)+rw+A2_Ru10,0.9023255813953488,,
1b,D7-p3,0.35,9,D7-p3_e35_r009,ESF12alone,0.8823529411764706,0.38,1.8060981119051576
1b,D7-p3,0.35,9,D7-p3_e35_r009,ESF12,0.8823529411764706,,
1b,D7-p3,0.35,9,D7-p3_e35_r009,Alg2_Rs20,0.8823529411764706,,
1b,D7-p3,0.35,9,D7-p3_e35_r009,Alg2_Ru10,0.8823529411764706,,
1b,D7-p3,0.35,9,D7-p3_e35_r009,TCRlong(0.40)+rw+A2_Rs20,0.8823529411764706,,
1b,D7-p3,0.35,9,D7-p3_e35_r009,TCRlong(0.40)+rw+A2_Ru10,0.8823529411764706,,
1b,D8-K2par-sep,0.25,9,D8-K2par-sep_e25_r009,ESF12alone,1.0,0.25,0.07094849902205169
1b,D8-K2par-sep,0.25,9,D8-K2par-sep_e25_r009,ESF12,1.0,,
1b,D8-K2par-sep,0.25,9,D8-K2par-sep_e25_r009,Alg2_Rs20,1.0,,
1b,D8-K2par-sep,0.25,9,D8-K2par-sep_e25_r009,Alg2_Ru10,1.0,,
1b,D8-K2par-sep,0.25,9,D8-K2par-sep_e25_r009,TCRlong(0.40)+rw+A2_Rs20,1.0,,
1b,D8-K2par-sep,0.25,9,D8-K2par-sep_e25_r009,TCRlong(0.40)+rw+A2_Ru10,1.0,,
1b,D8-K2par-sep,0.3,9,D8-K2par-sep_e30_r009,ESF12alone,1.0,0.30666666666666664,0.06868684093933553
1b,D8-K2par-sep,0.3,9,D8-K2par-sep_e30_r009,ESF12,1.0,,
1b,D8-K2par-sep,0.3,9,D8-K2par-sep_e30_r009,Alg2_Rs20,1.0,,
1b,D8-K2par-sep,0.3,9,D8-K2par-sep_e30_r009,Alg2_Ru10,1.0,,
1b,D8-K2par-sep,0.3,9,D8-K2par-sep_e30_r009,TCRlong(0.40)+rw+A2_Rs20,1.0,,
1b,D8-K2par-sep,0.3,9,D8-K2par-sep_e30_r009,TCRlong(0.40)+rw+A2_Ru10,1.0,,
1b,D8-K2par-sep,0.35,9,D8-K2par-sep_e35_r009,ESF12alone,1.0,0.33666666666666667,0.07269810198340565
1b,D8-K2par-sep,0.35,9,D8-K2par-sep_e35_r009,ESF12,1.0,,
1b,D8-K2par-sep,0.35,9,D8-K2par-sep_e35_r009,Alg2_Rs20,1.0,,
1b,D8-K2par-sep,0.35,9,D8-K2par-sep_e35_r009,Alg2_Ru10,1.0,,
1b,D8-K2par-sep,0.35,9,D8-K2par-sep_e35_r009,TCRlong(0.40)+rw+A2_Rs20,1.0,,
1b,D8-K2par-sep,0.35,9,D8-K2par-sep_e35_r009,TCRlong(0.40)+rw+A2_Ru10,1.0,,
1b,D1-K2cross,0.25,10,D1-K2cross_e25_r010,ESF12alone,0.867579908675799,0.27,0.07626265205908567
1b,D1-K2cross,0.25,10,D1-K2cross_e25_r010,ESF12,0.867579908675799,,
1b,D1-K2cross,0.25,10,D1-K2cross_e25_r010,Alg2_Rs20,0.8767123287671232,,
1b,D1-K2cross,0.25,10,D1-K2cross_e25_r010,Alg2_Ru10,0.8767123287671232,,
1b,D1-K2cross,0.25,10,D1-K2cross_e25_r010,TCRlong(0.40)+rw+A2_Rs20,0.8767123287671232,,
1b,D1-K2cross,0.25,10,D1-K2cross_e25_r010,TCRlong(0.40)+rw+A2_Ru10,0.8767123287671232,,
1b,D1-K2cross,0.3,10,D1-K2cross_e30_r010,ESF12alone,0.9234234234234234,0.26,0.09482425905298442
1b,D1-K2cross,0.3,10,D1-K2cross_e30_r010,ESF12,0.9234234234234234,,
1b,D1-K2cross,0.3,10,D1-K2cross_e30_r010,Alg2_Rs20,0.9234234234234234,,
1b,D1-K2cross,0.3,10,D1-K2cross_e30_r010,Alg2_Ru10,0.9234234234234234,,
1b,D1-K2cross,0.3,10,D1-K2cross_e30_r010,TCRlong(0.40)+rw+A2_Rs20,0.9234234234234234,,
1b,D1-K2cross,0.3,10,D1-K2cross_e30_r010,TCRlong(0.40)+rw+A2_Ru10,0.9234234234234234,,
1b,D1-K2cross,0.35,10,D1-K2cross_e35_r010,ESF12alone,0.9205607476635514,0.2866666666666667,0.07925012102350593
1b,D1-K2cross,0.35,10,D1-K2cross_e35_r010,ESF12,0.9205607476635514,,
1b,D1-K2cross,0.35,10,D1-K2cross_e35_r010,Alg2_Rs20,0.9252336448598131,,
1b,D1-K2cross,0.35,10,D1-K2cross_e35_r010,Alg2_Ru10,0.9252336448598131,,
1b,D1-K2cross,0.35,10,D1-K2cross_e35_r010,TCRlong(0.40)+rw+A2_Rs20,0.9205607476635514,,
1b,D1-K2cross,0.35,10,D1-K2cross_e35_r010,TCRlong(0.40)+rw+A2_Ru10,0.9205607476635514,,
1b,D2-K3par,0.25,10,D2-K3par_e25_r010,ESF12alone,0.8722466960352423,0.24333333333333335,0.32273675908800215
1b,D2-K3par,0.25,10,D2-K3par_e25_r010,ESF12,0.8722466960352423,,
1b,D2-K3par,0.25,10,D2-K3par_e25_r010,Alg2_Rs20,0.8722466960352423,,
1b,D2-K3par,0.25,10,D2-K3par_e25_r010,Alg2_Ru10,0.8722466960352423,,
1b,D2-K3par,0.25,10,D2-K3par_e25_r010,TCRlong(0.40)+rw+A2_Rs20,0.8766519823788547,,
1b,D2-K3par,0.25,10,D2-K3par_e25_r010,TCRlong(0.40)+rw+A2_Ru10,0.8766519823788547,,
1b,D2-K3par,0.3,10,D2-K3par_e30_r010,ESF12alone,0.6794258373205742,0.11333333333333333,0.29287995595950633
1b,D2-K3par,0.3,10,D2-K3par_e30_r010,ESF12,0.6794258373205742,,
1b,D2-K3par,0.3,10,D2-K3par_e30_r010,Alg2_Rs20,0.6794258373205742,,
1b,D2-K3par,0.3,10,D2-K3par_e30_r010,Alg2_Ru10,0.6794258373205742,,
1b,D2-K3par,0.3,10,D2-K3par_e30_r010,TCRlong(0.40)+rw+A2_Rs20,0.9043062200956937,,
1b,D2-K3par,0.3,10,D2-K3par_e30_r010,TCRlong(0.40)+rw+A2_Ru10,0.9043062200956937,,
1b,D2-K3par,0.35,10,D2-K3par_e35_r010,ESF12alone,0.6881720430107527,0.19,0.2286729159532115
1b,D2-K3par,0.35,10,D2-K3par_e35_r010,ESF12,0.6881720430107527,,
1b,D2-K3par,0.35,10,D2-K3par_e35_r010,Alg2_Rs20,0.34946236559139787,,
1b,D2-K3par,0.35,10,D2-K3par_e35_r010,Alg2_Ru10,0.34946236559139787,,
1b,D2-K3par,0.35,10,D2-K3par_e35_r010,TCRlong(0.40)+rw+A2_Rs20,0.6397849462365591,,
1b,D2-K3par,0.35,10,D2-K3par_e35_r010,TCRlong(0.40)+rw+A2_Ru10,0.6397849462365591,,
1b,D3-unequal,0.25,10,D3-unequal_e25_r010,ESF12alone,0.9353448275862069,0.22666666666666666,0.0770683130249381
1b,D3-unequal,0.25,10,D3-unequal_e25_r010,ESF12,0.9353448275862069,,
1b,D3-unequal,0.25,10,D3-unequal_e25_r010,Alg2_Rs20,0.9267241379310345,,
1b,D3-unequal,0.25,10,D3-unequal_e25_r010,Alg2_Ru10,0.9267241379310345,,
1b,D3-unequal,0.25,10,D3-unequal_e25_r010,TCRlong(0.40)+rw+A2_Rs20,0.9353448275862069,,
1b,D3-unequal,0.25,10,D3-unequal_e25_r010,TCRlong(0.40)+rw+A2_Ru10,0.9353448275862069,,
1b,D3-unequal,0.3,10,D3-unequal_e30_r010,ESF12alone,0.7673267326732673,0.22,0.08252423093654215
1b,D3-unequal,0.3,10,D3-unequal_e30_r010,ESF12,0.7673267326732673,,
1b,D3-unequal,0.3,10,D3-unequal_e30_r010,Alg2_Rs20,0.8960396039603961,,
1b,D3-unequal,0.3,10,D3-unequal_e30_r010,Alg2_Ru10,0.8960396039603961,,
1b,D3-unequal,0.3,10,D3-unequal_e30_r010,TCRlong(0.40)+rw+A2_Rs20,0.8960396039603961,,
1b,D3-unequal,0.3,10,D3-unequal_e30_r010,TCRlong(0.40)+rw+A2_Ru10,0.8960396039603961,,
1b,D3-unequal,0.35,10,D3-unequal_e35_r010,ESF12alone,0.9365079365079365,0.37,0.07011500804219395
1b,D3-unequal,0.35,10,D3-unequal_e35_r010,ESF12,0.9365079365079365,,
1b,D3-unequal,0.35,10,D3-unequal_e35_r010,Alg2_Rs20,0.9365079365079365,,
1b,D3-unequal,0.35,10,D3-unequal_e35_r010,Alg2_Ru10,0.9365079365079365,,
1b,D3-unequal,0.35,10,D3-unequal_e35_r010,TCRlong(0.40)+rw+A2_Rs20,0.9365079365079365,,
1b,D3-unequal,0.35,10,D3-unequal_e35_r010,TCRlong(0.40)+rw+A2_Ru10,0.9365079365079365,,
1b,D4-hetero,0.25,10,D4-hetero_e25_r010,ESF12alone,0.9004524886877828,0.26666666666666666,0.07207663403823972
1b,D4-hetero,0.25,10,D4-hetero_e25_r010,ESF12,0.9004524886877828,,
1b,D4-hetero,0.25,10,D4-hetero_e25_r010,Alg2_Rs20,0.8959276018099548,,
1b,D4-hetero,0.25,10,D4-hetero_e25_r010,Alg2_Ru10,0.8959276018099548,,
1b,D4-hetero,0.25,10,D4-hetero_e25_r010,TCRlong(0.40)+rw+A2_Rs20,0.9004524886877828,,
1b,D4-hetero,0.25,10,D4-hetero_e25_r010,TCRlong(0.40)+rw+A2_Ru10,0.9004524886877828,,
1b,D4-hetero,0.3,10,D4-hetero_e30_r010,ESF12alone,0.915,0.33666666666666667,0.07333354803267866
1b,D4-hetero,0.3,10,D4-hetero_e30_r010,ESF12,0.915,,
1b,D4-hetero,0.3,10,D4-hetero_e30_r010,Alg2_Rs20,0.915,,
1b,D4-hetero,0.3,10,D4-hetero_e30_r010,Alg2_Ru10,0.915,,
1b,D4-hetero,0.3,10,D4-hetero_e30_r010,TCRlong(0.40)+rw+A2_Rs20,0.915,,
1b,D4-hetero,0.3,10,D4-hetero_e30_r010,TCRlong(0.40)+rw+A2_Ru10,0.915,,
1b,D4-hetero,0.35,10,D4-hetero_e35_r010,ESF12alone,0.9027027027027027,0.38666666666666666,0.07238683907780796
1b,D4-hetero,0.35,10,D4-hetero_e35_r010,ESF12,0.9027027027027027,,
1b,D4-hetero,0.35,10,D4-hetero_e35_r010,Alg2_Rs20,0.9027027027027027,,
1b,D4-hetero,0.35,10,D4-hetero_e35_r010,Alg2_Ru10,0.9027027027027027,,
1b,D4-hetero,0.35,10,D4-hetero_e35_r010,TCRlong(0.40)+rw+A2_Rs20,0.9027027027027027,,
1b,D4-hetero,0.35,10,D4-hetero_e35_r010,TCRlong(0.40)+rw+A2_Ru10,0.9027027027027027,,
1b,D5-leverage,0.25,10,D5-leverage_e25_r010,ESF12alone,0.5180180180180181,0.06333333333333334,0.07152981008403003
1b,D5-leverage,0.25,10,D5-leverage_e25_r010,ESF12,0.5180180180180181,,
1b,D5-leverage,0.25,10,D5-leverage_e25_r010,Alg2_Rs20,0.509009009009009,,
1b,D5-leverage,0.25,10,D5-leverage_e25_r010,Alg2_Ru10,0.509009009009009,,
1b,D5-leverage,0.25,10,D5-leverage_e25_r010,TCRlong(0.40)+rw+A2_Rs20,0.5,,
1b,D5-leverage,0.25,10,D5-leverage_e25_r010,TCRlong(0.40)+rw+A2_Ru10,0.5,,
1b,D5-leverage,0.3,10,D5-leverage_e30_r010,ESF12alone,0.5324074074074074,0.006666666666666667,0.07486635202076286
1b,D5-leverage,0.3,10,D5-leverage_e30_r010,ESF12,0.5324074074074074,,
1b,D5-leverage,0.3,10,D5-leverage_e30_r010,Alg2_Rs20,0.5370370370370371,,
1b,D5-leverage,0.3,10,D5-leverage_e30_r010,Alg2_Ru10,0.5370370370370371,,
1b,D5-leverage,0.3,10,D5-leverage_e30_r010,TCRlong(0.40)+rw+A2_Rs20,0.5370370370370371,,
1b,D5-leverage,0.3,10,D5-leverage_e30_r010,TCRlong(0.40)+rw+A2_Ru10,0.5370370370370371,,
1b,D5-leverage,0.35,10,D5-leverage_e35_r010,ESF12alone,0.5497382198952879,0.01,0.07089046505279839
1b,D5-leverage,0.35,10,D5-leverage_e35_r010,ESF12,0.5497382198952879,,
1b,D5-leverage,0.35,10,D5-leverage_e35_r010,Alg2_Rs20,0.5497382198952879,,
1b,D5-leverage,0.35,10,D5-leverage_e35_r010,Alg2_Ru10,0.5497382198952879,,
1b,D5-leverage,0.35,10,D5-leverage_e35_r010,TCRlong(0.40)+rw+A2_Rs20,0.5497382198952879,,
1b,D5-leverage,0.35,10,D5-leverage_e35_r010,TCRlong(0.40)+rw+A2_Ru10,0.5497382198952879,,
1b,D6-uniform,0.25,10,D6-uniform_e25_r010,ESF12alone,0.9282700421940928,0.21666666666666667,0.07701083994470537
1b,D6-uniform,0.25,10,D6-uniform_e25_r010,ESF12,0.9282700421940928,,
1b,D6-uniform,0.25,10,D6-uniform_e25_r010,Alg2_Rs20,0.9282700421940928,,
1b,D6-uniform,0.25,10,D6-uniform_e25_r010,Alg2_Ru10,0.9282700421940928,,
1b,D6-uniform,0.25,10,D6-uniform_e25_r010,TCRlong(0.40)+rw+A2_Rs20,0.9282700421940928,,
1b,D6-uniform,0.25,10,D6-uniform_e25_r010,TCRlong(0.40)+rw+A2_Ru10,0.9282700421940928,,
1b,D6-uniform,0.3,10,D6-uniform_e30_r010,ESF12alone,0.5320197044334976,0.0,0.07388070004526526
1b,D6-uniform,0.3,10,D6-uniform_e30_r010,ESF12,0.5320197044334976,,
1b,D6-uniform,0.3,10,D6-uniform_e30_r010,Alg2_Rs20,0.5369458128078818,,
1b,D6-uniform,0.3,10,D6-uniform_e30_r010,Alg2_Ru10,0.5369458128078818,,
1b,D6-uniform,0.3,10,D6-uniform_e30_r010,TCRlong(0.40)+rw+A2_Rs20,0.9261083743842364,,
1b,D6-uniform,0.3,10,D6-uniform_e30_r010,TCRlong(0.40)+rw+A2_Ru10,0.5862068965517241,,
1b,D6-uniform,0.35,10,D6-uniform_e35_r010,ESF12alone,0.5228426395939086,0.0,0.06619801395572722
1b,D6-uniform,0.35,10,D6-uniform_e35_r010,ESF12,0.5228426395939086,,
1b,D6-uniform,0.35,10,D6-uniform_e35_r010,Alg2_Rs20,0.5228426395939086,,
1b,D6-uniform,0.35,10,D6-uniform_e35_r010,Alg2_Ru10,0.5228426395939086,,
1b,D6-uniform,0.35,10,D6-uniform_e35_r010,TCRlong(0.40)+rw+A2_Rs20,0.5380710659898477,,
1b,D6-uniform,0.35,10,D6-uniform_e35_r010,TCRlong(0.40)+rw+A2_Ru10,0.5380710659898477,,
1b,D7-p3,0.25,10,D7-p3_e25_r010,ESF12alone,0.9260869565217391,0.23333333333333334,2.395377859007567
1b,D7-p3,0.25,10,D7-p3_e25_r010,ESF12,0.9260869565217391,,
1b,D7-p3,0.25,10,D7-p3_e25_r010,Alg2_Rs20,0.9304347826086956,,
1b,D7-p3,0.25,10,D7-p3_e25_r010,Alg2_Ru10,0.9304347826086956,,
1b,D7-p3,0.25,10,D7-p3_e25_r010,TCRlong(0.40)+rw+A2_Rs20,0.9304347826086956,,
1b,D7-p3,0.25,10,D7-p3_e25_r010,TCRlong(0.40)+rw+A2_Ru10,0.9304347826086956,,
1b,D7-p3,0.3,10,D7-p3_e30_r010,ESF12alone,0.882051282051282,0.35,1.976149088004604
1b,D7-p3,0.3,10,D7-p3_e30_r010,ESF12,0.882051282051282,,
1b,D7-p3,0.3,10,D7-p3_e30_r010,Alg2_Rs20,0.5435897435897435,,
1b,D7-p3,0.3,10,D7-p3_e30_r010,Alg2_Ru10,0.5435897435897435,,
1b,D7-p3,0.3,10,D7-p3_e30_r010,TCRlong(0.40)+rw+A2_Rs20,0.882051282051282,,
1b,D7-p3,0.3,10,D7-p3_e30_r010,TCRlong(0.40)+rw+A2_Ru10,0.882051282051282,,
1b,D7-p3,0.35,10,D7-p3_e35_r010,ESF12alone,0.9179487179487179,0.35,1.8122957110172138
1b,D7-p3,0.35,10,D7-p3_e35_r010,ESF12,0.9179487179487179,,
1b,D7-p3,0.35,10,D7-p3_e35_r010,Alg2_Rs20,0.9179487179487179,,
1b,D7-p3,0.35,10,D7-p3_e35_r010,Alg2_Ru10,0.9179487179487179,,
1b,D7-p3,0.35,10,D7-p3_e35_r010,TCRlong(0.40)+rw+A2_Rs20,0.9179487179487179,,
1b,D7-p3,0.35,10,D7-p3_e35_r010,TCRlong(0.40)+rw+A2_Ru10,0.9179487179487179,,
1b,D8-K2par-sep,0.25,10,D8-K2par-sep_e25_r010,ESF12alone,1.0,0.24333333333333335,0.08245751401409507
1b,D8-K2par-sep,0.25,10,D8-K2par-sep_e25_r010,ESF12,1.0,,
1b,D8-K2par-sep,0.25,10,D8-K2par-sep_e25_r010,Alg2_Rs20,1.0,,
1b,D8-K2par-sep,0.25,10,D8-K2par-sep_e25_r010,Alg2_Ru10,1.0,,
1b,D8-K2par-sep,0.25,10,D8-K2par-sep_e25_r010,TCRlong(0.40)+rw+A2_Rs20,1.0,,
1b,D8-K2par-sep,0.25,10,D8-K2par-sep_e25_r010,TCRlong(0.40)+rw+A2_Ru10,1.0,,
1b,D8-K2par-sep,0.3,10,D8-K2par-sep_e30_r010,ESF12alone,1.0,0.33,0.10968103096820414
1b,D8-K2par-sep,0.3,10,D8-K2par-sep_e30_r010,ESF12,1.0,,
1b,D8-K2par-sep,0.3,10,D8-K2par-sep_e30_r010,Alg2_Rs20,1.0,,
1b,D8-K2par-sep,0.3,10,D8-K2par-sep_e30_r010,Alg2_Ru10,1.0,,
1b,D8-K2par-sep,0.3,10,D8-K2par-sep_e30_r010,TCRlong(0.40)+rw+A2_Rs20,1.0,,
1b,D8-K2par-sep,0.3,10,D8-K2par-sep_e30_r010,TCRlong(0.40)+rw+A2_Ru10,1.0,,
1b,D8-K2par-sep,0.35,10,D8-K2par-sep_e35_r010,ESF12alone,0.9948979591836735,0.3466666666666667,0.0697646209737286
1b,D8-K2par-sep,0.35,10,D8-K2par-sep_e35_r010,ESF12,0.9948979591836735,,
1b,D8-K2par-sep,0.35,10,D8-K2par-sep_e35_r010,Alg2_Rs20,0.9948979591836735,,
1b,D8-K2par-sep,0.35,10,D8-K2par-sep_e35_r010,Alg2_Ru10,0.9948979591836735,,
1b,D8-K2par-sep,0.35,10,D8-K2par-sep_e35_r010,TCRlong(0.40)+rw+A2_Rs20,0.9948979591836735,,
1b,D8-K2par-sep,0.35,10,D8-K2par-sep_e35_r010,TCRlong(0.40)+rw+A2_Ru10,0.9948979591836735,,
1b,D1-K2cross,0.25,11,D1-K2cross_e25_r011,ESF12alone,0.9113924050632911,0.21,0.07589638896752149
1b,D1-K2cross,0.25,11,D1-K2cross_e25_r011,ESF12,0.9113924050632911,,
1b,D1-K2cross,0.25,11,D1-K2cross_e25_r011,Alg2_Rs20,0.9113924050632911,,
1b,D1-K2cross,0.25,11,D1-K2cross_e25_r011,Alg2_Ru10,0.9113924050632911,,
1b,D1-K2cross,0.25,11,D1-K2cross_e25_r011,TCRlong(0.40)+rw+A2_Rs20,0.9113924050632911,,
1b,D1-K2cross,0.25,11,D1-K2cross_e25_r011,TCRlong(0.40)+rw+A2_Ru10,0.9113924050632911,,
1b,D1-K2cross,0.3,11,D1-K2cross_e30_r011,ESF12alone,0.9150943396226415,0.29333333333333333,0.07435656990855932
1b,D1-K2cross,0.3,11,D1-K2cross_e30_r011,ESF12,0.9150943396226415,,
1b,D1-K2cross,0.3,11,D1-K2cross_e30_r011,Alg2_Rs20,0.9150943396226415,,
1b,D1-K2cross,0.3,11,D1-K2cross_e30_r011,Alg2_Ru10,0.9150943396226415,,
1b,D1-K2cross,0.3,11,D1-K2cross_e30_r011,TCRlong(0.40)+rw+A2_Rs20,0.9150943396226415,,
1b,D1-K2cross,0.3,11,D1-K2cross_e30_r011,TCRlong(0.40)+rw+A2_Ru10,0.9150943396226415,,
1b,D1-K2cross,0.35,11,D1-K2cross_e35_r011,ESF12alone,0.9154228855721394,0.33,0.06856897508259863
1b,D1-K2cross,0.35,11,D1-K2cross_e35_r011,ESF12,0.9154228855721394,,
1b,D1-K2cross,0.35,11,D1-K2cross_e35_r011,Alg2_Rs20,0.9203980099502488,,
1b,D1-K2cross,0.35,11,D1-K2cross_e35_r011,Alg2_Ru10,0.9203980099502488,,
1b,D1-K2cross,0.35,11,D1-K2cross_e35_r011,TCRlong(0.40)+rw+A2_Rs20,0.9203980099502488,,
1b,D1-K2cross,0.35,11,D1-K2cross_e35_r011,TCRlong(0.40)+rw+A2_Ru10,0.9203980099502488,,
1b,D2-K3par,0.25,11,D2-K3par_e25_r011,ESF12alone,0.9166666666666666,0.24,0.32111159805208445
1b,D2-K3par,0.25,11,D2-K3par_e25_r011,ESF12,0.9166666666666666,,
1b,D2-K3par,0.25,11,D2-K3par_e25_r011,Alg2_Rs20,0.9122807017543859,,
1b,D2-K3par,0.25,11,D2-K3par_e25_r011,Alg2_Ru10,0.9122807017543859,,
1b,D2-K3par,0.25,11,D2-K3par_e25_r011,TCRlong(0.40)+rw+A2_Rs20,0.9122807017543859,,
1b,D2-K3par,0.25,11,D2-K3par_e25_r011,TCRlong(0.40)+rw+A2_Ru10,0.9122807017543859,,
1b,D2-K3par,0.3,11,D2-K3par_e30_r011,ESF12alone,0.6231155778894473,0.17666666666666667,0.4519913250114769
1b,D2-K3par,0.3,11,D2-K3par_e30_r011,ESF12,0.6231155778894473,,
1b,D2-K3par,0.3,11,D2-K3par_e30_r011,Alg2_Rs20,0.628140703517588,,
1b,D2-K3par,0.3,11,D2-K3par_e30_r011,Alg2_Ru10,0.628140703517588,,
1b,D2-K3par,0.3,11,D2-K3par_e30_r011,TCRlong(0.40)+rw+A2_Rs20,0.9045226130653267,,
1b,D2-K3par,0.3,11,D2-K3par_e30_r011,TCRlong(0.40)+rw+A2_Ru10,0.9045226130653267,,
1b,D2-K3par,0.35,11,D2-K3par_e35_r011,ESF12alone,0.7157360406091371,0.15,0.3389332660008222
1b,D2-K3par,0.35,11,D2-K3par_e35_r011,ESF12,0.7157360406091371,,
1b,D2-K3par,0.35,11,D2-K3par_e35_r011,Alg2_Rs20,0.6852791878172588,,
1b,D2-K3par,0.35,11,D2-K3par_e35_r011,Alg2_Ru10,0.6852791878172588,,
1b,D2-K3par,0.35,11,D2-K3par_e35_r011,TCRlong(0.40)+rw+A2_Rs20,0.6649746192893401,,
1b,D2-K3par,0.35,11,D2-K3par_e35_r011,TCRlong(0.40)+rw+A2_Ru10,0.6649746192893401,,
1b,D3-unequal,0.25,11,D3-unequal_e25_r011,ESF12alone,0.9181818181818182,0.26666666666666666,0.07115213701035827
1b,D3-unequal,0.25,11,D3-unequal_e25_r011,ESF12,0.9181818181818182,,
1b,D3-unequal,0.25,11,D3-unequal_e25_r011,Alg2_Rs20,0.9181818181818182,,
1b,D3-unequal,0.25,11,D3-unequal_e25_r011,Alg2_Ru10,0.9181818181818182,,
1b,D3-unequal,0.25,11,D3-unequal_e25_r011,TCRlong(0.40)+rw+A2_Rs20,0.9181818181818182,,
1b,D3-unequal,0.25,11,D3-unequal_e25_r011,TCRlong(0.40)+rw+A2_Ru10,0.9181818181818182,,
1b,D3-unequal,0.3,11,D3-unequal_e30_r011,ESF12alone,0.9122807017543859,0.24,0.07214216107968241
1b,D3-unequal,0.3,11,D3-unequal_e30_r011,ESF12,0.9122807017543859,,
1b,D3-unequal,0.3,11,D3-unequal_e30_r011,Alg2_Rs20,0.9122807017543859,,
1b,D3-unequal,0.3,11,D3-unequal_e30_r011,Alg2_Ru10,0.9122807017543859,,
1b,D3-unequal,0.3,11,D3-unequal_e30_r011,TCRlong(0.40)+rw+A2_Rs20,0.9166666666666666,,
1b,D3-unequal,0.3,11,D3-unequal_e30_r011,TCRlong(0.40)+rw+A2_Ru10,0.9166666666666666,,
1b,D3-unequal,0.35,11,D3-unequal_e35_r011,ESF12alone,0.93,0.3333333333333333,0.0726684849942103
1b,D3-unequal,0.35,11,D3-unequal_e35_r011,ESF12,0.93,,
1b,D3-unequal,0.35,11,D3-unequal_e35_r011,Alg2_Rs20,0.93,,
1b,D3-unequal,0.35,11,D3-unequal_e35_r011,Alg2_Ru10,0.93,,
1b,D3-unequal,0.35,11,D3-unequal_e35_r011,TCRlong(0.40)+rw+A2_Rs20,0.93,,
1b,D3-unequal,0.35,11,D3-unequal_e35_r011,TCRlong(0.40)+rw+A2_Ru10,0.93,,
1b,D4-hetero,0.25,11,D4-hetero_e25_r011,ESF12alone,0.9004524886877828,0.26666666666666666,0.05706269096117467
1b,D4-hetero,0.25,11,D4-hetero_e25_r011,ESF12,0.9004524886877828,,
1b,D4-hetero,0.25,11,D4-hetero_e25_r011,Alg2_Rs20,0.9004524886877828,,
1b,D4-hetero,0.25,11,D4-hetero_e25_r011,Alg2_Ru10,0.9004524886877828,,
1b,D4-hetero,0.25,11,D4-hetero_e25_r011,TCRlong(0.40)+rw+A2_Rs20,0.9004524886877828,,
1b,D4-hetero,0.25,11,D4-hetero_e25_r011,TCRlong(0.40)+rw+A2_Ru10,0.9004524886877828,,
1b,D4-hetero,0.3,11,D4-hetero_e30_r011,ESF12alone,0.8823529411764706,0.3233333333333333,0.07084423897322267
1b,D4-hetero,0.3,11,D4-hetero_e30_r011,ESF12,0.8823529411764706,,
1b,D4-hetero,0.3,11,D4-hetero_e30_r011,Alg2_Rs20,0.8823529411764706,,
1b,D4-hetero,0.3,11,D4-hetero_e30_r011,Alg2_Ru10,0.8823529411764706,,
1b,D4-hetero,0.3,11,D4-hetero_e30_r011,TCRlong(0.40)+rw+A2_Rs20,0.8823529411764706,,
1b,D4-hetero,0.3,11,D4-hetero_e30_r011,TCRlong(0.40)+rw+A2_Ru10,0.8823529411764706,,
1b,D4-hetero,0.35,11,D4-hetero_e35_r011,ESF12alone,0.9387755102040817,0.3466666666666667,0.08628092403523624
1b,D4-hetero,0.35,11,D4-hetero_e35_r011,ESF12,0.9387755102040817,,
1b,D4-hetero,0.35,11,D4-hetero_e35_r011,Alg2_Rs20,0.9336734693877551,,
1b,D4-hetero,0.35,11,D4-hetero_e35_r011,Alg2_Ru10,0.9336734693877551,,
1b,D4-hetero,0.35,11,D4-hetero_e35_r011,TCRlong(0.40)+rw+A2_Rs20,0.9387755102040817,,
1b,D4-hetero,0.35,11,D4-hetero_e35_r011,TCRlong(0.40)+rw+A2_Ru10,0.9387755102040817,,
1b,D5-leverage,0.25,11,D5-leverage_e25_r011,ESF12alone,0.547945205479452,0.07333333333333333,0.07382693898398429
1b,D5-leverage,0.25,11,D5-leverage_e25_r011,ESF12,0.547945205479452,,
1b,D5-leverage,0.25,11,D5-leverage_e25_r011,Alg2_Rs20,0.547945205479452,,
1b,D5-leverage,0.25,11,D5-leverage_e25_r011,Alg2_Ru10,0.547945205479452,,
1b,D5-leverage,0.25,11,D5-leverage_e25_r011,TCRlong(0.40)+rw+A2_Rs20,0.8082191780821918,,
1b,D5-leverage,0.25,11,D5-leverage_e25_r011,TCRlong(0.40)+rw+A2_Ru10,0.8082191780821918,,
1b,D5-leverage,0.3,11,D5-leverage_e30_r011,ESF12alone,0.5825242718446602,0.07666666666666666,0.0728495609946549
1b,D5-leverage,0.3,11,D5-leverage_e30_r011,ESF12,0.5825242718446602,,
1b,D5-leverage,0.3,11,D5-leverage_e30_r011,Alg2_Rs20,0.5776699029126213,,
1b,D5-leverage,0.3,11,D5-leverage_e30_r011,Alg2_Ru10,0.5776699029126213,,
1b,D5-leverage,0.3,11,D5-leverage_e30_r011,TCRlong(0.40)+rw+A2_Rs20,0.5728155339805825,,
1b,D5-leverage,0.3,11,D5-leverage_e30_r011,TCRlong(0.40)+rw+A2_Ru10,0.5728155339805825,,
1b,D5-leverage,0.35,11,D5-leverage_e35_r011,ESF12alone,0.5270935960591133,0.0033333333333333335,0.07466390705667436
1b,D5-leverage,0.35,11,D5-leverage_e35_r011,ESF12,0.5270935960591133,,
1b,D5-leverage,0.35,11,D5-leverage_e35_r011,Alg2_Rs20,0.5270935960591133,,
1b,D5-leverage,0.35,11,D5-leverage_e35_r011,Alg2_Ru10,0.5270935960591133,,
1b,D5-leverage,0.35,11,D5-leverage_e35_r011,TCRlong(0.40)+rw+A2_Rs20,0.5320197044334976,,
1b,D5-leverage,0.35,11,D5-leverage_e35_r011,TCRlong(0.40)+rw+A2_Ru10,0.5320197044334976,,
1b,D6-uniform,0.25,11,D6-uniform_e25_r011,ESF12alone,0.9017094017094017,0.16,0.06334245891775936
1b,D6-uniform,0.25,11,D6-uniform_e25_r011,ESF12,0.9017094017094017,,
1b,D6-uniform,0.25,11,D6-uniform_e25_r011,Alg2_Rs20,0.9017094017094017,,
1b,D6-uniform,0.25,11,D6-uniform_e25_r011,Alg2_Ru10,0.9017094017094017,,
1b,D6-uniform,0.25,11,D6-uniform_e25_r011,TCRlong(0.40)+rw+A2_Rs20,0.9017094017094017,,
1b,D6-uniform,0.25,11,D6-uniform_e25_r011,TCRlong(0.40)+rw+A2_Ru10,0.9017094017094017,,
1b,D6-uniform,0.3,11,D6-uniform_e30_r011,ESF12alone,0.9065420560747663,0.15666666666666668,0.08041067200247198
1b,D6-uniform,0.3,11,D6-uniform_e30_r011,ESF12,0.9065420560747663,,
1b,D6-uniform,0.3,11,D6-uniform_e30_r011,Alg2_Rs20,0.8878504672897196,,
1b,D6-uniform,0.3,11,D6-uniform_e30_r011,Alg2_Ru10,0.8878504672897196,,
1b,D6-uniform,0.3,11,D6-uniform_e30_r011,TCRlong(0.40)+rw+A2_Rs20,0.9112149532710281,,
1b,D6-uniform,0.3,11,D6-uniform_e30_r011,TCRlong(0.40)+rw+A2_Ru10,0.9112149532710281,,
1b,D6-uniform,0.35,11,D6-uniform_e35_r011,ESF12alone,0.518324607329843,0.0,0.07815076492261142
1b,D6-uniform,0.35,11,D6-uniform_e35_r011,ESF12,0.518324607329843,,
1b,D6-uniform,0.35,11,D6-uniform_e35_r011,Alg2_Rs20,0.5078534031413613,,
1b,D6-uniform,0.35,11,D6-uniform_e35_r011,Alg2_Ru10,0.5078534031413613,,
1b,D6-uniform,0.35,11,D6-uniform_e35_r011,TCRlong(0.40)+rw+A2_Rs20,0.6282722513089005,,
1b,D6-uniform,0.35,11,D6-uniform_e35_r011,TCRlong(0.40)+rw+A2_Ru10,0.6282722513089005,,
1b,D7-p3,0.25,11,D7-p3_e25_r011,ESF12alone,0.9339622641509434,0.29333333333333333,2.26580066094175
1b,D7-p3,0.25,11,D7-p3_e25_r011,ESF12,0.9339622641509434,,
1b,D7-p3,0.25,11,D7-p3_e25_r011,Alg2_Rs20,0.9292452830188679,,
1b,D7-p3,0.25,11,D7-p3_e25_r011,Alg2_Ru10,0.9292452830188679,,
1b,D7-p3,0.25,11,D7-p3_e25_r011,TCRlong(0.40)+rw+A2_Rs20,0.9386792452830188,,
1b,D7-p3,0.25,11,D7-p3_e25_r011,TCRlong(0.40)+rw+A2_Ru10,0.9386792452830188,,
1b,D7-p3,0.3,11,D7-p3_e30_r011,ESF12alone,0.9146919431279621,0.2966666666666667,1.8367520059691742
1b,D7-p3,0.3,11,D7-p3_e30_r011,ESF12,0.9146919431279621,,
1b,D7-p3,0.3,11,D7-p3_e30_r011,Alg2_Rs20,0.9146919431279621,,
1b,D7-p3,0.3,11,D7-p3_e30_r011,Alg2_Ru10,0.9146919431279621,,
1b,D7-p3,0.3,11,D7-p3_e30_r011,TCRlong(0.40)+rw+A2_Rs20,0.9146919431279621,,
1b,D7-p3,0.3,11,D7-p3_e30_r011,TCRlong(0.40)+rw+A2_Ru10,0.9146919431279621,,
1b,D7-p3,0.35,11,D7-p3_e35_r011,ESF12alone,0.9153439153439153,0.37,1.7466051200171933
1b,D7-p3,0.35,11,D7-p3_e35_r011,ESF12,0.9153439153439153,,
1b,D7-p3,0.35,11,D7-p3_e35_r011,Alg2_Rs20,0.9153439153439153,,
1b,D7-p3,0.35,11,D7-p3_e35_r011,Alg2_Ru10,0.9153439153439153,,
1b,D7-p3,0.35,11,D7-p3_e35_r011,TCRlong(0.40)+rw+A2_Rs20,0.9153439153439153,,
1b,D7-p3,0.35,11,D7-p3_e35_r011,TCRlong(0.40)+rw+A2_Ru10,0.9153439153439153,,
1b,D8-K2par-sep,0.25,11,D8-K2par-sep_e25_r011,ESF12alone,0.9955156950672646,0.25666666666666665,0.07469519705045968
1b,D8-K2par-sep,0.25,11,D8-K2par-sep_e25_r011,ESF12,0.9955156950672646,,
1b,D8-K2par-sep,0.25,11,D8-K2par-sep_e25_r011,Alg2_Rs20,0.9955156950672646,,
1b,D8-K2par-sep,0.25,11,D8-K2par-sep_e25_r011,Alg2_Ru10,0.9955156950672646,,
1b,D8-K2par-sep,0.25,11,D8-K2par-sep_e25_r011,TCRlong(0.40)+rw+A2_Rs20,0.9955156950672646,,
1b,D8-K2par-sep,0.25,11,D8-K2par-sep_e25_r011,TCRlong(0.40)+rw+A2_Ru10,0.9955156950672646,,
1b,D8-K2par-sep,0.3,11,D8-K2par-sep_e30_r011,ESF12alone,1.0,0.31,0.06701365998014808
1b,D8-K2par-sep,0.3,11,D8-K2par-sep_e30_r011,ESF12,1.0,,
1b,D8-K2par-sep,0.3,11,D8-K2par-sep_e30_r011,Alg2_Rs20,1.0,,
1b,D8-K2par-sep,0.3,11,D8-K2par-sep_e30_r011,Alg2_Ru10,1.0,,
1b,D8-K2par-sep,0.3,11,D8-K2par-sep_e30_r011,TCRlong(0.40)+rw+A2_Rs20,1.0,,
1b,D8-K2par-sep,0.3,11,D8-K2par-sep_e30_r011,TCRlong(0.40)+rw+A2_Ru10,1.0,,
1b,D8-K2par-sep,0.35,11,D8-K2par-sep_e35_r011,ESF12alone,1.0,0.37,0.08192817203234881
1b,D8-K2par-sep,0.35,11,D8-K2par-sep_e35_r011,ESF12,1.0,,
1b,D8-K2par-sep,0.35,11,D8-K2par-sep_e35_r011,Alg2_Rs20,1.0,,
1b,D8-K2par-sep,0.35,11,D8-K2par-sep_e35_r011,Alg2_Ru10,1.0,,
1b,D8-K2par-sep,0.35,11,D8-K2par-sep_e35_r011,TCRlong(0.40)+rw+A2_Rs20,1.0,,
1b,D8-K2par-sep,0.35,11,D8-K2par-sep_e35_r011,TCRlong(0.40)+rw+A2_Ru10,1.0,,
1b,D1-K2cross,0.25,12,D1-K2cross_e25_r012,ESF12alone,0.9095022624434389,0.26666666666666666,0.079901208053343
1b,D1-K2cross,0.25,12,D1-K2cross_e25_r012,ESF12,0.9095022624434389,,
1b,D1-K2cross,0.25,12,D1-K2cross_e25_r012,Alg2_Rs20,0.9095022624434389,,
1b,D1-K2cross,0.25,12,D1-K2cross_e25_r012,Alg2_Ru10,0.9095022624434389,,
1b,D1-K2cross,0.25,12,D1-K2cross_e25_r012,TCRlong(0.40)+rw+A2_Rs20,0.9095022624434389,,
1b,D1-K2cross,0.25,12,D1-K2cross_e25_r012,TCRlong(0.40)+rw+A2_Ru10,0.9095022624434389,,
1b,D1-K2cross,0.3,12,D1-K2cross_e30_r012,ESF12alone,0.9086538461538461,0.30666666666666664,0.07817135297227651
1b,D1-K2cross,0.3,12,D1-K2cross_e30_r012,ESF12,0.9086538461538461,,
1b,D1-K2cross,0.3,12,D1-K2cross_e30_r012,Alg2_Rs20,0.9086538461538461,,
1b,D1-K2cross,0.3,12,D1-K2cross_e30_r012,Alg2_Ru10,0.9086538461538461,,
1b,D1-K2cross,0.3,12,D1-K2cross_e30_r012,TCRlong(0.40)+rw+A2_Rs20,0.9086538461538461,,
1b,D1-K2cross,0.3,12,D1-K2cross_e30_r012,TCRlong(0.40)+rw+A2_Ru10,0.9086538461538461,,
1b,D1-K2cross,0.35,12,D1-K2cross_e35_r012,ESF12alone,0.923469387755102,0.3466666666666667,0.09600841801147908
1b,D1-K2cross,0.35,12,D1-K2cross_e35_r012,ESF12,0.923469387755102,,
1b,D1-K2cross,0.35,12,D1-K2cross_e35_r012,Alg2_Rs20,0.923469387755102,,
1b,D1-K2cross,0.35,12,D1-K2cross_e35_r012,Alg2_Ru10,0.923469387755102,,
1b,D1-K2cross,0.35,12,D1-K2cross_e35_r012,TCRlong(0.40)+rw+A2_Rs20,0.9285714285714286,,
1b,D1-K2cross,0.35,12,D1-K2cross_e35_r012,TCRlong(0.40)+rw+A2_Ru10,0.9285714285714286,,
1b,D2-K3par,0.25,12,D2-K3par_e25_r012,ESF12alone,0.596244131455399,0.13666666666666666,0.4394892929121852
1b,D2-K3par,0.25,12,D2-K3par_e25_r012,ESF12,0.596244131455399,,
1b,D2-K3par,0.25,12,D2-K3par_e25_r012,Alg2_Rs20,0.5868544600938967,,
1b,D2-K3par,0.25,12,D2-K3par_e25_r012,Alg2_Ru10,0.5868544600938967,,
1b,D2-K3par,0.25,12,D2-K3par_e25_r012,TCRlong(0.40)+rw+A2_Rs20,0.9295774647887324,,
1b,D2-K3par,0.25,12,D2-K3par_e25_r012,TCRlong(0.40)+rw+A2_Ru10,0.9295774647887324,,
1b,D2-K3par,0.3,12,D2-K3par_e30_r012,ESF12alone,0.9178082191780822,0.27,0.2713515309151262
1b,D2-K3par,0.3,12,D2-K3par_e30_r012,ESF12,0.9178082191780822,,
1b,D2-K3par,0.3,12,D2-K3par_e30_r012,Alg2_Rs20,0.9178082191780822,,
1b,D2-K3par,0.3,12,D2-K3par_e30_r012,Alg2_Ru10,0.9178082191780822,,
1b,D2-K3par,0.3,12,D2-K3par_e30_r012,TCRlong(0.40)+rw+A2_Rs20,0.91324200913242,,
1b,D2-K3par,0.3,12,D2-K3par_e30_r012,TCRlong(0.40)+rw+A2_Ru10,0.91324200913242,,
1b,D2-K3par,0.35,12,D2-K3par_e35_r012,ESF12alone,0.6084656084656085,0.19,0.3907912150025368
1b,D2-K3par,0.35,12,D2-K3par_e35_r012,ESF12,0.6084656084656085,,
1b,D2-K3par,0.35,12,D2-K3par_e35_r012,Alg2_Rs20,0.6084656084656085,,
1b,D2-K3par,0.35,12,D2-K3par_e35_r012,Alg2_Ru10,0.6084656084656085,,
1b,D2-K3par,0.35,12,D2-K3par_e35_r012,TCRlong(0.40)+rw+A2_Rs20,0.6931216931216931,,
1b,D2-K3par,0.35,12,D2-K3par_e35_r012,TCRlong(0.40)+rw+A2_Ru10,0.6931216931216931,,
1b,D3-unequal,0.25,12,D3-unequal_e25_r012,ESF12alone,0.8722466960352423,0.24333333333333335,0.0896775999572128
1b,D3-unequal,0.25,12,D3-unequal_e25_r012,ESF12,0.8722466960352423,,
1b,D3-unequal,0.25,12,D3-unequal_e25_r012,Alg2_Rs20,0.8722466960352423,,
1b,D3-unequal,0.25,12,D3-unequal_e25_r012,Alg2_Ru10,0.8722466960352423,,
1b,D3-unequal,0.25,12,D3-unequal_e25_r012,TCRlong(0.40)+rw+A2_Rs20,0.8722466960352423,,
1b,D3-unequal,0.25,12,D3-unequal_e25_r012,TCRlong(0.40)+rw+A2_Ru10,0.8722466960352423,,
1b,D3-unequal,0.3,12,D3-unequal_e30_r012,ESF12alone,0.8940092165898618,0.28,0.08217823004815727
1b,D3-unequal,0.3,12,D3-unequal_e30_r012,ESF12,0.8940092165898618,,
1b,D3-unequal,0.3,12,D3-unequal_e30_r012,Alg2_Rs20,0.8940092165898618,,
1b,D3-unequal,0.3,12,D3-unequal_e30_r012,Alg2_Ru10,0.8940092165898618,,
1b,D3-unequal,0.3,12,D3-unequal_e30_r012,TCRlong(0.40)+rw+A2_Rs20,0.8940092165898618,,
1b,D3-unequal,0.3,12,D3-unequal_e30_r012,TCRlong(0.40)+rw+A2_Ru10,0.8940092165898618,,
1b,D3-unequal,0.35,12,D3-unequal_e35_r012,ESF12alone,0.7724867724867724,0.22333333333333333,0.08478757902048528
1b,D3-unequal,0.35,12,D3-unequal_e35_r012,ESF12,0.7724867724867724,,
1b,D3-unequal,0.35,12,D3-unequal_e35_r012,Alg2_Rs20,0.5079365079365079,,
1b,D3-unequal,0.35,12,D3-unequal_e35_r012,Alg2_Ru10,0.5079365079365079,,
1b,D3-unequal,0.35,12,D3-unequal_e35_r012,TCRlong(0.40)+rw+A2_Rs20,0.7566137566137566,,
1b,D3-unequal,0.35,12,D3-unequal_e35_r012,TCRlong(0.40)+rw+A2_Ru10,0.7566137566137566,,
1b,D4-hetero,0.25,12,D4-hetero_e25_r012,ESF12alone,0.9295774647887324,0.30333333333333334,0.07302232598885894
1b,D4-hetero,0.25,12,D4-hetero_e25_r012,ESF12,0.9295774647887324,,
1b,D4-hetero,0.25,12,D4-hetero_e25_r012,Alg2_Rs20,0.9295774647887324,,
1b,D4-hetero,0.25,12,D4-hetero_e25_r012,Alg2_Ru10,0.9295774647887324,,
1b,D4-hetero,0.25,12,D4-hetero_e25_r012,TCRlong(0.40)+rw+A2_Rs20,0.9342723004694836,,
1b,D4-hetero,0.25,12,D4-hetero_e25_r012,TCRlong(0.40)+rw+A2_Ru10,0.9342723004694836,,
1b,D4-hetero,0.3,12,D4-hetero_e30_r012,ESF12alone,0.9264705882352942,0.32666666666666666,0.07361743808723986
1b,D4-hetero,0.3,12,D4-hetero_e30_r012,ESF12,0.9264705882352942,,
1b,D4-hetero,0.3,12,D4-hetero_e30_r012,Alg2_Rs20,0.9264705882352942,,
1b,D4-hetero,0.3,12,D4-hetero_e30_r012,Alg2_Ru10,0.9264705882352942,,
1b,D4-hetero,0.3,12,D4-hetero_e30_r012,TCRlong(0.40)+rw+A2_Rs20,0.9264705882352942,,
1b,D4-hetero,0.3,12,D4-hetero_e30_r012,TCRlong(0.40)+rw+A2_Ru10,0.9264705882352942,,
1b,D4-hetero,0.35,12,D4-hetero_e35_r012,ESF12alone,0.907608695652174,0.38,0.07845312706194818
1b,D4-hetero,0.35,12,D4-hetero_e35_r012,ESF12,0.907608695652174,,
1b,D4-hetero,0.35,12,D4-hetero_e35_r012,Alg2_Rs20,0.907608695652174,,
1b,D4-hetero,0.35,12,D4-hetero_e35_r012,Alg2_Ru10,0.907608695652174,,
1b,D4-hetero,0.35,12,D4-hetero_e35_r012,TCRlong(0.40)+rw+A2_Rs20,0.9021739130434783,,
1b,D4-hetero,0.35,12,D4-hetero_e35_r012,TCRlong(0.40)+rw+A2_Ru10,0.9021739130434783,,
1b,D5-leverage,0.25,12,D5-leverage_e25_r012,ESF12alone,0.53125,0.07333333333333333,0.07117153890430927
1b,D5-leverage,0.25,12,D5-leverage_e25_r012,ESF12,0.53125,,
1b,D5-leverage,0.25,12,D5-leverage_e25_r012,Alg2_Rs20,0.53125,,
1b,D5-leverage,0.25,12,D5-leverage_e25_r012,Alg2_Ru10,0.53125,,
1b,D5-leverage,0.25,12,D5-leverage_e25_r012,TCRlong(0.40)+rw+A2_Rs20,0.5357142857142857,,
1b,D5-leverage,0.25,12,D5-leverage_e25_r012,TCRlong(0.40)+rw+A2_Ru10,0.5357142857142857,,
1b,D5-leverage,0.3,12,D5-leverage_e30_r012,ESF12alone,0.5024154589371981,0.0033333333333333335,0.07061472302302718
1b,D5-leverage,0.3,12,D5-leverage_e30_r012,ESF12,0.5024154589371981,,
1b,D5-leverage,0.3,12,D5-leverage_e30_r012,Alg2_Rs20,0.5024154589371981,,
1b,D5-leverage,0.3,12,D5-leverage_e30_r012,Alg2_Ru10,0.5024154589371981,,
1b,D5-leverage,0.3,12,D5-leverage_e30_r012,TCRlong(0.40)+rw+A2_Rs20,0.5072463768115942,,
1b,D5-leverage,0.3,12,D5-leverage_e30_r012,TCRlong(0.40)+rw+A2_Ru10,0.5072463768115942,,
1b,D5-leverage,0.35,12,D5-leverage_e35_r012,ESF12alone,0.5181347150259067,0.006666666666666667,0.0729561859043315
1b,D5-leverage,0.35,12,D5-leverage_e35_r012,ESF12,0.5181347150259067,,
1b,D5-leverage,0.35,12,D5-leverage_e35_r012,Alg2_Rs20,0.5181347150259067,,
1b,D5-leverage,0.35,12,D5-leverage_e35_r012,Alg2_Ru10,0.5181347150259067,,
1b,D5-leverage,0.35,12,D5-leverage_e35_r012,TCRlong(0.40)+rw+A2_Rs20,0.5025906735751295,,
1b,D5-leverage,0.35,12,D5-leverage_e35_r012,TCRlong(0.40)+rw+A2_Ru10,0.5025906735751295,,
1b,D6-uniform,0.25,12,D6-uniform_e25_r012,ESF12alone,0.8761061946902655,0.17333333333333334,0.0747212739661336
1b,D6-uniform,0.25,12,D6-uniform_e25_r012,ESF12,0.8761061946902655,,
1b,D6-uniform,0.25,12,D6-uniform_e25_r012,Alg2_Rs20,0.8761061946902655,,
1b,D6-uniform,0.25,12,D6-uniform_e25_r012,Alg2_Ru10,0.8761061946902655,,
1b,D6-uniform,0.25,12,D6-uniform_e25_r012,TCRlong(0.40)+rw+A2_Rs20,0.8761061946902655,,
1b,D6-uniform,0.25,12,D6-uniform_e25_r012,TCRlong(0.40)+rw+A2_Ru10,0.8761061946902655,,
1b,D6-uniform,0.3,12,D6-uniform_e30_r012,ESF12alone,0.527363184079602,0.0,0.07259044703096151
1b,D6-uniform,0.3,12,D6-uniform_e30_r012,ESF12,0.527363184079602,,
1b,D6-uniform,0.3,12,D6-uniform_e30_r012,Alg2_Rs20,0.5323383084577115,,
1b,D6-uniform,0.3,12,D6-uniform_e30_r012,Alg2_Ru10,0.5323383084577115,,
1b,D6-uniform,0.3,12,D6-uniform_e30_r012,TCRlong(0.40)+rw+A2_Rs20,0.5422885572139303,,
1b,D6-uniform,0.3,12,D6-uniform_e30_r012,TCRlong(0.40)+rw+A2_Ru10,0.5422885572139303,,
1b,D6-uniform,0.35,12,D6-uniform_e35_r012,ESF12alone,0.5956284153005464,0.0,0.07348221796564758
1b,D6-uniform,0.35,12,D6-uniform_e35_r012,ESF12,0.5956284153005464,,
1b,D6-uniform,0.35,12,D6-uniform_e35_r012,Alg2_Rs20,0.6010928961748634,,
1b,D6-uniform,0.35,12,D6-uniform_e35_r012,Alg2_Ru10,0.6010928961748634,,
1b,D6-uniform,0.35,12,D6-uniform_e35_r012,TCRlong(0.40)+rw+A2_Rs20,0.6120218579234973,,
1b,D6-uniform,0.35,12,D6-uniform_e35_r012,TCRlong(0.40)+rw+A2_Ru10,0.6120218579234973,,
1b,D7-p3,0.25,12,D7-p3_e25_r012,ESF12alone,0.9095022624434389,0.2633333333333333,2.109938854002394
1b,D7-p3,0.25,12,D7-p3_e25_r012,ESF12,0.9095022624434389,,
1b,D7-p3,0.25,12,D7-p3_e25_r012,Alg2_Rs20,0.9049773755656109,,
1b,D7-p3,0.25,12,D7-p3_e25_r012,Alg2_Ru10,0.9049773755656109,,
1b,D7-p3,0.25,12,D7-p3_e25_r012,TCRlong(0.40)+rw+A2_Rs20,0.9049773755656109,,
1b,D7-p3,0.25,12,D7-p3_e25_r012,TCRlong(0.40)+rw+A2_Ru10,0.9049773755656109,,
1b,D7-p3,0.3,12,D7-p3_e30_r012,ESF12alone,0.8990384615384616,0.30666666666666664,2.2968054820084944
1b,D7-p3,0.3,12,D7-p3_e30_r012,ESF12,0.8990384615384616,,
1b,D7-p3,0.3,12,D7-p3_e30_r012,Alg2_Rs20,0.8990384615384616,,
1b,D7-p3,0.3,12,D7-p3_e30_r012,Alg2_Ru10,0.8990384615384616,,
1b,D7-p3,0.3,12,D7-p3_e30_r012,TCRlong(0.40)+rw+A2_Rs20,0.8990384615384616,,
1b,D7-p3,0.3,12,D7-p3_e30_r012,TCRlong(0.40)+rw+A2_Ru10,0.8990384615384616,,
1b,D7-p3,0.35,12,D7-p3_e35_r012,ESF12alone,0.8711340206185567,0.35333333333333333,1.8213915900560096
1b,D7-p3,0.35,12,D7-p3_e35_r012,ESF12,0.8711340206185567,,
1b,D7-p3,0.35,12,D7-p3_e35_r012,Alg2_Rs20,0.8711340206185567,,
1b,D7-p3,0.35,12,D7-p3_e35_r012,Alg2_Ru10,0.8711340206185567,,
1b,D7-p3,0.35,12,D7-p3_e35_r012,TCRlong(0.40)+rw+A2_Rs20,0.8711340206185567,,
1b,D7-p3,0.35,12,D7-p3_e35_r012,TCRlong(0.40)+rw+A2_Ru10,0.8711340206185567,,
1b,D8-K2par-sep,0.25,12,D8-K2par-sep_e25_r012,ESF12alone,1.0,0.25333333333333335,0.07835434109438211
1b,D8-K2par-sep,0.25,12,D8-K2par-sep_e25_r012,ESF12,1.0,,
1b,D8-K2par-sep,0.25,12,D8-K2par-sep_e25_r012,Alg2_Rs20,1.0,,
1b,D8-K2par-sep,0.25,12,D8-K2par-sep_e25_r012,Alg2_Ru10,1.0,,
1b,D8-K2par-sep,0.25,12,D8-K2par-sep_e25_r012,TCRlong(0.40)+rw+A2_Rs20,1.0,,
1b,D8-K2par-sep,0.25,12,D8-K2par-sep_e25_r012,TCRlong(0.40)+rw+A2_Ru10,1.0,,
1b,D8-K2par-sep,0.3,12,D8-K2par-sep_e30_r012,ESF12alone,1.0,0.30333333333333334,0.07952434499748051
1b,D8-K2par-sep,0.3,12,D8-K2par-sep_e30_r012,ESF12,1.0,,
1b,D8-K2par-sep,0.3,12,D8-K2par-sep_e30_r012,Alg2_Rs20,1.0,,
1b,D8-K2par-sep,0.3,12,D8-K2par-sep_e30_r012,Alg2_Ru10,1.0,,
1b,D8-K2par-sep,0.3,12,D8-K2par-sep_e30_r012,TCRlong(0.40)+rw+A2_Rs20,1.0,,
1b,D8-K2par-sep,0.3,12,D8-K2par-sep_e30_r012,TCRlong(0.40)+rw+A2_Ru10,1.0,,
1b,D8-K2par-sep,0.35,12,D8-K2par-sep_e35_r012,ESF12alone,1.0,0.3466666666666667,0.08558354596607387
1b,D8-K2par-sep,0.35,12,D8-K2par-sep_e35_r012,ESF12,1.0,,
1b,D8-K2par-sep,0.35,12,D8-K2par-sep_e35_r012,Alg2_Rs20,1.0,,
1b,D8-K2par-sep,0.35,12,D8-K2par-sep_e35_r012,Alg2_Ru10,1.0,,
1b,D8-K2par-sep,0.35,12,D8-K2par-sep_e35_r012,TCRlong(0.40)+rw+A2_Rs20,1.0,,
1b,D8-K2par-sep,0.35,12,D8-K2par-sep_e35_r012,TCRlong(0.40)+rw+A2_Ru10,1.0,,
1b,D1-K2cross,0.25,13,D1-K2cross_e25_r013,ESF12alone,0.9030837004405287,0.24666666666666667,0.06573428900446743
1b,D1-K2cross,0.25,13,D1-K2cross_e25_r013,ESF12,0.9030837004405287,,
1b,D1-K2cross,0.25,13,D1-K2cross_e25_r013,Alg2_Rs20,0.9030837004405287,,
1b,D1-K2cross,0.25,13,D1-K2cross_e25_r013,Alg2_Ru10,0.9030837004405287,,
1b,D1-K2cross,0.25,13,D1-K2cross_e25_r013,TCRlong(0.40)+rw+A2_Rs20,0.9074889867841409,,
1b,D1-K2cross,0.25,13,D1-K2cross_e25_r013,TCRlong(0.40)+rw+A2_Ru10,0.9074889867841409,,
1b,D1-K2cross,0.3,13,D1-K2cross_e30_r013,ESF12alone,0.9425837320574163,0.30666666666666664,0.07351598201785237
1b,D1-K2cross,0.3,13,D1-K2cross_e30_r013,ESF12,0.9425837320574163,,
1b,D1-K2cross,0.3,13,D1-K2cross_e30_r013,Alg2_Rs20,0.9425837320574163,,
1b,D1-K2cross,0.3,13,D1-K2cross_e30_r013,Alg2_Ru10,0.9425837320574163,,
1b,D1-K2cross,0.3,13,D1-K2cross_e30_r013,TCRlong(0.40)+rw+A2_Rs20,0.9425837320574163,,
1b,D1-K2cross,0.3,13,D1-K2cross_e30_r013,TCRlong(0.40)+rw+A2_Ru10,0.9425837320574163,,
1b,D1-K2cross,0.35,13,D1-K2cross_e35_r013,ESF12alone,0.9239130434782609,0.38666666666666666,0.0855027629295364
1b,D1-K2cross,0.35,13,D1-K2cross_e35_r013,ESF12,0.9239130434782609,,
1b,D1-K2cross,0.35,13,D1-K2cross_e35_r013,Alg2_Rs20,0.9239130434782609,,
1b,D1-K2cross,0.35,13,D1-K2cross_e35_r013,Alg2_Ru10,0.9239130434782609,,
1b,D1-K2cross,0.35,13,D1-K2cross_e35_r013,TCRlong(0.40)+rw+A2_Rs20,0.9239130434782609,,
1b,D1-K2cross,0.35,13,D1-K2cross_e35_r013,TCRlong(0.40)+rw+A2_Ru10,0.9239130434782609,,
1b,D2-K3par,0.25,13,D2-K3par_e25_r013,ESF12alone,0.9066666666666666,0.25,0.4225225739646703
1b,D2-K3par,0.25,13,D2-K3par_e25_r013,ESF12,0.9066666666666666,,
1b,D2-K3par,0.25,13,D2-K3par_e25_r013,Alg2_Rs20,0.7377777777777778,,
1b,D2-K3par,0.25,13,D2-K3par_e25_r013,Alg2_Ru10,0.7377777777777778,,
1b,D2-K3par,0.25,13,D2-K3par_e25_r013,TCRlong(0.40)+rw+A2_Rs20,0.9111111111111111,,
1b,D2-K3par,0.25,13,D2-K3par_e25_r013,TCRlong(0.40)+rw+A2_Ru10,0.9111111111111111,,
1b,D2-K3par,0.3,13,D2-K3par_e30_r013,ESF12alone,0.6851851851851852,0.11,0.4465277859708294
1b,D2-K3par,0.3,13,D2-K3par_e30_r013,ESF12,0.6851851851851852,,
1b,D2-K3par,0.3,13,D2-K3par_e30_r013,Alg2_Rs20,0.9398148148148148,,
1b,D2-K3par,0.3,13,D2-K3par_e30_r013,Alg2_Ru10,0.9398148148148148,,
1b,D2-K3par,0.3,13,D2-K3par_e30_r013,TCRlong(0.40)+rw+A2_Rs20,0.9120370370370371,,
1b,D2-K3par,0.3,13,D2-K3par_e30_r013,TCRlong(0.40)+rw+A2_Ru10,0.9120370370370371,,
1b,D2-K3par,0.35,13,D2-K3par_e35_r013,ESF12alone,0.6984126984126984,0.18333333333333332,0.3397532979724929
1b,D2-K3par,0.35,13,D2-K3par_e35_r013,ESF12,0.6984126984126984,,
1b,D2-K3par,0.35,13,D2-K3par_e35_r013,Alg2_Rs20,0.37566137566137564,,
1b,D2-K3par,0.35,13,D2-K3par_e35_r013,Alg2_Ru10,0.37566137566137564,,
1b,D2-K3par,0.35,13,D2-K3par_e35_r013,TCRlong(0.40)+rw+A2_Rs20,0.6984126984126984,,
1b,D2-K3par,0.35,13,D2-K3par_e35_r013,TCRlong(0.40)+rw+A2_Ru10,0.6984126984126984,,
1b,D3-unequal,0.25,13,D3-unequal_e25_r013,ESF12alone,0.9388646288209607,0.23666666666666666,0.0753669929690659
1b,D3-unequal,0.25,13,D3-unequal_e25_r013,ESF12,0.9388646288209607,,
1b,D3-unequal,0.25,13,D3-unequal_e25_r013,Alg2_Rs20,0.9344978165938864,,
1b,D3-unequal,0.25,13,D3-unequal_e25_r013,Alg2_Ru10,0.9344978165938864,,
1b,D3-unequal,0.25,13,D3-unequal_e25_r013,TCRlong(0.40)+rw+A2_Rs20,0.9388646288209607,,
1b,D3-unequal,0.25,13,D3-unequal_e25_r013,TCRlong(0.40)+rw+A2_Ru10,0.9388646288209607,,
1b,D3-unequal,0.3,13,D3-unequal_e30_r013,ESF12alone,0.8905472636815921,0.33,0.07683659403119236
1b,D3-unequal,0.3,13,D3-unequal_e30_r013,ESF12,0.8905472636815921,,
1b,D3-unequal,0.3,13,D3-unequal_e30_r013,Alg2_Rs20,0.8905472636815921,,
1b,D3-unequal,0.3,13,D3-unequal_e30_r013,Alg2_Ru10,0.8905472636815921,,
1b,D3-unequal,0.3,13,D3-unequal_e30_r013,TCRlong(0.40)+rw+A2_Rs20,0.8905472636815921,,
1b,D3-unequal,0.3,13,D3-unequal_e30_r013,TCRlong(0.40)+rw+A2_Ru10,0.8905472636815921,,
1b,D3-unequal,0.35,13,D3-unequal_e35_r013,ESF12alone,0.9313725490196079,0.32,0.07490905199665576
1b,D3-unequal,0.35,13,D3-unequal_e35_r013,ESF12,0.9313725490196079,,
1b,D3-unequal,0.35,13,D3-unequal_e35_r013,Alg2_Rs20,0.9362745098039216,,
1b,D3-unequal,0.35,13,D3-unequal_e35_r013,Alg2_Ru10,0.9362745098039216,,
1b,D3-unequal,0.35,13,D3-unequal_e35_r013,TCRlong(0.40)+rw+A2_Rs20,0.9362745098039216,,
1b,D3-unequal,0.35,13,D3-unequal_e35_r013,TCRlong(0.40)+rw+A2_Ru10,0.9362745098039216,,
1b,D4-hetero,0.25,13,D4-hetero_e25_r013,ESF12alone,0.8914027149321267,0.2633333333333333,0.07494899199809879
1b,D4-hetero,0.25,13,D4-hetero_e25_r013,ESF12,0.8914027149321267,,
1b,D4-hetero,0.25,13,D4-hetero_e25_r013,Alg2_Rs20,0.8914027149321267,,
1b,D4-hetero,0.25,13,D4-hetero_e25_r013,Alg2_Ru10,0.8914027149321267,,
1b,D4-hetero,0.25,13,D4-hetero_e25_r013,TCRlong(0.40)+rw+A2_Rs20,0.8959276018099548,,
1b,D4-hetero,0.25,13,D4-hetero_e25_r013,TCRlong(0.40)+rw+A2_Ru10,0.8959276018099548,,
1b,D4-hetero,0.3,13,D4-hetero_e30_r013,ESF12alone,0.9038461538461539,0.31333333333333335,0.08148710906971246
1b,D4-hetero,0.3,13,D4-hetero_e30_r013,ESF12,0.9038461538461539,,
1b,D4-hetero,0.3,13,D4-hetero_e30_r013,Alg2_Rs20,0.9038461538461539,,
1b,D4-hetero,0.3,13,D4-hetero_e30_r013,Alg2_Ru10,0.9038461538461539,,
1b,D4-hetero,0.3,13,D4-hetero_e30_r013,TCRlong(0.40)+rw+A2_Rs20,0.9038461538461539,,
1b,D4-hetero,0.3,13,D4-hetero_e30_r013,TCRlong(0.40)+rw+A2_Ru10,0.9038461538461539,,
1b,D4-hetero,0.35,13,D4-hetero_e35_r013,ESF12alone,0.865,0.3333333333333333,0.07552676601335406
1b,D4-hetero,0.35,13,D4-hetero_e35_r013,ESF12,0.865,,
1b,D4-hetero,0.35,13,D4-hetero_e35_r013,Alg2_Rs20,0.865,,
1b,D4-hetero,0.35,13,D4-hetero_e35_r013,Alg2_Ru10,0.865,,
1b,D4-hetero,0.35,13,D4-hetero_e35_r013,TCRlong(0.40)+rw+A2_Rs20,0.865,,
1b,D4-hetero,0.35,13,D4-hetero_e35_r013,TCRlong(0.40)+rw+A2_Ru10,0.865,,
1b,D5-leverage,0.25,13,D5-leverage_e25_r013,ESF12alone,0.5560344827586207,0.10666666666666667,0.07290411100257188
1b,D5-leverage,0.25,13,D5-leverage_e25_r013,ESF12,0.5560344827586207,,
1b,D5-leverage,0.25,13,D5-leverage_e25_r013,Alg2_Rs20,0.9008620689655172,,
1b,D5-leverage,0.25,13,D5-leverage_e25_r013,Alg2_Ru10,0.9008620689655172,,
1b,D5-leverage,0.25,13,D5-leverage_e25_r013,TCRlong(0.40)+rw+A2_Rs20,0.9008620689655172,,
1b,D5-leverage,0.25,13,D5-leverage_e25_r013,TCRlong(0.40)+rw+A2_Ru10,0.9008620689655172,,
1b,D5-leverage,0.3,13,D5-leverage_e30_r013,ESF12alone,0.5023041474654378,0.15666666666666668,0.0695076750125736
1b,D5-leverage,0.3,13,D5-leverage_e30_r013,ESF12,0.5023041474654378,,
1b,D5-leverage,0.3,13,D5-leverage_e30_r013,Alg2_Rs20,0.5023041474654378,,
1b,D5-leverage,0.3,13,D5-leverage_e30_r013,Alg2_Ru10,0.5023041474654378,,
1b,D5-leverage,0.3,13,D5-leverage_e30_r013,TCRlong(0.40)+rw+A2_Rs20,0.5023041474654378,,
1b,D5-leverage,0.3,13,D5-leverage_e30_r013,TCRlong(0.40)+rw+A2_Ru10,0.5023041474654378,,
1b,D5-leverage,0.35,13,D5-leverage_e35_r013,ESF12alone,0.525,0.0033333333333333335,0.09519698994699866
1b,D5-leverage,0.35,13,D5-leverage_e35_r013,ESF12,0.525,,
1b,D5-leverage,0.35,13,D5-leverage_e35_r013,Alg2_Rs20,0.53,,
1b,D5-leverage,0.35,13,D5-leverage_e35_r013,Alg2_Ru10,0.53,,
1b,D5-leverage,0.35,13,D5-leverage_e35_r013,TCRlong(0.40)+rw+A2_Rs20,0.52,,
1b,D5-leverage,0.35,13,D5-leverage_e35_r013,TCRlong(0.40)+rw+A2_Ru10,0.52,,
1b,D6-uniform,0.25,13,D6-uniform_e25_r013,ESF12alone,0.5209302325581395,0.0,0.0783147820038721
1b,D6-uniform,0.25,13,D6-uniform_e25_r013,ESF12,0.5209302325581395,,
1b,D6-uniform,0.25,13,D6-uniform_e25_r013,Alg2_Rs20,0.5209302325581395,,
1b,D6-uniform,0.25,13,D6-uniform_e25_r013,Alg2_Ru10,0.5209302325581395,,
1b,D6-uniform,0.25,13,D6-uniform_e25_r013,TCRlong(0.40)+rw+A2_Rs20,0.8883720930232558,,
1b,D6-uniform,0.25,13,D6-uniform_e25_r013,TCRlong(0.40)+rw+A2_Ru10,0.5906976744186047,,
1b,D6-uniform,0.3,13,D6-uniform_e30_r013,ESF12alone,0.5118483412322274,0.0,0.069631585967727
1b,D6-uniform,0.3,13,D6-uniform_e30_r013,ESF12,0.5118483412322274,,
1b,D6-uniform,0.3,13,D6-uniform_e30_r013,Alg2_Rs20,0.5118483412322274,,
1b,D6-uniform,0.3,13,D6-uniform_e30_r013,Alg2_Ru10,0.5118483412322274,,
1b,D6-uniform,0.3,13,D6-uniform_e30_r013,TCRlong(0.40)+rw+A2_Rs20,0.5260663507109005,,
1b,D6-uniform,0.3,13,D6-uniform_e30_r013,TCRlong(0.40)+rw+A2_Ru10,0.5260663507109005,,
1b,D6-uniform,0.35,13,D6-uniform_e35_r013,ESF12alone,0.5396825396825397,0.0,0.07147967594210058
1b,D6-uniform,0.35,13,D6-uniform_e35_r013,ESF12,0.5396825396825397,,
1b,D6-uniform,0.35,13,D6-uniform_e35_r013,Alg2_Rs20,0.5396825396825397,,
1b,D6-uniform,0.35,13,D6-uniform_e35_r013,Alg2_Ru10,0.5396825396825397,,
1b,D6-uniform,0.35,13,D6-uniform_e35_r013,TCRlong(0.40)+rw+A2_Rs20,0.5396825396825397,,
1b,D6-uniform,0.35,13,D6-uniform_e35_r013,TCRlong(0.40)+rw+A2_Ru10,0.5396825396825397,,
1b,D7-p3,0.25,13,D7-p3_e25_r013,ESF12alone,0.8818181818181818,0.26666666666666666,2.275968243018724
1b,D7-p3,0.25,13,D7-p3_e25_r013,ESF12,0.8818181818181818,,
1b,D7-p3,0.25,13,D7-p3_e25_r013,Alg2_Rs20,0.8772727272727273,,
1b,D7-p3,0.25,13,D7-p3_e25_r013,Alg2_Ru10,0.8772727272727273,,
1b,D7-p3,0.25,13,D7-p3_e25_r013,TCRlong(0.40)+rw+A2_Rs20,0.8818181818181818,,
1b,D7-p3,0.25,13,D7-p3_e25_r013,TCRlong(0.40)+rw+A2_Ru10,0.8818181818181818,,
1b,D7-p3,0.3,13,D7-p3_e30_r013,ESF12alone,0.9077669902912622,0.31333333333333335,1.7781143680913374
1b,D7-p3,0.3,13,D7-p3_e30_r013,ESF12,0.9077669902912622,,
1b,D7-p3,0.3,13,D7-p3_e30_r013,Alg2_Rs20,0.912621359223301,,
1b,D7-p3,0.3,13,D7-p3_e30_r013,Alg2_Ru10,0.912621359223301,,
1b,D7-p3,0.3,13,D7-p3_e30_r013,TCRlong(0.40)+rw+A2_Rs20,0.9077669902912622,,
1b,D7-p3,0.3,13,D7-p3_e30_r013,TCRlong(0.40)+rw+A2_Ru10,0.9077669902912622,,
1b,D7-p3,0.35,13,D7-p3_e35_r013,ESF12alone,0.8894472361809045,0.34,2.3056701719760895
1b,D7-p3,0.35,13,D7-p3_e35_r013,ESF12,0.8894472361809045,,
1b,D7-p3,0.35,13,D7-p3_e35_r013,Alg2_Rs20,0.8894472361809045,,
1b,D7-p3,0.35,13,D7-p3_e35_r013,Alg2_Ru10,0.8894472361809045,,
1b,D7-p3,0.35,13,D7-p3_e35_r013,TCRlong(0.40)+rw+A2_Rs20,0.8894472361809045,,
1b,D7-p3,0.35,13,D7-p3_e35_r013,TCRlong(0.40)+rw+A2_Ru10,0.8894472361809045,,
1b,D8-K2par-sep,0.25,13,D8-K2par-sep_e25_r013,ESF12alone,0.9956896551724138,0.22666666666666666,0.07918610610067844
1b,D8-K2par-sep,0.25,13,D8-K2par-sep_e25_r013,ESF12,0.9956896551724138,,
1b,D8-K2par-sep,0.25,13,D8-K2par-sep_e25_r013,Alg2_Rs20,0.9956896551724138,,
1b,D8-K2par-sep,0.25,13,D8-K2par-sep_e25_r013,Alg2_Ru10,0.9956896551724138,,
1b,D8-K2par-sep,0.25,13,D8-K2par-sep_e25_r013,TCRlong(0.40)+rw+A2_Rs20,0.9956896551724138,,
1b,D8-K2par-sep,0.25,13,D8-K2par-sep_e25_r013,TCRlong(0.40)+rw+A2_Ru10,0.9956896551724138,,
1b,D8-K2par-sep,0.3,13,D8-K2par-sep_e30_r013,ESF12alone,1.0,0.29333333333333333,0.08055723807774484
1b,D8-K2par-sep,0.3,13,D8-K2par-sep_e30_r013,ESF12,1.0,,
1b,D8-K2par-sep,0.3,13,D8-K2par-sep_e30_r013,Alg2_Rs20,1.0,,
1b,D8-K2par-sep,0.3,13,D8-K2par-sep_e30_r013,Alg2_Ru10,1.0,,
1b,D8-K2par-sep,0.3,13,D8-K2par-sep_e30_r013,TCRlong(0.40)+rw+A2_Rs20,1.0,,
1b,D8-K2par-sep,0.3,13,D8-K2par-sep_e30_r013,TCRlong(0.40)+rw+A2_Ru10,1.0,,
1b,D8-K2par-sep,0.35,13,D8-K2par-sep_e35_r013,ESF12alone,1.0,0.3433333333333333,0.0791818069992587
1b,D8-K2par-sep,0.35,13,D8-K2par-sep_e35_r013,ESF12,1.0,,
1b,D8-K2par-sep,0.35,13,D8-K2par-sep_e35_r013,Alg2_Rs20,1.0,,
1b,D8-K2par-sep,0.35,13,D8-K2par-sep_e35_r013,Alg2_Ru10,1.0,,
1b,D8-K2par-sep,0.35,13,D8-K2par-sep_e35_r013,TCRlong(0.40)+rw+A2_Rs20,1.0,,
1b,D8-K2par-sep,0.35,13,D8-K2par-sep_e35_r013,TCRlong(0.40)+rw+A2_Ru10,1.0,,
1b,D1-K2cross,0.25,14,D1-K2cross_e25_r014,ESF12alone,0.9272727272727272,0.26666666666666666,0.08051375800278038
1b,D1-K2cross,0.25,14,D1-K2cross_e25_r014,ESF12,0.9272727272727272,,
1b,D1-K2cross,0.25,14,D1-K2cross_e25_r014,Alg2_Rs20,0.9318181818181818,,
1b,D1-K2cross,0.25,14,D1-K2cross_e25_r014,Alg2_Ru10,0.9318181818181818,,
1b,D1-K2cross,0.25,14,D1-K2cross_e25_r014,TCRlong(0.40)+rw+A2_Rs20,0.9318181818181818,,
1b,D1-K2cross,0.25,14,D1-K2cross_e25_r014,TCRlong(0.40)+rw+A2_Ru10,0.9318181818181818,,
1b,D1-K2cross,0.3,14,D1-K2cross_e30_r014,ESF12alone,0.8904761904761904,0.3,0.07358913903590292
1b,D1-K2cross,0.3,14,D1-K2cross_e30_r014,ESF12,0.8904761904761904,,
1b,D1-K2cross,0.3,14,D1-K2cross_e30_r014,Alg2_Rs20,0.8904761904761904,,
1b,D1-K2cross,0.3,14,D1-K2cross_e30_r014,Alg2_Ru10,0.8904761904761904,,
1b,D1-K2cross,0.3,14,D1-K2cross_e30_r014,TCRlong(0.40)+rw+A2_Rs20,0.8904761904761904,,
1b,D1-K2cross,0.3,14,D1-K2cross_e30_r014,TCRlong(0.40)+rw+A2_Ru10,0.8904761904761904,,
1b,D1-K2cross,0.35,14,D1-K2cross_e35_r014,ESF12alone,0.9264705882352942,0.32,0.07272615295369178
1b,D1-K2cross,0.35,14,D1-K2cross_e35_r014,ESF12,0.9264705882352942,,
1b,D1-K2cross,0.35,14,D1-K2cross_e35_r014,Alg2_Rs20,0.9215686274509803,,
1b,D1-K2cross,0.35,14,D1-K2cross_e35_r014,Alg2_Ru10,0.9215686274509803,,
1b,D1-K2cross,0.35,14,D1-K2cross_e35_r014,TCRlong(0.40)+rw+A2_Rs20,0.9313725490196079,,
1b,D1-K2cross,0.35,14,D1-K2cross_e35_r014,TCRlong(0.40)+rw+A2_Ru10,0.9313725490196079,,
1b,D2-K3par,0.25,14,D2-K3par_e25_r014,ESF12alone,0.9037656903765691,0.20333333333333334,0.28791566903237253
1b,D2-K3par,0.25,14,D2-K3par_e25_r014,ESF12,0.9037656903765691,,
1b,D2-K3par,0.25,14,D2-K3par_e25_r014,Alg2_Rs20,0.9037656903765691,,
1b,D2-K3par,0.25,14,D2-K3par_e25_r014,Alg2_Ru10,0.9037656903765691,,
1b,D2-K3par,0.25,14,D2-K3par_e25_r014,TCRlong(0.40)+rw+A2_Rs20,0.9037656903765691,,
1b,D2-K3par,0.25,14,D2-K3par_e25_r014,TCRlong(0.40)+rw+A2_Ru10,0.9037656903765691,,
1b,D2-K3par,0.3,14,D2-K3par_e30_r014,ESF12alone,0.8962264150943396,0.29333333333333333,0.3141400950262323
1b,D2-K3par,0.3,14,D2-K3par_e30_r014,ESF12,0.8962264150943396,,
1b,D2-K3par,0.3,14,D2-K3par_e30_r014,Alg2_Rs20,0.6745283018867925,,
1b,D2-K3par,0.3,14,D2-K3par_e30_r014,Alg2_Ru10,0.6745283018867925,,
1b,D2-K3par,0.3,14,D2-K3par_e30_r014,TCRlong(0.40)+rw+A2_Rs20,0.8915094339622641,,
1b,D2-K3par,0.3,14,D2-K3par_e30_r014,TCRlong(0.40)+rw+A2_Ru10,0.8915094339622641,,
1b,D2-K3par,0.35,14,D2-K3par_e35_r014,ESF12alone,0.3854166666666667,0.0033333333333333335,0.3925250719767064
1b,D2-K3par,0.35,14,D2-K3par_e35_r014,ESF12,0.3854166666666667,,
1b,D2-K3par,0.35,14,D2-K3par_e35_r014,Alg2_Rs20,0.3854166666666667,,
1b,D2-K3par,0.35,14,D2-K3par_e35_r014,Alg2_Ru10,0.3854166666666667,,
1b,D2-K3par,0.35,14,D2-K3par_e35_r014,TCRlong(0.40)+rw+A2_Rs20,0.921875,,
1b,D2-K3par,0.35,14,D2-K3par_e35_r014,TCRlong(0.40)+rw+A2_Ru10,0.921875,,
1b,D3-unequal,0.25,14,D3-unequal_e25_r014,ESF12alone,0.9126637554585153,0.23666666666666666,0.07731414504814893
1b,D3-unequal,0.25,14,D3-unequal_e25_r014,ESF12,0.9126637554585153,,
1b,D3-unequal,0.25,14,D3-unequal_e25_r014,Alg2_Rs20,0.9126637554585153,,
1b,D3-unequal,0.25,14,D3-unequal_e25_r014,Alg2_Ru10,0.9126637554585153,,
1b,D3-unequal,0.25,14,D3-unequal_e25_r014,TCRlong(0.40)+rw+A2_Rs20,0.9126637554585153,,
1b,D3-unequal,0.25,14,D3-unequal_e25_r014,TCRlong(0.40)+rw+A2_Ru10,0.9126637554585153,,
1b,D3-unequal,0.3,14,D3-unequal_e30_r014,ESF12alone,0.8928571428571429,0.3466666666666667,0.07996007206384093
1b,D3-unequal,0.3,14,D3-unequal_e30_r014,ESF12,0.8928571428571429,,
1b,D3-unequal,0.3,14,D3-unequal_e30_r014,Alg2_Rs20,0.8928571428571429,,
1b,D3-unequal,0.3,14,D3-unequal_e30_r014,Alg2_Ru10,0.8928571428571429,,
1b,D3-unequal,0.3,14,D3-unequal_e30_r014,TCRlong(0.40)+rw+A2_Rs20,0.8877551020408163,,
1b,D3-unequal,0.3,14,D3-unequal_e30_r014,TCRlong(0.40)+rw+A2_Ru10,0.8877551020408163,,
1b,D3-unequal,0.35,14,D3-unequal_e35_r014,ESF12alone,0.7307692307692307,0.18,0.07320056390017271
1b,D3-unequal,0.35,14,D3-unequal_e35_r014,ESF12,0.7307692307692307,,
1b,D3-unequal,0.35,14,D3-unequal_e35_r014,Alg2_Rs20,0.7307692307692307,,
1b,D3-unequal,0.35,14,D3-unequal_e35_r014,Alg2_Ru10,0.7307692307692307,,
1b,D3-unequal,0.35,14,D3-unequal_e35_r014,TCRlong(0.40)+rw+A2_Rs20,0.7252747252747253,,
1b,D3-unequal,0.35,14,D3-unequal_e35_r014,TCRlong(0.40)+rw+A2_Ru10,0.7252747252747253,,
1b,D4-hetero,0.25,14,D4-hetero_e25_r014,ESF12alone,0.9047619047619048,0.24,0.0758153380593285
1b,D4-hetero,0.25,14,D4-hetero_e25_r014,ESF12,0.9047619047619048,,
1b,D4-hetero,0.25,14,D4-hetero_e25_r014,Alg2_Rs20,0.9004329004329005,,
1b,D4-hetero,0.25,14,D4-hetero_e25_r014,Alg2_Ru10,0.9004329004329005,,
1b,D4-hetero,0.25,14,D4-hetero_e25_r014,TCRlong(0.40)+rw+A2_Rs20,0.9004329004329005,,
1b,D4-hetero,0.25,14,D4-hetero_e25_r014,TCRlong(0.40)+rw+A2_Ru10,0.9004329004329005,,
1b,D4-hetero,0.3,14,D4-hetero_e30_r014,ESF12alone,0.9383886255924171,0.30333333333333334,0.07454850303474814
1b,D4-hetero,0.3,14,D4-hetero_e30_r014,ESF12,0.9383886255924171,,
1b,D4-hetero,0.3,14,D4-hetero_e30_r014,Alg2_Rs20,0.933649289099526,,
1b,D4-hetero,0.3,14,D4-hetero_e30_r014,Alg2_Ru10,0.933649289099526,,
1b,D4-hetero,0.3,14,D4-hetero_e30_r014,TCRlong(0.40)+rw+A2_Rs20,0.9383886255924171,,
1b,D4-hetero,0.3,14,D4-hetero_e30_r014,TCRlong(0.40)+rw+A2_Ru10,0.9383886255924171,,
1b,D4-hetero,0.35,14,D4-hetero_e35_r014,ESF12alone,0.9139784946236559,0.38,0.0774671440012753
1b,D4-hetero,0.35,14,D4-hetero_e35_r014,ESF12,0.9139784946236559,,
1b,D4-hetero,0.35,14,D4-hetero_e35_r014,Alg2_Rs20,0.9139784946236559,,
1b,D4-hetero,0.35,14,D4-hetero_e35_r014,Alg2_Ru10,0.9139784946236559,,
1b,D4-hetero,0.35,14,D4-hetero_e35_r014,TCRlong(0.40)+rw+A2_Rs20,0.9139784946236559,,
1b,D4-hetero,0.35,14,D4-hetero_e35_r014,TCRlong(0.40)+rw+A2_Ru10,0.9139784946236559,,
1b,D5-leverage,0.25,14,D5-leverage_e25_r014,ESF12alone,0.8913043478260869,0.23333333333333334,0.07621281000319868
1b,D5-leverage,0.25,14,D5-leverage_e25_r014,ESF12,0.8913043478260869,,
1b,D5-leverage,0.25,14,D5-leverage_e25_r014,Alg2_Rs20,0.8913043478260869,,
1b,D5-leverage,0.25,14,D5-leverage_e25_r014,Alg2_Ru10,0.8913043478260869,,
1b,D5-leverage,0.25,14,D5-leverage_e25_r014,TCRlong(0.40)+rw+A2_Rs20,0.8913043478260869,,
1b,D5-leverage,0.25,14,D5-leverage_e25_r014,TCRlong(0.40)+rw+A2_Ru10,0.8913043478260869,,
1b,D5-leverage,0.3,14,D5-leverage_e30_r014,ESF12alone,0.5622119815668203,0.06666666666666667,0.08114331099204719
1b,D5-leverage,0.3,14,D5-leverage_e30_r014,ESF12,0.5622119815668203,,
1b,D5-leverage,0.3,14,D5-leverage_e30_r014,Alg2_Rs20,0.5622119815668203,,
1b,D5-leverage,0.3,14,D5-leverage_e30_r014,Alg2_Ru10,0.5622119815668203,,
1b,D5-leverage,0.3,14,D5-leverage_e30_r014,TCRlong(0.40)+rw+A2_Rs20,0.8617511520737328,,
1b,D5-leverage,0.3,14,D5-leverage_e30_r014,TCRlong(0.40)+rw+A2_Ru10,0.8617511520737328,,
1b,D5-leverage,0.35,14,D5-leverage_e35_r014,ESF12alone,0.51010101010101,0.0033333333333333335,0.07567971490789205
1b,D5-leverage,0.35,14,D5-leverage_e35_r014,ESF12,0.51010101010101,,
1b,D5-leverage,0.35,14,D5-leverage_e35_r014,Alg2_Rs20,0.51010101010101,,
1b,D5-leverage,0.35,14,D5-leverage_e35_r014,Alg2_Ru10,0.51010101010101,,
1b,D5-leverage,0.35,14,D5-leverage_e35_r014,TCRlong(0.40)+rw+A2_Rs20,0.5,,
1b,D5-leverage,0.35,14,D5-leverage_e35_r014,TCRlong(0.40)+rw+A2_Ru10,0.5,,
1b,D6-uniform,0.25,14,D6-uniform_e25_r014,ESF12alone,0.9357798165137615,0.19666666666666666,0.07878323597833514
1b,D6-uniform,0.25,14,D6-uniform_e25_r014,ESF12,0.9357798165137615,,
1b,D6-uniform,0.25,14,D6-uniform_e25_r014,Alg2_Rs20,0.9311926605504587,,
1b,D6-uniform,0.25,14,D6-uniform_e25_r014,Alg2_Ru10,0.9311926605504587,,
1b,D6-uniform,0.25,14,D6-uniform_e25_r014,TCRlong(0.40)+rw+A2_Rs20,0.9357798165137615,,
1b,D6-uniform,0.25,14,D6-uniform_e25_r014,TCRlong(0.40)+rw+A2_Ru10,0.9357798165137615,,
1b,D6-uniform,0.3,14,D6-uniform_e30_r014,ESF12alone,0.8743961352657005,0.24,0.06983186502475291
1b,D6-uniform,0.3,14,D6-uniform_e30_r014,ESF12,0.8743961352657005,,
1b,D6-uniform,0.3,14,D6-uniform_e30_r014,Alg2_Rs20,0.8792270531400966,,
1b,D6-uniform,0.3,14,D6-uniform_e30_r014,Alg2_Ru10,0.8792270531400966,,
1b,D6-uniform,0.3,14,D6-uniform_e30_r014,TCRlong(0.40)+rw+A2_Rs20,0.8840579710144928,,
1b,D6-uniform,0.3,14,D6-uniform_e30_r014,TCRlong(0.40)+rw+A2_Ru10,0.8840579710144928,,
1b,D6-uniform,0.35,14,D6-uniform_e35_r014,ESF12alone,0.5167464114832536,0.0,0.07095856999512762
1b,D6-uniform,0.35,14,D6-uniform_e35_r014,ESF12,0.5167464114832536,,
1b,D6-uniform,0.35,14,D6-uniform_e35_r014,Alg2_Rs20,0.6028708133971292,,
1b,D6-uniform,0.35,14,D6-uniform_e35_r014,Alg2_Ru10,0.6028708133971292,,
1b,D6-uniform,0.35,14,D6-uniform_e35_r014,TCRlong(0.40)+rw+A2_Rs20,0.9282296650717703,,
1b,D6-uniform,0.35,14,D6-uniform_e35_r014,TCRlong(0.40)+rw+A2_Ru10,0.6076555023923444,,
1b,D7-p3,0.25,14,D7-p3_e25_r014,ESF12alone,0.908695652173913,0.23666666666666666,2.104655741015449
1b,D7-p3,0.25,14,D7-p3_e25_r014,ESF12,0.908695652173913,,
1b,D7-p3,0.25,14,D7-p3_e25_r014,Alg2_Rs20,0.9130434782608695,,
1b,D7-p3,0.25,14,D7-p3_e25_r014,Alg2_Ru10,0.9130434782608695,,
1b,D7-p3,0.25,14,D7-p3_e25_r014,TCRlong(0.40)+rw+A2_Rs20,0.9173913043478261,,
1b,D7-p3,0.25,14,D7-p3_e25_r014,TCRlong(0.40)+rw+A2_Ru10,0.9173913043478261,,
1b,D7-p3,0.3,14,D7-p3_e30_r014,ESF12alone,0.8755760368663594,0.2833333333333333,1.7365170719567686
1b,D7-p3,0.3,14,D7-p3_e30_r014,ESF12,0.8755760368663594,,
1b,D7-p3,0.3,14,D7-p3_e30_r014,Alg2_Rs20,0.880184331797235,,
1b,D7-p3,0.3,14,D7-p3_e30_r014,Alg2_Ru10,0.880184331797235,,
1b,D7-p3,0.3,14,D7-p3_e30_r014,TCRlong(0.40)+rw+A2_Rs20,0.8755760368663594,,
1b,D7-p3,0.3,14,D7-p3_e30_r014,TCRlong(0.40)+rw+A2_Ru10,0.8755760368663594,,
1b,D7-p3,0.35,14,D7-p3_e35_r014,ESF12alone,0.9206349206349206,0.37333333333333335,1.8648990410147235
1b,D7-p3,0.35,14,D7-p3_e35_r014,ESF12,0.9206349206349206,,
1b,D7-p3,0.35,14,D7-p3_e35_r014,Alg2_Rs20,0.9153439153439153,,
1b,D7-p3,0.35,14,D7-p3_e35_r014,Alg2_Ru10,0.9153439153439153,,
1b,D7-p3,0.35,14,D7-p3_e35_r014,TCRlong(0.40)+rw+A2_Rs20,0.91005291005291,,
1b,D7-p3,0.35,14,D7-p3_e35_r014,TCRlong(0.40)+rw+A2_Ru10,0.91005291005291,,
1b,D8-K2par-sep,0.25,14,D8-K2par-sep_e25_r014,ESF12alone,0.9955357142857143,0.25333333333333335,0.12122215202543885
1b,D8-K2par-sep,0.25,14,D8-K2par-sep_e25_r014,ESF12,0.9955357142857143,,
1b,D8-K2par-sep,0.25,14,D8-K2par-sep_e25_r014,Alg2_Rs20,0.9955357142857143,,
1b,D8-K2par-sep,0.25,14,D8-K2par-sep_e25_r014,Alg2_Ru10,0.9955357142857143,,
1b,D8-K2par-sep,0.25,14,D8-K2par-sep_e25_r014,TCRlong(0.40)+rw+A2_Rs20,0.9955357142857143,,
1b,D8-K2par-sep,0.25,14,D8-K2par-sep_e25_r014,TCRlong(0.40)+rw+A2_Ru10,0.9955357142857143,,
1b,D8-K2par-sep,0.3,14,D8-K2par-sep_e30_r014,ESF12alone,1.0,0.27,0.08030473999679089
1b,D8-K2par-sep,0.3,14,D8-K2par-sep_e30_r014,ESF12,1.0,,
1b,D8-K2par-sep,0.3,14,D8-K2par-sep_e30_r014,Alg2_Rs20,1.0,,
1b,D8-K2par-sep,0.3,14,D8-K2par-sep_e30_r014,Alg2_Ru10,1.0,,
1b,D8-K2par-sep,0.3,14,D8-K2par-sep_e30_r014,TCRlong(0.40)+rw+A2_Rs20,1.0,,
1b,D8-K2par-sep,0.3,14,D8-K2par-sep_e30_r014,TCRlong(0.40)+rw+A2_Ru10,1.0,,
1b,D8-K2par-sep,0.35,14,D8-K2par-sep_e35_r014,ESF12alone,1.0,0.29333333333333333,0.07694220100529492
1b,D8-K2par-sep,0.35,14,D8-K2par-sep_e35_r014,ESF12,1.0,,
1b,D8-K2par-sep,0.35,14,D8-K2par-sep_e35_r014,Alg2_Rs20,1.0,,
1b,D8-K2par-sep,0.35,14,D8-K2par-sep_e35_r014,Alg2_Ru10,1.0,,
1b,D8-K2par-sep,0.35,14,D8-K2par-sep_e35_r014,TCRlong(0.40)+rw+A2_Rs20,1.0,,
1b,D8-K2par-sep,0.35,14,D8-K2par-sep_e35_r014,TCRlong(0.40)+rw+A2_Ru10,1.0,,
1b,D1-K2cross,0.25,15,D1-K2cross_e25_r015,ESF12alone,0.8995633187772926,0.23666666666666666,0.07848052703775465
1b,D1-K2cross,0.25,15,D1-K2cross_e25_r015,ESF12,0.8995633187772926,,
1b,D1-K2cross,0.25,15,D1-K2cross_e25_r015,Alg2_Rs20,0.8951965065502183,,
1b,D1-K2cross,0.25,15,D1-K2cross_e25_r015,Alg2_Ru10,0.8951965065502183,,
1b,D1-K2cross,0.25,15,D1-K2cross_e25_r015,TCRlong(0.40)+rw+A2_Rs20,0.8995633187772926,,
1b,D1-K2cross,0.25,15,D1-K2cross_e25_r015,TCRlong(0.40)+rw+A2_Ru10,0.8995633187772926,,
1b,D1-K2cross,0.3,15,D1-K2cross_e30_r015,ESF12alone,0.9323671497584541,0.31,0.08027750300243497
1b,D1-K2cross,0.3,15,D1-K2cross_e30_r015,ESF12,0.9323671497584541,,
1b,D1-K2cross,0.3,15,D1-K2cross_e30_r015,Alg2_Rs20,0.9323671497584541,,
1b,D1-K2cross,0.3,15,D1-K2cross_e30_r015,Alg2_Ru10,0.9323671497584541,,
1b,D1-K2cross,0.3,15,D1-K2cross_e30_r015,TCRlong(0.40)+rw+A2_Rs20,0.9323671497584541,,
1b,D1-K2cross,0.3,15,D1-K2cross_e30_r015,TCRlong(0.40)+rw+A2_Ru10,0.9323671497584541,,
1b,D1-K2cross,0.35,15,D1-K2cross_e35_r015,ESF12alone,0.9187817258883249,0.3433333333333333,0.074467908940278
1b,D1-K2cross,0.35,15,D1-K2cross_e35_r015,ESF12,0.9187817258883249,,
1b,D1-K2cross,0.35,15,D1-K2cross_e35_r015,Alg2_Rs20,0.9137055837563451,,
1b,D1-K2cross,0.35,15,D1-K2cross_e35_r015,Alg2_Ru10,0.9137055837563451,,
1b,D1-K2cross,0.35,15,D1-K2cross_e35_r015,TCRlong(0.40)+rw+A2_Rs20,0.9137055837563451,,
1b,D1-K2cross,0.35,15,D1-K2cross_e35_r015,TCRlong(0.40)+rw+A2_Ru10,0.9137055837563451,,
1b,D2-K3par,0.25,15,D2-K3par_e25_r015,ESF12alone,0.9023255813953488,0.2833333333333333,0.3207149429945275
1b,D2-K3par,0.25,15,D2-K3par_e25_r015,ESF12,0.9023255813953488,,
1b,D2-K3par,0.25,15,D2-K3par_e25_r015,Alg2_Rs20,0.6325581395348837,,
1b,D2-K3par,0.25,15,D2-K3par_e25_r015,Alg2_Ru10,0.6325581395348837,,
1b,D2-K3par,0.25,15,D2-K3par_e25_r015,TCRlong(0.40)+rw+A2_Rs20,0.9023255813953488,,
1b,D2-K3par,0.25,15,D2-K3par_e25_r015,TCRlong(0.40)+rw+A2_Ru10,0.9023255813953488,,
1b,D2-K3par,0.3,15,D2-K3par_e30_r015,ESF12alone,0.6651376146788991,0.13666666666666666,0.3980290809413418
1b,D2-K3par,0.3,15,D2-K3par_e30_r015,ESF12,0.6651376146788991,,
1b,D2-K3par,0.3,15,D2-K3par_e30_r015,Alg2_Rs20,0.9036697247706422,,
1b,D2-K3par,0.3,15,D2-K3par_e30_r015,Alg2_Ru10,0.9036697247706422,,
1b,D2-K3par,0.3,15,D2-K3par_e30_r015,TCRlong(0.40)+rw+A2_Rs20,0.8944954128440367,,
1b,D2-K3par,0.3,15,D2-K3par_e30_r015,TCRlong(0.40)+rw+A2_Ru10,0.8944954128440367,,
1b,D2-K3par,0.35,15,D2-K3par_e35_r015,ESF12alone,0.3567567567567568,0.0,0.4224448000313714
1b,D2-K3par,0.35,15,D2-K3par_e35_r015,ESF12,0.3567567567567568,,
1b,D2-K3par,0.35,15,D2-K3par_e35_r015,Alg2_Rs20,0.3567567567567568,,
1b,D2-K3par,0.35,15,D2-K3par_e35_r015,Alg2_Ru10,0.3567567567567568,,
1b,D2-K3par,0.35,15,D2-K3par_e35_r015,TCRlong(0.40)+rw+A2_Rs20,0.6702702702702703,,
1b,D2-K3par,0.35,15,D2-K3par_e35_r015,TCRlong(0.40)+rw+A2_Ru10,0.6702702702702703,,
1b,D3-unequal,0.25,15,D3-unequal_e25_r015,ESF12alone,0.8917748917748918,0.23,0.08438815106637776
1b,D3-unequal,0.25,15,D3-unequal_e25_r015,ESF12,0.8917748917748918,,
1b,D3-unequal,0.25,15,D3-unequal_e25_r015,Alg2_Rs20,0.8917748917748918,,
1b,D3-unequal,0.25,15,D3-unequal_e25_r015,Alg2_Ru10,0.8917748917748918,,
1b,D3-unequal,0.25,15,D3-unequal_e25_r015,TCRlong(0.40)+rw+A2_Rs20,0.8917748917748918,,
1b,D3-unequal,0.25,15,D3-unequal_e25_r015,TCRlong(0.40)+rw+A2_Ru10,0.8917748917748918,,
1b,D3-unequal,0.3,15,D3-unequal_e30_r015,ESF12alone,0.9033816425120773,0.31,0.07520942005794495
1b,D3-unequal,0.3,15,D3-unequal_e30_r015,ESF12,0.9033816425120773,,
1b,D3-unequal,0.3,15,D3-unequal_e30_r015,Alg2_Rs20,0.9033816425120773,,
1b,D3-unequal,0.3,15,D3-unequal_e30_r015,Alg2_Ru10,0.9033816425120773,,
1b,D3-unequal,0.3,15,D3-unequal_e30_r015,TCRlong(0.40)+rw+A2_Rs20,0.9033816425120773,,
1b,D3-unequal,0.3,15,D3-unequal_e30_r015,TCRlong(0.40)+rw+A2_Ru10,0.9033816425120773,,
1b,D3-unequal,0.35,15,D3-unequal_e35_r015,ESF12alone,0.9030612244897959,0.3466666666666667,0.07979694602545351
1b,D3-unequal,0.35,15,D3-unequal_e35_r015,ESF12,0.9030612244897959,,
1b,D3-unequal,0.35,15,D3-unequal_e35_r015,Alg2_Rs20,0.9030612244897959,,
1b,D3-unequal,0.35,15,D3-unequal_e35_r015,Alg2_Ru10,0.9030612244897959,,
1b,D3-unequal,0.35,15,D3-unequal_e35_r015,TCRlong(0.40)+rw+A2_Rs20,0.9030612244897959,,
1b,D3-unequal,0.35,15,D3-unequal_e35_r015,TCRlong(0.40)+rw+A2_Ru10,0.9030612244897959,,
1b,D4-hetero,0.25,15,D4-hetero_e25_r015,ESF12alone,0.915929203539823,0.25333333333333335,0.07650661596562713
1b,D4-hetero,0.25,15,D4-hetero_e25_r015,ESF12,0.915929203539823,,
1b,D4-hetero,0.25,15,D4-hetero_e25_r015,Alg2_Rs20,0.915929203539823,,
1b,D4-hetero,0.25,15,D4-hetero_e25_r015,Alg2_Ru10,0.915929203539823,,
1b,D4-hetero,0.25,15,D4-hetero_e25_r015,TCRlong(0.40)+rw+A2_Rs20,0.915929203539823,,
1b,D4-hetero,0.25,15,D4-hetero_e25_r015,TCRlong(0.40)+rw+A2_Ru10,0.915929203539823,,
1b,D4-hetero,0.3,15,D4-hetero_e30_r015,ESF12alone,0.9061032863849765,0.2966666666666667,0.07764735503587872
1b,D4-hetero,0.3,15,D4-hetero_e30_r015,ESF12,0.9061032863849765,,
1b,D4-hetero,0.3,15,D4-hetero_e30_r015,Alg2_Rs20,0.9061032863849765,,
1b,D4-hetero,0.3,15,D4-hetero_e30_r015,Alg2_Ru10,0.9061032863849765,,
1b,D4-hetero,0.3,15,D4-hetero_e30_r015,TCRlong(0.40)+rw+A2_Rs20,0.9061032863849765,,
1b,D4-hetero,0.3,15,D4-hetero_e30_r015,TCRlong(0.40)+rw+A2_Ru10,0.9061032863849765,,
1b,D4-hetero,0.35,15,D4-hetero_e35_r015,ESF12alone,0.9203980099502488,0.3333333333333333,0.0748552680015564
1b,D4-hetero,0.35,15,D4-hetero_e35_r015,ESF12,0.9203980099502488,,
1b,D4-hetero,0.35,15,D4-hetero_e35_r015,Alg2_Rs20,0.9203980099502488,,
1b,D4-hetero,0.35,15,D4-hetero_e35_r015,Alg2_Ru10,0.9203980099502488,,
1b,D4-hetero,0.35,15,D4-hetero_e35_r015,TCRlong(0.40)+rw+A2_Rs20,0.9203980099502488,,
1b,D4-hetero,0.35,15,D4-hetero_e35_r015,TCRlong(0.40)+rw+A2_Ru10,0.9203980099502488,,
1b,D5-leverage,0.25,15,D5-leverage_e25_r015,ESF12alone,0.5046296296296297,0.10333333333333333,0.07072461699135602
1b,D5-leverage,0.25,15,D5-leverage_e25_r015,ESF12,0.5046296296296297,,
1b,D5-leverage,0.25,15,D5-leverage_e25_r015,Alg2_Rs20,0.5092592592592593,,
1b,D5-leverage,0.25,15,D5-leverage_e25_r015,Alg2_Ru10,0.5092592592592593,,
1b,D5-leverage,0.25,15,D5-leverage_e25_r015,TCRlong(0.40)+rw+A2_Rs20,0.8935185185185185,,
1b,D5-leverage,0.25,15,D5-leverage_e25_r015,TCRlong(0.40)+rw+A2_Ru10,0.8935185185185185,,
1b,D5-leverage,0.3,15,D5-leverage_e30_r015,ESF12alone,0.5787037037037037,0.12666666666666668,0.07188552699517459
1b,D5-leverage,0.3,15,D5-leverage_e30_r015,ESF12,0.5787037037037037,,
1b,D5-leverage,0.3,15,D5-leverage_e30_r015,Alg2_Rs20,0.5740740740740741,,
1b,D5-leverage,0.3,15,D5-leverage_e30_r015,Alg2_Ru10,0.5740740740740741,,
1b,D5-leverage,0.3,15,D5-leverage_e30_r015,TCRlong(0.40)+rw+A2_Rs20,0.5740740740740741,,
1b,D5-leverage,0.3,15,D5-leverage_e30_r015,TCRlong(0.40)+rw+A2_Ru10,0.5740740740740741,,
1b,D5-leverage,0.35,15,D5-leverage_e35_r015,ESF12alone,0.5136612021857924,0.016666666666666666,0.0707528229104355
1b,D5-leverage,0.35,15,D5-leverage_e35_r015,ESF12,0.5136612021857924,,
1b,D5-leverage,0.35,15,D5-leverage_e35_r015,Alg2_Rs20,0.5245901639344263,,
1b,D5-leverage,0.35,15,D5-leverage_e35_r015,Alg2_Ru10,0.5245901639344263,,
1b,D5-leverage,0.35,15,D5-leverage_e35_r015,TCRlong(0.40)+rw+A2_Rs20,0.5300546448087432,,
1b,D5-leverage,0.35,15,D5-leverage_e35_r015,TCRlong(0.40)+rw+A2_Ru10,0.5300546448087432,,
1b,D6-uniform,0.25,15,D6-uniform_e25_r015,ESF12alone,0.925764192139738,0.20666666666666667,0.07126083294861019
1b,D6-uniform,0.25,15,D6-uniform_e25_r015,ESF12,0.925764192139738,,
1b,D6-uniform,0.25,15,D6-uniform_e25_r015,Alg2_Rs20,0.9170305676855895,,
1b,D6-uniform,0.25,15,D6-uniform_e25_r015,Alg2_Ru10,0.9170305676855895,,
1b,D6-uniform,0.25,15,D6-uniform_e25_r015,TCRlong(0.40)+rw+A2_Rs20,0.9126637554585153,,
1b,D6-uniform,0.25,15,D6-uniform_e25_r015,TCRlong(0.40)+rw+A2_Ru10,0.9126637554585153,,
1b,D6-uniform,0.3,15,D6-uniform_e30_r015,ESF12alone,0.9142857142857143,0.11,0.07360829401295632
1b,D6-uniform,0.3,15,D6-uniform_e30_r015,ESF12,0.9142857142857143,,
1b,D6-uniform,0.3,15,D6-uniform_e30_r015,Alg2_Rs20,0.9142857142857143,,
1b,D6-uniform,0.3,15,D6-uniform_e30_r015,Alg2_Ru10,0.9142857142857143,,
1b,D6-uniform,0.3,15,D6-uniform_e30_r015,TCRlong(0.40)+rw+A2_Rs20,0.8952380952380953,,
1b,D6-uniform,0.3,15,D6-uniform_e30_r015,TCRlong(0.40)+rw+A2_Ru10,0.8952380952380953,,
1b,D6-uniform,0.35,15,D6-uniform_e35_r015,ESF12alone,0.5510204081632653,0.0,0.07327939698006958
1b,D6-uniform,0.35,15,D6-uniform_e35_r015,ESF12,0.5510204081632653,,
1b,D6-uniform,0.35,15,D6-uniform_e35_r015,Alg2_Rs20,0.5510204081632653,,
1b,D6-uniform,0.35,15,D6-uniform_e35_r015,Alg2_Ru10,0.5510204081632653,,
1b,D6-uniform,0.35,15,D6-uniform_e35_r015,TCRlong(0.40)+rw+A2_Rs20,0.5561224489795918,,
1b,D6-uniform,0.35,15,D6-uniform_e35_r015,TCRlong(0.40)+rw+A2_Ru10,0.5561224489795918,,
1b,D7-p3,0.25,15,D7-p3_e25_r015,ESF12alone,0.9090909090909091,0.19333333333333333,1.9225293629569933
1b,D7-p3,0.25,15,D7-p3_e25_r015,ESF12,0.9090909090909091,,
1b,D7-p3,0.25,15,D7-p3_e25_r015,Alg2_Rs20,0.9090909090909091,,
1b,D7-p3,0.25,15,D7-p3_e25_r015,Alg2_Ru10,0.9090909090909091,,
1b,D7-p3,0.25,15,D7-p3_e25_r015,TCRlong(0.40)+rw+A2_Rs20,0.9049586776859504,,
1b,D7-p3,0.25,15,D7-p3_e25_r015,TCRlong(0.40)+rw+A2_Ru10,0.9049586776859504,,
1b,D7-p3,0.3,15,D7-p3_e30_r015,ESF12alone,0.9068627450980392,0.32,1.7977088539628312
1b,D7-p3,0.3,15,D7-p3_e30_r015,ESF12,0.9068627450980392,,
1b,D7-p3,0.3,15,D7-p3_e30_r015,Alg2_Rs20,0.9019607843137255,,
1b,D7-p3,0.3,15,D7-p3_e30_r015,Alg2_Ru10,0.9019607843137255,,
1b,D7-p3,0.3,15,D7-p3_e30_r015,TCRlong(0.40)+rw+A2_Rs20,0.8970588235294118,,
1b,D7-p3,0.3,15,D7-p3_e30_r015,TCRlong(0.40)+rw+A2_Ru10,0.8970588235294118,,
1b,D7-p3,0.35,15,D7-p3_e35_r015,ESF12alone,0.5483870967741935,0.21,1.6897611210588366
1b,D7-p3,0.35,15,D7-p3_e35_r015,ESF12,0.5483870967741935,,
1b,D7-p3,0.35,15,D7-p3_e35_r015,Alg2_Rs20,0.510752688172043,,
1b,D7-p3,0.35,15,D7-p3_e35_r015,Alg2_Ru10,0.510752688172043,,
1b,D7-p3,0.35,15,D7-p3_e35_r015,TCRlong(0.40)+rw+A2_Rs20,0.9247311827956989,,
1b,D7-p3,0.35,15,D7-p3_e35_r015,TCRlong(0.40)+rw+A2_Ru10,0.9247311827956989,,
1b,D8-K2par-sep,0.25,15,D8-K2par-sep_e25_r015,ESF12alone,1.0,0.23666666666666666,0.07151876098942012
1b,D8-K2par-sep,0.25,15,D8-K2par-sep_e25_r015,ESF12,1.0,,
1b,D8-K2par-sep,0.25,15,D8-K2par-sep_e25_r015,Alg2_Rs20,1.0,,
1b,D8-K2par-sep,0.25,15,D8-K2par-sep_e25_r015,Alg2_Ru10,1.0,,
1b,D8-K2par-sep,0.25,15,D8-K2par-sep_e25_r015,TCRlong(0.40)+rw+A2_Rs20,1.0,,
1b,D8-K2par-sep,0.25,15,D8-K2par-sep_e25_r015,TCRlong(0.40)+rw+A2_Ru10,1.0,,
1b,D8-K2par-sep,0.3,15,D8-K2par-sep_e30_r015,ESF12alone,0.9952153110047847,0.30333333333333334,0.08893143595196307
1b,D8-K2par-sep,0.3,15,D8-K2par-sep_e30_r015,ESF12,0.9952153110047847,,
1b,D8-K2par-sep,0.3,15,D8-K2par-sep_e30_r015,Alg2_Rs20,0.9952153110047847,,
1b,D8-K2par-sep,0.3,15,D8-K2par-sep_e30_r015,Alg2_Ru10,0.9952153110047847,,
1b,D8-K2par-sep,0.3,15,D8-K2par-sep_e30_r015,TCRlong(0.40)+rw+A2_Rs20,0.9952153110047847,,
1b,D8-K2par-sep,0.3,15,D8-K2par-sep_e30_r015,TCRlong(0.40)+rw+A2_Ru10,0.9952153110047847,,
1b,D8-K2par-sep,0.35,15,D8-K2par-sep_e35_r015,ESF12alone,1.0,0.35,0.06481703603640199
1b,D8-K2par-sep,0.35,15,D8-K2par-sep_e35_r015,ESF12,1.0,,
1b,D8-K2par-sep,0.35,15,D8-K2par-sep_e35_r015,Alg2_Rs20,1.0,,
1b,D8-K2par-sep,0.35,15,D8-K2par-sep_e35_r015,Alg2_Ru10,1.0,,
1b,D8-K2par-sep,0.35,15,D8-K2par-sep_e35_r015,TCRlong(0.40)+rw+A2_Rs20,1.0,,
1b,D8-K2par-sep,0.35,15,D8-K2par-sep_e35_r015,TCRlong(0.40)+rw+A2_Ru10,1.0,,
1b,D1-K2cross,0.25,16,D1-K2cross_e25_r016,ESF12alone,0.9095022624434389,0.2633333333333333,0.07264471100643277
1b,D1-K2cross,0.25,16,D1-K2cross_e25_r016,ESF12,0.9095022624434389,,
1b,D1-K2cross,0.25,16,D1-K2cross_e25_r016,Alg2_Rs20,0.9095022624434389,,
1b,D1-K2cross,0.25,16,D1-K2cross_e25_r016,Alg2_Ru10,0.9095022624434389,,
1b,D1-K2cross,0.25,16,D1-K2cross_e25_r016,TCRlong(0.40)+rw+A2_Rs20,0.9095022624434389,,
1b,D1-K2cross,0.25,16,D1-K2cross_e25_r016,TCRlong(0.40)+rw+A2_Ru10,0.9095022624434389,,
1b,D1-K2cross,0.3,16,D1-K2cross_e30_r016,ESF12alone,0.8888888888888888,0.31,0.07199693296570331
1b,D1-K2cross,0.3,16,D1-K2cross_e30_r016,ESF12,0.8888888888888888,,
1b,D1-K2cross,0.3,16,D1-K2cross_e30_r016,Alg2_Rs20,0.8888888888888888,,
1b,D1-K2cross,0.3,16,D1-K2cross_e30_r016,Alg2_Ru10,0.8888888888888888,,
1b,D1-K2cross,0.3,16,D1-K2cross_e30_r016,TCRlong(0.40)+rw+A2_Rs20,0.8840579710144928,,
1b,D1-K2cross,0.3,16,D1-K2cross_e30_r016,TCRlong(0.40)+rw+A2_Ru10,0.8840579710144928,,
1b,D1-K2cross,0.35,16,D1-K2cross_e35_r016,ESF12alone,0.8770053475935828,0.37666666666666665,0.07353726995643228
1b,D1-K2cross,0.35,16,D1-K2cross_e35_r016,ESF12,0.8770053475935828,,
1b,D1-K2cross,0.35,16,D1-K2cross_e35_r016,Alg2_Rs20,0.8770053475935828,,
1b,D1-K2cross,0.35,16,D1-K2cross_e35_r016,Alg2_Ru10,0.8770053475935828,,
1b,D1-K2cross,0.35,16,D1-K2cross_e35_r016,TCRlong(0.40)+rw+A2_Rs20,0.8770053475935828,,
1b,D1-K2cross,0.35,16,D1-K2cross_e35_r016,TCRlong(0.40)+rw+A2_Ru10,0.8770053475935828,,
1b,D2-K3par,0.25,16,D2-K3par_e25_r016,ESF12alone,0.8888888888888888,0.31,0.24691940192133188
1b,D2-K3par,0.25,16,D2-K3par_e25_r016,ESF12,0.8888888888888888,,
1b,D2-K3par,0.25,16,D2-K3par_e25_r016,Alg2_Rs20,0.8888888888888888,,
1b,D2-K3par,0.25,16,D2-K3par_e25_r016,Alg2_Ru10,0.8888888888888888,,
1b,D2-K3par,0.25,16,D2-K3par_e25_r016,TCRlong(0.40)+rw+A2_Rs20,0.893719806763285,,
1b,D2-K3par,0.25,16,D2-K3par_e25_r016,TCRlong(0.40)+rw+A2_Ru10,0.893719806763285,,
1b,D2-K3par,0.3,16,D2-K3par_e30_r016,ESF12alone,0.7766990291262136,0.31333333333333335,0.28272008802741766
1b,D2-K3par,0.3,16,D2-K3par_e30_r016,ESF12,0.7766990291262136,,
1b,D2-K3par,0.3,16,D2-K3par_e30_r016,Alg2_Rs20,0.8932038834951457,,
1b,D2-K3par,0.3,16,D2-K3par_e30_r016,Alg2_Ru10,0.8932038834951457,,
1b,D2-K3par,0.3,16,D2-K3par_e30_r016,TCRlong(0.40)+rw+A2_Rs20,0.9174757281553398,,
1b,D2-K3par,0.3,16,D2-K3par_e30_r016,TCRlong(0.40)+rw+A2_Ru10,0.9174757281553398,,
1b,D2-K3par,0.35,16,D2-K3par_e35_r016,ESF12alone,0.34196891191709844,0.0,0.4308921640040353
1b,D2-K3par,0.35,16,D2-K3par_e35_r016,ESF12,0.34196891191709844,,
1b,D2-K3par,0.35,16,D2-K3par_e35_r016,Alg2_Rs20,0.34196891191709844,,
1b,D2-K3par,0.35,16,D2-K3par_e35_r016,Alg2_Ru10,0.34196891191709844,,
1b,D2-K3par,0.35,16,D2-K3par_e35_r016,TCRlong(0.40)+rw+A2_Rs20,0.6580310880829016,,
1b,D2-K3par,0.35,16,D2-K3par_e35_r016,TCRlong(0.40)+rw+A2_Ru10,0.6580310880829016,,
1b,D3-unequal,0.25,16,D3-unequal_e25_r016,ESF12alone,0.9344978165938864,0.23666666666666666,0.0821957440348342
1b,D3-unequal,0.25,16,D3-unequal_e25_r016,ESF12,0.9344978165938864,,
1b,D3-unequal,0.25,16,D3-unequal_e25_r016,Alg2_Rs20,0.9344978165938864,,
1b,D3-unequal,0.25,16,D3-unequal_e25_r016,Alg2_Ru10,0.9344978165938864,,
1b,D3-unequal,0.25,16,D3-unequal_e25_r016,TCRlong(0.40)+rw+A2_Rs20,0.9344978165938864,,
1b,D3-unequal,0.25,16,D3-unequal_e25_r016,TCRlong(0.40)+rw+A2_Ru10,0.9344978165938864,,
1b,D3-unequal,0.3,16,D3-unequal_e30_r016,ESF12alone,0.5454545454545454,0.37,0.08441936096642166
1b,D3-unequal,0.3,16,D3-unequal_e30_r016,ESF12,0.5454545454545454,,
1b,D3-unequal,0.3,16,D3-unequal_e30_r016,Alg2_Rs20,0.5167464114832536,,
1b,D3-unequal,0.3,16,D3-unequal_e30_r016,Alg2_Ru10,0.5167464114832536,,
1b,D3-unequal,0.3,16,D3-unequal_e30_r016,TCRlong(0.40)+rw+A2_Rs20,0.9234449760765551,,
1b,D3-unequal,0.3,16,D3-unequal_e30_r016,TCRlong(0.40)+rw+A2_Ru10,0.9234449760765551,,
1b,D3-unequal,0.35,16,D3-unequal_e35_r016,ESF12alone,0.7120418848167539,0.16666666666666666,0.08174023090396076
1b,D3-unequal,0.35,16,D3-unequal_e35_r016,ESF12,0.7120418848167539,,
1b,D3-unequal,0.35,16,D3-unequal_e35_r016,Alg2_Rs20,0.7225130890052356,,
1b,D3-unequal,0.35,16,D3-unequal_e35_r016,Alg2_Ru10,0.7225130890052356,,
1b,D3-unequal,0.35,16,D3-unequal_e35_r016,TCRlong(0.40)+rw+A2_Rs20,0.7225130890052356,,
1b,D3-unequal,0.35,16,D3-unequal_e35_r016,TCRlong(0.40)+rw+A2_Ru10,0.7225130890052356,,
1b,D4-hetero,0.25,16,D4-hetero_e25_r016,ESF12alone,0.9173553719008265,0.19666666666666666,0.07512716297060251
1b,D4-hetero,0.25,16,D4-hetero_e25_r016,ESF12,0.9173553719008265,,
1b,D4-hetero,0.25,16,D4-hetero_e25_r016,Alg2_Rs20,0.9173553719008265,,
1b,D4-hetero,0.25,16,D4-hetero_e25_r016,Alg2_Ru10,0.9173553719008265,,
1b,D4-hetero,0.25,16,D4-hetero_e25_r016,TCRlong(0.40)+rw+A2_Rs20,0.9173553719008265,,
1b,D4-hetero,0.25,16,D4-hetero_e25_r016,TCRlong(0.40)+rw+A2_Ru10,0.9173553719008265,,
1b,D4-hetero,0.3,16,D4-hetero_e30_r016,ESF12alone,0.9158878504672897,0.29,0.07537995802704245
1b,D4-hetero,0.3,16,D4-hetero_e30_r016,ESF12,0.9158878504672897,,
1b,D4-hetero,0.3,16,D4-hetero_e30_r016,Alg2_Rs20,0.9158878504672897,,
1b,D4-hetero,0.3,16,D4-hetero_e30_r016,Alg2_Ru10,0.9158878504672897,,
1b,D4-hetero,0.3,16,D4-hetero_e30_r016,TCRlong(0.40)+rw+A2_Rs20,0.9158878504672897,,
1b,D4-hetero,0.3,16,D4-hetero_e30_r016,TCRlong(0.40)+rw+A2_Ru10,0.9158878504672897,,
1b,D4-hetero,0.35,16,D4-hetero_e35_r016,ESF12alone,0.8917525773195877,0.35333333333333333,0.07794428209308535
1b,D4-hetero,0.35,16,D4-hetero_e35_r016,ESF12,0.8917525773195877,,
1b,D4-hetero,0.35,16,D4-hetero_e35_r016,Alg2_Rs20,0.8917525773195877,,
1b,D4-hetero,0.35,16,D4-hetero_e35_r016,Alg2_Ru10,0.8917525773195877,,
1b,D4-hetero,0.35,16,D4-hetero_e35_r016,TCRlong(0.40)+rw+A2_Rs20,0.8917525773195877,,
1b,D4-hetero,0.35,16,D4-hetero_e35_r016,TCRlong(0.40)+rw+A2_Ru10,0.8917525773195877,,
1b,D5-leverage,0.25,16,D5-leverage_e25_r016,ESF12alone,0.5045454545454545,0.08666666666666667,0.10026544507127255
1b,D5-leverage,0.25,16,D5-leverage_e25_r016,ESF12,0.5045454545454545,,
1b,D5-leverage,0.25,16,D5-leverage_e25_r016,Alg2_Rs20,0.5045454545454545,,
1b,D5-leverage,0.25,16,D5-leverage_e25_r016,Alg2_Ru10,0.5045454545454545,,
1b,D5-leverage,0.25,16,D5-leverage_e25_r016,TCRlong(0.40)+rw+A2_Rs20,0.85,,
1b,D5-leverage,0.25,16,D5-leverage_e25_r016,TCRlong(0.40)+rw+A2_Ru10,0.85,,
1b,D5-leverage,0.3,16,D5-leverage_e30_r016,ESF12alone,0.5829596412556054,0.10666666666666667,0.07899391709361225
1b,D5-leverage,0.3,16,D5-leverage_e30_r016,ESF12,0.5829596412556054,,
1b,D5-leverage,0.3,16,D5-leverage_e30_r016,Alg2_Rs20,0.5829596412556054,,
1b,D5-leverage,0.3,16,D5-leverage_e30_r016,Alg2_Ru10,0.5829596412556054,,
1b,D5-leverage,0.3,16,D5-leverage_e30_r016,TCRlong(0.40)+rw+A2_Rs20,0.9372197309417041,,
1b,D5-leverage,0.3,16,D5-leverage_e30_r016,TCRlong(0.40)+rw+A2_Ru10,0.9372197309417041,,
1b,D5-leverage,0.35,16,D5-leverage_e35_r016,ESF12alone,0.517948717948718,0.006666666666666667,0.07928431604523212
1b,D5-leverage,0.35,16,D5-leverage_e35_r016,ESF12,0.517948717948718,,
1b,D5-leverage,0.35,16,D5-leverage_e35_r016,Alg2_Rs20,0.517948717948718,,
1b,D5-leverage,0.35,16,D5-leverage_e35_r016,Alg2_Ru10,0.517948717948718,,
1b,D5-leverage,0.35,16,D5-leverage_e35_r016,TCRlong(0.40)+rw+A2_Rs20,0.5076923076923077,,
1b,D5-leverage,0.35,16,D5-leverage_e35_r016,TCRlong(0.40)+rw+A2_Ru10,0.5076923076923077,,
1b,D6-uniform,0.25,16,D6-uniform_e25_r016,ESF12alone,0.8823529411764706,0.19,0.07728773599956185
1b,D6-uniform,0.25,16,D6-uniform_e25_r016,ESF12,0.8823529411764706,,
1b,D6-uniform,0.25,16,D6-uniform_e25_r016,Alg2_Rs20,0.8907563025210085,,
1b,D6-uniform,0.25,16,D6-uniform_e25_r016,Alg2_Ru10,0.8907563025210085,,
1b,D6-uniform,0.25,16,D6-uniform_e25_r016,TCRlong(0.40)+rw+A2_Rs20,0.8823529411764706,,
1b,D6-uniform,0.25,16,D6-uniform_e25_r016,TCRlong(0.40)+rw+A2_Ru10,0.8823529411764706,,
1b,D6-uniform,0.3,16,D6-uniform_e30_r016,ESF12alone,0.5666666666666667,0.0,0.07889939099550247
1b,D6-uniform,0.3,16,D6-uniform_e30_r016,ESF12,0.5666666666666667,,
1b,D6-uniform,0.3,16,D6-uniform_e30_r016,Alg2_Rs20,0.5714285714285714,,
1b,D6-uniform,0.3,16,D6-uniform_e30_r016,Alg2_Ru10,0.5714285714285714,,
1b,D6-uniform,0.3,16,D6-uniform_e30_r016,TCRlong(0.40)+rw+A2_Rs20,0.8857142857142857,,
1b,D6-uniform,0.3,16,D6-uniform_e30_r016,TCRlong(0.40)+rw+A2_Ru10,0.5333333333333333,,
1b,D6-uniform,0.35,16,D6-uniform_e35_r016,ESF12alone,0.6040609137055838,0.0,0.07975460099987686
1b,D6-uniform,0.35,16,D6-uniform_e35_r016,ESF12,0.6040609137055838,,
1b,D6-uniform,0.35,16,D6-uniform_e35_r016,Alg2_Rs20,0.6040609137055838,,
1b,D6-uniform,0.35,16,D6-uniform_e35_r016,Alg2_Ru10,0.6040609137055838,,
1b,D6-uniform,0.35,16,D6-uniform_e35_r016,TCRlong(0.40)+rw+A2_Rs20,0.5279187817258884,,
1b,D6-uniform,0.35,16,D6-uniform_e35_r016,TCRlong(0.40)+rw+A2_Ru10,0.5279187817258884,,
1b,D7-p3,0.25,16,D7-p3_e25_r016,ESF12alone,0.9345794392523364,0.2866666666666667,2.150864899973385
1b,D7-p3,0.25,16,D7-p3_e25_r016,ESF12,0.9345794392523364,,
1b,D7-p3,0.25,16,D7-p3_e25_r016,Alg2_Rs20,0.9392523364485982,,
1b,D7-p3,0.25,16,D7-p3_e25_r016,Alg2_Ru10,0.9392523364485982,,
1b,D7-p3,0.25,16,D7-p3_e25_r016,TCRlong(0.40)+rw+A2_Rs20,0.9345794392523364,,
1b,D7-p3,0.25,16,D7-p3_e25_r016,TCRlong(0.40)+rw+A2_Ru10,0.9345794392523364,,
1b,D7-p3,0.3,16,D7-p3_e30_r016,ESF12alone,0.9444444444444444,0.28,1.7859753540251404
1b,D7-p3,0.3,16,D7-p3_e30_r016,ESF12,0.9444444444444444,,
1b,D7-p3,0.3,16,D7-p3_e30_r016,Alg2_Rs20,0.9444444444444444,,
1b,D7-p3,0.3,16,D7-p3_e30_r016,Alg2_Ru10,0.9444444444444444,,
1b,D7-p3,0.3,16,D7-p3_e30_r016,TCRlong(0.40)+rw+A2_Rs20,0.9444444444444444,,
1b,D7-p3,0.3,16,D7-p3_e30_r016,TCRlong(0.40)+rw+A2_Ru10,0.9444444444444444,,
1b,D7-p3,0.35,16,D7-p3_e35_r016,ESF12alone,0.8724489795918368,0.36333333333333334,1.88931188499555
1b,D7-p3,0.35,16,D7-p3_e35_r016,ESF12,0.8724489795918368,,
1b,D7-p3,0.35,16,D7-p3_e35_r016,Alg2_Rs20,0.8724489795918368,,
1b,D7-p3,0.35,16,D7-p3_e35_r016,Alg2_Ru10,0.8724489795918368,,
1b,D7-p3,0.35,16,D7-p3_e35_r016,TCRlong(0.40)+rw+A2_Rs20,0.8775510204081632,,
1b,D7-p3,0.35,16,D7-p3_e35_r016,TCRlong(0.40)+rw+A2_Ru10,0.8775510204081632,,
1b,D8-K2par-sep,0.25,16,D8-K2par-sep_e25_r016,ESF12alone,1.0,0.25,0.07044364395551383
1b,D8-K2par-sep,0.25,16,D8-K2par-sep_e25_r016,ESF12,1.0,,
1b,D8-K2par-sep,0.25,16,D8-K2par-sep_e25_r016,Alg2_Rs20,1.0,,
1b,D8-K2par-sep,0.25,16,D8-K2par-sep_e25_r016,Alg2_Ru10,1.0,,
1b,D8-K2par-sep,0.25,16,D8-K2par-sep_e25_r016,TCRlong(0.40)+rw+A2_Rs20,1.0,,
1b,D8-K2par-sep,0.25,16,D8-K2par-sep_e25_r016,TCRlong(0.40)+rw+A2_Ru10,1.0,,
1b,D8-K2par-sep,0.3,16,D8-K2par-sep_e30_r016,ESF12alone,1.0,0.25,0.08993410400580615
1b,D8-K2par-sep,0.3,16,D8-K2par-sep_e30_r016,ESF12,1.0,,
1b,D8-K2par-sep,0.3,16,D8-K2par-sep_e30_r016,Alg2_Rs20,1.0,,
1b,D8-K2par-sep,0.3,16,D8-K2par-sep_e30_r016,Alg2_Ru10,1.0,,
1b,D8-K2par-sep,0.3,16,D8-K2par-sep_e30_r016,TCRlong(0.40)+rw+A2_Rs20,1.0,,
1b,D8-K2par-sep,0.3,16,D8-K2par-sep_e30_r016,TCRlong(0.40)+rw+A2_Ru10,1.0,,
1b,D8-K2par-sep,0.35,16,D8-K2par-sep_e35_r016,ESF12alone,1.0,0.30666666666666664,0.0671349240001291
1b,D8-K2par-sep,0.35,16,D8-K2par-sep_e35_r016,ESF12,1.0,,
1b,D8-K2par-sep,0.35,16,D8-K2par-sep_e35_r016,Alg2_Rs20,1.0,,
1b,D8-K2par-sep,0.35,16,D8-K2par-sep_e35_r016,Alg2_Ru10,1.0,,
1b,D8-K2par-sep,0.35,16,D8-K2par-sep_e35_r016,TCRlong(0.40)+rw+A2_Rs20,1.0,,
1b,D8-K2par-sep,0.35,16,D8-K2par-sep_e35_r016,TCRlong(0.40)+rw+A2_Ru10,1.0,,
1b,D1-K2cross,0.25,17,D1-K2cross_e25_r017,ESF12alone,0.9102564102564102,0.22333333333333333,0.0638521839864552
1b,D1-K2cross,0.25,17,D1-K2cross_e25_r017,ESF12,0.9102564102564102,,
1b,D1-K2cross,0.25,17,D1-K2cross_e25_r017,Alg2_Rs20,0.9102564102564102,,
1b,D1-K2cross,0.25,17,D1-K2cross_e25_r017,Alg2_Ru10,0.9102564102564102,,
1b,D1-K2cross,0.25,17,D1-K2cross_e25_r017,TCRlong(0.40)+rw+A2_Rs20,0.9102564102564102,,
1b,D1-K2cross,0.25,17,D1-K2cross_e25_r017,TCRlong(0.40)+rw+A2_Ru10,0.9102564102564102,,
1b,D1-K2cross,0.3,17,D1-K2cross_e30_r017,ESF12alone,0.910377358490566,0.29333333333333333,0.07522137288469821
1b,D1-K2cross,0.3,17,D1-K2cross_e30_r017,ESF12,0.910377358490566,,
1b,D1-K2cross,0.3,17,D1-K2cross_e30_r017,Alg2_Rs20,0.910377358490566,,
1b,D1-K2cross,0.3,17,D1-K2cross_e30_r017,Alg2_Ru10,0.910377358490566,,
1b,D1-K2cross,0.3,17,D1-K2cross_e30_r017,TCRlong(0.40)+rw+A2_Rs20,0.910377358490566,,
1b,D1-K2cross,0.3,17,D1-K2cross_e30_r017,TCRlong(0.40)+rw+A2_Ru10,0.910377358490566,,
1b,D1-K2cross,0.35,17,D1-K2cross_e35_r017,ESF12alone,0.9234972677595629,0.39,0.09498420706950128
1b,D1-K2cross,0.35,17,D1-K2cross_e35_r017,ESF12,0.9234972677595629,,
1b,D1-K2cross,0.35,17,D1-K2cross_e35_r017,Alg2_Rs20,0.9289617486338798,,
1b,D1-K2cross,0.35,17,D1-K2cross_e35_r017,Alg2_Ru10,0.9289617486338798,,
1b,D1-K2cross,0.35,17,D1-K2cross_e35_r017,TCRlong(0.40)+rw+A2_Rs20,0.9234972677595629,,
1b,D1-K2cross,0.35,17,D1-K2cross_e35_r017,TCRlong(0.40)+rw+A2_Ru10,0.9234972677595629,,
1b,D2-K3par,0.25,17,D2-K3par_e25_r017,ESF12alone,0.6894977168949772,0.10666666666666667,0.40278066601604223
1b,D2-K3par,0.25,17,D2-K3par_e25_r017,ESF12,0.6894977168949772,,
1b,D2-K3par,0.25,17,D2-K3par_e25_r017,Alg2_Rs20,0.9041095890410958,,
1b,D2-K3par,0.25,17,D2-K3par_e25_r017,Alg2_Ru10,0.9041095890410958,,
1b,D2-K3par,0.25,17,D2-K3par_e25_r017,TCRlong(0.40)+rw+A2_Rs20,0.8401826484018264,,
1b,D2-K3par,0.25,17,D2-K3par_e25_r017,TCRlong(0.40)+rw+A2_Ru10,0.8401826484018264,,
1b,D2-K3par,0.3,17,D2-K3par_e30_r017,ESF12alone,0.9241706161137441,0.2966666666666667,0.28559133503586054
1b,D2-K3par,0.3,17,D2-K3par_e30_r017,ESF12,0.9241706161137441,,
1b,D2-K3par,0.3,17,D2-K3par_e30_r017,Alg2_Rs20,0.7251184834123223,,
1b,D2-K3par,0.3,17,D2-K3par_e30_r017,Alg2_Ru10,0.7251184834123223,,
1b,D2-K3par,0.3,17,D2-K3par_e30_r017,TCRlong(0.40)+rw+A2_Rs20,0.6777251184834123,,
1b,D2-K3par,0.3,17,D2-K3par_e30_r017,TCRlong(0.40)+rw+A2_Ru10,0.6777251184834123,,
1b,D2-K3par,0.35,17,D2-K3par_e35_r017,ESF12alone,0.9223300970873787,0.31333333333333335,0.3689404850592837
1b,D2-K3par,0.35,17,D2-K3par_e35_r017,ESF12,0.9223300970873787,,
1b,D2-K3par,0.35,17,D2-K3par_e35_r017,Alg2_Rs20,0.9271844660194175,,
1b,D2-K3par,0.35,17,D2-K3par_e35_r017,Alg2_Ru10,0.9271844660194175,,
1b,D2-K3par,0.35,17,D2-K3par_e35_r017,TCRlong(0.40)+rw+A2_Rs20,0.8155339805825242,,
1b,D2-K3par,0.35,17,D2-K3par_e35_r017,TCRlong(0.40)+rw+A2_Ru10,0.8155339805825242,,
1b,D3-unequal,0.25,17,D3-unequal_e25_r017,ESF12alone,0.9009009009009009,0.2633333333333333,0.08876961097121239
1b,D3-unequal,0.25,17,D3-unequal_e25_r017,ESF12,0.9009009009009009,,
1b,D3-unequal,0.25,17,D3-unequal_e25_r017,Alg2_Rs20,0.9009009009009009,,
1b,D3-unequal,0.25,17,D3-unequal_e25_r017,Alg2_Ru10,0.9009009009009009,,
1b,D3-unequal,0.25,17,D3-unequal_e25_r017,TCRlong(0.40)+rw+A2_Rs20,0.9009009009009009,,
1b,D3-unequal,0.25,17,D3-unequal_e25_r017,TCRlong(0.40)+rw+A2_Ru10,0.9009009009009009,,
1b,D3-unequal,0.3,17,D3-unequal_e30_r017,ESF12alone,0.9146919431279621,0.2966666666666667,0.0848990089725703
1b,D3-unequal,0.3,17,D3-unequal_e30_r017,ESF12,0.9146919431279621,,
1b,D3-unequal,0.3,17,D3-unequal_e30_r017,Alg2_Rs20,0.9146919431279621,,
1b,D3-unequal,0.3,17,D3-unequal_e30_r017,Alg2_Ru10,0.9146919431279621,,
1b,D3-unequal,0.3,17,D3-unequal_e30_r017,TCRlong(0.40)+rw+A2_Rs20,0.9146919431279621,,
1b,D3-unequal,0.3,17,D3-unequal_e30_r017,TCRlong(0.40)+rw+A2_Ru10,0.9146919431279621,,
1b,D3-unequal,0.35,17,D3-unequal_e35_r017,ESF12alone,0.734375,0.23666666666666666,0.0919499269220978
1b,D3-unequal,0.35,17,D3-unequal_e35_r017,ESF12,0.734375,,
1b,D3-unequal,0.35,17,D3-unequal_e35_r017,Alg2_Rs20,0.921875,,
1b,D3-unequal,0.35,17,D3-unequal_e35_r017,Alg2_Ru10,0.921875,,
1b,D3-unequal,0.35,17,D3-unequal_e35_r017,TCRlong(0.40)+rw+A2_Rs20,0.921875,,
1b,D3-unequal,0.35,17,D3-unequal_e35_r017,TCRlong(0.40)+rw+A2_Ru10,0.921875,,
1b,D4-hetero,0.25,17,D4-hetero_e25_r017,ESF12alone,0.9170305676855895,0.24,0.08729017700534314
1b,D4-hetero,0.25,17,D4-hetero_e25_r017,ESF12,0.9170305676855895,,
1b,D4-hetero,0.25,17,D4-hetero_e25_r017,Alg2_Rs20,0.9170305676855895,,
1b,D4-hetero,0.25,17,D4-hetero_e25_r017,Alg2_Ru10,0.9170305676855895,,
1b,D4-hetero,0.25,17,D4-hetero_e25_r017,TCRlong(0.40)+rw+A2_Rs20,0.9170305676855895,,
1b,D4-hetero,0.25,17,D4-hetero_e25_r017,TCRlong(0.40)+rw+A2_Ru10,0.9170305676855895,,
1b,D4-hetero,0.3,17,D4-hetero_e30_r017,ESF12alone,0.910377358490566,0.3,0.09893683507107198
1b,D4-hetero,0.3,17,D4-hetero_e30_r017,ESF12,0.910377358490566,,
1b,D4-hetero,0.3,17,D4-hetero_e30_r017,Alg2_Rs20,0.910377358490566,,
1b,D4-hetero,0.3,17,D4-hetero_e30_r017,Alg2_Ru10,0.910377358490566,,
1b,D4-hetero,0.3,17,D4-hetero_e30_r017,TCRlong(0.40)+rw+A2_Rs20,0.910377358490566,,
1b,D4-hetero,0.3,17,D4-hetero_e30_r017,TCRlong(0.40)+rw+A2_Ru10,0.910377358490566,,
1b,D4-hetero,0.35,17,D4-hetero_e35_r017,ESF12alone,0.9162303664921466,0.36333333333333334,0.0721962139941752
1b,D4-hetero,0.35,17,D4-hetero_e35_r017,ESF12,0.9162303664921466,,
1b,D4-hetero,0.35,17,D4-hetero_e35_r017,Alg2_Rs20,0.9162303664921466,,
1b,D4-hetero,0.35,17,D4-hetero_e35_r017,Alg2_Ru10,0.9162303664921466,,
1b,D4-hetero,0.35,17,D4-hetero_e35_r017,TCRlong(0.40)+rw+A2_Rs20,0.9162303664921466,,
1b,D4-hetero,0.35,17,D4-hetero_e35_r017,TCRlong(0.40)+rw+A2_Ru10,0.9162303664921466,,
1b,D5-leverage,0.25,17,D5-leverage_e25_r017,ESF12alone,0.9414225941422594,0.20333333333333334,0.09009864705149084
1b,D5-leverage,0.25,17,D5-leverage_e25_r017,ESF12,0.9414225941422594,,
1b,D5-leverage,0.25,17,D5-leverage_e25_r017,Alg2_Rs20,0.9414225941422594,,
1b,D5-leverage,0.25,17,D5-leverage_e25_r017,Alg2_Ru10,0.9414225941422594,,
1b,D5-leverage,0.25,17,D5-leverage_e25_r017,TCRlong(0.40)+rw+A2_Rs20,0.9414225941422594,,
1b,D5-leverage,0.25,17,D5-leverage_e25_r017,TCRlong(0.40)+rw+A2_Ru10,0.9414225941422594,,
1b,D5-leverage,0.3,17,D5-leverage_e30_r017,ESF12alone,0.5774647887323944,0.006666666666666667,0.07458087091799825
1b,D5-leverage,0.3,17,D5-leverage_e30_r017,ESF12,0.5774647887323944,,
1b,D5-leverage,0.3,17,D5-leverage_e30_r017,Alg2_Rs20,0.5774647887323944,,
1b,D5-leverage,0.3,17,D5-leverage_e30_r017,Alg2_Ru10,0.5774647887323944,,
1b,D5-leverage,0.3,17,D5-leverage_e30_r017,TCRlong(0.40)+rw+A2_Rs20,0.5774647887323944,,
1b,D5-leverage,0.3,17,D5-leverage_e30_r017,TCRlong(0.40)+rw+A2_Ru10,0.5774647887323944,,
1b,D5-leverage,0.35,17,D5-leverage_e35_r017,ESF12alone,0.5317073170731708,0.07666666666666666,0.0704937280388549
1b,D5-leverage,0.35,17,D5-leverage_e35_r017,ESF12,0.5317073170731708,,
1b,D5-leverage,0.35,17,D5-leverage_e35_r017,Alg2_Rs20,0.5121951219512195,,
1b,D5-leverage,0.35,17,D5-leverage_e35_r017,Alg2_Ru10,0.5121951219512195,,
1b,D5-leverage,0.35,17,D5-leverage_e35_r017,TCRlong(0.40)+rw+A2_Rs20,0.5219512195121951,,
1b,D5-leverage,0.35,17,D5-leverage_e35_r017,TCRlong(0.40)+rw+A2_Ru10,0.5219512195121951,,
1b,D6-uniform,0.25,17,D6-uniform_e25_r017,ESF12alone,0.908675799086758,0.13666666666666666,0.07199076900724322
1b,D6-uniform,0.25,17,D6-uniform_e25_r017,ESF12,0.908675799086758,,
1b,D6-uniform,0.25,17,D6-uniform_e25_r017,Alg2_Rs20,0.908675799086758,,
1b,D6-uniform,0.25,17,D6-uniform_e25_r017,Alg2_Ru10,0.908675799086758,,
1b,D6-uniform,0.25,17,D6-uniform_e25_r017,TCRlong(0.40)+rw+A2_Rs20,0.8995433789954338,,
1b,D6-uniform,0.25,17,D6-uniform_e25_r017,TCRlong(0.40)+rw+A2_Ru10,0.8995433789954338,,
1b,D6-uniform,0.3,17,D6-uniform_e30_r017,ESF12alone,0.9252336448598131,0.15,0.08762367791496217
1b,D6-uniform,0.3,17,D6-uniform_e30_r017,ESF12,0.9252336448598131,,
1b,D6-uniform,0.3,17,D6-uniform_e30_r017,Alg2_Rs20,0.9252336448598131,,
1b,D6-uniform,0.3,17,D6-uniform_e30_r017,Alg2_Ru10,0.9252336448598131,,
1b,D6-uniform,0.3,17,D6-uniform_e30_r017,TCRlong(0.40)+rw+A2_Rs20,0.9299065420560748,,
1b,D6-uniform,0.3,17,D6-uniform_e30_r017,TCRlong(0.40)+rw+A2_Ru10,0.9299065420560748,,
1b,D6-uniform,0.35,17,D6-uniform_e35_r017,ESF12alone,0.5026455026455027,0.0,0.07104935310781002
1b,D6-uniform,0.35,17,D6-uniform_e35_r017,ESF12,0.5026455026455027,,
1b,D6-uniform,0.35,17,D6-uniform_e35_r017,Alg2_Rs20,0.5026455026455027,,
1b,D6-uniform,0.35,17,D6-uniform_e35_r017,Alg2_Ru10,0.5026455026455027,,
1b,D6-uniform,0.35,17,D6-uniform_e35_r017,TCRlong(0.40)+rw+A2_Rs20,0.5185185185185185,,
1b,D6-uniform,0.35,17,D6-uniform_e35_r017,TCRlong(0.40)+rw+A2_Ru10,0.5185185185185185,,
1b,D7-p3,0.25,17,D7-p3_e25_r017,ESF12alone,0.9245283018867925,0.29333333333333333,2.161826341995038
1b,D7-p3,0.25,17,D7-p3_e25_r017,ESF12,0.9245283018867925,,
1b,D7-p3,0.25,17,D7-p3_e25_r017,Alg2_Rs20,0.9245283018867925,,
1b,D7-p3,0.25,17,D7-p3_e25_r017,Alg2_Ru10,0.9245283018867925,,
1b,D7-p3,0.25,17,D7-p3_e25_r017,TCRlong(0.40)+rw+A2_Rs20,0.9245283018867925,,
1b,D7-p3,0.25,17,D7-p3_e25_r017,TCRlong(0.40)+rw+A2_Ru10,0.9245283018867925,,
1b,D7-p3,0.3,17,D7-p3_e30_r017,ESF12alone,0.9056603773584906,0.29333333333333333,2.100582611048594
1b,D7-p3,0.3,17,D7-p3_e30_r017,ESF12,0.9056603773584906,,
1b,D7-p3,0.3,17,D7-p3_e30_r017,Alg2_Rs20,0.8962264150943396,,
1b,D7-p3,0.3,17,D7-p3_e30_r017,Alg2_Ru10,0.8962264150943396,,
1b,D7-p3,0.3,17,D7-p3_e30_r017,TCRlong(0.40)+rw+A2_Rs20,0.9009433962264151,,
1b,D7-p3,0.3,17,D7-p3_e30_r017,TCRlong(0.40)+rw+A2_Ru10,0.9009433962264151,,
1b,D7-p3,0.35,17,D7-p3_e35_r017,ESF12alone,0.5323383084577115,0.17,1.8267312759999186
1b,D7-p3,0.35,17,D7-p3_e35_r017,ESF12,0.5323383084577115,,
1b,D7-p3,0.35,17,D7-p3_e35_r017,Alg2_Rs20,0.8656716417910447,,
1b,D7-p3,0.35,17,D7-p3_e35_r017,Alg2_Ru10,0.8656716417910447,,
1b,D7-p3,0.35,17,D7-p3_e35_r017,TCRlong(0.40)+rw+A2_Rs20,0.8706467661691543,,
1b,D7-p3,0.35,17,D7-p3_e35_r017,TCRlong(0.40)+rw+A2_Ru10,0.8706467661691543,,
1b,D8-K2par-sep,0.25,17,D8-K2par-sep_e25_r017,ESF12alone,1.0,0.24333333333333335,0.07106351002585143
1b,D8-K2par-sep,0.25,17,D8-K2par-sep_e25_r017,ESF12,1.0,,
1b,D8-K2par-sep,0.25,17,D8-K2par-sep_e25_r017,Alg2_Rs20,1.0,,
1b,D8-K2par-sep,0.25,17,D8-K2par-sep_e25_r017,Alg2_Ru10,1.0,,
1b,D8-K2par-sep,0.25,17,D8-K2par-sep_e25_r017,TCRlong(0.40)+rw+A2_Rs20,1.0,,
1b,D8-K2par-sep,0.25,17,D8-K2par-sep_e25_r017,TCRlong(0.40)+rw+A2_Ru10,1.0,,
1b,D8-K2par-sep,0.3,17,D8-K2par-sep_e30_r017,ESF12alone,1.0,0.33,0.07295211590826511
1b,D8-K2par-sep,0.3,17,D8-K2par-sep_e30_r017,ESF12,1.0,,
1b,D8-K2par-sep,0.3,17,D8-K2par-sep_e30_r017,Alg2_Rs20,1.0,,
1b,D8-K2par-sep,0.3,17,D8-K2par-sep_e30_r017,Alg2_Ru10,1.0,,
1b,D8-K2par-sep,0.3,17,D8-K2par-sep_e30_r017,TCRlong(0.40)+rw+A2_Rs20,1.0,,
1b,D8-K2par-sep,0.3,17,D8-K2par-sep_e30_r017,TCRlong(0.40)+rw+A2_Ru10,1.0,,
1b,D8-K2par-sep,0.35,17,D8-K2par-sep_e35_r017,ESF12alone,1.0,0.32666666666666666,0.06997832504566759
1b,D8-K2par-sep,0.35,17,D8-K2par-sep_e35_r017,ESF12,1.0,,
1b,D8-K2par-sep,0.35,17,D8-K2par-sep_e35_r017,Alg2_Rs20,1.0,,
1b,D8-K2par-sep,0.35,17,D8-K2par-sep_e35_r017,Alg2_Ru10,1.0,,
1b,D8-K2par-sep,0.35,17,D8-K2par-sep_e35_r017,TCRlong(0.40)+rw+A2_Rs20,1.0,,
1b,D8-K2par-sep,0.35,17,D8-K2par-sep_e35_r017,TCRlong(0.40)+rw+A2_Ru10,1.0,,
1b,D1-K2cross,0.25,18,D1-K2cross_e25_r018,ESF12alone,0.8931623931623932,0.22,0.0769396600080654
1b,D1-K2cross,0.25,18,D1-K2cross_e25_r018,ESF12,0.8931623931623932,,
1b,D1-K2cross,0.25,18,D1-K2cross_e25_r018,Alg2_Rs20,0.8888888888888888,,
1b,D1-K2cross,0.25,18,D1-K2cross_e25_r018,Alg2_Ru10,0.8888888888888888,,
1b,D1-K2cross,0.25,18,D1-K2cross_e25_r018,TCRlong(0.40)+rw+A2_Rs20,0.8888888888888888,,
1b,D1-K2cross,0.25,18,D1-K2cross_e25_r018,TCRlong(0.40)+rw+A2_Ru10,0.8888888888888888,,
1b,D1-K2cross,0.3,18,D1-K2cross_e30_r018,ESF12alone,0.9323671497584541,0.31,0.08431140903849155
1b,D1-K2cross,0.3,18,D1-K2cross_e30_r018,ESF12,0.9323671497584541,,
1b,D1-K2cross,0.3,18,D1-K2cross_e30_r018,Alg2_Rs20,0.9323671497584541,,
1b,D1-K2cross,0.3,18,D1-K2cross_e30_r018,Alg2_Ru10,0.9323671497584541,,
1b,D1-K2cross,0.3,18,D1-K2cross_e30_r018,TCRlong(0.40)+rw+A2_Rs20,0.9323671497584541,,
1b,D1-K2cross,0.3,18,D1-K2cross_e30_r018,TCRlong(0.40)+rw+A2_Ru10,0.9323671497584541,,
1b,D1-K2cross,0.35,18,D1-K2cross_e35_r018,ESF12alone,0.925,0.3333333333333333,0.09249633201397955
1b,D1-K2cross,0.35,18,D1-K2cross_e35_r018,ESF12,0.925,,
1b,D1-K2cross,0.35,18,D1-K2cross_e35_r018,Alg2_Rs20,0.925,,
1b,D1-K2cross,0.35,18,D1-K2cross_e35_r018,Alg2_Ru10,0.925,,
1b,D1-K2cross,0.35,18,D1-K2cross_e35_r018,TCRlong(0.40)+rw+A2_Rs20,0.925,,
1b,D1-K2cross,0.35,18,D1-K2cross_e35_r018,TCRlong(0.40)+rw+A2_Ru10,0.925,,
1b,D2-K3par,0.25,18,D2-K3par_e25_r018,ESF12alone,0.9027777777777778,0.28,0.3738987889373675
1b,D2-K3par,0.25,18,D2-K3par_e25_r018,ESF12,0.9027777777777778,,
1b,D2-K3par,0.25,18,D2-K3par_e25_r018,Alg2_Rs20,0.6990740740740741,,
1b,D2-K3par,0.25,18,D2-K3par_e25_r018,Alg2_Ru10,0.6990740740740741,,
1b,D2-K3par,0.25,18,D2-K3par_e25_r018,TCRlong(0.40)+rw+A2_Rs20,0.9027777777777778,,
1b,D2-K3par,0.25,18,D2-K3par_e25_r018,TCRlong(0.40)+rw+A2_Ru10,0.9027777777777778,,
1b,D2-K3par,0.3,18,D2-K3par_e30_r018,ESF12alone,0.605,0.18,0.45022912707645446
1b,D2-K3par,0.3,18,D2-K3par_e30_r018,ESF12,0.605,,
1b,D2-K3par,0.3,18,D2-K3par_e30_r018,Alg2_Rs20,0.61,,
1b,D2-K3par,0.3,18,D2-K3par_e30_r018,Alg2_Ru10,0.61,,
1b,D2-K3par,0.3,18,D2-K3par_e30_r018,TCRlong(0.40)+rw+A2_Rs20,0.615,,
1b,D2-K3par,0.3,18,D2-K3par_e30_r018,TCRlong(0.40)+rw+A2_Ru10,0.615,,
1b,D2-K3par,0.35,18,D2-K3par_e35_r018,ESF12alone,0.41708542713567837,0.02,0.4141031469916925
1b,D2-K3par,0.35,18,D2-K3par_e35_r018,ESF12,0.41708542713567837,,
1b,D2-K3par,0.35,18,D2-K3par_e35_r018,Alg2_Rs20,0.3768844221105528,,
1b,D2-K3par,0.35,18,D2-K3par_e35_r018,Alg2_Ru10,0.3768844221105528,,
1b,D2-K3par,0.35,18,D2-K3par_e35_r018,TCRlong(0.40)+rw+A2_Rs20,0.8944723618090452,,
1b,D2-K3par,0.35,18,D2-K3par_e35_r018,TCRlong(0.40)+rw+A2_Ru10,0.8944723618090452,,
1b,D3-unequal,0.25,18,D3-unequal_e25_r018,ESF12alone,0.9099099099099099,0.26,0.10399212001357228
1b,D3-unequal,0.25,18,D3-unequal_e25_r018,ESF12,0.9099099099099099,,
1b,D3-unequal,0.25,18,D3-unequal_e25_r018,Alg2_Rs20,0.9099099099099099,,
1b,D3-unequal,0.25,18,D3-unequal_e25_r018,Alg2_Ru10,0.9099099099099099,,
1b,D3-unequal,0.25,18,D3-unequal_e25_r018,TCRlong(0.40)+rw+A2_Rs20,0.9144144144144144,,
1b,D3-unequal,0.25,18,D3-unequal_e25_r018,TCRlong(0.40)+rw+A2_Ru10,0.9144144144144144,,
1b,D3-unequal,0.3,18,D3-unequal_e30_r018,ESF12alone,0.9170506912442397,0.27666666666666667,0.07913666893728077
1b,D3-unequal,0.3,18,D3-unequal_e30_r018,ESF12,0.9170506912442397,,
1b,D3-unequal,0.3,18,D3-unequal_e30_r018,Alg2_Rs20,0.9170506912442397,,
1b,D3-unequal,0.3,18,D3-unequal_e30_r018,Alg2_Ru10,0.9170506912442397,,
1b,D3-unequal,0.3,18,D3-unequal_e30_r018,TCRlong(0.40)+rw+A2_Rs20,0.9124423963133641,,
1b,D3-unequal,0.3,18,D3-unequal_e30_r018,TCRlong(0.40)+rw+A2_Ru10,0.9124423963133641,,
1b,D3-unequal,0.35,18,D3-unequal_e35_r018,ESF12alone,0.7783251231527094,0.19666666666666666,0.09748625301290303
1b,D3-unequal,0.35,18,D3-unequal_e35_r018,ESF12,0.7783251231527094,,
1b,D3-unequal,0.35,18,D3-unequal_e35_r018,Alg2_Rs20,0.7536945812807881,,
1b,D3-unequal,0.35,18,D3-unequal_e35_r018,Alg2_Ru10,0.7536945812807881,,
1b,D3-unequal,0.35,18,D3-unequal_e35_r018,TCRlong(0.40)+rw+A2_Rs20,0.7733990147783252,,
1b,D3-unequal,0.35,18,D3-unequal_e35_r018,TCRlong(0.40)+rw+A2_Ru10,0.7733990147783252,,
1b,D4-hetero,0.25,18,D4-hetero_e25_r018,ESF12alone,0.8874458874458875,0.24333333333333335,0.09949840104673058
1b,D4-hetero,0.25,18,D4-hetero_e25_r018,ESF12,0.8874458874458875,,
1b,D4-hetero,0.25,18,D4-hetero_e25_r018,Alg2_Rs20,0.8874458874458875,,
1b,D4-hetero,0.25,18,D4-hetero_e25_r018,Alg2_Ru10,0.8874458874458875,,
1b,D4-hetero,0.25,18,D4-hetero_e25_r018,TCRlong(0.40)+rw+A2_Rs20,0.8874458874458875,,
1b,D4-hetero,0.25,18,D4-hetero_e25_r018,TCRlong(0.40)+rw+A2_Ru10,0.8874458874458875,,
1b,D4-hetero,0.3,18,D4-hetero_e30_r018,ESF12alone,0.8962264150943396,0.29333333333333333,0.07484247500542551
1b,D4-hetero,0.3,18,D4-hetero_e30_r018,ESF12,0.8962264150943396,,
1b,D4-hetero,0.3,18,D4-hetero_e30_r018,Alg2_Rs20,0.8962264150943396,,
1b,D4-hetero,0.3,18,D4-hetero_e30_r018,Alg2_Ru10,0.8962264150943396,,
1b,D4-hetero,0.3,18,D4-hetero_e30_r018,TCRlong(0.40)+rw+A2_Rs20,0.8962264150943396,,
1b,D4-hetero,0.3,18,D4-hetero_e30_r018,TCRlong(0.40)+rw+A2_Ru10,0.8962264150943396,,
1b,D4-hetero,0.35,18,D4-hetero_e35_r018,ESF12alone,0.9365079365079365,0.37,0.0894404569407925
1b,D4-hetero,0.35,18,D4-hetero_e35_r018,ESF12,0.9365079365079365,,
1b,D4-hetero,0.35,18,D4-hetero_e35_r018,Alg2_Rs20,0.9365079365079365,,
1b,D4-hetero,0.35,18,D4-hetero_e35_r018,Alg2_Ru10,0.9365079365079365,,
1b,D4-hetero,0.35,18,D4-hetero_e35_r018,TCRlong(0.40)+rw+A2_Rs20,0.9365079365079365,,
1b,D4-hetero,0.35,18,D4-hetero_e35_r018,TCRlong(0.40)+rw+A2_Ru10,0.9365079365079365,,
1b,D5-leverage,0.25,18,D5-leverage_e25_r018,ESF12alone,0.5229357798165137,0.06333333333333334,0.07448758406098932
1b,D5-leverage,0.25,18,D5-leverage_e25_r018,ESF12,0.5229357798165137,,
1b,D5-leverage,0.25,18,D5-leverage_e25_r018,Alg2_Rs20,0.5275229357798165,,
1b,D5-leverage,0.25,18,D5-leverage_e25_r018,Alg2_Ru10,0.5275229357798165,,
1b,D5-leverage,0.25,18,D5-leverage_e25_r018,TCRlong(0.40)+rw+A2_Rs20,0.9311926605504587,,
1b,D5-leverage,0.25,18,D5-leverage_e25_r018,TCRlong(0.40)+rw+A2_Ru10,0.9311926605504587,,
1b,D5-leverage,0.3,18,D5-leverage_e30_r018,ESF12alone,0.547945205479452,0.1,0.07279505906626582
1b,D5-leverage,0.3,18,D5-leverage_e30_r018,ESF12,0.547945205479452,,
1b,D5-leverage,0.3,18,D5-leverage_e30_r018,Alg2_Rs20,0.8995433789954338,,
1b,D5-leverage,0.3,18,D5-leverage_e30_r018,Alg2_Ru10,0.8995433789954338,,
1b,D5-leverage,0.3,18,D5-leverage_e30_r018,TCRlong(0.40)+rw+A2_Rs20,0.547945205479452,,
1b,D5-leverage,0.3,18,D5-leverage_e30_r018,TCRlong(0.40)+rw+A2_Ru10,0.547945205479452,,
1b,D5-leverage,0.35,18,D5-leverage_e35_r018,ESF12alone,0.5026455026455027,0.01,0.07233892404474318
1b,D5-leverage,0.35,18,D5-leverage_e35_r018,ESF12,0.5026455026455027,,
1b,D5-leverage,0.35,18,D5-leverage_e35_r018,Alg2_Rs20,0.5026455026455027,,
1b,D5-leverage,0.35,18,D5-leverage_e35_r018,Alg2_Ru10,0.5026455026455027,,
1b,D5-leverage,0.35,18,D5-leverage_e35_r018,TCRlong(0.40)+rw+A2_Rs20,0.8783068783068783,,
1b,D5-leverage,0.35,18,D5-leverage_e35_r018,TCRlong(0.40)+rw+A2_Ru10,0.8783068783068783,,
1b,D6-uniform,0.25,18,D6-uniform_e25_r018,ESF12alone,0.9090909090909091,0.22,0.09077481203712523
1b,D6-uniform,0.25,18,D6-uniform_e25_r018,ESF12,0.9090909090909091,,
1b,D6-uniform,0.25,18,D6-uniform_e25_r018,Alg2_Rs20,0.922077922077922,,
1b,D6-uniform,0.25,18,D6-uniform_e25_r018,Alg2_Ru10,0.922077922077922,,
1b,D6-uniform,0.25,18,D6-uniform_e25_r018,TCRlong(0.40)+rw+A2_Rs20,0.9177489177489178,,
1b,D6-uniform,0.25,18,D6-uniform_e25_r018,TCRlong(0.40)+rw+A2_Ru10,0.9177489177489178,,
1b,D6-uniform,0.3,18,D6-uniform_e30_r018,ESF12alone,0.9147982062780269,0.16,0.06495794595684856
1b,D6-uniform,0.3,18,D6-uniform_e30_r018,ESF12,0.9147982062780269,,
1b,D6-uniform,0.3,18,D6-uniform_e30_r018,Alg2_Rs20,0.9282511210762332,,
1b,D6-uniform,0.3,18,D6-uniform_e30_r018,Alg2_Ru10,0.9282511210762332,,
1b,D6-uniform,0.3,18,D6-uniform_e30_r018,TCRlong(0.40)+rw+A2_Rs20,0.9237668161434978,,
1b,D6-uniform,0.3,18,D6-uniform_e30_r018,TCRlong(0.40)+rw+A2_Ru10,0.9237668161434978,,
1b,D6-uniform,0.35,18,D6-uniform_e35_r018,ESF12alone,0.538860103626943,0.0,0.07704269792884588
1b,D6-uniform,0.35,18,D6-uniform_e35_r018,ESF12,0.538860103626943,,
1b,D6-uniform,0.35,18,D6-uniform_e35_r018,Alg2_Rs20,0.927461139896373,,
1b,D6-uniform,0.35,18,D6-uniform_e35_r018,Alg2_Ru10,0.927461139896373,,
1b,D6-uniform,0.35,18,D6-uniform_e35_r018,TCRlong(0.40)+rw+A2_Rs20,0.5854922279792746,,
1b,D6-uniform,0.35,18,D6-uniform_e35_r018,TCRlong(0.40)+rw+A2_Ru10,0.5854922279792746,,
1b,D7-p3,0.25,18,D7-p3_e25_r018,ESF12alone,0.9066666666666666,0.25,2.062473953003064
1b,D7-p3,0.25,18,D7-p3_e25_r018,ESF12,0.9066666666666666,,
1b,D7-p3,0.25,18,D7-p3_e25_r018,Alg2_Rs20,0.9066666666666666,,
1b,D7-p3,0.25,18,D7-p3_e25_r018,Alg2_Ru10,0.9066666666666666,,
1b,D7-p3,0.25,18,D7-p3_e25_r018,TCRlong(0.40)+rw+A2_Rs20,0.9022222222222223,,
1b,D7-p3,0.25,18,D7-p3_e25_r018,TCRlong(0.40)+rw+A2_Ru10,0.9022222222222223,,
1b,D7-p3,0.3,18,D7-p3_e30_r018,ESF12alone,0.9095238095238095,0.30333333333333334,1.8902960399864241
1b,D7-p3,0.3,18,D7-p3_e30_r018,ESF12,0.9095238095238095,,
1b,D7-p3,0.3,18,D7-p3_e30_r018,Alg2_Rs20,0.9095238095238095,,
1b,D7-p3,0.3,18,D7-p3_e30_r018,Alg2_Ru10,0.9095238095238095,,
1b,D7-p3,0.3,18,D7-p3_e30_r018,TCRlong(0.40)+rw+A2_Rs20,0.9142857142857143,,
1b,D7-p3,0.3,18,D7-p3_e30_r018,TCRlong(0.40)+rw+A2_Ru10,0.9142857142857143,,
1b,D7-p3,0.35,18,D7-p3_e35_r018,ESF12alone,0.933649289099526,0.2966666666666667,2.067955821985379
1b,D7-p3,0.35,18,D7-p3_e35_r018,ESF12,0.933649289099526,,
1b,D7-p3,0.35,18,D7-p3_e35_r018,Alg2_Rs20,0.9289099526066351,,
1b,D7-p3,0.35,18,D7-p3_e35_r018,Alg2_Ru10,0.9289099526066351,,
1b,D7-p3,0.35,18,D7-p3_e35_r018,TCRlong(0.40)+rw+A2_Rs20,0.9241706161137441,,
1b,D7-p3,0.35,18,D7-p3_e35_r018,TCRlong(0.40)+rw+A2_Ru10,0.9241706161137441,,
1b,D8-K2par-sep,0.25,18,D8-K2par-sep_e25_r018,ESF12alone,1.0,0.29333333333333333,0.09511566301807761
1b,D8-K2par-sep,0.25,18,D8-K2par-sep_e25_r018,ESF12,1.0,,
1b,D8-K2par-sep,0.25,18,D8-K2par-sep_e25_r018,Alg2_Rs20,1.0,,
1b,D8-K2par-sep,0.25,18,D8-K2par-sep_e25_r018,Alg2_Ru10,1.0,,
1b,D8-K2par-sep,0.25,18,D8-K2par-sep_e25_r018,TCRlong(0.40)+rw+A2_Rs20,1.0,,
1b,D8-K2par-sep,0.25,18,D8-K2par-sep_e25_r018,TCRlong(0.40)+rw+A2_Ru10,1.0,,
1b,D8-K2par-sep,0.3,18,D8-K2par-sep_e30_r018,ESF12alone,1.0,0.29333333333333333,0.07861529500223696
1b,D8-K2par-sep,0.3,18,D8-K2par-sep_e30_r018,ESF12,1.0,,
1b,D8-K2par-sep,0.3,18,D8-K2par-sep_e30_r018,Alg2_Rs20,1.0,,
1b,D8-K2par-sep,0.3,18,D8-K2par-sep_e30_r018,Alg2_Ru10,1.0,,
1b,D8-K2par-sep,0.3,18,D8-K2par-sep_e30_r018,TCRlong(0.40)+rw+A2_Rs20,1.0,,
1b,D8-K2par-sep,0.3,18,D8-K2par-sep_e30_r018,TCRlong(0.40)+rw+A2_Ru10,1.0,,
1b,D8-K2par-sep,0.35,18,D8-K2par-sep_e35_r018,ESF12alone,0.9948979591836735,0.3466666666666667,0.08983442804310471
1b,D8-K2par-sep,0.35,18,D8-K2par-sep_e35_r018,ESF12,0.9948979591836735,,
1b,D8-K2par-sep,0.35,18,D8-K2par-sep_e35_r018,Alg2_Rs20,0.9948979591836735,,
1b,D8-K2par-sep,0.35,18,D8-K2par-sep_e35_r018,Alg2_Ru10,0.9948979591836735,,
1b,D8-K2par-sep,0.35,18,D8-K2par-sep_e35_r018,TCRlong(0.40)+rw+A2_Rs20,0.9948979591836735,,
1b,D8-K2par-sep,0.35,18,D8-K2par-sep_e35_r018,TCRlong(0.40)+rw+A2_Ru10,0.9948979591836735,,
1b,D1-K2cross,0.25,19,D1-K2cross_e25_r019,ESF12alone,0.9170305676855895,0.24,0.0808966439217329
1b,D1-K2cross,0.25,19,D1-K2cross_e25_r019,ESF12,0.9170305676855895,,
1b,D1-K2cross,0.25,19,D1-K2cross_e25_r019,Alg2_Rs20,0.9170305676855895,,
1b,D1-K2cross,0.25,19,D1-K2cross_e25_r019,Alg2_Ru10,0.9170305676855895,,
1b,D1-K2cross,0.25,19,D1-K2cross_e25_r019,TCRlong(0.40)+rw+A2_Rs20,0.9126637554585153,,
1b,D1-K2cross,0.25,19,D1-K2cross_e25_r019,TCRlong(0.40)+rw+A2_Ru10,0.9126637554585153,,
1b,D1-K2cross,0.3,19,D1-K2cross_e30_r019,ESF12alone,0.910377358490566,0.29333333333333333,0.07067154592368752
1b,D1-K2cross,0.3,19,D1-K2cross_e30_r019,ESF12,0.910377358490566,,
1b,D1-K2cross,0.3,19,D1-K2cross_e30_r019,Alg2_Rs20,0.910377358490566,,
1b,D1-K2cross,0.3,19,D1-K2cross_e30_r019,Alg2_Ru10,0.910377358490566,,
1b,D1-K2cross,0.3,19,D1-K2cross_e30_r019,TCRlong(0.40)+rw+A2_Rs20,0.9056603773584906,,
1b,D1-K2cross,0.3,19,D1-K2cross_e30_r019,TCRlong(0.40)+rw+A2_Ru10,0.9056603773584906,,
1b,D1-K2cross,0.35,19,D1-K2cross_e35_r019,ESF12alone,0.914572864321608,0.33666666666666667,0.06728107295930386
1b,D1-K2cross,0.35,19,D1-K2cross_e35_r019,ESF12,0.914572864321608,,
1b,D1-K2cross,0.35,19,D1-K2cross_e35_r019,Alg2_Rs20,0.914572864321608,,
1b,D1-K2cross,0.35,19,D1-K2cross_e35_r019,Alg2_Ru10,0.914572864321608,,
1b,D1-K2cross,0.35,19,D1-K2cross_e35_r019,TCRlong(0.40)+rw+A2_Rs20,0.914572864321608,,
1b,D1-K2cross,0.35,19,D1-K2cross_e35_r019,TCRlong(0.40)+rw+A2_Ru10,0.914572864321608,,
1b,D2-K3par,0.25,19,D2-K3par_e25_r019,ESF12alone,0.8831168831168831,0.23,0.3095838080625981
1b,D2-K3par,0.25,19,D2-K3par_e25_r019,ESF12,0.8831168831168831,,
1b,D2-K3par,0.25,19,D2-K3par_e25_r019,Alg2_Rs20,0.8961038961038961,,
1b,D2-K3par,0.25,19,D2-K3par_e25_r019,Alg2_Ru10,0.8961038961038961,,
1b,D2-K3par,0.25,19,D2-K3par_e25_r019,TCRlong(0.40)+rw+A2_Rs20,0.6926406926406926,,
1b,D2-K3par,0.25,19,D2-K3par_e25_r019,TCRlong(0.40)+rw+A2_Ru10,0.6926406926406926,,
1b,D2-K3par,0.3,19,D2-K3par_e30_r019,ESF12alone,0.9241706161137441,0.2966666666666667,0.2610350570175797
1b,D2-K3par,0.3,19,D2-K3par_e30_r019,ESF12,0.9241706161137441,,
1b,D2-K3par,0.3,19,D2-K3par_e30_r019,Alg2_Rs20,0.6208530805687204,,
1b,D2-K3par,0.3,19,D2-K3par_e30_r019,Alg2_Ru10,0.6208530805687204,,
1b,D2-K3par,0.3,19,D2-K3par_e30_r019,TCRlong(0.40)+rw+A2_Rs20,0.8815165876777251,,
1b,D2-K3par,0.3,19,D2-K3par_e30_r019,TCRlong(0.40)+rw+A2_Ru10,0.8815165876777251,,
1b,D2-K3par,0.35,19,D2-K3par_e35_r019,ESF12alone,0.7098445595854922,0.18666666666666668,0.38923076598439366
1b,D2-K3par,0.35,19,D2-K3par_e35_r019,ESF12,0.7098445595854922,,
1b,D2-K3par,0.35,19,D2-K3par_e35_r019,Alg2_Rs20,0.7202072538860104,,
1b,D2-K3par,0.35,19,D2-K3par_e35_r019,Alg2_Ru10,0.7202072538860104,,
1b,D2-K3par,0.35,19,D2-K3par_e35_r019,TCRlong(0.40)+rw+A2_Rs20,0.7046632124352331,,
1b,D2-K3par,0.35,19,D2-K3par_e35_r019,TCRlong(0.40)+rw+A2_Ru10,0.7046632124352331,,
1b,D3-unequal,0.25,19,D3-unequal_e25_r019,ESF12alone,0.8940092165898618,0.27666666666666667,0.08755862107500434
1b,D3-unequal,0.25,19,D3-unequal_e25_r019,ESF12,0.8940092165898618,,
1b,D3-unequal,0.25,19,D3-unequal_e25_r019,Alg2_Rs20,0.8894009216589862,,
1b,D3-unequal,0.25,19,D3-unequal_e25_r019,Alg2_Ru10,0.8894009216589862,,
1b,D3-unequal,0.25,19,D3-unequal_e25_r019,TCRlong(0.40)+rw+A2_Rs20,0.8986175115207373,,
1b,D3-unequal,0.25,19,D3-unequal_e25_r019,TCRlong(0.40)+rw+A2_Ru10,0.8986175115207373,,
1b,D3-unequal,0.3,19,D3-unequal_e30_r019,ESF12alone,0.907608695652174,0.38666666666666666,0.08683378994464874
1b,D3-unequal,0.3,19,D3-unequal_e30_r019,ESF12,0.907608695652174,,
1b,D3-unequal,0.3,19,D3-unequal_e30_r019,Alg2_Rs20,0.717391304347826,,
1b,D3-unequal,0.3,19,D3-unequal_e30_r019,Alg2_Ru10,0.717391304347826,,
1b,D3-unequal,0.3,19,D3-unequal_e30_r019,TCRlong(0.40)+rw+A2_Rs20,0.907608695652174,,
1b,D3-unequal,0.3,19,D3-unequal_e30_r019,TCRlong(0.40)+rw+A2_Ru10,0.907608695652174,,
1b,D3-unequal,0.35,19,D3-unequal_e35_r019,ESF12alone,0.907608695652174,0.38666666666666666,0.0825811690883711
1b,D3-unequal,0.35,19,D3-unequal_e35_r019,ESF12,0.907608695652174,,
1b,D3-unequal,0.35,19,D3-unequal_e35_r019,Alg2_Rs20,0.907608695652174,,
1b,D3-unequal,0.35,19,D3-unequal_e35_r019,Alg2_Ru10,0.907608695652174,,
1b,D3-unequal,0.35,19,D3-unequal_e35_r019,TCRlong(0.40)+rw+A2_Rs20,0.907608695652174,,
1b,D3-unequal,0.35,19,D3-unequal_e35_r019,TCRlong(0.40)+rw+A2_Ru10,0.907608695652174,,
1b,D4-hetero,0.25,19,D4-hetero_e25_r019,ESF12alone,0.9054054054054054,0.27666666666666667,0.08683067606762052
1b,D4-hetero,0.25,19,D4-hetero_e25_r019,ESF12,0.9054054054054054,,
1b,D4-hetero,0.25,19,D4-hetero_e25_r019,Alg2_Rs20,0.9054054054054054,,
1b,D4-hetero,0.25,19,D4-hetero_e25_r019,Alg2_Ru10,0.9054054054054054,,
1b,D4-hetero,0.25,19,D4-hetero_e25_r019,TCRlong(0.40)+rw+A2_Rs20,0.9054054054054054,,
1b,D4-hetero,0.25,19,D4-hetero_e25_r019,TCRlong(0.40)+rw+A2_Ru10,0.9054054054054054,,
1b,D4-hetero,0.3,19,D4-hetero_e30_r019,ESF12alone,0.8761467889908257,0.28,0.0874823909252882
1b,D4-hetero,0.3,19,D4-hetero_e30_r019,ESF12,0.8761467889908257,,
1b,D4-hetero,0.3,19,D4-hetero_e30_r019,Alg2_Rs20,0.8807339449541285,,
1b,D4-hetero,0.3,19,D4-hetero_e30_r019,Alg2_Ru10,0.8807339449541285,,
1b,D4-hetero,0.3,19,D4-hetero_e30_r019,TCRlong(0.40)+rw+A2_Rs20,0.8761467889908257,,
1b,D4-hetero,0.3,19,D4-hetero_e30_r019,TCRlong(0.40)+rw+A2_Ru10,0.8761467889908257,,
1b,D4-hetero,0.35,19,D4-hetero_e35_r019,ESF12alone,0.8805970149253731,0.33666666666666667,0.07401751400902867
1b,D4-hetero,0.35,19,D4-hetero_e35_r019,ESF12,0.8805970149253731,,
1b,D4-hetero,0.35,19,D4-hetero_e35_r019,Alg2_Rs20,0.8756218905472637,,
1b,D4-hetero,0.35,19,D4-hetero_e35_r019,Alg2_Ru10,0.8756218905472637,,
1b,D4-hetero,0.35,19,D4-hetero_e35_r019,TCRlong(0.40)+rw+A2_Rs20,0.8805970149253731,,
1b,D4-hetero,0.35,19,D4-hetero_e35_r019,TCRlong(0.40)+rw+A2_Ru10,0.8805970149253731,,
1b,D5-leverage,0.25,19,D5-leverage_e25_r019,ESF12alone,0.5607476635514018,0.10666666666666667,0.07311418396420777
1b,D5-leverage,0.25,19,D5-leverage_e25_r019,ESF12,0.5607476635514018,,
1b,D5-leverage,0.25,19,D5-leverage_e25_r019,Alg2_Rs20,0.5560747663551402,,
1b,D5-leverage,0.25,19,D5-leverage_e25_r019,Alg2_Ru10,0.5560747663551402,,
1b,D5-leverage,0.25,19,D5-leverage_e25_r019,TCRlong(0.40)+rw+A2_Rs20,0.5607476635514018,,
1b,D5-leverage,0.25,19,D5-leverage_e25_r019,TCRlong(0.40)+rw+A2_Ru10,0.5607476635514018,,
1b,D5-leverage,0.3,19,D5-leverage_e30_r019,ESF12alone,0.5113122171945701,0.02666666666666667,0.07466801500413567
1b,D5-leverage,0.3,19,D5-leverage_e30_r019,ESF12,0.5113122171945701,,
1b,D5-leverage,0.3,19,D5-leverage_e30_r019,Alg2_Rs20,0.5113122171945701,,
1b,D5-leverage,0.3,19,D5-leverage_e30_r019,Alg2_Ru10,0.5113122171945701,,
1b,D5-leverage,0.3,19,D5-leverage_e30_r019,TCRlong(0.40)+rw+A2_Rs20,0.9230769230769231,,
1b,D5-leverage,0.3,19,D5-leverage_e30_r019,TCRlong(0.40)+rw+A2_Ru10,0.9230769230769231,,
1b,D5-leverage,0.35,19,D5-leverage_e35_r019,ESF12alone,0.5245901639344263,0.0,0.07590875599998981
1b,D5-leverage,0.35,19,D5-leverage_e35_r019,ESF12,0.5245901639344263,,
1b,D5-leverage,0.35,19,D5-leverage_e35_r019,Alg2_Rs20,0.5245901639344263,,
1b,D5-leverage,0.35,19,D5-leverage_e35_r019,Alg2_Ru10,0.5245901639344263,,
1b,D5-leverage,0.35,19,D5-leverage_e35_r019,TCRlong(0.40)+rw+A2_Rs20,0.5191256830601093,,
1b,D5-leverage,0.35,19,D5-leverage_e35_r019,TCRlong(0.40)+rw+A2_Ru10,0.5191256830601093,,
1b,D6-uniform,0.25,19,D6-uniform_e25_r019,ESF12alone,0.5491071428571429,0.0,0.07303019403479993
1b,D6-uniform,0.25,19,D6-uniform_e25_r019,ESF12,0.5491071428571429,,
1b,D6-uniform,0.25,19,D6-uniform_e25_r019,Alg2_Rs20,0.9196428571428571,,
1b,D6-uniform,0.25,19,D6-uniform_e25_r019,Alg2_Ru10,0.9196428571428571,,
1b,D6-uniform,0.25,19,D6-uniform_e25_r019,TCRlong(0.40)+rw+A2_Rs20,0.9241071428571429,,
1b,D6-uniform,0.25,19,D6-uniform_e25_r019,TCRlong(0.40)+rw+A2_Ru10,0.9241071428571429,,
1b,D6-uniform,0.3,19,D6-uniform_e30_r019,ESF12alone,0.5192307692307693,0.0,0.07961770496331155
1b,D6-uniform,0.3,19,D6-uniform_e30_r019,ESF12,0.5192307692307693,,
1b,D6-uniform,0.3,19,D6-uniform_e30_r019,Alg2_Rs20,0.5192307692307693,,
1b,D6-uniform,0.3,19,D6-uniform_e30_r019,Alg2_Ru10,0.5192307692307693,,
1b,D6-uniform,0.3,19,D6-uniform_e30_r019,TCRlong(0.40)+rw+A2_Rs20,0.5432692307692307,,
1b,D6-uniform,0.3,19,D6-uniform_e30_r019,TCRlong(0.40)+rw+A2_Ru10,0.5432692307692307,,
1b,D6-uniform,0.35,19,D6-uniform_e35_r019,ESF12alone,0.5024875621890548,0.0,0.08110918803140521
1b,D6-uniform,0.35,19,D6-uniform_e35_r019,ESF12,0.5024875621890548,,
1b,D6-uniform,0.35,19,D6-uniform_e35_r019,Alg2_Rs20,0.5621890547263682,,
1b,D6-uniform,0.35,19,D6-uniform_e35_r019,Alg2_Ru10,0.5621890547263682,,
1b,D6-uniform,0.35,19,D6-uniform_e35_r019,TCRlong(0.40)+rw+A2_Rs20,0.5472636815920398,,
1b,D6-uniform,0.35,19,D6-uniform_e35_r019,TCRlong(0.40)+rw+A2_Ru10,0.5472636815920398,,
1b,D7-p3,0.25,19,D7-p3_e25_r019,ESF12alone,0.8942731277533039,0.24666666666666667,2.2088949370663613
1b,D7-p3,0.25,19,D7-p3_e25_r019,ESF12,0.8942731277533039,,
1b,D7-p3,0.25,19,D7-p3_e25_r019,Alg2_Rs20,0.8942731277533039,,
1b,D7-p3,0.25,19,D7-p3_e25_r019,Alg2_Ru10,0.8942731277533039,,
1b,D7-p3,0.25,19,D7-p3_e25_r019,TCRlong(0.40)+rw+A2_Rs20,0.8942731277533039,,
1b,D7-p3,0.25,19,D7-p3_e25_r019,TCRlong(0.40)+rw+A2_Ru10,0.8942731277533039,,
1b,D7-p3,0.3,19,D7-p3_e30_r019,ESF12alone,0.918552036199095,0.2633333333333333,1.8105646779295057
1b,D7-p3,0.3,19,D7-p3_e30_r019,ESF12,0.918552036199095,,
1b,D7-p3,0.3,19,D7-p3_e30_r019,Alg2_Rs20,0.918552036199095,,
1b,D7-p3,0.3,19,D7-p3_e30_r019,Alg2_Ru10,0.918552036199095,,
1b,D7-p3,0.3,19,D7-p3_e30_r019,TCRlong(0.40)+rw+A2_Rs20,0.918552036199095,,
1b,D7-p3,0.3,19,D7-p3_e30_r019,TCRlong(0.40)+rw+A2_Ru10,0.918552036199095,,
1b,D7-p3,0.35,19,D7-p3_e35_r019,ESF12alone,0.9247311827956989,0.38,1.7672562850639224
1b,D7-p3,0.35,19,D7-p3_e35_r019,ESF12,0.9247311827956989,,
1b,D7-p3,0.35,19,D7-p3_e35_r019,Alg2_Rs20,0.9301075268817204,,
1b,D7-p3,0.35,19,D7-p3_e35_r019,Alg2_Ru10,0.9301075268817204,,
1b,D7-p3,0.35,19,D7-p3_e35_r019,TCRlong(0.40)+rw+A2_Rs20,0.9301075268817204,,
1b,D7-p3,0.35,19,D7-p3_e35_r019,TCRlong(0.40)+rw+A2_Ru10,0.9301075268817204,,
1b,D8-K2par-sep,0.25,19,D8-K2par-sep_e25_r019,ESF12alone,1.0,0.26,0.09122997999656945
1b,D8-K2par-sep,0.25,19,D8-K2par-sep_e25_r019,ESF12,1.0,,
1b,D8-K2par-sep,0.25,19,D8-K2par-sep_e25_r019,Alg2_Rs20,1.0,,
1b,D8-K2par-sep,0.25,19,D8-K2par-sep_e25_r019,Alg2_Ru10,1.0,,
1b,D8-K2par-sep,0.25,19,D8-K2par-sep_e25_r019,TCRlong(0.40)+rw+A2_Rs20,1.0,,
1b,D8-K2par-sep,0.25,19,D8-K2par-sep_e25_r019,TCRlong(0.40)+rw+A2_Ru10,1.0,,
1b,D8-K2par-sep,0.3,19,D8-K2par-sep_e30_r019,ESF12alone,1.0,0.32666666666666666,0.09232697600964457
1b,D8-K2par-sep,0.3,19,D8-K2par-sep_e30_r019,ESF12,1.0,,
1b,D8-K2par-sep,0.3,19,D8-K2par-sep_e30_r019,Alg2_Rs20,1.0,,
1b,D8-K2par-sep,0.3,19,D8-K2par-sep_e30_r019,Alg2_Ru10,1.0,,
1b,D8-K2par-sep,0.3,19,D8-K2par-sep_e30_r019,TCRlong(0.40)+rw+A2_Rs20,1.0,,
1b,D8-K2par-sep,0.3,19,D8-K2par-sep_e30_r019,TCRlong(0.40)+rw+A2_Ru10,1.0,,
1b,D8-K2par-sep,0.35,19,D8-K2par-sep_e35_r019,ESF12alone,1.0,0.3466666666666667,0.08742448105476797
1b,D8-K2par-sep,0.35,19,D8-K2par-sep_e35_r019,ESF12,1.0,,
1b,D8-K2par-sep,0.35,19,D8-K2par-sep_e35_r019,Alg2_Rs20,1.0,,
1b,D8-K2par-sep,0.35,19,D8-K2par-sep_e35_r019,Alg2_Ru10,1.0,,
1b,D8-K2par-sep,0.35,19,D8-K2par-sep_e35_r019,TCRlong(0.40)+rw+A2_Rs20,1.0,,
1b,D8-K2par-sep,0.35,19,D8-K2par-sep_e35_r019,TCRlong(0.40)+rw+A2_Ru10,1.0,,
1b,D1-K2cross,0.25,20,D1-K2cross_e25_r020,ESF12alone,0.9223744292237442,0.27,0.08160548005253077
1b,D1-K2cross,0.25,20,D1-K2cross_e25_r020,ESF12,0.9223744292237442,,
1b,D1-K2cross,0.25,20,D1-K2cross_e25_r020,Alg2_Rs20,0.9223744292237442,,
1b,D1-K2cross,0.25,20,D1-K2cross_e25_r020,Alg2_Ru10,0.9223744292237442,,
1b,D1-K2cross,0.25,20,D1-K2cross_e25_r020,TCRlong(0.40)+rw+A2_Rs20,0.9269406392694064,,
1b,D1-K2cross,0.25,20,D1-K2cross_e25_r020,TCRlong(0.40)+rw+A2_Ru10,0.9269406392694064,,
1b,D1-K2cross,0.3,20,D1-K2cross_e30_r020,ESF12alone,0.9244444444444444,0.25,0.07761580101214349
1b,D1-K2cross,0.3,20,D1-K2cross_e30_r020,ESF12,0.9244444444444444,,
1b,D1-K2cross,0.3,20,D1-K2cross_e30_r020,Alg2_Rs20,0.9244444444444444,,
1b,D1-K2cross,0.3,20,D1-K2cross_e30_r020,Alg2_Ru10,0.9244444444444444,,
1b,D1-K2cross,0.3,20,D1-K2cross_e30_r020,TCRlong(0.40)+rw+A2_Rs20,0.9244444444444444,,
1b,D1-K2cross,0.3,20,D1-K2cross_e30_r020,TCRlong(0.40)+rw+A2_Ru10,0.9244444444444444,,
1b,D1-K2cross,0.35,20,D1-K2cross_e35_r020,ESF12alone,0.9223300970873787,0.31333333333333335,0.07647183199878782
1b,D1-K2cross,0.35,20,D1-K2cross_e35_r020,ESF12,0.9223300970873787,,
1b,D1-K2cross,0.35,20,D1-K2cross_e35_r020,Alg2_Rs20,0.9223300970873787,,
1b,D1-K2cross,0.35,20,D1-K2cross_e35_r020,Alg2_Ru10,0.9223300970873787,,
1b,D1-K2cross,0.35,20,D1-K2cross_e35_r020,TCRlong(0.40)+rw+A2_Rs20,0.9223300970873787,,
1b,D1-K2cross,0.35,20,D1-K2cross_e35_r020,TCRlong(0.40)+rw+A2_Ru10,0.9223300970873787,,
1b,D2-K3par,0.25,20,D2-K3par_e25_r020,ESF12alone,0.8528138528138528,0.23,0.27082730003166944
1b,D2-K3par,0.25,20,D2-K3par_e25_r020,ESF12,0.8528138528138528,,
1b,D2-K3par,0.25,20,D2-K3par_e25_r020,Alg2_Rs20,0.8528138528138528,,
1b,D2-K3par,0.25,20,D2-K3par_e25_r020,Alg2_Ru10,0.8528138528138528,,
1b,D2-K3par,0.25,20,D2-K3par_e25_r020,TCRlong(0.40)+rw+A2_Rs20,0.5844155844155844,,
1b,D2-K3par,0.25,20,D2-K3par_e25_r020,TCRlong(0.40)+rw+A2_Ru10,0.5844155844155844,,
1b,D2-K3par,0.3,20,D2-K3par_e30_r020,ESF12alone,0.6666666666666666,0.15,0.39103296701796353
1b,D2-K3par,0.3,20,D2-K3par_e30_r020,ESF12,0.6666666666666666,,
1b,D2-K3par,0.3,20,D2-K3par_e30_r020,Alg2_Rs20,0.6716417910447762,,
1b,D2-K3par,0.3,20,D2-K3par_e30_r020,Alg2_Ru10,0.6716417910447762,,
1b,D2-K3par,0.3,20,D2-K3par_e30_r020,TCRlong(0.40)+rw+A2_Rs20,0.8606965174129353,,
1b,D2-K3par,0.3,20,D2-K3par_e30_r020,TCRlong(0.40)+rw+A2_Ru10,0.8606965174129353,,
1b,D2-K3par,0.35,20,D2-K3par_e35_r020,ESF12alone,0.8701923076923077,0.30666666666666664,0.28791097400244325
1b,D2-K3par,0.35,20,D2-K3par_e35_r020,ESF12,0.8701923076923077,,
1b,D2-K3par,0.35,20,D2-K3par_e35_r020,Alg2_Rs20,0.6346153846153846,,
1b,D2-K3par,0.35,20,D2-K3par_e35_r020,Alg2_Ru10,0.6346153846153846,,
1b,D2-K3par,0.35,20,D2-K3par_e35_r020,TCRlong(0.40)+rw+A2_Rs20,0.9134615384615384,,
1b,D2-K3par,0.35,20,D2-K3par_e35_r020,TCRlong(0.40)+rw+A2_Ru10,0.9134615384615384,,
1b,D3-unequal,0.25,20,D3-unequal_e25_r020,ESF12alone,0.9170506912442397,0.27666666666666667,0.07876760105136782
1b,D3-unequal,0.25,20,D3-unequal_e25_r020,ESF12,0.9170506912442397,,
1b,D3-unequal,0.25,20,D3-unequal_e25_r020,Alg2_Rs20,0.9170506912442397,,
1b,D3-unequal,0.25,20,D3-unequal_e25_r020,Alg2_Ru10,0.9170506912442397,,
1b,D3-unequal,0.25,20,D3-unequal_e25_r020,TCRlong(0.40)+rw+A2_Rs20,0.9170506912442397,,
1b,D3-unequal,0.25,20,D3-unequal_e25_r020,TCRlong(0.40)+rw+A2_Ru10,0.9170506912442397,,
1b,D3-unequal,0.3,20,D3-unequal_e30_r020,ESF12alone,0.9141414141414141,0.3433333333333333,0.08478135301265866
1b,D3-unequal,0.3,20,D3-unequal_e30_r020,ESF12,0.9141414141414141,,
1b,D3-unequal,0.3,20,D3-unequal_e30_r020,Alg2_Rs20,0.9191919191919192,,
1b,D3-unequal,0.3,20,D3-unequal_e30_r020,Alg2_Ru10,0.9191919191919192,,
1b,D3-unequal,0.3,20,D3-unequal_e30_r020,TCRlong(0.40)+rw+A2_Rs20,0.9191919191919192,,
1b,D3-unequal,0.3,20,D3-unequal_e30_r020,TCRlong(0.40)+rw+A2_Ru10,0.9191919191919192,,
1b,D3-unequal,0.35,20,D3-unequal_e35_r020,ESF12alone,0.745,0.26,0.09354109899140894
1b,D3-unequal,0.35,20,D3-unequal_e35_r020,ESF12,0.745,,
1b,D3-unequal,0.35,20,D3-unequal_e35_r020,Alg2_Rs20,0.88,,
1b,D3-unequal,0.35,20,D3-unequal_e35_r020,Alg2_Ru10,0.88,,
1b,D3-unequal,0.35,20,D3-unequal_e35_r020,TCRlong(0.40)+rw+A2_Rs20,0.89,,
1b,D3-unequal,0.35,20,D3-unequal_e35_r020,TCRlong(0.40)+rw+A2_Ru10,0.89,,
1b,D4-hetero,0.25,20,D4-hetero_e25_r020,ESF12alone,0.9107142857142857,0.25666666666666665,0.080489914980717
1b,D4-hetero,0.25,20,D4-hetero_e25_r020,ESF12,0.9107142857142857,,
1b,D4-hetero,0.25,20,D4-hetero_e25_r020,Alg2_Rs20,0.9151785714285714,,
1b,D4-hetero,0.25,20,D4-hetero_e25_r020,Alg2_Ru10,0.9151785714285714,,
1b,D4-hetero,0.25,20,D4-hetero_e25_r020,TCRlong(0.40)+rw+A2_Rs20,0.9196428571428571,,
1b,D4-hetero,0.25,20,D4-hetero_e25_r020,TCRlong(0.40)+rw+A2_Ru10,0.9196428571428571,,
1b,D4-hetero,0.3,20,D4-hetero_e30_r020,ESF12alone,0.8947368421052632,0.31,0.09454144898336381
1b,D4-hetero,0.3,20,D4-hetero_e30_r020,ESF12,0.8947368421052632,,
1b,D4-hetero,0.3,20,D4-hetero_e30_r020,Alg2_Rs20,0.8995215311004785,,
1b,D4-hetero,0.3,20,D4-hetero_e30_r020,Alg2_Ru10,0.8995215311004785,,
1b,D4-hetero,0.3,20,D4-hetero_e30_r020,TCRlong(0.40)+rw+A2_Rs20,0.8947368421052632,,
1b,D4-hetero,0.3,20,D4-hetero_e30_r020,TCRlong(0.40)+rw+A2_Ru10,0.8947368421052632,,
1b,D4-hetero,0.35,20,D4-hetero_e35_r020,ESF12alone,0.8817204301075269,0.37666666666666665,0.07453151501249522
1b,D4-hetero,0.35,20,D4-hetero_e35_r020,ESF12,0.8817204301075269,,
1b,D4-hetero,0.35,20,D4-hetero_e35_r020,Alg2_Rs20,0.8763440860215054,,
1b,D4-hetero,0.35,20,D4-hetero_e35_r020,Alg2_Ru10,0.8763440860215054,,
1b,D4-hetero,0.35,20,D4-hetero_e35_r020,TCRlong(0.40)+rw+A2_Rs20,0.8763440860215054,,
1b,D4-hetero,0.35,20,D4-hetero_e35_r020,TCRlong(0.40)+rw+A2_Ru10,0.8763440860215054,,
1b,D5-leverage,0.25,20,D5-leverage_e25_r020,ESF12alone,0.5909090909090909,0.09666666666666666,0.08248455403372645
1b,D5-leverage,0.25,20,D5-leverage_e25_r020,ESF12,0.5909090909090909,,
1b,D5-leverage,0.25,20,D5-leverage_e25_r020,Alg2_Rs20,0.85,,
1b,D5-leverage,0.25,20,D5-leverage_e25_r020,Alg2_Ru10,0.85,,
1b,D5-leverage,0.25,20,D5-leverage_e25_r020,TCRlong(0.40)+rw+A2_Rs20,0.8545454545454545,,
1b,D5-leverage,0.25,20,D5-leverage_e25_r020,TCRlong(0.40)+rw+A2_Ru10,0.8545454545454545,,
1b,D5-leverage,0.3,20,D5-leverage_e30_r020,ESF12alone,0.8995433789954338,0.27,0.08127196598798037
1b,D5-leverage,0.3,20,D5-leverage_e30_r020,ESF12,0.8995433789954338,,
1b,D5-leverage,0.3,20,D5-leverage_e30_r020,Alg2_Rs20,0.5159817351598174,,
1b,D5-leverage,0.3,20,D5-leverage_e30_r020,Alg2_Ru10,0.5159817351598174,,
1b,D5-leverage,0.3,20,D5-leverage_e30_r020,TCRlong(0.40)+rw+A2_Rs20,0.8995433789954338,,
1b,D5-leverage,0.3,20,D5-leverage_e30_r020,TCRlong(0.40)+rw+A2_Ru10,0.8995433789954338,,
1b,D5-leverage,0.35,20,D5-leverage_e35_r020,ESF12alone,0.5025125628140703,0.0033333333333333335,0.07775985391344875
1b,D5-leverage,0.35,20,D5-leverage_e35_r020,ESF12,0.5025125628140703,,
1b,D5-leverage,0.35,20,D5-leverage_e35_r020,Alg2_Rs20,0.5025125628140703,,
1b,D5-leverage,0.35,20,D5-leverage_e35_r020,Alg2_Ru10,0.5025125628140703,,
1b,D5-leverage,0.35,20,D5-leverage_e35_r020,TCRlong(0.40)+rw+A2_Rs20,0.507537688442211,,
1b,D5-leverage,0.35,20,D5-leverage_e35_r020,TCRlong(0.40)+rw+A2_Ru10,0.507537688442211,,
1b,D6-uniform,0.25,20,D6-uniform_e25_r020,ESF12alone,0.9251101321585903,0.22666666666666666,0.07844602793920785
1b,D6-uniform,0.25,20,D6-uniform_e25_r020,ESF12,0.9251101321585903,,
1b,D6-uniform,0.25,20,D6-uniform_e25_r020,Alg2_Rs20,0.9295154185022027,,
1b,D6-uniform,0.25,20,D6-uniform_e25_r020,Alg2_Ru10,0.9295154185022027,,
1b,D6-uniform,0.25,20,D6-uniform_e25_r020,TCRlong(0.40)+rw+A2_Rs20,0.9295154185022027,,
1b,D6-uniform,0.25,20,D6-uniform_e25_r020,TCRlong(0.40)+rw+A2_Ru10,0.9295154185022027,,
1b,D6-uniform,0.3,20,D6-uniform_e30_r020,ESF12alone,0.5642201834862385,0.006666666666666667,0.08586315799038857
1b,D6-uniform,0.3,20,D6-uniform_e30_r020,ESF12,0.5642201834862385,,
1b,D6-uniform,0.3,20,D6-uniform_e30_r020,Alg2_Rs20,0.8990825688073395,,
1b,D6-uniform,0.3,20,D6-uniform_e30_r020,Alg2_Ru10,0.8990825688073395,,
1b,D6-uniform,0.3,20,D6-uniform_e30_r020,TCRlong(0.40)+rw+A2_Rs20,0.8944954128440367,,
1b,D6-uniform,0.3,20,D6-uniform_e30_r020,TCRlong(0.40)+rw+A2_Ru10,0.8944954128440367,,
1b,D6-uniform,0.35,20,D6-uniform_e35_r020,ESF12alone,0.5025125628140703,0.0,0.07621437101624906
1b,D6-uniform,0.35,20,D6-uniform_e35_r020,ESF12,0.5025125628140703,,
1b,D6-uniform,0.35,20,D6-uniform_e35_r020,Alg2_Rs20,0.5175879396984925,,
1b,D6-uniform,0.35,20,D6-uniform_e35_r020,Alg2_Ru10,0.5175879396984925,,
1b,D6-uniform,0.35,20,D6-uniform_e35_r020,TCRlong(0.40)+rw+A2_Rs20,0.8844221105527639,,
1b,D6-uniform,0.35,20,D6-uniform_e35_r020,TCRlong(0.40)+rw+A2_Ru10,0.8844221105527639,,
1b,D7-p3,0.25,20,D7-p3_e25_r020,ESF12alone,0.944954128440367,0.2866666666666667,2.273527197074145
1b,D7-p3,0.25,20,D7-p3_e25_r020,ESF12,0.944954128440367,,
1b,D7-p3,0.25,20,D7-p3_e25_r020,Alg2_Rs20,0.944954128440367,,
1b,D7-p3,0.25,20,D7-p3_e25_r020,Alg2_Ru10,0.944954128440367,,
1b,D7-p3,0.25,20,D7-p3_e25_r020,TCRlong(0.40)+rw+A2_Rs20,0.9357798165137615,,
1b,D7-p3,0.25,20,D7-p3_e25_r020,TCRlong(0.40)+rw+A2_Ru10,0.9357798165137615,,
1b,D7-p3,0.3,20,D7-p3_e30_r020,ESF12alone,0.5196078431372549,0.16333333333333333,1.8694517309777439
1b,D7-p3,0.3,20,D7-p3_e30_r020,ESF12,0.5245098039215687,,
1b,D7-p3,0.3,20,D7-p3_e30_r020,Alg2_Rs20,0.9068627450980392,,
1b,D7-p3,0.3,20,D7-p3_e30_r020,Alg2_Ru10,0.9068627450980392,,
1b,D7-p3,0.3,20,D7-p3_e30_r020,TCRlong(0.40)+rw+A2_Rs20,0.9117647058823529,,
1b,D7-p3,0.3,20,D7-p3_e30_r020,TCRlong(0.40)+rw+A2_Ru10,0.9117647058823529,,
1b,D7-p3,0.35,20,D7-p3_e35_r020,ESF12alone,0.92,0.4166666666666667,1.783480921993032
1b,D7-p3,0.35,20,D7-p3_e35_r020,ESF12,0.92,,
1b,D7-p3,0.35,20,D7-p3_e35_r020,Alg2_Rs20,0.5028571428571429,,
1b,D7-p3,0.35,20,D7-p3_e35_r020,Alg2_Ru10,0.5028571428571429,,
1b,D7-p3,0.35,20,D7-p3_e35_r020,TCRlong(0.40)+rw+A2_Rs20,0.9085714285714286,,
1b,D7-p3,0.35,20,D7-p3_e35_r020,TCRlong(0.40)+rw+A2_Ru10,0.9085714285714286,,
1b,D8-K2par-sep,0.25,20,D8-K2par-sep_e25_r020,ESF12alone,1.0,0.23666666666666666,0.07052975404076278
1b,D8-K2par-sep,0.25,20,D8-K2par-sep_e25_r020,ESF12,1.0,,
1b,D8-K2par-sep,0.25,20,D8-K2par-sep_e25_r020,Alg2_Rs20,1.0,,
1b,D8-K2par-sep,0.25,20,D8-K2par-sep_e25_r020,Alg2_Ru10,1.0,,
1b,D8-K2par-sep,0.25,20,D8-K2par-sep_e25_r020,TCRlong(0.40)+rw+A2_Rs20,1.0,,
1b,D8-K2par-sep,0.25,20,D8-K2par-sep_e25_r020,TCRlong(0.40)+rw+A2_Ru10,1.0,,
1b,D8-K2par-sep,0.3,20,D8-K2par-sep_e30_r020,ESF12alone,0.9954128440366973,0.27666666666666667,0.07633699697908014
1b,D8-K2par-sep,0.3,20,D8-K2par-sep_e30_r020,ESF12,0.9954128440366973,,
1b,D8-K2par-sep,0.3,20,D8-K2par-sep_e30_r020,Alg2_Rs20,0.9954128440366973,,
1b,D8-K2par-sep,0.3,20,D8-K2par-sep_e30_r020,Alg2_Ru10,0.9954128440366973,,
1b,D8-K2par-sep,0.3,20,D8-K2par-sep_e30_r020,TCRlong(0.40)+rw+A2_Rs20,0.9954128440366973,,
1b,D8-K2par-sep,0.3,20,D8-K2par-sep_e30_r020,TCRlong(0.40)+rw+A2_Ru10,0.9954128440366973,,
1b,D8-K2par-sep,0.35,20,D8-K2par-sep_e35_r020,ESF12alone,0.9949494949494949,0.34,0.08715435501653701
1b,D8-K2par-sep,0.35,20,D8-K2par-sep_e35_r020,ESF12,0.9949494949494949,,
1b,D8-K2par-sep,0.35,20,D8-K2par-sep_e35_r020,Alg2_Rs20,0.9949494949494949,,
1b,D8-K2par-sep,0.35,20,D8-K2par-sep_e35_r020,Alg2_Ru10,0.9949494949494949,,
1b,D8-K2par-sep,0.35,20,D8-K2par-sep_e35_r020,TCRlong(0.40)+rw+A2_Rs20,0.9949494949494949,,
1b,D8-K2par-sep,0.35,20,D8-K2par-sep_e35_r020,TCRlong(0.40)+rw+A2_Ru10,0.9949494949494949,,
1b,D1-K2cross,0.25,21,D1-K2cross_e25_r021,ESF12alone,0.9273504273504274,0.22,0.0844121320405975
1b,D1-K2cross,0.25,21,D1-K2cross_e25_r021,ESF12,0.9273504273504274,,
1b,D1-K2cross,0.25,21,D1-K2cross_e25_r021,Alg2_Rs20,0.9273504273504274,,
1b,D1-K2cross,0.25,21,D1-K2cross_e25_r021,Alg2_Ru10,0.9273504273504274,,
1b,D1-K2cross,0.25,21,D1-K2cross_e25_r021,TCRlong(0.40)+rw+A2_Rs20,0.9230769230769231,,
1b,D1-K2cross,0.25,21,D1-K2cross_e25_r021,TCRlong(0.40)+rw+A2_Ru10,0.9230769230769231,,
1b,D1-K2cross,0.3,21,D1-K2cross_e30_r021,ESF12alone,0.8909952606635071,0.2966666666666667,0.0865503599634394
1b,D1-K2cross,0.3,21,D1-K2cross_e30_r021,ESF12,0.8909952606635071,,
1b,D1-K2cross,0.3,21,D1-K2cross_e30_r021,Alg2_Rs20,0.8909952606635071,,
1b,D1-K2cross,0.3,21,D1-K2cross_e30_r021,Alg2_Ru10,0.8909952606635071,,
1b,D1-K2cross,0.3,21,D1-K2cross_e30_r021,TCRlong(0.40)+rw+A2_Rs20,0.8909952606635071,,
1b,D1-K2cross,0.3,21,D1-K2cross_e30_r021,TCRlong(0.40)+rw+A2_Ru10,0.8909952606635071,,
1b,D1-K2cross,0.35,21,D1-K2cross_e35_r021,ESF12alone,0.8921568627450981,0.32,0.08526113803964108
1b,D1-K2cross,0.35,21,D1-K2cross_e35_r021,ESF12,0.8921568627450981,,
1b,D1-K2cross,0.35,21,D1-K2cross_e35_r021,Alg2_Rs20,0.8921568627450981,,
1b,D1-K2cross,0.35,21,D1-K2cross_e35_r021,Alg2_Ru10,0.8921568627450981,,
1b,D1-K2cross,0.35,21,D1-K2cross_e35_r021,TCRlong(0.40)+rw+A2_Rs20,0.8970588235294118,,
1b,D1-K2cross,0.35,21,D1-K2cross_e35_r021,TCRlong(0.40)+rw+A2_Ru10,0.8970588235294118,,
1b,D2-K3par,0.25,21,D2-K3par_e25_r021,ESF12alone,0.8873873873873874,0.26,0.31672728597186506
1b,D2-K3par,0.25,21,D2-K3par_e25_r021,ESF12,0.8873873873873874,,
1b,D2-K3par,0.25,21,D2-K3par_e25_r021,Alg2_Rs20,0.8963963963963963,,
1b,D2-K3par,0.25,21,D2-K3par_e25_r021,Alg2_Ru10,0.8963963963963963,,
1b,D2-K3par,0.25,21,D2-K3par_e25_r021,TCRlong(0.40)+rw+A2_Rs20,0.8378378378378378,,
1b,D2-K3par,0.25,21,D2-K3par_e25_r021,TCRlong(0.40)+rw+A2_Ru10,0.8378378378378378,,
1b,D2-K3par,0.3,21,D2-K3par_e30_r021,ESF12alone,0.9323671497584541,0.31,0.3364602850051597
1b,D2-K3par,0.3,21,D2-K3par_e30_r021,ESF12,0.9323671497584541,,
1b,D2-K3par,0.3,21,D2-K3par_e30_r021,Alg2_Rs20,0.6280193236714976,,
1b,D2-K3par,0.3,21,D2-K3par_e30_r021,Alg2_Ru10,0.6280193236714976,,
1b,D2-K3par,0.3,21,D2-K3par_e30_r021,TCRlong(0.40)+rw+A2_Rs20,0.9371980676328503,,
1b,D2-K3par,0.3,21,D2-K3par_e30_r021,TCRlong(0.40)+rw+A2_Ru10,0.9371980676328503,,
1b,D2-K3par,0.35,21,D2-K3par_e35_r021,ESF12alone,0.4052631578947368,0.023333333333333334,0.4604050300549716
1b,D2-K3par,0.35,21,D2-K3par_e35_r021,ESF12,0.4052631578947368,,
1b,D2-K3par,0.35,21,D2-K3par_e35_r021,Alg2_Rs20,0.4052631578947368,,
1b,D2-K3par,0.35,21,D2-K3par_e35_r021,Alg2_Ru10,0.4052631578947368,,
1b,D2-K3par,0.35,21,D2-K3par_e35_r021,TCRlong(0.40)+rw+A2_Rs20,0.6684210526315789,,
1b,D2-K3par,0.35,21,D2-K3par_e35_r021,TCRlong(0.40)+rw+A2_Ru10,0.6684210526315789,,
1b,D3-unequal,0.25,21,D3-unequal_e25_r021,ESF12alone,0.9134199134199135,0.23666666666666666,0.08985745697282255
1b,D3-unequal,0.25,21,D3-unequal_e25_r021,ESF12,0.9134199134199135,,
1b,D3-unequal,0.25,21,D3-unequal_e25_r021,Alg2_Rs20,0.9134199134199135,,
1b,D3-unequal,0.25,21,D3-unequal_e25_r021,Alg2_Ru10,0.9134199134199135,,
1b,D3-unequal,0.25,21,D3-unequal_e25_r021,TCRlong(0.40)+rw+A2_Rs20,0.9134199134199135,,
1b,D3-unequal,0.25,21,D3-unequal_e25_r021,TCRlong(0.40)+rw+A2_Ru10,0.9134199134199135,,
1b,D3-unequal,0.3,21,D3-unequal_e30_r021,ESF12alone,0.9142857142857143,0.3,0.08536573604214936
1b,D3-unequal,0.3,21,D3-unequal_e30_r021,ESF12,0.9142857142857143,,
1b,D3-unequal,0.3,21,D3-unequal_e30_r021,Alg2_Rs20,0.9142857142857143,,
1b,D3-unequal,0.3,21,D3-unequal_e30_r021,Alg2_Ru10,0.9142857142857143,,
1b,D3-unequal,0.3,21,D3-unequal_e30_r021,TCRlong(0.40)+rw+A2_Rs20,0.9095238095238095,,
1b,D3-unequal,0.3,21,D3-unequal_e30_r021,TCRlong(0.40)+rw+A2_Ru10,0.9095238095238095,,
1b,D3-unequal,0.35,21,D3-unequal_e35_r021,ESF12alone,0.9230769230769231,0.35,0.07539751497097313
1b,D3-unequal,0.35,21,D3-unequal_e35_r021,ESF12,0.9230769230769231,,
1b,D3-unequal,0.35,21,D3-unequal_e35_r021,Alg2_Rs20,0.9230769230769231,,
1b,D3-unequal,0.35,21,D3-unequal_e35_r021,Alg2_Ru10,0.9230769230769231,,
1b,D3-unequal,0.35,21,D3-unequal_e35_r021,TCRlong(0.40)+rw+A2_Rs20,0.9230769230769231,,
1b,D3-unequal,0.35,21,D3-unequal_e35_r021,TCRlong(0.40)+rw+A2_Ru10,0.9230769230769231,,
1b,D4-hetero,0.25,21,D4-hetero_e25_r021,ESF12alone,0.9043478260869565,0.24333333333333335,0.0748260379768908
1b,D4-hetero,0.25,21,D4-hetero_e25_r021,ESF12,0.9043478260869565,,
1b,D4-hetero,0.25,21,D4-hetero_e25_r021,Alg2_Rs20,0.9043478260869565,,
1b,D4-hetero,0.25,21,D4-hetero_e25_r021,Alg2_Ru10,0.9043478260869565,,
1b,D4-hetero,0.25,21,D4-hetero_e25_r021,TCRlong(0.40)+rw+A2_Rs20,0.9043478260869565,,
1b,D4-hetero,0.25,21,D4-hetero_e25_r021,TCRlong(0.40)+rw+A2_Ru10,0.9043478260869565,,
1b,D4-hetero,0.3,21,D4-hetero_e30_r021,ESF12alone,0.926605504587156,0.28,0.06847217201720923
1b,D4-hetero,0.3,21,D4-hetero_e30_r021,ESF12,0.926605504587156,,
1b,D4-hetero,0.3,21,D4-hetero_e30_r021,Alg2_Rs20,0.926605504587156,,
1b,D4-hetero,0.3,21,D4-hetero_e30_r021,Alg2_Ru10,0.926605504587156,,
1b,D4-hetero,0.3,21,D4-hetero_e30_r021,TCRlong(0.40)+rw+A2_Rs20,0.926605504587156,,
1b,D4-hetero,0.3,21,D4-hetero_e30_r021,TCRlong(0.40)+rw+A2_Ru10,0.926605504587156,,
1b,D4-hetero,0.35,21,D4-hetero_e35_r021,ESF12alone,0.93,0.33666666666666667,0.07740135490894318
1b,D4-hetero,0.35,21,D4-hetero_e35_r021,ESF12,0.93,,
1b,D4-hetero,0.35,21,D4-hetero_e35_r021,Alg2_Rs20,0.93,,
1b,D4-hetero,0.35,21,D4-hetero_e35_r021,Alg2_Ru10,0.93,,
1b,D4-hetero,0.35,21,D4-hetero_e35_r021,TCRlong(0.40)+rw+A2_Rs20,0.93,,
1b,D4-hetero,0.35,21,D4-hetero_e35_r021,TCRlong(0.40)+rw+A2_Ru10,0.93,,
1b,D5-leverage,0.25,21,D5-leverage_e25_r021,ESF12alone,0.5475113122171946,0.08,0.06787837203592062
1b,D5-leverage,0.25,21,D5-leverage_e25_r021,ESF12,0.5475113122171946,,
1b,D5-leverage,0.25,21,D5-leverage_e25_r021,Alg2_Rs20,0.5475113122171946,,
1b,D5-leverage,0.25,21,D5-leverage_e25_r021,Alg2_Ru10,0.5475113122171946,,
1b,D5-leverage,0.25,21,D5-leverage_e25_r021,TCRlong(0.40)+rw+A2_Rs20,0.5384615384615384,,
1b,D5-leverage,0.25,21,D5-leverage_e25_r021,TCRlong(0.40)+rw+A2_Ru10,0.5384615384615384,,
1b,D5-leverage,0.3,21,D5-leverage_e30_r021,ESF12alone,0.5211267605633803,0.013333333333333334,0.07471472094766796
1b,D5-leverage,0.3,21,D5-leverage_e30_r021,ESF12,0.5211267605633803,,
1b,D5-leverage,0.3,21,D5-leverage_e30_r021,Alg2_Rs20,0.5211267605633803,,
1b,D5-leverage,0.3,21,D5-leverage_e30_r021,Alg2_Ru10,0.5211267605633803,,
1b,D5-leverage,0.3,21,D5-leverage_e30_r021,TCRlong(0.40)+rw+A2_Rs20,0.8403755868544601,,
1b,D5-leverage,0.3,21,D5-leverage_e30_r021,TCRlong(0.40)+rw+A2_Ru10,0.8403755868544601,,
1b,D5-leverage,0.35,21,D5-leverage_e35_r021,ESF12alone,0.5052631578947369,0.023333333333333334,0.07247619901318103
1b,D5-leverage,0.35,21,D5-leverage_e35_r021,ESF12,0.5052631578947369,,
1b,D5-leverage,0.35,21,D5-leverage_e35_r021,Alg2_Rs20,0.5052631578947369,,
1b,D5-leverage,0.35,21,D5-leverage_e35_r021,Alg2_Ru10,0.5052631578947369,,
1b,D5-leverage,0.35,21,D5-leverage_e35_r021,TCRlong(0.40)+rw+A2_Rs20,0.5052631578947369,,
1b,D5-leverage,0.35,21,D5-leverage_e35_r021,TCRlong(0.40)+rw+A2_Ru10,0.5052631578947369,,
1b,D6-uniform,0.25,21,D6-uniform_e25_r021,ESF12alone,0.5196078431372549,0.0,0.06267021596431732
1b,D6-uniform,0.25,21,D6-uniform_e25_r021,ESF12,0.5196078431372549,,
1b,D6-uniform,0.25,21,D6-uniform_e25_r021,Alg2_Rs20,0.5196078431372549,,
1b,D6-uniform,0.25,21,D6-uniform_e25_r021,Alg2_Ru10,0.5196078431372549,,
1b,D6-uniform,0.25,21,D6-uniform_e25_r021,TCRlong(0.40)+rw+A2_Rs20,0.9313725490196079,,
1b,D6-uniform,0.25,21,D6-uniform_e25_r021,TCRlong(0.40)+rw+A2_Ru10,0.5,,
1b,D6-uniform,0.3,21,D6-uniform_e30_r021,ESF12alone,0.5428571428571428,0.0,0.07582842407282442
1b,D6-uniform,0.3,21,D6-uniform_e30_r021,ESF12,0.5428571428571428,,
1b,D6-uniform,0.3,21,D6-uniform_e30_r021,Alg2_Rs20,0.5380952380952381,,
1b,D6-uniform,0.3,21,D6-uniform_e30_r021,Alg2_Ru10,0.5380952380952381,,
1b,D6-uniform,0.3,21,D6-uniform_e30_r021,TCRlong(0.40)+rw+A2_Rs20,0.8904761904761904,,
1b,D6-uniform,0.3,21,D6-uniform_e30_r021,TCRlong(0.40)+rw+A2_Ru10,0.8904761904761904,,
1b,D6-uniform,0.35,21,D6-uniform_e35_r021,ESF12alone,0.5204081632653061,0.0,0.07390555297024548
1b,D6-uniform,0.35,21,D6-uniform_e35_r021,ESF12,0.5204081632653061,,
1b,D6-uniform,0.35,21,D6-uniform_e35_r021,Alg2_Rs20,0.5204081632653061,,
1b,D6-uniform,0.35,21,D6-uniform_e35_r021,Alg2_Ru10,0.5204081632653061,,
1b,D6-uniform,0.35,21,D6-uniform_e35_r021,TCRlong(0.40)+rw+A2_Rs20,0.5663265306122449,,
1b,D6-uniform,0.35,21,D6-uniform_e35_r021,TCRlong(0.40)+rw+A2_Ru10,0.5663265306122449,,
1b,D7-p3,0.25,21,D7-p3_e25_r021,ESF12alone,0.9194915254237288,0.22,2.333318116958253
1b,D7-p3,0.25,21,D7-p3_e25_r021,ESF12,0.9194915254237288,,
1b,D7-p3,0.25,21,D7-p3_e25_r021,Alg2_Rs20,0.9194915254237288,,
1b,D7-p3,0.25,21,D7-p3_e25_r021,Alg2_Ru10,0.9194915254237288,,
1b,D7-p3,0.25,21,D7-p3_e25_r021,TCRlong(0.40)+rw+A2_Rs20,0.9194915254237288,,
1b,D7-p3,0.25,21,D7-p3_e25_r021,TCRlong(0.40)+rw+A2_Ru10,0.9194915254237288,,
1b,D7-p3,0.3,21,D7-p3_e30_r021,ESF12alone,0.9242424242424242,0.34,1.6982135550351813
1b,D7-p3,0.3,21,D7-p3_e30_r021,ESF12,0.9242424242424242,,
1b,D7-p3,0.3,21,D7-p3_e30_r021,Alg2_Rs20,0.9242424242424242,,
1b,D7-p3,0.3,21,D7-p3_e30_r021,Alg2_Ru10,0.9242424242424242,,
1b,D7-p3,0.3,21,D7-p3_e30_r021,TCRlong(0.40)+rw+A2_Rs20,0.9242424242424242,,
1b,D7-p3,0.3,21,D7-p3_e30_r021,TCRlong(0.40)+rw+A2_Ru10,0.9242424242424242,,
1b,D7-p3,0.35,21,D7-p3_e35_r021,ESF12alone,0.8941798941798942,0.37333333333333335,1.8913669670000672
1b,D7-p3,0.35,21,D7-p3_e35_r021,ESF12,0.8941798941798942,,
1b,D7-p3,0.35,21,D7-p3_e35_r021,Alg2_Rs20,0.8994708994708994,,
1b,D7-p3,0.35,21,D7-p3_e35_r021,Alg2_Ru10,0.8994708994708994,,
1b,D7-p3,0.35,21,D7-p3_e35_r021,TCRlong(0.40)+rw+A2_Rs20,0.8994708994708994,,
1b,D7-p3,0.35,21,D7-p3_e35_r021,TCRlong(0.40)+rw+A2_Ru10,0.8994708994708994,,
1b,D8-K2par-sep,0.25,21,D8-K2par-sep_e25_r021,ESF12alone,1.0,0.2833333333333333,0.08867889794055372
1b,D8-K2par-sep,0.25,21,D8-K2par-sep_e25_r021,ESF12,1.0,,
1b,D8-K2par-sep,0.25,21,D8-K2par-sep_e25_r021,Alg2_Rs20,1.0,,
1b,D8-K2par-sep,0.25,21,D8-K2par-sep_e25_r021,Alg2_Ru10,1.0,,
1b,D8-K2par-sep,0.25,21,D8-K2par-sep_e25_r021,TCRlong(0.40)+rw+A2_Rs20,1.0,,
1b,D8-K2par-sep,0.25,21,D8-K2par-sep_e25_r021,TCRlong(0.40)+rw+A2_Ru10,1.0,,
1b,D8-K2par-sep,0.3,21,D8-K2par-sep_e30_r021,ESF12alone,0.9948717948717949,0.35,0.08411980594974011
1b,D8-K2par-sep,0.3,21,D8-K2par-sep_e30_r021,ESF12,0.9948717948717949,,
1b,D8-K2par-sep,0.3,21,D8-K2par-sep_e30_r021,Alg2_Rs20,0.9948717948717949,,
1b,D8-K2par-sep,0.3,21,D8-K2par-sep_e30_r021,Alg2_Ru10,0.9948717948717949,,
1b,D8-K2par-sep,0.3,21,D8-K2par-sep_e30_r021,TCRlong(0.40)+rw+A2_Rs20,0.9948717948717949,,
1b,D8-K2par-sep,0.3,21,D8-K2par-sep_e30_r021,TCRlong(0.40)+rw+A2_Ru10,0.9948717948717949,,
1b,D8-K2par-sep,0.35,21,D8-K2par-sep_e35_r021,ESF12alone,1.0,0.36,0.08560624602250755
1b,D8-K2par-sep,0.35,21,D8-K2par-sep_e35_r021,ESF12,1.0,,
1b,D8-K2par-sep,0.35,21,D8-K2par-sep_e35_r021,Alg2_Rs20,1.0,,
1b,D8-K2par-sep,0.35,21,D8-K2par-sep_e35_r021,Alg2_Ru10,1.0,,
1b,D8-K2par-sep,0.35,21,D8-K2par-sep_e35_r021,TCRlong(0.40)+rw+A2_Rs20,1.0,,
1b,D8-K2par-sep,0.35,21,D8-K2par-sep_e35_r021,TCRlong(0.40)+rw+A2_Ru10,1.0,,
1b,D1-K2cross,0.25,22,D1-K2cross_e25_r022,ESF12alone,0.8968609865470852,0.25666666666666665,0.07861463504377753
1b,D1-K2cross,0.25,22,D1-K2cross_e25_r022,ESF12,0.8968609865470852,,
1b,D1-K2cross,0.25,22,D1-K2cross_e25_r022,Alg2_Rs20,0.8968609865470852,,
1b,D1-K2cross,0.25,22,D1-K2cross_e25_r022,Alg2_Ru10,0.8968609865470852,,
1b,D1-K2cross,0.25,22,D1-K2cross_e25_r022,TCRlong(0.40)+rw+A2_Rs20,0.8968609865470852,,
1b,D1-K2cross,0.25,22,D1-K2cross_e25_r022,TCRlong(0.40)+rw+A2_Ru10,0.8968609865470852,,
1b,D1-K2cross,0.3,22,D1-K2cross_e30_r022,ESF12alone,0.9234449760765551,0.30333333333333334,0.08097203390207142
1b,D1-K2cross,0.3,22,D1-K2cross_e30_r022,ESF12,0.9234449760765551,,
1b,D1-K2cross,0.3,22,D1-K2cross_e30_r022,Alg2_Rs20,0.9234449760765551,,
1b,D1-K2cross,0.3,22,D1-K2cross_e30_r022,Alg2_Ru10,0.9234449760765551,,
1b,D1-K2cross,0.3,22,D1-K2cross_e30_r022,TCRlong(0.40)+rw+A2_Rs20,0.9186602870813397,,
1b,D1-K2cross,0.3,22,D1-K2cross_e30_r022,TCRlong(0.40)+rw+A2_Ru10,0.9186602870813397,,
1b,D1-K2cross,0.35,22,D1-K2cross_e35_r022,ESF12alone,0.9072164948453608,0.35333333333333333,0.0795258010039106
1b,D1-K2cross,0.35,22,D1-K2cross_e35_r022,ESF12,0.9072164948453608,,
1b,D1-K2cross,0.35,22,D1-K2cross_e35_r022,Alg2_Rs20,0.9072164948453608,,
1b,D1-K2cross,0.35,22,D1-K2cross_e35_r022,Alg2_Ru10,0.9072164948453608,,
1b,D1-K2cross,0.35,22,D1-K2cross_e35_r022,TCRlong(0.40)+rw+A2_Rs20,0.9072164948453608,,
1b,D1-K2cross,0.35,22,D1-K2cross_e35_r022,TCRlong(0.40)+rw+A2_Ru10,0.9072164948453608,,
1b,D2-K3par,0.25,22,D2-K3par_e25_r022,ESF12alone,0.8810572687224669,0.24333333333333335,0.311687228968367
1b,D2-K3par,0.25,22,D2-K3par_e25_r022,ESF12,0.8810572687224669,,
1b,D2-K3par,0.25,22,D2-K3par_e25_r022,Alg2_Rs20,0.8898678414096917,,
1b,D2-K3par,0.25,22,D2-K3par_e25_r022,Alg2_Ru10,0.8898678414096917,,
1b,D2-K3par,0.25,22,D2-K3par_e25_r022,TCRlong(0.40)+rw+A2_Rs20,0.8854625550660793,,
1b,D2-K3par,0.25,22,D2-K3par_e25_r022,TCRlong(0.40)+rw+A2_Ru10,0.8854625550660793,,
1b,D2-K3par,0.3,22,D2-K3par_e30_r022,ESF12alone,0.6728971962616822,0.13333333333333333,0.43472754501271993
1b,D2-K3par,0.3,22,D2-K3par_e30_r022,ESF12,0.6728971962616822,,
1b,D2-K3par,0.3,22,D2-K3par_e30_r022,Alg2_Rs20,0.8925233644859814,,
1b,D2-K3par,0.3,22,D2-K3par_e30_r022,Alg2_Ru10,0.8925233644859814,,
1b,D2-K3par,0.3,22,D2-K3par_e30_r022,TCRlong(0.40)+rw+A2_Rs20,0.8598130841121495,,
1b,D2-K3par,0.3,22,D2-K3par_e30_r022,TCRlong(0.40)+rw+A2_Ru10,0.8598130841121495,,
1b,D2-K3par,0.35,22,D2-K3par_e35_r022,ESF12alone,0.711340206185567,0.16333333333333333,0.37063904700335115
1b,D2-K3par,0.35,22,D2-K3par_e35_r022,ESF12,0.711340206185567,,
1b,D2-K3par,0.35,22,D2-K3par_e35_r022,Alg2_Rs20,0.711340206185567,,
1b,D2-K3par,0.35,22,D2-K3par_e35_r022,Alg2_Ru10,0.711340206185567,,
1b,D2-K3par,0.35,22,D2-K3par_e35_r022,TCRlong(0.40)+rw+A2_Rs20,0.7010309278350515,,
1b,D2-K3par,0.35,22,D2-K3par_e35_r022,TCRlong(0.40)+rw+A2_Ru10,0.7010309278350515,,
1b,D3-unequal,0.25,22,D3-unequal_e25_r022,ESF12alone,0.90625,0.25333333333333335,0.08641325403004885
1b,D3-unequal,0.25,22,D3-unequal_e25_r022,ESF12,0.90625,,
1b,D3-unequal,0.25,22,D3-unequal_e25_r022,Alg2_Rs20,0.9107142857142857,,
1b,D3-unequal,0.25,22,D3-unequal_e25_r022,Alg2_Ru10,0.9107142857142857,,
1b,D3-unequal,0.25,22,D3-unequal_e25_r022,TCRlong(0.40)+rw+A2_Rs20,0.8973214285714286,,
1b,D3-unequal,0.25,22,D3-unequal_e25_r022,TCRlong(0.40)+rw+A2_Ru10,0.8973214285714286,,
1b,D3-unequal,0.3,22,D3-unequal_e30_r022,ESF12alone,0.9030837004405287,0.24333333333333335,0.08109737699851394
1b,D3-unequal,0.3,22,D3-unequal_e30_r022,ESF12,0.9030837004405287,,
1b,D3-unequal,0.3,22,D3-unequal_e30_r022,Alg2_Rs20,0.9030837004405287,,
1b,D3-unequal,0.3,22,D3-unequal_e30_r022,Alg2_Ru10,0.9030837004405287,,
1b,D3-unequal,0.3,22,D3-unequal_e30_r022,TCRlong(0.40)+rw+A2_Rs20,0.9030837004405287,,
1b,D3-unequal,0.3,22,D3-unequal_e30_r022,TCRlong(0.40)+rw+A2_Ru10,0.9030837004405287,,
1b,D3-unequal,0.35,22,D3-unequal_e35_r022,ESF12alone,0.6616161616161617,0.22333333333333333,0.08991511992644519
1b,D3-unequal,0.35,22,D3-unequal_e35_r022,ESF12,0.6616161616161617,,
1b,D3-unequal,0.35,22,D3-unequal_e35_r022,Alg2_Rs20,0.9494949494949495,,
1b,D3-unequal,0.35,22,D3-unequal_e35_r022,Alg2_Ru10,0.9494949494949495,,
1b,D3-unequal,0.35,22,D3-unequal_e35_r022,TCRlong(0.40)+rw+A2_Rs20,0.9494949494949495,,
1b,D3-unequal,0.35,22,D3-unequal_e35_r022,TCRlong(0.40)+rw+A2_Ru10,0.9494949494949495,,
1b,D4-hetero,0.25,22,D4-hetero_e25_r022,ESF12alone,0.8728070175438597,0.24666666666666667,0.08762592705897987
1b,D4-hetero,0.25,22,D4-hetero_e25_r022,ESF12,0.8728070175438597,,
1b,D4-hetero,0.25,22,D4-hetero_e25_r022,Alg2_Rs20,0.8728070175438597,,
1b,D4-hetero,0.25,22,D4-hetero_e25_r022,Alg2_Ru10,0.8728070175438597,,
1b,D4-hetero,0.25,22,D4-hetero_e25_r022,TCRlong(0.40)+rw+A2_Rs20,0.8728070175438597,,
1b,D4-hetero,0.25,22,D4-hetero_e25_r022,TCRlong(0.40)+rw+A2_Ru10,0.8728070175438597,,
1b,D4-hetero,0.3,22,D4-hetero_e30_r022,ESF12alone,0.9227272727272727,0.26666666666666666,0.08070906205102801
1b,D4-hetero,0.3,22,D4-hetero_e30_r022,ESF12,0.9227272727272727,,
1b,D4-hetero,0.3,22,D4-hetero_e30_r022,Alg2_Rs20,0.9227272727272727,,
1b,D4-hetero,0.3,22,D4-hetero_e30_r022,Alg2_Ru10,0.9227272727272727,,
1b,D4-hetero,0.3,22,D4-hetero_e30_r022,TCRlong(0.40)+rw+A2_Rs20,0.9227272727272727,,
1b,D4-hetero,0.3,22,D4-hetero_e30_r022,TCRlong(0.40)+rw+A2_Ru10,0.9227272727272727,,
1b,D4-hetero,0.35,22,D4-hetero_e35_r022,ESF12alone,0.5440414507772021,0.14333333333333334,0.08455019793473184
1b,D4-hetero,0.35,22,D4-hetero_e35_r022,ESF12,0.5440414507772021,,
1b,D4-hetero,0.35,22,D4-hetero_e35_r022,Alg2_Rs20,0.9015544041450777,,
1b,D4-hetero,0.35,22,D4-hetero_e35_r022,Alg2_Ru10,0.9015544041450777,,
1b,D4-hetero,0.35,22,D4-hetero_e35_r022,TCRlong(0.40)+rw+A2_Rs20,0.9015544041450777,,
1b,D4-hetero,0.35,22,D4-hetero_e35_r022,TCRlong(0.40)+rw+A2_Ru10,0.9015544041450777,,
1b,D5-leverage,0.25,22,D5-leverage_e25_r022,ESF12alone,0.8464912280701754,0.24,0.0794660480460152
1b,D5-leverage,0.25,22,D5-leverage_e25_r022,ESF12,0.8464912280701754,,
1b,D5-leverage,0.25,22,D5-leverage_e25_r022,Alg2_Rs20,0.8464912280701754,,
1b,D5-leverage,0.25,22,D5-leverage_e25_r022,Alg2_Ru10,0.8464912280701754,,
1b,D5-leverage,0.25,22,D5-leverage_e25_r022,TCRlong(0.40)+rw+A2_Rs20,0.8464912280701754,,
1b,D5-leverage,0.25,22,D5-leverage_e25_r022,TCRlong(0.40)+rw+A2_Ru10,0.8464912280701754,,
1b,D5-leverage,0.3,22,D5-leverage_e30_r022,ESF12alone,0.5049019607843137,0.006666666666666667,0.08181011606939137
1b,D5-leverage,0.3,22,D5-leverage_e30_r022,ESF12,0.5049019607843137,,
1b,D5-leverage,0.3,22,D5-leverage_e30_r022,Alg2_Rs20,0.5098039215686274,,
1b,D5-leverage,0.3,22,D5-leverage_e30_r022,Alg2_Ru10,0.5098039215686274,,
1b,D5-leverage,0.3,22,D5-leverage_e30_r022,TCRlong(0.40)+rw+A2_Rs20,0.5049019607843137,,
1b,D5-leverage,0.3,22,D5-leverage_e30_r022,TCRlong(0.40)+rw+A2_Ru10,0.5049019607843137,,
1b,D5-leverage,0.35,22,D5-leverage_e35_r022,ESF12alone,0.546875,0.006666666666666667,0.08189511799719185
1b,D5-leverage,0.35,22,D5-leverage_e35_r022,ESF12,0.546875,,
1b,D5-leverage,0.35,22,D5-leverage_e35_r022,Alg2_Rs20,0.546875,,
1b,D5-leverage,0.35,22,D5-leverage_e35_r022,Alg2_Ru10,0.546875,,
1b,D5-leverage,0.35,22,D5-leverage_e35_r022,TCRlong(0.40)+rw+A2_Rs20,0.515625,,
1b,D5-leverage,0.35,22,D5-leverage_e35_r022,TCRlong(0.40)+rw+A2_Ru10,0.515625,,
1b,D6-uniform,0.25,22,D6-uniform_e25_r022,ESF12alone,0.8874458874458875,0.18666666666666668,0.08078890899196267
1b,D6-uniform,0.25,22,D6-uniform_e25_r022,ESF12,0.8874458874458875,,
1b,D6-uniform,0.25,22,D6-uniform_e25_r022,Alg2_Rs20,0.8917748917748918,,
1b,D6-uniform,0.25,22,D6-uniform_e25_r022,Alg2_Ru10,0.8917748917748918,,
1b,D6-uniform,0.25,22,D6-uniform_e25_r022,TCRlong(0.40)+rw+A2_Rs20,0.8874458874458875,,
1b,D6-uniform,0.25,22,D6-uniform_e25_r022,TCRlong(0.40)+rw+A2_Ru10,0.8874458874458875,,
1b,D6-uniform,0.3,22,D6-uniform_e30_r022,ESF12alone,0.5440414507772021,0.0,0.08268191397655755
1b,D6-uniform,0.3,22,D6-uniform_e30_r022,ESF12,0.5440414507772021,,
1b,D6-uniform,0.3,22,D6-uniform_e30_r022,Alg2_Rs20,0.5440414507772021,,
1b,D6-uniform,0.3,22,D6-uniform_e30_r022,Alg2_Ru10,0.5440414507772021,,
1b,D6-uniform,0.3,22,D6-uniform_e30_r022,TCRlong(0.40)+rw+A2_Rs20,0.5492227979274611,,
1b,D6-uniform,0.3,22,D6-uniform_e30_r022,TCRlong(0.40)+rw+A2_Ru10,0.5492227979274611,,
1b,D6-uniform,0.35,22,D6-uniform_e35_r022,ESF12alone,0.5124378109452736,0.0,0.08238556701689959
1b,D6-uniform,0.35,22,D6-uniform_e35_r022,ESF12,0.5124378109452736,,
1b,D6-uniform,0.35,22,D6-uniform_e35_r022,Alg2_Rs20,0.5124378109452736,,
1b,D6-uniform,0.35,22,D6-uniform_e35_r022,Alg2_Ru10,0.5124378109452736,,
1b,D6-uniform,0.35,22,D6-uniform_e35_r022,TCRlong(0.40)+rw+A2_Rs20,0.9353233830845771,,
1b,D6-uniform,0.35,22,D6-uniform_e35_r022,TCRlong(0.40)+rw+A2_Ru10,0.9353233830845771,,
1b,D7-p3,0.25,22,D7-p3_e25_r022,ESF12alone,0.9118942731277533,0.24333333333333335,2.093583617010154
1b,D7-p3,0.25,22,D7-p3_e25_r022,ESF12,0.9118942731277533,,
1b,D7-p3,0.25,22,D7-p3_e25_r022,Alg2_Rs20,0.9162995594713657,,
1b,D7-p3,0.25,22,D7-p3_e25_r022,Alg2_Ru10,0.9162995594713657,,
1b,D7-p3,0.25,22,D7-p3_e25_r022,TCRlong(0.40)+rw+A2_Rs20,0.9118942731277533,,
1b,D7-p3,0.25,22,D7-p3_e25_r022,TCRlong(0.40)+rw+A2_Ru10,0.9118942731277533,,
1b,D7-p3,0.3,22,D7-p3_e30_r022,ESF12alone,0.9245283018867925,0.30666666666666664,2.3901013230206445
1b,D7-p3,0.3,22,D7-p3_e30_r022,ESF12,0.9245283018867925,,
1b,D7-p3,0.3,22,D7-p3_e30_r022,Alg2_Rs20,0.9245283018867925,,
1b,D7-p3,0.3,22,D7-p3_e30_r022,Alg2_Ru10,0.9245283018867925,,
1b,D7-p3,0.3,22,D7-p3_e30_r022,TCRlong(0.40)+rw+A2_Rs20,0.9245283018867925,,
1b,D7-p3,0.3,22,D7-p3_e30_r022,TCRlong(0.40)+rw+A2_Ru10,0.9245283018867925,,
1b,D7-p3,0.35,22,D7-p3_e35_r022,ESF12alone,0.8969072164948454,0.35333333333333333,1.9496747779194266
1b,D7-p3,0.35,22,D7-p3_e35_r022,ESF12,0.8969072164948454,,
1b,D7-p3,0.35,22,D7-p3_e35_r022,Alg2_Rs20,0.8917525773195877,,
1b,D7-p3,0.35,22,D7-p3_e35_r022,Alg2_Ru10,0.8917525773195877,,
1b,D7-p3,0.35,22,D7-p3_e35_r022,TCRlong(0.40)+rw+A2_Rs20,0.8969072164948454,,
1b,D7-p3,0.35,22,D7-p3_e35_r022,TCRlong(0.40)+rw+A2_Ru10,0.8969072164948454,,
1b,D8-K2par-sep,0.25,22,D8-K2par-sep_e25_r022,ESF12alone,1.0,0.26,0.10063228802755475
1b,D8-K2par-sep,0.25,22,D8-K2par-sep_e25_r022,ESF12,1.0,,
1b,D8-K2par-sep,0.25,22,D8-K2par-sep_e25_r022,Alg2_Rs20,1.0,,
1b,D8-K2par-sep,0.25,22,D8-K2par-sep_e25_r022,Alg2_Ru10,1.0,,
1b,D8-K2par-sep,0.25,22,D8-K2par-sep_e25_r022,TCRlong(0.40)+rw+A2_Rs20,1.0,,
1b,D8-K2par-sep,0.25,22,D8-K2par-sep_e25_r022,TCRlong(0.40)+rw+A2_Ru10,1.0,,
1b,D8-K2par-sep,0.3,22,D8-K2par-sep_e30_r022,ESF12alone,1.0,0.3566666666666667,0.07837355905212462
1b,D8-K2par-sep,0.3,22,D8-K2par-sep_e30_r022,ESF12,1.0,,
1b,D8-K2par-sep,0.3,22,D8-K2par-sep_e30_r022,Alg2_Rs20,1.0,,
1b,D8-K2par-sep,0.3,22,D8-K2par-sep_e30_r022,Alg2_Ru10,1.0,,
1b,D8-K2par-sep,0.3,22,D8-K2par-sep_e30_r022,TCRlong(0.40)+rw+A2_Rs20,1.0,,
1b,D8-K2par-sep,0.3,22,D8-K2par-sep_e30_r022,TCRlong(0.40)+rw+A2_Ru10,1.0,,
1b,D8-K2par-sep,0.35,22,D8-K2par-sep_e35_r022,ESF12alone,1.0,0.37,0.0850243279710412
1b,D8-K2par-sep,0.35,22,D8-K2par-sep_e35_r022,ESF12,1.0,,
1b,D8-K2par-sep,0.35,22,D8-K2par-sep_e35_r022,Alg2_Rs20,1.0,,
1b,D8-K2par-sep,0.35,22,D8-K2par-sep_e35_r022,Alg2_Ru10,1.0,,
1b,D8-K2par-sep,0.35,22,D8-K2par-sep_e35_r022,TCRlong(0.40)+rw+A2_Rs20,1.0,,
1b,D8-K2par-sep,0.35,22,D8-K2par-sep_e35_r022,TCRlong(0.40)+rw+A2_Ru10,1.0,,
1b,D1-K2cross,0.25,23,D1-K2cross_e25_r023,ESF12alone,0.9094827586206896,0.22666666666666666,0.07917463697958738
1b,D1-K2cross,0.25,23,D1-K2cross_e25_r023,ESF12,0.9094827586206896,,
1b,D1-K2cross,0.25,23,D1-K2cross_e25_r023,Alg2_Rs20,0.9094827586206896,,
1b,D1-K2cross,0.25,23,D1-K2cross_e25_r023,Alg2_Ru10,0.9094827586206896,,
1b,D1-K2cross,0.25,23,D1-K2cross_e25_r023,TCRlong(0.40)+rw+A2_Rs20,0.9094827586206896,,
1b,D1-K2cross,0.25,23,D1-K2cross_e25_r023,TCRlong(0.40)+rw+A2_Ru10,0.9094827586206896,,
1b,D1-K2cross,0.3,23,D1-K2cross_e30_r023,ESF12alone,0.9004524886877828,0.2633333333333333,0.0816950659500435
1b,D1-K2cross,0.3,23,D1-K2cross_e30_r023,ESF12,0.9004524886877828,,
1b,D1-K2cross,0.3,23,D1-K2cross_e30_r023,Alg2_Rs20,0.9004524886877828,,
1b,D1-K2cross,0.3,23,D1-K2cross_e30_r023,Alg2_Ru10,0.9004524886877828,,
1b,D1-K2cross,0.3,23,D1-K2cross_e30_r023,TCRlong(0.40)+rw+A2_Rs20,0.9004524886877828,,
1b,D1-K2cross,0.3,23,D1-K2cross_e30_r023,TCRlong(0.40)+rw+A2_Ru10,0.9004524886877828,,
1b,D1-K2cross,0.35,23,D1-K2cross_e35_r023,ESF12alone,0.8622448979591837,0.3466666666666667,0.07971929397899657
1b,D1-K2cross,0.35,23,D1-K2cross_e35_r023,ESF12,0.8622448979591837,,
1b,D1-K2cross,0.35,23,D1-K2cross_e35_r023,Alg2_Rs20,0.8622448979591837,,
1b,D1-K2cross,0.35,23,D1-K2cross_e35_r023,Alg2_Ru10,0.8622448979591837,,
1b,D1-K2cross,0.35,23,D1-K2cross_e35_r023,TCRlong(0.40)+rw+A2_Rs20,0.8622448979591837,,
1b,D1-K2cross,0.35,23,D1-K2cross_e35_r023,TCRlong(0.40)+rw+A2_Ru10,0.8622448979591837,,
1b,D2-K3par,0.25,23,D2-K3par_e25_r023,ESF12alone,0.9063829787234042,0.21666666666666667,0.30484477698337287
1b,D2-K3par,0.25,23,D2-K3par_e25_r023,ESF12,0.9063829787234042,,
1b,D2-K3par,0.25,23,D2-K3par_e25_r023,Alg2_Rs20,0.9063829787234042,,
1b,D2-K3par,0.25,23,D2-K3par_e25_r023,Alg2_Ru10,0.9063829787234042,,
1b,D2-K3par,0.25,23,D2-K3par_e25_r023,TCRlong(0.40)+rw+A2_Rs20,0.8936170212765957,,
1b,D2-K3par,0.25,23,D2-K3par_e25_r023,TCRlong(0.40)+rw+A2_Ru10,0.8936170212765957,,
1b,D2-K3par,0.3,23,D2-K3par_e30_r023,ESF12alone,0.8805970149253731,0.33,0.29729371098801494
1b,D2-K3par,0.3,23,D2-K3par_e30_r023,ESF12,0.8805970149253731,,
1b,D2-K3par,0.3,23,D2-K3par_e30_r023,Alg2_Rs20,0.4129353233830846,,
1b,D2-K3par,0.3,23,D2-K3par_e30_r023,Alg2_Ru10,0.4129353233830846,,
1b,D2-K3par,0.3,23,D2-K3par_e30_r023,TCRlong(0.40)+rw+A2_Rs20,0.8855721393034826,,
1b,D2-K3par,0.3,23,D2-K3par_e30_r023,TCRlong(0.40)+rw+A2_Ru10,0.8855721393034826,,
1b,D2-K3par,0.35,23,D2-K3par_e35_r023,ESF12alone,0.6868686868686869,0.16666666666666666,0.37935195001773536
1b,D2-K3par,0.35,23,D2-K3par_e35_r023,ESF12,0.6868686868686869,,
1b,D2-K3par,0.35,23,D2-K3par_e35_r023,Alg2_Rs20,0.6868686868686869,,
1b,D2-K3par,0.35,23,D2-K3par_e35_r023,Alg2_Ru10,0.6868686868686869,,
1b,D2-K3par,0.35,23,D2-K3par_e35_r023,TCRlong(0.40)+rw+A2_Rs20,0.8585858585858586,,
1b,D2-K3par,0.35,23,D2-K3par_e35_r023,TCRlong(0.40)+rw+A2_Ru10,0.8585858585858586,,
1b,D3-unequal,0.25,23,D3-unequal_e25_r023,ESF12alone,0.8995633187772926,0.23666666666666666,0.08010163391008973
1b,D3-unequal,0.25,23,D3-unequal_e25_r023,ESF12,0.8995633187772926,,
1b,D3-unequal,0.25,23,D3-unequal_e25_r023,Alg2_Rs20,0.8995633187772926,,
1b,D3-unequal,0.25,23,D3-unequal_e25_r023,Alg2_Ru10,0.8995633187772926,,
1b,D3-unequal,0.25,23,D3-unequal_e25_r023,TCRlong(0.40)+rw+A2_Rs20,0.8995633187772926,,
1b,D3-unequal,0.25,23,D3-unequal_e25_r023,TCRlong(0.40)+rw+A2_Ru10,0.8995633187772926,,
1b,D3-unequal,0.3,23,D3-unequal_e30_r023,ESF12alone,0.8812785388127854,0.27,0.0827780649997294
1b,D3-unequal,0.3,23,D3-unequal_e30_r023,ESF12,0.8812785388127854,,
1b,D3-unequal,0.3,23,D3-unequal_e30_r023,Alg2_Rs20,0.8812785388127854,,
1b,D3-unequal,0.3,23,D3-unequal_e30_r023,Alg2_Ru10,0.8812785388127854,,
1b,D3-unequal,0.3,23,D3-unequal_e30_r023,TCRlong(0.40)+rw+A2_Rs20,0.8767123287671232,,
1b,D3-unequal,0.3,23,D3-unequal_e30_r023,TCRlong(0.40)+rw+A2_Ru10,0.8767123287671232,,
1b,D3-unequal,0.35,23,D3-unequal_e35_r023,ESF12alone,0.8969072164948454,0.35333333333333333,0.08553426002617925
1b,D3-unequal,0.35,23,D3-unequal_e35_r023,ESF12,0.8969072164948454,,
1b,D3-unequal,0.35,23,D3-unequal_e35_r023,Alg2_Rs20,0.8969072164948454,,
1b,D3-unequal,0.35,23,D3-unequal_e35_r023,Alg2_Ru10,0.8969072164948454,,
1b,D3-unequal,0.35,23,D3-unequal_e35_r023,TCRlong(0.40)+rw+A2_Rs20,0.8969072164948454,,
1b,D3-unequal,0.35,23,D3-unequal_e35_r023,TCRlong(0.40)+rw+A2_Ru10,0.8969072164948454,,
1b,D4-hetero,0.25,23,D4-hetero_e25_r023,ESF12alone,0.9111111111111111,0.25333333333333335,0.10005071095656604
1b,D4-hetero,0.25,23,D4-hetero_e25_r023,ESF12,0.9111111111111111,,
1b,D4-hetero,0.25,23,D4-hetero_e25_r023,Alg2_Rs20,0.9111111111111111,,
1b,D4-hetero,0.25,23,D4-hetero_e25_r023,Alg2_Ru10,0.9111111111111111,,
1b,D4-hetero,0.25,23,D4-hetero_e25_r023,TCRlong(0.40)+rw+A2_Rs20,0.9066666666666666,,
1b,D4-hetero,0.25,23,D4-hetero_e25_r023,TCRlong(0.40)+rw+A2_Ru10,0.9066666666666666,,
1b,D4-hetero,0.3,23,D4-hetero_e30_r023,ESF12alone,0.8899082568807339,0.27666666666666667,0.07399919396266341
1b,D4-hetero,0.3,23,D4-hetero_e30_r023,ESF12,0.8899082568807339,,
1b,D4-hetero,0.3,23,D4-hetero_e30_r023,Alg2_Rs20,0.8899082568807339,,
1b,D4-hetero,0.3,23,D4-hetero_e30_r023,Alg2_Ru10,0.8899082568807339,,
1b,D4-hetero,0.3,23,D4-hetero_e30_r023,TCRlong(0.40)+rw+A2_Rs20,0.8899082568807339,,
1b,D4-hetero,0.3,23,D4-hetero_e30_r023,TCRlong(0.40)+rw+A2_Ru10,0.8899082568807339,,
1b,D4-hetero,0.35,23,D4-hetero_e35_r023,ESF12alone,0.8969072164948454,0.3566666666666667,0.07659324794076383
1b,D4-hetero,0.35,23,D4-hetero_e35_r023,ESF12,0.8969072164948454,,
1b,D4-hetero,0.35,23,D4-hetero_e35_r023,Alg2_Rs20,0.8969072164948454,,
1b,D4-hetero,0.35,23,D4-hetero_e35_r023,Alg2_Ru10,0.8969072164948454,,
1b,D4-hetero,0.35,23,D4-hetero_e35_r023,TCRlong(0.40)+rw+A2_Rs20,0.8969072164948454,,
1b,D4-hetero,0.35,23,D4-hetero_e35_r023,TCRlong(0.40)+rw+A2_Ru10,0.8969072164948454,,
1b,D5-leverage,0.25,23,D5-leverage_e25_r023,ESF12alone,0.5159817351598174,0.09,0.0718467349652201
1b,D5-leverage,0.25,23,D5-leverage_e25_r023,ESF12,0.5159817351598174,,
1b,D5-leverage,0.25,23,D5-leverage_e25_r023,Alg2_Rs20,0.863013698630137,,
1b,D5-leverage,0.25,23,D5-leverage_e25_r023,Alg2_Ru10,0.863013698630137,,
1b,D5-leverage,0.25,23,D5-leverage_e25_r023,TCRlong(0.40)+rw+A2_Rs20,0.5114155251141552,,
1b,D5-leverage,0.25,23,D5-leverage_e25_r023,TCRlong(0.40)+rw+A2_Ru10,0.5114155251141552,,
1b,D5-leverage,0.3,23,D5-leverage_e30_r023,ESF12alone,0.5073891625615764,0.0,0.06869759294204414
1b,D5-leverage,0.3,23,D5-leverage_e30_r023,ESF12,0.5073891625615764,,
1b,D5-leverage,0.3,23,D5-leverage_e30_r023,Alg2_Rs20,0.5024630541871922,,
1b,D5-leverage,0.3,23,D5-leverage_e30_r023,Alg2_Ru10,0.5024630541871922,,
1b,D5-leverage,0.3,23,D5-leverage_e30_r023,TCRlong(0.40)+rw+A2_Rs20,0.5024630541871922,,
1b,D5-leverage,0.3,23,D5-leverage_e30_r023,TCRlong(0.40)+rw+A2_Ru10,0.5024630541871922,,
1b,D5-leverage,0.35,23,D5-leverage_e35_r023,ESF12alone,0.5243243243243243,0.023333333333333334,0.07484103494789451
1b,D5-leverage,0.35,23,D5-leverage_e35_r023,ESF12,0.5243243243243243,,
1b,D5-leverage,0.35,23,D5-leverage_e35_r023,Alg2_Rs20,0.5027027027027027,,
1b,D5-leverage,0.35,23,D5-leverage_e35_r023,Alg2_Ru10,0.5027027027027027,,
1b,D5-leverage,0.35,23,D5-leverage_e35_r023,TCRlong(0.40)+rw+A2_Rs20,0.5297297297297298,,
1b,D5-leverage,0.35,23,D5-leverage_e35_r023,TCRlong(0.40)+rw+A2_Ru10,0.5297297297297298,,
1b,D6-uniform,0.25,23,D6-uniform_e25_r023,ESF12alone,0.9117647058823529,0.19333333333333333,0.07695611903909594
1b,D6-uniform,0.25,23,D6-uniform_e25_r023,ESF12,0.9117647058823529,,
1b,D6-uniform,0.25,23,D6-uniform_e25_r023,Alg2_Rs20,0.9117647058823529,,
1b,D6-uniform,0.25,23,D6-uniform_e25_r023,Alg2_Ru10,0.9117647058823529,,
1b,D6-uniform,0.25,23,D6-uniform_e25_r023,TCRlong(0.40)+rw+A2_Rs20,0.9117647058823529,,
1b,D6-uniform,0.25,23,D6-uniform_e25_r023,TCRlong(0.40)+rw+A2_Ru10,0.9117647058823529,,
1b,D6-uniform,0.3,23,D6-uniform_e30_r023,ESF12alone,0.545045045045045,0.0,0.08077063004020602
1b,D6-uniform,0.3,23,D6-uniform_e30_r023,ESF12,0.545045045045045,,
1b,D6-uniform,0.3,23,D6-uniform_e30_r023,Alg2_Rs20,0.918918918918919,,
1b,D6-uniform,0.3,23,D6-uniform_e30_r023,Alg2_Ru10,0.918918918918919,,
1b,D6-uniform,0.3,23,D6-uniform_e30_r023,TCRlong(0.40)+rw+A2_Rs20,0.9369369369369369,,
1b,D6-uniform,0.3,23,D6-uniform_e30_r023,TCRlong(0.40)+rw+A2_Ru10,0.9369369369369369,,
1b,D6-uniform,0.35,23,D6-uniform_e35_r023,ESF12alone,0.51,0.0,0.08469498192425817
1b,D6-uniform,0.35,23,D6-uniform_e35_r023,ESF12,0.51,,
1b,D6-uniform,0.35,23,D6-uniform_e35_r023,Alg2_Rs20,0.51,,
1b,D6-uniform,0.35,23,D6-uniform_e35_r023,Alg2_Ru10,0.51,,
1b,D6-uniform,0.35,23,D6-uniform_e35_r023,TCRlong(0.40)+rw+A2_Rs20,0.545,,
1b,D6-uniform,0.35,23,D6-uniform_e35_r023,TCRlong(0.40)+rw+A2_Ru10,0.545,,
1b,D7-p3,0.25,23,D7-p3_e25_r023,ESF12alone,0.8914027149321267,0.26666666666666666,1.8224952119635418
1b,D7-p3,0.25,23,D7-p3_e25_r023,ESF12,0.8914027149321267,,
1b,D7-p3,0.25,23,D7-p3_e25_r023,Alg2_Rs20,0.8959276018099548,,
1b,D7-p3,0.25,23,D7-p3_e25_r023,Alg2_Ru10,0.8959276018099548,,
1b,D7-p3,0.25,23,D7-p3_e25_r023,TCRlong(0.40)+rw+A2_Rs20,0.8959276018099548,,
1b,D7-p3,0.25,23,D7-p3_e25_r023,TCRlong(0.40)+rw+A2_Ru10,0.8959276018099548,,
1b,D7-p3,0.3,23,D7-p3_e30_r023,ESF12alone,0.933649289099526,0.3,1.8624163289787248
1b,D7-p3,0.3,23,D7-p3_e30_r023,ESF12,0.933649289099526,,
1b,D7-p3,0.3,23,D7-p3_e30_r023,Alg2_Rs20,0.933649289099526,,
1b,D7-p3,0.3,23,D7-p3_e30_r023,Alg2_Ru10,0.933649289099526,,
1b,D7-p3,0.3,23,D7-p3_e30_r023,TCRlong(0.40)+rw+A2_Rs20,0.933649289099526,,
1b,D7-p3,0.3,23,D7-p3_e30_r023,TCRlong(0.40)+rw+A2_Ru10,0.933649289099526,,
1b,D7-p3,0.35,23,D7-p3_e35_r023,ESF12alone,0.885,0.35,1.9431302750017494
1b,D7-p3,0.35,23,D7-p3_e35_r023,ESF12,0.885,,
1b,D7-p3,0.35,23,D7-p3_e35_r023,Alg2_Rs20,0.885,,
1b,D7-p3,0.35,23,D7-p3_e35_r023,Alg2_Ru10,0.885,,
1b,D7-p3,0.35,23,D7-p3_e35_r023,TCRlong(0.40)+rw+A2_Rs20,0.885,,
1b,D7-p3,0.35,23,D7-p3_e35_r023,TCRlong(0.40)+rw+A2_Ru10,0.885,,
1b,D8-K2par-sep,0.25,23,D8-K2par-sep_e25_r023,ESF12alone,1.0,0.27666666666666667,0.08517797593958676
1b,D8-K2par-sep,0.25,23,D8-K2par-sep_e25_r023,ESF12,1.0,,
1b,D8-K2par-sep,0.25,23,D8-K2par-sep_e25_r023,Alg2_Rs20,1.0,,
1b,D8-K2par-sep,0.25,23,D8-K2par-sep_e25_r023,Alg2_Ru10,1.0,,
1b,D8-K2par-sep,0.25,23,D8-K2par-sep_e25_r023,TCRlong(0.40)+rw+A2_Rs20,1.0,,
1b,D8-K2par-sep,0.25,23,D8-K2par-sep_e25_r023,TCRlong(0.40)+rw+A2_Ru10,1.0,,
1b,D8-K2par-sep,0.3,23,D8-K2par-sep_e30_r023,ESF12alone,1.0,0.2833333333333333,0.07447595696430653
1b,D8-K2par-sep,0.3,23,D8-K2par-sep_e30_r023,ESF12,1.0,,
1b,D8-K2par-sep,0.3,23,D8-K2par-sep_e30_r023,Alg2_Rs20,1.0,,
1b,D8-K2par-sep,0.3,23,D8-K2par-sep_e30_r023,Alg2_Ru10,1.0,,
1b,D8-K2par-sep,0.3,23,D8-K2par-sep_e30_r023,TCRlong(0.40)+rw+A2_Rs20,1.0,,
1b,D8-K2par-sep,0.3,23,D8-K2par-sep_e30_r023,TCRlong(0.40)+rw+A2_Ru10,1.0,,
1b,D8-K2par-sep,0.35,23,D8-K2par-sep_e35_r023,ESF12alone,0.9946524064171123,0.37666666666666665,0.0760292069753632
1b,D8-K2par-sep,0.35,23,D8-K2par-sep_e35_r023,ESF12,0.9946524064171123,,
1b,D8-K2par-sep,0.35,23,D8-K2par-sep_e35_r023,Alg2_Rs20,0.9946524064171123,,
1b,D8-K2par-sep,0.35,23,D8-K2par-sep_e35_r023,Alg2_Ru10,0.9946524064171123,,
1b,D8-K2par-sep,0.35,23,D8-K2par-sep_e35_r023,TCRlong(0.40)+rw+A2_Rs20,0.9946524064171123,,
1b,D8-K2par-sep,0.35,23,D8-K2par-sep_e35_r023,TCRlong(0.40)+rw+A2_Ru10,0.9946524064171123,,
1b,D1-K2cross,0.25,24,D1-K2cross_e25_r024,ESF12alone,0.9163179916317992,0.20666666666666667,0.07740670698694885
1b,D1-K2cross,0.25,24,D1-K2cross_e25_r024,ESF12,0.9163179916317992,,
1b,D1-K2cross,0.25,24,D1-K2cross_e25_r024,Alg2_Rs20,0.9163179916317992,,
1b,D1-K2cross,0.25,24,D1-K2cross_e25_r024,Alg2_Ru10,0.9163179916317992,,
1b,D1-K2cross,0.25,24,D1-K2cross_e25_r024,TCRlong(0.40)+rw+A2_Rs20,0.9121338912133892,,
1b,D1-K2cross,0.25,24,D1-K2cross_e25_r024,TCRlong(0.40)+rw+A2_Ru10,0.9121338912133892,,
1b,D1-K2cross,0.3,24,D1-K2cross_e30_r024,ESF12alone,0.8904109589041096,0.27,0.06802377698477358
1b,D1-K2cross,0.3,24,D1-K2cross_e30_r024,ESF12,0.8904109589041096,,
1b,D1-K2cross,0.3,24,D1-K2cross_e30_r024,Alg2_Rs20,0.8904109589041096,,
1b,D1-K2cross,0.3,24,D1-K2cross_e30_r024,Alg2_Ru10,0.8904109589041096,,
1b,D1-K2cross,0.3,24,D1-K2cross_e30_r024,TCRlong(0.40)+rw+A2_Rs20,0.8904109589041096,,
1b,D1-K2cross,0.3,24,D1-K2cross_e30_r024,TCRlong(0.40)+rw+A2_Ru10,0.8904109589041096,,
1b,D1-K2cross,0.35,24,D1-K2cross_e35_r024,ESF12alone,0.898989898989899,0.34,0.09102373896166682
1b,D1-K2cross,0.35,24,D1-K2cross_e35_r024,ESF12,0.898989898989899,,
1b,D1-K2cross,0.35,24,D1-K2cross_e35_r024,Alg2_Rs20,0.898989898989899,,
1b,D1-K2cross,0.35,24,D1-K2cross_e35_r024,Alg2_Ru10,0.898989898989899,,
1b,D1-K2cross,0.35,24,D1-K2cross_e35_r024,TCRlong(0.40)+rw+A2_Rs20,0.898989898989899,,
1b,D1-K2cross,0.35,24,D1-K2cross_e35_r024,TCRlong(0.40)+rw+A2_Ru10,0.898989898989899,,
1b,D2-K3par,0.25,24,D2-K3par_e25_r024,ESF12alone,0.9174311926605505,0.2733333333333333,0.26201121392659843
1b,D2-K3par,0.25,24,D2-K3par_e25_r024,ESF12,0.9174311926605505,,
1b,D2-K3par,0.25,24,D2-K3par_e25_r024,Alg2_Rs20,0.9174311926605505,,
1b,D2-K3par,0.25,24,D2-K3par_e25_r024,Alg2_Ru10,0.9174311926605505,,
1b,D2-K3par,0.25,24,D2-K3par_e25_r024,TCRlong(0.40)+rw+A2_Rs20,0.8899082568807339,,
1b,D2-K3par,0.25,24,D2-K3par_e25_r024,TCRlong(0.40)+rw+A2_Ru10,0.8899082568807339,,
1b,D2-K3par,0.3,24,D2-K3par_e30_r024,ESF12alone,0.8977777777777778,0.25,0.3111122390255332
1b,D2-K3par,0.3,24,D2-K3par_e30_r024,ESF12,0.8977777777777778,,
1b,D2-K3par,0.3,24,D2-K3par_e30_r024,Alg2_Rs20,0.9022222222222223,,
1b,D2-K3par,0.3,24,D2-K3par_e30_r024,Alg2_Ru10,0.9022222222222223,,
1b,D2-K3par,0.3,24,D2-K3par_e30_r024,TCRlong(0.40)+rw+A2_Rs20,0.9022222222222223,,
1b,D2-K3par,0.3,24,D2-K3par_e30_r024,TCRlong(0.40)+rw+A2_Ru10,0.9022222222222223,,
1b,D2-K3par,0.35,24,D2-K3par_e35_r024,ESF12alone,0.37435897435897436,0.006666666666666667,0.40084779798053205
1b,D2-K3par,0.35,24,D2-K3par_e35_r024,ESF12,0.37435897435897436,,
1b,D2-K3par,0.35,24,D2-K3par_e35_r024,Alg2_Rs20,0.6256410256410256,,
1b,D2-K3par,0.35,24,D2-K3par_e35_r024,Alg2_Ru10,0.6256410256410256,,
1b,D2-K3par,0.35,24,D2-K3par_e35_r024,TCRlong(0.40)+rw+A2_Rs20,0.6205128205128205,,
1b,D2-K3par,0.35,24,D2-K3par_e35_r024,TCRlong(0.40)+rw+A2_Ru10,0.6205128205128205,,
1b,D3-unequal,0.25,24,D3-unequal_e25_r024,ESF12alone,0.9327354260089686,0.25666666666666665,0.07713485998101532
1b,D3-unequal,0.25,24,D3-unequal_e25_r024,ESF12,0.9327354260089686,,
1b,D3-unequal,0.25,24,D3-unequal_e25_r024,Alg2_Rs20,0.9327354260089686,,
1b,D3-unequal,0.25,24,D3-unequal_e25_r024,Alg2_Ru10,0.9327354260089686,,
1b,D3-unequal,0.25,24,D3-unequal_e25_r024,TCRlong(0.40)+rw+A2_Rs20,0.9327354260089686,,
1b,D3-unequal,0.25,24,D3-unequal_e25_r024,TCRlong(0.40)+rw+A2_Ru10,0.9327354260089686,,
1b,D3-unequal,0.3,24,D3-unequal_e30_r024,ESF12alone,0.8925233644859814,0.2866666666666667,0.07357337896246463
1b,D3-unequal,0.3,24,D3-unequal_e30_r024,ESF12,0.8925233644859814,,
1b,D3-unequal,0.3,24,D3-unequal_e30_r024,Alg2_Rs20,0.8925233644859814,,
1b,D3-unequal,0.3,24,D3-unequal_e30_r024,Alg2_Ru10,0.8925233644859814,,
1b,D3-unequal,0.3,24,D3-unequal_e30_r024,TCRlong(0.40)+rw+A2_Rs20,0.8925233644859814,,
1b,D3-unequal,0.3,24,D3-unequal_e30_r024,TCRlong(0.40)+rw+A2_Ru10,0.8925233644859814,,
1b,D3-unequal,0.35,24,D3-unequal_e35_r024,ESF12alone,0.7180851063829787,0.20666666666666667,0.08517913706600666
1b,D3-unequal,0.35,24,D3-unequal_e35_r024,ESF12,0.7180851063829787,,
1b,D3-unequal,0.35,24,D3-unequal_e35_r024,Alg2_Rs20,0.7180851063829787,,
1b,D3-unequal,0.35,24,D3-unequal_e35_r024,Alg2_Ru10,0.7180851063829787,,
1b,D3-unequal,0.35,24,D3-unequal_e35_r024,TCRlong(0.40)+rw+A2_Rs20,0.925531914893617,,
1b,D3-unequal,0.35,24,D3-unequal_e35_r024,TCRlong(0.40)+rw+A2_Ru10,0.925531914893617,,
1b,D4-hetero,0.25,24,D4-hetero_e25_r024,ESF12alone,0.925764192139738,0.25,0.07414269889704883
1b,D4-hetero,0.25,24,D4-hetero_e25_r024,ESF12,0.925764192139738,,
1b,D4-hetero,0.25,24,D4-hetero_e25_r024,Alg2_Rs20,0.925764192139738,,
1b,D4-hetero,0.25,24,D4-hetero_e25_r024,Alg2_Ru10,0.925764192139738,,
1b,D4-hetero,0.25,24,D4-hetero_e25_r024,TCRlong(0.40)+rw+A2_Rs20,0.9344978165938864,,
1b,D4-hetero,0.25,24,D4-hetero_e25_r024,TCRlong(0.40)+rw+A2_Ru10,0.9344978165938864,,
1b,D4-hetero,0.3,24,D4-hetero_e30_r024,ESF12alone,0.9252336448598131,0.2866666666666667,0.07646217592991889
1b,D4-hetero,0.3,24,D4-hetero_e30_r024,ESF12,0.9252336448598131,,
1b,D4-hetero,0.3,24,D4-hetero_e30_r024,Alg2_Rs20,0.9252336448598131,,
1b,D4-hetero,0.3,24,D4-hetero_e30_r024,Alg2_Ru10,0.9252336448598131,,
1b,D4-hetero,0.3,24,D4-hetero_e30_r024,TCRlong(0.40)+rw+A2_Rs20,0.9252336448598131,,
1b,D4-hetero,0.3,24,D4-hetero_e30_r024,TCRlong(0.40)+rw+A2_Ru10,0.9252336448598131,,
1b,D4-hetero,0.35,24,D4-hetero_e35_r024,ESF12alone,0.9411764705882353,0.38333333333333336,0.08940942795015872
1b,D4-hetero,0.35,24,D4-hetero_e35_r024,ESF12,0.9411764705882353,,
1b,D4-hetero,0.35,24,D4-hetero_e35_r024,Alg2_Rs20,0.9411764705882353,,
1b,D4-hetero,0.35,24,D4-hetero_e35_r024,Alg2_Ru10,0.9411764705882353,,
1b,D4-hetero,0.35,24,D4-hetero_e35_r024,TCRlong(0.40)+rw+A2_Rs20,0.93048128342246,,
1b,D4-hetero,0.35,24,D4-hetero_e35_r024,TCRlong(0.40)+rw+A2_Ru10,0.93048128342246,,
1b,D5-leverage,0.25,24,D5-leverage_e25_r024,ESF12alone,0.5045454545454545,0.06666666666666667,0.07790552906226367
1b,D5-leverage,0.25,24,D5-leverage_e25_r024,ESF12,0.5045454545454545,,
1b,D5-leverage,0.25,24,D5-leverage_e25_r024,Alg2_Rs20,0.5045454545454545,,
1b,D5-leverage,0.25,24,D5-leverage_e25_r024,Alg2_Ru10,0.5045454545454545,,
1b,D5-leverage,0.25,24,D5-leverage_e25_r024,TCRlong(0.40)+rw+A2_Rs20,0.9,,
1b,D5-leverage,0.25,24,D5-leverage_e25_r024,TCRlong(0.40)+rw+A2_Ru10,0.9,,
1b,D5-leverage,0.3,24,D5-leverage_e30_r024,ESF12alone,0.5621890547263682,0.05333333333333334,0.08186853805091232
1b,D5-leverage,0.3,24,D5-leverage_e30_r024,ESF12,0.5621890547263682,,
1b,D5-leverage,0.3,24,D5-leverage_e30_r024,Alg2_Rs20,0.5472636815920398,,
1b,D5-leverage,0.3,24,D5-leverage_e30_r024,Alg2_Ru10,0.5472636815920398,,
1b,D5-leverage,0.3,24,D5-leverage_e30_r024,TCRlong(0.40)+rw+A2_Rs20,0.5472636815920398,,
1b,D5-leverage,0.3,24,D5-leverage_e30_r024,TCRlong(0.40)+rw+A2_Ru10,0.5472636815920398,,
1b,D5-leverage,0.35,24,D5-leverage_e35_r024,ESF12alone,0.574468085106383,0.0033333333333333335,0.07701892999466509
1b,D5-leverage,0.35,24,D5-leverage_e35_r024,ESF12,0.574468085106383,,
1b,D5-leverage,0.35,24,D5-leverage_e35_r024,Alg2_Rs20,0.5638297872340425,,
1b,D5-leverage,0.35,24,D5-leverage_e35_r024,Alg2_Ru10,0.5638297872340425,,
1b,D5-leverage,0.35,24,D5-leverage_e35_r024,TCRlong(0.40)+rw+A2_Rs20,0.5638297872340425,,
1b,D5-leverage,0.35,24,D5-leverage_e35_r024,TCRlong(0.40)+rw+A2_Ru10,0.5638297872340425,,
1b,D6-uniform,0.25,24,D6-uniform_e25_r024,ESF12alone,0.8973214285714286,0.22,0.08045890810899436
1b,D6-uniform,0.25,24,D6-uniform_e25_r024,ESF12,0.8973214285714286,,
1b,D6-uniform,0.25,24,D6-uniform_e25_r024,Alg2_Rs20,0.8973214285714286,,
1b,D6-uniform,0.25,24,D6-uniform_e25_r024,Alg2_Ru10,0.5357142857142857,,
1b,D6-uniform,0.25,24,D6-uniform_e25_r024,TCRlong(0.40)+rw+A2_Rs20,0.9151785714285714,,
1b,D6-uniform,0.25,24,D6-uniform_e25_r024,TCRlong(0.40)+rw+A2_Ru10,0.9151785714285714,,
1b,D6-uniform,0.3,24,D6-uniform_e30_r024,ESF12alone,0.5219512195121951,0.0,0.08228340500500053
1b,D6-uniform,0.3,24,D6-uniform_e30_r024,ESF12,0.5219512195121951,,
1b,D6-uniform,0.3,24,D6-uniform_e30_r024,Alg2_Rs20,0.5219512195121951,,
1b,D6-uniform,0.3,24,D6-uniform_e30_r024,Alg2_Ru10,0.5219512195121951,,
1b,D6-uniform,0.3,24,D6-uniform_e30_r024,TCRlong(0.40)+rw+A2_Rs20,0.9024390243902439,,
1b,D6-uniform,0.3,24,D6-uniform_e30_r024,TCRlong(0.40)+rw+A2_Ru10,0.5658536585365853,,
1b,D6-uniform,0.35,24,D6-uniform_e35_r024,ESF12alone,0.5,0.0,0.08287367690354586
1b,D6-uniform,0.35,24,D6-uniform_e35_r024,ESF12,0.5,,
1b,D6-uniform,0.35,24,D6-uniform_e35_r024,Alg2_Rs20,0.5176470588235295,,
1b,D6-uniform,0.35,24,D6-uniform_e35_r024,Alg2_Ru10,0.5176470588235295,,
1b,D6-uniform,0.35,24,D6-uniform_e35_r024,TCRlong(0.40)+rw+A2_Rs20,0.6,,
1b,D6-uniform,0.35,24,D6-uniform_e35_r024,TCRlong(0.40)+rw+A2_Ru10,0.6,,
1b,D7-p3,0.25,24,D7-p3_e25_r024,ESF12alone,0.9074074074074074,0.28,2.268034973065369
1b,D7-p3,0.25,24,D7-p3_e25_r024,ESF12,0.9074074074074074,,
1b,D7-p3,0.25,24,D7-p3_e25_r024,Alg2_Rs20,0.9074074074074074,,
1b,D7-p3,0.25,24,D7-p3_e25_r024,Alg2_Ru10,0.9074074074074074,,
1b,D7-p3,0.25,24,D7-p3_e25_r024,TCRlong(0.40)+rw+A2_Rs20,0.9074074074074074,,
1b,D7-p3,0.25,24,D7-p3_e25_r024,TCRlong(0.40)+rw+A2_Ru10,0.9074074074074074,,
1b,D7-p3,0.3,24,D7-p3_e30_r024,ESF12alone,0.9318181818181818,0.26666666666666666,1.92086376901716
1b,D7-p3,0.3,24,D7-p3_e30_r024,ESF12,0.9318181818181818,,
1b,D7-p3,0.3,24,D7-p3_e30_r024,Alg2_Rs20,0.9318181818181818,,
1b,D7-p3,0.3,24,D7-p3_e30_r024,Alg2_Ru10,0.9318181818181818,,
1b,D7-p3,0.3,24,D7-p3_e30_r024,TCRlong(0.40)+rw+A2_Rs20,0.9318181818181818,,
1b,D7-p3,0.3,24,D7-p3_e30_r024,TCRlong(0.40)+rw+A2_Ru10,0.9318181818181818,,
1b,D7-p3,0.35,24,D7-p3_e35_r024,ESF12alone,0.5364583333333334,0.18333333333333332,1.8058090979466215
1b,D7-p3,0.35,24,D7-p3_e35_r024,ESF12,0.5364583333333334,,
1b,D7-p3,0.35,24,D7-p3_e35_r024,Alg2_Rs20,0.9114583333333334,,
1b,D7-p3,0.35,24,D7-p3_e35_r024,Alg2_Ru10,0.9114583333333334,,
1b,D7-p3,0.35,24,D7-p3_e35_r024,TCRlong(0.40)+rw+A2_Rs20,0.9114583333333334,,
1b,D7-p3,0.35,24,D7-p3_e35_r024,TCRlong(0.40)+rw+A2_Ru10,0.9114583333333334,,
1b,D8-K2par-sep,0.25,24,D8-K2par-sep_e25_r024,ESF12alone,0.9956521739130435,0.23666666666666666,0.07795266702305526
1b,D8-K2par-sep,0.25,24,D8-K2par-sep_e25_r024,ESF12,0.9956521739130435,,
1b,D8-K2par-sep,0.25,24,D8-K2par-sep_e25_r024,Alg2_Rs20,0.9956521739130435,,
1b,D8-K2par-sep,0.25,24,D8-K2par-sep_e25_r024,Alg2_Ru10,0.9956521739130435,,
1b,D8-K2par-sep,0.25,24,D8-K2par-sep_e25_r024,TCRlong(0.40)+rw+A2_Rs20,0.9956521739130435,,
1b,D8-K2par-sep,0.25,24,D8-K2par-sep_e25_r024,TCRlong(0.40)+rw+A2_Ru10,0.9956521739130435,,
1b,D8-K2par-sep,0.3,24,D8-K2par-sep_e30_r024,ESF12alone,0.9954337899543378,0.27,0.08111207000911236
1b,D8-K2par-sep,0.3,24,D8-K2par-sep_e30_r024,ESF12,0.9954337899543378,,
1b,D8-K2par-sep,0.3,24,D8-K2par-sep_e30_r024,Alg2_Rs20,0.9954337899543378,,
1b,D8-K2par-sep,0.3,24,D8-K2par-sep_e30_r024,Alg2_Ru10,0.9954337899543378,,
1b,D8-K2par-sep,0.3,24,D8-K2par-sep_e30_r024,TCRlong(0.40)+rw+A2_Rs20,0.9954337899543378,,
1b,D8-K2par-sep,0.3,24,D8-K2par-sep_e30_r024,TCRlong(0.40)+rw+A2_Ru10,0.9954337899543378,,
1b,D8-K2par-sep,0.35,24,D8-K2par-sep_e35_r024,ESF12alone,1.0,0.33666666666666667,0.07679293607361615
1b,D8-K2par-sep,0.35,24,D8-K2par-sep_e35_r024,ESF12,1.0,,
1b,D8-K2par-sep,0.35,24,D8-K2par-sep_e35_r024,Alg2_Rs20,1.0,,
1b,D8-K2par-sep,0.35,24,D8-K2par-sep_e35_r024,Alg2_Ru10,1.0,,
1b,D8-K2par-sep,0.35,24,D8-K2par-sep_e35_r024,TCRlong(0.40)+rw+A2_Rs20,1.0,,
1b,D8-K2par-sep,0.35,24,D8-K2par-sep_e35_r024,TCRlong(0.40)+rw+A2_Ru10,1.0,,
1b,D1-K2cross,0.25,25,D1-K2cross_e25_r025,ESF12alone,0.9008620689655172,0.22666666666666666,0.08096864388789982
1b,D1-K2cross,0.25,25,D1-K2cross_e25_r025,ESF12,0.9008620689655172,,
1b,D1-K2cross,0.25,25,D1-K2cross_e25_r025,Alg2_Rs20,0.9008620689655172,,
1b,D1-K2cross,0.25,25,D1-K2cross_e25_r025,Alg2_Ru10,0.9008620689655172,,
1b,D1-K2cross,0.25,25,D1-K2cross_e25_r025,TCRlong(0.40)+rw+A2_Rs20,0.9008620689655172,,
1b,D1-K2cross,0.25,25,D1-K2cross_e25_r025,TCRlong(0.40)+rw+A2_Ru10,0.9008620689655172,,
1b,D1-K2cross,0.3,25,D1-K2cross_e30_r025,ESF12alone,0.8942307692307693,0.30666666666666664,0.08646499004680663
1b,D1-K2cross,0.3,25,D1-K2cross_e30_r025,ESF12,0.8942307692307693,,
1b,D1-K2cross,0.3,25,D1-K2cross_e30_r025,Alg2_Rs20,0.8942307692307693,,
1b,D1-K2cross,0.3,25,D1-K2cross_e30_r025,Alg2_Ru10,0.8942307692307693,,
1b,D1-K2cross,0.3,25,D1-K2cross_e30_r025,TCRlong(0.40)+rw+A2_Rs20,0.8942307692307693,,
1b,D1-K2cross,0.3,25,D1-K2cross_e30_r025,TCRlong(0.40)+rw+A2_Ru10,0.8942307692307693,,
1b,D1-K2cross,0.35,25,D1-K2cross_e35_r025,ESF12alone,0.9081632653061225,0.3466666666666667,0.08969084301497787
1b,D1-K2cross,0.35,25,D1-K2cross_e35_r025,ESF12,0.9081632653061225,,
1b,D1-K2cross,0.35,25,D1-K2cross_e35_r025,Alg2_Rs20,0.9081632653061225,,
1b,D1-K2cross,0.35,25,D1-K2cross_e35_r025,Alg2_Ru10,0.9081632653061225,,
1b,D1-K2cross,0.35,25,D1-K2cross_e35_r025,TCRlong(0.40)+rw+A2_Rs20,0.9081632653061225,,
1b,D1-K2cross,0.35,25,D1-K2cross_e35_r025,TCRlong(0.40)+rw+A2_Ru10,0.9081632653061225,,
1b,D2-K3par,0.25,25,D2-K3par_e25_r025,ESF12alone,0.908675799086758,0.27,0.3750381270656362
1b,D2-K3par,0.25,25,D2-K3par_e25_r025,ESF12,0.908675799086758,,
1b,D2-K3par,0.25,25,D2-K3par_e25_r025,Alg2_Rs20,0.91324200913242,,
1b,D2-K3par,0.25,25,D2-K3par_e25_r025,Alg2_Ru10,0.91324200913242,,
1b,D2-K3par,0.25,25,D2-K3par_e25_r025,TCRlong(0.40)+rw+A2_Rs20,0.8858447488584474,,
1b,D2-K3par,0.25,25,D2-K3par_e25_r025,TCRlong(0.40)+rw+A2_Ru10,0.8858447488584474,,
1b,D2-K3par,0.3,25,D2-K3par_e30_r025,ESF12alone,0.751131221719457,0.12666666666666668,0.42581534502096474
1b,D2-K3par,0.3,25,D2-K3par_e30_r025,ESF12,0.751131221719457,,
1b,D2-K3par,0.3,25,D2-K3par_e30_r025,Alg2_Rs20,0.5565610859728507,,
1b,D2-K3par,0.3,25,D2-K3par_e30_r025,Alg2_Ru10,0.5565610859728507,,
1b,D2-K3par,0.3,25,D2-K3par_e30_r025,TCRlong(0.40)+rw+A2_Rs20,0.8371040723981901,,
1b,D2-K3par,0.3,25,D2-K3par_e30_r025,TCRlong(0.40)+rw+A2_Ru10,0.8371040723981901,,
1b,D2-K3par,0.35,25,D2-K3par_e35_r025,ESF12alone,0.7098445595854922,0.19,0.4674782429356128
1b,D2-K3par,0.35,25,D2-K3par_e35_r025,ESF12,0.7098445595854922,,
1b,D2-K3par,0.35,25,D2-K3par_e35_r025,Alg2_Rs20,0.7098445595854922,,
1b,D2-K3par,0.35,25,D2-K3par_e35_r025,Alg2_Ru10,0.7098445595854922,,
1b,D2-K3par,0.35,25,D2-K3par_e35_r025,TCRlong(0.40)+rw+A2_Rs20,0.7098445595854922,,
1b,D2-K3par,0.35,25,D2-K3par_e35_r025,TCRlong(0.40)+rw+A2_Ru10,0.7098445595854922,,
1b,D3-unequal,0.25,25,D3-unequal_e25_r025,ESF12alone,0.9513274336283186,0.24666666666666667,0.07175651390571147
1b,D3-unequal,0.25,25,D3-unequal_e25_r025,ESF12,0.9513274336283186,,
1b,D3-unequal,0.25,25,D3-unequal_e25_r025,Alg2_Rs20,0.9513274336283186,,
1b,D3-unequal,0.25,25,D3-unequal_e25_r025,Alg2_Ru10,0.9513274336283186,,
1b,D3-unequal,0.25,25,D3-unequal_e25_r025,TCRlong(0.40)+rw+A2_Rs20,0.9513274336283186,,
1b,D3-unequal,0.25,25,D3-unequal_e25_r025,TCRlong(0.40)+rw+A2_Ru10,0.9513274336283186,,
1b,D3-unequal,0.3,25,D3-unequal_e30_r025,ESF12alone,0.9032258064516129,0.27666666666666667,0.10131805809214711
1b,D3-unequal,0.3,25,D3-unequal_e30_r025,ESF12,0.9032258064516129,,
1b,D3-unequal,0.3,25,D3-unequal_e30_r025,Alg2_Rs20,0.9032258064516129,,
1b,D3-unequal,0.3,25,D3-unequal_e30_r025,Alg2_Ru10,0.9032258064516129,,
1b,D3-unequal,0.3,25,D3-unequal_e30_r025,TCRlong(0.40)+rw+A2_Rs20,0.9078341013824884,,
1b,D3-unequal,0.3,25,D3-unequal_e30_r025,TCRlong(0.40)+rw+A2_Ru10,0.9078341013824884,,
1b,D3-unequal,0.35,25,D3-unequal_e35_r025,ESF12alone,0.9197860962566845,0.37666666666666665,0.07731708604842424
1b,D3-unequal,0.35,25,D3-unequal_e35_r025,ESF12,0.9197860962566845,,
1b,D3-unequal,0.35,25,D3-unequal_e35_r025,Alg2_Rs20,0.9197860962566845,,
1b,D3-unequal,0.35,25,D3-unequal_e35_r025,Alg2_Ru10,0.9197860962566845,,
1b,D3-unequal,0.35,25,D3-unequal_e35_r025,TCRlong(0.40)+rw+A2_Rs20,0.9197860962566845,,
1b,D3-unequal,0.35,25,D3-unequal_e35_r025,TCRlong(0.40)+rw+A2_Ru10,0.9197860962566845,,
1b,D4-hetero,0.25,25,D4-hetero_e25_r025,ESF12alone,0.9227272727272727,0.28,0.08707389002665877
1b,D4-hetero,0.25,25,D4-hetero_e25_r025,ESF12,0.9227272727272727,,
1b,D4-hetero,0.25,25,D4-hetero_e25_r025,Alg2_Rs20,0.9227272727272727,,
1b,D4-hetero,0.25,25,D4-hetero_e25_r025,Alg2_Ru10,0.9227272727272727,,
1b,D4-hetero,0.25,25,D4-hetero_e25_r025,TCRlong(0.40)+rw+A2_Rs20,0.9318181818181818,,
1b,D4-hetero,0.25,25,D4-hetero_e25_r025,TCRlong(0.40)+rw+A2_Ru10,0.9318181818181818,,
1b,D4-hetero,0.3,25,D4-hetero_e30_r025,ESF12alone,0.9033816425120773,0.3233333333333333,0.07914268202148378
1b,D4-hetero,0.3,25,D4-hetero_e30_r025,ESF12,0.9033816425120773,,
1b,D4-hetero,0.3,25,D4-hetero_e30_r025,Alg2_Rs20,0.9082125603864735,,
1b,D4-hetero,0.3,25,D4-hetero_e30_r025,Alg2_Ru10,0.9082125603864735,,
1b,D4-hetero,0.3,25,D4-hetero_e30_r025,TCRlong(0.40)+rw+A2_Rs20,0.9082125603864735,,
1b,D4-hetero,0.3,25,D4-hetero_e30_r025,TCRlong(0.40)+rw+A2_Ru10,0.9082125603864735,,
1b,D4-hetero,0.35,25,D4-hetero_e35_r025,ESF12alone,0.9214659685863874,0.37,0.0794936129823327
1b,D4-hetero,0.35,25,D4-hetero_e35_r025,ESF12,0.9214659685863874,,
1b,D4-hetero,0.35,25,D4-hetero_e35_r025,Alg2_Rs20,0.9214659685863874,,
1b,D4-hetero,0.35,25,D4-hetero_e35_r025,Alg2_Ru10,0.9214659685863874,,
1b,D4-hetero,0.35,25,D4-hetero_e35_r025,TCRlong(0.40)+rw+A2_Rs20,0.9214659685863874,,
1b,D4-hetero,0.35,25,D4-hetero_e35_r025,TCRlong(0.40)+rw+A2_Ru10,0.9214659685863874,,
1b,D5-leverage,0.25,25,D5-leverage_e25_r025,ESF12alone,0.518348623853211,0.04666666666666667,0.07262938690837473
1b,D5-leverage,0.25,25,D5-leverage_e25_r025,ESF12,0.518348623853211,,
1b,D5-leverage,0.25,25,D5-leverage_e25_r025,Alg2_Rs20,0.518348623853211,,
1b,D5-leverage,0.25,25,D5-leverage_e25_r025,Alg2_Ru10,0.518348623853211,,
1b,D5-leverage,0.25,25,D5-leverage_e25_r025,TCRlong(0.40)+rw+A2_Rs20,0.9128440366972477,,
1b,D5-leverage,0.25,25,D5-leverage_e25_r025,TCRlong(0.40)+rw+A2_Ru10,0.9128440366972477,,
1b,D5-leverage,0.3,25,D5-leverage_e30_r025,ESF12alone,0.5177664974619289,0.013333333333333334,0.07281805202364922
1b,D5-leverage,0.3,25,D5-leverage_e30_r025,ESF12,0.5177664974619289,,
1b,D5-leverage,0.3,25,D5-leverage_e30_r025,Alg2_Rs20,0.5177664974619289,,
1b,D5-leverage,0.3,25,D5-leverage_e30_r025,Alg2_Ru10,0.5177664974619289,,
1b,D5-leverage,0.3,25,D5-leverage_e30_r025,TCRlong(0.40)+rw+A2_Rs20,0.5279187817258884,,
1b,D5-leverage,0.3,25,D5-leverage_e30_r025,TCRlong(0.40)+rw+A2_Ru10,0.5279187817258884,,
1b,D5-leverage,0.35,25,D5-leverage_e35_r025,ESF12alone,0.5024390243902439,0.056666666666666664,0.07216997700743377
1b,D5-leverage,0.35,25,D5-leverage_e35_r025,ESF12,0.5024390243902439,,
1b,D5-leverage,0.35,25,D5-leverage_e35_r025,Alg2_Rs20,0.5024390243902439,,
1b,D5-leverage,0.35,25,D5-leverage_e35_r025,Alg2_Ru10,0.5024390243902439,,
1b,D5-leverage,0.35,25,D5-leverage_e35_r025,TCRlong(0.40)+rw+A2_Rs20,0.5121951219512195,,
1b,D5-leverage,0.35,25,D5-leverage_e35_r025,TCRlong(0.40)+rw+A2_Ru10,0.5121951219512195,,
1b,D6-uniform,0.25,25,D6-uniform_e25_r025,ESF12alone,0.8743961352657005,0.14666666666666667,0.07385936100035906
1b,D6-uniform,0.25,25,D6-uniform_e25_r025,ESF12,0.8743961352657005,,
1b,D6-uniform,0.25,25,D6-uniform_e25_r025,Alg2_Rs20,0.6521739130434783,,
1b,D6-uniform,0.25,25,D6-uniform_e25_r025,Alg2_Ru10,0.6521739130434783,,
1b,D6-uniform,0.25,25,D6-uniform_e25_r025,TCRlong(0.40)+rw+A2_Rs20,0.8792270531400966,,
1b,D6-uniform,0.25,25,D6-uniform_e25_r025,TCRlong(0.40)+rw+A2_Ru10,0.8792270531400966,,
1b,D6-uniform,0.3,25,D6-uniform_e30_r025,ESF12alone,0.51,0.0,0.07101500104181468
1b,D6-uniform,0.3,25,D6-uniform_e30_r025,ESF12,0.51,,
1b,D6-uniform,0.3,25,D6-uniform_e30_r025,Alg2_Rs20,0.505,,
1b,D6-uniform,0.3,25,D6-uniform_e30_r025,Alg2_Ru10,0.505,,
1b,D6-uniform,0.3,25,D6-uniform_e30_r025,TCRlong(0.40)+rw+A2_Rs20,0.56,,
1b,D6-uniform,0.3,25,D6-uniform_e30_r025,TCRlong(0.40)+rw+A2_Ru10,0.56,,
1b,D6-uniform,0.35,25,D6-uniform_e35_r025,ESF12alone,0.5365853658536586,0.0,0.07527257199399173
1b,D6-uniform,0.35,25,D6-uniform_e35_r025,ESF12,0.5365853658536586,,
1b,D6-uniform,0.35,25,D6-uniform_e35_r025,Alg2_Rs20,0.5317073170731708,,
1b,D6-uniform,0.35,25,D6-uniform_e35_r025,Alg2_Ru10,0.5317073170731708,,
1b,D6-uniform,0.35,25,D6-uniform_e35_r025,TCRlong(0.40)+rw+A2_Rs20,0.551219512195122,,
1b,D6-uniform,0.35,25,D6-uniform_e35_r025,TCRlong(0.40)+rw+A2_Ru10,0.551219512195122,,
1b,D7-p3,0.25,25,D7-p3_e25_r025,ESF12alone,0.8973214285714286,0.25333333333333335,2.315558484988287
1b,D7-p3,0.25,25,D7-p3_e25_r025,ESF12,0.8973214285714286,,
1b,D7-p3,0.25,25,D7-p3_e25_r025,Alg2_Rs20,0.8973214285714286,,
1b,D7-p3,0.25,25,D7-p3_e25_r025,Alg2_Ru10,0.8973214285714286,,
1b,D7-p3,0.25,25,D7-p3_e25_r025,TCRlong(0.40)+rw+A2_Rs20,0.8973214285714286,,
1b,D7-p3,0.25,25,D7-p3_e25_r025,TCRlong(0.40)+rw+A2_Ru10,0.8973214285714286,,
1b,D7-p3,0.3,25,D7-p3_e30_r025,ESF12alone,0.9178082191780822,0.27,1.9093359740218148
1b,D7-p3,0.3,25,D7-p3_e30_r025,ESF12,0.9178082191780822,,
1b,D7-p3,0.3,25,D7-p3_e30_r025,Alg2_Rs20,0.91324200913242,,
1b,D7-p3,0.3,25,D7-p3_e30_r025,Alg2_Ru10,0.91324200913242,,
1b,D7-p3,0.3,25,D7-p3_e30_r025,TCRlong(0.40)+rw+A2_Rs20,0.91324200913242,,
1b,D7-p3,0.3,25,D7-p3_e30_r025,TCRlong(0.40)+rw+A2_Ru10,0.91324200913242,,
1b,D7-p3,0.35,25,D7-p3_e35_r025,ESF12alone,0.9211822660098522,0.3333333333333333,1.9766870309831575
1b,D7-p3,0.35,25,D7-p3_e35_r025,ESF12,0.9211822660098522,,
1b,D7-p3,0.35,25,D7-p3_e35_r025,Alg2_Rs20,0.9211822660098522,,
1b,D7-p3,0.35,25,D7-p3_e35_r025,Alg2_Ru10,0.9211822660098522,,
1b,D7-p3,0.35,25,D7-p3_e35_r025,TCRlong(0.40)+rw+A2_Rs20,0.9211822660098522,,
1b,D7-p3,0.35,25,D7-p3_e35_r025,TCRlong(0.40)+rw+A2_Ru10,0.9211822660098522,,
1b,D8-K2par-sep,0.25,25,D8-K2par-sep_e25_r025,ESF12alone,1.0,0.2966666666666667,0.07789881899952888
1b,D8-K2par-sep,0.25,25,D8-K2par-sep_e25_r025,ESF12,1.0,,
1b,D8-K2par-sep,0.25,25,D8-K2par-sep_e25_r025,Alg2_Rs20,1.0,,
1b,D8-K2par-sep,0.25,25,D8-K2par-sep_e25_r025,Alg2_Ru10,1.0,,
1b,D8-K2par-sep,0.25,25,D8-K2par-sep_e25_r025,TCRlong(0.40)+rw+A2_Rs20,1.0,,
1b,D8-K2par-sep,0.25,25,D8-K2par-sep_e25_r025,TCRlong(0.40)+rw+A2_Ru10,1.0,,
1b,D8-K2par-sep,0.3,25,D8-K2par-sep_e30_r025,ESF12alone,0.5211267605633803,0.12333333333333334,0.0859381229383871
1b,D8-K2par-sep,0.3,25,D8-K2par-sep_e30_r025,ESF12,0.5211267605633803,,
1b,D8-K2par-sep,0.3,25,D8-K2par-sep_e30_r025,Alg2_Rs20,0.9953051643192489,,
1b,D8-K2par-sep,0.3,25,D8-K2par-sep_e30_r025,Alg2_Ru10,0.9953051643192489,,
1b,D8-K2par-sep,0.3,25,D8-K2par-sep_e30_r025,TCRlong(0.40)+rw+A2_Rs20,0.9953051643192489,,
1b,D8-K2par-sep,0.3,25,D8-K2par-sep_e30_r025,TCRlong(0.40)+rw+A2_Ru10,0.9953051643192489,,
1b,D8-K2par-sep,0.35,25,D8-K2par-sep_e35_r025,ESF12alone,1.0,0.3433333333333333,0.07270684791728854
1b,D8-K2par-sep,0.35,25,D8-K2par-sep_e35_r025,ESF12,1.0,,
1b,D8-K2par-sep,0.35,25,D8-K2par-sep_e35_r025,Alg2_Rs20,1.0,,
1b,D8-K2par-sep,0.35,25,D8-K2par-sep_e35_r025,Alg2_Ru10,1.0,,
1b,D8-K2par-sep,0.35,25,D8-K2par-sep_e35_r025,TCRlong(0.40)+rw+A2_Rs20,1.0,,
1b,D8-K2par-sep,0.35,25,D8-K2par-sep_e35_r025,TCRlong(0.40)+rw+A2_Ru10,1.0,,
1b,D1-K2cross,0.25,26,D1-K2cross_e25_r026,ESF12alone,0.8922413793103449,0.22666666666666666,0.07290929707232863
1b,D1-K2cross,0.25,26,D1-K2cross_e25_r026,ESF12,0.8922413793103449,,
1b,D1-K2cross,0.25,26,D1-K2cross_e25_r026,Alg2_Rs20,0.8922413793103449,,
1b,D1-K2cross,0.25,26,D1-K2cross_e25_r026,Alg2_Ru10,0.8922413793103449,,
1b,D1-K2cross,0.25,26,D1-K2cross_e25_r026,TCRlong(0.40)+rw+A2_Rs20,0.8879310344827587,,
1b,D1-K2cross,0.25,26,D1-K2cross_e25_r026,TCRlong(0.40)+rw+A2_Ru10,0.8879310344827587,,
1b,D1-K2cross,0.3,26,D1-K2cross_e30_r026,ESF12alone,0.9403669724770642,0.2733333333333333,0.07188994495663792
1b,D1-K2cross,0.3,26,D1-K2cross_e30_r026,ESF12,0.9403669724770642,,
1b,D1-K2cross,0.3,26,D1-K2cross_e30_r026,Alg2_Rs20,0.9403669724770642,,
1b,D1-K2cross,0.3,26,D1-K2cross_e30_r026,Alg2_Ru10,0.9403669724770642,,
1b,D1-K2cross,0.3,26,D1-K2cross_e30_r026,TCRlong(0.40)+rw+A2_Rs20,0.9357798165137615,,
1b,D1-K2cross,0.3,26,D1-K2cross_e30_r026,TCRlong(0.40)+rw+A2_Ru10,0.9357798165137615,,
1b,D1-K2cross,0.35,26,D1-K2cross_e35_r026,ESF12alone,0.9306930693069307,0.32666666666666666,0.06947880098596215
1b,D1-K2cross,0.35,26,D1-K2cross_e35_r026,ESF12,0.9306930693069307,,
1b,D1-K2cross,0.35,26,D1-K2cross_e35_r026,Alg2_Rs20,0.9306930693069307,,
1b,D1-K2cross,0.35,26,D1-K2cross_e35_r026,Alg2_Ru10,0.9306930693069307,,
1b,D1-K2cross,0.35,26,D1-K2cross_e35_r026,TCRlong(0.40)+rw+A2_Rs20,0.9306930693069307,,
1b,D1-K2cross,0.35,26,D1-K2cross_e35_r026,TCRlong(0.40)+rw+A2_Ru10,0.9306930693069307,,
1b,D2-K3par,0.25,26,D2-K3par_e25_r026,ESF12alone,0.9140271493212669,0.2633333333333333,0.42753983207512647
1b,D2-K3par,0.25,26,D2-K3par_e25_r026,ESF12,0.9140271493212669,,
1b,D2-K3par,0.25,26,D2-K3par_e25_r026,Alg2_Rs20,0.918552036199095,,
1b,D2-K3par,0.25,26,D2-K3par_e25_r026,Alg2_Ru10,0.918552036199095,,
1b,D2-K3par,0.25,26,D2-K3par_e25_r026,TCRlong(0.40)+rw+A2_Rs20,0.9230769230769231,,
1b,D2-K3par,0.25,26,D2-K3par_e25_r026,TCRlong(0.40)+rw+A2_Ru10,0.9230769230769231,,
1b,D2-K3par,0.3,26,D2-K3par_e30_r026,ESF12alone,0.8333333333333334,0.3,0.32145721395500004
1b,D2-K3par,0.3,26,D2-K3par_e30_r026,ESF12,0.8333333333333334,,
1b,D2-K3par,0.3,26,D2-K3par_e30_r026,Alg2_Rs20,0.8333333333333334,,
1b,D2-K3par,0.3,26,D2-K3par_e30_r026,Alg2_Ru10,0.8333333333333334,,
1b,D2-K3par,0.3,26,D2-K3par_e30_r026,TCRlong(0.40)+rw+A2_Rs20,0.8428571428571429,,
1b,D2-K3par,0.3,26,D2-K3par_e30_r026,TCRlong(0.40)+rw+A2_Ru10,0.8428571428571429,,
1b,D2-K3par,0.35,26,D2-K3par_e35_r026,ESF12alone,0.900990099009901,0.32666666666666666,0.3119565899251029
1b,D2-K3par,0.35,26,D2-K3par_e35_r026,ESF12,0.900990099009901,,
1b,D2-K3par,0.35,26,D2-K3par_e35_r026,Alg2_Rs20,0.3712871287128713,,
1b,D2-K3par,0.35,26,D2-K3par_e35_r026,Alg2_Ru10,0.3712871287128713,,
1b,D2-K3par,0.35,26,D2-K3par_e35_r026,TCRlong(0.40)+rw+A2_Rs20,0.8910891089108911,,
1b,D2-K3par,0.35,26,D2-K3par_e35_r026,TCRlong(0.40)+rw+A2_Ru10,0.8910891089108911,,
1b,D3-unequal,0.25,26,D3-unequal_e25_r026,ESF12alone,0.8681818181818182,0.26666666666666666,0.08088510693050921
1b,D3-unequal,0.25,26,D3-unequal_e25_r026,ESF12,0.8681818181818182,,
1b,D3-unequal,0.25,26,D3-unequal_e25_r026,Alg2_Rs20,0.8681818181818182,,
1b,D3-unequal,0.25,26,D3-unequal_e25_r026,Alg2_Ru10,0.8681818181818182,,
1b,D3-unequal,0.25,26,D3-unequal_e25_r026,TCRlong(0.40)+rw+A2_Rs20,0.8772727272727273,,
1b,D3-unequal,0.25,26,D3-unequal_e25_r026,TCRlong(0.40)+rw+A2_Ru10,0.8772727272727273,,
1b,D3-unequal,0.3,26,D3-unequal_e30_r026,ESF12alone,0.7303921568627451,0.21666666666666667,0.08735388307832181
1b,D3-unequal,0.3,26,D3-unequal_e30_r026,ESF12,0.7303921568627451,,
1b,D3-unequal,0.3,26,D3-unequal_e30_r026,Alg2_Rs20,0.9264705882352942,,
1b,D3-unequal,0.3,26,D3-unequal_e30_r026,Alg2_Ru10,0.9264705882352942,,
1b,D3-unequal,0.3,26,D3-unequal_e30_r026,TCRlong(0.40)+rw+A2_Rs20,0.9313725490196079,,
1b,D3-unequal,0.3,26,D3-unequal_e30_r026,TCRlong(0.40)+rw+A2_Ru10,0.9313725490196079,,
1b,D3-unequal,0.35,26,D3-unequal_e35_r026,ESF12alone,0.949238578680203,0.3433333333333333,0.08869723801035434
1b,D3-unequal,0.35,26,D3-unequal_e35_r026,ESF12,0.949238578680203,,
1b,D3-unequal,0.35,26,D3-unequal_e35_r026,Alg2_Rs20,0.949238578680203,,
1b,D3-unequal,0.35,26,D3-unequal_e35_r026,Alg2_Ru10,0.949238578680203,,
1b,D3-unequal,0.35,26,D3-unequal_e35_r026,TCRlong(0.40)+rw+A2_Rs20,0.9441624365482234,,
1b,D3-unequal,0.35,26,D3-unequal_e35_r026,TCRlong(0.40)+rw+A2_Ru10,0.9441624365482234,,
1b,D4-hetero,0.25,26,D4-hetero_e25_r026,ESF12alone,0.9138755980861244,0.30666666666666664,0.08363014692440629
1b,D4-hetero,0.25,26,D4-hetero_e25_r026,ESF12,0.9138755980861244,,
1b,D4-hetero,0.25,26,D4-hetero_e25_r026,Alg2_Rs20,0.9138755980861244,,
1b,D4-hetero,0.25,26,D4-hetero_e25_r026,Alg2_Ru10,0.9138755980861244,,
1b,D4-hetero,0.25,26,D4-hetero_e25_r026,TCRlong(0.40)+rw+A2_Rs20,0.9138755980861244,,
1b,D4-hetero,0.25,26,D4-hetero_e25_r026,TCRlong(0.40)+rw+A2_Ru10,0.9138755980861244,,
1b,D4-hetero,0.3,26,D4-hetero_e30_r026,ESF12alone,0.8976744186046511,0.29,0.08196230104658753
1b,D4-hetero,0.3,26,D4-hetero_e30_r026,ESF12,0.8976744186046511,,
1b,D4-hetero,0.3,26,D4-hetero_e30_r026,Alg2_Rs20,0.8976744186046511,,
1b,D4-hetero,0.3,26,D4-hetero_e30_r026,Alg2_Ru10,0.8976744186046511,,
1b,D4-hetero,0.3,26,D4-hetero_e30_r026,TCRlong(0.40)+rw+A2_Rs20,0.8976744186046511,,
1b,D4-hetero,0.3,26,D4-hetero_e30_r026,TCRlong(0.40)+rw+A2_Ru10,0.8976744186046511,,
1b,D4-hetero,0.35,26,D4-hetero_e35_r026,ESF12alone,0.8918918918918919,0.38333333333333336,0.09096762095578015
1b,D4-hetero,0.35,26,D4-hetero_e35_r026,ESF12,0.8918918918918919,,
1b,D4-hetero,0.35,26,D4-hetero_e35_r026,Alg2_Rs20,0.8918918918918919,,
1b,D4-hetero,0.35,26,D4-hetero_e35_r026,Alg2_Ru10,0.8918918918918919,,
1b,D4-hetero,0.35,26,D4-hetero_e35_r026,TCRlong(0.40)+rw+A2_Rs20,0.8918918918918919,,
1b,D4-hetero,0.35,26,D4-hetero_e35_r026,TCRlong(0.40)+rw+A2_Ru10,0.8918918918918919,,
1b,D5-leverage,0.25,26,D5-leverage_e25_r026,ESF12alone,0.5394736842105263,0.12333333333333334,0.07989031495526433
1b,D5-leverage,0.25,26,D5-leverage_e25_r026,ESF12,0.5394736842105263,,
1b,D5-leverage,0.25,26,D5-leverage_e25_r026,Alg2_Rs20,0.543859649122807,,
1b,D5-leverage,0.25,26,D5-leverage_e25_r026,Alg2_Ru10,0.543859649122807,,
1b,D5-leverage,0.25,26,D5-leverage_e25_r026,TCRlong(0.40)+rw+A2_Rs20,0.8903508771929824,,
1b,D5-leverage,0.25,26,D5-leverage_e25_r026,TCRlong(0.40)+rw+A2_Ru10,0.8903508771929824,,
1b,D5-leverage,0.3,26,D5-leverage_e30_r026,ESF12alone,0.5305164319248826,0.04,0.07236711494624615
1b,D5-leverage,0.3,26,D5-leverage_e30_r026,ESF12,0.5305164319248826,,
1b,D5-leverage,0.3,26,D5-leverage_e30_r026,Alg2_Rs20,0.5305164319248826,,
1b,D5-leverage,0.3,26,D5-leverage_e30_r026,Alg2_Ru10,0.5305164319248826,,
1b,D5-leverage,0.3,26,D5-leverage_e30_r026,TCRlong(0.40)+rw+A2_Rs20,0.5258215962441315,,
1b,D5-leverage,0.3,26,D5-leverage_e30_r026,TCRlong(0.40)+rw+A2_Ru10,0.5258215962441315,,
1b,D5-leverage,0.35,26,D5-leverage_e35_r026,ESF12alone,0.5539906103286385,0.09666666666666666,0.07153448893222958
1b,D5-leverage,0.35,26,D5-leverage_e35_r026,ESF12,0.5539906103286385,,
1b,D5-leverage,0.35,26,D5-leverage_e35_r026,Alg2_Rs20,0.5492957746478874,,
1b,D5-leverage,0.35,26,D5-leverage_e35_r026,Alg2_Ru10,0.5492957746478874,,
1b,D5-leverage,0.35,26,D5-leverage_e35_r026,TCRlong(0.40)+rw+A2_Rs20,0.539906103286385,,
1b,D5-leverage,0.35,26,D5-leverage_e35_r026,TCRlong(0.40)+rw+A2_Ru10,0.539906103286385,,
1b,D6-uniform,0.25,26,D6-uniform_e25_r026,ESF12alone,0.9069767441860465,0.16,0.07486125302966684
1b,D6-uniform,0.25,26,D6-uniform_e25_r026,ESF12,0.9069767441860465,,
1b,D6-uniform,0.25,26,D6-uniform_e25_r026,Alg2_Rs20,0.5488372093023256,,
1b,D6-uniform,0.25,26,D6-uniform_e25_r026,Alg2_Ru10,0.5488372093023256,,
1b,D6-uniform,0.25,26,D6-uniform_e25_r026,TCRlong(0.40)+rw+A2_Rs20,0.9209302325581395,,
1b,D6-uniform,0.25,26,D6-uniform_e25_r026,TCRlong(0.40)+rw+A2_Ru10,0.9209302325581395,,
1b,D6-uniform,0.3,26,D6-uniform_e30_r026,ESF12alone,0.5050505050505051,0.0,0.07243793993256986
1b,D6-uniform,0.3,26,D6-uniform_e30_r026,ESF12,0.5050505050505051,,
1b,D6-uniform,0.3,26,D6-uniform_e30_r026,Alg2_Rs20,0.5050505050505051,,
1b,D6-uniform,0.3,26,D6-uniform_e30_r026,Alg2_Ru10,0.5050505050505051,,
1b,D6-uniform,0.3,26,D6-uniform_e30_r026,TCRlong(0.40)+rw+A2_Rs20,0.5404040404040404,,
1b,D6-uniform,0.3,26,D6-uniform_e30_r026,TCRlong(0.40)+rw+A2_Ru10,0.5404040404040404,,
1b,D6-uniform,0.35,26,D6-uniform_e35_r026,ESF12alone,0.5677083333333334,0.0,0.07334791799075902
1b,D6-uniform,0.35,26,D6-uniform_e35_r026,ESF12,0.5677083333333334,,
1b,D6-uniform,0.35,26,D6-uniform_e35_r026,Alg2_Rs20,0.5677083333333334,,
1b,D6-uniform,0.35,26,D6-uniform_e35_r026,Alg2_Ru10,0.5677083333333334,,
1b,D6-uniform,0.35,26,D6-uniform_e35_r026,TCRlong(0.40)+rw+A2_Rs20,0.546875,,
1b,D6-uniform,0.35,26,D6-uniform_e35_r026,TCRlong(0.40)+rw+A2_Ru10,0.546875,,
1b,D7-p3,0.25,26,D7-p3_e25_r026,ESF12alone,0.9541284403669725,0.3,2.0456468960037455
1b,D7-p3,0.25,26,D7-p3_e25_r026,ESF12,0.9541284403669725,,
1b,D7-p3,0.25,26,D7-p3_e25_r026,Alg2_Rs20,0.9541284403669725,,
1b,D7-p3,0.25,26,D7-p3_e25_r026,Alg2_Ru10,0.9541284403669725,,
1b,D7-p3,0.25,26,D7-p3_e25_r026,TCRlong(0.40)+rw+A2_Rs20,0.9541284403669725,,
1b,D7-p3,0.25,26,D7-p3_e25_r026,TCRlong(0.40)+rw+A2_Ru10,0.9541284403669725,,
1b,D7-p3,0.3,26,D7-p3_e30_r026,ESF12alone,0.8787878787878788,0.34,1.8370174700394273
1b,D7-p3,0.3,26,D7-p3_e30_r026,ESF12,0.8787878787878788,,
1b,D7-p3,0.3,26,D7-p3_e30_r026,Alg2_Rs20,0.8737373737373737,,
1b,D7-p3,0.3,26,D7-p3_e30_r026,Alg2_Ru10,0.8737373737373737,,
1b,D7-p3,0.3,26,D7-p3_e30_r026,TCRlong(0.40)+rw+A2_Rs20,0.8838383838383839,,
1b,D7-p3,0.3,26,D7-p3_e30_r026,TCRlong(0.40)+rw+A2_Ru10,0.8838383838383839,,
1b,D7-p3,0.35,26,D7-p3_e35_r026,ESF12alone,0.8995215311004785,0.30333333333333334,1.8336797829251736
1b,D7-p3,0.35,26,D7-p3_e35_r026,ESF12,0.8995215311004785,,
1b,D7-p3,0.35,26,D7-p3_e35_r026,Alg2_Rs20,0.8995215311004785,,
1b,D7-p3,0.35,26,D7-p3_e35_r026,Alg2_Ru10,0.8995215311004785,,
1b,D7-p3,0.35,26,D7-p3_e35_r026,TCRlong(0.40)+rw+A2_Rs20,0.8947368421052632,,
1b,D7-p3,0.35,26,D7-p3_e35_r026,TCRlong(0.40)+rw+A2_Ru10,0.8947368421052632,,
1b,D8-K2par-sep,0.25,26,D8-K2par-sep_e25_r026,ESF12alone,1.0,0.23333333333333334,0.08199891599360853
1b,D8-K2par-sep,0.25,26,D8-K2par-sep_e25_r026,ESF12,1.0,,
1b,D8-K2par-sep,0.25,26,D8-K2par-sep_e25_r026,Alg2_Rs20,1.0,,
1b,D8-K2par-sep,0.25,26,D8-K2par-sep_e25_r026,Alg2_Ru10,1.0,,
1b,D8-K2par-sep,0.25,26,D8-K2par-sep_e25_r026,TCRlong(0.40)+rw+A2_Rs20,1.0,,
1b,D8-K2par-sep,0.25,26,D8-K2par-sep_e25_r026,TCRlong(0.40)+rw+A2_Ru10,1.0,,
1b,D8-K2par-sep,0.3,26,D8-K2par-sep_e30_r026,ESF12alone,0.9953051643192489,0.29,0.099574796971865
1b,D8-K2par-sep,0.3,26,D8-K2par-sep_e30_r026,ESF12,0.9953051643192489,,
1b,D8-K2par-sep,0.3,26,D8-K2par-sep_e30_r026,Alg2_Rs20,0.9953051643192489,,
1b,D8-K2par-sep,0.3,26,D8-K2par-sep_e30_r026,Alg2_Ru10,0.9953051643192489,,
1b,D8-K2par-sep,0.3,26,D8-K2par-sep_e30_r026,TCRlong(0.40)+rw+A2_Rs20,0.9953051643192489,,
1b,D8-K2par-sep,0.3,26,D8-K2par-sep_e30_r026,TCRlong(0.40)+rw+A2_Ru10,0.9953051643192489,,
1b,D8-K2par-sep,0.35,26,D8-K2par-sep_e35_r026,ESF12alone,1.0,0.3466666666666667,0.0803606869885698
1b,D8-K2par-sep,0.35,26,D8-K2par-sep_e35_r026,ESF12,1.0,,
1b,D8-K2par-sep,0.35,26,D8-K2par-sep_e35_r026,Alg2_Rs20,1.0,,
1b,D8-K2par-sep,0.35,26,D8-K2par-sep_e35_r026,Alg2_Ru10,1.0,,
1b,D8-K2par-sep,0.35,26,D8-K2par-sep_e35_r026,TCRlong(0.40)+rw+A2_Rs20,1.0,,
1b,D8-K2par-sep,0.35,26,D8-K2par-sep_e35_r026,TCRlong(0.40)+rw+A2_Ru10,1.0,,
1b,D1-K2cross,0.25,27,D1-K2cross_e25_r027,ESF12alone,0.9004329004329005,0.23333333333333334,0.08016180200502276
1b,D1-K2cross,0.25,27,D1-K2cross_e25_r027,ESF12,0.9004329004329005,,
1b,D1-K2cross,0.25,27,D1-K2cross_e25_r027,Alg2_Rs20,0.8961038961038961,,
1b,D1-K2cross,0.25,27,D1-K2cross_e25_r027,Alg2_Ru10,0.8961038961038961,,
1b,D1-K2cross,0.25,27,D1-K2cross_e25_r027,TCRlong(0.40)+rw+A2_Rs20,0.9004329004329005,,
1b,D1-K2cross,0.25,27,D1-K2cross_e25_r027,TCRlong(0.40)+rw+A2_Ru10,0.9004329004329005,,
1b,D1-K2cross,0.3,27,D1-K2cross_e30_r027,ESF12alone,0.8842592592592593,0.28,0.09824623900931329
1b,D1-K2cross,0.3,27,D1-K2cross_e30_r027,ESF12,0.8842592592592593,,
1b,D1-K2cross,0.3,27,D1-K2cross_e30_r027,Alg2_Rs20,0.8842592592592593,,
1b,D1-K2cross,0.3,27,D1-K2cross_e30_r027,Alg2_Ru10,0.8842592592592593,,
1b,D1-K2cross,0.3,27,D1-K2cross_e30_r027,TCRlong(0.40)+rw+A2_Rs20,0.8842592592592593,,
1b,D1-K2cross,0.3,27,D1-K2cross_e30_r027,TCRlong(0.40)+rw+A2_Ru10,0.8842592592592593,,
1b,D1-K2cross,0.35,27,D1-K2cross_e35_r027,ESF12alone,0.9234449760765551,0.30333333333333334,0.08263911691028625
1b,D1-K2cross,0.35,27,D1-K2cross_e35_r027,ESF12,0.9234449760765551,,
1b,D1-K2cross,0.35,27,D1-K2cross_e35_r027,Alg2_Rs20,0.9234449760765551,,
1b,D1-K2cross,0.35,27,D1-K2cross_e35_r027,Alg2_Ru10,0.9234449760765551,,
1b,D1-K2cross,0.35,27,D1-K2cross_e35_r027,TCRlong(0.40)+rw+A2_Rs20,0.9234449760765551,,
1b,D1-K2cross,0.35,27,D1-K2cross_e35_r027,TCRlong(0.40)+rw+A2_Ru10,0.9234449760765551,,
1b,D2-K3par,0.25,27,D2-K3par_e25_r027,ESF12alone,0.9360730593607306,0.27,0.3364550999831408
1b,D2-K3par,0.25,27,D2-K3par_e25_r027,ESF12,0.9360730593607306,,
1b,D2-K3par,0.25,27,D2-K3par_e25_r027,Alg2_Rs20,0.9360730593607306,,
1b,D2-K3par,0.25,27,D2-K3par_e25_r027,Alg2_Ru10,0.9360730593607306,,
1b,D2-K3par,0.25,27,D2-K3par_e25_r027,TCRlong(0.40)+rw+A2_Rs20,0.9360730593607306,,
1b,D2-K3par,0.25,27,D2-K3par_e25_r027,TCRlong(0.40)+rw+A2_Ru10,0.9360730593607306,,
1b,D2-K3par,0.3,27,D2-K3par_e30_r027,ESF12alone,0.3384615384615385,0.0033333333333333335,0.3909606449306011
1b,D2-K3par,0.3,27,D2-K3par_e30_r027,ESF12,0.3384615384615385,,
1b,D2-K3par,0.3,27,D2-K3par_e30_r027,Alg2_Rs20,0.3384615384615385,,
1b,D2-K3par,0.3,27,D2-K3par_e30_r027,Alg2_Ru10,0.3384615384615385,,
1b,D2-K3par,0.3,27,D2-K3par_e30_r027,TCRlong(0.40)+rw+A2_Rs20,0.6564102564102564,,
1b,D2-K3par,0.3,27,D2-K3par_e30_r027,TCRlong(0.40)+rw+A2_Ru10,0.6564102564102564,,
1b,D2-K3par,0.35,27,D2-K3par_e35_r027,ESF12alone,0.6302083333333334,0.18666666666666668,0.4182998890755698
1b,D2-K3par,0.35,27,D2-K3par_e35_r027,ESF12,0.6302083333333334,,
1b,D2-K3par,0.35,27,D2-K3par_e35_r027,Alg2_Rs20,0.3697916666666667,,
1b,D2-K3par,0.35,27,D2-K3par_e35_r027,Alg2_Ru10,0.3697916666666667,,
1b,D2-K3par,0.35,27,D2-K3par_e35_r027,TCRlong(0.40)+rw+A2_Rs20,0.6666666666666666,,
1b,D2-K3par,0.35,27,D2-K3par_e35_r027,TCRlong(0.40)+rw+A2_Ru10,0.6666666666666666,,
1b,D3-unequal,0.25,27,D3-unequal_e25_r027,ESF12alone,0.868421052631579,0.24,0.07466776005458087
1b,D3-unequal,0.25,27,D3-unequal_e25_r027,ESF12,0.868421052631579,,
1b,D3-unequal,0.25,27,D3-unequal_e25_r027,Alg2_Rs20,0.868421052631579,,
1b,D3-unequal,0.25,27,D3-unequal_e25_r027,Alg2_Ru10,0.868421052631579,,
1b,D3-unequal,0.25,27,D3-unequal_e25_r027,TCRlong(0.40)+rw+A2_Rs20,0.881578947368421,,
1b,D3-unequal,0.25,27,D3-unequal_e25_r027,TCRlong(0.40)+rw+A2_Ru10,0.881578947368421,,
1b,D3-unequal,0.3,27,D3-unequal_e30_r027,ESF12alone,0.8443396226415094,0.29333333333333333,0.07544989010784775
1b,D3-unequal,0.3,27,D3-unequal_e30_r027,ESF12,0.8443396226415094,,
1b,D3-unequal,0.3,27,D3-unequal_e30_r027,Alg2_Rs20,0.8490566037735849,,
1b,D3-unequal,0.3,27,D3-unequal_e30_r027,Alg2_Ru10,0.8490566037735849,,
1b,D3-unequal,0.3,27,D3-unequal_e30_r027,TCRlong(0.40)+rw+A2_Rs20,0.8443396226415094,,
1b,D3-unequal,0.3,27,D3-unequal_e30_r027,TCRlong(0.40)+rw+A2_Ru10,0.8443396226415094,,
1b,D3-unequal,0.35,27,D3-unequal_e35_r027,ESF12alone,0.7365591397849462,0.19333333333333333,0.07569607393816113
1b,D3-unequal,0.35,27,D3-unequal_e35_r027,ESF12,0.7365591397849462,,
1b,D3-unequal,0.35,27,D3-unequal_e35_r027,Alg2_Rs20,0.7365591397849462,,
1b,D3-unequal,0.35,27,D3-unequal_e35_r027,Alg2_Ru10,0.7365591397849462,,
1b,D3-unequal,0.35,27,D3-unequal_e35_r027,TCRlong(0.40)+rw+A2_Rs20,0.7311827956989247,,
1b,D3-unequal,0.35,27,D3-unequal_e35_r027,TCRlong(0.40)+rw+A2_Ru10,0.7311827956989247,,
1b,D4-hetero,0.25,27,D4-hetero_e25_r027,ESF12alone,0.9279279279279279,0.2633333333333333,0.08963643689639866
1b,D4-hetero,0.25,27,D4-hetero_e25_r027,ESF12,0.9279279279279279,,
1b,D4-hetero,0.25,27,D4-hetero_e25_r027,Alg2_Rs20,0.9279279279279279,,
1b,D4-hetero,0.25,27,D4-hetero_e25_r027,Alg2_Ru10,0.9279279279279279,,
1b,D4-hetero,0.25,27,D4-hetero_e25_r027,TCRlong(0.40)+rw+A2_Rs20,0.9279279279279279,,
1b,D4-hetero,0.25,27,D4-hetero_e25_r027,TCRlong(0.40)+rw+A2_Ru10,0.9279279279279279,,
1b,D4-hetero,0.3,27,D4-hetero_e30_r027,ESF12alone,0.9308755760368663,0.2833333333333333,0.10920963296666741
1b,D4-hetero,0.3,27,D4-hetero_e30_r027,ESF12,0.9308755760368663,,
1b,D4-hetero,0.3,27,D4-hetero_e30_r027,Alg2_Rs20,0.9308755760368663,,
1b,D4-hetero,0.3,27,D4-hetero_e30_r027,Alg2_Ru10,0.9308755760368663,,
1b,D4-hetero,0.3,27,D4-hetero_e30_r027,TCRlong(0.40)+rw+A2_Rs20,0.9308755760368663,,
1b,D4-hetero,0.3,27,D4-hetero_e30_r027,TCRlong(0.40)+rw+A2_Ru10,0.9308755760368663,,
1b,D4-hetero,0.35,27,D4-hetero_e35_r027,ESF12alone,0.9030612244897959,0.3466666666666667,0.08043765800539404
1b,D4-hetero,0.35,27,D4-hetero_e35_r027,ESF12,0.9030612244897959,,
1b,D4-hetero,0.35,27,D4-hetero_e35_r027,Alg2_Rs20,0.9132653061224489,,
1b,D4-hetero,0.35,27,D4-hetero_e35_r027,Alg2_Ru10,0.9132653061224489,,
1b,D4-hetero,0.35,27,D4-hetero_e35_r027,TCRlong(0.40)+rw+A2_Rs20,0.9132653061224489,,
1b,D4-hetero,0.35,27,D4-hetero_e35_r027,TCRlong(0.40)+rw+A2_Ru10,0.9132653061224489,,
1b,D5-leverage,0.25,27,D5-leverage_e25_r027,ESF12alone,0.5,0.09,0.08144032198470086
1b,D5-leverage,0.25,27,D5-leverage_e25_r027,ESF12,0.5,,
1b,D5-leverage,0.25,27,D5-leverage_e25_r027,Alg2_Rs20,0.5045045045045045,,
1b,D5-leverage,0.25,27,D5-leverage_e25_r027,Alg2_Ru10,0.5045045045045045,,
1b,D5-leverage,0.25,27,D5-leverage_e25_r027,TCRlong(0.40)+rw+A2_Rs20,0.8018018018018018,,
1b,D5-leverage,0.25,27,D5-leverage_e25_r027,TCRlong(0.40)+rw+A2_Ru10,0.8018018018018018,,
1b,D5-leverage,0.3,27,D5-leverage_e30_r027,ESF12alone,0.514018691588785,0.013333333333333334,0.08270400599576533
1b,D5-leverage,0.3,27,D5-leverage_e30_r027,ESF12,0.514018691588785,,
1b,D5-leverage,0.3,27,D5-leverage_e30_r027,Alg2_Rs20,0.514018691588785,,
1b,D5-leverage,0.3,27,D5-leverage_e30_r027,Alg2_Ru10,0.514018691588785,,
1b,D5-leverage,0.3,27,D5-leverage_e30_r027,TCRlong(0.40)+rw+A2_Rs20,0.514018691588785,,
1b,D5-leverage,0.3,27,D5-leverage_e30_r027,TCRlong(0.40)+rw+A2_Ru10,0.514018691588785,,
1b,D5-leverage,0.35,27,D5-leverage_e35_r027,ESF12alone,0.5384615384615384,0.0033333333333333335,0.07852942997124046
1b,D5-leverage,0.35,27,D5-leverage_e35_r027,ESF12,0.5384615384615384,,
1b,D5-leverage,0.35,27,D5-leverage_e35_r027,Alg2_Rs20,0.5384615384615384,,
1b,D5-leverage,0.35,27,D5-leverage_e35_r027,Alg2_Ru10,0.5384615384615384,,
1b,D5-leverage,0.35,27,D5-leverage_e35_r027,TCRlong(0.40)+rw+A2_Rs20,0.5384615384615384,,
1b,D5-leverage,0.35,27,D5-leverage_e35_r027,TCRlong(0.40)+rw+A2_Ru10,0.5384615384615384,,
1b,D6-uniform,0.25,27,D6-uniform_e25_r027,ESF12alone,0.8859649122807017,0.16333333333333333,0.07683003705460578
1b,D6-uniform,0.25,27,D6-uniform_e25_r027,ESF12,0.8859649122807017,,
1b,D6-uniform,0.25,27,D6-uniform_e25_r027,Alg2_Rs20,0.8903508771929824,,
1b,D6-uniform,0.25,27,D6-uniform_e25_r027,Alg2_Ru10,0.8903508771929824,,
1b,D6-uniform,0.25,27,D6-uniform_e25_r027,TCRlong(0.40)+rw+A2_Rs20,0.881578947368421,,
1b,D6-uniform,0.25,27,D6-uniform_e25_r027,TCRlong(0.40)+rw+A2_Ru10,0.881578947368421,,
1b,D6-uniform,0.3,27,D6-uniform_e30_r027,ESF12alone,0.5023474178403756,0.0,0.08023711305577308
1b,D6-uniform,0.3,27,D6-uniform_e30_r027,ESF12,0.5023474178403756,,
1b,D6-uniform,0.3,27,D6-uniform_e30_r027,Alg2_Rs20,0.5023474178403756,,
1b,D6-uniform,0.3,27,D6-uniform_e30_r027,Alg2_Ru10,0.5023474178403756,,
1b,D6-uniform,0.3,27,D6-uniform_e30_r027,TCRlong(0.40)+rw+A2_Rs20,0.5117370892018779,,
1b,D6-uniform,0.3,27,D6-uniform_e30_r027,TCRlong(0.40)+rw+A2_Ru10,0.5117370892018779,,
1b,D6-uniform,0.35,27,D6-uniform_e35_r027,ESF12alone,0.5585106382978723,0.0,0.07930643402505666
1b,D6-uniform,0.35,27,D6-uniform_e35_r027,ESF12,0.5585106382978723,,
1b,D6-uniform,0.35,27,D6-uniform_e35_r027,Alg2_Rs20,0.5585106382978723,,
1b,D6-uniform,0.35,27,D6-uniform_e35_r027,Alg2_Ru10,0.5585106382978723,,
1b,D6-uniform,0.35,27,D6-uniform_e35_r027,TCRlong(0.40)+rw+A2_Rs20,0.5638297872340425,,
1b,D6-uniform,0.35,27,D6-uniform_e35_r027,TCRlong(0.40)+rw+A2_Ru10,0.5638297872340425,,
1b,D7-p3,0.25,27,D7-p3_e25_r027,ESF12alone,0.944954128440367,0.2733333333333333,2.1459215179784223
1b,D7-p3,0.25,27,D7-p3_e25_r027,ESF12,0.944954128440367,,
1b,D7-p3,0.25,27,D7-p3_e25_r027,Alg2_Rs20,0.944954128440367,,
1b,D7-p3,0.25,27,D7-p3_e25_r027,Alg2_Ru10,0.944954128440367,,
1b,D7-p3,0.25,27,D7-p3_e25_r027,TCRlong(0.40)+rw+A2_Rs20,0.944954128440367,,
1b,D7-p3,0.25,27,D7-p3_e25_r027,TCRlong(0.40)+rw+A2_Ru10,0.944954128440367,,
1b,D7-p3,0.3,27,D7-p3_e30_r027,ESF12alone,0.8947368421052632,0.3333333333333333,2.055806578020565
1b,D7-p3,0.3,27,D7-p3_e30_r027,ESF12,0.8947368421052632,,
1b,D7-p3,0.3,27,D7-p3_e30_r027,Alg2_Rs20,0.8947368421052632,,
1b,D7-p3,0.3,27,D7-p3_e30_r027,Alg2_Ru10,0.8947368421052632,,
1b,D7-p3,0.3,27,D7-p3_e30_r027,TCRlong(0.40)+rw+A2_Rs20,0.8947368421052632,,
1b,D7-p3,0.3,27,D7-p3_e30_r027,TCRlong(0.40)+rw+A2_Ru10,0.8947368421052632,,
1b,D7-p3,0.35,27,D7-p3_e35_r027,ESF12alone,0.8980582524271845,0.31666666666666665,1.8641568149905652
1b,D7-p3,0.35,27,D7-p3_e35_r027,ESF12,0.8980582524271845,,
1b,D7-p3,0.35,27,D7-p3_e35_r027,Alg2_Rs20,0.8932038834951457,,
1b,D7-p3,0.35,27,D7-p3_e35_r027,Alg2_Ru10,0.8932038834951457,,
1b,D7-p3,0.35,27,D7-p3_e35_r027,TCRlong(0.40)+rw+A2_Rs20,0.8883495145631068,,
1b,D7-p3,0.35,27,D7-p3_e35_r027,TCRlong(0.40)+rw+A2_Ru10,0.8883495145631068,,
1b,D8-K2par-sep,0.25,27,D8-K2par-sep_e25_r027,ESF12alone,0.995475113122172,0.2633333333333333,0.06932839995715767
1b,D8-K2par-sep,0.25,27,D8-K2par-sep_e25_r027,ESF12,0.995475113122172,,
1b,D8-K2par-sep,0.25,27,D8-K2par-sep_e25_r027,Alg2_Rs20,0.995475113122172,,
1b,D8-K2par-sep,0.25,27,D8-K2par-sep_e25_r027,Alg2_Ru10,0.995475113122172,,
1b,D8-K2par-sep,0.25,27,D8-K2par-sep_e25_r027,TCRlong(0.40)+rw+A2_Rs20,0.995475113122172,,
1b,D8-K2par-sep,0.25,27,D8-K2par-sep_e25_r027,TCRlong(0.40)+rw+A2_Ru10,0.995475113122172,,
1b,D8-K2par-sep,0.3,27,D8-K2par-sep_e30_r027,ESF12alone,1.0,0.2966666666666667,0.08503074105829
1b,D8-K2par-sep,0.3,27,D8-K2par-sep_e30_r027,ESF12,1.0,,
1b,D8-K2par-sep,0.3,27,D8-K2par-sep_e30_r027,Alg2_Rs20,1.0,,
1b,D8-K2par-sep,0.3,27,D8-K2par-sep_e30_r027,Alg2_Ru10,1.0,,
1b,D8-K2par-sep,0.3,27,D8-K2par-sep_e30_r027,TCRlong(0.40)+rw+A2_Rs20,1.0,,
1b,D8-K2par-sep,0.3,27,D8-K2par-sep_e30_r027,TCRlong(0.40)+rw+A2_Ru10,1.0,,
1b,D8-K2par-sep,0.35,27,D8-K2par-sep_e35_r027,ESF12alone,0.9949748743718593,0.33666666666666667,0.07725568604655564
1b,D8-K2par-sep,0.35,27,D8-K2par-sep_e35_r027,ESF12,0.9949748743718593,,
1b,D8-K2par-sep,0.35,27,D8-K2par-sep_e35_r027,Alg2_Rs20,0.9949748743718593,,
1b,D8-K2par-sep,0.35,27,D8-K2par-sep_e35_r027,Alg2_Ru10,0.9949748743718593,,
1b,D8-K2par-sep,0.35,27,D8-K2par-sep_e35_r027,TCRlong(0.40)+rw+A2_Rs20,0.9949748743718593,,
1b,D8-K2par-sep,0.35,27,D8-K2par-sep_e35_r027,TCRlong(0.40)+rw+A2_Ru10,0.9949748743718593,,
1b,D1-K2cross,0.25,28,D1-K2cross_e25_r028,ESF12alone,0.9192825112107623,0.25666666666666665,0.07023309299256653
1b,D1-K2cross,0.25,28,D1-K2cross_e25_r028,ESF12,0.9192825112107623,,
1b,D1-K2cross,0.25,28,D1-K2cross_e25_r028,Alg2_Rs20,0.9147982062780269,,
1b,D1-K2cross,0.25,28,D1-K2cross_e25_r028,Alg2_Ru10,0.9147982062780269,,
1b,D1-K2cross,0.25,28,D1-K2cross_e25_r028,TCRlong(0.40)+rw+A2_Rs20,0.9147982062780269,,
1b,D1-K2cross,0.25,28,D1-K2cross_e25_r028,TCRlong(0.40)+rw+A2_Ru10,0.9147982062780269,,
1b,D1-K2cross,0.3,28,D1-K2cross_e30_r028,ESF12alone,0.8990384615384616,0.31666666666666665,0.08815249998588115
1b,D1-K2cross,0.3,28,D1-K2cross_e30_r028,ESF12,0.8990384615384616,,
1b,D1-K2cross,0.3,28,D1-K2cross_e30_r028,Alg2_Rs20,0.8990384615384616,,
1b,D1-K2cross,0.3,28,D1-K2cross_e30_r028,Alg2_Ru10,0.8990384615384616,,
1b,D1-K2cross,0.3,28,D1-K2cross_e30_r028,TCRlong(0.40)+rw+A2_Rs20,0.9038461538461539,,
1b,D1-K2cross,0.3,28,D1-K2cross_e30_r028,TCRlong(0.40)+rw+A2_Ru10,0.9038461538461539,,
1b,D1-K2cross,0.35,28,D1-K2cross_e35_r028,ESF12alone,0.9226804123711341,0.35333333333333333,0.0736487649846822
1b,D1-K2cross,0.35,28,D1-K2cross_e35_r028,ESF12,0.9226804123711341,,
1b,D1-K2cross,0.35,28,D1-K2cross_e35_r028,Alg2_Rs20,0.9226804123711341,,
1b,D1-K2cross,0.35,28,D1-K2cross_e35_r028,Alg2_Ru10,0.9226804123711341,,
1b,D1-K2cross,0.35,28,D1-K2cross_e35_r028,TCRlong(0.40)+rw+A2_Rs20,0.9226804123711341,,
1b,D1-K2cross,0.35,28,D1-K2cross_e35_r028,TCRlong(0.40)+rw+A2_Ru10,0.9226804123711341,,
1b,D2-K3par,0.25,28,D2-K3par_e25_r028,ESF12alone,0.9126637554585153,0.23666666666666666,0.391973863937892
1b,D2-K3par,0.25,28,D2-K3par_e25_r028,ESF12,0.9126637554585153,,
1b,D2-K3par,0.25,28,D2-K3par_e25_r028,Alg2_Rs20,0.9213973799126638,,
1b,D2-K3par,0.25,28,D2-K3par_e25_r028,Alg2_Ru10,0.9213973799126638,,
1b,D2-K3par,0.25,28,D2-K3par_e25_r028,TCRlong(0.40)+rw+A2_Rs20,0.9213973799126638,,
1b,D2-K3par,0.25,28,D2-K3par_e25_r028,TCRlong(0.40)+rw+A2_Ru10,0.9213973799126638,,
1b,D2-K3par,0.3,28,D2-K3par_e30_r028,ESF12alone,0.7185929648241206,0.16666666666666666,0.4548667250201106
1b,D2-K3par,0.3,28,D2-K3par_e30_r028,ESF12,0.7185929648241206,,
1b,D2-K3par,0.3,28,D2-K3par_e30_r028,Alg2_Rs20,0.3869346733668342,,
1b,D2-K3par,0.3,28,D2-K3par_e30_r028,Alg2_Ru10,0.3869346733668342,,
1b,D2-K3par,0.3,28,D2-K3par_e30_r028,TCRlong(0.40)+rw+A2_Rs20,0.914572864321608,,
1b,D2-K3par,0.3,28,D2-K3par_e30_r028,TCRlong(0.40)+rw+A2_Ru10,0.914572864321608,,
1b,D2-K3par,0.35,28,D2-K3par_e35_r028,ESF12alone,0.6836734693877551,0.13333333333333333,0.35578947304748
1b,D2-K3par,0.35,28,D2-K3par_e35_r028,ESF12,0.6836734693877551,,
1b,D2-K3par,0.35,28,D2-K3par_e35_r028,Alg2_Rs20,0.6836734693877551,,
1b,D2-K3par,0.35,28,D2-K3par_e35_r028,Alg2_Ru10,0.6836734693877551,,
1b,D2-K3par,0.35,28,D2-K3par_e35_r028,TCRlong(0.40)+rw+A2_Rs20,0.6836734693877551,,
1b,D2-K3par,0.35,28,D2-K3par_e35_r028,TCRlong(0.40)+rw+A2_Ru10,0.6836734693877551,,
1b,D3-unequal,0.25,28,D3-unequal_e25_r028,ESF12alone,0.9047619047619048,0.23,0.07600498793181032
1b,D3-unequal,0.25,28,D3-unequal_e25_r028,ESF12,0.9047619047619048,,
1b,D3-unequal,0.25,28,D3-unequal_e25_r028,Alg2_Rs20,0.9004329004329005,,
1b,D3-unequal,0.25,28,D3-unequal_e25_r028,Alg2_Ru10,0.9004329004329005,,
1b,D3-unequal,0.25,28,D3-unequal_e25_r028,TCRlong(0.40)+rw+A2_Rs20,0.9090909090909091,,
1b,D3-unequal,0.25,28,D3-unequal_e25_r028,TCRlong(0.40)+rw+A2_Ru10,0.9090909090909091,,
1b,D3-unequal,0.3,28,D3-unequal_e30_r028,ESF12alone,0.9223300970873787,0.31333333333333335,0.06983091402798891
1b,D3-unequal,0.3,28,D3-unequal_e30_r028,ESF12,0.9223300970873787,,
1b,D3-unequal,0.3,28,D3-unequal_e30_r028,Alg2_Rs20,0.9223300970873787,,
1b,D3-unequal,0.3,28,D3-unequal_e30_r028,Alg2_Ru10,0.9223300970873787,,
1b,D3-unequal,0.3,28,D3-unequal_e30_r028,TCRlong(0.40)+rw+A2_Rs20,0.9223300970873787,,
1b,D3-unequal,0.3,28,D3-unequal_e30_r028,TCRlong(0.40)+rw+A2_Ru10,0.9223300970873787,,
1b,D3-unequal,0.35,28,D3-unequal_e35_r028,ESF12alone,0.9226804123711341,0.35333333333333333,0.08443683898076415
1b,D3-unequal,0.35,28,D3-unequal_e35_r028,ESF12,0.9226804123711341,,
1b,D3-unequal,0.35,28,D3-unequal_e35_r028,Alg2_Rs20,0.9226804123711341,,
1b,D3-unequal,0.35,28,D3-unequal_e35_r028,Alg2_Ru10,0.9226804123711341,,
1b,D3-unequal,0.35,28,D3-unequal_e35_r028,TCRlong(0.40)+rw+A2_Rs20,0.9329896907216495,,
1b,D3-unequal,0.35,28,D3-unequal_e35_r028,TCRlong(0.40)+rw+A2_Ru10,0.9329896907216495,,
1b,D4-hetero,0.25,28,D4-hetero_e25_r028,ESF12alone,0.9273504273504274,0.22333333333333333,0.08191177295520902
1b,D4-hetero,0.25,28,D4-hetero_e25_r028,ESF12,0.9273504273504274,,
1b,D4-hetero,0.25,28,D4-hetero_e25_r028,Alg2_Rs20,0.9230769230769231,,
1b,D4-hetero,0.25,28,D4-hetero_e25_r028,Alg2_Ru10,0.9230769230769231,,
1b,D4-hetero,0.25,28,D4-hetero_e25_r028,TCRlong(0.40)+rw+A2_Rs20,0.9230769230769231,,
1b,D4-hetero,0.25,28,D4-hetero_e25_r028,TCRlong(0.40)+rw+A2_Ru10,0.9230769230769231,,
1b,D4-hetero,0.3,28,D4-hetero_e30_r028,ESF12alone,0.9076923076923077,0.35333333333333333,0.08203785808291286
1b,D4-hetero,0.3,28,D4-hetero_e30_r028,ESF12,0.9076923076923077,,
1b,D4-hetero,0.3,28,D4-hetero_e30_r028,Alg2_Rs20,0.9076923076923077,,
1b,D4-hetero,0.3,28,D4-hetero_e30_r028,Alg2_Ru10,0.9076923076923077,,
1b,D4-hetero,0.3,28,D4-hetero_e30_r028,TCRlong(0.40)+rw+A2_Rs20,0.9076923076923077,,
1b,D4-hetero,0.3,28,D4-hetero_e30_r028,TCRlong(0.40)+rw+A2_Ru10,0.9076923076923077,,
1b,D4-hetero,0.35,28,D4-hetero_e35_r028,ESF12alone,0.9271844660194175,0.31333333333333335,0.07547547004651278
1b,D4-hetero,0.35,28,D4-hetero_e35_r028,ESF12,0.9271844660194175,,
1b,D4-hetero,0.35,28,D4-hetero_e35_r028,Alg2_Rs20,0.9271844660194175,,
1b,D4-hetero,0.35,28,D4-hetero_e35_r028,Alg2_Ru10,0.9271844660194175,,
1b,D4-hetero,0.35,28,D4-hetero_e35_r028,TCRlong(0.40)+rw+A2_Rs20,0.9271844660194175,,
1b,D4-hetero,0.35,28,D4-hetero_e35_r028,TCRlong(0.40)+rw+A2_Ru10,0.9271844660194175,,
1b,D5-leverage,0.25,28,D5-leverage_e25_r028,ESF12alone,0.5089285714285714,0.09666666666666666,0.07018933293875307
1b,D5-leverage,0.25,28,D5-leverage_e25_r028,ESF12,0.5089285714285714,,
1b,D5-leverage,0.25,28,D5-leverage_e25_r028,Alg2_Rs20,0.5089285714285714,,
1b,D5-leverage,0.25,28,D5-leverage_e25_r028,Alg2_Ru10,0.5089285714285714,,
1b,D5-leverage,0.25,28,D5-leverage_e25_r028,TCRlong(0.40)+rw+A2_Rs20,0.90625,,
1b,D5-leverage,0.25,28,D5-leverage_e25_r028,TCRlong(0.40)+rw+A2_Ru10,0.90625,,
1b,D5-leverage,0.3,28,D5-leverage_e30_r028,ESF12alone,0.5165876777251185,0.0,0.07290264603216201
1b,D5-leverage,0.3,28,D5-leverage_e30_r028,ESF12,0.5165876777251185,,
1b,D5-leverage,0.3,28,D5-leverage_e30_r028,Alg2_Rs20,0.5165876777251185,,
1b,D5-leverage,0.3,28,D5-leverage_e30_r028,Alg2_Ru10,0.5165876777251185,,
1b,D5-leverage,0.3,28,D5-leverage_e30_r028,TCRlong(0.40)+rw+A2_Rs20,0.5071090047393365,,
1b,D5-leverage,0.3,28,D5-leverage_e30_r028,TCRlong(0.40)+rw+A2_Ru10,0.5071090047393365,,
1b,D5-leverage,0.35,28,D5-leverage_e35_r028,ESF12alone,0.5235602094240838,0.11333333333333333,0.07141945604234934
1b,D5-leverage,0.35,28,D5-leverage_e35_r028,ESF12,0.5235602094240838,,
1b,D5-leverage,0.35,28,D5-leverage_e35_r028,Alg2_Rs20,0.5549738219895288,,
1b,D5-leverage,0.35,28,D5-leverage_e35_r028,Alg2_Ru10,0.5549738219895288,,
1b,D5-leverage,0.35,28,D5-leverage_e35_r028,TCRlong(0.40)+rw+A2_Rs20,0.5706806282722513,,
1b,D5-leverage,0.35,28,D5-leverage_e35_r028,TCRlong(0.40)+rw+A2_Ru10,0.5706806282722513,,
1b,D6-uniform,0.25,28,D6-uniform_e25_r028,ESF12alone,0.5301724137931034,0.0,0.08133733796421438
1b,D6-uniform,0.25,28,D6-uniform_e25_r028,ESF12,0.5301724137931034,,
1b,D6-uniform,0.25,28,D6-uniform_e25_r028,Alg2_Rs20,0.9181034482758621,,
1b,D6-uniform,0.25,28,D6-uniform_e25_r028,Alg2_Ru10,0.9181034482758621,,
1b,D6-uniform,0.25,28,D6-uniform_e25_r028,TCRlong(0.40)+rw+A2_Rs20,0.9224137931034483,,
1b,D6-uniform,0.25,28,D6-uniform_e25_r028,TCRlong(0.40)+rw+A2_Ru10,0.9224137931034483,,
1b,D6-uniform,0.3,28,D6-uniform_e30_r028,ESF12alone,0.9248826291079812,0.23333333333333334,0.07690080092288554
1b,D6-uniform,0.3,28,D6-uniform_e30_r028,ESF12,0.9248826291079812,,
1b,D6-uniform,0.3,28,D6-uniform_e30_r028,Alg2_Rs20,0.5023474178403756,,
1b,D6-uniform,0.3,28,D6-uniform_e30_r028,Alg2_Ru10,0.5023474178403756,,
1b,D6-uniform,0.3,28,D6-uniform_e30_r028,TCRlong(0.40)+rw+A2_Rs20,0.9342723004694836,,
1b,D6-uniform,0.3,28,D6-uniform_e30_r028,TCRlong(0.40)+rw+A2_Ru10,0.9342723004694836,,
1b,D6-uniform,0.35,28,D6-uniform_e35_r028,ESF12alone,0.5388888888888889,0.0,0.07510977692436427
1b,D6-uniform,0.35,28,D6-uniform_e35_r028,ESF12,0.5388888888888889,,
1b,D6-uniform,0.35,28,D6-uniform_e35_r028,Alg2_Rs20,0.5555555555555556,,
1b,D6-uniform,0.35,28,D6-uniform_e35_r028,Alg2_Ru10,0.5555555555555556,,
1b,D6-uniform,0.35,28,D6-uniform_e35_r028,TCRlong(0.40)+rw+A2_Rs20,0.5833333333333334,,
1b,D6-uniform,0.35,28,D6-uniform_e35_r028,TCRlong(0.40)+rw+A2_Ru10,0.5833333333333334,,
1b,D7-p3,0.25,28,D7-p3_e25_r028,ESF12alone,0.8697478991596639,0.21333333333333335,2.131783899036236
1b,D7-p3,0.25,28,D7-p3_e25_r028,ESF12,0.8697478991596639,,
1b,D7-p3,0.25,28,D7-p3_e25_r028,Alg2_Rs20,0.8697478991596639,,
1b,D7-p3,0.25,28,D7-p3_e25_r028,Alg2_Ru10,0.8697478991596639,,
1b,D7-p3,0.25,28,D7-p3_e25_r028,TCRlong(0.40)+rw+A2_Rs20,0.8781512605042017,,
1b,D7-p3,0.25,28,D7-p3_e25_r028,TCRlong(0.40)+rw+A2_Ru10,0.8781512605042017,,
1b,D7-p3,0.3,28,D7-p3_e30_r028,ESF12alone,0.9285714285714286,0.3,1.6344359719660133
1b,D7-p3,0.3,28,D7-p3_e30_r028,ESF12,0.9285714285714286,,
1b,D7-p3,0.3,28,D7-p3_e30_r028,Alg2_Rs20,0.9285714285714286,,
1b,D7-p3,0.3,28,D7-p3_e30_r028,Alg2_Ru10,0.9285714285714286,,
1b,D7-p3,0.3,28,D7-p3_e30_r028,TCRlong(0.40)+rw+A2_Rs20,0.9285714285714286,,
1b,D7-p3,0.3,28,D7-p3_e30_r028,TCRlong(0.40)+rw+A2_Ru10,0.9285714285714286,,
1b,D7-p3,0.35,28,D7-p3_e35_r028,ESF12alone,0.905,0.3333333333333333,2.428799810935743
1b,D7-p3,0.35,28,D7-p3_e35_r028,ESF12,0.905,,
1b,D7-p3,0.35,28,D7-p3_e35_r028,Alg2_Rs20,0.9,,
1b,D7-p3,0.35,28,D7-p3_e35_r028,Alg2_Ru10,0.9,,
1b,D7-p3,0.35,28,D7-p3_e35_r028,TCRlong(0.40)+rw+A2_Rs20,0.9,,
1b,D7-p3,0.35,28,D7-p3_e35_r028,TCRlong(0.40)+rw+A2_Ru10,0.9,,
1b,D8-K2par-sep,0.25,28,D8-K2par-sep_e25_r028,ESF12alone,1.0,0.2733333333333333,0.07873507996555418
1b,D8-K2par-sep,0.25,28,D8-K2par-sep_e25_r028,ESF12,1.0,,
1b,D8-K2par-sep,0.25,28,D8-K2par-sep_e25_r028,Alg2_Rs20,1.0,,
1b,D8-K2par-sep,0.25,28,D8-K2par-sep_e25_r028,Alg2_Ru10,1.0,,
1b,D8-K2par-sep,0.25,28,D8-K2par-sep_e25_r028,TCRlong(0.40)+rw+A2_Rs20,1.0,,
1b,D8-K2par-sep,0.25,28,D8-K2par-sep_e25_r028,TCRlong(0.40)+rw+A2_Ru10,1.0,,
1b,D8-K2par-sep,0.3,28,D8-K2par-sep_e30_r028,ESF12alone,1.0,0.32,0.07756587897893041
1b,D8-K2par-sep,0.3,28,D8-K2par-sep_e30_r028,ESF12,1.0,,
1b,D8-K2par-sep,0.3,28,D8-K2par-sep_e30_r028,Alg2_Rs20,1.0,,
1b,D8-K2par-sep,0.3,28,D8-K2par-sep_e30_r028,Alg2_Ru10,1.0,,
1b,D8-K2par-sep,0.3,28,D8-K2par-sep_e30_r028,TCRlong(0.40)+rw+A2_Rs20,1.0,,
1b,D8-K2par-sep,0.3,28,D8-K2par-sep_e30_r028,TCRlong(0.40)+rw+A2_Ru10,1.0,,
1b,D8-K2par-sep,0.35,28,D8-K2par-sep_e35_r028,ESF12alone,0.9949238578680203,0.3433333333333333,0.09596595901530236
1b,D8-K2par-sep,0.35,28,D8-K2par-sep_e35_r028,ESF12,0.9949238578680203,,
1b,D8-K2par-sep,0.35,28,D8-K2par-sep_e35_r028,Alg2_Rs20,0.9949238578680203,,
1b,D8-K2par-sep,0.35,28,D8-K2par-sep_e35_r028,Alg2_Ru10,0.9949238578680203,,
1b,D8-K2par-sep,0.35,28,D8-K2par-sep_e35_r028,TCRlong(0.40)+rw+A2_Rs20,0.9949238578680203,,
1b,D8-K2par-sep,0.35,28,D8-K2par-sep_e35_r028,TCRlong(0.40)+rw+A2_Ru10,0.9949238578680203,,
1b,D1-K2cross,0.25,29,D1-K2cross_e25_r029,ESF12alone,0.9192825112107623,0.25666666666666665,0.08175838296301663
1b,D1-K2cross,0.25,29,D1-K2cross_e25_r029,ESF12,0.9192825112107623,,
1b,D1-K2cross,0.25,29,D1-K2cross_e25_r029,Alg2_Rs20,0.9237668161434978,,
1b,D1-K2cross,0.25,29,D1-K2cross_e25_r029,Alg2_Ru10,0.9237668161434978,,
1b,D1-K2cross,0.25,29,D1-K2cross_e25_r029,TCRlong(0.40)+rw+A2_Rs20,0.9237668161434978,,
1b,D1-K2cross,0.25,29,D1-K2cross_e25_r029,TCRlong(0.40)+rw+A2_Ru10,0.9237668161434978,,
1b,D1-K2cross,0.3,29,D1-K2cross_e30_r029,ESF12alone,0.9090909090909091,0.30333333333333334,0.09767702501267195
1b,D1-K2cross,0.3,29,D1-K2cross_e30_r029,ESF12,0.9090909090909091,,
1b,D1-K2cross,0.3,29,D1-K2cross_e30_r029,Alg2_Rs20,0.9090909090909091,,
1b,D1-K2cross,0.3,29,D1-K2cross_e30_r029,Alg2_Ru10,0.9090909090909091,,
1b,D1-K2cross,0.3,29,D1-K2cross_e30_r029,TCRlong(0.40)+rw+A2_Rs20,0.9090909090909091,,
1b,D1-K2cross,0.3,29,D1-K2cross_e30_r029,TCRlong(0.40)+rw+A2_Ru10,0.9090909090909091,,
1b,D1-K2cross,0.35,29,D1-K2cross_e35_r029,ESF12alone,0.9336734693877551,0.3466666666666667,0.07847420393954962
1b,D1-K2cross,0.35,29,D1-K2cross_e35_r029,ESF12,0.9336734693877551,,
1b,D1-K2cross,0.35,29,D1-K2cross_e35_r029,Alg2_Rs20,0.9336734693877551,,
1b,D1-K2cross,0.35,29,D1-K2cross_e35_r029,Alg2_Ru10,0.9336734693877551,,
1b,D1-K2cross,0.35,29,D1-K2cross_e35_r029,TCRlong(0.40)+rw+A2_Rs20,0.9336734693877551,,
1b,D1-K2cross,0.35,29,D1-K2cross_e35_r029,TCRlong(0.40)+rw+A2_Ru10,0.9336734693877551,,
1b,D2-K3par,0.25,29,D2-K3par_e25_r029,ESF12alone,0.9177489177489178,0.23,0.26698047399986535
1b,D2-K3par,0.25,29,D2-K3par_e25_r029,ESF12,0.9177489177489178,,
1b,D2-K3par,0.25,29,D2-K3par_e25_r029,Alg2_Rs20,0.9004329004329005,,
1b,D2-K3par,0.25,29,D2-K3par_e25_r029,Alg2_Ru10,0.9004329004329005,,
1b,D2-K3par,0.25,29,D2-K3par_e25_r029,TCRlong(0.40)+rw+A2_Rs20,0.8658008658008658,,
1b,D2-K3par,0.25,29,D2-K3par_e25_r029,TCRlong(0.40)+rw+A2_Ru10,0.8658008658008658,,
1b,D2-K3par,0.3,29,D2-K3par_e30_r029,ESF12alone,0.8949771689497716,0.27,0.38756442291196436
1b,D2-K3par,0.3,29,D2-K3par_e30_r029,ESF12,0.8949771689497716,,
1b,D2-K3par,0.3,29,D2-K3par_e30_r029,Alg2_Rs20,0.8949771689497716,,
1b,D2-K3par,0.3,29,D2-K3par_e30_r029,Alg2_Ru10,0.8949771689497716,,
1b,D2-K3par,0.3,29,D2-K3par_e30_r029,TCRlong(0.40)+rw+A2_Rs20,0.8812785388127854,,
1b,D2-K3par,0.3,29,D2-K3par_e30_r029,TCRlong(0.40)+rw+A2_Ru10,0.8812785388127854,,
1b,D2-K3par,0.35,29,D2-K3par_e35_r029,ESF12alone,0.6290322580645161,0.15333333333333332,0.42133388202637434
1b,D2-K3par,0.35,29,D2-K3par_e35_r029,ESF12,0.6290322580645161,,
1b,D2-K3par,0.35,29,D2-K3par_e35_r029,Alg2_Rs20,0.6290322580645161,,
1b,D2-K3par,0.35,29,D2-K3par_e35_r029,Alg2_Ru10,0.6290322580645161,,
1b,D2-K3par,0.35,29,D2-K3par_e35_r029,TCRlong(0.40)+rw+A2_Rs20,0.6290322580645161,,
1b,D2-K3par,0.35,29,D2-K3par_e35_r029,TCRlong(0.40)+rw+A2_Ru10,0.6290322580645161,,
1b,D3-unequal,0.25,29,D3-unequal_e25_r029,ESF12alone,0.9181818181818182,0.26666666666666666,0.0769790499471128
1b,D3-unequal,0.25,29,D3-unequal_e25_r029,ESF12,0.9181818181818182,,
1b,D3-unequal,0.25,29,D3-unequal_e25_r029,Alg2_Rs20,0.9181818181818182,,
1b,D3-unequal,0.25,29,D3-unequal_e25_r029,Alg2_Ru10,0.9181818181818182,,
1b,D3-unequal,0.25,29,D3-unequal_e25_r029,TCRlong(0.40)+rw+A2_Rs20,0.9181818181818182,,
1b,D3-unequal,0.25,29,D3-unequal_e25_r029,TCRlong(0.40)+rw+A2_Ru10,0.9181818181818182,,
1b,D3-unequal,0.3,29,D3-unequal_e30_r029,ESF12alone,0.9227053140096618,0.31,0.0791321910219267
1b,D3-unequal,0.3,29,D3-unequal_e30_r029,ESF12,0.9227053140096618,,
1b,D3-unequal,0.3,29,D3-unequal_e30_r029,Alg2_Rs20,0.8985507246376812,,
1b,D3-unequal,0.3,29,D3-unequal_e30_r029,Alg2_Ru10,0.8985507246376812,,
1b,D3-unequal,0.3,29,D3-unequal_e30_r029,TCRlong(0.40)+rw+A2_Rs20,0.8985507246376812,,
1b,D3-unequal,0.3,29,D3-unequal_e30_r029,TCRlong(0.40)+rw+A2_Ru10,0.8985507246376812,,
1b,D3-unequal,0.35,29,D3-unequal_e35_r029,ESF12alone,0.9583333333333334,0.36,0.07316537806764245
1b,D3-unequal,0.35,29,D3-unequal_e35_r029,ESF12,0.9583333333333334,,
1b,D3-unequal,0.35,29,D3-unequal_e35_r029,Alg2_Rs20,0.9479166666666666,,
1b,D3-unequal,0.35,29,D3-unequal_e35_r029,Alg2_Ru10,0.9479166666666666,,
1b,D3-unequal,0.35,29,D3-unequal_e35_r029,TCRlong(0.40)+rw+A2_Rs20,0.9427083333333334,,
1b,D3-unequal,0.35,29,D3-unequal_e35_r029,TCRlong(0.40)+rw+A2_Ru10,0.9427083333333334,,
1b,D4-hetero,0.25,29,D4-hetero_e25_r029,ESF12alone,0.8928571428571429,0.26666666666666666,0.0772989799734205
1b,D4-hetero,0.25,29,D4-hetero_e25_r029,ESF12,0.8928571428571429,,
1b,D4-hetero,0.25,29,D4-hetero_e25_r029,Alg2_Rs20,0.8928571428571429,,
1b,D4-hetero,0.25,29,D4-hetero_e25_r029,Alg2_Ru10,0.8928571428571429,,
1b,D4-hetero,0.25,29,D4-hetero_e25_r029,TCRlong(0.40)+rw+A2_Rs20,0.8928571428571429,,
1b,D4-hetero,0.25,29,D4-hetero_e25_r029,TCRlong(0.40)+rw+A2_Ru10,0.8928571428571429,,
1b,D4-hetero,0.3,29,D4-hetero_e30_r029,ESF12alone,0.9339622641509434,0.2966666666666667,0.07045990903861821
1b,D4-hetero,0.3,29,D4-hetero_e30_r029,ESF12,0.9339622641509434,,
1b,D4-hetero,0.3,29,D4-hetero_e30_r029,Alg2_Rs20,0.9339622641509434,,
1b,D4-hetero,0.3,29,D4-hetero_e30_r029,Alg2_Ru10,0.9339622641509434,,
1b,D4-hetero,0.3,29,D4-hetero_e30_r029,TCRlong(0.40)+rw+A2_Rs20,0.9339622641509434,,
1b,D4-hetero,0.3,29,D4-hetero_e30_r029,TCRlong(0.40)+rw+A2_Ru10,0.9339622641509434,,
1b,D4-hetero,0.35,29,D4-hetero_e35_r029,ESF12alone,0.9,0.3333333333333333,0.07862200099043548
1b,D4-hetero,0.35,29,D4-hetero_e35_r029,ESF12,0.9,,
1b,D4-hetero,0.35,29,D4-hetero_e35_r029,Alg2_Rs20,0.9,,
1b,D4-hetero,0.35,29,D4-hetero_e35_r029,Alg2_Ru10,0.9,,
1b,D4-hetero,0.35,29,D4-hetero_e35_r029,TCRlong(0.40)+rw+A2_Rs20,0.9,,
1b,D4-hetero,0.35,29,D4-hetero_e35_r029,TCRlong(0.40)+rw+A2_Ru10,0.9,,
1b,D5-leverage,0.25,29,D5-leverage_e25_r029,ESF12alone,0.5283842794759825,0.09333333333333334,0.07996568700764328
1b,D5-leverage,0.25,29,D5-leverage_e25_r029,ESF12,0.5283842794759825,,
1b,D5-leverage,0.25,29,D5-leverage_e25_r029,Alg2_Rs20,0.5283842794759825,,
1b,D5-leverage,0.25,29,D5-leverage_e25_r029,Alg2_Ru10,0.5283842794759825,,
1b,D5-leverage,0.25,29,D5-leverage_e25_r029,TCRlong(0.40)+rw+A2_Rs20,0.925764192139738,,
1b,D5-leverage,0.25,29,D5-leverage_e25_r029,TCRlong(0.40)+rw+A2_Ru10,0.925764192139738,,
1b,D5-leverage,0.3,29,D5-leverage_e30_r029,ESF12alone,0.5566502463054187,0.0,0.09499108407180756
1b,D5-leverage,0.3,29,D5-leverage_e30_r029,ESF12,0.5566502463054187,,
1b,D5-leverage,0.3,29,D5-leverage_e30_r029,Alg2_Rs20,0.5566502463054187,,
1b,D5-leverage,0.3,29,D5-leverage_e30_r029,Alg2_Ru10,0.5566502463054187,,
1b,D5-leverage,0.3,29,D5-leverage_e30_r029,TCRlong(0.40)+rw+A2_Rs20,0.5566502463054187,,
1b,D5-leverage,0.3,29,D5-leverage_e30_r029,TCRlong(0.40)+rw+A2_Ru10,0.5566502463054187,,
1b,D5-leverage,0.35,29,D5-leverage_e35_r029,ESF12alone,0.520618556701031,0.0,0.07571672601625323
1b,D5-leverage,0.35,29,D5-leverage_e35_r029,ESF12,0.520618556701031,,
1b,D5-leverage,0.35,29,D5-leverage_e35_r029,Alg2_Rs20,0.520618556701031,,
1b,D5-leverage,0.35,29,D5-leverage_e35_r029,Alg2_Ru10,0.520618556701031,,
1b,D5-leverage,0.35,29,D5-leverage_e35_r029,TCRlong(0.40)+rw+A2_Rs20,0.5257731958762887,,
1b,D5-leverage,0.35,29,D5-leverage_e35_r029,TCRlong(0.40)+rw+A2_Ru10,0.5257731958762887,,
1b,D6-uniform,0.25,29,D6-uniform_e25_r029,ESF12alone,0.8888888888888888,0.20666666666666667,0.07945417508017272
1b,D6-uniform,0.25,29,D6-uniform_e25_r029,ESF12,0.8888888888888888,,
1b,D6-uniform,0.25,29,D6-uniform_e25_r029,Alg2_Rs20,0.8844444444444445,,
1b,D6-uniform,0.25,29,D6-uniform_e25_r029,Alg2_Ru10,0.8844444444444445,,
1b,D6-uniform,0.25,29,D6-uniform_e25_r029,TCRlong(0.40)+rw+A2_Rs20,0.8977777777777778,,
1b,D6-uniform,0.25,29,D6-uniform_e25_r029,TCRlong(0.40)+rw+A2_Ru10,0.8977777777777778,,
1b,D6-uniform,0.3,29,D6-uniform_e30_r029,ESF12alone,0.5045871559633027,0.0,0.08124119602143764
1b,D6-uniform,0.3,29,D6-uniform_e30_r029,ESF12,0.5045871559633027,,
1b,D6-uniform,0.3,29,D6-uniform_e30_r029,Alg2_Rs20,0.5045871559633027,,
1b,D6-uniform,0.3,29,D6-uniform_e30_r029,Alg2_Ru10,0.5045871559633027,,
1b,D6-uniform,0.3,29,D6-uniform_e30_r029,TCRlong(0.40)+rw+A2_Rs20,0.8944954128440367,,
1b,D6-uniform,0.3,29,D6-uniform_e30_r029,TCRlong(0.40)+rw+A2_Ru10,0.8944954128440367,,
1b,D6-uniform,0.35,29,D6-uniform_e35_r029,ESF12alone,0.5263157894736842,0.0,0.07835492200683802
1b,D6-uniform,0.35,29,D6-uniform_e35_r029,ESF12,0.5263157894736842,,
1b,D6-uniform,0.35,29,D6-uniform_e35_r029,Alg2_Rs20,0.5263157894736842,,
1b,D6-uniform,0.35,29,D6-uniform_e35_r029,Alg2_Ru10,0.5263157894736842,,
1b,D6-uniform,0.35,29,D6-uniform_e35_r029,TCRlong(0.40)+rw+A2_Rs20,0.5210526315789473,,
1b,D6-uniform,0.35,29,D6-uniform_e35_r029,TCRlong(0.40)+rw+A2_Ru10,0.5210526315789473,,
1b,D7-p3,0.25,29,D7-p3_e25_r029,ESF12alone,0.9146919431279621,0.2966666666666667,1.7079901960678399
1b,D7-p3,0.25,29,D7-p3_e25_r029,ESF12,0.9146919431279621,,
1b,D7-p3,0.25,29,D7-p3_e25_r029,Alg2_Rs20,0.9146919431279621,,
1b,D7-p3,0.25,29,D7-p3_e25_r029,Alg2_Ru10,0.9146919431279621,,
1b,D7-p3,0.25,29,D7-p3_e25_r029,TCRlong(0.40)+rw+A2_Rs20,0.9146919431279621,,
1b,D7-p3,0.25,29,D7-p3_e25_r029,TCRlong(0.40)+rw+A2_Ru10,0.9146919431279621,,
1b,D7-p3,0.3,29,D7-p3_e30_r029,ESF12alone,0.9082125603864735,0.3233333333333333,1.918971172068268
1b,D7-p3,0.3,29,D7-p3_e30_r029,ESF12,0.9082125603864735,,
1b,D7-p3,0.3,29,D7-p3_e30_r029,Alg2_Rs20,0.9033816425120773,,
1b,D7-p3,0.3,29,D7-p3_e30_r029,Alg2_Ru10,0.9033816425120773,,
1b,D7-p3,0.3,29,D7-p3_e30_r029,TCRlong(0.40)+rw+A2_Rs20,0.9033816425120773,,
1b,D7-p3,0.3,29,D7-p3_e30_r029,TCRlong(0.40)+rw+A2_Ru10,0.9033816425120773,,
1b,D7-p3,0.35,29,D7-p3_e35_r029,ESF12alone,0.9128205128205128,0.35,1.7962732759770006
1b,D7-p3,0.35,29,D7-p3_e35_r029,ESF12,0.9128205128205128,,
1b,D7-p3,0.35,29,D7-p3_e35_r029,Alg2_Rs20,0.9128205128205128,,
1b,D7-p3,0.35,29,D7-p3_e35_r029,Alg2_Ru10,0.9128205128205128,,
1b,D7-p3,0.35,29,D7-p3_e35_r029,TCRlong(0.40)+rw+A2_Rs20,0.9128205128205128,,
1b,D7-p3,0.35,29,D7-p3_e35_r029,TCRlong(0.40)+rw+A2_Ru10,0.9128205128205128,,
1b,D8-K2par-sep,0.25,29,D8-K2par-sep_e25_r029,ESF12alone,1.0,0.23,0.0769883650355041
1b,D8-K2par-sep,0.25,29,D8-K2par-sep_e25_r029,ESF12,1.0,,
1b,D8-K2par-sep,0.25,29,D8-K2par-sep_e25_r029,Alg2_Rs20,1.0,,
1b,D8-K2par-sep,0.25,29,D8-K2par-sep_e25_r029,Alg2_Ru10,1.0,,
1b,D8-K2par-sep,0.25,29,D8-K2par-sep_e25_r029,TCRlong(0.40)+rw+A2_Rs20,1.0,,
1b,D8-K2par-sep,0.25,29,D8-K2par-sep_e25_r029,TCRlong(0.40)+rw+A2_Ru10,1.0,,
1b,D8-K2par-sep,0.3,29,D8-K2par-sep_e30_r029,ESF12alone,1.0,0.3,0.08129858807660639
1b,D8-K2par-sep,0.3,29,D8-K2par-sep_e30_r029,ESF12,1.0,,
1b,D8-K2par-sep,0.3,29,D8-K2par-sep_e30_r029,Alg2_Rs20,1.0,,
1b,D8-K2par-sep,0.3,29,D8-K2par-sep_e30_r029,Alg2_Ru10,1.0,,
1b,D8-K2par-sep,0.3,29,D8-K2par-sep_e30_r029,TCRlong(0.40)+rw+A2_Rs20,1.0,,
1b,D8-K2par-sep,0.3,29,D8-K2par-sep_e30_r029,TCRlong(0.40)+rw+A2_Ru10,1.0,,
1b,D8-K2par-sep,0.35,29,D8-K2par-sep_e35_r029,ESF12alone,1.0,0.35333333333333333,0.09755209391005337
1b,D8-K2par-sep,0.35,29,D8-K2par-sep_e35_r029,ESF12,1.0,,
1b,D8-K2par-sep,0.35,29,D8-K2par-sep_e35_r029,Alg2_Rs20,1.0,,
1b,D8-K2par-sep,0.35,29,D8-K2par-sep_e35_r029,Alg2_Ru10,1.0,,
1b,D8-K2par-sep,0.35,29,D8-K2par-sep_e35_r029,TCRlong(0.40)+rw+A2_Rs20,1.0,,
1b,D8-K2par-sep,0.35,29,D8-K2par-sep_e35_r029,TCRlong(0.40)+rw+A2_Ru10,1.0,,
1b,D1-K2cross,0.25,30,D1-K2cross_e25_r030,ESF12alone,0.9264069264069265,0.23333333333333334,0.07552298496011645
1b,D1-K2cross,0.25,30,D1-K2cross_e25_r030,ESF12,0.9264069264069265,,
1b,D1-K2cross,0.25,30,D1-K2cross_e25_r030,Alg2_Rs20,0.9307359307359307,,
1b,D1-K2cross,0.25,30,D1-K2cross_e25_r030,Alg2_Ru10,0.9307359307359307,,
1b,D1-K2cross,0.25,30,D1-K2cross_e25_r030,TCRlong(0.40)+rw+A2_Rs20,0.9264069264069265,,
1b,D1-K2cross,0.25,30,D1-K2cross_e25_r030,TCRlong(0.40)+rw+A2_Ru10,0.9264069264069265,,
1b,D1-K2cross,0.3,30,D1-K2cross_e30_r030,ESF12alone,0.8634146341463415,0.31666666666666665,0.09871160390321165
1b,D1-K2cross,0.3,30,D1-K2cross_e30_r030,ESF12,0.8634146341463415,,
1b,D1-K2cross,0.3,30,D1-K2cross_e30_r030,Alg2_Rs20,0.8682926829268293,,
1b,D1-K2cross,0.3,30,D1-K2cross_e30_r030,Alg2_Ru10,0.8682926829268293,,
1b,D1-K2cross,0.3,30,D1-K2cross_e30_r030,TCRlong(0.40)+rw+A2_Rs20,0.8634146341463415,,
1b,D1-K2cross,0.3,30,D1-K2cross_e30_r030,TCRlong(0.40)+rw+A2_Ru10,0.8634146341463415,,
1b,D1-K2cross,0.35,30,D1-K2cross_e35_r030,ESF12alone,0.8756476683937824,0.3566666666666667,0.07188921794295311
1b,D1-K2cross,0.35,30,D1-K2cross_e35_r030,ESF12,0.8756476683937824,,
1b,D1-K2cross,0.35,30,D1-K2cross_e35_r030,Alg2_Rs20,0.8756476683937824,,
1b,D1-K2cross,0.35,30,D1-K2cross_e35_r030,Alg2_Ru10,0.8756476683937824,,
1b,D1-K2cross,0.35,30,D1-K2cross_e35_r030,TCRlong(0.40)+rw+A2_Rs20,0.8756476683937824,,
1b,D1-K2cross,0.35,30,D1-K2cross_e35_r030,TCRlong(0.40)+rw+A2_Ru10,0.8756476683937824,,
1b,D2-K3par,0.25,30,D2-K3par_e25_r030,ESF12alone,0.9330357142857143,0.25333333333333335,0.259473541053012
1b,D2-K3par,0.25,30,D2-K3par_e25_r030,ESF12,0.9330357142857143,,
1b,D2-K3par,0.25,30,D2-K3par_e25_r030,Alg2_Rs20,0.9285714285714286,,
1b,D2-K3par,0.25,30,D2-K3par_e25_r030,Alg2_Ru10,0.9285714285714286,,
1b,D2-K3par,0.25,30,D2-K3par_e25_r030,TCRlong(0.40)+rw+A2_Rs20,0.9151785714285714,,
1b,D2-K3par,0.25,30,D2-K3par_e25_r030,TCRlong(0.40)+rw+A2_Ru10,0.9151785714285714,,
1b,D2-K3par,0.3,30,D2-K3par_e30_r030,ESF12alone,0.624390243902439,0.13666666666666666,0.39549886307213455
1b,D2-K3par,0.3,30,D2-K3par_e30_r030,ESF12,0.624390243902439,,
1b,D2-K3par,0.3,30,D2-K3par_e30_r030,Alg2_Rs20,0.8975609756097561,,
1b,D2-K3par,0.3,30,D2-K3par_e30_r030,Alg2_Ru10,0.8975609756097561,,
1b,D2-K3par,0.3,30,D2-K3par_e30_r030,TCRlong(0.40)+rw+A2_Rs20,0.9121951219512195,,
1b,D2-K3par,0.3,30,D2-K3par_e30_r030,TCRlong(0.40)+rw+A2_Ru10,0.9121951219512195,,
1b,D2-K3par,0.35,30,D2-K3par_e35_r030,ESF12alone,0.3651685393258427,0.0033333333333333335,0.3599684319924563
1b,D2-K3par,0.35,30,D2-K3par_e35_r030,ESF12,0.3651685393258427,,
1b,D2-K3par,0.35,30,D2-K3par_e35_r030,Alg2_Rs20,0.6348314606741573,,
1b,D2-K3par,0.35,30,D2-K3par_e35_r030,Alg2_Ru10,0.6348314606741573,,
1b,D2-K3par,0.35,30,D2-K3par_e35_r030,TCRlong(0.40)+rw+A2_Rs20,0.6348314606741573,,
1b,D2-K3par,0.35,30,D2-K3par_e35_r030,TCRlong(0.40)+rw+A2_Ru10,0.6348314606741573,,
1b,D3-unequal,0.25,30,D3-unequal_e25_r030,ESF12alone,0.8917748917748918,0.23666666666666666,0.08345659996848553
1b,D3-unequal,0.25,30,D3-unequal_e25_r030,ESF12,0.8917748917748918,,
1b,D3-unequal,0.25,30,D3-unequal_e25_r030,Alg2_Rs20,0.8961038961038961,,
1b,D3-unequal,0.25,30,D3-unequal_e25_r030,Alg2_Ru10,0.8961038961038961,,
1b,D3-unequal,0.25,30,D3-unequal_e25_r030,TCRlong(0.40)+rw+A2_Rs20,0.8917748917748918,,
1b,D3-unequal,0.25,30,D3-unequal_e25_r030,TCRlong(0.40)+rw+A2_Ru10,0.8917748917748918,,
1b,D3-unequal,0.3,30,D3-unequal_e30_r030,ESF12alone,0.8995215311004785,0.30333333333333334,0.0748821459710598
1b,D3-unequal,0.3,30,D3-unequal_e30_r030,ESF12,0.8995215311004785,,
1b,D3-unequal,0.3,30,D3-unequal_e30_r030,Alg2_Rs20,0.8947368421052632,,
1b,D3-unequal,0.3,30,D3-unequal_e30_r030,Alg2_Ru10,0.8947368421052632,,
1b,D3-unequal,0.3,30,D3-unequal_e30_r030,TCRlong(0.40)+rw+A2_Rs20,0.8995215311004785,,
1b,D3-unequal,0.3,30,D3-unequal_e30_r030,TCRlong(0.40)+rw+A2_Ru10,0.8995215311004785,,
1b,D3-unequal,0.35,30,D3-unequal_e35_r030,ESF12alone,0.671957671957672,0.18,0.08571497001685202
1b,D3-unequal,0.35,30,D3-unequal_e35_r030,ESF12,0.671957671957672,,
1b,D3-unequal,0.35,30,D3-unequal_e35_r030,Alg2_Rs20,0.91005291005291,,
1b,D3-unequal,0.35,30,D3-unequal_e35_r030,Alg2_Ru10,0.91005291005291,,
1b,D3-unequal,0.35,30,D3-unequal_e35_r030,TCRlong(0.40)+rw+A2_Rs20,0.91005291005291,,
1b,D3-unequal,0.35,30,D3-unequal_e35_r030,TCRlong(0.40)+rw+A2_Ru10,0.91005291005291,,
1b,D4-hetero,0.25,30,D4-hetero_e25_r030,ESF12alone,0.9026548672566371,0.25,0.07928187493234873
1b,D4-hetero,0.25,30,D4-hetero_e25_r030,ESF12,0.9026548672566371,,
1b,D4-hetero,0.25,30,D4-hetero_e25_r030,Alg2_Rs20,0.9026548672566371,,
1b,D4-hetero,0.25,30,D4-hetero_e25_r030,Alg2_Ru10,0.9026548672566371,,
1b,D4-hetero,0.25,30,D4-hetero_e25_r030,TCRlong(0.40)+rw+A2_Rs20,0.9026548672566371,,
1b,D4-hetero,0.25,30,D4-hetero_e25_r030,TCRlong(0.40)+rw+A2_Ru10,0.9026548672566371,,
1b,D4-hetero,0.3,30,D4-hetero_e30_r030,ESF12alone,0.9234449760765551,0.30666666666666664,0.09777768701314926
1b,D4-hetero,0.3,30,D4-hetero_e30_r030,ESF12,0.9234449760765551,,
1b,D4-hetero,0.3,30,D4-hetero_e30_r030,Alg2_Rs20,0.9234449760765551,,
1b,D4-hetero,0.3,30,D4-hetero_e30_r030,Alg2_Ru10,0.9234449760765551,,
1b,D4-hetero,0.3,30,D4-hetero_e30_r030,TCRlong(0.40)+rw+A2_Rs20,0.9234449760765551,,
1b,D4-hetero,0.3,30,D4-hetero_e30_r030,TCRlong(0.40)+rw+A2_Ru10,0.9234449760765551,,
1b,D4-hetero,0.35,30,D4-hetero_e35_r030,ESF12alone,0.9052631578947369,0.36666666666666664,0.08223851001821458
1b,D4-hetero,0.35,30,D4-hetero_e35_r030,ESF12,0.9052631578947369,,
1b,D4-hetero,0.35,30,D4-hetero_e35_r030,Alg2_Rs20,0.9052631578947369,,
1b,D4-hetero,0.35,30,D4-hetero_e35_r030,Alg2_Ru10,0.9052631578947369,,
1b,D4-hetero,0.35,30,D4-hetero_e35_r030,TCRlong(0.40)+rw+A2_Rs20,0.9052631578947369,,
1b,D4-hetero,0.35,30,D4-hetero_e35_r030,TCRlong(0.40)+rw+A2_Ru10,0.9052631578947369,,
1b,D5-leverage,0.25,30,D5-leverage_e25_r030,ESF12alone,0.5361702127659574,0.11666666666666667,0.07119507796596736
1b,D5-leverage,0.25,30,D5-leverage_e25_r030,ESF12,0.5361702127659574,,
1b,D5-leverage,0.25,30,D5-leverage_e25_r030,Alg2_Rs20,0.902127659574468,,
1b,D5-leverage,0.25,30,D5-leverage_e25_r030,Alg2_Ru10,0.902127659574468,,
1b,D5-leverage,0.25,30,D5-leverage_e25_r030,TCRlong(0.40)+rw+A2_Rs20,0.902127659574468,,
1b,D5-leverage,0.25,30,D5-leverage_e25_r030,TCRlong(0.40)+rw+A2_Ru10,0.902127659574468,,
1b,D5-leverage,0.3,30,D5-leverage_e30_r030,ESF12alone,0.593607305936073,0.043333333333333335,0.06950396101456136
1b,D5-leverage,0.3,30,D5-leverage_e30_r030,ESF12,0.593607305936073,,
1b,D5-leverage,0.3,30,D5-leverage_e30_r030,Alg2_Rs20,0.593607305936073,,
1b,D5-leverage,0.3,30,D5-leverage_e30_r030,Alg2_Ru10,0.593607305936073,,
1b,D5-leverage,0.3,30,D5-leverage_e30_r030,TCRlong(0.40)+rw+A2_Rs20,0.8310502283105022,,
1b,D5-leverage,0.3,30,D5-leverage_e30_r030,TCRlong(0.40)+rw+A2_Ru10,0.8310502283105022,,
1b,D5-leverage,0.35,30,D5-leverage_e35_r030,ESF12alone,0.53125,0.0033333333333333335,0.07150029798503965
1b,D5-leverage,0.35,30,D5-leverage_e35_r030,ESF12,0.53125,,
1b,D5-leverage,0.35,30,D5-leverage_e35_r030,Alg2_Rs20,0.5260416666666666,,
1b,D5-leverage,0.35,30,D5-leverage_e35_r030,Alg2_Ru10,0.5260416666666666,,
1b,D5-leverage,0.35,30,D5-leverage_e35_r030,TCRlong(0.40)+rw+A2_Rs20,0.53125,,
1b,D5-leverage,0.35,30,D5-leverage_e35_r030,TCRlong(0.40)+rw+A2_Ru10,0.53125,,
1b,D6-uniform,0.25,30,D6-uniform_e25_r030,ESF12alone,0.9122807017543859,0.20333333333333334,0.07371480704750866
1b,D6-uniform,0.25,30,D6-uniform_e25_r030,ESF12,0.9122807017543859,,
1b,D6-uniform,0.25,30,D6-uniform_e25_r030,Alg2_Rs20,0.9122807017543859,,
1b,D6-uniform,0.25,30,D6-uniform_e25_r030,Alg2_Ru10,0.9122807017543859,,
1b,D6-uniform,0.25,30,D6-uniform_e25_r030,TCRlong(0.40)+rw+A2_Rs20,0.9078947368421053,,
1b,D6-uniform,0.25,30,D6-uniform_e25_r030,TCRlong(0.40)+rw+A2_Ru10,0.9078947368421053,,
1b,D6-uniform,0.3,30,D6-uniform_e30_r030,ESF12alone,0.5024630541871922,0.0,0.073656146065332
1b,D6-uniform,0.3,30,D6-uniform_e30_r030,ESF12,0.5024630541871922,,
1b,D6-uniform,0.3,30,D6-uniform_e30_r030,Alg2_Rs20,0.5024630541871922,,
1b,D6-uniform,0.3,30,D6-uniform_e30_r030,Alg2_Ru10,0.5024630541871922,,
1b,D6-uniform,0.3,30,D6-uniform_e30_r030,TCRlong(0.40)+rw+A2_Rs20,0.9014778325123153,,
1b,D6-uniform,0.3,30,D6-uniform_e30_r030,TCRlong(0.40)+rw+A2_Ru10,0.9014778325123153,,
1b,D6-uniform,0.35,30,D6-uniform_e35_r030,ESF12alone,0.505,0.0,0.07430872996337712
1b,D6-uniform,0.35,30,D6-uniform_e35_r030,ESF12,0.505,,
1b,D6-uniform,0.35,30,D6-uniform_e35_r030,Alg2_Rs20,0.6,,
1b,D6-uniform,0.35,30,D6-uniform_e35_r030,Alg2_Ru10,0.6,,
1b,D6-uniform,0.35,30,D6-uniform_e35_r030,TCRlong(0.40)+rw+A2_Rs20,0.905,,
1b,D6-uniform,0.35,30,D6-uniform_e35_r030,TCRlong(0.40)+rw+A2_Ru10,0.905,,
1b,D7-p3,0.25,30,D7-p3_e25_r030,ESF12alone,0.9194915254237288,0.21666666666666667,1.7741656199796125
1b,D7-p3,0.25,30,D7-p3_e25_r030,ESF12,0.9194915254237288,,
1b,D7-p3,0.25,30,D7-p3_e25_r030,Alg2_Rs20,0.9194915254237288,,
1b,D7-p3,0.25,30,D7-p3_e25_r030,Alg2_Ru10,0.9194915254237288,,
1b,D7-p3,0.25,30,D7-p3_e25_r030,TCRlong(0.40)+rw+A2_Rs20,0.9194915254237288,,
1b,D7-p3,0.25,30,D7-p3_e25_r030,TCRlong(0.40)+rw+A2_Ru10,0.9194915254237288,,
1b,D7-p3,0.3,30,D7-p3_e30_r030,ESF12alone,0.9441860465116279,0.2833333333333333,1.7810377579880878
1b,D7-p3,0.3,30,D7-p3_e30_r030,ESF12,0.9441860465116279,,
1b,D7-p3,0.3,30,D7-p3_e30_r030,Alg2_Rs20,0.9441860465116279,,
1b,D7-p3,0.3,30,D7-p3_e30_r030,Alg2_Ru10,0.9441860465116279,,
1b,D7-p3,0.3,30,D7-p3_e30_r030,TCRlong(0.40)+rw+A2_Rs20,0.9441860465116279,,
1b,D7-p3,0.3,30,D7-p3_e30_r030,TCRlong(0.40)+rw+A2_Ru10,0.9441860465116279,,
1b,D7-p3,0.35,30,D7-p3_e35_r030,ESF12alone,0.9297297297297298,0.38333333333333336,1.9519193430896848
1b,D7-p3,0.35,30,D7-p3_e35_r030,ESF12,0.9297297297297298,,
1b,D7-p3,0.35,30,D7-p3_e35_r030,Alg2_Rs20,0.918918918918919,,
1b,D7-p3,0.35,30,D7-p3_e35_r030,Alg2_Ru10,0.918918918918919,,
1b,D7-p3,0.35,30,D7-p3_e35_r030,TCRlong(0.40)+rw+A2_Rs20,0.918918918918919,,
1b,D7-p3,0.35,30,D7-p3_e35_r030,TCRlong(0.40)+rw+A2_Ru10,0.918918918918919,,
1b,D8-K2par-sep,0.25,30,D8-K2par-sep_e25_r030,ESF12alone,0.9955947136563876,0.24333333333333335,0.07762678095605224
1b,D8-K2par-sep,0.25,30,D8-K2par-sep_e25_r030,ESF12,0.9955947136563876,,
1b,D8-K2par-sep,0.25,30,D8-K2par-sep_e25_r030,Alg2_Rs20,0.9955947136563876,,
1b,D8-K2par-sep,0.25,30,D8-K2par-sep_e25_r030,Alg2_Ru10,0.9955947136563876,,
1b,D8-K2par-sep,0.25,30,D8-K2par-sep_e25_r030,TCRlong(0.40)+rw+A2_Rs20,0.9955947136563876,,
1b,D8-K2par-sep,0.25,30,D8-K2par-sep_e25_r030,TCRlong(0.40)+rw+A2_Ru10,0.9955947136563876,,
1b,D8-K2par-sep,0.3,30,D8-K2par-sep_e30_r030,ESF12alone,1.0,0.33666666666666667,0.08681662299204618
1b,D8-K2par-sep,0.3,30,D8-K2par-sep_e30_r030,ESF12,1.0,,
1b,D8-K2par-sep,0.3,30,D8-K2par-sep_e30_r030,Alg2_Rs20,1.0,,
1b,D8-K2par-sep,0.3,30,D8-K2par-sep_e30_r030,Alg2_Ru10,1.0,,
1b,D8-K2par-sep,0.3,30,D8-K2par-sep_e30_r030,TCRlong(0.40)+rw+A2_Rs20,1.0,,
1b,D8-K2par-sep,0.3,30,D8-K2par-sep_e30_r030,TCRlong(0.40)+rw+A2_Ru10,1.0,,
1b,D8-K2par-sep,0.35,30,D8-K2par-sep_e35_r030,ESF12alone,1.0,0.3333333333333333,0.07643703499343246
1b,D8-K2par-sep,0.35,30,D8-K2par-sep_e35_r030,ESF12,1.0,,
1b,D8-K2par-sep,0.35,30,D8-K2par-sep_e35_r030,Alg2_Rs20,1.0,,
1b,D8-K2par-sep,0.35,30,D8-K2par-sep_e35_r030,Alg2_Ru10,1.0,,
1b,D8-K2par-sep,0.35,30,D8-K2par-sep_e35_r030,TCRlong(0.40)+rw+A2_Rs20,1.0,,
1b,D8-K2par-sep,0.35,30,D8-K2par-sep_e35_r030,TCRlong(0.40)+rw+A2_Ru10,1.0,,
1b,D1-K2cross,0.25,31,D1-K2cross_e25_r031,ESF12alone,0.8991228070175439,0.24,0.08127428195439279
1b,D1-K2cross,0.25,31,D1-K2cross_e25_r031,ESF12,0.8991228070175439,,
1b,D1-K2cross,0.25,31,D1-K2cross_e25_r031,Alg2_Rs20,0.8991228070175439,,
1b,D1-K2cross,0.25,31,D1-K2cross_e25_r031,Alg2_Ru10,0.8991228070175439,,
1b,D1-K2cross,0.25,31,D1-K2cross_e25_r031,TCRlong(0.40)+rw+A2_Rs20,0.8991228070175439,,
1b,D1-K2cross,0.25,31,D1-K2cross_e25_r031,TCRlong(0.40)+rw+A2_Ru10,0.8991228070175439,,
1b,D1-K2cross,0.3,31,D1-K2cross_e30_r031,ESF12alone,0.8894009216589862,0.27666666666666667,0.04392198601271957
1b,D1-K2cross,0.3,31,D1-K2cross_e30_r031,ESF12,0.8894009216589862,,
1b,D1-K2cross,0.3,31,D1-K2cross_e30_r031,Alg2_Rs20,0.8894009216589862,,
1b,D1-K2cross,0.3,31,D1-K2cross_e30_r031,Alg2_Ru10,0.8894009216589862,,
1b,D1-K2cross,0.3,31,D1-K2cross_e30_r031,TCRlong(0.40)+rw+A2_Rs20,0.8894009216589862,,
1b,D1-K2cross,0.3,31,D1-K2cross_e30_r031,TCRlong(0.40)+rw+A2_Ru10,0.8894009216589862,,
1b,D1-K2cross,0.35,31,D1-K2cross_e35_r031,ESF12alone,0.9117647058823529,0.32,0.07728423504158854
1b,D1-K2cross,0.35,31,D1-K2cross_e35_r031,ESF12,0.9117647058823529,,
1b,D1-K2cross,0.35,31,D1-K2cross_e35_r031,Alg2_Rs20,0.9117647058823529,,
1b,D1-K2cross,0.35,31,D1-K2cross_e35_r031,Alg2_Ru10,0.9117647058823529,,
1b,D1-K2cross,0.35,31,D1-K2cross_e35_r031,TCRlong(0.40)+rw+A2_Rs20,0.9117647058823529,,
1b,D1-K2cross,0.35,31,D1-K2cross_e35_r031,TCRlong(0.40)+rw+A2_Ru10,0.9117647058823529,,
1b,D2-K3par,0.25,31,D2-K3par_e25_r031,ESF12alone,0.6790697674418604,0.10666666666666667,0.3893696960294619
1b,D2-K3par,0.25,31,D2-K3par_e25_r031,ESF12,0.6790697674418604,,
1b,D2-K3par,0.25,31,D2-K3par_e25_r031,Alg2_Rs20,0.6790697674418604,,
1b,D2-K3par,0.25,31,D2-K3par_e25_r031,Alg2_Ru10,0.6790697674418604,,
1b,D2-K3par,0.25,31,D2-K3par_e25_r031,TCRlong(0.40)+rw+A2_Rs20,0.8837209302325582,,
1b,D2-K3par,0.25,31,D2-K3par_e25_r031,TCRlong(0.40)+rw+A2_Ru10,0.8837209302325582,,
1b,D2-K3par,0.3,31,D2-K3par_e30_r031,ESF12alone,0.8894009216589862,0.27666666666666667,0.3616121469531208
1b,D2-K3par,0.3,31,D2-K3par_e30_r031,ESF12,0.8894009216589862,,
1b,D2-K3par,0.3,31,D2-K3par_e30_r031,Alg2_Rs20,0.8894009216589862,,
1b,D2-K3par,0.3,31,D2-K3par_e30_r031,Alg2_Ru10,0.8894009216589862,,
1b,D2-K3par,0.3,31,D2-K3par_e30_r031,TCRlong(0.40)+rw+A2_Rs20,0.8847926267281107,,
1b,D2-K3par,0.3,31,D2-K3par_e30_r031,TCRlong(0.40)+rw+A2_Ru10,0.8847926267281107,,
1b,D2-K3par,0.35,31,D2-K3par_e35_r031,ESF12alone,0.6770833333333334,0.17,0.4150866750860587
1b,D2-K3par,0.35,31,D2-K3par_e35_r031,ESF12,0.6770833333333334,,
1b,D2-K3par,0.35,31,D2-K3par_e35_r031,Alg2_Rs20,0.3645833333333333,,
1b,D2-K3par,0.35,31,D2-K3par_e35_r031,Alg2_Ru10,0.3645833333333333,,
1b,D2-K3par,0.35,31,D2-K3par_e35_r031,TCRlong(0.40)+rw+A2_Rs20,0.6770833333333334,,
1b,D2-K3par,0.35,31,D2-K3par_e35_r031,TCRlong(0.40)+rw+A2_Ru10,0.6770833333333334,,
1b,D3-unequal,0.25,31,D3-unequal_e25_r031,ESF12alone,0.8913043478260869,0.23333333333333334,0.09013312996830791
1b,D3-unequal,0.25,31,D3-unequal_e25_r031,ESF12,0.8913043478260869,,
1b,D3-unequal,0.25,31,D3-unequal_e25_r031,Alg2_Rs20,0.8913043478260869,,
1b,D3-unequal,0.25,31,D3-unequal_e25_r031,Alg2_Ru10,0.8913043478260869,,
1b,D3-unequal,0.25,31,D3-unequal_e25_r031,TCRlong(0.40)+rw+A2_Rs20,0.8913043478260869,,
1b,D3-unequal,0.25,31,D3-unequal_e25_r031,TCRlong(0.40)+rw+A2_Ru10,0.8913043478260869,,
1b,D3-unequal,0.3,31,D3-unequal_e30_r031,ESF12alone,0.8775510204081632,0.3466666666666667,0.1098752049729228
1b,D3-unequal,0.3,31,D3-unequal_e30_r031,ESF12,0.8775510204081632,,
1b,D3-unequal,0.3,31,D3-unequal_e30_r031,Alg2_Rs20,0.8775510204081632,,
1b,D3-unequal,0.3,31,D3-unequal_e30_r031,Alg2_Ru10,0.8775510204081632,,
1b,D3-unequal,0.3,31,D3-unequal_e30_r031,TCRlong(0.40)+rw+A2_Rs20,0.8775510204081632,,
1b,D3-unequal,0.3,31,D3-unequal_e30_r031,TCRlong(0.40)+rw+A2_Ru10,0.8775510204081632,,
1b,D3-unequal,0.35,31,D3-unequal_e35_r031,ESF12alone,0.9282051282051282,0.35,0.08049168402794749
1b,D3-unequal,0.35,31,D3-unequal_e35_r031,ESF12,0.9282051282051282,,
1b,D3-unequal,0.35,31,D3-unequal_e35_r031,Alg2_Rs20,0.9282051282051282,,
1b,D3-unequal,0.35,31,D3-unequal_e35_r031,Alg2_Ru10,0.9282051282051282,,
1b,D3-unequal,0.35,31,D3-unequal_e35_r031,TCRlong(0.40)+rw+A2_Rs20,0.9282051282051282,,
1b,D3-unequal,0.35,31,D3-unequal_e35_r031,TCRlong(0.40)+rw+A2_Ru10,0.9282051282051282,,
1b,D4-hetero,0.25,31,D4-hetero_e25_r031,ESF12alone,0.9090909090909091,0.2733333333333333,0.07294988597277552
1b,D4-hetero,0.25,31,D4-hetero_e25_r031,ESF12,0.9090909090909091,,
1b,D4-hetero,0.25,31,D4-hetero_e25_r031,Alg2_Rs20,0.9090909090909091,,
1b,D4-hetero,0.25,31,D4-hetero_e25_r031,Alg2_Ru10,0.9090909090909091,,
1b,D4-hetero,0.25,31,D4-hetero_e25_r031,TCRlong(0.40)+rw+A2_Rs20,0.9045454545454545,,
1b,D4-hetero,0.25,31,D4-hetero_e25_r031,TCRlong(0.40)+rw+A2_Ru10,0.9045454545454545,,
1b,D4-hetero,0.3,31,D4-hetero_e30_r031,ESF12alone,0.9061032863849765,0.29,0.07453620794694871
1b,D4-hetero,0.3,31,D4-hetero_e30_r031,ESF12,0.9061032863849765,,
1b,D4-hetero,0.3,31,D4-hetero_e30_r031,Alg2_Rs20,0.9061032863849765,,
1b,D4-hetero,0.3,31,D4-hetero_e30_r031,Alg2_Ru10,0.9061032863849765,,
1b,D4-hetero,0.3,31,D4-hetero_e30_r031,TCRlong(0.40)+rw+A2_Rs20,0.9061032863849765,,
1b,D4-hetero,0.3,31,D4-hetero_e30_r031,TCRlong(0.40)+rw+A2_Ru10,0.9061032863849765,,
1b,D4-hetero,0.35,31,D4-hetero_e35_r031,ESF12alone,0.9368421052631579,0.36666666666666664,0.07545269897673279
1b,D4-hetero,0.35,31,D4-hetero_e35_r031,ESF12,0.9368421052631579,,
1b,D4-hetero,0.35,31,D4-hetero_e35_r031,Alg2_Rs20,0.9368421052631579,,
1b,D4-hetero,0.35,31,D4-hetero_e35_r031,Alg2_Ru10,0.9368421052631579,,
1b,D4-hetero,0.35,31,D4-hetero_e35_r031,TCRlong(0.40)+rw+A2_Rs20,0.9368421052631579,,
1b,D4-hetero,0.35,31,D4-hetero_e35_r031,TCRlong(0.40)+rw+A2_Ru10,0.9368421052631579,,
1b,D5-leverage,0.25,31,D5-leverage_e25_r031,ESF12alone,0.5446428571428571,0.05333333333333334,0.07058840105310082
1b,D5-leverage,0.25,31,D5-leverage_e25_r031,ESF12,0.5446428571428571,,
1b,D5-leverage,0.25,31,D5-leverage_e25_r031,Alg2_Rs20,0.5357142857142857,,
1b,D5-leverage,0.25,31,D5-leverage_e25_r031,Alg2_Ru10,0.5357142857142857,,
1b,D5-leverage,0.25,31,D5-leverage_e25_r031,TCRlong(0.40)+rw+A2_Rs20,0.5401785714285714,,
1b,D5-leverage,0.25,31,D5-leverage_e25_r031,TCRlong(0.40)+rw+A2_Ru10,0.5401785714285714,,
1b,D5-leverage,0.3,31,D5-leverage_e30_r031,ESF12alone,0.5124378109452736,0.006666666666666667,0.07197308202739805
1b,D5-leverage,0.3,31,D5-leverage_e30_r031,ESF12,0.5124378109452736,,
1b,D5-leverage,0.3,31,D5-leverage_e30_r031,Alg2_Rs20,0.5223880597014925,,
1b,D5-leverage,0.3,31,D5-leverage_e30_r031,Alg2_Ru10,0.5223880597014925,,
1b,D5-leverage,0.3,31,D5-leverage_e30_r031,TCRlong(0.40)+rw+A2_Rs20,0.5223880597014925,,
1b,D5-leverage,0.3,31,D5-leverage_e30_r031,TCRlong(0.40)+rw+A2_Ru10,0.5223880597014925,,
1b,D5-leverage,0.35,31,D5-leverage_e35_r031,ESF12alone,0.5240641711229946,0.01,0.06699890294112265
1b,D5-leverage,0.35,31,D5-leverage_e35_r031,ESF12,0.5240641711229946,,
1b,D5-leverage,0.35,31,D5-leverage_e35_r031,Alg2_Rs20,0.5294117647058824,,
1b,D5-leverage,0.35,31,D5-leverage_e35_r031,Alg2_Ru10,0.5294117647058824,,
1b,D5-leverage,0.35,31,D5-leverage_e35_r031,TCRlong(0.40)+rw+A2_Rs20,0.5240641711229946,,
1b,D5-leverage,0.35,31,D5-leverage_e35_r031,TCRlong(0.40)+rw+A2_Ru10,0.5240641711229946,,
1b,D6-uniform,0.25,31,D6-uniform_e25_r031,ESF12alone,0.8859649122807017,0.16,0.07204125390853733
1b,D6-uniform,0.25,31,D6-uniform_e25_r031,ESF12,0.8859649122807017,,
1b,D6-uniform,0.25,31,D6-uniform_e25_r031,Alg2_Rs20,0.8859649122807017,,
1b,D6-uniform,0.25,31,D6-uniform_e25_r031,Alg2_Ru10,0.8859649122807017,,
1b,D6-uniform,0.25,31,D6-uniform_e25_r031,TCRlong(0.40)+rw+A2_Rs20,0.9210526315789473,,
1b,D6-uniform,0.25,31,D6-uniform_e25_r031,TCRlong(0.40)+rw+A2_Ru10,0.9210526315789473,,
1b,D6-uniform,0.3,31,D6-uniform_e30_r031,ESF12alone,0.9363636363636364,0.19666666666666666,0.06802907702513039
1b,D6-uniform,0.3,31,D6-uniform_e30_r031,ESF12,0.9363636363636364,,
1b,D6-uniform,0.3,31,D6-uniform_e30_r031,Alg2_Rs20,0.9318181818181818,,
1b,D6-uniform,0.3,31,D6-uniform_e30_r031,Alg2_Ru10,0.9318181818181818,,
1b,D6-uniform,0.3,31,D6-uniform_e30_r031,TCRlong(0.40)+rw+A2_Rs20,0.9318181818181818,,
1b,D6-uniform,0.3,31,D6-uniform_e30_r031,TCRlong(0.40)+rw+A2_Ru10,0.9318181818181818,,
1b,D6-uniform,0.35,31,D6-uniform_e35_r031,ESF12alone,0.5181347150259067,0.0,0.07449698797427118
1b,D6-uniform,0.35,31,D6-uniform_e35_r031,ESF12,0.5181347150259067,,
1b,D6-uniform,0.35,31,D6-uniform_e35_r031,Alg2_Rs20,0.5233160621761658,,
1b,D6-uniform,0.35,31,D6-uniform_e35_r031,Alg2_Ru10,0.5233160621761658,,
1b,D6-uniform,0.35,31,D6-uniform_e35_r031,TCRlong(0.40)+rw+A2_Rs20,0.5595854922279793,,
1b,D6-uniform,0.35,31,D6-uniform_e35_r031,TCRlong(0.40)+rw+A2_Ru10,0.5595854922279793,,
1b,D7-p3,0.25,31,D7-p3_e25_r031,ESF12alone,0.9276018099547512,0.27,1.8475029380060732
1b,D7-p3,0.25,31,D7-p3_e25_r031,ESF12,0.9276018099547512,,
1b,D7-p3,0.25,31,D7-p3_e25_r031,Alg2_Rs20,0.9321266968325792,,
1b,D7-p3,0.25,31,D7-p3_e25_r031,Alg2_Ru10,0.9321266968325792,,
1b,D7-p3,0.25,31,D7-p3_e25_r031,TCRlong(0.40)+rw+A2_Rs20,0.9276018099547512,,
1b,D7-p3,0.25,31,D7-p3_e25_r031,TCRlong(0.40)+rw+A2_Ru10,0.9276018099547512,,
1b,D7-p3,0.3,31,D7-p3_e30_r031,ESF12alone,0.927536231884058,0.31,1.920442980946973
1b,D7-p3,0.3,31,D7-p3_e30_r031,ESF12,0.927536231884058,,
1b,D7-p3,0.3,31,D7-p3_e30_r031,Alg2_Rs20,0.927536231884058,,
1b,D7-p3,0.3,31,D7-p3_e30_r031,Alg2_Ru10,0.927536231884058,,
1b,D7-p3,0.3,31,D7-p3_e30_r031,TCRlong(0.40)+rw+A2_Rs20,0.927536231884058,,
1b,D7-p3,0.3,31,D7-p3_e30_r031,TCRlong(0.40)+rw+A2_Ru10,0.927536231884058,,
1b,D7-p3,0.35,31,D7-p3_e35_r031,ESF12alone,0.5274725274725275,0.18333333333333332,1.8495259749470279
1b,D7-p3,0.35,31,D7-p3_e35_r031,ESF12,0.5274725274725275,,
1b,D7-p3,0.35,31,D7-p3_e35_r031,Alg2_Rs20,0.9010989010989011,,
1b,D7-p3,0.35,31,D7-p3_e35_r031,Alg2_Ru10,0.9010989010989011,,
1b,D7-p3,0.35,31,D7-p3_e35_r031,TCRlong(0.40)+rw+A2_Rs20,0.9065934065934066,,
1b,D7-p3,0.35,31,D7-p3_e35_r031,TCRlong(0.40)+rw+A2_Ru10,0.9065934065934066,,
1b,D8-K2par-sep,0.25,31,D8-K2par-sep_e25_r031,ESF12alone,1.0,0.25,0.07644079404417425
1b,D8-K2par-sep,0.25,31,D8-K2par-sep_e25_r031,ESF12,1.0,,
1b,D8-K2par-sep,0.25,31,D8-K2par-sep_e25_r031,Alg2_Rs20,1.0,,
1b,D8-K2par-sep,0.25,31,D8-K2par-sep_e25_r031,Alg2_Ru10,1.0,,
1b,D8-K2par-sep,0.25,31,D8-K2par-sep_e25_r031,TCRlong(0.40)+rw+A2_Rs20,1.0,,
1b,D8-K2par-sep,0.25,31,D8-K2par-sep_e25_r031,TCRlong(0.40)+rw+A2_Ru10,1.0,,
1b,D8-K2par-sep,0.3,31,D8-K2par-sep_e30_r031,ESF12alone,1.0,0.30666666666666664,0.08030630799476057
1b,D8-K2par-sep,0.3,31,D8-K2par-sep_e30_r031,ESF12,1.0,,
1b,D8-K2par-sep,0.3,31,D8-K2par-sep_e30_r031,Alg2_Rs20,1.0,,
1b,D8-K2par-sep,0.3,31,D8-K2par-sep_e30_r031,Alg2_Ru10,1.0,,
1b,D8-K2par-sep,0.3,31,D8-K2par-sep_e30_r031,TCRlong(0.40)+rw+A2_Rs20,1.0,,
1b,D8-K2par-sep,0.3,31,D8-K2par-sep_e30_r031,TCRlong(0.40)+rw+A2_Ru10,1.0,,
1b,D8-K2par-sep,0.35,31,D8-K2par-sep_e35_r031,ESF12alone,0.9952153110047847,0.30333333333333334,0.08692610892467201
1b,D8-K2par-sep,0.35,31,D8-K2par-sep_e35_r031,ESF12,0.9952153110047847,,
1b,D8-K2par-sep,0.35,31,D8-K2par-sep_e35_r031,Alg2_Rs20,0.9952153110047847,,
1b,D8-K2par-sep,0.35,31,D8-K2par-sep_e35_r031,Alg2_Ru10,0.9952153110047847,,
1b,D8-K2par-sep,0.35,31,D8-K2par-sep_e35_r031,TCRlong(0.40)+rw+A2_Rs20,0.9952153110047847,,
1b,D8-K2par-sep,0.35,31,D8-K2par-sep_e35_r031,TCRlong(0.40)+rw+A2_Ru10,0.9952153110047847,,
1b,D1-K2cross,0.25,32,D1-K2cross_e25_r032,ESF12alone,0.919431279620853,0.3,0.08245318697299808
1b,D1-K2cross,0.25,32,D1-K2cross_e25_r032,ESF12,0.919431279620853,,
1b,D1-K2cross,0.25,32,D1-K2cross_e25_r032,Alg2_Rs20,0.919431279620853,,
1b,D1-K2cross,0.25,32,D1-K2cross_e25_r032,Alg2_Ru10,0.919431279620853,,
1b,D1-K2cross,0.25,32,D1-K2cross_e25_r032,TCRlong(0.40)+rw+A2_Rs20,0.919431279620853,,
1b,D1-K2cross,0.25,32,D1-K2cross_e25_r032,TCRlong(0.40)+rw+A2_Ru10,0.919431279620853,,
1b,D1-K2cross,0.3,32,D1-K2cross_e30_r032,ESF12alone,0.9154228855721394,0.33,0.09851564595010132
1b,D1-K2cross,0.3,32,D1-K2cross_e30_r032,ESF12,0.9154228855721394,,
1b,D1-K2cross,0.3,32,D1-K2cross_e30_r032,Alg2_Rs20,0.9104477611940298,,
1b,D1-K2cross,0.3,32,D1-K2cross_e30_r032,Alg2_Ru10,0.9104477611940298,,
1b,D1-K2cross,0.3,32,D1-K2cross_e30_r032,TCRlong(0.40)+rw+A2_Rs20,0.9154228855721394,,
1b,D1-K2cross,0.3,32,D1-K2cross_e30_r032,TCRlong(0.40)+rw+A2_Ru10,0.9154228855721394,,
1b,D1-K2cross,0.35,32,D1-K2cross_e35_r032,ESF12alone,0.9405940594059405,0.32666666666666666,0.087793038925156
1b,D1-K2cross,0.35,32,D1-K2cross_e35_r032,ESF12,0.9405940594059405,,
1b,D1-K2cross,0.35,32,D1-K2cross_e35_r032,Alg2_Rs20,0.9405940594059405,,
1b,D1-K2cross,0.35,32,D1-K2cross_e35_r032,Alg2_Ru10,0.9405940594059405,,
1b,D1-K2cross,0.35,32,D1-K2cross_e35_r032,TCRlong(0.40)+rw+A2_Rs20,0.9405940594059405,,
1b,D1-K2cross,0.35,32,D1-K2cross_e35_r032,TCRlong(0.40)+rw+A2_Ru10,0.9405940594059405,,
1b,D2-K3par,0.25,32,D2-K3par_e25_r032,ESF12alone,0.6696428571428571,0.11333333333333333,0.42460701800882816
1b,D2-K3par,0.25,32,D2-K3par_e25_r032,ESF12,0.6696428571428571,,
1b,D2-K3par,0.25,32,D2-K3par_e25_r032,Alg2_Rs20,0.9151785714285714,,
1b,D2-K3par,0.25,32,D2-K3par_e25_r032,Alg2_Ru10,0.9151785714285714,,
1b,D2-K3par,0.25,32,D2-K3par_e25_r032,TCRlong(0.40)+rw+A2_Rs20,0.9196428571428571,,
1b,D2-K3par,0.25,32,D2-K3par_e25_r032,TCRlong(0.40)+rw+A2_Ru10,0.9196428571428571,,
1b,D2-K3par,0.3,32,D2-K3par_e30_r032,ESF12alone,0.9539170506912442,0.27666666666666667,0.34301922796294093
1b,D2-K3par,0.3,32,D2-K3par_e30_r032,ESF12,0.9539170506912442,,
1b,D2-K3par,0.3,32,D2-K3par_e30_r032,Alg2_Rs20,0.9447004608294931,,
1b,D2-K3par,0.3,32,D2-K3par_e30_r032,Alg2_Ru10,0.9447004608294931,,
1b,D2-K3par,0.3,32,D2-K3par_e30_r032,TCRlong(0.40)+rw+A2_Rs20,0.9493087557603687,,
1b,D2-K3par,0.3,32,D2-K3par_e30_r032,TCRlong(0.40)+rw+A2_Ru10,0.9493087557603687,,
1b,D2-K3par,0.35,32,D2-K3par_e35_r032,ESF12alone,0.6684210526315789,0.2,0.39491184591315687
1b,D2-K3par,0.35,32,D2-K3par_e35_r032,ESF12,0.6684210526315789,,
1b,D2-K3par,0.35,32,D2-K3par_e35_r032,Alg2_Rs20,0.6684210526315789,,
1b,D2-K3par,0.35,32,D2-K3par_e35_r032,Alg2_Ru10,0.6684210526315789,,
1b,D2-K3par,0.35,32,D2-K3par_e35_r032,TCRlong(0.40)+rw+A2_Rs20,0.6736842105263158,,
1b,D2-K3par,0.35,32,D2-K3par_e35_r032,TCRlong(0.40)+rw+A2_Ru10,0.6736842105263158,,
1b,D3-unequal,0.25,32,D3-unequal_e25_r032,ESF12alone,0.8894009216589862,0.27666666666666667,0.09102148690726608
1b,D3-unequal,0.25,32,D3-unequal_e25_r032,ESF12,0.8894009216589862,,
1b,D3-unequal,0.25,32,D3-unequal_e25_r032,Alg2_Rs20,0.8986175115207373,,
1b,D3-unequal,0.25,32,D3-unequal_e25_r032,Alg2_Ru10,0.8986175115207373,,
1b,D3-unequal,0.25,32,D3-unequal_e25_r032,TCRlong(0.40)+rw+A2_Rs20,0.9032258064516129,,
1b,D3-unequal,0.25,32,D3-unequal_e25_r032,TCRlong(0.40)+rw+A2_Ru10,0.9032258064516129,,
1b,D3-unequal,0.3,32,D3-unequal_e30_r032,ESF12alone,0.5235849056603774,0.35,0.10226918791886419
1b,D3-unequal,0.3,32,D3-unequal_e30_r032,ESF12,0.5235849056603774,,
1b,D3-unequal,0.3,32,D3-unequal_e30_r032,Alg2_Rs20,0.9009433962264151,,
1b,D3-unequal,0.3,32,D3-unequal_e30_r032,Alg2_Ru10,0.9009433962264151,,
1b,D3-unequal,0.3,32,D3-unequal_e30_r032,TCRlong(0.40)+rw+A2_Rs20,0.9009433962264151,,
1b,D3-unequal,0.3,32,D3-unequal_e30_r032,TCRlong(0.40)+rw+A2_Ru10,0.9009433962264151,,
1b,D3-unequal,0.35,32,D3-unequal_e35_r032,ESF12alone,0.8205128205128205,0.19666666666666666,0.07663554803002626
1b,D3-unequal,0.35,32,D3-unequal_e35_r032,ESF12,0.8205128205128205,,
1b,D3-unequal,0.35,32,D3-unequal_e35_r032,Alg2_Rs20,0.7025641025641025,,
1b,D3-unequal,0.35,32,D3-unequal_e35_r032,Alg2_Ru10,0.7025641025641025,,
1b,D3-unequal,0.35,32,D3-unequal_e35_r032,TCRlong(0.40)+rw+A2_Rs20,0.9179487179487179,,
1b,D3-unequal,0.35,32,D3-unequal_e35_r032,TCRlong(0.40)+rw+A2_Ru10,0.9179487179487179,,
1b,D4-hetero,0.25,32,D4-hetero_e25_r032,ESF12alone,0.8864628820960698,0.25,0.0812527829548344
1b,D4-hetero,0.25,32,D4-hetero_e25_r032,ESF12,0.8864628820960698,,
1b,D4-hetero,0.25,32,D4-hetero_e25_r032,Alg2_Rs20,0.8908296943231441,,
1b,D4-hetero,0.25,32,D4-hetero_e25_r032,Alg2_Ru10,0.8908296943231441,,
1b,D4-hetero,0.25,32,D4-hetero_e25_r032,TCRlong(0.40)+rw+A2_Rs20,0.8908296943231441,,
1b,D4-hetero,0.25,32,D4-hetero_e25_r032,TCRlong(0.40)+rw+A2_Ru10,0.8908296943231441,,
1b,D4-hetero,0.3,32,D4-hetero_e30_r032,ESF12alone,0.9121951219512195,0.32,0.08008336497005075
1b,D4-hetero,0.3,32,D4-hetero_e30_r032,ESF12,0.9121951219512195,,
1b,D4-hetero,0.3,32,D4-hetero_e30_r032,Alg2_Rs20,0.9121951219512195,,
1b,D4-hetero,0.3,32,D4-hetero_e30_r032,Alg2_Ru10,0.9121951219512195,,
1b,D4-hetero,0.3,32,D4-hetero_e30_r032,TCRlong(0.40)+rw+A2_Rs20,0.9073170731707317,,
1b,D4-hetero,0.3,32,D4-hetero_e30_r032,TCRlong(0.40)+rw+A2_Ru10,0.9073170731707317,,
1b,D4-hetero,0.35,32,D4-hetero_e35_r032,ESF12alone,0.9105263157894737,0.36666666666666664,0.08425219706259668
1b,D4-hetero,0.35,32,D4-hetero_e35_r032,ESF12,0.9105263157894737,,
1b,D4-hetero,0.35,32,D4-hetero_e35_r032,Alg2_Rs20,0.9105263157894737,,
1b,D4-hetero,0.35,32,D4-hetero_e35_r032,Alg2_Ru10,0.9105263157894737,,
1b,D4-hetero,0.35,32,D4-hetero_e35_r032,TCRlong(0.40)+rw+A2_Rs20,0.9105263157894737,,
1b,D4-hetero,0.35,32,D4-hetero_e35_r032,TCRlong(0.40)+rw+A2_Ru10,0.9105263157894737,,
1b,D5-leverage,0.25,32,D5-leverage_e25_r032,ESF12alone,0.5129310344827587,0.07333333333333333,0.07838178100064397
1b,D5-leverage,0.25,32,D5-leverage_e25_r032,ESF12,0.5129310344827587,,
1b,D5-leverage,0.25,32,D5-leverage_e25_r032,Alg2_Rs20,0.5129310344827587,,
1b,D5-leverage,0.25,32,D5-leverage_e25_r032,Alg2_Ru10,0.5129310344827587,,
1b,D5-leverage,0.25,32,D5-leverage_e25_r032,TCRlong(0.40)+rw+A2_Rs20,0.9439655172413793,,
1b,D5-leverage,0.25,32,D5-leverage_e25_r032,TCRlong(0.40)+rw+A2_Ru10,0.9439655172413793,,
1b,D5-leverage,0.3,32,D5-leverage_e30_r032,ESF12alone,0.5502392344497608,0.03,0.07905621198005974
1b,D5-leverage,0.3,32,D5-leverage_e30_r032,ESF12,0.5502392344497608,,
1b,D5-leverage,0.3,32,D5-leverage_e30_r032,Alg2_Rs20,0.5502392344497608,,
1b,D5-leverage,0.3,32,D5-leverage_e30_r032,Alg2_Ru10,0.5502392344497608,,
1b,D5-leverage,0.3,32,D5-leverage_e30_r032,TCRlong(0.40)+rw+A2_Rs20,0.5502392344497608,,
1b,D5-leverage,0.3,32,D5-leverage_e30_r032,TCRlong(0.40)+rw+A2_Ru10,0.5502392344497608,,
1b,D5-leverage,0.35,32,D5-leverage_e35_r032,ESF12alone,0.5233160621761658,0.14333333333333334,0.08006950293201953
1b,D5-leverage,0.35,32,D5-leverage_e35_r032,ESF12,0.5077720207253886,,
1b,D5-leverage,0.35,32,D5-leverage_e35_r032,Alg2_Rs20,0.5077720207253886,,
1b,D5-leverage,0.35,32,D5-leverage_e35_r032,Alg2_Ru10,0.5077720207253886,,
1b,D5-leverage,0.35,32,D5-leverage_e35_r032,TCRlong(0.40)+rw+A2_Rs20,0.5077720207253886,,
1b,D5-leverage,0.35,32,D5-leverage_e35_r032,TCRlong(0.40)+rw+A2_Ru10,0.5077720207253886,,
1b,D6-uniform,0.25,32,D6-uniform_e25_r032,ESF12alone,0.8961038961038961,0.21,0.08009758405387402
1b,D6-uniform,0.25,32,D6-uniform_e25_r032,ESF12,0.8961038961038961,,
1b,D6-uniform,0.25,32,D6-uniform_e25_r032,Alg2_Rs20,0.8961038961038961,,
1b,D6-uniform,0.25,32,D6-uniform_e25_r032,Alg2_Ru10,0.8961038961038961,,
1b,D6-uniform,0.25,32,D6-uniform_e25_r032,TCRlong(0.40)+rw+A2_Rs20,0.8917748917748918,,
1b,D6-uniform,0.25,32,D6-uniform_e25_r032,TCRlong(0.40)+rw+A2_Ru10,0.8917748917748918,,
1b,D6-uniform,0.3,32,D6-uniform_e30_r032,ESF12alone,0.529126213592233,0.0,0.08265118801500648
1b,D6-uniform,0.3,32,D6-uniform_e30_r032,ESF12,0.529126213592233,,
1b,D6-uniform,0.3,32,D6-uniform_e30_r032,Alg2_Rs20,0.529126213592233,,
1b,D6-uniform,0.3,32,D6-uniform_e30_r032,Alg2_Ru10,0.529126213592233,,
1b,D6-uniform,0.3,32,D6-uniform_e30_r032,TCRlong(0.40)+rw+A2_Rs20,0.9174757281553398,,
1b,D6-uniform,0.3,32,D6-uniform_e30_r032,TCRlong(0.40)+rw+A2_Ru10,0.9174757281553398,,
1b,D6-uniform,0.35,32,D6-uniform_e35_r032,ESF12alone,0.5157894736842106,0.0,0.08355246996507049
1b,D6-uniform,0.35,32,D6-uniform_e35_r032,ESF12,0.5157894736842106,,
1b,D6-uniform,0.35,32,D6-uniform_e35_r032,Alg2_Rs20,0.5157894736842106,,
1b,D6-uniform,0.35,32,D6-uniform_e35_r032,Alg2_Ru10,0.5157894736842106,,
1b,D6-uniform,0.35,32,D6-uniform_e35_r032,TCRlong(0.40)+rw+A2_Rs20,0.5157894736842106,,
1b,D6-uniform,0.35,32,D6-uniform_e35_r032,TCRlong(0.40)+rw+A2_Ru10,0.5157894736842106,,
1b,D7-p3,0.25,32,D7-p3_e25_r032,ESF12alone,0.8868778280542986,0.2633333333333333,2.1365953770000488
1b,D7-p3,0.25,32,D7-p3_e25_r032,ESF12,0.8868778280542986,,
1b,D7-p3,0.25,32,D7-p3_e25_r032,Alg2_Rs20,0.8868778280542986,,
1b,D7-p3,0.25,32,D7-p3_e25_r032,Alg2_Ru10,0.8868778280542986,,
1b,D7-p3,0.25,32,D7-p3_e25_r032,TCRlong(0.40)+rw+A2_Rs20,0.8868778280542986,,
1b,D7-p3,0.25,32,D7-p3_e25_r032,TCRlong(0.40)+rw+A2_Ru10,0.8868778280542986,,
1b,D7-p3,0.3,32,D7-p3_e30_r032,ESF12alone,0.9154228855721394,0.33,1.8247507750056684
1b,D7-p3,0.3,32,D7-p3_e30_r032,ESF12,0.9154228855721394,,
1b,D7-p3,0.3,32,D7-p3_e30_r032,Alg2_Rs20,0.9104477611940298,,
1b,D7-p3,0.3,32,D7-p3_e30_r032,Alg2_Ru10,0.9104477611940298,,
1b,D7-p3,0.3,32,D7-p3_e30_r032,TCRlong(0.40)+rw+A2_Rs20,0.9104477611940298,,
1b,D7-p3,0.3,32,D7-p3_e30_r032,TCRlong(0.40)+rw+A2_Ru10,0.9104477611940298,,
1b,D7-p3,0.35,32,D7-p3_e35_r032,ESF12alone,0.923469387755102,0.3466666666666667,1.8351152670802549
1b,D7-p3,0.35,32,D7-p3_e35_r032,ESF12,0.923469387755102,,
1b,D7-p3,0.35,32,D7-p3_e35_r032,Alg2_Rs20,0.9132653061224489,,
1b,D7-p3,0.35,32,D7-p3_e35_r032,Alg2_Ru10,0.9132653061224489,,
1b,D7-p3,0.35,32,D7-p3_e35_r032,TCRlong(0.40)+rw+A2_Rs20,0.9132653061224489,,
1b,D7-p3,0.35,32,D7-p3_e35_r032,TCRlong(0.40)+rw+A2_Ru10,0.9132653061224489,,
1b,D8-K2par-sep,0.25,32,D8-K2par-sep_e25_r032,ESF12alone,1.0,0.24333333333333335,0.0782221700064838
1b,D8-K2par-sep,0.25,32,D8-K2par-sep_e25_r032,ESF12,1.0,,
1b,D8-K2par-sep,0.25,32,D8-K2par-sep_e25_r032,Alg2_Rs20,1.0,,
1b,D8-K2par-sep,0.25,32,D8-K2par-sep_e25_r032,Alg2_Ru10,1.0,,
1b,D8-K2par-sep,0.25,32,D8-K2par-sep_e25_r032,TCRlong(0.40)+rw+A2_Rs20,1.0,,
1b,D8-K2par-sep,0.25,32,D8-K2par-sep_e25_r032,TCRlong(0.40)+rw+A2_Ru10,1.0,,
1b,D8-K2par-sep,0.3,32,D8-K2par-sep_e30_r032,ESF12alone,1.0,0.29333333333333333,0.07538539508823305
1b,D8-K2par-sep,0.3,32,D8-K2par-sep_e30_r032,ESF12,1.0,,
1b,D8-K2par-sep,0.3,32,D8-K2par-sep_e30_r032,Alg2_Rs20,1.0,,
1b,D8-K2par-sep,0.3,32,D8-K2par-sep_e30_r032,Alg2_Ru10,1.0,,
1b,D8-K2par-sep,0.3,32,D8-K2par-sep_e30_r032,TCRlong(0.40)+rw+A2_Rs20,1.0,,
1b,D8-K2par-sep,0.3,32,D8-K2par-sep_e30_r032,TCRlong(0.40)+rw+A2_Ru10,1.0,,
1b,D8-K2par-sep,0.35,32,D8-K2par-sep_e35_r032,ESF12alone,0.9947368421052631,0.36666666666666664,0.07540887501090765
1b,D8-K2par-sep,0.35,32,D8-K2par-sep_e35_r032,ESF12,0.9947368421052631,,
1b,D8-K2par-sep,0.35,32,D8-K2par-sep_e35_r032,Alg2_Rs20,0.9947368421052631,,
1b,D8-K2par-sep,0.35,32,D8-K2par-sep_e35_r032,Alg2_Ru10,0.9947368421052631,,
1b,D8-K2par-sep,0.35,32,D8-K2par-sep_e35_r032,TCRlong(0.40)+rw+A2_Rs20,0.9947368421052631,,
1b,D8-K2par-sep,0.35,32,D8-K2par-sep_e35_r032,TCRlong(0.40)+rw+A2_Ru10,0.9947368421052631,,
1b,D1-K2cross,0.25,33,D1-K2cross_e25_r033,ESF12alone,0.9122807017543859,0.24,0.07345327909570187
1b,D1-K2cross,0.25,33,D1-K2cross_e25_r033,ESF12,0.9122807017543859,,
1b,D1-K2cross,0.25,33,D1-K2cross_e25_r033,Alg2_Rs20,0.9122807017543859,,
1b,D1-K2cross,0.25,33,D1-K2cross_e25_r033,Alg2_Ru10,0.9122807017543859,,
1b,D1-K2cross,0.25,33,D1-K2cross_e25_r033,TCRlong(0.40)+rw+A2_Rs20,0.9122807017543859,,
1b,D1-K2cross,0.25,33,D1-K2cross_e25_r033,TCRlong(0.40)+rw+A2_Ru10,0.9122807017543859,,
1b,D1-K2cross,0.3,33,D1-K2cross_e30_r033,ESF12alone,0.8916256157635468,0.3233333333333333,0.07347376190591604
1b,D1-K2cross,0.3,33,D1-K2cross_e30_r033,ESF12,0.8916256157635468,,
1b,D1-K2cross,0.3,33,D1-K2cross_e30_r033,Alg2_Rs20,0.8916256157635468,,
1b,D1-K2cross,0.3,33,D1-K2cross_e30_r033,Alg2_Ru10,0.8916256157635468,,
1b,D1-K2cross,0.3,33,D1-K2cross_e30_r033,TCRlong(0.40)+rw+A2_Rs20,0.8916256157635468,,
1b,D1-K2cross,0.3,33,D1-K2cross_e30_r033,TCRlong(0.40)+rw+A2_Ru10,0.8916256157635468,,
1b,D1-K2cross,0.35,33,D1-K2cross_e35_r033,ESF12alone,0.8781725888324873,0.3433333333333333,0.07811929599847645
1b,D1-K2cross,0.35,33,D1-K2cross_e35_r033,ESF12,0.8781725888324873,,
1b,D1-K2cross,0.35,33,D1-K2cross_e35_r033,Alg2_Rs20,0.8730964467005076,,
1b,D1-K2cross,0.35,33,D1-K2cross_e35_r033,Alg2_Ru10,0.8730964467005076,,
1b,D1-K2cross,0.35,33,D1-K2cross_e35_r033,TCRlong(0.40)+rw+A2_Rs20,0.8781725888324873,,
1b,D1-K2cross,0.35,33,D1-K2cross_e35_r033,TCRlong(0.40)+rw+A2_Ru10,0.8781725888324873,,
1b,D2-K3par,0.25,33,D2-K3par_e25_r033,ESF12alone,0.9398148148148148,0.28,0.3268521160352975
1b,D2-K3par,0.25,33,D2-K3par_e25_r033,ESF12,0.9398148148148148,,
1b,D2-K3par,0.25,33,D2-K3par_e25_r033,Alg2_Rs20,0.9398148148148148,,
1b,D2-K3par,0.25,33,D2-K3par_e25_r033,Alg2_Ru10,0.9398148148148148,,
1b,D2-K3par,0.25,33,D2-K3par_e25_r033,TCRlong(0.40)+rw+A2_Rs20,0.9351851851851852,,
1b,D2-K3par,0.25,33,D2-K3par_e25_r033,TCRlong(0.40)+rw+A2_Ru10,0.9351851851851852,,
1b,D2-K3par,0.3,33,D2-K3par_e30_r033,ESF12alone,0.9457013574660633,0.2633333333333333,0.300805002101697
1b,D2-K3par,0.3,33,D2-K3par_e30_r033,ESF12,0.9457013574660633,,
1b,D2-K3par,0.3,33,D2-K3par_e30_r033,Alg2_Rs20,0.9411764705882353,,
1b,D2-K3par,0.3,33,D2-K3par_e30_r033,Alg2_Ru10,0.9411764705882353,,
1b,D2-K3par,0.3,33,D2-K3par_e30_r033,TCRlong(0.40)+rw+A2_Rs20,0.9457013574660633,,
1b,D2-K3par,0.3,33,D2-K3par_e30_r033,TCRlong(0.40)+rw+A2_Ru10,0.9457013574660633,,
1b,D2-K3par,0.35,33,D2-K3par_e35_r033,ESF12alone,0.6598984771573604,0.18666666666666668,0.3762174950679764
1b,D2-K3par,0.35,33,D2-K3par_e35_r033,ESF12,0.6598984771573604,,
1b,D2-K3par,0.35,33,D2-K3par_e35_r033,Alg2_Rs20,0.9289340101522843,,
1b,D2-K3par,0.35,33,D2-K3par_e35_r033,Alg2_Ru10,0.9289340101522843,,
1b,D2-K3par,0.35,33,D2-K3par_e35_r033,TCRlong(0.40)+rw+A2_Rs20,0.9238578680203046,,
1b,D2-K3par,0.35,33,D2-K3par_e35_r033,TCRlong(0.40)+rw+A2_Ru10,0.9238578680203046,,
1b,D3-unequal,0.25,33,D3-unequal_e25_r033,ESF12alone,0.9203539823008849,0.24666666666666667,0.0774903780547902
1b,D3-unequal,0.25,33,D3-unequal_e25_r033,ESF12,0.9203539823008849,,
1b,D3-unequal,0.25,33,D3-unequal_e25_r033,Alg2_Rs20,0.9203539823008849,,
1b,D3-unequal,0.25,33,D3-unequal_e25_r033,Alg2_Ru10,0.9203539823008849,,
1b,D3-unequal,0.25,33,D3-unequal_e25_r033,TCRlong(0.40)+rw+A2_Rs20,0.9247787610619469,,
1b,D3-unequal,0.25,33,D3-unequal_e25_r033,TCRlong(0.40)+rw+A2_Ru10,0.9247787610619469,,
1b,D3-unequal,0.3,33,D3-unequal_e30_r033,ESF12alone,0.9205607476635514,0.2866666666666667,0.07939771097153425
1b,D3-unequal,0.3,33,D3-unequal_e30_r033,ESF12,0.9205607476635514,,
1b,D3-unequal,0.3,33,D3-unequal_e30_r033,Alg2_Rs20,0.9205607476635514,,
1b,D3-unequal,0.3,33,D3-unequal_e30_r033,Alg2_Ru10,0.9205607476635514,,
1b,D3-unequal,0.3,33,D3-unequal_e30_r033,TCRlong(0.40)+rw+A2_Rs20,0.9205607476635514,,
1b,D3-unequal,0.3,33,D3-unequal_e30_r033,TCRlong(0.40)+rw+A2_Ru10,0.9205607476635514,,
1b,D3-unequal,0.35,33,D3-unequal_e35_r033,ESF12alone,0.6881188118811881,0.20333333333333334,0.0895973650040105
1b,D3-unequal,0.35,33,D3-unequal_e35_r033,ESF12,0.6881188118811881,,
1b,D3-unequal,0.35,33,D3-unequal_e35_r033,Alg2_Rs20,0.9257425742574258,,
1b,D3-unequal,0.35,33,D3-unequal_e35_r033,Alg2_Ru10,0.9257425742574258,,
1b,D3-unequal,0.35,33,D3-unequal_e35_r033,TCRlong(0.40)+rw+A2_Rs20,0.9257425742574258,,
1b,D3-unequal,0.35,33,D3-unequal_e35_r033,TCRlong(0.40)+rw+A2_Ru10,0.9257425742574258,,
1b,D4-hetero,0.25,33,D4-hetero_e25_r033,ESF12alone,0.8983050847457628,0.22,0.07023494597524405
1b,D4-hetero,0.25,33,D4-hetero_e25_r033,ESF12,0.8983050847457628,,
1b,D4-hetero,0.25,33,D4-hetero_e25_r033,Alg2_Rs20,0.8983050847457628,,
1b,D4-hetero,0.25,33,D4-hetero_e25_r033,Alg2_Ru10,0.8983050847457628,,
1b,D4-hetero,0.25,33,D4-hetero_e25_r033,TCRlong(0.40)+rw+A2_Rs20,0.9110169491525424,,
1b,D4-hetero,0.25,33,D4-hetero_e25_r033,TCRlong(0.40)+rw+A2_Ru10,0.9110169491525424,,
1b,D4-hetero,0.3,33,D4-hetero_e30_r033,ESF12alone,0.9120370370370371,0.2833333333333333,0.10271966294385493
1b,D4-hetero,0.3,33,D4-hetero_e30_r033,ESF12,0.9120370370370371,,
1b,D4-hetero,0.3,33,D4-hetero_e30_r033,Alg2_Rs20,0.9120370370370371,,
1b,D4-hetero,0.3,33,D4-hetero_e30_r033,Alg2_Ru10,0.9120370370370371,,
1b,D4-hetero,0.3,33,D4-hetero_e30_r033,TCRlong(0.40)+rw+A2_Rs20,0.9120370370370371,,
1b,D4-hetero,0.3,33,D4-hetero_e30_r033,TCRlong(0.40)+rw+A2_Ru10,0.9120370370370371,,
1b,D4-hetero,0.35,33,D4-hetero_e35_r033,ESF12alone,0.9114583333333334,0.36333333333333334,0.0790040889987722
1b,D4-hetero,0.35,33,D4-hetero_e35_r033,ESF12,0.9114583333333334,,
1b,D4-hetero,0.35,33,D4-hetero_e35_r033,Alg2_Rs20,0.9114583333333334,,
1b,D4-hetero,0.35,33,D4-hetero_e35_r033,Alg2_Ru10,0.9114583333333334,,
1b,D4-hetero,0.35,33,D4-hetero_e35_r033,TCRlong(0.40)+rw+A2_Rs20,0.9114583333333334,,
1b,D4-hetero,0.35,33,D4-hetero_e35_r033,TCRlong(0.40)+rw+A2_Ru10,0.9114583333333334,,
1b,D5-leverage,0.25,33,D5-leverage_e25_r033,ESF12alone,0.8913043478260869,0.23333333333333334,0.07958508294541389
1b,D5-leverage,0.25,33,D5-leverage_e25_r033,ESF12,0.8913043478260869,,
1b,D5-leverage,0.25,33,D5-leverage_e25_r033,Alg2_Rs20,0.8913043478260869,,
1b,D5-leverage,0.25,33,D5-leverage_e25_r033,Alg2_Ru10,0.8913043478260869,,
1b,D5-leverage,0.25,33,D5-leverage_e25_r033,TCRlong(0.40)+rw+A2_Rs20,0.5434782608695652,,
1b,D5-leverage,0.25,33,D5-leverage_e25_r033,TCRlong(0.40)+rw+A2_Ru10,0.5434782608695652,,
1b,D5-leverage,0.3,33,D5-leverage_e30_r033,ESF12alone,0.5074626865671642,0.006666666666666667,0.0817444110289216
1b,D5-leverage,0.3,33,D5-leverage_e30_r033,ESF12,0.5074626865671642,,
1b,D5-leverage,0.3,33,D5-leverage_e30_r033,Alg2_Rs20,0.5074626865671642,,
1b,D5-leverage,0.3,33,D5-leverage_e30_r033,Alg2_Ru10,0.5074626865671642,,
1b,D5-leverage,0.3,33,D5-leverage_e30_r033,TCRlong(0.40)+rw+A2_Rs20,0.5074626865671642,,
1b,D5-leverage,0.3,33,D5-leverage_e30_r033,TCRlong(0.40)+rw+A2_Ru10,0.5074626865671642,,
1b,D5-leverage,0.35,33,D5-leverage_e35_r033,ESF12alone,0.5047619047619047,0.013333333333333334,0.08093297097366303
1b,D5-leverage,0.35,33,D5-leverage_e35_r033,ESF12,0.5047619047619047,,
1b,D5-leverage,0.35,33,D5-leverage_e35_r033,Alg2_Rs20,0.5047619047619047,,
1b,D5-leverage,0.35,33,D5-leverage_e35_r033,Alg2_Ru10,0.5047619047619047,,
1b,D5-leverage,0.35,33,D5-leverage_e35_r033,TCRlong(0.40)+rw+A2_Rs20,0.5047619047619047,,
1b,D5-leverage,0.35,33,D5-leverage_e35_r033,TCRlong(0.40)+rw+A2_Ru10,0.5047619047619047,,
1b,D6-uniform,0.25,33,D6-uniform_e25_r033,ESF12alone,0.9192825112107623,0.19666666666666666,0.07341948605608195
1b,D6-uniform,0.25,33,D6-uniform_e25_r033,ESF12,0.9192825112107623,,
1b,D6-uniform,0.25,33,D6-uniform_e25_r033,Alg2_Rs20,0.8968609865470852,,
1b,D6-uniform,0.25,33,D6-uniform_e25_r033,Alg2_Ru10,0.8968609865470852,,
1b,D6-uniform,0.25,33,D6-uniform_e25_r033,TCRlong(0.40)+rw+A2_Rs20,0.9013452914798207,,
1b,D6-uniform,0.25,33,D6-uniform_e25_r033,TCRlong(0.40)+rw+A2_Ru10,0.9013452914798207,,
1b,D6-uniform,0.3,33,D6-uniform_e30_r033,ESF12alone,0.5215311004784688,0.0,0.0823066559387371
1b,D6-uniform,0.3,33,D6-uniform_e30_r033,ESF12,0.5215311004784688,,
1b,D6-uniform,0.3,33,D6-uniform_e30_r033,Alg2_Rs20,0.507177033492823,,
1b,D6-uniform,0.3,33,D6-uniform_e30_r033,Alg2_Ru10,0.507177033492823,,
1b,D6-uniform,0.3,33,D6-uniform_e30_r033,TCRlong(0.40)+rw+A2_Rs20,0.9043062200956937,,
1b,D6-uniform,0.3,33,D6-uniform_e30_r033,TCRlong(0.40)+rw+A2_Ru10,0.5645933014354066,,
1b,D6-uniform,0.35,33,D6-uniform_e35_r033,ESF12alone,0.5174129353233831,0.0,0.0788626529974863
1b,D6-uniform,0.35,33,D6-uniform_e35_r033,ESF12,0.5174129353233831,,
1b,D6-uniform,0.35,33,D6-uniform_e35_r033,Alg2_Rs20,0.5223880597014925,,
1b,D6-uniform,0.35,33,D6-uniform_e35_r033,Alg2_Ru10,0.5223880597014925,,
1b,D6-uniform,0.35,33,D6-uniform_e35_r033,TCRlong(0.40)+rw+A2_Rs20,0.5472636815920398,,
1b,D6-uniform,0.35,33,D6-uniform_e35_r033,TCRlong(0.40)+rw+A2_Ru10,0.5472636815920398,,
1b,D7-p3,0.25,33,D7-p3_e25_r033,ESF12alone,0.8914027149321267,0.2633333333333333,1.7993594839936122
1b,D7-p3,0.25,33,D7-p3_e25_r033,ESF12,0.8914027149321267,,
1b,D7-p3,0.25,33,D7-p3_e25_r033,Alg2_Rs20,0.9049773755656109,,
1b,D7-p3,0.25,33,D7-p3_e25_r033,Alg2_Ru10,0.9049773755656109,,
1b,D7-p3,0.25,33,D7-p3_e25_r033,TCRlong(0.40)+rw+A2_Rs20,0.9049773755656109,,
1b,D7-p3,0.25,33,D7-p3_e25_r033,TCRlong(0.40)+rw+A2_Ru10,0.9049773755656109,,
1b,D7-p3,0.3,33,D7-p3_e30_r033,ESF12alone,0.9241706161137441,0.2966666666666667,1.7972380830906332
1b,D7-p3,0.3,33,D7-p3_e30_r033,ESF12,0.9241706161137441,,
1b,D7-p3,0.3,33,D7-p3_e30_r033,Alg2_Rs20,0.9289099526066351,,
1b,D7-p3,0.3,33,D7-p3_e30_r033,Alg2_Ru10,0.9289099526066351,,
1b,D7-p3,0.3,33,D7-p3_e30_r033,TCRlong(0.40)+rw+A2_Rs20,0.9241706161137441,,
1b,D7-p3,0.3,33,D7-p3_e30_r033,TCRlong(0.40)+rw+A2_Ru10,0.9241706161137441,,
1b,D7-p3,0.35,33,D7-p3_e35_r033,ESF12alone,0.9117647058823529,0.3233333333333333,1.8766743190353736
1b,D7-p3,0.35,33,D7-p3_e35_r033,ESF12,0.9117647058823529,,
1b,D7-p3,0.35,33,D7-p3_e35_r033,Alg2_Rs20,0.9068627450980392,,
1b,D7-p3,0.35,33,D7-p3_e35_r033,Alg2_Ru10,0.9068627450980392,,
1b,D7-p3,0.35,33,D7-p3_e35_r033,TCRlong(0.40)+rw+A2_Rs20,0.9166666666666666,,
1b,D7-p3,0.35,33,D7-p3_e35_r033,TCRlong(0.40)+rw+A2_Ru10,0.9166666666666666,,
1b,D8-K2par-sep,0.25,33,D8-K2par-sep_e25_r033,ESF12alone,0.995575221238938,0.24666666666666667,0.09825456503313035
1b,D8-K2par-sep,0.25,33,D8-K2par-sep_e25_r033,ESF12,0.995575221238938,,
1b,D8-K2par-sep,0.25,33,D8-K2par-sep_e25_r033,Alg2_Rs20,0.995575221238938,,
1b,D8-K2par-sep,0.25,33,D8-K2par-sep_e25_r033,Alg2_Ru10,0.995575221238938,,
1b,D8-K2par-sep,0.25,33,D8-K2par-sep_e25_r033,TCRlong(0.40)+rw+A2_Rs20,0.995575221238938,,
1b,D8-K2par-sep,0.25,33,D8-K2par-sep_e25_r033,TCRlong(0.40)+rw+A2_Ru10,0.995575221238938,,
1b,D8-K2par-sep,0.3,33,D8-K2par-sep_e30_r033,ESF12alone,1.0,0.29333333333333333,0.08431680803187191
1b,D8-K2par-sep,0.3,33,D8-K2par-sep_e30_r033,ESF12,1.0,,
1b,D8-K2par-sep,0.3,33,D8-K2par-sep_e30_r033,Alg2_Rs20,1.0,,
1b,D8-K2par-sep,0.3,33,D8-K2par-sep_e30_r033,Alg2_Ru10,1.0,,
1b,D8-K2par-sep,0.3,33,D8-K2par-sep_e30_r033,TCRlong(0.40)+rw+A2_Rs20,1.0,,
1b,D8-K2par-sep,0.3,33,D8-K2par-sep_e30_r033,TCRlong(0.40)+rw+A2_Ru10,1.0,,
1b,D8-K2par-sep,0.35,33,D8-K2par-sep_e35_r033,ESF12alone,1.0,0.33,0.07760932191740721
1b,D8-K2par-sep,0.35,33,D8-K2par-sep_e35_r033,ESF12,1.0,,
1b,D8-K2par-sep,0.35,33,D8-K2par-sep_e35_r033,Alg2_Rs20,1.0,,
1b,D8-K2par-sep,0.35,33,D8-K2par-sep_e35_r033,Alg2_Ru10,1.0,,
1b,D8-K2par-sep,0.35,33,D8-K2par-sep_e35_r033,TCRlong(0.40)+rw+A2_Rs20,1.0,,
1b,D8-K2par-sep,0.35,33,D8-K2par-sep_e35_r033,TCRlong(0.40)+rw+A2_Ru10,1.0,,
1b,D1-K2cross,0.25,34,D1-K2cross_e25_r034,ESF12alone,0.9026548672566371,0.24666666666666667,0.078569938079454
1b,D1-K2cross,0.25,34,D1-K2cross_e25_r034,ESF12,0.9026548672566371,,
1b,D1-K2cross,0.25,34,D1-K2cross_e25_r034,Alg2_Rs20,0.9026548672566371,,
1b,D1-K2cross,0.25,34,D1-K2cross_e25_r034,Alg2_Ru10,0.9026548672566371,,
1b,D1-K2cross,0.25,34,D1-K2cross_e25_r034,TCRlong(0.40)+rw+A2_Rs20,0.8982300884955752,,
1b,D1-K2cross,0.25,34,D1-K2cross_e25_r034,TCRlong(0.40)+rw+A2_Ru10,0.8982300884955752,,
1b,D1-K2cross,0.3,34,D1-K2cross_e30_r034,ESF12alone,0.927461139896373,0.3566666666666667,0.08273878507316113
1b,D1-K2cross,0.3,34,D1-K2cross_e30_r034,ESF12,0.927461139896373,,
1b,D1-K2cross,0.3,34,D1-K2cross_e30_r034,Alg2_Rs20,0.927461139896373,,
1b,D1-K2cross,0.3,34,D1-K2cross_e30_r034,Alg2_Ru10,0.927461139896373,,
1b,D1-K2cross,0.3,34,D1-K2cross_e30_r034,TCRlong(0.40)+rw+A2_Rs20,0.927461139896373,,
1b,D1-K2cross,0.3,34,D1-K2cross_e30_r034,TCRlong(0.40)+rw+A2_Ru10,0.927461139896373,,
1b,D1-K2cross,0.35,34,D1-K2cross_e35_r034,ESF12alone,0.9037433155080213,0.37666666666666665,0.08791925897821784
1b,D1-K2cross,0.35,34,D1-K2cross_e35_r034,ESF12,0.9037433155080213,,
1b,D1-K2cross,0.35,34,D1-K2cross_e35_r034,Alg2_Rs20,0.9037433155080213,,
1b,D1-K2cross,0.35,34,D1-K2cross_e35_r034,Alg2_Ru10,0.9037433155080213,,
1b,D1-K2cross,0.35,34,D1-K2cross_e35_r034,TCRlong(0.40)+rw+A2_Rs20,0.9037433155080213,,
1b,D1-K2cross,0.35,34,D1-K2cross_e35_r034,TCRlong(0.40)+rw+A2_Ru10,0.9037433155080213,,
1b,D2-K3par,0.25,34,D2-K3par_e25_r034,ESF12alone,0.8976744186046511,0.2833333333333333,0.2920585279352963
1b,D2-K3par,0.25,34,D2-K3par_e25_r034,ESF12,0.8976744186046511,,
1b,D2-K3par,0.25,34,D2-K3par_e25_r034,Alg2_Rs20,0.8976744186046511,,
1b,D2-K3par,0.25,34,D2-K3par_e25_r034,Alg2_Ru10,0.8976744186046511,,
1b,D2-K3par,0.25,34,D2-K3par_e25_r034,TCRlong(0.40)+rw+A2_Rs20,0.8976744186046511,,
1b,D2-K3par,0.25,34,D2-K3par_e25_r034,TCRlong(0.40)+rw+A2_Ru10,0.8976744186046511,,
1b,D2-K3par,0.3,34,D2-K3par_e30_r034,ESF12alone,0.6802030456852792,0.15,0.44173476099967957
1b,D2-K3par,0.3,34,D2-K3par_e30_r034,ESF12,0.6802030456852792,,
1b,D2-K3par,0.3,34,D2-K3par_e30_r034,Alg2_Rs20,0.6802030456852792,,
1b,D2-K3par,0.3,34,D2-K3par_e30_r034,Alg2_Ru10,0.6802030456852792,,
1b,D2-K3par,0.3,34,D2-K3par_e30_r034,TCRlong(0.40)+rw+A2_Rs20,0.8934010152284264,,
1b,D2-K3par,0.3,34,D2-K3par_e30_r034,TCRlong(0.40)+rw+A2_Ru10,0.8934010152284264,,
1b,D2-K3par,0.35,34,D2-K3par_e35_r034,ESF12alone,0.3882978723404255,0.0,0.4384581729536876
1b,D2-K3par,0.35,34,D2-K3par_e35_r034,ESF12,0.3882978723404255,,
1b,D2-K3par,0.35,34,D2-K3par_e35_r034,Alg2_Rs20,0.3882978723404255,,
1b,D2-K3par,0.35,34,D2-K3par_e35_r034,Alg2_Ru10,0.3882978723404255,,
1b,D2-K3par,0.35,34,D2-K3par_e35_r034,TCRlong(0.40)+rw+A2_Rs20,0.6648936170212766,,
1b,D2-K3par,0.35,34,D2-K3par_e35_r034,TCRlong(0.40)+rw+A2_Ru10,0.6648936170212766,,
1b,D3-unequal,0.25,34,D3-unequal_e25_r034,ESF12alone,0.5545851528384279,0.36,0.0818959119496867
1b,D3-unequal,0.25,34,D3-unequal_e25_r034,ESF12,0.5545851528384279,,
1b,D3-unequal,0.25,34,D3-unequal_e25_r034,Alg2_Rs20,0.6637554585152838,,
1b,D3-unequal,0.25,34,D3-unequal_e25_r034,Alg2_Ru10,0.6637554585152838,,
1b,D3-unequal,0.25,34,D3-unequal_e25_r034,TCRlong(0.40)+rw+A2_Rs20,0.9170305676855895,,
1b,D3-unequal,0.25,34,D3-unequal_e25_r034,TCRlong(0.40)+rw+A2_Ru10,0.9170305676855895,,
1b,D3-unequal,0.3,34,D3-unequal_e30_r034,ESF12alone,0.8925233644859814,0.2866666666666667,0.08028206590097398
1b,D3-unequal,0.3,34,D3-unequal_e30_r034,ESF12,0.8925233644859814,,
1b,D3-unequal,0.3,34,D3-unequal_e30_r034,Alg2_Rs20,0.883177570093458,,
1b,D3-unequal,0.3,34,D3-unequal_e30_r034,Alg2_Ru10,0.883177570093458,,
1b,D3-unequal,0.3,34,D3-unequal_e30_r034,TCRlong(0.40)+rw+A2_Rs20,0.8925233644859814,,
1b,D3-unequal,0.3,34,D3-unequal_e30_r034,TCRlong(0.40)+rw+A2_Ru10,0.8925233644859814,,
1b,D3-unequal,0.35,34,D3-unequal_e35_r034,ESF12alone,0.9020618556701031,0.35333333333333333,0.07645562896504998
1b,D3-unequal,0.35,34,D3-unequal_e35_r034,ESF12,0.9020618556701031,,
1b,D3-unequal,0.35,34,D3-unequal_e35_r034,Alg2_Rs20,0.9123711340206185,,
1b,D3-unequal,0.35,34,D3-unequal_e35_r034,Alg2_Ru10,0.9123711340206185,,
1b,D3-unequal,0.35,34,D3-unequal_e35_r034,TCRlong(0.40)+rw+A2_Rs20,0.9123711340206185,,
1b,D3-unequal,0.35,34,D3-unequal_e35_r034,TCRlong(0.40)+rw+A2_Ru10,0.9123711340206185,,
1b,D4-hetero,0.25,34,D4-hetero_e25_r034,ESF12alone,0.9385964912280702,0.25666666666666665,0.09400153299793601
1b,D4-hetero,0.25,34,D4-hetero_e25_r034,ESF12,0.9385964912280702,,
1b,D4-hetero,0.25,34,D4-hetero_e25_r034,Alg2_Rs20,0.9385964912280702,,
1b,D4-hetero,0.25,34,D4-hetero_e25_r034,Alg2_Ru10,0.9385964912280702,,
1b,D4-hetero,0.25,34,D4-hetero_e25_r034,TCRlong(0.40)+rw+A2_Rs20,0.9385964912280702,,
1b,D4-hetero,0.25,34,D4-hetero_e25_r034,TCRlong(0.40)+rw+A2_Ru10,0.9385964912280702,,
1b,D4-hetero,0.3,34,D4-hetero_e30_r034,ESF12alone,0.9107981220657277,0.29333333333333333,0.07527997891884297
1b,D4-hetero,0.3,34,D4-hetero_e30_r034,ESF12,0.9107981220657277,,
1b,D4-hetero,0.3,34,D4-hetero_e30_r034,Alg2_Rs20,0.9107981220657277,,
1b,D4-hetero,0.3,34,D4-hetero_e30_r034,Alg2_Ru10,0.9107981220657277,,
1b,D4-hetero,0.3,34,D4-hetero_e30_r034,TCRlong(0.40)+rw+A2_Rs20,0.9107981220657277,,
1b,D4-hetero,0.3,34,D4-hetero_e30_r034,TCRlong(0.40)+rw+A2_Ru10,0.9107981220657277,,
1b,D4-hetero,0.35,34,D4-hetero_e35_r034,ESF12alone,0.890625,0.36333333333333334,0.08268034795764834
1b,D4-hetero,0.35,34,D4-hetero_e35_r034,ESF12,0.890625,,
1b,D4-hetero,0.35,34,D4-hetero_e35_r034,Alg2_Rs20,0.890625,,
1b,D4-hetero,0.35,34,D4-hetero_e35_r034,Alg2_Ru10,0.890625,,
1b,D4-hetero,0.35,34,D4-hetero_e35_r034,TCRlong(0.40)+rw+A2_Rs20,0.890625,,
1b,D4-hetero,0.35,34,D4-hetero_e35_r034,TCRlong(0.40)+rw+A2_Ru10,0.890625,,
1b,D5-leverage,0.25,34,D5-leverage_e25_r034,ESF12alone,0.514018691588785,0.14333333333333334,0.0766225109109655
1b,D5-leverage,0.25,34,D5-leverage_e25_r034,ESF12,0.514018691588785,,
1b,D5-leverage,0.25,34,D5-leverage_e25_r034,Alg2_Rs20,0.514018691588785,,
1b,D5-leverage,0.25,34,D5-leverage_e25_r034,Alg2_Ru10,0.514018691588785,,
1b,D5-leverage,0.25,34,D5-leverage_e25_r034,TCRlong(0.40)+rw+A2_Rs20,0.9018691588785047,,
1b,D5-leverage,0.25,34,D5-leverage_e25_r034,TCRlong(0.40)+rw+A2_Ru10,0.9018691588785047,,
1b,D5-leverage,0.3,34,D5-leverage_e30_r034,ESF12alone,0.505,0.02666666666666667,0.08079978707246482
1b,D5-leverage,0.3,34,D5-leverage_e30_r034,ESF12,0.505,,
1b,D5-leverage,0.3,34,D5-leverage_e30_r034,Alg2_Rs20,0.505,,
1b,D5-leverage,0.3,34,D5-leverage_e30_r034,Alg2_Ru10,0.505,,
1b,D5-leverage,0.3,34,D5-leverage_e30_r034,TCRlong(0.40)+rw+A2_Rs20,0.5,,
1b,D5-leverage,0.3,34,D5-leverage_e30_r034,TCRlong(0.40)+rw+A2_Ru10,0.5,,
1b,D5-leverage,0.35,34,D5-leverage_e35_r034,ESF12alone,0.5126903553299492,0.06333333333333334,0.08551369595807046
1b,D5-leverage,0.35,34,D5-leverage_e35_r034,ESF12,0.5126903553299492,,
1b,D5-leverage,0.35,34,D5-leverage_e35_r034,Alg2_Rs20,0.5126903553299492,,
1b,D5-leverage,0.35,34,D5-leverage_e35_r034,Alg2_Ru10,0.5126903553299492,,
1b,D5-leverage,0.35,34,D5-leverage_e35_r034,TCRlong(0.40)+rw+A2_Rs20,0.5076142131979695,,
1b,D5-leverage,0.35,34,D5-leverage_e35_r034,TCRlong(0.40)+rw+A2_Ru10,0.5076142131979695,,
1b,D6-uniform,0.25,34,D6-uniform_e25_r034,ESF12alone,0.9310344827586207,0.18666666666666668,0.08038748300168663
1b,D6-uniform,0.25,34,D6-uniform_e25_r034,ESF12,0.9310344827586207,,
1b,D6-uniform,0.25,34,D6-uniform_e25_r034,Alg2_Rs20,0.9310344827586207,,
1b,D6-uniform,0.25,34,D6-uniform_e25_r034,Alg2_Ru10,0.9310344827586207,,
1b,D6-uniform,0.25,34,D6-uniform_e25_r034,TCRlong(0.40)+rw+A2_Rs20,0.9224137931034483,,
1b,D6-uniform,0.25,34,D6-uniform_e25_r034,TCRlong(0.40)+rw+A2_Ru10,0.9224137931034483,,
1b,D6-uniform,0.3,34,D6-uniform_e30_r034,ESF12alone,0.9271844660194175,0.17666666666666667,0.08214923390187323
1b,D6-uniform,0.3,34,D6-uniform_e30_r034,ESF12,0.9271844660194175,,
1b,D6-uniform,0.3,34,D6-uniform_e30_r034,Alg2_Rs20,0.9223300970873787,,
1b,D6-uniform,0.3,34,D6-uniform_e30_r034,Alg2_Ru10,0.9223300970873787,,
1b,D6-uniform,0.3,34,D6-uniform_e30_r034,TCRlong(0.40)+rw+A2_Rs20,0.9223300970873787,,
1b,D6-uniform,0.3,34,D6-uniform_e30_r034,TCRlong(0.40)+rw+A2_Ru10,0.9223300970873787,,
1b,D6-uniform,0.35,34,D6-uniform_e35_r034,ESF12alone,0.5319148936170213,0.0,0.08495825703721493
1b,D6-uniform,0.35,34,D6-uniform_e35_r034,ESF12,0.5319148936170213,,
1b,D6-uniform,0.35,34,D6-uniform_e35_r034,Alg2_Rs20,0.5319148936170213,,
1b,D6-uniform,0.35,34,D6-uniform_e35_r034,Alg2_Ru10,0.5319148936170213,,
1b,D6-uniform,0.35,34,D6-uniform_e35_r034,TCRlong(0.40)+rw+A2_Rs20,0.9095744680851063,,
1b,D6-uniform,0.35,34,D6-uniform_e35_r034,TCRlong(0.40)+rw+A2_Ru10,0.9095744680851063,,
1b,D7-p3,0.25,34,D7-p3_e25_r034,ESF12alone,0.9196428571428571,0.25666666666666665,1.927834487054497
1b,D7-p3,0.25,34,D7-p3_e25_r034,ESF12,0.9196428571428571,,
1b,D7-p3,0.25,34,D7-p3_e25_r034,Alg2_Rs20,0.9196428571428571,,
1b,D7-p3,0.25,34,D7-p3_e25_r034,Alg2_Ru10,0.9196428571428571,,
1b,D7-p3,0.25,34,D7-p3_e25_r034,TCRlong(0.40)+rw+A2_Rs20,0.9196428571428571,,
1b,D7-p3,0.25,34,D7-p3_e25_r034,TCRlong(0.40)+rw+A2_Ru10,0.9196428571428571,,
1b,D7-p3,0.3,34,D7-p3_e30_r034,ESF12alone,0.883495145631068,0.31333333333333335,1.6366742169484496
1b,D7-p3,0.3,34,D7-p3_e30_r034,ESF12,0.883495145631068,,
1b,D7-p3,0.3,34,D7-p3_e30_r034,Alg2_Rs20,0.883495145631068,,
1b,D7-p3,0.3,34,D7-p3_e30_r034,Alg2_Ru10,0.883495145631068,,
1b,D7-p3,0.3,34,D7-p3_e30_r034,TCRlong(0.40)+rw+A2_Rs20,0.883495145631068,,
1b,D7-p3,0.3,34,D7-p3_e30_r034,TCRlong(0.40)+rw+A2_Ru10,0.883495145631068,,
1b,D7-p3,0.35,34,D7-p3_e35_r034,ESF12alone,0.9432989690721649,0.36,1.8959133890457451
1b,D7-p3,0.35,34,D7-p3_e35_r034,ESF12,0.9432989690721649,,
1b,D7-p3,0.35,34,D7-p3_e35_r034,Alg2_Rs20,0.9432989690721649,,
1b,D7-p3,0.35,34,D7-p3_e35_r034,Alg2_Ru10,0.9432989690721649,,
1b,D7-p3,0.35,34,D7-p3_e35_r034,TCRlong(0.40)+rw+A2_Rs20,0.9432989690721649,,
1b,D7-p3,0.35,34,D7-p3_e35_r034,TCRlong(0.40)+rw+A2_Ru10,0.9432989690721649,,
1b,D8-K2par-sep,0.25,34,D8-K2par-sep_e25_r034,ESF12alone,0.9956521739130435,0.23333333333333334,0.0972640059189871
1b,D8-K2par-sep,0.25,34,D8-K2par-sep_e25_r034,ESF12,0.9956521739130435,,
1b,D8-K2par-sep,0.25,34,D8-K2par-sep_e25_r034,Alg2_Rs20,0.9956521739130435,,
1b,D8-K2par-sep,0.25,34,D8-K2par-sep_e25_r034,Alg2_Ru10,0.9956521739130435,,
1b,D8-K2par-sep,0.25,34,D8-K2par-sep_e25_r034,TCRlong(0.40)+rw+A2_Rs20,0.9956521739130435,,
1b,D8-K2par-sep,0.25,34,D8-K2par-sep_e25_r034,TCRlong(0.40)+rw+A2_Ru10,0.9956521739130435,,
1b,D8-K2par-sep,0.3,34,D8-K2par-sep_e30_r034,ESF12alone,1.0,0.27666666666666667,0.08158099499996752
1b,D8-K2par-sep,0.3,34,D8-K2par-sep_e30_r034,ESF12,1.0,,
1b,D8-K2par-sep,0.3,34,D8-K2par-sep_e30_r034,Alg2_Rs20,1.0,,
1b,D8-K2par-sep,0.3,34,D8-K2par-sep_e30_r034,Alg2_Ru10,1.0,,
1b,D8-K2par-sep,0.3,34,D8-K2par-sep_e30_r034,TCRlong(0.40)+rw+A2_Rs20,1.0,,
1b,D8-K2par-sep,0.3,34,D8-K2par-sep_e30_r034,TCRlong(0.40)+rw+A2_Ru10,1.0,,
1b,D8-K2par-sep,0.35,34,D8-K2par-sep_e35_r034,ESF12alone,1.0,0.33,0.08688275807071477
1b,D8-K2par-sep,0.35,34,D8-K2par-sep_e35_r034,ESF12,1.0,,
1b,D8-K2par-sep,0.35,34,D8-K2par-sep_e35_r034,Alg2_Rs20,1.0,,
1b,D8-K2par-sep,0.35,34,D8-K2par-sep_e35_r034,Alg2_Ru10,1.0,,
1b,D8-K2par-sep,0.35,34,D8-K2par-sep_e35_r034,TCRlong(0.40)+rw+A2_Rs20,1.0,,
1b,D8-K2par-sep,0.35,34,D8-K2par-sep_e35_r034,TCRlong(0.40)+rw+A2_Ru10,1.0,,
1b,D1-K2cross,0.25,35,D1-K2cross_e25_r035,ESF12alone,0.9070796460176991,0.24666666666666667,0.08311047300230712
1b,D1-K2cross,0.25,35,D1-K2cross_e25_r035,ESF12,0.9070796460176991,,
1b,D1-K2cross,0.25,35,D1-K2cross_e25_r035,Alg2_Rs20,0.9070796460176991,,
1b,D1-K2cross,0.25,35,D1-K2cross_e25_r035,Alg2_Ru10,0.9070796460176991,,
1b,D1-K2cross,0.25,35,D1-K2cross_e25_r035,TCRlong(0.40)+rw+A2_Rs20,0.9070796460176991,,
1b,D1-K2cross,0.25,35,D1-K2cross_e25_r035,TCRlong(0.40)+rw+A2_Ru10,0.9070796460176991,,
1b,D1-K2cross,0.3,35,D1-K2cross_e30_r035,ESF12alone,0.9,0.26666666666666666,0.08098140999209136
1b,D1-K2cross,0.3,35,D1-K2cross_e30_r035,ESF12,0.9,,
1b,D1-K2cross,0.3,35,D1-K2cross_e30_r035,Alg2_Rs20,0.9,,
1b,D1-K2cross,0.3,35,D1-K2cross_e30_r035,Alg2_Ru10,0.9,,
1b,D1-K2cross,0.3,35,D1-K2cross_e30_r035,TCRlong(0.40)+rw+A2_Rs20,0.9,,
1b,D1-K2cross,0.3,35,D1-K2cross_e30_r035,TCRlong(0.40)+rw+A2_Ru10,0.9,,
1b,D1-K2cross,0.35,35,D1-K2cross_e35_r035,ESF12alone,0.8846153846153846,0.3933333333333333,0.09425121906679124
1b,D1-K2cross,0.35,35,D1-K2cross_e35_r035,ESF12,0.8846153846153846,,
1b,D1-K2cross,0.35,35,D1-K2cross_e35_r035,Alg2_Rs20,0.8901098901098901,,
1b,D1-K2cross,0.35,35,D1-K2cross_e35_r035,Alg2_Ru10,0.8901098901098901,,
1b,D1-K2cross,0.35,35,D1-K2cross_e35_r035,TCRlong(0.40)+rw+A2_Rs20,0.8901098901098901,,
1b,D1-K2cross,0.35,35,D1-K2cross_e35_r035,TCRlong(0.40)+rw+A2_Ru10,0.8901098901098901,,
1b,D2-K3par,0.25,35,D2-K3par_e25_r035,ESF12alone,0.9267241379310345,0.22666666666666666,0.3161808989243582
1b,D2-K3par,0.25,35,D2-K3par_e25_r035,ESF12,0.9267241379310345,,
1b,D2-K3par,0.25,35,D2-K3par_e25_r035,Alg2_Rs20,0.9224137931034483,,
1b,D2-K3par,0.25,35,D2-K3par_e25_r035,Alg2_Ru10,0.9224137931034483,,
1b,D2-K3par,0.25,35,D2-K3par_e25_r035,TCRlong(0.40)+rw+A2_Rs20,0.9224137931034483,,
1b,D2-K3par,0.25,35,D2-K3par_e25_r035,TCRlong(0.40)+rw+A2_Ru10,0.9224137931034483,,
1b,D2-K3par,0.3,35,D2-K3par_e30_r035,ESF12alone,0.6682242990654206,0.11666666666666667,0.38259910605847836
1b,D2-K3par,0.3,35,D2-K3par_e30_r035,ESF12,0.6682242990654206,,
1b,D2-K3par,0.3,35,D2-K3par_e30_r035,Alg2_Rs20,0.8738317757009346,,
1b,D2-K3par,0.3,35,D2-K3par_e30_r035,Alg2_Ru10,0.8738317757009346,,
1b,D2-K3par,0.3,35,D2-K3par_e30_r035,TCRlong(0.40)+rw+A2_Rs20,0.8644859813084113,,
1b,D2-K3par,0.3,35,D2-K3par_e30_r035,TCRlong(0.40)+rw+A2_Ru10,0.8644859813084113,,
1b,D2-K3par,0.35,35,D2-K3par_e35_r035,ESF12alone,0.9107981220657277,0.29,0.35282437002751976
1b,D2-K3par,0.35,35,D2-K3par_e35_r035,ESF12,0.9107981220657277,,
1b,D2-K3par,0.35,35,D2-K3par_e35_r035,Alg2_Rs20,0.9107981220657277,,
1b,D2-K3par,0.35,35,D2-K3par_e35_r035,Alg2_Ru10,0.9107981220657277,,
1b,D2-K3par,0.35,35,D2-K3par_e35_r035,TCRlong(0.40)+rw+A2_Rs20,0.92018779342723,,
1b,D2-K3par,0.35,35,D2-K3par_e35_r035,TCRlong(0.40)+rw+A2_Ru10,0.92018779342723,,
1b,D3-unequal,0.25,35,D3-unequal_e25_r035,ESF12alone,0.8983050847457628,0.22,0.08009411697275937
1b,D3-unequal,0.25,35,D3-unequal_e25_r035,ESF12,0.8983050847457628,,
1b,D3-unequal,0.25,35,D3-unequal_e25_r035,Alg2_Rs20,0.8983050847457628,,
1b,D3-unequal,0.25,35,D3-unequal_e25_r035,Alg2_Ru10,0.8983050847457628,,
1b,D3-unequal,0.25,35,D3-unequal_e25_r035,TCRlong(0.40)+rw+A2_Rs20,0.8983050847457628,,
1b,D3-unequal,0.25,35,D3-unequal_e25_r035,TCRlong(0.40)+rw+A2_Ru10,0.8983050847457628,,
1b,D3-unequal,0.3,35,D3-unequal_e30_r035,ESF12alone,0.8551401869158879,0.2866666666666667,0.08888076606672257
1b,D3-unequal,0.3,35,D3-unequal_e30_r035,ESF12,0.8551401869158879,,
1b,D3-unequal,0.3,35,D3-unequal_e30_r035,Alg2_Rs20,0.8551401869158879,,
1b,D3-unequal,0.3,35,D3-unequal_e30_r035,Alg2_Ru10,0.8551401869158879,,
1b,D3-unequal,0.3,35,D3-unequal_e30_r035,TCRlong(0.40)+rw+A2_Rs20,0.8551401869158879,,
1b,D3-unequal,0.3,35,D3-unequal_e30_r035,TCRlong(0.40)+rw+A2_Ru10,0.8551401869158879,,
1b,D3-unequal,0.35,35,D3-unequal_e35_r035,ESF12alone,0.8274111675126904,0.22666666666666666,0.10129010700620711
1b,D3-unequal,0.35,35,D3-unequal_e35_r035,ESF12,0.8274111675126904,,
1b,D3-unequal,0.35,35,D3-unequal_e35_r035,Alg2_Rs20,0.9035532994923858,,
1b,D3-unequal,0.35,35,D3-unequal_e35_r035,Alg2_Ru10,0.9035532994923858,,
1b,D3-unequal,0.35,35,D3-unequal_e35_r035,TCRlong(0.40)+rw+A2_Rs20,0.9035532994923858,,
1b,D3-unequal,0.35,35,D3-unequal_e35_r035,TCRlong(0.40)+rw+A2_Ru10,0.9035532994923858,,
1b,D4-hetero,0.25,35,D4-hetero_e25_r035,ESF12alone,0.9170305676855895,0.24333333333333335,0.07347407191991806
1b,D4-hetero,0.25,35,D4-hetero_e25_r035,ESF12,0.9170305676855895,,
1b,D4-hetero,0.25,35,D4-hetero_e25_r035,Alg2_Rs20,0.9170305676855895,,
1b,D4-hetero,0.25,35,D4-hetero_e25_r035,Alg2_Ru10,0.9170305676855895,,
1b,D4-hetero,0.25,35,D4-hetero_e25_r035,TCRlong(0.40)+rw+A2_Rs20,0.9170305676855895,,
1b,D4-hetero,0.25,35,D4-hetero_e25_r035,TCRlong(0.40)+rw+A2_Ru10,0.9170305676855895,,
1b,D4-hetero,0.3,35,D4-hetero_e30_r035,ESF12alone,0.8914027149321267,0.28,0.07701613602694124
1b,D4-hetero,0.3,35,D4-hetero_e30_r035,ESF12,0.8914027149321267,,
1b,D4-hetero,0.3,35,D4-hetero_e30_r035,Alg2_Rs20,0.8914027149321267,,
1b,D4-hetero,0.3,35,D4-hetero_e30_r035,Alg2_Ru10,0.8914027149321267,,
1b,D4-hetero,0.3,35,D4-hetero_e30_r035,TCRlong(0.40)+rw+A2_Rs20,0.8959276018099548,,
1b,D4-hetero,0.3,35,D4-hetero_e30_r035,TCRlong(0.40)+rw+A2_Ru10,0.8959276018099548,,
1b,D4-hetero,0.35,35,D4-hetero_e35_r035,ESF12alone,0.909952606635071,0.30333333333333334,0.07258551800623536
1b,D4-hetero,0.35,35,D4-hetero_e35_r035,ESF12,0.909952606635071,,
1b,D4-hetero,0.35,35,D4-hetero_e35_r035,Alg2_Rs20,0.909952606635071,,
1b,D4-hetero,0.35,35,D4-hetero_e35_r035,Alg2_Ru10,0.909952606635071,,
1b,D4-hetero,0.35,35,D4-hetero_e35_r035,TCRlong(0.40)+rw+A2_Rs20,0.909952606635071,,
1b,D4-hetero,0.35,35,D4-hetero_e35_r035,TCRlong(0.40)+rw+A2_Ru10,0.909952606635071,,
1b,D5-leverage,0.25,35,D5-leverage_e25_r035,ESF12alone,0.5067264573991032,0.11666666666666667,0.08174064289778471
1b,D5-leverage,0.25,35,D5-leverage_e25_r035,ESF12,0.5067264573991032,,
1b,D5-leverage,0.25,35,D5-leverage_e25_r035,Alg2_Rs20,0.5112107623318386,,
1b,D5-leverage,0.25,35,D5-leverage_e25_r035,Alg2_Ru10,0.5112107623318386,,
1b,D5-leverage,0.25,35,D5-leverage_e25_r035,TCRlong(0.40)+rw+A2_Rs20,0.5112107623318386,,
1b,D5-leverage,0.25,35,D5-leverage_e25_r035,TCRlong(0.40)+rw+A2_Ru10,0.5112107623318386,,
1b,D5-leverage,0.3,35,D5-leverage_e30_r035,ESF12alone,0.5126903553299492,0.043333333333333335,0.0810049579013139
1b,D5-leverage,0.3,35,D5-leverage_e30_r035,ESF12,0.5126903553299492,,
1b,D5-leverage,0.3,35,D5-leverage_e30_r035,Alg2_Rs20,0.5126903553299492,,
1b,D5-leverage,0.3,35,D5-leverage_e30_r035,Alg2_Ru10,0.5126903553299492,,
1b,D5-leverage,0.3,35,D5-leverage_e30_r035,TCRlong(0.40)+rw+A2_Rs20,0.5126903553299492,,
1b,D5-leverage,0.3,35,D5-leverage_e30_r035,TCRlong(0.40)+rw+A2_Ru10,0.5126903553299492,,
1b,D5-leverage,0.35,35,D5-leverage_e35_r035,ESF12alone,0.5276381909547738,0.043333333333333335,0.08067076292354614
1b,D5-leverage,0.35,35,D5-leverage_e35_r035,ESF12,0.5276381909547738,,
1b,D5-leverage,0.35,35,D5-leverage_e35_r035,Alg2_Rs20,0.5276381909547738,,
1b,D5-leverage,0.35,35,D5-leverage_e35_r035,Alg2_Ru10,0.5276381909547738,,
1b,D5-leverage,0.35,35,D5-leverage_e35_r035,TCRlong(0.40)+rw+A2_Rs20,0.5276381909547738,,
1b,D5-leverage,0.35,35,D5-leverage_e35_r035,TCRlong(0.40)+rw+A2_Ru10,0.5276381909547738,,
1b,D6-uniform,0.25,35,D6-uniform_e25_r035,ESF12alone,0.9385964912280702,0.21666666666666667,0.08037024596706033
1b,D6-uniform,0.25,35,D6-uniform_e25_r035,ESF12,0.9385964912280702,,
1b,D6-uniform,0.25,35,D6-uniform_e25_r035,Alg2_Rs20,0.9385964912280702,,
1b,D6-uniform,0.25,35,D6-uniform_e25_r035,Alg2_Ru10,0.9385964912280702,,
1b,D6-uniform,0.25,35,D6-uniform_e25_r035,TCRlong(0.40)+rw+A2_Rs20,0.9342105263157895,,
1b,D6-uniform,0.25,35,D6-uniform_e25_r035,TCRlong(0.40)+rw+A2_Ru10,0.9342105263157895,,
1b,D6-uniform,0.3,35,D6-uniform_e30_r035,ESF12alone,0.5677083333333334,0.0,0.08621404494624585
1b,D6-uniform,0.3,35,D6-uniform_e30_r035,ESF12,0.5677083333333334,,
1b,D6-uniform,0.3,35,D6-uniform_e30_r035,Alg2_Rs20,0.5677083333333334,,
1b,D6-uniform,0.3,35,D6-uniform_e30_r035,Alg2_Ru10,0.5677083333333334,,
1b,D6-uniform,0.3,35,D6-uniform_e30_r035,TCRlong(0.40)+rw+A2_Rs20,0.5625,,
1b,D6-uniform,0.3,35,D6-uniform_e30_r035,TCRlong(0.40)+rw+A2_Ru10,0.5625,,
1b,D6-uniform,0.35,35,D6-uniform_e35_r035,ESF12alone,0.53,0.016666666666666666,0.08515284094028175
1b,D6-uniform,0.35,35,D6-uniform_e35_r035,ESF12,0.53,,
1b,D6-uniform,0.35,35,D6-uniform_e35_r035,Alg2_Rs20,0.53,,
1b,D6-uniform,0.35,35,D6-uniform_e35_r035,Alg2_Ru10,0.53,,
1b,D6-uniform,0.35,35,D6-uniform_e35_r035,TCRlong(0.40)+rw+A2_Rs20,0.54,,
1b,D6-uniform,0.35,35,D6-uniform_e35_r035,TCRlong(0.40)+rw+A2_Ru10,0.54,,
1b,D7-p3,0.25,35,D7-p3_e25_r035,ESF12alone,0.8818181818181818,0.26666666666666666,1.7848557820543647
1b,D7-p3,0.25,35,D7-p3_e25_r035,ESF12,0.8818181818181818,,
1b,D7-p3,0.25,35,D7-p3_e25_r035,Alg2_Rs20,0.8818181818181818,,
1b,D7-p3,0.25,35,D7-p3_e25_r035,Alg2_Ru10,0.8818181818181818,,
1b,D7-p3,0.25,35,D7-p3_e25_r035,TCRlong(0.40)+rw+A2_Rs20,0.8772727272727273,,
1b,D7-p3,0.25,35,D7-p3_e25_r035,TCRlong(0.40)+rw+A2_Ru10,0.8772727272727273,,
1b,D7-p3,0.3,35,D7-p3_e30_r035,ESF12alone,0.8918918918918919,0.3,1.8415353460004553
1b,D7-p3,0.3,35,D7-p3_e30_r035,ESF12,0.8918918918918919,,
1b,D7-p3,0.3,35,D7-p3_e30_r035,Alg2_Rs20,0.8918918918918919,,
1b,D7-p3,0.3,35,D7-p3_e30_r035,Alg2_Ru10,0.8918918918918919,,
1b,D7-p3,0.3,35,D7-p3_e30_r035,TCRlong(0.40)+rw+A2_Rs20,0.9009009009009009,,
1b,D7-p3,0.3,35,D7-p3_e30_r035,TCRlong(0.40)+rw+A2_Ru10,0.9009009009009009,,
1b,D7-p3,0.35,35,D7-p3_e35_r035,ESF12alone,0.9134615384615384,0.31,1.8677606140263379
1b,D7-p3,0.35,35,D7-p3_e35_r035,ESF12,0.9134615384615384,,
1b,D7-p3,0.35,35,D7-p3_e35_r035,Alg2_Rs20,0.9038461538461539,,
1b,D7-p3,0.35,35,D7-p3_e35_r035,Alg2_Ru10,0.9038461538461539,,
1b,D7-p3,0.35,35,D7-p3_e35_r035,TCRlong(0.40)+rw+A2_Rs20,0.9038461538461539,,
1b,D7-p3,0.35,35,D7-p3_e35_r035,TCRlong(0.40)+rw+A2_Ru10,0.9038461538461539,,
1b,D8-K2par-sep,0.25,35,D8-K2par-sep_e25_r035,ESF12alone,1.0,0.23666666666666666,0.07035743095912039
1b,D8-K2par-sep,0.25,35,D8-K2par-sep_e25_r035,ESF12,1.0,,
1b,D8-K2par-sep,0.25,35,D8-K2par-sep_e25_r035,Alg2_Rs20,1.0,,
1b,D8-K2par-sep,0.25,35,D8-K2par-sep_e25_r035,Alg2_Ru10,1.0,,
1b,D8-K2par-sep,0.25,35,D8-K2par-sep_e25_r035,TCRlong(0.40)+rw+A2_Rs20,1.0,,
1b,D8-K2par-sep,0.25,35,D8-K2par-sep_e25_r035,TCRlong(0.40)+rw+A2_Ru10,1.0,,
1b,D8-K2par-sep,0.3,35,D8-K2par-sep_e30_r035,ESF12alone,1.0,0.26666666666666666,0.07034937490243465
1b,D8-K2par-sep,0.3,35,D8-K2par-sep_e30_r035,ESF12,1.0,,
1b,D8-K2par-sep,0.3,35,D8-K2par-sep_e30_r035,Alg2_Rs20,1.0,,
1b,D8-K2par-sep,0.3,35,D8-K2par-sep_e30_r035,Alg2_Ru10,1.0,,
1b,D8-K2par-sep,0.3,35,D8-K2par-sep_e30_r035,TCRlong(0.40)+rw+A2_Rs20,1.0,,
1b,D8-K2par-sep,0.3,35,D8-K2par-sep_e30_r035,TCRlong(0.40)+rw+A2_Ru10,1.0,,
1b,D8-K2par-sep,0.35,35,D8-K2par-sep_e35_r035,ESF12alone,1.0,0.31,0.07135001791175455
1b,D8-K2par-sep,0.35,35,D8-K2par-sep_e35_r035,ESF12,1.0,,
1b,D8-K2par-sep,0.35,35,D8-K2par-sep_e35_r035,Alg2_Rs20,1.0,,
1b,D8-K2par-sep,0.35,35,D8-K2par-sep_e35_r035,Alg2_Ru10,1.0,,
1b,D8-K2par-sep,0.35,35,D8-K2par-sep_e35_r035,TCRlong(0.40)+rw+A2_Rs20,1.0,,
1b,D8-K2par-sep,0.35,35,D8-K2par-sep_e35_r035,TCRlong(0.40)+rw+A2_Ru10,1.0,,
1b,D1-K2cross,0.25,36,D1-K2cross_e25_r036,ESF12alone,0.9039301310043668,0.23666666666666666,0.07265005400404334
1b,D1-K2cross,0.25,36,D1-K2cross_e25_r036,ESF12,0.9039301310043668,,
1b,D1-K2cross,0.25,36,D1-K2cross_e25_r036,Alg2_Rs20,0.9039301310043668,,
1b,D1-K2cross,0.25,36,D1-K2cross_e25_r036,Alg2_Ru10,0.9039301310043668,,
1b,D1-K2cross,0.25,36,D1-K2cross_e25_r036,TCRlong(0.40)+rw+A2_Rs20,0.9039301310043668,,
1b,D1-K2cross,0.25,36,D1-K2cross_e25_r036,TCRlong(0.40)+rw+A2_Ru10,0.9039301310043668,,
1b,D1-K2cross,0.3,36,D1-K2cross_e30_r036,ESF12alone,0.9245283018867925,0.29333333333333333,0.07198574801441282
1b,D1-K2cross,0.3,36,D1-K2cross_e30_r036,ESF12,0.9245283018867925,,
1b,D1-K2cross,0.3,36,D1-K2cross_e30_r036,Alg2_Rs20,0.9245283018867925,,
1b,D1-K2cross,0.3,36,D1-K2cross_e30_r036,Alg2_Ru10,0.9245283018867925,,
1b,D1-K2cross,0.3,36,D1-K2cross_e30_r036,TCRlong(0.40)+rw+A2_Rs20,0.9245283018867925,,
1b,D1-K2cross,0.3,36,D1-K2cross_e30_r036,TCRlong(0.40)+rw+A2_Ru10,0.9245283018867925,,
1b,D1-K2cross,0.35,36,D1-K2cross_e35_r036,ESF12alone,0.919047619047619,0.3,0.07579536503180861
1b,D1-K2cross,0.35,36,D1-K2cross_e35_r036,ESF12,0.919047619047619,,
1b,D1-K2cross,0.35,36,D1-K2cross_e35_r036,Alg2_Rs20,0.919047619047619,,
1b,D1-K2cross,0.35,36,D1-K2cross_e35_r036,Alg2_Ru10,0.919047619047619,,
1b,D1-K2cross,0.35,36,D1-K2cross_e35_r036,TCRlong(0.40)+rw+A2_Rs20,0.919047619047619,,
1b,D1-K2cross,0.35,36,D1-K2cross_e35_r036,TCRlong(0.40)+rw+A2_Ru10,0.919047619047619,,
1b,D2-K3par,0.25,36,D2-K3par_e25_r036,ESF12alone,0.9070796460176991,0.24666666666666667,0.31318880699109286
1b,D2-K3par,0.25,36,D2-K3par_e25_r036,ESF12,0.9070796460176991,,
1b,D2-K3par,0.25,36,D2-K3par_e25_r036,Alg2_Rs20,0.9070796460176991,,
1b,D2-K3par,0.25,36,D2-K3par_e25_r036,Alg2_Ru10,0.9070796460176991,,
1b,D2-K3par,0.25,36,D2-K3par_e25_r036,TCRlong(0.40)+rw+A2_Rs20,0.9026548672566371,,
1b,D2-K3par,0.25,36,D2-K3par_e25_r036,TCRlong(0.40)+rw+A2_Ru10,0.9026548672566371,,
1b,D2-K3par,0.3,36,D2-K3par_e30_r036,ESF12alone,0.645933014354067,0.15333333333333332,0.38015426497440785
1b,D2-K3par,0.3,36,D2-K3par_e30_r036,ESF12,0.645933014354067,,
1b,D2-K3par,0.3,36,D2-K3par_e30_r036,Alg2_Rs20,0.9043062200956937,,
1b,D2-K3par,0.3,36,D2-K3par_e30_r036,Alg2_Ru10,0.9043062200956937,,
1b,D2-K3par,0.3,36,D2-K3par_e30_r036,TCRlong(0.40)+rw+A2_Rs20,0.9043062200956937,,
1b,D2-K3par,0.3,36,D2-K3par_e30_r036,TCRlong(0.40)+rw+A2_Ru10,0.9043062200956937,,
1b,D2-K3par,0.35,36,D2-K3par_e35_r036,ESF12alone,0.37438423645320196,0.0,0.5038164630532265
1b,D2-K3par,0.35,36,D2-K3par_e35_r036,ESF12,0.37438423645320196,,
1b,D2-K3par,0.35,36,D2-K3par_e35_r036,Alg2_Rs20,0.625615763546798,,
1b,D2-K3par,0.35,36,D2-K3par_e35_r036,Alg2_Ru10,0.625615763546798,,
1b,D2-K3par,0.35,36,D2-K3par_e35_r036,TCRlong(0.40)+rw+A2_Rs20,0.6009852216748769,,
1b,D2-K3par,0.35,36,D2-K3par_e35_r036,TCRlong(0.40)+rw+A2_Ru10,0.6009852216748769,,
1b,D3-unequal,0.25,36,D3-unequal_e25_r036,ESF12alone,0.9254385964912281,0.24333333333333335,0.08269018703140318
1b,D3-unequal,0.25,36,D3-unequal_e25_r036,ESF12,0.9254385964912281,,
1b,D3-unequal,0.25,36,D3-unequal_e25_r036,Alg2_Rs20,0.9254385964912281,,
1b,D3-unequal,0.25,36,D3-unequal_e25_r036,Alg2_Ru10,0.9254385964912281,,
1b,D3-unequal,0.25,36,D3-unequal_e25_r036,TCRlong(0.40)+rw+A2_Rs20,0.9254385964912281,,
1b,D3-unequal,0.25,36,D3-unequal_e25_r036,TCRlong(0.40)+rw+A2_Ru10,0.9254385964912281,,
1b,D3-unequal,0.3,36,D3-unequal_e30_r036,ESF12alone,0.9117647058823529,0.32,0.07847186003345996
1b,D3-unequal,0.3,36,D3-unequal_e30_r036,ESF12,0.9117647058823529,,
1b,D3-unequal,0.3,36,D3-unequal_e30_r036,Alg2_Rs20,0.9117647058823529,,
1b,D3-unequal,0.3,36,D3-unequal_e30_r036,Alg2_Ru10,0.9117647058823529,,
1b,D3-unequal,0.3,36,D3-unequal_e30_r036,TCRlong(0.40)+rw+A2_Rs20,0.9117647058823529,,
1b,D3-unequal,0.3,36,D3-unequal_e30_r036,TCRlong(0.40)+rw+A2_Ru10,0.9117647058823529,,
1b,D3-unequal,0.35,36,D3-unequal_e35_r036,ESF12alone,0.9261083743842364,0.3233333333333333,0.0723027300555259
1b,D3-unequal,0.35,36,D3-unequal_e35_r036,ESF12,0.9261083743842364,,
1b,D3-unequal,0.35,36,D3-unequal_e35_r036,Alg2_Rs20,0.9261083743842364,,
1b,D3-unequal,0.35,36,D3-unequal_e35_r036,Alg2_Ru10,0.9261083743842364,,
1b,D3-unequal,0.35,36,D3-unequal_e35_r036,TCRlong(0.40)+rw+A2_Rs20,0.9261083743842364,,
1b,D3-unequal,0.35,36,D3-unequal_e35_r036,TCRlong(0.40)+rw+A2_Ru10,0.9261083743842364,,
1b,D4-hetero,0.25,36,D4-hetero_e25_r036,ESF12alone,0.9139344262295082,0.20333333333333334,0.07942700595594943
1b,D4-hetero,0.25,36,D4-hetero_e25_r036,ESF12,0.9139344262295082,,
1b,D4-hetero,0.25,36,D4-hetero_e25_r036,Alg2_Rs20,0.9139344262295082,,
1b,D4-hetero,0.25,36,D4-hetero_e25_r036,Alg2_Ru10,0.9139344262295082,,
1b,D4-hetero,0.25,36,D4-hetero_e25_r036,TCRlong(0.40)+rw+A2_Rs20,0.9180327868852459,,
1b,D4-hetero,0.25,36,D4-hetero_e25_r036,TCRlong(0.40)+rw+A2_Ru10,0.9180327868852459,,
1b,D4-hetero,0.3,36,D4-hetero_e30_r036,ESF12alone,0.8529411764705882,0.33,0.07448656298220158
1b,D4-hetero,0.3,36,D4-hetero_e30_r036,ESF12,0.8529411764705882,,
1b,D4-hetero,0.3,36,D4-hetero_e30_r036,Alg2_Rs20,0.8578431372549019,,
1b,D4-hetero,0.3,36,D4-hetero_e30_r036,Alg2_Ru10,0.8578431372549019,,
1b,D4-hetero,0.3,36,D4-hetero_e30_r036,TCRlong(0.40)+rw+A2_Rs20,0.8529411764705882,,
1b,D4-hetero,0.3,36,D4-hetero_e30_r036,TCRlong(0.40)+rw+A2_Ru10,0.8529411764705882,,
1b,D4-hetero,0.35,36,D4-hetero_e35_r036,ESF12alone,0.918918918918919,0.38333333333333336,0.07569065492134541
1b,D4-hetero,0.35,36,D4-hetero_e35_r036,ESF12,0.918918918918919,,
1b,D4-hetero,0.35,36,D4-hetero_e35_r036,Alg2_Rs20,0.918918918918919,,
1b,D4-hetero,0.35,36,D4-hetero_e35_r036,Alg2_Ru10,0.918918918918919,,
1b,D4-hetero,0.35,36,D4-hetero_e35_r036,TCRlong(0.40)+rw+A2_Rs20,0.918918918918919,,
1b,D4-hetero,0.35,36,D4-hetero_e35_r036,TCRlong(0.40)+rw+A2_Ru10,0.918918918918919,,
1b,D5-leverage,0.25,36,D5-leverage_e25_r036,ESF12alone,0.509090909090909,0.056666666666666664,0.07055910804774612
1b,D5-leverage,0.25,36,D5-leverage_e25_r036,ESF12,0.509090909090909,,
1b,D5-leverage,0.25,36,D5-leverage_e25_r036,Alg2_Rs20,0.509090909090909,,
1b,D5-leverage,0.25,36,D5-leverage_e25_r036,Alg2_Ru10,0.509090909090909,,
1b,D5-leverage,0.25,36,D5-leverage_e25_r036,TCRlong(0.40)+rw+A2_Rs20,0.509090909090909,,
1b,D5-leverage,0.25,36,D5-leverage_e25_r036,TCRlong(0.40)+rw+A2_Ru10,0.509090909090909,,
1b,D5-leverage,0.3,36,D5-leverage_e30_r036,ESF12alone,0.5374449339207048,0.10333333333333333,0.07981104694772512
1b,D5-leverage,0.3,36,D5-leverage_e30_r036,ESF12,0.5374449339207048,,
1b,D5-leverage,0.3,36,D5-leverage_e30_r036,Alg2_Rs20,0.9251101321585903,,
1b,D5-leverage,0.3,36,D5-leverage_e30_r036,Alg2_Ru10,0.9251101321585903,,
1b,D5-leverage,0.3,36,D5-leverage_e30_r036,TCRlong(0.40)+rw+A2_Rs20,0.5462555066079295,,
1b,D5-leverage,0.3,36,D5-leverage_e30_r036,TCRlong(0.40)+rw+A2_Ru10,0.5462555066079295,,
1b,D5-leverage,0.35,36,D5-leverage_e35_r036,ESF12alone,0.5164835164835165,0.006666666666666667,0.0822737030684948
1b,D5-leverage,0.35,36,D5-leverage_e35_r036,ESF12,0.5164835164835165,,
1b,D5-leverage,0.35,36,D5-leverage_e35_r036,Alg2_Rs20,0.5164835164835165,,
1b,D5-leverage,0.35,36,D5-leverage_e35_r036,Alg2_Ru10,0.5164835164835165,,
1b,D5-leverage,0.35,36,D5-leverage_e35_r036,TCRlong(0.40)+rw+A2_Rs20,0.6648351648351648,,
1b,D5-leverage,0.35,36,D5-leverage_e35_r036,TCRlong(0.40)+rw+A2_Ru10,0.6648351648351648,,
1b,D6-uniform,0.25,36,D6-uniform_e25_r036,ESF12alone,0.8922413793103449,0.16,0.0835083780111745
1b,D6-uniform,0.25,36,D6-uniform_e25_r036,ESF12,0.8922413793103449,,
1b,D6-uniform,0.25,36,D6-uniform_e25_r036,Alg2_Rs20,0.9051724137931034,,
1b,D6-uniform,0.25,36,D6-uniform_e25_r036,Alg2_Ru10,0.9051724137931034,,
1b,D6-uniform,0.25,36,D6-uniform_e25_r036,TCRlong(0.40)+rw+A2_Rs20,0.8879310344827587,,
1b,D6-uniform,0.25,36,D6-uniform_e25_r036,TCRlong(0.40)+rw+A2_Ru10,0.8879310344827587,,
1b,D6-uniform,0.3,36,D6-uniform_e30_r036,ESF12alone,0.9223300970873787,0.13,0.08227717399131507
1b,D6-uniform,0.3,36,D6-uniform_e30_r036,ESF12,0.912621359223301,,
1b,D6-uniform,0.3,36,D6-uniform_e30_r036,Alg2_Rs20,0.5485436893203883,,
1b,D6-uniform,0.3,36,D6-uniform_e30_r036,Alg2_Ru10,0.5485436893203883,,
1b,D6-uniform,0.3,36,D6-uniform_e30_r036,TCRlong(0.40)+rw+A2_Rs20,0.9223300970873787,,
1b,D6-uniform,0.3,36,D6-uniform_e30_r036,TCRlong(0.40)+rw+A2_Ru10,0.5339805825242718,,
1b,D6-uniform,0.35,36,D6-uniform_e35_r036,ESF12alone,0.5054347826086957,0.0,0.0843572070589289
1b,D6-uniform,0.35,36,D6-uniform_e35_r036,ESF12,0.5054347826086957,,
1b,D6-uniform,0.35,36,D6-uniform_e35_r036,Alg2_Rs20,0.5108695652173914,,
1b,D6-uniform,0.35,36,D6-uniform_e35_r036,Alg2_Ru10,0.5108695652173914,,
1b,D6-uniform,0.35,36,D6-uniform_e35_r036,TCRlong(0.40)+rw+A2_Rs20,0.8478260869565217,,
1b,D6-uniform,0.35,36,D6-uniform_e35_r036,TCRlong(0.40)+rw+A2_Ru10,0.8478260869565217,,
1b,D7-p3,0.25,36,D7-p3_e25_r036,ESF12alone,0.8893805309734514,0.24666666666666667,2.143492686096579
1b,D7-p3,0.25,36,D7-p3_e25_r036,ESF12,0.8893805309734514,,
1b,D7-p3,0.25,36,D7-p3_e25_r036,Alg2_Rs20,0.8849557522123894,,
1b,D7-p3,0.25,36,D7-p3_e25_r036,Alg2_Ru10,0.8849557522123894,,
1b,D7-p3,0.25,36,D7-p3_e25_r036,TCRlong(0.40)+rw+A2_Rs20,0.8805309734513275,,
1b,D7-p3,0.25,36,D7-p3_e25_r036,TCRlong(0.40)+rw+A2_Ru10,0.8805309734513275,,
1b,D7-p3,0.3,36,D7-p3_e30_r036,ESF12alone,0.9198113207547169,0.33,1.7774317800067365
1b,D7-p3,0.3,36,D7-p3_e30_r036,ESF12,0.9198113207547169,,
1b,D7-p3,0.3,36,D7-p3_e30_r036,Alg2_Rs20,0.9198113207547169,,
1b,D7-p3,0.3,36,D7-p3_e30_r036,Alg2_Ru10,0.9198113207547169,,
1b,D7-p3,0.3,36,D7-p3_e30_r036,TCRlong(0.40)+rw+A2_Rs20,0.9198113207547169,,
1b,D7-p3,0.3,36,D7-p3_e30_r036,TCRlong(0.40)+rw+A2_Ru10,0.9198113207547169,,
1b,D7-p3,0.35,36,D7-p3_e35_r036,ESF12alone,0.8936170212765957,0.37333333333333335,1.783658216940239
1b,D7-p3,0.35,36,D7-p3_e35_r036,ESF12,0.8936170212765957,,
1b,D7-p3,0.35,36,D7-p3_e35_r036,Alg2_Rs20,0.8936170212765957,,
1b,D7-p3,0.35,36,D7-p3_e35_r036,Alg2_Ru10,0.8936170212765957,,
1b,D7-p3,0.35,36,D7-p3_e35_r036,TCRlong(0.40)+rw+A2_Rs20,0.8936170212765957,,
1b,D7-p3,0.35,36,D7-p3_e35_r036,TCRlong(0.40)+rw+A2_Ru10,0.8936170212765957,,
1b,D8-K2par-sep,0.25,36,D8-K2par-sep_e25_r036,ESF12alone,1.0,0.25666666666666665,0.0746678119758144
1b,D8-K2par-sep,0.25,36,D8-K2par-sep_e25_r036,ESF12,1.0,,
1b,D8-K2par-sep,0.25,36,D8-K2par-sep_e25_r036,Alg2_Rs20,1.0,,
1b,D8-K2par-sep,0.25,36,D8-K2par-sep_e25_r036,Alg2_Ru10,1.0,,
1b,D8-K2par-sep,0.25,36,D8-K2par-sep_e25_r036,TCRlong(0.40)+rw+A2_Rs20,1.0,,
1b,D8-K2par-sep,0.25,36,D8-K2par-sep_e25_r036,TCRlong(0.40)+rw+A2_Ru10,1.0,,
1b,D8-K2par-sep,0.3,36,D8-K2par-sep_e30_r036,ESF12alone,0.9951456310679612,0.31333333333333335,0.07729609298985451
1b,D8-K2par-sep,0.3,36,D8-K2par-sep_e30_r036,ESF12,0.9951456310679612,,
1b,D8-K2par-sep,0.3,36,D8-K2par-sep_e30_r036,Alg2_Rs20,1.0,,
1b,D8-K2par-sep,0.3,36,D8-K2par-sep_e30_r036,Alg2_Ru10,1.0,,
1b,D8-K2par-sep,0.3,36,D8-K2par-sep_e30_r036,TCRlong(0.40)+rw+A2_Rs20,0.9951456310679612,,
1b,D8-K2par-sep,0.3,36,D8-K2par-sep_e30_r036,TCRlong(0.40)+rw+A2_Ru10,0.9951456310679612,,
1b,D8-K2par-sep,0.35,36,D8-K2par-sep_e35_r036,ESF12alone,1.0,0.36,0.07005045097321272
1b,D8-K2par-sep,0.35,36,D8-K2par-sep_e35_r036,ESF12,1.0,,
1b,D8-K2par-sep,0.35,36,D8-K2par-sep_e35_r036,Alg2_Rs20,1.0,,
1b,D8-K2par-sep,0.35,36,D8-K2par-sep_e35_r036,Alg2_Ru10,1.0,,
1b,D8-K2par-sep,0.35,36,D8-K2par-sep_e35_r036,TCRlong(0.40)+rw+A2_Rs20,1.0,,
1b,D8-K2par-sep,0.35,36,D8-K2par-sep_e35_r036,TCRlong(0.40)+rw+A2_Ru10,1.0,,
1b,D1-K2cross,0.25,37,D1-K2cross_e25_r037,ESF12alone,0.8977777777777778,0.25,0.07285905606113374
1b,D1-K2cross,0.25,37,D1-K2cross_e25_r037,ESF12,0.8977777777777778,,
1b,D1-K2cross,0.25,37,D1-K2cross_e25_r037,Alg2_Rs20,0.8933333333333333,,
1b,D1-K2cross,0.25,37,D1-K2cross_e25_r037,Alg2_Ru10,0.8933333333333333,,
1b,D1-K2cross,0.25,37,D1-K2cross_e25_r037,TCRlong(0.40)+rw+A2_Rs20,0.8933333333333333,,
1b,D1-K2cross,0.25,37,D1-K2cross_e25_r037,TCRlong(0.40)+rw+A2_Ru10,0.8933333333333333,,
1b,D1-K2cross,0.3,37,D1-K2cross_e30_r037,ESF12alone,0.9074074074074074,0.28,0.07572113303467631
1b,D1-K2cross,0.3,37,D1-K2cross_e30_r037,ESF12,0.9074074074074074,,
1b,D1-K2cross,0.3,37,D1-K2cross_e30_r037,Alg2_Rs20,0.9120370370370371,,
1b,D1-K2cross,0.3,37,D1-K2cross_e30_r037,Alg2_Ru10,0.9120370370370371,,
1b,D1-K2cross,0.3,37,D1-K2cross_e30_r037,TCRlong(0.40)+rw+A2_Rs20,0.9120370370370371,,
1b,D1-K2cross,0.3,37,D1-K2cross_e30_r037,TCRlong(0.40)+rw+A2_Ru10,0.9120370370370371,,
1b,D1-K2cross,0.35,37,D1-K2cross_e35_r037,ESF12alone,0.8963730569948186,0.3566666666666667,0.0889199289958924
1b,D1-K2cross,0.35,37,D1-K2cross_e35_r037,ESF12,0.8963730569948186,,
1b,D1-K2cross,0.35,37,D1-K2cross_e35_r037,Alg2_Rs20,0.8963730569948186,,
1b,D1-K2cross,0.35,37,D1-K2cross_e35_r037,Alg2_Ru10,0.8963730569948186,,
1b,D1-K2cross,0.35,37,D1-K2cross_e35_r037,TCRlong(0.40)+rw+A2_Rs20,0.8963730569948186,,
1b,D1-K2cross,0.35,37,D1-K2cross_e35_r037,TCRlong(0.40)+rw+A2_Ru10,0.8963730569948186,,
1b,D2-K3par,0.25,37,D2-K3par_e25_r037,ESF12alone,0.9173913043478261,0.23333333333333334,0.2638496069703251
1b,D2-K3par,0.25,37,D2-K3par_e25_r037,ESF12,0.9173913043478261,,
1b,D2-K3par,0.25,37,D2-K3par_e25_r037,Alg2_Rs20,0.9173913043478261,,
1b,D2-K3par,0.25,37,D2-K3par_e25_r037,Alg2_Ru10,0.9173913043478261,,
1b,D2-K3par,0.25,37,D2-K3par_e25_r037,TCRlong(0.40)+rw+A2_Rs20,0.908695652173913,,
1b,D2-K3par,0.25,37,D2-K3par_e25_r037,TCRlong(0.40)+rw+A2_Ru10,0.908695652173913,,
1b,D2-K3par,0.3,37,D2-K3par_e30_r037,ESF12alone,0.9414414414414415,0.26,0.3897468950599432
1b,D2-K3par,0.3,37,D2-K3par_e30_r037,ESF12,0.9414414414414415,,
1b,D2-K3par,0.3,37,D2-K3par_e30_r037,Alg2_Rs20,0.6936936936936937,,
1b,D2-K3par,0.3,37,D2-K3par_e30_r037,Alg2_Ru10,0.6936936936936937,,
1b,D2-K3par,0.3,37,D2-K3par_e30_r037,TCRlong(0.40)+rw+A2_Rs20,0.9414414414414415,,
1b,D2-K3par,0.3,37,D2-K3par_e30_r037,TCRlong(0.40)+rw+A2_Ru10,0.9414414414414415,,
1b,D2-K3par,0.35,37,D2-K3par_e35_r037,ESF12alone,0.37967914438502676,0.0033333333333333335,0.39491359796375036
1b,D2-K3par,0.35,37,D2-K3par_e35_r037,ESF12,0.37967914438502676,,
1b,D2-K3par,0.35,37,D2-K3par_e35_r037,Alg2_Rs20,0.37967914438502676,,
1b,D2-K3par,0.35,37,D2-K3par_e35_r037,Alg2_Ru10,0.37967914438502676,,
1b,D2-K3par,0.35,37,D2-K3par_e35_r037,TCRlong(0.40)+rw+A2_Rs20,0.6951871657754011,,
1b,D2-K3par,0.35,37,D2-K3par_e35_r037,TCRlong(0.40)+rw+A2_Ru10,0.6951871657754011,,
1b,D3-unequal,0.25,37,D3-unequal_e25_r037,ESF12alone,0.8863636363636364,0.26666666666666666,0.08127342001534998
1b,D3-unequal,0.25,37,D3-unequal_e25_r037,ESF12,0.8863636363636364,,
1b,D3-unequal,0.25,37,D3-unequal_e25_r037,Alg2_Rs20,0.8863636363636364,,
1b,D3-unequal,0.25,37,D3-unequal_e25_r037,Alg2_Ru10,0.8863636363636364,,
1b,D3-unequal,0.25,37,D3-unequal_e25_r037,TCRlong(0.40)+rw+A2_Rs20,0.8863636363636364,,
1b,D3-unequal,0.25,37,D3-unequal_e25_r037,TCRlong(0.40)+rw+A2_Ru10,0.8863636363636364,,
1b,D3-unequal,0.3,37,D3-unequal_e30_r037,ESF12alone,0.7035175879396985,0.18333333333333332,0.08304157096426934
1b,D3-unequal,0.3,37,D3-unequal_e30_r037,ESF12,0.7035175879396985,,
1b,D3-unequal,0.3,37,D3-unequal_e30_r037,Alg2_Rs20,0.7035175879396985,,
1b,D3-unequal,0.3,37,D3-unequal_e30_r037,Alg2_Ru10,0.7035175879396985,,
1b,D3-unequal,0.3,37,D3-unequal_e30_r037,TCRlong(0.40)+rw+A2_Rs20,0.8844221105527639,,
1b,D3-unequal,0.3,37,D3-unequal_e30_r037,TCRlong(0.40)+rw+A2_Ru10,0.8844221105527639,,
1b,D3-unequal,0.35,37,D3-unequal_e35_r037,ESF12alone,0.8952879581151832,0.36333333333333334,0.08068428607657552
1b,D3-unequal,0.35,37,D3-unequal_e35_r037,ESF12,0.8952879581151832,,
1b,D3-unequal,0.35,37,D3-unequal_e35_r037,Alg2_Rs20,0.8952879581151832,,
1b,D3-unequal,0.35,37,D3-unequal_e35_r037,Alg2_Ru10,0.8952879581151832,,
1b,D3-unequal,0.35,37,D3-unequal_e35_r037,TCRlong(0.40)+rw+A2_Rs20,0.8952879581151832,,
1b,D3-unequal,0.35,37,D3-unequal_e35_r037,TCRlong(0.40)+rw+A2_Ru10,0.8952879581151832,,
1b,D4-hetero,0.25,37,D4-hetero_e25_r037,ESF12alone,0.9111111111111111,0.25666666666666665,0.08483300299849361
1b,D4-hetero,0.25,37,D4-hetero_e25_r037,ESF12,0.9111111111111111,,
1b,D4-hetero,0.25,37,D4-hetero_e25_r037,Alg2_Rs20,0.9155555555555556,,
1b,D4-hetero,0.25,37,D4-hetero_e25_r037,Alg2_Ru10,0.9155555555555556,,
1b,D4-hetero,0.25,37,D4-hetero_e25_r037,TCRlong(0.40)+rw+A2_Rs20,0.9111111111111111,,
1b,D4-hetero,0.25,37,D4-hetero_e25_r037,TCRlong(0.40)+rw+A2_Ru10,0.9111111111111111,,
1b,D4-hetero,0.3,37,D4-hetero_e30_r037,ESF12alone,0.9065420560747663,0.29,0.07203328004106879
1b,D4-hetero,0.3,37,D4-hetero_e30_r037,ESF12,0.9065420560747663,,
1b,D4-hetero,0.3,37,D4-hetero_e30_r037,Alg2_Rs20,0.9065420560747663,,
1b,D4-hetero,0.3,37,D4-hetero_e30_r037,Alg2_Ru10,0.9065420560747663,,
1b,D4-hetero,0.3,37,D4-hetero_e30_r037,TCRlong(0.40)+rw+A2_Rs20,0.9065420560747663,,
1b,D4-hetero,0.3,37,D4-hetero_e30_r037,TCRlong(0.40)+rw+A2_Ru10,0.9065420560747663,,
1b,D4-hetero,0.35,37,D4-hetero_e35_r037,ESF12alone,0.9740932642487047,0.3566666666666667,0.07108868600334972
1b,D4-hetero,0.35,37,D4-hetero_e35_r037,ESF12,0.9740932642487047,,
1b,D4-hetero,0.35,37,D4-hetero_e35_r037,Alg2_Rs20,0.9740932642487047,,
1b,D4-hetero,0.35,37,D4-hetero_e35_r037,Alg2_Ru10,0.9740932642487047,,
1b,D4-hetero,0.35,37,D4-hetero_e35_r037,TCRlong(0.40)+rw+A2_Rs20,0.9740932642487047,,
1b,D4-hetero,0.35,37,D4-hetero_e35_r037,TCRlong(0.40)+rw+A2_Ru10,0.9740932642487047,,
1b,D5-leverage,0.25,37,D5-leverage_e25_r037,ESF12alone,0.8697478991596639,0.20666666666666667,0.07249127503018826
1b,D5-leverage,0.25,37,D5-leverage_e25_r037,ESF12,0.8697478991596639,,
1b,D5-leverage,0.25,37,D5-leverage_e25_r037,Alg2_Rs20,0.8697478991596639,,
1b,D5-leverage,0.25,37,D5-leverage_e25_r037,Alg2_Ru10,0.8697478991596639,,
1b,D5-leverage,0.25,37,D5-leverage_e25_r037,TCRlong(0.40)+rw+A2_Rs20,0.8697478991596639,,
1b,D5-leverage,0.25,37,D5-leverage_e25_r037,TCRlong(0.40)+rw+A2_Ru10,0.8697478991596639,,
1b,D5-leverage,0.3,37,D5-leverage_e30_r037,ESF12alone,0.535,0.006666666666666667,0.07405781303532422
1b,D5-leverage,0.3,37,D5-leverage_e30_r037,ESF12,0.535,,
1b,D5-leverage,0.3,37,D5-leverage_e30_r037,Alg2_Rs20,0.54,,
1b,D5-leverage,0.3,37,D5-leverage_e30_r037,Alg2_Ru10,0.54,,
1b,D5-leverage,0.3,37,D5-leverage_e30_r037,TCRlong(0.40)+rw+A2_Rs20,0.525,,
1b,D5-leverage,0.3,37,D5-leverage_e30_r037,TCRlong(0.40)+rw+A2_Ru10,0.525,,
1b,D5-leverage,0.35,37,D5-leverage_e35_r037,ESF12alone,0.5353535353535354,0.09666666666666666,0.08446134789846838
1b,D5-leverage,0.35,37,D5-leverage_e35_r037,ESF12,0.5353535353535354,,
1b,D5-leverage,0.35,37,D5-leverage_e35_r037,Alg2_Rs20,0.5404040404040404,,
1b,D5-leverage,0.35,37,D5-leverage_e35_r037,Alg2_Ru10,0.5404040404040404,,
1b,D5-leverage,0.35,37,D5-leverage_e35_r037,TCRlong(0.40)+rw+A2_Rs20,0.5303030303030303,,
1b,D5-leverage,0.35,37,D5-leverage_e35_r037,TCRlong(0.40)+rw+A2_Ru10,0.5303030303030303,,
1b,D6-uniform,0.25,37,D6-uniform_e25_r037,ESF12alone,0.9039301310043668,0.21333333333333335,0.07953315495979041
1b,D6-uniform,0.25,37,D6-uniform_e25_r037,ESF12,0.9039301310043668,,
1b,D6-uniform,0.25,37,D6-uniform_e25_r037,Alg2_Rs20,0.9039301310043668,,
1b,D6-uniform,0.25,37,D6-uniform_e25_r037,Alg2_Ru10,0.9039301310043668,,
1b,D6-uniform,0.25,37,D6-uniform_e25_r037,TCRlong(0.40)+rw+A2_Rs20,0.9082969432314411,,
1b,D6-uniform,0.25,37,D6-uniform_e25_r037,TCRlong(0.40)+rw+A2_Ru10,0.9082969432314411,,
1b,D6-uniform,0.3,37,D6-uniform_e30_r037,ESF12alone,0.580952380952381,0.0,0.08603889297228307
1b,D6-uniform,0.3,37,D6-uniform_e30_r037,ESF12,0.580952380952381,,
1b,D6-uniform,0.3,37,D6-uniform_e30_r037,Alg2_Rs20,0.580952380952381,,
1b,D6-uniform,0.3,37,D6-uniform_e30_r037,Alg2_Ru10,0.580952380952381,,
1b,D6-uniform,0.3,37,D6-uniform_e30_r037,TCRlong(0.40)+rw+A2_Rs20,0.919047619047619,,
1b,D6-uniform,0.3,37,D6-uniform_e30_r037,TCRlong(0.40)+rw+A2_Ru10,0.919047619047619,,
1b,D6-uniform,0.35,37,D6-uniform_e35_r037,ESF12alone,0.517948717948718,0.0,0.1062122139846906
1b,D6-uniform,0.35,37,D6-uniform_e35_r037,ESF12,0.517948717948718,,
1b,D6-uniform,0.35,37,D6-uniform_e35_r037,Alg2_Rs20,0.517948717948718,,
1b,D6-uniform,0.35,37,D6-uniform_e35_r037,Alg2_Ru10,0.517948717948718,,
1b,D6-uniform,0.35,37,D6-uniform_e35_r037,TCRlong(0.40)+rw+A2_Rs20,0.5384615384615384,,
1b,D6-uniform,0.35,37,D6-uniform_e35_r037,TCRlong(0.40)+rw+A2_Ru10,0.5384615384615384,,
1b,D7-p3,0.25,37,D7-p3_e25_r037,ESF12alone,0.8951965065502183,0.24666666666666667,1.8431153090205044
1b,D7-p3,0.25,37,D7-p3_e25_r037,ESF12,0.8951965065502183,,
1b,D7-p3,0.25,37,D7-p3_e25_r037,Alg2_Rs20,0.8995633187772926,,
1b,D7-p3,0.25,37,D7-p3_e25_r037,Alg2_Ru10,0.8995633187772926,,
1b,D7-p3,0.25,37,D7-p3_e25_r037,TCRlong(0.40)+rw+A2_Rs20,0.9039301310043668,,
1b,D7-p3,0.25,37,D7-p3_e25_r037,TCRlong(0.40)+rw+A2_Ru10,0.9039301310043668,,
1b,D7-p3,0.3,37,D7-p3_e30_r037,ESF12alone,0.9041095890410958,0.27,1.7441564169712365
1b,D7-p3,0.3,37,D7-p3_e30_r037,ESF12,0.9041095890410958,,
1b,D7-p3,0.3,37,D7-p3_e30_r037,Alg2_Rs20,0.908675799086758,,
1b,D7-p3,0.3,37,D7-p3_e30_r037,Alg2_Ru10,0.908675799086758,,
1b,D7-p3,0.3,37,D7-p3_e30_r037,TCRlong(0.40)+rw+A2_Rs20,0.91324200913242,,
1b,D7-p3,0.3,37,D7-p3_e30_r037,TCRlong(0.40)+rw+A2_Ru10,0.91324200913242,,
1b,D7-p3,0.35,37,D7-p3_e35_r037,ESF12alone,0.8894736842105263,0.37,1.8175711550284177
1b,D7-p3,0.35,37,D7-p3_e35_r037,ESF12,0.8894736842105263,,
1b,D7-p3,0.35,37,D7-p3_e35_r037,Alg2_Rs20,0.8789473684210526,,
1b,D7-p3,0.35,37,D7-p3_e35_r037,Alg2_Ru10,0.8789473684210526,,
1b,D7-p3,0.35,37,D7-p3_e35_r037,TCRlong(0.40)+rw+A2_Rs20,0.8894736842105263,,
1b,D7-p3,0.35,37,D7-p3_e35_r037,TCRlong(0.40)+rw+A2_Ru10,0.8894736842105263,,
1b,D8-K2par-sep,0.25,37,D8-K2par-sep_e25_r037,ESF12alone,0.9954545454545455,0.26666666666666666,0.07621703308541328
1b,D8-K2par-sep,0.25,37,D8-K2par-sep_e25_r037,ESF12,0.9954545454545455,,
1b,D8-K2par-sep,0.25,37,D8-K2par-sep_e25_r037,Alg2_Rs20,0.9954545454545455,,
1b,D8-K2par-sep,0.25,37,D8-K2par-sep_e25_r037,Alg2_Ru10,0.9954545454545455,,
1b,D8-K2par-sep,0.25,37,D8-K2par-sep_e25_r037,TCRlong(0.40)+rw+A2_Rs20,0.9954545454545455,,
1b,D8-K2par-sep,0.25,37,D8-K2par-sep_e25_r037,TCRlong(0.40)+rw+A2_Ru10,0.9954545454545455,,
1b,D8-K2par-sep,0.3,37,D8-K2par-sep_e30_r037,ESF12alone,1.0,0.30666666666666664,0.07665187690872699
1b,D8-K2par-sep,0.3,37,D8-K2par-sep_e30_r037,ESF12,1.0,,
1b,D8-K2par-sep,0.3,37,D8-K2par-sep_e30_r037,Alg2_Rs20,1.0,,
1b,D8-K2par-sep,0.3,37,D8-K2par-sep_e30_r037,Alg2_Ru10,1.0,,
1b,D8-K2par-sep,0.3,37,D8-K2par-sep_e30_r037,TCRlong(0.40)+rw+A2_Rs20,1.0,,
1b,D8-K2par-sep,0.3,37,D8-K2par-sep_e30_r037,TCRlong(0.40)+rw+A2_Ru10,1.0,,
1b,D8-K2par-sep,0.35,37,D8-K2par-sep_e35_r037,ESF12alone,1.0,0.3333333333333333,0.07935237092897296
1b,D8-K2par-sep,0.35,37,D8-K2par-sep_e35_r037,ESF12,1.0,,
1b,D8-K2par-sep,0.35,37,D8-K2par-sep_e35_r037,Alg2_Rs20,1.0,,
1b,D8-K2par-sep,0.35,37,D8-K2par-sep_e35_r037,Alg2_Ru10,1.0,,
1b,D8-K2par-sep,0.35,37,D8-K2par-sep_e35_r037,TCRlong(0.40)+rw+A2_Rs20,1.0,,
1b,D8-K2par-sep,0.35,37,D8-K2par-sep_e35_r037,TCRlong(0.40)+rw+A2_Ru10,1.0,,
1b,D1-K2cross,0.25,38,D1-K2cross_e25_r038,ESF12alone,0.8733031674208145,0.26666666666666666,0.08788949297741055
1b,D1-K2cross,0.25,38,D1-K2cross_e25_r038,ESF12,0.8733031674208145,,
1b,D1-K2cross,0.25,38,D1-K2cross_e25_r038,Alg2_Rs20,0.8733031674208145,,
1b,D1-K2cross,0.25,38,D1-K2cross_e25_r038,Alg2_Ru10,0.8733031674208145,,
1b,D1-K2cross,0.25,38,D1-K2cross_e25_r038,TCRlong(0.40)+rw+A2_Rs20,0.8733031674208145,,
1b,D1-K2cross,0.25,38,D1-K2cross_e25_r038,TCRlong(0.40)+rw+A2_Ru10,0.8733031674208145,,
1b,D1-K2cross,0.3,38,D1-K2cross_e30_r038,ESF12alone,0.9183673469387755,0.3466666666666667,0.07032322604209185
1b,D1-K2cross,0.3,38,D1-K2cross_e30_r038,ESF12,0.9183673469387755,,
1b,D1-K2cross,0.3,38,D1-K2cross_e30_r038,Alg2_Rs20,0.9183673469387755,,
1b,D1-K2cross,0.3,38,D1-K2cross_e30_r038,Alg2_Ru10,0.9183673469387755,,
1b,D1-K2cross,0.3,38,D1-K2cross_e30_r038,TCRlong(0.40)+rw+A2_Rs20,0.9183673469387755,,
1b,D1-K2cross,0.3,38,D1-K2cross_e30_r038,TCRlong(0.40)+rw+A2_Ru10,0.9183673469387755,,
1b,D1-K2cross,0.35,38,D1-K2cross_e35_r038,ESF12alone,0.9310344827586207,0.3233333333333333,0.07504451705608517
1b,D1-K2cross,0.35,38,D1-K2cross_e35_r038,ESF12,0.9310344827586207,,
1b,D1-K2cross,0.35,38,D1-K2cross_e35_r038,Alg2_Rs20,0.9310344827586207,,
1b,D1-K2cross,0.35,38,D1-K2cross_e35_r038,Alg2_Ru10,0.9310344827586207,,
1b,D1-K2cross,0.35,38,D1-K2cross_e35_r038,TCRlong(0.40)+rw+A2_Rs20,0.9310344827586207,,
1b,D1-K2cross,0.35,38,D1-K2cross_e35_r038,TCRlong(0.40)+rw+A2_Ru10,0.9310344827586207,,
1b,D2-K3par,0.25,38,D2-K3par_e25_r038,ESF12alone,0.8947368421052632,0.24,0.39480147196445614
1b,D2-K3par,0.25,38,D2-K3par_e25_r038,ESF12,0.8947368421052632,,
1b,D2-K3par,0.25,38,D2-K3par_e25_r038,Alg2_Rs20,0.9035087719298246,,
1b,D2-K3par,0.25,38,D2-K3par_e25_r038,Alg2_Ru10,0.9035087719298246,,
1b,D2-K3par,0.25,38,D2-K3par_e25_r038,TCRlong(0.40)+rw+A2_Rs20,0.8903508771929824,,
1b,D2-K3par,0.25,38,D2-K3par_e25_r038,TCRlong(0.40)+rw+A2_Ru10,0.8903508771929824,,
1b,D2-K3par,0.3,38,D2-K3par_e30_r038,ESF12alone,0.3768844221105528,0.0,0.3807143090525642
1b,D2-K3par,0.3,38,D2-K3par_e30_r038,ESF12,0.3768844221105528,,
1b,D2-K3par,0.3,38,D2-K3par_e30_r038,Alg2_Rs20,0.6231155778894473,,
1b,D2-K3par,0.3,38,D2-K3par_e30_r038,Alg2_Ru10,0.6231155778894473,,
1b,D2-K3par,0.3,38,D2-K3par_e30_r038,TCRlong(0.40)+rw+A2_Rs20,0.8040201005025126,,
1b,D2-K3par,0.3,38,D2-K3par_e30_r038,TCRlong(0.40)+rw+A2_Ru10,0.8040201005025126,,
1b,D2-K3par,0.35,38,D2-K3par_e35_r038,ESF12alone,0.3425414364640884,0.006666666666666667,0.3687231329968199
1b,D2-K3par,0.35,38,D2-K3par_e35_r038,ESF12,0.3425414364640884,,
1b,D2-K3par,0.35,38,D2-K3par_e35_r038,Alg2_Rs20,0.3425414364640884,,
1b,D2-K3par,0.35,38,D2-K3par_e35_r038,Alg2_Ru10,0.3425414364640884,,
1b,D2-K3par,0.35,38,D2-K3par_e35_r038,TCRlong(0.40)+rw+A2_Rs20,0.6574585635359116,,
1b,D2-K3par,0.35,38,D2-K3par_e35_r038,TCRlong(0.40)+rw+A2_Ru10,0.6574585635359116,,
1b,D3-unequal,0.25,38,D3-unequal_e25_r038,ESF12alone,0.8959276018099548,0.2633333333333333,0.09113671898376197
1b,D3-unequal,0.25,38,D3-unequal_e25_r038,ESF12,0.8959276018099548,,
1b,D3-unequal,0.25,38,D3-unequal_e25_r038,Alg2_Rs20,0.8959276018099548,,
1b,D3-unequal,0.25,38,D3-unequal_e25_r038,Alg2_Ru10,0.8959276018099548,,
1b,D3-unequal,0.25,38,D3-unequal_e25_r038,TCRlong(0.40)+rw+A2_Rs20,0.8959276018099548,,
1b,D3-unequal,0.25,38,D3-unequal_e25_r038,TCRlong(0.40)+rw+A2_Ru10,0.8959276018099548,,
1b,D3-unequal,0.3,38,D3-unequal_e30_r038,ESF12alone,0.900990099009901,0.32666666666666666,0.08124023803975433
1b,D3-unequal,0.3,38,D3-unequal_e30_r038,ESF12,0.900990099009901,,
1b,D3-unequal,0.3,38,D3-unequal_e30_r038,Alg2_Rs20,0.7079207920792079,,
1b,D3-unequal,0.3,38,D3-unequal_e30_r038,Alg2_Ru10,0.7079207920792079,,
1b,D3-unequal,0.3,38,D3-unequal_e30_r038,TCRlong(0.40)+rw+A2_Rs20,0.905940594059406,,
1b,D3-unequal,0.3,38,D3-unequal_e30_r038,TCRlong(0.40)+rw+A2_Ru10,0.905940594059406,,
1b,D3-unequal,0.35,38,D3-unequal_e35_r038,ESF12alone,0.7680412371134021,0.27666666666666667,0.09206905006431043
1b,D3-unequal,0.35,38,D3-unequal_e35_r038,ESF12,0.7680412371134021,,
1b,D3-unequal,0.35,38,D3-unequal_e35_r038,Alg2_Rs20,0.7628865979381443,,
1b,D3-unequal,0.35,38,D3-unequal_e35_r038,Alg2_Ru10,0.7628865979381443,,
1b,D3-unequal,0.35,38,D3-unequal_e35_r038,TCRlong(0.40)+rw+A2_Rs20,0.788659793814433,,
1b,D3-unequal,0.35,38,D3-unequal_e35_r038,TCRlong(0.40)+rw+A2_Ru10,0.788659793814433,,
1b,D4-hetero,0.25,38,D4-hetero_e25_r038,ESF12alone,0.8959276018099548,0.27,0.10098311502952129
1b,D4-hetero,0.25,38,D4-hetero_e25_r038,ESF12,0.8959276018099548,,
1b,D4-hetero,0.25,38,D4-hetero_e25_r038,Alg2_Rs20,0.8959276018099548,,
1b,D4-hetero,0.25,38,D4-hetero_e25_r038,Alg2_Ru10,0.8959276018099548,,
1b,D4-hetero,0.25,38,D4-hetero_e25_r038,TCRlong(0.40)+rw+A2_Rs20,0.8959276018099548,,
1b,D4-hetero,0.25,38,D4-hetero_e25_r038,TCRlong(0.40)+rw+A2_Ru10,0.8959276018099548,,
1b,D4-hetero,0.3,38,D4-hetero_e30_r038,ESF12alone,0.9262672811059908,0.2833333333333333,0.08446064498275518
1b,D4-hetero,0.3,38,D4-hetero_e30_r038,ESF12,0.9262672811059908,,
1b,D4-hetero,0.3,38,D4-hetero_e30_r038,Alg2_Rs20,0.9262672811059908,,
1b,D4-hetero,0.3,38,D4-hetero_e30_r038,Alg2_Ru10,0.9262672811059908,,
1b,D4-hetero,0.3,38,D4-hetero_e30_r038,TCRlong(0.40)+rw+A2_Rs20,0.9262672811059908,,
1b,D4-hetero,0.3,38,D4-hetero_e30_r038,TCRlong(0.40)+rw+A2_Ru10,0.9262672811059908,,
1b,D4-hetero,0.35,38,D4-hetero_e35_r038,ESF12alone,0.9293478260869565,0.39,0.08246052800677717
1b,D4-hetero,0.35,38,D4-hetero_e35_r038,ESF12,0.9293478260869565,,
1b,D4-hetero,0.35,38,D4-hetero_e35_r038,Alg2_Rs20,0.9293478260869565,,
1b,D4-hetero,0.35,38,D4-hetero_e35_r038,Alg2_Ru10,0.9293478260869565,,
1b,D4-hetero,0.35,38,D4-hetero_e35_r038,TCRlong(0.40)+rw+A2_Rs20,0.9293478260869565,,
1b,D4-hetero,0.35,38,D4-hetero_e35_r038,TCRlong(0.40)+rw+A2_Ru10,0.9293478260869565,,
1b,D5-leverage,0.25,38,D5-leverage_e25_r038,ESF12alone,0.9298245614035088,0.24,0.07871083600912243
1b,D5-leverage,0.25,38,D5-leverage_e25_r038,ESF12,0.9298245614035088,,
1b,D5-leverage,0.25,38,D5-leverage_e25_r038,Alg2_Rs20,0.5526315789473685,,
1b,D5-leverage,0.25,38,D5-leverage_e25_r038,Alg2_Ru10,0.5526315789473685,,
1b,D5-leverage,0.25,38,D5-leverage_e25_r038,TCRlong(0.40)+rw+A2_Rs20,0.9298245614035088,,
1b,D5-leverage,0.25,38,D5-leverage_e25_r038,TCRlong(0.40)+rw+A2_Ru10,0.9298245614035088,,
1b,D5-leverage,0.3,38,D5-leverage_e30_r038,ESF12alone,0.5190476190476191,0.013333333333333334,0.07944248896092176
1b,D5-leverage,0.3,38,D5-leverage_e30_r038,ESF12,0.5190476190476191,,
1b,D5-leverage,0.3,38,D5-leverage_e30_r038,Alg2_Rs20,0.5190476190476191,,
1b,D5-leverage,0.3,38,D5-leverage_e30_r038,Alg2_Ru10,0.5190476190476191,,
1b,D5-leverage,0.3,38,D5-leverage_e30_r038,TCRlong(0.40)+rw+A2_Rs20,0.5190476190476191,,
1b,D5-leverage,0.3,38,D5-leverage_e30_r038,TCRlong(0.40)+rw+A2_Ru10,0.5190476190476191,,
1b,D5-leverage,0.35,38,D5-leverage_e35_r038,ESF12alone,0.5326633165829145,0.01,0.07678623497486115
1b,D5-leverage,0.35,38,D5-leverage_e35_r038,ESF12,0.5326633165829145,,
1b,D5-leverage,0.35,38,D5-leverage_e35_r038,Alg2_Rs20,0.5326633165829145,,
1b,D5-leverage,0.35,38,D5-leverage_e35_r038,Alg2_Ru10,0.5326633165829145,,
1b,D5-leverage,0.35,38,D5-leverage_e35_r038,TCRlong(0.40)+rw+A2_Rs20,0.5326633165829145,,
1b,D5-leverage,0.35,38,D5-leverage_e35_r038,TCRlong(0.40)+rw+A2_Ru10,0.5326633165829145,,
1b,D6-uniform,0.25,38,D6-uniform_e25_r038,ESF12alone,0.8981481481481481,0.12333333333333334,0.07311858900357038
1b,D6-uniform,0.25,38,D6-uniform_e25_r038,ESF12,0.8981481481481481,,
1b,D6-uniform,0.25,38,D6-uniform_e25_r038,Alg2_Rs20,0.9027777777777778,,
1b,D6-uniform,0.25,38,D6-uniform_e25_r038,Alg2_Ru10,0.5509259259259259,,
1b,D6-uniform,0.25,38,D6-uniform_e25_r038,TCRlong(0.40)+rw+A2_Rs20,0.9027777777777778,,
1b,D6-uniform,0.25,38,D6-uniform_e25_r038,TCRlong(0.40)+rw+A2_Ru10,0.5740740740740741,,
1b,D6-uniform,0.3,38,D6-uniform_e30_r038,ESF12alone,0.8828828828828829,0.23666666666666666,0.07279686408583075
1b,D6-uniform,0.3,38,D6-uniform_e30_r038,ESF12,0.8828828828828829,,
1b,D6-uniform,0.3,38,D6-uniform_e30_r038,Alg2_Rs20,0.8828828828828829,,
1b,D6-uniform,0.3,38,D6-uniform_e30_r038,Alg2_Ru10,0.8828828828828829,,
1b,D6-uniform,0.3,38,D6-uniform_e30_r038,TCRlong(0.40)+rw+A2_Rs20,0.8828828828828829,,
1b,D6-uniform,0.3,38,D6-uniform_e30_r038,TCRlong(0.40)+rw+A2_Ru10,0.8828828828828829,,
1b,D6-uniform,0.35,38,D6-uniform_e35_r038,ESF12alone,0.9333333333333333,0.14666666666666667,0.07336090097669512
1b,D6-uniform,0.35,38,D6-uniform_e35_r038,ESF12,0.9333333333333333,,
1b,D6-uniform,0.35,38,D6-uniform_e35_r038,Alg2_Rs20,0.5476190476190477,,
1b,D6-uniform,0.35,38,D6-uniform_e35_r038,Alg2_Ru10,0.5476190476190477,,
1b,D6-uniform,0.35,38,D6-uniform_e35_r038,TCRlong(0.40)+rw+A2_Rs20,0.9380952380952381,,
1b,D6-uniform,0.35,38,D6-uniform_e35_r038,TCRlong(0.40)+rw+A2_Ru10,0.5476190476190477,,
1b,D7-p3,0.25,38,D7-p3_e25_r038,ESF12alone,0.9134199134199135,0.23333333333333334,1.9261116200359538
1b,D7-p3,0.25,38,D7-p3_e25_r038,ESF12,0.9134199134199135,,
1b,D7-p3,0.25,38,D7-p3_e25_r038,Alg2_Rs20,0.9134199134199135,,
1b,D7-p3,0.25,38,D7-p3_e25_r038,Alg2_Ru10,0.9134199134199135,,
1b,D7-p3,0.25,38,D7-p3_e25_r038,TCRlong(0.40)+rw+A2_Rs20,0.9134199134199135,,
1b,D7-p3,0.25,38,D7-p3_e25_r038,TCRlong(0.40)+rw+A2_Ru10,0.9134199134199135,,
1b,D7-p3,0.3,38,D7-p3_e30_r038,ESF12alone,0.9158878504672897,0.29333333333333333,1.8731840869877487
1b,D7-p3,0.3,38,D7-p3_e30_r038,ESF12,0.9158878504672897,,
1b,D7-p3,0.3,38,D7-p3_e30_r038,Alg2_Rs20,0.9158878504672897,,
1b,D7-p3,0.3,38,D7-p3_e30_r038,Alg2_Ru10,0.9158878504672897,,
1b,D7-p3,0.3,38,D7-p3_e30_r038,TCRlong(0.40)+rw+A2_Rs20,0.9158878504672897,,
1b,D7-p3,0.3,38,D7-p3_e30_r038,TCRlong(0.40)+rw+A2_Ru10,0.9158878504672897,,
1b,D7-p3,0.35,38,D7-p3_e35_r038,ESF12alone,0.8926829268292683,0.31666666666666665,2.2786831320263445
1b,D7-p3,0.35,38,D7-p3_e35_r038,ESF12,0.8926829268292683,,
1b,D7-p3,0.35,38,D7-p3_e35_r038,Alg2_Rs20,0.8926829268292683,,
1b,D7-p3,0.35,38,D7-p3_e35_r038,Alg2_Ru10,0.8926829268292683,,
1b,D7-p3,0.35,38,D7-p3_e35_r038,TCRlong(0.40)+rw+A2_Rs20,0.8926829268292683,,
1b,D7-p3,0.35,38,D7-p3_e35_r038,TCRlong(0.40)+rw+A2_Ru10,0.8926829268292683,,
1b,D8-K2par-sep,0.25,38,D8-K2par-sep_e25_r038,ESF12alone,1.0,0.26,0.094726113951765
1b,D8-K2par-sep,0.25,38,D8-K2par-sep_e25_r038,ESF12,1.0,,
1b,D8-K2par-sep,0.25,38,D8-K2par-sep_e25_r038,Alg2_Rs20,1.0,,
1b,D8-K2par-sep,0.25,38,D8-K2par-sep_e25_r038,Alg2_Ru10,1.0,,
1b,D8-K2par-sep,0.25,38,D8-K2par-sep_e25_r038,TCRlong(0.40)+rw+A2_Rs20,1.0,,
1b,D8-K2par-sep,0.25,38,D8-K2par-sep_e25_r038,TCRlong(0.40)+rw+A2_Ru10,1.0,,
1b,D8-K2par-sep,0.3,38,D8-K2par-sep_e30_r038,ESF12alone,0.9951219512195122,0.31666666666666665,0.08428773400373757
1b,D8-K2par-sep,0.3,38,D8-K2par-sep_e30_r038,ESF12,0.9951219512195122,,
1b,D8-K2par-sep,0.3,38,D8-K2par-sep_e30_r038,Alg2_Rs20,0.9951219512195122,,
1b,D8-K2par-sep,0.3,38,D8-K2par-sep_e30_r038,Alg2_Ru10,0.9951219512195122,,
1b,D8-K2par-sep,0.3,38,D8-K2par-sep_e30_r038,TCRlong(0.40)+rw+A2_Rs20,0.9951219512195122,,
1b,D8-K2par-sep,0.3,38,D8-K2par-sep_e30_r038,TCRlong(0.40)+rw+A2_Ru10,0.9951219512195122,,
1b,D8-K2par-sep,0.35,38,D8-K2par-sep_e35_r038,ESF12alone,1.0,0.3233333333333333,0.07807959301862866
1b,D8-K2par-sep,0.35,38,D8-K2par-sep_e35_r038,ESF12,1.0,,
1b,D8-K2par-sep,0.35,38,D8-K2par-sep_e35_r038,Alg2_Rs20,1.0,,
1b,D8-K2par-sep,0.35,38,D8-K2par-sep_e35_r038,Alg2_Ru10,1.0,,
1b,D8-K2par-sep,0.35,38,D8-K2par-sep_e35_r038,TCRlong(0.40)+rw+A2_Rs20,1.0,,
1b,D8-K2par-sep,0.35,38,D8-K2par-sep_e35_r038,TCRlong(0.40)+rw+A2_Ru10,1.0,,
1b,D1-K2cross,0.25,39,D1-K2cross_e25_r039,ESF12alone,0.9495412844036697,0.2733333333333333,0.08269998896867037
1b,D1-K2cross,0.25,39,D1-K2cross_e25_r039,ESF12,0.9495412844036697,,
1b,D1-K2cross,0.25,39,D1-K2cross_e25_r039,Alg2_Rs20,0.9495412844036697,,
1b,D1-K2cross,0.25,39,D1-K2cross_e25_r039,Alg2_Ru10,0.9495412844036697,,
1b,D1-K2cross,0.25,39,D1-K2cross_e25_r039,TCRlong(0.40)+rw+A2_Rs20,0.9495412844036697,,
1b,D1-K2cross,0.25,39,D1-K2cross_e25_r039,TCRlong(0.40)+rw+A2_Ru10,0.9495412844036697,,
1b,D1-K2cross,0.3,39,D1-K2cross_e30_r039,ESF12alone,0.9241706161137441,0.2966666666666667,0.07340049999766052
1b,D1-K2cross,0.3,39,D1-K2cross_e30_r039,ESF12,0.9241706161137441,,
1b,D1-K2cross,0.3,39,D1-K2cross_e30_r039,Alg2_Rs20,0.9241706161137441,,
1b,D1-K2cross,0.3,39,D1-K2cross_e30_r039,Alg2_Ru10,0.9241706161137441,,
1b,D1-K2cross,0.3,39,D1-K2cross_e30_r039,TCRlong(0.40)+rw+A2_Rs20,0.9241706161137441,,
1b,D1-K2cross,0.3,39,D1-K2cross_e30_r039,TCRlong(0.40)+rw+A2_Ru10,0.9241706161137441,,
1b,D1-K2cross,0.35,39,D1-K2cross_e35_r039,ESF12alone,0.9195979899497487,0.33666666666666667,0.07123658596538007
1b,D1-K2cross,0.35,39,D1-K2cross_e35_r039,ESF12,0.9195979899497487,,
1b,D1-K2cross,0.35,39,D1-K2cross_e35_r039,Alg2_Rs20,0.9195979899497487,,
1b,D1-K2cross,0.35,39,D1-K2cross_e35_r039,Alg2_Ru10,0.9195979899497487,,
1b,D1-K2cross,0.35,39,D1-K2cross_e35_r039,TCRlong(0.40)+rw+A2_Rs20,0.9195979899497487,,
1b,D1-K2cross,0.35,39,D1-K2cross_e35_r039,TCRlong(0.40)+rw+A2_Ru10,0.9195979899497487,,
1b,D2-K3par,0.25,39,D2-K3par_e25_r039,ESF12alone,0.8590308370044053,0.24333333333333335,0.2580968430265784
1b,D2-K3par,0.25,39,D2-K3par_e25_r039,ESF12,0.8590308370044053,,
1b,D2-K3par,0.25,39,D2-K3par_e25_r039,Alg2_Rs20,0.9251101321585903,,
1b,D2-K3par,0.25,39,D2-K3par_e25_r039,Alg2_Ru10,0.9251101321585903,,
1b,D2-K3par,0.25,39,D2-K3par_e25_r039,TCRlong(0.40)+rw+A2_Rs20,0.8325991189427313,,
1b,D2-K3par,0.25,39,D2-K3par_e25_r039,TCRlong(0.40)+rw+A2_Ru10,0.8325991189427313,,
1b,D2-K3par,0.3,39,D2-K3par_e30_r039,ESF12alone,0.9095477386934674,0.33666666666666667,0.29293989192228764
1b,D2-K3par,0.3,39,D2-K3par_e30_r039,ESF12,0.9095477386934674,,
1b,D2-K3par,0.3,39,D2-K3par_e30_r039,Alg2_Rs20,0.6934673366834171,,
1b,D2-K3par,0.3,39,D2-K3par_e30_r039,Alg2_Ru10,0.6934673366834171,,
1b,D2-K3par,0.3,39,D2-K3par_e30_r039,TCRlong(0.40)+rw+A2_Rs20,0.9095477386934674,,
1b,D2-K3par,0.3,39,D2-K3par_e30_r039,TCRlong(0.40)+rw+A2_Ru10,0.9095477386934674,,
1b,D2-K3par,0.35,39,D2-K3par_e35_r039,ESF12alone,0.40404040404040403,0.0,0.42167818592861295
1b,D2-K3par,0.35,39,D2-K3par_e35_r039,ESF12,0.40404040404040403,,
1b,D2-K3par,0.35,39,D2-K3par_e35_r039,Alg2_Rs20,0.7323232323232324,,
1b,D2-K3par,0.35,39,D2-K3par_e35_r039,Alg2_Ru10,0.7323232323232324,,
1b,D2-K3par,0.35,39,D2-K3par_e35_r039,TCRlong(0.40)+rw+A2_Rs20,0.7222222222222222,,
1b,D2-K3par,0.35,39,D2-K3par_e35_r039,TCRlong(0.40)+rw+A2_Ru10,0.7222222222222222,,
1b,D3-unequal,0.25,39,D3-unequal_e25_r039,ESF12alone,0.9295154185022027,0.24333333333333335,0.08389049198012799
1b,D3-unequal,0.25,39,D3-unequal_e25_r039,ESF12,0.9295154185022027,,
1b,D3-unequal,0.25,39,D3-unequal_e25_r039,Alg2_Rs20,0.9295154185022027,,
1b,D3-unequal,0.25,39,D3-unequal_e25_r039,Alg2_Ru10,0.9295154185022027,,
1b,D3-unequal,0.25,39,D3-unequal_e25_r039,TCRlong(0.40)+rw+A2_Rs20,0.9295154185022027,,
1b,D3-unequal,0.25,39,D3-unequal_e25_r039,TCRlong(0.40)+rw+A2_Ru10,0.9295154185022027,,
1b,D3-unequal,0.3,39,D3-unequal_e30_r039,ESF12alone,0.9403669724770642,0.2733333333333333,0.08396039297804236
1b,D3-unequal,0.3,39,D3-unequal_e30_r039,ESF12,0.9403669724770642,,
1b,D3-unequal,0.3,39,D3-unequal_e30_r039,Alg2_Rs20,0.9403669724770642,,
1b,D3-unequal,0.3,39,D3-unequal_e30_r039,Alg2_Ru10,0.9403669724770642,,
1b,D3-unequal,0.3,39,D3-unequal_e30_r039,TCRlong(0.40)+rw+A2_Rs20,0.9403669724770642,,
1b,D3-unequal,0.3,39,D3-unequal_e30_r039,TCRlong(0.40)+rw+A2_Ru10,0.9403669724770642,,
1b,D3-unequal,0.35,39,D3-unequal_e35_r039,ESF12alone,0.6927083333333334,0.15,0.09002972207963467
1b,D3-unequal,0.35,39,D3-unequal_e35_r039,ESF12,0.6927083333333334,,
1b,D3-unequal,0.35,39,D3-unequal_e35_r039,Alg2_Rs20,0.9322916666666666,,
1b,D3-unequal,0.35,39,D3-unequal_e35_r039,Alg2_Ru10,0.9322916666666666,,
1b,D3-unequal,0.35,39,D3-unequal_e35_r039,TCRlong(0.40)+rw+A2_Rs20,0.9322916666666666,,
1b,D3-unequal,0.35,39,D3-unequal_e35_r039,TCRlong(0.40)+rw+A2_Ru10,0.9322916666666666,,
1b,D4-hetero,0.25,39,D4-hetero_e25_r039,ESF12alone,0.9140271493212669,0.2733333333333333,0.0817088270559907
1b,D4-hetero,0.25,39,D4-hetero_e25_r039,ESF12,0.9140271493212669,,
1b,D4-hetero,0.25,39,D4-hetero_e25_r039,Alg2_Rs20,0.9140271493212669,,
1b,D4-hetero,0.25,39,D4-hetero_e25_r039,Alg2_Ru10,0.9140271493212669,,
1b,D4-hetero,0.25,39,D4-hetero_e25_r039,TCRlong(0.40)+rw+A2_Rs20,0.9140271493212669,,
1b,D4-hetero,0.25,39,D4-hetero_e25_r039,TCRlong(0.40)+rw+A2_Ru10,0.9140271493212669,,
1b,D4-hetero,0.3,39,D4-hetero_e30_r039,ESF12alone,0.9038461538461539,0.30666666666666664,0.07835370604880154
1b,D4-hetero,0.3,39,D4-hetero_e30_r039,ESF12,0.9038461538461539,,
1b,D4-hetero,0.3,39,D4-hetero_e30_r039,Alg2_Rs20,0.9038461538461539,,
1b,D4-hetero,0.3,39,D4-hetero_e30_r039,Alg2_Ru10,0.9038461538461539,,
1b,D4-hetero,0.3,39,D4-hetero_e30_r039,TCRlong(0.40)+rw+A2_Rs20,0.9038461538461539,,
1b,D4-hetero,0.3,39,D4-hetero_e30_r039,TCRlong(0.40)+rw+A2_Ru10,0.9038461538461539,,
1b,D4-hetero,0.35,39,D4-hetero_e35_r039,ESF12alone,0.905940594059406,0.32666666666666666,0.07465369906276464
1b,D4-hetero,0.35,39,D4-hetero_e35_r039,ESF12,0.905940594059406,,
1b,D4-hetero,0.35,39,D4-hetero_e35_r039,Alg2_Rs20,0.905940594059406,,
1b,D4-hetero,0.35,39,D4-hetero_e35_r039,Alg2_Ru10,0.905940594059406,,
1b,D4-hetero,0.35,39,D4-hetero_e35_r039,TCRlong(0.40)+rw+A2_Rs20,0.9108910891089109,,
1b,D4-hetero,0.35,39,D4-hetero_e35_r039,TCRlong(0.40)+rw+A2_Ru10,0.9108910891089109,,
1b,D5-leverage,0.25,39,D5-leverage_e25_r039,ESF12alone,0.5042735042735043,0.08333333333333333,0.06972396606579423
1b,D5-leverage,0.25,39,D5-leverage_e25_r039,ESF12,0.5042735042735043,,
1b,D5-leverage,0.25,39,D5-leverage_e25_r039,Alg2_Rs20,0.5085470085470085,,
1b,D5-leverage,0.25,39,D5-leverage_e25_r039,Alg2_Ru10,0.5085470085470085,,
1b,D5-leverage,0.25,39,D5-leverage_e25_r039,TCRlong(0.40)+rw+A2_Rs20,0.9316239316239316,,
1b,D5-leverage,0.25,39,D5-leverage_e25_r039,TCRlong(0.40)+rw+A2_Ru10,0.9316239316239316,,
1b,D5-leverage,0.3,39,D5-leverage_e30_r039,ESF12alone,0.5357142857142857,0.09666666666666666,0.07073717191815376
1b,D5-leverage,0.3,39,D5-leverage_e30_r039,ESF12,0.5357142857142857,,
1b,D5-leverage,0.3,39,D5-leverage_e30_r039,Alg2_Rs20,0.5306122448979592,,
1b,D5-leverage,0.3,39,D5-leverage_e30_r039,Alg2_Ru10,0.5306122448979592,,
1b,D5-leverage,0.3,39,D5-leverage_e30_r039,TCRlong(0.40)+rw+A2_Rs20,0.5306122448979592,,
1b,D5-leverage,0.3,39,D5-leverage_e30_r039,TCRlong(0.40)+rw+A2_Ru10,0.5306122448979592,,
1b,D5-leverage,0.35,39,D5-leverage_e35_r039,ESF12alone,0.5024875621890548,0.04,0.06903504196088761
1b,D5-leverage,0.35,39,D5-leverage_e35_r039,ESF12,0.5024875621890548,,
1b,D5-leverage,0.35,39,D5-leverage_e35_r039,Alg2_Rs20,0.5024875621890548,,
1b,D5-leverage,0.35,39,D5-leverage_e35_r039,Alg2_Ru10,0.5024875621890548,,
1b,D5-leverage,0.35,39,D5-leverage_e35_r039,TCRlong(0.40)+rw+A2_Rs20,0.8855721393034826,,
1b,D5-leverage,0.35,39,D5-leverage_e35_r039,TCRlong(0.40)+rw+A2_Ru10,0.8855721393034826,,
1b,D6-uniform,0.25,39,D6-uniform_e25_r039,ESF12alone,0.8888888888888888,0.13666666666666666,0.07462902495171875
1b,D6-uniform,0.25,39,D6-uniform_e25_r039,ESF12,0.8888888888888888,,
1b,D6-uniform,0.25,39,D6-uniform_e25_r039,Alg2_Rs20,0.88,,
1b,D6-uniform,0.25,39,D6-uniform_e25_r039,Alg2_Ru10,0.5466666666666666,,
1b,D6-uniform,0.25,39,D6-uniform_e25_r039,TCRlong(0.40)+rw+A2_Rs20,0.8888888888888888,,
1b,D6-uniform,0.25,39,D6-uniform_e25_r039,TCRlong(0.40)+rw+A2_Ru10,0.5466666666666666,,
1b,D6-uniform,0.3,39,D6-uniform_e30_r039,ESF12alone,0.5282051282051282,0.0,0.07379357307218015
1b,D6-uniform,0.3,39,D6-uniform_e30_r039,ESF12,0.5282051282051282,,
1b,D6-uniform,0.3,39,D6-uniform_e30_r039,Alg2_Rs20,0.5282051282051282,,
1b,D6-uniform,0.3,39,D6-uniform_e30_r039,Alg2_Ru10,0.5282051282051282,,
1b,D6-uniform,0.3,39,D6-uniform_e30_r039,TCRlong(0.40)+rw+A2_Rs20,0.5333333333333333,,
1b,D6-uniform,0.3,39,D6-uniform_e30_r039,TCRlong(0.40)+rw+A2_Ru10,0.5333333333333333,,
1b,D6-uniform,0.35,39,D6-uniform_e35_r039,ESF12alone,0.5103092783505154,0.0,0.07134568993933499
1b,D6-uniform,0.35,39,D6-uniform_e35_r039,ESF12,0.5103092783505154,,
1b,D6-uniform,0.35,39,D6-uniform_e35_r039,Alg2_Rs20,0.5103092783505154,,
1b,D6-uniform,0.35,39,D6-uniform_e35_r039,Alg2_Ru10,0.5103092783505154,,
1b,D6-uniform,0.35,39,D6-uniform_e35_r039,TCRlong(0.40)+rw+A2_Rs20,0.5051546391752577,,
1b,D6-uniform,0.35,39,D6-uniform_e35_r039,TCRlong(0.40)+rw+A2_Ru10,0.5051546391752577,,
1b,D7-p3,0.25,39,D7-p3_e25_r039,ESF12alone,0.9433962264150944,0.34,1.7650911830132827
1b,D7-p3,0.25,39,D7-p3_e25_r039,ESF12,0.9433962264150944,,
1b,D7-p3,0.25,39,D7-p3_e25_r039,Alg2_Rs20,0.9433962264150944,,
1b,D7-p3,0.25,39,D7-p3_e25_r039,Alg2_Ru10,0.9433962264150944,,
1b,D7-p3,0.25,39,D7-p3_e25_r039,TCRlong(0.40)+rw+A2_Rs20,0.9433962264150944,,
1b,D7-p3,0.25,39,D7-p3_e25_r039,TCRlong(0.40)+rw+A2_Ru10,0.9433962264150944,,
1b,D7-p3,0.3,39,D7-p3_e30_r039,ESF12alone,0.9004524886877828,0.2633333333333333,1.6963959350250661
1b,D7-p3,0.3,39,D7-p3_e30_r039,ESF12,0.9004524886877828,,
1b,D7-p3,0.3,39,D7-p3_e30_r039,Alg2_Rs20,0.9004524886877828,,
1b,D7-p3,0.3,39,D7-p3_e30_r039,Alg2_Ru10,0.9004524886877828,,
1b,D7-p3,0.3,39,D7-p3_e30_r039,TCRlong(0.40)+rw+A2_Rs20,0.8823529411764706,,
1b,D7-p3,0.3,39,D7-p3_e30_r039,TCRlong(0.40)+rw+A2_Ru10,0.8823529411764706,,
1b,D7-p3,0.35,39,D7-p3_e35_r039,ESF12alone,0.9104477611940298,0.34,1.830032613943331
1b,D7-p3,0.35,39,D7-p3_e35_r039,ESF12,0.9104477611940298,,
1b,D7-p3,0.35,39,D7-p3_e35_r039,Alg2_Rs20,0.9253731343283582,,
1b,D7-p3,0.35,39,D7-p3_e35_r039,Alg2_Ru10,0.9253731343283582,,
1b,D7-p3,0.35,39,D7-p3_e35_r039,TCRlong(0.40)+rw+A2_Rs20,0.9104477611940298,,
1b,D7-p3,0.35,39,D7-p3_e35_r039,TCRlong(0.40)+rw+A2_Ru10,0.9104477611940298,,
1b,D8-K2par-sep,0.25,39,D8-K2par-sep_e25_r039,ESF12alone,1.0,0.2833333333333333,0.06926626700442284
1b,D8-K2par-sep,0.25,39,D8-K2par-sep_e25_r039,ESF12,1.0,,
1b,D8-K2par-sep,0.25,39,D8-K2par-sep_e25_r039,Alg2_Rs20,1.0,,
1b,D8-K2par-sep,0.25,39,D8-K2par-sep_e25_r039,Alg2_Ru10,1.0,,
1b,D8-K2par-sep,0.25,39,D8-K2par-sep_e25_r039,TCRlong(0.40)+rw+A2_Rs20,1.0,,
1b,D8-K2par-sep,0.25,39,D8-K2par-sep_e25_r039,TCRlong(0.40)+rw+A2_Ru10,1.0,,
1b,D8-K2par-sep,0.3,39,D8-K2par-sep_e30_r039,ESF12alone,0.9951219512195122,0.31666666666666665,0.07541087293066084
1b,D8-K2par-sep,0.3,39,D8-K2par-sep_e30_r039,ESF12,0.9951219512195122,,
1b,D8-K2par-sep,0.3,39,D8-K2par-sep_e30_r039,Alg2_Rs20,1.0,,
1b,D8-K2par-sep,0.3,39,D8-K2par-sep_e30_r039,Alg2_Ru10,1.0,,
1b,D8-K2par-sep,0.3,39,D8-K2par-sep_e30_r039,TCRlong(0.40)+rw+A2_Rs20,0.9951219512195122,,
1b,D8-K2par-sep,0.3,39,D8-K2par-sep_e30_r039,TCRlong(0.40)+rw+A2_Ru10,0.9951219512195122,,
1b,D8-K2par-sep,0.35,39,D8-K2par-sep_e35_r039,ESF12alone,1.0,0.36,0.07067723700311035
1b,D8-K2par-sep,0.35,39,D8-K2par-sep_e35_r039,ESF12,1.0,,
1b,D8-K2par-sep,0.35,39,D8-K2par-sep_e35_r039,Alg2_Rs20,1.0,,
1b,D8-K2par-sep,0.35,39,D8-K2par-sep_e35_r039,Alg2_Ru10,1.0,,
1b,D8-K2par-sep,0.35,39,D8-K2par-sep_e35_r039,TCRlong(0.40)+rw+A2_Rs20,1.0,,
1b,D8-K2par-sep,0.35,39,D8-K2par-sep_e35_r039,TCRlong(0.40)+rw+A2_Ru10,1.0,,
1b,D1-K2cross,0.25,40,D1-K2cross_e25_r040,ESF12alone,0.9030837004405287,0.24333333333333335,0.08324277400970459
1b,D1-K2cross,0.25,40,D1-K2cross_e25_r040,ESF12,0.9030837004405287,,
1b,D1-K2cross,0.25,40,D1-K2cross_e25_r040,Alg2_Rs20,0.9074889867841409,,
1b,D1-K2cross,0.25,40,D1-K2cross_e25_r040,Alg2_Ru10,0.9074889867841409,,
1b,D1-K2cross,0.25,40,D1-K2cross_e25_r040,TCRlong(0.40)+rw+A2_Rs20,0.9074889867841409,,
1b,D1-K2cross,0.25,40,D1-K2cross_e25_r040,TCRlong(0.40)+rw+A2_Ru10,0.9074889867841409,,
1b,D1-K2cross,0.3,40,D1-K2cross_e30_r040,ESF12alone,0.9182692307692307,0.30666666666666664,0.08078904310241342
1b,D1-K2cross,0.3,40,D1-K2cross_e30_r040,ESF12,0.9182692307692307,,
1b,D1-K2cross,0.3,40,D1-K2cross_e30_r040,Alg2_Rs20,0.9182692307692307,,
1b,D1-K2cross,0.3,40,D1-K2cross_e30_r040,Alg2_Ru10,0.9182692307692307,,
1b,D1-K2cross,0.3,40,D1-K2cross_e30_r040,TCRlong(0.40)+rw+A2_Rs20,0.9182692307692307,,
1b,D1-K2cross,0.3,40,D1-K2cross_e30_r040,TCRlong(0.40)+rw+A2_Ru10,0.9182692307692307,,
1b,D1-K2cross,0.35,40,D1-K2cross_e35_r040,ESF12alone,0.9203980099502488,0.33,0.08150015398859978
1b,D1-K2cross,0.35,40,D1-K2cross_e35_r040,ESF12,0.9203980099502488,,
1b,D1-K2cross,0.35,40,D1-K2cross_e35_r040,Alg2_Rs20,0.9203980099502488,,
1b,D1-K2cross,0.35,40,D1-K2cross_e35_r040,Alg2_Ru10,0.9203980099502488,,
1b,D1-K2cross,0.35,40,D1-K2cross_e35_r040,TCRlong(0.40)+rw+A2_Rs20,0.9203980099502488,,
1b,D1-K2cross,0.35,40,D1-K2cross_e35_r040,TCRlong(0.40)+rw+A2_Ru10,0.9203980099502488,,
1b,D2-K3par,0.25,40,D2-K3par_e25_r040,ESF12alone,0.9035087719298246,0.24,0.3249492379836738
1b,D2-K3par,0.25,40,D2-K3par_e25_r040,ESF12,0.9035087719298246,,
1b,D2-K3par,0.25,40,D2-K3par_e25_r040,Alg2_Rs20,0.8947368421052632,,
1b,D2-K3par,0.25,40,D2-K3par_e25_r040,Alg2_Ru10,0.8947368421052632,,
1b,D2-K3par,0.25,40,D2-K3par_e25_r040,TCRlong(0.40)+rw+A2_Rs20,0.8947368421052632,,
1b,D2-K3par,0.25,40,D2-K3par_e25_r040,TCRlong(0.40)+rw+A2_Ru10,0.8947368421052632,,
1b,D2-K3par,0.3,40,D2-K3par_e30_r040,ESF12alone,0.9245283018867925,0.29333333333333333,0.3155379219679162
1b,D2-K3par,0.3,40,D2-K3par_e30_r040,ESF12,0.9245283018867925,,
1b,D2-K3par,0.3,40,D2-K3par_e30_r040,Alg2_Rs20,0.9245283018867925,,
1b,D2-K3par,0.3,40,D2-K3par_e30_r040,Alg2_Ru10,0.9245283018867925,,
1b,D2-K3par,0.3,40,D2-K3par_e30_r040,TCRlong(0.40)+rw+A2_Rs20,0.9292452830188679,,
1b,D2-K3par,0.3,40,D2-K3par_e30_r040,TCRlong(0.40)+rw+A2_Ru10,0.9292452830188679,,
1b,D2-K3par,0.35,40,D2-K3par_e35_r040,ESF12alone,0.3802083333333333,0.0,0.4163904490415007
1b,D2-K3par,0.35,40,D2-K3par_e35_r040,ESF12,0.3802083333333333,,
1b,D2-K3par,0.35,40,D2-K3par_e35_r040,Alg2_Rs20,0.9114583333333334,,
1b,D2-K3par,0.35,40,D2-K3par_e35_r040,Alg2_Ru10,0.9114583333333334,,
1b,D2-K3par,0.35,40,D2-K3par_e35_r040,TCRlong(0.40)+rw+A2_Rs20,0.65625,,
1b,D2-K3par,0.35,40,D2-K3par_e35_r040,TCRlong(0.40)+rw+A2_Ru10,0.65625,,
1b,D3-unequal,0.25,40,D3-unequal_e25_r040,ESF12alone,0.9391304347826087,0.23666666666666666,0.1036121369106695
1b,D3-unequal,0.25,40,D3-unequal_e25_r040,ESF12,0.9391304347826087,,
1b,D3-unequal,0.25,40,D3-unequal_e25_r040,Alg2_Rs20,0.9391304347826087,,
1b,D3-unequal,0.25,40,D3-unequal_e25_r040,Alg2_Ru10,0.9391304347826087,,
1b,D3-unequal,0.25,40,D3-unequal_e25_r040,TCRlong(0.40)+rw+A2_Rs20,0.9391304347826087,,
1b,D3-unequal,0.25,40,D3-unequal_e25_r040,TCRlong(0.40)+rw+A2_Ru10,0.9391304347826087,,
1b,D3-unequal,0.3,40,D3-unequal_e30_r040,ESF12alone,0.9351851851851852,0.2866666666666667,0.08363711996935308
1b,D3-unequal,0.3,40,D3-unequal_e30_r040,ESF12,0.9351851851851852,,
1b,D3-unequal,0.3,40,D3-unequal_e30_r040,Alg2_Rs20,0.9351851851851852,,
1b,D3-unequal,0.3,40,D3-unequal_e30_r040,Alg2_Ru10,0.9351851851851852,,
1b,D3-unequal,0.3,40,D3-unequal_e30_r040,TCRlong(0.40)+rw+A2_Rs20,0.9351851851851852,,
1b,D3-unequal,0.3,40,D3-unequal_e30_r040,TCRlong(0.40)+rw+A2_Ru10,0.9351851851851852,,
1b,D3-unequal,0.35,40,D3-unequal_e35_r040,ESF12alone,0.8967391304347826,0.38666666666666666,0.07920459506567568
1b,D3-unequal,0.35,40,D3-unequal_e35_r040,ESF12,0.8967391304347826,,
1b,D3-unequal,0.35,40,D3-unequal_e35_r040,Alg2_Rs20,0.532608695652174,,
1b,D3-unequal,0.35,40,D3-unequal_e35_r040,Alg2_Ru10,0.532608695652174,,
1b,D3-unequal,0.35,40,D3-unequal_e35_r040,TCRlong(0.40)+rw+A2_Rs20,0.8967391304347826,,
1b,D3-unequal,0.35,40,D3-unequal_e35_r040,TCRlong(0.40)+rw+A2_Ru10,0.8967391304347826,,
1b,D4-hetero,0.25,40,D4-hetero_e25_r040,ESF12alone,0.9043478260869565,0.24666666666666667,0.0736159150255844
1b,D4-hetero,0.25,40,D4-hetero_e25_r040,ESF12,0.9043478260869565,,
1b,D4-hetero,0.25,40,D4-hetero_e25_r040,Alg2_Rs20,0.9043478260869565,,
1b,D4-hetero,0.25,40,D4-hetero_e25_r040,Alg2_Ru10,0.9043478260869565,,
1b,D4-hetero,0.25,40,D4-hetero_e25_r040,TCRlong(0.40)+rw+A2_Rs20,0.9,,
1b,D4-hetero,0.25,40,D4-hetero_e25_r040,TCRlong(0.40)+rw+A2_Ru10,0.9,,
1b,D4-hetero,0.3,40,D4-hetero_e30_r040,ESF12alone,0.8925233644859814,0.29,0.07403732801321894
1b,D4-hetero,0.3,40,D4-hetero_e30_r040,ESF12,0.8925233644859814,,
1b,D4-hetero,0.3,40,D4-hetero_e30_r040,Alg2_Rs20,0.8925233644859814,,
1b,D4-hetero,0.3,40,D4-hetero_e30_r040,Alg2_Ru10,0.8925233644859814,,
1b,D4-hetero,0.3,40,D4-hetero_e30_r040,TCRlong(0.40)+rw+A2_Rs20,0.8878504672897196,,
1b,D4-hetero,0.3,40,D4-hetero_e30_r040,TCRlong(0.40)+rw+A2_Ru10,0.8878504672897196,,
1b,D4-hetero,0.35,40,D4-hetero_e35_r040,ESF12alone,0.8783068783068783,0.37,0.07652601797599345
1b,D4-hetero,0.35,40,D4-hetero_e35_r040,ESF12,0.8783068783068783,,
1b,D4-hetero,0.35,40,D4-hetero_e35_r040,Alg2_Rs20,0.8783068783068783,,
1b,D4-hetero,0.35,40,D4-hetero_e35_r040,Alg2_Ru10,0.8783068783068783,,
1b,D4-hetero,0.35,40,D4-hetero_e35_r040,TCRlong(0.40)+rw+A2_Rs20,0.8783068783068783,,
1b,D4-hetero,0.35,40,D4-hetero_e35_r040,TCRlong(0.40)+rw+A2_Ru10,0.8783068783068783,,
1b,D5-leverage,0.25,40,D5-leverage_e25_r040,ESF12alone,0.8907563025210085,0.20666666666666667,0.071621551993303
1b,D5-leverage,0.25,40,D5-leverage_e25_r040,ESF12,0.8907563025210085,,
1b,D5-leverage,0.25,40,D5-leverage_e25_r040,Alg2_Rs20,0.8865546218487395,,
1b,D5-leverage,0.25,40,D5-leverage_e25_r040,Alg2_Ru10,0.8865546218487395,,
1b,D5-leverage,0.25,40,D5-leverage_e25_r040,TCRlong(0.40)+rw+A2_Rs20,0.5126050420168067,,
1b,D5-leverage,0.25,40,D5-leverage_e25_r040,TCRlong(0.40)+rw+A2_Ru10,0.5126050420168067,,
1b,D5-leverage,0.3,40,D5-leverage_e30_r040,ESF12alone,0.5162790697674419,0.013333333333333334,0.07613067002967
1b,D5-leverage,0.3,40,D5-leverage_e30_r040,ESF12,0.5162790697674419,,
1b,D5-leverage,0.3,40,D5-leverage_e30_r040,Alg2_Rs20,0.5209302325581395,,
1b,D5-leverage,0.3,40,D5-leverage_e30_r040,Alg2_Ru10,0.5209302325581395,,
1b,D5-leverage,0.3,40,D5-leverage_e30_r040,TCRlong(0.40)+rw+A2_Rs20,0.8790697674418605,,
1b,D5-leverage,0.3,40,D5-leverage_e30_r040,TCRlong(0.40)+rw+A2_Ru10,0.8790697674418605,,
1b,D5-leverage,0.35,40,D5-leverage_e35_r040,ESF12alone,0.56,0.006666666666666667,0.07594695396255702
1b,D5-leverage,0.35,40,D5-leverage_e35_r040,ESF12,0.56,,
1b,D5-leverage,0.35,40,D5-leverage_e35_r040,Alg2_Rs20,0.56,,
1b,D5-leverage,0.35,40,D5-leverage_e35_r040,Alg2_Ru10,0.56,,
1b,D5-leverage,0.35,40,D5-leverage_e35_r040,TCRlong(0.40)+rw+A2_Rs20,0.55,,
1b,D5-leverage,0.35,40,D5-leverage_e35_r040,TCRlong(0.40)+rw+A2_Ru10,0.55,,
1b,D6-uniform,0.25,40,D6-uniform_e25_r040,ESF12alone,0.5674418604651162,0.006666666666666667,0.08152439899276942
1b,D6-uniform,0.25,40,D6-uniform_e25_r040,ESF12,0.5674418604651162,,
1b,D6-uniform,0.25,40,D6-uniform_e25_r040,Alg2_Rs20,0.5674418604651162,,
1b,D6-uniform,0.25,40,D6-uniform_e25_r040,Alg2_Ru10,0.5674418604651162,,
1b,D6-uniform,0.25,40,D6-uniform_e25_r040,TCRlong(0.40)+rw+A2_Rs20,0.9255813953488372,,
1b,D6-uniform,0.25,40,D6-uniform_e25_r040,TCRlong(0.40)+rw+A2_Ru10,0.9255813953488372,,
1b,D6-uniform,0.3,40,D6-uniform_e30_r040,ESF12alone,0.9090909090909091,0.2,0.07774350303225219
1b,D6-uniform,0.3,40,D6-uniform_e30_r040,ESF12,0.9090909090909091,,
1b,D6-uniform,0.3,40,D6-uniform_e30_r040,Alg2_Rs20,0.9043062200956937,,
1b,D6-uniform,0.3,40,D6-uniform_e30_r040,Alg2_Ru10,0.9043062200956937,,
1b,D6-uniform,0.3,40,D6-uniform_e30_r040,TCRlong(0.40)+rw+A2_Rs20,0.9043062200956937,,
1b,D6-uniform,0.3,40,D6-uniform_e30_r040,TCRlong(0.40)+rw+A2_Ru10,0.9043062200956937,,
1b,D6-uniform,0.35,40,D6-uniform_e35_r040,ESF12alone,0.9024390243902439,0.16,0.08008051698561758
1b,D6-uniform,0.35,40,D6-uniform_e35_r040,ESF12,0.9024390243902439,,
1b,D6-uniform,0.35,40,D6-uniform_e35_r040,Alg2_Rs20,0.5414634146341464,,
1b,D6-uniform,0.35,40,D6-uniform_e35_r040,Alg2_Ru10,0.5414634146341464,,
1b,D6-uniform,0.35,40,D6-uniform_e35_r040,TCRlong(0.40)+rw+A2_Rs20,0.9073170731707317,,
1b,D6-uniform,0.35,40,D6-uniform_e35_r040,TCRlong(0.40)+rw+A2_Ru10,0.9073170731707317,,
1b,D7-p3,0.25,40,D7-p3_e25_r040,ESF12alone,0.9244444444444444,0.25,1.98862427205313
1b,D7-p3,0.25,40,D7-p3_e25_r040,ESF12,0.9244444444444444,,
1b,D7-p3,0.25,40,D7-p3_e25_r040,Alg2_Rs20,0.9244444444444444,,
1b,D7-p3,0.25,40,D7-p3_e25_r040,Alg2_Ru10,0.9244444444444444,,
1b,D7-p3,0.25,40,D7-p3_e25_r040,TCRlong(0.40)+rw+A2_Rs20,0.9244444444444444,,
1b,D7-p3,0.25,40,D7-p3_e25_r040,TCRlong(0.40)+rw+A2_Ru10,0.9244444444444444,,
1b,D7-p3,0.3,40,D7-p3_e30_r040,ESF12alone,0.9150943396226415,0.29333333333333333,1.799814420985058
1b,D7-p3,0.3,40,D7-p3_e30_r040,ESF12,0.9150943396226415,,
1b,D7-p3,0.3,40,D7-p3_e30_r040,Alg2_Rs20,0.9150943396226415,,
1b,D7-p3,0.3,40,D7-p3_e30_r040,Alg2_Ru10,0.9150943396226415,,
1b,D7-p3,0.3,40,D7-p3_e30_r040,TCRlong(0.40)+rw+A2_Rs20,0.9150943396226415,,
1b,D7-p3,0.3,40,D7-p3_e30_r040,TCRlong(0.40)+rw+A2_Ru10,0.9150943396226415,,
1b,D7-p3,0.35,40,D7-p3_e35_r040,ESF12alone,0.8941798941798942,0.37333333333333335,1.9015870760194957
1b,D7-p3,0.35,40,D7-p3_e35_r040,ESF12,0.8941798941798942,,
1b,D7-p3,0.35,40,D7-p3_e35_r040,Alg2_Rs20,0.8994708994708994,,
1b,D7-p3,0.35,40,D7-p3_e35_r040,Alg2_Ru10,0.8994708994708994,,
1b,D7-p3,0.35,40,D7-p3_e35_r040,TCRlong(0.40)+rw+A2_Rs20,0.8994708994708994,,
1b,D7-p3,0.35,40,D7-p3_e35_r040,TCRlong(0.40)+rw+A2_Ru10,0.8994708994708994,,
1b,D8-K2par-sep,0.25,40,D8-K2par-sep_e25_r040,ESF12alone,1.0,0.27,0.08269485097844154
1b,D8-K2par-sep,0.25,40,D8-K2par-sep_e25_r040,ESF12,1.0,,
1b,D8-K2par-sep,0.25,40,D8-K2par-sep_e25_r040,Alg2_Rs20,1.0,,
1b,D8-K2par-sep,0.25,40,D8-K2par-sep_e25_r040,Alg2_Ru10,1.0,,
1b,D8-K2par-sep,0.25,40,D8-K2par-sep_e25_r040,TCRlong(0.40)+rw+A2_Rs20,1.0,,
1b,D8-K2par-sep,0.25,40,D8-K2par-sep_e25_r040,TCRlong(0.40)+rw+A2_Ru10,1.0,,
1b,D8-K2par-sep,0.3,40,D8-K2par-sep_e30_r040,ESF12alone,1.0,0.27666666666666667,0.07505359000060707
1b,D8-K2par-sep,0.3,40,D8-K2par-sep_e30_r040,ESF12,1.0,,
1b,D8-K2par-sep,0.3,40,D8-K2par-sep_e30_r040,Alg2_Rs20,1.0,,
1b,D8-K2par-sep,0.3,40,D8-K2par-sep_e30_r040,Alg2_Ru10,1.0,,
1b,D8-K2par-sep,0.3,40,D8-K2par-sep_e30_r040,TCRlong(0.40)+rw+A2_Rs20,1.0,,
1b,D8-K2par-sep,0.3,40,D8-K2par-sep_e30_r040,TCRlong(0.40)+rw+A2_Ru10,1.0,,
1b,D8-K2par-sep,0.35,40,D8-K2par-sep_e35_r040,ESF12alone,1.0,0.33,0.09321916103363037
1b,D8-K2par-sep,0.35,40,D8-K2par-sep_e35_r040,ESF12,1.0,,
1b,D8-K2par-sep,0.35,40,D8-K2par-sep_e35_r040,Alg2_Rs20,1.0,,
1b,D8-K2par-sep,0.35,40,D8-K2par-sep_e35_r040,Alg2_Ru10,1.0,,
1b,D8-K2par-sep,0.35,40,D8-K2par-sep_e35_r040,TCRlong(0.40)+rw+A2_Rs20,1.0,,
1b,D8-K2par-sep,0.35,40,D8-K2par-sep_e35_r040,TCRlong(0.40)+rw+A2_Ru10,1.0,,
1b,D1-K2cross,0.25,41,D1-K2cross_e25_r041,ESF12alone,0.9151785714285714,0.25333333333333335,0.08477151102852076
1b,D1-K2cross,0.25,41,D1-K2cross_e25_r041,ESF12,0.9151785714285714,,
1b,D1-K2cross,0.25,41,D1-K2cross_e25_r041,Alg2_Rs20,0.9151785714285714,,
1b,D1-K2cross,0.25,41,D1-K2cross_e25_r041,Alg2_Ru10,0.9151785714285714,,
1b,D1-K2cross,0.25,41,D1-K2cross_e25_r041,TCRlong(0.40)+rw+A2_Rs20,0.9151785714285714,,
1b,D1-K2cross,0.25,41,D1-K2cross_e25_r041,TCRlong(0.40)+rw+A2_Ru10,0.9151785714285714,,
1b,D1-K2cross,0.3,41,D1-K2cross_e30_r041,ESF12alone,0.9174757281553398,0.31333333333333335,0.08457400696352124
1b,D1-K2cross,0.3,41,D1-K2cross_e30_r041,ESF12,0.9174757281553398,,
1b,D1-K2cross,0.3,41,D1-K2cross_e30_r041,Alg2_Rs20,0.9174757281553398,,
1b,D1-K2cross,0.3,41,D1-K2cross_e30_r041,Alg2_Ru10,0.9174757281553398,,
1b,D1-K2cross,0.3,41,D1-K2cross_e30_r041,TCRlong(0.40)+rw+A2_Rs20,0.9174757281553398,,
1b,D1-K2cross,0.3,41,D1-K2cross_e30_r041,TCRlong(0.40)+rw+A2_Ru10,0.9174757281553398,,
1b,D1-K2cross,0.35,41,D1-K2cross_e35_r041,ESF12alone,0.9222797927461139,0.3566666666666667,0.0757713089697063
1b,D1-K2cross,0.35,41,D1-K2cross_e35_r041,ESF12,0.9222797927461139,,
1b,D1-K2cross,0.35,41,D1-K2cross_e35_r041,Alg2_Rs20,0.9222797927461139,,
1b,D1-K2cross,0.35,41,D1-K2cross_e35_r041,Alg2_Ru10,0.9222797927461139,,
1b,D1-K2cross,0.35,41,D1-K2cross_e35_r041,TCRlong(0.40)+rw+A2_Rs20,0.9222797927461139,,
1b,D1-K2cross,0.35,41,D1-K2cross_e35_r041,TCRlong(0.40)+rw+A2_Ru10,0.9222797927461139,,
1b,D2-K3par,0.25,41,D2-K3par_e25_r041,ESF12alone,0.9045454545454545,0.26666666666666666,0.29678918595891446
1b,D2-K3par,0.25,41,D2-K3par_e25_r041,ESF12,0.9045454545454545,,
1b,D2-K3par,0.25,41,D2-K3par_e25_r041,Alg2_Rs20,0.9136363636363637,,
1b,D2-K3par,0.25,41,D2-K3par_e25_r041,Alg2_Ru10,0.9136363636363637,,
1b,D2-K3par,0.25,41,D2-K3par_e25_r041,TCRlong(0.40)+rw+A2_Rs20,0.9045454545454545,,
1b,D2-K3par,0.25,41,D2-K3par_e25_r041,TCRlong(0.40)+rw+A2_Ru10,0.9045454545454545,,
1b,D2-K3par,0.3,41,D2-K3par_e30_r041,ESF12alone,0.9181818181818182,0.26666666666666666,0.29850824596360326
1b,D2-K3par,0.3,41,D2-K3par_e30_r041,ESF12,0.9181818181818182,,
1b,D2-K3par,0.3,41,D2-K3par_e30_r041,Alg2_Rs20,0.9181818181818182,,
1b,D2-K3par,0.3,41,D2-K3par_e30_r041,Alg2_Ru10,0.9181818181818182,,
1b,D2-K3par,0.3,41,D2-K3par_e30_r041,TCRlong(0.40)+rw+A2_Rs20,0.9181818181818182,,
1b,D2-K3par,0.3,41,D2-K3par_e30_r041,TCRlong(0.40)+rw+A2_Ru10,0.9181818181818182,,
1b,D2-K3par,0.35,41,D2-K3par_e35_r041,ESF12alone,0.34574468085106386,0.0,0.39681976404972374
1b,D2-K3par,0.35,41,D2-K3par_e35_r041,ESF12,0.34574468085106386,,
1b,D2-K3par,0.35,41,D2-K3par_e35_r041,Alg2_Rs20,0.675531914893617,,
1b,D2-K3par,0.35,41,D2-K3par_e35_r041,Alg2_Ru10,0.675531914893617,,
1b,D2-K3par,0.35,41,D2-K3par_e35_r041,TCRlong(0.40)+rw+A2_Rs20,0.9308510638297872,,
1b,D2-K3par,0.35,41,D2-K3par_e35_r041,TCRlong(0.40)+rw+A2_Ru10,0.9308510638297872,,
1b,D3-unequal,0.25,41,D3-unequal_e25_r041,ESF12alone,0.941908713692946,0.19666666666666666,0.08483672805596143
1b,D3-unequal,0.25,41,D3-unequal_e25_r041,ESF12,0.941908713692946,,
1b,D3-unequal,0.25,41,D3-unequal_e25_r041,Alg2_Rs20,0.941908713692946,,
1b,D3-unequal,0.25,41,D3-unequal_e25_r041,Alg2_Ru10,0.941908713692946,,
1b,D3-unequal,0.25,41,D3-unequal_e25_r041,TCRlong(0.40)+rw+A2_Rs20,0.941908713692946,,
1b,D3-unequal,0.25,41,D3-unequal_e25_r041,TCRlong(0.40)+rw+A2_Ru10,0.941908713692946,,
1b,D3-unequal,0.3,41,D3-unequal_e30_r041,ESF12alone,0.8995215311004785,0.30333333333333334,0.09050754900090396
1b,D3-unequal,0.3,41,D3-unequal_e30_r041,ESF12,0.8995215311004785,,
1b,D3-unequal,0.3,41,D3-unequal_e30_r041,Alg2_Rs20,0.8899521531100478,,
1b,D3-unequal,0.3,41,D3-unequal_e30_r041,Alg2_Ru10,0.8899521531100478,,
1b,D3-unequal,0.3,41,D3-unequal_e30_r041,TCRlong(0.40)+rw+A2_Rs20,0.8995215311004785,,
1b,D3-unequal,0.3,41,D3-unequal_e30_r041,TCRlong(0.40)+rw+A2_Ru10,0.8995215311004785,,
1b,D3-unequal,0.35,41,D3-unequal_e35_r041,ESF12alone,0.7157894736842105,0.17666666666666667,0.08901574101764709
1b,D3-unequal,0.35,41,D3-unequal_e35_r041,ESF12,0.7157894736842105,,
1b,D3-unequal,0.35,41,D3-unequal_e35_r041,Alg2_Rs20,0.7157894736842105,,
1b,D3-unequal,0.35,41,D3-unequal_e35_r041,Alg2_Ru10,0.7157894736842105,,
1b,D3-unequal,0.35,41,D3-unequal_e35_r041,TCRlong(0.40)+rw+A2_Rs20,0.7052631578947368,,
1b,D3-unequal,0.35,41,D3-unequal_e35_r041,TCRlong(0.40)+rw+A2_Ru10,0.7052631578947368,,
1b,D4-hetero,0.25,41,D4-hetero_e25_r041,ESF12alone,0.9106382978723404,0.22333333333333333,0.09427544998470694
1b,D4-hetero,0.25,41,D4-hetero_e25_r041,ESF12,0.9106382978723404,,
1b,D4-hetero,0.25,41,D4-hetero_e25_r041,Alg2_Rs20,0.9106382978723404,,
1b,D4-hetero,0.25,41,D4-hetero_e25_r041,Alg2_Ru10,0.9106382978723404,,
1b,D4-hetero,0.25,41,D4-hetero_e25_r041,TCRlong(0.40)+rw+A2_Rs20,0.9106382978723404,,
1b,D4-hetero,0.25,41,D4-hetero_e25_r041,TCRlong(0.40)+rw+A2_Ru10,0.9106382978723404,,
1b,D4-hetero,0.3,41,D4-hetero_e30_r041,ESF12alone,0.9323671497584541,0.31,0.0901645760750398
1b,D4-hetero,0.3,41,D4-hetero_e30_r041,ESF12,0.9323671497584541,,
1b,D4-hetero,0.3,41,D4-hetero_e30_r041,Alg2_Rs20,0.9323671497584541,,
1b,D4-hetero,0.3,41,D4-hetero_e30_r041,Alg2_Ru10,0.9323671497584541,,
1b,D4-hetero,0.3,41,D4-hetero_e30_r041,TCRlong(0.40)+rw+A2_Rs20,0.9371980676328503,,
1b,D4-hetero,0.3,41,D4-hetero_e30_r041,TCRlong(0.40)+rw+A2_Ru10,0.9371980676328503,,
1b,D4-hetero,0.35,41,D4-hetero_e35_r041,ESF12alone,0.9119170984455959,0.3566666666666667,0.08535123604815453
1b,D4-hetero,0.35,41,D4-hetero_e35_r041,ESF12,0.9119170984455959,,
1b,D4-hetero,0.35,41,D4-hetero_e35_r041,Alg2_Rs20,0.9119170984455959,,
1b,D4-hetero,0.35,41,D4-hetero_e35_r041,Alg2_Ru10,0.9119170984455959,,
1b,D4-hetero,0.35,41,D4-hetero_e35_r041,TCRlong(0.40)+rw+A2_Rs20,0.9119170984455959,,
1b,D4-hetero,0.35,41,D4-hetero_e35_r041,TCRlong(0.40)+rw+A2_Ru10,0.9119170984455959,,
1b,D5-leverage,0.25,41,D5-leverage_e25_r041,ESF12alone,0.5454545454545454,0.08,0.08336765703279525
1b,D5-leverage,0.25,41,D5-leverage_e25_r041,ESF12,0.5454545454545454,,
1b,D5-leverage,0.25,41,D5-leverage_e25_r041,Alg2_Rs20,0.5454545454545454,,
1b,D5-leverage,0.25,41,D5-leverage_e25_r041,Alg2_Ru10,0.5454545454545454,,
1b,D5-leverage,0.25,41,D5-leverage_e25_r041,TCRlong(0.40)+rw+A2_Rs20,0.9227272727272727,,
1b,D5-leverage,0.25,41,D5-leverage_e25_r041,TCRlong(0.40)+rw+A2_Ru10,0.9227272727272727,,
1b,D5-leverage,0.3,41,D5-leverage_e30_r041,ESF12alone,0.543778801843318,0.05,0.07949859509244561
1b,D5-leverage,0.3,41,D5-leverage_e30_r041,ESF12,0.543778801843318,,
1b,D5-leverage,0.3,41,D5-leverage_e30_r041,Alg2_Rs20,0.543778801843318,,
1b,D5-leverage,0.3,41,D5-leverage_e30_r041,Alg2_Ru10,0.543778801843318,,
1b,D5-leverage,0.3,41,D5-leverage_e30_r041,TCRlong(0.40)+rw+A2_Rs20,0.5391705069124424,,
1b,D5-leverage,0.3,41,D5-leverage_e30_r041,TCRlong(0.40)+rw+A2_Ru10,0.5391705069124424,,
1b,D5-leverage,0.35,41,D5-leverage_e35_r041,ESF12alone,0.5380952380952381,0.1,0.07859131100121886
1b,D5-leverage,0.35,41,D5-leverage_e35_r041,ESF12,0.5380952380952381,,
1b,D5-leverage,0.35,41,D5-leverage_e35_r041,Alg2_Rs20,0.5523809523809524,,
1b,D5-leverage,0.35,41,D5-leverage_e35_r041,Alg2_Ru10,0.5523809523809524,,
1b,D5-leverage,0.35,41,D5-leverage_e35_r041,TCRlong(0.40)+rw+A2_Rs20,0.5476190476190477,,
1b,D5-leverage,0.35,41,D5-leverage_e35_r041,TCRlong(0.40)+rw+A2_Ru10,0.5476190476190477,,
1b,D6-uniform,0.25,41,D6-uniform_e25_r041,ESF12alone,0.9066666666666666,0.2,0.07497162907384336
1b,D6-uniform,0.25,41,D6-uniform_e25_r041,ESF12,0.9066666666666666,,
1b,D6-uniform,0.25,41,D6-uniform_e25_r041,Alg2_Rs20,0.9022222222222223,,
1b,D6-uniform,0.25,41,D6-uniform_e25_r041,Alg2_Ru10,0.9022222222222223,,
1b,D6-uniform,0.25,41,D6-uniform_e25_r041,TCRlong(0.40)+rw+A2_Rs20,0.8977777777777778,,
1b,D6-uniform,0.25,41,D6-uniform_e25_r041,TCRlong(0.40)+rw+A2_Ru10,0.8977777777777778,,
1b,D6-uniform,0.3,41,D6-uniform_e30_r041,ESF12alone,0.5603864734299517,0.016666666666666666,0.07813890196848661
1b,D6-uniform,0.3,41,D6-uniform_e30_r041,ESF12,0.5603864734299517,,
1b,D6-uniform,0.3,41,D6-uniform_e30_r041,Alg2_Rs20,0.5603864734299517,,
1b,D6-uniform,0.3,41,D6-uniform_e30_r041,Alg2_Ru10,0.5603864734299517,,
1b,D6-uniform,0.3,41,D6-uniform_e30_r041,TCRlong(0.40)+rw+A2_Rs20,0.5797101449275363,,
1b,D6-uniform,0.3,41,D6-uniform_e30_r041,TCRlong(0.40)+rw+A2_Ru10,0.5797101449275363,,
1b,D6-uniform,0.35,41,D6-uniform_e35_r041,ESF12alone,0.5263157894736842,0.0,0.0774974130326882
1b,D6-uniform,0.35,41,D6-uniform_e35_r041,ESF12,0.5263157894736842,,
1b,D6-uniform,0.35,41,D6-uniform_e35_r041,Alg2_Rs20,0.5263157894736842,,
1b,D6-uniform,0.35,41,D6-uniform_e35_r041,Alg2_Ru10,0.5263157894736842,,
1b,D6-uniform,0.35,41,D6-uniform_e35_r041,TCRlong(0.40)+rw+A2_Rs20,0.9105263157894737,,
1b,D6-uniform,0.35,41,D6-uniform_e35_r041,TCRlong(0.40)+rw+A2_Ru10,0.9105263157894737,,
1b,D7-p3,0.25,41,D7-p3_e25_r041,ESF12alone,0.9078341013824884,0.28,1.6951107570203021
1b,D7-p3,0.25,41,D7-p3_e25_r041,ESF12,0.9078341013824884,,
1b,D7-p3,0.25,41,D7-p3_e25_r041,Alg2_Rs20,0.9078341013824884,,
1b,D7-p3,0.25,41,D7-p3_e25_r041,Alg2_Ru10,0.9078341013824884,,
1b,D7-p3,0.25,41,D7-p3_e25_r041,TCRlong(0.40)+rw+A2_Rs20,0.9078341013824884,,
1b,D7-p3,0.25,41,D7-p3_e25_r041,TCRlong(0.40)+rw+A2_Ru10,0.9078341013824884,,
1b,D7-p3,0.3,41,D7-p3_e30_r041,ESF12alone,0.8980582524271845,0.31333333333333335,1.6677593379281461
1b,D7-p3,0.3,41,D7-p3_e30_r041,ESF12,0.8980582524271845,,
1b,D7-p3,0.3,41,D7-p3_e30_r041,Alg2_Rs20,0.8980582524271845,,
1b,D7-p3,0.3,41,D7-p3_e30_r041,Alg2_Ru10,0.8980582524271845,,
1b,D7-p3,0.3,41,D7-p3_e30_r041,TCRlong(0.40)+rw+A2_Rs20,0.8980582524271845,,
1b,D7-p3,0.3,41,D7-p3_e30_r041,TCRlong(0.40)+rw+A2_Ru10,0.8980582524271845,,
1b,D7-p3,0.35,41,D7-p3_e35_r041,ESF12alone,0.9090909090909091,0.34,1.6815277730347589
1b,D7-p3,0.35,41,D7-p3_e35_r041,ESF12,0.9090909090909091,,
1b,D7-p3,0.35,41,D7-p3_e35_r041,Alg2_Rs20,0.9090909090909091,,
1b,D7-p3,0.35,41,D7-p3_e35_r041,Alg2_Ru10,0.9090909090909091,,
1b,D7-p3,0.35,41,D7-p3_e35_r041,TCRlong(0.40)+rw+A2_Rs20,0.9141414141414141,,
1b,D7-p3,0.35,41,D7-p3_e35_r041,TCRlong(0.40)+rw+A2_Ru10,0.9141414141414141,,
1b,D8-K2par-sep,0.25,41,D8-K2par-sep_e25_r041,ESF12alone,1.0,0.21,0.08163877099286765
1b,D8-K2par-sep,0.25,41,D8-K2par-sep_e25_r041,ESF12,1.0,,
1b,D8-K2par-sep,0.25,41,D8-K2par-sep_e25_r041,Alg2_Rs20,1.0,,
1b,D8-K2par-sep,0.25,41,D8-K2par-sep_e25_r041,Alg2_Ru10,1.0,,
1b,D8-K2par-sep,0.25,41,D8-K2par-sep_e25_r041,TCRlong(0.40)+rw+A2_Rs20,1.0,,
1b,D8-K2par-sep,0.25,41,D8-K2par-sep_e25_r041,TCRlong(0.40)+rw+A2_Ru10,1.0,,
1b,D8-K2par-sep,0.3,41,D8-K2par-sep_e30_r041,ESF12alone,1.0,0.29333333333333333,0.10311674303375185
1b,D8-K2par-sep,0.3,41,D8-K2par-sep_e30_r041,ESF12,1.0,,
1b,D8-K2par-sep,0.3,41,D8-K2par-sep_e30_r041,Alg2_Rs20,1.0,,
1b,D8-K2par-sep,0.3,41,D8-K2par-sep_e30_r041,Alg2_Ru10,1.0,,
1b,D8-K2par-sep,0.3,41,D8-K2par-sep_e30_r041,TCRlong(0.40)+rw+A2_Rs20,1.0,,
1b,D8-K2par-sep,0.3,41,D8-K2par-sep_e30_r041,TCRlong(0.40)+rw+A2_Ru10,1.0,,
1b,D8-K2par-sep,0.35,41,D8-K2par-sep_e35_r041,ESF12alone,0.9947368421052631,0.36666666666666664,0.08387265598867089
1b,D8-K2par-sep,0.35,41,D8-K2par-sep_e35_r041,ESF12,0.9947368421052631,,
1b,D8-K2par-sep,0.35,41,D8-K2par-sep_e35_r041,Alg2_Rs20,0.9894736842105263,,
1b,D8-K2par-sep,0.35,41,D8-K2par-sep_e35_r041,Alg2_Ru10,0.9894736842105263,,
1b,D8-K2par-sep,0.35,41,D8-K2par-sep_e35_r041,TCRlong(0.40)+rw+A2_Rs20,0.9947368421052631,,
1b,D8-K2par-sep,0.35,41,D8-K2par-sep_e35_r041,TCRlong(0.40)+rw+A2_Ru10,0.9947368421052631,,
1b,D1-K2cross,0.25,42,D1-K2cross_e25_r042,ESF12alone,0.881578947368421,0.24666666666666667,0.08599023404531181
1b,D1-K2cross,0.25,42,D1-K2cross_e25_r042,ESF12,0.881578947368421,,
1b,D1-K2cross,0.25,42,D1-K2cross_e25_r042,Alg2_Rs20,0.8903508771929824,,
1b,D1-K2cross,0.25,42,D1-K2cross_e25_r042,Alg2_Ru10,0.8903508771929824,,
1b,D1-K2cross,0.25,42,D1-K2cross_e25_r042,TCRlong(0.40)+rw+A2_Rs20,0.881578947368421,,
1b,D1-K2cross,0.25,42,D1-K2cross_e25_r042,TCRlong(0.40)+rw+A2_Ru10,0.881578947368421,,
1b,D1-K2cross,0.3,42,D1-K2cross_e30_r042,ESF12alone,0.883495145631068,0.31333333333333335,0.07915125309955329
1b,D1-K2cross,0.3,42,D1-K2cross_e30_r042,ESF12,0.883495145631068,,
1b,D1-K2cross,0.3,42,D1-K2cross_e30_r042,Alg2_Rs20,0.883495145631068,,
1b,D1-K2cross,0.3,42,D1-K2cross_e30_r042,Alg2_Ru10,0.883495145631068,,
1b,D1-K2cross,0.3,42,D1-K2cross_e30_r042,TCRlong(0.40)+rw+A2_Rs20,0.883495145631068,,
1b,D1-K2cross,0.3,42,D1-K2cross_e30_r042,TCRlong(0.40)+rw+A2_Ru10,0.883495145631068,,
1b,D1-K2cross,0.35,42,D1-K2cross_e35_r042,ESF12alone,0.8916256157635468,0.3233333333333333,0.08996568992733955
1b,D1-K2cross,0.35,42,D1-K2cross_e35_r042,ESF12,0.8916256157635468,,
1b,D1-K2cross,0.35,42,D1-K2cross_e35_r042,Alg2_Rs20,0.8916256157635468,,
1b,D1-K2cross,0.35,42,D1-K2cross_e35_r042,Alg2_Ru10,0.8916256157635468,,
1b,D1-K2cross,0.35,42,D1-K2cross_e35_r042,TCRlong(0.40)+rw+A2_Rs20,0.8916256157635468,,
1b,D1-K2cross,0.35,42,D1-K2cross_e35_r042,TCRlong(0.40)+rw+A2_Ru10,0.8916256157635468,,
1b,D2-K3par,0.25,42,D2-K3par_e25_r042,ESF12alone,0.9078947368421053,0.24,0.31013588793575764
1b,D2-K3par,0.25,42,D2-K3par_e25_r042,ESF12,0.9078947368421053,,
1b,D2-K3par,0.25,42,D2-K3par_e25_r042,Alg2_Rs20,0.9078947368421053,,
1b,D2-K3par,0.25,42,D2-K3par_e25_r042,Alg2_Ru10,0.9078947368421053,,
1b,D2-K3par,0.25,42,D2-K3par_e25_r042,TCRlong(0.40)+rw+A2_Rs20,0.9035087719298246,,
1b,D2-K3par,0.25,42,D2-K3par_e25_r042,TCRlong(0.40)+rw+A2_Ru10,0.9035087719298246,,
1b,D2-K3par,0.3,42,D2-K3par_e30_r042,ESF12alone,0.9120370370370371,0.28,0.311270568985492
1b,D2-K3par,0.3,42,D2-K3par_e30_r042,ESF12,0.9120370370370371,,
1b,D2-K3par,0.3,42,D2-K3par_e30_r042,Alg2_Rs20,0.9212962962962963,,
1b,D2-K3par,0.3,42,D2-K3par_e30_r042,Alg2_Ru10,0.9212962962962963,,
1b,D2-K3par,0.3,42,D2-K3par_e30_r042,TCRlong(0.40)+rw+A2_Rs20,0.6388888888888888,,
1b,D2-K3par,0.3,42,D2-K3par_e30_r042,TCRlong(0.40)+rw+A2_Ru10,0.6388888888888888,,
1b,D2-K3par,0.35,42,D2-K3par_e35_r042,ESF12alone,0.3473684210526316,0.0,0.428587008966133
1b,D2-K3par,0.35,42,D2-K3par_e35_r042,ESF12,0.3473684210526316,,
1b,D2-K3par,0.35,42,D2-K3par_e35_r042,Alg2_Rs20,0.3473684210526316,,
1b,D2-K3par,0.35,42,D2-K3par_e35_r042,Alg2_Ru10,0.3473684210526316,,
1b,D2-K3par,0.35,42,D2-K3par_e35_r042,TCRlong(0.40)+rw+A2_Rs20,0.6473684210526316,,
1b,D2-K3par,0.35,42,D2-K3par_e35_r042,TCRlong(0.40)+rw+A2_Ru10,0.6473684210526316,,
1b,D3-unequal,0.25,42,D3-unequal_e25_r042,ESF12alone,0.9095022624434389,0.2633333333333333,0.08960786904208362
1b,D3-unequal,0.25,42,D3-unequal_e25_r042,ESF12,0.9095022624434389,,
1b,D3-unequal,0.25,42,D3-unequal_e25_r042,Alg2_Rs20,0.9095022624434389,,
1b,D3-unequal,0.25,42,D3-unequal_e25_r042,Alg2_Ru10,0.9095022624434389,,
1b,D3-unequal,0.25,42,D3-unequal_e25_r042,TCRlong(0.40)+rw+A2_Rs20,0.9095022624434389,,
1b,D3-unequal,0.25,42,D3-unequal_e25_r042,TCRlong(0.40)+rw+A2_Ru10,0.9095022624434389,,
1b,D3-unequal,0.3,42,D3-unequal_e30_r042,ESF12alone,0.9205607476635514,0.2866666666666667,0.08319451997522265
1b,D3-unequal,0.3,42,D3-unequal_e30_r042,ESF12,0.9205607476635514,,
1b,D3-unequal,0.3,42,D3-unequal_e30_r042,Alg2_Rs20,0.9205607476635514,,
1b,D3-unequal,0.3,42,D3-unequal_e30_r042,Alg2_Ru10,0.9205607476635514,,
1b,D3-unequal,0.3,42,D3-unequal_e30_r042,TCRlong(0.40)+rw+A2_Rs20,0.9205607476635514,,
1b,D3-unequal,0.3,42,D3-unequal_e30_r042,TCRlong(0.40)+rw+A2_Ru10,0.9205607476635514,,
1b,D3-unequal,0.35,42,D3-unequal_e35_r042,ESF12alone,0.9174757281553398,0.31333333333333335,0.0802050749771297
1b,D3-unequal,0.35,42,D3-unequal_e35_r042,ESF12,0.9174757281553398,,
1b,D3-unequal,0.35,42,D3-unequal_e35_r042,Alg2_Rs20,0.9223300970873787,,
1b,D3-unequal,0.35,42,D3-unequal_e35_r042,Alg2_Ru10,0.9223300970873787,,
1b,D3-unequal,0.35,42,D3-unequal_e35_r042,TCRlong(0.40)+rw+A2_Rs20,0.9174757281553398,,
1b,D3-unequal,0.35,42,D3-unequal_e35_r042,TCRlong(0.40)+rw+A2_Ru10,0.9174757281553398,,
1b,D4-hetero,0.25,42,D4-hetero_e25_r042,ESF12alone,0.9147982062780269,0.2733333333333333,0.08548810903448611
1b,D4-hetero,0.25,42,D4-hetero_e25_r042,ESF12,0.9147982062780269,,
1b,D4-hetero,0.25,42,D4-hetero_e25_r042,Alg2_Rs20,0.9147982062780269,,
1b,D4-hetero,0.25,42,D4-hetero_e25_r042,Alg2_Ru10,0.9147982062780269,,
1b,D4-hetero,0.25,42,D4-hetero_e25_r042,TCRlong(0.40)+rw+A2_Rs20,0.9103139013452914,,
1b,D4-hetero,0.25,42,D4-hetero_e25_r042,TCRlong(0.40)+rw+A2_Ru10,0.9103139013452914,,
1b,D4-hetero,0.3,42,D4-hetero_e30_r042,ESF12alone,0.8888888888888888,0.34,0.08175476989708841
1b,D4-hetero,0.3,42,D4-hetero_e30_r042,ESF12,0.8888888888888888,,
1b,D4-hetero,0.3,42,D4-hetero_e30_r042,Alg2_Rs20,0.8888888888888888,,
1b,D4-hetero,0.3,42,D4-hetero_e30_r042,Alg2_Ru10,0.8888888888888888,,
1b,D4-hetero,0.3,42,D4-hetero_e30_r042,TCRlong(0.40)+rw+A2_Rs20,0.8888888888888888,,
1b,D4-hetero,0.3,42,D4-hetero_e30_r042,TCRlong(0.40)+rw+A2_Ru10,0.8888888888888888,,
1b,D4-hetero,0.35,42,D4-hetero_e35_r042,ESF12alone,0.8894736842105263,0.37,0.08085063798353076
1b,D4-hetero,0.35,42,D4-hetero_e35_r042,ESF12,0.8894736842105263,,
1b,D4-hetero,0.35,42,D4-hetero_e35_r042,Alg2_Rs20,0.8894736842105263,,
1b,D4-hetero,0.35,42,D4-hetero_e35_r042,Alg2_Ru10,0.8894736842105263,,
1b,D4-hetero,0.35,42,D4-hetero_e35_r042,TCRlong(0.40)+rw+A2_Rs20,0.8842105263157894,,
1b,D4-hetero,0.35,42,D4-hetero_e35_r042,TCRlong(0.40)+rw+A2_Ru10,0.8842105263157894,,
1b,D5-leverage,0.25,42,D5-leverage_e25_r042,ESF12alone,0.5281385281385281,0.06333333333333334,0.08141004794742912
1b,D5-leverage,0.25,42,D5-leverage_e25_r042,ESF12,0.5281385281385281,,
1b,D5-leverage,0.25,42,D5-leverage_e25_r042,Alg2_Rs20,0.5281385281385281,,
1b,D5-leverage,0.25,42,D5-leverage_e25_r042,Alg2_Ru10,0.5281385281385281,,
1b,D5-leverage,0.25,42,D5-leverage_e25_r042,TCRlong(0.40)+rw+A2_Rs20,0.9437229437229437,,
1b,D5-leverage,0.25,42,D5-leverage_e25_r042,TCRlong(0.40)+rw+A2_Ru10,0.9437229437229437,,
1b,D5-leverage,0.3,42,D5-leverage_e30_r042,ESF12alone,0.5046728971962616,0.07333333333333333,0.08278218703344464
1b,D5-leverage,0.3,42,D5-leverage_e30_r042,ESF12,0.5046728971962616,,
1b,D5-leverage,0.3,42,D5-leverage_e30_r042,Alg2_Rs20,0.5046728971962616,,
1b,D5-leverage,0.3,42,D5-leverage_e30_r042,Alg2_Ru10,0.5046728971962616,,
1b,D5-leverage,0.3,42,D5-leverage_e30_r042,TCRlong(0.40)+rw+A2_Rs20,0.5233644859813084,,
1b,D5-leverage,0.3,42,D5-leverage_e30_r042,TCRlong(0.40)+rw+A2_Ru10,0.5233644859813084,,
1b,D5-leverage,0.35,42,D5-leverage_e35_r042,ESF12alone,0.5380710659898477,0.0033333333333333335,0.06924581399653107
1b,D5-leverage,0.35,42,D5-leverage_e35_r042,ESF12,0.5380710659898477,,
1b,D5-leverage,0.35,42,D5-leverage_e35_r042,Alg2_Rs20,0.5380710659898477,,
1b,D5-leverage,0.35,42,D5-leverage_e35_r042,Alg2_Ru10,0.5380710659898477,,
1b,D5-leverage,0.35,42,D5-leverage_e35_r042,TCRlong(0.40)+rw+A2_Rs20,0.5482233502538071,,
1b,D5-leverage,0.35,42,D5-leverage_e35_r042,TCRlong(0.40)+rw+A2_Ru10,0.5482233502538071,,
1b,D6-uniform,0.25,42,D6-uniform_e25_r042,ESF12alone,0.9067796610169492,0.17666666666666667,0.06977552291937172
1b,D6-uniform,0.25,42,D6-uniform_e25_r042,ESF12,0.9067796610169492,,
1b,D6-uniform,0.25,42,D6-uniform_e25_r042,Alg2_Rs20,0.9067796610169492,,
1b,D6-uniform,0.25,42,D6-uniform_e25_r042,Alg2_Ru10,0.9067796610169492,,
1b,D6-uniform,0.25,42,D6-uniform_e25_r042,TCRlong(0.40)+rw+A2_Rs20,0.8983050847457628,,
1b,D6-uniform,0.25,42,D6-uniform_e25_r042,TCRlong(0.40)+rw+A2_Ru10,0.8983050847457628,,
1b,D6-uniform,0.3,42,D6-uniform_e30_r042,ESF12alone,0.9174311926605505,0.23,0.07353158900514245
1b,D6-uniform,0.3,42,D6-uniform_e30_r042,ESF12,0.9174311926605505,,
1b,D6-uniform,0.3,42,D6-uniform_e30_r042,Alg2_Rs20,0.926605504587156,,
1b,D6-uniform,0.3,42,D6-uniform_e30_r042,Alg2_Ru10,0.926605504587156,,
1b,D6-uniform,0.3,42,D6-uniform_e30_r042,TCRlong(0.40)+rw+A2_Rs20,0.9311926605504587,,
1b,D6-uniform,0.3,42,D6-uniform_e30_r042,TCRlong(0.40)+rw+A2_Ru10,0.9311926605504587,,
1b,D6-uniform,0.35,42,D6-uniform_e35_r042,ESF12alone,0.5513513513513514,0.0,0.07367760094348341
1b,D6-uniform,0.35,42,D6-uniform_e35_r042,ESF12,0.5513513513513514,,
1b,D6-uniform,0.35,42,D6-uniform_e35_r042,Alg2_Rs20,0.5513513513513514,,
1b,D6-uniform,0.35,42,D6-uniform_e35_r042,Alg2_Ru10,0.5513513513513514,,
1b,D6-uniform,0.35,42,D6-uniform_e35_r042,TCRlong(0.40)+rw+A2_Rs20,0.518918918918919,,
1b,D6-uniform,0.35,42,D6-uniform_e35_r042,TCRlong(0.40)+rw+A2_Ru10,0.518918918918919,,
1b,D7-p3,0.25,42,D7-p3_e25_r042,ESF12alone,0.9154929577464789,0.29333333333333333,1.6835177530301735
1b,D7-p3,0.25,42,D7-p3_e25_r042,ESF12,0.9154929577464789,,
1b,D7-p3,0.25,42,D7-p3_e25_r042,Alg2_Rs20,0.9107981220657277,,
1b,D7-p3,0.25,42,D7-p3_e25_r042,Alg2_Ru10,0.9107981220657277,,
1b,D7-p3,0.25,42,D7-p3_e25_r042,TCRlong(0.40)+rw+A2_Rs20,0.9014084507042254,,
1b,D7-p3,0.25,42,D7-p3_e25_r042,TCRlong(0.40)+rw+A2_Ru10,0.9014084507042254,,
1b,D7-p3,0.3,42,D7-p3_e30_r042,ESF12alone,0.9223744292237442,0.27,1.8962487449171022
1b,D7-p3,0.3,42,D7-p3_e30_r042,ESF12,0.9223744292237442,,
1b,D7-p3,0.3,42,D7-p3_e30_r042,Alg2_Rs20,0.9223744292237442,,
1b,D7-p3,0.3,42,D7-p3_e30_r042,Alg2_Ru10,0.9223744292237442,,
1b,D7-p3,0.3,42,D7-p3_e30_r042,TCRlong(0.40)+rw+A2_Rs20,0.9178082191780822,,
1b,D7-p3,0.3,42,D7-p3_e30_r042,TCRlong(0.40)+rw+A2_Ru10,0.9178082191780822,,
1b,D7-p3,0.35,42,D7-p3_e35_r042,ESF12alone,0.9148936170212766,0.37333333333333335,2.044292539008893
1b,D7-p3,0.35,42,D7-p3_e35_r042,ESF12,0.9148936170212766,,
1b,D7-p3,0.35,42,D7-p3_e35_r042,Alg2_Rs20,0.9202127659574468,,
1b,D7-p3,0.35,42,D7-p3_e35_r042,Alg2_Ru10,0.9202127659574468,,
1b,D7-p3,0.35,42,D7-p3_e35_r042,TCRlong(0.40)+rw+A2_Rs20,0.9202127659574468,,
1b,D7-p3,0.35,42,D7-p3_e35_r042,TCRlong(0.40)+rw+A2_Ru10,0.9202127659574468,,
1b,D8-K2par-sep,0.25,42,D8-K2par-sep_e25_r042,ESF12alone,1.0,0.2633333333333333,0.06763709103688598
1b,D8-K2par-sep,0.25,42,D8-K2par-sep_e25_r042,ESF12,1.0,,
1b,D8-K2par-sep,0.25,42,D8-K2par-sep_e25_r042,Alg2_Rs20,1.0,,
1b,D8-K2par-sep,0.25,42,D8-K2par-sep_e25_r042,Alg2_Ru10,1.0,,
1b,D8-K2par-sep,0.25,42,D8-K2par-sep_e25_r042,TCRlong(0.40)+rw+A2_Rs20,1.0,,
1b,D8-K2par-sep,0.25,42,D8-K2par-sep_e25_r042,TCRlong(0.40)+rw+A2_Ru10,1.0,,
1b,D8-K2par-sep,0.3,42,D8-K2par-sep_e30_r042,ESF12alone,1.0,0.31,0.07232524000573903
1b,D8-K2par-sep,0.3,42,D8-K2par-sep_e30_r042,ESF12,1.0,,
1b,D8-K2par-sep,0.3,42,D8-K2par-sep_e30_r042,Alg2_Rs20,1.0,,
1b,D8-K2par-sep,0.3,42,D8-K2par-sep_e30_r042,Alg2_Ru10,1.0,,
1b,D8-K2par-sep,0.3,42,D8-K2par-sep_e30_r042,TCRlong(0.40)+rw+A2_Rs20,1.0,,
1b,D8-K2par-sep,0.3,42,D8-K2par-sep_e30_r042,TCRlong(0.40)+rw+A2_Ru10,1.0,,
1b,D8-K2par-sep,0.35,42,D8-K2par-sep_e35_r042,ESF12alone,1.0,0.36666666666666664,0.08781472803093493
1b,D8-K2par-sep,0.35,42,D8-K2par-sep_e35_r042,ESF12,1.0,,
1b,D8-K2par-sep,0.35,42,D8-K2par-sep_e35_r042,Alg2_Rs20,1.0,,
1b,D8-K2par-sep,0.35,42,D8-K2par-sep_e35_r042,Alg2_Ru10,1.0,,
1b,D8-K2par-sep,0.35,42,D8-K2par-sep_e35_r042,TCRlong(0.40)+rw+A2_Rs20,1.0,,
1b,D8-K2par-sep,0.35,42,D8-K2par-sep_e35_r042,TCRlong(0.40)+rw+A2_Ru10,1.0,,
1b,D1-K2cross,0.25,43,D1-K2cross_e25_r043,ESF12alone,0.9196428571428571,0.25333333333333335,0.07825245393905789
1b,D1-K2cross,0.25,43,D1-K2cross_e25_r043,ESF12,0.9196428571428571,,
1b,D1-K2cross,0.25,43,D1-K2cross_e25_r043,Alg2_Rs20,0.9196428571428571,,
1b,D1-K2cross,0.25,43,D1-K2cross_e25_r043,Alg2_Ru10,0.9196428571428571,,
1b,D1-K2cross,0.25,43,D1-K2cross_e25_r043,TCRlong(0.40)+rw+A2_Rs20,0.9196428571428571,,
1b,D1-K2cross,0.25,43,D1-K2cross_e25_r043,TCRlong(0.40)+rw+A2_Ru10,0.9196428571428571,,
1b,D1-K2cross,0.3,43,D1-K2cross_e30_r043,ESF12alone,0.8980582524271845,0.31333333333333335,0.07806156005244702
1b,D1-K2cross,0.3,43,D1-K2cross_e30_r043,ESF12,0.8980582524271845,,
1b,D1-K2cross,0.3,43,D1-K2cross_e30_r043,Alg2_Rs20,0.8980582524271845,,
1b,D1-K2cross,0.3,43,D1-K2cross_e30_r043,Alg2_Ru10,0.8980582524271845,,
1b,D1-K2cross,0.3,43,D1-K2cross_e30_r043,TCRlong(0.40)+rw+A2_Rs20,0.8980582524271845,,
1b,D1-K2cross,0.3,43,D1-K2cross_e30_r043,TCRlong(0.40)+rw+A2_Ru10,0.8980582524271845,,
1b,D1-K2cross,0.35,43,D1-K2cross_e35_r043,ESF12alone,0.949438202247191,0.4066666666666667,0.0797471619443968
1b,D1-K2cross,0.35,43,D1-K2cross_e35_r043,ESF12,0.949438202247191,,
1b,D1-K2cross,0.35,43,D1-K2cross_e35_r043,Alg2_Rs20,0.949438202247191,,
1b,D1-K2cross,0.35,43,D1-K2cross_e35_r043,Alg2_Ru10,0.949438202247191,,
1b,D1-K2cross,0.35,43,D1-K2cross_e35_r043,TCRlong(0.40)+rw+A2_Rs20,0.949438202247191,,
1b,D1-K2cross,0.35,43,D1-K2cross_e35_r043,TCRlong(0.40)+rw+A2_Ru10,0.949438202247191,,
1b,D2-K3par,0.25,43,D2-K3par_e25_r043,ESF12alone,0.8584474885844748,0.27,0.3469016939634457
1b,D2-K3par,0.25,43,D2-K3par_e25_r043,ESF12,0.8584474885844748,,
1b,D2-K3par,0.25,43,D2-K3par_e25_r043,Alg2_Rs20,0.8858447488584474,,
1b,D2-K3par,0.25,43,D2-K3par_e25_r043,Alg2_Ru10,0.8858447488584474,,
1b,D2-K3par,0.25,43,D2-K3par_e25_r043,TCRlong(0.40)+rw+A2_Rs20,0.9041095890410958,,
1b,D2-K3par,0.25,43,D2-K3par_e25_r043,TCRlong(0.40)+rw+A2_Ru10,0.9041095890410958,,
1b,D2-K3par,0.3,43,D2-K3par_e30_r043,ESF12alone,0.8990825688073395,0.2733333333333333,0.30026266898494214
1b,D2-K3par,0.3,43,D2-K3par_e30_r043,ESF12,0.8990825688073395,,
1b,D2-K3par,0.3,43,D2-K3par_e30_r043,Alg2_Rs20,0.8899082568807339,,
1b,D2-K3par,0.3,43,D2-K3par_e30_r043,Alg2_Ru10,0.8899082568807339,,
1b,D2-K3par,0.3,43,D2-K3par_e30_r043,TCRlong(0.40)+rw+A2_Rs20,0.8899082568807339,,
1b,D2-K3par,0.3,43,D2-K3par_e30_r043,TCRlong(0.40)+rw+A2_Ru10,0.8899082568807339,,
1b,D2-K3par,0.35,43,D2-K3par_e35_r043,ESF12alone,0.67,0.15,0.3231500000692904
1b,D2-K3par,0.35,43,D2-K3par_e35_r043,ESF12,0.67,,
1b,D2-K3par,0.35,43,D2-K3par_e35_r043,Alg2_Rs20,0.36,,
1b,D2-K3par,0.35,43,D2-K3par_e35_r043,Alg2_Ru10,0.36,,
1b,D2-K3par,0.35,43,D2-K3par_e35_r043,TCRlong(0.40)+rw+A2_Rs20,0.935,,
1b,D2-K3par,0.35,43,D2-K3par_e35_r043,TCRlong(0.40)+rw+A2_Ru10,0.935,,
1b,D3-unequal,0.25,43,D3-unequal_e25_r043,ESF12alone,0.5535714285714286,0.3233333333333333,0.08444030897226185
1b,D3-unequal,0.25,43,D3-unequal_e25_r043,ESF12,0.8883928571428571,,
1b,D3-unequal,0.25,43,D3-unequal_e25_r043,Alg2_Rs20,0.8973214285714286,,
1b,D3-unequal,0.25,43,D3-unequal_e25_r043,Alg2_Ru10,0.8973214285714286,,
1b,D3-unequal,0.25,43,D3-unequal_e25_r043,TCRlong(0.40)+rw+A2_Rs20,0.8928571428571429,,
1b,D3-unequal,0.25,43,D3-unequal_e25_r043,TCRlong(0.40)+rw+A2_Ru10,0.8928571428571429,,
1b,D3-unequal,0.3,43,D3-unequal_e30_r043,ESF12alone,0.9571428571428572,0.3,0.0808318960480392
1b,D3-unequal,0.3,43,D3-unequal_e30_r043,ESF12,0.9571428571428572,,
1b,D3-unequal,0.3,43,D3-unequal_e30_r043,Alg2_Rs20,0.9571428571428572,,
1b,D3-unequal,0.3,43,D3-unequal_e30_r043,Alg2_Ru10,0.9571428571428572,,
1b,D3-unequal,0.3,43,D3-unequal_e30_r043,TCRlong(0.40)+rw+A2_Rs20,0.9523809523809523,,
1b,D3-unequal,0.3,43,D3-unequal_e30_r043,TCRlong(0.40)+rw+A2_Ru10,0.9523809523809523,,
1b,D3-unequal,0.35,43,D3-unequal_e35_r043,ESF12alone,0.770949720670391,0.23333333333333334,0.08279696002136916
1b,D3-unequal,0.35,43,D3-unequal_e35_r043,ESF12,0.770949720670391,,
1b,D3-unequal,0.35,43,D3-unequal_e35_r043,Alg2_Rs20,0.770949720670391,,
1b,D3-unequal,0.35,43,D3-unequal_e35_r043,Alg2_Ru10,0.770949720670391,,
1b,D3-unequal,0.35,43,D3-unequal_e35_r043,TCRlong(0.40)+rw+A2_Rs20,0.7653631284916201,,
1b,D3-unequal,0.35,43,D3-unequal_e35_r043,TCRlong(0.40)+rw+A2_Ru10,0.7653631284916201,,
1b,D4-hetero,0.25,43,D4-hetero_e25_r043,ESF12alone,0.8922413793103449,0.24,0.08194391895085573
1b,D4-hetero,0.25,43,D4-hetero_e25_r043,ESF12,0.8922413793103449,,
1b,D4-hetero,0.25,43,D4-hetero_e25_r043,Alg2_Rs20,0.8922413793103449,,
1b,D4-hetero,0.25,43,D4-hetero_e25_r043,Alg2_Ru10,0.8922413793103449,,
1b,D4-hetero,0.25,43,D4-hetero_e25_r043,TCRlong(0.40)+rw+A2_Rs20,0.8922413793103449,,
1b,D4-hetero,0.25,43,D4-hetero_e25_r043,TCRlong(0.40)+rw+A2_Ru10,0.8922413793103449,,
1b,D4-hetero,0.3,43,D4-hetero_e30_r043,ESF12alone,0.8916256157635468,0.32666666666666666,0.08017657801974565
1b,D4-hetero,0.3,43,D4-hetero_e30_r043,ESF12,0.8916256157635468,,
1b,D4-hetero,0.3,43,D4-hetero_e30_r043,Alg2_Rs20,0.8916256157635468,,
1b,D4-hetero,0.3,43,D4-hetero_e30_r043,Alg2_Ru10,0.8916256157635468,,
1b,D4-hetero,0.3,43,D4-hetero_e30_r043,TCRlong(0.40)+rw+A2_Rs20,0.8916256157635468,,
1b,D4-hetero,0.3,43,D4-hetero_e30_r043,TCRlong(0.40)+rw+A2_Ru10,0.8916256157635468,,
1b,D4-hetero,0.35,43,D4-hetero_e35_r043,ESF12alone,0.9037433155080213,0.38,0.08054494997486472
1b,D4-hetero,0.35,43,D4-hetero_e35_r043,ESF12,0.9037433155080213,,
1b,D4-hetero,0.35,43,D4-hetero_e35_r043,Alg2_Rs20,0.8983957219251337,,
1b,D4-hetero,0.35,43,D4-hetero_e35_r043,Alg2_Ru10,0.8983957219251337,,
1b,D4-hetero,0.35,43,D4-hetero_e35_r043,TCRlong(0.40)+rw+A2_Rs20,0.9037433155080213,,
1b,D4-hetero,0.35,43,D4-hetero_e35_r043,TCRlong(0.40)+rw+A2_Ru10,0.9037433155080213,,
1b,D5-leverage,0.25,43,D5-leverage_e25_r043,ESF12alone,0.5,0.03666666666666667,0.08844252000562847
1b,D5-leverage,0.25,43,D5-leverage_e25_r043,ESF12,0.5,,
1b,D5-leverage,0.25,43,D5-leverage_e25_r043,Alg2_Rs20,0.5088495575221239,,
1b,D5-leverage,0.25,43,D5-leverage_e25_r043,Alg2_Ru10,0.5088495575221239,,
1b,D5-leverage,0.25,43,D5-leverage_e25_r043,TCRlong(0.40)+rw+A2_Rs20,0.8805309734513275,,
1b,D5-leverage,0.25,43,D5-leverage_e25_r043,TCRlong(0.40)+rw+A2_Ru10,0.8805309734513275,,
1b,D5-leverage,0.3,43,D5-leverage_e30_r043,ESF12alone,0.5270935960591133,0.0,0.0815475529525429
1b,D5-leverage,0.3,43,D5-leverage_e30_r043,ESF12,0.5270935960591133,,
1b,D5-leverage,0.3,43,D5-leverage_e30_r043,Alg2_Rs20,0.5270935960591133,,
1b,D5-leverage,0.3,43,D5-leverage_e30_r043,Alg2_Ru10,0.5270935960591133,,
1b,D5-leverage,0.3,43,D5-leverage_e30_r043,TCRlong(0.40)+rw+A2_Rs20,0.5467980295566502,,
1b,D5-leverage,0.3,43,D5-leverage_e30_r043,TCRlong(0.40)+rw+A2_Ru10,0.5467980295566502,,
1b,D5-leverage,0.35,43,D5-leverage_e35_r043,ESF12alone,0.5050505050505051,0.01,0.07220142101868987
1b,D5-leverage,0.35,43,D5-leverage_e35_r043,ESF12,0.5050505050505051,,
1b,D5-leverage,0.35,43,D5-leverage_e35_r043,Alg2_Rs20,0.5050505050505051,,
1b,D5-leverage,0.35,43,D5-leverage_e35_r043,Alg2_Ru10,0.5050505050505051,,
1b,D5-leverage,0.35,43,D5-leverage_e35_r043,TCRlong(0.40)+rw+A2_Rs20,0.5050505050505051,,
1b,D5-leverage,0.35,43,D5-leverage_e35_r043,TCRlong(0.40)+rw+A2_Ru10,0.5050505050505051,,
1b,D6-uniform,0.25,43,D6-uniform_e25_r043,ESF12alone,0.8985507246376812,0.13333333333333333,0.0825995389604941
1b,D6-uniform,0.25,43,D6-uniform_e25_r043,ESF12,0.8985507246376812,,
1b,D6-uniform,0.25,43,D6-uniform_e25_r043,Alg2_Rs20,0.5458937198067633,,
1b,D6-uniform,0.25,43,D6-uniform_e25_r043,Alg2_Ru10,0.5458937198067633,,
1b,D6-uniform,0.25,43,D6-uniform_e25_r043,TCRlong(0.40)+rw+A2_Rs20,0.8840579710144928,,
1b,D6-uniform,0.25,43,D6-uniform_e25_r043,TCRlong(0.40)+rw+A2_Ru10,0.5507246376811594,,
1b,D6-uniform,0.3,43,D6-uniform_e30_r043,ESF12alone,0.5288461538461539,0.0,0.07883181900251657
1b,D6-uniform,0.3,43,D6-uniform_e30_r043,ESF12,0.5288461538461539,,
1b,D6-uniform,0.3,43,D6-uniform_e30_r043,Alg2_Rs20,0.5240384615384616,,
1b,D6-uniform,0.3,43,D6-uniform_e30_r043,Alg2_Ru10,0.5240384615384616,,
1b,D6-uniform,0.3,43,D6-uniform_e30_r043,TCRlong(0.40)+rw+A2_Rs20,0.6105769230769231,,
1b,D6-uniform,0.3,43,D6-uniform_e30_r043,TCRlong(0.40)+rw+A2_Ru10,0.6105769230769231,,
1b,D6-uniform,0.35,43,D6-uniform_e35_r043,ESF12alone,0.5191256830601093,0.0,0.07925736100878567
1b,D6-uniform,0.35,43,D6-uniform_e35_r043,ESF12,0.5191256830601093,,
1b,D6-uniform,0.35,43,D6-uniform_e35_r043,Alg2_Rs20,0.5245901639344263,,
1b,D6-uniform,0.35,43,D6-uniform_e35_r043,Alg2_Ru10,0.5245901639344263,,
1b,D6-uniform,0.35,43,D6-uniform_e35_r043,TCRlong(0.40)+rw+A2_Rs20,0.5027322404371585,,
1b,D6-uniform,0.35,43,D6-uniform_e35_r043,TCRlong(0.40)+rw+A2_Ru10,0.5027322404371585,,
1b,D7-p3,0.25,43,D7-p3_e25_r043,ESF12alone,0.883177570093458,0.29,2.112180751049891
1b,D7-p3,0.25,43,D7-p3_e25_r043,ESF12,0.883177570093458,,
1b,D7-p3,0.25,43,D7-p3_e25_r043,Alg2_Rs20,0.883177570093458,,
1b,D7-p3,0.25,43,D7-p3_e25_r043,Alg2_Ru10,0.883177570093458,,
1b,D7-p3,0.25,43,D7-p3_e25_r043,TCRlong(0.40)+rw+A2_Rs20,0.883177570093458,,
1b,D7-p3,0.25,43,D7-p3_e25_r043,TCRlong(0.40)+rw+A2_Ru10,0.883177570093458,,
1b,D7-p3,0.3,43,D7-p3_e30_r043,ESF12alone,0.9170506912442397,0.27666666666666667,1.7476555709727108
1b,D7-p3,0.3,43,D7-p3_e30_r043,ESF12,0.9170506912442397,,
1b,D7-p3,0.3,43,D7-p3_e30_r043,Alg2_Rs20,0.9124423963133641,,
1b,D7-p3,0.3,43,D7-p3_e30_r043,Alg2_Ru10,0.9124423963133641,,
1b,D7-p3,0.3,43,D7-p3_e30_r043,TCRlong(0.40)+rw+A2_Rs20,0.9124423963133641,,
1b,D7-p3,0.3,43,D7-p3_e30_r043,TCRlong(0.40)+rw+A2_Ru10,0.9124423963133641,,
1b,D7-p3,0.35,43,D7-p3_e35_r043,ESF12alone,0.92,0.3433333333333333,1.9926763609983027
1b,D7-p3,0.35,43,D7-p3_e35_r043,ESF12,0.92,,
1b,D7-p3,0.35,43,D7-p3_e35_r043,Alg2_Rs20,0.92,,
1b,D7-p3,0.35,43,D7-p3_e35_r043,Alg2_Ru10,0.92,,
1b,D7-p3,0.35,43,D7-p3_e35_r043,TCRlong(0.40)+rw+A2_Rs20,0.92,,
1b,D7-p3,0.35,43,D7-p3_e35_r043,TCRlong(0.40)+rw+A2_Ru10,0.92,,
1b,D8-K2par-sep,0.25,43,D8-K2par-sep_e25_r043,ESF12alone,1.0,0.2,0.07962738408241421
1b,D8-K2par-sep,0.25,43,D8-K2par-sep_e25_r043,ESF12,1.0,,
1b,D8-K2par-sep,0.25,43,D8-K2par-sep_e25_r043,Alg2_Rs20,1.0,,
1b,D8-K2par-sep,0.25,43,D8-K2par-sep_e25_r043,Alg2_Ru10,1.0,,
1b,D8-K2par-sep,0.25,43,D8-K2par-sep_e25_r043,TCRlong(0.40)+rw+A2_Rs20,1.0,,
1b,D8-K2par-sep,0.25,43,D8-K2par-sep_e25_r043,TCRlong(0.40)+rw+A2_Ru10,1.0,,
1b,D8-K2par-sep,0.3,43,D8-K2par-sep_e30_r043,ESF12alone,1.0,0.2966666666666667,0.08205339300911874
1b,D8-K2par-sep,0.3,43,D8-K2par-sep_e30_r043,ESF12,1.0,,
1b,D8-K2par-sep,0.3,43,D8-K2par-sep_e30_r043,Alg2_Rs20,1.0,,
1b,D8-K2par-sep,0.3,43,D8-K2par-sep_e30_r043,Alg2_Ru10,1.0,,
1b,D8-K2par-sep,0.3,43,D8-K2par-sep_e30_r043,TCRlong(0.40)+rw+A2_Rs20,1.0,,
1b,D8-K2par-sep,0.3,43,D8-K2par-sep_e30_r043,TCRlong(0.40)+rw+A2_Ru10,1.0,,
1b,D8-K2par-sep,0.35,43,D8-K2par-sep_e35_r043,ESF12alone,1.0,0.3333333333333333,0.08893106901086867
1b,D8-K2par-sep,0.35,43,D8-K2par-sep_e35_r043,ESF12,1.0,,
1b,D8-K2par-sep,0.35,43,D8-K2par-sep_e35_r043,Alg2_Rs20,1.0,,
1b,D8-K2par-sep,0.35,43,D8-K2par-sep_e35_r043,Alg2_Ru10,1.0,,
1b,D8-K2par-sep,0.35,43,D8-K2par-sep_e35_r043,TCRlong(0.40)+rw+A2_Rs20,1.0,,
1b,D8-K2par-sep,0.35,43,D8-K2par-sep_e35_r043,TCRlong(0.40)+rw+A2_Ru10,1.0,,
1b,D1-K2cross,0.25,44,D1-K2cross_e25_r044,ESF12alone,0.9375,0.25666666666666665,0.07226080307736993
1b,D1-K2cross,0.25,44,D1-K2cross_e25_r044,ESF12,0.9375,,
1b,D1-K2cross,0.25,44,D1-K2cross_e25_r044,Alg2_Rs20,0.9375,,
1b,D1-K2cross,0.25,44,D1-K2cross_e25_r044,Alg2_Ru10,0.9375,,
1b,D1-K2cross,0.25,44,D1-K2cross_e25_r044,TCRlong(0.40)+rw+A2_Rs20,0.9375,,
1b,D1-K2cross,0.25,44,D1-K2cross_e25_r044,TCRlong(0.40)+rw+A2_Ru10,0.9375,,
1b,D1-K2cross,0.3,44,D1-K2cross_e30_r044,ESF12alone,0.9359605911330049,0.3233333333333333,0.07703951001167297
1b,D1-K2cross,0.3,44,D1-K2cross_e30_r044,ESF12,0.9359605911330049,,
1b,D1-K2cross,0.3,44,D1-K2cross_e30_r044,Alg2_Rs20,0.9310344827586207,,
1b,D1-K2cross,0.3,44,D1-K2cross_e30_r044,Alg2_Ru10,0.9310344827586207,,
1b,D1-K2cross,0.3,44,D1-K2cross_e30_r044,TCRlong(0.40)+rw+A2_Rs20,0.9359605911330049,,
1b,D1-K2cross,0.3,44,D1-K2cross_e30_r044,TCRlong(0.40)+rw+A2_Ru10,0.9359605911330049,,
1b,D1-K2cross,0.35,44,D1-K2cross_e35_r044,ESF12alone,0.9365853658536586,0.31666666666666665,0.07458957296330482
1b,D1-K2cross,0.35,44,D1-K2cross_e35_r044,ESF12,0.9365853658536586,,
1b,D1-K2cross,0.35,44,D1-K2cross_e35_r044,Alg2_Rs20,0.9365853658536586,,
1b,D1-K2cross,0.35,44,D1-K2cross_e35_r044,Alg2_Ru10,0.9365853658536586,,
1b,D1-K2cross,0.35,44,D1-K2cross_e35_r044,TCRlong(0.40)+rw+A2_Rs20,0.9414634146341463,,
1b,D1-K2cross,0.35,44,D1-K2cross_e35_r044,TCRlong(0.40)+rw+A2_Ru10,0.9414634146341463,,
1b,D2-K3par,0.25,44,D2-K3par_e25_r044,ESF12alone,0.9022222222222223,0.25,0.3537860099459067
1b,D2-K3par,0.25,44,D2-K3par_e25_r044,ESF12,0.9022222222222223,,
1b,D2-K3par,0.25,44,D2-K3par_e25_r044,Alg2_Rs20,0.9022222222222223,,
1b,D2-K3par,0.25,44,D2-K3par_e25_r044,Alg2_Ru10,0.9022222222222223,,
1b,D2-K3par,0.25,44,D2-K3par_e25_r044,TCRlong(0.40)+rw+A2_Rs20,0.8711111111111111,,
1b,D2-K3par,0.25,44,D2-K3par_e25_r044,TCRlong(0.40)+rw+A2_Ru10,0.8711111111111111,,
1b,D2-K3par,0.3,44,D2-K3par_e30_r044,ESF12alone,0.9032258064516129,0.27666666666666667,0.34762464195955545
1b,D2-K3par,0.3,44,D2-K3par_e30_r044,ESF12,0.9032258064516129,,
1b,D2-K3par,0.3,44,D2-K3par_e30_r044,Alg2_Rs20,0.9032258064516129,,
1b,D2-K3par,0.3,44,D2-K3par_e30_r044,Alg2_Ru10,0.9032258064516129,,
1b,D2-K3par,0.3,44,D2-K3par_e30_r044,TCRlong(0.40)+rw+A2_Rs20,0.9032258064516129,,
1b,D2-K3par,0.3,44,D2-K3par_e30_r044,TCRlong(0.40)+rw+A2_Ru10,0.9032258064516129,,
1b,D2-K3par,0.35,44,D2-K3par_e35_r044,ESF12alone,0.6502463054187192,0.14,0.3786097300471738
1b,D2-K3par,0.35,44,D2-K3par_e35_r044,ESF12,0.6502463054187192,,
1b,D2-K3par,0.35,44,D2-K3par_e35_r044,Alg2_Rs20,0.645320197044335,,
1b,D2-K3par,0.35,44,D2-K3par_e35_r044,Alg2_Ru10,0.645320197044335,,
1b,D2-K3par,0.35,44,D2-K3par_e35_r044,TCRlong(0.40)+rw+A2_Rs20,0.9014778325123153,,
1b,D2-K3par,0.35,44,D2-K3par_e35_r044,TCRlong(0.40)+rw+A2_Ru10,0.9014778325123153,,
1b,D3-unequal,0.25,44,D3-unequal_e25_r044,ESF12alone,0.8898305084745762,0.21333333333333335,0.07457683398388326
1b,D3-unequal,0.25,44,D3-unequal_e25_r044,ESF12,0.8898305084745762,,
1b,D3-unequal,0.25,44,D3-unequal_e25_r044,Alg2_Rs20,0.8898305084745762,,
1b,D3-unequal,0.25,44,D3-unequal_e25_r044,Alg2_Ru10,0.8898305084745762,,
1b,D3-unequal,0.25,44,D3-unequal_e25_r044,TCRlong(0.40)+rw+A2_Rs20,0.8898305084745762,,
1b,D3-unequal,0.25,44,D3-unequal_e25_r044,TCRlong(0.40)+rw+A2_Ru10,0.8898305084745762,,
1b,D3-unequal,0.3,44,D3-unequal_e30_r044,ESF12alone,0.8271028037383178,0.2866666666666667,0.08204629796091467
1b,D3-unequal,0.3,44,D3-unequal_e30_r044,ESF12,0.8271028037383178,,
1b,D3-unequal,0.3,44,D3-unequal_e30_r044,Alg2_Rs20,0.8271028037383178,,
1b,D3-unequal,0.3,44,D3-unequal_e30_r044,Alg2_Ru10,0.8271028037383178,,
1b,D3-unequal,0.3,44,D3-unequal_e30_r044,TCRlong(0.40)+rw+A2_Rs20,0.8271028037383178,,
1b,D3-unequal,0.3,44,D3-unequal_e30_r044,TCRlong(0.40)+rw+A2_Ru10,0.8271028037383178,,
1b,D3-unequal,0.35,44,D3-unequal_e35_r044,ESF12alone,0.5073170731707317,0.31666666666666665,0.08470758295152336
1b,D3-unequal,0.35,44,D3-unequal_e35_r044,ESF12,0.5073170731707317,,
1b,D3-unequal,0.35,44,D3-unequal_e35_r044,Alg2_Rs20,0.8975609756097561,,
1b,D3-unequal,0.35,44,D3-unequal_e35_r044,Alg2_Ru10,0.8975609756097561,,
1b,D3-unequal,0.35,44,D3-unequal_e35_r044,TCRlong(0.40)+rw+A2_Rs20,0.8975609756097561,,
1b,D3-unequal,0.35,44,D3-unequal_e35_r044,TCRlong(0.40)+rw+A2_Ru10,0.8975609756097561,,
1b,D4-hetero,0.25,44,D4-hetero_e25_r044,ESF12alone,0.9103139013452914,0.25666666666666665,0.07104693201836199
1b,D4-hetero,0.25,44,D4-hetero_e25_r044,ESF12,0.9103139013452914,,
1b,D4-hetero,0.25,44,D4-hetero_e25_r044,Alg2_Rs20,0.9147982062780269,,
1b,D4-hetero,0.25,44,D4-hetero_e25_r044,Alg2_Ru10,0.9147982062780269,,
1b,D4-hetero,0.25,44,D4-hetero_e25_r044,TCRlong(0.40)+rw+A2_Rs20,0.9147982062780269,,
1b,D4-hetero,0.25,44,D4-hetero_e25_r044,TCRlong(0.40)+rw+A2_Ru10,0.9147982062780269,,
1b,D4-hetero,0.3,44,D4-hetero_e30_r044,ESF12alone,0.9043478260869565,0.24,0.07728049601428211
1b,D4-hetero,0.3,44,D4-hetero_e30_r044,ESF12,0.9043478260869565,,
1b,D4-hetero,0.3,44,D4-hetero_e30_r044,Alg2_Rs20,0.9043478260869565,,
1b,D4-hetero,0.3,44,D4-hetero_e30_r044,Alg2_Ru10,0.9043478260869565,,
1b,D4-hetero,0.3,44,D4-hetero_e30_r044,TCRlong(0.40)+rw+A2_Rs20,0.9,,
1b,D4-hetero,0.3,44,D4-hetero_e30_r044,TCRlong(0.40)+rw+A2_Ru10,0.9,,
1b,D4-hetero,0.35,44,D4-hetero_e35_r044,ESF12alone,0.9315789473684211,0.37333333333333335,0.08337906992528588
1b,D4-hetero,0.35,44,D4-hetero_e35_r044,ESF12,0.9315789473684211,,
1b,D4-hetero,0.35,44,D4-hetero_e35_r044,Alg2_Rs20,0.9315789473684211,,
1b,D4-hetero,0.35,44,D4-hetero_e35_r044,Alg2_Ru10,0.9315789473684211,,
1b,D4-hetero,0.35,44,D4-hetero_e35_r044,TCRlong(0.40)+rw+A2_Rs20,0.9368421052631579,,
1b,D4-hetero,0.35,44,D4-hetero_e35_r044,TCRlong(0.40)+rw+A2_Ru10,0.9368421052631579,,
1b,D5-leverage,0.25,44,D5-leverage_e25_r044,ESF12alone,0.5347826086956522,0.07,0.08442599605768919
1b,D5-leverage,0.25,44,D5-leverage_e25_r044,ESF12,0.5304347826086957,,
1b,D5-leverage,0.25,44,D5-leverage_e25_r044,Alg2_Rs20,0.5304347826086957,,
1b,D5-leverage,0.25,44,D5-leverage_e25_r044,Alg2_Ru10,0.5304347826086957,,
1b,D5-leverage,0.25,44,D5-leverage_e25_r044,TCRlong(0.40)+rw+A2_Rs20,0.5217391304347826,,
1b,D5-leverage,0.25,44,D5-leverage_e25_r044,TCRlong(0.40)+rw+A2_Ru10,0.5217391304347826,,
1b,D5-leverage,0.3,44,D5-leverage_e30_r044,ESF12alone,0.5050505050505051,0.12333333333333334,0.08405931503511965
1b,D5-leverage,0.3,44,D5-leverage_e30_r044,ESF12,0.5050505050505051,,
1b,D5-leverage,0.3,44,D5-leverage_e30_r044,Alg2_Rs20,0.5151515151515151,,
1b,D5-leverage,0.3,44,D5-leverage_e30_r044,Alg2_Ru10,0.5151515151515151,,
1b,D5-leverage,0.3,44,D5-leverage_e30_r044,TCRlong(0.40)+rw+A2_Rs20,0.5202020202020202,,
1b,D5-leverage,0.3,44,D5-leverage_e30_r044,TCRlong(0.40)+rw+A2_Ru10,0.5202020202020202,,
1b,D5-leverage,0.35,44,D5-leverage_e35_r044,ESF12alone,0.56,0.006666666666666667,0.07900991209316999
1b,D5-leverage,0.35,44,D5-leverage_e35_r044,ESF12,0.56,,
1b,D5-leverage,0.35,44,D5-leverage_e35_r044,Alg2_Rs20,0.55,,
1b,D5-leverage,0.35,44,D5-leverage_e35_r044,Alg2_Ru10,0.55,,
1b,D5-leverage,0.35,44,D5-leverage_e35_r044,TCRlong(0.40)+rw+A2_Rs20,0.55,,
1b,D5-leverage,0.35,44,D5-leverage_e35_r044,TCRlong(0.40)+rw+A2_Ru10,0.55,,
1b,D6-uniform,0.25,44,D6-uniform_e25_r044,ESF12alone,0.5064935064935064,0.0,0.07927115401253104
1b,D6-uniform,0.25,44,D6-uniform_e25_r044,ESF12,0.5064935064935064,,
1b,D6-uniform,0.25,44,D6-uniform_e25_r044,Alg2_Rs20,0.9090909090909091,,
1b,D6-uniform,0.25,44,D6-uniform_e25_r044,Alg2_Ru10,0.9090909090909091,,
1b,D6-uniform,0.25,44,D6-uniform_e25_r044,TCRlong(0.40)+rw+A2_Rs20,0.9090909090909091,,
1b,D6-uniform,0.25,44,D6-uniform_e25_r044,TCRlong(0.40)+rw+A2_Ru10,0.9090909090909091,,
1b,D6-uniform,0.3,44,D6-uniform_e30_r044,ESF12alone,0.5066666666666667,0.0,0.07603372097946703
1b,D6-uniform,0.3,44,D6-uniform_e30_r044,ESF12,0.5066666666666667,,
1b,D6-uniform,0.3,44,D6-uniform_e30_r044,Alg2_Rs20,0.8977777777777778,,
1b,D6-uniform,0.3,44,D6-uniform_e30_r044,Alg2_Ru10,0.8977777777777778,,
1b,D6-uniform,0.3,44,D6-uniform_e30_r044,TCRlong(0.40)+rw+A2_Rs20,0.9022222222222223,,
1b,D6-uniform,0.3,44,D6-uniform_e30_r044,TCRlong(0.40)+rw+A2_Ru10,0.9022222222222223,,
1b,D6-uniform,0.35,44,D6-uniform_e35_r044,ESF12alone,0.5028248587570622,0.0,0.07535008189734071
1b,D6-uniform,0.35,44,D6-uniform_e35_r044,ESF12,0.5028248587570622,,
1b,D6-uniform,0.35,44,D6-uniform_e35_r044,Alg2_Rs20,0.5028248587570622,,
1b,D6-uniform,0.35,44,D6-uniform_e35_r044,Alg2_Ru10,0.5028248587570622,,
1b,D6-uniform,0.35,44,D6-uniform_e35_r044,TCRlong(0.40)+rw+A2_Rs20,0.519774011299435,,
1b,D6-uniform,0.35,44,D6-uniform_e35_r044,TCRlong(0.40)+rw+A2_Ru10,0.519774011299435,,
1b,D7-p3,0.25,44,D7-p3_e25_r044,ESF12alone,0.8755980861244019,0.3333333333333333,1.9563772300025448
1b,D7-p3,0.25,44,D7-p3_e25_r044,ESF12,0.8755980861244019,,
1b,D7-p3,0.25,44,D7-p3_e25_r044,Alg2_Rs20,0.8755980861244019,,
1b,D7-p3,0.25,44,D7-p3_e25_r044,Alg2_Ru10,0.8755980861244019,,
1b,D7-p3,0.25,44,D7-p3_e25_r044,TCRlong(0.40)+rw+A2_Rs20,0.8851674641148325,,
1b,D7-p3,0.25,44,D7-p3_e25_r044,TCRlong(0.40)+rw+A2_Ru10,0.8851674641148325,,
1b,D7-p3,0.3,44,D7-p3_e30_r044,ESF12alone,0.8755980861244019,0.30333333333333334,1.9478461630642414
1b,D7-p3,0.3,44,D7-p3_e30_r044,ESF12,0.8755980861244019,,
1b,D7-p3,0.3,44,D7-p3_e30_r044,Alg2_Rs20,0.8755980861244019,,
1b,D7-p3,0.3,44,D7-p3_e30_r044,Alg2_Ru10,0.8755980861244019,,
1b,D7-p3,0.3,44,D7-p3_e30_r044,TCRlong(0.40)+rw+A2_Rs20,0.8755980861244019,,
1b,D7-p3,0.3,44,D7-p3_e30_r044,TCRlong(0.40)+rw+A2_Ru10,0.8755980861244019,,
1b,D7-p3,0.35,44,D7-p3_e35_r044,ESF12alone,0.9086021505376344,0.38,1.1022118049440905
1b,D7-p3,0.35,44,D7-p3_e35_r044,ESF12,0.9086021505376344,,
1b,D7-p3,0.35,44,D7-p3_e35_r044,Alg2_Rs20,0.9086021505376344,,
1b,D7-p3,0.35,44,D7-p3_e35_r044,Alg2_Ru10,0.9086021505376344,,
1b,D7-p3,0.35,44,D7-p3_e35_r044,TCRlong(0.40)+rw+A2_Rs20,0.9032258064516129,,
1b,D7-p3,0.35,44,D7-p3_e35_r044,TCRlong(0.40)+rw+A2_Ru10,0.9032258064516129,,
1b,D8-K2par-sep,0.25,44,D8-K2par-sep_e25_r044,ESF12alone,1.0,0.26,0.08173361606895924
1b,D8-K2par-sep,0.25,44,D8-K2par-sep_e25_r044,ESF12,1.0,,
1b,D8-K2par-sep,0.25,44,D8-K2par-sep_e25_r044,Alg2_Rs20,1.0,,
1b,D8-K2par-sep,0.25,44,D8-K2par-sep_e25_r044,Alg2_Ru10,1.0,,
1b,D8-K2par-sep,0.25,44,D8-K2par-sep_e25_r044,TCRlong(0.40)+rw+A2_Rs20,1.0,,
1b,D8-K2par-sep,0.25,44,D8-K2par-sep_e25_r044,TCRlong(0.40)+rw+A2_Ru10,1.0,,
1b,D8-K2par-sep,0.3,44,D8-K2par-sep_e30_r044,ESF12alone,1.0,0.32666666666666666,0.08427612704690546
1b,D8-K2par-sep,0.3,44,D8-K2par-sep_e30_r044,ESF12,1.0,,
1b,D8-K2par-sep,0.3,44,D8-K2par-sep_e30_r044,Alg2_Rs20,1.0,,
1b,D8-K2par-sep,0.3,44,D8-K2par-sep_e30_r044,Alg2_Ru10,1.0,,
1b,D8-K2par-sep,0.3,44,D8-K2par-sep_e30_r044,TCRlong(0.40)+rw+A2_Rs20,1.0,,
1b,D8-K2par-sep,0.3,44,D8-K2par-sep_e30_r044,TCRlong(0.40)+rw+A2_Ru10,1.0,,
1b,D8-K2par-sep,0.35,44,D8-K2par-sep_e35_r044,ESF12alone,1.0,0.33666666666666667,0.09456651692744344
1b,D8-K2par-sep,0.35,44,D8-K2par-sep_e35_r044,ESF12,1.0,,
1b,D8-K2par-sep,0.35,44,D8-K2par-sep_e35_r044,Alg2_Rs20,1.0,,
1b,D8-K2par-sep,0.35,44,D8-K2par-sep_e35_r044,Alg2_Ru10,1.0,,
1b,D8-K2par-sep,0.35,44,D8-K2par-sep_e35_r044,TCRlong(0.40)+rw+A2_Rs20,1.0,,
1b,D8-K2par-sep,0.35,44,D8-K2par-sep_e35_r044,TCRlong(0.40)+rw+A2_Ru10,1.0,,
1b,D1-K2cross,0.25,45,D1-K2cross_e25_r045,ESF12alone,0.896551724137931,0.23333333333333334,0.0837104331003502
1b,D1-K2cross,0.25,45,D1-K2cross_e25_r045,ESF12,0.896551724137931,,
1b,D1-K2cross,0.25,45,D1-K2cross_e25_r045,Alg2_Rs20,0.896551724137931,,
1b,D1-K2cross,0.25,45,D1-K2cross_e25_r045,Alg2_Ru10,0.896551724137931,,
1b,D1-K2cross,0.25,45,D1-K2cross_e25_r045,TCRlong(0.40)+rw+A2_Rs20,0.896551724137931,,
1b,D1-K2cross,0.25,45,D1-K2cross_e25_r045,TCRlong(0.40)+rw+A2_Ru10,0.896551724137931,,
1b,D1-K2cross,0.3,45,D1-K2cross_e30_r045,ESF12alone,0.9220183486238532,0.2733333333333333,0.08215919195208699
1b,D1-K2cross,0.3,45,D1-K2cross_e30_r045,ESF12,0.9220183486238532,,
1b,D1-K2cross,0.3,45,D1-K2cross_e30_r045,Alg2_Rs20,0.9220183486238532,,
1b,D1-K2cross,0.3,45,D1-K2cross_e30_r045,Alg2_Ru10,0.9220183486238532,,
1b,D1-K2cross,0.3,45,D1-K2cross_e30_r045,TCRlong(0.40)+rw+A2_Rs20,0.9220183486238532,,
1b,D1-K2cross,0.3,45,D1-K2cross_e30_r045,TCRlong(0.40)+rw+A2_Ru10,0.9220183486238532,,
1b,D1-K2cross,0.35,45,D1-K2cross_e35_r045,ESF12alone,0.9033816425120773,0.31,0.07639940199442208
1b,D1-K2cross,0.35,45,D1-K2cross_e35_r045,ESF12,0.9033816425120773,,
1b,D1-K2cross,0.35,45,D1-K2cross_e35_r045,Alg2_Rs20,0.9033816425120773,,
1b,D1-K2cross,0.35,45,D1-K2cross_e35_r045,Alg2_Ru10,0.9033816425120773,,
1b,D1-K2cross,0.35,45,D1-K2cross_e35_r045,TCRlong(0.40)+rw+A2_Rs20,0.9033816425120773,,
1b,D1-K2cross,0.35,45,D1-K2cross_e35_r045,TCRlong(0.40)+rw+A2_Ru10,0.9033816425120773,,
1b,D2-K3par,0.25,45,D2-K3par_e25_r045,ESF12alone,0.8884120171673819,0.22333333333333333,0.24908126099035144
1b,D2-K3par,0.25,45,D2-K3par_e25_r045,ESF12,0.8884120171673819,,
1b,D2-K3par,0.25,45,D2-K3par_e25_r045,Alg2_Rs20,0.8884120171673819,,
1b,D2-K3par,0.25,45,D2-K3par_e25_r045,Alg2_Ru10,0.8884120171673819,,
1b,D2-K3par,0.25,45,D2-K3par_e25_r045,TCRlong(0.40)+rw+A2_Rs20,0.7854077253218884,,
1b,D2-K3par,0.25,45,D2-K3par_e25_r045,TCRlong(0.40)+rw+A2_Ru10,0.7854077253218884,,
1b,D2-K3par,0.3,45,D2-K3par_e30_r045,ESF12alone,0.8857142857142857,0.3,0.3819115270162001
1b,D2-K3par,0.3,45,D2-K3par_e30_r045,ESF12,0.8857142857142857,,
1b,D2-K3par,0.3,45,D2-K3par_e30_r045,Alg2_Rs20,0.8952380952380953,,
1b,D2-K3par,0.3,45,D2-K3par_e30_r045,Alg2_Ru10,0.8952380952380953,,
1b,D2-K3par,0.3,45,D2-K3par_e30_r045,TCRlong(0.40)+rw+A2_Rs20,0.8857142857142857,,
1b,D2-K3par,0.3,45,D2-K3par_e30_r045,TCRlong(0.40)+rw+A2_Ru10,0.8857142857142857,,
1b,D2-K3par,0.35,45,D2-K3par_e35_r045,ESF12alone,0.645,0.14666666666666667,0.42152753402478993
1b,D2-K3par,0.35,45,D2-K3par_e35_r045,ESF12,0.645,,
1b,D2-K3par,0.35,45,D2-K3par_e35_r045,Alg2_Rs20,0.645,,
1b,D2-K3par,0.35,45,D2-K3par_e35_r045,Alg2_Ru10,0.645,,
1b,D2-K3par,0.35,45,D2-K3par_e35_r045,TCRlong(0.40)+rw+A2_Rs20,0.895,,
1b,D2-K3par,0.35,45,D2-K3par_e35_r045,TCRlong(0.40)+rw+A2_Ru10,0.895,,
1b,D3-unequal,0.25,45,D3-unequal_e25_r045,ESF12alone,0.8995433789954338,0.27,0.074635392986238
1b,D3-unequal,0.25,45,D3-unequal_e25_r045,ESF12,0.8995433789954338,,
1b,D3-unequal,0.25,45,D3-unequal_e25_r045,Alg2_Rs20,0.8995433789954338,,
1b,D3-unequal,0.25,45,D3-unequal_e25_r045,Alg2_Ru10,0.8995433789954338,,
1b,D3-unequal,0.25,45,D3-unequal_e25_r045,TCRlong(0.40)+rw+A2_Rs20,0.8995433789954338,,
1b,D3-unequal,0.25,45,D3-unequal_e25_r045,TCRlong(0.40)+rw+A2_Ru10,0.8995433789954338,,
1b,D3-unequal,0.3,45,D3-unequal_e30_r045,ESF12alone,0.7487437185929648,0.19333333333333333,0.09304341010283679
1b,D3-unequal,0.3,45,D3-unequal_e30_r045,ESF12,0.7487437185929648,,
1b,D3-unequal,0.3,45,D3-unequal_e30_r045,Alg2_Rs20,0.6934673366834171,,
1b,D3-unequal,0.3,45,D3-unequal_e30_r045,Alg2_Ru10,0.6934673366834171,,
1b,D3-unequal,0.3,45,D3-unequal_e30_r045,TCRlong(0.40)+rw+A2_Rs20,0.7437185929648241,,
1b,D3-unequal,0.3,45,D3-unequal_e30_r045,TCRlong(0.40)+rw+A2_Ru10,0.7437185929648241,,
1b,D3-unequal,0.35,45,D3-unequal_e35_r045,ESF12alone,0.9368932038834952,0.31333333333333335,0.08122859301511198
1b,D3-unequal,0.35,45,D3-unequal_e35_r045,ESF12,0.9368932038834952,,
1b,D3-unequal,0.35,45,D3-unequal_e35_r045,Alg2_Rs20,0.9466019417475728,,
1b,D3-unequal,0.35,45,D3-unequal_e35_r045,Alg2_Ru10,0.9466019417475728,,
1b,D3-unequal,0.35,45,D3-unequal_e35_r045,TCRlong(0.40)+rw+A2_Rs20,0.9466019417475728,,
1b,D3-unequal,0.35,45,D3-unequal_e35_r045,TCRlong(0.40)+rw+A2_Ru10,0.9466019417475728,,
1b,D4-hetero,0.25,45,D4-hetero_e25_r045,ESF12alone,0.9434782608695652,0.24333333333333335,0.085630384972319
1b,D4-hetero,0.25,45,D4-hetero_e25_r045,ESF12,0.9434782608695652,,
1b,D4-hetero,0.25,45,D4-hetero_e25_r045,Alg2_Rs20,0.9304347826086956,,
1b,D4-hetero,0.25,45,D4-hetero_e25_r045,Alg2_Ru10,0.9304347826086956,,
1b,D4-hetero,0.25,45,D4-hetero_e25_r045,TCRlong(0.40)+rw+A2_Rs20,0.9347826086956522,,
1b,D4-hetero,0.25,45,D4-hetero_e25_r045,TCRlong(0.40)+rw+A2_Ru10,0.9347826086956522,,
1b,D4-hetero,0.3,45,D4-hetero_e30_r045,ESF12alone,0.9038461538461539,0.32,0.094405681011267
1b,D4-hetero,0.3,45,D4-hetero_e30_r045,ESF12,0.9038461538461539,,
1b,D4-hetero,0.3,45,D4-hetero_e30_r045,Alg2_Rs20,0.8990384615384616,,
1b,D4-hetero,0.3,45,D4-hetero_e30_r045,Alg2_Ru10,0.8990384615384616,,
1b,D4-hetero,0.3,45,D4-hetero_e30_r045,TCRlong(0.40)+rw+A2_Rs20,0.9038461538461539,,
1b,D4-hetero,0.3,45,D4-hetero_e30_r045,TCRlong(0.40)+rw+A2_Ru10,0.9038461538461539,,
1b,D4-hetero,0.35,45,D4-hetero_e35_r045,ESF12alone,0.896551724137931,0.32666666666666666,0.09202518605161458
1b,D4-hetero,0.35,45,D4-hetero_e35_r045,ESF12,0.896551724137931,,
1b,D4-hetero,0.35,45,D4-hetero_e35_r045,Alg2_Rs20,0.896551724137931,,
1b,D4-hetero,0.35,45,D4-hetero_e35_r045,Alg2_Ru10,0.896551724137931,,
1b,D4-hetero,0.35,45,D4-hetero_e35_r045,TCRlong(0.40)+rw+A2_Rs20,0.8916256157635468,,
1b,D4-hetero,0.35,45,D4-hetero_e35_r045,TCRlong(0.40)+rw+A2_Ru10,0.8916256157635468,,
1b,D5-leverage,0.25,45,D5-leverage_e25_r045,ESF12alone,0.509009009009009,0.14333333333333334,0.07803480699658394
1b,D5-leverage,0.25,45,D5-leverage_e25_r045,ESF12,0.509009009009009,,
1b,D5-leverage,0.25,45,D5-leverage_e25_r045,Alg2_Rs20,0.509009009009009,,
1b,D5-leverage,0.25,45,D5-leverage_e25_r045,Alg2_Ru10,0.509009009009009,,
1b,D5-leverage,0.25,45,D5-leverage_e25_r045,TCRlong(0.40)+rw+A2_Rs20,0.509009009009009,,
1b,D5-leverage,0.25,45,D5-leverage_e25_r045,TCRlong(0.40)+rw+A2_Ru10,0.509009009009009,,
1b,D5-leverage,0.3,45,D5-leverage_e30_r045,ESF12alone,0.5625,0.12333333333333334,0.07795391697436571
1b,D5-leverage,0.3,45,D5-leverage_e30_r045,ESF12,0.5625,,
1b,D5-leverage,0.3,45,D5-leverage_e30_r045,Alg2_Rs20,0.5240384615384616,,
1b,D5-leverage,0.3,45,D5-leverage_e30_r045,Alg2_Ru10,0.5240384615384616,,
1b,D5-leverage,0.3,45,D5-leverage_e30_r045,TCRlong(0.40)+rw+A2_Rs20,0.5240384615384616,,
1b,D5-leverage,0.3,45,D5-leverage_e30_r045,TCRlong(0.40)+rw+A2_Ru10,0.5240384615384616,,
1b,D5-leverage,0.35,45,D5-leverage_e35_r045,ESF12alone,0.5053191489361702,0.0,0.0805359180085361
1b,D5-leverage,0.35,45,D5-leverage_e35_r045,ESF12,0.5053191489361702,,
1b,D5-leverage,0.35,45,D5-leverage_e35_r045,Alg2_Rs20,0.5053191489361702,,
1b,D5-leverage,0.35,45,D5-leverage_e35_r045,Alg2_Ru10,0.5053191489361702,,
1b,D5-leverage,0.35,45,D5-leverage_e35_r045,TCRlong(0.40)+rw+A2_Rs20,0.5159574468085106,,
1b,D5-leverage,0.35,45,D5-leverage_e35_r045,TCRlong(0.40)+rw+A2_Ru10,0.5159574468085106,,
1b,D6-uniform,0.25,45,D6-uniform_e25_r045,ESF12alone,0.9041095890410958,0.18666666666666668,0.08079350797925144
1b,D6-uniform,0.25,45,D6-uniform_e25_r045,ESF12,0.9041095890410958,,
1b,D6-uniform,0.25,45,D6-uniform_e25_r045,Alg2_Rs20,0.9315068493150684,,
1b,D6-uniform,0.25,45,D6-uniform_e25_r045,Alg2_Ru10,0.9315068493150684,,
1b,D6-uniform,0.25,45,D6-uniform_e25_r045,TCRlong(0.40)+rw+A2_Rs20,0.908675799086758,,
1b,D6-uniform,0.25,45,D6-uniform_e25_r045,TCRlong(0.40)+rw+A2_Ru10,0.908675799086758,,
1b,D6-uniform,0.3,45,D6-uniform_e30_r045,ESF12alone,0.5024630541871922,0.0,0.08062923490069807
1b,D6-uniform,0.3,45,D6-uniform_e30_r045,ESF12,0.5024630541871922,,
1b,D6-uniform,0.3,45,D6-uniform_e30_r045,Alg2_Rs20,0.5073891625615764,,
1b,D6-uniform,0.3,45,D6-uniform_e30_r045,Alg2_Ru10,0.5073891625615764,,
1b,D6-uniform,0.3,45,D6-uniform_e30_r045,TCRlong(0.40)+rw+A2_Rs20,0.6009852216748769,,
1b,D6-uniform,0.3,45,D6-uniform_e30_r045,TCRlong(0.40)+rw+A2_Ru10,0.6009852216748769,,
1b,D6-uniform,0.35,45,D6-uniform_e35_r045,ESF12alone,0.553763440860215,0.0,0.07830569392535836
1b,D6-uniform,0.35,45,D6-uniform_e35_r045,ESF12,0.553763440860215,,
1b,D6-uniform,0.35,45,D6-uniform_e35_r045,Alg2_Rs20,0.5591397849462365,,
1b,D6-uniform,0.35,45,D6-uniform_e35_r045,Alg2_Ru10,0.5591397849462365,,
1b,D6-uniform,0.35,45,D6-uniform_e35_r045,TCRlong(0.40)+rw+A2_Rs20,0.5752688172043011,,
1b,D6-uniform,0.35,45,D6-uniform_e35_r045,TCRlong(0.40)+rw+A2_Ru10,0.5752688172043011,,
1b,D7-p3,0.25,45,D7-p3_e25_r045,ESF12alone,0.9264069264069265,0.23,1.806459872983396
1b,D7-p3,0.25,45,D7-p3_e25_r045,ESF12,0.9264069264069265,,
1b,D7-p3,0.25,45,D7-p3_e25_r045,Alg2_Rs20,0.9264069264069265,,
1b,D7-p3,0.25,45,D7-p3_e25_r045,Alg2_Ru10,0.9264069264069265,,
1b,D7-p3,0.25,45,D7-p3_e25_r045,TCRlong(0.40)+rw+A2_Rs20,0.9264069264069265,,
1b,D7-p3,0.25,45,D7-p3_e25_r045,TCRlong(0.40)+rw+A2_Ru10,0.9264069264069265,,
1b,D7-p3,0.3,45,D7-p3_e30_r045,ESF12alone,0.8811881188118812,0.33,1.7337009119801223
1b,D7-p3,0.3,45,D7-p3_e30_r045,ESF12,0.8811881188118812,,
1b,D7-p3,0.3,45,D7-p3_e30_r045,Alg2_Rs20,0.8910891089108911,,
1b,D7-p3,0.3,45,D7-p3_e30_r045,Alg2_Ru10,0.8910891089108911,,
1b,D7-p3,0.3,45,D7-p3_e30_r045,TCRlong(0.40)+rw+A2_Rs20,0.8910891089108911,,
1b,D7-p3,0.3,45,D7-p3_e30_r045,TCRlong(0.40)+rw+A2_Ru10,0.8910891089108911,,
1b,D7-p3,0.35,45,D7-p3_e35_r045,ESF12alone,0.9117647058823529,0.32,1.8585104160010815
1b,D7-p3,0.35,45,D7-p3_e35_r045,ESF12,0.9117647058823529,,
1b,D7-p3,0.35,45,D7-p3_e35_r045,Alg2_Rs20,0.9166666666666666,,
1b,D7-p3,0.35,45,D7-p3_e35_r045,Alg2_Ru10,0.9166666666666666,,
1b,D7-p3,0.35,45,D7-p3_e35_r045,TCRlong(0.40)+rw+A2_Rs20,0.9117647058823529,,
1b,D7-p3,0.35,45,D7-p3_e35_r045,TCRlong(0.40)+rw+A2_Ru10,0.9117647058823529,,
1b,D8-K2par-sep,0.25,45,D8-K2par-sep_e25_r045,ESF12alone,1.0,0.22666666666666666,0.078874038066715
1b,D8-K2par-sep,0.25,45,D8-K2par-sep_e25_r045,ESF12,1.0,,
1b,D8-K2par-sep,0.25,45,D8-K2par-sep_e25_r045,Alg2_Rs20,1.0,,
1b,D8-K2par-sep,0.25,45,D8-K2par-sep_e25_r045,Alg2_Ru10,1.0,,
1b,D8-K2par-sep,0.25,45,D8-K2par-sep_e25_r045,TCRlong(0.40)+rw+A2_Rs20,1.0,,
1b,D8-K2par-sep,0.25,45,D8-K2par-sep_e25_r045,TCRlong(0.40)+rw+A2_Ru10,1.0,,
1b,D8-K2par-sep,0.3,45,D8-K2par-sep_e30_r045,ESF12alone,1.0,0.31333333333333335,0.07599855796433985
1b,D8-K2par-sep,0.3,45,D8-K2par-sep_e30_r045,ESF12,1.0,,
1b,D8-K2par-sep,0.3,45,D8-K2par-sep_e30_r045,Alg2_Rs20,1.0,,
1b,D8-K2par-sep,0.3,45,D8-K2par-sep_e30_r045,Alg2_Ru10,1.0,,
1b,D8-K2par-sep,0.3,45,D8-K2par-sep_e30_r045,TCRlong(0.40)+rw+A2_Rs20,1.0,,
1b,D8-K2par-sep,0.3,45,D8-K2par-sep_e30_r045,TCRlong(0.40)+rw+A2_Ru10,1.0,,
1b,D8-K2par-sep,0.35,45,D8-K2par-sep_e35_r045,ESF12alone,1.0,0.31333333333333335,0.0800395569531247
1b,D8-K2par-sep,0.35,45,D8-K2par-sep_e35_r045,ESF12,1.0,,
1b,D8-K2par-sep,0.35,45,D8-K2par-sep_e35_r045,Alg2_Rs20,1.0,,
1b,D8-K2par-sep,0.35,45,D8-K2par-sep_e35_r045,Alg2_Ru10,1.0,,
1b,D8-K2par-sep,0.35,45,D8-K2par-sep_e35_r045,TCRlong(0.40)+rw+A2_Rs20,1.0,,
1b,D8-K2par-sep,0.35,45,D8-K2par-sep_e35_r045,TCRlong(0.40)+rw+A2_Ru10,1.0,,
1b,D1-K2cross,0.25,46,D1-K2cross_e25_r046,ESF12alone,0.9095022624434389,0.2633333333333333,0.08239461702760309
1b,D1-K2cross,0.25,46,D1-K2cross_e25_r046,ESF12,0.9095022624434389,,
1b,D1-K2cross,0.25,46,D1-K2cross_e25_r046,Alg2_Rs20,0.9095022624434389,,
1b,D1-K2cross,0.25,46,D1-K2cross_e25_r046,Alg2_Ru10,0.9095022624434389,,
1b,D1-K2cross,0.25,46,D1-K2cross_e25_r046,TCRlong(0.40)+rw+A2_Rs20,0.9095022624434389,,
1b,D1-K2cross,0.25,46,D1-K2cross_e25_r046,TCRlong(0.40)+rw+A2_Ru10,0.9095022624434389,,
1b,D1-K2cross,0.3,46,D1-K2cross_e30_r046,ESF12alone,0.9423076923076923,0.30666666666666664,0.09474261896684766
1b,D1-K2cross,0.3,46,D1-K2cross_e30_r046,ESF12,0.9423076923076923,,
1b,D1-K2cross,0.3,46,D1-K2cross_e30_r046,Alg2_Rs20,0.9423076923076923,,
1b,D1-K2cross,0.3,46,D1-K2cross_e30_r046,Alg2_Ru10,0.9423076923076923,,
1b,D1-K2cross,0.3,46,D1-K2cross_e30_r046,TCRlong(0.40)+rw+A2_Rs20,0.9423076923076923,,
1b,D1-K2cross,0.3,46,D1-K2cross_e30_r046,TCRlong(0.40)+rw+A2_Ru10,0.9423076923076923,,
1b,D1-K2cross,0.35,46,D1-K2cross_e35_r046,ESF12alone,0.9447236180904522,0.33666666666666667,0.08147965802345425
1b,D1-K2cross,0.35,46,D1-K2cross_e35_r046,ESF12,0.9447236180904522,,
1b,D1-K2cross,0.35,46,D1-K2cross_e35_r046,Alg2_Rs20,0.9447236180904522,,
1b,D1-K2cross,0.35,46,D1-K2cross_e35_r046,Alg2_Ru10,0.9447236180904522,,
1b,D1-K2cross,0.35,46,D1-K2cross_e35_r046,TCRlong(0.40)+rw+A2_Rs20,0.9447236180904522,,
1b,D1-K2cross,0.35,46,D1-K2cross_e35_r046,TCRlong(0.40)+rw+A2_Ru10,0.9447236180904522,,
1b,D2-K3par,0.25,46,D2-K3par_e25_r046,ESF12alone,0.9158878504672897,0.2866666666666667,0.4122965270653367
1b,D2-K3par,0.25,46,D2-K3par_e25_r046,ESF12,0.9158878504672897,,
1b,D2-K3par,0.25,46,D2-K3par_e25_r046,Alg2_Rs20,0.9158878504672897,,
1b,D2-K3par,0.25,46,D2-K3par_e25_r046,Alg2_Ru10,0.9158878504672897,,
1b,D2-K3par,0.25,46,D2-K3par_e25_r046,TCRlong(0.40)+rw+A2_Rs20,0.9158878504672897,,
1b,D2-K3par,0.25,46,D2-K3par_e25_r046,TCRlong(0.40)+rw+A2_Ru10,0.9158878504672897,,
1b,D2-K3par,0.3,46,D2-K3par_e30_r046,ESF12alone,0.9038461538461539,0.30666666666666664,0.2464601219398901
1b,D2-K3par,0.3,46,D2-K3par_e30_r046,ESF12,0.9038461538461539,,
1b,D2-K3par,0.3,46,D2-K3par_e30_r046,Alg2_Rs20,0.9182692307692307,,
1b,D2-K3par,0.3,46,D2-K3par_e30_r046,Alg2_Ru10,0.9182692307692307,,
1b,D2-K3par,0.3,46,D2-K3par_e30_r046,TCRlong(0.40)+rw+A2_Rs20,0.9182692307692307,,
1b,D2-K3par,0.3,46,D2-K3par_e30_r046,TCRlong(0.40)+rw+A2_Ru10,0.9182692307692307,,
1b,D2-K3par,0.35,46,D2-K3par_e35_r046,ESF12alone,0.3548387096774194,0.0033333333333333335,0.3654495950322598
1b,D2-K3par,0.35,46,D2-K3par_e35_r046,ESF12,0.3548387096774194,,
1b,D2-K3par,0.35,46,D2-K3par_e35_r046,Alg2_Rs20,0.3548387096774194,,
1b,D2-K3par,0.35,46,D2-K3par_e35_r046,Alg2_Ru10,0.3548387096774194,,
1b,D2-K3par,0.35,46,D2-K3par_e35_r046,TCRlong(0.40)+rw+A2_Rs20,0.6451612903225806,,
1b,D2-K3par,0.35,46,D2-K3par_e35_r046,TCRlong(0.40)+rw+A2_Ru10,0.6451612903225806,,
1b,D3-unequal,0.25,46,D3-unequal_e25_r046,ESF12alone,0.9102564102564102,0.22,0.0746865039691329
1b,D3-unequal,0.25,46,D3-unequal_e25_r046,ESF12,0.9102564102564102,,
1b,D3-unequal,0.25,46,D3-unequal_e25_r046,Alg2_Rs20,0.9102564102564102,,
1b,D3-unequal,0.25,46,D3-unequal_e25_r046,Alg2_Ru10,0.9102564102564102,,
1b,D3-unequal,0.25,46,D3-unequal_e25_r046,TCRlong(0.40)+rw+A2_Rs20,0.9102564102564102,,
1b,D3-unequal,0.25,46,D3-unequal_e25_r046,TCRlong(0.40)+rw+A2_Ru10,0.9102564102564102,,
1b,D3-unequal,0.3,46,D3-unequal_e30_r046,ESF12alone,0.9342723004694836,0.29,0.09293202706612647
1b,D3-unequal,0.3,46,D3-unequal_e30_r046,ESF12,0.9342723004694836,,
1b,D3-unequal,0.3,46,D3-unequal_e30_r046,Alg2_Rs20,0.9295774647887324,,
1b,D3-unequal,0.3,46,D3-unequal_e30_r046,Alg2_Ru10,0.9295774647887324,,
1b,D3-unequal,0.3,46,D3-unequal_e30_r046,TCRlong(0.40)+rw+A2_Rs20,0.9295774647887324,,
1b,D3-unequal,0.3,46,D3-unequal_e30_r046,TCRlong(0.40)+rw+A2_Ru10,0.9295774647887324,,
1b,D3-unequal,0.35,46,D3-unequal_e35_r046,ESF12alone,0.896551724137931,0.3233333333333333,0.08621598605532199
1b,D3-unequal,0.35,46,D3-unequal_e35_r046,ESF12,0.896551724137931,,
1b,D3-unequal,0.35,46,D3-unequal_e35_r046,Alg2_Rs20,0.896551724137931,,
1b,D3-unequal,0.35,46,D3-unequal_e35_r046,Alg2_Ru10,0.896551724137931,,
1b,D3-unequal,0.35,46,D3-unequal_e35_r046,TCRlong(0.40)+rw+A2_Rs20,0.896551724137931,,
1b,D3-unequal,0.35,46,D3-unequal_e35_r046,TCRlong(0.40)+rw+A2_Ru10,0.896551724137931,,
1b,D4-hetero,0.25,46,D4-hetero_e25_r046,ESF12alone,0.8986784140969163,0.24666666666666667,0.11022046604193747
1b,D4-hetero,0.25,46,D4-hetero_e25_r046,ESF12,0.8986784140969163,,
1b,D4-hetero,0.25,46,D4-hetero_e25_r046,Alg2_Rs20,0.8986784140969163,,
1b,D4-hetero,0.25,46,D4-hetero_e25_r046,Alg2_Ru10,0.8986784140969163,,
1b,D4-hetero,0.25,46,D4-hetero_e25_r046,TCRlong(0.40)+rw+A2_Rs20,0.8986784140969163,,
1b,D4-hetero,0.25,46,D4-hetero_e25_r046,TCRlong(0.40)+rw+A2_Ru10,0.8986784140969163,,
1b,D4-hetero,0.3,46,D4-hetero_e30_r046,ESF12alone,0.8888888888888888,0.32666666666666666,0.08442933892365545
1b,D4-hetero,0.3,46,D4-hetero_e30_r046,ESF12,0.8888888888888888,,
1b,D4-hetero,0.3,46,D4-hetero_e30_r046,Alg2_Rs20,0.8888888888888888,,
1b,D4-hetero,0.3,46,D4-hetero_e30_r046,Alg2_Ru10,0.8888888888888888,,
1b,D4-hetero,0.3,46,D4-hetero_e30_r046,TCRlong(0.40)+rw+A2_Rs20,0.8888888888888888,,
1b,D4-hetero,0.3,46,D4-hetero_e30_r046,TCRlong(0.40)+rw+A2_Ru10,0.8888888888888888,,
1b,D4-hetero,0.35,46,D4-hetero_e35_r046,ESF12alone,0.9032258064516129,0.38,0.10029552492778748
1b,D4-hetero,0.35,46,D4-hetero_e35_r046,ESF12,0.9032258064516129,,
1b,D4-hetero,0.35,46,D4-hetero_e35_r046,Alg2_Rs20,0.9032258064516129,,
1b,D4-hetero,0.35,46,D4-hetero_e35_r046,Alg2_Ru10,0.9032258064516129,,
1b,D4-hetero,0.35,46,D4-hetero_e35_r046,TCRlong(0.40)+rw+A2_Rs20,0.9032258064516129,,
1b,D4-hetero,0.35,46,D4-hetero_e35_r046,TCRlong(0.40)+rw+A2_Ru10,0.9032258064516129,,
1b,D5-leverage,0.25,46,D5-leverage_e25_r046,ESF12alone,0.9,0.24,0.07479260000400245
1b,D5-leverage,0.25,46,D5-leverage_e25_r046,ESF12,0.9,,
1b,D5-leverage,0.25,46,D5-leverage_e25_r046,Alg2_Rs20,0.9,,
1b,D5-leverage,0.25,46,D5-leverage_e25_r046,Alg2_Ru10,0.9,,
1b,D5-leverage,0.25,46,D5-leverage_e25_r046,TCRlong(0.40)+rw+A2_Rs20,0.9043478260869565,,
1b,D5-leverage,0.25,46,D5-leverage_e25_r046,TCRlong(0.40)+rw+A2_Ru10,0.9043478260869565,,
1b,D5-leverage,0.3,46,D5-leverage_e30_r046,ESF12alone,0.5314009661835749,0.0,0.07289118808694184
1b,D5-leverage,0.3,46,D5-leverage_e30_r046,ESF12,0.5314009661835749,,
1b,D5-leverage,0.3,46,D5-leverage_e30_r046,Alg2_Rs20,0.5072463768115942,,
1b,D5-leverage,0.3,46,D5-leverage_e30_r046,Alg2_Ru10,0.5072463768115942,,
1b,D5-leverage,0.3,46,D5-leverage_e30_r046,TCRlong(0.40)+rw+A2_Rs20,0.5024154589371981,,
1b,D5-leverage,0.3,46,D5-leverage_e30_r046,TCRlong(0.40)+rw+A2_Ru10,0.5024154589371981,,
1b,D5-leverage,0.35,46,D5-leverage_e35_r046,ESF12alone,0.5099009900990099,0.11,0.0764727049972862
1b,D5-leverage,0.35,46,D5-leverage_e35_r046,ESF12,0.5099009900990099,,
1b,D5-leverage,0.35,46,D5-leverage_e35_r046,Alg2_Rs20,0.504950495049505,,
1b,D5-leverage,0.35,46,D5-leverage_e35_r046,Alg2_Ru10,0.504950495049505,,
1b,D5-leverage,0.35,46,D5-leverage_e35_r046,TCRlong(0.40)+rw+A2_Rs20,0.5099009900990099,,
1b,D5-leverage,0.35,46,D5-leverage_e35_r046,TCRlong(0.40)+rw+A2_Ru10,0.5099009900990099,,
1b,D6-uniform,0.25,46,D6-uniform_e25_r046,ESF12alone,0.9154929577464789,0.11666666666666667,0.07737940188962966
1b,D6-uniform,0.25,46,D6-uniform_e25_r046,ESF12,0.9154929577464789,,
1b,D6-uniform,0.25,46,D6-uniform_e25_r046,Alg2_Rs20,0.5023474178403756,,
1b,D6-uniform,0.25,46,D6-uniform_e25_r046,Alg2_Ru10,0.5023474178403756,,
1b,D6-uniform,0.25,46,D6-uniform_e25_r046,TCRlong(0.40)+rw+A2_Rs20,0.9061032863849765,,
1b,D6-uniform,0.25,46,D6-uniform_e25_r046,TCRlong(0.40)+rw+A2_Ru10,0.9061032863849765,,
1b,D6-uniform,0.3,46,D6-uniform_e30_r046,ESF12alone,0.9473684210526315,0.22,0.07499570795334876
1b,D6-uniform,0.3,46,D6-uniform_e30_r046,ESF12,0.9473684210526315,,
1b,D6-uniform,0.3,46,D6-uniform_e30_r046,Alg2_Rs20,0.9473684210526315,,
1b,D6-uniform,0.3,46,D6-uniform_e30_r046,Alg2_Ru10,0.9473684210526315,,
1b,D6-uniform,0.3,46,D6-uniform_e30_r046,TCRlong(0.40)+rw+A2_Rs20,0.9473684210526315,,
1b,D6-uniform,0.3,46,D6-uniform_e30_r046,TCRlong(0.40)+rw+A2_Ru10,0.9473684210526315,,
1b,D6-uniform,0.35,46,D6-uniform_e35_r046,ESF12alone,0.5771144278606966,0.0,0.08292941399849951
1b,D6-uniform,0.35,46,D6-uniform_e35_r046,ESF12,0.5771144278606966,,
1b,D6-uniform,0.35,46,D6-uniform_e35_r046,Alg2_Rs20,0.582089552238806,,
1b,D6-uniform,0.35,46,D6-uniform_e35_r046,Alg2_Ru10,0.582089552238806,,
1b,D6-uniform,0.35,46,D6-uniform_e35_r046,TCRlong(0.40)+rw+A2_Rs20,0.5024875621890548,,
1b,D6-uniform,0.35,46,D6-uniform_e35_r046,TCRlong(0.40)+rw+A2_Ru10,0.5024875621890548,,
1b,D7-p3,0.25,46,D7-p3_e25_r046,ESF12alone,0.9036144578313253,0.17,1.7260651079704985
1b,D7-p3,0.25,46,D7-p3_e25_r046,ESF12,0.9036144578313253,,
1b,D7-p3,0.25,46,D7-p3_e25_r046,Alg2_Rs20,0.9036144578313253,,
1b,D7-p3,0.25,46,D7-p3_e25_r046,Alg2_Ru10,0.9036144578313253,,
1b,D7-p3,0.25,46,D7-p3_e25_r046,TCRlong(0.40)+rw+A2_Rs20,0.9076305220883534,,
1b,D7-p3,0.25,46,D7-p3_e25_r046,TCRlong(0.40)+rw+A2_Ru10,0.9076305220883534,,
1b,D7-p3,0.3,46,D7-p3_e30_r046,ESF12alone,0.875,0.30666666666666664,1.9416646639583632
1b,D7-p3,0.3,46,D7-p3_e30_r046,ESF12,0.875,,
1b,D7-p3,0.3,46,D7-p3_e30_r046,Alg2_Rs20,0.8798076923076923,,
1b,D7-p3,0.3,46,D7-p3_e30_r046,Alg2_Ru10,0.8798076923076923,,
1b,D7-p3,0.3,46,D7-p3_e30_r046,TCRlong(0.40)+rw+A2_Rs20,0.8701923076923077,,
1b,D7-p3,0.3,46,D7-p3_e30_r046,TCRlong(0.40)+rw+A2_Ru10,0.8701923076923077,,
1b,D7-p3,0.35,46,D7-p3_e35_r046,ESF12alone,0.5307262569832403,0.18666666666666668,1.1477473489940166
1b,D7-p3,0.35,46,D7-p3_e35_r046,ESF12,0.5307262569832403,,
1b,D7-p3,0.35,46,D7-p3_e35_r046,Alg2_Rs20,0.8994413407821229,,
1b,D7-p3,0.35,46,D7-p3_e35_r046,Alg2_Ru10,0.8994413407821229,,
1b,D7-p3,0.35,46,D7-p3_e35_r046,TCRlong(0.40)+rw+A2_Rs20,0.8994413407821229,,
1b,D7-p3,0.35,46,D7-p3_e35_r046,TCRlong(0.40)+rw+A2_Ru10,0.8994413407821229,,
1b,D8-K2par-sep,0.25,46,D8-K2par-sep_e25_r046,ESF12alone,1.0,0.24666666666666667,0.042533252970315516
1b,D8-K2par-sep,0.25,46,D8-K2par-sep_e25_r046,ESF12,1.0,,
1b,D8-K2par-sep,0.25,46,D8-K2par-sep_e25_r046,Alg2_Rs20,1.0,,
1b,D8-K2par-sep,0.25,46,D8-K2par-sep_e25_r046,Alg2_Ru10,1.0,,
1b,D8-K2par-sep,0.25,46,D8-K2par-sep_e25_r046,TCRlong(0.40)+rw+A2_Rs20,1.0,,
1b,D8-K2par-sep,0.25,46,D8-K2par-sep_e25_r046,TCRlong(0.40)+rw+A2_Ru10,1.0,,
1b,D8-K2par-sep,0.3,46,D8-K2par-sep_e30_r046,ESF12alone,1.0,0.3233333333333333,0.04439802002161741
1b,D8-K2par-sep,0.3,46,D8-K2par-sep_e30_r046,ESF12,1.0,,
1b,D8-K2par-sep,0.3,46,D8-K2par-sep_e30_r046,Alg2_Rs20,1.0,,
1b,D8-K2par-sep,0.3,46,D8-K2par-sep_e30_r046,Alg2_Ru10,1.0,,
1b,D8-K2par-sep,0.3,46,D8-K2par-sep_e30_r046,TCRlong(0.40)+rw+A2_Rs20,1.0,,
1b,D8-K2par-sep,0.3,46,D8-K2par-sep_e30_r046,TCRlong(0.40)+rw+A2_Ru10,1.0,,
1b,D8-K2par-sep,0.35,46,D8-K2par-sep_e35_r046,ESF12alone,1.0,0.37666666666666665,0.07448815903626382
1b,D8-K2par-sep,0.35,46,D8-K2par-sep_e35_r046,ESF12,1.0,,
1b,D8-K2par-sep,0.35,46,D8-K2par-sep_e35_r046,Alg2_Rs20,1.0,,
1b,D8-K2par-sep,0.35,46,D8-K2par-sep_e35_r046,Alg2_Ru10,1.0,,
1b,D8-K2par-sep,0.35,46,D8-K2par-sep_e35_r046,TCRlong(0.40)+rw+A2_Rs20,1.0,,
1b,D8-K2par-sep,0.35,46,D8-K2par-sep_e35_r046,TCRlong(0.40)+rw+A2_Ru10,1.0,,
1b,D1-K2cross,0.25,47,D1-K2cross_e25_r047,ESF12alone,0.8766519823788547,0.24333333333333335,0.08309084293432534
1b,D1-K2cross,0.25,47,D1-K2cross_e25_r047,ESF12,0.8766519823788547,,
1b,D1-K2cross,0.25,47,D1-K2cross_e25_r047,Alg2_Rs20,0.8766519823788547,,
1b,D1-K2cross,0.25,47,D1-K2cross_e25_r047,Alg2_Ru10,0.8766519823788547,,
1b,D1-K2cross,0.25,47,D1-K2cross_e25_r047,TCRlong(0.40)+rw+A2_Rs20,0.8766519823788547,,
1b,D1-K2cross,0.25,47,D1-K2cross_e25_r047,TCRlong(0.40)+rw+A2_Ru10,0.8766519823788547,,
1b,D1-K2cross,0.3,47,D1-K2cross_e30_r047,ESF12alone,0.9305555555555556,0.28,0.0782664529979229
1b,D1-K2cross,0.3,47,D1-K2cross_e30_r047,ESF12,0.9305555555555556,,
1b,D1-K2cross,0.3,47,D1-K2cross_e30_r047,Alg2_Rs20,0.9305555555555556,,
1b,D1-K2cross,0.3,47,D1-K2cross_e30_r047,Alg2_Ru10,0.9305555555555556,,
1b,D1-K2cross,0.3,47,D1-K2cross_e30_r047,TCRlong(0.40)+rw+A2_Rs20,0.9305555555555556,,
1b,D1-K2cross,0.3,47,D1-K2cross_e30_r047,TCRlong(0.40)+rw+A2_Ru10,0.9305555555555556,,
1b,D1-K2cross,0.35,47,D1-K2cross_e35_r047,ESF12alone,0.9119170984455959,0.3566666666666667,0.0862384099746123
1b,D1-K2cross,0.35,47,D1-K2cross_e35_r047,ESF12,0.9119170984455959,,
1b,D1-K2cross,0.35,47,D1-K2cross_e35_r047,Alg2_Rs20,0.9119170984455959,,
1b,D1-K2cross,0.35,47,D1-K2cross_e35_r047,Alg2_Ru10,0.9119170984455959,,
1b,D1-K2cross,0.35,47,D1-K2cross_e35_r047,TCRlong(0.40)+rw+A2_Rs20,0.9119170984455959,,
1b,D1-K2cross,0.35,47,D1-K2cross_e35_r047,TCRlong(0.40)+rw+A2_Ru10,0.9119170984455959,,
1b,D2-K3par,0.25,47,D2-K3par_e25_r047,ESF12alone,0.8675213675213675,0.22,0.2907534840051085
1b,D2-K3par,0.25,47,D2-K3par_e25_r047,ESF12,0.8675213675213675,,
1b,D2-K3par,0.25,47,D2-K3par_e25_r047,Alg2_Rs20,0.8717948717948718,,
1b,D2-K3par,0.25,47,D2-K3par_e25_r047,Alg2_Ru10,0.8717948717948718,,
1b,D2-K3par,0.25,47,D2-K3par_e25_r047,TCRlong(0.40)+rw+A2_Rs20,0.8760683760683761,,
1b,D2-K3par,0.25,47,D2-K3par_e25_r047,TCRlong(0.40)+rw+A2_Ru10,0.8760683760683761,,
1b,D2-K3par,0.3,47,D2-K3par_e30_r047,ESF12alone,0.9182692307692307,0.30666666666666664,0.2677744999527931
1b,D2-K3par,0.3,47,D2-K3par_e30_r047,ESF12,0.9182692307692307,,
1b,D2-K3par,0.3,47,D2-K3par_e30_r047,Alg2_Rs20,0.6586538461538461,,
1b,D2-K3par,0.3,47,D2-K3par_e30_r047,Alg2_Ru10,0.6586538461538461,,
1b,D2-K3par,0.3,47,D2-K3par_e30_r047,TCRlong(0.40)+rw+A2_Rs20,0.9182692307692307,,
1b,D2-K3par,0.3,47,D2-K3par_e30_r047,TCRlong(0.40)+rw+A2_Ru10,0.9182692307692307,,
1b,D2-K3par,0.35,47,D2-K3par_e35_r047,ESF12alone,0.7114427860696517,0.14333333333333334,0.35963836195878685
1b,D2-K3par,0.35,47,D2-K3par_e35_r047,ESF12,0.7114427860696517,,
1b,D2-K3par,0.35,47,D2-K3par_e35_r047,Alg2_Rs20,0.7114427860696517,,
1b,D2-K3par,0.35,47,D2-K3par_e35_r047,Alg2_Ru10,0.7114427860696517,,
1b,D2-K3par,0.35,47,D2-K3par_e35_r047,TCRlong(0.40)+rw+A2_Rs20,0.7114427860696517,,
1b,D2-K3par,0.35,47,D2-K3par_e35_r047,TCRlong(0.40)+rw+A2_Ru10,0.7114427860696517,,
1b,D3-unequal,0.25,47,D3-unequal_e25_r047,ESF12alone,0.9147982062780269,0.25666666666666665,0.07310237106867135
1b,D3-unequal,0.25,47,D3-unequal_e25_r047,ESF12,0.9147982062780269,,
1b,D3-unequal,0.25,47,D3-unequal_e25_r047,Alg2_Rs20,0.9147982062780269,,
1b,D3-unequal,0.25,47,D3-unequal_e25_r047,Alg2_Ru10,0.9147982062780269,,
1b,D3-unequal,0.25,47,D3-unequal_e25_r047,TCRlong(0.40)+rw+A2_Rs20,0.9237668161434978,,
1b,D3-unequal,0.25,47,D3-unequal_e25_r047,TCRlong(0.40)+rw+A2_Ru10,0.9237668161434978,,
1b,D3-unequal,0.3,47,D3-unequal_e30_r047,ESF12alone,0.912621359223301,0.31333333333333335,0.0743602579459548
1b,D3-unequal,0.3,47,D3-unequal_e30_r047,ESF12,0.912621359223301,,
1b,D3-unequal,0.3,47,D3-unequal_e30_r047,Alg2_Rs20,0.912621359223301,,
1b,D3-unequal,0.3,47,D3-unequal_e30_r047,Alg2_Ru10,0.912621359223301,,
1b,D3-unequal,0.3,47,D3-unequal_e30_r047,TCRlong(0.40)+rw+A2_Rs20,0.912621359223301,,
1b,D3-unequal,0.3,47,D3-unequal_e30_r047,TCRlong(0.40)+rw+A2_Ru10,0.912621359223301,,
1b,D3-unequal,0.35,47,D3-unequal_e35_r047,ESF12alone,0.521505376344086,0.12,0.0789250050438568
1b,D3-unequal,0.35,47,D3-unequal_e35_r047,ESF12,0.521505376344086,,
1b,D3-unequal,0.35,47,D3-unequal_e35_r047,Alg2_Rs20,0.7096774193548387,,
1b,D3-unequal,0.35,47,D3-unequal_e35_r047,Alg2_Ru10,0.7096774193548387,,
1b,D3-unequal,0.35,47,D3-unequal_e35_r047,TCRlong(0.40)+rw+A2_Rs20,0.7096774193548387,,
1b,D3-unequal,0.35,47,D3-unequal_e35_r047,TCRlong(0.40)+rw+A2_Ru10,0.7096774193548387,,
1b,D4-hetero,0.25,47,D4-hetero_e25_r047,ESF12alone,0.8828828828828829,0.27666666666666667,0.07983272999990731
1b,D4-hetero,0.25,47,D4-hetero_e25_r047,ESF12,0.8828828828828829,,
1b,D4-hetero,0.25,47,D4-hetero_e25_r047,Alg2_Rs20,0.8828828828828829,,
1b,D4-hetero,0.25,47,D4-hetero_e25_r047,Alg2_Ru10,0.8828828828828829,,
1b,D4-hetero,0.25,47,D4-hetero_e25_r047,TCRlong(0.40)+rw+A2_Rs20,0.8828828828828829,,
1b,D4-hetero,0.25,47,D4-hetero_e25_r047,TCRlong(0.40)+rw+A2_Ru10,0.8828828828828829,,
1b,D4-hetero,0.3,47,D4-hetero_e30_r047,ESF12alone,0.9359605911330049,0.33,0.08052839105948806
1b,D4-hetero,0.3,47,D4-hetero_e30_r047,ESF12,0.9359605911330049,,
1b,D4-hetero,0.3,47,D4-hetero_e30_r047,Alg2_Rs20,0.9359605911330049,,
1b,D4-hetero,0.3,47,D4-hetero_e30_r047,Alg2_Ru10,0.9359605911330049,,
1b,D4-hetero,0.3,47,D4-hetero_e30_r047,TCRlong(0.40)+rw+A2_Rs20,0.9359605911330049,,
1b,D4-hetero,0.3,47,D4-hetero_e30_r047,TCRlong(0.40)+rw+A2_Ru10,0.9359605911330049,,
1b,D4-hetero,0.35,47,D4-hetero_e35_r047,ESF12alone,0.9315789473684211,0.36666666666666664,0.07536635198630393
1b,D4-hetero,0.35,47,D4-hetero_e35_r047,ESF12,0.9315789473684211,,
1b,D4-hetero,0.35,47,D4-hetero_e35_r047,Alg2_Rs20,0.9315789473684211,,
1b,D4-hetero,0.35,47,D4-hetero_e35_r047,Alg2_Ru10,0.9315789473684211,,
1b,D4-hetero,0.35,47,D4-hetero_e35_r047,TCRlong(0.40)+rw+A2_Rs20,0.9315789473684211,,
1b,D4-hetero,0.35,47,D4-hetero_e35_r047,TCRlong(0.40)+rw+A2_Ru10,0.9315789473684211,,
1b,D5-leverage,0.25,47,D5-leverage_e25_r047,ESF12alone,0.5348837209302325,0.02666666666666667,0.07698141504079103
1b,D5-leverage,0.25,47,D5-leverage_e25_r047,ESF12,0.5348837209302325,,
1b,D5-leverage,0.25,47,D5-leverage_e25_r047,Alg2_Rs20,0.5441860465116279,,
1b,D5-leverage,0.25,47,D5-leverage_e25_r047,Alg2_Ru10,0.5441860465116279,,
1b,D5-leverage,0.25,47,D5-leverage_e25_r047,TCRlong(0.40)+rw+A2_Rs20,0.8930232558139535,,
1b,D5-leverage,0.25,47,D5-leverage_e25_r047,TCRlong(0.40)+rw+A2_Ru10,0.8930232558139535,,
1b,D5-leverage,0.3,47,D5-leverage_e30_r047,ESF12alone,0.5370370370370371,0.12,0.07307821500580758
1b,D5-leverage,0.3,47,D5-leverage_e30_r047,ESF12,0.5370370370370371,,
1b,D5-leverage,0.3,47,D5-leverage_e30_r047,Alg2_Rs20,0.5416666666666666,,
1b,D5-leverage,0.3,47,D5-leverage_e30_r047,Alg2_Ru10,0.5416666666666666,,
1b,D5-leverage,0.3,47,D5-leverage_e30_r047,TCRlong(0.40)+rw+A2_Rs20,0.5370370370370371,,
1b,D5-leverage,0.3,47,D5-leverage_e30_r047,TCRlong(0.40)+rw+A2_Ru10,0.5370370370370371,,
1b,D5-leverage,0.35,47,D5-leverage_e35_r047,ESF12alone,0.5079365079365079,0.03,0.0771732929861173
1b,D5-leverage,0.35,47,D5-leverage_e35_r047,ESF12,0.5079365079365079,,
1b,D5-leverage,0.35,47,D5-leverage_e35_r047,Alg2_Rs20,0.5026455026455027,,
1b,D5-leverage,0.35,47,D5-leverage_e35_r047,Alg2_Ru10,0.5026455026455027,,
1b,D5-leverage,0.35,47,D5-leverage_e35_r047,TCRlong(0.40)+rw+A2_Rs20,0.5026455026455027,,
1b,D5-leverage,0.35,47,D5-leverage_e35_r047,TCRlong(0.40)+rw+A2_Ru10,0.5026455026455027,,
1b,D6-uniform,0.25,47,D6-uniform_e25_r047,ESF12alone,0.9159663865546218,0.16333333333333333,0.07793669507373124
1b,D6-uniform,0.25,47,D6-uniform_e25_r047,ESF12,0.9159663865546218,,
1b,D6-uniform,0.25,47,D6-uniform_e25_r047,Alg2_Rs20,0.907563025210084,,
1b,D6-uniform,0.25,47,D6-uniform_e25_r047,Alg2_Ru10,0.907563025210084,,
1b,D6-uniform,0.25,47,D6-uniform_e25_r047,TCRlong(0.40)+rw+A2_Rs20,0.9117647058823529,,
1b,D6-uniform,0.25,47,D6-uniform_e25_r047,TCRlong(0.40)+rw+A2_Ru10,0.9117647058823529,,
1b,D6-uniform,0.3,47,D6-uniform_e30_r047,ESF12alone,0.9230769230769231,0.22,0.08200010599102825
1b,D6-uniform,0.3,47,D6-uniform_e30_r047,ESF12,0.9230769230769231,,
1b,D6-uniform,0.3,47,D6-uniform_e30_r047,Alg2_Rs20,0.5248868778280543,,
1b,D6-uniform,0.3,47,D6-uniform_e30_r047,Alg2_Ru10,0.5248868778280543,,
1b,D6-uniform,0.3,47,D6-uniform_e30_r047,TCRlong(0.40)+rw+A2_Rs20,0.9230769230769231,,
1b,D6-uniform,0.3,47,D6-uniform_e30_r047,TCRlong(0.40)+rw+A2_Ru10,0.9230769230769231,,
1b,D6-uniform,0.35,47,D6-uniform_e35_r047,ESF12alone,0.5177664974619289,0.0,0.07883284497074783
1b,D6-uniform,0.35,47,D6-uniform_e35_r047,ESF12,0.5177664974619289,,
1b,D6-uniform,0.35,47,D6-uniform_e35_r047,Alg2_Rs20,0.5126903553299492,,
1b,D6-uniform,0.35,47,D6-uniform_e35_r047,Alg2_Ru10,0.5126903553299492,,
1b,D6-uniform,0.35,47,D6-uniform_e35_r047,TCRlong(0.40)+rw+A2_Rs20,0.5025380710659898,,
1b,D6-uniform,0.35,47,D6-uniform_e35_r047,TCRlong(0.40)+rw+A2_Ru10,0.5025380710659898,,
1b,D7-p3,0.25,47,D7-p3_e25_r047,ESF12alone,0.9419642857142857,0.25333333333333335,1.723881087033078
1b,D7-p3,0.25,47,D7-p3_e25_r047,ESF12,0.9419642857142857,,
1b,D7-p3,0.25,47,D7-p3_e25_r047,Alg2_Rs20,0.9464285714285714,,
1b,D7-p3,0.25,47,D7-p3_e25_r047,Alg2_Ru10,0.9464285714285714,,
1b,D7-p3,0.25,47,D7-p3_e25_r047,TCRlong(0.40)+rw+A2_Rs20,0.9419642857142857,,
1b,D7-p3,0.25,47,D7-p3_e25_r047,TCRlong(0.40)+rw+A2_Ru10,0.9419642857142857,,
1b,D7-p3,0.3,47,D7-p3_e30_r047,ESF12alone,0.9023255813953488,0.2833333333333333,1.7459852149477229
1b,D7-p3,0.3,47,D7-p3_e30_r047,ESF12,0.9023255813953488,,
1b,D7-p3,0.3,47,D7-p3_e30_r047,Alg2_Rs20,0.9069767441860465,,
1b,D7-p3,0.3,47,D7-p3_e30_r047,Alg2_Ru10,0.9069767441860465,,
1b,D7-p3,0.3,47,D7-p3_e30_r047,TCRlong(0.40)+rw+A2_Rs20,0.8976744186046511,,
1b,D7-p3,0.3,47,D7-p3_e30_r047,TCRlong(0.40)+rw+A2_Ru10,0.8976744186046511,,
1b,D7-p3,0.35,47,D7-p3_e35_r047,ESF12alone,0.8762886597938144,0.35333333333333333,1.8462568359682336
1b,D7-p3,0.35,47,D7-p3_e35_r047,ESF12,0.8762886597938144,,
1b,D7-p3,0.35,47,D7-p3_e35_r047,Alg2_Rs20,0.8762886597938144,,
1b,D7-p3,0.35,47,D7-p3_e35_r047,Alg2_Ru10,0.8762886597938144,,
1b,D7-p3,0.35,47,D7-p3_e35_r047,TCRlong(0.40)+rw+A2_Rs20,0.8762886597938144,,
1b,D7-p3,0.35,47,D7-p3_e35_r047,TCRlong(0.40)+rw+A2_Ru10,0.8762886597938144,,
1b,D8-K2par-sep,0.25,47,D8-K2par-sep_e25_r047,ESF12alone,1.0,0.2733333333333333,0.08049443399067968
1b,D8-K2par-sep,0.25,47,D8-K2par-sep_e25_r047,ESF12,1.0,,
1b,D8-K2par-sep,0.25,47,D8-K2par-sep_e25_r047,Alg2_Rs20,1.0,,
1b,D8-K2par-sep,0.25,47,D8-K2par-sep_e25_r047,Alg2_Ru10,1.0,,
1b,D8-K2par-sep,0.25,47,D8-K2par-sep_e25_r047,TCRlong(0.40)+rw+A2_Rs20,1.0,,
1b,D8-K2par-sep,0.25,47,D8-K2par-sep_e25_r047,TCRlong(0.40)+rw+A2_Ru10,1.0,,
1b,D8-K2par-sep,0.3,47,D8-K2par-sep_e30_r047,ESF12alone,1.0,0.29,0.07877044298220426
1b,D8-K2par-sep,0.3,47,D8-K2par-sep_e30_r047,ESF12,1.0,,
1b,D8-K2par-sep,0.3,47,D8-K2par-sep_e30_r047,Alg2_Rs20,1.0,,
1b,D8-K2par-sep,0.3,47,D8-K2par-sep_e30_r047,Alg2_Ru10,1.0,,
1b,D8-K2par-sep,0.3,47,D8-K2par-sep_e30_r047,TCRlong(0.40)+rw+A2_Rs20,1.0,,
1b,D8-K2par-sep,0.3,47,D8-K2par-sep_e30_r047,TCRlong(0.40)+rw+A2_Ru10,1.0,,
1b,D8-K2par-sep,0.35,47,D8-K2par-sep_e35_r047,ESF12alone,0.9948717948717949,0.35,0.08076626202091575
1b,D8-K2par-sep,0.35,47,D8-K2par-sep_e35_r047,ESF12,0.9948717948717949,,
1b,D8-K2par-sep,0.35,47,D8-K2par-sep_e35_r047,Alg2_Rs20,0.9948717948717949,,
1b,D8-K2par-sep,0.35,47,D8-K2par-sep_e35_r047,Alg2_Ru10,0.9948717948717949,,
1b,D8-K2par-sep,0.35,47,D8-K2par-sep_e35_r047,TCRlong(0.40)+rw+A2_Rs20,0.9948717948717949,,
1b,D8-K2par-sep,0.35,47,D8-K2par-sep_e35_r047,TCRlong(0.40)+rw+A2_Ru10,0.9948717948717949,,
1b,D1-K2cross,0.25,48,D1-K2cross_e25_r048,ESF12alone,0.9151785714285714,0.25333333333333335,0.07944899599533528
1b,D1-K2cross,0.25,48,D1-K2cross_e25_r048,ESF12,0.9151785714285714,,
1b,D1-K2cross,0.25,48,D1-K2cross_e25_r048,Alg2_Rs20,0.9151785714285714,,
1b,D1-K2cross,0.25,48,D1-K2cross_e25_r048,Alg2_Ru10,0.9151785714285714,,
1b,D1-K2cross,0.25,48,D1-K2cross_e25_r048,TCRlong(0.40)+rw+A2_Rs20,0.9151785714285714,,
1b,D1-K2cross,0.25,48,D1-K2cross_e25_r048,TCRlong(0.40)+rw+A2_Ru10,0.9151785714285714,,
1b,D1-K2cross,0.3,48,D1-K2cross_e30_r048,ESF12alone,0.9323671497584541,0.31,0.09308221703395247
1b,D1-K2cross,0.3,48,D1-K2cross_e30_r048,ESF12,0.9323671497584541,,
1b,D1-K2cross,0.3,48,D1-K2cross_e30_r048,Alg2_Rs20,0.9323671497584541,,
1b,D1-K2cross,0.3,48,D1-K2cross_e30_r048,Alg2_Ru10,0.9323671497584541,,
1b,D1-K2cross,0.3,48,D1-K2cross_e30_r048,TCRlong(0.40)+rw+A2_Rs20,0.9323671497584541,,
1b,D1-K2cross,0.3,48,D1-K2cross_e30_r048,TCRlong(0.40)+rw+A2_Ru10,0.9323671497584541,,
1b,D1-K2cross,0.35,48,D1-K2cross_e35_r048,ESF12alone,0.9113300492610837,0.3233333333333333,0.08222348091658205
1b,D1-K2cross,0.35,48,D1-K2cross_e35_r048,ESF12,0.9113300492610837,,
1b,D1-K2cross,0.35,48,D1-K2cross_e35_r048,Alg2_Rs20,0.9113300492610837,,
1b,D1-K2cross,0.35,48,D1-K2cross_e35_r048,Alg2_Ru10,0.9113300492610837,,
1b,D1-K2cross,0.35,48,D1-K2cross_e35_r048,TCRlong(0.40)+rw+A2_Rs20,0.9113300492610837,,
1b,D1-K2cross,0.35,48,D1-K2cross_e35_r048,TCRlong(0.40)+rw+A2_Ru10,0.9113300492610837,,
1b,D2-K3par,0.25,48,D2-K3par_e25_r048,ESF12alone,0.9292035398230089,0.24666666666666667,0.28629489499144256
1b,D2-K3par,0.25,48,D2-K3par_e25_r048,ESF12,0.9292035398230089,,
1b,D2-K3par,0.25,48,D2-K3par_e25_r048,Alg2_Rs20,0.9247787610619469,,
1b,D2-K3par,0.25,48,D2-K3par_e25_r048,Alg2_Ru10,0.9247787610619469,,
1b,D2-K3par,0.25,48,D2-K3par_e25_r048,TCRlong(0.40)+rw+A2_Rs20,0.8893805309734514,,
1b,D2-K3par,0.25,48,D2-K3par_e25_r048,TCRlong(0.40)+rw+A2_Ru10,0.8893805309734514,,
1b,D2-K3par,0.3,48,D2-K3par_e30_r048,ESF12alone,0.41116751269035534,0.0033333333333333335,0.40822516405023634
1b,D2-K3par,0.3,48,D2-K3par_e30_r048,ESF12,0.41116751269035534,,
1b,D2-K3par,0.3,48,D2-K3par_e30_r048,Alg2_Rs20,0.583756345177665,,
1b,D2-K3par,0.3,48,D2-K3par_e30_r048,Alg2_Ru10,0.583756345177665,,
1b,D2-K3par,0.3,48,D2-K3par_e30_r048,TCRlong(0.40)+rw+A2_Rs20,0.6243654822335025,,
1b,D2-K3par,0.3,48,D2-K3par_e30_r048,TCRlong(0.40)+rw+A2_Ru10,0.6243654822335025,,
1b,D2-K3par,0.35,48,D2-K3par_e35_r048,ESF12alone,0.34574468085106386,0.0,0.3476494250353426
1b,D2-K3par,0.35,48,D2-K3par_e35_r048,ESF12,0.34574468085106386,,
1b,D2-K3par,0.35,48,D2-K3par_e35_r048,Alg2_Rs20,0.6861702127659575,,
1b,D2-K3par,0.35,48,D2-K3par_e35_r048,Alg2_Ru10,0.6861702127659575,,
1b,D2-K3par,0.35,48,D2-K3par_e35_r048,TCRlong(0.40)+rw+A2_Rs20,0.9148936170212766,,
1b,D2-K3par,0.35,48,D2-K3par_e35_r048,TCRlong(0.40)+rw+A2_Ru10,0.9148936170212766,,
1b,D3-unequal,0.25,48,D3-unequal_e25_r048,ESF12alone,0.8961038961038961,0.24,0.07507494301535189
1b,D3-unequal,0.25,48,D3-unequal_e25_r048,ESF12,0.8961038961038961,,
1b,D3-unequal,0.25,48,D3-unequal_e25_r048,Alg2_Rs20,0.8917748917748918,,
1b,D3-unequal,0.25,48,D3-unequal_e25_r048,Alg2_Ru10,0.8917748917748918,,
1b,D3-unequal,0.25,48,D3-unequal_e25_r048,TCRlong(0.40)+rw+A2_Rs20,0.8917748917748918,,
1b,D3-unequal,0.25,48,D3-unequal_e25_r048,TCRlong(0.40)+rw+A2_Ru10,0.8917748917748918,,
1b,D3-unequal,0.3,48,D3-unequal_e30_r048,ESF12alone,0.5283018867924528,0.4033333333333333,0.08276351098902524
1b,D3-unequal,0.3,48,D3-unequal_e30_r048,ESF12,0.5283018867924528,,
1b,D3-unequal,0.3,48,D3-unequal_e30_r048,Alg2_Rs20,0.9481132075471698,,
1b,D3-unequal,0.3,48,D3-unequal_e30_r048,Alg2_Ru10,0.9481132075471698,,
1b,D3-unequal,0.3,48,D3-unequal_e30_r048,TCRlong(0.40)+rw+A2_Rs20,0.9481132075471698,,
1b,D3-unequal,0.3,48,D3-unequal_e30_r048,TCRlong(0.40)+rw+A2_Ru10,0.9481132075471698,,
1b,D3-unequal,0.35,48,D3-unequal_e35_r048,ESF12alone,0.7595628415300546,0.18,0.080011768033728
1b,D3-unequal,0.35,48,D3-unequal_e35_r048,ESF12,0.7595628415300546,,
1b,D3-unequal,0.35,48,D3-unequal_e35_r048,Alg2_Rs20,0.7486338797814208,,
1b,D3-unequal,0.35,48,D3-unequal_e35_r048,Alg2_Ru10,0.7486338797814208,,
1b,D3-unequal,0.35,48,D3-unequal_e35_r048,TCRlong(0.40)+rw+A2_Rs20,0.7540983606557377,,
1b,D3-unequal,0.35,48,D3-unequal_e35_r048,TCRlong(0.40)+rw+A2_Ru10,0.7540983606557377,,
1b,D4-hetero,0.25,48,D4-hetero_e25_r048,ESF12alone,0.9395348837209302,0.29333333333333333,0.07662467996124178
1b,D4-hetero,0.25,48,D4-hetero_e25_r048,ESF12,0.9395348837209302,,
1b,D4-hetero,0.25,48,D4-hetero_e25_r048,Alg2_Rs20,0.9395348837209302,,
1b,D4-hetero,0.25,48,D4-hetero_e25_r048,Alg2_Ru10,0.9395348837209302,,
1b,D4-hetero,0.25,48,D4-hetero_e25_r048,TCRlong(0.40)+rw+A2_Rs20,0.9395348837209302,,
1b,D4-hetero,0.25,48,D4-hetero_e25_r048,TCRlong(0.40)+rw+A2_Ru10,0.9395348837209302,,
1b,D4-hetero,0.3,48,D4-hetero_e30_r048,ESF12alone,0.895,0.34,0.11496205208823085
1b,D4-hetero,0.3,48,D4-hetero_e30_r048,ESF12,0.895,,
1b,D4-hetero,0.3,48,D4-hetero_e30_r048,Alg2_Rs20,0.89,,
1b,D4-hetero,0.3,48,D4-hetero_e30_r048,Alg2_Ru10,0.89,,
1b,D4-hetero,0.3,48,D4-hetero_e30_r048,TCRlong(0.40)+rw+A2_Rs20,0.89,,
1b,D4-hetero,0.3,48,D4-hetero_e30_r048,TCRlong(0.40)+rw+A2_Ru10,0.89,,
1b,D4-hetero,0.35,48,D4-hetero_e35_r048,ESF12alone,0.9081632653061225,0.35,0.0980774350464344
1b,D4-hetero,0.35,48,D4-hetero_e35_r048,ESF12,0.9081632653061225,,
1b,D4-hetero,0.35,48,D4-hetero_e35_r048,Alg2_Rs20,0.9081632653061225,,
1b,D4-hetero,0.35,48,D4-hetero_e35_r048,Alg2_Ru10,0.9081632653061225,,
1b,D4-hetero,0.35,48,D4-hetero_e35_r048,TCRlong(0.40)+rw+A2_Rs20,0.9081632653061225,,
1b,D4-hetero,0.35,48,D4-hetero_e35_r048,TCRlong(0.40)+rw+A2_Ru10,0.9081632653061225,,
1b,D5-leverage,0.25,48,D5-leverage_e25_r048,ESF12alone,0.9057377049180327,0.19,0.08009846706409007
1b,D5-leverage,0.25,48,D5-leverage_e25_r048,ESF12,0.9057377049180327,,
1b,D5-leverage,0.25,48,D5-leverage_e25_r048,Alg2_Rs20,0.9057377049180327,,
1b,D5-leverage,0.25,48,D5-leverage_e25_r048,Alg2_Ru10,0.9057377049180327,,
1b,D5-leverage,0.25,48,D5-leverage_e25_r048,TCRlong(0.40)+rw+A2_Rs20,0.9016393442622951,,
1b,D5-leverage,0.25,48,D5-leverage_e25_r048,TCRlong(0.40)+rw+A2_Ru10,0.9016393442622951,,
1b,D5-leverage,0.3,48,D5-leverage_e30_r048,ESF12alone,0.5336538461538461,0.006666666666666667,0.08153844100888819
1b,D5-leverage,0.3,48,D5-leverage_e30_r048,ESF12,0.5336538461538461,,
1b,D5-leverage,0.3,48,D5-leverage_e30_r048,Alg2_Rs20,0.5336538461538461,,
1b,D5-leverage,0.3,48,D5-leverage_e30_r048,Alg2_Ru10,0.5336538461538461,,
1b,D5-leverage,0.3,48,D5-leverage_e30_r048,TCRlong(0.40)+rw+A2_Rs20,0.5673076923076923,,
1b,D5-leverage,0.3,48,D5-leverage_e30_r048,TCRlong(0.40)+rw+A2_Ru10,0.5673076923076923,,
1b,D5-leverage,0.35,48,D5-leverage_e35_r048,ESF12alone,0.5233160621761658,0.01,0.08140451402869076
1b,D5-leverage,0.35,48,D5-leverage_e35_r048,ESF12,0.5233160621761658,,
1b,D5-leverage,0.35,48,D5-leverage_e35_r048,Alg2_Rs20,0.5233160621761658,,
1b,D5-leverage,0.35,48,D5-leverage_e35_r048,Alg2_Ru10,0.5233160621761658,,
1b,D5-leverage,0.35,48,D5-leverage_e35_r048,TCRlong(0.40)+rw+A2_Rs20,0.533678756476684,,
1b,D5-leverage,0.35,48,D5-leverage_e35_r048,TCRlong(0.40)+rw+A2_Ru10,0.533678756476684,,
1b,D6-uniform,0.25,48,D6-uniform_e25_r048,ESF12alone,0.9181034482758621,0.17666666666666667,0.0828902650391683
1b,D6-uniform,0.25,48,D6-uniform_e25_r048,ESF12,0.9181034482758621,,
1b,D6-uniform,0.25,48,D6-uniform_e25_r048,Alg2_Rs20,0.9224137931034483,,
1b,D6-uniform,0.25,48,D6-uniform_e25_r048,Alg2_Ru10,0.9224137931034483,,
1b,D6-uniform,0.25,48,D6-uniform_e25_r048,TCRlong(0.40)+rw+A2_Rs20,0.9224137931034483,,
1b,D6-uniform,0.25,48,D6-uniform_e25_r048,TCRlong(0.40)+rw+A2_Ru10,0.9224137931034483,,
1b,D6-uniform,0.3,48,D6-uniform_e30_r048,ESF12alone,0.9315068493150684,0.19666666666666666,0.07668667496182024
1b,D6-uniform,0.3,48,D6-uniform_e30_r048,ESF12,0.9315068493150684,,
1b,D6-uniform,0.3,48,D6-uniform_e30_r048,Alg2_Rs20,0.9315068493150684,,
1b,D6-uniform,0.3,48,D6-uniform_e30_r048,Alg2_Ru10,0.5525114155251142,,
1b,D6-uniform,0.3,48,D6-uniform_e30_r048,TCRlong(0.40)+rw+A2_Rs20,0.9178082191780822,,
1b,D6-uniform,0.3,48,D6-uniform_e30_r048,TCRlong(0.40)+rw+A2_Ru10,0.9178082191780822,,
1b,D6-uniform,0.35,48,D6-uniform_e35_r048,ESF12alone,0.5025380710659898,0.0,0.07557025796268135
1b,D6-uniform,0.35,48,D6-uniform_e35_r048,ESF12,0.5025380710659898,,
1b,D6-uniform,0.35,48,D6-uniform_e35_r048,Alg2_Rs20,0.5532994923857868,,
1b,D6-uniform,0.35,48,D6-uniform_e35_r048,Alg2_Ru10,0.5532994923857868,,
1b,D6-uniform,0.35,48,D6-uniform_e35_r048,TCRlong(0.40)+rw+A2_Rs20,0.5228426395939086,,
1b,D6-uniform,0.35,48,D6-uniform_e35_r048,TCRlong(0.40)+rw+A2_Ru10,0.5228426395939086,,
1b,D7-p3,0.25,48,D7-p3_e25_r048,ESF12alone,0.8728070175438597,0.24,1.882430828991346
1b,D7-p3,0.25,48,D7-p3_e25_r048,ESF12,0.8728070175438597,,
1b,D7-p3,0.25,48,D7-p3_e25_r048,Alg2_Rs20,0.8728070175438597,,
1b,D7-p3,0.25,48,D7-p3_e25_r048,Alg2_Ru10,0.8728070175438597,,
1b,D7-p3,0.25,48,D7-p3_e25_r048,TCRlong(0.40)+rw+A2_Rs20,0.8728070175438597,,
1b,D7-p3,0.25,48,D7-p3_e25_r048,TCRlong(0.40)+rw+A2_Ru10,0.8728070175438597,,
1b,D7-p3,0.3,48,D7-p3_e30_r048,ESF12alone,0.9203980099502488,0.3333333333333333,1.9707030670251697
1b,D7-p3,0.3,48,D7-p3_e30_r048,ESF12,0.9203980099502488,,
1b,D7-p3,0.3,48,D7-p3_e30_r048,Alg2_Rs20,0.9154228855721394,,
1b,D7-p3,0.3,48,D7-p3_e30_r048,Alg2_Ru10,0.9154228855721394,,
1b,D7-p3,0.3,48,D7-p3_e30_r048,TCRlong(0.40)+rw+A2_Rs20,0.9203980099502488,,
1b,D7-p3,0.3,48,D7-p3_e30_r048,TCRlong(0.40)+rw+A2_Ru10,0.9203980099502488,,
1b,D7-p3,0.35,48,D7-p3_e35_r048,ESF12alone,0.9297297297297298,0.43,1.99154933297541
1b,D7-p3,0.35,48,D7-p3_e35_r048,ESF12,0.9297297297297298,,
1b,D7-p3,0.35,48,D7-p3_e35_r048,Alg2_Rs20,0.9297297297297298,,
1b,D7-p3,0.35,48,D7-p3_e35_r048,Alg2_Ru10,0.9297297297297298,,
1b,D7-p3,0.35,48,D7-p3_e35_r048,TCRlong(0.40)+rw+A2_Rs20,0.9135135135135135,,
1b,D7-p3,0.35,48,D7-p3_e35_r048,TCRlong(0.40)+rw+A2_Ru10,0.9135135135135135,,
1b,D8-K2par-sep,0.25,48,D8-K2par-sep_e25_r048,ESF12alone,1.0,0.26666666666666666,0.08449239598121494
1b,D8-K2par-sep,0.25,48,D8-K2par-sep_e25_r048,ESF12,1.0,,
1b,D8-K2par-sep,0.25,48,D8-K2par-sep_e25_r048,Alg2_Rs20,1.0,,
1b,D8-K2par-sep,0.25,48,D8-K2par-sep_e25_r048,Alg2_Ru10,1.0,,
1b,D8-K2par-sep,0.25,48,D8-K2par-sep_e25_r048,TCRlong(0.40)+rw+A2_Rs20,1.0,,
1b,D8-K2par-sep,0.25,48,D8-K2par-sep_e25_r048,TCRlong(0.40)+rw+A2_Ru10,1.0,,
1b,D8-K2par-sep,0.3,48,D8-K2par-sep_e30_r048,ESF12alone,1.0,0.27,0.08140050107613206
1b,D8-K2par-sep,0.3,48,D8-K2par-sep_e30_r048,ESF12,1.0,,
1b,D8-K2par-sep,0.3,48,D8-K2par-sep_e30_r048,Alg2_Rs20,1.0,,
1b,D8-K2par-sep,0.3,48,D8-K2par-sep_e30_r048,Alg2_Ru10,1.0,,
1b,D8-K2par-sep,0.3,48,D8-K2par-sep_e30_r048,TCRlong(0.40)+rw+A2_Rs20,1.0,,
1b,D8-K2par-sep,0.3,48,D8-K2par-sep_e30_r048,TCRlong(0.40)+rw+A2_Ru10,1.0,,
1b,D8-K2par-sep,0.35,48,D8-K2par-sep_e35_r048,ESF12alone,1.0,0.37666666666666665,0.07827594492118806
1b,D8-K2par-sep,0.35,48,D8-K2par-sep_e35_r048,ESF12,1.0,,
1b,D8-K2par-sep,0.35,48,D8-K2par-sep_e35_r048,Alg2_Rs20,1.0,,
1b,D8-K2par-sep,0.35,48,D8-K2par-sep_e35_r048,Alg2_Ru10,1.0,,
1b,D8-K2par-sep,0.35,48,D8-K2par-sep_e35_r048,TCRlong(0.40)+rw+A2_Rs20,1.0,,
1b,D8-K2par-sep,0.35,48,D8-K2par-sep_e35_r048,TCRlong(0.40)+rw+A2_Ru10,1.0,,
1b,D1-K2cross,0.25,49,D1-K2cross_e25_r049,ESF12alone,0.911504424778761,0.24666666666666667,0.09378972707781941
1b,D1-K2cross,0.25,49,D1-K2cross_e25_r049,ESF12,0.911504424778761,,
1b,D1-K2cross,0.25,49,D1-K2cross_e25_r049,Alg2_Rs20,0.911504424778761,,
1b,D1-K2cross,0.25,49,D1-K2cross_e25_r049,Alg2_Ru10,0.911504424778761,,
1b,D1-K2cross,0.25,49,D1-K2cross_e25_r049,TCRlong(0.40)+rw+A2_Rs20,0.911504424778761,,
1b,D1-K2cross,0.25,49,D1-K2cross_e25_r049,TCRlong(0.40)+rw+A2_Ru10,0.911504424778761,,
1b,D1-K2cross,0.3,49,D1-K2cross_e30_r049,ESF12alone,0.9142857142857143,0.3,0.07670252397656441
1b,D1-K2cross,0.3,49,D1-K2cross_e30_r049,ESF12,0.9142857142857143,,
1b,D1-K2cross,0.3,49,D1-K2cross_e30_r049,Alg2_Rs20,0.9142857142857143,,
1b,D1-K2cross,0.3,49,D1-K2cross_e30_r049,Alg2_Ru10,0.9142857142857143,,
1b,D1-K2cross,0.3,49,D1-K2cross_e30_r049,TCRlong(0.40)+rw+A2_Rs20,0.9142857142857143,,
1b,D1-K2cross,0.3,49,D1-K2cross_e30_r049,TCRlong(0.40)+rw+A2_Ru10,0.9142857142857143,,
1b,D1-K2cross,0.35,49,D1-K2cross_e35_r049,ESF12alone,0.9,0.36666666666666664,0.07845916494261473
1b,D1-K2cross,0.35,49,D1-K2cross_e35_r049,ESF12,0.9,,
1b,D1-K2cross,0.35,49,D1-K2cross_e35_r049,Alg2_Rs20,0.9,,
1b,D1-K2cross,0.35,49,D1-K2cross_e35_r049,Alg2_Ru10,0.9,,
1b,D1-K2cross,0.35,49,D1-K2cross_e35_r049,TCRlong(0.40)+rw+A2_Rs20,0.9,,
1b,D1-K2cross,0.35,49,D1-K2cross_e35_r049,TCRlong(0.40)+rw+A2_Ru10,0.9,,
1b,D2-K3par,0.25,49,D2-K3par_e25_r049,ESF12alone,0.6306306306306306,0.10666666666666667,0.428375217015855
1b,D2-K3par,0.25,49,D2-K3par_e25_r049,ESF12,0.6306306306306306,,
1b,D2-K3par,0.25,49,D2-K3par_e25_r049,Alg2_Rs20,0.8963963963963963,,
1b,D2-K3par,0.25,49,D2-K3par_e25_r049,Alg2_Ru10,0.8963963963963963,,
1b,D2-K3par,0.25,49,D2-K3par_e25_r049,TCRlong(0.40)+rw+A2_Rs20,0.9009009009009009,,
1b,D2-K3par,0.25,49,D2-K3par_e25_r049,TCRlong(0.40)+rw+A2_Ru10,0.9009009009009009,,
1b,D2-K3par,0.3,49,D2-K3par_e30_r049,ESF12alone,0.9078947368421053,0.24,0.31022187101189047
1b,D2-K3par,0.3,49,D2-K3par_e30_r049,ESF12,0.9078947368421053,,
1b,D2-K3par,0.3,49,D2-K3par_e30_r049,Alg2_Rs20,0.9078947368421053,,
1b,D2-K3par,0.3,49,D2-K3par_e30_r049,Alg2_Ru10,0.9078947368421053,,
1b,D2-K3par,0.3,49,D2-K3par_e30_r049,TCRlong(0.40)+rw+A2_Rs20,0.8991228070175439,,
1b,D2-K3par,0.3,49,D2-K3par_e30_r049,TCRlong(0.40)+rw+A2_Ru10,0.8991228070175439,,
1b,D2-K3par,0.35,49,D2-K3par_e35_r049,ESF12alone,0.36312849162011174,0.0,0.38582803402096033
1b,D2-K3par,0.35,49,D2-K3par_e35_r049,ESF12,0.36312849162011174,,
1b,D2-K3par,0.35,49,D2-K3par_e35_r049,Alg2_Rs20,0.36312849162011174,,
1b,D2-K3par,0.35,49,D2-K3par_e35_r049,Alg2_Ru10,0.36312849162011174,,
1b,D2-K3par,0.35,49,D2-K3par_e35_r049,TCRlong(0.40)+rw+A2_Rs20,0.6759776536312849,,
1b,D2-K3par,0.35,49,D2-K3par_e35_r049,TCRlong(0.40)+rw+A2_Ru10,0.6759776536312849,,
1b,D3-unequal,0.25,49,D3-unequal_e25_r049,ESF12alone,0.880184331797235,0.27666666666666667,0.09053178504109383
1b,D3-unequal,0.25,49,D3-unequal_e25_r049,ESF12,0.880184331797235,,
1b,D3-unequal,0.25,49,D3-unequal_e25_r049,Alg2_Rs20,0.880184331797235,,
1b,D3-unequal,0.25,49,D3-unequal_e25_r049,Alg2_Ru10,0.880184331797235,,
1b,D3-unequal,0.25,49,D3-unequal_e25_r049,TCRlong(0.40)+rw+A2_Rs20,0.880184331797235,,
1b,D3-unequal,0.25,49,D3-unequal_e25_r049,TCRlong(0.40)+rw+A2_Ru10,0.880184331797235,,
1b,D3-unequal,0.3,49,D3-unequal_e30_r049,ESF12alone,0.9579439252336449,0.2866666666666667,0.07850441907066852
1b,D3-unequal,0.3,49,D3-unequal_e30_r049,ESF12,0.9579439252336449,,
1b,D3-unequal,0.3,49,D3-unequal_e30_r049,Alg2_Rs20,0.9579439252336449,,
1b,D3-unequal,0.3,49,D3-unequal_e30_r049,Alg2_Ru10,0.9579439252336449,,
1b,D3-unequal,0.3,49,D3-unequal_e30_r049,TCRlong(0.40)+rw+A2_Rs20,0.9532710280373832,,
1b,D3-unequal,0.3,49,D3-unequal_e30_r049,TCRlong(0.40)+rw+A2_Ru10,0.9532710280373832,,
1b,D3-unequal,0.35,49,D3-unequal_e35_r049,ESF12alone,0.9346733668341709,0.33666666666666667,0.08767267991788685
1b,D3-unequal,0.35,49,D3-unequal_e35_r049,ESF12,0.9346733668341709,,
1b,D3-unequal,0.35,49,D3-unequal_e35_r049,Alg2_Rs20,0.9346733668341709,,
1b,D3-unequal,0.35,49,D3-unequal_e35_r049,Alg2_Ru10,0.9346733668341709,,
1b,D3-unequal,0.35,49,D3-unequal_e35_r049,TCRlong(0.40)+rw+A2_Rs20,0.9346733668341709,,
1b,D3-unequal,0.35,49,D3-unequal_e35_r049,TCRlong(0.40)+rw+A2_Ru10,0.9346733668341709,,
1b,D4-hetero,0.25,49,D4-hetero_e25_r049,ESF12alone,0.8658008658008658,0.23,0.07792698801495135
1b,D4-hetero,0.25,49,D4-hetero_e25_r049,ESF12,0.8658008658008658,,
1b,D4-hetero,0.25,49,D4-hetero_e25_r049,Alg2_Rs20,0.8658008658008658,,
1b,D4-hetero,0.25,49,D4-hetero_e25_r049,Alg2_Ru10,0.8658008658008658,,
1b,D4-hetero,0.25,49,D4-hetero_e25_r049,TCRlong(0.40)+rw+A2_Rs20,0.8658008658008658,,
1b,D4-hetero,0.25,49,D4-hetero_e25_r049,TCRlong(0.40)+rw+A2_Ru10,0.8658008658008658,,
1b,D4-hetero,0.3,49,D4-hetero_e30_r049,ESF12alone,0.5360824742268041,0.19,0.10429567191749811
1b,D4-hetero,0.3,49,D4-hetero_e30_r049,ESF12,0.5360824742268041,,
1b,D4-hetero,0.3,49,D4-hetero_e30_r049,Alg2_Rs20,0.9175257731958762,,
1b,D4-hetero,0.3,49,D4-hetero_e30_r049,Alg2_Ru10,0.9175257731958762,,
1b,D4-hetero,0.3,49,D4-hetero_e30_r049,TCRlong(0.40)+rw+A2_Rs20,0.9175257731958762,,
1b,D4-hetero,0.3,49,D4-hetero_e30_r049,TCRlong(0.40)+rw+A2_Ru10,0.9175257731958762,,
1b,D4-hetero,0.35,49,D4-hetero_e35_r049,ESF12alone,0.8913043478260869,0.38666666666666666,0.07789857592433691
1b,D4-hetero,0.35,49,D4-hetero_e35_r049,ESF12,0.8913043478260869,,
1b,D4-hetero,0.35,49,D4-hetero_e35_r049,Alg2_Rs20,0.8913043478260869,,
1b,D4-hetero,0.35,49,D4-hetero_e35_r049,Alg2_Ru10,0.8913043478260869,,
1b,D4-hetero,0.35,49,D4-hetero_e35_r049,TCRlong(0.40)+rw+A2_Rs20,0.8858695652173914,,
1b,D4-hetero,0.35,49,D4-hetero_e35_r049,TCRlong(0.40)+rw+A2_Ru10,0.8858695652173914,,
1b,D5-leverage,0.25,49,D5-leverage_e25_r049,ESF12alone,0.5350877192982456,0.13666666666666666,0.08214097796007991
1b,D5-leverage,0.25,49,D5-leverage_e25_r049,ESF12,0.5350877192982456,,
1b,D5-leverage,0.25,49,D5-leverage_e25_r049,Alg2_Rs20,0.9385964912280702,,
1b,D5-leverage,0.25,49,D5-leverage_e25_r049,Alg2_Ru10,0.9385964912280702,,
1b,D5-leverage,0.25,49,D5-leverage_e25_r049,TCRlong(0.40)+rw+A2_Rs20,0.9342105263157895,,
1b,D5-leverage,0.25,49,D5-leverage_e25_r049,TCRlong(0.40)+rw+A2_Ru10,0.9342105263157895,,
1b,D5-leverage,0.3,49,D5-leverage_e30_r049,ESF12alone,0.5324074074074074,0.07333333333333333,0.07857700902968645
1b,D5-leverage,0.3,49,D5-leverage_e30_r049,ESF12,0.5324074074074074,,
1b,D5-leverage,0.3,49,D5-leverage_e30_r049,Alg2_Rs20,0.5324074074074074,,
1b,D5-leverage,0.3,49,D5-leverage_e30_r049,Alg2_Ru10,0.5324074074074074,,
1b,D5-leverage,0.3,49,D5-leverage_e30_r049,TCRlong(0.40)+rw+A2_Rs20,0.8888888888888888,,
1b,D5-leverage,0.3,49,D5-leverage_e30_r049,TCRlong(0.40)+rw+A2_Ru10,0.8888888888888888,,
1b,D5-leverage,0.35,49,D5-leverage_e35_r049,ESF12alone,0.5245098039215687,0.0033333333333333335,0.07921672996599227
1b,D5-leverage,0.35,49,D5-leverage_e35_r049,ESF12,0.5245098039215687,,
1b,D5-leverage,0.35,49,D5-leverage_e35_r049,Alg2_Rs20,0.5245098039215687,,
1b,D5-leverage,0.35,49,D5-leverage_e35_r049,Alg2_Ru10,0.5245098039215687,,
1b,D5-leverage,0.35,49,D5-leverage_e35_r049,TCRlong(0.40)+rw+A2_Rs20,0.5098039215686274,,
1b,D5-leverage,0.35,49,D5-leverage_e35_r049,TCRlong(0.40)+rw+A2_Ru10,0.5098039215686274,,
1b,D6-uniform,0.25,49,D6-uniform_e25_r049,ESF12alone,0.8956521739130435,0.21666666666666667,0.08209723199252039
1b,D6-uniform,0.25,49,D6-uniform_e25_r049,ESF12,0.8956521739130435,,
1b,D6-uniform,0.25,49,D6-uniform_e25_r049,Alg2_Rs20,0.9043478260869565,,
1b,D6-uniform,0.25,49,D6-uniform_e25_r049,Alg2_Ru10,0.9043478260869565,,
1b,D6-uniform,0.25,49,D6-uniform_e25_r049,TCRlong(0.40)+rw+A2_Rs20,0.9043478260869565,,
1b,D6-uniform,0.25,49,D6-uniform_e25_r049,TCRlong(0.40)+rw+A2_Ru10,0.9043478260869565,,
1b,D6-uniform,0.3,49,D6-uniform_e30_r049,ESF12alone,0.5144230769230769,0.0,0.07994183606933802
1b,D6-uniform,0.3,49,D6-uniform_e30_r049,ESF12,0.5144230769230769,,
1b,D6-uniform,0.3,49,D6-uniform_e30_r049,Alg2_Rs20,0.6778846153846154,,
1b,D6-uniform,0.3,49,D6-uniform_e30_r049,Alg2_Ru10,0.6778846153846154,,
1b,D6-uniform,0.3,49,D6-uniform_e30_r049,TCRlong(0.40)+rw+A2_Rs20,0.6682692307692307,,
1b,D6-uniform,0.3,49,D6-uniform_e30_r049,TCRlong(0.40)+rw+A2_Ru10,0.6682692307692307,,
1b,D6-uniform,0.35,49,D6-uniform_e35_r049,ESF12alone,0.5228426395939086,0.0,0.0757839169818908
1b,D6-uniform,0.35,49,D6-uniform_e35_r049,ESF12,0.5228426395939086,,
1b,D6-uniform,0.35,49,D6-uniform_e35_r049,Alg2_Rs20,0.5228426395939086,,
1b,D6-uniform,0.35,49,D6-uniform_e35_r049,Alg2_Ru10,0.5228426395939086,,
1b,D6-uniform,0.35,49,D6-uniform_e35_r049,TCRlong(0.40)+rw+A2_Rs20,0.5025380710659898,,
1b,D6-uniform,0.35,49,D6-uniform_e35_r049,TCRlong(0.40)+rw+A2_Ru10,0.5025380710659898,,
1b,D7-p3,0.25,49,D7-p3_e25_r049,ESF12alone,0.9095238095238095,0.32,2.011118976981379
1b,D7-p3,0.25,49,D7-p3_e25_r049,ESF12,0.9095238095238095,,
1b,D7-p3,0.25,49,D7-p3_e25_r049,Alg2_Rs20,0.9095238095238095,,
1b,D7-p3,0.25,49,D7-p3_e25_r049,Alg2_Ru10,0.9095238095238095,,
1b,D7-p3,0.25,49,D7-p3_e25_r049,TCRlong(0.40)+rw+A2_Rs20,0.9047619047619048,,
1b,D7-p3,0.25,49,D7-p3_e25_r049,TCRlong(0.40)+rw+A2_Ru10,0.9047619047619048,,
1b,D7-p3,0.3,49,D7-p3_e30_r049,ESF12alone,0.9396984924623115,0.33666666666666667,1.9736218189354986
1b,D7-p3,0.3,49,D7-p3_e30_r049,ESF12,0.9396984924623115,,
1b,D7-p3,0.3,49,D7-p3_e30_r049,Alg2_Rs20,0.9396984924623115,,
1b,D7-p3,0.3,49,D7-p3_e30_r049,Alg2_Ru10,0.9396984924623115,,
1b,D7-p3,0.3,49,D7-p3_e30_r049,TCRlong(0.40)+rw+A2_Rs20,0.9396984924623115,,
1b,D7-p3,0.3,49,D7-p3_e30_r049,TCRlong(0.40)+rw+A2_Ru10,0.9396984924623115,,
1b,D7-p3,0.35,49,D7-p3_e35_r049,ESF12alone,0.8756476683937824,0.3566666666666667,1.7820816159946844
1b,D7-p3,0.35,49,D7-p3_e35_r049,ESF12,0.8756476683937824,,
1b,D7-p3,0.35,49,D7-p3_e35_r049,Alg2_Rs20,0.8756476683937824,,
1b,D7-p3,0.35,49,D7-p3_e35_r049,Alg2_Ru10,0.8756476683937824,,
1b,D7-p3,0.35,49,D7-p3_e35_r049,TCRlong(0.40)+rw+A2_Rs20,0.8756476683937824,,
1b,D7-p3,0.35,49,D7-p3_e35_r049,TCRlong(0.40)+rw+A2_Ru10,0.8756476683937824,,
1b,D8-K2par-sep,0.25,49,D8-K2par-sep_e25_r049,ESF12alone,1.0,0.23666666666666666,0.08793082705233246
1b,D8-K2par-sep,0.25,49,D8-K2par-sep_e25_r049,ESF12,1.0,,
1b,D8-K2par-sep,0.25,49,D8-K2par-sep_e25_r049,Alg2_Rs20,1.0,,
1b,D8-K2par-sep,0.25,49,D8-K2par-sep_e25_r049,Alg2_Ru10,1.0,,
1b,D8-K2par-sep,0.25,49,D8-K2par-sep_e25_r049,TCRlong(0.40)+rw+A2_Rs20,1.0,,
1b,D8-K2par-sep,0.25,49,D8-K2par-sep_e25_r049,TCRlong(0.40)+rw+A2_Ru10,1.0,,
1b,D8-K2par-sep,0.3,49,D8-K2par-sep_e30_r049,ESF12alone,0.9907407407407407,0.28,0.0777916710358113
1b,D8-K2par-sep,0.3,49,D8-K2par-sep_e30_r049,ESF12,0.9907407407407407,,
1b,D8-K2par-sep,0.3,49,D8-K2par-sep_e30_r049,Alg2_Rs20,0.9907407407407407,,
1b,D8-K2par-sep,0.3,49,D8-K2par-sep_e30_r049,Alg2_Ru10,0.9907407407407407,,
1b,D8-K2par-sep,0.3,49,D8-K2par-sep_e30_r049,TCRlong(0.40)+rw+A2_Rs20,0.9907407407407407,,
1b,D8-K2par-sep,0.3,49,D8-K2par-sep_e30_r049,TCRlong(0.40)+rw+A2_Ru10,0.9907407407407407,,
1b,D8-K2par-sep,0.35,49,D8-K2par-sep_e35_r049,ESF12alone,1.0,0.36666666666666664,0.07387001707684249
1b,D8-K2par-sep,0.35,49,D8-K2par-sep_e35_r049,ESF12,1.0,,
1b,D8-K2par-sep,0.35,49,D8-K2par-sep_e35_r049,Alg2_Rs20,1.0,,
1b,D8-K2par-sep,0.35,49,D8-K2par-sep_e35_r049,Alg2_Ru10,1.0,,
1b,D8-K2par-sep,0.35,49,D8-K2par-sep_e35_r049,TCRlong(0.40)+rw+A2_Rs20,1.0,,
1b,D8-K2par-sep,0.35,49,D8-K2par-sep_e35_r049,TCRlong(0.40)+rw+A2_Ru10,1.0,,
1b,D1-K2cross,0.25,50,D1-K2cross_e25_r050,ESF12alone,0.9257425742574258,0.32666666666666666,0.07612789899576455
1b,D1-K2cross,0.25,50,D1-K2cross_e25_r050,ESF12,0.9257425742574258,,
1b,D1-K2cross,0.25,50,D1-K2cross_e25_r050,Alg2_Rs20,0.9257425742574258,,
1b,D1-K2cross,0.25,50,D1-K2cross_e25_r050,Alg2_Ru10,0.9257425742574258,,
1b,D1-K2cross,0.25,50,D1-K2cross_e25_r050,TCRlong(0.40)+rw+A2_Rs20,0.9257425742574258,,
1b,D1-K2cross,0.25,50,D1-K2cross_e25_r050,TCRlong(0.40)+rw+A2_Ru10,0.9257425742574258,,
1b,D1-K2cross,0.3,50,D1-K2cross_e30_r050,ESF12alone,0.8904109589041096,0.27,0.08759388502221555
1b,D1-K2cross,0.3,50,D1-K2cross_e30_r050,ESF12,0.8904109589041096,,
1b,D1-K2cross,0.3,50,D1-K2cross_e30_r050,Alg2_Rs20,0.8904109589041096,,
1b,D1-K2cross,0.3,50,D1-K2cross_e30_r050,Alg2_Ru10,0.8904109589041096,,
1b,D1-K2cross,0.3,50,D1-K2cross_e30_r050,TCRlong(0.40)+rw+A2_Rs20,0.8904109589041096,,
1b,D1-K2cross,0.3,50,D1-K2cross_e30_r050,TCRlong(0.40)+rw+A2_Ru10,0.8904109589041096,,
1b,D1-K2cross,0.35,50,D1-K2cross_e35_r050,ESF12alone,0.9378238341968912,0.3566666666666667,0.07817391806747764
1b,D1-K2cross,0.35,50,D1-K2cross_e35_r050,ESF12,0.9378238341968912,,
1b,D1-K2cross,0.35,50,D1-K2cross_e35_r050,Alg2_Rs20,0.9326424870466321,,
1b,D1-K2cross,0.35,50,D1-K2cross_e35_r050,Alg2_Ru10,0.9326424870466321,,
1b,D1-K2cross,0.35,50,D1-K2cross_e35_r050,TCRlong(0.40)+rw+A2_Rs20,0.9378238341968912,,
1b,D1-K2cross,0.35,50,D1-K2cross_e35_r050,TCRlong(0.40)+rw+A2_Ru10,0.9378238341968912,,
1b,D2-K3par,0.25,50,D2-K3par_e25_r050,ESF12alone,0.9478672985781991,0.2966666666666667,0.2856682729907334
1b,D2-K3par,0.25,50,D2-K3par_e25_r050,ESF12,0.9478672985781991,,
1b,D2-K3par,0.25,50,D2-K3par_e25_r050,Alg2_Rs20,0.6540284360189573,,
1b,D2-K3par,0.25,50,D2-K3par_e25_r050,Alg2_Ru10,0.6540284360189573,,
1b,D2-K3par,0.25,50,D2-K3par_e25_r050,TCRlong(0.40)+rw+A2_Rs20,0.95260663507109,,
1b,D2-K3par,0.25,50,D2-K3par_e25_r050,TCRlong(0.40)+rw+A2_Ru10,0.95260663507109,,
1b,D2-K3par,0.3,50,D2-K3par_e30_r050,ESF12alone,0.9138755980861244,0.30333333333333334,0.27541361399926245
1b,D2-K3par,0.3,50,D2-K3par_e30_r050,ESF12,0.9138755980861244,,
1b,D2-K3par,0.3,50,D2-K3par_e30_r050,Alg2_Rs20,0.9138755980861244,,
1b,D2-K3par,0.3,50,D2-K3par_e30_r050,Alg2_Ru10,0.9138755980861244,,
1b,D2-K3par,0.3,50,D2-K3par_e30_r050,TCRlong(0.40)+rw+A2_Rs20,0.8947368421052632,,
1b,D2-K3par,0.3,50,D2-K3par_e30_r050,TCRlong(0.40)+rw+A2_Ru10,0.8947368421052632,,
1b,D2-K3par,0.35,50,D2-K3par_e35_r050,ESF12alone,0.8910891089108911,0.32666666666666666,0.3297587150009349
1b,D2-K3par,0.35,50,D2-K3par_e35_r050,ESF12,0.8910891089108911,,
1b,D2-K3par,0.35,50,D2-K3par_e35_r050,Alg2_Rs20,0.6435643564356436,,
1b,D2-K3par,0.35,50,D2-K3par_e35_r050,Alg2_Ru10,0.6435643564356436,,
1b,D2-K3par,0.35,50,D2-K3par_e35_r050,TCRlong(0.40)+rw+A2_Rs20,0.6435643564356436,,
1b,D2-K3par,0.35,50,D2-K3par_e35_r050,TCRlong(0.40)+rw+A2_Ru10,0.6435643564356436,,
1b,D3-unequal,0.25,50,D3-unequal_e25_r050,ESF12alone,0.9126637554585153,0.23666666666666666,0.08912471099756658
1b,D3-unequal,0.25,50,D3-unequal_e25_r050,ESF12,0.9126637554585153,,
1b,D3-unequal,0.25,50,D3-unequal_e25_r050,Alg2_Rs20,0.9126637554585153,,
1b,D3-unequal,0.25,50,D3-unequal_e25_r050,Alg2_Ru10,0.9126637554585153,,
1b,D3-unequal,0.25,50,D3-unequal_e25_r050,TCRlong(0.40)+rw+A2_Rs20,0.9126637554585153,,
1b,D3-unequal,0.25,50,D3-unequal_e25_r050,TCRlong(0.40)+rw+A2_Ru10,0.9126637554585153,,
1b,D3-unequal,0.3,50,D3-unequal_e30_r050,ESF12alone,0.9271844660194175,0.31333333333333335,0.08816151693463326
1b,D3-unequal,0.3,50,D3-unequal_e30_r050,ESF12,0.9271844660194175,,
1b,D3-unequal,0.3,50,D3-unequal_e30_r050,Alg2_Rs20,0.9271844660194175,,
1b,D3-unequal,0.3,50,D3-unequal_e30_r050,Alg2_Ru10,0.9271844660194175,,
1b,D3-unequal,0.3,50,D3-unequal_e30_r050,TCRlong(0.40)+rw+A2_Rs20,0.9271844660194175,,
1b,D3-unequal,0.3,50,D3-unequal_e30_r050,TCRlong(0.40)+rw+A2_Ru10,0.9271844660194175,,
1b,D3-unequal,0.35,50,D3-unequal_e35_r050,ESF12alone,0.9368932038834952,0.31333333333333335,0.08230794698465616
1b,D3-unequal,0.35,50,D3-unequal_e35_r050,ESF12,0.9368932038834952,,
1b,D3-unequal,0.35,50,D3-unequal_e35_r050,Alg2_Rs20,0.9368932038834952,,
1b,D3-unequal,0.35,50,D3-unequal_e35_r050,Alg2_Ru10,0.9368932038834952,,
1b,D3-unequal,0.35,50,D3-unequal_e35_r050,TCRlong(0.40)+rw+A2_Rs20,0.9368932038834952,,
1b,D3-unequal,0.35,50,D3-unequal_e35_r050,TCRlong(0.40)+rw+A2_Ru10,0.9368932038834952,,
1b,D4-hetero,0.25,50,D4-hetero_e25_r050,ESF12alone,0.9427312775330396,0.25333333333333335,0.07695836899802089
1b,D4-hetero,0.25,50,D4-hetero_e25_r050,ESF12,0.9427312775330396,,
1b,D4-hetero,0.25,50,D4-hetero_e25_r050,Alg2_Rs20,0.9427312775330396,,
1b,D4-hetero,0.25,50,D4-hetero_e25_r050,Alg2_Ru10,0.9427312775330396,,
1b,D4-hetero,0.25,50,D4-hetero_e25_r050,TCRlong(0.40)+rw+A2_Rs20,0.9427312775330396,,
1b,D4-hetero,0.25,50,D4-hetero_e25_r050,TCRlong(0.40)+rw+A2_Ru10,0.9427312775330396,,
1b,D4-hetero,0.3,50,D4-hetero_e30_r050,ESF12alone,0.9348837209302325,0.2833333333333333,0.10216459608636796
1b,D4-hetero,0.3,50,D4-hetero_e30_r050,ESF12,0.9348837209302325,,
1b,D4-hetero,0.3,50,D4-hetero_e30_r050,Alg2_Rs20,0.9348837209302325,,
1b,D4-hetero,0.3,50,D4-hetero_e30_r050,Alg2_Ru10,0.9348837209302325,,
1b,D4-hetero,0.3,50,D4-hetero_e30_r050,TCRlong(0.40)+rw+A2_Rs20,0.9348837209302325,,
1b,D4-hetero,0.3,50,D4-hetero_e30_r050,TCRlong(0.40)+rw+A2_Ru10,0.9348837209302325,,
1b,D4-hetero,0.35,50,D4-hetero_e35_r050,ESF12alone,0.9065420560747663,0.2966666666666667,0.09033655794337392
1b,D4-hetero,0.35,50,D4-hetero_e35_r050,ESF12,0.9065420560747663,,
1b,D4-hetero,0.35,50,D4-hetero_e35_r050,Alg2_Rs20,0.9065420560747663,,
1b,D4-hetero,0.35,50,D4-hetero_e35_r050,Alg2_Ru10,0.9065420560747663,,
1b,D4-hetero,0.35,50,D4-hetero_e35_r050,TCRlong(0.40)+rw+A2_Rs20,0.9018691588785047,,
1b,D4-hetero,0.35,50,D4-hetero_e35_r050,TCRlong(0.40)+rw+A2_Ru10,0.9018691588785047,,
1b,D5-leverage,0.25,50,D5-leverage_e25_r050,ESF12alone,0.8893805309734514,0.24666666666666667,0.07780906592961401
1b,D5-leverage,0.25,50,D5-leverage_e25_r050,ESF12,0.8893805309734514,,
1b,D5-leverage,0.25,50,D5-leverage_e25_r050,Alg2_Rs20,0.8893805309734514,,
1b,D5-leverage,0.25,50,D5-leverage_e25_r050,Alg2_Ru10,0.8893805309734514,,
1b,D5-leverage,0.25,50,D5-leverage_e25_r050,TCRlong(0.40)+rw+A2_Rs20,0.8893805309734514,,
1b,D5-leverage,0.25,50,D5-leverage_e25_r050,TCRlong(0.40)+rw+A2_Ru10,0.8893805309734514,,
1b,D5-leverage,0.3,50,D5-leverage_e30_r050,ESF12alone,0.5277777777777778,0.07666666666666666,0.10001963004469872
1b,D5-leverage,0.3,50,D5-leverage_e30_r050,ESF12,0.5277777777777778,,
1b,D5-leverage,0.3,50,D5-leverage_e30_r050,Alg2_Rs20,0.5277777777777778,,
1b,D5-leverage,0.3,50,D5-leverage_e30_r050,Alg2_Ru10,0.5277777777777778,,
1b,D5-leverage,0.3,50,D5-leverage_e30_r050,TCRlong(0.40)+rw+A2_Rs20,0.9212962962962963,,
1b,D5-leverage,0.3,50,D5-leverage_e30_r050,TCRlong(0.40)+rw+A2_Ru10,0.9212962962962963,,
1b,D5-leverage,0.35,50,D5-leverage_e35_r050,ESF12alone,0.5028571428571429,0.016666666666666666,0.07925239100586623
1b,D5-leverage,0.35,50,D5-leverage_e35_r050,ESF12,0.5028571428571429,,
1b,D5-leverage,0.35,50,D5-leverage_e35_r050,Alg2_Rs20,0.5028571428571429,,
1b,D5-leverage,0.35,50,D5-leverage_e35_r050,Alg2_Ru10,0.5028571428571429,,
1b,D5-leverage,0.35,50,D5-leverage_e35_r050,TCRlong(0.40)+rw+A2_Rs20,0.5085714285714286,,
1b,D5-leverage,0.35,50,D5-leverage_e35_r050,TCRlong(0.40)+rw+A2_Ru10,0.5085714285714286,,
1b,D6-uniform,0.25,50,D6-uniform_e25_r050,ESF12alone,0.5043859649122807,0.0,0.08543228299822658
1b,D6-uniform,0.25,50,D6-uniform_e25_r050,ESF12,0.5043859649122807,,
1b,D6-uniform,0.25,50,D6-uniform_e25_r050,Alg2_Rs20,0.8991228070175439,,
1b,D6-uniform,0.25,50,D6-uniform_e25_r050,Alg2_Ru10,0.8991228070175439,,
1b,D6-uniform,0.25,50,D6-uniform_e25_r050,TCRlong(0.40)+rw+A2_Rs20,0.9122807017543859,,
1b,D6-uniform,0.25,50,D6-uniform_e25_r050,TCRlong(0.40)+rw+A2_Ru10,0.9122807017543859,,
1b,D6-uniform,0.3,50,D6-uniform_e30_r050,ESF12alone,0.5567010309278351,0.0,0.08623817702755332
1b,D6-uniform,0.3,50,D6-uniform_e30_r050,ESF12,0.5567010309278351,,
1b,D6-uniform,0.3,50,D6-uniform_e30_r050,Alg2_Rs20,0.5567010309278351,,
1b,D6-uniform,0.3,50,D6-uniform_e30_r050,Alg2_Ru10,0.5567010309278351,,
1b,D6-uniform,0.3,50,D6-uniform_e30_r050,TCRlong(0.40)+rw+A2_Rs20,0.5567010309278351,,
1b,D6-uniform,0.3,50,D6-uniform_e30_r050,TCRlong(0.40)+rw+A2_Ru10,0.5567010309278351,,
1b,D6-uniform,0.35,50,D6-uniform_e35_r050,ESF12alone,0.5238095238095238,0.0033333333333333335,0.07660114602185786
1b,D6-uniform,0.35,50,D6-uniform_e35_r050,ESF12,0.5238095238095238,,
1b,D6-uniform,0.35,50,D6-uniform_e35_r050,Alg2_Rs20,0.5185185185185185,,
1b,D6-uniform,0.35,50,D6-uniform_e35_r050,Alg2_Ru10,0.5185185185185185,,
1b,D6-uniform,0.35,50,D6-uniform_e35_r050,TCRlong(0.40)+rw+A2_Rs20,0.5079365079365079,,
1b,D6-uniform,0.35,50,D6-uniform_e35_r050,TCRlong(0.40)+rw+A2_Ru10,0.5079365079365079,,
1b,D7-p3,0.25,50,D7-p3_e25_r050,ESF12alone,0.9191489361702128,0.22666666666666666,1.8760878660250455
1b,D7-p3,0.25,50,D7-p3_e25_r050,ESF12,0.9191489361702128,,
1b,D7-p3,0.25,50,D7-p3_e25_r050,Alg2_Rs20,0.9148936170212766,,
1b,D7-p3,0.25,50,D7-p3_e25_r050,Alg2_Ru10,0.9148936170212766,,
1b,D7-p3,0.25,50,D7-p3_e25_r050,TCRlong(0.40)+rw+A2_Rs20,0.9148936170212766,,
1b,D7-p3,0.25,50,D7-p3_e25_r050,TCRlong(0.40)+rw+A2_Ru10,0.9148936170212766,,
1b,D7-p3,0.3,50,D7-p3_e30_r050,ESF12alone,0.8957345971563981,0.30666666666666664,1.912791641894728
1b,D7-p3,0.3,50,D7-p3_e30_r050,ESF12,0.8957345971563981,,
1b,D7-p3,0.3,50,D7-p3_e30_r050,Alg2_Rs20,0.8862559241706162,,
1b,D7-p3,0.3,50,D7-p3_e30_r050,Alg2_Ru10,0.8862559241706162,,
1b,D7-p3,0.3,50,D7-p3_e30_r050,TCRlong(0.40)+rw+A2_Rs20,0.8909952606635071,,
1b,D7-p3,0.3,50,D7-p3_e30_r050,TCRlong(0.40)+rw+A2_Ru10,0.8909952606635071,,
1b,D7-p3,0.35,50,D7-p3_e35_r050,ESF12alone,0.5585106382978723,0.21333333333333335,1.4681834270013496
1b,D7-p3,0.35,50,D7-p3_e35_r050,ESF12,0.5372340425531915,,
1b,D7-p3,0.35,50,D7-p3_e35_r050,Alg2_Rs20,0.9095744680851063,,
1b,D7-p3,0.35,50,D7-p3_e35_r050,Alg2_Ru10,0.9095744680851063,,
1b,D7-p3,0.35,50,D7-p3_e35_r050,TCRlong(0.40)+rw+A2_Rs20,0.9095744680851063,,
1b,D7-p3,0.35,50,D7-p3_e35_r050,TCRlong(0.40)+rw+A2_Ru10,0.9095744680851063,,
1b,D8-K2par-sep,0.25,50,D8-K2par-sep_e25_r050,ESF12alone,1.0,0.26666666666666666,0.042473249952308834
1b,D8-K2par-sep,0.25,50,D8-K2par-sep_e25_r050,ESF12,1.0,,
1b,D8-K2par-sep,0.25,50,D8-K2par-sep_e25_r050,Alg2_Rs20,1.0,,
1b,D8-K2par-sep,0.25,50,D8-K2par-sep_e25_r050,Alg2_Ru10,1.0,,
1b,D8-K2par-sep,0.25,50,D8-K2par-sep_e25_r050,TCRlong(0.40)+rw+A2_Rs20,1.0,,
1b,D8-K2par-sep,0.25,50,D8-K2par-sep_e25_r050,TCRlong(0.40)+rw+A2_Ru10,1.0,,
1b,D8-K2par-sep,0.3,50,D8-K2par-sep_e30_r050,ESF12alone,0.995049504950495,0.32666666666666666,0.07784240692853928
1b,D8-K2par-sep,0.3,50,D8-K2par-sep_e30_r050,ESF12,0.995049504950495,,
1b,D8-K2par-sep,0.3,50,D8-K2par-sep_e30_r050,Alg2_Rs20,0.995049504950495,,
1b,D8-K2par-sep,0.3,50,D8-K2par-sep_e30_r050,Alg2_Ru10,0.995049504950495,,
1b,D8-K2par-sep,0.3,50,D8-K2par-sep_e30_r050,TCRlong(0.40)+rw+A2_Rs20,0.995049504950495,,
1b,D8-K2par-sep,0.3,50,D8-K2par-sep_e30_r050,TCRlong(0.40)+rw+A2_Ru10,0.995049504950495,,
1b,D8-K2par-sep,0.35,50,D8-K2par-sep_e35_r050,ESF12alone,1.0,0.3433333333333333,0.0767632519127801
1b,D8-K2par-sep,0.35,50,D8-K2par-sep_e35_r050,ESF12,1.0,,
1b,D8-K2par-sep,0.35,50,D8-K2par-sep_e35_r050,Alg2_Rs20,1.0,,
1b,D8-K2par-sep,0.35,50,D8-K2par-sep_e35_r050,Alg2_Ru10,1.0,,
1b,D8-K2par-sep,0.35,50,D8-K2par-sep_e35_r050,TCRlong(0.40)+rw+A2_Rs20,1.0,,
1b,D8-K2par-sep,0.35,50,D8-K2par-sep_e35_r050,TCRlong(0.40)+rw+A2_Ru10,1.0,,
1b,D1-K2cross,0.25,51,D1-K2cross_e25_r051,ESF12alone,0.950207468879668,0.19666666666666666,0.08023357496131212
1b,D1-K2cross,0.25,51,D1-K2cross_e25_r051,ESF12,0.950207468879668,,
1b,D1-K2cross,0.25,51,D1-K2cross_e25_r051,Alg2_Rs20,0.950207468879668,,
1b,D1-K2cross,0.25,51,D1-K2cross_e25_r051,Alg2_Ru10,0.950207468879668,,
1b,D1-K2cross,0.25,51,D1-K2cross_e25_r051,TCRlong(0.40)+rw+A2_Rs20,0.950207468879668,,
1b,D1-K2cross,0.25,51,D1-K2cross_e25_r051,TCRlong(0.40)+rw+A2_Ru10,0.950207468879668,,
1b,D1-K2cross,0.3,51,D1-K2cross_e30_r051,ESF12alone,0.8921568627450981,0.32,0.08432219095993787
1b,D1-K2cross,0.3,51,D1-K2cross_e30_r051,ESF12,0.8921568627450981,,
1b,D1-K2cross,0.3,51,D1-K2cross_e30_r051,Alg2_Rs20,0.8970588235294118,,
1b,D1-K2cross,0.3,51,D1-K2cross_e30_r051,Alg2_Ru10,0.8970588235294118,,
1b,D1-K2cross,0.3,51,D1-K2cross_e30_r051,TCRlong(0.40)+rw+A2_Rs20,0.8970588235294118,,
1b,D1-K2cross,0.3,51,D1-K2cross_e30_r051,TCRlong(0.40)+rw+A2_Ru10,0.8970588235294118,,
1b,D1-K2cross,0.35,51,D1-K2cross_e35_r051,ESF12alone,0.9174757281553398,0.31333333333333335,0.08302646898664534
1b,D1-K2cross,0.35,51,D1-K2cross_e35_r051,ESF12,0.9174757281553398,,
1b,D1-K2cross,0.35,51,D1-K2cross_e35_r051,Alg2_Rs20,0.9174757281553398,,
1b,D1-K2cross,0.35,51,D1-K2cross_e35_r051,Alg2_Ru10,0.9174757281553398,,
1b,D1-K2cross,0.35,51,D1-K2cross_e35_r051,TCRlong(0.40)+rw+A2_Rs20,0.9174757281553398,,
1b,D1-K2cross,0.35,51,D1-K2cross_e35_r051,TCRlong(0.40)+rw+A2_Ru10,0.9174757281553398,,
1b,D2-K3par,0.25,51,D2-K3par_e25_r051,ESF12alone,0.9214876033057852,0.19333333333333333,0.323539393953979
1b,D2-K3par,0.25,51,D2-K3par_e25_r051,ESF12,0.9214876033057852,,
1b,D2-K3par,0.25,51,D2-K3par_e25_r051,Alg2_Rs20,0.9297520661157025,,
1b,D2-K3par,0.25,51,D2-K3par_e25_r051,Alg2_Ru10,0.9297520661157025,,
1b,D2-K3par,0.25,51,D2-K3par_e25_r051,TCRlong(0.40)+rw+A2_Rs20,0.9338842975206612,,
1b,D2-K3par,0.25,51,D2-K3par_e25_r051,TCRlong(0.40)+rw+A2_Ru10,0.9338842975206612,,
1b,D2-K3par,0.3,51,D2-K3par_e30_r051,ESF12alone,0.6435643564356436,0.15333333333333332,0.3934125551022589
1b,D2-K3par,0.3,51,D2-K3par_e30_r051,ESF12,0.6435643564356436,,
1b,D2-K3par,0.3,51,D2-K3par_e30_r051,Alg2_Rs20,0.6435643564356436,,
1b,D2-K3par,0.3,51,D2-K3par_e30_r051,Alg2_Ru10,0.6435643564356436,,
1b,D2-K3par,0.3,51,D2-K3par_e30_r051,TCRlong(0.40)+rw+A2_Rs20,0.806930693069307,,
1b,D2-K3par,0.3,51,D2-K3par_e30_r051,TCRlong(0.40)+rw+A2_Ru10,0.806930693069307,,
1b,D2-K3par,0.35,51,D2-K3par_e35_r051,ESF12alone,0.6616161616161617,0.16666666666666666,0.3721670239465311
1b,D2-K3par,0.35,51,D2-K3par_e35_r051,ESF12,0.6616161616161617,,
1b,D2-K3par,0.35,51,D2-K3par_e35_r051,Alg2_Rs20,0.3383838383838384,,
1b,D2-K3par,0.35,51,D2-K3par_e35_r051,Alg2_Ru10,0.3383838383838384,,
1b,D2-K3par,0.35,51,D2-K3par_e35_r051,TCRlong(0.40)+rw+A2_Rs20,0.9191919191919192,,
1b,D2-K3par,0.35,51,D2-K3par_e35_r051,TCRlong(0.40)+rw+A2_Ru10,0.9191919191919192,,
1b,D3-unequal,0.25,51,D3-unequal_e25_r051,ESF12alone,0.5276595744680851,0.32666666666666666,0.08393493399489671
1b,D3-unequal,0.25,51,D3-unequal_e25_r051,ESF12,0.9404255319148936,,
1b,D3-unequal,0.25,51,D3-unequal_e25_r051,Alg2_Rs20,0.9404255319148936,,
1b,D3-unequal,0.25,51,D3-unequal_e25_r051,Alg2_Ru10,0.9404255319148936,,
1b,D3-unequal,0.25,51,D3-unequal_e25_r051,TCRlong(0.40)+rw+A2_Rs20,0.9361702127659575,,
1b,D3-unequal,0.25,51,D3-unequal_e25_r051,TCRlong(0.40)+rw+A2_Ru10,0.9361702127659575,,
1b,D3-unequal,0.3,51,D3-unequal_e30_r051,ESF12alone,0.9054054054054054,0.2633333333333333,0.08714818092994392
1b,D3-unequal,0.3,51,D3-unequal_e30_r051,ESF12,0.9054054054054054,,
1b,D3-unequal,0.3,51,D3-unequal_e30_r051,Alg2_Rs20,0.9054054054054054,,
1b,D3-unequal,0.3,51,D3-unequal_e30_r051,Alg2_Ru10,0.9054054054054054,,
1b,D3-unequal,0.3,51,D3-unequal_e30_r051,TCRlong(0.40)+rw+A2_Rs20,0.9054054054054054,,
1b,D3-unequal,0.3,51,D3-unequal_e30_r051,TCRlong(0.40)+rw+A2_Ru10,0.9054054054054054,,
1b,D3-unequal,0.35,51,D3-unequal_e35_r051,ESF12alone,0.6947368421052632,0.16,0.07705378299579024
1b,D3-unequal,0.35,51,D3-unequal_e35_r051,ESF12,0.6947368421052632,,
1b,D3-unequal,0.35,51,D3-unequal_e35_r051,Alg2_Rs20,0.9157894736842105,,
1b,D3-unequal,0.35,51,D3-unequal_e35_r051,Alg2_Ru10,0.9157894736842105,,
1b,D3-unequal,0.35,51,D3-unequal_e35_r051,TCRlong(0.40)+rw+A2_Rs20,0.9157894736842105,,
1b,D3-unequal,0.35,51,D3-unequal_e35_r051,TCRlong(0.40)+rw+A2_Ru10,0.9157894736842105,,
1b,D4-hetero,0.25,51,D4-hetero_e25_r051,ESF12alone,0.954337899543379,0.27,0.07496648095548153
1b,D4-hetero,0.25,51,D4-hetero_e25_r051,ESF12,0.954337899543379,,
1b,D4-hetero,0.25,51,D4-hetero_e25_r051,Alg2_Rs20,0.958904109589041,,
1b,D4-hetero,0.25,51,D4-hetero_e25_r051,Alg2_Ru10,0.958904109589041,,
1b,D4-hetero,0.25,51,D4-hetero_e25_r051,TCRlong(0.40)+rw+A2_Rs20,0.958904109589041,,
1b,D4-hetero,0.25,51,D4-hetero_e25_r051,TCRlong(0.40)+rw+A2_Ru10,0.958904109589041,,
1b,D4-hetero,0.3,51,D4-hetero_e30_r051,ESF12alone,0.9108910891089109,0.33,0.07403431099373847
1b,D4-hetero,0.3,51,D4-hetero_e30_r051,ESF12,0.9108910891089109,,
1b,D4-hetero,0.3,51,D4-hetero_e30_r051,Alg2_Rs20,0.9108910891089109,,
1b,D4-hetero,0.3,51,D4-hetero_e30_r051,Alg2_Ru10,0.9108910891089109,,
1b,D4-hetero,0.3,51,D4-hetero_e30_r051,TCRlong(0.40)+rw+A2_Rs20,0.9108910891089109,,
1b,D4-hetero,0.3,51,D4-hetero_e30_r051,TCRlong(0.40)+rw+A2_Ru10,0.9108910891089109,,
1b,D4-hetero,0.35,51,D4-hetero_e35_r051,ESF12alone,0.9230769230769231,0.39666666666666667,0.0726207250263542
1b,D4-hetero,0.35,51,D4-hetero_e35_r051,ESF12,0.9230769230769231,,
1b,D4-hetero,0.35,51,D4-hetero_e35_r051,Alg2_Rs20,0.9230769230769231,,
1b,D4-hetero,0.35,51,D4-hetero_e35_r051,Alg2_Ru10,0.9230769230769231,,
1b,D4-hetero,0.35,51,D4-hetero_e35_r051,TCRlong(0.40)+rw+A2_Rs20,0.9230769230769231,,
1b,D4-hetero,0.35,51,D4-hetero_e35_r051,TCRlong(0.40)+rw+A2_Ru10,0.9230769230769231,,
1b,D5-leverage,0.25,51,D5-leverage_e25_r051,ESF12alone,0.9307359307359307,0.23,0.06903109804261476
1b,D5-leverage,0.25,51,D5-leverage_e25_r051,ESF12,0.9307359307359307,,
1b,D5-leverage,0.25,51,D5-leverage_e25_r051,Alg2_Rs20,0.9307359307359307,,
1b,D5-leverage,0.25,51,D5-leverage_e25_r051,Alg2_Ru10,0.9307359307359307,,
1b,D5-leverage,0.25,51,D5-leverage_e25_r051,TCRlong(0.40)+rw+A2_Rs20,0.9264069264069265,,
1b,D5-leverage,0.25,51,D5-leverage_e25_r051,TCRlong(0.40)+rw+A2_Ru10,0.9264069264069265,,
1b,D5-leverage,0.3,51,D5-leverage_e30_r051,ESF12alone,0.507177033492823,0.03333333333333333,0.08039699005894363
1b,D5-leverage,0.3,51,D5-leverage_e30_r051,ESF12,0.507177033492823,,
1b,D5-leverage,0.3,51,D5-leverage_e30_r051,Alg2_Rs20,0.5119617224880383,,
1b,D5-leverage,0.3,51,D5-leverage_e30_r051,Alg2_Ru10,0.5119617224880383,,
1b,D5-leverage,0.3,51,D5-leverage_e30_r051,TCRlong(0.40)+rw+A2_Rs20,0.5167464114832536,,
1b,D5-leverage,0.3,51,D5-leverage_e30_r051,TCRlong(0.40)+rw+A2_Ru10,0.5167464114832536,,
1b,D5-leverage,0.35,51,D5-leverage_e35_r051,ESF12alone,0.5221674876847291,0.03,0.0777450050227344
1b,D5-leverage,0.35,51,D5-leverage_e35_r051,ESF12,0.5221674876847291,,
1b,D5-leverage,0.35,51,D5-leverage_e35_r051,Alg2_Rs20,0.5221674876847291,,
1b,D5-leverage,0.35,51,D5-leverage_e35_r051,Alg2_Ru10,0.5221674876847291,,
1b,D5-leverage,0.35,51,D5-leverage_e35_r051,TCRlong(0.40)+rw+A2_Rs20,0.5172413793103449,,
1b,D5-leverage,0.35,51,D5-leverage_e35_r051,TCRlong(0.40)+rw+A2_Ru10,0.5172413793103449,,
1b,D6-uniform,0.25,51,D6-uniform_e25_r051,ESF12alone,0.9144144144144144,0.21666666666666667,0.07799711800180376
1b,D6-uniform,0.25,51,D6-uniform_e25_r051,ESF12,0.9144144144144144,,
1b,D6-uniform,0.25,51,D6-uniform_e25_r051,Alg2_Rs20,0.9099099099099099,,
1b,D6-uniform,0.25,51,D6-uniform_e25_r051,Alg2_Ru10,0.5945945945945946,,
1b,D6-uniform,0.25,51,D6-uniform_e25_r051,TCRlong(0.40)+rw+A2_Rs20,0.9099099099099099,,
1b,D6-uniform,0.25,51,D6-uniform_e25_r051,TCRlong(0.40)+rw+A2_Ru10,0.9099099099099099,,
1b,D6-uniform,0.3,51,D6-uniform_e30_r051,ESF12alone,0.5215311004784688,0.0,0.08477212104480714
1b,D6-uniform,0.3,51,D6-uniform_e30_r051,ESF12,0.5215311004784688,,
1b,D6-uniform,0.3,51,D6-uniform_e30_r051,Alg2_Rs20,0.8755980861244019,,
1b,D6-uniform,0.3,51,D6-uniform_e30_r051,Alg2_Ru10,0.8755980861244019,,
1b,D6-uniform,0.3,51,D6-uniform_e30_r051,TCRlong(0.40)+rw+A2_Rs20,0.8851674641148325,,
1b,D6-uniform,0.3,51,D6-uniform_e30_r051,TCRlong(0.40)+rw+A2_Ru10,0.8851674641148325,,
1b,D6-uniform,0.35,51,D6-uniform_e35_r051,ESF12alone,0.5276381909547738,0.0,0.08170296996831894
1b,D6-uniform,0.35,51,D6-uniform_e35_r051,ESF12,0.5276381909547738,,
1b,D6-uniform,0.35,51,D6-uniform_e35_r051,Alg2_Rs20,0.5326633165829145,,
1b,D6-uniform,0.35,51,D6-uniform_e35_r051,Alg2_Ru10,0.5326633165829145,,
1b,D6-uniform,0.35,51,D6-uniform_e35_r051,TCRlong(0.40)+rw+A2_Rs20,0.5376884422110553,,
1b,D6-uniform,0.35,51,D6-uniform_e35_r051,TCRlong(0.40)+rw+A2_Ru10,0.5376884422110553,,
1b,D7-p3,0.25,51,D7-p3_e25_r051,ESF12alone,0.9032258064516129,0.27666666666666667,1.7325937480200082
1b,D7-p3,0.25,51,D7-p3_e25_r051,ESF12,0.9032258064516129,,
1b,D7-p3,0.25,51,D7-p3_e25_r051,Alg2_Rs20,0.9078341013824884,,
1b,D7-p3,0.25,51,D7-p3_e25_r051,Alg2_Ru10,0.9078341013824884,,
1b,D7-p3,0.25,51,D7-p3_e25_r051,TCRlong(0.40)+rw+A2_Rs20,0.9078341013824884,,
1b,D7-p3,0.25,51,D7-p3_e25_r051,TCRlong(0.40)+rw+A2_Ru10,0.9078341013824884,,
1b,D7-p3,0.3,51,D7-p3_e30_r051,ESF12alone,0.9154929577464789,0.29,1.790519661968574
1b,D7-p3,0.3,51,D7-p3_e30_r051,ESF12,0.9154929577464789,,
1b,D7-p3,0.3,51,D7-p3_e30_r051,Alg2_Rs20,0.9154929577464789,,
1b,D7-p3,0.3,51,D7-p3_e30_r051,Alg2_Ru10,0.9154929577464789,,
1b,D7-p3,0.3,51,D7-p3_e30_r051,TCRlong(0.40)+rw+A2_Rs20,0.9154929577464789,,
1b,D7-p3,0.3,51,D7-p3_e30_r051,TCRlong(0.40)+rw+A2_Ru10,0.9154929577464789,,
1b,D7-p3,0.35,51,D7-p3_e35_r051,ESF12alone,0.8769230769230769,0.35,1.429201649967581
1b,D7-p3,0.35,51,D7-p3_e35_r051,ESF12,0.8769230769230769,,
1b,D7-p3,0.35,51,D7-p3_e35_r051,Alg2_Rs20,0.8769230769230769,,
1b,D7-p3,0.35,51,D7-p3_e35_r051,Alg2_Ru10,0.8769230769230769,,
1b,D7-p3,0.35,51,D7-p3_e35_r051,TCRlong(0.40)+rw+A2_Rs20,0.8769230769230769,,
1b,D7-p3,0.35,51,D7-p3_e35_r051,TCRlong(0.40)+rw+A2_Ru10,0.8769230769230769,,
1b,D8-K2par-sep,0.25,51,D8-K2par-sep_e25_r051,ESF12alone,1.0,0.24333333333333335,0.042336710030213
1b,D8-K2par-sep,0.25,51,D8-K2par-sep_e25_r051,ESF12,1.0,,
1b,D8-K2par-sep,0.25,51,D8-K2par-sep_e25_r051,Alg2_Rs20,1.0,,
1b,D8-K2par-sep,0.25,51,D8-K2par-sep_e25_r051,Alg2_Ru10,1.0,,
1b,D8-K2par-sep,0.25,51,D8-K2par-sep_e25_r051,TCRlong(0.40)+rw+A2_Rs20,1.0,,
1b,D8-K2par-sep,0.25,51,D8-K2par-sep_e25_r051,TCRlong(0.40)+rw+A2_Ru10,1.0,,
1b,D8-K2par-sep,0.3,51,D8-K2par-sep_e30_r051,ESF12alone,0.9950248756218906,0.33,0.041153214988298714
1b,D8-K2par-sep,0.3,51,D8-K2par-sep_e30_r051,ESF12,0.9950248756218906,,
1b,D8-K2par-sep,0.3,51,D8-K2par-sep_e30_r051,Alg2_Rs20,1.0,,
1b,D8-K2par-sep,0.3,51,D8-K2par-sep_e30_r051,Alg2_Ru10,1.0,,
1b,D8-K2par-sep,0.3,51,D8-K2par-sep_e30_r051,TCRlong(0.40)+rw+A2_Rs20,1.0,,
1b,D8-K2par-sep,0.3,51,D8-K2par-sep_e30_r051,TCRlong(0.40)+rw+A2_Ru10,1.0,,
1b,D8-K2par-sep,0.35,51,D8-K2par-sep_e35_r051,ESF12alone,1.0,0.34,0.07907906000036746
1b,D8-K2par-sep,0.35,51,D8-K2par-sep_e35_r051,ESF12,1.0,,
1b,D8-K2par-sep,0.35,51,D8-K2par-sep_e35_r051,Alg2_Rs20,1.0,,
1b,D8-K2par-sep,0.35,51,D8-K2par-sep_e35_r051,Alg2_Ru10,1.0,,
1b,D8-K2par-sep,0.35,51,D8-K2par-sep_e35_r051,TCRlong(0.40)+rw+A2_Rs20,1.0,,
1b,D8-K2par-sep,0.35,51,D8-K2par-sep_e35_r051,TCRlong(0.40)+rw+A2_Ru10,1.0,,
1b,D1-K2cross,0.25,52,D1-K2cross_e25_r052,ESF12alone,0.9223300970873787,0.31333333333333335,0.08129218698013574
1b,D1-K2cross,0.25,52,D1-K2cross_e25_r052,ESF12,0.9223300970873787,,
1b,D1-K2cross,0.25,52,D1-K2cross_e25_r052,Alg2_Rs20,0.9223300970873787,,
1b,D1-K2cross,0.25,52,D1-K2cross_e25_r052,Alg2_Ru10,0.9223300970873787,,
1b,D1-K2cross,0.25,52,D1-K2cross_e25_r052,TCRlong(0.40)+rw+A2_Rs20,0.9223300970873787,,
1b,D1-K2cross,0.25,52,D1-K2cross_e25_r052,TCRlong(0.40)+rw+A2_Ru10,0.9223300970873787,,
1b,D1-K2cross,0.3,52,D1-K2cross_e30_r052,ESF12alone,0.8644859813084113,0.2866666666666667,0.08286719699390233
1b,D1-K2cross,0.3,52,D1-K2cross_e30_r052,ESF12,0.8644859813084113,,
1b,D1-K2cross,0.3,52,D1-K2cross_e30_r052,Alg2_Rs20,0.8644859813084113,,
1b,D1-K2cross,0.3,52,D1-K2cross_e30_r052,Alg2_Ru10,0.8644859813084113,,
1b,D1-K2cross,0.3,52,D1-K2cross_e30_r052,TCRlong(0.40)+rw+A2_Rs20,0.8691588785046729,,
1b,D1-K2cross,0.3,52,D1-K2cross_e30_r052,TCRlong(0.40)+rw+A2_Ru10,0.8691588785046729,,
1b,D1-K2cross,0.35,52,D1-K2cross_e35_r052,ESF12alone,0.8737373737373737,0.34,0.08638110000174493
1b,D1-K2cross,0.35,52,D1-K2cross_e35_r052,ESF12,0.8737373737373737,,
1b,D1-K2cross,0.35,52,D1-K2cross_e35_r052,Alg2_Rs20,0.8737373737373737,,
1b,D1-K2cross,0.35,52,D1-K2cross_e35_r052,Alg2_Ru10,0.8737373737373737,,
1b,D1-K2cross,0.35,52,D1-K2cross_e35_r052,TCRlong(0.40)+rw+A2_Rs20,0.8737373737373737,,
1b,D1-K2cross,0.35,52,D1-K2cross_e35_r052,TCRlong(0.40)+rw+A2_Ru10,0.8737373737373737,,
1b,D2-K3par,0.25,52,D2-K3par_e25_r052,ESF12alone,0.8986175115207373,0.27666666666666667,0.2798775399569422
1b,D2-K3par,0.25,52,D2-K3par_e25_r052,ESF12,0.8986175115207373,,
1b,D2-K3par,0.25,52,D2-K3par_e25_r052,Alg2_Rs20,0.8986175115207373,,
1b,D2-K3par,0.25,52,D2-K3par_e25_r052,Alg2_Ru10,0.8986175115207373,,
1b,D2-K3par,0.25,52,D2-K3par_e25_r052,TCRlong(0.40)+rw+A2_Rs20,0.9078341013824884,,
1b,D2-K3par,0.25,52,D2-K3par_e25_r052,TCRlong(0.40)+rw+A2_Ru10,0.9078341013824884,,
1b,D2-K3par,0.3,52,D2-K3par_e30_r052,ESF12alone,0.9068627450980392,0.32,0.29064801800996065
1b,D2-K3par,0.3,52,D2-K3par_e30_r052,ESF12,0.9068627450980392,,
1b,D2-K3par,0.3,52,D2-K3par_e30_r052,Alg2_Rs20,0.37745098039215685,,
1b,D2-K3par,0.3,52,D2-K3par_e30_r052,Alg2_Ru10,0.37745098039215685,,
1b,D2-K3par,0.3,52,D2-K3par_e30_r052,TCRlong(0.40)+rw+A2_Rs20,0.9068627450980392,,
1b,D2-K3par,0.3,52,D2-K3par_e30_r052,TCRlong(0.40)+rw+A2_Ru10,0.9068627450980392,,
1b,D2-K3par,0.35,52,D2-K3par_e35_r052,ESF12alone,0.3492063492063492,0.0,0.37309538410045207
1b,D2-K3par,0.35,52,D2-K3par_e35_r052,ESF12,0.3492063492063492,,
1b,D2-K3par,0.35,52,D2-K3par_e35_r052,Alg2_Rs20,0.3492063492063492,,
1b,D2-K3par,0.35,52,D2-K3par_e35_r052,Alg2_Ru10,0.3492063492063492,,
1b,D2-K3par,0.35,52,D2-K3par_e35_r052,TCRlong(0.40)+rw+A2_Rs20,0.656084656084656,,
1b,D2-K3par,0.35,52,D2-K3par_e35_r052,TCRlong(0.40)+rw+A2_Ru10,0.656084656084656,,
1b,D3-unequal,0.25,52,D3-unequal_e25_r052,ESF12alone,0.8839285714285714,0.25333333333333335,0.08610100601799786
1b,D3-unequal,0.25,52,D3-unequal_e25_r052,ESF12,0.8839285714285714,,
1b,D3-unequal,0.25,52,D3-unequal_e25_r052,Alg2_Rs20,0.875,,
1b,D3-unequal,0.25,52,D3-unequal_e25_r052,Alg2_Ru10,0.875,,
1b,D3-unequal,0.25,52,D3-unequal_e25_r052,TCRlong(0.40)+rw+A2_Rs20,0.8794642857142857,,
1b,D3-unequal,0.25,52,D3-unequal_e25_r052,TCRlong(0.40)+rw+A2_Ru10,0.8794642857142857,,
1b,D3-unequal,0.3,52,D3-unequal_e30_r052,ESF12alone,0.8786407766990292,0.31333333333333335,0.08591431996319443
1b,D3-unequal,0.3,52,D3-unequal_e30_r052,ESF12,0.8786407766990292,,
1b,D3-unequal,0.3,52,D3-unequal_e30_r052,Alg2_Rs20,0.8786407766990292,,
1b,D3-unequal,0.3,52,D3-unequal_e30_r052,Alg2_Ru10,0.8786407766990292,,
1b,D3-unequal,0.3,52,D3-unequal_e30_r052,TCRlong(0.40)+rw+A2_Rs20,0.8786407766990292,,
1b,D3-unequal,0.3,52,D3-unequal_e30_r052,TCRlong(0.40)+rw+A2_Ru10,0.8786407766990292,,
1b,D3-unequal,0.35,52,D3-unequal_e35_r052,ESF12alone,0.9306930693069307,0.32666666666666666,0.08852727396879345
1b,D3-unequal,0.35,52,D3-unequal_e35_r052,ESF12,0.9306930693069307,,
1b,D3-unequal,0.35,52,D3-unequal_e35_r052,Alg2_Rs20,0.9306930693069307,,
1b,D3-unequal,0.35,52,D3-unequal_e35_r052,Alg2_Ru10,0.9306930693069307,,
1b,D3-unequal,0.35,52,D3-unequal_e35_r052,TCRlong(0.40)+rw+A2_Rs20,0.9306930693069307,,
1b,D3-unequal,0.35,52,D3-unequal_e35_r052,TCRlong(0.40)+rw+A2_Ru10,0.9306930693069307,,
1b,D4-hetero,0.25,52,D4-hetero_e25_r052,ESF12alone,0.9224137931034483,0.23666666666666666,0.0763284380082041
1b,D4-hetero,0.25,52,D4-hetero_e25_r052,ESF12,0.9224137931034483,,
1b,D4-hetero,0.25,52,D4-hetero_e25_r052,Alg2_Rs20,0.9224137931034483,,
1b,D4-hetero,0.25,52,D4-hetero_e25_r052,Alg2_Ru10,0.9224137931034483,,
1b,D4-hetero,0.25,52,D4-hetero_e25_r052,TCRlong(0.40)+rw+A2_Rs20,0.9224137931034483,,
1b,D4-hetero,0.25,52,D4-hetero_e25_r052,TCRlong(0.40)+rw+A2_Ru10,0.9224137931034483,,
1b,D4-hetero,0.3,52,D4-hetero_e30_r052,ESF12alone,0.8863636363636364,0.27666666666666667,0.07317135203629732
1b,D4-hetero,0.3,52,D4-hetero_e30_r052,ESF12,0.8863636363636364,,
1b,D4-hetero,0.3,52,D4-hetero_e30_r052,Alg2_Rs20,0.8863636363636364,,
1b,D4-hetero,0.3,52,D4-hetero_e30_r052,Alg2_Ru10,0.8863636363636364,,
1b,D4-hetero,0.3,52,D4-hetero_e30_r052,TCRlong(0.40)+rw+A2_Rs20,0.8863636363636364,,
1b,D4-hetero,0.3,52,D4-hetero_e30_r052,TCRlong(0.40)+rw+A2_Ru10,0.8863636363636364,,
1b,D4-hetero,0.35,52,D4-hetero_e35_r052,ESF12alone,0.9019607843137255,0.32666666666666666,0.07485699804965407
1b,D4-hetero,0.35,52,D4-hetero_e35_r052,ESF12,0.9019607843137255,,
1b,D4-hetero,0.35,52,D4-hetero_e35_r052,Alg2_Rs20,0.9019607843137255,,
1b,D4-hetero,0.35,52,D4-hetero_e35_r052,Alg2_Ru10,0.9019607843137255,,
1b,D4-hetero,0.35,52,D4-hetero_e35_r052,TCRlong(0.40)+rw+A2_Rs20,0.9019607843137255,,
1b,D4-hetero,0.35,52,D4-hetero_e35_r052,TCRlong(0.40)+rw+A2_Ru10,0.9019607843137255,,
1b,D5-leverage,0.25,52,D5-leverage_e25_r052,ESF12alone,0.5165876777251185,0.06,0.07038588495925069
1b,D5-leverage,0.25,52,D5-leverage_e25_r052,ESF12,0.5165876777251185,,
1b,D5-leverage,0.25,52,D5-leverage_e25_r052,Alg2_Rs20,0.5213270142180095,,
1b,D5-leverage,0.25,52,D5-leverage_e25_r052,Alg2_Ru10,0.5213270142180095,,
1b,D5-leverage,0.25,52,D5-leverage_e25_r052,TCRlong(0.40)+rw+A2_Rs20,0.5165876777251185,,
1b,D5-leverage,0.25,52,D5-leverage_e25_r052,TCRlong(0.40)+rw+A2_Ru10,0.5165876777251185,,
1b,D5-leverage,0.3,52,D5-leverage_e30_r052,ESF12alone,0.5073891625615764,0.013333333333333334,0.07302836794406176
1b,D5-leverage,0.3,52,D5-leverage_e30_r052,ESF12,0.5073891625615764,,
1b,D5-leverage,0.3,52,D5-leverage_e30_r052,Alg2_Rs20,0.5123152709359606,,
1b,D5-leverage,0.3,52,D5-leverage_e30_r052,Alg2_Ru10,0.5123152709359606,,
1b,D5-leverage,0.3,52,D5-leverage_e30_r052,TCRlong(0.40)+rw+A2_Rs20,0.5123152709359606,,
1b,D5-leverage,0.3,52,D5-leverage_e30_r052,TCRlong(0.40)+rw+A2_Ru10,0.5123152709359606,,
1b,D5-leverage,0.35,52,D5-leverage_e35_r052,ESF12alone,0.5157894736842106,0.01,0.08053279807791114
1b,D5-leverage,0.35,52,D5-leverage_e35_r052,ESF12,0.5157894736842106,,
1b,D5-leverage,0.35,52,D5-leverage_e35_r052,Alg2_Rs20,0.5157894736842106,,
1b,D5-leverage,0.35,52,D5-leverage_e35_r052,Alg2_Ru10,0.5157894736842106,,
1b,D5-leverage,0.35,52,D5-leverage_e35_r052,TCRlong(0.40)+rw+A2_Rs20,0.5105263157894737,,
1b,D5-leverage,0.35,52,D5-leverage_e35_r052,TCRlong(0.40)+rw+A2_Ru10,0.5105263157894737,,
1b,D6-uniform,0.25,52,D6-uniform_e25_r052,ESF12alone,0.5186915887850467,0.0,0.08250912895891815
1b,D6-uniform,0.25,52,D6-uniform_e25_r052,ESF12,0.5186915887850467,,
1b,D6-uniform,0.25,52,D6-uniform_e25_r052,Alg2_Rs20,0.5186915887850467,,
1b,D6-uniform,0.25,52,D6-uniform_e25_r052,Alg2_Ru10,0.5186915887850467,,
1b,D6-uniform,0.25,52,D6-uniform_e25_r052,TCRlong(0.40)+rw+A2_Rs20,0.883177570093458,,
1b,D6-uniform,0.25,52,D6-uniform_e25_r052,TCRlong(0.40)+rw+A2_Ru10,0.5560747663551402,,
1b,D6-uniform,0.3,52,D6-uniform_e30_r052,ESF12alone,0.5428571428571428,0.0,0.08172896399628371
1b,D6-uniform,0.3,52,D6-uniform_e30_r052,ESF12,0.5428571428571428,,
1b,D6-uniform,0.3,52,D6-uniform_e30_r052,Alg2_Rs20,0.5333333333333333,,
1b,D6-uniform,0.3,52,D6-uniform_e30_r052,Alg2_Ru10,0.5333333333333333,,
1b,D6-uniform,0.3,52,D6-uniform_e30_r052,TCRlong(0.40)+rw+A2_Rs20,0.5619047619047619,,
1b,D6-uniform,0.3,52,D6-uniform_e30_r052,TCRlong(0.40)+rw+A2_Ru10,0.5619047619047619,,
1b,D6-uniform,0.35,52,D6-uniform_e35_r052,ESF12alone,0.5025641025641026,0.0,0.0868000079644844
1b,D6-uniform,0.35,52,D6-uniform_e35_r052,ESF12,0.5025641025641026,,
1b,D6-uniform,0.35,52,D6-uniform_e35_r052,Alg2_Rs20,0.558974358974359,,
1b,D6-uniform,0.35,52,D6-uniform_e35_r052,Alg2_Ru10,0.558974358974359,,
1b,D6-uniform,0.35,52,D6-uniform_e35_r052,TCRlong(0.40)+rw+A2_Rs20,0.5076923076923077,,
1b,D6-uniform,0.35,52,D6-uniform_e35_r052,TCRlong(0.40)+rw+A2_Ru10,0.5076923076923077,,
1b,D7-p3,0.25,52,D7-p3_e25_r052,ESF12alone,0.8893805309734514,0.25666666666666665,1.7527077029226348
1b,D7-p3,0.25,52,D7-p3_e25_r052,ESF12,0.8893805309734514,,
1b,D7-p3,0.25,52,D7-p3_e25_r052,Alg2_Rs20,0.8938053097345132,,
1b,D7-p3,0.25,52,D7-p3_e25_r052,Alg2_Ru10,0.8938053097345132,,
1b,D7-p3,0.25,52,D7-p3_e25_r052,TCRlong(0.40)+rw+A2_Rs20,0.8938053097345132,,
1b,D7-p3,0.25,52,D7-p3_e25_r052,TCRlong(0.40)+rw+A2_Ru10,0.8938053097345132,,
1b,D7-p3,0.3,52,D7-p3_e30_r052,ESF12alone,0.9238578680203046,0.3466666666666667,1.7401323170633987
1b,D7-p3,0.3,52,D7-p3_e30_r052,ESF12,0.9238578680203046,,
1b,D7-p3,0.3,52,D7-p3_e30_r052,Alg2_Rs20,0.934010152284264,,
1b,D7-p3,0.3,52,D7-p3_e30_r052,Alg2_Ru10,0.934010152284264,,
1b,D7-p3,0.3,52,D7-p3_e30_r052,TCRlong(0.40)+rw+A2_Rs20,0.9238578680203046,,
1b,D7-p3,0.3,52,D7-p3_e30_r052,TCRlong(0.40)+rw+A2_Ru10,0.9238578680203046,,
1b,D7-p3,0.35,52,D7-p3_e35_r052,ESF12alone,0.927461139896373,0.3566666666666667,1.9980089790187776
1b,D7-p3,0.35,52,D7-p3_e35_r052,ESF12,0.927461139896373,,
1b,D7-p3,0.35,52,D7-p3_e35_r052,Alg2_Rs20,0.927461139896373,,
1b,D7-p3,0.35,52,D7-p3_e35_r052,Alg2_Ru10,0.927461139896373,,
1b,D7-p3,0.35,52,D7-p3_e35_r052,TCRlong(0.40)+rw+A2_Rs20,0.9222797927461139,,
1b,D7-p3,0.35,52,D7-p3_e35_r052,TCRlong(0.40)+rw+A2_Ru10,0.9222797927461139,,
1b,D8-K2par-sep,0.25,52,D8-K2par-sep_e25_r052,ESF12alone,0.9956709956709957,0.23,0.07316150201950222
1b,D8-K2par-sep,0.25,52,D8-K2par-sep_e25_r052,ESF12,0.9956709956709957,,
1b,D8-K2par-sep,0.25,52,D8-K2par-sep_e25_r052,Alg2_Rs20,0.9956709956709957,,
1b,D8-K2par-sep,0.25,52,D8-K2par-sep_e25_r052,Alg2_Ru10,0.9956709956709957,,
1b,D8-K2par-sep,0.25,52,D8-K2par-sep_e25_r052,TCRlong(0.40)+rw+A2_Rs20,0.9956709956709957,,
1b,D8-K2par-sep,0.25,52,D8-K2par-sep_e25_r052,TCRlong(0.40)+rw+A2_Ru10,0.9956709956709957,,
1b,D8-K2par-sep,0.3,52,D8-K2par-sep_e30_r052,ESF12alone,1.0,0.2966666666666667,0.07307201297953725
1b,D8-K2par-sep,0.3,52,D8-K2par-sep_e30_r052,ESF12,1.0,,
1b,D8-K2par-sep,0.3,52,D8-K2par-sep_e30_r052,Alg2_Rs20,1.0,,
1b,D8-K2par-sep,0.3,52,D8-K2par-sep_e30_r052,Alg2_Ru10,1.0,,
1b,D8-K2par-sep,0.3,52,D8-K2par-sep_e30_r052,TCRlong(0.40)+rw+A2_Rs20,1.0,,
1b,D8-K2par-sep,0.3,52,D8-K2par-sep_e30_r052,TCRlong(0.40)+rw+A2_Ru10,1.0,,
1b,D8-K2par-sep,0.35,52,D8-K2par-sep_e35_r052,ESF12alone,1.0,0.35,0.0706858990015462
1b,D8-K2par-sep,0.35,52,D8-K2par-sep_e35_r052,ESF12,1.0,,
1b,D8-K2par-sep,0.35,52,D8-K2par-sep_e35_r052,Alg2_Rs20,1.0,,
1b,D8-K2par-sep,0.35,52,D8-K2par-sep_e35_r052,Alg2_Ru10,1.0,,
1b,D8-K2par-sep,0.35,52,D8-K2par-sep_e35_r052,TCRlong(0.40)+rw+A2_Rs20,1.0,,
1b,D8-K2par-sep,0.35,52,D8-K2par-sep_e35_r052,TCRlong(0.40)+rw+A2_Ru10,1.0,,
1b,D1-K2cross,0.25,53,D1-K2cross_e25_r053,ESF12alone,0.8977777777777778,0.25,0.10477006807923317
1b,D1-K2cross,0.25,53,D1-K2cross_e25_r053,ESF12,0.8977777777777778,,
1b,D1-K2cross,0.25,53,D1-K2cross_e25_r053,Alg2_Rs20,0.8977777777777778,,
1b,D1-K2cross,0.25,53,D1-K2cross_e25_r053,Alg2_Ru10,0.8977777777777778,,
1b,D1-K2cross,0.25,53,D1-K2cross_e25_r053,TCRlong(0.40)+rw+A2_Rs20,0.8977777777777778,,
1b,D1-K2cross,0.25,53,D1-K2cross_e25_r053,TCRlong(0.40)+rw+A2_Ru10,0.8977777777777778,,
1b,D1-K2cross,0.3,53,D1-K2cross_e30_r053,ESF12alone,0.9245283018867925,0.29333333333333333,0.07726365106645972
1b,D1-K2cross,0.3,53,D1-K2cross_e30_r053,ESF12,0.9245283018867925,,
1b,D1-K2cross,0.3,53,D1-K2cross_e30_r053,Alg2_Rs20,0.9245283018867925,,
1b,D1-K2cross,0.3,53,D1-K2cross_e30_r053,Alg2_Ru10,0.9245283018867925,,
1b,D1-K2cross,0.3,53,D1-K2cross_e30_r053,TCRlong(0.40)+rw+A2_Rs20,0.9245283018867925,,
1b,D1-K2cross,0.3,53,D1-K2cross_e30_r053,TCRlong(0.40)+rw+A2_Ru10,0.9245283018867925,,
1b,D1-K2cross,0.35,53,D1-K2cross_e35_r053,ESF12alone,0.8634146341463415,0.31666666666666665,0.08006755204405636
1b,D1-K2cross,0.35,53,D1-K2cross_e35_r053,ESF12,0.8634146341463415,,
1b,D1-K2cross,0.35,53,D1-K2cross_e35_r053,Alg2_Rs20,0.8634146341463415,,
1b,D1-K2cross,0.35,53,D1-K2cross_e35_r053,Alg2_Ru10,0.8634146341463415,,
1b,D1-K2cross,0.35,53,D1-K2cross_e35_r053,TCRlong(0.40)+rw+A2_Rs20,0.8634146341463415,,
1b,D1-K2cross,0.35,53,D1-K2cross_e35_r053,TCRlong(0.40)+rw+A2_Ru10,0.8634146341463415,,
1b,D2-K3par,0.25,53,D2-K3par_e25_r053,ESF12alone,0.9022222222222223,0.25,0.3070797399850562
1b,D2-K3par,0.25,53,D2-K3par_e25_r053,ESF12,0.9022222222222223,,
1b,D2-K3par,0.25,53,D2-K3par_e25_r053,Alg2_Rs20,0.9022222222222223,,
1b,D2-K3par,0.25,53,D2-K3par_e25_r053,Alg2_Ru10,0.9022222222222223,,
1b,D2-K3par,0.25,53,D2-K3par_e25_r053,TCRlong(0.40)+rw+A2_Rs20,0.8888888888888888,,
1b,D2-K3par,0.25,53,D2-K3par_e25_r053,TCRlong(0.40)+rw+A2_Ru10,0.8888888888888888,,
1b,D2-K3par,0.3,53,D2-K3par_e30_r053,ESF12alone,0.7069767441860465,0.10666666666666667,0.4013225620146841
1b,D2-K3par,0.3,53,D2-K3par_e30_r053,ESF12,0.7069767441860465,,
1b,D2-K3par,0.3,53,D2-K3par_e30_r053,Alg2_Rs20,0.7023255813953488,,
1b,D2-K3par,0.3,53,D2-K3par_e30_r053,Alg2_Ru10,0.7023255813953488,,
1b,D2-K3par,0.3,53,D2-K3par_e30_r053,TCRlong(0.40)+rw+A2_Rs20,0.8883720930232558,,
1b,D2-K3par,0.3,53,D2-K3par_e30_r053,TCRlong(0.40)+rw+A2_Ru10,0.8883720930232558,,
1b,D2-K3par,0.35,53,D2-K3par_e35_r053,ESF12alone,0.66,0.13666666666666666,0.39423805696424097
1b,D2-K3par,0.35,53,D2-K3par_e35_r053,ESF12,0.66,,
1b,D2-K3par,0.35,53,D2-K3par_e35_r053,Alg2_Rs20,0.355,,
1b,D2-K3par,0.35,53,D2-K3par_e35_r053,Alg2_Ru10,0.355,,
1b,D2-K3par,0.35,53,D2-K3par_e35_r053,TCRlong(0.40)+rw+A2_Rs20,0.66,,
1b,D2-K3par,0.35,53,D2-K3par_e35_r053,TCRlong(0.40)+rw+A2_Ru10,0.66,,
1b,D3-unequal,0.25,53,D3-unequal_e25_r053,ESF12alone,0.8938053097345132,0.24666666666666667,0.07901416101958603
1b,D3-unequal,0.25,53,D3-unequal_e25_r053,ESF12,0.8938053097345132,,
1b,D3-unequal,0.25,53,D3-unequal_e25_r053,Alg2_Rs20,0.8938053097345132,,
1b,D3-unequal,0.25,53,D3-unequal_e25_r053,Alg2_Ru10,0.8938053097345132,,
1b,D3-unequal,0.25,53,D3-unequal_e25_r053,TCRlong(0.40)+rw+A2_Rs20,0.8938053097345132,,
1b,D3-unequal,0.25,53,D3-unequal_e25_r053,TCRlong(0.40)+rw+A2_Ru10,0.8938053097345132,,
1b,D3-unequal,0.3,53,D3-unequal_e30_r053,ESF12alone,0.9181818181818182,0.26666666666666666,0.08108625502791256
1b,D3-unequal,0.3,53,D3-unequal_e30_r053,ESF12,0.9181818181818182,,
1b,D3-unequal,0.3,53,D3-unequal_e30_r053,Alg2_Rs20,0.9181818181818182,,
1b,D3-unequal,0.3,53,D3-unequal_e30_r053,Alg2_Ru10,0.9181818181818182,,
1b,D3-unequal,0.3,53,D3-unequal_e30_r053,TCRlong(0.40)+rw+A2_Rs20,0.9181818181818182,,
1b,D3-unequal,0.3,53,D3-unequal_e30_r053,TCRlong(0.40)+rw+A2_Ru10,0.9181818181818182,,
1b,D3-unequal,0.35,53,D3-unequal_e35_r053,ESF12alone,0.9179487179487179,0.35,0.08439238497521728
1b,D3-unequal,0.35,53,D3-unequal_e35_r053,ESF12,0.9179487179487179,,
1b,D3-unequal,0.35,53,D3-unequal_e35_r053,Alg2_Rs20,0.9179487179487179,,
1b,D3-unequal,0.35,53,D3-unequal_e35_r053,Alg2_Ru10,0.9179487179487179,,
1b,D3-unequal,0.35,53,D3-unequal_e35_r053,TCRlong(0.40)+rw+A2_Rs20,0.9128205128205128,,
1b,D3-unequal,0.35,53,D3-unequal_e35_r053,TCRlong(0.40)+rw+A2_Ru10,0.9128205128205128,,
1b,D4-hetero,0.25,53,D4-hetero_e25_r053,ESF12alone,0.90625,0.26,0.07461808400694281
1b,D4-hetero,0.25,53,D4-hetero_e25_r053,ESF12,0.90625,,
1b,D4-hetero,0.25,53,D4-hetero_e25_r053,Alg2_Rs20,0.90625,,
1b,D4-hetero,0.25,53,D4-hetero_e25_r053,Alg2_Ru10,0.90625,,
1b,D4-hetero,0.25,53,D4-hetero_e25_r053,TCRlong(0.40)+rw+A2_Rs20,0.90625,,
1b,D4-hetero,0.25,53,D4-hetero_e25_r053,TCRlong(0.40)+rw+A2_Ru10,0.90625,,
1b,D4-hetero,0.3,53,D4-hetero_e30_r053,ESF12alone,0.9116279069767442,0.2866666666666667,0.0796239230548963
1b,D4-hetero,0.3,53,D4-hetero_e30_r053,ESF12,0.9116279069767442,,
1b,D4-hetero,0.3,53,D4-hetero_e30_r053,Alg2_Rs20,0.9116279069767442,,
1b,D4-hetero,0.3,53,D4-hetero_e30_r053,Alg2_Ru10,0.9116279069767442,,
1b,D4-hetero,0.3,53,D4-hetero_e30_r053,TCRlong(0.40)+rw+A2_Rs20,0.9116279069767442,,
1b,D4-hetero,0.3,53,D4-hetero_e30_r053,TCRlong(0.40)+rw+A2_Ru10,0.9116279069767442,,
1b,D4-hetero,0.35,53,D4-hetero_e35_r053,ESF12alone,0.8829268292682927,0.3233333333333333,0.08363922394346446
1b,D4-hetero,0.35,53,D4-hetero_e35_r053,ESF12,0.8829268292682927,,
1b,D4-hetero,0.35,53,D4-hetero_e35_r053,Alg2_Rs20,0.8829268292682927,,
1b,D4-hetero,0.35,53,D4-hetero_e35_r053,Alg2_Ru10,0.8829268292682927,,
1b,D4-hetero,0.35,53,D4-hetero_e35_r053,TCRlong(0.40)+rw+A2_Rs20,0.8878048780487805,,
1b,D4-hetero,0.35,53,D4-hetero_e35_r053,TCRlong(0.40)+rw+A2_Ru10,0.8878048780487805,,
1b,D5-leverage,0.25,53,D5-leverage_e25_r053,ESF12alone,0.9191489361702128,0.22333333333333333,0.07651383196935058
1b,D5-leverage,0.25,53,D5-leverage_e25_r053,ESF12,0.9191489361702128,,
1b,D5-leverage,0.25,53,D5-leverage_e25_r053,Alg2_Rs20,0.502127659574468,,
1b,D5-leverage,0.25,53,D5-leverage_e25_r053,Alg2_Ru10,0.502127659574468,,
1b,D5-leverage,0.25,53,D5-leverage_e25_r053,TCRlong(0.40)+rw+A2_Rs20,0.9148936170212766,,
1b,D5-leverage,0.25,53,D5-leverage_e25_r053,TCRlong(0.40)+rw+A2_Ru10,0.9148936170212766,,
1b,D5-leverage,0.3,53,D5-leverage_e30_r053,ESF12alone,0.5472636815920398,0.09666666666666666,0.07806256704498082
1b,D5-leverage,0.3,53,D5-leverage_e30_r053,ESF12,0.5472636815920398,,
1b,D5-leverage,0.3,53,D5-leverage_e30_r053,Alg2_Rs20,0.5472636815920398,,
1b,D5-leverage,0.3,53,D5-leverage_e30_r053,Alg2_Ru10,0.5472636815920398,,
1b,D5-leverage,0.3,53,D5-leverage_e30_r053,TCRlong(0.40)+rw+A2_Rs20,0.5472636815920398,,
1b,D5-leverage,0.3,53,D5-leverage_e30_r053,TCRlong(0.40)+rw+A2_Ru10,0.5472636815920398,,
1b,D5-leverage,0.35,53,D5-leverage_e35_r053,ESF12alone,0.541871921182266,0.0033333333333333335,0.07870041101705283
1b,D5-leverage,0.35,53,D5-leverage_e35_r053,ESF12,0.541871921182266,,
1b,D5-leverage,0.35,53,D5-leverage_e35_r053,Alg2_Rs20,0.5369458128078818,,
1b,D5-leverage,0.35,53,D5-leverage_e35_r053,Alg2_Ru10,0.5369458128078818,,
1b,D5-leverage,0.35,53,D5-leverage_e35_r053,TCRlong(0.40)+rw+A2_Rs20,0.541871921182266,,
1b,D5-leverage,0.35,53,D5-leverage_e35_r053,TCRlong(0.40)+rw+A2_Ru10,0.541871921182266,,
1b,D6-uniform,0.25,53,D6-uniform_e25_r053,ESF12alone,0.5068493150684932,0.0,0.07343504508025944
1b,D6-uniform,0.25,53,D6-uniform_e25_r053,ESF12,0.5068493150684932,,
1b,D6-uniform,0.25,53,D6-uniform_e25_r053,Alg2_Rs20,0.5068493150684932,,
1b,D6-uniform,0.25,53,D6-uniform_e25_r053,Alg2_Ru10,0.5068493150684932,,
1b,D6-uniform,0.25,53,D6-uniform_e25_r053,TCRlong(0.40)+rw+A2_Rs20,0.5114155251141552,,
1b,D6-uniform,0.25,53,D6-uniform_e25_r053,TCRlong(0.40)+rw+A2_Ru10,0.5114155251141552,,
1b,D6-uniform,0.3,53,D6-uniform_e30_r053,ESF12alone,0.5476190476190477,0.0,0.07598632201552391
1b,D6-uniform,0.3,53,D6-uniform_e30_r053,ESF12,0.5476190476190477,,
1b,D6-uniform,0.3,53,D6-uniform_e30_r053,Alg2_Rs20,0.5142857142857142,,
1b,D6-uniform,0.3,53,D6-uniform_e30_r053,Alg2_Ru10,0.5142857142857142,,
1b,D6-uniform,0.3,53,D6-uniform_e30_r053,TCRlong(0.40)+rw+A2_Rs20,0.9095238095238095,,
1b,D6-uniform,0.3,53,D6-uniform_e30_r053,TCRlong(0.40)+rw+A2_Ru10,0.9095238095238095,,
1b,D6-uniform,0.35,53,D6-uniform_e35_r053,ESF12alone,0.5120772946859904,0.0,0.07392923394218087
1b,D6-uniform,0.35,53,D6-uniform_e35_r053,ESF12,0.5120772946859904,,
1b,D6-uniform,0.35,53,D6-uniform_e35_r053,Alg2_Rs20,0.5314009661835749,,
1b,D6-uniform,0.35,53,D6-uniform_e35_r053,Alg2_Ru10,0.5314009661835749,,
1b,D6-uniform,0.35,53,D6-uniform_e35_r053,TCRlong(0.40)+rw+A2_Rs20,0.9130434782608695,,
1b,D6-uniform,0.35,53,D6-uniform_e35_r053,TCRlong(0.40)+rw+A2_Ru10,0.9130434782608695,,
1b,D7-p3,0.25,53,D7-p3_e25_r053,ESF12alone,0.9121338912133892,0.20333333333333334,1.68932033109013
1b,D7-p3,0.25,53,D7-p3_e25_r053,ESF12,0.9121338912133892,,
1b,D7-p3,0.25,53,D7-p3_e25_r053,Alg2_Rs20,0.9121338912133892,,
1b,D7-p3,0.25,53,D7-p3_e25_r053,Alg2_Ru10,0.9121338912133892,,
1b,D7-p3,0.25,53,D7-p3_e25_r053,TCRlong(0.40)+rw+A2_Rs20,0.9037656903765691,,
1b,D7-p3,0.25,53,D7-p3_e25_r053,TCRlong(0.40)+rw+A2_Ru10,0.9037656903765691,,
1b,D7-p3,0.3,53,D7-p3_e30_r053,ESF12alone,0.8933333333333333,0.25333333333333335,1.5645848560379818
1b,D7-p3,0.3,53,D7-p3_e30_r053,ESF12,0.8933333333333333,,
1b,D7-p3,0.3,53,D7-p3_e30_r053,Alg2_Rs20,0.8933333333333333,,
1b,D7-p3,0.3,53,D7-p3_e30_r053,Alg2_Ru10,0.8933333333333333,,
1b,D7-p3,0.3,53,D7-p3_e30_r053,TCRlong(0.40)+rw+A2_Rs20,0.8933333333333333,,
1b,D7-p3,0.3,53,D7-p3_e30_r053,TCRlong(0.40)+rw+A2_Ru10,0.8933333333333333,,
1b,D7-p3,0.35,53,D7-p3_e35_r053,ESF12alone,0.9024390243902439,0.31666666666666665,1.5850364869693294
1b,D7-p3,0.35,53,D7-p3_e35_r053,ESF12,0.9024390243902439,,
1b,D7-p3,0.35,53,D7-p3_e35_r053,Alg2_Rs20,0.8975609756097561,,
1b,D7-p3,0.35,53,D7-p3_e35_r053,Alg2_Ru10,0.8975609756097561,,
1b,D7-p3,0.35,53,D7-p3_e35_r053,TCRlong(0.40)+rw+A2_Rs20,0.8926829268292683,,
1b,D7-p3,0.35,53,D7-p3_e35_r053,TCRlong(0.40)+rw+A2_Ru10,0.8926829268292683,,
1b,D8-K2par-sep,0.25,53,D8-K2par-sep_e25_r053,ESF12alone,1.0,0.23333333333333334,0.07726242102216929
1b,D8-K2par-sep,0.25,53,D8-K2par-sep_e25_r053,ESF12,1.0,,
1b,D8-K2par-sep,0.25,53,D8-K2par-sep_e25_r053,Alg2_Rs20,1.0,,
1b,D8-K2par-sep,0.25,53,D8-K2par-sep_e25_r053,Alg2_Ru10,1.0,,
1b,D8-K2par-sep,0.25,53,D8-K2par-sep_e25_r053,TCRlong(0.40)+rw+A2_Rs20,1.0,,
1b,D8-K2par-sep,0.25,53,D8-K2par-sep_e25_r053,TCRlong(0.40)+rw+A2_Ru10,1.0,,
1b,D8-K2par-sep,0.3,53,D8-K2par-sep_e30_r053,ESF12alone,0.9956521739130435,0.23333333333333334,0.0769793790532276
1b,D8-K2par-sep,0.3,53,D8-K2par-sep_e30_r053,ESF12,0.9956521739130435,,
1b,D8-K2par-sep,0.3,53,D8-K2par-sep_e30_r053,Alg2_Rs20,0.9956521739130435,,
1b,D8-K2par-sep,0.3,53,D8-K2par-sep_e30_r053,Alg2_Ru10,0.9956521739130435,,
1b,D8-K2par-sep,0.3,53,D8-K2par-sep_e30_r053,TCRlong(0.40)+rw+A2_Rs20,0.9956521739130435,,
1b,D8-K2par-sep,0.3,53,D8-K2par-sep_e30_r053,TCRlong(0.40)+rw+A2_Ru10,0.9956521739130435,,
1b,D8-K2par-sep,0.35,53,D8-K2par-sep_e35_r053,ESF12alone,1.0,0.3433333333333333,0.07643701799679548
1b,D8-K2par-sep,0.35,53,D8-K2par-sep_e35_r053,ESF12,1.0,,
1b,D8-K2par-sep,0.35,53,D8-K2par-sep_e35_r053,Alg2_Rs20,1.0,,
1b,D8-K2par-sep,0.35,53,D8-K2par-sep_e35_r053,Alg2_Ru10,1.0,,
1b,D8-K2par-sep,0.35,53,D8-K2par-sep_e35_r053,TCRlong(0.40)+rw+A2_Rs20,1.0,,
1b,D8-K2par-sep,0.35,53,D8-K2par-sep_e35_r053,TCRlong(0.40)+rw+A2_Ru10,1.0,,
1b,D1-K2cross,0.25,54,D1-K2cross_e25_r054,ESF12alone,0.9144144144144144,0.26,0.0780148699413985
1b,D1-K2cross,0.25,54,D1-K2cross_e25_r054,ESF12,0.9144144144144144,,
1b,D1-K2cross,0.25,54,D1-K2cross_e25_r054,Alg2_Rs20,0.9144144144144144,,
1b,D1-K2cross,0.25,54,D1-K2cross_e25_r054,Alg2_Ru10,0.9144144144144144,,
1b,D1-K2cross,0.25,54,D1-K2cross_e25_r054,TCRlong(0.40)+rw+A2_Rs20,0.9234234234234234,,
1b,D1-K2cross,0.25,54,D1-K2cross_e25_r054,TCRlong(0.40)+rw+A2_Ru10,0.9234234234234234,,
1b,D1-K2cross,0.3,54,D1-K2cross_e30_r054,ESF12alone,0.9264705882352942,0.32,0.0753701210487634
1b,D1-K2cross,0.3,54,D1-K2cross_e30_r054,ESF12,0.9264705882352942,,
1b,D1-K2cross,0.3,54,D1-K2cross_e30_r054,Alg2_Rs20,0.9264705882352942,,
1b,D1-K2cross,0.3,54,D1-K2cross_e30_r054,Alg2_Ru10,0.9264705882352942,,
1b,D1-K2cross,0.3,54,D1-K2cross_e30_r054,TCRlong(0.40)+rw+A2_Rs20,0.9264705882352942,,
1b,D1-K2cross,0.3,54,D1-K2cross_e30_r054,TCRlong(0.40)+rw+A2_Ru10,0.9264705882352942,,
1b,D1-K2cross,0.35,54,D1-K2cross_e35_r054,ESF12alone,0.8900523560209425,0.36333333333333334,0.07593558297958225
1b,D1-K2cross,0.35,54,D1-K2cross_e35_r054,ESF12,0.8900523560209425,,
1b,D1-K2cross,0.35,54,D1-K2cross_e35_r054,Alg2_Rs20,0.8900523560209425,,
1b,D1-K2cross,0.35,54,D1-K2cross_e35_r054,Alg2_Ru10,0.8900523560209425,,
1b,D1-K2cross,0.35,54,D1-K2cross_e35_r054,TCRlong(0.40)+rw+A2_Rs20,0.8900523560209425,,
1b,D1-K2cross,0.35,54,D1-K2cross_e35_r054,TCRlong(0.40)+rw+A2_Ru10,0.8900523560209425,,
1b,D2-K3par,0.25,54,D2-K3par_e25_r054,ESF12alone,0.9063829787234042,0.21666666666666667,0.3148318000603467
1b,D2-K3par,0.25,54,D2-K3par_e25_r054,ESF12,0.9063829787234042,,
1b,D2-K3par,0.25,54,D2-K3par_e25_r054,Alg2_Rs20,0.9063829787234042,,
1b,D2-K3par,0.25,54,D2-K3par_e25_r054,Alg2_Ru10,0.9063829787234042,,
1b,D2-K3par,0.25,54,D2-K3par_e25_r054,TCRlong(0.40)+rw+A2_Rs20,0.9063829787234042,,
1b,D2-K3par,0.25,54,D2-K3par_e25_r054,TCRlong(0.40)+rw+A2_Ru10,0.9063829787234042,,
1b,D2-K3par,0.3,54,D2-K3par_e30_r054,ESF12alone,0.6766169154228856,0.18666666666666668,0.3916967590339482
1b,D2-K3par,0.3,54,D2-K3par_e30_r054,ESF12,0.6766169154228856,,
1b,D2-K3par,0.3,54,D2-K3par_e30_r054,Alg2_Rs20,0.9402985074626866,,
1b,D2-K3par,0.3,54,D2-K3par_e30_r054,Alg2_Ru10,0.9402985074626866,,
1b,D2-K3par,0.3,54,D2-K3par_e30_r054,TCRlong(0.40)+rw+A2_Rs20,0.9402985074626866,,
1b,D2-K3par,0.3,54,D2-K3par_e30_r054,TCRlong(0.40)+rw+A2_Ru10,0.9402985074626866,,
1b,D2-K3par,0.35,54,D2-K3par_e35_r054,ESF12alone,0.605,0.18666666666666668,0.40853459807112813
1b,D2-K3par,0.35,54,D2-K3par_e35_r054,ESF12,0.605,,
1b,D2-K3par,0.35,54,D2-K3par_e35_r054,Alg2_Rs20,0.605,,
1b,D2-K3par,0.35,54,D2-K3par_e35_r054,Alg2_Ru10,0.395,,
1b,D2-K3par,0.35,54,D2-K3par_e35_r054,TCRlong(0.40)+rw+A2_Rs20,0.895,,
1b,D2-K3par,0.35,54,D2-K3par_e35_r054,TCRlong(0.40)+rw+A2_Ru10,0.895,,
1b,D3-unequal,0.25,54,D3-unequal_e25_r054,ESF12alone,0.8873873873873874,0.26,0.083545041969046
1b,D3-unequal,0.25,54,D3-unequal_e25_r054,ESF12,0.8873873873873874,,
1b,D3-unequal,0.25,54,D3-unequal_e25_r054,Alg2_Rs20,0.8873873873873874,,
1b,D3-unequal,0.25,54,D3-unequal_e25_r054,Alg2_Ru10,0.8873873873873874,,
1b,D3-unequal,0.25,54,D3-unequal_e25_r054,TCRlong(0.40)+rw+A2_Rs20,0.8873873873873874,,
1b,D3-unequal,0.25,54,D3-unequal_e25_r054,TCRlong(0.40)+rw+A2_Ru10,0.8873873873873874,,
1b,D3-unequal,0.3,54,D3-unequal_e30_r054,ESF12alone,0.9311926605504587,0.2733333333333333,0.07990546501241624
1b,D3-unequal,0.3,54,D3-unequal_e30_r054,ESF12,0.9311926605504587,,
1b,D3-unequal,0.3,54,D3-unequal_e30_r054,Alg2_Rs20,0.9311926605504587,,
1b,D3-unequal,0.3,54,D3-unequal_e30_r054,Alg2_Ru10,0.9311926605504587,,
1b,D3-unequal,0.3,54,D3-unequal_e30_r054,TCRlong(0.40)+rw+A2_Rs20,0.9311926605504587,,
1b,D3-unequal,0.3,54,D3-unequal_e30_r054,TCRlong(0.40)+rw+A2_Ru10,0.9311926605504587,,
1b,D3-unequal,0.35,54,D3-unequal_e35_r054,ESF12alone,0.685,0.19,0.08413843298330903
1b,D3-unequal,0.35,54,D3-unequal_e35_r054,ESF12,0.685,,
1b,D3-unequal,0.35,54,D3-unequal_e35_r054,Alg2_Rs20,0.88,,
1b,D3-unequal,0.35,54,D3-unequal_e35_r054,Alg2_Ru10,0.88,,
1b,D3-unequal,0.35,54,D3-unequal_e35_r054,TCRlong(0.40)+rw+A2_Rs20,0.89,,
1b,D3-unequal,0.35,54,D3-unequal_e35_r054,TCRlong(0.40)+rw+A2_Ru10,0.89,,
1b,D4-hetero,0.25,54,D4-hetero_e25_r054,ESF12alone,0.8898305084745762,0.21666666666666667,0.07272240798920393
1b,D4-hetero,0.25,54,D4-hetero_e25_r054,ESF12,0.8898305084745762,,
1b,D4-hetero,0.25,54,D4-hetero_e25_r054,Alg2_Rs20,0.8898305084745762,,
1b,D4-hetero,0.25,54,D4-hetero_e25_r054,Alg2_Ru10,0.8898305084745762,,
1b,D4-hetero,0.25,54,D4-hetero_e25_r054,TCRlong(0.40)+rw+A2_Rs20,0.902542372881356,,
1b,D4-hetero,0.25,54,D4-hetero_e25_r054,TCRlong(0.40)+rw+A2_Ru10,0.902542372881356,,
1b,D4-hetero,0.3,54,D4-hetero_e30_r054,ESF12alone,0.9461883408071748,0.25666666666666665,0.07411892293021083
1b,D4-hetero,0.3,54,D4-hetero_e30_r054,ESF12,0.9461883408071748,,
1b,D4-hetero,0.3,54,D4-hetero_e30_r054,Alg2_Rs20,0.9461883408071748,,
1b,D4-hetero,0.3,54,D4-hetero_e30_r054,Alg2_Ru10,0.9461883408071748,,
1b,D4-hetero,0.3,54,D4-hetero_e30_r054,TCRlong(0.40)+rw+A2_Rs20,0.9461883408071748,,
1b,D4-hetero,0.3,54,D4-hetero_e30_r054,TCRlong(0.40)+rw+A2_Ru10,0.9461883408071748,,
1b,D4-hetero,0.35,54,D4-hetero_e35_r054,ESF12alone,0.9393939393939394,0.35,0.08667003700975329
1b,D4-hetero,0.35,54,D4-hetero_e35_r054,ESF12,0.9393939393939394,,
1b,D4-hetero,0.35,54,D4-hetero_e35_r054,Alg2_Rs20,0.9393939393939394,,
1b,D4-hetero,0.35,54,D4-hetero_e35_r054,Alg2_Ru10,0.9393939393939394,,
1b,D4-hetero,0.35,54,D4-hetero_e35_r054,TCRlong(0.40)+rw+A2_Rs20,0.9393939393939394,,
1b,D4-hetero,0.35,54,D4-hetero_e35_r054,TCRlong(0.40)+rw+A2_Ru10,0.9393939393939394,,
1b,D5-leverage,0.25,54,D5-leverage_e25_r054,ESF12alone,0.5291479820627802,0.14666666666666667,0.079296421026811
1b,D5-leverage,0.25,54,D5-leverage_e25_r054,ESF12,0.5291479820627802,,
1b,D5-leverage,0.25,54,D5-leverage_e25_r054,Alg2_Rs20,0.8789237668161435,,
1b,D5-leverage,0.25,54,D5-leverage_e25_r054,Alg2_Ru10,0.8789237668161435,,
1b,D5-leverage,0.25,54,D5-leverage_e25_r054,TCRlong(0.40)+rw+A2_Rs20,0.8789237668161435,,
1b,D5-leverage,0.25,54,D5-leverage_e25_r054,TCRlong(0.40)+rw+A2_Ru10,0.8789237668161435,,
1b,D5-leverage,0.3,54,D5-leverage_e30_r054,ESF12alone,0.5126903553299492,0.016666666666666666,0.08210846700239927
1b,D5-leverage,0.3,54,D5-leverage_e30_r054,ESF12,0.5126903553299492,,
1b,D5-leverage,0.3,54,D5-leverage_e30_r054,Alg2_Rs20,0.5126903553299492,,
1b,D5-leverage,0.3,54,D5-leverage_e30_r054,Alg2_Ru10,0.5126903553299492,,
1b,D5-leverage,0.3,54,D5-leverage_e30_r054,TCRlong(0.40)+rw+A2_Rs20,0.5177664974619289,,
1b,D5-leverage,0.3,54,D5-leverage_e30_r054,TCRlong(0.40)+rw+A2_Ru10,0.5177664974619289,,
1b,D5-leverage,0.35,54,D5-leverage_e35_r054,ESF12alone,0.5051546391752577,0.0033333333333333335,0.08016787399537861
1b,D5-leverage,0.35,54,D5-leverage_e35_r054,ESF12,0.5051546391752577,,
1b,D5-leverage,0.35,54,D5-leverage_e35_r054,Alg2_Rs20,0.5051546391752577,,
1b,D5-leverage,0.35,54,D5-leverage_e35_r054,Alg2_Ru10,0.5051546391752577,,
1b,D5-leverage,0.35,54,D5-leverage_e35_r054,TCRlong(0.40)+rw+A2_Rs20,0.5051546391752577,,
1b,D5-leverage,0.35,54,D5-leverage_e35_r054,TCRlong(0.40)+rw+A2_Ru10,0.5051546391752577,,
1b,D6-uniform,0.25,54,D6-uniform_e25_r054,ESF12alone,0.7276785714285714,0.11333333333333333,0.08836631500162184
1b,D6-uniform,0.25,54,D6-uniform_e25_r054,ESF12,0.7276785714285714,,
1b,D6-uniform,0.25,54,D6-uniform_e25_r054,Alg2_Rs20,0.5178571428571429,,
1b,D6-uniform,0.25,54,D6-uniform_e25_r054,Alg2_Ru10,0.5178571428571429,,
1b,D6-uniform,0.25,54,D6-uniform_e25_r054,TCRlong(0.40)+rw+A2_Rs20,0.9330357142857143,,
1b,D6-uniform,0.25,54,D6-uniform_e25_r054,TCRlong(0.40)+rw+A2_Ru10,0.9330357142857143,,
1b,D6-uniform,0.3,54,D6-uniform_e30_r054,ESF12alone,0.5024390243902439,0.0,0.08164179103914648
1b,D6-uniform,0.3,54,D6-uniform_e30_r054,ESF12,0.5024390243902439,,
1b,D6-uniform,0.3,54,D6-uniform_e30_r054,Alg2_Rs20,0.9170731707317074,,
1b,D6-uniform,0.3,54,D6-uniform_e30_r054,Alg2_Ru10,0.9170731707317074,,
1b,D6-uniform,0.3,54,D6-uniform_e30_r054,TCRlong(0.40)+rw+A2_Rs20,0.926829268292683,,
1b,D6-uniform,0.3,54,D6-uniform_e30_r054,TCRlong(0.40)+rw+A2_Ru10,0.926829268292683,,
1b,D6-uniform,0.35,54,D6-uniform_e35_r054,ESF12alone,0.5260416666666666,0.0,0.10114662500564009
1b,D6-uniform,0.35,54,D6-uniform_e35_r054,ESF12,0.5260416666666666,,
1b,D6-uniform,0.35,54,D6-uniform_e35_r054,Alg2_Rs20,0.5104166666666666,,
1b,D6-uniform,0.35,54,D6-uniform_e35_r054,Alg2_Ru10,0.5104166666666666,,
1b,D6-uniform,0.35,54,D6-uniform_e35_r054,TCRlong(0.40)+rw+A2_Rs20,0.8802083333333334,,
1b,D6-uniform,0.35,54,D6-uniform_e35_r054,TCRlong(0.40)+rw+A2_Ru10,0.8802083333333334,,
1b,D7-p3,0.25,54,D7-p3_e25_r054,ESF12alone,0.8868778280542986,0.2633333333333333,1.7499872769694775
1b,D7-p3,0.25,54,D7-p3_e25_r054,ESF12,0.8868778280542986,,
1b,D7-p3,0.25,54,D7-p3_e25_r054,Alg2_Rs20,0.8823529411764706,,
1b,D7-p3,0.25,54,D7-p3_e25_r054,Alg2_Ru10,0.8823529411764706,,
1b,D7-p3,0.25,54,D7-p3_e25_r054,TCRlong(0.40)+rw+A2_Rs20,0.8914027149321267,,
1b,D7-p3,0.25,54,D7-p3_e25_r054,TCRlong(0.40)+rw+A2_Ru10,0.8914027149321267,,
1b,D7-p3,0.3,54,D7-p3_e30_r054,ESF12alone,0.8985507246376812,0.32,1.834286764031276
1b,D7-p3,0.3,54,D7-p3_e30_r054,ESF12,0.8985507246376812,,
1b,D7-p3,0.3,54,D7-p3_e30_r054,Alg2_Rs20,0.9227053140096618,,
1b,D7-p3,0.3,54,D7-p3_e30_r054,Alg2_Ru10,0.9227053140096618,,
1b,D7-p3,0.3,54,D7-p3_e30_r054,TCRlong(0.40)+rw+A2_Rs20,0.9227053140096618,,
1b,D7-p3,0.3,54,D7-p3_e30_r054,TCRlong(0.40)+rw+A2_Ru10,0.9227053140096618,,
1b,D7-p3,0.35,54,D7-p3_e35_r054,ESF12alone,0.9010989010989011,0.4,1.5501355330925435
1b,D7-p3,0.35,54,D7-p3_e35_r054,ESF12,0.9010989010989011,,
1b,D7-p3,0.35,54,D7-p3_e35_r054,Alg2_Rs20,0.9010989010989011,,
1b,D7-p3,0.35,54,D7-p3_e35_r054,Alg2_Ru10,0.9010989010989011,,
1b,D7-p3,0.35,54,D7-p3_e35_r054,TCRlong(0.40)+rw+A2_Rs20,0.9120879120879121,,
1b,D7-p3,0.35,54,D7-p3_e35_r054,TCRlong(0.40)+rw+A2_Ru10,0.9120879120879121,,
1b,D8-K2par-sep,0.25,54,D8-K2par-sep_e25_r054,ESF12alone,1.0,0.22333333333333333,0.07381155900657177
1b,D8-K2par-sep,0.25,54,D8-K2par-sep_e25_r054,ESF12,1.0,,
1b,D8-K2par-sep,0.25,54,D8-K2par-sep_e25_r054,Alg2_Rs20,1.0,,
1b,D8-K2par-sep,0.25,54,D8-K2par-sep_e25_r054,Alg2_Ru10,1.0,,
1b,D8-K2par-sep,0.25,54,D8-K2par-sep_e25_r054,TCRlong(0.40)+rw+A2_Rs20,1.0,,
1b,D8-K2par-sep,0.25,54,D8-K2par-sep_e25_r054,TCRlong(0.40)+rw+A2_Ru10,1.0,,
1b,D8-K2par-sep,0.3,54,D8-K2par-sep_e30_r054,ESF12alone,1.0,0.2966666666666667,0.07473476498853415
1b,D8-K2par-sep,0.3,54,D8-K2par-sep_e30_r054,ESF12,1.0,,
1b,D8-K2par-sep,0.3,54,D8-K2par-sep_e30_r054,Alg2_Rs20,1.0,,
1b,D8-K2par-sep,0.3,54,D8-K2par-sep_e30_r054,Alg2_Ru10,1.0,,
1b,D8-K2par-sep,0.3,54,D8-K2par-sep_e30_r054,TCRlong(0.40)+rw+A2_Rs20,1.0,,
1b,D8-K2par-sep,0.3,54,D8-K2par-sep_e30_r054,TCRlong(0.40)+rw+A2_Ru10,1.0,,
1b,D8-K2par-sep,0.35,54,D8-K2par-sep_e35_r054,ESF12alone,0.9950980392156863,0.32,0.08925419196020812
1b,D8-K2par-sep,0.35,54,D8-K2par-sep_e35_r054,ESF12,0.9950980392156863,,
1b,D8-K2par-sep,0.35,54,D8-K2par-sep_e35_r054,Alg2_Rs20,0.9950980392156863,,
1b,D8-K2par-sep,0.35,54,D8-K2par-sep_e35_r054,Alg2_Ru10,0.9950980392156863,,
1b,D8-K2par-sep,0.35,54,D8-K2par-sep_e35_r054,TCRlong(0.40)+rw+A2_Rs20,0.9950980392156863,,
1b,D8-K2par-sep,0.35,54,D8-K2par-sep_e35_r054,TCRlong(0.40)+rw+A2_Ru10,0.9950980392156863,,
1b,D1-K2cross,0.25,55,D1-K2cross_e25_r055,ESF12alone,0.9047619047619048,0.23,0.06871825898997486
1b,D1-K2cross,0.25,55,D1-K2cross_e25_r055,ESF12,0.9047619047619048,,
1b,D1-K2cross,0.25,55,D1-K2cross_e25_r055,Alg2_Rs20,0.9047619047619048,,
1b,D1-K2cross,0.25,55,D1-K2cross_e25_r055,Alg2_Ru10,0.9047619047619048,,
1b,D1-K2cross,0.25,55,D1-K2cross_e25_r055,TCRlong(0.40)+rw+A2_Rs20,0.9047619047619048,,
1b,D1-K2cross,0.25,55,D1-K2cross_e25_r055,TCRlong(0.40)+rw+A2_Ru10,0.9047619047619048,,
1b,D1-K2cross,0.3,55,D1-K2cross_e30_r055,ESF12alone,0.9311926605504587,0.2733333333333333,0.08626613090746105
1b,D1-K2cross,0.3,55,D1-K2cross_e30_r055,ESF12,0.9311926605504587,,
1b,D1-K2cross,0.3,55,D1-K2cross_e30_r055,Alg2_Rs20,0.9311926605504587,,
1b,D1-K2cross,0.3,55,D1-K2cross_e30_r055,Alg2_Ru10,0.9311926605504587,,
1b,D1-K2cross,0.3,55,D1-K2cross_e30_r055,TCRlong(0.40)+rw+A2_Rs20,0.9311926605504587,,
1b,D1-K2cross,0.3,55,D1-K2cross_e30_r055,TCRlong(0.40)+rw+A2_Ru10,0.9311926605504587,,
1b,D1-K2cross,0.35,55,D1-K2cross_e35_r055,ESF12alone,0.8910891089108911,0.32666666666666666,0.08036531391553581
1b,D1-K2cross,0.35,55,D1-K2cross_e35_r055,ESF12,0.8910891089108911,,
1b,D1-K2cross,0.35,55,D1-K2cross_e35_r055,Alg2_Rs20,0.8910891089108911,,
1b,D1-K2cross,0.35,55,D1-K2cross_e35_r055,Alg2_Ru10,0.8910891089108911,,
1b,D1-K2cross,0.35,55,D1-K2cross_e35_r055,TCRlong(0.40)+rw+A2_Rs20,0.8910891089108911,,
1b,D1-K2cross,0.35,55,D1-K2cross_e35_r055,TCRlong(0.40)+rw+A2_Ru10,0.8910891089108911,,
1b,D2-K3par,0.25,55,D2-K3par_e25_r055,ESF12alone,0.8794642857142857,0.25333333333333335,0.3296761109959334
1b,D2-K3par,0.25,55,D2-K3par_e25_r055,ESF12,0.8794642857142857,,
1b,D2-K3par,0.25,55,D2-K3par_e25_r055,Alg2_Rs20,0.875,,
1b,D2-K3par,0.25,55,D2-K3par_e25_r055,Alg2_Ru10,0.875,,
1b,D2-K3par,0.25,55,D2-K3par_e25_r055,TCRlong(0.40)+rw+A2_Rs20,0.8839285714285714,,
1b,D2-K3par,0.25,55,D2-K3par_e25_r055,TCRlong(0.40)+rw+A2_Ru10,0.8839285714285714,,
1b,D2-K3par,0.3,55,D2-K3par_e30_r055,ESF12alone,0.6507177033492823,0.12666666666666668,0.4291807049885392
1b,D2-K3par,0.3,55,D2-K3par_e30_r055,ESF12,0.6507177033492823,,
1b,D2-K3par,0.3,55,D2-K3par_e30_r055,Alg2_Rs20,0.6507177033492823,,
1b,D2-K3par,0.3,55,D2-K3par_e30_r055,Alg2_Ru10,0.6507177033492823,,
1b,D2-K3par,0.3,55,D2-K3par_e30_r055,TCRlong(0.40)+rw+A2_Rs20,0.6507177033492823,,
1b,D2-K3par,0.3,55,D2-K3par_e30_r055,TCRlong(0.40)+rw+A2_Ru10,0.6507177033492823,,
1b,D2-K3par,0.35,55,D2-K3par_e35_r055,ESF12alone,0.387434554973822,0.0033333333333333335,0.4189991269959137
1b,D2-K3par,0.35,55,D2-K3par_e35_r055,ESF12,0.387434554973822,,
1b,D2-K3par,0.35,55,D2-K3par_e35_r055,Alg2_Rs20,0.612565445026178,,
1b,D2-K3par,0.35,55,D2-K3par_e35_r055,Alg2_Ru10,0.612565445026178,,
1b,D2-K3par,0.35,55,D2-K3par_e35_r055,TCRlong(0.40)+rw+A2_Rs20,0.6387434554973822,,
1b,D2-K3par,0.35,55,D2-K3par_e35_r055,TCRlong(0.40)+rw+A2_Ru10,0.6387434554973822,,
1b,D3-unequal,0.25,55,D3-unequal_e25_r055,ESF12alone,0.9063829787234042,0.22,0.08870078902691603
1b,D3-unequal,0.25,55,D3-unequal_e25_r055,ESF12,0.9063829787234042,,
1b,D3-unequal,0.25,55,D3-unequal_e25_r055,Alg2_Rs20,0.9063829787234042,,
1b,D3-unequal,0.25,55,D3-unequal_e25_r055,Alg2_Ru10,0.9063829787234042,,
1b,D3-unequal,0.25,55,D3-unequal_e25_r055,TCRlong(0.40)+rw+A2_Rs20,0.9063829787234042,,
1b,D3-unequal,0.25,55,D3-unequal_e25_r055,TCRlong(0.40)+rw+A2_Ru10,0.9063829787234042,,
1b,D3-unequal,0.3,55,D3-unequal_e30_r055,ESF12alone,0.8815165876777251,0.3,0.08122034592088312
1b,D3-unequal,0.3,55,D3-unequal_e30_r055,ESF12,0.8815165876777251,,
1b,D3-unequal,0.3,55,D3-unequal_e30_r055,Alg2_Rs20,0.8767772511848341,,
1b,D3-unequal,0.3,55,D3-unequal_e30_r055,Alg2_Ru10,0.8767772511848341,,
1b,D3-unequal,0.3,55,D3-unequal_e30_r055,TCRlong(0.40)+rw+A2_Rs20,0.8815165876777251,,
1b,D3-unequal,0.3,55,D3-unequal_e30_r055,TCRlong(0.40)+rw+A2_Ru10,0.8815165876777251,,
1b,D3-unequal,0.35,55,D3-unequal_e35_r055,ESF12alone,0.8817204301075269,0.38,0.08062788099050522
1b,D3-unequal,0.35,55,D3-unequal_e35_r055,ESF12,0.8817204301075269,,
1b,D3-unequal,0.35,55,D3-unequal_e35_r055,Alg2_Rs20,0.8817204301075269,,
1b,D3-unequal,0.35,55,D3-unequal_e35_r055,Alg2_Ru10,0.8817204301075269,,
1b,D3-unequal,0.35,55,D3-unequal_e35_r055,TCRlong(0.40)+rw+A2_Rs20,0.8817204301075269,,
1b,D3-unequal,0.35,55,D3-unequal_e35_r055,TCRlong(0.40)+rw+A2_Ru10,0.8817204301075269,,
1b,D4-hetero,0.25,55,D4-hetero_e25_r055,ESF12alone,0.915929203539823,0.2633333333333333,0.08164087403565645
1b,D4-hetero,0.25,55,D4-hetero_e25_r055,ESF12,0.915929203539823,,
1b,D4-hetero,0.25,55,D4-hetero_e25_r055,Alg2_Rs20,0.915929203539823,,
1b,D4-hetero,0.25,55,D4-hetero_e25_r055,Alg2_Ru10,0.915929203539823,,
1b,D4-hetero,0.25,55,D4-hetero_e25_r055,TCRlong(0.40)+rw+A2_Rs20,0.9203539823008849,,
1b,D4-hetero,0.25,55,D4-hetero_e25_r055,TCRlong(0.40)+rw+A2_Ru10,0.9203539823008849,,
1b,D4-hetero,0.3,55,D4-hetero_e30_r055,ESF12alone,0.9027777777777778,0.29,0.08947781601455063
1b,D4-hetero,0.3,55,D4-hetero_e30_r055,ESF12,0.9027777777777778,,
1b,D4-hetero,0.3,55,D4-hetero_e30_r055,Alg2_Rs20,0.9027777777777778,,
1b,D4-hetero,0.3,55,D4-hetero_e30_r055,Alg2_Ru10,0.9027777777777778,,
1b,D4-hetero,0.3,55,D4-hetero_e30_r055,TCRlong(0.40)+rw+A2_Rs20,0.9027777777777778,,
1b,D4-hetero,0.3,55,D4-hetero_e30_r055,TCRlong(0.40)+rw+A2_Ru10,0.9027777777777778,,
1b,D4-hetero,0.35,55,D4-hetero_e35_r055,ESF12alone,0.5130890052356021,0.36,0.07958654803223908
1b,D4-hetero,0.35,55,D4-hetero_e35_r055,ESF12,0.5130890052356021,,
1b,D4-hetero,0.35,55,D4-hetero_e35_r055,Alg2_Rs20,0.9109947643979057,,
1b,D4-hetero,0.35,55,D4-hetero_e35_r055,Alg2_Ru10,0.9109947643979057,,
1b,D4-hetero,0.35,55,D4-hetero_e35_r055,TCRlong(0.40)+rw+A2_Rs20,0.9109947643979057,,
1b,D4-hetero,0.35,55,D4-hetero_e35_r055,TCRlong(0.40)+rw+A2_Ru10,0.9109947643979057,,
1b,D5-leverage,0.25,55,D5-leverage_e25_r055,ESF12alone,0.545045045045045,0.11,0.07313444698229432
1b,D5-leverage,0.25,55,D5-leverage_e25_r055,ESF12,0.545045045045045,,
1b,D5-leverage,0.25,55,D5-leverage_e25_r055,Alg2_Rs20,0.545045045045045,,
1b,D5-leverage,0.25,55,D5-leverage_e25_r055,Alg2_Ru10,0.545045045045045,,
1b,D5-leverage,0.25,55,D5-leverage_e25_r055,TCRlong(0.40)+rw+A2_Rs20,0.5405405405405406,,
1b,D5-leverage,0.25,55,D5-leverage_e25_r055,TCRlong(0.40)+rw+A2_Ru10,0.5405405405405406,,
1b,D5-leverage,0.3,55,D5-leverage_e30_r055,ESF12alone,0.5317073170731708,0.016666666666666666,0.07265906303655356
1b,D5-leverage,0.3,55,D5-leverage_e30_r055,ESF12,0.5317073170731708,,
1b,D5-leverage,0.3,55,D5-leverage_e30_r055,Alg2_Rs20,0.5317073170731708,,
1b,D5-leverage,0.3,55,D5-leverage_e30_r055,Alg2_Ru10,0.5317073170731708,,
1b,D5-leverage,0.3,55,D5-leverage_e30_r055,TCRlong(0.40)+rw+A2_Rs20,0.5560975609756098,,
1b,D5-leverage,0.3,55,D5-leverage_e30_r055,TCRlong(0.40)+rw+A2_Ru10,0.5560975609756098,,
1b,D5-leverage,0.35,55,D5-leverage_e35_r055,ESF12alone,0.5212765957446809,0.02,0.07068395393434912
1b,D5-leverage,0.35,55,D5-leverage_e35_r055,ESF12,0.5212765957446809,,
1b,D5-leverage,0.35,55,D5-leverage_e35_r055,Alg2_Rs20,0.526595744680851,,
1b,D5-leverage,0.35,55,D5-leverage_e35_r055,Alg2_Ru10,0.526595744680851,,
1b,D5-leverage,0.35,55,D5-leverage_e35_r055,TCRlong(0.40)+rw+A2_Rs20,0.5159574468085106,,
1b,D5-leverage,0.35,55,D5-leverage_e35_r055,TCRlong(0.40)+rw+A2_Ru10,0.5159574468085106,,
1b,D6-uniform,0.25,55,D6-uniform_e25_r055,ESF12alone,0.5253456221198156,0.0,0.0770287219202146
1b,D6-uniform,0.25,55,D6-uniform_e25_r055,ESF12,0.5253456221198156,,
1b,D6-uniform,0.25,55,D6-uniform_e25_r055,Alg2_Rs20,0.5345622119815668,,
1b,D6-uniform,0.25,55,D6-uniform_e25_r055,Alg2_Ru10,0.5345622119815668,,
1b,D6-uniform,0.25,55,D6-uniform_e25_r055,TCRlong(0.40)+rw+A2_Rs20,0.9354838709677419,,
1b,D6-uniform,0.25,55,D6-uniform_e25_r055,TCRlong(0.40)+rw+A2_Ru10,0.9354838709677419,,
1b,D6-uniform,0.3,55,D6-uniform_e30_r055,ESF12alone,0.5099009900990099,0.0,0.07535722199827433
1b,D6-uniform,0.3,55,D6-uniform_e30_r055,ESF12,0.5099009900990099,,
1b,D6-uniform,0.3,55,D6-uniform_e30_r055,Alg2_Rs20,0.5297029702970297,,
1b,D6-uniform,0.3,55,D6-uniform_e30_r055,Alg2_Ru10,0.5297029702970297,,
1b,D6-uniform,0.3,55,D6-uniform_e30_r055,TCRlong(0.40)+rw+A2_Rs20,0.900990099009901,,
1b,D6-uniform,0.3,55,D6-uniform_e30_r055,TCRlong(0.40)+rw+A2_Ru10,0.5742574257425742,,
1b,D6-uniform,0.35,55,D6-uniform_e35_r055,ESF12alone,0.5677083333333334,0.0,0.08099272893741727
1b,D6-uniform,0.35,55,D6-uniform_e35_r055,ESF12,0.5677083333333334,,
1b,D6-uniform,0.35,55,D6-uniform_e35_r055,Alg2_Rs20,0.5729166666666666,,
1b,D6-uniform,0.35,55,D6-uniform_e35_r055,Alg2_Ru10,0.5729166666666666,,
1b,D6-uniform,0.35,55,D6-uniform_e35_r055,TCRlong(0.40)+rw+A2_Rs20,0.5625,,
1b,D6-uniform,0.35,55,D6-uniform_e35_r055,TCRlong(0.40)+rw+A2_Ru10,0.5625,,
1b,D7-p3,0.25,55,D7-p3_e25_r055,ESF12alone,0.9004524886877828,0.2733333333333333,1.8930780759546906
1b,D7-p3,0.25,55,D7-p3_e25_r055,ESF12,0.9004524886877828,,
1b,D7-p3,0.25,55,D7-p3_e25_r055,Alg2_Rs20,0.9004524886877828,,
1b,D7-p3,0.25,55,D7-p3_e25_r055,Alg2_Ru10,0.9004524886877828,,
1b,D7-p3,0.25,55,D7-p3_e25_r055,TCRlong(0.40)+rw+A2_Rs20,0.9095022624434389,,
1b,D7-p3,0.25,55,D7-p3_e25_r055,TCRlong(0.40)+rw+A2_Ru10,0.9095022624434389,,
1b,D7-p3,0.3,55,D7-p3_e30_r055,ESF12alone,0.8837209302325582,0.2833333333333333,1.8016891939332709
1b,D7-p3,0.3,55,D7-p3_e30_r055,ESF12,0.8837209302325582,,
1b,D7-p3,0.3,55,D7-p3_e30_r055,Alg2_Rs20,0.8837209302325582,,
1b,D7-p3,0.3,55,D7-p3_e30_r055,Alg2_Ru10,0.8837209302325582,,
1b,D7-p3,0.3,55,D7-p3_e30_r055,TCRlong(0.40)+rw+A2_Rs20,0.8837209302325582,,
1b,D7-p3,0.3,55,D7-p3_e30_r055,TCRlong(0.40)+rw+A2_Ru10,0.8837209302325582,,
1b,D7-p3,0.35,55,D7-p3_e35_r055,ESF12alone,0.875,0.36,1.0309177599847317
1b,D7-p3,0.35,55,D7-p3_e35_r055,ESF12,0.875,,
1b,D7-p3,0.35,55,D7-p3_e35_r055,Alg2_Rs20,0.8697916666666666,,
1b,D7-p3,0.35,55,D7-p3_e35_r055,Alg2_Ru10,0.8697916666666666,,
1b,D7-p3,0.35,55,D7-p3_e35_r055,TCRlong(0.40)+rw+A2_Rs20,0.8697916666666666,,
1b,D7-p3,0.35,55,D7-p3_e35_r055,TCRlong(0.40)+rw+A2_Ru10,0.8697916666666666,,
1b,D8-K2par-sep,0.25,55,D8-K2par-sep_e25_r055,ESF12alone,1.0,0.2633333333333333,0.046223262092098594
1b,D8-K2par-sep,0.25,55,D8-K2par-sep_e25_r055,ESF12,1.0,,
1b,D8-K2par-sep,0.25,55,D8-K2par-sep_e25_r055,Alg2_Rs20,1.0,,
1b,D8-K2par-sep,0.25,55,D8-K2par-sep_e25_r055,Alg2_Ru10,1.0,,
1b,D8-K2par-sep,0.25,55,D8-K2par-sep_e25_r055,TCRlong(0.40)+rw+A2_Rs20,1.0,,
1b,D8-K2par-sep,0.25,55,D8-K2par-sep_e25_r055,TCRlong(0.40)+rw+A2_Ru10,1.0,,
1b,D8-K2par-sep,0.3,55,D8-K2par-sep_e30_r055,ESF12alone,1.0,0.30333333333333334,0.0866357310442254
1b,D8-K2par-sep,0.3,55,D8-K2par-sep_e30_r055,ESF12,1.0,,
1b,D8-K2par-sep,0.3,55,D8-K2par-sep_e30_r055,Alg2_Rs20,1.0,,
1b,D8-K2par-sep,0.3,55,D8-K2par-sep_e30_r055,Alg2_Ru10,1.0,,
1b,D8-K2par-sep,0.3,55,D8-K2par-sep_e30_r055,TCRlong(0.40)+rw+A2_Rs20,1.0,,
1b,D8-K2par-sep,0.3,55,D8-K2par-sep_e30_r055,TCRlong(0.40)+rw+A2_Ru10,1.0,,
1b,D8-K2par-sep,0.35,55,D8-K2par-sep_e35_r055,ESF12alone,0.9946524064171123,0.37666666666666665,0.08525705698411912
1b,D8-K2par-sep,0.35,55,D8-K2par-sep_e35_r055,ESF12,0.9946524064171123,,
1b,D8-K2par-sep,0.35,55,D8-K2par-sep_e35_r055,Alg2_Rs20,0.9946524064171123,,
1b,D8-K2par-sep,0.35,55,D8-K2par-sep_e35_r055,Alg2_Ru10,0.9946524064171123,,
1b,D8-K2par-sep,0.35,55,D8-K2par-sep_e35_r055,TCRlong(0.40)+rw+A2_Rs20,0.9946524064171123,,
1b,D8-K2par-sep,0.35,55,D8-K2par-sep_e35_r055,TCRlong(0.40)+rw+A2_Ru10,0.9946524064171123,,
1b,D1-K2cross,0.25,56,D1-K2cross_e25_r056,ESF12alone,0.8959276018099548,0.27,0.07660556701011956
1b,D1-K2cross,0.25,56,D1-K2cross_e25_r056,ESF12,0.8959276018099548,,
1b,D1-K2cross,0.25,56,D1-K2cross_e25_r056,Alg2_Rs20,0.8959276018099548,,
1b,D1-K2cross,0.25,56,D1-K2cross_e25_r056,Alg2_Ru10,0.8959276018099548,,
1b,D1-K2cross,0.25,56,D1-K2cross_e25_r056,TCRlong(0.40)+rw+A2_Rs20,0.9004524886877828,,
1b,D1-K2cross,0.25,56,D1-K2cross_e25_r056,TCRlong(0.40)+rw+A2_Ru10,0.9004524886877828,,
1b,D1-K2cross,0.3,56,D1-K2cross_e30_r056,ESF12alone,0.897196261682243,0.2866666666666667,0.08597350807394832
1b,D1-K2cross,0.3,56,D1-K2cross_e30_r056,ESF12,0.897196261682243,,
1b,D1-K2cross,0.3,56,D1-K2cross_e30_r056,Alg2_Rs20,0.9018691588785047,,
1b,D1-K2cross,0.3,56,D1-K2cross_e30_r056,Alg2_Ru10,0.9018691588785047,,
1b,D1-K2cross,0.3,56,D1-K2cross_e30_r056,TCRlong(0.40)+rw+A2_Rs20,0.9018691588785047,,
1b,D1-K2cross,0.3,56,D1-K2cross_e30_r056,TCRlong(0.40)+rw+A2_Ru10,0.9018691588785047,,
1b,D1-K2cross,0.35,56,D1-K2cross_e35_r056,ESF12alone,0.9052631578947369,0.36666666666666664,0.08370376203674823
1b,D1-K2cross,0.35,56,D1-K2cross_e35_r056,ESF12,0.9052631578947369,,
1b,D1-K2cross,0.35,56,D1-K2cross_e35_r056,Alg2_Rs20,0.9052631578947369,,
1b,D1-K2cross,0.35,56,D1-K2cross_e35_r056,Alg2_Ru10,0.9052631578947369,,
1b,D1-K2cross,0.35,56,D1-K2cross_e35_r056,TCRlong(0.40)+rw+A2_Rs20,0.9052631578947369,,
1b,D1-K2cross,0.35,56,D1-K2cross_e35_r056,TCRlong(0.40)+rw+A2_Ru10,0.9052631578947369,,
1b,D2-K3par,0.25,56,D2-K3par_e25_r056,ESF12alone,0.9094827586206896,0.22666666666666666,0.27306020504329354
1b,D2-K3par,0.25,56,D2-K3par_e25_r056,ESF12,0.9094827586206896,,
1b,D2-K3par,0.25,56,D2-K3par_e25_r056,Alg2_Rs20,0.9137931034482759,,
1b,D2-K3par,0.25,56,D2-K3par_e25_r056,Alg2_Ru10,0.9137931034482759,,
1b,D2-K3par,0.25,56,D2-K3par_e25_r056,TCRlong(0.40)+rw+A2_Rs20,0.7758620689655172,,
1b,D2-K3par,0.25,56,D2-K3par_e25_r056,TCRlong(0.40)+rw+A2_Ru10,0.7758620689655172,,
1b,D2-K3par,0.3,56,D2-K3par_e30_r056,ESF12alone,0.6363636363636364,0.14333333333333334,0.443237436003983
1b,D2-K3par,0.3,56,D2-K3par_e30_r056,ESF12,0.6363636363636364,,
1b,D2-K3par,0.3,56,D2-K3par_e30_r056,Alg2_Rs20,0.6363636363636364,,
1b,D2-K3par,0.3,56,D2-K3par_e30_r056,Alg2_Ru10,0.6363636363636364,,
1b,D2-K3par,0.3,56,D2-K3par_e30_r056,TCRlong(0.40)+rw+A2_Rs20,0.6363636363636364,,
1b,D2-K3par,0.3,56,D2-K3par_e30_r056,TCRlong(0.40)+rw+A2_Ru10,0.6363636363636364,,
1b,D2-K3par,0.35,56,D2-K3par_e35_r056,ESF12alone,0.6818181818181818,0.16,0.34626547107473016
1b,D2-K3par,0.35,56,D2-K3par_e35_r056,ESF12,0.6818181818181818,,
1b,D2-K3par,0.35,56,D2-K3par_e35_r056,Alg2_Rs20,0.8737373737373737,,
1b,D2-K3par,0.35,56,D2-K3par_e35_r056,Alg2_Ru10,0.8737373737373737,,
1b,D2-K3par,0.35,56,D2-K3par_e35_r056,TCRlong(0.40)+rw+A2_Rs20,0.6818181818181818,,
1b,D2-K3par,0.35,56,D2-K3par_e35_r056,TCRlong(0.40)+rw+A2_Ru10,0.6818181818181818,,
1b,D3-unequal,0.25,56,D3-unequal_e25_r056,ESF12alone,0.90625,0.25333333333333335,0.08213503402657807
1b,D3-unequal,0.25,56,D3-unequal_e25_r056,ESF12,0.90625,,
1b,D3-unequal,0.25,56,D3-unequal_e25_r056,Alg2_Rs20,0.6741071428571429,,
1b,D3-unequal,0.25,56,D3-unequal_e25_r056,Alg2_Ru10,0.6741071428571429,,
1b,D3-unequal,0.25,56,D3-unequal_e25_r056,TCRlong(0.40)+rw+A2_Rs20,0.90625,,
1b,D3-unequal,0.25,56,D3-unequal_e25_r056,TCRlong(0.40)+rw+A2_Ru10,0.90625,,
1b,D3-unequal,0.3,56,D3-unequal_e30_r056,ESF12alone,0.9330357142857143,0.25666666666666665,0.08993787609506398
1b,D3-unequal,0.3,56,D3-unequal_e30_r056,ESF12,0.9330357142857143,,
1b,D3-unequal,0.3,56,D3-unequal_e30_r056,Alg2_Rs20,0.9330357142857143,,
1b,D3-unequal,0.3,56,D3-unequal_e30_r056,Alg2_Ru10,0.9330357142857143,,
1b,D3-unequal,0.3,56,D3-unequal_e30_r056,TCRlong(0.40)+rw+A2_Rs20,0.9330357142857143,,
1b,D3-unequal,0.3,56,D3-unequal_e30_r056,TCRlong(0.40)+rw+A2_Ru10,0.9330357142857143,,
1b,D3-unequal,0.35,56,D3-unequal_e35_r056,ESF12alone,0.6990291262135923,0.13666666666666666,0.08815491199493408
1b,D3-unequal,0.35,56,D3-unequal_e35_r056,ESF12,0.6990291262135923,,
1b,D3-unequal,0.35,56,D3-unequal_e35_r056,Alg2_Rs20,0.9029126213592233,,
1b,D3-unequal,0.35,56,D3-unequal_e35_r056,Alg2_Ru10,0.9029126213592233,,
1b,D3-unequal,0.35,56,D3-unequal_e35_r056,TCRlong(0.40)+rw+A2_Rs20,0.8980582524271845,,
1b,D3-unequal,0.35,56,D3-unequal_e35_r056,TCRlong(0.40)+rw+A2_Ru10,0.8980582524271845,,
1b,D4-hetero,0.25,56,D4-hetero_e25_r056,ESF12alone,0.9043478260869565,0.24,0.08644770097453147
1b,D4-hetero,0.25,56,D4-hetero_e25_r056,ESF12,0.9043478260869565,,
1b,D4-hetero,0.25,56,D4-hetero_e25_r056,Alg2_Rs20,0.9043478260869565,,
1b,D4-hetero,0.25,56,D4-hetero_e25_r056,Alg2_Ru10,0.9043478260869565,,
1b,D4-hetero,0.25,56,D4-hetero_e25_r056,TCRlong(0.40)+rw+A2_Rs20,0.9043478260869565,,
1b,D4-hetero,0.25,56,D4-hetero_e25_r056,TCRlong(0.40)+rw+A2_Ru10,0.9043478260869565,,
1b,D4-hetero,0.3,56,D4-hetero_e30_r056,ESF12alone,0.8957345971563981,0.2966666666666667,0.08900586399249732
1b,D4-hetero,0.3,56,D4-hetero_e30_r056,ESF12,0.8957345971563981,,
1b,D4-hetero,0.3,56,D4-hetero_e30_r056,Alg2_Rs20,0.8957345971563981,,
1b,D4-hetero,0.3,56,D4-hetero_e30_r056,Alg2_Ru10,0.8957345971563981,,
1b,D4-hetero,0.3,56,D4-hetero_e30_r056,TCRlong(0.40)+rw+A2_Rs20,0.8957345971563981,,
1b,D4-hetero,0.3,56,D4-hetero_e30_r056,TCRlong(0.40)+rw+A2_Ru10,0.8957345971563981,,
1b,D4-hetero,0.35,56,D4-hetero_e35_r056,ESF12alone,0.90625,0.36,0.07523713796399534
1b,D4-hetero,0.35,56,D4-hetero_e35_r056,ESF12,0.90625,,
1b,D4-hetero,0.35,56,D4-hetero_e35_r056,Alg2_Rs20,0.90625,,
1b,D4-hetero,0.35,56,D4-hetero_e35_r056,Alg2_Ru10,0.90625,,
1b,D4-hetero,0.35,56,D4-hetero_e35_r056,TCRlong(0.40)+rw+A2_Rs20,0.90625,,
1b,D4-hetero,0.35,56,D4-hetero_e35_r056,TCRlong(0.40)+rw+A2_Ru10,0.90625,,
1b,D5-leverage,0.25,56,D5-leverage_e25_r056,ESF12alone,0.5176991150442478,0.08,0.07749095698818564
1b,D5-leverage,0.25,56,D5-leverage_e25_r056,ESF12,0.5176991150442478,,
1b,D5-leverage,0.25,56,D5-leverage_e25_r056,Alg2_Rs20,0.5176991150442478,,
1b,D5-leverage,0.25,56,D5-leverage_e25_r056,Alg2_Ru10,0.5176991150442478,,
1b,D5-leverage,0.25,56,D5-leverage_e25_r056,TCRlong(0.40)+rw+A2_Rs20,0.9247787610619469,,
1b,D5-leverage,0.25,56,D5-leverage_e25_r056,TCRlong(0.40)+rw+A2_Ru10,0.8761061946902655,,
1b,D5-leverage,0.3,56,D5-leverage_e30_r056,ESF12alone,0.8995633187772926,0.23666666666666666,0.07814152003265917
1b,D5-leverage,0.3,56,D5-leverage_e30_r056,ESF12,0.8995633187772926,,
1b,D5-leverage,0.3,56,D5-leverage_e30_r056,Alg2_Rs20,0.5109170305676856,,
1b,D5-leverage,0.3,56,D5-leverage_e30_r056,Alg2_Ru10,0.5109170305676856,,
1b,D5-leverage,0.3,56,D5-leverage_e30_r056,TCRlong(0.40)+rw+A2_Rs20,0.8995633187772926,,
1b,D5-leverage,0.3,56,D5-leverage_e30_r056,TCRlong(0.40)+rw+A2_Ru10,0.8995633187772926,,
1b,D5-leverage,0.35,56,D5-leverage_e35_r056,ESF12alone,0.53,0.0,0.07996838702820241
1b,D5-leverage,0.35,56,D5-leverage_e35_r056,ESF12,0.53,,
1b,D5-leverage,0.35,56,D5-leverage_e35_r056,Alg2_Rs20,0.53,,
1b,D5-leverage,0.35,56,D5-leverage_e35_r056,Alg2_Ru10,0.53,,
1b,D5-leverage,0.35,56,D5-leverage_e35_r056,TCRlong(0.40)+rw+A2_Rs20,0.515,,
1b,D5-leverage,0.35,56,D5-leverage_e35_r056,TCRlong(0.40)+rw+A2_Ru10,0.515,,
1b,D6-uniform,0.25,56,D6-uniform_e25_r056,ESF12alone,0.8893617021276595,0.17333333333333334,0.0818703209515661
1b,D6-uniform,0.25,56,D6-uniform_e25_r056,ESF12,0.8893617021276595,,
1b,D6-uniform,0.25,56,D6-uniform_e25_r056,Alg2_Rs20,0.8936170212765957,,
1b,D6-uniform,0.25,56,D6-uniform_e25_r056,Alg2_Ru10,0.8936170212765957,,
1b,D6-uniform,0.25,56,D6-uniform_e25_r056,TCRlong(0.40)+rw+A2_Rs20,0.8936170212765957,,
1b,D6-uniform,0.25,56,D6-uniform_e25_r056,TCRlong(0.40)+rw+A2_Ru10,0.8936170212765957,,
1b,D6-uniform,0.3,56,D6-uniform_e30_r056,ESF12alone,0.5488372093023256,0.006666666666666667,0.08536387095227838
1b,D6-uniform,0.3,56,D6-uniform_e30_r056,ESF12,0.5488372093023256,,
1b,D6-uniform,0.3,56,D6-uniform_e30_r056,Alg2_Rs20,0.8837209302325582,,
1b,D6-uniform,0.3,56,D6-uniform_e30_r056,Alg2_Ru10,0.8837209302325582,,
1b,D6-uniform,0.3,56,D6-uniform_e30_r056,TCRlong(0.40)+rw+A2_Rs20,0.8837209302325582,,
1b,D6-uniform,0.3,56,D6-uniform_e30_r056,TCRlong(0.40)+rw+A2_Ru10,0.5348837209302325,,
1b,D6-uniform,0.35,56,D6-uniform_e35_r056,ESF12alone,0.5368421052631579,0.0,0.08247385604772717
1b,D6-uniform,0.35,56,D6-uniform_e35_r056,ESF12,0.5368421052631579,,
1b,D6-uniform,0.35,56,D6-uniform_e35_r056,Alg2_Rs20,0.5263157894736842,,
1b,D6-uniform,0.35,56,D6-uniform_e35_r056,Alg2_Ru10,0.5263157894736842,,
1b,D6-uniform,0.35,56,D6-uniform_e35_r056,TCRlong(0.40)+rw+A2_Rs20,0.5052631578947369,,
1b,D6-uniform,0.35,56,D6-uniform_e35_r056,TCRlong(0.40)+rw+A2_Ru10,0.5052631578947369,,
1b,D7-p3,0.25,56,D7-p3_e25_r056,ESF12alone,0.9244444444444444,0.25333333333333335,1.8502069870010018
1b,D7-p3,0.25,56,D7-p3_e25_r056,ESF12,0.9244444444444444,,
1b,D7-p3,0.25,56,D7-p3_e25_r056,Alg2_Rs20,0.9288888888888889,,
1b,D7-p3,0.25,56,D7-p3_e25_r056,Alg2_Ru10,0.9288888888888889,,
1b,D7-p3,0.25,56,D7-p3_e25_r056,TCRlong(0.40)+rw+A2_Rs20,0.9244444444444444,,
1b,D7-p3,0.25,56,D7-p3_e25_r056,TCRlong(0.40)+rw+A2_Ru10,0.9244444444444444,,
1b,D7-p3,0.3,56,D7-p3_e30_r056,ESF12alone,0.9116279069767442,0.2866666666666667,1.8392611120361835
1b,D7-p3,0.3,56,D7-p3_e30_r056,ESF12,0.9116279069767442,,
1b,D7-p3,0.3,56,D7-p3_e30_r056,Alg2_Rs20,0.9116279069767442,,
1b,D7-p3,0.3,56,D7-p3_e30_r056,Alg2_Ru10,0.9116279069767442,,
1b,D7-p3,0.3,56,D7-p3_e30_r056,TCRlong(0.40)+rw+A2_Rs20,0.9116279069767442,,
1b,D7-p3,0.3,56,D7-p3_e30_r056,TCRlong(0.40)+rw+A2_Ru10,0.9116279069767442,,
1b,D7-p3,0.35,56,D7-p3_e35_r056,ESF12alone,0.9285714285714286,0.3466666666666667,1.8662329299841076
1b,D7-p3,0.35,56,D7-p3_e35_r056,ESF12,0.9285714285714286,,
1b,D7-p3,0.35,56,D7-p3_e35_r056,Alg2_Rs20,0.923469387755102,,
1b,D7-p3,0.35,56,D7-p3_e35_r056,Alg2_Ru10,0.923469387755102,,
1b,D7-p3,0.35,56,D7-p3_e35_r056,TCRlong(0.40)+rw+A2_Rs20,0.9336734693877551,,
1b,D7-p3,0.35,56,D7-p3_e35_r056,TCRlong(0.40)+rw+A2_Ru10,0.9336734693877551,,
1b,D8-K2par-sep,0.25,56,D8-K2par-sep_e25_r056,ESF12alone,1.0,0.23333333333333334,0.08289719105232507
1b,D8-K2par-sep,0.25,56,D8-K2par-sep_e25_r056,ESF12,1.0,,
1b,D8-K2par-sep,0.25,56,D8-K2par-sep_e25_r056,Alg2_Rs20,1.0,,
1b,D8-K2par-sep,0.25,56,D8-K2par-sep_e25_r056,Alg2_Ru10,1.0,,
1b,D8-K2par-sep,0.25,56,D8-K2par-sep_e25_r056,TCRlong(0.40)+rw+A2_Rs20,1.0,,
1b,D8-K2par-sep,0.25,56,D8-K2par-sep_e25_r056,TCRlong(0.40)+rw+A2_Ru10,1.0,,
1b,D8-K2par-sep,0.3,56,D8-K2par-sep_e30_r056,ESF12alone,1.0,0.27,0.10135627200361341
1b,D8-K2par-sep,0.3,56,D8-K2par-sep_e30_r056,ESF12,1.0,,
1b,D8-K2par-sep,0.3,56,D8-K2par-sep_e30_r056,Alg2_Rs20,1.0,,
1b,D8-K2par-sep,0.3,56,D8-K2par-sep_e30_r056,Alg2_Ru10,1.0,,
1b,D8-K2par-sep,0.3,56,D8-K2par-sep_e30_r056,TCRlong(0.40)+rw+A2_Rs20,1.0,,
1b,D8-K2par-sep,0.3,56,D8-K2par-sep_e30_r056,TCRlong(0.40)+rw+A2_Ru10,1.0,,
1b,D8-K2par-sep,0.35,56,D8-K2par-sep_e35_r056,ESF12alone,1.0,0.3933333333333333,0.07212910894304514
1b,D8-K2par-sep,0.35,56,D8-K2par-sep_e35_r056,ESF12,1.0,,
1b,D8-K2par-sep,0.35,56,D8-K2par-sep_e35_r056,Alg2_Rs20,1.0,,
1b,D8-K2par-sep,0.35,56,D8-K2par-sep_e35_r056,Alg2_Ru10,1.0,,
1b,D8-K2par-sep,0.35,56,D8-K2par-sep_e35_r056,TCRlong(0.40)+rw+A2_Rs20,1.0,,
1b,D8-K2par-sep,0.35,56,D8-K2par-sep_e35_r056,TCRlong(0.40)+rw+A2_Ru10,1.0,,
1b,D1-K2cross,0.25,57,D1-K2cross_e25_r057,ESF12alone,0.9039301310043668,0.24,0.08932596701197326
1b,D1-K2cross,0.25,57,D1-K2cross_e25_r057,ESF12,0.9039301310043668,,
1b,D1-K2cross,0.25,57,D1-K2cross_e25_r057,Alg2_Rs20,0.9039301310043668,,
1b,D1-K2cross,0.25,57,D1-K2cross_e25_r057,Alg2_Ru10,0.9039301310043668,,
1b,D1-K2cross,0.25,57,D1-K2cross_e25_r057,TCRlong(0.40)+rw+A2_Rs20,0.9039301310043668,,
1b,D1-K2cross,0.25,57,D1-K2cross_e25_r057,TCRlong(0.40)+rw+A2_Ru10,0.9039301310043668,,
1b,D1-K2cross,0.3,57,D1-K2cross_e30_r057,ESF12alone,0.9178743961352657,0.31,0.08522207906935364
1b,D1-K2cross,0.3,57,D1-K2cross_e30_r057,ESF12,0.9178743961352657,,
1b,D1-K2cross,0.3,57,D1-K2cross_e30_r057,Alg2_Rs20,0.9178743961352657,,
1b,D1-K2cross,0.3,57,D1-K2cross_e30_r057,Alg2_Ru10,0.9178743961352657,,
1b,D1-K2cross,0.3,57,D1-K2cross_e30_r057,TCRlong(0.40)+rw+A2_Rs20,0.9178743961352657,,
1b,D1-K2cross,0.3,57,D1-K2cross_e30_r057,TCRlong(0.40)+rw+A2_Ru10,0.9178743961352657,,
1b,D1-K2cross,0.35,57,D1-K2cross_e35_r057,ESF12alone,0.5168539325842697,0.15666666666666668,0.07352846802677959
1b,D1-K2cross,0.35,57,D1-K2cross_e35_r057,ESF12,0.5168539325842697,,
1b,D1-K2cross,0.35,57,D1-K2cross_e35_r057,Alg2_Rs20,0.9382022471910112,,
1b,D1-K2cross,0.35,57,D1-K2cross_e35_r057,Alg2_Ru10,0.9382022471910112,,
1b,D1-K2cross,0.35,57,D1-K2cross_e35_r057,TCRlong(0.40)+rw+A2_Rs20,0.9382022471910112,,
1b,D1-K2cross,0.35,57,D1-K2cross_e35_r057,TCRlong(0.40)+rw+A2_Ru10,0.9382022471910112,,
1b,D2-K3par,0.25,57,D2-K3par_e25_r057,ESF12alone,0.9090909090909091,0.26666666666666666,0.28399101400282234
1b,D2-K3par,0.25,57,D2-K3par_e25_r057,ESF12,0.9090909090909091,,
1b,D2-K3par,0.25,57,D2-K3par_e25_r057,Alg2_Rs20,0.9045454545454545,,
1b,D2-K3par,0.25,57,D2-K3par_e25_r057,Alg2_Ru10,0.9045454545454545,,
1b,D2-K3par,0.25,57,D2-K3par_e25_r057,TCRlong(0.40)+rw+A2_Rs20,0.9,,
1b,D2-K3par,0.25,57,D2-K3par_e25_r057,TCRlong(0.40)+rw+A2_Ru10,0.9,,
1b,D2-K3par,0.3,57,D2-K3par_e30_r057,ESF12alone,0.660377358490566,0.10333333333333333,0.39630024100188166
1b,D2-K3par,0.3,57,D2-K3par_e30_r057,ESF12,0.660377358490566,,
1b,D2-K3par,0.3,57,D2-K3par_e30_r057,Alg2_Rs20,0.9198113207547169,,
1b,D2-K3par,0.3,57,D2-K3par_e30_r057,Alg2_Ru10,0.9198113207547169,,
1b,D2-K3par,0.3,57,D2-K3par_e30_r057,TCRlong(0.40)+rw+A2_Rs20,0.8867924528301887,,
1b,D2-K3par,0.3,57,D2-K3par_e30_r057,TCRlong(0.40)+rw+A2_Ru10,0.8867924528301887,,
1b,D2-K3par,0.35,57,D2-K3par_e35_r057,ESF12alone,0.36649214659685864,0.0033333333333333335,0.42374574206769466
1b,D2-K3par,0.35,57,D2-K3par_e35_r057,ESF12,0.36649214659685864,,
1b,D2-K3par,0.35,57,D2-K3par_e35_r057,Alg2_Rs20,0.36649214659685864,,
1b,D2-K3par,0.35,57,D2-K3par_e35_r057,Alg2_Ru10,0.36649214659685864,,
1b,D2-K3par,0.35,57,D2-K3par_e35_r057,TCRlong(0.40)+rw+A2_Rs20,0.6858638743455497,,
1b,D2-K3par,0.35,57,D2-K3par_e35_r057,TCRlong(0.40)+rw+A2_Ru10,0.6858638743455497,,
1b,D3-unequal,0.25,57,D3-unequal_e25_r057,ESF12alone,0.8990825688073395,0.2733333333333333,0.07537851796951145
1b,D3-unequal,0.25,57,D3-unequal_e25_r057,ESF12,0.8990825688073395,,
1b,D3-unequal,0.25,57,D3-unequal_e25_r057,Alg2_Rs20,0.8990825688073395,,
1b,D3-unequal,0.25,57,D3-unequal_e25_r057,Alg2_Ru10,0.8990825688073395,,
1b,D3-unequal,0.25,57,D3-unequal_e25_r057,TCRlong(0.40)+rw+A2_Rs20,0.8990825688073395,,
1b,D3-unequal,0.25,57,D3-unequal_e25_r057,TCRlong(0.40)+rw+A2_Ru10,0.8990825688073395,,
1b,D3-unequal,0.3,57,D3-unequal_e30_r057,ESF12alone,0.6979166666666666,0.17,0.08026055304799229
1b,D3-unequal,0.3,57,D3-unequal_e30_r057,ESF12,0.6979166666666666,,
1b,D3-unequal,0.3,57,D3-unequal_e30_r057,Alg2_Rs20,0.9375,,
1b,D3-unequal,0.3,57,D3-unequal_e30_r057,Alg2_Ru10,0.9375,,
1b,D3-unequal,0.3,57,D3-unequal_e30_r057,TCRlong(0.40)+rw+A2_Rs20,0.9375,,
1b,D3-unequal,0.3,57,D3-unequal_e30_r057,TCRlong(0.40)+rw+A2_Ru10,0.9375,,
1b,D3-unequal,0.35,57,D3-unequal_e35_r057,ESF12alone,0.7135135135135136,0.18,0.08078637905418873
1b,D3-unequal,0.35,57,D3-unequal_e35_r057,ESF12,0.7297297297297297,,
1b,D3-unequal,0.35,57,D3-unequal_e35_r057,Alg2_Rs20,0.7081081081081081,,
1b,D3-unequal,0.35,57,D3-unequal_e35_r057,Alg2_Ru10,0.7081081081081081,,
1b,D3-unequal,0.35,57,D3-unequal_e35_r057,TCRlong(0.40)+rw+A2_Rs20,0.7081081081081081,,
1b,D3-unequal,0.35,57,D3-unequal_e35_r057,TCRlong(0.40)+rw+A2_Ru10,0.7081081081081081,,
1b,D4-hetero,0.25,57,D4-hetero_e25_r057,ESF12alone,0.8954545454545455,0.2733333333333333,0.08627994498237967
1b,D4-hetero,0.25,57,D4-hetero_e25_r057,ESF12,0.8954545454545455,,
1b,D4-hetero,0.25,57,D4-hetero_e25_r057,Alg2_Rs20,0.8954545454545455,,
1b,D4-hetero,0.25,57,D4-hetero_e25_r057,Alg2_Ru10,0.8954545454545455,,
1b,D4-hetero,0.25,57,D4-hetero_e25_r057,TCRlong(0.40)+rw+A2_Rs20,0.8954545454545455,,
1b,D4-hetero,0.25,57,D4-hetero_e25_r057,TCRlong(0.40)+rw+A2_Ru10,0.8954545454545455,,
1b,D4-hetero,0.3,57,D4-hetero_e30_r057,ESF12alone,0.900497512437811,0.3333333333333333,0.08487264299765229
1b,D4-hetero,0.3,57,D4-hetero_e30_r057,ESF12,0.900497512437811,,
1b,D4-hetero,0.3,57,D4-hetero_e30_r057,Alg2_Rs20,0.900497512437811,,
1b,D4-hetero,0.3,57,D4-hetero_e30_r057,Alg2_Ru10,0.900497512437811,,
1b,D4-hetero,0.3,57,D4-hetero_e30_r057,TCRlong(0.40)+rw+A2_Rs20,0.900497512437811,,
1b,D4-hetero,0.3,57,D4-hetero_e30_r057,TCRlong(0.40)+rw+A2_Ru10,0.900497512437811,,
1b,D4-hetero,0.35,57,D4-hetero_e35_r057,ESF12alone,0.9455445544554455,0.33,0.08414274896495044
1b,D4-hetero,0.35,57,D4-hetero_e35_r057,ESF12,0.9455445544554455,,
1b,D4-hetero,0.35,57,D4-hetero_e35_r057,Alg2_Rs20,0.9356435643564357,,
1b,D4-hetero,0.35,57,D4-hetero_e35_r057,Alg2_Ru10,0.9356435643564357,,
1b,D4-hetero,0.35,57,D4-hetero_e35_r057,TCRlong(0.40)+rw+A2_Rs20,0.9356435643564357,,
1b,D4-hetero,0.35,57,D4-hetero_e35_r057,TCRlong(0.40)+rw+A2_Ru10,0.9356435643564357,,
1b,D5-leverage,0.25,57,D5-leverage_e25_r057,ESF12alone,0.5119617224880383,0.09333333333333334,0.08380789600778371
1b,D5-leverage,0.25,57,D5-leverage_e25_r057,ESF12,0.5119617224880383,,
1b,D5-leverage,0.25,57,D5-leverage_e25_r057,Alg2_Rs20,0.5119617224880383,,
1b,D5-leverage,0.25,57,D5-leverage_e25_r057,Alg2_Ru10,0.5119617224880383,,
1b,D5-leverage,0.25,57,D5-leverage_e25_r057,TCRlong(0.40)+rw+A2_Rs20,0.5215311004784688,,
1b,D5-leverage,0.25,57,D5-leverage_e25_r057,TCRlong(0.40)+rw+A2_Ru10,0.5215311004784688,,
1b,D5-leverage,0.3,57,D5-leverage_e30_r057,ESF12alone,0.5369458128078818,0.0,0.07347845600452274
1b,D5-leverage,0.3,57,D5-leverage_e30_r057,ESF12,0.5369458128078818,,
1b,D5-leverage,0.3,57,D5-leverage_e30_r057,Alg2_Rs20,0.5369458128078818,,
1b,D5-leverage,0.3,57,D5-leverage_e30_r057,Alg2_Ru10,0.5369458128078818,,
1b,D5-leverage,0.3,57,D5-leverage_e30_r057,TCRlong(0.40)+rw+A2_Rs20,0.5369458128078818,,
1b,D5-leverage,0.3,57,D5-leverage_e30_r057,TCRlong(0.40)+rw+A2_Ru10,0.5369458128078818,,
1b,D5-leverage,0.35,57,D5-leverage_e35_r057,ESF12alone,0.5477386934673367,0.013333333333333334,0.0796254709130153
1b,D5-leverage,0.35,57,D5-leverage_e35_r057,ESF12,0.5477386934673367,,
1b,D5-leverage,0.35,57,D5-leverage_e35_r057,Alg2_Rs20,0.5477386934673367,,
1b,D5-leverage,0.35,57,D5-leverage_e35_r057,Alg2_Ru10,0.5477386934673367,,
1b,D5-leverage,0.35,57,D5-leverage_e35_r057,TCRlong(0.40)+rw+A2_Rs20,0.542713567839196,,
1b,D5-leverage,0.35,57,D5-leverage_e35_r057,TCRlong(0.40)+rw+A2_Ru10,0.542713567839196,,
1b,D6-uniform,0.25,57,D6-uniform_e25_r057,ESF12alone,0.5497630331753555,0.0,0.08239517302718014
1b,D6-uniform,0.25,57,D6-uniform_e25_r057,ESF12,0.5497630331753555,,
1b,D6-uniform,0.25,57,D6-uniform_e25_r057,Alg2_Rs20,0.5402843601895735,,
1b,D6-uniform,0.25,57,D6-uniform_e25_r057,Alg2_Ru10,0.5402843601895735,,
1b,D6-uniform,0.25,57,D6-uniform_e25_r057,TCRlong(0.40)+rw+A2_Rs20,0.8909952606635071,,
1b,D6-uniform,0.25,57,D6-uniform_e25_r057,TCRlong(0.40)+rw+A2_Ru10,0.8909952606635071,,
1b,D6-uniform,0.3,57,D6-uniform_e30_r057,ESF12alone,0.8597285067873304,0.18333333333333332,0.08222804602701217
1b,D6-uniform,0.3,57,D6-uniform_e30_r057,ESF12,0.8597285067873304,,
1b,D6-uniform,0.3,57,D6-uniform_e30_r057,Alg2_Rs20,0.8552036199095022,,
1b,D6-uniform,0.3,57,D6-uniform_e30_r057,Alg2_Ru10,0.5656108597285068,,
1b,D6-uniform,0.3,57,D6-uniform_e30_r057,TCRlong(0.40)+rw+A2_Rs20,0.8778280542986425,,
1b,D6-uniform,0.3,57,D6-uniform_e30_r057,TCRlong(0.40)+rw+A2_Ru10,0.8778280542986425,,
1b,D6-uniform,0.35,57,D6-uniform_e35_r057,ESF12alone,0.5478723404255319,0.0,0.08363585907500237
1b,D6-uniform,0.35,57,D6-uniform_e35_r057,ESF12,0.5478723404255319,,
1b,D6-uniform,0.35,57,D6-uniform_e35_r057,Alg2_Rs20,0.5478723404255319,,
1b,D6-uniform,0.35,57,D6-uniform_e35_r057,Alg2_Ru10,0.5478723404255319,,
1b,D6-uniform,0.35,57,D6-uniform_e35_r057,TCRlong(0.40)+rw+A2_Rs20,0.5,,
1b,D6-uniform,0.35,57,D6-uniform_e35_r057,TCRlong(0.40)+rw+A2_Ru10,0.5,,
1b,D7-p3,0.25,57,D7-p3_e25_r057,ESF12alone,0.9120370370370371,0.2833333333333333,1.7532009860733524
1b,D7-p3,0.25,57,D7-p3_e25_r057,ESF12,0.9120370370370371,,
1b,D7-p3,0.25,57,D7-p3_e25_r057,Alg2_Rs20,0.9120370370370371,,
1b,D7-p3,0.25,57,D7-p3_e25_r057,Alg2_Ru10,0.9120370370370371,,
1b,D7-p3,0.25,57,D7-p3_e25_r057,TCRlong(0.40)+rw+A2_Rs20,0.9120370370370371,,
1b,D7-p3,0.25,57,D7-p3_e25_r057,TCRlong(0.40)+rw+A2_Ru10,0.9120370370370371,,
1b,D7-p3,0.3,57,D7-p3_e30_r057,ESF12alone,0.9186602870813397,0.30333333333333334,1.815277931978926
1b,D7-p3,0.3,57,D7-p3_e30_r057,ESF12,0.9186602870813397,,
1b,D7-p3,0.3,57,D7-p3_e30_r057,Alg2_Rs20,0.9138755980861244,,
1b,D7-p3,0.3,57,D7-p3_e30_r057,Alg2_Ru10,0.9138755980861244,,
1b,D7-p3,0.3,57,D7-p3_e30_r057,TCRlong(0.40)+rw+A2_Rs20,0.9138755980861244,,
1b,D7-p3,0.3,57,D7-p3_e30_r057,TCRlong(0.40)+rw+A2_Ru10,0.9138755980861244,,
1b,D7-p3,0.35,57,D7-p3_e35_r057,ESF12alone,0.9170731707317074,0.32,2.03730327996891
1b,D7-p3,0.35,57,D7-p3_e35_r057,ESF12,0.9170731707317074,,
1b,D7-p3,0.35,57,D7-p3_e35_r057,Alg2_Rs20,0.9219512195121952,,
1b,D7-p3,0.35,57,D7-p3_e35_r057,Alg2_Ru10,0.9219512195121952,,
1b,D7-p3,0.35,57,D7-p3_e35_r057,TCRlong(0.40)+rw+A2_Rs20,0.9219512195121952,,
1b,D7-p3,0.35,57,D7-p3_e35_r057,TCRlong(0.40)+rw+A2_Ru10,0.9219512195121952,,
1b,D8-K2par-sep,0.25,57,D8-K2par-sep_e25_r057,ESF12alone,0.9956521739130435,0.23333333333333334,0.08009284501895308
1b,D8-K2par-sep,0.25,57,D8-K2par-sep_e25_r057,ESF12,0.9956521739130435,,
1b,D8-K2par-sep,0.25,57,D8-K2par-sep_e25_r057,Alg2_Rs20,0.9956521739130435,,
1b,D8-K2par-sep,0.25,57,D8-K2par-sep_e25_r057,Alg2_Ru10,0.9956521739130435,,
1b,D8-K2par-sep,0.25,57,D8-K2par-sep_e25_r057,TCRlong(0.40)+rw+A2_Rs20,0.9956521739130435,,
1b,D8-K2par-sep,0.25,57,D8-K2par-sep_e25_r057,TCRlong(0.40)+rw+A2_Ru10,0.9956521739130435,,
1b,D8-K2par-sep,0.3,57,D8-K2par-sep_e30_r057,ESF12alone,1.0,0.25666666666666665,0.0769982630154118
1b,D8-K2par-sep,0.3,57,D8-K2par-sep_e30_r057,ESF12,1.0,,
1b,D8-K2par-sep,0.3,57,D8-K2par-sep_e30_r057,Alg2_Rs20,1.0,,
1b,D8-K2par-sep,0.3,57,D8-K2par-sep_e30_r057,Alg2_Ru10,1.0,,
1b,D8-K2par-sep,0.3,57,D8-K2par-sep_e30_r057,TCRlong(0.40)+rw+A2_Rs20,1.0,,
1b,D8-K2par-sep,0.3,57,D8-K2par-sep_e30_r057,TCRlong(0.40)+rw+A2_Ru10,1.0,,
1b,D8-K2par-sep,0.35,57,D8-K2par-sep_e35_r057,ESF12alone,1.0,0.30333333333333334,0.07919812004547566
1b,D8-K2par-sep,0.35,57,D8-K2par-sep_e35_r057,ESF12,1.0,,
1b,D8-K2par-sep,0.35,57,D8-K2par-sep_e35_r057,Alg2_Rs20,1.0,,
1b,D8-K2par-sep,0.35,57,D8-K2par-sep_e35_r057,Alg2_Ru10,1.0,,
1b,D8-K2par-sep,0.35,57,D8-K2par-sep_e35_r057,TCRlong(0.40)+rw+A2_Rs20,1.0,,
1b,D8-K2par-sep,0.35,57,D8-K2par-sep_e35_r057,TCRlong(0.40)+rw+A2_Ru10,1.0,,
1b,D1-K2cross,0.25,58,D1-K2cross_e25_r058,ESF12alone,0.8954545454545455,0.26666666666666666,0.08430708898231387
1b,D1-K2cross,0.25,58,D1-K2cross_e25_r058,ESF12,0.8954545454545455,,
1b,D1-K2cross,0.25,58,D1-K2cross_e25_r058,Alg2_Rs20,0.9,,
1b,D1-K2cross,0.25,58,D1-K2cross_e25_r058,Alg2_Ru10,0.9,,
1b,D1-K2cross,0.25,58,D1-K2cross_e25_r058,TCRlong(0.40)+rw+A2_Rs20,0.8954545454545455,,
1b,D1-K2cross,0.25,58,D1-K2cross_e25_r058,TCRlong(0.40)+rw+A2_Ru10,0.8954545454545455,,
1b,D1-K2cross,0.3,58,D1-K2cross_e30_r058,ESF12alone,0.9264705882352942,0.32,0.0787045561010018
1b,D1-K2cross,0.3,58,D1-K2cross_e30_r058,ESF12,0.9264705882352942,,
1b,D1-K2cross,0.3,58,D1-K2cross_e30_r058,Alg2_Rs20,0.9264705882352942,,
1b,D1-K2cross,0.3,58,D1-K2cross_e30_r058,Alg2_Ru10,0.9264705882352942,,
1b,D1-K2cross,0.3,58,D1-K2cross_e30_r058,TCRlong(0.40)+rw+A2_Rs20,0.9264705882352942,,
1b,D1-K2cross,0.3,58,D1-K2cross_e30_r058,TCRlong(0.40)+rw+A2_Ru10,0.9264705882352942,,
1b,D1-K2cross,0.35,58,D1-K2cross_e35_r058,ESF12alone,0.9336734693877551,0.3466666666666667,0.07761966297402978
1b,D1-K2cross,0.35,58,D1-K2cross_e35_r058,ESF12,0.9336734693877551,,
1b,D1-K2cross,0.35,58,D1-K2cross_e35_r058,Alg2_Rs20,0.9336734693877551,,
1b,D1-K2cross,0.35,58,D1-K2cross_e35_r058,Alg2_Ru10,0.9336734693877551,,
1b,D1-K2cross,0.35,58,D1-K2cross_e35_r058,TCRlong(0.40)+rw+A2_Rs20,0.9336734693877551,,
1b,D1-K2cross,0.35,58,D1-K2cross_e35_r058,TCRlong(0.40)+rw+A2_Ru10,0.9336734693877551,,
1b,D2-K3par,0.25,58,D2-K3par_e25_r058,ESF12alone,0.9026548672566371,0.24666666666666667,0.4279277230380103
1b,D2-K3par,0.25,58,D2-K3par_e25_r058,ESF12,0.9026548672566371,,
1b,D2-K3par,0.25,58,D2-K3par_e25_r058,Alg2_Rs20,0.9026548672566371,,
1b,D2-K3par,0.25,58,D2-K3par_e25_r058,Alg2_Ru10,0.9026548672566371,,
1b,D2-K3par,0.25,58,D2-K3par_e25_r058,TCRlong(0.40)+rw+A2_Rs20,0.8982300884955752,,
1b,D2-K3par,0.25,58,D2-K3par_e25_r058,TCRlong(0.40)+rw+A2_Ru10,0.8982300884955752,,
1b,D2-K3par,0.3,58,D2-K3par_e30_r058,ESF12alone,0.36683417085427134,0.0033333333333333335,0.41889256006106734
1b,D2-K3par,0.3,58,D2-K3par_e30_r058,ESF12,0.36683417085427134,,
1b,D2-K3par,0.3,58,D2-K3par_e30_r058,Alg2_Rs20,0.36683417085427134,,
1b,D2-K3par,0.3,58,D2-K3par_e30_r058,Alg2_Ru10,0.36683417085427134,,
1b,D2-K3par,0.3,58,D2-K3par_e30_r058,TCRlong(0.40)+rw+A2_Rs20,0.8592964824120602,,
1b,D2-K3par,0.3,58,D2-K3par_e30_r058,TCRlong(0.40)+rw+A2_Ru10,0.8592964824120602,,
1b,D2-K3par,0.35,58,D2-K3par_e35_r058,ESF12alone,0.949748743718593,0.33666666666666667,0.33476661203894764
1b,D2-K3par,0.35,58,D2-K3par_e35_r058,ESF12,0.949748743718593,,
1b,D2-K3par,0.35,58,D2-K3par_e35_r058,Alg2_Rs20,0.678391959798995,,
1b,D2-K3par,0.35,58,D2-K3par_e35_r058,Alg2_Ru10,0.678391959798995,,
1b,D2-K3par,0.35,58,D2-K3par_e35_r058,TCRlong(0.40)+rw+A2_Rs20,0.9396984924623115,,
1b,D2-K3par,0.35,58,D2-K3par_e35_r058,TCRlong(0.40)+rw+A2_Ru10,0.9396984924623115,,
1b,D3-unequal,0.25,58,D3-unequal_e25_r058,ESF12alone,0.8846153846153846,0.30666666666666664,0.08401885500643402
1b,D3-unequal,0.25,58,D3-unequal_e25_r058,ESF12,0.8846153846153846,,
1b,D3-unequal,0.25,58,D3-unequal_e25_r058,Alg2_Rs20,0.8798076923076923,,
1b,D3-unequal,0.25,58,D3-unequal_e25_r058,Alg2_Ru10,0.8798076923076923,,
1b,D3-unequal,0.25,58,D3-unequal_e25_r058,TCRlong(0.40)+rw+A2_Rs20,0.8798076923076923,,
1b,D3-unequal,0.25,58,D3-unequal_e25_r058,TCRlong(0.40)+rw+A2_Ru10,0.8798076923076923,,
1b,D3-unequal,0.3,58,D3-unequal_e30_r058,ESF12alone,0.919047619047619,0.30333333333333334,0.08608388295397162
1b,D3-unequal,0.3,58,D3-unequal_e30_r058,ESF12,0.919047619047619,,
1b,D3-unequal,0.3,58,D3-unequal_e30_r058,Alg2_Rs20,0.919047619047619,,
1b,D3-unequal,0.3,58,D3-unequal_e30_r058,Alg2_Ru10,0.919047619047619,,
1b,D3-unequal,0.3,58,D3-unequal_e30_r058,TCRlong(0.40)+rw+A2_Rs20,0.919047619047619,,
1b,D3-unequal,0.3,58,D3-unequal_e30_r058,TCRlong(0.40)+rw+A2_Ru10,0.919047619047619,,
1b,D3-unequal,0.35,58,D3-unequal_e35_r058,ESF12alone,0.9175824175824175,0.3933333333333333,0.08670550805982202
1b,D3-unequal,0.35,58,D3-unequal_e35_r058,ESF12,0.9175824175824175,,
1b,D3-unequal,0.35,58,D3-unequal_e35_r058,Alg2_Rs20,0.9175824175824175,,
1b,D3-unequal,0.35,58,D3-unequal_e35_r058,Alg2_Ru10,0.9175824175824175,,
1b,D3-unequal,0.35,58,D3-unequal_e35_r058,TCRlong(0.40)+rw+A2_Rs20,0.9175824175824175,,
1b,D3-unequal,0.35,58,D3-unequal_e35_r058,TCRlong(0.40)+rw+A2_Ru10,0.9175824175824175,,
1b,D4-hetero,0.25,58,D4-hetero_e25_r058,ESF12alone,0.9282296650717703,0.31333333333333335,0.09382730408105999
1b,D4-hetero,0.25,58,D4-hetero_e25_r058,ESF12,0.9282296650717703,,
1b,D4-hetero,0.25,58,D4-hetero_e25_r058,Alg2_Rs20,0.9282296650717703,,
1b,D4-hetero,0.25,58,D4-hetero_e25_r058,Alg2_Ru10,0.9282296650717703,,
1b,D4-hetero,0.25,58,D4-hetero_e25_r058,TCRlong(0.40)+rw+A2_Rs20,0.9282296650717703,,
1b,D4-hetero,0.25,58,D4-hetero_e25_r058,TCRlong(0.40)+rw+A2_Ru10,0.9282296650717703,,
1b,D4-hetero,0.3,58,D4-hetero_e30_r058,ESF12alone,0.9004739336492891,0.3,0.08674151601735502
1b,D4-hetero,0.3,58,D4-hetero_e30_r058,ESF12,0.9004739336492891,,
1b,D4-hetero,0.3,58,D4-hetero_e30_r058,Alg2_Rs20,0.9004739336492891,,
1b,D4-hetero,0.3,58,D4-hetero_e30_r058,Alg2_Ru10,0.9004739336492891,,
1b,D4-hetero,0.3,58,D4-hetero_e30_r058,TCRlong(0.40)+rw+A2_Rs20,0.9052132701421801,,
1b,D4-hetero,0.3,58,D4-hetero_e30_r058,TCRlong(0.40)+rw+A2_Ru10,0.9052132701421801,,
1b,D4-hetero,0.35,58,D4-hetero_e35_r058,ESF12alone,0.9157894736842105,0.36666666666666664,0.08041069807950407
1b,D4-hetero,0.35,58,D4-hetero_e35_r058,ESF12,0.9157894736842105,,
1b,D4-hetero,0.35,58,D4-hetero_e35_r058,Alg2_Rs20,0.9157894736842105,,
1b,D4-hetero,0.35,58,D4-hetero_e35_r058,Alg2_Ru10,0.9157894736842105,,
1b,D4-hetero,0.35,58,D4-hetero_e35_r058,TCRlong(0.40)+rw+A2_Rs20,0.9157894736842105,,
1b,D4-hetero,0.35,58,D4-hetero_e35_r058,TCRlong(0.40)+rw+A2_Ru10,0.9157894736842105,,
1b,D5-leverage,0.25,58,D5-leverage_e25_r058,ESF12alone,0.5347826086956522,0.17333333333333334,0.07898147800005972
1b,D5-leverage,0.25,58,D5-leverage_e25_r058,ESF12,0.5347826086956522,,
1b,D5-leverage,0.25,58,D5-leverage_e25_r058,Alg2_Rs20,0.8869565217391304,,
1b,D5-leverage,0.25,58,D5-leverage_e25_r058,Alg2_Ru10,0.8869565217391304,,
1b,D5-leverage,0.25,58,D5-leverage_e25_r058,TCRlong(0.40)+rw+A2_Rs20,0.8869565217391304,,
1b,D5-leverage,0.25,58,D5-leverage_e25_r058,TCRlong(0.40)+rw+A2_Ru10,0.8869565217391304,,
1b,D5-leverage,0.3,58,D5-leverage_e30_r058,ESF12alone,0.5285714285714286,0.056666666666666664,0.07384608907159418
1b,D5-leverage,0.3,58,D5-leverage_e30_r058,ESF12,0.5285714285714286,,
1b,D5-leverage,0.3,58,D5-leverage_e30_r058,Alg2_Rs20,0.5285714285714286,,
1b,D5-leverage,0.3,58,D5-leverage_e30_r058,Alg2_Ru10,0.5285714285714286,,
1b,D5-leverage,0.3,58,D5-leverage_e30_r058,TCRlong(0.40)+rw+A2_Rs20,0.5428571428571428,,
1b,D5-leverage,0.3,58,D5-leverage_e30_r058,TCRlong(0.40)+rw+A2_Ru10,0.5428571428571428,,
1b,D5-leverage,0.35,58,D5-leverage_e35_r058,ESF12alone,0.5138121546961326,0.013333333333333334,0.0748625670094043
1b,D5-leverage,0.35,58,D5-leverage_e35_r058,ESF12,0.5138121546961326,,
1b,D5-leverage,0.35,58,D5-leverage_e35_r058,Alg2_Rs20,0.5138121546961326,,
1b,D5-leverage,0.35,58,D5-leverage_e35_r058,Alg2_Ru10,0.5138121546961326,,
1b,D5-leverage,0.35,58,D5-leverage_e35_r058,TCRlong(0.40)+rw+A2_Rs20,0.5138121546961326,,
1b,D5-leverage,0.35,58,D5-leverage_e35_r058,TCRlong(0.40)+rw+A2_Ru10,0.5138121546961326,,
1b,D6-uniform,0.25,58,D6-uniform_e25_r058,ESF12alone,0.9120370370370371,0.23,0.08372772403527051
1b,D6-uniform,0.25,58,D6-uniform_e25_r058,ESF12,0.9120370370370371,,
1b,D6-uniform,0.25,58,D6-uniform_e25_r058,Alg2_Rs20,0.9305555555555556,,
1b,D6-uniform,0.25,58,D6-uniform_e25_r058,Alg2_Ru10,0.9305555555555556,,
1b,D6-uniform,0.25,58,D6-uniform_e25_r058,TCRlong(0.40)+rw+A2_Rs20,0.9305555555555556,,
1b,D6-uniform,0.25,58,D6-uniform_e25_r058,TCRlong(0.40)+rw+A2_Ru10,0.9305555555555556,,
1b,D6-uniform,0.3,58,D6-uniform_e30_r058,ESF12alone,0.9389671361502347,0.22666666666666666,0.08251170802395791
1b,D6-uniform,0.3,58,D6-uniform_e30_r058,ESF12,0.9389671361502347,,
1b,D6-uniform,0.3,58,D6-uniform_e30_r058,Alg2_Rs20,0.9389671361502347,,
1b,D6-uniform,0.3,58,D6-uniform_e30_r058,Alg2_Ru10,0.9389671361502347,,
1b,D6-uniform,0.3,58,D6-uniform_e30_r058,TCRlong(0.40)+rw+A2_Rs20,0.9389671361502347,,
1b,D6-uniform,0.3,58,D6-uniform_e30_r058,TCRlong(0.40)+rw+A2_Ru10,0.9389671361502347,,
1b,D6-uniform,0.35,58,D6-uniform_e35_r058,ESF12alone,0.5583756345177665,0.0,0.08157182799186558
1b,D6-uniform,0.35,58,D6-uniform_e35_r058,ESF12,0.5583756345177665,,
1b,D6-uniform,0.35,58,D6-uniform_e35_r058,Alg2_Rs20,0.5532994923857868,,
1b,D6-uniform,0.35,58,D6-uniform_e35_r058,Alg2_Ru10,0.5532994923857868,,
1b,D6-uniform,0.35,58,D6-uniform_e35_r058,TCRlong(0.40)+rw+A2_Rs20,0.5532994923857868,,
1b,D6-uniform,0.35,58,D6-uniform_e35_r058,TCRlong(0.40)+rw+A2_Ru10,0.5532994923857868,,
1b,D7-p3,0.25,58,D7-p3_e25_r058,ESF12alone,0.9292035398230089,0.24666666666666667,1.8642700279597193
1b,D7-p3,0.25,58,D7-p3_e25_r058,ESF12,0.9292035398230089,,
1b,D7-p3,0.25,58,D7-p3_e25_r058,Alg2_Rs20,0.9292035398230089,,
1b,D7-p3,0.25,58,D7-p3_e25_r058,Alg2_Ru10,0.9292035398230089,,
1b,D7-p3,0.25,58,D7-p3_e25_r058,TCRlong(0.40)+rw+A2_Rs20,0.9292035398230089,,
1b,D7-p3,0.25,58,D7-p3_e25_r058,TCRlong(0.40)+rw+A2_Ru10,0.9292035398230089,,
1b,D7-p3,0.3,58,D7-p3_e30_r058,ESF12alone,0.9186602870813397,0.31,1.7925354220205918
1b,D7-p3,0.3,58,D7-p3_e30_r058,ESF12,0.9186602870813397,,
1b,D7-p3,0.3,58,D7-p3_e30_r058,Alg2_Rs20,0.9186602870813397,,
1b,D7-p3,0.3,58,D7-p3_e30_r058,Alg2_Ru10,0.9186602870813397,,
1b,D7-p3,0.3,58,D7-p3_e30_r058,TCRlong(0.40)+rw+A2_Rs20,0.9186602870813397,,
1b,D7-p3,0.3,58,D7-p3_e30_r058,TCRlong(0.40)+rw+A2_Ru10,0.9186602870813397,,
1b,D7-p3,0.35,58,D7-p3_e35_r058,ESF12alone,0.9393939393939394,0.35333333333333333,1.7232069629244506
1b,D7-p3,0.35,58,D7-p3_e35_r058,ESF12,0.9393939393939394,,
1b,D7-p3,0.35,58,D7-p3_e35_r058,Alg2_Rs20,0.9393939393939394,,
1b,D7-p3,0.35,58,D7-p3_e35_r058,Alg2_Ru10,0.9393939393939394,,
1b,D7-p3,0.35,58,D7-p3_e35_r058,TCRlong(0.40)+rw+A2_Rs20,0.9444444444444444,,
1b,D7-p3,0.35,58,D7-p3_e35_r058,TCRlong(0.40)+rw+A2_Ru10,0.9444444444444444,,
1b,D8-K2par-sep,0.25,58,D8-K2par-sep_e25_r058,ESF12alone,1.0,0.25333333333333335,0.07003079995047301
1b,D8-K2par-sep,0.25,58,D8-K2par-sep_e25_r058,ESF12,1.0,,
1b,D8-K2par-sep,0.25,58,D8-K2par-sep_e25_r058,Alg2_Rs20,1.0,,
1b,D8-K2par-sep,0.25,58,D8-K2par-sep_e25_r058,Alg2_Ru10,1.0,,
1b,D8-K2par-sep,0.25,58,D8-K2par-sep_e25_r058,TCRlong(0.40)+rw+A2_Rs20,1.0,,
1b,D8-K2par-sep,0.25,58,D8-K2par-sep_e25_r058,TCRlong(0.40)+rw+A2_Ru10,1.0,,
1b,D8-K2par-sep,0.3,58,D8-K2par-sep_e30_r058,ESF12alone,1.0,0.2733333333333333,0.07233379606623203
1b,D8-K2par-sep,0.3,58,D8-K2par-sep_e30_r058,ESF12,1.0,,
1b,D8-K2par-sep,0.3,58,D8-K2par-sep_e30_r058,Alg2_Rs20,1.0,,
1b,D8-K2par-sep,0.3,58,D8-K2par-sep_e30_r058,Alg2_Ru10,1.0,,
1b,D8-K2par-sep,0.3,58,D8-K2par-sep_e30_r058,TCRlong(0.40)+rw+A2_Rs20,1.0,,
1b,D8-K2par-sep,0.3,58,D8-K2par-sep_e30_r058,TCRlong(0.40)+rw+A2_Ru10,1.0,,
1b,D8-K2par-sep,0.35,58,D8-K2par-sep_e35_r058,ESF12alone,1.0,0.39666666666666667,0.06878832099027932
1b,D8-K2par-sep,0.35,58,D8-K2par-sep_e35_r058,ESF12,1.0,,
1b,D8-K2par-sep,0.35,58,D8-K2par-sep_e35_r058,Alg2_Rs20,1.0,,
1b,D8-K2par-sep,0.35,58,D8-K2par-sep_e35_r058,Alg2_Ru10,1.0,,
1b,D8-K2par-sep,0.35,58,D8-K2par-sep_e35_r058,TCRlong(0.40)+rw+A2_Rs20,1.0,,
1b,D8-K2par-sep,0.35,58,D8-K2par-sep_e35_r058,TCRlong(0.40)+rw+A2_Ru10,1.0,,
1b,D1-K2cross,0.25,59,D1-K2cross_e25_r059,ESF12alone,0.908256880733945,0.2733333333333333,0.09411782503593713
1b,D1-K2cross,0.25,59,D1-K2cross_e25_r059,ESF12,0.908256880733945,,
1b,D1-K2cross,0.25,59,D1-K2cross_e25_r059,Alg2_Rs20,0.908256880733945,,
1b,D1-K2cross,0.25,59,D1-K2cross_e25_r059,Alg2_Ru10,0.908256880733945,,
1b,D1-K2cross,0.25,59,D1-K2cross_e25_r059,TCRlong(0.40)+rw+A2_Rs20,0.908256880733945,,
1b,D1-K2cross,0.25,59,D1-K2cross_e25_r059,TCRlong(0.40)+rw+A2_Ru10,0.908256880733945,,
1b,D1-K2cross,0.3,59,D1-K2cross_e30_r059,ESF12alone,0.9086538461538461,0.30666666666666664,0.08424626896157861
1b,D1-K2cross,0.3,59,D1-K2cross_e30_r059,ESF12,0.9086538461538461,,
1b,D1-K2cross,0.3,59,D1-K2cross_e30_r059,Alg2_Rs20,0.9086538461538461,,
1b,D1-K2cross,0.3,59,D1-K2cross_e30_r059,Alg2_Ru10,0.9086538461538461,,
1b,D1-K2cross,0.3,59,D1-K2cross_e30_r059,TCRlong(0.40)+rw+A2_Rs20,0.9086538461538461,,
1b,D1-K2cross,0.3,59,D1-K2cross_e30_r059,TCRlong(0.40)+rw+A2_Ru10,0.9086538461538461,,
1b,D1-K2cross,0.35,59,D1-K2cross_e35_r059,ESF12alone,0.9247311827956989,0.38,0.08505937398876995
1b,D1-K2cross,0.35,59,D1-K2cross_e35_r059,ESF12,0.9247311827956989,,
1b,D1-K2cross,0.35,59,D1-K2cross_e35_r059,Alg2_Rs20,0.9247311827956989,,
1b,D1-K2cross,0.35,59,D1-K2cross_e35_r059,Alg2_Ru10,0.9247311827956989,,
1b,D1-K2cross,0.35,59,D1-K2cross_e35_r059,TCRlong(0.40)+rw+A2_Rs20,0.9247311827956989,,
1b,D1-K2cross,0.35,59,D1-K2cross_e35_r059,TCRlong(0.40)+rw+A2_Ru10,0.9247311827956989,,
1b,D2-K3par,0.25,59,D2-K3par_e25_r059,ESF12alone,0.6633663366336634,0.17333333333333334,0.4349283709889278
1b,D2-K3par,0.25,59,D2-K3par_e25_r059,ESF12,0.6633663366336634,,
1b,D2-K3par,0.25,59,D2-K3par_e25_r059,Alg2_Rs20,0.8712871287128713,,
1b,D2-K3par,0.25,59,D2-K3par_e25_r059,Alg2_Ru10,0.8712871287128713,,
1b,D2-K3par,0.25,59,D2-K3par_e25_r059,TCRlong(0.40)+rw+A2_Rs20,0.7029702970297029,,
1b,D2-K3par,0.25,59,D2-K3par_e25_r059,TCRlong(0.40)+rw+A2_Ru10,0.7029702970297029,,
1b,D2-K3par,0.3,59,D2-K3par_e30_r059,ESF12alone,0.9342105263157895,0.24,0.31588027195539325
1b,D2-K3par,0.3,59,D2-K3par_e30_r059,ESF12,0.9342105263157895,,
1b,D2-K3par,0.3,59,D2-K3par_e30_r059,Alg2_Rs20,0.9078947368421053,,
1b,D2-K3par,0.3,59,D2-K3par_e30_r059,Alg2_Ru10,0.9078947368421053,,
1b,D2-K3par,0.3,59,D2-K3par_e30_r059,TCRlong(0.40)+rw+A2_Rs20,0.9078947368421053,,
1b,D2-K3par,0.3,59,D2-K3par_e30_r059,TCRlong(0.40)+rw+A2_Ru10,0.9078947368421053,,
1b,D2-K3par,0.35,59,D2-K3par_e35_r059,ESF12alone,0.3439153439153439,0.0,0.3713591470150277
1b,D2-K3par,0.35,59,D2-K3par_e35_r059,ESF12,0.3439153439153439,,
1b,D2-K3par,0.35,59,D2-K3par_e35_r059,Alg2_Rs20,0.671957671957672,,
1b,D2-K3par,0.35,59,D2-K3par_e35_r059,Alg2_Ru10,0.671957671957672,,
1b,D2-K3par,0.35,59,D2-K3par_e35_r059,TCRlong(0.40)+rw+A2_Rs20,0.6666666666666666,,
1b,D2-K3par,0.35,59,D2-K3par_e35_r059,TCRlong(0.40)+rw+A2_Ru10,0.6666666666666666,,
1b,D3-unequal,0.25,59,D3-unequal_e25_r059,ESF12alone,0.9137931034482759,0.22666666666666666,0.09015338204335421
1b,D3-unequal,0.25,59,D3-unequal_e25_r059,ESF12,0.9137931034482759,,
1b,D3-unequal,0.25,59,D3-unequal_e25_r059,Alg2_Rs20,0.9094827586206896,,
1b,D3-unequal,0.25,59,D3-unequal_e25_r059,Alg2_Ru10,0.9094827586206896,,
1b,D3-unequal,0.25,59,D3-unequal_e25_r059,TCRlong(0.40)+rw+A2_Rs20,0.9137931034482759,,
1b,D3-unequal,0.25,59,D3-unequal_e25_r059,TCRlong(0.40)+rw+A2_Ru10,0.9137931034482759,,
1b,D3-unequal,0.3,59,D3-unequal_e30_r059,ESF12alone,0.8962264150943396,0.29333333333333333,0.08968787593767047
1b,D3-unequal,0.3,59,D3-unequal_e30_r059,ESF12,0.8962264150943396,,
1b,D3-unequal,0.3,59,D3-unequal_e30_r059,Alg2_Rs20,0.8962264150943396,,
1b,D3-unequal,0.3,59,D3-unequal_e30_r059,Alg2_Ru10,0.8962264150943396,,
1b,D3-unequal,0.3,59,D3-unequal_e30_r059,TCRlong(0.40)+rw+A2_Rs20,0.8962264150943396,,
1b,D3-unequal,0.3,59,D3-unequal_e30_r059,TCRlong(0.40)+rw+A2_Ru10,0.8962264150943396,,
1b,D3-unequal,0.35,59,D3-unequal_e35_r059,ESF12alone,0.9282051282051282,0.35,0.08460859791375697
1b,D3-unequal,0.35,59,D3-unequal_e35_r059,ESF12,0.9282051282051282,,
1b,D3-unequal,0.35,59,D3-unequal_e35_r059,Alg2_Rs20,0.9282051282051282,,
1b,D3-unequal,0.35,59,D3-unequal_e35_r059,Alg2_Ru10,0.9282051282051282,,
1b,D3-unequal,0.35,59,D3-unequal_e35_r059,TCRlong(0.40)+rw+A2_Rs20,0.9282051282051282,,
1b,D3-unequal,0.35,59,D3-unequal_e35_r059,TCRlong(0.40)+rw+A2_Ru10,0.9282051282051282,,
1b,D4-hetero,0.25,59,D4-hetero_e25_r059,ESF12alone,0.9260869565217391,0.23666666666666666,0.08426150307059288
1b,D4-hetero,0.25,59,D4-hetero_e25_r059,ESF12,0.9260869565217391,,
1b,D4-hetero,0.25,59,D4-hetero_e25_r059,Alg2_Rs20,0.9260869565217391,,
1b,D4-hetero,0.25,59,D4-hetero_e25_r059,Alg2_Ru10,0.9260869565217391,,
1b,D4-hetero,0.25,59,D4-hetero_e25_r059,TCRlong(0.40)+rw+A2_Rs20,0.9260869565217391,,
1b,D4-hetero,0.25,59,D4-hetero_e25_r059,TCRlong(0.40)+rw+A2_Ru10,0.9260869565217391,,
1b,D4-hetero,0.3,59,D4-hetero_e30_r059,ESF12alone,0.91005291005291,0.37,0.0831098419148475
1b,D4-hetero,0.3,59,D4-hetero_e30_r059,ESF12,0.91005291005291,,
1b,D4-hetero,0.3,59,D4-hetero_e30_r059,Alg2_Rs20,0.91005291005291,,
1b,D4-hetero,0.3,59,D4-hetero_e30_r059,Alg2_Ru10,0.91005291005291,,
1b,D4-hetero,0.3,59,D4-hetero_e30_r059,TCRlong(0.40)+rw+A2_Rs20,0.91005291005291,,
1b,D4-hetero,0.3,59,D4-hetero_e30_r059,TCRlong(0.40)+rw+A2_Ru10,0.91005291005291,,
1b,D4-hetero,0.35,59,D4-hetero_e35_r059,ESF12alone,0.925531914893617,0.36666666666666664,0.08435125707183033
1b,D4-hetero,0.35,59,D4-hetero_e35_r059,ESF12,0.925531914893617,,
1b,D4-hetero,0.35,59,D4-hetero_e35_r059,Alg2_Rs20,0.574468085106383,,
1b,D4-hetero,0.35,59,D4-hetero_e35_r059,Alg2_Ru10,0.574468085106383,,
1b,D4-hetero,0.35,59,D4-hetero_e35_r059,TCRlong(0.40)+rw+A2_Rs20,0.9361702127659575,,
1b,D4-hetero,0.35,59,D4-hetero_e35_r059,TCRlong(0.40)+rw+A2_Ru10,0.9361702127659575,,
1b,D5-leverage,0.25,59,D5-leverage_e25_r059,ESF12alone,0.9353448275862069,0.23,0.07773707597516477
1b,D5-leverage,0.25,59,D5-leverage_e25_r059,ESF12,0.9353448275862069,,
1b,D5-leverage,0.25,59,D5-leverage_e25_r059,Alg2_Rs20,0.8879310344827587,,
1b,D5-leverage,0.25,59,D5-leverage_e25_r059,Alg2_Ru10,0.8879310344827587,,
1b,D5-leverage,0.25,59,D5-leverage_e25_r059,TCRlong(0.40)+rw+A2_Rs20,0.9353448275862069,,
1b,D5-leverage,0.25,59,D5-leverage_e25_r059,TCRlong(0.40)+rw+A2_Ru10,0.9353448275862069,,
1b,D5-leverage,0.3,59,D5-leverage_e30_r059,ESF12alone,0.5069124423963134,0.06666666666666667,0.0799057740950957
1b,D5-leverage,0.3,59,D5-leverage_e30_r059,ESF12,0.5069124423963134,,
1b,D5-leverage,0.3,59,D5-leverage_e30_r059,Alg2_Rs20,0.5069124423963134,,
1b,D5-leverage,0.3,59,D5-leverage_e30_r059,Alg2_Ru10,0.5069124423963134,,
1b,D5-leverage,0.3,59,D5-leverage_e30_r059,TCRlong(0.40)+rw+A2_Rs20,0.5069124423963134,,
1b,D5-leverage,0.3,59,D5-leverage_e30_r059,TCRlong(0.40)+rw+A2_Ru10,0.5069124423963134,,
1b,D5-leverage,0.35,59,D5-leverage_e35_r059,ESF12alone,0.5154639175257731,0.01,0.08110051101539284
1b,D5-leverage,0.35,59,D5-leverage_e35_r059,ESF12,0.5154639175257731,,
1b,D5-leverage,0.35,59,D5-leverage_e35_r059,Alg2_Rs20,0.5154639175257731,,
1b,D5-leverage,0.35,59,D5-leverage_e35_r059,Alg2_Ru10,0.5154639175257731,,
1b,D5-leverage,0.35,59,D5-leverage_e35_r059,TCRlong(0.40)+rw+A2_Rs20,0.5154639175257731,,
1b,D5-leverage,0.35,59,D5-leverage_e35_r059,TCRlong(0.40)+rw+A2_Ru10,0.5154639175257731,,
1b,D6-uniform,0.25,59,D6-uniform_e25_r059,ESF12alone,0.9324894514767933,0.16666666666666666,0.0831738009583205
1b,D6-uniform,0.25,59,D6-uniform_e25_r059,ESF12,0.9324894514767933,,
1b,D6-uniform,0.25,59,D6-uniform_e25_r059,Alg2_Rs20,0.9282700421940928,,
1b,D6-uniform,0.25,59,D6-uniform_e25_r059,Alg2_Ru10,0.9282700421940928,,
1b,D6-uniform,0.25,59,D6-uniform_e25_r059,TCRlong(0.40)+rw+A2_Rs20,0.919831223628692,,
1b,D6-uniform,0.25,59,D6-uniform_e25_r059,TCRlong(0.40)+rw+A2_Ru10,0.919831223628692,,
1b,D6-uniform,0.3,59,D6-uniform_e30_r059,ESF12alone,0.5116279069767442,0.02,0.09857061097864062
1b,D6-uniform,0.3,59,D6-uniform_e30_r059,ESF12,0.5116279069767442,,
1b,D6-uniform,0.3,59,D6-uniform_e30_r059,Alg2_Rs20,0.8790697674418605,,
1b,D6-uniform,0.3,59,D6-uniform_e30_r059,Alg2_Ru10,0.8790697674418605,,
1b,D6-uniform,0.3,59,D6-uniform_e30_r059,TCRlong(0.40)+rw+A2_Rs20,0.8790697674418605,,
1b,D6-uniform,0.3,59,D6-uniform_e30_r059,TCRlong(0.40)+rw+A2_Ru10,0.8790697674418605,,
1b,D6-uniform,0.35,59,D6-uniform_e35_r059,ESF12alone,0.5051020408163265,0.0,0.0798735519638285
1b,D6-uniform,0.35,59,D6-uniform_e35_r059,ESF12,0.5051020408163265,,
1b,D6-uniform,0.35,59,D6-uniform_e35_r059,Alg2_Rs20,0.5051020408163265,,
1b,D6-uniform,0.35,59,D6-uniform_e35_r059,Alg2_Ru10,0.5051020408163265,,
1b,D6-uniform,0.35,59,D6-uniform_e35_r059,TCRlong(0.40)+rw+A2_Rs20,0.5561224489795918,,
1b,D6-uniform,0.35,59,D6-uniform_e35_r059,TCRlong(0.40)+rw+A2_Ru10,0.5561224489795918,,
1b,D7-p3,0.25,59,D7-p3_e25_r059,ESF12alone,0.9288888888888889,0.25666666666666665,1.8146191149717197
1b,D7-p3,0.25,59,D7-p3_e25_r059,ESF12,0.9288888888888889,,
1b,D7-p3,0.25,59,D7-p3_e25_r059,Alg2_Rs20,0.9288888888888889,,
1b,D7-p3,0.25,59,D7-p3_e25_r059,Alg2_Ru10,0.9288888888888889,,
1b,D7-p3,0.25,59,D7-p3_e25_r059,TCRlong(0.40)+rw+A2_Rs20,0.9288888888888889,,
1b,D7-p3,0.25,59,D7-p3_e25_r059,TCRlong(0.40)+rw+A2_Ru10,0.9288888888888889,,
1b,D7-p3,0.3,59,D7-p3_e30_r059,ESF12alone,0.8802083333333334,0.36333333333333334,1.3779008379206061
1b,D7-p3,0.3,59,D7-p3_e30_r059,ESF12,0.8802083333333334,,
1b,D7-p3,0.3,59,D7-p3_e30_r059,Alg2_Rs20,0.8802083333333334,,
1b,D7-p3,0.3,59,D7-p3_e30_r059,Alg2_Ru10,0.8802083333333334,,
1b,D7-p3,0.3,59,D7-p3_e30_r059,TCRlong(0.40)+rw+A2_Rs20,0.8802083333333334,,
1b,D7-p3,0.3,59,D7-p3_e30_r059,TCRlong(0.40)+rw+A2_Ru10,0.8802083333333334,,
1b,D7-p3,0.35,59,D7-p3_e35_r059,ESF12alone,0.8714285714285714,0.30333333333333334,1.029710581060499
1b,D7-p3,0.35,59,D7-p3_e35_r059,ESF12,0.8714285714285714,,
1b,D7-p3,0.35,59,D7-p3_e35_r059,Alg2_Rs20,0.8714285714285714,,
1b,D7-p3,0.35,59,D7-p3_e35_r059,Alg2_Ru10,0.8714285714285714,,
1b,D7-p3,0.35,59,D7-p3_e35_r059,TCRlong(0.40)+rw+A2_Rs20,0.8714285714285714,,
1b,D7-p3,0.35,59,D7-p3_e35_r059,TCRlong(0.40)+rw+A2_Ru10,0.8714285714285714,,
1b,D8-K2par-sep,0.25,59,D8-K2par-sep_e25_r059,ESF12alone,0.9954128440366973,0.2733333333333333,0.07874524593353271
1b,D8-K2par-sep,0.25,59,D8-K2par-sep_e25_r059,ESF12,0.9954128440366973,,
1b,D8-K2par-sep,0.25,59,D8-K2par-sep_e25_r059,Alg2_Rs20,0.9954128440366973,,
1b,D8-K2par-sep,0.25,59,D8-K2par-sep_e25_r059,Alg2_Ru10,0.9954128440366973,,
1b,D8-K2par-sep,0.25,59,D8-K2par-sep_e25_r059,TCRlong(0.40)+rw+A2_Rs20,0.9954128440366973,,
1b,D8-K2par-sep,0.25,59,D8-K2par-sep_e25_r059,TCRlong(0.40)+rw+A2_Ru10,0.9954128440366973,,
1b,D8-K2par-sep,0.3,59,D8-K2par-sep_e30_r059,ESF12alone,1.0,0.36,0.0900472499197349
1b,D8-K2par-sep,0.3,59,D8-K2par-sep_e30_r059,ESF12,1.0,,
1b,D8-K2par-sep,0.3,59,D8-K2par-sep_e30_r059,Alg2_Rs20,1.0,,
1b,D8-K2par-sep,0.3,59,D8-K2par-sep_e30_r059,Alg2_Ru10,1.0,,
1b,D8-K2par-sep,0.3,59,D8-K2par-sep_e30_r059,TCRlong(0.40)+rw+A2_Rs20,1.0,,
1b,D8-K2par-sep,0.3,59,D8-K2par-sep_e30_r059,TCRlong(0.40)+rw+A2_Ru10,1.0,,
1b,D8-K2par-sep,0.35,59,D8-K2par-sep_e35_r059,ESF12alone,0.5026737967914439,0.19,0.08858217694796622
1b,D8-K2par-sep,0.35,59,D8-K2par-sep_e35_r059,ESF12,0.5026737967914439,,
1b,D8-K2par-sep,0.35,59,D8-K2par-sep_e35_r059,Alg2_Rs20,0.9893048128342246,,
1b,D8-K2par-sep,0.35,59,D8-K2par-sep_e35_r059,Alg2_Ru10,0.9893048128342246,,
1b,D8-K2par-sep,0.35,59,D8-K2par-sep_e35_r059,TCRlong(0.40)+rw+A2_Rs20,0.9893048128342246,,
1b,D8-K2par-sep,0.35,59,D8-K2par-sep_e35_r059,TCRlong(0.40)+rw+A2_Ru10,0.9893048128342246,,
1b,D1-K2cross,0.25,60,D1-K2cross_e25_r060,ESF12alone,0.8475336322869955,0.25666666666666665,0.07909450796432793
1b,D1-K2cross,0.25,60,D1-K2cross_e25_r060,ESF12,0.8475336322869955,,
1b,D1-K2cross,0.25,60,D1-K2cross_e25_r060,Alg2_Rs20,0.8475336322869955,,
1b,D1-K2cross,0.25,60,D1-K2cross_e25_r060,Alg2_Ru10,0.8475336322869955,,
1b,D1-K2cross,0.25,60,D1-K2cross_e25_r060,TCRlong(0.40)+rw+A2_Rs20,0.8475336322869955,,
1b,D1-K2cross,0.25,60,D1-K2cross_e25_r060,TCRlong(0.40)+rw+A2_Ru10,0.8475336322869955,,
1b,D1-K2cross,0.3,60,D1-K2cross_e30_r060,ESF12alone,0.9346733668341709,0.33666666666666667,0.08004727202933282
1b,D1-K2cross,0.3,60,D1-K2cross_e30_r060,ESF12,0.9346733668341709,,
1b,D1-K2cross,0.3,60,D1-K2cross_e30_r060,Alg2_Rs20,0.9296482412060302,,
1b,D1-K2cross,0.3,60,D1-K2cross_e30_r060,Alg2_Ru10,0.9296482412060302,,
1b,D1-K2cross,0.3,60,D1-K2cross_e30_r060,TCRlong(0.40)+rw+A2_Rs20,0.9346733668341709,,
1b,D1-K2cross,0.3,60,D1-K2cross_e30_r060,TCRlong(0.40)+rw+A2_Ru10,0.9346733668341709,,
1b,D1-K2cross,0.35,60,D1-K2cross_e35_r060,ESF12alone,0.918918918918919,0.38333333333333336,0.07242621795739979
1b,D1-K2cross,0.35,60,D1-K2cross_e35_r060,ESF12,0.918918918918919,,
1b,D1-K2cross,0.35,60,D1-K2cross_e35_r060,Alg2_Rs20,0.918918918918919,,
1b,D1-K2cross,0.35,60,D1-K2cross_e35_r060,Alg2_Ru10,0.918918918918919,,
1b,D1-K2cross,0.35,60,D1-K2cross_e35_r060,TCRlong(0.40)+rw+A2_Rs20,0.918918918918919,,
1b,D1-K2cross,0.35,60,D1-K2cross_e35_r060,TCRlong(0.40)+rw+A2_Ru10,0.918918918918919,,
1b,D2-K3par,0.25,60,D2-K3par_e25_r060,ESF12alone,0.8679245283018868,0.29333333333333333,0.30189348408021033
1b,D2-K3par,0.25,60,D2-K3par_e25_r060,ESF12,0.8679245283018868,,
1b,D2-K3par,0.25,60,D2-K3par_e25_r060,Alg2_Rs20,0.8679245283018868,,
1b,D2-K3par,0.25,60,D2-K3par_e25_r060,Alg2_Ru10,0.8679245283018868,,
1b,D2-K3par,0.25,60,D2-K3par_e25_r060,TCRlong(0.40)+rw+A2_Rs20,0.8679245283018868,,
1b,D2-K3par,0.25,60,D2-K3par_e25_r060,TCRlong(0.40)+rw+A2_Ru10,0.8679245283018868,,
1b,D2-K3par,0.3,60,D2-K3par_e30_r060,ESF12alone,0.892018779342723,0.29,0.32462295598816127
1b,D2-K3par,0.3,60,D2-K3par_e30_r060,ESF12,0.892018779342723,,
1b,D2-K3par,0.3,60,D2-K3par_e30_r060,Alg2_Rs20,0.6995305164319249,,
1b,D2-K3par,0.3,60,D2-K3par_e30_r060,Alg2_Ru10,0.6995305164319249,,
1b,D2-K3par,0.3,60,D2-K3par_e30_r060,TCRlong(0.40)+rw+A2_Rs20,0.8873239436619719,,
1b,D2-K3par,0.3,60,D2-K3par_e30_r060,TCRlong(0.40)+rw+A2_Ru10,0.8873239436619719,,
1b,D2-K3par,0.35,60,D2-K3par_e35_r060,ESF12alone,0.3526315789473684,0.0033333333333333335,0.4053385789738968
1b,D2-K3par,0.35,60,D2-K3par_e35_r060,ESF12,0.3526315789473684,,
1b,D2-K3par,0.35,60,D2-K3par_e35_r060,Alg2_Rs20,0.3526315789473684,,
1b,D2-K3par,0.35,60,D2-K3par_e35_r060,Alg2_Ru10,0.3526315789473684,,
1b,D2-K3par,0.35,60,D2-K3par_e35_r060,TCRlong(0.40)+rw+A2_Rs20,0.6526315789473685,,
1b,D2-K3par,0.35,60,D2-K3par_e35_r060,TCRlong(0.40)+rw+A2_Ru10,0.6526315789473685,,
1b,D3-unequal,0.25,60,D3-unequal_e25_r060,ESF12alone,0.8938053097345132,0.24666666666666667,0.07259459001943469
1b,D3-unequal,0.25,60,D3-unequal_e25_r060,ESF12,0.8938053097345132,,
1b,D3-unequal,0.25,60,D3-unequal_e25_r060,Alg2_Rs20,0.8938053097345132,,
1b,D3-unequal,0.25,60,D3-unequal_e25_r060,Alg2_Ru10,0.8938053097345132,,
1b,D3-unequal,0.25,60,D3-unequal_e25_r060,TCRlong(0.40)+rw+A2_Rs20,0.8938053097345132,,
1b,D3-unequal,0.25,60,D3-unequal_e25_r060,TCRlong(0.40)+rw+A2_Ru10,0.8938053097345132,,
1b,D3-unequal,0.3,60,D3-unequal_e30_r060,ESF12alone,0.9014084507042254,0.29,0.07719584705773741
1b,D3-unequal,0.3,60,D3-unequal_e30_r060,ESF12,0.9014084507042254,,
1b,D3-unequal,0.3,60,D3-unequal_e30_r060,Alg2_Rs20,0.9014084507042254,,
1b,D3-unequal,0.3,60,D3-unequal_e30_r060,Alg2_Ru10,0.9014084507042254,,
1b,D3-unequal,0.3,60,D3-unequal_e30_r060,TCRlong(0.40)+rw+A2_Rs20,0.9014084507042254,,
1b,D3-unequal,0.3,60,D3-unequal_e30_r060,TCRlong(0.40)+rw+A2_Ru10,0.9014084507042254,,
1b,D3-unequal,0.35,60,D3-unequal_e35_r060,ESF12alone,0.6777777777777778,0.21,0.08294993592426181
1b,D3-unequal,0.35,60,D3-unequal_e35_r060,ESF12,0.6777777777777778,,
1b,D3-unequal,0.35,60,D3-unequal_e35_r060,Alg2_Rs20,0.6777777777777778,,
1b,D3-unequal,0.35,60,D3-unequal_e35_r060,Alg2_Ru10,0.6777777777777778,,
1b,D3-unequal,0.35,60,D3-unequal_e35_r060,TCRlong(0.40)+rw+A2_Rs20,0.6888888888888889,,
1b,D3-unequal,0.35,60,D3-unequal_e35_r060,TCRlong(0.40)+rw+A2_Ru10,0.6888888888888889,,
1b,D4-hetero,0.25,60,D4-hetero_e25_r060,ESF12alone,0.8898678414096917,0.24666666666666667,0.07401402899995446
1b,D4-hetero,0.25,60,D4-hetero_e25_r060,ESF12,0.8898678414096917,,
1b,D4-hetero,0.25,60,D4-hetero_e25_r060,Alg2_Rs20,0.8942731277533039,,
1b,D4-hetero,0.25,60,D4-hetero_e25_r060,Alg2_Ru10,0.8942731277533039,,
1b,D4-hetero,0.25,60,D4-hetero_e25_r060,TCRlong(0.40)+rw+A2_Rs20,0.8898678414096917,,
1b,D4-hetero,0.25,60,D4-hetero_e25_r060,TCRlong(0.40)+rw+A2_Ru10,0.8898678414096917,,
1b,D4-hetero,0.3,60,D4-hetero_e30_r060,ESF12alone,0.9308755760368663,0.2866666666666667,0.07440392801072448
1b,D4-hetero,0.3,60,D4-hetero_e30_r060,ESF12,0.9308755760368663,,
1b,D4-hetero,0.3,60,D4-hetero_e30_r060,Alg2_Rs20,0.9308755760368663,,
1b,D4-hetero,0.3,60,D4-hetero_e30_r060,Alg2_Ru10,0.9308755760368663,,
1b,D4-hetero,0.3,60,D4-hetero_e30_r060,TCRlong(0.40)+rw+A2_Rs20,0.9308755760368663,,
1b,D4-hetero,0.3,60,D4-hetero_e30_r060,TCRlong(0.40)+rw+A2_Ru10,0.9308755760368663,,
1b,D4-hetero,0.35,60,D4-hetero_e35_r060,ESF12alone,0.905,0.33666666666666667,0.074244164978154
1b,D4-hetero,0.35,60,D4-hetero_e35_r060,ESF12,0.905,,
1b,D4-hetero,0.35,60,D4-hetero_e35_r060,Alg2_Rs20,0.905,,
1b,D4-hetero,0.35,60,D4-hetero_e35_r060,Alg2_Ru10,0.905,,
1b,D4-hetero,0.35,60,D4-hetero_e35_r060,TCRlong(0.40)+rw+A2_Rs20,0.905,,
1b,D4-hetero,0.35,60,D4-hetero_e35_r060,TCRlong(0.40)+rw+A2_Ru10,0.905,,
1b,D5-leverage,0.25,60,D5-leverage_e25_r060,ESF12alone,0.5347826086956522,0.09666666666666666,0.07207347301300615
1b,D5-leverage,0.25,60,D5-leverage_e25_r060,ESF12,0.5347826086956522,,
1b,D5-leverage,0.25,60,D5-leverage_e25_r060,Alg2_Rs20,0.5347826086956522,,
1b,D5-leverage,0.25,60,D5-leverage_e25_r060,Alg2_Ru10,0.5347826086956522,,
1b,D5-leverage,0.25,60,D5-leverage_e25_r060,TCRlong(0.40)+rw+A2_Rs20,0.9130434782608695,,
1b,D5-leverage,0.25,60,D5-leverage_e25_r060,TCRlong(0.40)+rw+A2_Ru10,0.9130434782608695,,
1b,D5-leverage,0.3,60,D5-leverage_e30_r060,ESF12alone,0.518348623853211,0.08666666666666667,0.07276796398218721
1b,D5-leverage,0.3,60,D5-leverage_e30_r060,ESF12,0.518348623853211,,
1b,D5-leverage,0.3,60,D5-leverage_e30_r060,Alg2_Rs20,0.518348623853211,,
1b,D5-leverage,0.3,60,D5-leverage_e30_r060,Alg2_Ru10,0.518348623853211,,
1b,D5-leverage,0.3,60,D5-leverage_e30_r060,TCRlong(0.40)+rw+A2_Rs20,0.5045871559633027,,
1b,D5-leverage,0.3,60,D5-leverage_e30_r060,TCRlong(0.40)+rw+A2_Ru10,0.5045871559633027,,
1b,D5-leverage,0.35,60,D5-leverage_e35_r060,ESF12alone,0.52,0.0,0.07445368799380958
1b,D5-leverage,0.35,60,D5-leverage_e35_r060,ESF12,0.52,,
1b,D5-leverage,0.35,60,D5-leverage_e35_r060,Alg2_Rs20,0.51,,
1b,D5-leverage,0.35,60,D5-leverage_e35_r060,Alg2_Ru10,0.51,,
1b,D5-leverage,0.35,60,D5-leverage_e35_r060,TCRlong(0.40)+rw+A2_Rs20,0.51,,
1b,D5-leverage,0.35,60,D5-leverage_e35_r060,TCRlong(0.40)+rw+A2_Ru10,0.51,,
1b,D6-uniform,0.25,60,D6-uniform_e25_r060,ESF12alone,0.8810572687224669,0.20333333333333334,0.07276222191285342
1b,D6-uniform,0.25,60,D6-uniform_e25_r060,ESF12,0.8810572687224669,,
1b,D6-uniform,0.25,60,D6-uniform_e25_r060,Alg2_Rs20,0.9074889867841409,,
1b,D6-uniform,0.25,60,D6-uniform_e25_r060,Alg2_Ru10,0.9074889867841409,,
1b,D6-uniform,0.25,60,D6-uniform_e25_r060,TCRlong(0.40)+rw+A2_Rs20,0.8810572687224669,,
1b,D6-uniform,0.25,60,D6-uniform_e25_r060,TCRlong(0.40)+rw+A2_Ru10,0.8810572687224669,,
1b,D6-uniform,0.3,60,D6-uniform_e30_r060,ESF12alone,0.51010101010101,0.0,0.07631944806780666
1b,D6-uniform,0.3,60,D6-uniform_e30_r060,ESF12,0.51010101010101,,
1b,D6-uniform,0.3,60,D6-uniform_e30_r060,Alg2_Rs20,0.51010101010101,,
1b,D6-uniform,0.3,60,D6-uniform_e30_r060,Alg2_Ru10,0.51010101010101,,
1b,D6-uniform,0.3,60,D6-uniform_e30_r060,TCRlong(0.40)+rw+A2_Rs20,0.6313131313131313,,
1b,D6-uniform,0.3,60,D6-uniform_e30_r060,TCRlong(0.40)+rw+A2_Ru10,0.6313131313131313,,
1b,D6-uniform,0.35,60,D6-uniform_e35_r060,ESF12alone,0.5048543689320388,0.0,0.1024078979389742
1b,D6-uniform,0.35,60,D6-uniform_e35_r060,ESF12,0.5048543689320388,,
1b,D6-uniform,0.35,60,D6-uniform_e35_r060,Alg2_Rs20,0.5194174757281553,,
1b,D6-uniform,0.35,60,D6-uniform_e35_r060,Alg2_Ru10,0.5194174757281553,,
1b,D6-uniform,0.35,60,D6-uniform_e35_r060,TCRlong(0.40)+rw+A2_Rs20,0.9029126213592233,,
1b,D6-uniform,0.35,60,D6-uniform_e35_r060,TCRlong(0.40)+rw+A2_Ru10,0.5533980582524272,,
1b,D7-p3,0.25,60,D7-p3_e25_r060,ESF12alone,0.9118942731277533,0.24666666666666667,1.9477316460106522
1b,D7-p3,0.25,60,D7-p3_e25_r060,ESF12,0.9118942731277533,,
1b,D7-p3,0.25,60,D7-p3_e25_r060,Alg2_Rs20,0.9074889867841409,,
1b,D7-p3,0.25,60,D7-p3_e25_r060,Alg2_Ru10,0.9074889867841409,,
1b,D7-p3,0.25,60,D7-p3_e25_r060,TCRlong(0.40)+rw+A2_Rs20,0.9074889867841409,,
1b,D7-p3,0.25,60,D7-p3_e25_r060,TCRlong(0.40)+rw+A2_Ru10,0.9074889867841409,,
1b,D7-p3,0.3,60,D7-p3_e30_r060,ESF12alone,0.8981481481481481,0.28,1.832675979938358
1b,D7-p3,0.3,60,D7-p3_e30_r060,ESF12,0.8981481481481481,,
1b,D7-p3,0.3,60,D7-p3_e30_r060,Alg2_Rs20,0.8935185185185185,,
1b,D7-p3,0.3,60,D7-p3_e30_r060,Alg2_Ru10,0.8935185185185185,,
1b,D7-p3,0.3,60,D7-p3_e30_r060,TCRlong(0.40)+rw+A2_Rs20,0.8888888888888888,,
1b,D7-p3,0.3,60,D7-p3_e30_r060,TCRlong(0.40)+rw+A2_Ru10,0.8888888888888888,,
1b,D7-p3,0.35,60,D7-p3_e35_r060,ESF12alone,0.934010152284264,0.3433333333333333,1.1247859469149262
1b,D7-p3,0.35,60,D7-p3_e35_r060,ESF12,0.934010152284264,,
1b,D7-p3,0.35,60,D7-p3_e35_r060,Alg2_Rs20,0.934010152284264,,
1b,D7-p3,0.35,60,D7-p3_e35_r060,Alg2_Ru10,0.934010152284264,,
1b,D7-p3,0.35,60,D7-p3_e35_r060,TCRlong(0.40)+rw+A2_Rs20,0.934010152284264,,
1b,D7-p3,0.35,60,D7-p3_e35_r060,TCRlong(0.40)+rw+A2_Ru10,0.934010152284264,,
1b,D8-K2par-sep,0.25,60,D8-K2par-sep_e25_r060,ESF12alone,0.9953703703703703,0.28,0.04616053495556116
1b,D8-K2par-sep,0.25,60,D8-K2par-sep_e25_r060,ESF12,0.9953703703703703,,
1b,D8-K2par-sep,0.25,60,D8-K2par-sep_e25_r060,Alg2_Rs20,1.0,,
1b,D8-K2par-sep,0.25,60,D8-K2par-sep_e25_r060,Alg2_Ru10,1.0,,
1b,D8-K2par-sep,0.25,60,D8-K2par-sep_e25_r060,TCRlong(0.40)+rw+A2_Rs20,1.0,,
1b,D8-K2par-sep,0.25,60,D8-K2par-sep_e25_r060,TCRlong(0.40)+rw+A2_Ru10,1.0,,
1b,D8-K2par-sep,0.3,60,D8-K2par-sep_e30_r060,ESF12alone,0.9904761904761905,0.3,0.07617916190065444
1b,D8-K2par-sep,0.3,60,D8-K2par-sep_e30_r060,ESF12,0.9904761904761905,,
1b,D8-K2par-sep,0.3,60,D8-K2par-sep_e30_r060,Alg2_Rs20,0.9904761904761905,,
1b,D8-K2par-sep,0.3,60,D8-K2par-sep_e30_r060,Alg2_Ru10,0.9904761904761905,,
1b,D8-K2par-sep,0.3,60,D8-K2par-sep_e30_r060,TCRlong(0.40)+rw+A2_Rs20,0.9904761904761905,,
1b,D8-K2par-sep,0.3,60,D8-K2par-sep_e30_r060,TCRlong(0.40)+rw+A2_Ru10,0.9904761904761905,,
1b,D8-K2par-sep,0.35,60,D8-K2par-sep_e35_r060,ESF12alone,1.0,0.38,0.08147154899779707
1b,D8-K2par-sep,0.35,60,D8-K2par-sep_e35_r060,ESF12,1.0,,
1b,D8-K2par-sep,0.35,60,D8-K2par-sep_e35_r060,Alg2_Rs20,1.0,,
1b,D8-K2par-sep,0.35,60,D8-K2par-sep_e35_r060,Alg2_Ru10,1.0,,
1b,D8-K2par-sep,0.35,60,D8-K2par-sep_e35_r060,TCRlong(0.40)+rw+A2_Rs20,1.0,,
1b,D8-K2par-sep,0.35,60,D8-K2par-sep_e35_r060,TCRlong(0.40)+rw+A2_Ru10,1.0,,
1b,D1-K2cross,0.25,61,D1-K2cross_e25_r061,ESF12alone,0.9181818181818182,0.26666666666666666,0.08011972194071859
1b,D1-K2cross,0.25,61,D1-K2cross_e25_r061,ESF12,0.9181818181818182,,
1b,D1-K2cross,0.25,61,D1-K2cross_e25_r061,Alg2_Rs20,0.9181818181818182,,
1b,D1-K2cross,0.25,61,D1-K2cross_e25_r061,Alg2_Ru10,0.9181818181818182,,
1b,D1-K2cross,0.25,61,D1-K2cross_e25_r061,TCRlong(0.40)+rw+A2_Rs20,0.9181818181818182,,
1b,D1-K2cross,0.25,61,D1-K2cross_e25_r061,TCRlong(0.40)+rw+A2_Ru10,0.9181818181818182,,
1b,D1-K2cross,0.3,61,D1-K2cross_e30_r061,ESF12alone,0.912621359223301,0.31333333333333335,0.09729560208506882
1b,D1-K2cross,0.3,61,D1-K2cross_e30_r061,ESF12,0.912621359223301,,
1b,D1-K2cross,0.3,61,D1-K2cross_e30_r061,Alg2_Rs20,0.912621359223301,,
1b,D1-K2cross,0.3,61,D1-K2cross_e30_r061,Alg2_Ru10,0.912621359223301,,
1b,D1-K2cross,0.3,61,D1-K2cross_e30_r061,TCRlong(0.40)+rw+A2_Rs20,0.912621359223301,,
1b,D1-K2cross,0.3,61,D1-K2cross_e30_r061,TCRlong(0.40)+rw+A2_Ru10,0.912621359223301,,
1b,D1-K2cross,0.35,61,D1-K2cross_e35_r061,ESF12alone,0.9257425742574258,0.32666666666666666,0.08479804603848606
1b,D1-K2cross,0.35,61,D1-K2cross_e35_r061,ESF12,0.9257425742574258,,
1b,D1-K2cross,0.35,61,D1-K2cross_e35_r061,Alg2_Rs20,0.9257425742574258,,
1b,D1-K2cross,0.35,61,D1-K2cross_e35_r061,Alg2_Ru10,0.9257425742574258,,
1b,D1-K2cross,0.35,61,D1-K2cross_e35_r061,TCRlong(0.40)+rw+A2_Rs20,0.9257425742574258,,
1b,D1-K2cross,0.35,61,D1-K2cross_e35_r061,TCRlong(0.40)+rw+A2_Ru10,0.9257425742574258,,
1b,D2-K3par,0.25,61,D2-K3par_e25_r061,ESF12alone,0.8836206896551724,0.22666666666666666,0.3158681660424918
1b,D2-K3par,0.25,61,D2-K3par_e25_r061,ESF12,0.8836206896551724,,
1b,D2-K3par,0.25,61,D2-K3par_e25_r061,Alg2_Rs20,0.853448275862069,,
1b,D2-K3par,0.25,61,D2-K3par_e25_r061,Alg2_Ru10,0.853448275862069,,
1b,D2-K3par,0.25,61,D2-K3par_e25_r061,TCRlong(0.40)+rw+A2_Rs20,0.7112068965517241,,
1b,D2-K3par,0.25,61,D2-K3par_e25_r061,TCRlong(0.40)+rw+A2_Ru10,0.7112068965517241,,
1b,D2-K3par,0.3,61,D2-K3par_e30_r061,ESF12alone,0.919431279620853,0.2966666666666667,0.33394836098887026
1b,D2-K3par,0.3,61,D2-K3par_e30_r061,ESF12,0.919431279620853,,
1b,D2-K3par,0.3,61,D2-K3par_e30_r061,Alg2_Rs20,0.35545023696682465,,
1b,D2-K3par,0.3,61,D2-K3par_e30_r061,Alg2_Ru10,0.35545023696682465,,
1b,D2-K3par,0.3,61,D2-K3par_e30_r061,TCRlong(0.40)+rw+A2_Rs20,0.8672985781990521,,
1b,D2-K3par,0.3,61,D2-K3par_e30_r061,TCRlong(0.40)+rw+A2_Ru10,0.8672985781990521,,
1b,D2-K3par,0.35,61,D2-K3par_e35_r061,ESF12alone,0.6898395721925134,0.18333333333333332,0.35147230501752347
1b,D2-K3par,0.35,61,D2-K3par_e35_r061,ESF12,0.6898395721925134,,
1b,D2-K3par,0.35,61,D2-K3par_e35_r061,Alg2_Rs20,0.6898395721925134,,
1b,D2-K3par,0.35,61,D2-K3par_e35_r061,Alg2_Ru10,0.6898395721925134,,
1b,D2-K3par,0.35,61,D2-K3par_e35_r061,TCRlong(0.40)+rw+A2_Rs20,0.6898395721925134,,
1b,D2-K3par,0.35,61,D2-K3par_e35_r061,TCRlong(0.40)+rw+A2_Ru10,0.6898395721925134,,
1b,D3-unequal,0.25,61,D3-unequal_e25_r061,ESF12alone,0.8974358974358975,0.22333333333333333,0.09209209692198783
1b,D3-unequal,0.25,61,D3-unequal_e25_r061,ESF12,0.8974358974358975,,
1b,D3-unequal,0.25,61,D3-unequal_e25_r061,Alg2_Rs20,0.8974358974358975,,
1b,D3-unequal,0.25,61,D3-unequal_e25_r061,Alg2_Ru10,0.8974358974358975,,
1b,D3-unequal,0.25,61,D3-unequal_e25_r061,TCRlong(0.40)+rw+A2_Rs20,0.8760683760683761,,
1b,D3-unequal,0.25,61,D3-unequal_e25_r061,TCRlong(0.40)+rw+A2_Ru10,0.8760683760683761,,
1b,D3-unequal,0.3,61,D3-unequal_e30_r061,ESF12alone,0.9398148148148148,0.28,0.07967422192450613
1b,D3-unequal,0.3,61,D3-unequal_e30_r061,ESF12,0.9398148148148148,,
1b,D3-unequal,0.3,61,D3-unequal_e30_r061,Alg2_Rs20,0.9398148148148148,,
1b,D3-unequal,0.3,61,D3-unequal_e30_r061,Alg2_Ru10,0.9398148148148148,,
1b,D3-unequal,0.3,61,D3-unequal_e30_r061,TCRlong(0.40)+rw+A2_Rs20,0.9398148148148148,,
1b,D3-unequal,0.3,61,D3-unequal_e30_r061,TCRlong(0.40)+rw+A2_Ru10,0.9398148148148148,,
1b,D3-unequal,0.35,61,D3-unequal_e35_r061,ESF12alone,0.898989898989899,0.34,0.07725773297715932
1b,D3-unequal,0.35,61,D3-unequal_e35_r061,ESF12,0.898989898989899,,
1b,D3-unequal,0.35,61,D3-unequal_e35_r061,Alg2_Rs20,0.898989898989899,,
1b,D3-unequal,0.35,61,D3-unequal_e35_r061,Alg2_Ru10,0.898989898989899,,
1b,D3-unequal,0.35,61,D3-unequal_e35_r061,TCRlong(0.40)+rw+A2_Rs20,0.898989898989899,,
1b,D3-unequal,0.35,61,D3-unequal_e35_r061,TCRlong(0.40)+rw+A2_Ru10,0.898989898989899,,
1b,D4-hetero,0.25,61,D4-hetero_e25_r061,ESF12alone,0.9391304347826087,0.23333333333333334,0.08298449509311467
1b,D4-hetero,0.25,61,D4-hetero_e25_r061,ESF12,0.9391304347826087,,
1b,D4-hetero,0.25,61,D4-hetero_e25_r061,Alg2_Rs20,0.9434782608695652,,
1b,D4-hetero,0.25,61,D4-hetero_e25_r061,Alg2_Ru10,0.9434782608695652,,
1b,D4-hetero,0.25,61,D4-hetero_e25_r061,TCRlong(0.40)+rw+A2_Rs20,0.9434782608695652,,
1b,D4-hetero,0.25,61,D4-hetero_e25_r061,TCRlong(0.40)+rw+A2_Ru10,0.9434782608695652,,
1b,D4-hetero,0.3,61,D4-hetero_e30_r061,ESF12alone,0.9033816425120773,0.3233333333333333,0.07635430397931486
1b,D4-hetero,0.3,61,D4-hetero_e30_r061,ESF12,0.9033816425120773,,
1b,D4-hetero,0.3,61,D4-hetero_e30_r061,Alg2_Rs20,0.9082125603864735,,
1b,D4-hetero,0.3,61,D4-hetero_e30_r061,Alg2_Ru10,0.9082125603864735,,
1b,D4-hetero,0.3,61,D4-hetero_e30_r061,TCRlong(0.40)+rw+A2_Rs20,0.9082125603864735,,
1b,D4-hetero,0.3,61,D4-hetero_e30_r061,TCRlong(0.40)+rw+A2_Ru10,0.9082125603864735,,
1b,D4-hetero,0.35,61,D4-hetero_e35_r061,ESF12alone,0.9323671497584541,0.31333333333333335,0.07991996000055224
1b,D4-hetero,0.35,61,D4-hetero_e35_r061,ESF12,0.9323671497584541,,
1b,D4-hetero,0.35,61,D4-hetero_e35_r061,Alg2_Rs20,0.9323671497584541,,
1b,D4-hetero,0.35,61,D4-hetero_e35_r061,Alg2_Ru10,0.9323671497584541,,
1b,D4-hetero,0.35,61,D4-hetero_e35_r061,TCRlong(0.40)+rw+A2_Rs20,0.9323671497584541,,
1b,D4-hetero,0.35,61,D4-hetero_e35_r061,TCRlong(0.40)+rw+A2_Ru10,0.9323671497584541,,
1b,D5-leverage,0.25,61,D5-leverage_e25_r061,ESF12alone,0.5181818181818182,0.13,0.0775870829820633
1b,D5-leverage,0.25,61,D5-leverage_e25_r061,ESF12,0.5181818181818182,,
1b,D5-leverage,0.25,61,D5-leverage_e25_r061,Alg2_Rs20,0.5181818181818182,,
1b,D5-leverage,0.25,61,D5-leverage_e25_r061,Alg2_Ru10,0.5181818181818182,,
1b,D5-leverage,0.25,61,D5-leverage_e25_r061,TCRlong(0.40)+rw+A2_Rs20,0.5136363636363637,,
1b,D5-leverage,0.25,61,D5-leverage_e25_r061,TCRlong(0.40)+rw+A2_Ru10,0.5136363636363637,,
1b,D5-leverage,0.3,61,D5-leverage_e30_r061,ESF12alone,0.5023255813953489,0.01,0.06716425693593919
1b,D5-leverage,0.3,61,D5-leverage_e30_r061,ESF12,0.5023255813953489,,
1b,D5-leverage,0.3,61,D5-leverage_e30_r061,Alg2_Rs20,0.5023255813953489,,
1b,D5-leverage,0.3,61,D5-leverage_e30_r061,Alg2_Ru10,0.5023255813953489,,
1b,D5-leverage,0.3,61,D5-leverage_e30_r061,TCRlong(0.40)+rw+A2_Rs20,0.5023255813953489,,
1b,D5-leverage,0.3,61,D5-leverage_e30_r061,TCRlong(0.40)+rw+A2_Ru10,0.5023255813953489,,
1b,D5-leverage,0.35,61,D5-leverage_e35_r061,ESF12alone,0.5544041450777202,0.0,0.07112343702465296
1b,D5-leverage,0.35,61,D5-leverage_e35_r061,ESF12,0.5544041450777202,,
1b,D5-leverage,0.35,61,D5-leverage_e35_r061,Alg2_Rs20,0.5492227979274611,,
1b,D5-leverage,0.35,61,D5-leverage_e35_r061,Alg2_Ru10,0.5492227979274611,,
1b,D5-leverage,0.35,61,D5-leverage_e35_r061,TCRlong(0.40)+rw+A2_Rs20,0.5492227979274611,,
1b,D5-leverage,0.35,61,D5-leverage_e35_r061,TCRlong(0.40)+rw+A2_Ru10,0.5492227979274611,,
1b,D6-uniform,0.25,61,D6-uniform_e25_r061,ESF12alone,0.8909090909090909,0.21,0.07125127199105918
1b,D6-uniform,0.25,61,D6-uniform_e25_r061,ESF12,0.8909090909090909,,
1b,D6-uniform,0.25,61,D6-uniform_e25_r061,Alg2_Rs20,0.9090909090909091,,
1b,D6-uniform,0.25,61,D6-uniform_e25_r061,Alg2_Ru10,0.9090909090909091,,
1b,D6-uniform,0.25,61,D6-uniform_e25_r061,TCRlong(0.40)+rw+A2_Rs20,0.8954545454545455,,
1b,D6-uniform,0.25,61,D6-uniform_e25_r061,TCRlong(0.40)+rw+A2_Ru10,0.5045454545454545,,
1b,D6-uniform,0.3,61,D6-uniform_e30_r061,ESF12alone,0.5047619047619047,0.0,0.07652033097110689
1b,D6-uniform,0.3,61,D6-uniform_e30_r061,ESF12,0.5047619047619047,,
1b,D6-uniform,0.3,61,D6-uniform_e30_r061,Alg2_Rs20,0.5047619047619047,,
1b,D6-uniform,0.3,61,D6-uniform_e30_r061,Alg2_Ru10,0.5047619047619047,,
1b,D6-uniform,0.3,61,D6-uniform_e30_r061,TCRlong(0.40)+rw+A2_Rs20,0.8571428571428571,,
1b,D6-uniform,0.3,61,D6-uniform_e30_r061,TCRlong(0.40)+rw+A2_Ru10,0.5,,
1b,D6-uniform,0.35,61,D6-uniform_e35_r061,ESF12alone,0.5024875621890548,0.0,0.06963175698183477
1b,D6-uniform,0.35,61,D6-uniform_e35_r061,ESF12,0.5024875621890548,,
1b,D6-uniform,0.35,61,D6-uniform_e35_r061,Alg2_Rs20,0.5024875621890548,,
1b,D6-uniform,0.35,61,D6-uniform_e35_r061,Alg2_Ru10,0.5024875621890548,,
1b,D6-uniform,0.35,61,D6-uniform_e35_r061,TCRlong(0.40)+rw+A2_Rs20,0.527363184079602,,
1b,D6-uniform,0.35,61,D6-uniform_e35_r061,TCRlong(0.40)+rw+A2_Ru10,0.527363184079602,,
1b,D7-p3,0.25,61,D7-p3_e25_r061,ESF12alone,0.9039301310043668,0.25333333333333335,1.8491636490216479
1b,D7-p3,0.25,61,D7-p3_e25_r061,ESF12,0.9039301310043668,,
1b,D7-p3,0.25,61,D7-p3_e25_r061,Alg2_Rs20,0.9082969432314411,,
1b,D7-p3,0.25,61,D7-p3_e25_r061,Alg2_Ru10,0.9082969432314411,,
1b,D7-p3,0.25,61,D7-p3_e25_r061,TCRlong(0.40)+rw+A2_Rs20,0.9082969432314411,,
1b,D7-p3,0.25,61,D7-p3_e25_r061,TCRlong(0.40)+rw+A2_Ru10,0.9082969432314411,,
1b,D7-p3,0.3,61,D7-p3_e30_r061,ESF12alone,0.875,0.28,1.0985589920310304
1b,D7-p3,0.3,61,D7-p3_e30_r061,ESF12,0.875,,
1b,D7-p3,0.3,61,D7-p3_e30_r061,Alg2_Rs20,0.875,,
1b,D7-p3,0.3,61,D7-p3_e30_r061,Alg2_Ru10,0.875,,
1b,D7-p3,0.3,61,D7-p3_e30_r061,TCRlong(0.40)+rw+A2_Rs20,0.8703703703703703,,
1b,D7-p3,0.3,61,D7-p3_e30_r061,TCRlong(0.40)+rw+A2_Ru10,0.8703703703703703,,
1b,D7-p3,0.35,61,D7-p3_e35_r061,ESF12alone,0.900523560209424,0.36333333333333334,1.005140685942024
1b,D7-p3,0.35,61,D7-p3_e35_r061,ESF12,0.900523560209424,,
1b,D7-p3,0.35,61,D7-p3_e35_r061,Alg2_Rs20,0.5078534031413613,,
1b,D7-p3,0.35,61,D7-p3_e35_r061,Alg2_Ru10,0.5078534031413613,,
1b,D7-p3,0.35,61,D7-p3_e35_r061,TCRlong(0.40)+rw+A2_Rs20,0.900523560209424,,
1b,D7-p3,0.35,61,D7-p3_e35_r061,TCRlong(0.40)+rw+A2_Ru10,0.900523560209424,,
1b,D8-K2par-sep,0.25,61,D8-K2par-sep_e25_r061,ESF12alone,0.9956896551724138,0.22666666666666666,0.04995659610722214
1b,D8-K2par-sep,0.25,61,D8-K2par-sep_e25_r061,ESF12,0.9956896551724138,,
1b,D8-K2par-sep,0.25,61,D8-K2par-sep_e25_r061,Alg2_Rs20,0.9956896551724138,,
1b,D8-K2par-sep,0.25,61,D8-K2par-sep_e25_r061,Alg2_Ru10,0.9956896551724138,,
1b,D8-K2par-sep,0.25,61,D8-K2par-sep_e25_r061,TCRlong(0.40)+rw+A2_Rs20,0.9956896551724138,,
1b,D8-K2par-sep,0.25,61,D8-K2par-sep_e25_r061,TCRlong(0.40)+rw+A2_Ru10,0.9956896551724138,,
1b,D8-K2par-sep,0.3,61,D8-K2par-sep_e30_r061,ESF12alone,1.0,0.28,0.04321596003137529
1b,D8-K2par-sep,0.3,61,D8-K2par-sep_e30_r061,ESF12,1.0,,
1b,D8-K2par-sep,0.3,61,D8-K2par-sep_e30_r061,Alg2_Rs20,1.0,,
1b,D8-K2par-sep,0.3,61,D8-K2par-sep_e30_r061,Alg2_Ru10,1.0,,
1b,D8-K2par-sep,0.3,61,D8-K2par-sep_e30_r061,TCRlong(0.40)+rw+A2_Rs20,1.0,,
1b,D8-K2par-sep,0.3,61,D8-K2par-sep_e30_r061,TCRlong(0.40)+rw+A2_Ru10,1.0,,
1b,D8-K2par-sep,0.35,61,D8-K2par-sep_e35_r061,ESF12alone,1.0,0.37,0.08154913003090769
1b,D8-K2par-sep,0.35,61,D8-K2par-sep_e35_r061,ESF12,1.0,,
1b,D8-K2par-sep,0.35,61,D8-K2par-sep_e35_r061,Alg2_Rs20,1.0,,
1b,D8-K2par-sep,0.35,61,D8-K2par-sep_e35_r061,Alg2_Ru10,1.0,,
1b,D8-K2par-sep,0.35,61,D8-K2par-sep_e35_r061,TCRlong(0.40)+rw+A2_Rs20,1.0,,
1b,D8-K2par-sep,0.35,61,D8-K2par-sep_e35_r061,TCRlong(0.40)+rw+A2_Ru10,1.0,,
1b,D1-K2cross,0.25,62,D1-K2cross_e25_r062,ESF12alone,0.9098712446351931,0.22333333333333333,0.08114809298422188
1b,D1-K2cross,0.25,62,D1-K2cross_e25_r062,ESF12,0.9098712446351931,,
1b,D1-K2cross,0.25,62,D1-K2cross_e25_r062,Alg2_Rs20,0.9098712446351931,,
1b,D1-K2cross,0.25,62,D1-K2cross_e25_r062,Alg2_Ru10,0.9098712446351931,,
1b,D1-K2cross,0.25,62,D1-K2cross_e25_r062,TCRlong(0.40)+rw+A2_Rs20,0.9098712446351931,,
1b,D1-K2cross,0.25,62,D1-K2cross_e25_r062,TCRlong(0.40)+rw+A2_Ru10,0.9098712446351931,,
1b,D1-K2cross,0.3,62,D1-K2cross_e30_r062,ESF12alone,0.8720379146919431,0.2966666666666667,0.08519956399686635
1b,D1-K2cross,0.3,62,D1-K2cross_e30_r062,ESF12,0.8720379146919431,,
1b,D1-K2cross,0.3,62,D1-K2cross_e30_r062,Alg2_Rs20,0.8720379146919431,,
1b,D1-K2cross,0.3,62,D1-K2cross_e30_r062,Alg2_Ru10,0.8720379146919431,,
1b,D1-K2cross,0.3,62,D1-K2cross_e30_r062,TCRlong(0.40)+rw+A2_Rs20,0.8672985781990521,,
1b,D1-K2cross,0.3,62,D1-K2cross_e30_r062,TCRlong(0.40)+rw+A2_Ru10,0.8672985781990521,,
1b,D1-K2cross,0.35,62,D1-K2cross_e35_r062,ESF12alone,0.9123711340206185,0.35333333333333333,0.08122129901312292
1b,D1-K2cross,0.35,62,D1-K2cross_e35_r062,ESF12,0.9123711340206185,,
1b,D1-K2cross,0.35,62,D1-K2cross_e35_r062,Alg2_Rs20,0.9175257731958762,,
1b,D1-K2cross,0.35,62,D1-K2cross_e35_r062,Alg2_Ru10,0.9175257731958762,,
1b,D1-K2cross,0.35,62,D1-K2cross_e35_r062,TCRlong(0.40)+rw+A2_Rs20,0.9123711340206185,,
1b,D1-K2cross,0.35,62,D1-K2cross_e35_r062,TCRlong(0.40)+rw+A2_Ru10,0.9123711340206185,,
1b,D2-K3par,0.25,62,D2-K3par_e25_r062,ESF12alone,0.9291666666666667,0.2,0.3547866189619526
1b,D2-K3par,0.25,62,D2-K3par_e25_r062,ESF12,0.9291666666666667,,
1b,D2-K3par,0.25,62,D2-K3par_e25_r062,Alg2_Rs20,0.7833333333333333,,
1b,D2-K3par,0.25,62,D2-K3par_e25_r062,Alg2_Ru10,0.7833333333333333,,
1b,D2-K3par,0.25,62,D2-K3par_e25_r062,TCRlong(0.40)+rw+A2_Rs20,0.8958333333333334,,
1b,D2-K3par,0.25,62,D2-K3par_e25_r062,TCRlong(0.40)+rw+A2_Ru10,0.8958333333333334,,
1b,D2-K3par,0.3,62,D2-K3par_e30_r062,ESF12alone,0.8767772511848341,0.2966666666666667,0.3605473809875548
1b,D2-K3par,0.3,62,D2-K3par_e30_r062,ESF12,0.8767772511848341,,
1b,D2-K3par,0.3,62,D2-K3par_e30_r062,Alg2_Rs20,0.8767772511848341,,
1b,D2-K3par,0.3,62,D2-K3par_e30_r062,Alg2_Ru10,0.8767772511848341,,
1b,D2-K3par,0.3,62,D2-K3par_e30_r062,TCRlong(0.40)+rw+A2_Rs20,0.8862559241706162,,
1b,D2-K3par,0.3,62,D2-K3par_e30_r062,TCRlong(0.40)+rw+A2_Ru10,0.8862559241706162,,
1b,D2-K3par,0.35,62,D2-K3par_e35_r062,ESF12alone,0.6894736842105263,0.16666666666666666,0.4058028650470078
1b,D2-K3par,0.35,62,D2-K3par_e35_r062,ESF12,0.6894736842105263,,
1b,D2-K3par,0.35,62,D2-K3par_e35_r062,Alg2_Rs20,0.6894736842105263,,
1b,D2-K3par,0.35,62,D2-K3par_e35_r062,Alg2_Ru10,0.6894736842105263,,
1b,D2-K3par,0.35,62,D2-K3par_e35_r062,TCRlong(0.40)+rw+A2_Rs20,0.8473684210526315,,
1b,D2-K3par,0.35,62,D2-K3par_e35_r062,TCRlong(0.40)+rw+A2_Ru10,0.8473684210526315,,
1b,D3-unequal,0.25,62,D3-unequal_e25_r062,ESF12alone,0.8930232558139535,0.2833333333333333,0.07647393189836293
1b,D3-unequal,0.25,62,D3-unequal_e25_r062,ESF12,0.8930232558139535,,
1b,D3-unequal,0.25,62,D3-unequal_e25_r062,Alg2_Rs20,0.8930232558139535,,
1b,D3-unequal,0.25,62,D3-unequal_e25_r062,Alg2_Ru10,0.8930232558139535,,
1b,D3-unequal,0.25,62,D3-unequal_e25_r062,TCRlong(0.40)+rw+A2_Rs20,0.8930232558139535,,
1b,D3-unequal,0.25,62,D3-unequal_e25_r062,TCRlong(0.40)+rw+A2_Ru10,0.8930232558139535,,
1b,D3-unequal,0.3,62,D3-unequal_e30_r062,ESF12alone,0.7342995169082126,0.23666666666666666,0.0917813410051167
1b,D3-unequal,0.3,62,D3-unequal_e30_r062,ESF12,0.7342995169082126,,
1b,D3-unequal,0.3,62,D3-unequal_e30_r062,Alg2_Rs20,0.9130434782608695,,
1b,D3-unequal,0.3,62,D3-unequal_e30_r062,Alg2_Ru10,0.9130434782608695,,
1b,D3-unequal,0.3,62,D3-unequal_e30_r062,TCRlong(0.40)+rw+A2_Rs20,0.9130434782608695,,
1b,D3-unequal,0.3,62,D3-unequal_e30_r062,TCRlong(0.40)+rw+A2_Ru10,0.9130434782608695,,
1b,D3-unequal,0.35,62,D3-unequal_e35_r062,ESF12alone,0.9312169312169312,0.36666666666666664,0.08003792900126427
1b,D3-unequal,0.35,62,D3-unequal_e35_r062,ESF12,0.9312169312169312,,
1b,D3-unequal,0.35,62,D3-unequal_e35_r062,Alg2_Rs20,0.9259259259259259,,
1b,D3-unequal,0.35,62,D3-unequal_e35_r062,Alg2_Ru10,0.9259259259259259,,
1b,D3-unequal,0.35,62,D3-unequal_e35_r062,TCRlong(0.40)+rw+A2_Rs20,0.9259259259259259,,
1b,D3-unequal,0.35,62,D3-unequal_e35_r062,TCRlong(0.40)+rw+A2_Ru10,0.9259259259259259,,
1b,D4-hetero,0.25,62,D4-hetero_e25_r062,ESF12alone,0.9259259259259259,0.29333333333333333,0.08093669801019132
1b,D4-hetero,0.25,62,D4-hetero_e25_r062,ESF12,0.9259259259259259,,
1b,D4-hetero,0.25,62,D4-hetero_e25_r062,Alg2_Rs20,0.9259259259259259,,
1b,D4-hetero,0.25,62,D4-hetero_e25_r062,Alg2_Ru10,0.9259259259259259,,
1b,D4-hetero,0.25,62,D4-hetero_e25_r062,TCRlong(0.40)+rw+A2_Rs20,0.9259259259259259,,
1b,D4-hetero,0.25,62,D4-hetero_e25_r062,TCRlong(0.40)+rw+A2_Ru10,0.9259259259259259,,
1b,D4-hetero,0.3,62,D4-hetero_e30_r062,ESF12alone,0.9158878504672897,0.29,0.07994715194217861
1b,D4-hetero,0.3,62,D4-hetero_e30_r062,ESF12,0.9158878504672897,,
1b,D4-hetero,0.3,62,D4-hetero_e30_r062,Alg2_Rs20,0.9158878504672897,,
1b,D4-hetero,0.3,62,D4-hetero_e30_r062,Alg2_Ru10,0.9158878504672897,,
1b,D4-hetero,0.3,62,D4-hetero_e30_r062,TCRlong(0.40)+rw+A2_Rs20,0.9205607476635514,,
1b,D4-hetero,0.3,62,D4-hetero_e30_r062,TCRlong(0.40)+rw+A2_Ru10,0.9205607476635514,,
1b,D4-hetero,0.35,62,D4-hetero_e35_r062,ESF12alone,0.5664739884393064,0.2,0.08238865598104894
1b,D4-hetero,0.35,62,D4-hetero_e35_r062,ESF12,0.5664739884393064,,
1b,D4-hetero,0.35,62,D4-hetero_e35_r062,Alg2_Rs20,0.6358381502890174,,
1b,D4-hetero,0.35,62,D4-hetero_e35_r062,Alg2_Ru10,0.6358381502890174,,
1b,D4-hetero,0.35,62,D4-hetero_e35_r062,TCRlong(0.40)+rw+A2_Rs20,0.5722543352601156,,
1b,D4-hetero,0.35,62,D4-hetero_e35_r062,TCRlong(0.40)+rw+A2_Ru10,0.5722543352601156,,
1b,D5-leverage,0.25,62,D5-leverage_e25_r062,ESF12alone,0.5178571428571429,0.09,0.0803508770186454
1b,D5-leverage,0.25,62,D5-leverage_e25_r062,ESF12,0.5178571428571429,,
1b,D5-leverage,0.25,62,D5-leverage_e25_r062,Alg2_Rs20,0.5089285714285714,,
1b,D5-leverage,0.25,62,D5-leverage_e25_r062,Alg2_Ru10,0.5089285714285714,,
1b,D5-leverage,0.25,62,D5-leverage_e25_r062,TCRlong(0.40)+rw+A2_Rs20,0.8928571428571429,,
1b,D5-leverage,0.25,62,D5-leverage_e25_r062,TCRlong(0.40)+rw+A2_Ru10,0.8928571428571429,,
1b,D5-leverage,0.3,62,D5-leverage_e30_r062,ESF12alone,0.5169082125603864,0.1,0.08140282798558474
1b,D5-leverage,0.3,62,D5-leverage_e30_r062,ESF12,0.5169082125603864,,
1b,D5-leverage,0.3,62,D5-leverage_e30_r062,Alg2_Rs20,0.5024154589371981,,
1b,D5-leverage,0.3,62,D5-leverage_e30_r062,Alg2_Ru10,0.5024154589371981,,
1b,D5-leverage,0.3,62,D5-leverage_e30_r062,TCRlong(0.40)+rw+A2_Rs20,0.5024154589371981,,
1b,D5-leverage,0.3,62,D5-leverage_e30_r062,TCRlong(0.40)+rw+A2_Ru10,0.5024154589371981,,
1b,D5-leverage,0.35,62,D5-leverage_e35_r062,ESF12alone,0.6030150753768844,0.01,0.0785004929639399
1b,D5-leverage,0.35,62,D5-leverage_e35_r062,ESF12,0.6030150753768844,,
1b,D5-leverage,0.35,62,D5-leverage_e35_r062,Alg2_Rs20,0.6030150753768844,,
1b,D5-leverage,0.35,62,D5-leverage_e35_r062,Alg2_Ru10,0.6030150753768844,,
1b,D5-leverage,0.35,62,D5-leverage_e35_r062,TCRlong(0.40)+rw+A2_Rs20,0.6130653266331658,,
1b,D5-leverage,0.35,62,D5-leverage_e35_r062,TCRlong(0.40)+rw+A2_Ru10,0.6130653266331658,,
1b,D6-uniform,0.25,62,D6-uniform_e25_r062,ESF12alone,0.5138888888888888,0.0,0.08124865498393774
1b,D6-uniform,0.25,62,D6-uniform_e25_r062,ESF12,0.5138888888888888,,
1b,D6-uniform,0.25,62,D6-uniform_e25_r062,Alg2_Rs20,0.8935185185185185,,
1b,D6-uniform,0.25,62,D6-uniform_e25_r062,Alg2_Ru10,0.5462962962962963,,
1b,D6-uniform,0.25,62,D6-uniform_e25_r062,TCRlong(0.40)+rw+A2_Rs20,0.9120370370370371,,
1b,D6-uniform,0.25,62,D6-uniform_e25_r062,TCRlong(0.40)+rw+A2_Ru10,0.9120370370370371,,
1b,D6-uniform,0.3,62,D6-uniform_e30_r062,ESF12alone,0.8837209302325582,0.22,0.08040512294974178
1b,D6-uniform,0.3,62,D6-uniform_e30_r062,ESF12,0.8837209302325582,,
1b,D6-uniform,0.3,62,D6-uniform_e30_r062,Alg2_Rs20,0.8837209302325582,,
1b,D6-uniform,0.3,62,D6-uniform_e30_r062,Alg2_Ru10,0.8837209302325582,,
1b,D6-uniform,0.3,62,D6-uniform_e30_r062,TCRlong(0.40)+rw+A2_Rs20,0.8883720930232558,,
1b,D6-uniform,0.3,62,D6-uniform_e30_r062,TCRlong(0.40)+rw+A2_Ru10,0.8883720930232558,,
1b,D6-uniform,0.35,62,D6-uniform_e35_r062,ESF12alone,0.517948717948718,0.0,0.08695834095124155
1b,D6-uniform,0.35,62,D6-uniform_e35_r062,ESF12,0.517948717948718,,
1b,D6-uniform,0.35,62,D6-uniform_e35_r062,Alg2_Rs20,0.5128205128205128,,
1b,D6-uniform,0.35,62,D6-uniform_e35_r062,Alg2_Ru10,0.5128205128205128,,
1b,D6-uniform,0.35,62,D6-uniform_e35_r062,TCRlong(0.40)+rw+A2_Rs20,0.5282051282051282,,
1b,D6-uniform,0.35,62,D6-uniform_e35_r062,TCRlong(0.40)+rw+A2_Ru10,0.5282051282051282,,
1b,D7-p3,0.25,62,D7-p3_e25_r062,ESF12alone,0.9213973799126638,0.23666666666666666,1.9873965859878808
1b,D7-p3,0.25,62,D7-p3_e25_r062,ESF12,0.9213973799126638,,
1b,D7-p3,0.25,62,D7-p3_e25_r062,Alg2_Rs20,0.9126637554585153,,
1b,D7-p3,0.25,62,D7-p3_e25_r062,Alg2_Ru10,0.9126637554585153,,
1b,D7-p3,0.25,62,D7-p3_e25_r062,TCRlong(0.40)+rw+A2_Rs20,0.9170305676855895,,
1b,D7-p3,0.25,62,D7-p3_e25_r062,TCRlong(0.40)+rw+A2_Ru10,0.9170305676855895,,
1b,D7-p3,0.3,62,D7-p3_e30_r062,ESF12alone,0.9112149532710281,0.2866666666666667,1.8070749290054664
1b,D7-p3,0.3,62,D7-p3_e30_r062,ESF12,0.9112149532710281,,
1b,D7-p3,0.3,62,D7-p3_e30_r062,Alg2_Rs20,0.9112149532710281,,
1b,D7-p3,0.3,62,D7-p3_e30_r062,Alg2_Ru10,0.9112149532710281,,
1b,D7-p3,0.3,62,D7-p3_e30_r062,TCRlong(0.40)+rw+A2_Rs20,0.9112149532710281,,
1b,D7-p3,0.3,62,D7-p3_e30_r062,TCRlong(0.40)+rw+A2_Ru10,0.9112149532710281,,
1b,D7-p3,0.35,62,D7-p3_e35_r062,ESF12alone,0.8763440860215054,0.38,1.857074308092706
1b,D7-p3,0.35,62,D7-p3_e35_r062,ESF12,0.8763440860215054,,
1b,D7-p3,0.35,62,D7-p3_e35_r062,Alg2_Rs20,0.8817204301075269,,
1b,D7-p3,0.35,62,D7-p3_e35_r062,Alg2_Ru10,0.8817204301075269,,
1b,D7-p3,0.35,62,D7-p3_e35_r062,TCRlong(0.40)+rw+A2_Rs20,0.8817204301075269,,
1b,D7-p3,0.35,62,D7-p3_e35_r062,TCRlong(0.40)+rw+A2_Ru10,0.8817204301075269,,
1b,D8-K2par-sep,0.25,62,D8-K2par-sep_e25_r062,ESF12alone,1.0,0.28,0.07490879797842354
1b,D8-K2par-sep,0.25,62,D8-K2par-sep_e25_r062,ESF12,1.0,,
1b,D8-K2par-sep,0.25,62,D8-K2par-sep_e25_r062,Alg2_Rs20,1.0,,
1b,D8-K2par-sep,0.25,62,D8-K2par-sep_e25_r062,Alg2_Ru10,1.0,,
1b,D8-K2par-sep,0.25,62,D8-K2par-sep_e25_r062,TCRlong(0.40)+rw+A2_Rs20,1.0,,
1b,D8-K2par-sep,0.25,62,D8-K2par-sep_e25_r062,TCRlong(0.40)+rw+A2_Ru10,1.0,,
1b,D8-K2par-sep,0.3,62,D8-K2par-sep_e30_r062,ESF12alone,1.0,0.3,0.08892817294690758
1b,D8-K2par-sep,0.3,62,D8-K2par-sep_e30_r062,ESF12,1.0,,
1b,D8-K2par-sep,0.3,62,D8-K2par-sep_e30_r062,Alg2_Rs20,1.0,,
1b,D8-K2par-sep,0.3,62,D8-K2par-sep_e30_r062,Alg2_Ru10,1.0,,
1b,D8-K2par-sep,0.3,62,D8-K2par-sep_e30_r062,TCRlong(0.40)+rw+A2_Rs20,1.0,,
1b,D8-K2par-sep,0.3,62,D8-K2par-sep_e30_r062,TCRlong(0.40)+rw+A2_Ru10,1.0,,
1b,D8-K2par-sep,0.35,62,D8-K2par-sep_e35_r062,ESF12alone,1.0,0.36,0.0776664789300412
1b,D8-K2par-sep,0.35,62,D8-K2par-sep_e35_r062,ESF12,1.0,,
1b,D8-K2par-sep,0.35,62,D8-K2par-sep_e35_r062,Alg2_Rs20,1.0,,
1b,D8-K2par-sep,0.35,62,D8-K2par-sep_e35_r062,Alg2_Ru10,1.0,,
1b,D8-K2par-sep,0.35,62,D8-K2par-sep_e35_r062,TCRlong(0.40)+rw+A2_Rs20,1.0,,
1b,D8-K2par-sep,0.35,62,D8-K2par-sep_e35_r062,TCRlong(0.40)+rw+A2_Ru10,1.0,,
1b,D1-K2cross,0.25,63,D1-K2cross_e25_r063,ESF12alone,0.9136363636363637,0.26666666666666666,0.08103576791472733
1b,D1-K2cross,0.25,63,D1-K2cross_e25_r063,ESF12,0.9136363636363637,,
1b,D1-K2cross,0.25,63,D1-K2cross_e25_r063,Alg2_Rs20,0.9136363636363637,,
1b,D1-K2cross,0.25,63,D1-K2cross_e25_r063,Alg2_Ru10,0.9136363636363637,,
1b,D1-K2cross,0.25,63,D1-K2cross_e25_r063,TCRlong(0.40)+rw+A2_Rs20,0.9136363636363637,,
1b,D1-K2cross,0.25,63,D1-K2cross_e25_r063,TCRlong(0.40)+rw+A2_Ru10,0.9136363636363637,,
1b,D1-K2cross,0.3,63,D1-K2cross_e30_r063,ESF12alone,0.9134615384615384,0.30666666666666664,0.08200578903779387
1b,D1-K2cross,0.3,63,D1-K2cross_e30_r063,ESF12,0.9134615384615384,,
1b,D1-K2cross,0.3,63,D1-K2cross_e30_r063,Alg2_Rs20,0.9134615384615384,,
1b,D1-K2cross,0.3,63,D1-K2cross_e30_r063,Alg2_Ru10,0.9134615384615384,,
1b,D1-K2cross,0.3,63,D1-K2cross_e30_r063,TCRlong(0.40)+rw+A2_Rs20,0.9182692307692307,,
1b,D1-K2cross,0.3,63,D1-K2cross_e30_r063,TCRlong(0.40)+rw+A2_Ru10,0.9182692307692307,,
1b,D1-K2cross,0.35,63,D1-K2cross_e35_r063,ESF12alone,0.9384615384615385,0.35,0.08923909696750343
1b,D1-K2cross,0.35,63,D1-K2cross_e35_r063,ESF12,0.9384615384615385,,
1b,D1-K2cross,0.35,63,D1-K2cross_e35_r063,Alg2_Rs20,0.9384615384615385,,
1b,D1-K2cross,0.35,63,D1-K2cross_e35_r063,Alg2_Ru10,0.9384615384615385,,
1b,D1-K2cross,0.35,63,D1-K2cross_e35_r063,TCRlong(0.40)+rw+A2_Rs20,0.9384615384615385,,
1b,D1-K2cross,0.35,63,D1-K2cross_e35_r063,TCRlong(0.40)+rw+A2_Ru10,0.9384615384615385,,
1b,D2-K3par,0.25,63,D2-K3par_e25_r063,ESF12alone,0.9041095890410958,0.27,0.3673946289345622
1b,D2-K3par,0.25,63,D2-K3par_e25_r063,ESF12,0.9041095890410958,,
1b,D2-K3par,0.25,63,D2-K3par_e25_r063,Alg2_Rs20,0.6712328767123288,,
1b,D2-K3par,0.25,63,D2-K3par_e25_r063,Alg2_Ru10,0.6712328767123288,,
1b,D2-K3par,0.25,63,D2-K3par_e25_r063,TCRlong(0.40)+rw+A2_Rs20,0.908675799086758,,
1b,D2-K3par,0.25,63,D2-K3par_e25_r063,TCRlong(0.40)+rw+A2_Ru10,0.908675799086758,,
1b,D2-K3par,0.3,63,D2-K3par_e30_r063,ESF12alone,0.919431279620853,0.2966666666666667,0.2938381501007825
1b,D2-K3par,0.3,63,D2-K3par_e30_r063,ESF12,0.919431279620853,,
1b,D2-K3par,0.3,63,D2-K3par_e30_r063,Alg2_Rs20,0.9004739336492891,,
1b,D2-K3par,0.3,63,D2-K3par_e30_r063,Alg2_Ru10,0.9004739336492891,,
1b,D2-K3par,0.3,63,D2-K3par_e30_r063,TCRlong(0.40)+rw+A2_Rs20,0.7819905213270142,,
1b,D2-K3par,0.3,63,D2-K3par_e30_r063,TCRlong(0.40)+rw+A2_Ru10,0.7819905213270142,,
1b,D2-K3par,0.35,63,D2-K3par_e35_r063,ESF12alone,0.6584158415841584,0.16,0.38940764602739364
1b,D2-K3par,0.35,63,D2-K3par_e35_r063,ESF12,0.6584158415841584,,
1b,D2-K3par,0.35,63,D2-K3par_e35_r063,Alg2_Rs20,0.6584158415841584,,
1b,D2-K3par,0.35,63,D2-K3par_e35_r063,Alg2_Ru10,0.6584158415841584,,
1b,D2-K3par,0.35,63,D2-K3par_e35_r063,TCRlong(0.40)+rw+A2_Rs20,0.8861386138613861,,
1b,D2-K3par,0.35,63,D2-K3par_e35_r063,TCRlong(0.40)+rw+A2_Ru10,0.8861386138613861,,
1b,D3-unequal,0.25,63,D3-unequal_e25_r063,ESF12alone,0.9344978165938864,0.23666666666666666,0.08083093096502125
1b,D3-unequal,0.25,63,D3-unequal_e25_r063,ESF12,0.9344978165938864,,
1b,D3-unequal,0.25,63,D3-unequal_e25_r063,Alg2_Rs20,0.9344978165938864,,
1b,D3-unequal,0.25,63,D3-unequal_e25_r063,Alg2_Ru10,0.9344978165938864,,
1b,D3-unequal,0.25,63,D3-unequal_e25_r063,TCRlong(0.40)+rw+A2_Rs20,0.9344978165938864,,
1b,D3-unequal,0.25,63,D3-unequal_e25_r063,TCRlong(0.40)+rw+A2_Ru10,0.9344978165938864,,
1b,D3-unequal,0.3,63,D3-unequal_e30_r063,ESF12alone,0.9315068493150684,0.2733333333333333,0.08637883991468698
1b,D3-unequal,0.3,63,D3-unequal_e30_r063,ESF12,0.9315068493150684,,
1b,D3-unequal,0.3,63,D3-unequal_e30_r063,Alg2_Rs20,0.9315068493150684,,
1b,D3-unequal,0.3,63,D3-unequal_e30_r063,Alg2_Ru10,0.9315068493150684,,
1b,D3-unequal,0.3,63,D3-unequal_e30_r063,TCRlong(0.40)+rw+A2_Rs20,0.9315068493150684,,
1b,D3-unequal,0.3,63,D3-unequal_e30_r063,TCRlong(0.40)+rw+A2_Ru10,0.9315068493150684,,
1b,D3-unequal,0.35,63,D3-unequal_e35_r063,ESF12alone,0.7333333333333333,0.18333333333333332,0.08960994600784034
1b,D3-unequal,0.35,63,D3-unequal_e35_r063,ESF12,0.7333333333333333,,
1b,D3-unequal,0.35,63,D3-unequal_e35_r063,Alg2_Rs20,0.6512820512820513,,
1b,D3-unequal,0.35,63,D3-unequal_e35_r063,Alg2_Ru10,0.6512820512820513,,
1b,D3-unequal,0.35,63,D3-unequal_e35_r063,TCRlong(0.40)+rw+A2_Rs20,0.8153846153846154,,
1b,D3-unequal,0.35,63,D3-unequal_e35_r063,TCRlong(0.40)+rw+A2_Ru10,0.8153846153846154,,
1b,D4-hetero,0.25,63,D4-hetero_e25_r063,ESF12alone,0.8982300884955752,0.25333333333333335,0.08138999703805894
1b,D4-hetero,0.25,63,D4-hetero_e25_r063,ESF12,0.8982300884955752,,
1b,D4-hetero,0.25,63,D4-hetero_e25_r063,Alg2_Rs20,0.8982300884955752,,
1b,D4-hetero,0.25,63,D4-hetero_e25_r063,Alg2_Ru10,0.8982300884955752,,
1b,D4-hetero,0.25,63,D4-hetero_e25_r063,TCRlong(0.40)+rw+A2_Rs20,0.9026548672566371,,
1b,D4-hetero,0.25,63,D4-hetero_e25_r063,TCRlong(0.40)+rw+A2_Ru10,0.9026548672566371,,
1b,D4-hetero,0.3,63,D4-hetero_e30_r063,ESF12alone,0.8930232558139535,0.29333333333333333,0.07918523298576474
1b,D4-hetero,0.3,63,D4-hetero_e30_r063,ESF12,0.8930232558139535,,
1b,D4-hetero,0.3,63,D4-hetero_e30_r063,Alg2_Rs20,0.8930232558139535,,
1b,D4-hetero,0.3,63,D4-hetero_e30_r063,Alg2_Ru10,0.8930232558139535,,
1b,D4-hetero,0.3,63,D4-hetero_e30_r063,TCRlong(0.40)+rw+A2_Rs20,0.8883720930232558,,
1b,D4-hetero,0.3,63,D4-hetero_e30_r063,TCRlong(0.40)+rw+A2_Ru10,0.8883720930232558,,
1b,D4-hetero,0.35,63,D4-hetero_e35_r063,ESF12alone,0.8963730569948186,0.36333333333333334,0.07966644410043955
1b,D4-hetero,0.35,63,D4-hetero_e35_r063,ESF12,0.8963730569948186,,
1b,D4-hetero,0.35,63,D4-hetero_e35_r063,Alg2_Rs20,0.8963730569948186,,
1b,D4-hetero,0.35,63,D4-hetero_e35_r063,Alg2_Ru10,0.8963730569948186,,
1b,D4-hetero,0.35,63,D4-hetero_e35_r063,TCRlong(0.40)+rw+A2_Rs20,0.8911917098445595,,
1b,D4-hetero,0.35,63,D4-hetero_e35_r063,TCRlong(0.40)+rw+A2_Ru10,0.8911917098445595,,
1b,D5-leverage,0.25,63,D5-leverage_e25_r063,ESF12alone,0.5044642857142857,0.13,0.07896646996960044
1b,D5-leverage,0.25,63,D5-leverage_e25_r063,ESF12,0.5044642857142857,,
1b,D5-leverage,0.25,63,D5-leverage_e25_r063,Alg2_Rs20,0.5044642857142857,,
1b,D5-leverage,0.25,63,D5-leverage_e25_r063,Alg2_Ru10,0.5044642857142857,,
1b,D5-leverage,0.25,63,D5-leverage_e25_r063,TCRlong(0.40)+rw+A2_Rs20,0.5089285714285714,,
1b,D5-leverage,0.25,63,D5-leverage_e25_r063,TCRlong(0.40)+rw+A2_Ru10,0.5089285714285714,,
1b,D5-leverage,0.3,63,D5-leverage_e30_r063,ESF12alone,0.5488372093023256,0.10666666666666667,0.07944445905741304
1b,D5-leverage,0.3,63,D5-leverage_e30_r063,ESF12,0.5488372093023256,,
1b,D5-leverage,0.3,63,D5-leverage_e30_r063,Alg2_Rs20,0.5534883720930233,,
1b,D5-leverage,0.3,63,D5-leverage_e30_r063,Alg2_Ru10,0.5534883720930233,,
1b,D5-leverage,0.3,63,D5-leverage_e30_r063,TCRlong(0.40)+rw+A2_Rs20,0.5534883720930233,,
1b,D5-leverage,0.3,63,D5-leverage_e30_r063,TCRlong(0.40)+rw+A2_Ru10,0.5534883720930233,,
1b,D5-leverage,0.35,63,D5-leverage_e35_r063,ESF12alone,0.5260416666666666,0.0033333333333333335,0.07397348596714437
1b,D5-leverage,0.35,63,D5-leverage_e35_r063,ESF12,0.5260416666666666,,
1b,D5-leverage,0.35,63,D5-leverage_e35_r063,Alg2_Rs20,0.5260416666666666,,
1b,D5-leverage,0.35,63,D5-leverage_e35_r063,Alg2_Ru10,0.5260416666666666,,
1b,D5-leverage,0.35,63,D5-leverage_e35_r063,TCRlong(0.40)+rw+A2_Rs20,0.5260416666666666,,
1b,D5-leverage,0.35,63,D5-leverage_e35_r063,TCRlong(0.40)+rw+A2_Ru10,0.5260416666666666,,
1b,D6-uniform,0.25,63,D6-uniform_e25_r063,ESF12alone,0.8846153846153846,0.18,0.07747789099812508
1b,D6-uniform,0.25,63,D6-uniform_e25_r063,ESF12,0.8846153846153846,,
1b,D6-uniform,0.25,63,D6-uniform_e25_r063,Alg2_Rs20,0.8888888888888888,,
1b,D6-uniform,0.25,63,D6-uniform_e25_r063,Alg2_Ru10,0.8888888888888888,,
1b,D6-uniform,0.25,63,D6-uniform_e25_r063,TCRlong(0.40)+rw+A2_Rs20,0.8974358974358975,,
1b,D6-uniform,0.25,63,D6-uniform_e25_r063,TCRlong(0.40)+rw+A2_Ru10,0.8974358974358975,,
1b,D6-uniform,0.3,63,D6-uniform_e30_r063,ESF12alone,0.5226130653266332,0.0033333333333333335,0.07782549690455198
1b,D6-uniform,0.3,63,D6-uniform_e30_r063,ESF12,0.5226130653266332,,
1b,D6-uniform,0.3,63,D6-uniform_e30_r063,Alg2_Rs20,0.5226130653266332,,
1b,D6-uniform,0.3,63,D6-uniform_e30_r063,Alg2_Ru10,0.5226130653266332,,
1b,D6-uniform,0.3,63,D6-uniform_e30_r063,TCRlong(0.40)+rw+A2_Rs20,0.592964824120603,,
1b,D6-uniform,0.3,63,D6-uniform_e30_r063,TCRlong(0.40)+rw+A2_Ru10,0.592964824120603,,
1b,D6-uniform,0.35,63,D6-uniform_e35_r063,ESF12alone,0.5577889447236181,0.0,0.07484179397579283
1b,D6-uniform,0.35,63,D6-uniform_e35_r063,ESF12,0.5577889447236181,,
1b,D6-uniform,0.35,63,D6-uniform_e35_r063,Alg2_Rs20,0.5477386934673367,,
1b,D6-uniform,0.35,63,D6-uniform_e35_r063,Alg2_Ru10,0.5477386934673367,,
1b,D6-uniform,0.35,63,D6-uniform_e35_r063,TCRlong(0.40)+rw+A2_Rs20,0.542713567839196,,
1b,D6-uniform,0.35,63,D6-uniform_e35_r063,TCRlong(0.40)+rw+A2_Ru10,0.542713567839196,,
1b,D7-p3,0.25,63,D7-p3_e25_r063,ESF12alone,0.9192825112107623,0.26,1.753465098910965
1b,D7-p3,0.25,63,D7-p3_e25_r063,ESF12,0.9192825112107623,,
1b,D7-p3,0.25,63,D7-p3_e25_r063,Alg2_Rs20,0.9237668161434978,,
1b,D7-p3,0.25,63,D7-p3_e25_r063,Alg2_Ru10,0.9237668161434978,,
1b,D7-p3,0.25,63,D7-p3_e25_r063,TCRlong(0.40)+rw+A2_Rs20,0.9237668161434978,,
1b,D7-p3,0.25,63,D7-p3_e25_r063,TCRlong(0.40)+rw+A2_Ru10,0.9237668161434978,,
1b,D7-p3,0.3,63,D7-p3_e30_r063,ESF12alone,0.9471153846153846,0.30666666666666664,1.2011300349840894
1b,D7-p3,0.3,63,D7-p3_e30_r063,ESF12,0.9471153846153846,,
1b,D7-p3,0.3,63,D7-p3_e30_r063,Alg2_Rs20,0.9471153846153846,,
1b,D7-p3,0.3,63,D7-p3_e30_r063,Alg2_Ru10,0.9471153846153846,,
1b,D7-p3,0.3,63,D7-p3_e30_r063,TCRlong(0.40)+rw+A2_Rs20,0.9471153846153846,,
1b,D7-p3,0.3,63,D7-p3_e30_r063,TCRlong(0.40)+rw+A2_Ru10,0.9471153846153846,,
1b,D7-p3,0.35,63,D7-p3_e35_r063,ESF12alone,0.912568306010929,0.39,1.5761233750963584
1b,D7-p3,0.35,63,D7-p3_e35_r063,ESF12,0.912568306010929,,
1b,D7-p3,0.35,63,D7-p3_e35_r063,Alg2_Rs20,0.5355191256830601,,
1b,D7-p3,0.35,63,D7-p3_e35_r063,Alg2_Ru10,0.5355191256830601,,
1b,D7-p3,0.35,63,D7-p3_e35_r063,TCRlong(0.40)+rw+A2_Rs20,0.9016393442622951,,
1b,D7-p3,0.35,63,D7-p3_e35_r063,TCRlong(0.40)+rw+A2_Ru10,0.9016393442622951,,
1b,D8-K2par-sep,0.25,63,D8-K2par-sep_e25_r063,ESF12alone,0.9956140350877193,0.24,0.0719415849307552
1b,D8-K2par-sep,0.25,63,D8-K2par-sep_e25_r063,ESF12,0.9956140350877193,,
1b,D8-K2par-sep,0.25,63,D8-K2par-sep_e25_r063,Alg2_Rs20,0.9956140350877193,,
1b,D8-K2par-sep,0.25,63,D8-K2par-sep_e25_r063,Alg2_Ru10,0.9956140350877193,,
1b,D8-K2par-sep,0.25,63,D8-K2par-sep_e25_r063,TCRlong(0.40)+rw+A2_Rs20,0.9956140350877193,,
1b,D8-K2par-sep,0.25,63,D8-K2par-sep_e25_r063,TCRlong(0.40)+rw+A2_Ru10,0.9956140350877193,,
1b,D8-K2par-sep,0.3,63,D8-K2par-sep_e30_r063,ESF12alone,1.0,0.2866666666666667,0.06927924102637917
1b,D8-K2par-sep,0.3,63,D8-K2par-sep_e30_r063,ESF12,1.0,,
1b,D8-K2par-sep,0.3,63,D8-K2par-sep_e30_r063,Alg2_Rs20,1.0,,
1b,D8-K2par-sep,0.3,63,D8-K2par-sep_e30_r063,Alg2_Ru10,1.0,,
1b,D8-K2par-sep,0.3,63,D8-K2par-sep_e30_r063,TCRlong(0.40)+rw+A2_Rs20,1.0,,
1b,D8-K2par-sep,0.3,63,D8-K2par-sep_e30_r063,TCRlong(0.40)+rw+A2_Ru10,1.0,,
1b,D8-K2par-sep,0.35,63,D8-K2par-sep_e35_r063,ESF12alone,0.984375,0.36,0.07680485001765192
1b,D8-K2par-sep,0.35,63,D8-K2par-sep_e35_r063,ESF12,0.984375,,
1b,D8-K2par-sep,0.35,63,D8-K2par-sep_e35_r063,Alg2_Rs20,0.984375,,
1b,D8-K2par-sep,0.35,63,D8-K2par-sep_e35_r063,Alg2_Ru10,0.984375,,
1b,D8-K2par-sep,0.35,63,D8-K2par-sep_e35_r063,TCRlong(0.40)+rw+A2_Rs20,0.984375,,
1b,D8-K2par-sep,0.35,63,D8-K2par-sep_e35_r063,TCRlong(0.40)+rw+A2_Ru10,0.984375,,
1b,D1-K2cross,0.25,64,D1-K2cross_e25_r064,ESF12alone,0.91324200913242,0.27,0.07349541608709842
1b,D1-K2cross,0.25,64,D1-K2cross_e25_r064,ESF12,0.91324200913242,,
1b,D1-K2cross,0.25,64,D1-K2cross_e25_r064,Alg2_Rs20,0.91324200913242,,
1b,D1-K2cross,0.25,64,D1-K2cross_e25_r064,Alg2_Ru10,0.91324200913242,,
1b,D1-K2cross,0.25,64,D1-K2cross_e25_r064,TCRlong(0.40)+rw+A2_Rs20,0.908675799086758,,
1b,D1-K2cross,0.25,64,D1-K2cross_e25_r064,TCRlong(0.40)+rw+A2_Ru10,0.908675799086758,,
1b,D1-K2cross,0.3,64,D1-K2cross_e30_r064,ESF12alone,0.9130434782608695,0.31,0.07513189595192671
1b,D1-K2cross,0.3,64,D1-K2cross_e30_r064,ESF12,0.9130434782608695,,
1b,D1-K2cross,0.3,64,D1-K2cross_e30_r064,Alg2_Rs20,0.9130434782608695,,
1b,D1-K2cross,0.3,64,D1-K2cross_e30_r064,Alg2_Ru10,0.9130434782608695,,
1b,D1-K2cross,0.3,64,D1-K2cross_e30_r064,TCRlong(0.40)+rw+A2_Rs20,0.9130434782608695,,
1b,D1-K2cross,0.3,64,D1-K2cross_e30_r064,TCRlong(0.40)+rw+A2_Ru10,0.9130434782608695,,
1b,D1-K2cross,0.35,64,D1-K2cross_e35_r064,ESF12alone,0.9411764705882353,0.37666666666666665,0.07295720500405878
1b,D1-K2cross,0.35,64,D1-K2cross_e35_r064,ESF12,0.9411764705882353,,
1b,D1-K2cross,0.35,64,D1-K2cross_e35_r064,Alg2_Rs20,0.5401069518716578,,
1b,D1-K2cross,0.35,64,D1-K2cross_e35_r064,Alg2_Ru10,0.5401069518716578,,
1b,D1-K2cross,0.35,64,D1-K2cross_e35_r064,TCRlong(0.40)+rw+A2_Rs20,0.9411764705882353,,
1b,D1-K2cross,0.35,64,D1-K2cross_e35_r064,TCRlong(0.40)+rw+A2_Ru10,0.9411764705882353,,
1b,D2-K3par,0.25,64,D2-K3par_e25_r064,ESF12alone,0.8945147679324894,0.21,0.2929852670058608
1b,D2-K3par,0.25,64,D2-K3par_e25_r064,ESF12,0.8945147679324894,,
1b,D2-K3par,0.25,64,D2-K3par_e25_r064,Alg2_Rs20,0.890295358649789,,
1b,D2-K3par,0.25,64,D2-K3par_e25_r064,Alg2_Ru10,0.890295358649789,,
1b,D2-K3par,0.25,64,D2-K3par_e25_r064,TCRlong(0.40)+rw+A2_Rs20,0.8945147679324894,,
1b,D2-K3par,0.25,64,D2-K3par_e25_r064,TCRlong(0.40)+rw+A2_Ru10,0.8945147679324894,,
1b,D2-K3par,0.3,64,D2-K3par_e30_r064,ESF12alone,0.9027777777777778,0.28,0.34101265692152083
1b,D2-K3par,0.3,64,D2-K3par_e30_r064,ESF12,0.9027777777777778,,
1b,D2-K3par,0.3,64,D2-K3par_e30_r064,Alg2_Rs20,0.9027777777777778,,
1b,D2-K3par,0.3,64,D2-K3par_e30_r064,Alg2_Ru10,0.9027777777777778,,
1b,D2-K3par,0.3,64,D2-K3par_e30_r064,TCRlong(0.40)+rw+A2_Rs20,0.8518518518518519,,
1b,D2-K3par,0.3,64,D2-K3par_e30_r064,TCRlong(0.40)+rw+A2_Ru10,0.8518518518518519,,
1b,D2-K3par,0.35,64,D2-K3par_e35_r064,ESF12alone,0.350253807106599,0.0033333333333333335,0.38732728303875774
1b,D2-K3par,0.35,64,D2-K3par_e35_r064,ESF12,0.350253807106599,,
1b,D2-K3par,0.35,64,D2-K3par_e35_r064,Alg2_Rs20,0.350253807106599,,
1b,D2-K3par,0.35,64,D2-K3par_e35_r064,Alg2_Ru10,0.350253807106599,,
1b,D2-K3par,0.35,64,D2-K3par_e35_r064,TCRlong(0.40)+rw+A2_Rs20,0.8629441624365483,,
1b,D2-K3par,0.35,64,D2-K3par_e35_r064,TCRlong(0.40)+rw+A2_Ru10,0.8629441624365483,,
1b,D3-unequal,0.25,64,D3-unequal_e25_r064,ESF12alone,0.9333333333333333,0.25666666666666665,0.08614427992142737
1b,D3-unequal,0.25,64,D3-unequal_e25_r064,ESF12,0.9333333333333333,,
1b,D3-unequal,0.25,64,D3-unequal_e25_r064,Alg2_Rs20,0.9288888888888889,,
1b,D3-unequal,0.25,64,D3-unequal_e25_r064,Alg2_Ru10,0.9288888888888889,,
1b,D3-unequal,0.25,64,D3-unequal_e25_r064,TCRlong(0.40)+rw+A2_Rs20,0.9288888888888889,,
1b,D3-unequal,0.25,64,D3-unequal_e25_r064,TCRlong(0.40)+rw+A2_Ru10,0.9288888888888889,,
1b,D3-unequal,0.3,64,D3-unequal_e30_r064,ESF12alone,0.9215686274509803,0.32,0.08147596998605877
1b,D3-unequal,0.3,64,D3-unequal_e30_r064,ESF12,0.9215686274509803,,
1b,D3-unequal,0.3,64,D3-unequal_e30_r064,Alg2_Rs20,0.9215686274509803,,
1b,D3-unequal,0.3,64,D3-unequal_e30_r064,Alg2_Ru10,0.9215686274509803,,
1b,D3-unequal,0.3,64,D3-unequal_e30_r064,TCRlong(0.40)+rw+A2_Rs20,0.9166666666666666,,
1b,D3-unequal,0.3,64,D3-unequal_e30_r064,TCRlong(0.40)+rw+A2_Ru10,0.9166666666666666,,
1b,D3-unequal,0.35,64,D3-unequal_e35_r064,ESF12alone,0.9238578680203046,0.3433333333333333,0.08588471601251513
1b,D3-unequal,0.35,64,D3-unequal_e35_r064,ESF12,0.9238578680203046,,
1b,D3-unequal,0.35,64,D3-unequal_e35_r064,Alg2_Rs20,0.5025380710659898,,
1b,D3-unequal,0.35,64,D3-unequal_e35_r064,Alg2_Ru10,0.5025380710659898,,
1b,D3-unequal,0.35,64,D3-unequal_e35_r064,TCRlong(0.40)+rw+A2_Rs20,0.9238578680203046,,
1b,D3-unequal,0.35,64,D3-unequal_e35_r064,TCRlong(0.40)+rw+A2_Ru10,0.9238578680203046,,
1b,D4-hetero,0.25,64,D4-hetero_e25_r064,ESF12alone,0.8942731277533039,0.25,0.07886066904757172
1b,D4-hetero,0.25,64,D4-hetero_e25_r064,ESF12,0.8942731277533039,,
1b,D4-hetero,0.25,64,D4-hetero_e25_r064,Alg2_Rs20,0.8942731277533039,,
1b,D4-hetero,0.25,64,D4-hetero_e25_r064,Alg2_Ru10,0.8942731277533039,,
1b,D4-hetero,0.25,64,D4-hetero_e25_r064,TCRlong(0.40)+rw+A2_Rs20,0.8942731277533039,,
1b,D4-hetero,0.25,64,D4-hetero_e25_r064,TCRlong(0.40)+rw+A2_Ru10,0.8942731277533039,,
1b,D4-hetero,0.3,64,D4-hetero_e30_r064,ESF12alone,0.9339622641509434,0.3,0.07377721893135458
1b,D4-hetero,0.3,64,D4-hetero_e30_r064,ESF12,0.9339622641509434,,
1b,D4-hetero,0.3,64,D4-hetero_e30_r064,Alg2_Rs20,0.9339622641509434,,
1b,D4-hetero,0.3,64,D4-hetero_e30_r064,Alg2_Ru10,0.9339622641509434,,
1b,D4-hetero,0.3,64,D4-hetero_e30_r064,TCRlong(0.40)+rw+A2_Rs20,0.9292452830188679,,
1b,D4-hetero,0.3,64,D4-hetero_e30_r064,TCRlong(0.40)+rw+A2_Ru10,0.9292452830188679,,
1b,D4-hetero,0.35,64,D4-hetero_e35_r064,ESF12alone,0.8756218905472637,0.32666666666666666,0.07534802192822099
1b,D4-hetero,0.35,64,D4-hetero_e35_r064,ESF12,0.8756218905472637,,
1b,D4-hetero,0.35,64,D4-hetero_e35_r064,Alg2_Rs20,0.8756218905472637,,
1b,D4-hetero,0.35,64,D4-hetero_e35_r064,Alg2_Ru10,0.8756218905472637,,
1b,D4-hetero,0.35,64,D4-hetero_e35_r064,TCRlong(0.40)+rw+A2_Rs20,0.8756218905472637,,
1b,D4-hetero,0.35,64,D4-hetero_e35_r064,TCRlong(0.40)+rw+A2_Ru10,0.8756218905472637,,
1b,D5-leverage,0.25,64,D5-leverage_e25_r064,ESF12alone,0.5416666666666666,0.0033333333333333335,0.07189359096810222
1b,D5-leverage,0.25,64,D5-leverage_e25_r064,ESF12,0.5416666666666666,,
1b,D5-leverage,0.25,64,D5-leverage_e25_r064,Alg2_Rs20,0.5416666666666666,,
1b,D5-leverage,0.25,64,D5-leverage_e25_r064,Alg2_Ru10,0.5416666666666666,,
1b,D5-leverage,0.25,64,D5-leverage_e25_r064,TCRlong(0.40)+rw+A2_Rs20,0.5277777777777778,,
1b,D5-leverage,0.25,64,D5-leverage_e25_r064,TCRlong(0.40)+rw+A2_Ru10,0.5277777777777778,,
1b,D5-leverage,0.3,64,D5-leverage_e30_r064,ESF12alone,0.5048076923076923,0.02666666666666667,0.07516905793454498
1b,D5-leverage,0.3,64,D5-leverage_e30_r064,ESF12,0.5048076923076923,,
1b,D5-leverage,0.3,64,D5-leverage_e30_r064,Alg2_Rs20,0.5048076923076923,,
1b,D5-leverage,0.3,64,D5-leverage_e30_r064,Alg2_Ru10,0.5048076923076923,,
1b,D5-leverage,0.3,64,D5-leverage_e30_r064,TCRlong(0.40)+rw+A2_Rs20,0.5048076923076923,,
1b,D5-leverage,0.3,64,D5-leverage_e30_r064,TCRlong(0.40)+rw+A2_Ru10,0.5048076923076923,,
1b,D5-leverage,0.35,64,D5-leverage_e35_r064,ESF12alone,0.5634517766497462,0.006666666666666667,0.07799107790924609
1b,D5-leverage,0.35,64,D5-leverage_e35_r064,ESF12,0.5634517766497462,,
1b,D5-leverage,0.35,64,D5-leverage_e35_r064,Alg2_Rs20,0.5634517766497462,,
1b,D5-leverage,0.35,64,D5-leverage_e35_r064,Alg2_Ru10,0.5634517766497462,,
1b,D5-leverage,0.35,64,D5-leverage_e35_r064,TCRlong(0.40)+rw+A2_Rs20,0.5431472081218274,,
1b,D5-leverage,0.35,64,D5-leverage_e35_r064,TCRlong(0.40)+rw+A2_Ru10,0.5431472081218274,,
1b,D6-uniform,0.25,64,D6-uniform_e25_r064,ESF12alone,0.9318181818181818,0.21333333333333335,0.08403924398589879
1b,D6-uniform,0.25,64,D6-uniform_e25_r064,ESF12,0.9318181818181818,,
1b,D6-uniform,0.25,64,D6-uniform_e25_r064,Alg2_Rs20,0.9363636363636364,,
1b,D6-uniform,0.25,64,D6-uniform_e25_r064,Alg2_Ru10,0.9363636363636364,,
1b,D6-uniform,0.25,64,D6-uniform_e25_r064,TCRlong(0.40)+rw+A2_Rs20,0.9363636363636364,,
1b,D6-uniform,0.25,64,D6-uniform_e25_r064,TCRlong(0.40)+rw+A2_Ru10,0.9363636363636364,,
1b,D6-uniform,0.3,64,D6-uniform_e30_r064,ESF12alone,0.5911330049261084,0.0,0.07608723698649555
1b,D6-uniform,0.3,64,D6-uniform_e30_r064,ESF12,0.5911330049261084,,
1b,D6-uniform,0.3,64,D6-uniform_e30_r064,Alg2_Rs20,0.5911330049261084,,
1b,D6-uniform,0.3,64,D6-uniform_e30_r064,Alg2_Ru10,0.5911330049261084,,
1b,D6-uniform,0.3,64,D6-uniform_e30_r064,TCRlong(0.40)+rw+A2_Rs20,0.5517241379310345,,
1b,D6-uniform,0.3,64,D6-uniform_e30_r064,TCRlong(0.40)+rw+A2_Ru10,0.5517241379310345,,
1b,D6-uniform,0.35,64,D6-uniform_e35_r064,ESF12alone,0.5159574468085106,0.0,0.07225716509856284
1b,D6-uniform,0.35,64,D6-uniform_e35_r064,ESF12,0.5159574468085106,,
1b,D6-uniform,0.35,64,D6-uniform_e35_r064,Alg2_Rs20,0.526595744680851,,
1b,D6-uniform,0.35,64,D6-uniform_e35_r064,Alg2_Ru10,0.526595744680851,,
1b,D6-uniform,0.35,64,D6-uniform_e35_r064,TCRlong(0.40)+rw+A2_Rs20,0.5106382978723404,,
1b,D6-uniform,0.35,64,D6-uniform_e35_r064,TCRlong(0.40)+rw+A2_Ru10,0.5106382978723404,,
1b,D7-p3,0.25,64,D7-p3_e25_r064,ESF12alone,0.8959276018099548,0.2633333333333333,1.771074534044601
1b,D7-p3,0.25,64,D7-p3_e25_r064,ESF12,0.8959276018099548,,
1b,D7-p3,0.25,64,D7-p3_e25_r064,Alg2_Rs20,0.8959276018099548,,
1b,D7-p3,0.25,64,D7-p3_e25_r064,Alg2_Ru10,0.8959276018099548,,
1b,D7-p3,0.25,64,D7-p3_e25_r064,TCRlong(0.40)+rw+A2_Rs20,0.8959276018099548,,
1b,D7-p3,0.25,64,D7-p3_e25_r064,TCRlong(0.40)+rw+A2_Ru10,0.8959276018099548,,
1b,D7-p3,0.3,64,D7-p3_e30_r064,ESF12alone,0.8873239436619719,0.29,1.860270801000297
1b,D7-p3,0.3,64,D7-p3_e30_r064,ESF12,0.8873239436619719,,
1b,D7-p3,0.3,64,D7-p3_e30_r064,Alg2_Rs20,0.8873239436619719,,
1b,D7-p3,0.3,64,D7-p3_e30_r064,Alg2_Ru10,0.8873239436619719,,
1b,D7-p3,0.3,64,D7-p3_e30_r064,TCRlong(0.40)+rw+A2_Rs20,0.8873239436619719,,
1b,D7-p3,0.3,64,D7-p3_e30_r064,TCRlong(0.40)+rw+A2_Ru10,0.8873239436619719,,
1b,D7-p3,0.35,64,D7-p3_e35_r064,ESF12alone,0.9310344827586207,0.3233333333333333,1.1777144380612299
1b,D7-p3,0.35,64,D7-p3_e35_r064,ESF12,0.9310344827586207,,
1b,D7-p3,0.35,64,D7-p3_e35_r064,Alg2_Rs20,0.9310344827586207,,
1b,D7-p3,0.35,64,D7-p3_e35_r064,Alg2_Ru10,0.9310344827586207,,
1b,D7-p3,0.35,64,D7-p3_e35_r064,TCRlong(0.40)+rw+A2_Rs20,0.9310344827586207,,
1b,D7-p3,0.35,64,D7-p3_e35_r064,TCRlong(0.40)+rw+A2_Ru10,0.9310344827586207,,
1b,D8-K2par-sep,0.25,64,D8-K2par-sep_e25_r064,ESF12alone,1.0,0.20666666666666667,0.07842635398264974
1b,D8-K2par-sep,0.25,64,D8-K2par-sep_e25_r064,ESF12,1.0,,
1b,D8-K2par-sep,0.25,64,D8-K2par-sep_e25_r064,Alg2_Rs20,1.0,,
1b,D8-K2par-sep,0.25,64,D8-K2par-sep_e25_r064,Alg2_Ru10,1.0,,
1b,D8-K2par-sep,0.25,64,D8-K2par-sep_e25_r064,TCRlong(0.40)+rw+A2_Rs20,1.0,,
1b,D8-K2par-sep,0.25,64,D8-K2par-sep_e25_r064,TCRlong(0.40)+rw+A2_Ru10,1.0,,
1b,D8-K2par-sep,0.3,64,D8-K2par-sep_e30_r064,ESF12alone,1.0,0.29333333333333333,0.07484518305864185
1b,D8-K2par-sep,0.3,64,D8-K2par-sep_e30_r064,ESF12,1.0,,
1b,D8-K2par-sep,0.3,64,D8-K2par-sep_e30_r064,Alg2_Rs20,1.0,,
1b,D8-K2par-sep,0.3,64,D8-K2par-sep_e30_r064,Alg2_Ru10,1.0,,
1b,D8-K2par-sep,0.3,64,D8-K2par-sep_e30_r064,TCRlong(0.40)+rw+A2_Rs20,1.0,,
1b,D8-K2par-sep,0.3,64,D8-K2par-sep_e30_r064,TCRlong(0.40)+rw+A2_Ru10,1.0,,
1b,D8-K2par-sep,0.35,64,D8-K2par-sep_e35_r064,ESF12alone,1.0,0.38,0.08265875594224781
1b,D8-K2par-sep,0.35,64,D8-K2par-sep_e35_r064,ESF12,1.0,,
1b,D8-K2par-sep,0.35,64,D8-K2par-sep_e35_r064,Alg2_Rs20,1.0,,
1b,D8-K2par-sep,0.35,64,D8-K2par-sep_e35_r064,Alg2_Ru10,1.0,,
1b,D8-K2par-sep,0.35,64,D8-K2par-sep_e35_r064,TCRlong(0.40)+rw+A2_Rs20,1.0,,
1b,D8-K2par-sep,0.35,64,D8-K2par-sep_e35_r064,TCRlong(0.40)+rw+A2_Ru10,1.0,,
1b,D1-K2cross,0.25,65,D1-K2cross_e25_r065,ESF12alone,0.9126637554585153,0.23666666666666666,0.07882599509321153
1b,D1-K2cross,0.25,65,D1-K2cross_e25_r065,ESF12,0.9126637554585153,,
1b,D1-K2cross,0.25,65,D1-K2cross_e25_r065,Alg2_Rs20,0.9126637554585153,,
1b,D1-K2cross,0.25,65,D1-K2cross_e25_r065,Alg2_Ru10,0.9126637554585153,,
1b,D1-K2cross,0.25,65,D1-K2cross_e25_r065,TCRlong(0.40)+rw+A2_Rs20,0.9126637554585153,,
1b,D1-K2cross,0.25,65,D1-K2cross_e25_r065,TCRlong(0.40)+rw+A2_Ru10,0.9126637554585153,,
1b,D1-K2cross,0.3,65,D1-K2cross_e30_r065,ESF12alone,0.8985507246376812,0.31,0.07857926597353071
1b,D1-K2cross,0.3,65,D1-K2cross_e30_r065,ESF12,0.8985507246376812,,
1b,D1-K2cross,0.3,65,D1-K2cross_e30_r065,Alg2_Rs20,0.8985507246376812,,
1b,D1-K2cross,0.3,65,D1-K2cross_e30_r065,Alg2_Ru10,0.8985507246376812,,
1b,D1-K2cross,0.3,65,D1-K2cross_e30_r065,TCRlong(0.40)+rw+A2_Rs20,0.8985507246376812,,
1b,D1-K2cross,0.3,65,D1-K2cross_e30_r065,TCRlong(0.40)+rw+A2_Ru10,0.8985507246376812,,
1b,D1-K2cross,0.35,65,D1-K2cross_e35_r065,ESF12alone,0.8947368421052632,0.4266666666666667,0.07211055106017739
1b,D1-K2cross,0.35,65,D1-K2cross_e35_r065,ESF12,0.8947368421052632,,
1b,D1-K2cross,0.35,65,D1-K2cross_e35_r065,Alg2_Rs20,0.8947368421052632,,
1b,D1-K2cross,0.35,65,D1-K2cross_e35_r065,Alg2_Ru10,0.8947368421052632,,
1b,D1-K2cross,0.35,65,D1-K2cross_e35_r065,TCRlong(0.40)+rw+A2_Rs20,0.5029239766081871,,
1b,D1-K2cross,0.35,65,D1-K2cross_e35_r065,TCRlong(0.40)+rw+A2_Ru10,0.5029239766081871,,
1b,D2-K3par,0.25,65,D2-K3par_e25_r065,ESF12alone,0.9272727272727272,0.26666666666666666,0.243447134969756
1b,D2-K3par,0.25,65,D2-K3par_e25_r065,ESF12,0.9272727272727272,,
1b,D2-K3par,0.25,65,D2-K3par_e25_r065,Alg2_Rs20,0.9272727272727272,,
1b,D2-K3par,0.25,65,D2-K3par_e25_r065,Alg2_Ru10,0.9272727272727272,,
1b,D2-K3par,0.25,65,D2-K3par_e25_r065,TCRlong(0.40)+rw+A2_Rs20,0.9272727272727272,,
1b,D2-K3par,0.25,65,D2-K3par_e25_r065,TCRlong(0.40)+rw+A2_Ru10,0.9272727272727272,,
1b,D2-K3par,0.3,65,D2-K3par_e30_r065,ESF12alone,0.9117647058823529,0.32,0.4201622699620202
1b,D2-K3par,0.3,65,D2-K3par_e30_r065,ESF12,0.9117647058823529,,
1b,D2-K3par,0.3,65,D2-K3par_e30_r065,Alg2_Rs20,0.9117647058823529,,
1b,D2-K3par,0.3,65,D2-K3par_e30_r065,Alg2_Ru10,0.9117647058823529,,
1b,D2-K3par,0.3,65,D2-K3par_e30_r065,TCRlong(0.40)+rw+A2_Rs20,0.9166666666666666,,
1b,D2-K3par,0.3,65,D2-K3par_e30_r065,TCRlong(0.40)+rw+A2_Ru10,0.9166666666666666,,
1b,D2-K3par,0.35,65,D2-K3par_e35_r065,ESF12alone,0.8663594470046083,0.27666666666666667,0.30874350806698203
1b,D2-K3par,0.35,65,D2-K3par_e35_r065,ESF12,0.8663594470046083,,
1b,D2-K3par,0.35,65,D2-K3par_e35_r065,Alg2_Rs20,0.6774193548387096,,
1b,D2-K3par,0.35,65,D2-K3par_e35_r065,Alg2_Ru10,0.6774193548387096,,
1b,D2-K3par,0.35,65,D2-K3par_e35_r065,TCRlong(0.40)+rw+A2_Rs20,0.8709677419354839,,
1b,D2-K3par,0.35,65,D2-K3par_e35_r065,TCRlong(0.40)+rw+A2_Ru10,0.8709677419354839,,
1b,D3-unequal,0.25,65,D3-unequal_e25_r065,ESF12alone,0.9118942731277533,0.24333333333333335,0.09222208091523498
1b,D3-unequal,0.25,65,D3-unequal_e25_r065,ESF12,0.9118942731277533,,
1b,D3-unequal,0.25,65,D3-unequal_e25_r065,Alg2_Rs20,0.9118942731277533,,
1b,D3-unequal,0.25,65,D3-unequal_e25_r065,Alg2_Ru10,0.9118942731277533,,
1b,D3-unequal,0.25,65,D3-unequal_e25_r065,TCRlong(0.40)+rw+A2_Rs20,0.9118942731277533,,
1b,D3-unequal,0.25,65,D3-unequal_e25_r065,TCRlong(0.40)+rw+A2_Ru10,0.9118942731277533,,
1b,D3-unequal,0.3,65,D3-unequal_e30_r065,ESF12alone,0.745,0.16666666666666666,0.10244551207870245
1b,D3-unequal,0.3,65,D3-unequal_e30_r065,ESF12,0.745,,
1b,D3-unequal,0.3,65,D3-unequal_e30_r065,Alg2_Rs20,0.935,,
1b,D3-unequal,0.3,65,D3-unequal_e30_r065,Alg2_Ru10,0.935,,
1b,D3-unequal,0.3,65,D3-unequal_e30_r065,TCRlong(0.40)+rw+A2_Rs20,0.935,,
1b,D3-unequal,0.3,65,D3-unequal_e30_r065,TCRlong(0.40)+rw+A2_Ru10,0.935,,
1b,D3-unequal,0.35,65,D3-unequal_e35_r065,ESF12alone,0.9122807017543859,0.43,0.0785240939585492
1b,D3-unequal,0.35,65,D3-unequal_e35_r065,ESF12,0.9122807017543859,,
1b,D3-unequal,0.35,65,D3-unequal_e35_r065,Alg2_Rs20,0.9239766081871345,,
1b,D3-unequal,0.35,65,D3-unequal_e35_r065,Alg2_Ru10,0.9239766081871345,,
1b,D3-unequal,0.35,65,D3-unequal_e35_r065,TCRlong(0.40)+rw+A2_Rs20,0.7660818713450293,,
1b,D3-unequal,0.35,65,D3-unequal_e35_r065,TCRlong(0.40)+rw+A2_Ru10,0.7660818713450293,,
1b,D4-hetero,0.25,65,D4-hetero_e25_r065,ESF12alone,0.9090909090909091,0.27,0.08058075199369341
1b,D4-hetero,0.25,65,D4-hetero_e25_r065,ESF12,0.9090909090909091,,
1b,D4-hetero,0.25,65,D4-hetero_e25_r065,Alg2_Rs20,0.9090909090909091,,
1b,D4-hetero,0.25,65,D4-hetero_e25_r065,Alg2_Ru10,0.9090909090909091,,
1b,D4-hetero,0.25,65,D4-hetero_e25_r065,TCRlong(0.40)+rw+A2_Rs20,0.9136363636363637,,
1b,D4-hetero,0.25,65,D4-hetero_e25_r065,TCRlong(0.40)+rw+A2_Ru10,0.9136363636363637,,
1b,D4-hetero,0.3,65,D4-hetero_e30_r065,ESF12alone,0.9365853658536586,0.3233333333333333,0.08016726700589061
1b,D4-hetero,0.3,65,D4-hetero_e30_r065,ESF12,0.9365853658536586,,
1b,D4-hetero,0.3,65,D4-hetero_e30_r065,Alg2_Rs20,0.926829268292683,,
1b,D4-hetero,0.3,65,D4-hetero_e30_r065,Alg2_Ru10,0.926829268292683,,
1b,D4-hetero,0.3,65,D4-hetero_e30_r065,TCRlong(0.40)+rw+A2_Rs20,0.9317073170731708,,
1b,D4-hetero,0.3,65,D4-hetero_e30_r065,TCRlong(0.40)+rw+A2_Ru10,0.9317073170731708,,
1b,D4-hetero,0.35,65,D4-hetero_e35_r065,ESF12alone,0.9264705882352942,0.3333333333333333,0.09315584099385887
1b,D4-hetero,0.35,65,D4-hetero_e35_r065,ESF12,0.9264705882352942,,
1b,D4-hetero,0.35,65,D4-hetero_e35_r065,Alg2_Rs20,0.9264705882352942,,
1b,D4-hetero,0.35,65,D4-hetero_e35_r065,Alg2_Ru10,0.9264705882352942,,
1b,D4-hetero,0.35,65,D4-hetero_e35_r065,TCRlong(0.40)+rw+A2_Rs20,0.9264705882352942,,
1b,D4-hetero,0.35,65,D4-hetero_e35_r065,TCRlong(0.40)+rw+A2_Ru10,0.9264705882352942,,
1b,D5-leverage,0.25,65,D5-leverage_e25_r065,ESF12alone,0.9118942731277533,0.24666666666666667,0.07308177195955068
1b,D5-leverage,0.25,65,D5-leverage_e25_r065,ESF12,0.9118942731277533,,
1b,D5-leverage,0.25,65,D5-leverage_e25_r065,Alg2_Rs20,0.9118942731277533,,
1b,D5-leverage,0.25,65,D5-leverage_e25_r065,Alg2_Ru10,0.9118942731277533,,
1b,D5-leverage,0.25,65,D5-leverage_e25_r065,TCRlong(0.40)+rw+A2_Rs20,0.9118942731277533,,
1b,D5-leverage,0.25,65,D5-leverage_e25_r065,TCRlong(0.40)+rw+A2_Ru10,0.9118942731277533,,
1b,D5-leverage,0.3,65,D5-leverage_e30_r065,ESF12alone,0.5275229357798165,0.09,0.07523512607440352
1b,D5-leverage,0.3,65,D5-leverage_e30_r065,ESF12,0.5229357798165137,,
1b,D5-leverage,0.3,65,D5-leverage_e30_r065,Alg2_Rs20,0.5275229357798165,,
1b,D5-leverage,0.3,65,D5-leverage_e30_r065,Alg2_Ru10,0.5275229357798165,,
1b,D5-leverage,0.3,65,D5-leverage_e30_r065,TCRlong(0.40)+rw+A2_Rs20,0.5229357798165137,,
1b,D5-leverage,0.3,65,D5-leverage_e30_r065,TCRlong(0.40)+rw+A2_Ru10,0.5229357798165137,,
1b,D5-leverage,0.35,65,D5-leverage_e35_r065,ESF12alone,0.5380710659898477,0.016666666666666666,0.07811836898326874
1b,D5-leverage,0.35,65,D5-leverage_e35_r065,ESF12,0.5380710659898477,,
1b,D5-leverage,0.35,65,D5-leverage_e35_r065,Alg2_Rs20,0.5380710659898477,,
1b,D5-leverage,0.35,65,D5-leverage_e35_r065,Alg2_Ru10,0.5380710659898477,,
1b,D5-leverage,0.35,65,D5-leverage_e35_r065,TCRlong(0.40)+rw+A2_Rs20,0.5380710659898477,,
1b,D5-leverage,0.35,65,D5-leverage_e35_r065,TCRlong(0.40)+rw+A2_Ru10,0.5380710659898477,,
1b,D6-uniform,0.25,65,D6-uniform_e25_r065,ESF12alone,0.9305555555555556,0.11333333333333333,0.07923964690417051
1b,D6-uniform,0.25,65,D6-uniform_e25_r065,ESF12,0.9305555555555556,,
1b,D6-uniform,0.25,65,D6-uniform_e25_r065,Alg2_Rs20,0.5,,
1b,D6-uniform,0.25,65,D6-uniform_e25_r065,Alg2_Ru10,0.5,,
1b,D6-uniform,0.25,65,D6-uniform_e25_r065,TCRlong(0.40)+rw+A2_Rs20,0.5277777777777778,,
1b,D6-uniform,0.25,65,D6-uniform_e25_r065,TCRlong(0.40)+rw+A2_Ru10,0.5277777777777778,,
1b,D6-uniform,0.3,65,D6-uniform_e30_r065,ESF12alone,0.5194174757281553,0.0033333333333333335,0.07894767296966165
1b,D6-uniform,0.3,65,D6-uniform_e30_r065,ESF12,0.5194174757281553,,
1b,D6-uniform,0.3,65,D6-uniform_e30_r065,Alg2_Rs20,0.5194174757281553,,
1b,D6-uniform,0.3,65,D6-uniform_e30_r065,Alg2_Ru10,0.5194174757281553,,
1b,D6-uniform,0.3,65,D6-uniform_e30_r065,TCRlong(0.40)+rw+A2_Rs20,0.9029126213592233,,
1b,D6-uniform,0.3,65,D6-uniform_e30_r065,TCRlong(0.40)+rw+A2_Ru10,0.9029126213592233,,
1b,D6-uniform,0.35,65,D6-uniform_e35_r065,ESF12alone,0.515,0.0,0.07504782802425325
1b,D6-uniform,0.35,65,D6-uniform_e35_r065,ESF12,0.515,,
1b,D6-uniform,0.35,65,D6-uniform_e35_r065,Alg2_Rs20,0.51,,
1b,D6-uniform,0.35,65,D6-uniform_e35_r065,Alg2_Ru10,0.51,,
1b,D6-uniform,0.35,65,D6-uniform_e35_r065,TCRlong(0.40)+rw+A2_Rs20,0.925,,
1b,D6-uniform,0.35,65,D6-uniform_e35_r065,TCRlong(0.40)+rw+A2_Ru10,0.625,,
1b,D7-p3,0.25,65,D7-p3_e25_r065,ESF12alone,0.9013452914798207,0.26,1.8451771100517362
1b,D7-p3,0.25,65,D7-p3_e25_r065,ESF12,0.9013452914798207,,
1b,D7-p3,0.25,65,D7-p3_e25_r065,Alg2_Rs20,0.8923766816143498,,
1b,D7-p3,0.25,65,D7-p3_e25_r065,Alg2_Ru10,0.8923766816143498,,
1b,D7-p3,0.25,65,D7-p3_e25_r065,TCRlong(0.40)+rw+A2_Rs20,0.8968609865470852,,
1b,D7-p3,0.25,65,D7-p3_e25_r065,TCRlong(0.40)+rw+A2_Ru10,0.8968609865470852,,
1b,D7-p3,0.3,65,D7-p3_e30_r065,ESF12alone,0.9047619047619048,0.3,1.0220675140153617
1b,D7-p3,0.3,65,D7-p3_e30_r065,ESF12,0.9047619047619048,,
1b,D7-p3,0.3,65,D7-p3_e30_r065,Alg2_Rs20,0.9047619047619048,,
1b,D7-p3,0.3,65,D7-p3_e30_r065,Alg2_Ru10,0.9047619047619048,,
1b,D7-p3,0.3,65,D7-p3_e30_r065,TCRlong(0.40)+rw+A2_Rs20,0.9,,
1b,D7-p3,0.3,65,D7-p3_e30_r065,TCRlong(0.40)+rw+A2_Ru10,0.9,,
1b,D7-p3,0.35,65,D7-p3_e35_r065,ESF12alone,0.900497512437811,0.35333333333333333,1.1130966800265014
1b,D7-p3,0.35,65,D7-p3_e35_r065,ESF12,0.900497512437811,,
1b,D7-p3,0.35,65,D7-p3_e35_r065,Alg2_Rs20,0.900497512437811,,
1b,D7-p3,0.35,65,D7-p3_e35_r065,Alg2_Ru10,0.900497512437811,,
1b,D7-p3,0.35,65,D7-p3_e35_r065,TCRlong(0.40)+rw+A2_Rs20,0.8955223880597015,,
1b,D7-p3,0.35,65,D7-p3_e35_r065,TCRlong(0.40)+rw+A2_Ru10,0.8955223880597015,,
1b,D8-K2par-sep,0.25,65,D8-K2par-sep_e25_r065,ESF12alone,1.0,0.22333333333333333,0.0431013279594481
1b,D8-K2par-sep,0.25,65,D8-K2par-sep_e25_r065,ESF12,1.0,,
1b,D8-K2par-sep,0.25,65,D8-K2par-sep_e25_r065,Alg2_Rs20,1.0,,
1b,D8-K2par-sep,0.25,65,D8-K2par-sep_e25_r065,Alg2_Ru10,1.0,,
1b,D8-K2par-sep,0.25,65,D8-K2par-sep_e25_r065,TCRlong(0.40)+rw+A2_Rs20,1.0,,
1b,D8-K2par-sep,0.25,65,D8-K2par-sep_e25_r065,TCRlong(0.40)+rw+A2_Ru10,1.0,,
1b,D8-K2par-sep,0.3,65,D8-K2par-sep_e30_r065,ESF12alone,1.0,0.28,0.07391131995245814
1b,D8-K2par-sep,0.3,65,D8-K2par-sep_e30_r065,ESF12,1.0,,
1b,D8-K2par-sep,0.3,65,D8-K2par-sep_e30_r065,Alg2_Rs20,1.0,,
1b,D8-K2par-sep,0.3,65,D8-K2par-sep_e30_r065,Alg2_Ru10,1.0,,
1b,D8-K2par-sep,0.3,65,D8-K2par-sep_e30_r065,TCRlong(0.40)+rw+A2_Rs20,1.0,,
1b,D8-K2par-sep,0.3,65,D8-K2par-sep_e30_r065,TCRlong(0.40)+rw+A2_Ru10,1.0,,
1b,D8-K2par-sep,0.35,65,D8-K2par-sep_e35_r065,ESF12alone,1.0,0.32666666666666666,0.07163925701752305
1b,D8-K2par-sep,0.35,65,D8-K2par-sep_e35_r065,ESF12,1.0,,
1b,D8-K2par-sep,0.35,65,D8-K2par-sep_e35_r065,Alg2_Rs20,1.0,,
1b,D8-K2par-sep,0.35,65,D8-K2par-sep_e35_r065,Alg2_Ru10,1.0,,
1b,D8-K2par-sep,0.35,65,D8-K2par-sep_e35_r065,TCRlong(0.40)+rw+A2_Rs20,1.0,,
1b,D8-K2par-sep,0.35,65,D8-K2par-sep_e35_r065,TCRlong(0.40)+rw+A2_Ru10,1.0,,
1b,D1-K2cross,0.25,66,D1-K2cross_e25_r066,ESF12alone,0.8930041152263375,0.2,0.07209743408020586
1b,D1-K2cross,0.25,66,D1-K2cross_e25_r066,ESF12,0.8930041152263375,,
1b,D1-K2cross,0.25,66,D1-K2cross_e25_r066,Alg2_Rs20,0.8930041152263375,,
1b,D1-K2cross,0.25,66,D1-K2cross_e25_r066,Alg2_Ru10,0.8930041152263375,,
1b,D1-K2cross,0.25,66,D1-K2cross_e25_r066,TCRlong(0.40)+rw+A2_Rs20,0.8930041152263375,,
1b,D1-K2cross,0.25,66,D1-K2cross_e25_r066,TCRlong(0.40)+rw+A2_Ru10,0.8930041152263375,,
1b,D1-K2cross,0.3,66,D1-K2cross_e30_r066,ESF12alone,0.8925233644859814,0.2866666666666667,0.07490840600803494
1b,D1-K2cross,0.3,66,D1-K2cross_e30_r066,ESF12,0.8925233644859814,,
1b,D1-K2cross,0.3,66,D1-K2cross_e30_r066,Alg2_Rs20,0.8925233644859814,,
1b,D1-K2cross,0.3,66,D1-K2cross_e30_r066,Alg2_Ru10,0.8925233644859814,,
1b,D1-K2cross,0.3,66,D1-K2cross_e30_r066,TCRlong(0.40)+rw+A2_Rs20,0.8878504672897196,,
1b,D1-K2cross,0.3,66,D1-K2cross_e30_r066,TCRlong(0.40)+rw+A2_Ru10,0.8878504672897196,,
1b,D1-K2cross,0.35,66,D1-K2cross_e35_r066,ESF12alone,0.9108910891089109,0.32666666666666666,0.07493820996023715
1b,D1-K2cross,0.35,66,D1-K2cross_e35_r066,ESF12,0.9108910891089109,,
1b,D1-K2cross,0.35,66,D1-K2cross_e35_r066,Alg2_Rs20,0.9108910891089109,,
1b,D1-K2cross,0.35,66,D1-K2cross_e35_r066,Alg2_Ru10,0.9108910891089109,,
1b,D1-K2cross,0.35,66,D1-K2cross_e35_r066,TCRlong(0.40)+rw+A2_Rs20,0.9108910891089109,,
1b,D1-K2cross,0.35,66,D1-K2cross_e35_r066,TCRlong(0.40)+rw+A2_Ru10,0.9108910891089109,,
1b,D2-K3par,0.25,66,D2-K3par_e25_r066,ESF12alone,0.8706896551724138,0.22666666666666666,0.2966215980704874
1b,D2-K3par,0.25,66,D2-K3par_e25_r066,ESF12,0.8706896551724138,,
1b,D2-K3par,0.25,66,D2-K3par_e25_r066,Alg2_Rs20,0.875,,
1b,D2-K3par,0.25,66,D2-K3par_e25_r066,Alg2_Ru10,0.875,,
1b,D2-K3par,0.25,66,D2-K3par_e25_r066,TCRlong(0.40)+rw+A2_Rs20,0.8706896551724138,,
1b,D2-K3par,0.25,66,D2-K3par_e25_r066,TCRlong(0.40)+rw+A2_Ru10,0.8706896551724138,,
1b,D2-K3par,0.3,66,D2-K3par_e30_r066,ESF12alone,0.6976744186046512,0.12666666666666668,0.4409506160300225
1b,D2-K3par,0.3,66,D2-K3par_e30_r066,ESF12,0.6976744186046512,,
1b,D2-K3par,0.3,66,D2-K3par_e30_r066,Alg2_Rs20,0.6976744186046512,,
1b,D2-K3par,0.3,66,D2-K3par_e30_r066,Alg2_Ru10,0.6976744186046512,,
1b,D2-K3par,0.3,66,D2-K3par_e30_r066,TCRlong(0.40)+rw+A2_Rs20,0.8790697674418605,,
1b,D2-K3par,0.3,66,D2-K3par_e30_r066,TCRlong(0.40)+rw+A2_Ru10,0.8790697674418605,,
1b,D2-K3par,0.35,66,D2-K3par_e35_r066,ESF12alone,0.34972677595628415,0.0,0.3883431450231001
1b,D2-K3par,0.35,66,D2-K3par_e35_r066,ESF12,0.34972677595628415,,
1b,D2-K3par,0.35,66,D2-K3par_e35_r066,Alg2_Rs20,0.34972677595628415,,
1b,D2-K3par,0.35,66,D2-K3par_e35_r066,Alg2_Ru10,0.34972677595628415,,
1b,D2-K3par,0.35,66,D2-K3par_e35_r066,TCRlong(0.40)+rw+A2_Rs20,0.639344262295082,,
1b,D2-K3par,0.35,66,D2-K3par_e35_r066,TCRlong(0.40)+rw+A2_Ru10,0.639344262295082,,
1b,D3-unequal,0.25,66,D3-unequal_e25_r066,ESF12alone,0.9191489361702128,0.21666666666666667,0.086976767051965
1b,D3-unequal,0.25,66,D3-unequal_e25_r066,ESF12,0.9191489361702128,,
1b,D3-unequal,0.25,66,D3-unequal_e25_r066,Alg2_Rs20,0.9063829787234042,,
1b,D3-unequal,0.25,66,D3-unequal_e25_r066,Alg2_Ru10,0.9063829787234042,,
1b,D3-unequal,0.25,66,D3-unequal_e25_r066,TCRlong(0.40)+rw+A2_Rs20,0.9191489361702128,,
1b,D3-unequal,0.25,66,D3-unequal_e25_r066,TCRlong(0.40)+rw+A2_Ru10,0.9191489361702128,,
1b,D3-unequal,0.3,66,D3-unequal_e30_r066,ESF12alone,0.9279279279279279,0.26,0.08393688395153731
1b,D3-unequal,0.3,66,D3-unequal_e30_r066,ESF12,0.9279279279279279,,
1b,D3-unequal,0.3,66,D3-unequal_e30_r066,Alg2_Rs20,0.9279279279279279,,
1b,D3-unequal,0.3,66,D3-unequal_e30_r066,Alg2_Ru10,0.9279279279279279,,
1b,D3-unequal,0.3,66,D3-unequal_e30_r066,TCRlong(0.40)+rw+A2_Rs20,0.9279279279279279,,
1b,D3-unequal,0.3,66,D3-unequal_e30_r066,TCRlong(0.40)+rw+A2_Ru10,0.9279279279279279,,
1b,D3-unequal,0.35,66,D3-unequal_e35_r066,ESF12alone,0.7474226804123711,0.19333333333333333,0.07845521892886609
1b,D3-unequal,0.35,66,D3-unequal_e35_r066,ESF12,0.7474226804123711,,
1b,D3-unequal,0.35,66,D3-unequal_e35_r066,Alg2_Rs20,0.7474226804123711,,
1b,D3-unequal,0.35,66,D3-unequal_e35_r066,Alg2_Ru10,0.7474226804123711,,
1b,D3-unequal,0.35,66,D3-unequal_e35_r066,TCRlong(0.40)+rw+A2_Rs20,0.7525773195876289,,
1b,D3-unequal,0.35,66,D3-unequal_e35_r066,TCRlong(0.40)+rw+A2_Ru10,0.7525773195876289,,
1b,D4-hetero,0.25,66,D4-hetero_e25_r066,ESF12alone,0.8903508771929824,0.24666666666666667,0.07435168407391757
1b,D4-hetero,0.25,66,D4-hetero_e25_r066,ESF12,0.8903508771929824,,
1b,D4-hetero,0.25,66,D4-hetero_e25_r066,Alg2_Rs20,0.8903508771929824,,
1b,D4-hetero,0.25,66,D4-hetero_e25_r066,Alg2_Ru10,0.8903508771929824,,
1b,D4-hetero,0.25,66,D4-hetero_e25_r066,TCRlong(0.40)+rw+A2_Rs20,0.8859649122807017,,
1b,D4-hetero,0.25,66,D4-hetero_e25_r066,TCRlong(0.40)+rw+A2_Ru10,0.8859649122807017,,
1b,D4-hetero,0.3,66,D4-hetero_e30_r066,ESF12alone,0.9264705882352942,0.3333333333333333,0.07406985794659704
1b,D4-hetero,0.3,66,D4-hetero_e30_r066,ESF12,0.9264705882352942,,
1b,D4-hetero,0.3,66,D4-hetero_e30_r066,Alg2_Rs20,0.9264705882352942,,
1b,D4-hetero,0.3,66,D4-hetero_e30_r066,Alg2_Ru10,0.9264705882352942,,
1b,D4-hetero,0.3,66,D4-hetero_e30_r066,TCRlong(0.40)+rw+A2_Rs20,0.9264705882352942,,
1b,D4-hetero,0.3,66,D4-hetero_e30_r066,TCRlong(0.40)+rw+A2_Ru10,0.9264705882352942,,
1b,D4-hetero,0.35,66,D4-hetero_e35_r066,ESF12alone,0.5522388059701493,0.12333333333333334,0.07922989397775382
1b,D4-hetero,0.35,66,D4-hetero_e35_r066,ESF12,0.5522388059701493,,
1b,D4-hetero,0.35,66,D4-hetero_e35_r066,Alg2_Rs20,0.5522388059701493,,
1b,D4-hetero,0.35,66,D4-hetero_e35_r066,Alg2_Ru10,0.5522388059701493,,
1b,D4-hetero,0.35,66,D4-hetero_e35_r066,TCRlong(0.40)+rw+A2_Rs20,0.9154228855721394,,
1b,D4-hetero,0.35,66,D4-hetero_e35_r066,TCRlong(0.40)+rw+A2_Ru10,0.9154228855721394,,
1b,D5-leverage,0.25,66,D5-leverage_e25_r066,ESF12alone,0.5560344827586207,0.08,0.07486078201327473
1b,D5-leverage,0.25,66,D5-leverage_e25_r066,ESF12,0.5560344827586207,,
1b,D5-leverage,0.25,66,D5-leverage_e25_r066,Alg2_Rs20,0.5560344827586207,,
1b,D5-leverage,0.25,66,D5-leverage_e25_r066,Alg2_Ru10,0.5560344827586207,,
1b,D5-leverage,0.25,66,D5-leverage_e25_r066,TCRlong(0.40)+rw+A2_Rs20,0.8793103448275862,,
1b,D5-leverage,0.25,66,D5-leverage_e25_r066,TCRlong(0.40)+rw+A2_Ru10,0.8793103448275862,,
1b,D5-leverage,0.3,66,D5-leverage_e30_r066,ESF12alone,0.5639810426540285,0.09666666666666666,0.08085591299459338
1b,D5-leverage,0.3,66,D5-leverage_e30_r066,ESF12,0.5639810426540285,,
1b,D5-leverage,0.3,66,D5-leverage_e30_r066,Alg2_Rs20,0.5639810426540285,,
1b,D5-leverage,0.3,66,D5-leverage_e30_r066,Alg2_Ru10,0.5639810426540285,,
1b,D5-leverage,0.3,66,D5-leverage_e30_r066,TCRlong(0.40)+rw+A2_Rs20,0.5592417061611374,,
1b,D5-leverage,0.3,66,D5-leverage_e30_r066,TCRlong(0.40)+rw+A2_Ru10,0.5592417061611374,,
1b,D5-leverage,0.35,66,D5-leverage_e35_r066,ESF12alone,0.5577889447236181,0.01,0.083886788925156
1b,D5-leverage,0.35,66,D5-leverage_e35_r066,ESF12,0.5577889447236181,,
1b,D5-leverage,0.35,66,D5-leverage_e35_r066,Alg2_Rs20,0.5628140703517588,,
1b,D5-leverage,0.35,66,D5-leverage_e35_r066,Alg2_Ru10,0.5628140703517588,,
1b,D5-leverage,0.35,66,D5-leverage_e35_r066,TCRlong(0.40)+rw+A2_Rs20,0.5728643216080402,,
1b,D5-leverage,0.35,66,D5-leverage_e35_r066,TCRlong(0.40)+rw+A2_Ru10,0.5728643216080402,,
1b,D6-uniform,0.25,66,D6-uniform_e25_r066,ESF12alone,0.8977777777777778,0.22,0.07940313592553139
1b,D6-uniform,0.25,66,D6-uniform_e25_r066,ESF12,0.8977777777777778,,
1b,D6-uniform,0.25,66,D6-uniform_e25_r066,Alg2_Rs20,0.9022222222222223,,
1b,D6-uniform,0.25,66,D6-uniform_e25_r066,Alg2_Ru10,0.9022222222222223,,
1b,D6-uniform,0.25,66,D6-uniform_e25_r066,TCRlong(0.40)+rw+A2_Rs20,0.8977777777777778,,
1b,D6-uniform,0.25,66,D6-uniform_e25_r066,TCRlong(0.40)+rw+A2_Ru10,0.8977777777777778,,
1b,D6-uniform,0.3,66,D6-uniform_e30_r066,ESF12alone,0.5,0.0,0.08330861805006862
1b,D6-uniform,0.3,66,D6-uniform_e30_r066,ESF12,0.5,,
1b,D6-uniform,0.3,66,D6-uniform_e30_r066,Alg2_Rs20,0.8894230769230769,,
1b,D6-uniform,0.3,66,D6-uniform_e30_r066,Alg2_Ru10,0.8894230769230769,,
1b,D6-uniform,0.3,66,D6-uniform_e30_r066,TCRlong(0.40)+rw+A2_Rs20,0.5673076923076923,,
1b,D6-uniform,0.3,66,D6-uniform_e30_r066,TCRlong(0.40)+rw+A2_Ru10,0.5673076923076923,,
1b,D6-uniform,0.35,66,D6-uniform_e35_r066,ESF12alone,0.5076923076923077,0.0,0.0830164800863713
1b,D6-uniform,0.35,66,D6-uniform_e35_r066,ESF12,0.5076923076923077,,
1b,D6-uniform,0.35,66,D6-uniform_e35_r066,Alg2_Rs20,0.5025641025641026,,
1b,D6-uniform,0.35,66,D6-uniform_e35_r066,Alg2_Ru10,0.5025641025641026,,
1b,D6-uniform,0.35,66,D6-uniform_e35_r066,TCRlong(0.40)+rw+A2_Rs20,0.517948717948718,,
1b,D6-uniform,0.35,66,D6-uniform_e35_r066,TCRlong(0.40)+rw+A2_Ru10,0.517948717948718,,
1b,D7-p3,0.25,66,D7-p3_e25_r066,ESF12alone,0.9032258064516129,0.2833333333333333,1.8711563649121672
1b,D7-p3,0.25,66,D7-p3_e25_r066,ESF12,0.9032258064516129,,
1b,D7-p3,0.25,66,D7-p3_e25_r066,Alg2_Rs20,0.9078341013824884,,
1b,D7-p3,0.25,66,D7-p3_e25_r066,Alg2_Ru10,0.9078341013824884,,
1b,D7-p3,0.25,66,D7-p3_e25_r066,TCRlong(0.40)+rw+A2_Rs20,0.9078341013824884,,
1b,D7-p3,0.25,66,D7-p3_e25_r066,TCRlong(0.40)+rw+A2_Ru10,0.9078341013824884,,
1b,D7-p3,0.3,66,D7-p3_e30_r066,ESF12alone,0.9023255813953488,0.2866666666666667,1.7765811560675502
1b,D7-p3,0.3,66,D7-p3_e30_r066,ESF12,0.9023255813953488,,
1b,D7-p3,0.3,66,D7-p3_e30_r066,Alg2_Rs20,0.9023255813953488,,
1b,D7-p3,0.3,66,D7-p3_e30_r066,Alg2_Ru10,0.9023255813953488,,
1b,D7-p3,0.3,66,D7-p3_e30_r066,TCRlong(0.40)+rw+A2_Rs20,0.9069767441860465,,
1b,D7-p3,0.3,66,D7-p3_e30_r066,TCRlong(0.40)+rw+A2_Ru10,0.9069767441860465,,
1b,D7-p3,0.35,66,D7-p3_e35_r066,ESF12alone,0.9119170984455959,0.36333333333333334,1.2276498799910769
1b,D7-p3,0.35,66,D7-p3_e35_r066,ESF12,0.9119170984455959,,
1b,D7-p3,0.35,66,D7-p3_e35_r066,Alg2_Rs20,0.9067357512953368,,
1b,D7-p3,0.35,66,D7-p3_e35_r066,Alg2_Ru10,0.9067357512953368,,
1b,D7-p3,0.35,66,D7-p3_e35_r066,TCRlong(0.40)+rw+A2_Rs20,0.9067357512953368,,
1b,D7-p3,0.35,66,D7-p3_e35_r066,TCRlong(0.40)+rw+A2_Ru10,0.9067357512953368,,
1b,D8-K2par-sep,0.25,66,D8-K2par-sep_e25_r066,ESF12alone,1.0,0.2633333333333333,0.04344214894808829
1b,D8-K2par-sep,0.25,66,D8-K2par-sep_e25_r066,ESF12,1.0,,
1b,D8-K2par-sep,0.25,66,D8-K2par-sep_e25_r066,Alg2_Rs20,1.0,,
1b,D8-K2par-sep,0.25,66,D8-K2par-sep_e25_r066,Alg2_Ru10,1.0,,
1b,D8-K2par-sep,0.25,66,D8-K2par-sep_e25_r066,TCRlong(0.40)+rw+A2_Rs20,1.0,,
1b,D8-K2par-sep,0.25,66,D8-K2par-sep_e25_r066,TCRlong(0.40)+rw+A2_Ru10,1.0,,
1b,D8-K2par-sep,0.3,66,D8-K2par-sep_e30_r066,ESF12alone,1.0,0.33,0.04295140702743083
1b,D8-K2par-sep,0.3,66,D8-K2par-sep_e30_r066,ESF12,1.0,,
1b,D8-K2par-sep,0.3,66,D8-K2par-sep_e30_r066,Alg2_Rs20,1.0,,
1b,D8-K2par-sep,0.3,66,D8-K2par-sep_e30_r066,Alg2_Ru10,1.0,,
1b,D8-K2par-sep,0.3,66,D8-K2par-sep_e30_r066,TCRlong(0.40)+rw+A2_Rs20,1.0,,
1b,D8-K2par-sep,0.3,66,D8-K2par-sep_e30_r066,TCRlong(0.40)+rw+A2_Ru10,1.0,,
1b,D8-K2par-sep,0.35,66,D8-K2par-sep_e35_r066,ESF12alone,1.0,0.3933333333333333,0.0817235290305689
1b,D8-K2par-sep,0.35,66,D8-K2par-sep_e35_r066,ESF12,1.0,,
1b,D8-K2par-sep,0.35,66,D8-K2par-sep_e35_r066,Alg2_Rs20,1.0,,
1b,D8-K2par-sep,0.35,66,D8-K2par-sep_e35_r066,Alg2_Ru10,1.0,,
1b,D8-K2par-sep,0.35,66,D8-K2par-sep_e35_r066,TCRlong(0.40)+rw+A2_Rs20,1.0,,
1b,D8-K2par-sep,0.35,66,D8-K2par-sep_e35_r066,TCRlong(0.40)+rw+A2_Ru10,1.0,,
1b,D1-K2cross,0.25,67,D1-K2cross_e25_r067,ESF12alone,0.9070796460176991,0.24666666666666667,0.0772458299761638
1b,D1-K2cross,0.25,67,D1-K2cross_e25_r067,ESF12,0.9070796460176991,,
1b,D1-K2cross,0.25,67,D1-K2cross_e25_r067,Alg2_Rs20,0.9070796460176991,,
1b,D1-K2cross,0.25,67,D1-K2cross_e25_r067,Alg2_Ru10,0.9070796460176991,,
1b,D1-K2cross,0.25,67,D1-K2cross_e25_r067,TCRlong(0.40)+rw+A2_Rs20,0.9070796460176991,,
1b,D1-K2cross,0.25,67,D1-K2cross_e25_r067,TCRlong(0.40)+rw+A2_Ru10,0.9070796460176991,,
1b,D1-K2cross,0.3,67,D1-K2cross_e30_r067,ESF12alone,0.910377358490566,0.29333333333333333,0.08216175402048975
1b,D1-K2cross,0.3,67,D1-K2cross_e30_r067,ESF12,0.910377358490566,,
1b,D1-K2cross,0.3,67,D1-K2cross_e30_r067,Alg2_Rs20,0.910377358490566,,
1b,D1-K2cross,0.3,67,D1-K2cross_e30_r067,Alg2_Ru10,0.910377358490566,,
1b,D1-K2cross,0.3,67,D1-K2cross_e30_r067,TCRlong(0.40)+rw+A2_Rs20,0.910377358490566,,
1b,D1-K2cross,0.3,67,D1-K2cross_e30_r067,TCRlong(0.40)+rw+A2_Ru10,0.910377358490566,,
1b,D1-K2cross,0.35,67,D1-K2cross_e35_r067,ESF12alone,0.9353233830845771,0.33,0.07586305390577763
1b,D1-K2cross,0.35,67,D1-K2cross_e35_r067,ESF12,0.9353233830845771,,
1b,D1-K2cross,0.35,67,D1-K2cross_e35_r067,Alg2_Rs20,0.9353233830845771,,
1b,D1-K2cross,0.35,67,D1-K2cross_e35_r067,Alg2_Ru10,0.9353233830845771,,
1b,D1-K2cross,0.35,67,D1-K2cross_e35_r067,TCRlong(0.40)+rw+A2_Rs20,0.9353233830845771,,
1b,D1-K2cross,0.35,67,D1-K2cross_e35_r067,TCRlong(0.40)+rw+A2_Ru10,0.9353233830845771,,
1b,D2-K3par,0.25,67,D2-K3par_e25_r067,ESF12alone,0.875,0.25333333333333335,0.27972381201107055
1b,D2-K3par,0.25,67,D2-K3par_e25_r067,ESF12,0.875,,
1b,D2-K3par,0.25,67,D2-K3par_e25_r067,Alg2_Rs20,0.8839285714285714,,
1b,D2-K3par,0.25,67,D2-K3par_e25_r067,Alg2_Ru10,0.8839285714285714,,
1b,D2-K3par,0.25,67,D2-K3par_e25_r067,TCRlong(0.40)+rw+A2_Rs20,0.6473214285714286,,
1b,D2-K3par,0.25,67,D2-K3par_e25_r067,TCRlong(0.40)+rw+A2_Ru10,0.6473214285714286,,
1b,D2-K3par,0.3,67,D2-K3par_e30_r067,ESF12alone,0.8888888888888888,0.28,0.326635182951577
1b,D2-K3par,0.3,67,D2-K3par_e30_r067,ESF12,0.8888888888888888,,
1b,D2-K3par,0.3,67,D2-K3par_e30_r067,Alg2_Rs20,0.8657407407407407,,
1b,D2-K3par,0.3,67,D2-K3par_e30_r067,Alg2_Ru10,0.8657407407407407,,
1b,D2-K3par,0.3,67,D2-K3par_e30_r067,TCRlong(0.40)+rw+A2_Rs20,0.8055555555555556,,
1b,D2-K3par,0.3,67,D2-K3par_e30_r067,TCRlong(0.40)+rw+A2_Ru10,0.8055555555555556,,
1b,D2-K3par,0.35,67,D2-K3par_e35_r067,ESF12alone,0.7244897959183674,0.16666666666666666,0.33023142302408814
1b,D2-K3par,0.35,67,D2-K3par_e35_r067,ESF12,0.7244897959183674,,
1b,D2-K3par,0.35,67,D2-K3par_e35_r067,Alg2_Rs20,0.3622448979591837,,
1b,D2-K3par,0.35,67,D2-K3par_e35_r067,Alg2_Ru10,0.3622448979591837,,
1b,D2-K3par,0.35,67,D2-K3par_e35_r067,TCRlong(0.40)+rw+A2_Rs20,0.7244897959183674,,
1b,D2-K3par,0.35,67,D2-K3par_e35_r067,TCRlong(0.40)+rw+A2_Ru10,0.7244897959183674,,
1b,D3-unequal,0.25,67,D3-unequal_e25_r067,ESF12alone,0.9466666666666667,0.25,0.07986579299904406
1b,D3-unequal,0.25,67,D3-unequal_e25_r067,ESF12,0.9466666666666667,,
1b,D3-unequal,0.25,67,D3-unequal_e25_r067,Alg2_Rs20,0.9466666666666667,,
1b,D3-unequal,0.25,67,D3-unequal_e25_r067,Alg2_Ru10,0.9466666666666667,,
1b,D3-unequal,0.25,67,D3-unequal_e25_r067,TCRlong(0.40)+rw+A2_Rs20,0.9466666666666667,,
1b,D3-unequal,0.25,67,D3-unequal_e25_r067,TCRlong(0.40)+rw+A2_Ru10,0.9466666666666667,,
1b,D3-unequal,0.3,67,D3-unequal_e30_r067,ESF12alone,0.8942307692307693,0.31,0.08626572298817337
1b,D3-unequal,0.3,67,D3-unequal_e30_r067,ESF12,0.8942307692307693,,
1b,D3-unequal,0.3,67,D3-unequal_e30_r067,Alg2_Rs20,0.8942307692307693,,
1b,D3-unequal,0.3,67,D3-unequal_e30_r067,Alg2_Ru10,0.8942307692307693,,
1b,D3-unequal,0.3,67,D3-unequal_e30_r067,TCRlong(0.40)+rw+A2_Rs20,0.8942307692307693,,
1b,D3-unequal,0.3,67,D3-unequal_e30_r067,TCRlong(0.40)+rw+A2_Ru10,0.8942307692307693,,
1b,D3-unequal,0.35,67,D3-unequal_e35_r067,ESF12alone,0.9381443298969072,0.3566666666666667,0.09254611597862095
1b,D3-unequal,0.35,67,D3-unequal_e35_r067,ESF12,0.9381443298969072,,
1b,D3-unequal,0.35,67,D3-unequal_e35_r067,Alg2_Rs20,0.9381443298969072,,
1b,D3-unequal,0.35,67,D3-unequal_e35_r067,Alg2_Ru10,0.9381443298969072,,
1b,D3-unequal,0.35,67,D3-unequal_e35_r067,TCRlong(0.40)+rw+A2_Rs20,0.9381443298969072,,
1b,D3-unequal,0.35,67,D3-unequal_e35_r067,TCRlong(0.40)+rw+A2_Ru10,0.9381443298969072,,
1b,D4-hetero,0.25,67,D4-hetero_e25_r067,ESF12alone,0.9141630901287554,0.24,0.08960206608753651
1b,D4-hetero,0.25,67,D4-hetero_e25_r067,ESF12,0.9141630901287554,,
1b,D4-hetero,0.25,67,D4-hetero_e25_r067,Alg2_Rs20,0.9141630901287554,,
1b,D4-hetero,0.25,67,D4-hetero_e25_r067,Alg2_Ru10,0.9141630901287554,,
1b,D4-hetero,0.25,67,D4-hetero_e25_r067,TCRlong(0.40)+rw+A2_Rs20,0.9184549356223176,,
1b,D4-hetero,0.25,67,D4-hetero_e25_r067,TCRlong(0.40)+rw+A2_Ru10,0.9184549356223176,,
1b,D4-hetero,0.3,67,D4-hetero_e30_r067,ESF12alone,0.916256157635468,0.3233333333333333,0.07259392307605594
1b,D4-hetero,0.3,67,D4-hetero_e30_r067,ESF12,0.916256157635468,,
1b,D4-hetero,0.3,67,D4-hetero_e30_r067,Alg2_Rs20,0.916256157635468,,
1b,D4-hetero,0.3,67,D4-hetero_e30_r067,Alg2_Ru10,0.916256157635468,,
1b,D4-hetero,0.3,67,D4-hetero_e30_r067,TCRlong(0.40)+rw+A2_Rs20,0.916256157635468,,
1b,D4-hetero,0.3,67,D4-hetero_e30_r067,TCRlong(0.40)+rw+A2_Ru10,0.916256157635468,,
1b,D4-hetero,0.35,67,D4-hetero_e35_r067,ESF12alone,0.9206349206349206,0.37,0.07485647907014936
1b,D4-hetero,0.35,67,D4-hetero_e35_r067,ESF12,0.9206349206349206,,
1b,D4-hetero,0.35,67,D4-hetero_e35_r067,Alg2_Rs20,0.9206349206349206,,
1b,D4-hetero,0.35,67,D4-hetero_e35_r067,Alg2_Ru10,0.9206349206349206,,
1b,D4-hetero,0.35,67,D4-hetero_e35_r067,TCRlong(0.40)+rw+A2_Rs20,0.9206349206349206,,
1b,D4-hetero,0.35,67,D4-hetero_e35_r067,TCRlong(0.40)+rw+A2_Ru10,0.9206349206349206,,
1b,D5-leverage,0.25,67,D5-leverage_e25_r067,ESF12alone,0.5,0.07666666666666666,0.07251144398469478
1b,D5-leverage,0.25,67,D5-leverage_e25_r067,ESF12,0.5,,
1b,D5-leverage,0.25,67,D5-leverage_e25_r067,Alg2_Rs20,0.5,,
1b,D5-leverage,0.25,67,D5-leverage_e25_r067,Alg2_Ru10,0.5,,
1b,D5-leverage,0.25,67,D5-leverage_e25_r067,TCRlong(0.40)+rw+A2_Rs20,0.9247787610619469,,
1b,D5-leverage,0.25,67,D5-leverage_e25_r067,TCRlong(0.40)+rw+A2_Ru10,0.9247787610619469,,
1b,D5-leverage,0.3,67,D5-leverage_e30_r067,ESF12alone,0.5205479452054794,0.07,0.07248976000119
1b,D5-leverage,0.3,67,D5-leverage_e30_r067,ESF12,0.5205479452054794,,
1b,D5-leverage,0.3,67,D5-leverage_e30_r067,Alg2_Rs20,0.8356164383561644,,
1b,D5-leverage,0.3,67,D5-leverage_e30_r067,Alg2_Ru10,0.8356164383561644,,
1b,D5-leverage,0.3,67,D5-leverage_e30_r067,TCRlong(0.40)+rw+A2_Rs20,0.8949771689497716,,
1b,D5-leverage,0.3,67,D5-leverage_e30_r067,TCRlong(0.40)+rw+A2_Ru10,0.8310502283105022,,
1b,D5-leverage,0.35,67,D5-leverage_e35_r067,ESF12alone,0.5219512195121951,0.0033333333333333335,0.07077231607399881
1b,D5-leverage,0.35,67,D5-leverage_e35_r067,ESF12,0.5219512195121951,,
1b,D5-leverage,0.35,67,D5-leverage_e35_r067,Alg2_Rs20,0.5219512195121951,,
1b,D5-leverage,0.35,67,D5-leverage_e35_r067,Alg2_Ru10,0.5219512195121951,,
1b,D5-leverage,0.35,67,D5-leverage_e35_r067,TCRlong(0.40)+rw+A2_Rs20,0.5219512195121951,,
1b,D5-leverage,0.35,67,D5-leverage_e35_r067,TCRlong(0.40)+rw+A2_Ru10,0.5219512195121951,,
1b,D6-uniform,0.25,67,D6-uniform_e25_r067,ESF12alone,0.8936170212765957,0.18,0.07328738796059042
1b,D6-uniform,0.25,67,D6-uniform_e25_r067,ESF12,0.8936170212765957,,
1b,D6-uniform,0.25,67,D6-uniform_e25_r067,Alg2_Rs20,0.902127659574468,,
1b,D6-uniform,0.25,67,D6-uniform_e25_r067,Alg2_Ru10,0.902127659574468,,
1b,D6-uniform,0.25,67,D6-uniform_e25_r067,TCRlong(0.40)+rw+A2_Rs20,0.8978723404255319,,
1b,D6-uniform,0.25,67,D6-uniform_e25_r067,TCRlong(0.40)+rw+A2_Ru10,0.8978723404255319,,
1b,D6-uniform,0.3,67,D6-uniform_e30_r067,ESF12alone,0.5314009661835749,0.0,0.07639963901601732
1b,D6-uniform,0.3,67,D6-uniform_e30_r067,ESF12,0.5314009661835749,,
1b,D6-uniform,0.3,67,D6-uniform_e30_r067,Alg2_Rs20,0.5314009661835749,,
1b,D6-uniform,0.3,67,D6-uniform_e30_r067,Alg2_Ru10,0.5314009661835749,,
1b,D6-uniform,0.3,67,D6-uniform_e30_r067,TCRlong(0.40)+rw+A2_Rs20,0.9082125603864735,,
1b,D6-uniform,0.3,67,D6-uniform_e30_r067,TCRlong(0.40)+rw+A2_Ru10,0.9082125603864735,,
1b,D6-uniform,0.35,67,D6-uniform_e35_r067,ESF12alone,0.5124378109452736,0.0,0.07670765498187393
1b,D6-uniform,0.35,67,D6-uniform_e35_r067,ESF12,0.5124378109452736,,
1b,D6-uniform,0.35,67,D6-uniform_e35_r067,Alg2_Rs20,0.5024875621890548,,
1b,D6-uniform,0.35,67,D6-uniform_e35_r067,Alg2_Ru10,0.5024875621890548,,
1b,D6-uniform,0.35,67,D6-uniform_e35_r067,TCRlong(0.40)+rw+A2_Rs20,0.6318407960199005,,
1b,D6-uniform,0.35,67,D6-uniform_e35_r067,TCRlong(0.40)+rw+A2_Ru10,0.6318407960199005,,
1b,D7-p3,0.25,67,D7-p3_e25_r067,ESF12alone,0.9147982062780269,0.27,1.7970103489933535
1b,D7-p3,0.25,67,D7-p3_e25_r067,ESF12,0.9147982062780269,,
1b,D7-p3,0.25,67,D7-p3_e25_r067,Alg2_Rs20,0.9237668161434978,,
1b,D7-p3,0.25,67,D7-p3_e25_r067,Alg2_Ru10,0.9237668161434978,,
1b,D7-p3,0.25,67,D7-p3_e25_r067,TCRlong(0.40)+rw+A2_Rs20,0.9147982062780269,,
1b,D7-p3,0.25,67,D7-p3_e25_r067,TCRlong(0.40)+rw+A2_Ru10,0.9147982062780269,,
1b,D7-p3,0.3,67,D7-p3_e30_r067,ESF12alone,0.91324200913242,0.27666666666666667,1.8387538120150566
1b,D7-p3,0.3,67,D7-p3_e30_r067,ESF12,0.91324200913242,,
1b,D7-p3,0.3,67,D7-p3_e30_r067,Alg2_Rs20,0.908675799086758,,
1b,D7-p3,0.3,67,D7-p3_e30_r067,Alg2_Ru10,0.908675799086758,,
1b,D7-p3,0.3,67,D7-p3_e30_r067,TCRlong(0.40)+rw+A2_Rs20,0.908675799086758,,
1b,D7-p3,0.3,67,D7-p3_e30_r067,TCRlong(0.40)+rw+A2_Ru10,0.908675799086758,,
1b,D7-p3,0.35,67,D7-p3_e35_r067,ESF12alone,0.86,0.3333333333333333,1.7155653919326141
1b,D7-p3,0.35,67,D7-p3_e35_r067,ESF12,0.86,,
1b,D7-p3,0.35,67,D7-p3_e35_r067,Alg2_Rs20,0.86,,
1b,D7-p3,0.35,67,D7-p3_e35_r067,Alg2_Ru10,0.86,,
1b,D7-p3,0.35,67,D7-p3_e35_r067,TCRlong(0.40)+rw+A2_Rs20,0.865,,
1b,D7-p3,0.35,67,D7-p3_e35_r067,TCRlong(0.40)+rw+A2_Ru10,0.865,,
1b,D8-K2par-sep,0.25,67,D8-K2par-sep_e25_r067,ESF12alone,1.0,0.21333333333333335,0.05229286593385041
1b,D8-K2par-sep,0.25,67,D8-K2par-sep_e25_r067,ESF12,1.0,,
1b,D8-K2par-sep,0.25,67,D8-K2par-sep_e25_r067,Alg2_Rs20,1.0,,
1b,D8-K2par-sep,0.25,67,D8-K2par-sep_e25_r067,Alg2_Ru10,1.0,,
1b,D8-K2par-sep,0.25,67,D8-K2par-sep_e25_r067,TCRlong(0.40)+rw+A2_Rs20,1.0,,
1b,D8-K2par-sep,0.25,67,D8-K2par-sep_e25_r067,TCRlong(0.40)+rw+A2_Ru10,1.0,,
1b,D8-K2par-sep,0.3,67,D8-K2par-sep_e30_r067,ESF12alone,1.0,0.28,0.04235643497668207
1b,D8-K2par-sep,0.3,67,D8-K2par-sep_e30_r067,ESF12,1.0,,
1b,D8-K2par-sep,0.3,67,D8-K2par-sep_e30_r067,Alg2_Rs20,1.0,,
1b,D8-K2par-sep,0.3,67,D8-K2par-sep_e30_r067,Alg2_Ru10,1.0,,
1b,D8-K2par-sep,0.3,67,D8-K2par-sep_e30_r067,TCRlong(0.40)+rw+A2_Rs20,1.0,,
1b,D8-K2par-sep,0.3,67,D8-K2par-sep_e30_r067,TCRlong(0.40)+rw+A2_Ru10,1.0,,
1b,D8-K2par-sep,0.35,67,D8-K2par-sep_e35_r067,ESF12alone,1.0,0.33666666666666667,0.04171161993872374
1b,D8-K2par-sep,0.35,67,D8-K2par-sep_e35_r067,ESF12,1.0,,
1b,D8-K2par-sep,0.35,67,D8-K2par-sep_e35_r067,Alg2_Rs20,1.0,,
1b,D8-K2par-sep,0.35,67,D8-K2par-sep_e35_r067,Alg2_Ru10,1.0,,
1b,D8-K2par-sep,0.35,67,D8-K2par-sep_e35_r067,TCRlong(0.40)+rw+A2_Rs20,1.0,,
1b,D8-K2par-sep,0.35,67,D8-K2par-sep_e35_r067,TCRlong(0.40)+rw+A2_Ru10,1.0,,
1b,D1-K2cross,0.25,68,D1-K2cross_e25_r068,ESF12alone,0.9251101321585903,0.24333333333333335,0.0873841040302068
1b,D1-K2cross,0.25,68,D1-K2cross_e25_r068,ESF12,0.9251101321585903,,
1b,D1-K2cross,0.25,68,D1-K2cross_e25_r068,Alg2_Rs20,0.9251101321585903,,
1b,D1-K2cross,0.25,68,D1-K2cross_e25_r068,Alg2_Ru10,0.9251101321585903,,
1b,D1-K2cross,0.25,68,D1-K2cross_e25_r068,TCRlong(0.40)+rw+A2_Rs20,0.9251101321585903,,
1b,D1-K2cross,0.25,68,D1-K2cross_e25_r068,TCRlong(0.40)+rw+A2_Ru10,0.9251101321585903,,
1b,D1-K2cross,0.3,68,D1-K2cross_e30_r068,ESF12alone,0.9411764705882353,0.32,0.08228910190518945
1b,D1-K2cross,0.3,68,D1-K2cross_e30_r068,ESF12,0.9411764705882353,,
1b,D1-K2cross,0.3,68,D1-K2cross_e30_r068,Alg2_Rs20,0.9411764705882353,,
1b,D1-K2cross,0.3,68,D1-K2cross_e30_r068,Alg2_Ru10,0.9411764705882353,,
1b,D1-K2cross,0.3,68,D1-K2cross_e30_r068,TCRlong(0.40)+rw+A2_Rs20,0.9411764705882353,,
1b,D1-K2cross,0.3,68,D1-K2cross_e30_r068,TCRlong(0.40)+rw+A2_Ru10,0.9411764705882353,,
1b,D1-K2cross,0.35,68,D1-K2cross_e35_r068,ESF12alone,0.9076923076923077,0.35,0.07906792999710888
1b,D1-K2cross,0.35,68,D1-K2cross_e35_r068,ESF12,0.9076923076923077,,
1b,D1-K2cross,0.35,68,D1-K2cross_e35_r068,Alg2_Rs20,0.9076923076923077,,
1b,D1-K2cross,0.35,68,D1-K2cross_e35_r068,Alg2_Ru10,0.9076923076923077,,
1b,D1-K2cross,0.35,68,D1-K2cross_e35_r068,TCRlong(0.40)+rw+A2_Rs20,0.9076923076923077,,
1b,D1-K2cross,0.35,68,D1-K2cross_e35_r068,TCRlong(0.40)+rw+A2_Ru10,0.9076923076923077,,
1b,D2-K3par,0.25,68,D2-K3par_e25_r068,ESF12alone,0.8772727272727273,0.26666666666666666,0.29061764397192746
1b,D2-K3par,0.25,68,D2-K3par_e25_r068,ESF12,0.8772727272727273,,
1b,D2-K3par,0.25,68,D2-K3par_e25_r068,Alg2_Rs20,0.8772727272727273,,
1b,D2-K3par,0.25,68,D2-K3par_e25_r068,Alg2_Ru10,0.8772727272727273,,
1b,D2-K3par,0.25,68,D2-K3par_e25_r068,TCRlong(0.40)+rw+A2_Rs20,0.8772727272727273,,
1b,D2-K3par,0.25,68,D2-K3par_e25_r068,TCRlong(0.40)+rw+A2_Ru10,0.8772727272727273,,
1b,D2-K3par,0.3,68,D2-K3par_e30_r068,ESF12alone,0.6727272727272727,0.15,0.5265302270418033
1b,D2-K3par,0.3,68,D2-K3par_e30_r068,ESF12,0.6727272727272727,,
1b,D2-K3par,0.3,68,D2-K3par_e30_r068,Alg2_Rs20,0.9227272727272727,,
1b,D2-K3par,0.3,68,D2-K3par_e30_r068,Alg2_Ru10,0.9227272727272727,,
1b,D2-K3par,0.3,68,D2-K3par_e30_r068,TCRlong(0.40)+rw+A2_Rs20,0.9227272727272727,,
1b,D2-K3par,0.3,68,D2-K3par_e30_r068,TCRlong(0.40)+rw+A2_Ru10,0.9227272727272727,,
1b,D2-K3par,0.35,68,D2-K3par_e35_r068,ESF12alone,0.3617021276595745,0.0,0.39959701895713806
1b,D2-K3par,0.35,68,D2-K3par_e35_r068,ESF12,0.3617021276595745,,
1b,D2-K3par,0.35,68,D2-K3par_e35_r068,Alg2_Rs20,0.3617021276595745,,
1b,D2-K3par,0.35,68,D2-K3par_e35_r068,Alg2_Ru10,0.3617021276595745,,
1b,D2-K3par,0.35,68,D2-K3par_e35_r068,TCRlong(0.40)+rw+A2_Rs20,0.898936170212766,,
1b,D2-K3par,0.35,68,D2-K3par_e35_r068,TCRlong(0.40)+rw+A2_Ru10,0.898936170212766,,
1b,D3-unequal,0.25,68,D3-unequal_e25_r068,ESF12alone,0.9209302325581395,0.2833333333333333,0.08301003999076784
1b,D3-unequal,0.25,68,D3-unequal_e25_r068,ESF12,0.9209302325581395,,
1b,D3-unequal,0.25,68,D3-unequal_e25_r068,Alg2_Rs20,0.9162790697674419,,
1b,D3-unequal,0.25,68,D3-unequal_e25_r068,Alg2_Ru10,0.9162790697674419,,
1b,D3-unequal,0.25,68,D3-unequal_e25_r068,TCRlong(0.40)+rw+A2_Rs20,0.9162790697674419,,
1b,D3-unequal,0.25,68,D3-unequal_e25_r068,TCRlong(0.40)+rw+A2_Ru10,0.9162790697674419,,
1b,D3-unequal,0.3,68,D3-unequal_e30_r068,ESF12alone,0.8959276018099548,0.2633333333333333,0.08498976100236177
1b,D3-unequal,0.3,68,D3-unequal_e30_r068,ESF12,0.8959276018099548,,
1b,D3-unequal,0.3,68,D3-unequal_e30_r068,Alg2_Rs20,0.8959276018099548,,
1b,D3-unequal,0.3,68,D3-unequal_e30_r068,Alg2_Ru10,0.8959276018099548,,
1b,D3-unequal,0.3,68,D3-unequal_e30_r068,TCRlong(0.40)+rw+A2_Rs20,0.8959276018099548,,
1b,D3-unequal,0.3,68,D3-unequal_e30_r068,TCRlong(0.40)+rw+A2_Ru10,0.8959276018099548,,
1b,D3-unequal,0.35,68,D3-unequal_e35_r068,ESF12alone,0.91,0.3333333333333333,0.08082306908909231
1b,D3-unequal,0.35,68,D3-unequal_e35_r068,ESF12,0.91,,
1b,D3-unequal,0.35,68,D3-unequal_e35_r068,Alg2_Rs20,0.91,,
1b,D3-unequal,0.35,68,D3-unequal_e35_r068,Alg2_Ru10,0.91,,
1b,D3-unequal,0.35,68,D3-unequal_e35_r068,TCRlong(0.40)+rw+A2_Rs20,0.91,,
1b,D3-unequal,0.35,68,D3-unequal_e35_r068,TCRlong(0.40)+rw+A2_Ru10,0.91,,
1b,D4-hetero,0.25,68,D4-hetero_e25_r068,ESF12alone,0.9276018099547512,0.27,0.07416311395354569
1b,D4-hetero,0.25,68,D4-hetero_e25_r068,ESF12,0.9276018099547512,,
1b,D4-hetero,0.25,68,D4-hetero_e25_r068,Alg2_Rs20,0.9276018099547512,,
1b,D4-hetero,0.25,68,D4-hetero_e25_r068,Alg2_Ru10,0.9276018099547512,,
1b,D4-hetero,0.25,68,D4-hetero_e25_r068,TCRlong(0.40)+rw+A2_Rs20,0.9276018099547512,,
1b,D4-hetero,0.25,68,D4-hetero_e25_r068,TCRlong(0.40)+rw+A2_Ru10,0.9276018099547512,,
1b,D4-hetero,0.3,68,D4-hetero_e30_r068,ESF12alone,0.9313725490196079,0.3233333333333333,0.07981612905859947
1b,D4-hetero,0.3,68,D4-hetero_e30_r068,ESF12,0.9313725490196079,,
1b,D4-hetero,0.3,68,D4-hetero_e30_r068,Alg2_Rs20,0.9313725490196079,,
1b,D4-hetero,0.3,68,D4-hetero_e30_r068,Alg2_Ru10,0.9313725490196079,,
1b,D4-hetero,0.3,68,D4-hetero_e30_r068,TCRlong(0.40)+rw+A2_Rs20,0.9411764705882353,,
1b,D4-hetero,0.3,68,D4-hetero_e30_r068,TCRlong(0.40)+rw+A2_Ru10,0.9411764705882353,,
1b,D4-hetero,0.35,68,D4-hetero_e35_r068,ESF12alone,0.5659340659340659,0.19,0.08372818201314658
1b,D4-hetero,0.35,68,D4-hetero_e35_r068,ESF12,0.5659340659340659,,
1b,D4-hetero,0.35,68,D4-hetero_e35_r068,Alg2_Rs20,0.7362637362637363,,
1b,D4-hetero,0.35,68,D4-hetero_e35_r068,Alg2_Ru10,0.7362637362637363,,
1b,D4-hetero,0.35,68,D4-hetero_e35_r068,TCRlong(0.40)+rw+A2_Rs20,0.6043956043956044,,
1b,D4-hetero,0.35,68,D4-hetero_e35_r068,TCRlong(0.40)+rw+A2_Ru10,0.6043956043956044,,
1b,D5-leverage,0.25,68,D5-leverage_e25_r068,ESF12alone,0.5294117647058824,0.09,0.07764240307733417
1b,D5-leverage,0.25,68,D5-leverage_e25_r068,ESF12,0.5210084033613446,,
1b,D5-leverage,0.25,68,D5-leverage_e25_r068,Alg2_Rs20,0.5294117647058824,,
1b,D5-leverage,0.25,68,D5-leverage_e25_r068,Alg2_Ru10,0.5294117647058824,,
1b,D5-leverage,0.25,68,D5-leverage_e25_r068,TCRlong(0.40)+rw+A2_Rs20,0.5294117647058824,,
1b,D5-leverage,0.25,68,D5-leverage_e25_r068,TCRlong(0.40)+rw+A2_Ru10,0.5294117647058824,,
1b,D5-leverage,0.3,68,D5-leverage_e30_r068,ESF12alone,0.5137614678899083,0.04,0.07894423103425652
1b,D5-leverage,0.3,68,D5-leverage_e30_r068,ESF12,0.5137614678899083,,
1b,D5-leverage,0.3,68,D5-leverage_e30_r068,Alg2_Rs20,0.5137614678899083,,
1b,D5-leverage,0.3,68,D5-leverage_e30_r068,Alg2_Ru10,0.5137614678899083,,
1b,D5-leverage,0.3,68,D5-leverage_e30_r068,TCRlong(0.40)+rw+A2_Rs20,0.908256880733945,,
1b,D5-leverage,0.3,68,D5-leverage_e30_r068,TCRlong(0.40)+rw+A2_Ru10,0.908256880733945,,
1b,D5-leverage,0.35,68,D5-leverage_e35_r068,ESF12alone,0.5194174757281553,0.043333333333333335,0.08261588506866246
1b,D5-leverage,0.35,68,D5-leverage_e35_r068,ESF12,0.5194174757281553,,
1b,D5-leverage,0.35,68,D5-leverage_e35_r068,Alg2_Rs20,0.5339805825242718,,
1b,D5-leverage,0.35,68,D5-leverage_e35_r068,Alg2_Ru10,0.5339805825242718,,
1b,D5-leverage,0.35,68,D5-leverage_e35_r068,TCRlong(0.40)+rw+A2_Rs20,0.5388349514563107,,
1b,D5-leverage,0.35,68,D5-leverage_e35_r068,TCRlong(0.40)+rw+A2_Ru10,0.5388349514563107,,
1b,D6-uniform,0.25,68,D6-uniform_e25_r068,ESF12alone,0.5486725663716814,0.0,0.08329247904475778
1b,D6-uniform,0.25,68,D6-uniform_e25_r068,ESF12,0.5486725663716814,,
1b,D6-uniform,0.25,68,D6-uniform_e25_r068,Alg2_Rs20,0.5530973451327433,,
1b,D6-uniform,0.25,68,D6-uniform_e25_r068,Alg2_Ru10,0.5530973451327433,,
1b,D6-uniform,0.25,68,D6-uniform_e25_r068,TCRlong(0.40)+rw+A2_Rs20,0.5707964601769911,,
1b,D6-uniform,0.25,68,D6-uniform_e25_r068,TCRlong(0.40)+rw+A2_Ru10,0.5707964601769911,,
1b,D6-uniform,0.3,68,D6-uniform_e30_r068,ESF12alone,0.5402843601895735,0.0,0.08232408808544278
1b,D6-uniform,0.3,68,D6-uniform_e30_r068,ESF12,0.5402843601895735,,
1b,D6-uniform,0.3,68,D6-uniform_e30_r068,Alg2_Rs20,0.5450236966824644,,
1b,D6-uniform,0.3,68,D6-uniform_e30_r068,Alg2_Ru10,0.5450236966824644,,
1b,D6-uniform,0.3,68,D6-uniform_e30_r068,TCRlong(0.40)+rw+A2_Rs20,0.919431279620853,,
1b,D6-uniform,0.3,68,D6-uniform_e30_r068,TCRlong(0.40)+rw+A2_Ru10,0.919431279620853,,
1b,D6-uniform,0.35,68,D6-uniform_e35_r068,ESF12alone,0.5230769230769231,0.0,0.08258559799287468
1b,D6-uniform,0.35,68,D6-uniform_e35_r068,ESF12,0.5230769230769231,,
1b,D6-uniform,0.35,68,D6-uniform_e35_r068,Alg2_Rs20,0.6358974358974359,,
1b,D6-uniform,0.35,68,D6-uniform_e35_r068,Alg2_Ru10,0.6358974358974359,,
1b,D6-uniform,0.35,68,D6-uniform_e35_r068,TCRlong(0.40)+rw+A2_Rs20,0.6358974358974359,,
1b,D6-uniform,0.35,68,D6-uniform_e35_r068,TCRlong(0.40)+rw+A2_Ru10,0.6358974358974359,,
1b,D7-p3,0.25,68,D7-p3_e25_r068,ESF12alone,0.9061032863849765,0.29333333333333333,1.798995002056472
1b,D7-p3,0.25,68,D7-p3_e25_r068,ESF12,0.9061032863849765,,
1b,D7-p3,0.25,68,D7-p3_e25_r068,Alg2_Rs20,0.9061032863849765,,
1b,D7-p3,0.25,68,D7-p3_e25_r068,Alg2_Ru10,0.9061032863849765,,
1b,D7-p3,0.25,68,D7-p3_e25_r068,TCRlong(0.40)+rw+A2_Rs20,0.9061032863849765,,
1b,D7-p3,0.25,68,D7-p3_e25_r068,TCRlong(0.40)+rw+A2_Ru10,0.9061032863849765,,
1b,D7-p3,0.3,68,D7-p3_e30_r068,ESF12alone,0.9155555555555556,0.25,1.7961320809554309
1b,D7-p3,0.3,68,D7-p3_e30_r068,ESF12,0.9155555555555556,,
1b,D7-p3,0.3,68,D7-p3_e30_r068,Alg2_Rs20,0.9155555555555556,,
1b,D7-p3,0.3,68,D7-p3_e30_r068,Alg2_Ru10,0.9155555555555556,,
1b,D7-p3,0.3,68,D7-p3_e30_r068,TCRlong(0.40)+rw+A2_Rs20,0.9155555555555556,,
1b,D7-p3,0.3,68,D7-p3_e30_r068,TCRlong(0.40)+rw+A2_Ru10,0.9155555555555556,,
1b,D7-p3,0.35,68,D7-p3_e35_r068,ESF12alone,0.8974358974358975,0.35,1.6500912520568818
1b,D7-p3,0.35,68,D7-p3_e35_r068,ESF12,0.8974358974358975,,
1b,D7-p3,0.35,68,D7-p3_e35_r068,Alg2_Rs20,0.8974358974358975,,
1b,D7-p3,0.35,68,D7-p3_e35_r068,Alg2_Ru10,0.8974358974358975,,
1b,D7-p3,0.35,68,D7-p3_e35_r068,TCRlong(0.40)+rw+A2_Rs20,0.9025641025641026,,
1b,D7-p3,0.35,68,D7-p3_e35_r068,TCRlong(0.40)+rw+A2_Ru10,0.9025641025641026,,
1b,D8-K2par-sep,0.25,68,D8-K2par-sep_e25_r068,ESF12alone,1.0,0.27,0.06896283908281475
1b,D8-K2par-sep,0.25,68,D8-K2par-sep_e25_r068,ESF12,1.0,,
1b,D8-K2par-sep,0.25,68,D8-K2par-sep_e25_r068,Alg2_Rs20,1.0,,
1b,D8-K2par-sep,0.25,68,D8-K2par-sep_e25_r068,Alg2_Ru10,1.0,,
1b,D8-K2par-sep,0.25,68,D8-K2par-sep_e25_r068,TCRlong(0.40)+rw+A2_Rs20,1.0,,
1b,D8-K2par-sep,0.25,68,D8-K2par-sep_e25_r068,TCRlong(0.40)+rw+A2_Ru10,1.0,,
1b,D8-K2par-sep,0.3,68,D8-K2par-sep_e30_r068,ESF12alone,1.0,0.30333333333333334,0.07655266800429672
1b,D8-K2par-sep,0.3,68,D8-K2par-sep_e30_r068,ESF12,1.0,,
1b,D8-K2par-sep,0.3,68,D8-K2par-sep_e30_r068,Alg2_Rs20,1.0,,
1b,D8-K2par-sep,0.3,68,D8-K2par-sep_e30_r068,Alg2_Ru10,1.0,,
1b,D8-K2par-sep,0.3,68,D8-K2par-sep_e30_r068,TCRlong(0.40)+rw+A2_Rs20,1.0,,
1b,D8-K2par-sep,0.3,68,D8-K2par-sep_e30_r068,TCRlong(0.40)+rw+A2_Ru10,1.0,,
1b,D8-K2par-sep,0.35,68,D8-K2par-sep_e35_r068,ESF12alone,1.0,0.34,0.07272430101875216
1b,D8-K2par-sep,0.35,68,D8-K2par-sep_e35_r068,ESF12,1.0,,
1b,D8-K2par-sep,0.35,68,D8-K2par-sep_e35_r068,Alg2_Rs20,1.0,,
1b,D8-K2par-sep,0.35,68,D8-K2par-sep_e35_r068,Alg2_Ru10,1.0,,
1b,D8-K2par-sep,0.35,68,D8-K2par-sep_e35_r068,TCRlong(0.40)+rw+A2_Rs20,1.0,,
1b,D8-K2par-sep,0.35,68,D8-K2par-sep_e35_r068,TCRlong(0.40)+rw+A2_Ru10,1.0,,
1b,D1-K2cross,0.25,69,D1-K2cross_e25_r069,ESF12alone,0.8940677966101694,0.21333333333333335,0.07117723301053047
1b,D1-K2cross,0.25,69,D1-K2cross_e25_r069,ESF12,0.8940677966101694,,
1b,D1-K2cross,0.25,69,D1-K2cross_e25_r069,Alg2_Rs20,0.8940677966101694,,
1b,D1-K2cross,0.25,69,D1-K2cross_e25_r069,Alg2_Ru10,0.8940677966101694,,
1b,D1-K2cross,0.25,69,D1-K2cross_e25_r069,TCRlong(0.40)+rw+A2_Rs20,0.8940677966101694,,
1b,D1-K2cross,0.25,69,D1-K2cross_e25_r069,TCRlong(0.40)+rw+A2_Ru10,0.8940677966101694,,
1b,D1-K2cross,0.3,69,D1-K2cross_e30_r069,ESF12alone,0.8926829268292683,0.31666666666666665,0.07793170993681997
1b,D1-K2cross,0.3,69,D1-K2cross_e30_r069,ESF12,0.8926829268292683,,
1b,D1-K2cross,0.3,69,D1-K2cross_e30_r069,Alg2_Rs20,0.8926829268292683,,
1b,D1-K2cross,0.3,69,D1-K2cross_e30_r069,Alg2_Ru10,0.8926829268292683,,
1b,D1-K2cross,0.3,69,D1-K2cross_e30_r069,TCRlong(0.40)+rw+A2_Rs20,0.8926829268292683,,
1b,D1-K2cross,0.3,69,D1-K2cross_e30_r069,TCRlong(0.40)+rw+A2_Ru10,0.8926829268292683,,
1b,D1-K2cross,0.35,69,D1-K2cross_e35_r069,ESF12alone,0.9197860962566845,0.37666666666666665,0.0798853220185265
1b,D1-K2cross,0.35,69,D1-K2cross_e35_r069,ESF12,0.9197860962566845,,
1b,D1-K2cross,0.35,69,D1-K2cross_e35_r069,Alg2_Rs20,0.9197860962566845,,
1b,D1-K2cross,0.35,69,D1-K2cross_e35_r069,Alg2_Ru10,0.9197860962566845,,
1b,D1-K2cross,0.35,69,D1-K2cross_e35_r069,TCRlong(0.40)+rw+A2_Rs20,0.9197860962566845,,
1b,D1-K2cross,0.35,69,D1-K2cross_e35_r069,TCRlong(0.40)+rw+A2_Ru10,0.9197860962566845,,
1b,D2-K3par,0.25,69,D2-K3par_e25_r069,ESF12alone,0.9049586776859504,0.19333333333333333,0.2945937669137493
1b,D2-K3par,0.25,69,D2-K3par_e25_r069,ESF12,0.9049586776859504,,
1b,D2-K3par,0.25,69,D2-K3par_e25_r069,Alg2_Rs20,0.9132231404958677,,
1b,D2-K3par,0.25,69,D2-K3par_e25_r069,Alg2_Ru10,0.9132231404958677,,
1b,D2-K3par,0.25,69,D2-K3par_e25_r069,TCRlong(0.40)+rw+A2_Rs20,0.9049586776859504,,
1b,D2-K3par,0.25,69,D2-K3par_e25_r069,TCRlong(0.40)+rw+A2_Ru10,0.9049586776859504,,
1b,D2-K3par,0.3,69,D2-K3par_e30_r069,ESF12alone,0.8514851485148515,0.32666666666666666,0.2882012129994109
1b,D2-K3par,0.3,69,D2-K3par_e30_r069,ESF12,0.8514851485148515,,
1b,D2-K3par,0.3,69,D2-K3par_e30_r069,Alg2_Rs20,0.3465346534653465,,
1b,D2-K3par,0.3,69,D2-K3par_e30_r069,Alg2_Ru10,0.3465346534653465,,
1b,D2-K3par,0.3,69,D2-K3par_e30_r069,TCRlong(0.40)+rw+A2_Rs20,0.8564356435643564,,
1b,D2-K3par,0.3,69,D2-K3par_e30_r069,TCRlong(0.40)+rw+A2_Ru10,0.8564356435643564,,
1b,D2-K3par,0.35,69,D2-K3par_e35_r069,ESF12alone,0.3825136612021858,0.0,0.3685161849716678
1b,D2-K3par,0.35,69,D2-K3par_e35_r069,ESF12,0.3825136612021858,,
1b,D2-K3par,0.35,69,D2-K3par_e35_r069,Alg2_Rs20,0.3825136612021858,,
1b,D2-K3par,0.35,69,D2-K3par_e35_r069,Alg2_Ru10,0.3825136612021858,,
1b,D2-K3par,0.35,69,D2-K3par_e35_r069,TCRlong(0.40)+rw+A2_Rs20,0.6775956284153005,,
1b,D2-K3par,0.35,69,D2-K3par_e35_r069,TCRlong(0.40)+rw+A2_Ru10,0.6775956284153005,,
1b,D3-unequal,0.25,69,D3-unequal_e25_r069,ESF12alone,0.9008620689655172,0.22666666666666666,0.08838195900898427
1b,D3-unequal,0.25,69,D3-unequal_e25_r069,ESF12,0.9008620689655172,,
1b,D3-unequal,0.25,69,D3-unequal_e25_r069,Alg2_Rs20,0.9008620689655172,,
1b,D3-unequal,0.25,69,D3-unequal_e25_r069,Alg2_Ru10,0.9008620689655172,,
1b,D3-unequal,0.25,69,D3-unequal_e25_r069,TCRlong(0.40)+rw+A2_Rs20,0.9008620689655172,,
1b,D3-unequal,0.25,69,D3-unequal_e25_r069,TCRlong(0.40)+rw+A2_Ru10,0.9008620689655172,,
1b,D3-unequal,0.3,69,D3-unequal_e30_r069,ESF12alone,0.8773584905660378,0.29333333333333333,0.0906695689773187
1b,D3-unequal,0.3,69,D3-unequal_e30_r069,ESF12,0.8773584905660378,,
1b,D3-unequal,0.3,69,D3-unequal_e30_r069,Alg2_Rs20,0.8773584905660378,,
1b,D3-unequal,0.3,69,D3-unequal_e30_r069,Alg2_Ru10,0.8773584905660378,,
1b,D3-unequal,0.3,69,D3-unequal_e30_r069,TCRlong(0.40)+rw+A2_Rs20,0.8632075471698113,,
1b,D3-unequal,0.3,69,D3-unequal_e30_r069,TCRlong(0.40)+rw+A2_Ru10,0.8632075471698113,,
1b,D3-unequal,0.35,69,D3-unequal_e35_r069,ESF12alone,0.6379310344827587,0.18,0.08225528290495276
1b,D3-unequal,0.35,69,D3-unequal_e35_r069,ESF12,0.6379310344827587,,
1b,D3-unequal,0.35,69,D3-unequal_e35_r069,Alg2_Rs20,0.9195402298850575,,
1b,D3-unequal,0.35,69,D3-unequal_e35_r069,Alg2_Ru10,0.9195402298850575,,
1b,D3-unequal,0.35,69,D3-unequal_e35_r069,TCRlong(0.40)+rw+A2_Rs20,0.7068965517241379,,
1b,D3-unequal,0.35,69,D3-unequal_e35_r069,TCRlong(0.40)+rw+A2_Ru10,0.7068965517241379,,
1b,D4-hetero,0.25,69,D4-hetero_e25_r069,ESF12alone,0.9318181818181818,0.26666666666666666,0.07734557299409062
1b,D4-hetero,0.25,69,D4-hetero_e25_r069,ESF12,0.9318181818181818,,
1b,D4-hetero,0.25,69,D4-hetero_e25_r069,Alg2_Rs20,0.9318181818181818,,
1b,D4-hetero,0.25,69,D4-hetero_e25_r069,Alg2_Ru10,0.9318181818181818,,
1b,D4-hetero,0.25,69,D4-hetero_e25_r069,TCRlong(0.40)+rw+A2_Rs20,0.9318181818181818,,
1b,D4-hetero,0.25,69,D4-hetero_e25_r069,TCRlong(0.40)+rw+A2_Ru10,0.9318181818181818,,
1b,D4-hetero,0.3,69,D4-hetero_e30_r069,ESF12alone,0.9054054054054054,0.26,0.1001548869535327
1b,D4-hetero,0.3,69,D4-hetero_e30_r069,ESF12,0.9054054054054054,,
1b,D4-hetero,0.3,69,D4-hetero_e30_r069,Alg2_Rs20,0.9054054054054054,,
1b,D4-hetero,0.3,69,D4-hetero_e30_r069,Alg2_Ru10,0.9054054054054054,,
1b,D4-hetero,0.3,69,D4-hetero_e30_r069,TCRlong(0.40)+rw+A2_Rs20,0.9054054054054054,,
1b,D4-hetero,0.3,69,D4-hetero_e30_r069,TCRlong(0.40)+rw+A2_Ru10,0.9054054054054054,,
1b,D4-hetero,0.35,69,D4-hetero_e35_r069,ESF12alone,0.9121951219512195,0.32,0.07581929105799645
1b,D4-hetero,0.35,69,D4-hetero_e35_r069,ESF12,0.9121951219512195,,
1b,D4-hetero,0.35,69,D4-hetero_e35_r069,Alg2_Rs20,0.9121951219512195,,
1b,D4-hetero,0.35,69,D4-hetero_e35_r069,Alg2_Ru10,0.9121951219512195,,
1b,D4-hetero,0.35,69,D4-hetero_e35_r069,TCRlong(0.40)+rw+A2_Rs20,0.9121951219512195,,
1b,D4-hetero,0.35,69,D4-hetero_e35_r069,TCRlong(0.40)+rw+A2_Ru10,0.9121951219512195,,
1b,D5-leverage,0.25,69,D5-leverage_e25_r069,ESF12alone,0.9319148936170213,0.22333333333333333,0.07088451099116355
1b,D5-leverage,0.25,69,D5-leverage_e25_r069,ESF12,0.9319148936170213,,
1b,D5-leverage,0.25,69,D5-leverage_e25_r069,Alg2_Rs20,0.9319148936170213,,
1b,D5-leverage,0.25,69,D5-leverage_e25_r069,Alg2_Ru10,0.9319148936170213,,
1b,D5-leverage,0.25,69,D5-leverage_e25_r069,TCRlong(0.40)+rw+A2_Rs20,0.9319148936170213,,
1b,D5-leverage,0.25,69,D5-leverage_e25_r069,TCRlong(0.40)+rw+A2_Ru10,0.9319148936170213,,
1b,D5-leverage,0.3,69,D5-leverage_e30_r069,ESF12alone,0.5424528301886793,0.05333333333333334,0.08166614500805736
1b,D5-leverage,0.3,69,D5-leverage_e30_r069,ESF12,0.5424528301886793,,
1b,D5-leverage,0.3,69,D5-leverage_e30_r069,Alg2_Rs20,0.5424528301886793,,
1b,D5-leverage,0.3,69,D5-leverage_e30_r069,Alg2_Ru10,0.5424528301886793,,
1b,D5-leverage,0.3,69,D5-leverage_e30_r069,TCRlong(0.40)+rw+A2_Rs20,0.5424528301886793,,
1b,D5-leverage,0.3,69,D5-leverage_e30_r069,TCRlong(0.40)+rw+A2_Ru10,0.5424528301886793,,
1b,D5-leverage,0.35,69,D5-leverage_e35_r069,ESF12alone,0.5025125628140703,0.02,0.07723394501954317
1b,D5-leverage,0.35,69,D5-leverage_e35_r069,ESF12,0.5025125628140703,,
1b,D5-leverage,0.35,69,D5-leverage_e35_r069,Alg2_Rs20,0.5025125628140703,,
1b,D5-leverage,0.35,69,D5-leverage_e35_r069,Alg2_Ru10,0.5025125628140703,,
1b,D5-leverage,0.35,69,D5-leverage_e35_r069,TCRlong(0.40)+rw+A2_Rs20,0.507537688442211,,
1b,D5-leverage,0.35,69,D5-leverage_e35_r069,TCRlong(0.40)+rw+A2_Ru10,0.507537688442211,,
1b,D6-uniform,0.25,69,D6-uniform_e25_r069,ESF12alone,0.9380530973451328,0.18,0.07876251998823136
1b,D6-uniform,0.25,69,D6-uniform_e25_r069,ESF12,0.9380530973451328,,
1b,D6-uniform,0.25,69,D6-uniform_e25_r069,Alg2_Rs20,0.9424778761061947,,
1b,D6-uniform,0.25,69,D6-uniform_e25_r069,Alg2_Ru10,0.9424778761061947,,
1b,D6-uniform,0.25,69,D6-uniform_e25_r069,TCRlong(0.40)+rw+A2_Rs20,0.9424778761061947,,
1b,D6-uniform,0.25,69,D6-uniform_e25_r069,TCRlong(0.40)+rw+A2_Ru10,0.9424778761061947,,
1b,D6-uniform,0.3,69,D6-uniform_e30_r069,ESF12alone,0.5373134328358209,0.0,0.07666734198573977
1b,D6-uniform,0.3,69,D6-uniform_e30_r069,ESF12,0.5373134328358209,,
1b,D6-uniform,0.3,69,D6-uniform_e30_r069,Alg2_Rs20,0.5373134328358209,,
1b,D6-uniform,0.3,69,D6-uniform_e30_r069,Alg2_Ru10,0.5373134328358209,,
1b,D6-uniform,0.3,69,D6-uniform_e30_r069,TCRlong(0.40)+rw+A2_Rs20,0.5024875621890548,,
1b,D6-uniform,0.3,69,D6-uniform_e30_r069,TCRlong(0.40)+rw+A2_Ru10,0.5024875621890548,,
1b,D6-uniform,0.35,69,D6-uniform_e35_r069,ESF12alone,0.5174129353233831,0.0,0.07709409692324698
1b,D6-uniform,0.35,69,D6-uniform_e35_r069,ESF12,0.5174129353233831,,
1b,D6-uniform,0.35,69,D6-uniform_e35_r069,Alg2_Rs20,0.5174129353233831,,
1b,D6-uniform,0.35,69,D6-uniform_e35_r069,Alg2_Ru10,0.5174129353233831,,
1b,D6-uniform,0.35,69,D6-uniform_e35_r069,TCRlong(0.40)+rw+A2_Rs20,0.5024875621890548,,
1b,D6-uniform,0.35,69,D6-uniform_e35_r069,TCRlong(0.40)+rw+A2_Ru10,0.5024875621890548,,
1b,D7-p3,0.25,69,D7-p3_e25_r069,ESF12alone,0.9103139013452914,0.26666666666666666,1.8036801209673285
1b,D7-p3,0.25,69,D7-p3_e25_r069,ESF12,0.9103139013452914,,
1b,D7-p3,0.25,69,D7-p3_e25_r069,Alg2_Rs20,0.9103139013452914,,
1b,D7-p3,0.25,69,D7-p3_e25_r069,Alg2_Ru10,0.9103139013452914,,
1b,D7-p3,0.25,69,D7-p3_e25_r069,TCRlong(0.40)+rw+A2_Rs20,0.905829596412556,,
1b,D7-p3,0.25,69,D7-p3_e25_r069,TCRlong(0.40)+rw+A2_Ru10,0.905829596412556,,
1b,D7-p3,0.3,69,D7-p3_e30_r069,ESF12alone,0.9162303664921466,0.36333333333333334,1.0596278849989176
1b,D7-p3,0.3,69,D7-p3_e30_r069,ESF12,0.9162303664921466,,
1b,D7-p3,0.3,69,D7-p3_e30_r069,Alg2_Rs20,0.9109947643979057,,
1b,D7-p3,0.3,69,D7-p3_e30_r069,Alg2_Ru10,0.9109947643979057,,
1b,D7-p3,0.3,69,D7-p3_e30_r069,TCRlong(0.40)+rw+A2_Rs20,0.9109947643979057,,
1b,D7-p3,0.3,69,D7-p3_e30_r069,TCRlong(0.40)+rw+A2_Ru10,0.9109947643979057,,
1b,D7-p3,0.35,69,D7-p3_e35_r069,ESF12alone,0.9138755980861244,0.30666666666666664,1.1345605020178482
1b,D7-p3,0.35,69,D7-p3_e35_r069,ESF12,0.9138755980861244,,
1b,D7-p3,0.35,69,D7-p3_e35_r069,Alg2_Rs20,0.9138755980861244,,
1b,D7-p3,0.35,69,D7-p3_e35_r069,Alg2_Ru10,0.9138755980861244,,
1b,D7-p3,0.35,69,D7-p3_e35_r069,TCRlong(0.40)+rw+A2_Rs20,0.9138755980861244,,
1b,D7-p3,0.35,69,D7-p3_e35_r069,TCRlong(0.40)+rw+A2_Ru10,0.9138755980861244,,
1b,D8-K2par-sep,0.25,69,D8-K2par-sep_e25_r069,ESF12alone,1.0,0.22666666666666666,0.08093557099346071
1b,D8-K2par-sep,0.25,69,D8-K2par-sep_e25_r069,ESF12,1.0,,
1b,D8-K2par-sep,0.25,69,D8-K2par-sep_e25_r069,Alg2_Rs20,1.0,,
1b,D8-K2par-sep,0.25,69,D8-K2par-sep_e25_r069,Alg2_Ru10,1.0,,
1b,D8-K2par-sep,0.25,69,D8-K2par-sep_e25_r069,TCRlong(0.40)+rw+A2_Rs20,1.0,,
1b,D8-K2par-sep,0.25,69,D8-K2par-sep_e25_r069,TCRlong(0.40)+rw+A2_Ru10,1.0,,
1b,D8-K2par-sep,0.3,69,D8-K2par-sep_e30_r069,ESF12alone,1.0,0.2966666666666667,0.07924368802923709
1b,D8-K2par-sep,0.3,69,D8-K2par-sep_e30_r069,ESF12,1.0,,
1b,D8-K2par-sep,0.3,69,D8-K2par-sep_e30_r069,Alg2_Rs20,1.0,,
1b,D8-K2par-sep,0.3,69,D8-K2par-sep_e30_r069,Alg2_Ru10,1.0,,
1b,D8-K2par-sep,0.3,69,D8-K2par-sep_e30_r069,TCRlong(0.40)+rw+A2_Rs20,1.0,,
1b,D8-K2par-sep,0.3,69,D8-K2par-sep_e30_r069,TCRlong(0.40)+rw+A2_Ru10,1.0,,
1b,D8-K2par-sep,0.35,69,D8-K2par-sep_e35_r069,ESF12alone,1.0,0.3466666666666667,0.07747707690577954
1b,D8-K2par-sep,0.35,69,D8-K2par-sep_e35_r069,ESF12,1.0,,
1b,D8-K2par-sep,0.35,69,D8-K2par-sep_e35_r069,Alg2_Rs20,1.0,,
1b,D8-K2par-sep,0.35,69,D8-K2par-sep_e35_r069,Alg2_Ru10,1.0,,
1b,D8-K2par-sep,0.35,69,D8-K2par-sep_e35_r069,TCRlong(0.40)+rw+A2_Rs20,1.0,,
1b,D8-K2par-sep,0.35,69,D8-K2par-sep_e35_r069,TCRlong(0.40)+rw+A2_Ru10,1.0,,
1b,D1-K2cross,0.25,70,D1-K2cross_e25_r070,ESF12alone,0.9173913043478261,0.23666666666666666,0.08602139307186007
1b,D1-K2cross,0.25,70,D1-K2cross_e25_r070,ESF12,0.9173913043478261,,
1b,D1-K2cross,0.25,70,D1-K2cross_e25_r070,Alg2_Rs20,0.9173913043478261,,
1b,D1-K2cross,0.25,70,D1-K2cross_e25_r070,Alg2_Ru10,0.9173913043478261,,
1b,D1-K2cross,0.25,70,D1-K2cross_e25_r070,TCRlong(0.40)+rw+A2_Rs20,0.9173913043478261,,
1b,D1-K2cross,0.25,70,D1-K2cross_e25_r070,TCRlong(0.40)+rw+A2_Ru10,0.9173913043478261,,
1b,D1-K2cross,0.3,70,D1-K2cross_e30_r070,ESF12alone,0.9082125603864735,0.31,0.08449773408938199
1b,D1-K2cross,0.3,70,D1-K2cross_e30_r070,ESF12,0.9082125603864735,,
1b,D1-K2cross,0.3,70,D1-K2cross_e30_r070,Alg2_Rs20,0.9082125603864735,,
1b,D1-K2cross,0.3,70,D1-K2cross_e30_r070,Alg2_Ru10,0.9082125603864735,,
1b,D1-K2cross,0.3,70,D1-K2cross_e30_r070,TCRlong(0.40)+rw+A2_Rs20,0.9082125603864735,,
1b,D1-K2cross,0.3,70,D1-K2cross_e30_r070,TCRlong(0.40)+rw+A2_Ru10,0.9082125603864735,,
1b,D1-K2cross,0.35,70,D1-K2cross_e35_r070,ESF12alone,0.9,0.36666666666666664,0.09818237705621868
1b,D1-K2cross,0.35,70,D1-K2cross_e35_r070,ESF12,0.9,,
1b,D1-K2cross,0.35,70,D1-K2cross_e35_r070,Alg2_Rs20,0.9,,
1b,D1-K2cross,0.35,70,D1-K2cross_e35_r070,Alg2_Ru10,0.9,,
1b,D1-K2cross,0.35,70,D1-K2cross_e35_r070,TCRlong(0.40)+rw+A2_Rs20,0.9,,
1b,D1-K2cross,0.35,70,D1-K2cross_e35_r070,TCRlong(0.40)+rw+A2_Ru10,0.9,,
1b,D2-K3par,0.25,70,D2-K3par_e25_r070,ESF12alone,0.6820276497695853,0.14,0.4110553819919005
1b,D2-K3par,0.25,70,D2-K3par_e25_r070,ESF12,0.6820276497695853,,
1b,D2-K3par,0.25,70,D2-K3par_e25_r070,Alg2_Rs20,0.9216589861751152,,
1b,D2-K3par,0.25,70,D2-K3par_e25_r070,Alg2_Ru10,0.9216589861751152,,
1b,D2-K3par,0.25,70,D2-K3par_e25_r070,TCRlong(0.40)+rw+A2_Rs20,0.9216589861751152,,
1b,D2-K3par,0.25,70,D2-K3par_e25_r070,TCRlong(0.40)+rw+A2_Ru10,0.9216589861751152,,
1b,D2-K3par,0.3,70,D2-K3par_e30_r070,ESF12alone,0.7142857142857143,0.14666666666666667,0.38667554198764265
1b,D2-K3par,0.3,70,D2-K3par_e30_r070,ESF12,0.7142857142857143,,
1b,D2-K3par,0.3,70,D2-K3par_e30_r070,Alg2_Rs20,0.9285714285714286,,
1b,D2-K3par,0.3,70,D2-K3par_e30_r070,Alg2_Ru10,0.9285714285714286,,
1b,D2-K3par,0.3,70,D2-K3par_e30_r070,TCRlong(0.40)+rw+A2_Rs20,0.9238095238095239,,
1b,D2-K3par,0.3,70,D2-K3par_e30_r070,TCRlong(0.40)+rw+A2_Ru10,0.9238095238095239,,
1b,D2-K3par,0.35,70,D2-K3par_e35_r070,ESF12alone,0.6394230769230769,0.14333333333333334,0.4728240789845586
1b,D2-K3par,0.35,70,D2-K3par_e35_r070,ESF12,0.6394230769230769,,
1b,D2-K3par,0.35,70,D2-K3par_e35_r070,Alg2_Rs20,0.8894230769230769,,
1b,D2-K3par,0.35,70,D2-K3par_e35_r070,Alg2_Ru10,0.8894230769230769,,
1b,D2-K3par,0.35,70,D2-K3par_e35_r070,TCRlong(0.40)+rw+A2_Rs20,0.8894230769230769,,
1b,D2-K3par,0.35,70,D2-K3par_e35_r070,TCRlong(0.40)+rw+A2_Ru10,0.8894230769230769,,
1b,D3-unequal,0.25,70,D3-unequal_e25_r070,ESF12alone,0.9192825112107623,0.25666666666666665,0.08203684608452022
1b,D3-unequal,0.25,70,D3-unequal_e25_r070,ESF12,0.9192825112107623,,
1b,D3-unequal,0.25,70,D3-unequal_e25_r070,Alg2_Rs20,0.9192825112107623,,
1b,D3-unequal,0.25,70,D3-unequal_e25_r070,Alg2_Ru10,0.9192825112107623,,
1b,D3-unequal,0.25,70,D3-unequal_e25_r070,TCRlong(0.40)+rw+A2_Rs20,0.9147982062780269,,
1b,D3-unequal,0.25,70,D3-unequal_e25_r070,TCRlong(0.40)+rw+A2_Ru10,0.9147982062780269,,
1b,D3-unequal,0.3,70,D3-unequal_e30_r070,ESF12alone,0.9234449760765551,0.30666666666666664,0.07820760505273938
1b,D3-unequal,0.3,70,D3-unequal_e30_r070,ESF12,0.9234449760765551,,
1b,D3-unequal,0.3,70,D3-unequal_e30_r070,Alg2_Rs20,0.9234449760765551,,
1b,D3-unequal,0.3,70,D3-unequal_e30_r070,Alg2_Ru10,0.9234449760765551,,
1b,D3-unequal,0.3,70,D3-unequal_e30_r070,TCRlong(0.40)+rw+A2_Rs20,0.9234449760765551,,
1b,D3-unequal,0.3,70,D3-unequal_e30_r070,TCRlong(0.40)+rw+A2_Ru10,0.9234449760765551,,
1b,D3-unequal,0.35,70,D3-unequal_e35_r070,ESF12alone,0.9356435643564357,0.32666666666666666,0.09653435309883207
1b,D3-unequal,0.35,70,D3-unequal_e35_r070,ESF12,0.9356435643564357,,
1b,D3-unequal,0.35,70,D3-unequal_e35_r070,Alg2_Rs20,0.9356435643564357,,
1b,D3-unequal,0.35,70,D3-unequal_e35_r070,Alg2_Ru10,0.9356435643564357,,
1b,D3-unequal,0.35,70,D3-unequal_e35_r070,TCRlong(0.40)+rw+A2_Rs20,0.9356435643564357,,
1b,D3-unequal,0.35,70,D3-unequal_e35_r070,TCRlong(0.40)+rw+A2_Ru10,0.9356435643564357,,
1b,D4-hetero,0.25,70,D4-hetero_e25_r070,ESF12alone,0.8744588744588745,0.24,0.08037626591976732
1b,D4-hetero,0.25,70,D4-hetero_e25_r070,ESF12,0.8744588744588745,,
1b,D4-hetero,0.25,70,D4-hetero_e25_r070,Alg2_Rs20,0.8744588744588745,,
1b,D4-hetero,0.25,70,D4-hetero_e25_r070,Alg2_Ru10,0.8744588744588745,,
1b,D4-hetero,0.25,70,D4-hetero_e25_r070,TCRlong(0.40)+rw+A2_Rs20,0.8744588744588745,,
1b,D4-hetero,0.25,70,D4-hetero_e25_r070,TCRlong(0.40)+rw+A2_Ru10,0.8744588744588745,,
1b,D4-hetero,0.3,70,D4-hetero_e30_r070,ESF12alone,0.919431279620853,0.2966666666666667,0.08693480293732136
1b,D4-hetero,0.3,70,D4-hetero_e30_r070,ESF12,0.919431279620853,,
1b,D4-hetero,0.3,70,D4-hetero_e30_r070,Alg2_Rs20,0.9241706161137441,,
1b,D4-hetero,0.3,70,D4-hetero_e30_r070,Alg2_Ru10,0.9241706161137441,,
1b,D4-hetero,0.3,70,D4-hetero_e30_r070,TCRlong(0.40)+rw+A2_Rs20,0.919431279620853,,
1b,D4-hetero,0.3,70,D4-hetero_e30_r070,TCRlong(0.40)+rw+A2_Ru10,0.919431279620853,,
1b,D4-hetero,0.35,70,D4-hetero_e35_r070,ESF12alone,0.9139784946236559,0.37666666666666665,0.08024187595583498
1b,D4-hetero,0.35,70,D4-hetero_e35_r070,ESF12,0.9139784946236559,,
1b,D4-hetero,0.35,70,D4-hetero_e35_r070,Alg2_Rs20,0.9139784946236559,,
1b,D4-hetero,0.35,70,D4-hetero_e35_r070,Alg2_Ru10,0.9139784946236559,,
1b,D4-hetero,0.35,70,D4-hetero_e35_r070,TCRlong(0.40)+rw+A2_Rs20,0.9139784946236559,,
1b,D4-hetero,0.35,70,D4-hetero_e35_r070,TCRlong(0.40)+rw+A2_Ru10,0.9139784946236559,,
1b,D5-leverage,0.25,70,D5-leverage_e25_r070,ESF12alone,0.5116279069767442,0.0033333333333333335,0.07969139108899981
1b,D5-leverage,0.25,70,D5-leverage_e25_r070,ESF12,0.5116279069767442,,
1b,D5-leverage,0.25,70,D5-leverage_e25_r070,Alg2_Rs20,0.5116279069767442,,
1b,D5-leverage,0.25,70,D5-leverage_e25_r070,Alg2_Ru10,0.5116279069767442,,
1b,D5-leverage,0.25,70,D5-leverage_e25_r070,TCRlong(0.40)+rw+A2_Rs20,0.9023255813953488,,
1b,D5-leverage,0.25,70,D5-leverage_e25_r070,TCRlong(0.40)+rw+A2_Ru10,0.9023255813953488,,
1b,D5-leverage,0.3,70,D5-leverage_e30_r070,ESF12alone,0.5048543689320388,0.10333333333333333,0.08276876993477345
1b,D5-leverage,0.3,70,D5-leverage_e30_r070,ESF12,0.5048543689320388,,
1b,D5-leverage,0.3,70,D5-leverage_e30_r070,Alg2_Rs20,0.5194174757281553,,
1b,D5-leverage,0.3,70,D5-leverage_e30_r070,Alg2_Ru10,0.5194174757281553,,
1b,D5-leverage,0.3,70,D5-leverage_e30_r070,TCRlong(0.40)+rw+A2_Rs20,0.5242718446601942,,
1b,D5-leverage,0.3,70,D5-leverage_e30_r070,TCRlong(0.40)+rw+A2_Ru10,0.5242718446601942,,
1b,D5-leverage,0.35,70,D5-leverage_e35_r070,ESF12alone,0.5072463768115942,0.0033333333333333335,0.08266490406822413
1b,D5-leverage,0.35,70,D5-leverage_e35_r070,ESF12,0.5072463768115942,,
1b,D5-leverage,0.35,70,D5-leverage_e35_r070,Alg2_Rs20,0.5072463768115942,,
1b,D5-leverage,0.35,70,D5-leverage_e35_r070,Alg2_Ru10,0.5072463768115942,,
1b,D5-leverage,0.35,70,D5-leverage_e35_r070,TCRlong(0.40)+rw+A2_Rs20,0.5120772946859904,,
1b,D5-leverage,0.35,70,D5-leverage_e35_r070,TCRlong(0.40)+rw+A2_Ru10,0.5120772946859904,,
1b,D6-uniform,0.25,70,D6-uniform_e25_r070,ESF12alone,0.8949771689497716,0.21333333333333335,0.08164155599661171
1b,D6-uniform,0.25,70,D6-uniform_e25_r070,ESF12,0.8949771689497716,,
1b,D6-uniform,0.25,70,D6-uniform_e25_r070,Alg2_Rs20,0.8812785388127854,,
1b,D6-uniform,0.25,70,D6-uniform_e25_r070,Alg2_Ru10,0.8812785388127854,,
1b,D6-uniform,0.25,70,D6-uniform_e25_r070,TCRlong(0.40)+rw+A2_Rs20,0.8904109589041096,,
1b,D6-uniform,0.25,70,D6-uniform_e25_r070,TCRlong(0.40)+rw+A2_Ru10,0.8904109589041096,,
1b,D6-uniform,0.3,70,D6-uniform_e30_r070,ESF12alone,0.5308056872037915,0.0,0.08475559297949076
1b,D6-uniform,0.3,70,D6-uniform_e30_r070,ESF12,0.5308056872037915,,
1b,D6-uniform,0.3,70,D6-uniform_e30_r070,Alg2_Rs20,0.5308056872037915,,
1b,D6-uniform,0.3,70,D6-uniform_e30_r070,Alg2_Ru10,0.5308056872037915,,
1b,D6-uniform,0.3,70,D6-uniform_e30_r070,TCRlong(0.40)+rw+A2_Rs20,0.909952606635071,,
1b,D6-uniform,0.3,70,D6-uniform_e30_r070,TCRlong(0.40)+rw+A2_Ru10,0.5924170616113744,,
1b,D6-uniform,0.35,70,D6-uniform_e35_r070,ESF12alone,0.5083798882681564,0.0,0.0757072540000081
1b,D6-uniform,0.35,70,D6-uniform_e35_r070,ESF12,0.5083798882681564,,
1b,D6-uniform,0.35,70,D6-uniform_e35_r070,Alg2_Rs20,0.5139664804469274,,
1b,D6-uniform,0.35,70,D6-uniform_e35_r070,Alg2_Ru10,0.5139664804469274,,
1b,D6-uniform,0.35,70,D6-uniform_e35_r070,TCRlong(0.40)+rw+A2_Rs20,0.5027932960893855,,
1b,D6-uniform,0.35,70,D6-uniform_e35_r070,TCRlong(0.40)+rw+A2_Ru10,0.5027932960893855,,
1b,D7-p3,0.25,70,D7-p3_e25_r070,ESF12alone,0.920704845814978,0.24666666666666667,2.0449523540446535
1b,D7-p3,0.25,70,D7-p3_e25_r070,ESF12,0.920704845814978,,
1b,D7-p3,0.25,70,D7-p3_e25_r070,Alg2_Rs20,0.9030837004405287,,
1b,D7-p3,0.25,70,D7-p3_e25_r070,Alg2_Ru10,0.9030837004405287,,
1b,D7-p3,0.25,70,D7-p3_e25_r070,TCRlong(0.40)+rw+A2_Rs20,0.8942731277533039,,
1b,D7-p3,0.25,70,D7-p3_e25_r070,TCRlong(0.40)+rw+A2_Ru10,0.8942731277533039,,
1b,D7-p3,0.3,70,D7-p3_e30_r070,ESF12alone,0.8611111111111112,0.28,1.1510456739924848
1b,D7-p3,0.3,70,D7-p3_e30_r070,ESF12,0.8611111111111112,,
1b,D7-p3,0.3,70,D7-p3_e30_r070,Alg2_Rs20,0.8611111111111112,,
1b,D7-p3,0.3,70,D7-p3_e30_r070,Alg2_Ru10,0.8611111111111112,,
1b,D7-p3,0.3,70,D7-p3_e30_r070,TCRlong(0.40)+rw+A2_Rs20,0.8611111111111112,,
1b,D7-p3,0.3,70,D7-p3_e30_r070,TCRlong(0.40)+rw+A2_Ru10,0.8611111111111112,,
1b,D7-p3,0.35,70,D7-p3_e35_r070,ESF12alone,0.546448087431694,0.19666666666666666,1.0953962800558656
1b,D7-p3,0.35,70,D7-p3_e35_r070,ESF12,0.546448087431694,,
1b,D7-p3,0.35,70,D7-p3_e35_r070,Alg2_Rs20,0.9234972677595629,,
1b,D7-p3,0.35,70,D7-p3_e35_r070,Alg2_Ru10,0.9234972677595629,,
1b,D7-p3,0.35,70,D7-p3_e35_r070,TCRlong(0.40)+rw+A2_Rs20,0.9234972677595629,,
1b,D7-p3,0.35,70,D7-p3_e35_r070,TCRlong(0.40)+rw+A2_Ru10,0.9234972677595629,,
1b,D8-K2par-sep,0.25,70,D8-K2par-sep_e25_r070,ESF12alone,1.0,0.24,0.04288072302006185
1b,D8-K2par-sep,0.25,70,D8-K2par-sep_e25_r070,ESF12,1.0,,
1b,D8-K2par-sep,0.25,70,D8-K2par-sep_e25_r070,Alg2_Rs20,1.0,,
1b,D8-K2par-sep,0.25,70,D8-K2par-sep_e25_r070,Alg2_Ru10,1.0,,
1b,D8-K2par-sep,0.25,70,D8-K2par-sep_e25_r070,TCRlong(0.40)+rw+A2_Rs20,1.0,,
1b,D8-K2par-sep,0.25,70,D8-K2par-sep_e25_r070,TCRlong(0.40)+rw+A2_Ru10,1.0,,
1b,D8-K2par-sep,0.3,70,D8-K2par-sep_e30_r070,ESF12alone,0.9952153110047847,0.30333333333333334,0.0805381239624694
1b,D8-K2par-sep,0.3,70,D8-K2par-sep_e30_r070,ESF12,0.9952153110047847,,
1b,D8-K2par-sep,0.3,70,D8-K2par-sep_e30_r070,Alg2_Rs20,0.9952153110047847,,
1b,D8-K2par-sep,0.3,70,D8-K2par-sep_e30_r070,Alg2_Ru10,0.9952153110047847,,
1b,D8-K2par-sep,0.3,70,D8-K2par-sep_e30_r070,TCRlong(0.40)+rw+A2_Rs20,0.9952153110047847,,
1b,D8-K2par-sep,0.3,70,D8-K2par-sep_e30_r070,TCRlong(0.40)+rw+A2_Ru10,0.9952153110047847,,
1b,D8-K2par-sep,0.35,70,D8-K2par-sep_e35_r070,ESF12alone,1.0,0.4,0.08136015303898603
1b,D8-K2par-sep,0.35,70,D8-K2par-sep_e35_r070,ESF12,1.0,,
1b,D8-K2par-sep,0.35,70,D8-K2par-sep_e35_r070,Alg2_Rs20,1.0,,
1b,D8-K2par-sep,0.35,70,D8-K2par-sep_e35_r070,Alg2_Ru10,1.0,,
1b,D8-K2par-sep,0.35,70,D8-K2par-sep_e35_r070,TCRlong(0.40)+rw+A2_Rs20,1.0,,
1b,D8-K2par-sep,0.35,70,D8-K2par-sep_e35_r070,TCRlong(0.40)+rw+A2_Ru10,1.0,,
1b,D1-K2cross,0.25,71,D1-K2cross_e25_r071,ESF12alone,0.9018691588785047,0.2866666666666667,0.08609400200657547
1b,D1-K2cross,0.25,71,D1-K2cross_e25_r071,ESF12,0.9018691588785047,,
1b,D1-K2cross,0.25,71,D1-K2cross_e25_r071,Alg2_Rs20,0.9018691588785047,,
1b,D1-K2cross,0.25,71,D1-K2cross_e25_r071,Alg2_Ru10,0.9018691588785047,,
1b,D1-K2cross,0.25,71,D1-K2cross_e25_r071,TCRlong(0.40)+rw+A2_Rs20,0.9018691588785047,,
1b,D1-K2cross,0.25,71,D1-K2cross_e25_r071,TCRlong(0.40)+rw+A2_Ru10,0.9018691588785047,,
1b,D1-K2cross,0.3,71,D1-K2cross_e30_r071,ESF12alone,0.9130434782608695,0.31,0.08050239190924913
1b,D1-K2cross,0.3,71,D1-K2cross_e30_r071,ESF12,0.9130434782608695,,
1b,D1-K2cross,0.3,71,D1-K2cross_e30_r071,Alg2_Rs20,0.9130434782608695,,
1b,D1-K2cross,0.3,71,D1-K2cross_e30_r071,Alg2_Ru10,0.9130434782608695,,
1b,D1-K2cross,0.3,71,D1-K2cross_e30_r071,TCRlong(0.40)+rw+A2_Rs20,0.9130434782608695,,
1b,D1-K2cross,0.3,71,D1-K2cross_e30_r071,TCRlong(0.40)+rw+A2_Ru10,0.9130434782608695,,
1b,D1-K2cross,0.35,71,D1-K2cross_e35_r071,ESF12alone,0.9111111111111111,0.4,0.10066429106518626
1b,D1-K2cross,0.35,71,D1-K2cross_e35_r071,ESF12,0.9111111111111111,,
1b,D1-K2cross,0.35,71,D1-K2cross_e35_r071,Alg2_Rs20,0.9111111111111111,,
1b,D1-K2cross,0.35,71,D1-K2cross_e35_r071,Alg2_Ru10,0.9111111111111111,,
1b,D1-K2cross,0.35,71,D1-K2cross_e35_r071,TCRlong(0.40)+rw+A2_Rs20,0.9111111111111111,,
1b,D1-K2cross,0.35,71,D1-K2cross_e35_r071,TCRlong(0.40)+rw+A2_Ru10,0.9111111111111111,,
1b,D2-K3par,0.25,71,D2-K3par_e25_r071,ESF12alone,0.8680851063829788,0.21666666666666667,0.3096149900229648
1b,D2-K3par,0.25,71,D2-K3par_e25_r071,ESF12,0.8680851063829788,,
1b,D2-K3par,0.25,71,D2-K3par_e25_r071,Alg2_Rs20,0.8723404255319149,,
1b,D2-K3par,0.25,71,D2-K3par_e25_r071,Alg2_Ru10,0.8723404255319149,,
1b,D2-K3par,0.25,71,D2-K3par_e25_r071,TCRlong(0.40)+rw+A2_Rs20,0.8723404255319149,,
1b,D2-K3par,0.25,71,D2-K3par_e25_r071,TCRlong(0.40)+rw+A2_Ru10,0.8723404255319149,,
1b,D2-K3par,0.3,71,D2-K3par_e30_r071,ESF12alone,0.9043062200956937,0.30333333333333334,0.2905597599456087
1b,D2-K3par,0.3,71,D2-K3par_e30_r071,ESF12,0.9043062200956937,,
1b,D2-K3par,0.3,71,D2-K3par_e30_r071,Alg2_Rs20,0.9043062200956937,,
1b,D2-K3par,0.3,71,D2-K3par_e30_r071,Alg2_Ru10,0.9043062200956937,,
1b,D2-K3par,0.3,71,D2-K3par_e30_r071,TCRlong(0.40)+rw+A2_Rs20,0.8899521531100478,,
1b,D2-K3par,0.3,71,D2-K3par_e30_r071,TCRlong(0.40)+rw+A2_Ru10,0.8899521531100478,,
1b,D2-K3par,0.35,71,D2-K3par_e35_r071,ESF12alone,0.3769633507853403,0.0,0.40230885695200413
1b,D2-K3par,0.35,71,D2-K3par_e35_r071,ESF12,0.3769633507853403,,
1b,D2-K3par,0.35,71,D2-K3par_e35_r071,Alg2_Rs20,0.3769633507853403,,
1b,D2-K3par,0.35,71,D2-K3par_e35_r071,Alg2_Ru10,0.3769633507853403,,
1b,D2-K3par,0.35,71,D2-K3par_e35_r071,TCRlong(0.40)+rw+A2_Rs20,0.8952879581151832,,
1b,D2-K3par,0.35,71,D2-K3par_e35_r071,TCRlong(0.40)+rw+A2_Ru10,0.8952879581151832,,
1b,D3-unequal,0.25,71,D3-unequal_e25_r071,ESF12alone,0.9279661016949152,0.22,0.0775692289462313
1b,D3-unequal,0.25,71,D3-unequal_e25_r071,ESF12,0.9279661016949152,,
1b,D3-unequal,0.25,71,D3-unequal_e25_r071,Alg2_Rs20,0.9279661016949152,,
1b,D3-unequal,0.25,71,D3-unequal_e25_r071,Alg2_Ru10,0.9279661016949152,,
1b,D3-unequal,0.25,71,D3-unequal_e25_r071,TCRlong(0.40)+rw+A2_Rs20,0.9279661016949152,,
1b,D3-unequal,0.25,71,D3-unequal_e25_r071,TCRlong(0.40)+rw+A2_Ru10,0.9279661016949152,,
1b,D3-unequal,0.3,71,D3-unequal_e30_r071,ESF12alone,0.7346938775510204,0.21666666666666667,0.08189290307927877
1b,D3-unequal,0.3,71,D3-unequal_e30_r071,ESF12,0.7346938775510204,,
1b,D3-unequal,0.3,71,D3-unequal_e30_r071,Alg2_Rs20,0.7346938775510204,,
1b,D3-unequal,0.3,71,D3-unequal_e30_r071,Alg2_Ru10,0.7346938775510204,,
1b,D3-unequal,0.3,71,D3-unequal_e30_r071,TCRlong(0.40)+rw+A2_Rs20,0.8877551020408163,,
1b,D3-unequal,0.3,71,D3-unequal_e30_r071,TCRlong(0.40)+rw+A2_Ru10,0.8877551020408163,,
1b,D3-unequal,0.35,71,D3-unequal_e35_r071,ESF12alone,0.9631578947368421,0.36666666666666664,0.08913017297163606
1b,D3-unequal,0.35,71,D3-unequal_e35_r071,ESF12,0.9631578947368421,,
1b,D3-unequal,0.35,71,D3-unequal_e35_r071,Alg2_Rs20,0.9631578947368421,,
1b,D3-unequal,0.35,71,D3-unequal_e35_r071,Alg2_Ru10,0.9631578947368421,,
1b,D3-unequal,0.35,71,D3-unequal_e35_r071,TCRlong(0.40)+rw+A2_Rs20,0.9631578947368421,,
1b,D3-unequal,0.35,71,D3-unequal_e35_r071,TCRlong(0.40)+rw+A2_Ru10,0.9631578947368421,,
1b,D4-hetero,0.25,71,D4-hetero_e25_r071,ESF12alone,0.9009009009009009,0.2633333333333333,0.07782150199636817
1b,D4-hetero,0.25,71,D4-hetero_e25_r071,ESF12,0.9009009009009009,,
1b,D4-hetero,0.25,71,D4-hetero_e25_r071,Alg2_Rs20,0.9009009009009009,,
1b,D4-hetero,0.25,71,D4-hetero_e25_r071,Alg2_Ru10,0.9009009009009009,,
1b,D4-hetero,0.25,71,D4-hetero_e25_r071,TCRlong(0.40)+rw+A2_Rs20,0.9009009009009009,,
1b,D4-hetero,0.25,71,D4-hetero_e25_r071,TCRlong(0.40)+rw+A2_Ru10,0.9009009009009009,,
1b,D4-hetero,0.3,71,D4-hetero_e30_r071,ESF12alone,0.9178743961352657,0.31666666666666665,0.07804480299819261
1b,D4-hetero,0.3,71,D4-hetero_e30_r071,ESF12,0.9178743961352657,,
1b,D4-hetero,0.3,71,D4-hetero_e30_r071,Alg2_Rs20,0.9178743961352657,,
1b,D4-hetero,0.3,71,D4-hetero_e30_r071,Alg2_Ru10,0.9178743961352657,,
1b,D4-hetero,0.3,71,D4-hetero_e30_r071,TCRlong(0.40)+rw+A2_Rs20,0.9178743961352657,,
1b,D4-hetero,0.3,71,D4-hetero_e30_r071,TCRlong(0.40)+rw+A2_Ru10,0.9178743961352657,,
1b,D4-hetero,0.35,71,D4-hetero_e35_r071,ESF12alone,0.8917525773195877,0.3566666666666667,0.08150272199418396
1b,D4-hetero,0.35,71,D4-hetero_e35_r071,ESF12,0.8917525773195877,,
1b,D4-hetero,0.35,71,D4-hetero_e35_r071,Alg2_Rs20,0.8917525773195877,,
1b,D4-hetero,0.35,71,D4-hetero_e35_r071,Alg2_Ru10,0.8917525773195877,,
1b,D4-hetero,0.35,71,D4-hetero_e35_r071,TCRlong(0.40)+rw+A2_Rs20,0.8917525773195877,,
1b,D4-hetero,0.35,71,D4-hetero_e35_r071,TCRlong(0.40)+rw+A2_Ru10,0.8917525773195877,,
1b,D5-leverage,0.25,71,D5-leverage_e25_r071,ESF12alone,0.5092592592592593,0.05333333333333334,0.07631838298402727
1b,D5-leverage,0.25,71,D5-leverage_e25_r071,ESF12,0.5092592592592593,,
1b,D5-leverage,0.25,71,D5-leverage_e25_r071,Alg2_Rs20,0.5092592592592593,,
1b,D5-leverage,0.25,71,D5-leverage_e25_r071,Alg2_Ru10,0.5092592592592593,,
1b,D5-leverage,0.25,71,D5-leverage_e25_r071,TCRlong(0.40)+rw+A2_Rs20,0.5092592592592593,,
1b,D5-leverage,0.25,71,D5-leverage_e25_r071,TCRlong(0.40)+rw+A2_Ru10,0.5092592592592593,,
1b,D5-leverage,0.3,71,D5-leverage_e30_r071,ESF12alone,0.505,0.01,0.07966056000441313
1b,D5-leverage,0.3,71,D5-leverage_e30_r071,ESF12,0.505,,
1b,D5-leverage,0.3,71,D5-leverage_e30_r071,Alg2_Rs20,0.5,,
1b,D5-leverage,0.3,71,D5-leverage_e30_r071,Alg2_Ru10,0.5,,
1b,D5-leverage,0.3,71,D5-leverage_e30_r071,TCRlong(0.40)+rw+A2_Rs20,0.855,,
1b,D5-leverage,0.3,71,D5-leverage_e30_r071,TCRlong(0.40)+rw+A2_Ru10,0.855,,
1b,D5-leverage,0.35,71,D5-leverage_e35_r071,ESF12alone,0.5344827586206896,0.0033333333333333335,0.07913112395908684
1b,D5-leverage,0.35,71,D5-leverage_e35_r071,ESF12,0.5344827586206896,,
1b,D5-leverage,0.35,71,D5-leverage_e35_r071,Alg2_Rs20,0.5287356321839081,,
1b,D5-leverage,0.35,71,D5-leverage_e35_r071,Alg2_Ru10,0.5287356321839081,,
1b,D5-leverage,0.35,71,D5-leverage_e35_r071,TCRlong(0.40)+rw+A2_Rs20,0.5229885057471264,,
1b,D5-leverage,0.35,71,D5-leverage_e35_r071,TCRlong(0.40)+rw+A2_Ru10,0.5229885057471264,,
1b,D6-uniform,0.25,71,D6-uniform_e25_r071,ESF12alone,0.9012875536480687,0.21,0.07746758393477648
1b,D6-uniform,0.25,71,D6-uniform_e25_r071,ESF12,0.9012875536480687,,
1b,D6-uniform,0.25,71,D6-uniform_e25_r071,Alg2_Rs20,0.9098712446351931,,
1b,D6-uniform,0.25,71,D6-uniform_e25_r071,Alg2_Ru10,0.9098712446351931,,
1b,D6-uniform,0.25,71,D6-uniform_e25_r071,TCRlong(0.40)+rw+A2_Rs20,0.9055793991416309,,
1b,D6-uniform,0.25,71,D6-uniform_e25_r071,TCRlong(0.40)+rw+A2_Ru10,0.9055793991416309,,
1b,D6-uniform,0.3,71,D6-uniform_e30_r071,ESF12alone,0.5048543689320388,0.0,0.07808999891858548
1b,D6-uniform,0.3,71,D6-uniform_e30_r071,ESF12,0.5048543689320388,,
1b,D6-uniform,0.3,71,D6-uniform_e30_r071,Alg2_Rs20,0.5048543689320388,,
1b,D6-uniform,0.3,71,D6-uniform_e30_r071,Alg2_Ru10,0.5048543689320388,,
1b,D6-uniform,0.3,71,D6-uniform_e30_r071,TCRlong(0.40)+rw+A2_Rs20,0.9029126213592233,,
1b,D6-uniform,0.3,71,D6-uniform_e30_r071,TCRlong(0.40)+rw+A2_Ru10,0.5242718446601942,,
1b,D6-uniform,0.35,71,D6-uniform_e35_r071,ESF12alone,0.5566502463054187,0.0,0.07820877700578421
1b,D6-uniform,0.35,71,D6-uniform_e35_r071,ESF12,0.5566502463054187,,
1b,D6-uniform,0.35,71,D6-uniform_e35_r071,Alg2_Rs20,0.5320197044334976,,
1b,D6-uniform,0.35,71,D6-uniform_e35_r071,Alg2_Ru10,0.5320197044334976,,
1b,D6-uniform,0.35,71,D6-uniform_e35_r071,TCRlong(0.40)+rw+A2_Rs20,0.5270935960591133,,
1b,D6-uniform,0.35,71,D6-uniform_e35_r071,TCRlong(0.40)+rw+A2_Ru10,0.5270935960591133,,
1b,D7-p3,0.25,71,D7-p3_e25_r071,ESF12alone,0.9475982532751092,0.24,1.8313954790355638
1b,D7-p3,0.25,71,D7-p3_e25_r071,ESF12,0.9475982532751092,,
1b,D7-p3,0.25,71,D7-p3_e25_r071,Alg2_Rs20,0.9475982532751092,,
1b,D7-p3,0.25,71,D7-p3_e25_r071,Alg2_Ru10,0.9475982532751092,,
1b,D7-p3,0.25,71,D7-p3_e25_r071,TCRlong(0.40)+rw+A2_Rs20,0.9475982532751092,,
1b,D7-p3,0.25,71,D7-p3_e25_r071,TCRlong(0.40)+rw+A2_Ru10,0.9475982532751092,,
1b,D7-p3,0.3,71,D7-p3_e30_r071,ESF12alone,0.5641025641025641,0.17666666666666667,1.1221517589874566
1b,D7-p3,0.3,71,D7-p3_e30_r071,ESF12,0.5641025641025641,,
1b,D7-p3,0.3,71,D7-p3_e30_r071,Alg2_Rs20,0.9128205128205128,,
1b,D7-p3,0.3,71,D7-p3_e30_r071,Alg2_Ru10,0.9128205128205128,,
1b,D7-p3,0.3,71,D7-p3_e30_r071,TCRlong(0.40)+rw+A2_Rs20,0.9128205128205128,,
1b,D7-p3,0.3,71,D7-p3_e30_r071,TCRlong(0.40)+rw+A2_Ru10,0.9128205128205128,,
1b,D7-p3,0.35,71,D7-p3_e35_r071,ESF12alone,0.5229885057471264,0.19666666666666666,1.1412763389525935
1b,D7-p3,0.35,71,D7-p3_e35_r071,ESF12,0.5229885057471264,,
1b,D7-p3,0.35,71,D7-p3_e35_r071,Alg2_Rs20,0.5344827586206896,,
1b,D7-p3,0.35,71,D7-p3_e35_r071,Alg2_Ru10,0.5344827586206896,,
1b,D7-p3,0.35,71,D7-p3_e35_r071,TCRlong(0.40)+rw+A2_Rs20,0.5229885057471264,,
1b,D7-p3,0.35,71,D7-p3_e35_r071,TCRlong(0.40)+rw+A2_Ru10,0.5229885057471264,,
1b,D8-K2par-sep,0.25,71,D8-K2par-sep_e25_r071,ESF12alone,1.0,0.25,0.04121164605021477
1b,D8-K2par-sep,0.25,71,D8-K2par-sep_e25_r071,ESF12,1.0,,
1b,D8-K2par-sep,0.25,71,D8-K2par-sep_e25_r071,Alg2_Rs20,1.0,,
1b,D8-K2par-sep,0.25,71,D8-K2par-sep_e25_r071,Alg2_Ru10,1.0,,
1b,D8-K2par-sep,0.25,71,D8-K2par-sep_e25_r071,TCRlong(0.40)+rw+A2_Rs20,1.0,,
1b,D8-K2par-sep,0.25,71,D8-K2par-sep_e25_r071,TCRlong(0.40)+rw+A2_Ru10,1.0,,
1b,D8-K2par-sep,0.3,71,D8-K2par-sep_e30_r071,ESF12alone,1.0,0.30666666666666664,0.04713193990755826
1b,D8-K2par-sep,0.3,71,D8-K2par-sep_e30_r071,ESF12,1.0,,
1b,D8-K2par-sep,0.3,71,D8-K2par-sep_e30_r071,Alg2_Rs20,1.0,,
1b,D8-K2par-sep,0.3,71,D8-K2par-sep_e30_r071,Alg2_Ru10,1.0,,
1b,D8-K2par-sep,0.3,71,D8-K2par-sep_e30_r071,TCRlong(0.40)+rw+A2_Rs20,1.0,,
1b,D8-K2par-sep,0.3,71,D8-K2par-sep_e30_r071,TCRlong(0.40)+rw+A2_Ru10,1.0,,
1b,D8-K2par-sep,0.35,71,D8-K2par-sep_e35_r071,ESF12alone,0.5163043478260869,0.18,0.09185446496121585
1b,D8-K2par-sep,0.35,71,D8-K2par-sep_e35_r071,ESF12,0.5163043478260869,,
1b,D8-K2par-sep,0.35,71,D8-K2par-sep_e35_r071,Alg2_Rs20,1.0,,
1b,D8-K2par-sep,0.35,71,D8-K2par-sep_e35_r071,Alg2_Ru10,1.0,,
1b,D8-K2par-sep,0.35,71,D8-K2par-sep_e35_r071,TCRlong(0.40)+rw+A2_Rs20,1.0,,
1b,D8-K2par-sep,0.35,71,D8-K2par-sep_e35_r071,TCRlong(0.40)+rw+A2_Ru10,1.0,,
1b,D1-K2cross,0.25,72,D1-K2cross_e25_r072,ESF12alone,0.9279661016949152,0.21666666666666667,0.10380173707380891
1b,D1-K2cross,0.25,72,D1-K2cross_e25_r072,ESF12,0.9279661016949152,,
1b,D1-K2cross,0.25,72,D1-K2cross_e25_r072,Alg2_Rs20,0.9279661016949152,,
1b,D1-K2cross,0.25,72,D1-K2cross_e25_r072,Alg2_Ru10,0.9279661016949152,,
1b,D1-K2cross,0.25,72,D1-K2cross_e25_r072,TCRlong(0.40)+rw+A2_Rs20,0.9279661016949152,,
1b,D1-K2cross,0.25,72,D1-K2cross_e25_r072,TCRlong(0.40)+rw+A2_Ru10,0.9279661016949152,,
1b,D1-K2cross,0.3,72,D1-K2cross_e30_r072,ESF12alone,0.9212962962962963,0.28,0.07930986396968365
1b,D1-K2cross,0.3,72,D1-K2cross_e30_r072,ESF12,0.9212962962962963,,
1b,D1-K2cross,0.3,72,D1-K2cross_e30_r072,Alg2_Rs20,0.9212962962962963,,
1b,D1-K2cross,0.3,72,D1-K2cross_e30_r072,Alg2_Ru10,0.9212962962962963,,
1b,D1-K2cross,0.3,72,D1-K2cross_e30_r072,TCRlong(0.40)+rw+A2_Rs20,0.9212962962962963,,
1b,D1-K2cross,0.3,72,D1-K2cross_e30_r072,TCRlong(0.40)+rw+A2_Ru10,0.9212962962962963,,
1b,D1-K2cross,0.35,72,D1-K2cross_e35_r072,ESF12alone,0.8865979381443299,0.35333333333333333,0.08006264001596719
1b,D1-K2cross,0.35,72,D1-K2cross_e35_r072,ESF12,0.8865979381443299,,
1b,D1-K2cross,0.35,72,D1-K2cross_e35_r072,Alg2_Rs20,0.8865979381443299,,
1b,D1-K2cross,0.35,72,D1-K2cross_e35_r072,Alg2_Ru10,0.8865979381443299,,
1b,D1-K2cross,0.35,72,D1-K2cross_e35_r072,TCRlong(0.40)+rw+A2_Rs20,0.8865979381443299,,
1b,D1-K2cross,0.35,72,D1-K2cross_e35_r072,TCRlong(0.40)+rw+A2_Ru10,0.8865979381443299,,
1b,D2-K3par,0.25,72,D2-K3par_e25_r072,ESF12alone,0.9056603773584906,0.29333333333333333,0.32603675790596753
1b,D2-K3par,0.25,72,D2-K3par_e25_r072,ESF12,0.9056603773584906,,
1b,D2-K3par,0.25,72,D2-K3par_e25_r072,Alg2_Rs20,0.9056603773584906,,
1b,D2-K3par,0.25,72,D2-K3par_e25_r072,Alg2_Ru10,0.9056603773584906,,
1b,D2-K3par,0.25,72,D2-K3par_e25_r072,TCRlong(0.40)+rw+A2_Rs20,0.9056603773584906,,
1b,D2-K3par,0.25,72,D2-K3par_e25_r072,TCRlong(0.40)+rw+A2_Ru10,0.9056603773584906,,
1b,D2-K3par,0.3,72,D2-K3par_e30_r072,ESF12alone,0.9182692307692307,0.30666666666666664,0.33929546899162233
1b,D2-K3par,0.3,72,D2-K3par_e30_r072,ESF12,0.9182692307692307,,
1b,D2-K3par,0.3,72,D2-K3par_e30_r072,Alg2_Rs20,0.6875,,
1b,D2-K3par,0.3,72,D2-K3par_e30_r072,Alg2_Ru10,0.6875,,
1b,D2-K3par,0.3,72,D2-K3par_e30_r072,TCRlong(0.40)+rw+A2_Rs20,0.9182692307692307,,
1b,D2-K3par,0.3,72,D2-K3par_e30_r072,TCRlong(0.40)+rw+A2_Ru10,0.9182692307692307,,
1b,D2-K3par,0.35,72,D2-K3par_e35_r072,ESF12alone,0.35195530726256985,0.0033333333333333335,0.3700786489062011
1b,D2-K3par,0.35,72,D2-K3par_e35_r072,ESF12,0.35195530726256985,,
1b,D2-K3par,0.35,72,D2-K3par_e35_r072,Alg2_Rs20,0.35195530726256985,,
1b,D2-K3par,0.35,72,D2-K3par_e35_r072,Alg2_Ru10,0.35195530726256985,,
1b,D2-K3par,0.35,72,D2-K3par_e35_r072,TCRlong(0.40)+rw+A2_Rs20,0.6480446927374302,,
1b,D2-K3par,0.35,72,D2-K3par_e35_r072,TCRlong(0.40)+rw+A2_Ru10,0.6480446927374302,,
1b,D3-unequal,0.25,72,D3-unequal_e25_r072,ESF12alone,0.8842975206611571,0.19333333333333333,0.085833829944022
1b,D3-unequal,0.25,72,D3-unequal_e25_r072,ESF12,0.8842975206611571,,
1b,D3-unequal,0.25,72,D3-unequal_e25_r072,Alg2_Rs20,0.9008264462809917,,
1b,D3-unequal,0.25,72,D3-unequal_e25_r072,Alg2_Ru10,0.9008264462809917,,
1b,D3-unequal,0.25,72,D3-unequal_e25_r072,TCRlong(0.40)+rw+A2_Rs20,0.8801652892561983,,
1b,D3-unequal,0.25,72,D3-unequal_e25_r072,TCRlong(0.40)+rw+A2_Ru10,0.8801652892561983,,
1b,D3-unequal,0.3,72,D3-unequal_e30_r072,ESF12alone,0.9241706161137441,0.2966666666666667,0.08614277699962258
1b,D3-unequal,0.3,72,D3-unequal_e30_r072,ESF12,0.9241706161137441,,
1b,D3-unequal,0.3,72,D3-unequal_e30_r072,Alg2_Rs20,0.9241706161137441,,
1b,D3-unequal,0.3,72,D3-unequal_e30_r072,Alg2_Ru10,0.9241706161137441,,
1b,D3-unequal,0.3,72,D3-unequal_e30_r072,TCRlong(0.40)+rw+A2_Rs20,0.9241706161137441,,
1b,D3-unequal,0.3,72,D3-unequal_e30_r072,TCRlong(0.40)+rw+A2_Ru10,0.9241706161137441,,
1b,D3-unequal,0.35,72,D3-unequal_e35_r072,ESF12alone,0.6995073891625616,0.15,0.09057555603794754
1b,D3-unequal,0.35,72,D3-unequal_e35_r072,ESF12,0.6995073891625616,,
1b,D3-unequal,0.35,72,D3-unequal_e35_r072,Alg2_Rs20,0.6995073891625616,,
1b,D3-unequal,0.35,72,D3-unequal_e35_r072,Alg2_Ru10,0.6995073891625616,,
1b,D3-unequal,0.35,72,D3-unequal_e35_r072,TCRlong(0.40)+rw+A2_Rs20,0.916256157635468,,
1b,D3-unequal,0.35,72,D3-unequal_e35_r072,TCRlong(0.40)+rw+A2_Ru10,0.916256157635468,,
1b,D4-hetero,0.25,72,D4-hetero_e25_r072,ESF12alone,0.8766519823788547,0.25333333333333335,0.1101822858909145
1b,D4-hetero,0.25,72,D4-hetero_e25_r072,ESF12,0.8766519823788547,,
1b,D4-hetero,0.25,72,D4-hetero_e25_r072,Alg2_Rs20,0.8678414096916299,,
1b,D4-hetero,0.25,72,D4-hetero_e25_r072,Alg2_Ru10,0.8678414096916299,,
1b,D4-hetero,0.25,72,D4-hetero_e25_r072,TCRlong(0.40)+rw+A2_Rs20,0.8678414096916299,,
1b,D4-hetero,0.25,72,D4-hetero_e25_r072,TCRlong(0.40)+rw+A2_Ru10,0.8678414096916299,,
1b,D4-hetero,0.3,72,D4-hetero_e30_r072,ESF12alone,0.9174757281553398,0.32,0.07988809398375452
1b,D4-hetero,0.3,72,D4-hetero_e30_r072,ESF12,0.9174757281553398,,
1b,D4-hetero,0.3,72,D4-hetero_e30_r072,Alg2_Rs20,0.9174757281553398,,
1b,D4-hetero,0.3,72,D4-hetero_e30_r072,Alg2_Ru10,0.9174757281553398,,
1b,D4-hetero,0.3,72,D4-hetero_e30_r072,TCRlong(0.40)+rw+A2_Rs20,0.9174757281553398,,
1b,D4-hetero,0.3,72,D4-hetero_e30_r072,TCRlong(0.40)+rw+A2_Ru10,0.9174757281553398,,
1b,D4-hetero,0.35,72,D4-hetero_e35_r072,ESF12alone,0.9507389162561576,0.32666666666666666,0.08093709498643875
1b,D4-hetero,0.35,72,D4-hetero_e35_r072,ESF12,0.9507389162561576,,
1b,D4-hetero,0.35,72,D4-hetero_e35_r072,Alg2_Rs20,0.9507389162561576,,
1b,D4-hetero,0.35,72,D4-hetero_e35_r072,Alg2_Ru10,0.9507389162561576,,
1b,D4-hetero,0.35,72,D4-hetero_e35_r072,TCRlong(0.40)+rw+A2_Rs20,0.9507389162561576,,
1b,D4-hetero,0.35,72,D4-hetero_e35_r072,TCRlong(0.40)+rw+A2_Ru10,0.9507389162561576,,
1b,D5-leverage,0.25,72,D5-leverage_e25_r072,ESF12alone,0.502262443438914,0.016666666666666666,0.0801995099755004
1b,D5-leverage,0.25,72,D5-leverage_e25_r072,ESF12,0.502262443438914,,
1b,D5-leverage,0.25,72,D5-leverage_e25_r072,Alg2_Rs20,0.5067873303167421,,
1b,D5-leverage,0.25,72,D5-leverage_e25_r072,Alg2_Ru10,0.5067873303167421,,
1b,D5-leverage,0.25,72,D5-leverage_e25_r072,TCRlong(0.40)+rw+A2_Rs20,0.8868778280542986,,
1b,D5-leverage,0.25,72,D5-leverage_e25_r072,TCRlong(0.40)+rw+A2_Ru10,0.8868778280542986,,
1b,D5-leverage,0.3,72,D5-leverage_e30_r072,ESF12alone,0.52,0.0033333333333333335,0.08008788898587227
1b,D5-leverage,0.3,72,D5-leverage_e30_r072,ESF12,0.52,,
1b,D5-leverage,0.3,72,D5-leverage_e30_r072,Alg2_Rs20,0.515,,
1b,D5-leverage,0.3,72,D5-leverage_e30_r072,Alg2_Ru10,0.515,,
1b,D5-leverage,0.3,72,D5-leverage_e30_r072,TCRlong(0.40)+rw+A2_Rs20,0.52,,
1b,D5-leverage,0.3,72,D5-leverage_e30_r072,TCRlong(0.40)+rw+A2_Ru10,0.52,,
1b,D5-leverage,0.35,72,D5-leverage_e35_r072,ESF12alone,0.5181347150259067,0.013333333333333334,0.07956424495205283
1b,D5-leverage,0.35,72,D5-leverage_e35_r072,ESF12,0.5181347150259067,,
1b,D5-leverage,0.35,72,D5-leverage_e35_r072,Alg2_Rs20,0.5129533678756477,,
1b,D5-leverage,0.35,72,D5-leverage_e35_r072,Alg2_Ru10,0.5129533678756477,,
1b,D5-leverage,0.35,72,D5-leverage_e35_r072,TCRlong(0.40)+rw+A2_Rs20,0.5181347150259067,,
1b,D5-leverage,0.35,72,D5-leverage_e35_r072,TCRlong(0.40)+rw+A2_Ru10,0.5181347150259067,,
1b,D6-uniform,0.25,72,D6-uniform_e25_r072,ESF12alone,0.9227467811158798,0.18333333333333332,0.07545263099018484
1b,D6-uniform,0.25,72,D6-uniform_e25_r072,ESF12,0.9227467811158798,,
1b,D6-uniform,0.25,72,D6-uniform_e25_r072,Alg2_Rs20,0.9227467811158798,,
1b,D6-uniform,0.25,72,D6-uniform_e25_r072,Alg2_Ru10,0.9227467811158798,,
1b,D6-uniform,0.25,72,D6-uniform_e25_r072,TCRlong(0.40)+rw+A2_Rs20,0.9141630901287554,,
1b,D6-uniform,0.25,72,D6-uniform_e25_r072,TCRlong(0.40)+rw+A2_Ru10,0.9141630901287554,,
1b,D6-uniform,0.3,72,D6-uniform_e30_r072,ESF12alone,0.5071090047393365,0.0,0.0809447499923408
1b,D6-uniform,0.3,72,D6-uniform_e30_r072,ESF12,0.5071090047393365,,
1b,D6-uniform,0.3,72,D6-uniform_e30_r072,Alg2_Rs20,0.5023696682464455,,
1b,D6-uniform,0.3,72,D6-uniform_e30_r072,Alg2_Ru10,0.5023696682464455,,
1b,D6-uniform,0.3,72,D6-uniform_e30_r072,TCRlong(0.40)+rw+A2_Rs20,0.9289099526066351,,
1b,D6-uniform,0.3,72,D6-uniform_e30_r072,TCRlong(0.40)+rw+A2_Ru10,0.9289099526066351,,
1b,D6-uniform,0.35,72,D6-uniform_e35_r072,ESF12alone,0.5023474178403756,0.0,0.07904602296184748
1b,D6-uniform,0.35,72,D6-uniform_e35_r072,ESF12,0.5023474178403756,,
1b,D6-uniform,0.35,72,D6-uniform_e35_r072,Alg2_Rs20,0.5023474178403756,,
1b,D6-uniform,0.35,72,D6-uniform_e35_r072,Alg2_Ru10,0.5023474178403756,,
1b,D6-uniform,0.35,72,D6-uniform_e35_r072,TCRlong(0.40)+rw+A2_Rs20,0.6103286384976526,,
1b,D6-uniform,0.35,72,D6-uniform_e35_r072,TCRlong(0.40)+rw+A2_Ru10,0.6103286384976526,,
1b,D7-p3,0.25,72,D7-p3_e25_r072,ESF12alone,0.899581589958159,0.21333333333333335,1.65583472000435
1b,D7-p3,0.25,72,D7-p3_e25_r072,ESF12,0.899581589958159,,
1b,D7-p3,0.25,72,D7-p3_e25_r072,Alg2_Rs20,0.899581589958159,,
1b,D7-p3,0.25,72,D7-p3_e25_r072,Alg2_Ru10,0.899581589958159,,
1b,D7-p3,0.25,72,D7-p3_e25_r072,TCRlong(0.40)+rw+A2_Rs20,0.895397489539749,,
1b,D7-p3,0.25,72,D7-p3_e25_r072,TCRlong(0.40)+rw+A2_Ru10,0.895397489539749,,
1b,D7-p3,0.3,72,D7-p3_e30_r072,ESF12alone,0.8955223880597015,0.33,1.7618754740105942
1b,D7-p3,0.3,72,D7-p3_e30_r072,ESF12,0.8955223880597015,,
1b,D7-p3,0.3,72,D7-p3_e30_r072,Alg2_Rs20,0.8955223880597015,,
1b,D7-p3,0.3,72,D7-p3_e30_r072,Alg2_Ru10,0.8955223880597015,,
1b,D7-p3,0.3,72,D7-p3_e30_r072,TCRlong(0.40)+rw+A2_Rs20,0.8955223880597015,,
1b,D7-p3,0.3,72,D7-p3_e30_r072,TCRlong(0.40)+rw+A2_Ru10,0.8955223880597015,,
1b,D7-p3,0.35,72,D7-p3_e35_r072,ESF12alone,0.5329949238578681,0.15,1.1109794059302658
1b,D7-p3,0.35,72,D7-p3_e35_r072,ESF12,0.5329949238578681,,
1b,D7-p3,0.35,72,D7-p3_e35_r072,Alg2_Rs20,0.9035532994923858,,
1b,D7-p3,0.35,72,D7-p3_e35_r072,Alg2_Ru10,0.9035532994923858,,
1b,D7-p3,0.35,72,D7-p3_e35_r072,TCRlong(0.40)+rw+A2_Rs20,0.9035532994923858,,
1b,D7-p3,0.35,72,D7-p3_e35_r072,TCRlong(0.40)+rw+A2_Ru10,0.9035532994923858,,
1b,D8-K2par-sep,0.25,72,D8-K2par-sep_e25_r072,ESF12alone,1.0,0.25,0.04310529597569257
1b,D8-K2par-sep,0.25,72,D8-K2par-sep_e25_r072,ESF12,1.0,,
1b,D8-K2par-sep,0.25,72,D8-K2par-sep_e25_r072,Alg2_Rs20,1.0,,
1b,D8-K2par-sep,0.25,72,D8-K2par-sep_e25_r072,Alg2_Ru10,1.0,,
1b,D8-K2par-sep,0.25,72,D8-K2par-sep_e25_r072,TCRlong(0.40)+rw+A2_Rs20,1.0,,
1b,D8-K2par-sep,0.25,72,D8-K2par-sep_e25_r072,TCRlong(0.40)+rw+A2_Ru10,1.0,,
1b,D8-K2par-sep,0.3,72,D8-K2par-sep_e30_r072,ESF12alone,0.9951923076923077,0.30666666666666664,0.04342573892790824
1b,D8-K2par-sep,0.3,72,D8-K2par-sep_e30_r072,ESF12,0.9951923076923077,,
1b,D8-K2par-sep,0.3,72,D8-K2par-sep_e30_r072,Alg2_Rs20,0.9951923076923077,,
1b,D8-K2par-sep,0.3,72,D8-K2par-sep_e30_r072,Alg2_Ru10,0.9951923076923077,,
1b,D8-K2par-sep,0.3,72,D8-K2par-sep_e30_r072,TCRlong(0.40)+rw+A2_Rs20,0.9951923076923077,,
1b,D8-K2par-sep,0.3,72,D8-K2par-sep_e30_r072,TCRlong(0.40)+rw+A2_Ru10,0.9951923076923077,,
1b,D8-K2par-sep,0.35,72,D8-K2par-sep_e35_r072,ESF12alone,1.0,0.32666666666666666,0.045278980978764594
1b,D8-K2par-sep,0.35,72,D8-K2par-sep_e35_r072,ESF12,1.0,,
1b,D8-K2par-sep,0.35,72,D8-K2par-sep_e35_r072,Alg2_Rs20,1.0,,
1b,D8-K2par-sep,0.35,72,D8-K2par-sep_e35_r072,Alg2_Ru10,1.0,,
1b,D8-K2par-sep,0.35,72,D8-K2par-sep_e35_r072,TCRlong(0.40)+rw+A2_Rs20,1.0,,
1b,D8-K2par-sep,0.35,72,D8-K2par-sep_e35_r072,TCRlong(0.40)+rw+A2_Ru10,1.0,,
1b,D1-K2cross,0.25,73,D1-K2cross_e25_r073,ESF12alone,0.9071729957805907,0.21333333333333335,0.08216880599502474
1b,D1-K2cross,0.25,73,D1-K2cross_e25_r073,ESF12,0.9071729957805907,,
1b,D1-K2cross,0.25,73,D1-K2cross_e25_r073,Alg2_Rs20,0.9071729957805907,,
1b,D1-K2cross,0.25,73,D1-K2cross_e25_r073,Alg2_Ru10,0.9071729957805907,,
1b,D1-K2cross,0.25,73,D1-K2cross_e25_r073,TCRlong(0.40)+rw+A2_Rs20,0.9029535864978903,,
1b,D1-K2cross,0.25,73,D1-K2cross_e25_r073,TCRlong(0.40)+rw+A2_Ru10,0.9029535864978903,,
1b,D1-K2cross,0.3,73,D1-K2cross_e30_r073,ESF12alone,0.9119170984455959,0.3566666666666667,0.07656005304306746
1b,D1-K2cross,0.3,73,D1-K2cross_e30_r073,ESF12,0.9119170984455959,,
1b,D1-K2cross,0.3,73,D1-K2cross_e30_r073,Alg2_Rs20,0.9119170984455959,,
1b,D1-K2cross,0.3,73,D1-K2cross_e30_r073,Alg2_Ru10,0.9119170984455959,,
1b,D1-K2cross,0.3,73,D1-K2cross_e30_r073,TCRlong(0.40)+rw+A2_Rs20,0.9119170984455959,,
1b,D1-K2cross,0.3,73,D1-K2cross_e30_r073,TCRlong(0.40)+rw+A2_Ru10,0.9119170984455959,,
1b,D1-K2cross,0.35,73,D1-K2cross_e35_r073,ESF12alone,0.9175257731958762,0.35333333333333333,0.07787794305477291
1b,D1-K2cross,0.35,73,D1-K2cross_e35_r073,ESF12,0.9175257731958762,,
1b,D1-K2cross,0.35,73,D1-K2cross_e35_r073,Alg2_Rs20,0.9175257731958762,,
1b,D1-K2cross,0.35,73,D1-K2cross_e35_r073,Alg2_Ru10,0.9175257731958762,,
1b,D1-K2cross,0.35,73,D1-K2cross_e35_r073,TCRlong(0.40)+rw+A2_Rs20,0.9175257731958762,,
1b,D1-K2cross,0.35,73,D1-K2cross_e35_r073,TCRlong(0.40)+rw+A2_Ru10,0.9175257731958762,,
1b,D2-K3par,0.25,73,D2-K3par_e25_r073,ESF12alone,0.6621004566210046,0.11,0.46232627506833524
1b,D2-K3par,0.25,73,D2-K3par_e25_r073,ESF12,0.6621004566210046,,
1b,D2-K3par,0.25,73,D2-K3par_e25_r073,Alg2_Rs20,0.6621004566210046,,
1b,D2-K3par,0.25,73,D2-K3par_e25_r073,Alg2_Ru10,0.6621004566210046,,
1b,D2-K3par,0.25,73,D2-K3par_e25_r073,TCRlong(0.40)+rw+A2_Rs20,0.6986301369863014,,
1b,D2-K3par,0.25,73,D2-K3par_e25_r073,TCRlong(0.40)+rw+A2_Ru10,0.6986301369863014,,
1b,D2-K3par,0.3,73,D2-K3par_e30_r073,ESF12alone,0.9302325581395349,0.2833333333333333,0.29658785311039537
1b,D2-K3par,0.3,73,D2-K3par_e30_r073,ESF12,0.9302325581395349,,
1b,D2-K3par,0.3,73,D2-K3par_e30_r073,Alg2_Rs20,0.9302325581395349,,
1b,D2-K3par,0.3,73,D2-K3par_e30_r073,Alg2_Ru10,0.9302325581395349,,
1b,D2-K3par,0.3,73,D2-K3par_e30_r073,TCRlong(0.40)+rw+A2_Rs20,0.9302325581395349,,
1b,D2-K3par,0.3,73,D2-K3par_e30_r073,TCRlong(0.40)+rw+A2_Ru10,0.9302325581395349,,
1b,D2-K3par,0.35,73,D2-K3par_e35_r073,ESF12alone,0.7185929648241206,0.14,0.38010309799574316
1b,D2-K3par,0.35,73,D2-K3par_e35_r073,ESF12,0.7185929648241206,,
1b,D2-K3par,0.35,73,D2-K3par_e35_r073,Alg2_Rs20,0.7185929648241206,,
1b,D2-K3par,0.35,73,D2-K3par_e35_r073,Alg2_Ru10,0.7185929648241206,,
1b,D2-K3par,0.35,73,D2-K3par_e35_r073,TCRlong(0.40)+rw+A2_Rs20,0.7135678391959799,,
1b,D2-K3par,0.35,73,D2-K3par_e35_r073,TCRlong(0.40)+rw+A2_Ru10,0.7135678391959799,,
1b,D3-unequal,0.25,73,D3-unequal_e25_r073,ESF12alone,0.8974358974358975,0.22,0.08278517099097371
1b,D3-unequal,0.25,73,D3-unequal_e25_r073,ESF12,0.8974358974358975,,
1b,D3-unequal,0.25,73,D3-unequal_e25_r073,Alg2_Rs20,0.8974358974358975,,
1b,D3-unequal,0.25,73,D3-unequal_e25_r073,Alg2_Ru10,0.8974358974358975,,
1b,D3-unequal,0.25,73,D3-unequal_e25_r073,TCRlong(0.40)+rw+A2_Rs20,0.8931623931623932,,
1b,D3-unequal,0.25,73,D3-unequal_e25_r073,TCRlong(0.40)+rw+A2_Ru10,0.8931623931623932,,
1b,D3-unequal,0.3,73,D3-unequal_e30_r073,ESF12alone,0.9353233830845771,0.33,0.0828706999309361
1b,D3-unequal,0.3,73,D3-unequal_e30_r073,ESF12,0.9353233830845771,,
1b,D3-unequal,0.3,73,D3-unequal_e30_r073,Alg2_Rs20,0.9353233830845771,,
1b,D3-unequal,0.3,73,D3-unequal_e30_r073,Alg2_Ru10,0.9353233830845771,,
1b,D3-unequal,0.3,73,D3-unequal_e30_r073,TCRlong(0.40)+rw+A2_Rs20,0.9353233830845771,,
1b,D3-unequal,0.3,73,D3-unequal_e30_r073,TCRlong(0.40)+rw+A2_Ru10,0.9353233830845771,,
1b,D3-unequal,0.35,73,D3-unequal_e35_r073,ESF12alone,0.6789473684210526,0.16666666666666666,0.08676523994654417
1b,D3-unequal,0.35,73,D3-unequal_e35_r073,ESF12,0.6789473684210526,,
1b,D3-unequal,0.35,73,D3-unequal_e35_r073,Alg2_Rs20,0.7,,
1b,D3-unequal,0.35,73,D3-unequal_e35_r073,Alg2_Ru10,0.7,,
1b,D3-unequal,0.35,73,D3-unequal_e35_r073,TCRlong(0.40)+rw+A2_Rs20,0.6947368421052632,,
1b,D3-unequal,0.35,73,D3-unequal_e35_r073,TCRlong(0.40)+rw+A2_Ru10,0.6947368421052632,,
1b,D4-hetero,0.25,73,D4-hetero_e25_r073,ESF12alone,0.9128630705394191,0.21666666666666667,0.07908348203636706
1b,D4-hetero,0.25,73,D4-hetero_e25_r073,ESF12,0.9128630705394191,,
1b,D4-hetero,0.25,73,D4-hetero_e25_r073,Alg2_Rs20,0.9128630705394191,,
1b,D4-hetero,0.25,73,D4-hetero_e25_r073,Alg2_Ru10,0.9128630705394191,,
1b,D4-hetero,0.25,73,D4-hetero_e25_r073,TCRlong(0.40)+rw+A2_Rs20,0.9128630705394191,,
1b,D4-hetero,0.25,73,D4-hetero_e25_r073,TCRlong(0.40)+rw+A2_Ru10,0.9128630705394191,,
1b,D4-hetero,0.3,73,D4-hetero_e30_r073,ESF12alone,0.9,0.30333333333333334,0.08920001902151853
1b,D4-hetero,0.3,73,D4-hetero_e30_r073,ESF12,0.9,,
1b,D4-hetero,0.3,73,D4-hetero_e30_r073,Alg2_Rs20,0.9,,
1b,D4-hetero,0.3,73,D4-hetero_e30_r073,Alg2_Ru10,0.9,,
1b,D4-hetero,0.3,73,D4-hetero_e30_r073,TCRlong(0.40)+rw+A2_Rs20,0.9,,
1b,D4-hetero,0.3,73,D4-hetero_e30_r073,TCRlong(0.40)+rw+A2_Ru10,0.9,,
1b,D4-hetero,0.35,73,D4-hetero_e35_r073,ESF12alone,0.93717277486911,0.36333333333333334,0.0795083970297128
1b,D4-hetero,0.35,73,D4-hetero_e35_r073,ESF12,0.93717277486911,,
1b,D4-hetero,0.35,73,D4-hetero_e35_r073,Alg2_Rs20,0.93717277486911,,
1b,D4-hetero,0.35,73,D4-hetero_e35_r073,Alg2_Ru10,0.93717277486911,,
1b,D4-hetero,0.35,73,D4-hetero_e35_r073,TCRlong(0.40)+rw+A2_Rs20,0.9267015706806283,,
1b,D4-hetero,0.35,73,D4-hetero_e35_r073,TCRlong(0.40)+rw+A2_Ru10,0.9267015706806283,,
1b,D5-leverage,0.25,73,D5-leverage_e25_r073,ESF12alone,0.5663716814159292,0.06666666666666667,0.07619114394765347
1b,D5-leverage,0.25,73,D5-leverage_e25_r073,ESF12,0.5663716814159292,,
1b,D5-leverage,0.25,73,D5-leverage_e25_r073,Alg2_Rs20,0.5707964601769911,,
1b,D5-leverage,0.25,73,D5-leverage_e25_r073,Alg2_Ru10,0.5707964601769911,,
1b,D5-leverage,0.25,73,D5-leverage_e25_r073,TCRlong(0.40)+rw+A2_Rs20,0.5707964601769911,,
1b,D5-leverage,0.25,73,D5-leverage_e25_r073,TCRlong(0.40)+rw+A2_Ru10,0.5707964601769911,,
1b,D5-leverage,0.3,73,D5-leverage_e30_r073,ESF12alone,0.5046296296296297,0.08,0.07513698399998248
1b,D5-leverage,0.3,73,D5-leverage_e30_r073,ESF12,0.5046296296296297,,
1b,D5-leverage,0.3,73,D5-leverage_e30_r073,Alg2_Rs20,0.5,,
1b,D5-leverage,0.3,73,D5-leverage_e30_r073,Alg2_Ru10,0.5,,
1b,D5-leverage,0.3,73,D5-leverage_e30_r073,TCRlong(0.40)+rw+A2_Rs20,0.5,,
1b,D5-leverage,0.3,73,D5-leverage_e30_r073,TCRlong(0.40)+rw+A2_Ru10,0.5,,
1b,D5-leverage,0.35,73,D5-leverage_e35_r073,ESF12alone,0.5,0.0033333333333333335,0.0719142829766497
1b,D5-leverage,0.35,73,D5-leverage_e35_r073,ESF12,0.5,,
1b,D5-leverage,0.35,73,D5-leverage_e35_r073,Alg2_Rs20,0.5052083333333334,,
1b,D5-leverage,0.35,73,D5-leverage_e35_r073,Alg2_Ru10,0.5052083333333334,,
1b,D5-leverage,0.35,73,D5-leverage_e35_r073,TCRlong(0.40)+rw+A2_Rs20,0.5260416666666666,,
1b,D5-leverage,0.35,73,D5-leverage_e35_r073,TCRlong(0.40)+rw+A2_Ru10,0.5260416666666666,,
1b,D6-uniform,0.25,73,D6-uniform_e25_r073,ESF12alone,0.9208333333333333,0.19,0.07893871702253819
1b,D6-uniform,0.25,73,D6-uniform_e25_r073,ESF12,0.9208333333333333,,
1b,D6-uniform,0.25,73,D6-uniform_e25_r073,Alg2_Rs20,0.9208333333333333,,
1b,D6-uniform,0.25,73,D6-uniform_e25_r073,Alg2_Ru10,0.9208333333333333,,
1b,D6-uniform,0.25,73,D6-uniform_e25_r073,TCRlong(0.40)+rw+A2_Rs20,0.9166666666666666,,
1b,D6-uniform,0.25,73,D6-uniform_e25_r073,TCRlong(0.40)+rw+A2_Ru10,0.9166666666666666,,
1b,D6-uniform,0.3,73,D6-uniform_e30_r073,ESF12alone,0.558252427184466,0.0,0.08362108992878348
1b,D6-uniform,0.3,73,D6-uniform_e30_r073,ESF12,0.558252427184466,,
1b,D6-uniform,0.3,73,D6-uniform_e30_r073,Alg2_Rs20,0.5631067961165048,,
1b,D6-uniform,0.3,73,D6-uniform_e30_r073,Alg2_Ru10,0.5631067961165048,,
1b,D6-uniform,0.3,73,D6-uniform_e30_r073,TCRlong(0.40)+rw+A2_Rs20,0.6067961165048543,,
1b,D6-uniform,0.3,73,D6-uniform_e30_r073,TCRlong(0.40)+rw+A2_Ru10,0.6067961165048543,,
1b,D6-uniform,0.35,73,D6-uniform_e35_r073,ESF12alone,0.5124378109452736,0.0,0.08528263005428016
1b,D6-uniform,0.35,73,D6-uniform_e35_r073,ESF12,0.5124378109452736,,
1b,D6-uniform,0.35,73,D6-uniform_e35_r073,Alg2_Rs20,0.5124378109452736,,
1b,D6-uniform,0.35,73,D6-uniform_e35_r073,Alg2_Ru10,0.5124378109452736,,
1b,D6-uniform,0.35,73,D6-uniform_e35_r073,TCRlong(0.40)+rw+A2_Rs20,0.9054726368159204,,
1b,D6-uniform,0.35,73,D6-uniform_e35_r073,TCRlong(0.40)+rw+A2_Ru10,0.6268656716417911,,
1b,D7-p3,0.25,73,D7-p3_e25_r073,ESF12alone,0.8813559322033898,0.21333333333333335,1.8145175910321996
1b,D7-p3,0.25,73,D7-p3_e25_r073,ESF12,0.8813559322033898,,
1b,D7-p3,0.25,73,D7-p3_e25_r073,Alg2_Rs20,0.8813559322033898,,
1b,D7-p3,0.25,73,D7-p3_e25_r073,Alg2_Ru10,0.8813559322033898,,
1b,D7-p3,0.25,73,D7-p3_e25_r073,TCRlong(0.40)+rw+A2_Rs20,0.8813559322033898,,
1b,D7-p3,0.25,73,D7-p3_e25_r073,TCRlong(0.40)+rw+A2_Ru10,0.8813559322033898,,
1b,D7-p3,0.3,73,D7-p3_e30_r073,ESF12alone,0.9182692307692307,0.30666666666666664,1.0801005290122703
1b,D7-p3,0.3,73,D7-p3_e30_r073,ESF12,0.9182692307692307,,
1b,D7-p3,0.3,73,D7-p3_e30_r073,Alg2_Rs20,0.9182692307692307,,
1b,D7-p3,0.3,73,D7-p3_e30_r073,Alg2_Ru10,0.9182692307692307,,
1b,D7-p3,0.3,73,D7-p3_e30_r073,TCRlong(0.40)+rw+A2_Rs20,0.9182692307692307,,
1b,D7-p3,0.3,73,D7-p3_e30_r073,TCRlong(0.40)+rw+A2_Ru10,0.9182692307692307,,
1b,D7-p3,0.35,73,D7-p3_e35_r073,ESF12alone,0.95,0.3333333333333333,1.7920404869364575
1b,D7-p3,0.35,73,D7-p3_e35_r073,ESF12,0.95,,
1b,D7-p3,0.35,73,D7-p3_e35_r073,Alg2_Rs20,0.945,,
1b,D7-p3,0.35,73,D7-p3_e35_r073,Alg2_Ru10,0.945,,
1b,D7-p3,0.35,73,D7-p3_e35_r073,TCRlong(0.40)+rw+A2_Rs20,0.95,,
1b,D7-p3,0.35,73,D7-p3_e35_r073,TCRlong(0.40)+rw+A2_Ru10,0.95,,
1b,D8-K2par-sep,0.25,73,D8-K2par-sep_e25_r073,ESF12alone,1.0,0.2866666666666667,0.04404325899668038
1b,D8-K2par-sep,0.25,73,D8-K2par-sep_e25_r073,ESF12,1.0,,
1b,D8-K2par-sep,0.25,73,D8-K2par-sep_e25_r073,Alg2_Rs20,1.0,,
1b,D8-K2par-sep,0.25,73,D8-K2par-sep_e25_r073,Alg2_Ru10,1.0,,
1b,D8-K2par-sep,0.25,73,D8-K2par-sep_e25_r073,TCRlong(0.40)+rw+A2_Rs20,1.0,,
1b,D8-K2par-sep,0.25,73,D8-K2par-sep_e25_r073,TCRlong(0.40)+rw+A2_Ru10,1.0,,
1b,D8-K2par-sep,0.3,73,D8-K2par-sep_e30_r073,ESF12alone,1.0,0.30666666666666664,0.043167804018594325
1b,D8-K2par-sep,0.3,73,D8-K2par-sep_e30_r073,ESF12,1.0,,
1b,D8-K2par-sep,0.3,73,D8-K2par-sep_e30_r073,Alg2_Rs20,1.0,,
1b,D8-K2par-sep,0.3,73,D8-K2par-sep_e30_r073,Alg2_Ru10,1.0,,
1b,D8-K2par-sep,0.3,73,D8-K2par-sep_e30_r073,TCRlong(0.40)+rw+A2_Rs20,1.0,,
1b,D8-K2par-sep,0.3,73,D8-K2par-sep_e30_r073,TCRlong(0.40)+rw+A2_Ru10,1.0,,
1b,D8-K2par-sep,0.35,73,D8-K2par-sep_e35_r073,ESF12alone,1.0,0.36,0.04134443902876228
1b,D8-K2par-sep,0.35,73,D8-K2par-sep_e35_r073,ESF12,1.0,,
1b,D8-K2par-sep,0.35,73,D8-K2par-sep_e35_r073,Alg2_Rs20,1.0,,
1b,D8-K2par-sep,0.35,73,D8-K2par-sep_e35_r073,Alg2_Ru10,1.0,,
1b,D8-K2par-sep,0.35,73,D8-K2par-sep_e35_r073,TCRlong(0.40)+rw+A2_Rs20,1.0,,
1b,D8-K2par-sep,0.35,73,D8-K2par-sep_e35_r073,TCRlong(0.40)+rw+A2_Ru10,1.0,,
1b,D1-K2cross,0.25,74,D1-K2cross_e25_r074,ESF12alone,0.9166666666666666,0.28,0.04428892501164228
1b,D1-K2cross,0.25,74,D1-K2cross_e25_r074,ESF12,0.9166666666666666,,
1b,D1-K2cross,0.25,74,D1-K2cross_e25_r074,Alg2_Rs20,0.9166666666666666,,
1b,D1-K2cross,0.25,74,D1-K2cross_e25_r074,Alg2_Ru10,0.9166666666666666,,
1b,D1-K2cross,0.25,74,D1-K2cross_e25_r074,TCRlong(0.40)+rw+A2_Rs20,0.9166666666666666,,
1b,D1-K2cross,0.25,74,D1-K2cross_e25_r074,TCRlong(0.40)+rw+A2_Ru10,0.9166666666666666,,
1b,D1-K2cross,0.3,74,D1-K2cross_e30_r074,ESF12alone,0.8726415094339622,0.29333333333333333,0.08932840789202601
1b,D1-K2cross,0.3,74,D1-K2cross_e30_r074,ESF12,0.8726415094339622,,
1b,D1-K2cross,0.3,74,D1-K2cross_e30_r074,Alg2_Rs20,0.8726415094339622,,
1b,D1-K2cross,0.3,74,D1-K2cross_e30_r074,Alg2_Ru10,0.8726415094339622,,
1b,D1-K2cross,0.3,74,D1-K2cross_e30_r074,TCRlong(0.40)+rw+A2_Rs20,0.8726415094339622,,
1b,D1-K2cross,0.3,74,D1-K2cross_e30_r074,TCRlong(0.40)+rw+A2_Ru10,0.8726415094339622,,
1b,D1-K2cross,0.35,74,D1-K2cross_e35_r074,ESF12alone,0.90625,0.36,0.07966927299275994
1b,D1-K2cross,0.35,74,D1-K2cross_e35_r074,ESF12,0.90625,,
1b,D1-K2cross,0.35,74,D1-K2cross_e35_r074,Alg2_Rs20,0.90625,,
1b,D1-K2cross,0.35,74,D1-K2cross_e35_r074,Alg2_Ru10,0.90625,,
1b,D1-K2cross,0.35,74,D1-K2cross_e35_r074,TCRlong(0.40)+rw+A2_Rs20,0.90625,,
1b,D1-K2cross,0.35,74,D1-K2cross_e35_r074,TCRlong(0.40)+rw+A2_Ru10,0.90625,,
1b,D2-K3par,0.25,74,D2-K3par_e25_r074,ESF12alone,0.9213973799126638,0.23666666666666666,0.3366939889965579
1b,D2-K3par,0.25,74,D2-K3par_e25_r074,ESF12,0.9213973799126638,,
1b,D2-K3par,0.25,74,D2-K3par_e25_r074,Alg2_Rs20,0.9213973799126638,,
1b,D2-K3par,0.25,74,D2-K3par_e25_r074,Alg2_Ru10,0.9213973799126638,,
1b,D2-K3par,0.25,74,D2-K3par_e25_r074,TCRlong(0.40)+rw+A2_Rs20,0.9301310043668122,,
1b,D2-K3par,0.25,74,D2-K3par_e25_r074,TCRlong(0.40)+rw+A2_Ru10,0.9301310043668122,,
1b,D2-K3par,0.3,74,D2-K3par_e30_r074,ESF12alone,0.9212962962962963,0.28,0.37988440599292517
1b,D2-K3par,0.3,74,D2-K3par_e30_r074,ESF12,0.9212962962962963,,
1b,D2-K3par,0.3,74,D2-K3par_e30_r074,Alg2_Rs20,0.9212962962962963,,
1b,D2-K3par,0.3,74,D2-K3par_e30_r074,Alg2_Ru10,0.9212962962962963,,
1b,D2-K3par,0.3,74,D2-K3par_e30_r074,TCRlong(0.40)+rw+A2_Rs20,0.9212962962962963,,
1b,D2-K3par,0.3,74,D2-K3par_e30_r074,TCRlong(0.40)+rw+A2_Ru10,0.9212962962962963,,
1b,D2-K3par,0.35,74,D2-K3par_e35_r074,ESF12alone,0.6470588235294118,0.17666666666666667,0.3473882060497999
1b,D2-K3par,0.35,74,D2-K3par_e35_r074,ESF12,0.6470588235294118,,
1b,D2-K3par,0.35,74,D2-K3par_e35_r074,Alg2_Rs20,0.35294117647058826,,
1b,D2-K3par,0.35,74,D2-K3par_e35_r074,Alg2_Ru10,0.35294117647058826,,
1b,D2-K3par,0.35,74,D2-K3par_e35_r074,TCRlong(0.40)+rw+A2_Rs20,0.6470588235294118,,
1b,D2-K3par,0.35,74,D2-K3par_e35_r074,TCRlong(0.40)+rw+A2_Ru10,0.6470588235294118,,
1b,D3-unequal,0.25,74,D3-unequal_e25_r074,ESF12alone,0.8808510638297873,0.22,0.0952491849893704
1b,D3-unequal,0.25,74,D3-unequal_e25_r074,ESF12,0.8808510638297873,,
1b,D3-unequal,0.25,74,D3-unequal_e25_r074,Alg2_Rs20,0.8893617021276595,,
1b,D3-unequal,0.25,74,D3-unequal_e25_r074,Alg2_Ru10,0.8893617021276595,,
1b,D3-unequal,0.25,74,D3-unequal_e25_r074,TCRlong(0.40)+rw+A2_Rs20,0.8893617021276595,,
1b,D3-unequal,0.25,74,D3-unequal_e25_r074,TCRlong(0.40)+rw+A2_Ru10,0.8893617021276595,,
1b,D3-unequal,0.3,74,D3-unequal_e30_r074,ESF12alone,0.8862559241706162,0.2966666666666667,0.08336828893516213
1b,D3-unequal,0.3,74,D3-unequal_e30_r074,ESF12,0.8862559241706162,,
1b,D3-unequal,0.3,74,D3-unequal_e30_r074,Alg2_Rs20,0.8862559241706162,,
1b,D3-unequal,0.3,74,D3-unequal_e30_r074,Alg2_Ru10,0.8862559241706162,,
1b,D3-unequal,0.3,74,D3-unequal_e30_r074,TCRlong(0.40)+rw+A2_Rs20,0.8909952606635071,,
1b,D3-unequal,0.3,74,D3-unequal_e30_r074,TCRlong(0.40)+rw+A2_Ru10,0.8909952606635071,,
1b,D3-unequal,0.35,74,D3-unequal_e35_r074,ESF12alone,0.7409326424870466,0.17666666666666667,0.08190144889522344
1b,D3-unequal,0.35,74,D3-unequal_e35_r074,ESF12,0.7409326424870466,,
1b,D3-unequal,0.35,74,D3-unequal_e35_r074,Alg2_Rs20,0.7409326424870466,,
1b,D3-unequal,0.35,74,D3-unequal_e35_r074,Alg2_Ru10,0.7409326424870466,,
1b,D3-unequal,0.35,74,D3-unequal_e35_r074,TCRlong(0.40)+rw+A2_Rs20,0.9119170984455959,,
1b,D3-unequal,0.35,74,D3-unequal_e35_r074,TCRlong(0.40)+rw+A2_Ru10,0.9119170984455959,,
1b,D4-hetero,0.25,74,D4-hetero_e25_r074,ESF12alone,0.9122807017543859,0.24,0.07579581695608795
1b,D4-hetero,0.25,74,D4-hetero_e25_r074,ESF12,0.9122807017543859,,
1b,D4-hetero,0.25,74,D4-hetero_e25_r074,Alg2_Rs20,0.9254385964912281,,
1b,D4-hetero,0.25,74,D4-hetero_e25_r074,Alg2_Ru10,0.9254385964912281,,
1b,D4-hetero,0.25,74,D4-hetero_e25_r074,TCRlong(0.40)+rw+A2_Rs20,0.9122807017543859,,
1b,D4-hetero,0.25,74,D4-hetero_e25_r074,TCRlong(0.40)+rw+A2_Ru10,0.9122807017543859,,
1b,D4-hetero,0.3,74,D4-hetero_e30_r074,ESF12alone,0.9043062200956937,0.31,0.07961624406743795
1b,D4-hetero,0.3,74,D4-hetero_e30_r074,ESF12,0.9043062200956937,,
1b,D4-hetero,0.3,74,D4-hetero_e30_r074,Alg2_Rs20,0.8995215311004785,,
1b,D4-hetero,0.3,74,D4-hetero_e30_r074,Alg2_Ru10,0.8995215311004785,,
1b,D4-hetero,0.3,74,D4-hetero_e30_r074,TCRlong(0.40)+rw+A2_Rs20,0.9043062200956937,,
1b,D4-hetero,0.3,74,D4-hetero_e30_r074,TCRlong(0.40)+rw+A2_Ru10,0.9043062200956937,,
1b,D4-hetero,0.35,74,D4-hetero_e35_r074,ESF12alone,0.9319371727748691,0.35,0.0731566249160096
1b,D4-hetero,0.35,74,D4-hetero_e35_r074,ESF12,0.9319371727748691,,
1b,D4-hetero,0.35,74,D4-hetero_e35_r074,Alg2_Rs20,0.9319371727748691,,
1b,D4-hetero,0.35,74,D4-hetero_e35_r074,Alg2_Ru10,0.9319371727748691,,
1b,D4-hetero,0.35,74,D4-hetero_e35_r074,TCRlong(0.40)+rw+A2_Rs20,0.9319371727748691,,
1b,D4-hetero,0.35,74,D4-hetero_e35_r074,TCRlong(0.40)+rw+A2_Ru10,0.9319371727748691,,
1b,D5-leverage,0.25,74,D5-leverage_e25_r074,ESF12alone,0.5244444444444445,0.12333333333333334,0.07034204003866762
1b,D5-leverage,0.25,74,D5-leverage_e25_r074,ESF12,0.5244444444444445,,
1b,D5-leverage,0.25,74,D5-leverage_e25_r074,Alg2_Rs20,0.52,,
1b,D5-leverage,0.25,74,D5-leverage_e25_r074,Alg2_Ru10,0.52,,
1b,D5-leverage,0.25,74,D5-leverage_e25_r074,TCRlong(0.40)+rw+A2_Rs20,0.5244444444444445,,
1b,D5-leverage,0.25,74,D5-leverage_e25_r074,TCRlong(0.40)+rw+A2_Ru10,0.5244444444444445,,
1b,D5-leverage,0.3,74,D5-leverage_e30_r074,ESF12alone,0.5247524752475248,0.043333333333333335,0.07188609289005399
1b,D5-leverage,0.3,74,D5-leverage_e30_r074,ESF12,0.5247524752475248,,
1b,D5-leverage,0.3,74,D5-leverage_e30_r074,Alg2_Rs20,0.5247524752475248,,
1b,D5-leverage,0.3,74,D5-leverage_e30_r074,Alg2_Ru10,0.5247524752475248,,
1b,D5-leverage,0.3,74,D5-leverage_e30_r074,TCRlong(0.40)+rw+A2_Rs20,0.5,,
1b,D5-leverage,0.3,74,D5-leverage_e30_r074,TCRlong(0.40)+rw+A2_Ru10,0.5,,
1b,D5-leverage,0.35,74,D5-leverage_e35_r074,ESF12alone,0.538860103626943,0.0033333333333333335,0.07280381501186639
1b,D5-leverage,0.35,74,D5-leverage_e35_r074,ESF12,0.538860103626943,,
1b,D5-leverage,0.35,74,D5-leverage_e35_r074,Alg2_Rs20,0.5284974093264249,,
1b,D5-leverage,0.35,74,D5-leverage_e35_r074,Alg2_Ru10,0.5284974093264249,,
1b,D5-leverage,0.35,74,D5-leverage_e35_r074,TCRlong(0.40)+rw+A2_Rs20,0.538860103626943,,
1b,D5-leverage,0.35,74,D5-leverage_e35_r074,TCRlong(0.40)+rw+A2_Ru10,0.538860103626943,,
1b,D6-uniform,0.25,74,D6-uniform_e25_r074,ESF12alone,0.9039301310043668,0.14333333333333334,0.07394479191862047
1b,D6-uniform,0.25,74,D6-uniform_e25_r074,ESF12,0.9039301310043668,,
1b,D6-uniform,0.25,74,D6-uniform_e25_r074,Alg2_Rs20,0.925764192139738,,
1b,D6-uniform,0.25,74,D6-uniform_e25_r074,Alg2_Ru10,0.925764192139738,,
1b,D6-uniform,0.25,74,D6-uniform_e25_r074,TCRlong(0.40)+rw+A2_Rs20,0.9170305676855895,,
1b,D6-uniform,0.25,74,D6-uniform_e25_r074,TCRlong(0.40)+rw+A2_Ru10,0.9170305676855895,,
1b,D6-uniform,0.3,74,D6-uniform_e30_r074,ESF12alone,0.5422222222222223,0.0,0.0758010660065338
1b,D6-uniform,0.3,74,D6-uniform_e30_r074,ESF12,0.5422222222222223,,
1b,D6-uniform,0.3,74,D6-uniform_e30_r074,Alg2_Rs20,0.5422222222222223,,
1b,D6-uniform,0.3,74,D6-uniform_e30_r074,Alg2_Ru10,0.5422222222222223,,
1b,D6-uniform,0.3,74,D6-uniform_e30_r074,TCRlong(0.40)+rw+A2_Rs20,0.8844444444444445,,
1b,D6-uniform,0.3,74,D6-uniform_e30_r074,TCRlong(0.40)+rw+A2_Ru10,0.5022222222222222,,
1b,D6-uniform,0.35,74,D6-uniform_e35_r074,ESF12alone,0.5098039215686274,0.0,0.07052230404224247
1b,D6-uniform,0.35,74,D6-uniform_e35_r074,ESF12,0.5098039215686274,,
1b,D6-uniform,0.35,74,D6-uniform_e35_r074,Alg2_Rs20,0.5098039215686274,,
1b,D6-uniform,0.35,74,D6-uniform_e35_r074,Alg2_Ru10,0.5098039215686274,,
1b,D6-uniform,0.35,74,D6-uniform_e35_r074,TCRlong(0.40)+rw+A2_Rs20,0.5196078431372549,,
1b,D6-uniform,0.35,74,D6-uniform_e35_r074,TCRlong(0.40)+rw+A2_Ru10,0.5196078431372549,,
1b,D7-p3,0.25,74,D7-p3_e25_r074,ESF12alone,0.8767123287671232,0.28,1.5340810120105743
1b,D7-p3,0.25,74,D7-p3_e25_r074,ESF12,0.8767123287671232,,
1b,D7-p3,0.25,74,D7-p3_e25_r074,Alg2_Rs20,0.8767123287671232,,
1b,D7-p3,0.25,74,D7-p3_e25_r074,Alg2_Ru10,0.8767123287671232,,
1b,D7-p3,0.25,74,D7-p3_e25_r074,TCRlong(0.40)+rw+A2_Rs20,0.8858447488584474,,
1b,D7-p3,0.25,74,D7-p3_e25_r074,TCRlong(0.40)+rw+A2_Ru10,0.8858447488584474,,
1b,D7-p3,0.3,74,D7-p3_e30_r074,ESF12alone,0.8862559241706162,0.2966666666666667,1.1750828640069813
1b,D7-p3,0.3,74,D7-p3_e30_r074,ESF12,0.8862559241706162,,
1b,D7-p3,0.3,74,D7-p3_e30_r074,Alg2_Rs20,0.8909952606635071,,
1b,D7-p3,0.3,74,D7-p3_e30_r074,Alg2_Ru10,0.8909952606635071,,
1b,D7-p3,0.3,74,D7-p3_e30_r074,TCRlong(0.40)+rw+A2_Rs20,0.8909952606635071,,
1b,D7-p3,0.3,74,D7-p3_e30_r074,TCRlong(0.40)+rw+A2_Ru10,0.8909952606635071,,
1b,D7-p3,0.35,74,D7-p3_e35_r074,ESF12alone,0.8838383838383839,0.34,1.1564085979480296
1b,D7-p3,0.35,74,D7-p3_e35_r074,ESF12,0.8838383838383839,,
1b,D7-p3,0.35,74,D7-p3_e35_r074,Alg2_Rs20,0.8838383838383839,,
1b,D7-p3,0.35,74,D7-p3_e35_r074,Alg2_Ru10,0.8838383838383839,,
1b,D7-p3,0.35,74,D7-p3_e35_r074,TCRlong(0.40)+rw+A2_Rs20,0.8787878787878788,,
1b,D7-p3,0.35,74,D7-p3_e35_r074,TCRlong(0.40)+rw+A2_Ru10,0.8787878787878788,,
1b,D8-K2par-sep,0.25,74,D8-K2par-sep_e25_r074,ESF12alone,1.0,0.24666666666666667,0.08995191589929163
1b,D8-K2par-sep,0.25,74,D8-K2par-sep_e25_r074,ESF12,1.0,,
1b,D8-K2par-sep,0.25,74,D8-K2par-sep_e25_r074,Alg2_Rs20,1.0,,
1b,D8-K2par-sep,0.25,74,D8-K2par-sep_e25_r074,Alg2_Ru10,1.0,,
1b,D8-K2par-sep,0.25,74,D8-K2par-sep_e25_r074,TCRlong(0.40)+rw+A2_Rs20,1.0,,
1b,D8-K2par-sep,0.25,74,D8-K2par-sep_e25_r074,TCRlong(0.40)+rw+A2_Ru10,1.0,,
1b,D8-K2par-sep,0.3,74,D8-K2par-sep_e30_r074,ESF12alone,1.0,0.31,0.07897154206875712
1b,D8-K2par-sep,0.3,74,D8-K2par-sep_e30_r074,ESF12,1.0,,
1b,D8-K2par-sep,0.3,74,D8-K2par-sep_e30_r074,Alg2_Rs20,1.0,,
1b,D8-K2par-sep,0.3,74,D8-K2par-sep_e30_r074,Alg2_Ru10,1.0,,
1b,D8-K2par-sep,0.3,74,D8-K2par-sep_e30_r074,TCRlong(0.40)+rw+A2_Rs20,1.0,,
1b,D8-K2par-sep,0.3,74,D8-K2par-sep_e30_r074,TCRlong(0.40)+rw+A2_Ru10,1.0,,
1b,D8-K2par-sep,0.35,74,D8-K2par-sep_e35_r074,ESF12alone,0.9947916666666666,0.36,0.08042827202007174
1b,D8-K2par-sep,0.35,74,D8-K2par-sep_e35_r074,ESF12,0.9947916666666666,,
1b,D8-K2par-sep,0.35,74,D8-K2par-sep_e35_r074,Alg2_Rs20,1.0,,
1b,D8-K2par-sep,0.35,74,D8-K2par-sep_e35_r074,Alg2_Ru10,1.0,,
1b,D8-K2par-sep,0.35,74,D8-K2par-sep_e35_r074,TCRlong(0.40)+rw+A2_Rs20,0.9947916666666666,,
1b,D8-K2par-sep,0.35,74,D8-K2par-sep_e35_r074,TCRlong(0.40)+rw+A2_Ru10,0.9947916666666666,,
1b,D1-K2cross,0.25,75,D1-K2cross_e25_r075,ESF12alone,0.9030837004405287,0.24333333333333335,0.08408882294315845
1b,D1-K2cross,0.25,75,D1-K2cross_e25_r075,ESF12,0.9030837004405287,,
1b,D1-K2cross,0.25,75,D1-K2cross_e25_r075,Alg2_Rs20,0.9030837004405287,,
1b,D1-K2cross,0.25,75,D1-K2cross_e25_r075,Alg2_Ru10,0.9030837004405287,,
1b,D1-K2cross,0.25,75,D1-K2cross_e25_r075,TCRlong(0.40)+rw+A2_Rs20,0.9030837004405287,,
1b,D1-K2cross,0.25,75,D1-K2cross_e25_r075,TCRlong(0.40)+rw+A2_Ru10,0.9030837004405287,,
1b,D1-K2cross,0.3,75,D1-K2cross_e30_r075,ESF12alone,0.9068627450980392,0.32,0.08322337199933827
1b,D1-K2cross,0.3,75,D1-K2cross_e30_r075,ESF12,0.9068627450980392,,
1b,D1-K2cross,0.3,75,D1-K2cross_e30_r075,Alg2_Rs20,0.9068627450980392,,
1b,D1-K2cross,0.3,75,D1-K2cross_e30_r075,Alg2_Ru10,0.9068627450980392,,
1b,D1-K2cross,0.3,75,D1-K2cross_e30_r075,TCRlong(0.40)+rw+A2_Rs20,0.9068627450980392,,
1b,D1-K2cross,0.3,75,D1-K2cross_e30_r075,TCRlong(0.40)+rw+A2_Ru10,0.9068627450980392,,
1b,D1-K2cross,0.35,75,D1-K2cross_e35_r075,ESF12alone,0.9021739130434783,0.38666666666666666,0.08472604490816593
1b,D1-K2cross,0.35,75,D1-K2cross_e35_r075,ESF12,0.9021739130434783,,
1b,D1-K2cross,0.35,75,D1-K2cross_e35_r075,Alg2_Rs20,0.9021739130434783,,
1b,D1-K2cross,0.35,75,D1-K2cross_e35_r075,Alg2_Ru10,0.9021739130434783,,
1b,D1-K2cross,0.35,75,D1-K2cross_e35_r075,TCRlong(0.40)+rw+A2_Rs20,0.9021739130434783,,
1b,D1-K2cross,0.35,75,D1-K2cross_e35_r075,TCRlong(0.40)+rw+A2_Ru10,0.9021739130434783,,
1b,D2-K3par,0.25,75,D2-K3par_e25_r075,ESF12alone,0.9276018099547512,0.2633333333333333,0.3158297589980066
1b,D2-K3par,0.25,75,D2-K3par_e25_r075,ESF12,0.9276018099547512,,
1b,D2-K3par,0.25,75,D2-K3par_e25_r075,Alg2_Rs20,0.9276018099547512,,
1b,D2-K3par,0.25,75,D2-K3par_e25_r075,Alg2_Ru10,0.9276018099547512,,
1b,D2-K3par,0.25,75,D2-K3par_e25_r075,TCRlong(0.40)+rw+A2_Rs20,0.9276018099547512,,
1b,D2-K3par,0.25,75,D2-K3par_e25_r075,TCRlong(0.40)+rw+A2_Ru10,0.9276018099547512,,
1b,D2-K3par,0.3,75,D2-K3par_e30_r075,ESF12alone,0.8995215311004785,0.30333333333333334,0.32422591699287295
1b,D2-K3par,0.3,75,D2-K3par_e30_r075,ESF12,0.8995215311004785,,
1b,D2-K3par,0.3,75,D2-K3par_e30_r075,Alg2_Rs20,0.6507177033492823,,
1b,D2-K3par,0.3,75,D2-K3par_e30_r075,Alg2_Ru10,0.6507177033492823,,
1b,D2-K3par,0.3,75,D2-K3par_e30_r075,TCRlong(0.40)+rw+A2_Rs20,0.9138755980861244,,
1b,D2-K3par,0.3,75,D2-K3par_e30_r075,TCRlong(0.40)+rw+A2_Ru10,0.9138755980861244,,
1b,D2-K3par,0.35,75,D2-K3par_e35_r075,ESF12alone,0.6701030927835051,0.15333333333333332,0.2668344989651814
1b,D2-K3par,0.35,75,D2-K3par_e35_r075,ESF12,0.6701030927835051,,
1b,D2-K3par,0.35,75,D2-K3par_e35_r075,Alg2_Rs20,0.37628865979381443,,
1b,D2-K3par,0.35,75,D2-K3par_e35_r075,Alg2_Ru10,0.37628865979381443,,
1b,D2-K3par,0.35,75,D2-K3par_e35_r075,TCRlong(0.40)+rw+A2_Rs20,0.6907216494845361,,
1b,D2-K3par,0.35,75,D2-K3par_e35_r075,TCRlong(0.40)+rw+A2_Ru10,0.6907216494845361,,
1b,D3-unequal,0.25,75,D3-unequal_e25_r075,ESF12alone,0.5178571428571429,0.3933333333333333,0.05678076599724591
1b,D3-unequal,0.25,75,D3-unequal_e25_r075,ESF12,0.5178571428571429,,
1b,D3-unequal,0.25,75,D3-unequal_e25_r075,Alg2_Rs20,0.5178571428571429,,
1b,D3-unequal,0.25,75,D3-unequal_e25_r075,Alg2_Ru10,0.5178571428571429,,
1b,D3-unequal,0.25,75,D3-unequal_e25_r075,TCRlong(0.40)+rw+A2_Rs20,0.9196428571428571,,
1b,D3-unequal,0.25,75,D3-unequal_e25_r075,TCRlong(0.40)+rw+A2_Ru10,0.9196428571428571,,
1b,D3-unequal,0.3,75,D3-unequal_e30_r075,ESF12alone,0.7435897435897436,0.22666666666666666,0.09802312694955617
1b,D3-unequal,0.3,75,D3-unequal_e30_r075,ESF12,0.7435897435897436,,
1b,D3-unequal,0.3,75,D3-unequal_e30_r075,Alg2_Rs20,0.7384615384615385,,
1b,D3-unequal,0.3,75,D3-unequal_e30_r075,Alg2_Ru10,0.7384615384615385,,
1b,D3-unequal,0.3,75,D3-unequal_e30_r075,TCRlong(0.40)+rw+A2_Rs20,0.764102564102564,,
1b,D3-unequal,0.3,75,D3-unequal_e30_r075,TCRlong(0.40)+rw+A2_Ru10,0.764102564102564,,
1b,D3-unequal,0.35,75,D3-unequal_e35_r075,ESF12alone,0.7772277227722773,0.20666666666666667,0.09403440996538848
1b,D3-unequal,0.35,75,D3-unequal_e35_r075,ESF12,0.7772277227722773,,
1b,D3-unequal,0.35,75,D3-unequal_e35_r075,Alg2_Rs20,0.9108910891089109,,
1b,D3-unequal,0.35,75,D3-unequal_e35_r075,Alg2_Ru10,0.9108910891089109,,
1b,D3-unequal,0.35,75,D3-unequal_e35_r075,TCRlong(0.40)+rw+A2_Rs20,0.9108910891089109,,
1b,D3-unequal,0.35,75,D3-unequal_e35_r075,TCRlong(0.40)+rw+A2_Ru10,0.9108910891089109,,
1b,D4-hetero,0.25,75,D4-hetero_e25_r075,ESF12alone,0.8793103448275862,0.24333333333333335,0.08706589695066214
1b,D4-hetero,0.25,75,D4-hetero_e25_r075,ESF12,0.8793103448275862,,
1b,D4-hetero,0.25,75,D4-hetero_e25_r075,Alg2_Rs20,0.8793103448275862,,
1b,D4-hetero,0.25,75,D4-hetero_e25_r075,Alg2_Ru10,0.8793103448275862,,
1b,D4-hetero,0.25,75,D4-hetero_e25_r075,TCRlong(0.40)+rw+A2_Rs20,0.8793103448275862,,
1b,D4-hetero,0.25,75,D4-hetero_e25_r075,TCRlong(0.40)+rw+A2_Ru10,0.8793103448275862,,
1b,D4-hetero,0.3,75,D4-hetero_e30_r075,ESF12alone,0.9120370370370371,0.2866666666666667,0.07909089396707714
1b,D4-hetero,0.3,75,D4-hetero_e30_r075,ESF12,0.9120370370370371,,
1b,D4-hetero,0.3,75,D4-hetero_e30_r075,Alg2_Rs20,0.9120370370370371,,
1b,D4-hetero,0.3,75,D4-hetero_e30_r075,Alg2_Ru10,0.9120370370370371,,
1b,D4-hetero,0.3,75,D4-hetero_e30_r075,TCRlong(0.40)+rw+A2_Rs20,0.9120370370370371,,
1b,D4-hetero,0.3,75,D4-hetero_e30_r075,TCRlong(0.40)+rw+A2_Ru10,0.9120370370370371,,
1b,D4-hetero,0.35,75,D4-hetero_e35_r075,ESF12alone,0.9289099526066351,0.3,0.0799582579638809
1b,D4-hetero,0.35,75,D4-hetero_e35_r075,ESF12,0.9289099526066351,,
1b,D4-hetero,0.35,75,D4-hetero_e35_r075,Alg2_Rs20,0.9289099526066351,,
1b,D4-hetero,0.35,75,D4-hetero_e35_r075,Alg2_Ru10,0.9289099526066351,,
1b,D4-hetero,0.35,75,D4-hetero_e35_r075,TCRlong(0.40)+rw+A2_Rs20,0.9289099526066351,,
1b,D4-hetero,0.35,75,D4-hetero_e35_r075,TCRlong(0.40)+rw+A2_Ru10,0.9289099526066351,,
1b,D5-leverage,0.25,75,D5-leverage_e25_r075,ESF12alone,0.8977777777777778,0.25,0.07044799893628806
1b,D5-leverage,0.25,75,D5-leverage_e25_r075,ESF12,0.8977777777777778,,
1b,D5-leverage,0.25,75,D5-leverage_e25_r075,Alg2_Rs20,0.8977777777777778,,
1b,D5-leverage,0.25,75,D5-leverage_e25_r075,Alg2_Ru10,0.8977777777777778,,
1b,D5-leverage,0.25,75,D5-leverage_e25_r075,TCRlong(0.40)+rw+A2_Rs20,0.8977777777777778,,
1b,D5-leverage,0.25,75,D5-leverage_e25_r075,TCRlong(0.40)+rw+A2_Ru10,0.8977777777777778,,
1b,D5-leverage,0.3,75,D5-leverage_e30_r075,ESF12alone,0.5,0.06,0.07084378297440708
1b,D5-leverage,0.3,75,D5-leverage_e30_r075,ESF12,0.5,,
1b,D5-leverage,0.3,75,D5-leverage_e30_r075,Alg2_Rs20,0.5196078431372549,,
1b,D5-leverage,0.3,75,D5-leverage_e30_r075,Alg2_Ru10,0.5196078431372549,,
1b,D5-leverage,0.3,75,D5-leverage_e30_r075,TCRlong(0.40)+rw+A2_Rs20,0.5147058823529411,,
1b,D5-leverage,0.3,75,D5-leverage_e30_r075,TCRlong(0.40)+rw+A2_Ru10,0.5147058823529411,,
1b,D5-leverage,0.35,75,D5-leverage_e35_r075,ESF12alone,0.5533980582524272,0.06,0.07437064498662949
1b,D5-leverage,0.35,75,D5-leverage_e35_r075,ESF12,0.5533980582524272,,
1b,D5-leverage,0.35,75,D5-leverage_e35_r075,Alg2_Rs20,0.5533980582524272,,
1b,D5-leverage,0.35,75,D5-leverage_e35_r075,Alg2_Ru10,0.5533980582524272,,
1b,D5-leverage,0.35,75,D5-leverage_e35_r075,TCRlong(0.40)+rw+A2_Rs20,0.5436893203883495,,
1b,D5-leverage,0.35,75,D5-leverage_e35_r075,TCRlong(0.40)+rw+A2_Ru10,0.5436893203883495,,
1b,D6-uniform,0.25,75,D6-uniform_e25_r075,ESF12alone,0.5093457943925234,0.0,0.07331624301150441
1b,D6-uniform,0.25,75,D6-uniform_e25_r075,ESF12,0.5093457943925234,,
1b,D6-uniform,0.25,75,D6-uniform_e25_r075,Alg2_Rs20,0.5,,
1b,D6-uniform,0.25,75,D6-uniform_e25_r075,Alg2_Ru10,0.5,,
1b,D6-uniform,0.25,75,D6-uniform_e25_r075,TCRlong(0.40)+rw+A2_Rs20,0.9065420560747663,,
1b,D6-uniform,0.25,75,D6-uniform_e25_r075,TCRlong(0.40)+rw+A2_Ru10,0.9065420560747663,,
1b,D6-uniform,0.3,75,D6-uniform_e30_r075,ESF12alone,0.8834080717488789,0.16666666666666666,0.073455152916722
1b,D6-uniform,0.3,75,D6-uniform_e30_r075,ESF12,0.8834080717488789,,
1b,D6-uniform,0.3,75,D6-uniform_e30_r075,Alg2_Rs20,0.5201793721973094,,
1b,D6-uniform,0.3,75,D6-uniform_e30_r075,Alg2_Ru10,0.5201793721973094,,
1b,D6-uniform,0.3,75,D6-uniform_e30_r075,TCRlong(0.40)+rw+A2_Rs20,0.8923766816143498,,
1b,D6-uniform,0.3,75,D6-uniform_e30_r075,TCRlong(0.40)+rw+A2_Ru10,0.5381165919282511,,
1b,D6-uniform,0.35,75,D6-uniform_e35_r075,ESF12alone,0.5128205128205128,0.0,0.07603832497261465
1b,D6-uniform,0.35,75,D6-uniform_e35_r075,ESF12,0.5128205128205128,,
1b,D6-uniform,0.35,75,D6-uniform_e35_r075,Alg2_Rs20,0.5128205128205128,,
1b,D6-uniform,0.35,75,D6-uniform_e35_r075,Alg2_Ru10,0.5128205128205128,,
1b,D6-uniform,0.35,75,D6-uniform_e35_r075,TCRlong(0.40)+rw+A2_Rs20,0.6102564102564103,,
1b,D6-uniform,0.35,75,D6-uniform_e35_r075,TCRlong(0.40)+rw+A2_Ru10,0.6102564102564103,,
1b,D7-p3,0.25,75,D7-p3_e25_r075,ESF12alone,0.8893805309734514,0.24666666666666667,1.6767066880129278
1b,D7-p3,0.25,75,D7-p3_e25_r075,ESF12,0.8893805309734514,,
1b,D7-p3,0.25,75,D7-p3_e25_r075,Alg2_Rs20,0.8761061946902655,,
1b,D7-p3,0.25,75,D7-p3_e25_r075,Alg2_Ru10,0.8761061946902655,,
1b,D7-p3,0.25,75,D7-p3_e25_r075,TCRlong(0.40)+rw+A2_Rs20,0.8982300884955752,,
1b,D7-p3,0.25,75,D7-p3_e25_r075,TCRlong(0.40)+rw+A2_Ru10,0.8982300884955752,,
1b,D7-p3,0.3,75,D7-p3_e30_r075,ESF12alone,0.9351851851851852,0.2833333333333333,1.0702083490323275
1b,D7-p3,0.3,75,D7-p3_e30_r075,ESF12,0.9351851851851852,,
1b,D7-p3,0.3,75,D7-p3_e30_r075,Alg2_Rs20,0.9351851851851852,,
1b,D7-p3,0.3,75,D7-p3_e30_r075,Alg2_Ru10,0.9351851851851852,,
1b,D7-p3,0.3,75,D7-p3_e30_r075,TCRlong(0.40)+rw+A2_Rs20,0.9351851851851852,,
1b,D7-p3,0.3,75,D7-p3_e30_r075,TCRlong(0.40)+rw+A2_Ru10,0.9351851851851852,,
1b,D7-p3,0.35,75,D7-p3_e35_r075,ESF12alone,0.8928571428571429,0.3466666666666667,1.0863557670963928
1b,D7-p3,0.35,75,D7-p3_e35_r075,ESF12,0.8928571428571429,,
1b,D7-p3,0.35,75,D7-p3_e35_r075,Alg2_Rs20,0.8928571428571429,,
1b,D7-p3,0.35,75,D7-p3_e35_r075,Alg2_Ru10,0.8928571428571429,,
1b,D7-p3,0.35,75,D7-p3_e35_r075,TCRlong(0.40)+rw+A2_Rs20,0.8928571428571429,,
1b,D7-p3,0.35,75,D7-p3_e35_r075,TCRlong(0.40)+rw+A2_Ru10,0.8928571428571429,,
1b,D8-K2par-sep,0.25,75,D8-K2par-sep_e25_r075,ESF12alone,1.0,0.22,0.04096639703493565
1b,D8-K2par-sep,0.25,75,D8-K2par-sep_e25_r075,ESF12,1.0,,
1b,D8-K2par-sep,0.25,75,D8-K2par-sep_e25_r075,Alg2_Rs20,1.0,,
1b,D8-K2par-sep,0.25,75,D8-K2par-sep_e25_r075,Alg2_Ru10,1.0,,
1b,D8-K2par-sep,0.25,75,D8-K2par-sep_e25_r075,TCRlong(0.40)+rw+A2_Rs20,1.0,,
1b,D8-K2par-sep,0.25,75,D8-K2par-sep_e25_r075,TCRlong(0.40)+rw+A2_Ru10,1.0,,
1b,D8-K2par-sep,0.3,75,D8-K2par-sep_e30_r075,ESF12alone,1.0,0.3,0.07109954894986004
1b,D8-K2par-sep,0.3,75,D8-K2par-sep_e30_r075,ESF12,1.0,,
1b,D8-K2par-sep,0.3,75,D8-K2par-sep_e30_r075,Alg2_Rs20,1.0,,
1b,D8-K2par-sep,0.3,75,D8-K2par-sep_e30_r075,Alg2_Ru10,1.0,,
1b,D8-K2par-sep,0.3,75,D8-K2par-sep_e30_r075,TCRlong(0.40)+rw+A2_Rs20,1.0,,
1b,D8-K2par-sep,0.3,75,D8-K2par-sep_e30_r075,TCRlong(0.40)+rw+A2_Ru10,1.0,,
1b,D8-K2par-sep,0.35,75,D8-K2par-sep_e35_r075,ESF12alone,1.0,0.35333333333333333,0.09012558194808662
1b,D8-K2par-sep,0.35,75,D8-K2par-sep_e35_r075,ESF12,1.0,,
1b,D8-K2par-sep,0.35,75,D8-K2par-sep_e35_r075,Alg2_Rs20,1.0,,
1b,D8-K2par-sep,0.35,75,D8-K2par-sep_e35_r075,Alg2_Ru10,1.0,,
1b,D8-K2par-sep,0.35,75,D8-K2par-sep_e35_r075,TCRlong(0.40)+rw+A2_Rs20,1.0,,
1b,D8-K2par-sep,0.35,75,D8-K2par-sep_e35_r075,TCRlong(0.40)+rw+A2_Ru10,1.0,,
1b,D1-K2cross,0.25,76,D1-K2cross_e25_r076,ESF12alone,0.9307359307359307,0.23,0.07212384592276067
1b,D1-K2cross,0.25,76,D1-K2cross_e25_r076,ESF12,0.9307359307359307,,
1b,D1-K2cross,0.25,76,D1-K2cross_e25_r076,Alg2_Rs20,0.9264069264069265,,
1b,D1-K2cross,0.25,76,D1-K2cross_e25_r076,Alg2_Ru10,0.9264069264069265,,
1b,D1-K2cross,0.25,76,D1-K2cross_e25_r076,TCRlong(0.40)+rw+A2_Rs20,0.9264069264069265,,
1b,D1-K2cross,0.25,76,D1-K2cross_e25_r076,TCRlong(0.40)+rw+A2_Ru10,0.9264069264069265,,
1b,D1-K2cross,0.3,76,D1-K2cross_e30_r076,ESF12alone,0.9310344827586207,0.3233333333333333,0.06986421998590231
1b,D1-K2cross,0.3,76,D1-K2cross_e30_r076,ESF12,0.9310344827586207,,
1b,D1-K2cross,0.3,76,D1-K2cross_e30_r076,Alg2_Rs20,0.9310344827586207,,
1b,D1-K2cross,0.3,76,D1-K2cross_e30_r076,Alg2_Ru10,0.9310344827586207,,
1b,D1-K2cross,0.3,76,D1-K2cross_e30_r076,TCRlong(0.40)+rw+A2_Rs20,0.9310344827586207,,
1b,D1-K2cross,0.3,76,D1-K2cross_e30_r076,TCRlong(0.40)+rw+A2_Ru10,0.9310344827586207,,
1b,D1-K2cross,0.35,76,D1-K2cross_e35_r076,ESF12alone,0.919047619047619,0.3,0.07774522597901523
1b,D1-K2cross,0.35,76,D1-K2cross_e35_r076,ESF12,0.919047619047619,,
1b,D1-K2cross,0.35,76,D1-K2cross_e35_r076,Alg2_Rs20,0.919047619047619,,
1b,D1-K2cross,0.35,76,D1-K2cross_e35_r076,Alg2_Ru10,0.919047619047619,,
1b,D1-K2cross,0.35,76,D1-K2cross_e35_r076,TCRlong(0.40)+rw+A2_Rs20,0.919047619047619,,
1b,D1-K2cross,0.35,76,D1-K2cross_e35_r076,TCRlong(0.40)+rw+A2_Ru10,0.919047619047619,,
1b,D2-K3par,0.25,76,D2-K3par_e25_r076,ESF12alone,0.645933014354067,0.16333333333333333,0.5064697579946369
1b,D2-K3par,0.25,76,D2-K3par_e25_r076,ESF12,0.36363636363636365,,
1b,D2-K3par,0.25,76,D2-K3par_e25_r076,Alg2_Rs20,0.9043062200956937,,
1b,D2-K3par,0.25,76,D2-K3par_e25_r076,Alg2_Ru10,0.9043062200956937,,
1b,D2-K3par,0.25,76,D2-K3par_e25_r076,TCRlong(0.40)+rw+A2_Rs20,0.9043062200956937,,
1b,D2-K3par,0.25,76,D2-K3par_e25_r076,TCRlong(0.40)+rw+A2_Ru10,0.9043062200956937,,
1b,D2-K3par,0.3,76,D2-K3par_e30_r076,ESF12alone,0.6995305164319249,0.12666666666666668,0.36337790393736213
1b,D2-K3par,0.3,76,D2-K3par_e30_r076,ESF12,0.6995305164319249,,
1b,D2-K3par,0.3,76,D2-K3par_e30_r076,Alg2_Rs20,0.6995305164319249,,
1b,D2-K3par,0.3,76,D2-K3par_e30_r076,Alg2_Ru10,0.6995305164319249,,
1b,D2-K3par,0.3,76,D2-K3par_e30_r076,TCRlong(0.40)+rw+A2_Rs20,0.6525821596244131,,
1b,D2-K3par,0.3,76,D2-K3par_e30_r076,TCRlong(0.40)+rw+A2_Ru10,0.6525821596244131,,
1b,D2-K3par,0.35,76,D2-K3par_e35_r076,ESF12alone,0.6,0.15333333333333332,0.3738444399787113
1b,D2-K3par,0.35,76,D2-K3par_e35_r076,ESF12,0.6,,
1b,D2-K3par,0.35,76,D2-K3par_e35_r076,Alg2_Rs20,0.6,,
1b,D2-K3par,0.35,76,D2-K3par_e35_r076,Alg2_Ru10,0.6,,
1b,D2-K3par,0.35,76,D2-K3par_e35_r076,TCRlong(0.40)+rw+A2_Rs20,0.9219512195121952,,
1b,D2-K3par,0.35,76,D2-K3par_e35_r076,TCRlong(0.40)+rw+A2_Ru10,0.9219512195121952,,
1b,D3-unequal,0.25,76,D3-unequal_e25_r076,ESF12alone,0.7037037037037037,0.13,0.09103610494639724
1b,D3-unequal,0.25,76,D3-unequal_e25_r076,ESF12,0.7037037037037037,,
1b,D3-unequal,0.25,76,D3-unequal_e25_r076,Alg2_Rs20,0.9398148148148148,,
1b,D3-unequal,0.25,76,D3-unequal_e25_r076,Alg2_Ru10,0.9398148148148148,,
1b,D3-unequal,0.25,76,D3-unequal_e25_r076,TCRlong(0.40)+rw+A2_Rs20,0.9398148148148148,,
1b,D3-unequal,0.25,76,D3-unequal_e25_r076,TCRlong(0.40)+rw+A2_Ru10,0.9398148148148148,,
1b,D3-unequal,0.3,76,D3-unequal_e30_r076,ESF12alone,0.8904761904761904,0.3,0.07794371398631483
1b,D3-unequal,0.3,76,D3-unequal_e30_r076,ESF12,0.8904761904761904,,
1b,D3-unequal,0.3,76,D3-unequal_e30_r076,Alg2_Rs20,0.8904761904761904,,
1b,D3-unequal,0.3,76,D3-unequal_e30_r076,Alg2_Ru10,0.8904761904761904,,
1b,D3-unequal,0.3,76,D3-unequal_e30_r076,TCRlong(0.40)+rw+A2_Rs20,0.9,,
1b,D3-unequal,0.3,76,D3-unequal_e30_r076,TCRlong(0.40)+rw+A2_Ru10,0.9,,
1b,D3-unequal,0.35,76,D3-unequal_e35_r076,ESF12alone,0.9313725490196079,0.32,0.0760544310323894
1b,D3-unequal,0.35,76,D3-unequal_e35_r076,ESF12,0.9313725490196079,,
1b,D3-unequal,0.35,76,D3-unequal_e35_r076,Alg2_Rs20,0.9313725490196079,,
1b,D3-unequal,0.35,76,D3-unequal_e35_r076,Alg2_Ru10,0.9313725490196079,,
1b,D3-unequal,0.35,76,D3-unequal_e35_r076,TCRlong(0.40)+rw+A2_Rs20,0.9313725490196079,,
1b,D3-unequal,0.35,76,D3-unequal_e35_r076,TCRlong(0.40)+rw+A2_Ru10,0.9313725490196079,,
1b,D4-hetero,0.25,76,D4-hetero_e25_r076,ESF12alone,0.8894009216589862,0.2833333333333333,0.0773807930527255
1b,D4-hetero,0.25,76,D4-hetero_e25_r076,ESF12,0.8894009216589862,,
1b,D4-hetero,0.25,76,D4-hetero_e25_r076,Alg2_Rs20,0.8894009216589862,,
1b,D4-hetero,0.25,76,D4-hetero_e25_r076,Alg2_Ru10,0.8894009216589862,,
1b,D4-hetero,0.25,76,D4-hetero_e25_r076,TCRlong(0.40)+rw+A2_Rs20,0.8894009216589862,,
1b,D4-hetero,0.25,76,D4-hetero_e25_r076,TCRlong(0.40)+rw+A2_Ru10,0.8894009216589862,,
1b,D4-hetero,0.3,76,D4-hetero_e30_r076,ESF12alone,0.9113300492610837,0.33,0.07474428100977093
1b,D4-hetero,0.3,76,D4-hetero_e30_r076,ESF12,0.9113300492610837,,
1b,D4-hetero,0.3,76,D4-hetero_e30_r076,Alg2_Rs20,0.9113300492610837,,
1b,D4-hetero,0.3,76,D4-hetero_e30_r076,Alg2_Ru10,0.9113300492610837,,
1b,D4-hetero,0.3,76,D4-hetero_e30_r076,TCRlong(0.40)+rw+A2_Rs20,0.9113300492610837,,
1b,D4-hetero,0.3,76,D4-hetero_e30_r076,TCRlong(0.40)+rw+A2_Ru10,0.9113300492610837,,
1b,D4-hetero,0.35,76,D4-hetero_e35_r076,ESF12alone,0.8724489795918368,0.3466666666666667,0.042212054948322475
1b,D4-hetero,0.35,76,D4-hetero_e35_r076,ESF12,0.8724489795918368,,
1b,D4-hetero,0.35,76,D4-hetero_e35_r076,Alg2_Rs20,0.8724489795918368,,
1b,D4-hetero,0.35,76,D4-hetero_e35_r076,Alg2_Ru10,0.8724489795918368,,
1b,D4-hetero,0.35,76,D4-hetero_e35_r076,TCRlong(0.40)+rw+A2_Rs20,0.8724489795918368,,
1b,D4-hetero,0.35,76,D4-hetero_e35_r076,TCRlong(0.40)+rw+A2_Ru10,0.8724489795918368,,
1b,D5-leverage,0.25,76,D5-leverage_e25_r076,ESF12alone,0.5398230088495575,0.11,0.04363087099045515
1b,D5-leverage,0.25,76,D5-leverage_e25_r076,ESF12,0.5398230088495575,,
1b,D5-leverage,0.25,76,D5-leverage_e25_r076,Alg2_Rs20,0.8761061946902655,,
1b,D5-leverage,0.25,76,D5-leverage_e25_r076,Alg2_Ru10,0.8761061946902655,,
1b,D5-leverage,0.25,76,D5-leverage_e25_r076,TCRlong(0.40)+rw+A2_Rs20,0.5398230088495575,,
1b,D5-leverage,0.25,76,D5-leverage_e25_r076,TCRlong(0.40)+rw+A2_Ru10,0.5398230088495575,,
1b,D5-leverage,0.3,76,D5-leverage_e30_r076,ESF12alone,0.5384615384615384,0.01,0.0817987279733643
1b,D5-leverage,0.3,76,D5-leverage_e30_r076,ESF12,0.5384615384615384,,
1b,D5-leverage,0.3,76,D5-leverage_e30_r076,Alg2_Rs20,0.5336538461538461,,
1b,D5-leverage,0.3,76,D5-leverage_e30_r076,Alg2_Ru10,0.5336538461538461,,
1b,D5-leverage,0.3,76,D5-leverage_e30_r076,TCRlong(0.40)+rw+A2_Rs20,0.5384615384615384,,
1b,D5-leverage,0.3,76,D5-leverage_e30_r076,TCRlong(0.40)+rw+A2_Ru10,0.5384615384615384,,
1b,D5-leverage,0.35,76,D5-leverage_e35_r076,ESF12alone,0.5024630541871922,0.0033333333333333335,0.09821613202802837
1b,D5-leverage,0.35,76,D5-leverage_e35_r076,ESF12,0.5024630541871922,,
1b,D5-leverage,0.35,76,D5-leverage_e35_r076,Alg2_Rs20,0.5073891625615764,,
1b,D5-leverage,0.35,76,D5-leverage_e35_r076,Alg2_Ru10,0.5073891625615764,,
1b,D5-leverage,0.35,76,D5-leverage_e35_r076,TCRlong(0.40)+rw+A2_Rs20,0.5024630541871922,,
1b,D5-leverage,0.35,76,D5-leverage_e35_r076,TCRlong(0.40)+rw+A2_Ru10,0.5024630541871922,,
1b,D6-uniform,0.25,76,D6-uniform_e25_r076,ESF12alone,0.9214876033057852,0.18333333333333332,0.0753158760489896
1b,D6-uniform,0.25,76,D6-uniform_e25_r076,ESF12,0.9214876033057852,,
1b,D6-uniform,0.25,76,D6-uniform_e25_r076,Alg2_Rs20,0.9132231404958677,,
1b,D6-uniform,0.25,76,D6-uniform_e25_r076,Alg2_Ru10,0.9132231404958677,,
1b,D6-uniform,0.25,76,D6-uniform_e25_r076,TCRlong(0.40)+rw+A2_Rs20,0.9256198347107438,,
1b,D6-uniform,0.25,76,D6-uniform_e25_r076,TCRlong(0.40)+rw+A2_Ru10,0.9256198347107438,,
1b,D6-uniform,0.3,76,D6-uniform_e30_r076,ESF12alone,0.515695067264574,0.0,0.07637799507938325
1b,D6-uniform,0.3,76,D6-uniform_e30_r076,ESF12,0.515695067264574,,
1b,D6-uniform,0.3,76,D6-uniform_e30_r076,Alg2_Rs20,0.9417040358744395,,
1b,D6-uniform,0.3,76,D6-uniform_e30_r076,Alg2_Ru10,0.9417040358744395,,
1b,D6-uniform,0.3,76,D6-uniform_e30_r076,TCRlong(0.40)+rw+A2_Rs20,0.9372197309417041,,
1b,D6-uniform,0.3,76,D6-uniform_e30_r076,TCRlong(0.40)+rw+A2_Ru10,0.9372197309417041,,
1b,D6-uniform,0.35,76,D6-uniform_e35_r076,ESF12alone,0.9234449760765551,0.21333333333333335,0.07679823995567858
1b,D6-uniform,0.35,76,D6-uniform_e35_r076,ESF12,0.9234449760765551,,
1b,D6-uniform,0.35,76,D6-uniform_e35_r076,Alg2_Rs20,0.9234449760765551,,
1b,D6-uniform,0.35,76,D6-uniform_e35_r076,Alg2_Ru10,0.9234449760765551,,
1b,D6-uniform,0.35,76,D6-uniform_e35_r076,TCRlong(0.40)+rw+A2_Rs20,0.9234449760765551,,
1b,D6-uniform,0.35,76,D6-uniform_e35_r076,TCRlong(0.40)+rw+A2_Ru10,0.9234449760765551,,
1b,D7-p3,0.25,76,D7-p3_e25_r076,ESF12alone,0.883177570093458,0.2866666666666667,2.0182496139314026
1b,D7-p3,0.25,76,D7-p3_e25_r076,ESF12,0.883177570093458,,
1b,D7-p3,0.25,76,D7-p3_e25_r076,Alg2_Rs20,0.8878504672897196,,
1b,D7-p3,0.25,76,D7-p3_e25_r076,Alg2_Ru10,0.8878504672897196,,
1b,D7-p3,0.25,76,D7-p3_e25_r076,TCRlong(0.40)+rw+A2_Rs20,0.8878504672897196,,
1b,D7-p3,0.25,76,D7-p3_e25_r076,TCRlong(0.40)+rw+A2_Ru10,0.8878504672897196,,
1b,D7-p3,0.3,76,D7-p3_e30_r076,ESF12alone,0.8975609756097561,0.31666666666666665,1.2732107660267502
1b,D7-p3,0.3,76,D7-p3_e30_r076,ESF12,0.8975609756097561,,
1b,D7-p3,0.3,76,D7-p3_e30_r076,Alg2_Rs20,0.8975609756097561,,
1b,D7-p3,0.3,76,D7-p3_e30_r076,Alg2_Ru10,0.8975609756097561,,
1b,D7-p3,0.3,76,D7-p3_e30_r076,TCRlong(0.40)+rw+A2_Rs20,0.8975609756097561,,
1b,D7-p3,0.3,76,D7-p3_e30_r076,TCRlong(0.40)+rw+A2_Ru10,0.8975609756097561,,
1b,D7-p3,0.35,76,D7-p3_e35_r076,ESF12alone,0.8983957219251337,0.37666666666666665,1.10506879305467
1b,D7-p3,0.35,76,D7-p3_e35_r076,ESF12,0.8983957219251337,,
1b,D7-p3,0.35,76,D7-p3_e35_r076,Alg2_Rs20,0.8983957219251337,,
1b,D7-p3,0.35,76,D7-p3_e35_r076,Alg2_Ru10,0.8983957219251337,,
1b,D7-p3,0.35,76,D7-p3_e35_r076,TCRlong(0.40)+rw+A2_Rs20,0.893048128342246,,
1b,D7-p3,0.35,76,D7-p3_e35_r076,TCRlong(0.40)+rw+A2_Ru10,0.893048128342246,,
1b,D8-K2par-sep,0.25,76,D8-K2par-sep_e25_r076,ESF12alone,1.0,0.21666666666666667,0.03999567206483334
1b,D8-K2par-sep,0.25,76,D8-K2par-sep_e25_r076,ESF12,1.0,,
1b,D8-K2par-sep,0.25,76,D8-K2par-sep_e25_r076,Alg2_Rs20,1.0,,
1b,D8-K2par-sep,0.25,76,D8-K2par-sep_e25_r076,Alg2_Ru10,1.0,,
1b,D8-K2par-sep,0.25,76,D8-K2par-sep_e25_r076,TCRlong(0.40)+rw+A2_Rs20,1.0,,
1b,D8-K2par-sep,0.25,76,D8-K2par-sep_e25_r076,TCRlong(0.40)+rw+A2_Ru10,1.0,,
1b,D8-K2par-sep,0.3,76,D8-K2par-sep_e30_r076,ESF12alone,1.0,0.3233333333333333,0.04176379309501499
1b,D8-K2par-sep,0.3,76,D8-K2par-sep_e30_r076,ESF12,1.0,,
1b,D8-K2par-sep,0.3,76,D8-K2par-sep_e30_r076,Alg2_Rs20,1.0,,
1b,D8-K2par-sep,0.3,76,D8-K2par-sep_e30_r076,Alg2_Ru10,1.0,,
1b,D8-K2par-sep,0.3,76,D8-K2par-sep_e30_r076,TCRlong(0.40)+rw+A2_Rs20,1.0,,
1b,D8-K2par-sep,0.3,76,D8-K2par-sep_e30_r076,TCRlong(0.40)+rw+A2_Ru10,1.0,,
1b,D8-K2par-sep,0.35,76,D8-K2par-sep_e35_r076,ESF12alone,1.0,0.35,0.07968031300697476
1b,D8-K2par-sep,0.35,76,D8-K2par-sep_e35_r076,ESF12,1.0,,
1b,D8-K2par-sep,0.35,76,D8-K2par-sep_e35_r076,Alg2_Rs20,1.0,,
1b,D8-K2par-sep,0.35,76,D8-K2par-sep_e35_r076,Alg2_Ru10,1.0,,
1b,D8-K2par-sep,0.35,76,D8-K2par-sep_e35_r076,TCRlong(0.40)+rw+A2_Rs20,1.0,,
1b,D8-K2par-sep,0.35,76,D8-K2par-sep_e35_r076,TCRlong(0.40)+rw+A2_Ru10,1.0,,
1b,D1-K2cross,0.25,77,D1-K2cross_e25_r077,ESF12alone,0.947136563876652,0.24666666666666667,0.0885618960019201
1b,D1-K2cross,0.25,77,D1-K2cross_e25_r077,ESF12,0.947136563876652,,
1b,D1-K2cross,0.25,77,D1-K2cross_e25_r077,Alg2_Rs20,0.947136563876652,,
1b,D1-K2cross,0.25,77,D1-K2cross_e25_r077,Alg2_Ru10,0.947136563876652,,
1b,D1-K2cross,0.25,77,D1-K2cross_e25_r077,TCRlong(0.40)+rw+A2_Rs20,0.947136563876652,,
1b,D1-K2cross,0.25,77,D1-K2cross_e25_r077,TCRlong(0.40)+rw+A2_Ru10,0.947136563876652,,
1b,D1-K2cross,0.3,77,D1-K2cross_e30_r077,ESF12alone,0.9489795918367347,0.3466666666666667,0.08452280389610678
1b,D1-K2cross,0.3,77,D1-K2cross_e30_r077,ESF12,0.9489795918367347,,
1b,D1-K2cross,0.3,77,D1-K2cross_e30_r077,Alg2_Rs20,0.9489795918367347,,
1b,D1-K2cross,0.3,77,D1-K2cross_e30_r077,Alg2_Ru10,0.9489795918367347,,
1b,D1-K2cross,0.3,77,D1-K2cross_e30_r077,TCRlong(0.40)+rw+A2_Rs20,0.9489795918367347,,
1b,D1-K2cross,0.3,77,D1-K2cross_e30_r077,TCRlong(0.40)+rw+A2_Ru10,0.9489795918367347,,
1b,D1-K2cross,0.35,77,D1-K2cross_e35_r077,ESF12alone,0.9082125603864735,0.31,0.0842421039706096
1b,D1-K2cross,0.35,77,D1-K2cross_e35_r077,ESF12,0.9082125603864735,,
1b,D1-K2cross,0.35,77,D1-K2cross_e35_r077,Alg2_Rs20,0.9082125603864735,,
1b,D1-K2cross,0.35,77,D1-K2cross_e35_r077,Alg2_Ru10,0.9082125603864735,,
1b,D1-K2cross,0.35,77,D1-K2cross_e35_r077,TCRlong(0.40)+rw+A2_Rs20,0.9082125603864735,,
1b,D1-K2cross,0.35,77,D1-K2cross_e35_r077,TCRlong(0.40)+rw+A2_Ru10,0.9082125603864735,,
1b,D2-K3par,0.25,77,D2-K3par_e25_r077,ESF12alone,0.6697674418604651,0.13666666666666666,0.42506284604314715
1b,D2-K3par,0.25,77,D2-K3par_e25_r077,ESF12,0.6697674418604651,,
1b,D2-K3par,0.25,77,D2-K3par_e25_r077,Alg2_Rs20,0.7953488372093023,,
1b,D2-K3par,0.25,77,D2-K3par_e25_r077,Alg2_Ru10,0.7953488372093023,,
1b,D2-K3par,0.25,77,D2-K3par_e25_r077,TCRlong(0.40)+rw+A2_Rs20,0.7953488372093023,,
1b,D2-K3par,0.25,77,D2-K3par_e25_r077,TCRlong(0.40)+rw+A2_Ru10,0.7953488372093023,,
1b,D2-K3par,0.3,77,D2-K3par_e30_r077,ESF12alone,0.9282296650717703,0.30333333333333334,0.33058462699409574
1b,D2-K3par,0.3,77,D2-K3par_e30_r077,ESF12,0.9282296650717703,,
1b,D2-K3par,0.3,77,D2-K3par_e30_r077,Alg2_Rs20,0.9282296650717703,,
1b,D2-K3par,0.3,77,D2-K3par_e30_r077,Alg2_Ru10,0.9282296650717703,,
1b,D2-K3par,0.3,77,D2-K3par_e30_r077,TCRlong(0.40)+rw+A2_Rs20,0.9234449760765551,,
1b,D2-K3par,0.3,77,D2-K3par_e30_r077,TCRlong(0.40)+rw+A2_Ru10,0.9234449760765551,,
1b,D2-K3par,0.35,77,D2-K3par_e35_r077,ESF12alone,0.365,0.0,0.43579917191527784
1b,D2-K3par,0.35,77,D2-K3par_e35_r077,ESF12,0.365,,
1b,D2-K3par,0.35,77,D2-K3par_e35_r077,Alg2_Rs20,0.905,,
1b,D2-K3par,0.35,77,D2-K3par_e35_r077,Alg2_Ru10,0.905,,
1b,D2-K3par,0.35,77,D2-K3par_e35_r077,TCRlong(0.40)+rw+A2_Rs20,0.91,,
1b,D2-K3par,0.35,77,D2-K3par_e35_r077,TCRlong(0.40)+rw+A2_Ru10,0.91,,
1b,D3-unequal,0.25,77,D3-unequal_e25_r077,ESF12alone,0.905829596412556,0.25666666666666665,0.092166363960132
1b,D3-unequal,0.25,77,D3-unequal_e25_r077,ESF12,0.905829596412556,,
1b,D3-unequal,0.25,77,D3-unequal_e25_r077,Alg2_Rs20,0.905829596412556,,
1b,D3-unequal,0.25,77,D3-unequal_e25_r077,Alg2_Ru10,0.905829596412556,,
1b,D3-unequal,0.25,77,D3-unequal_e25_r077,TCRlong(0.40)+rw+A2_Rs20,0.905829596412556,,
1b,D3-unequal,0.25,77,D3-unequal_e25_r077,TCRlong(0.40)+rw+A2_Ru10,0.905829596412556,,
1b,D3-unequal,0.3,77,D3-unequal_e30_r077,ESF12alone,0.905,0.33,0.08533522998914123
1b,D3-unequal,0.3,77,D3-unequal_e30_r077,ESF12,0.905,,
1b,D3-unequal,0.3,77,D3-unequal_e30_r077,Alg2_Rs20,0.905,,
1b,D3-unequal,0.3,77,D3-unequal_e30_r077,Alg2_Ru10,0.905,,
1b,D3-unequal,0.3,77,D3-unequal_e30_r077,TCRlong(0.40)+rw+A2_Rs20,0.905,,
1b,D3-unequal,0.3,77,D3-unequal_e30_r077,TCRlong(0.40)+rw+A2_Ru10,0.905,,
1b,D3-unequal,0.35,77,D3-unequal_e35_r077,ESF12alone,0.7213114754098361,0.21666666666666667,0.08004371693823487
1b,D3-unequal,0.35,77,D3-unequal_e35_r077,ESF12,0.7213114754098361,,
1b,D3-unequal,0.35,77,D3-unequal_e35_r077,Alg2_Rs20,0.7213114754098361,,
1b,D3-unequal,0.35,77,D3-unequal_e35_r077,Alg2_Ru10,0.7213114754098361,,
1b,D3-unequal,0.35,77,D3-unequal_e35_r077,TCRlong(0.40)+rw+A2_Rs20,0.7103825136612022,,
1b,D3-unequal,0.35,77,D3-unequal_e35_r077,TCRlong(0.40)+rw+A2_Ru10,0.7103825136612022,,
1b,D4-hetero,0.25,77,D4-hetero_e25_r077,ESF12alone,0.918552036199095,0.26666666666666666,0.08444183995015919
1b,D4-hetero,0.25,77,D4-hetero_e25_r077,ESF12,0.918552036199095,,
1b,D4-hetero,0.25,77,D4-hetero_e25_r077,Alg2_Rs20,0.9230769230769231,,
1b,D4-hetero,0.25,77,D4-hetero_e25_r077,Alg2_Ru10,0.9230769230769231,,
1b,D4-hetero,0.25,77,D4-hetero_e25_r077,TCRlong(0.40)+rw+A2_Rs20,0.918552036199095,,
1b,D4-hetero,0.25,77,D4-hetero_e25_r077,TCRlong(0.40)+rw+A2_Ru10,0.918552036199095,,
1b,D4-hetero,0.3,77,D4-hetero_e30_r077,ESF12alone,0.9014778325123153,0.3233333333333333,0.08061125909443945
1b,D4-hetero,0.3,77,D4-hetero_e30_r077,ESF12,0.9014778325123153,,
1b,D4-hetero,0.3,77,D4-hetero_e30_r077,Alg2_Rs20,0.9014778325123153,,
1b,D4-hetero,0.3,77,D4-hetero_e30_r077,Alg2_Ru10,0.9014778325123153,,
1b,D4-hetero,0.3,77,D4-hetero_e30_r077,TCRlong(0.40)+rw+A2_Rs20,0.9014778325123153,,
1b,D4-hetero,0.3,77,D4-hetero_e30_r077,TCRlong(0.40)+rw+A2_Ru10,0.9014778325123153,,
1b,D4-hetero,0.35,77,D4-hetero_e35_r077,ESF12alone,0.5081081081081081,0.15666666666666668,0.10166032402776182
1b,D4-hetero,0.35,77,D4-hetero_e35_r077,ESF12,0.5081081081081081,,
1b,D4-hetero,0.35,77,D4-hetero_e35_r077,Alg2_Rs20,0.9513513513513514,,
1b,D4-hetero,0.35,77,D4-hetero_e35_r077,Alg2_Ru10,0.9513513513513514,,
1b,D4-hetero,0.35,77,D4-hetero_e35_r077,TCRlong(0.40)+rw+A2_Rs20,0.9459459459459459,,
1b,D4-hetero,0.35,77,D4-hetero_e35_r077,TCRlong(0.40)+rw+A2_Ru10,0.9459459459459459,,
1b,D5-leverage,0.25,77,D5-leverage_e25_r077,ESF12alone,0.5070422535211268,0.08666666666666667,0.04291478800587356
1b,D5-leverage,0.25,77,D5-leverage_e25_r077,ESF12,0.5070422535211268,,
1b,D5-leverage,0.25,77,D5-leverage_e25_r077,Alg2_Rs20,0.5023474178403756,,
1b,D5-leverage,0.25,77,D5-leverage_e25_r077,Alg2_Ru10,0.5023474178403756,,
1b,D5-leverage,0.25,77,D5-leverage_e25_r077,TCRlong(0.40)+rw+A2_Rs20,0.5070422535211268,,
1b,D5-leverage,0.25,77,D5-leverage_e25_r077,TCRlong(0.40)+rw+A2_Ru10,0.5070422535211268,,
1b,D5-leverage,0.3,77,D5-leverage_e30_r077,ESF12alone,0.5525114155251142,0.056666666666666664,0.04341598798055202
1b,D5-leverage,0.3,77,D5-leverage_e30_r077,ESF12,0.5525114155251142,,
1b,D5-leverage,0.3,77,D5-leverage_e30_r077,Alg2_Rs20,0.5525114155251142,,
1b,D5-leverage,0.3,77,D5-leverage_e30_r077,Alg2_Ru10,0.5525114155251142,,
1b,D5-leverage,0.3,77,D5-leverage_e30_r077,TCRlong(0.40)+rw+A2_Rs20,0.8949771689497716,,
1b,D5-leverage,0.3,77,D5-leverage_e30_r077,TCRlong(0.40)+rw+A2_Ru10,0.8949771689497716,,
1b,D5-leverage,0.35,77,D5-leverage_e35_r077,ESF12alone,0.5279187817258884,0.013333333333333334,0.0822620471008122
1b,D5-leverage,0.35,77,D5-leverage_e35_r077,ESF12,0.5279187817258884,,
1b,D5-leverage,0.35,77,D5-leverage_e35_r077,Alg2_Rs20,0.5228426395939086,,
1b,D5-leverage,0.35,77,D5-leverage_e35_r077,Alg2_Ru10,0.5228426395939086,,
1b,D5-leverage,0.35,77,D5-leverage_e35_r077,TCRlong(0.40)+rw+A2_Rs20,0.5279187817258884,,
1b,D5-leverage,0.35,77,D5-leverage_e35_r077,TCRlong(0.40)+rw+A2_Ru10,0.5279187817258884,,
1b,D6-uniform,0.25,77,D6-uniform_e25_r077,ESF12alone,0.5246636771300448,0.006666666666666667,0.07939262199215591
1b,D6-uniform,0.25,77,D6-uniform_e25_r077,ESF12,0.5246636771300448,,
1b,D6-uniform,0.25,77,D6-uniform_e25_r077,Alg2_Rs20,0.9282511210762332,,
1b,D6-uniform,0.25,77,D6-uniform_e25_r077,Alg2_Ru10,0.9282511210762332,,
1b,D6-uniform,0.25,77,D6-uniform_e25_r077,TCRlong(0.40)+rw+A2_Rs20,0.9237668161434978,,
1b,D6-uniform,0.25,77,D6-uniform_e25_r077,TCRlong(0.40)+rw+A2_Ru10,0.9237668161434978,,
1b,D6-uniform,0.3,77,D6-uniform_e30_r077,ESF12alone,0.5240384615384616,0.006666666666666667,0.08297712099738419
1b,D6-uniform,0.3,77,D6-uniform_e30_r077,ESF12,0.5240384615384616,,
1b,D6-uniform,0.3,77,D6-uniform_e30_r077,Alg2_Rs20,0.5240384615384616,,
1b,D6-uniform,0.3,77,D6-uniform_e30_r077,Alg2_Ru10,0.5240384615384616,,
1b,D6-uniform,0.3,77,D6-uniform_e30_r077,TCRlong(0.40)+rw+A2_Rs20,0.5913461538461539,,
1b,D6-uniform,0.3,77,D6-uniform_e30_r077,TCRlong(0.40)+rw+A2_Ru10,0.5913461538461539,,
1b,D6-uniform,0.35,77,D6-uniform_e35_r077,ESF12alone,0.5081081081081081,0.0,0.08220737206283957
1b,D6-uniform,0.35,77,D6-uniform_e35_r077,ESF12,0.5081081081081081,,
1b,D6-uniform,0.35,77,D6-uniform_e35_r077,Alg2_Rs20,0.5027027027027027,,
1b,D6-uniform,0.35,77,D6-uniform_e35_r077,Alg2_Ru10,0.5027027027027027,,
1b,D6-uniform,0.35,77,D6-uniform_e35_r077,TCRlong(0.40)+rw+A2_Rs20,0.5081081081081081,,
1b,D6-uniform,0.35,77,D6-uniform_e35_r077,TCRlong(0.40)+rw+A2_Ru10,0.5081081081081081,,
1b,D7-p3,0.25,77,D7-p3_e25_r077,ESF12alone,0.9055793991416309,0.22666666666666666,1.6932003279216588
1b,D7-p3,0.25,77,D7-p3_e25_r077,ESF12,0.9055793991416309,,
1b,D7-p3,0.25,77,D7-p3_e25_r077,Alg2_Rs20,0.9012875536480687,,
1b,D7-p3,0.25,77,D7-p3_e25_r077,Alg2_Ru10,0.9012875536480687,,
1b,D7-p3,0.25,77,D7-p3_e25_r077,TCRlong(0.40)+rw+A2_Rs20,0.9012875536480687,,
1b,D7-p3,0.25,77,D7-p3_e25_r077,TCRlong(0.40)+rw+A2_Ru10,0.9012875536480687,,
1b,D7-p3,0.3,77,D7-p3_e30_r077,ESF12alone,0.9170731707317074,0.31666666666666665,1.373802506015636
1b,D7-p3,0.3,77,D7-p3_e30_r077,ESF12,0.9170731707317074,,
1b,D7-p3,0.3,77,D7-p3_e30_r077,Alg2_Rs20,0.9170731707317074,,
1b,D7-p3,0.3,77,D7-p3_e30_r077,Alg2_Ru10,0.9170731707317074,,
1b,D7-p3,0.3,77,D7-p3_e30_r077,TCRlong(0.40)+rw+A2_Rs20,0.9170731707317074,,
1b,D7-p3,0.3,77,D7-p3_e30_r077,TCRlong(0.40)+rw+A2_Ru10,0.9170731707317074,,
1b,D7-p3,0.35,77,D7-p3_e35_r077,ESF12alone,0.9320388349514563,0.31666666666666665,1.1431244889972731
1b,D7-p3,0.35,77,D7-p3_e35_r077,ESF12,0.9320388349514563,,
1b,D7-p3,0.35,77,D7-p3_e35_r077,Alg2_Rs20,0.9320388349514563,,
1b,D7-p3,0.35,77,D7-p3_e35_r077,Alg2_Ru10,0.9320388349514563,,
1b,D7-p3,0.35,77,D7-p3_e35_r077,TCRlong(0.40)+rw+A2_Rs20,0.9368932038834952,,
1b,D7-p3,0.35,77,D7-p3_e35_r077,TCRlong(0.40)+rw+A2_Ru10,0.9368932038834952,,
1b,D8-K2par-sep,0.25,77,D8-K2par-sep_e25_r077,ESF12alone,1.0,0.2633333333333333,0.04336812405381352
1b,D8-K2par-sep,0.25,77,D8-K2par-sep_e25_r077,ESF12,1.0,,
1b,D8-K2par-sep,0.25,77,D8-K2par-sep_e25_r077,Alg2_Rs20,1.0,,
1b,D8-K2par-sep,0.25,77,D8-K2par-sep_e25_r077,Alg2_Ru10,1.0,,
1b,D8-K2par-sep,0.25,77,D8-K2par-sep_e25_r077,TCRlong(0.40)+rw+A2_Rs20,1.0,,
1b,D8-K2par-sep,0.25,77,D8-K2par-sep_e25_r077,TCRlong(0.40)+rw+A2_Ru10,1.0,,
1b,D8-K2par-sep,0.3,77,D8-K2par-sep_e30_r077,ESF12alone,1.0,0.30333333333333334,0.05092015699483454
1b,D8-K2par-sep,0.3,77,D8-K2par-sep_e30_r077,ESF12,1.0,,
1b,D8-K2par-sep,0.3,77,D8-K2par-sep_e30_r077,Alg2_Rs20,1.0,,
1b,D8-K2par-sep,0.3,77,D8-K2par-sep_e30_r077,Alg2_Ru10,1.0,,
1b,D8-K2par-sep,0.3,77,D8-K2par-sep_e30_r077,TCRlong(0.40)+rw+A2_Rs20,1.0,,
1b,D8-K2par-sep,0.3,77,D8-K2par-sep_e30_r077,TCRlong(0.40)+rw+A2_Ru10,1.0,,
1b,D8-K2par-sep,0.35,77,D8-K2par-sep_e35_r077,ESF12alone,0.9950248756218906,0.33,0.040169905056245625
1b,D8-K2par-sep,0.35,77,D8-K2par-sep_e35_r077,ESF12,0.9950248756218906,,
1b,D8-K2par-sep,0.35,77,D8-K2par-sep_e35_r077,Alg2_Rs20,0.9950248756218906,,
1b,D8-K2par-sep,0.35,77,D8-K2par-sep_e35_r077,Alg2_Ru10,0.9950248756218906,,
1b,D8-K2par-sep,0.35,77,D8-K2par-sep_e35_r077,TCRlong(0.40)+rw+A2_Rs20,0.9950248756218906,,
1b,D8-K2par-sep,0.35,77,D8-K2par-sep_e35_r077,TCRlong(0.40)+rw+A2_Ru10,0.9950248756218906,,
1b,D1-K2cross,0.25,78,D1-K2cross_e25_r078,ESF12alone,0.8995433789954338,0.27,0.08139497798401862
1b,D1-K2cross,0.25,78,D1-K2cross_e25_r078,ESF12,0.8995433789954338,,
1b,D1-K2cross,0.25,78,D1-K2cross_e25_r078,Alg2_Rs20,0.8995433789954338,,
1b,D1-K2cross,0.25,78,D1-K2cross_e25_r078,Alg2_Ru10,0.8995433789954338,,
1b,D1-K2cross,0.25,78,D1-K2cross_e25_r078,TCRlong(0.40)+rw+A2_Rs20,0.8995433789954338,,
1b,D1-K2cross,0.25,78,D1-K2cross_e25_r078,TCRlong(0.40)+rw+A2_Ru10,0.8995433789954338,,
1b,D1-K2cross,0.3,78,D1-K2cross_e30_r078,ESF12alone,0.8977777777777778,0.25,0.08589620399288833
1b,D1-K2cross,0.3,78,D1-K2cross_e30_r078,ESF12,0.8977777777777778,,
1b,D1-K2cross,0.3,78,D1-K2cross_e30_r078,Alg2_Rs20,0.8933333333333333,,
1b,D1-K2cross,0.3,78,D1-K2cross_e30_r078,Alg2_Ru10,0.8933333333333333,,
1b,D1-K2cross,0.3,78,D1-K2cross_e30_r078,TCRlong(0.40)+rw+A2_Rs20,0.8933333333333333,,
1b,D1-K2cross,0.3,78,D1-K2cross_e30_r078,TCRlong(0.40)+rw+A2_Ru10,0.8933333333333333,,
1b,D1-K2cross,0.35,78,D1-K2cross_e35_r078,ESF12alone,0.9607843137254902,0.32,0.08553768892306834
1b,D1-K2cross,0.35,78,D1-K2cross_e35_r078,ESF12,0.9607843137254902,,
1b,D1-K2cross,0.35,78,D1-K2cross_e35_r078,Alg2_Rs20,0.9607843137254902,,
1b,D1-K2cross,0.35,78,D1-K2cross_e35_r078,Alg2_Ru10,0.9607843137254902,,
1b,D1-K2cross,0.35,78,D1-K2cross_e35_r078,TCRlong(0.40)+rw+A2_Rs20,0.9607843137254902,,
1b,D1-K2cross,0.35,78,D1-K2cross_e35_r078,TCRlong(0.40)+rw+A2_Ru10,0.9607843137254902,,
