design,eps,rep,unit,method,acc,perr,ahat
D2-K3par,0.25,0,D2-K3par_e25_r000,NoiseMixLS,0.39351851851851855,18.434507750217318,0.0
D2-K3par,0.25,0,D2-K3par_e25_r000,CNmixLS,0.39351851851851855,18.434674511490822,0.0
D2-K3par,0.3,0,D2-K3par_e30_r000,NoiseMixLS,0.357487922705314,20.367309311503103,0.0
D2-K3par,0.3,0,D2-K3par_e30_r000,CNmixLS,0.357487922705314,20.367786489387406,0.0
D2-K3par,0.35,0,D2-K3par_e35_r000,NoiseMixLS,0.38461538461538464,20.84880990237905,0.0
D2-K3par,0.35,0,D2-K3par_e35_r000,CNmixLS,0.38461538461538464,20.849162810865796,0.0
D8-K2par-sep,0.25,0,D8-K2par-sep_e25_r000,NoiseMixLS,0.5209302325581395,20.254807199679,0.2833333333333333
D8-K2par-sep,0.25,0,D8-K2par-sep_e25_r000,CNmixLS,1.0,0.0890460287323086,0.2966666666666667
D8-K2par-sep,0.3,0,D8-K2par-sep_e30_r000,NoiseMixLS,0.5023474178403756,18.744012763295512,0.18
D8-K2par-sep,0.3,0,D8-K2par-sep_e30_r000,CNmixLS,0.9953051643192489,0.15117960618463666,0.31
D8-K2par-sep,0.35,0,D8-K2par-sep_e35_r000,NoiseMixLS,0.533678756476684,20.444163466154283,0.32666666666666666
D8-K2par-sep,0.35,0,D8-K2par-sep_e35_r000,CNmixLS,1.0,0.05770994209823277,0.38333333333333336
D2-K3par,0.25,1,D2-K3par_e25_r001,NoiseMixLS,0.37662337662337664,19.62535852253037,0.0
D2-K3par,0.25,1,D2-K3par_e25_r001,CNmixLS,0.37662337662337664,19.625696093603164,0.0
D2-K3par,0.3,1,D2-K3par_e30_r001,NoiseMixLS,0.4120603015075377,19.22159308495483,0.0
D2-K3par,0.3,1,D2-K3par_e30_r001,CNmixLS,0.4120603015075377,19.22166413499832,0.0
D2-K3par,0.35,1,D2-K3par_e35_r001,NoiseMixLS,0.35978835978835977,20.013746424128342,0.0
D2-K3par,0.35,1,D2-K3par_e35_r001,CNmixLS,0.35978835978835977,20.014069365905794,0.0
D8-K2par-sep,0.25,1,D8-K2par-sep_e25_r001,NoiseMixLS,0.5067873303167421,22.710088097949992,0.19333333333333333
D8-K2par-sep,0.25,1,D8-K2par-sep_e25_r001,CNmixLS,0.995475113122172,0.12917314454622408,0.28
D8-K2par-sep,0.3,1,D8-K2par-sep_e30_r001,NoiseMixLS,0.5116279069767442,19.26210174009891,0.15666666666666668
D8-K2par-sep,0.3,1,D8-K2par-sep_e30_r001,CNmixLS,1.0,0.12295836254561676,0.29
D8-K2par-sep,0.35,1,D8-K2par-sep_e35_r001,NoiseMixLS,0.5247524752475248,18.73057017964772,0.17
D8-K2par-sep,0.35,1,D8-K2par-sep_e35_r001,CNmixLS,1.0,0.032960704191640766,0.3433333333333333
D2-K3par,0.25,2,D2-K3par_e25_r002,NoiseMixLS,0.352112676056338,19.783600358450453,0.0
D2-K3par,0.25,2,D2-K3par_e25_r002,CNmixLS,0.352112676056338,19.783972513821286,0.0
D2-K3par,0.3,2,D2-K3par_e30_r002,NoiseMixLS,0.3568075117370892,20.213915574333967,0.0
D2-K3par,0.3,2,D2-K3par_e30_r002,CNmixLS,0.3568075117370892,20.21432246546453,0.0
D2-K3par,0.35,2,D2-K3par_e35_r002,NoiseMixLS,0.3939393939393939,20.21296583370733,0.0
D2-K3par,0.35,2,D2-K3par_e35_r002,CNmixLS,0.3939393939393939,20.2136343036179,0.0
D8-K2par-sep,0.25,2,D8-K2par-sep_e25_r002,NoiseMixLS,0.5560538116591929,18.571127562508646,0.16
D8-K2par-sep,0.25,2,D8-K2par-sep_e25_r002,CNmixLS,0.9955156950672646,0.0851418052813031,0.2733333333333333
D8-K2par-sep,0.3,2,D8-K2par-sep_e30_r002,NoiseMixLS,0.5123152709359606,19.024004758643922,0.21
D8-K2par-sep,0.3,2,D8-K2par-sep_e30_r002,CNmixLS,1.0,0.13106450803575043,0.3333333333333333
D8-K2par-sep,0.35,2,D8-K2par-sep_e35_r002,NoiseMixLS,0.5123152709359606,19.92529963432521,0.17
D8-K2par-sep,0.35,2,D8-K2par-sep_e35_r002,CNmixLS,0.9901477832512315,0.2063363246433756,0.3466666666666667
D2-K3par,0.25,3,D2-K3par_e25_r003,NoiseMixLS,0.37735849056603776,20.166431045046007,0.0
D2-K3par,0.25,3,D2-K3par_e25_r003,CNmixLS,0.37735849056603776,20.167101779722323,0.0
D2-K3par,0.3,3,D2-K3par_e30_r003,NoiseMixLS,0.38071065989847713,19.60384074196478,0.0
D2-K3par,0.3,3,D2-K3par_e30_r003,CNmixLS,0.38071065989847713,19.604124305697926,0.0
D2-K3par,0.35,3,D2-K3par_e35_r003,NoiseMixLS,0.38990825688073394,20.298978360838497,0.0
D2-K3par,0.35,3,D2-K3par_e35_r003,CNmixLS,0.38990825688073394,20.29925040718661,0.0
D8-K2par-sep,0.25,3,D8-K2par-sep_e25_r003,NoiseMixLS,0.5022421524663677,21.31837209500799,0.19333333333333333
D8-K2par-sep,0.25,3,D8-K2par-sep_e25_r003,CNmixLS,1.0,0.1362121225825903,0.26666666666666666
D8-K2par-sep,0.3,3,D8-K2par-sep_e30_r003,NoiseMixLS,0.5207373271889401,21.134800572994166,0.20333333333333334
D8-K2par-sep,0.3,3,D8-K2par-sep_e30_r003,CNmixLS,0.9953917050691244,0.08279319702088794,0.2866666666666667
D8-K2par-sep,0.35,3,D8-K2par-sep_e35_r003,NoiseMixLS,0.5051020408163265,19.312755480735785,0.22666666666666666
D8-K2par-sep,0.35,3,D8-K2par-sep_e35_r003,CNmixLS,0.5051020408163265,20.281201354900453,0.25333333333333335
D2-K3par,0.25,4,D2-K3par_e25_r004,NoiseMixLS,0.35,21.11037559382831,0.0
D2-K3par,0.25,4,D2-K3par_e25_r004,CNmixLS,0.35,21.110637370307053,0.0
D2-K3par,0.3,4,D2-K3par_e30_r004,NoiseMixLS,0.34782608695652173,19.549634464221125,0.0
D2-K3par,0.3,4,D2-K3par_e30_r004,CNmixLS,0.34782608695652173,19.549820569638026,0.0
D2-K3par,0.35,4,D2-K3par_e35_r004,NoiseMixLS,0.4090909090909091,19.96392596379821,0.0
D2-K3par,0.35,4,D2-K3par_e35_r004,CNmixLS,0.4090909090909091,19.964220656631596,0.0
D8-K2par-sep,0.25,4,D8-K2par-sep_e25_r004,NoiseMixLS,0.5043859649122807,19.006535408017932,0.17333333333333334
D8-K2par-sep,0.25,4,D8-K2par-sep_e25_r004,CNmixLS,1.0,0.07867181115494892,0.24333333333333335
D8-K2par-sep,0.3,4,D8-K2par-sep_e30_r004,NoiseMixLS,0.5324074074074074,19.146981866619537,0.13333333333333333
D8-K2par-sep,0.3,4,D8-K2par-sep_e30_r004,CNmixLS,1.0,0.1321275998603526,0.29333333333333333
D8-K2par-sep,0.35,4,D8-K2par-sep_e35_r004,NoiseMixLS,0.5052083333333334,18.912194598741902,0.2
D8-K2par-sep,0.35,4,D8-K2par-sep_e35_r004,CNmixLS,0.5052083333333334,19.85351330516969,0.18333333333333332
D2-K3par,0.25,5,D2-K3par_e25_r005,NoiseMixLS,0.3755274261603376,20.390687347685905,0.0
D2-K3par,0.25,5,D2-K3par_e25_r005,CNmixLS,0.3755274261603376,20.391204452712557,0.0
D2-K3par,0.3,5,D2-K3par_e30_r005,NoiseMixLS,0.3744292237442922,19.228979594759156,0.0
D2-K3par,0.3,5,D2-K3par_e30_r005,CNmixLS,0.3744292237442922,19.230302455562533,0.0
D2-K3par,0.35,5,D2-K3par_e35_r005,NoiseMixLS,0.3403141361256545,20.057722860158055,0.0
D2-K3par,0.35,5,D2-K3par_e35_r005,CNmixLS,0.3403141361256545,20.058100145022824,0.0
D8-K2par-sep,0.25,5,D8-K2par-sep_e25_r005,NoiseMixLS,0.5586854460093896,20.621999695709672,0.20666666666666667
D8-K2par-sep,0.25,5,D8-K2par-sep_e25_r005,CNmixLS,1.0,0.06654923766820109,0.31333333333333335
D8-K2par-sep,0.3,5,D8-K2par-sep_e30_r005,NoiseMixLS,0.539906103286385,21.24341789664886,0.22666666666666666
D8-K2par-sep,0.3,5,D8-K2par-sep_e30_r005,CNmixLS,1.0,0.0664734682608421,0.3
D8-K2par-sep,0.35,5,D8-K2par-sep_e35_r005,NoiseMixLS,0.5598086124401914,20.422170544819753,0.22333333333333333
D8-K2par-sep,0.35,5,D8-K2par-sep_e35_r005,CNmixLS,1.0,0.14592425035655276,0.31666666666666665
D2-K3par,0.25,6,D2-K3par_e25_r006,NoiseMixLS,0.3486238532110092,18.87999790575053,0.0
D2-K3par,0.25,6,D2-K3par_e25_r006,CNmixLS,0.3486238532110092,18.880013701854637,0.0
D2-K3par,0.3,6,D2-K3par_e30_r006,NoiseMixLS,0.37681159420289856,19.94334959850632,0.0
D2-K3par,0.3,6,D2-K3par_e30_r006,CNmixLS,0.37681159420289856,19.94394661075561,0.0
D2-K3par,0.35,6,D2-K3par_e35_r006,NoiseMixLS,0.3487179487179487,21.07864550399851,0.0
D2-K3par,0.35,6,D2-K3par_e35_r006,CNmixLS,0.3487179487179487,21.079084307870097,0.0
D8-K2par-sep,0.25,6,D8-K2par-sep_e25_r006,NoiseMixLS,0.5814977973568282,19.728769177358096,0.24333333333333335
D8-K2par-sep,0.25,6,D8-K2par-sep_e25_r006,CNmixLS,0.9955947136563876,0.08090856543212999,0.26
D8-K2par-sep,0.3,6,D8-K2par-sep_e30_r006,NoiseMixLS,0.5095238095238095,19.81748372975155,0.17
D8-K2par-sep,0.3,6,D8-K2par-sep_e30_r006,CNmixLS,1.0,0.10148492671834619,0.31666666666666665
D8-K2par-sep,0.35,6,D8-K2par-sep_e35_r006,NoiseMixLS,0.5198019801980198,18.69396112190083,0.21666666666666667
D8-K2par-sep,0.35,6,D8-K2par-sep_e35_r006,CNmixLS,1.0,0.058348784325392256,0.3566666666666667
D2-K3par,0.25,7,D2-K3par_e25_r007,NoiseMixLS,0.4256198347107438,20.69218886475302,0.0
D2-K3par,0.25,7,D2-K3par_e25_r007,CNmixLS,0.4256198347107438,20.693398508356008,0.0
D2-K3par,0.3,7,D2-K3par_e30_r007,NoiseMixLS,0.358974358974359,20.057034039077422,0.0
D2-K3par,0.3,7,D2-K3par_e30_r007,CNmixLS,0.358974358974359,19.80918301969019,0.03
D2-K3par,0.35,7,D2-K3par_e35_r007,NoiseMixLS,0.3469387755102041,20.365216449089925,0.0
D2-K3par,0.35,7,D2-K3par_e35_r007,CNmixLS,0.3469387755102041,20.36551821154447,0.0
D8-K2par-sep,0.25,7,D8-K2par-sep_e25_r007,NoiseMixLS,0.53125,17.458060068050617,0.16333333333333333
D8-K2par-sep,0.25,7,D8-K2par-sep_e25_r007,CNmixLS,1.0,0.17866501872280427,0.27
D8-K2par-sep,0.3,7,D8-K2par-sep_e30_r007,NoiseMixLS,0.5311004784688995,21.8758219827947,0.21666666666666667
D8-K2par-sep,0.3,7,D8-K2par-sep_e30_r007,CNmixLS,1.0,0.07679752164970344,0.32
D8-K2par-sep,0.35,7,D8-K2par-sep_e35_r007,NoiseMixLS,0.518918918918919,19.862918175732748,0.25666666666666665
D8-K2par-sep,0.35,7,D8-K2par-sep_e35_r007,CNmixLS,1.0,0.245526534632436,0.4
D2-K3par,0.25,8,D2-K3par_e25_r008,NoiseMixLS,0.3789954337899543,19.662592553739668,0.0
D2-K3par,0.25,8,D2-K3par_e25_r008,CNmixLS,0.3789954337899543,19.66328920841835,0.0
D2-K3par,0.3,8,D2-K3par_e30_r008,NoiseMixLS,0.3755868544600939,20.51739323579268,0.0
D2-K3par,0.3,8,D2-K3par_e30_r008,CNmixLS,0.3755868544600939,20.51804215392535,0.0
D2-K3par,0.35,8,D2-K3par_e35_r008,NoiseMixLS,0.35714285714285715,21.40511890718343,0.0
D2-K3par,0.35,8,D2-K3par_e35_r008,CNmixLS,0.35714285714285715,21.4061100976395,0.0
D8-K2par-sep,0.25,8,D8-K2par-sep_e25_r008,NoiseMixLS,0.5131578947368421,17.799416053872935,0.18
D8-K2par-sep,0.25,8,D8-K2par-sep_e25_r008,CNmixLS,1.0,0.12393342448842803,0.27666666666666667
D8-K2par-sep,0.3,8,D8-K2par-sep_e30_r008,NoiseMixLS,0.5153061224489796,18.688167715638144,0.23666666666666666
D8-K2par-sep,0.3,8,D8-K2par-sep_e30_r008,CNmixLS,0.5153061224489796,19.55610670570835,0.20666666666666667
D8-K2par-sep,0.35,8,D8-K2par-sep_e35_r008,NoiseMixLS,0.510752688172043,19.206558565685516,0.25
D8-K2par-sep,0.35,8,D8-K2par-sep_e35_r008,CNmixLS,0.510752688172043,20.139517164964293,0.23666666666666666
D2-K3par,0.25,9,D2-K3par_e25_r009,NoiseMixLS,0.34801762114537443,18.976976470272923,0.0
D2-K3par,0.25,9,D2-K3par_e25_r009,CNmixLS,0.34801762114537443,18.977553233101663,0.0
D2-K3par,0.3,9,D2-K3par_e30_r009,NoiseMixLS,0.35348837209302325,20.271481824980082,0.0
D2-K3par,0.3,9,D2-K3par_e30_r009,CNmixLS,0.35348837209302325,20.271848127528116,0.0
D2-K3par,0.35,9,D2-K3par_e35_r009,NoiseMixLS,0.43137254901960786,20.188021571035996,0.0
D2-K3par,0.35,9,D2-K3par_e35_r009,CNmixLS,0.43137254901960786,20.188584725691364,0.0
D8-K2par-sep,0.25,9,D8-K2par-sep_e25_r009,NoiseMixLS,0.5221238938053098,18.935232011205706,0.15666666666666668
D8-K2par-sep,0.25,9,D8-K2par-sep_e25_r009,CNmixLS,1.0,0.10902032697069508,0.27
D8-K2par-sep,0.3,9,D8-K2par-sep_e30_r009,NoiseMixLS,0.5048076923076923,19.773350459423426,0.26
D8-K2par-sep,0.3,9,D8-K2par-sep_e30_r009,CNmixLS,1.0,0.10995201149534628,0.34
D8-K2par-sep,0.35,9,D8-K2par-sep_e35_r009,NoiseMixLS,0.507537688442211,18.37988104487083,0.21666666666666667
D8-K2par-sep,0.35,9,D8-K2par-sep_e35_r009,CNmixLS,1.0,0.17516259498740272,0.36333333333333334
D2-K3par,0.25,10,D2-K3par_e25_r010,NoiseMixLS,0.36123348017621143,19.86806202785978,0.0
D2-K3par,0.25,10,D2-K3par_e25_r010,CNmixLS,0.36123348017621143,19.86842106515094,0.0
D2-K3par,0.3,10,D2-K3par_e30_r010,NoiseMixLS,0.37799043062200954,20.402257820711302,0.0
D2-K3par,0.3,10,D2-K3par_e30_r010,CNmixLS,0.37799043062200954,20.402758688706832,0.0
D2-K3par,0.35,10,D2-K3par_e35_r010,NoiseMixLS,0.34946236559139787,18.93289211894058,0.0
D2-K3par,0.35,10,D2-K3par_e35_r010,CNmixLS,0.34946236559139787,18.933352781004633,0.0
D8-K2par-sep,0.25,10,D8-K2par-sep_e25_r010,NoiseMixLS,0.5022026431718062,21.307706962861698,0.15666666666666668
D8-K2par-sep,0.25,10,D8-K2par-sep_e25_r010,CNmixLS,0.5022026431718062,22.084622091876668,0.13
D8-K2par-sep,0.3,10,D8-K2par-sep_e30_r010,NoiseMixLS,0.582089552238806,21.28659152145777,0.21666666666666667
D8-K2par-sep,0.3,10,D8-K2par-sep_e30_r010,CNmixLS,0.582089552238806,22.403462860884385,0.19
D8-K2par-sep,0.35,10,D8-K2par-sep_e35_r010,NoiseMixLS,0.5459183673469388,20.074746622587895,0.25333333333333335
D8-K2par-sep,0.35,10,D8-K2par-sep_e35_r010,CNmixLS,0.9948979591836735,0.17023875557259993,0.37333333333333335
D2-K3par,0.25,11,D2-K3par_e25_r011,NoiseMixLS,0.34649122807017546,20.626271268098783,0.0
D2-K3par,0.25,11,D2-K3par_e25_r011,CNmixLS,0.34649122807017546,20.627013844111637,0.0
D2-K3par,0.3,11,D2-K3par_e30_r011,NoiseMixLS,0.37185929648241206,19.06271859745042,0.0
D2-K3par,0.3,11,D2-K3par_e30_r011,CNmixLS,0.37185929648241206,19.063092296383818,0.0
D2-K3par,0.35,11,D2-K3par_e35_r011,NoiseMixLS,0.36548223350253806,19.08806290462906,0.0
D2-K3par,0.35,11,D2-K3par_e35_r011,CNmixLS,0.36548223350253806,19.08823025519117,0.0
D8-K2par-sep,0.25,11,D8-K2par-sep_e25_r011,NoiseMixLS,0.515695067264574,17.982530340964736,0.17333333333333334
D8-K2par-sep,0.25,11,D8-K2par-sep_e25_r011,CNmixLS,0.9955156950672646,0.10051420792637478,0.28
D8-K2par-sep,0.3,11,D8-K2par-sep_e30_r011,NoiseMixLS,0.5265700483091788,18.997310725311685,0.20666666666666667
D8-K2par-sep,0.3,11,D8-K2par-sep_e30_r011,CNmixLS,1.0,0.24130026897834478,0.34
D8-K2par-sep,0.35,11,D8-K2par-sep_e35_r011,NoiseMixLS,0.544973544973545,18.8943075318109,0.27
D8-K2par-sep,0.35,11,D8-K2par-sep_e35_r011,CNmixLS,0.544973544973545,20.576568108213458,0.23666666666666666
D2-K3par,0.25,12,D2-K3par_e25_r012,NoiseMixLS,0.4131455399061033,20.358269315328958,0.0
D2-K3par,0.25,12,D2-K3par_e25_r012,CNmixLS,0.4131455399061033,20.358472993238315,0.0
D2-K3par,0.3,12,D2-K3par_e30_r012,NoiseMixLS,0.3744292237442922,20.04605596302686,0.0
D2-K3par,0.3,12,D2-K3par_e30_r012,CNmixLS,0.3744292237442922,20.04654729980394,0.0
D2-K3par,0.35,12,D2-K3par_e35_r012,NoiseMixLS,0.4074074074074074,19.64954951663311,0.0
D2-K3par,0.35,12,D2-K3par_e35_r012,CNmixLS,0.4074074074074074,19.650131105281968,0.0
D8-K2par-sep,0.25,12,D8-K2par-sep_e25_r012,NoiseMixLS,0.5357142857142857,19.79981288119415,0.16666666666666666
D8-K2par-sep,0.25,12,D8-K2par-sep_e25_r012,CNmixLS,1.0,0.04608965871949078,0.26666666666666666
D8-K2par-sep,0.3,12,D8-K2par-sep_e30_r012,NoiseMixLS,0.5358851674641149,22.063955625886262,0.20666666666666667
D8-K2par-sep,0.3,12,D8-K2par-sep_e30_r012,CNmixLS,1.0,0.16410940797185924,0.32666666666666666
D8-K2par-sep,0.35,12,D8-K2par-sep_e35_r012,NoiseMixLS,0.5204081632653061,22.819841110603125,0.2733333333333333
D8-K2par-sep,0.35,12,D8-K2par-sep_e35_r012,CNmixLS,0.5204081632653061,22.42755209556068,0.23
D2-K3par,0.25,13,D2-K3par_e25_r013,NoiseMixLS,0.40444444444444444,19.351504412538734,0.0
D2-K3par,0.25,13,D2-K3par_e25_r013,CNmixLS,0.40444444444444444,19.35173922868534,0.0
D2-K3par,0.3,13,D2-K3par_e30_r013,NoiseMixLS,0.37037037037037035,18.870303848303426,0.0
D2-K3par,0.3,13,D2-K3par_e30_r013,CNmixLS,0.37037037037037035,18.870737339304657,0.0
D2-K3par,0.35,13,D2-K3par_e35_r013,NoiseMixLS,0.37566137566137564,19.078416949544824,0.0
D2-K3par,0.35,13,D2-K3par_e35_r013,CNmixLS,0.37566137566137564,19.078823889077636,0.0
D8-K2par-sep,0.25,13,D8-K2par-sep_e25_r013,NoiseMixLS,0.5043103448275862,17.641462189155373,0.14666666666666667
D8-K2par-sep,0.25,13,D8-K2par-sep_e25_r013,CNmixLS,0.9956896551724138,0.08989371474194074,0.23666666666666666
D8-K2par-sep,0.3,13,D8-K2par-sep_e30_r013,NoiseMixLS,0.5283018867924528,17.80971628760259,0.20333333333333334
D8-K2par-sep,0.3,13,D8-K2par-sep_e30_r013,CNmixLS,1.0,0.09509661159186411,0.32666666666666666
D8-K2par-sep,0.35,13,D8-K2par-sep_e35_r013,NoiseMixLS,0.5025380710659898,14.500626167566217,0.2833333333333333
D8-K2par-sep,0.35,13,D8-K2par-sep_e35_r013,CNmixLS,1.0,0.28531177066719104,0.37333333333333335
D2-K3par,0.25,14,D2-K3par_e25_r014,NoiseMixLS,0.3514644351464435,21.048998734875056,0.0
D2-K3par,0.25,14,D2-K3par_e25_r014,CNmixLS,0.6485355648535565,16.846800342317746,0.18333333333333332
D2-K3par,0.3,14,D2-K3par_e30_r014,NoiseMixLS,0.3490566037735849,19.760435353310804,0.0
D2-K3par,0.3,14,D2-K3par_e30_r014,CNmixLS,0.3490566037735849,19.760942214863935,0.0
D2-K3par,0.35,14,D2-K3par_e35_r014,NoiseMixLS,0.3854166666666667,19.036483597551776,0.0
D2-K3par,0.35,14,D2-K3par_e35_r014,CNmixLS,0.3854166666666667,19.036618668182538,0.0
D8-K2par-sep,0.25,14,D8-K2par-sep_e25_r014,NoiseMixLS,0.5803571428571429,20.303811423572498,0.14666666666666667
D8-K2par-sep,0.25,14,D8-K2par-sep_e25_r014,CNmixLS,0.9955357142857143,0.05475659296003332,0.2633333333333333
D8-K2par-sep,0.3,14,D8-K2par-sep_e30_r014,NoiseMixLS,0.5296803652968036,18.403368219977743,0.19
D8-K2par-sep,0.3,14,D8-K2par-sep_e30_r014,CNmixLS,1.0,0.26824197719184717,0.31333333333333335
D8-K2par-sep,0.35,14,D8-K2par-sep_e35_r014,NoiseMixLS,0.5047169811320755,21.022665756195664,0.2
D8-K2par-sep,0.35,14,D8-K2par-sep_e35_r014,CNmixLS,1.0,0.18023422975000436,0.30333333333333334
D2-K3par,0.25,15,D2-K3par_e25_r015,NoiseMixLS,0.3674418604651163,20.076117013735534,0.0
D2-K3par,0.25,15,D2-K3par_e25_r015,CNmixLS,0.3674418604651163,20.076345686632987,0.0
D2-K3par,0.3,15,D2-K3par_e30_r015,NoiseMixLS,0.3669724770642202,19.421470861391512,0.0
D2-K3par,0.3,15,D2-K3par_e30_r015,CNmixLS,0.3669724770642202,19.42200747610003,0.0
D2-K3par,0.35,15,D2-K3par_e35_r015,NoiseMixLS,0.3567567567567568,18.74655402169668,0.0
D2-K3par,0.35,15,D2-K3par_e35_r015,CNmixLS,0.3567567567567568,18.746999451241976,0.0
D8-K2par-sep,0.25,15,D8-K2par-sep_e25_r015,NoiseMixLS,0.5065502183406113,19.742557005168173,0.13
D8-K2par-sep,0.25,15,D8-K2par-sep_e25_r015,CNmixLS,1.0,0.09770260378887219,0.25
D8-K2par-sep,0.3,15,D8-K2par-sep_e30_r015,NoiseMixLS,0.6028708133971292,19.2126877216164,0.22333333333333333
D8-K2par-sep,0.3,15,D8-K2par-sep_e30_r015,CNmixLS,0.9952153110047847,0.1631969700192677,0.33
D8-K2par-sep,0.35,15,D8-K2par-sep_e35_r015,NoiseMixLS,0.5025641025641026,19.414895092774987,0.26
D8-K2par-sep,0.35,15,D8-K2par-sep_e35_r015,CNmixLS,1.0,0.09352716958372742,0.3566666666666667
D2-K3par,0.25,16,D2-K3par_e25_r016,NoiseMixLS,0.34299516908212563,19.96254333002163,0.0
D2-K3par,0.25,16,D2-K3par_e25_r016,CNmixLS,0.34299516908212563,20.02317976072962,0.0
D2-K3par,0.3,16,D2-K3par_e30_r016,NoiseMixLS,0.39805825242718446,19.45331475175058,0.0
D2-K3par,0.3,16,D2-K3par_e30_r016,CNmixLS,0.39805825242718446,19.453829706392863,0.0
D2-K3par,0.35,16,D2-K3par_e35_r016,NoiseMixLS,0.34196891191709844,20.62129410543992,0.0
D2-K3par,0.35,16,D2-K3par_e35_r016,CNmixLS,0.34196891191709844,20.621541195769243,0.0
D8-K2par-sep,0.25,16,D8-K2par-sep_e25_r016,NoiseMixLS,0.5333333333333333,20.594009323270285,0.21
D8-K2par-sep,0.25,16,D8-K2par-sep_e25_r016,CNmixLS,1.0,0.2259762906243461,0.26666666666666666
D8-K2par-sep,0.3,16,D8-K2par-sep_e30_r016,NoiseMixLS,0.5333333333333333,19.917578616115875,0.17
D8-K2par-sep,0.3,16,D8-K2par-sep_e30_r016,CNmixLS,1.0,0.10899212334691999,0.25333333333333335
D8-K2par-sep,0.35,16,D8-K2par-sep_e35_r016,NoiseMixLS,0.5240384615384616,21.335195559914155,0.24333333333333335
D8-K2par-sep,0.35,16,D8-K2par-sep_e35_r016,CNmixLS,1.0,0.0655388912009347,0.31666666666666665
D2-K3par,0.25,17,D2-K3par_e25_r017,NoiseMixLS,0.3972602739726027,19.590279564401676,0.0
D2-K3par,0.25,17,D2-K3par_e25_r017,CNmixLS,0.3972602739726027,19.5904776510693,0.0
D2-K3par,0.3,17,D2-K3par_e30_r017,NoiseMixLS,0.38388625592417064,20.769438151782442,0.0
D2-K3par,0.3,17,D2-K3par_e30_r017,CNmixLS,0.38388625592417064,20.77007102286074,0.0
D2-K3par,0.35,17,D2-K3par_e35_r017,NoiseMixLS,0.34951456310679613,20.965504972387524,0.0
D2-K3par,0.35,17,D2-K3par_e35_r017,CNmixLS,0.34951456310679613,20.96588021750633,0.0
D8-K2par-sep,0.25,17,D8-K2par-sep_e25_r017,NoiseMixLS,0.5286343612334802,16.296022616233458,0.17333333333333334
D8-K2par-sep,0.25,17,D8-K2par-sep_e25_r017,CNmixLS,1.0,0.04318048115338957,0.25666666666666665
D8-K2par-sep,0.3,17,D8-K2par-sep_e30_r017,NoiseMixLS,0.5373134328358209,17.99468366233977,0.26
D8-K2par-sep,0.3,17,D8-K2par-sep_e30_r017,CNmixLS,1.0,0.09302119044253931,0.35
D8-K2par-sep,0.35,17,D8-K2par-sep_e35_r017,NoiseMixLS,0.5099009900990099,18.819485975076336,0.24666666666666667
D8-K2par-sep,0.35,17,D8-K2par-sep_e35_r017,CNmixLS,0.5099009900990099,21.041123063780987,0.22666666666666666
D2-K3par,0.25,18,D2-K3par_e25_r018,NoiseMixLS,0.4074074074074074,18.86848132099601,0.0
D2-K3par,0.25,18,D2-K3par_e25_r018,CNmixLS,0.4074074074074074,18.868723768919452,0.0
D2-K3par,0.3,18,D2-K3par_e30_r018,NoiseMixLS,0.38,20.12428688327885,0.0
D2-K3par,0.3,18,D2-K3par_e30_r018,CNmixLS,0.38,20.124617026434674,0.0
D2-K3par,0.35,18,D2-K3par_e35_r018,NoiseMixLS,0.3768844221105528,19.56456520284191,0.0
D2-K3par,0.35,18,D2-K3par_e35_r018,CNmixLS,0.3768844221105528,19.564845539630642,0.0
D8-K2par-sep,0.25,18,D8-K2par-sep_e25_r018,NoiseMixLS,0.5330188679245284,19.783989547380045,0.21666666666666667
D8-K2par-sep,0.25,18,D8-K2par-sep_e25_r018,CNmixLS,1.0,0.09710633895256437,0.30666666666666664
D8-K2par-sep,0.3,18,D8-K2par-sep_e30_r018,NoiseMixLS,0.5283018867924528,19.233435534357383,0.21
D8-K2par-sep,0.3,18,D8-K2par-sep_e30_r018,CNmixLS,1.0,0.14503342653071816,0.3
D8-K2par-sep,0.35,18,D8-K2par-sep_e35_r018,NoiseMixLS,0.5663265306122449,18.584975974062687,0.24
D8-K2par-sep,0.35,18,D8-K2par-sep_e35_r018,CNmixLS,0.9948979591836735,0.09473627187073586,0.36333333333333334
D2-K3par,0.25,19,D2-K3par_e25_r019,NoiseMixLS,0.3722943722943723,20.73142894838042,0.0
D2-K3par,0.25,19,D2-K3par_e25_r019,CNmixLS,0.3722943722943723,20.731927228490868,0.0
D2-K3par,0.3,19,D2-K3par_e30_r019,NoiseMixLS,0.3791469194312796,20.316963803902482,0.0
D2-K3par,0.3,19,D2-K3par_e30_r019,CNmixLS,0.3791469194312796,20.317241318963138,0.0
D2-K3par,0.35,19,D2-K3par_e35_r019,NoiseMixLS,0.39378238341968913,20.153466206644456,0.0
D2-K3par,0.35,19,D2-K3par_e35_r019,CNmixLS,0.39378238341968913,20.153923655153033,0.0
D8-K2par-sep,0.25,19,D8-K2par-sep_e25_r019,NoiseMixLS,0.5315315315315315,18.506262199658877,0.20333333333333334
D8-K2par-sep,0.25,19,D8-K2par-sep_e25_r019,CNmixLS,1.0,0.08191134314744097,0.27
D8-K2par-sep,0.3,19,D8-K2par-sep_e30_r019,NoiseMixLS,0.5297029702970297,20.17533875082555,0.19333333333333333
D8-K2par-sep,0.3,19,D8-K2par-sep_e30_r019,CNmixLS,1.0,0.05456556754746256,0.3433333333333333
D8-K2par-sep,0.35,19,D8-K2par-sep_e35_r019,NoiseMixLS,0.5612244897959183,20.957934652927467,0.21666666666666667
D8-K2par-sep,0.35,19,D8-K2par-sep_e35_r019,CNmixLS,0.5612244897959183,21.42835254643556,0.19666666666666666
D2-K3par,0.25,20,D2-K3par_e25_r020,NoiseMixLS,0.36796536796536794,19.479948157758535,0.0
D2-K3par,0.25,20,D2-K3par_e25_r020,CNmixLS,0.36796536796536794,19.480995917165558,0.0
D2-K3par,0.3,20,D2-K3par_e30_r020,NoiseMixLS,0.35323383084577115,20.078405447709308,0.0
D2-K3par,0.3,20,D2-K3par_e30_r020,CNmixLS,0.35323383084577115,20.07876749482539,0.0
D2-K3par,0.35,20,D2-K3par_e35_r020,NoiseMixLS,0.36538461538461536,19.19334762388755,0.0
D2-K3par,0.35,20,D2-K3par_e35_r020,CNmixLS,0.36538461538461536,19.193495910275807,0.0
D8-K2par-sep,0.25,20,D8-K2par-sep_e25_r020,NoiseMixLS,0.5434782608695652,19.94734309497494,0.12
D8-K2par-sep,0.25,20,D8-K2par-sep_e25_r020,CNmixLS,1.0,0.2662587339337037,0.25333333333333335
D8-K2par-sep,0.3,20,D8-K2par-sep_e30_r020,NoiseMixLS,0.536697247706422,18.726385464857366,0.16333333333333333
D8-K2par-sep,0.3,20,D8-K2par-sep_e30_r020,CNmixLS,0.9954128440366973,0.2252722281914714,0.30666666666666664
D8-K2par-sep,0.35,20,D8-K2par-sep_e35_r020,NoiseMixLS,0.5252525252525253,18.80550111682922,0.24333333333333335
D8-K2par-sep,0.35,20,D8-K2par-sep_e35_r020,CNmixLS,0.5252525252525253,17.721855360944318,0.23
D2-K3par,0.25,21,D2-K3par_e25_r021,NoiseMixLS,0.36936936936936937,18.813205761538345,0.0
D2-K3par,0.25,21,D2-K3par_e25_r021,CNmixLS,0.36936936936936937,18.81334835781301,0.0
D2-K3par,0.3,21,D2-K3par_e30_r021,NoiseMixLS,0.3961352657004831,18.93703036366818,0.0
D2-K3par,0.3,21,D2-K3par_e30_r021,CNmixLS,0.3961352657004831,18.937427867733327,0.0
D2-K3par,0.35,21,D2-K3par_e35_r021,NoiseMixLS,0.4052631578947368,19.71321117192728,0.0
D2-K3par,0.35,21,D2-K3par_e35_r021,CNmixLS,0.4052631578947368,19.713461864859923,0.0
D8-K2par-sep,0.25,21,D8-K2par-sep_e25_r021,NoiseMixLS,0.5162790697674419,21.880115218433144,0.19666666666666666
D8-K2par-sep,0.25,21,D8-K2par-sep_e25_r021,CNmixLS,1.0,0.27611718305004374,0.3233333333333333
D8-K2par-sep,0.3,21,D8-K2par-sep_e30_r021,NoiseMixLS,0.5230769230769231,18.441817392401333,0.21333333333333335
D8-K2par-sep,0.3,21,D8-K2par-sep_e30_r021,CNmixLS,0.9948717948717949,0.06952605668049683,0.4066666666666667
D8-K2par-sep,0.35,21,D8-K2par-sep_e35_r021,NoiseMixLS,0.5260416666666666,18.131794470052736,0.22
D8-K2par-sep,0.35,21,D8-K2par-sep_e35_r021,CNmixLS,1.0,0.2603176321703806,0.39
D2-K3par,0.25,22,D2-K3par_e25_r022,NoiseMixLS,0.3524229074889868,19.41512330202508,0.0
D2-K3par,0.25,22,D2-K3par_e25_r022,CNmixLS,0.3524229074889868,19.41663146260864,0.04
D2-K3par,0.3,22,D2-K3par_e30_r022,NoiseMixLS,0.37383177570093457,19.95871973091321,0.0
D2-K3par,0.3,22,D2-K3par_e30_r022,CNmixLS,0.37383177570093457,19.959035055888286,0.0
D2-K3par,0.35,22,D2-K3par_e35_r022,NoiseMixLS,0.3711340206185567,19.70477683950785,0.0
D2-K3par,0.35,22,D2-K3par_e35_r022,CNmixLS,0.3711340206185567,19.70517645298891,0.0
D8-K2par-sep,0.25,22,D8-K2par-sep_e25_r022,NoiseMixLS,0.5225225225225225,19.421206763329362,0.18333333333333332
D8-K2par-sep,0.25,22,D8-K2par-sep_e25_r022,CNmixLS,1.0,0.21771220186525708,0.29333333333333333
D8-K2par-sep,0.3,22,D8-K2par-sep_e30_r022,NoiseMixLS,0.5233160621761658,18.77550359927639,0.25333333333333335
D8-K2par-sep,0.3,22,D8-K2par-sep_e30_r022,CNmixLS,1.0,0.11395175925262313,0.37666666666666665
D8-K2par-sep,0.35,22,D8-K2par-sep_e35_r022,NoiseMixLS,0.5291005291005291,19.060867285037002,0.18333333333333332
D8-K2par-sep,0.35,22,D8-K2par-sep_e35_r022,CNmixLS,1.0,0.10916400589549946,0.39
D2-K3par,0.25,23,D2-K3par_e25_r023,NoiseMixLS,0.35319148936170214,19.54482161683831,0.0
D2-K3par,0.25,23,D2-K3par_e25_r023,CNmixLS,0.6851063829787234,20.828190874661477,0.18333333333333332
D2-K3par,0.3,23,D2-K3par_e30_r023,NoiseMixLS,0.39303482587064675,20.287889460885825,0.0
D2-K3par,0.3,23,D2-K3par_e30_r023,CNmixLS,0.39303482587064675,20.28823429657604,0.0
D2-K3par,0.35,23,D2-K3par_e35_r023,NoiseMixLS,0.41919191919191917,19.81822550795268,0.0
D2-K3par,0.35,23,D2-K3par_e35_r023,CNmixLS,0.41919191919191917,19.81899462359623,0.0
D8-K2par-sep,0.25,23,D8-K2par-sep_e25_r023,NoiseMixLS,0.511520737327189,20.208276099934665,0.20333333333333334
D8-K2par-sep,0.25,23,D8-K2par-sep_e25_r023,CNmixLS,0.511520737327189,22.080851613686796,0.19333333333333333
D8-K2par-sep,0.3,23,D8-K2par-sep_e30_r023,NoiseMixLS,0.5209302325581395,22.257686157619762,0.21666666666666667
D8-K2par-sep,0.3,23,D8-K2par-sep_e30_r023,CNmixLS,1.0,0.12370253682309151,0.29
D8-K2par-sep,0.35,23,D8-K2par-sep_e35_r023,NoiseMixLS,0.5561497326203209,19.304242029833574,0.29
D8-K2par-sep,0.35,23,D8-K2par-sep_e35_r023,CNmixLS,0.5561497326203209,20.278714949498752,0.26
D2-K3par,0.25,24,D2-K3par_e25_r024,NoiseMixLS,0.3761467889908257,19.724442395173075,0.0
D2-K3par,0.25,24,D2-K3par_e25_r024,CNmixLS,0.3761467889908257,19.7250925840963,0.0
D2-K3par,0.3,24,D2-K3par_e30_r024,NoiseMixLS,0.37777777777777777,18.551620694935696,0.013333333333333334
D2-K3par,0.3,24,D2-K3par_e30_r024,CNmixLS,0.37777777777777777,18.80927769360761,0.02
D2-K3par,0.35,24,D2-K3par_e35_r024,NoiseMixLS,0.37435897435897436,20.839092276453243,0.0
D2-K3par,0.35,24,D2-K3par_e35_r024,CNmixLS,0.37435897435897436,20.83982529833864,0.0
D8-K2par-sep,0.25,24,D8-K2par-sep_e25_r024,NoiseMixLS,0.5130434782608696,18.312874745525548,0.14333333333333334
D8-K2par-sep,0.25,24,D8-K2par-sep_e25_r024,CNmixLS,1.0,0.16050824157429977,0.25666666666666665
D8-K2par-sep,0.3,24,D8-K2par-sep_e30_r024,NoiseMixLS,0.5114155251141552,19.608336683385787,0.18
D8-K2par-sep,0.3,24,D8-K2par-sep_e30_r024,CNmixLS,0.9954337899543378,0.12727526536038258,0.29333333333333333
D8-K2par-sep,0.35,24,D8-K2par-sep_e35_r024,NoiseMixLS,0.5125628140703518,19.9913950524343,0.23666666666666666
D8-K2par-sep,0.35,24,D8-K2par-sep_e35_r024,CNmixLS,1.0,0.05464228396108051,0.36333333333333334
D2-K3par,0.25,25,D2-K3par_e25_r025,NoiseMixLS,0.3424657534246575,20.451837070363904,0.0
D2-K3par,0.25,25,D2-K3par_e25_r025,CNmixLS,0.3424657534246575,20.45221862835551,0.0
D2-K3par,0.3,25,D2-K3par_e30_r025,NoiseMixLS,0.42081447963800905,20.3432210693716,0.0
D2-K3par,0.3,25,D2-K3par_e30_r025,CNmixLS,0.42081447963800905,20.343880858522077,0.0
D2-K3par,0.35,25,D2-K3par_e35_r025,NoiseMixLS,0.37823834196891193,19.4187796009494,0.0
D2-K3par,0.35,25,D2-K3par_e35_r025,CNmixLS,0.37823834196891193,19.418816897998795,0.0
D8-K2par-sep,0.25,25,D8-K2par-sep_e25_r025,NoiseMixLS,0.5118483412322274,19.076096208676013,0.17333333333333334
D8-K2par-sep,0.25,25,D8-K2par-sep_e25_r025,CNmixLS,1.0,0.1441969278440558,0.30333333333333334
D8-K2par-sep,0.3,25,D8-K2par-sep_e30_r025,NoiseMixLS,0.5211267605633803,17.67517595810106,0.15666666666666668
D8-K2par-sep,0.3,25,D8-K2par-sep_e30_r025,CNmixLS,0.9953051643192489,0.15869523844344435,0.3
D8-K2par-sep,0.35,25,D8-K2par-sep_e35_r025,NoiseMixLS,0.5126903553299492,19.872889696861765,0.21333333333333335
D8-K2par-sep,0.35,25,D8-K2par-sep_e35_r025,CNmixLS,1.0,0.06361464363658387,0.3566666666666667
D2-K3par,0.25,26,D2-K3par_e25_r026,NoiseMixLS,0.35294117647058826,19.38449287827483,0.0
D2-K3par,0.25,26,D2-K3par_e25_r026,CNmixLS,0.35294117647058826,19.385400997372358,0.0
D2-K3par,0.3,26,D2-K3par_e30_r026,NoiseMixLS,0.3904761904761905,21.068507043607376,0.0
D2-K3par,0.3,26,D2-K3par_e30_r026,CNmixLS,0.3904761904761905,21.06905085770845,0.0
D2-K3par,0.35,26,D2-K3par_e35_r026,NoiseMixLS,0.3712871287128713,20.3458258075932,0.0
D2-K3par,0.35,26,D2-K3par_e35_r026,CNmixLS,0.3712871287128713,20.346039445957018,0.0
D8-K2par-sep,0.25,26,D8-K2par-sep_e25_r026,NoiseMixLS,0.5304347826086957,19.760134168201677,0.16666666666666666
D8-K2par-sep,0.25,26,D8-K2par-sep_e25_r026,CNmixLS,1.0,0.12900429667283264,0.24
D8-K2par-sep,0.3,26,D8-K2par-sep_e30_r026,NoiseMixLS,0.5070422535211268,20.75295429519488,0.25333333333333335
D8-K2par-sep,0.3,26,D8-K2par-sep_e30_r026,CNmixLS,0.9953051643192489,0.101620614418783,0.3
D8-K2par-sep,0.35,26,D8-K2par-sep_e35_r026,NoiseMixLS,0.5051020408163265,20.589789009707534,0.2833333333333333
D8-K2par-sep,0.35,26,D8-K2par-sep_e35_r026,CNmixLS,1.0,0.15268576823644242,0.37
D2-K3par,0.25,27,D2-K3par_e25_r027,NoiseMixLS,0.3744292237442922,18.792180918710883,0.0
D2-K3par,0.25,27,D2-K3par_e25_r027,CNmixLS,0.3744292237442922,18.79252295802087,0.0
D2-K3par,0.3,27,D2-K3par_e30_r027,NoiseMixLS,0.3384615384615385,20.20213070119456,0.0
D2-K3par,0.3,27,D2-K3par_e30_r027,CNmixLS,0.3384615384615385,20.20262930332981,0.0
D2-K3par,0.35,27,D2-K3par_e35_r027,NoiseMixLS,0.3697916666666667,19.393622670137656,0.0
D2-K3par,0.35,27,D2-K3par_e35_r027,CNmixLS,0.3697916666666667,19.393962750225587,0.0
D8-K2par-sep,0.25,27,D8-K2par-sep_e25_r027,NoiseMixLS,0.5475113122171946,19.539707536694443,0.15
D8-K2par-sep,0.25,27,D8-K2par-sep_e25_r027,CNmixLS,0.995475113122172,0.05396157581572414,0.28
D8-K2par-sep,0.3,27,D8-K2par-sep_e30_r027,NoiseMixLS,0.5213270142180095,19.020520940840505,0.16
D8-K2par-sep,0.3,27,D8-K2par-sep_e30_r027,CNmixLS,1.0,0.12273239170509709,0.32
D8-K2par-sep,0.35,27,D8-K2par-sep_e35_r027,NoiseMixLS,0.5376884422110553,18.547355919196345,0.22
D8-K2par-sep,0.35,27,D8-K2par-sep_e35_r027,CNmixLS,0.9949748743718593,0.1399978362086438,0.36
D2-K3par,0.25,28,D2-K3par_e25_r028,NoiseMixLS,0.37117903930131,20.743980315723558,0.0
D2-K3par,0.25,28,D2-K3par_e25_r028,CNmixLS,0.37117903930131,20.74568505699907,0.0
D2-K3par,0.3,28,D2-K3par_e30_r028,NoiseMixLS,0.3869346733668342,18.87706491211248,0.0
D2-K3par,0.3,28,D2-K3par_e30_r028,CNmixLS,0.3869346733668342,18.877331242839702,0.0
D2-K3par,0.35,28,D2-K3par_e35_r028,NoiseMixLS,0.413265306122449,19.376357041920237,0.0
D2-K3par,0.35,28,D2-K3par_e35_r028,CNmixLS,0.413265306122449,19.37676738353304,0.0
D8-K2par-sep,0.25,28,D8-K2par-sep_e25_r028,NoiseMixLS,0.5275229357798165,19.54444114652931,0.19666666666666666
D8-K2par-sep,0.25,28,D8-K2par-sep_e25_r028,CNmixLS,1.0,0.12830787630463858,0.3
D8-K2par-sep,0.3,28,D8-K2par-sep_e30_r028,NoiseMixLS,0.5098039215686274,20.49033148551932,0.17666666666666667
D8-K2par-sep,0.3,28,D8-K2par-sep_e30_r028,CNmixLS,1.0,0.09437868022838014,0.34
D8-K2par-sep,0.35,28,D8-K2par-sep_e35_r028,NoiseMixLS,0.5025380710659898,19.78373042944552,0.23333333333333334
D8-K2par-sep,0.35,28,D8-K2par-sep_e35_r028,CNmixLS,0.9949238578680203,0.11324405841085516,0.37333333333333335
D2-K3par,0.25,29,D2-K3par_e25_r029,NoiseMixLS,0.3463203463203463,20.846017052708277,0.02666666666666667
D2-K3par,0.25,29,D2-K3par_e25_r029,CNmixLS,0.3463203463203463,20.76577676751788,0.02666666666666667
D2-K3par,0.3,29,D2-K3par_e30_r029,NoiseMixLS,0.365296803652968,21.340790652759807,0.0
D2-K3par,0.3,29,D2-K3par_e30_r029,CNmixLS,0.365296803652968,21.475189152667163,0.05333333333333334
D2-K3par,0.35,29,D2-K3par_e35_r029,NoiseMixLS,0.3709677419354839,18.678317682426403,0.0
D2-K3par,0.35,29,D2-K3par_e35_r029,CNmixLS,0.3709677419354839,18.678584502241605,0.0
D8-K2par-sep,0.25,29,D8-K2par-sep_e25_r029,NoiseMixLS,0.5474137931034483,22.58314381244457,0.19
D8-K2par-sep,0.25,29,D8-K2par-sep_e25_r029,CNmixLS,1.0,0.17843698176011502,0.24
D8-K2par-sep,0.3,29,D8-K2par-sep_e30_r029,NoiseMixLS,0.5047619047619047,20.08563795892704,0.19333333333333333
D8-K2par-sep,0.3,29,D8-K2par-sep_e30_r029,CNmixLS,1.0,0.1353388291555504,0.3233333333333333
D8-K2par-sep,0.35,29,D8-K2par-sep_e35_r029,NoiseMixLS,0.5154639175257731,17.968126130810948,0.22
D8-K2par-sep,0.35,29,D8-K2par-sep_e35_r029,CNmixLS,1.0,0.09547202682620348,0.3933333333333333
D2-K3par,0.25,30,D2-K3par_e25_r030,NoiseMixLS,0.4017857142857143,19.280679137698385,0.0
D2-K3par,0.25,30,D2-K3par_e25_r030,CNmixLS,0.4017857142857143,19.280946632243104,0.0
D2-K3par,0.3,30,D2-K3par_e30_r030,NoiseMixLS,0.3804878048780488,20.782086703363518,0.0
D2-K3par,0.3,30,D2-K3par_e30_r030,CNmixLS,0.3804878048780488,20.783295786774207,0.0
D2-K3par,0.35,30,D2-K3par_e35_r030,NoiseMixLS,0.3651685393258427,19.853022225742397,0.0
D2-K3par,0.35,30,D2-K3par_e35_r030,CNmixLS,0.3651685393258427,19.853536739810867,0.0
D8-K2par-sep,0.25,30,D8-K2par-sep_e25_r030,NoiseMixLS,0.5374449339207048,21.734280345738206,0.17
D8-K2par-sep,0.25,30,D8-K2par-sep_e25_r030,CNmixLS,0.9955947136563876,0.16494310887836083,0.24333333333333335
D8-K2par-sep,0.3,30,D8-K2par-sep_e30_r030,NoiseMixLS,0.5477386934673367,20.50923887072082,0.20666666666666667
D8-K2par-sep,0.3,30,D8-K2par-sep_e30_r030,CNmixLS,0.5477386934673367,21.364902098596204,0.18
D8-K2par-sep,0.35,30,D8-K2par-sep_e35_r030,NoiseMixLS,0.55,19.811509637988546,0.21333333333333335
D8-K2par-sep,0.35,30,D8-K2par-sep_e35_r030,CNmixLS,1.0,0.14547504093857788,0.37
D2-K3par,0.25,31,D2-K3par_e25_r031,NoiseMixLS,0.35348837209302325,20.655544668936315,0.0
D2-K3par,0.25,31,D2-K3par_e25_r031,CNmixLS,0.35348837209302325,20.655838022820355,0.0
D2-K3par,0.3,31,D2-K3par_e30_r031,NoiseMixLS,0.35944700460829493,19.188148308891428,0.0
D2-K3par,0.3,31,D2-K3par_e30_r031,CNmixLS,0.35944700460829493,19.188638764716778,0.0
D2-K3par,0.35,31,D2-K3par_e35_r031,NoiseMixLS,0.3645833333333333,19.231663722856755,0.0
D2-K3par,0.35,31,D2-K3par_e35_r031,CNmixLS,0.3645833333333333,19.232241966050786,0.0
D8-K2par-sep,0.25,31,D8-K2par-sep_e25_r031,NoiseMixLS,0.5333333333333333,20.059503439838917,0.14666666666666667
D8-K2par-sep,0.25,31,D8-K2par-sep_e25_r031,CNmixLS,1.0,0.06058956531168991,0.26
D8-K2par-sep,0.3,31,D8-K2par-sep_e30_r031,NoiseMixLS,0.5240384615384616,21.107984683648628,0.17
D8-K2par-sep,0.3,31,D8-K2par-sep_e30_r031,CNmixLS,1.0,0.0848695240407108,0.32666666666666666
D8-K2par-sep,0.35,31,D8-K2par-sep_e35_r031,NoiseMixLS,0.507177033492823,20.48725493273878,0.2
D8-K2par-sep,0.35,31,D8-K2par-sep_e35_r031,CNmixLS,0.9952153110047847,0.13447028291418706,0.3333333333333333
D2-K3par,0.25,32,D2-K3par_e25_r032,NoiseMixLS,0.35714285714285715,21.102055763465728,0.0
D2-K3par,0.25,32,D2-K3par_e25_r032,CNmixLS,0.35714285714285715,21.10363027327718,0.0
D2-K3par,0.3,32,D2-K3par_e30_r032,NoiseMixLS,0.3548387096774194,20.49077096366477,0.0
D2-K3par,0.3,32,D2-K3par_e30_r032,CNmixLS,0.3548387096774194,20.491192508260603,0.0
D2-K3par,0.35,32,D2-K3par_e35_r032,NoiseMixLS,0.4,21.05740215501661,0.0
D2-K3par,0.35,32,D2-K3par_e35_r032,CNmixLS,0.4,21.057993355959372,0.0
D8-K2par-sep,0.25,32,D8-K2par-sep_e25_r032,NoiseMixLS,0.5175438596491229,19.9814562715123,0.14666666666666667
D8-K2par-sep,0.25,32,D8-K2par-sep_e25_r032,CNmixLS,1.0,0.053992484577318756,0.26666666666666666
D8-K2par-sep,0.3,32,D8-K2par-sep_e30_r032,NoiseMixLS,0.5188679245283019,24.090639332599,0.22666666666666666
D8-K2par-sep,0.3,32,D8-K2par-sep_e30_r032,CNmixLS,1.0,0.1636739773981648,0.2966666666666667
D8-K2par-sep,0.35,32,D8-K2par-sep_e35_r032,NoiseMixLS,0.5947368421052631,20.4449106161045,0.26
D8-K2par-sep,0.35,32,D8-K2par-sep_e35_r032,CNmixLS,0.9947368421052631,0.1584652709627794,0.39666666666666667
D2-K3par,0.25,33,D2-K3par_e25_r033,NoiseMixLS,0.37962962962962965,19.249575288989966,0.0
D2-K3par,0.25,33,D2-K3par_e25_r033,CNmixLS,0.37962962962962965,19.249931920487594,0.0
D2-K3par,0.3,33,D2-K3par_e30_r033,NoiseMixLS,0.3574660633484163,19.661207985739562,0.0
D2-K3par,0.3,33,D2-K3par_e30_r033,CNmixLS,0.3574660633484163,19.66163943526522,0.0
D2-K3par,0.35,33,D2-K3par_e35_r033,NoiseMixLS,0.3604060913705584,19.432012331459678,0.0
D2-K3par,0.35,33,D2-K3par_e35_r033,CNmixLS,0.3604060913705584,19.432694385327544,0.0
D8-K2par-sep,0.25,33,D8-K2par-sep_e25_r033,NoiseMixLS,0.5176991150442478,20.35276627635519,0.2
D8-K2par-sep,0.25,33,D8-K2par-sep_e25_r033,CNmixLS,0.995575221238938,0.04039203662303681,0.26
D8-K2par-sep,0.3,33,D8-K2par-sep_e30_r033,NoiseMixLS,0.5613207547169812,20.95969624945334,0.20333333333333334
D8-K2par-sep,0.3,33,D8-K2par-sep_e30_r033,CNmixLS,1.0,0.07164059306447035,0.30666666666666664
D8-K2par-sep,0.35,33,D8-K2par-sep_e35_r033,NoiseMixLS,0.5124378109452736,17.5230240184271,0.26
D8-K2par-sep,0.35,33,D8-K2par-sep_e35_r033,CNmixLS,1.0,0.0866277471682193,0.35
D2-K3par,0.25,34,D2-K3par_e25_r034,NoiseMixLS,0.35348837209302325,19.280628377338505,0.0
D2-K3par,0.25,34,D2-K3par_e25_r034,CNmixLS,0.35348837209302325,19.28083353693609,0.0
D2-K3par,0.3,34,D2-K3par_e30_r034,NoiseMixLS,0.38578680203045684,19.043460609266706,0.0
D2-K3par,0.3,34,D2-K3par_e30_r034,CNmixLS,0.38578680203045684,19.0436753284683,0.0
D2-K3par,0.35,34,D2-K3par_e35_r034,NoiseMixLS,0.3882978723404255,19.585691344620173,0.0
D2-K3par,0.35,34,D2-K3par_e35_r034,CNmixLS,0.3882978723404255,19.586051737857193,0.0
D8-K2par-sep,0.25,34,D8-K2par-sep_e25_r034,NoiseMixLS,0.5521739130434783,17.646255281304917,0.13
D8-K2par-sep,0.25,34,D8-K2par-sep_e25_r034,CNmixLS,0.9956521739130435,0.0924385808080842,0.23666666666666666
D8-K2par-sep,0.3,34,D8-K2par-sep_e30_r034,NoiseMixLS,0.5391705069124424,17.448828815194158,0.21333333333333335
D8-K2par-sep,0.3,34,D8-K2par-sep_e30_r034,CNmixLS,1.0,0.0638863460819783,0.31
D8-K2par-sep,0.35,34,D8-K2par-sep_e35_r034,NoiseMixLS,0.572139303482587,19.672833349892286,0.19
D8-K2par-sep,0.35,34,D8-K2par-sep_e35_r034,CNmixLS,1.0,0.19449072425152547,0.3433333333333333
D2-K3par,0.25,35,D2-K3par_e25_r035,NoiseMixLS,0.3793103448275862,19.68697006642423,0.0
D2-K3par,0.25,35,D2-K3par_e25_r035,CNmixLS,0.3793103448275862,19.687368317815654,0.0
D2-K3par,0.3,35,D2-K3par_e30_r035,NoiseMixLS,0.35514018691588783,20.851487392764746,0.0
D2-K3par,0.3,35,D2-K3par_e30_r035,CNmixLS,0.35514018691588783,20.949476346123156,0.0
D2-K3par,0.35,35,D2-K3par_e35_r035,NoiseMixLS,0.352112676056338,19.900960447058484,0.0
D2-K3par,0.35,35,D2-K3par_e35_r035,CNmixLS,0.352112676056338,19.90142555875401,0.0
D8-K2par-sep,0.25,35,D8-K2par-sep_e25_r035,NoiseMixLS,0.5021834061135371,19.89522314806628,0.18333333333333332
D8-K2par-sep,0.25,35,D8-K2par-sep_e25_r035,CNmixLS,1.0,0.077200593853469,0.25666666666666665
D8-K2par-sep,0.3,35,D8-K2par-sep_e30_r035,NoiseMixLS,0.5045454545454545,20.090378452820218,0.18666666666666668
D8-K2par-sep,0.3,35,D8-K2par-sep_e30_r035,CNmixLS,1.0,0.07257399501820494,0.2866666666666667
D8-K2par-sep,0.35,35,D8-K2par-sep_e35_r035,NoiseMixLS,0.5120772946859904,20.157663504261926,0.21
D8-K2par-sep,0.35,35,D8-K2par-sep_e35_r035,CNmixLS,1.0,0.08402383071901642,0.33
D2-K3par,0.25,36,D2-K3par_e25_r036,NoiseMixLS,0.36283185840707965,20.200527939330097,0.0
D2-K3par,0.25,36,D2-K3par_e25_r036,CNmixLS,0.36283185840707965,20.200893593820016,0.0
D2-K3par,0.3,36,D2-K3par_e30_r036,NoiseMixLS,0.3492822966507177,20.265764254776403,0.0
D2-K3par,0.3,36,D2-K3par_e30_r036,CNmixLS,0.3492822966507177,20.265797495527785,0.0
D2-K3par,0.35,36,D2-K3par_e35_r036,NoiseMixLS,0.37438423645320196,19.453252115147066,0.0
D2-K3par,0.35,36,D2-K3par_e35_r036,CNmixLS,0.37438423645320196,19.453471233452042,0.0
D8-K2par-sep,0.25,36,D8-K2par-sep_e25_r036,NoiseMixLS,0.5067264573991032,22.164847175868857,0.22
D8-K2par-sep,0.25,36,D8-K2par-sep_e25_r036,CNmixLS,0.5067264573991032,19.457175441097924,0.13666666666666666
D8-K2par-sep,0.3,36,D8-K2par-sep_e30_r036,NoiseMixLS,0.529126213592233,20.930213114566293,0.25333333333333335
D8-K2par-sep,0.3,36,D8-K2par-sep_e30_r036,CNmixLS,0.529126213592233,21.685142918347623,0.21666666666666667
D8-K2par-sep,0.35,36,D8-K2par-sep_e35_r036,NoiseMixLS,0.546875,19.745770643528722,0.27
D8-K2par-sep,0.35,36,D8-K2par-sep_e35_r036,CNmixLS,0.546875,20.000244351413777,0.23333333333333334
D2-K3par,0.25,37,D2-K3par_e25_r037,NoiseMixLS,0.3739130434782609,20.24376716997417,0.0
D2-K3par,0.25,37,D2-K3par_e25_r037,CNmixLS,0.3739130434782609,20.24413059043529,0.0
D2-K3par,0.3,37,D2-K3par_e30_r037,NoiseMixLS,0.35585585585585583,20.34115979130299,0.0
D2-K3par,0.3,37,D2-K3par_e30_r037,CNmixLS,0.35585585585585583,20.34189005201803,0.0
D2-K3par,0.35,37,D2-K3par_e35_r037,NoiseMixLS,0.37967914438502676,20.136815203834633,0.0
D2-K3par,0.35,37,D2-K3par_e35_r037,CNmixLS,0.37967914438502676,20.13753335279552,0.0
D8-K2par-sep,0.25,37,D8-K2par-sep_e25_r037,NoiseMixLS,0.5454545454545454,20.662153826823847,0.2
D8-K2par-sep,0.25,37,D8-K2par-sep_e25_r037,CNmixLS,0.9954545454545455,0.17188614019440962,0.29333333333333333
D8-K2par-sep,0.3,37,D8-K2par-sep_e30_r037,NoiseMixLS,0.5240384615384616,20.08929857414489,0.18333333333333332
D8-K2par-sep,0.3,37,D8-K2par-sep_e30_r037,CNmixLS,1.0,0.09788279687212187,0.3233333333333333
D8-K2par-sep,0.35,37,D8-K2par-sep_e35_r037,NoiseMixLS,0.53,20.401194721925272,0.25333333333333335
D8-K2par-sep,0.35,37,D8-K2par-sep_e35_r037,CNmixLS,0.53,22.33369206643376,0.21333333333333335
D2-K3par,0.25,38,D2-K3par_e25_r038,NoiseMixLS,0.34210526315789475,21.210656542160983,0.0
D2-K3par,0.25,38,D2-K3par_e25_r038,CNmixLS,0.34210526315789475,21.211572806516937,0.0
D2-K3par,0.3,38,D2-K3par_e30_r038,NoiseMixLS,0.3768844221105528,19.509216750682988,0.0
D2-K3par,0.3,38,D2-K3par_e30_r038,CNmixLS,0.3768844221105528,19.509619307445003,0.0
D2-K3par,0.35,38,D2-K3par_e35_r038,NoiseMixLS,0.3425414364640884,19.74207849420856,0.0
D2-K3par,0.35,38,D2-K3par_e35_r038,CNmixLS,0.3425414364640884,19.742335467198103,0.0
D8-K2par-sep,0.25,38,D8-K2par-sep_e25_r038,NoiseMixLS,0.5135135135135135,16.911939878261688,0.20333333333333334
D8-K2par-sep,0.25,38,D8-K2par-sep_e25_r038,CNmixLS,1.0,0.24687274282004656,0.29
D8-K2par-sep,0.3,38,D8-K2par-sep_e30_r038,NoiseMixLS,0.5756097560975609,20.561669238762228,0.31666666666666665
D8-K2par-sep,0.3,38,D8-K2par-sep_e30_r038,CNmixLS,0.5756097560975609,23.385283975496304,0.22666666666666666
D8-K2par-sep,0.35,38,D8-K2par-sep_e35_r038,NoiseMixLS,0.5320197044334976,16.09548723536446,0.24666666666666667
D8-K2par-sep,0.35,38,D8-K2par-sep_e35_r038,CNmixLS,1.0,0.07496485729021429,0.36666666666666664
D2-K3par,0.25,39,D2-K3par_e25_r039,NoiseMixLS,0.3524229074889868,20.181633231030894,0.0
D2-K3par,0.25,39,D2-K3par_e25_r039,CNmixLS,0.3524229074889868,20.182674086470527,0.0
D2-K3par,0.3,39,D2-K3par_e30_r039,NoiseMixLS,0.35678391959798994,19.33111945439657,0.0
D2-K3par,0.3,39,D2-K3par_e30_r039,CNmixLS,0.35678391959798994,19.33124371779037,0.0
D2-K3par,0.35,39,D2-K3par_e35_r039,NoiseMixLS,0.40404040404040403,19.689161923552593,0.0
D2-K3par,0.35,39,D2-K3par_e35_r039,CNmixLS,0.40404040404040403,19.689583123801665,0.0
D8-K2par-sep,0.25,39,D8-K2par-sep_e25_r039,NoiseMixLS,0.5116279069767442,20.480176758956727,0.15333333333333332
D8-K2par-sep,0.25,39,D8-K2par-sep_e25_r039,CNmixLS,1.0,0.1381571683241094,0.29333333333333333
D8-K2par-sep,0.3,39,D8-K2par-sep_e30_r039,NoiseMixLS,0.5121951219512195,18.442660512194188,0.25666666666666665
D8-K2par-sep,0.3,39,D8-K2par-sep_e30_r039,CNmixLS,0.9951219512195122,0.11529906704219428,0.34
D8-K2par-sep,0.35,39,D8-K2par-sep_e35_r039,NoiseMixLS,0.515625,20.93015155276846,0.28
D8-K2par-sep,0.35,39,D8-K2par-sep_e35_r039,CNmixLS,1.0,0.10843428735201144,0.38
D2-K3par,0.25,40,D2-K3par_e25_r040,NoiseMixLS,0.37719298245614036,20.870920687794342,0.0
D2-K3par,0.25,40,D2-K3par_e25_r040,CNmixLS,0.37719298245614036,20.871684138906478,0.0
D2-K3par,0.3,40,D2-K3par_e30_r040,NoiseMixLS,0.3632075471698113,19.62268411970011,0.0
D2-K3par,0.3,40,D2-K3par_e30_r040,CNmixLS,0.3632075471698113,19.623364696588485,0.0
D2-K3par,0.35,40,D2-K3par_e35_r040,NoiseMixLS,0.3802083333333333,20.21359997103742,0.0
D2-K3par,0.35,40,D2-K3par_e35_r040,CNmixLS,0.3802083333333333,20.214146760615808,0.0
D8-K2par-sep,0.25,40,D8-K2par-sep_e25_r040,NoiseMixLS,0.502283105022831,21.014933858201676,0.19
D8-K2par-sep,0.25,40,D8-K2par-sep_e25_r040,CNmixLS,1.0,0.1919193322597903,0.2733333333333333
D8-K2par-sep,0.3,40,D8-K2par-sep_e30_r040,NoiseMixLS,0.5207373271889401,18.84842320504444,0.21
D8-K2par-sep,0.3,40,D8-K2par-sep_e30_r040,CNmixLS,1.0,0.06167723307992845,0.29
D8-K2par-sep,0.35,40,D8-K2par-sep_e35_r040,NoiseMixLS,0.5124378109452736,18.566166463207885,0.18
D8-K2par-sep,0.35,40,D8-K2par-sep_e35_r040,CNmixLS,1.0,0.07202457940351037,0.35333333333333333
D2-K3par,0.25,41,D2-K3par_e25_r041,NoiseMixLS,0.35454545454545455,20.846276136597343,0.0
D2-K3par,0.25,41,D2-K3par_e25_r041,CNmixLS,0.35454545454545455,20.8466117094267,0.0
D2-K3par,0.3,41,D2-K3par_e30_r041,NoiseMixLS,0.34545454545454546,19.88812260034274,0.0
D2-K3par,0.3,41,D2-K3par_e30_r041,CNmixLS,0.34545454545454546,19.88957096368834,0.0
D2-K3par,0.35,41,D2-K3par_e35_r041,NoiseMixLS,0.34574468085106386,19.942531693706595,0.0
D2-K3par,0.35,41,D2-K3par_e35_r041,CNmixLS,0.34574468085106386,19.942764488811214,0.0
D8-K2par-sep,0.25,41,D8-K2par-sep_e25_r041,NoiseMixLS,0.5527426160337553,19.632797002705384,0.10666666666666667
D8-K2par-sep,0.25,41,D8-K2par-sep_e25_r041,CNmixLS,1.0,0.1170118945070544,0.22666666666666666
D8-K2par-sep,0.3,41,D8-K2par-sep_e30_r041,NoiseMixLS,0.5660377358490566,19.55194944638642,0.2
D8-K2par-sep,0.3,41,D8-K2par-sep_e30_r041,CNmixLS,1.0,0.1597974571712224,0.31666666666666665
D8-K2par-sep,0.35,41,D8-K2par-sep_e35_r041,NoiseMixLS,0.5105263157894737,20.97408637293743,0.27
D8-K2par-sep,0.35,41,D8-K2par-sep_e35_r041,CNmixLS,0.9894736842105263,0.14942336769720788,0.39
D2-K3par,0.25,42,D2-K3par_e25_r042,NoiseMixLS,0.34649122807017546,21.794022158855437,0.0
D2-K3par,0.25,42,D2-K3par_e25_r042,CNmixLS,0.34649122807017546,21.795450251193063,0.0
D2-K3par,0.3,42,D2-K3par_e30_r042,NoiseMixLS,0.3472222222222222,19.035433976603265,0.0
D2-K3par,0.3,42,D2-K3par_e30_r042,CNmixLS,0.3472222222222222,19.035763526577433,0.04
D2-K3par,0.35,42,D2-K3par_e35_r042,NoiseMixLS,0.3473684210526316,19.671039563252666,0.0
D2-K3par,0.35,42,D2-K3par_e35_r042,CNmixLS,0.3473684210526316,19.671155471740615,0.0
D8-K2par-sep,0.25,42,D8-K2par-sep_e25_r042,NoiseMixLS,0.5248868778280543,19.965959054959615,0.16333333333333333
D8-K2par-sep,0.25,42,D8-K2par-sep_e25_r042,CNmixLS,1.0,0.14013898288090632,0.28
D8-K2par-sep,0.3,42,D8-K2par-sep_e30_r042,NoiseMixLS,0.5942028985507246,21.783275818806157,0.23666666666666666
D8-K2par-sep,0.3,42,D8-K2par-sep_e30_r042,CNmixLS,1.0,0.09777026555528101,0.31666666666666665
D8-K2par-sep,0.35,42,D8-K2par-sep_e35_r042,NoiseMixLS,0.5210526315789473,19.69776820640337,0.26
D8-K2par-sep,0.35,42,D8-K2par-sep_e35_r042,CNmixLS,0.5210526315789473,20.828953769451715,0.24333333333333335
D2-K3par,0.25,43,D2-K3par_e25_r043,NoiseMixLS,0.365296803652968,21.194013371280843,0.0
D2-K3par,0.25,43,D2-K3par_e25_r043,CNmixLS,0.365296803652968,21.194094211577188,0.0
D2-K3par,0.3,43,D2-K3par_e30_r043,NoiseMixLS,0.38073394495412843,18.75381453374775,0.0
D2-K3par,0.3,43,D2-K3par_e30_r043,CNmixLS,0.38073394495412843,18.755688916420205,0.0
D2-K3par,0.35,43,D2-K3par_e35_r043,NoiseMixLS,0.36,20.201276383736886,0.0
D2-K3par,0.35,43,D2-K3par_e35_r043,CNmixLS,0.36,20.20143692631911,0.0
D8-K2par-sep,0.25,43,D8-K2par-sep_e25_r043,NoiseMixLS,0.525,19.89600145890214,0.10333333333333333
D8-K2par-sep,0.25,43,D8-K2par-sep_e25_r043,CNmixLS,1.0,0.06589152850257984,0.21666666666666667
D8-K2par-sep,0.3,43,D8-K2par-sep_e30_r043,NoiseMixLS,0.5141509433962265,21.011037706303114,0.20333333333333334
D8-K2par-sep,0.3,43,D8-K2par-sep_e30_r043,CNmixLS,1.0,0.13936678983466422,0.30333333333333334
D8-K2par-sep,0.35,43,D8-K2par-sep_e35_r043,NoiseMixLS,0.575,21.58364798917158,0.23
D8-K2par-sep,0.35,43,D8-K2par-sep_e35_r043,CNmixLS,1.0,0.15543076293991476,0.3466666666666667
D2-K3par,0.25,44,D2-K3par_e25_r044,NoiseMixLS,0.36,20.236624552581194,0.0
D2-K3par,0.25,44,D2-K3par_e25_r044,CNmixLS,0.36,20.237615317917278,0.0
D2-K3par,0.3,44,D2-K3par_e30_r044,NoiseMixLS,0.3686635944700461,20.322339840337758,0.0
D2-K3par,0.3,44,D2-K3par_e30_r044,CNmixLS,0.3686635944700461,20.32287421222721,0.0
D2-K3par,0.35,44,D2-K3par_e35_r044,NoiseMixLS,0.3497536945812808,20.07745707382148,0.0
D2-K3par,0.35,44,D2-K3par_e35_r044,CNmixLS,0.3497536945812808,20.07775095306569,0.0
D8-K2par-sep,0.25,44,D8-K2par-sep_e25_r044,NoiseMixLS,0.5405405405405406,19.861571196320924,0.15666666666666668
D8-K2par-sep,0.25,44,D8-K2par-sep_e25_r044,CNmixLS,1.0,0.09647566302873845,0.27666666666666667
D8-K2par-sep,0.3,44,D8-K2par-sep_e30_r044,NoiseMixLS,0.5148514851485149,21.69697185874624,0.25
D8-K2par-sep,0.3,44,D8-K2par-sep_e30_r044,CNmixLS,1.0,0.02012429757206169,0.35333333333333333
D8-K2par-sep,0.35,44,D8-K2par-sep_e35_r044,NoiseMixLS,0.5175879396984925,20.364319038512868,0.24
D8-K2par-sep,0.35,44,D8-K2par-sep_e35_r044,CNmixLS,1.0,0.1926934528198352,0.3566666666666667
D2-K3par,0.25,45,D2-K3par_e25_r045,NoiseMixLS,0.37339055793991416,20.453554185781996,0.0
D2-K3par,0.25,45,D2-K3par_e25_r045,CNmixLS,0.37339055793991416,20.454128712981515,0.0
D2-K3par,0.3,45,D2-K3par_e30_r045,NoiseMixLS,0.3523809523809524,20.71539863124307,0.0
D2-K3par,0.3,45,D2-K3par_e30_r045,CNmixLS,0.3523809523809524,20.71609526786061,0.0
D2-K3par,0.35,45,D2-K3par_e35_r045,NoiseMixLS,0.355,19.80039842913156,0.0
D2-K3par,0.35,45,D2-K3par_e35_r045,CNmixLS,0.355,19.800588539922604,0.0
D8-K2par-sep,0.25,45,D8-K2par-sep_e25_r045,NoiseMixLS,0.5172413793103449,21.924395240677118,0.13333333333333333
D8-K2par-sep,0.25,45,D8-K2par-sep_e25_r045,CNmixLS,1.0,0.12176179146505728,0.24
D8-K2par-sep,0.3,45,D8-K2par-sep_e30_r045,NoiseMixLS,0.5485436893203883,11.950712236417974,0.27
D8-K2par-sep,0.3,45,D8-K2par-sep_e30_r045,CNmixLS,1.0,0.12092530218433684,0.33
D8-K2par-sep,0.35,45,D8-K2par-sep_e35_r045,NoiseMixLS,0.5097087378640777,20.774403227671236,0.19333333333333333
D8-K2par-sep,0.35,45,D8-K2par-sep_e35_r045,CNmixLS,1.0,0.24093176127672544,0.32666666666666666
D2-K3par,0.25,46,D2-K3par_e25_r046,NoiseMixLS,0.37383177570093457,19.94569797565175,0.0
D2-K3par,0.25,46,D2-K3par_e25_r046,CNmixLS,0.37383177570093457,19.94638995193942,0.0
D2-K3par,0.3,46,D2-K3par_e30_r046,NoiseMixLS,0.3557692307692308,19.796783259087444,0.0
D2-K3par,0.3,46,D2-K3par_e30_r046,CNmixLS,0.3557692307692308,19.79724489726443,0.0
D2-K3par,0.35,46,D2-K3par_e35_r046,NoiseMixLS,0.3548387096774194,19.65819798840112,0.0
D2-K3par,0.35,46,D2-K3par_e35_r046,CNmixLS,0.3548387096774194,19.659225021833894,0.0
D8-K2par-sep,0.25,46,D8-K2par-sep_e25_r046,NoiseMixLS,0.5707964601769911,18.49015709029651,0.12
D8-K2par-sep,0.25,46,D8-K2par-sep_e25_r046,CNmixLS,1.0,0.07302033237149508,0.25333333333333335
D8-K2par-sep,0.3,46,D8-K2par-sep_e30_r046,NoiseMixLS,0.5123152709359606,19.216307686134275,0.26
D8-K2par-sep,0.3,46,D8-K2par-sep_e30_r046,CNmixLS,1.0,0.13269380212616833,0.34
D8-K2par-sep,0.35,46,D8-K2par-sep_e35_r046,NoiseMixLS,0.5133689839572193,19.837176194182423,0.21333333333333335
D8-K2par-sep,0.35,46,D8-K2par-sep_e35_r046,CNmixLS,0.5133689839572193,20.388592807669696,0.19
D2-K3par,0.25,47,D2-K3par_e25_r047,NoiseMixLS,0.38461538461538464,20.52739178655943,0.0
D2-K3par,0.25,47,D2-K3par_e25_r047,CNmixLS,0.38461538461538464,20.528443062150952,0.0
D2-K3par,0.3,47,D2-K3par_e30_r047,NoiseMixLS,0.34134615384615385,19.75937022580207,0.0
D2-K3par,0.3,47,D2-K3par_e30_r047,CNmixLS,0.34134615384615385,19.759707710591304,0.0
D2-K3par,0.35,47,D2-K3par_e35_r047,NoiseMixLS,0.3582089552238806,20.06001759346288,0.0
D2-K3par,0.35,47,D2-K3par_e35_r047,CNmixLS,0.3582089552238806,20.06015111129411,0.0
D8-K2par-sep,0.25,47,D8-K2par-sep_e25_r047,NoiseMixLS,0.5275229357798165,19.18005993186188,0.21333333333333335
D8-K2par-sep,0.25,47,D8-K2par-sep_e25_r047,CNmixLS,1.0,0.08096522060509215,0.2966666666666667
D8-K2par-sep,0.3,47,D8-K2par-sep_e30_r047,NoiseMixLS,0.5211267605633803,20.976175002647896,0.19666666666666666
D8-K2par-sep,0.3,47,D8-K2par-sep_e30_r047,CNmixLS,1.0,0.07036377357772583,0.31333333333333335
D8-K2par-sep,0.35,47,D8-K2par-sep_e35_r047,NoiseMixLS,0.5794871794871795,20.258797215077376,0.21333333333333335
D8-K2par-sep,0.35,47,D8-K2par-sep_e35_r047,CNmixLS,0.9948717948717949,0.01188709132615573,0.38333333333333336
D2-K3par,0.25,48,D2-K3par_e25_r048,NoiseMixLS,0.36283185840707965,19.642465418559922,0.0
D2-K3par,0.25,48,D2-K3par_e25_r048,CNmixLS,0.36283185840707965,19.642819161546726,0.0
D2-K3par,0.3,48,D2-K3par_e30_r048,NoiseMixLS,0.41116751269035534,19.41536197115678,0.0
D2-K3par,0.3,48,D2-K3par_e30_r048,CNmixLS,0.41116751269035534,19.41560124581159,0.0
D2-K3par,0.35,48,D2-K3par_e35_r048,NoiseMixLS,0.34574468085106386,19.541831010023177,0.0
D2-K3par,0.35,48,D2-K3par_e35_r048,CNmixLS,0.34574468085106386,19.542052692847506,0.0
D8-K2par-sep,0.25,48,D8-K2par-sep_e25_r048,NoiseMixLS,0.5227272727272727,21.077804257613714,0.22333333333333333
D8-K2par-sep,0.25,48,D8-K2par-sep_e25_r048,CNmixLS,1.0,0.17187920978833127,0.29333333333333333
D8-K2par-sep,0.3,48,D8-K2par-sep_e30_r048,NoiseMixLS,0.5636363636363636,18.887664856829023,0.17333333333333334
D8-K2par-sep,0.3,48,D8-K2par-sep_e30_r048,CNmixLS,1.0,0.05950541302937862,0.2833333333333333
D8-K2par-sep,0.35,48,D8-K2par-sep_e35_r048,NoiseMixLS,0.5026737967914439,18.83165439712345,0.23333333333333334
D8-K2par-sep,0.35,48,D8-K2par-sep_e35_r048,CNmixLS,1.0,0.20836975425149973,0.42333333333333334
D2-K3par,0.25,49,D2-K3par_e25_r049,NoiseMixLS,0.36936936936936937,20.33208317333615,0.0
D2-K3par,0.25,49,D2-K3par_e25_r049,CNmixLS,0.36936936936936937,20.332516102888658,0.0
D2-K3par,0.3,49,D2-K3par_e30_r049,NoiseMixLS,0.35964912280701755,19.711691279735845,0.0
D2-K3par,0.3,49,D2-K3par_e30_r049,CNmixLS,0.35964912280701755,19.712422528325355,0.0
D2-K3par,0.35,49,D2-K3par_e35_r049,NoiseMixLS,0.36312849162011174,20.147469432715038,0.0
D2-K3par,0.35,49,D2-K3par_e35_r049,CNmixLS,0.36312849162011174,20.147605923489543,0.0
D8-K2par-sep,0.25,49,D8-K2par-sep_e25_r049,NoiseMixLS,0.5065502183406113,18.829321182506146,0.16666666666666666
D8-K2par-sep,0.25,49,D8-K2par-sep_e25_r049,CNmixLS,1.0,0.13548084905050128,0.24
D8-K2par-sep,0.3,49,D8-K2par-sep_e30_r049,NoiseMixLS,0.5138888888888888,21.437353325308656,0.20333333333333334
D8-K2par-sep,0.3,49,D8-K2par-sep_e30_r049,CNmixLS,0.9907407407407407,0.08205359050029104,0.30333333333333334
D8-K2par-sep,0.35,49,D8-K2par-sep_e35_r049,NoiseMixLS,0.5210526315789473,18.53644254052874,0.24333333333333335
D8-K2par-sep,0.35,49,D8-K2par-sep_e35_r049,CNmixLS,1.0,0.11355224148433063,0.3933333333333333
D2-K3par,0.25,50,D2-K3par_e25_r050,NoiseMixLS,0.36492890995260663,19.879422505950675,0.0
D2-K3par,0.25,50,D2-K3par_e25_r050,CNmixLS,0.36492890995260663,19.88021954744322,0.0
D2-K3par,0.3,50,D2-K3par_e30_r050,NoiseMixLS,0.3684210526315789,20.448740359863343,0.0
D2-K3par,0.3,50,D2-K3par_e30_r050,CNmixLS,0.3684210526315789,20.4490940756429,0.0
D2-K3par,0.35,50,D2-K3par_e35_r050,NoiseMixLS,0.3564356435643564,20.659434973715005,0.0
D2-K3par,0.35,50,D2-K3par_e35_r050,CNmixLS,0.3564356435643564,20.660288084404115,0.0
D8-K2par-sep,0.25,50,D8-K2par-sep_e25_r050,NoiseMixLS,0.5181818181818182,23.673781879944148,0.18666666666666668
D8-K2par-sep,0.25,50,D8-K2par-sep_e25_r050,CNmixLS,1.0,0.06466382423161798,0.28
D8-K2par-sep,0.3,50,D8-K2par-sep_e30_r050,NoiseMixLS,0.5198019801980198,20.901110504340792,0.25333333333333335
D8-K2par-sep,0.3,50,D8-K2par-sep_e30_r050,CNmixLS,0.995049504950495,0.15369837842686662,0.3433333333333333
D8-K2par-sep,0.35,50,D8-K2par-sep_e35_r050,NoiseMixLS,0.5279187817258884,17.302252494518417,0.25333333333333335
D8-K2par-sep,0.35,50,D8-K2par-sep_e35_r050,CNmixLS,1.0,0.27348872214916886,0.3933333333333333
D2-K3par,0.25,51,D2-K3par_e25_r051,NoiseMixLS,0.384297520661157,19.770030346431277,0.0
D2-K3par,0.25,51,D2-K3par_e25_r051,CNmixLS,0.384297520661157,19.770164350606308,0.0
D2-K3par,0.3,51,D2-K3par_e30_r051,NoiseMixLS,0.3564356435643564,19.587689178946338,0.0
D2-K3par,0.3,51,D2-K3par_e30_r051,CNmixLS,0.3564356435643564,19.587880260992655,0.0
D2-K3par,0.35,51,D2-K3par_e35_r051,NoiseMixLS,0.3383838383838384,18.819310618077925,0.0
D2-K3par,0.35,51,D2-K3par_e35_r051,CNmixLS,0.3383838383838384,18.81960689705865,0.0
D8-K2par-sep,0.25,51,D8-K2par-sep_e25_r051,NoiseMixLS,0.5242290748898678,22.599331028589145,0.20333333333333334
D8-K2par-sep,0.25,51,D8-K2par-sep_e25_r051,CNmixLS,1.0,0.10585039558778275,0.2633333333333333
D8-K2par-sep,0.3,51,D8-K2par-sep_e30_r051,NoiseMixLS,0.5223880597014925,20.958598959917104,0.24
D8-K2par-sep,0.3,51,D8-K2par-sep_e30_r051,CNmixLS,1.0,0.1587004690504279,0.3566666666666667
D8-K2par-sep,0.35,51,D8-K2par-sep_e35_r051,NoiseMixLS,0.5505050505050505,19.008948950209383,0.23333333333333334
D8-K2par-sep,0.35,51,D8-K2par-sep_e35_r051,CNmixLS,0.5505050505050505,19.729283026298102,0.22
D2-K3par,0.25,52,D2-K3par_e25_r052,NoiseMixLS,0.3686635944700461,19.577446248035326,0.0
D2-K3par,0.25,52,D2-K3par_e25_r052,CNmixLS,0.3686635944700461,19.577674642367676,0.0
D2-K3par,0.3,52,D2-K3par_e30_r052,NoiseMixLS,0.37745098039215685,19.661681832404728,0.0
D2-K3par,0.3,52,D2-K3par_e30_r052,CNmixLS,0.37745098039215685,19.662086148213614,0.0
D2-K3par,0.35,52,D2-K3par_e35_r052,NoiseMixLS,0.3492063492063492,19.710011829453748,0.0
D2-K3par,0.35,52,D2-K3par_e35_r052,CNmixLS,0.3492063492063492,19.71038565319779,0.0
D8-K2par-sep,0.25,52,D8-K2par-sep_e25_r052,NoiseMixLS,0.5757575757575758,20.172932310598572,0.16
D8-K2par-sep,0.25,52,D8-K2par-sep_e25_r052,CNmixLS,0.9956709956709957,0.14568158667650266,0.24333333333333335
D8-K2par-sep,0.3,52,D8-K2par-sep_e30_r052,NoiseMixLS,0.5118483412322274,21.035136605688717,0.21666666666666667
D8-K2par-sep,0.3,52,D8-K2par-sep_e30_r052,CNmixLS,1.0,0.10163615424333994,0.30333333333333334
D8-K2par-sep,0.35,52,D8-K2par-sep_e35_r052,NoiseMixLS,0.517948717948718,18.717857667519024,0.25333333333333335
D8-K2par-sep,0.35,52,D8-K2par-sep_e35_r052,CNmixLS,1.0,0.16037706268903174,0.39
D2-K3par,0.25,53,D2-K3par_e25_r053,NoiseMixLS,0.3688888888888889,19.426432190132225,0.0
D2-K3par,0.25,53,D2-K3par_e25_r053,CNmixLS,0.3688888888888889,19.427002934916626,0.0
D2-K3par,0.3,53,D2-K3par_e30_r053,NoiseMixLS,0.4558139534883721,19.875614533417266,0.0
D2-K3par,0.3,53,D2-K3par_e30_r053,CNmixLS,0.4558139534883721,19.87689784912835,0.0
D2-K3par,0.35,53,D2-K3par_e35_r053,NoiseMixLS,0.355,20.23730993435059,0.0
D2-K3par,0.35,53,D2-K3par_e35_r053,CNmixLS,0.355,20.237878804338123,0.0
D8-K2par-sep,0.25,53,D8-K2par-sep_e25_r053,NoiseMixLS,0.5,18.88598483200785,0.11666666666666667
D8-K2par-sep,0.25,53,D8-K2par-sep_e25_r053,CNmixLS,1.0,0.0637297598708556,0.23333333333333334
D8-K2par-sep,0.3,53,D8-K2par-sep_e30_r053,NoiseMixLS,0.5521739130434783,22.59225465846756,0.16
D8-K2par-sep,0.3,53,D8-K2par-sep_e30_r053,CNmixLS,0.9956521739130435,0.1723545970828404,0.24
D8-K2par-sep,0.35,53,D8-K2par-sep_e35_r053,NoiseMixLS,0.5583756345177665,19.78477811130322,0.25666666666666665
D8-K2par-sep,0.35,53,D8-K2par-sep_e35_r053,CNmixLS,0.5583756345177665,18.422114867136212,0.22
D2-K3par,0.25,54,D2-K3par_e25_r054,NoiseMixLS,0.43829787234042555,21.22431413522558,0.0
D2-K3par,0.25,54,D2-K3par_e25_r054,CNmixLS,0.43829787234042555,21.224567599821775,0.0
D2-K3par,0.3,54,D2-K3par_e30_r054,NoiseMixLS,0.3482587064676617,19.431203525491973,0.0
D2-K3par,0.3,54,D2-K3par_e30_r054,CNmixLS,0.3482587064676617,19.431590905147203,0.0
D2-K3par,0.35,54,D2-K3par_e35_r054,NoiseMixLS,0.395,20.396878652906906,0.0
D2-K3par,0.35,54,D2-K3par_e35_r054,CNmixLS,0.395,20.397522858699695,0.0
D8-K2par-sep,0.25,54,D8-K2par-sep_e25_r054,NoiseMixLS,0.5407725321888412,20.237354228854826,0.15
D8-K2par-sep,0.25,54,D8-K2par-sep_e25_r054,CNmixLS,1.0,0.1107519965725321,0.24333333333333335
D8-K2par-sep,0.3,54,D8-K2par-sep_e30_r054,NoiseMixLS,0.5545023696682464,20.38064886075931,0.17666666666666667
D8-K2par-sep,0.3,54,D8-K2par-sep_e30_r054,CNmixLS,1.0,0.10265100547049644,0.31666666666666665
D8-K2par-sep,0.35,54,D8-K2par-sep_e35_r054,NoiseMixLS,0.553921568627451,21.38402865247772,0.23666666666666666
D8-K2par-sep,0.35,54,D8-K2par-sep_e35_r054,CNmixLS,0.9950980392156863,0.14487152506976564,0.3433333333333333
D2-K3par,0.25,55,D2-K3par_e25_r055,NoiseMixLS,0.35267857142857145,18.983207001586347,0.0
D2-K3par,0.25,55,D2-K3par_e25_r055,CNmixLS,0.35267857142857145,18.9836442347179,0.0
D2-K3par,0.3,55,D2-K3par_e30_r055,NoiseMixLS,0.3492822966507177,20.370211666665515,0.0
D2-K3par,0.3,55,D2-K3par_e30_r055,CNmixLS,0.3492822966507177,20.371801578725712,0.0
D2-K3par,0.35,55,D2-K3par_e35_r055,NoiseMixLS,0.387434554973822,21.067069600141085,0.0
D2-K3par,0.35,55,D2-K3par_e35_r055,CNmixLS,0.387434554973822,21.067633292555552,0.0
D8-K2par-sep,0.25,55,D8-K2par-sep_e25_r055,NoiseMixLS,0.5294117647058824,17.98788260415199,0.16
D8-K2par-sep,0.25,55,D8-K2par-sep_e25_r055,CNmixLS,1.0,0.08202389493300011,0.2733333333333333
D8-K2par-sep,0.3,55,D8-K2par-sep_e30_r055,NoiseMixLS,0.5311004784688995,17.27486325632875,0.18666666666666668
D8-K2par-sep,0.3,55,D8-K2par-sep_e30_r055,CNmixLS,1.0,0.06338325805579093,0.31333333333333335
D8-K2par-sep,0.35,55,D8-K2par-sep_e35_r055,NoiseMixLS,0.5080213903743316,19.734357254881452,0.26666666666666666
D8-K2par-sep,0.35,55,D8-K2par-sep_e35_r055,CNmixLS,0.9946524064171123,0.20245745223251932,0.4033333333333333
D2-K3par,0.25,56,D2-K3par_e25_r056,NoiseMixLS,0.3706896551724138,19.8578038577417,0.0
D2-K3par,0.25,56,D2-K3par_e25_r056,CNmixLS,0.3706896551724138,19.85919483859669,0.0
D2-K3par,0.3,56,D2-K3par_e30_r056,NoiseMixLS,0.36363636363636365,20.496887977639496,0.0
D2-K3par,0.3,56,D2-K3par_e30_r056,CNmixLS,0.36363636363636365,20.497133857989777,0.0
D2-K3par,0.35,56,D2-K3par_e35_r056,NoiseMixLS,0.35353535353535354,19.936742841347176,0.0
D2-K3par,0.35,56,D2-K3par_e35_r056,CNmixLS,0.35353535353535354,19.937182435910287,0.0
D8-K2par-sep,0.25,56,D8-K2par-sep_e25_r056,NoiseMixLS,0.5,20.407535045724824,0.14
D8-K2par-sep,0.25,56,D8-K2par-sep_e25_r056,CNmixLS,1.0,0.14084857377117332,0.26
D8-K2par-sep,0.3,56,D8-K2par-sep_e30_r056,NoiseMixLS,0.5296803652968036,20.48188306356888,0.17666666666666667
D8-K2par-sep,0.3,56,D8-K2par-sep_e30_r056,CNmixLS,1.0,0.19152833255314716,0.29
D8-K2par-sep,0.35,56,D8-K2par-sep_e35_r056,NoiseMixLS,0.554945054945055,18.283844471592776,0.24666666666666667
D8-K2par-sep,0.35,56,D8-K2par-sep_e35_r056,CNmixLS,0.554945054945055,19.389425453407572,0.21333333333333335
D2-K3par,0.25,57,D2-K3par_e25_r057,NoiseMixLS,0.36818181818181817,20.3237578122903,0.0
D2-K3par,0.25,57,D2-K3par_e25_r057,CNmixLS,0.36818181818181817,20.32423912389039,0.0
D2-K3par,0.3,57,D2-K3par_e30_r057,NoiseMixLS,0.33962264150943394,19.5586772650723,0.0
D2-K3par,0.3,57,D2-K3par_e30_r057,CNmixLS,0.33962264150943394,19.559769533599404,0.0
D2-K3par,0.35,57,D2-K3par_e35_r057,NoiseMixLS,0.36649214659685864,20.186563110427013,0.0
D2-K3par,0.35,57,D2-K3par_e35_r057,CNmixLS,0.36649214659685864,20.186798191683046,0.0
D8-K2par-sep,0.25,57,D8-K2par-sep_e25_r057,NoiseMixLS,0.5130434782608696,21.317430006813495,0.19666666666666666
D8-K2par-sep,0.25,57,D8-K2par-sep_e25_r057,CNmixLS,0.9956521739130435,0.10170526212100262,0.25333333333333335
D8-K2par-sep,0.3,57,D8-K2par-sep_e30_r057,NoiseMixLS,0.5022421524663677,20.252052476516212,0.18666666666666668
D8-K2par-sep,0.3,57,D8-K2par-sep_e30_r057,CNmixLS,1.0,0.04074179034145842,0.2733333333333333
D8-K2par-sep,0.35,57,D8-K2par-sep_e35_r057,NoiseMixLS,0.5023923444976076,22.126105122420498,0.24333333333333335
D8-K2par-sep,0.35,57,D8-K2par-sep_e35_r057,CNmixLS,1.0,0.21126358002691914,0.33666666666666667
D2-K3par,0.25,58,D2-K3par_e25_r058,NoiseMixLS,0.41150442477876104,20.224055035390652,0.0
D2-K3par,0.25,58,D2-K3par_e25_r058,CNmixLS,0.41150442477876104,20.224464909162442,0.0
D2-K3par,0.3,58,D2-K3par_e30_r058,NoiseMixLS,0.36683417085427134,20.647583340729604,0.0
D2-K3par,0.3,58,D2-K3par_e30_r058,CNmixLS,0.36683417085427134,20.64827332163988,0.0
D2-K3par,0.35,58,D2-K3par_e35_r058,NoiseMixLS,0.3417085427135678,20.824298323287547,0.0
D2-K3par,0.35,58,D2-K3par_e35_r058,CNmixLS,0.3417085427135678,20.824545553150674,0.0
D8-K2par-sep,0.25,58,D8-K2par-sep_e25_r058,NoiseMixLS,0.5446428571428571,20.053140344954077,0.16666666666666666
D8-K2par-sep,0.25,58,D8-K2par-sep_e25_r058,CNmixLS,1.0,0.04535619571547622,0.2633333333333333
D8-K2par-sep,0.3,58,D8-K2par-sep_e30_r058,NoiseMixLS,0.518348623853211,20.739201756452946,0.12
D8-K2par-sep,0.3,58,D8-K2par-sep_e30_r058,CNmixLS,1.0,0.11166215321306727,0.2866666666666667
D8-K2par-sep,0.35,58,D8-K2par-sep_e35_r058,NoiseMixLS,0.5193370165745856,18.836280191383658,0.2733333333333333
D8-K2par-sep,0.35,58,D8-K2par-sep_e35_r058,CNmixLS,0.5193370165745856,20.13126660566527,0.24666666666666667
D2-K3par,0.25,59,D2-K3par_e25_r059,NoiseMixLS,0.37623762376237624,21.80157150372094,0.0
D2-K3par,0.25,59,D2-K3par_e25_r059,CNmixLS,0.37623762376237624,21.802283983194027,0.0
D2-K3par,0.3,59,D2-K3par_e30_r059,NoiseMixLS,0.37719298245614036,19.60654309428364,0.0
D2-K3par,0.3,59,D2-K3par_e30_r059,CNmixLS,0.37719298245614036,19.607233428114935,0.0
D2-K3par,0.35,59,D2-K3par_e35_r059,NoiseMixLS,0.3439153439153439,19.517387126972388,0.0
D2-K3par,0.35,59,D2-K3par_e35_r059,CNmixLS,0.3439153439153439,19.517843691247844,0.0
D8-K2par-sep,0.25,59,D8-K2par-sep_e25_r059,NoiseMixLS,0.5412844036697247,19.78640521451933,0.20666666666666667
D8-K2par-sep,0.25,59,D8-K2par-sep_e25_r059,CNmixLS,0.9954128440366973,0.08645790635156692,0.3
D8-K2par-sep,0.3,59,D8-K2par-sep_e30_r059,NoiseMixLS,0.5104166666666666,20.73156572577167,0.29
D8-K2par-sep,0.3,59,D8-K2par-sep_e30_r059,CNmixLS,1.0,0.27283556568785805,0.3933333333333333
D8-K2par-sep,0.35,59,D8-K2par-sep_e35_r059,NoiseMixLS,0.5026737967914439,20.270610379601322,0.25666666666666665
D8-K2par-sep,0.35,59,D8-K2par-sep_e35_r059,CNmixLS,0.9893048128342246,0.10622282668416716,0.4166666666666667
D2-K3par,0.25,60,D2-K3par_e25_r060,NoiseMixLS,0.38207547169811323,19.69607279940835,0.0
D2-K3par,0.25,60,D2-K3par_e25_r060,CNmixLS,0.38207547169811323,19.696500488592175,0.0
D2-K3par,0.3,60,D2-K3par_e30_r060,NoiseMixLS,0.3568075117370892,20.113607014785813,0.0
D2-K3par,0.3,60,D2-K3par_e30_r060,CNmixLS,0.3568075117370892,20.11396687000949,0.0
D2-K3par,0.35,60,D2-K3par_e35_r060,NoiseMixLS,0.3526315789473684,19.648476307574505,0.0
D2-K3par,0.35,60,D2-K3par_e35_r060,CNmixLS,0.3526315789473684,19.649028310298807,0.0
D8-K2par-sep,0.25,60,D8-K2par-sep_e25_r060,NoiseMixLS,0.5138888888888888,18.28965942464649,0.19333333333333333
D8-K2par-sep,0.25,60,D8-K2par-sep_e25_r060,CNmixLS,1.0,0.09410520302298941,0.30333333333333334
D8-K2par-sep,0.3,60,D8-K2par-sep_e30_r060,NoiseMixLS,0.5095238095238095,25.69243901027643,0.23
D8-K2par-sep,0.3,60,D8-K2par-sep_e30_r060,CNmixLS,0.9904761904761905,0.11161687365866513,0.3333333333333333
D8-K2par-sep,0.35,60,D8-K2par-sep_e35_r060,NoiseMixLS,0.5053763440860215,20.221092126792314,0.30333333333333334
D8-K2par-sep,0.35,60,D8-K2par-sep_e35_r060,CNmixLS,0.5053763440860215,19.17881889118721,0.23333333333333334
D2-K3par,0.25,61,D2-K3par_e25_r061,NoiseMixLS,0.35344827586206895,20.133165872991462,0.0
D2-K3par,0.25,61,D2-K3par_e25_r061,CNmixLS,0.35344827586206895,20.134114542043534,0.0
D2-K3par,0.3,61,D2-K3par_e30_r061,NoiseMixLS,0.35545023696682465,19.807887599831062,0.0
D2-K3par,0.3,61,D2-K3par_e30_r061,CNmixLS,0.35545023696682465,19.808571741774394,0.0
D2-K3par,0.35,61,D2-K3par_e35_r061,NoiseMixLS,0.34759358288770054,19.444183723155938,0.0
D2-K3par,0.35,61,D2-K3par_e35_r061,CNmixLS,0.34759358288770054,19.444648574504818,0.0
D8-K2par-sep,0.25,61,D8-K2par-sep_e25_r061,NoiseMixLS,0.5129310344827587,19.1590875881707,0.19
D8-K2par-sep,0.25,61,D8-K2par-sep_e25_r061,CNmixLS,0.9956896551724138,0.19112501665053028,0.23666666666666666
D8-K2par-sep,0.3,61,D8-K2par-sep_e30_r061,NoiseMixLS,0.5324074074074074,15.020498408798392,0.21333333333333335
D8-K2par-sep,0.3,61,D8-K2par-sep_e30_r061,CNmixLS,1.0,0.058973707313467294,0.29
D8-K2par-sep,0.35,61,D8-K2par-sep_e35_r061,NoiseMixLS,0.5238095238095238,20.93273483646498,0.23333333333333334
D8-K2par-sep,0.35,61,D8-K2par-sep_e35_r061,CNmixLS,0.5238095238095238,21.880466244067815,0.22
D2-K3par,0.25,62,D2-K3par_e25_r062,NoiseMixLS,0.3625,19.385619915277456,0.0
D2-K3par,0.25,62,D2-K3par_e25_r062,CNmixLS,0.3625,19.386144482820175,0.0
D2-K3par,0.3,62,D2-K3par_e30_r062,NoiseMixLS,0.3886255924170616,19.202491759871137,0.0
D2-K3par,0.3,62,D2-K3par_e30_r062,CNmixLS,0.3886255924170616,19.202912979377317,0.0
D2-K3par,0.35,62,D2-K3par_e35_r062,NoiseMixLS,0.35789473684210527,20.134525083172267,0.0
D2-K3par,0.35,62,D2-K3par_e35_r062,CNmixLS,0.35789473684210527,20.13479524669627,0.0
D8-K2par-sep,0.25,62,D8-K2par-sep_e25_r062,NoiseMixLS,0.5694444444444444,20.144568208843822,0.21666666666666667
D8-K2par-sep,0.25,62,D8-K2par-sep_e25_r062,CNmixLS,1.0,0.10650338758739375,0.2966666666666667
D8-K2par-sep,0.3,62,D8-K2par-sep_e30_r062,NoiseMixLS,0.5047619047619047,19.29213352330424,0.18333333333333332
D8-K2par-sep,0.3,62,D8-K2par-sep_e30_r062,CNmixLS,1.0,0.10918790887964436,0.31666666666666665
D8-K2par-sep,0.35,62,D8-K2par-sep_e35_r062,NoiseMixLS,0.5520833333333334,19.100041069782687,0.26666666666666666
D8-K2par-sep,0.35,62,D8-K2par-sep_e35_r062,CNmixLS,1.0,0.08146736764395945,0.38
D2-K3par,0.25,63,D2-K3par_e25_r063,NoiseMixLS,0.3515981735159817,21.19462078420115,0.0
D2-K3par,0.25,63,D2-K3par_e25_r063,CNmixLS,0.3515981735159817,21.19507267190667,0.0
D2-K3par,0.3,63,D2-K3par_e30_r063,NoiseMixLS,0.3459715639810427,21.492740988176635,0.0033333333333333335
D2-K3par,0.3,63,D2-K3par_e30_r063,CNmixLS,0.3459715639810427,21.446199790925082,0.04666666666666667
D2-K3par,0.35,63,D2-K3par_e35_r063,NoiseMixLS,0.38613861386138615,20.8346887310194,0.0
D2-K3par,0.35,63,D2-K3par_e35_r063,CNmixLS,0.38613861386138615,20.835447221471842,0.0
D8-K2par-sep,0.25,63,D8-K2par-sep_e25_r063,NoiseMixLS,0.5175438596491229,20.75894512319462,0.14666666666666667
D8-K2par-sep,0.25,63,D8-K2par-sep_e25_r063,CNmixLS,0.9956140350877193,0.08032228232051475,0.25
D8-K2par-sep,0.3,63,D8-K2par-sep_e30_r063,NoiseMixLS,0.5186915887850467,16.762600317416485,0.18666666666666668
D8-K2par-sep,0.3,63,D8-K2par-sep_e30_r063,CNmixLS,1.0,0.15872489293847947,0.30666666666666664
D8-K2par-sep,0.35,63,D8-K2par-sep_e35_r063,NoiseMixLS,0.5677083333333334,9.42392117759095,0.26666666666666666
D8-K2par-sep,0.35,63,D8-K2par-sep_e35_r063,CNmixLS,0.9895833333333334,0.10694003779486039,0.41333333333333333
D2-K3par,0.25,64,D2-K3par_e25_r064,NoiseMixLS,0.37130801687763715,19.618762052850318,0.0
D2-K3par,0.25,64,D2-K3par_e25_r064,CNmixLS,0.37130801687763715,19.61966433308433,0.0
D2-K3par,0.3,64,D2-K3par_e30_r064,NoiseMixLS,0.3472222222222222,20.832842725735205,0.0
D2-K3par,0.3,64,D2-K3par_e30_r064,CNmixLS,0.3472222222222222,20.833337895882543,0.0
D2-K3par,0.35,64,D2-K3par_e35_r064,NoiseMixLS,0.350253807106599,20.138178653112547,0.0
D2-K3par,0.35,64,D2-K3par_e35_r064,CNmixLS,0.350253807106599,20.13868159882749,0.0
D8-K2par-sep,0.25,64,D8-K2par-sep_e25_r064,NoiseMixLS,0.5084033613445378,20.132662658783243,0.13
D8-K2par-sep,0.25,64,D8-K2par-sep_e25_r064,CNmixLS,1.0,0.10838426325773387,0.20666666666666667
D8-K2par-sep,0.3,64,D8-K2par-sep_e30_r064,NoiseMixLS,0.5141509433962265,20.388240042170445,0.14333333333333334
D8-K2par-sep,0.3,64,D8-K2par-sep_e30_r064,CNmixLS,1.0,0.06598645869393227,0.30333333333333334
D8-K2par-sep,0.35,64,D8-K2par-sep_e35_r064,NoiseMixLS,0.5376344086021505,19.55706600976481,0.24333333333333335
D8-K2par-sep,0.35,64,D8-K2par-sep_e35_r064,CNmixLS,1.0,0.24908585955082962,0.41
D2-K3par,0.25,65,D2-K3par_e25_r065,NoiseMixLS,0.37272727272727274,19.840869328679602,0.0
D2-K3par,0.25,65,D2-K3par_e25_r065,CNmixLS,0.37272727272727274,19.841530683727793,0.0
D2-K3par,0.3,65,D2-K3par_e30_r065,NoiseMixLS,0.3480392156862745,18.949648705265936,0.0
D2-K3par,0.3,65,D2-K3par_e30_r065,CNmixLS,0.3480392156862745,18.94992627249598,0.0
D2-K3par,0.35,65,D2-K3par_e35_r065,NoiseMixLS,0.34101382488479265,20.14389582865572,0.0
D2-K3par,0.35,65,D2-K3par_e35_r065,CNmixLS,0.34101382488479265,20.144055280082537,0.0
D8-K2par-sep,0.25,65,D8-K2par-sep_e25_r065,NoiseMixLS,0.5579399141630901,19.99713869584852,0.14666666666666667
D8-K2par-sep,0.25,65,D8-K2par-sep_e25_r065,CNmixLS,1.0,0.19594203439687474,0.23666666666666666
D8-K2par-sep,0.3,65,D8-K2par-sep_e30_r065,NoiseMixLS,0.5092592592592593,18.852293413462565,0.25333333333333335
D8-K2par-sep,0.3,65,D8-K2par-sep_e30_r065,CNmixLS,1.0,0.06927063364574826,0.31666666666666665
D8-K2par-sep,0.35,65,D8-K2par-sep_e35_r065,NoiseMixLS,0.5198019801980198,20.416987813870943,0.22333333333333333
D8-K2par-sep,0.35,65,D8-K2par-sep_e35_r065,CNmixLS,1.0,0.058897681962277515,0.35333333333333333
D2-K3par,0.25,66,D2-K3par_e25_r066,NoiseMixLS,0.35344827586206895,20.69480942885758,0.0
D2-K3par,0.25,66,D2-K3par_e25_r066,CNmixLS,0.35344827586206895,20.695804111076896,0.0
D2-K3par,0.3,66,D2-K3par_e30_r066,NoiseMixLS,0.35348837209302325,19.903559403471696,0.0
D2-K3par,0.3,66,D2-K3par_e30_r066,CNmixLS,0.35348837209302325,19.90445480286156,0.0
D2-K3par,0.35,66,D2-K3par_e35_r066,NoiseMixLS,0.34972677595628415,19.659547686791413,0.0
D2-K3par,0.35,66,D2-K3par_e35_r066,CNmixLS,0.34972677595628415,19.65984457499459,0.0
D8-K2par-sep,0.25,66,D8-K2par-sep_e25_r066,NoiseMixLS,0.5294117647058824,20.752403453281488,0.2
D8-K2par-sep,0.25,66,D8-K2par-sep_e25_r066,CNmixLS,0.995475113122172,0.06603229093392571,0.29
D8-K2par-sep,0.3,66,D8-K2par-sep_e30_r066,NoiseMixLS,0.5373134328358209,20.322758630110457,0.24333333333333335
D8-K2par-sep,0.3,66,D8-K2par-sep_e30_r066,CNmixLS,0.5373134328358209,21.640064310371507,0.19666666666666666
D8-K2par-sep,0.35,66,D8-K2par-sep_e35_r066,NoiseMixLS,0.554945054945055,20.223854832550423,0.29333333333333333
D8-K2par-sep,0.35,66,D8-K2par-sep_e35_r066,CNmixLS,1.0,0.1509676196280565,0.4166666666666667
D2-K3par,0.25,67,D2-K3par_e25_r067,NoiseMixLS,0.3392857142857143,20.564054866976583,0.0
D2-K3par,0.25,67,D2-K3par_e25_r067,CNmixLS,0.3392857142857143,20.564543028431917,0.0
D2-K3par,0.3,67,D2-K3par_e30_r067,NoiseMixLS,0.33796296296296297,19.336408526917687,0.0
D2-K3par,0.3,67,D2-K3par_e30_r067,CNmixLS,0.33796296296296297,19.337133164633233,0.0
D2-K3par,0.35,67,D2-K3par_e35_r067,NoiseMixLS,0.3622448979591837,20.163509332506848,0.0
D2-K3par,0.35,67,D2-K3par_e35_r067,CNmixLS,0.3622448979591837,20.163935496341477,0.0
D8-K2par-sep,0.25,67,D8-K2par-sep_e25_r067,NoiseMixLS,0.5042372881355932,19.347759344522984,0.15333333333333332
D8-K2par-sep,0.25,67,D8-K2par-sep_e25_r067,CNmixLS,1.0,0.0841519587288928,0.21333333333333335
D8-K2par-sep,0.3,67,D8-K2par-sep_e30_r067,NoiseMixLS,0.5416666666666666,18.05630443545702,0.18666666666666668
D8-K2par-sep,0.3,67,D8-K2par-sep_e30_r067,CNmixLS,1.0,0.05028691740240321,0.3
D8-K2par-sep,0.35,67,D8-K2par-sep_e35_r067,NoiseMixLS,0.5276381909547738,19.753346215903612,0.22
D8-K2par-sep,0.35,67,D8-K2par-sep_e35_r067,CNmixLS,1.0,0.08804194112198482,0.38333333333333336
D2-K3par,0.25,68,D2-K3par_e25_r068,NoiseMixLS,0.35454545454545455,20.251149675138613,0.0
D2-K3par,0.25,68,D2-K3par_e25_r068,CNmixLS,0.35454545454545455,20.253760531796466,0.0
D2-K3par,0.3,68,D2-K3par_e30_r068,NoiseMixLS,0.38636363636363635,21.25456106577444,0.0
D2-K3par,0.3,68,D2-K3par_e30_r068,CNmixLS,0.38636363636363635,21.254980312334258,0.0
D2-K3par,0.35,68,D2-K3par_e35_r068,NoiseMixLS,0.3617021276595745,20.328232683846444,0.0
D2-K3par,0.35,68,D2-K3par_e35_r068,CNmixLS,0.3617021276595745,20.328302794711067,0.0
D8-K2par-sep,0.25,68,D8-K2par-sep_e25_r068,NoiseMixLS,0.5296803652968036,19.559024268611722,0.20666666666666667
D8-K2par-sep,0.25,68,D8-K2par-sep_e25_r068,CNmixLS,1.0,0.12223072498884235,0.2866666666666667
D8-K2par-sep,0.3,68,D8-K2par-sep_e30_r068,NoiseMixLS,0.5454545454545454,19.400769025267977,0.20666666666666667
D8-K2par-sep,0.3,68,D8-K2par-sep_e30_r068,CNmixLS,1.0,0.08008343324818146,0.31333333333333335
D8-K2par-sep,0.35,68,D8-K2par-sep_e35_r068,NoiseMixLS,0.5252525252525253,19.436062098880104,0.22
D8-K2par-sep,0.35,68,D8-K2par-sep_e35_r068,CNmixLS,1.0,0.1870803340224474,0.37
D2-K3par,0.25,69,D2-K3par_e25_r069,NoiseMixLS,0.3512396694214876,20.410195228834095,0.0
D2-K3par,0.25,69,D2-K3par_e25_r069,CNmixLS,0.3512396694214876,20.411566819528534,0.0
D2-K3par,0.3,69,D2-K3par_e30_r069,NoiseMixLS,0.3465346534653465,20.073144067344757,0.0
D2-K3par,0.3,69,D2-K3par_e30_r069,CNmixLS,0.3465346534653465,20.07364056475808,0.0
D2-K3par,0.35,69,D2-K3par_e35_r069,NoiseMixLS,0.3825136612021858,18.715112958897436,0.0
D2-K3par,0.35,69,D2-K3par_e35_r069,CNmixLS,0.3825136612021858,18.715426370722,0.0
D8-K2par-sep,0.25,69,D8-K2par-sep_e25_r069,NoiseMixLS,0.5387931034482759,21.86850529199076,0.14333333333333334
D8-K2par-sep,0.25,69,D8-K2par-sep_e25_r069,CNmixLS,1.0,0.12027667793985763,0.23666666666666666
D8-K2par-sep,0.3,69,D8-K2par-sep_e30_r069,NoiseMixLS,0.5094339622641509,17.26953508920817,0.22
D8-K2par-sep,0.3,69,D8-K2par-sep_e30_r069,CNmixLS,1.0,0.1341513152006275,0.30333333333333334
D8-K2par-sep,0.35,69,D8-K2par-sep_e35_r069,NoiseMixLS,0.5357142857142857,22.585521284922283,0.2733333333333333
D8-K2par-sep,0.35,69,D8-K2par-sep_e35_r069,CNmixLS,0.5357142857142857,23.03223149523225,0.23333333333333334
D2-K3par,0.25,70,D2-K3par_e25_r070,NoiseMixLS,0.35944700460829493,19.417864170676232,0.0
D2-K3par,0.25,70,D2-K3par_e25_r070,CNmixLS,0.35944700460829493,19.418418756746586,0.0
D2-K3par,0.3,70,D2-K3par_e30_r070,NoiseMixLS,0.3619047619047619,19.908947504657014,0.0
D2-K3par,0.3,70,D2-K3par_e30_r070,CNmixLS,0.3619047619047619,19.909359902703738,0.0
D2-K3par,0.35,70,D2-K3par_e35_r070,NoiseMixLS,0.3605769230769231,19.823324970529814,0.0
D2-K3par,0.35,70,D2-K3par_e35_r070,CNmixLS,0.3605769230769231,19.823928638085956,0.0
D8-K2par-sep,0.25,70,D8-K2par-sep_e25_r070,NoiseMixLS,0.5087719298245614,19.630866625092413,0.18
D8-K2par-sep,0.25,70,D8-K2par-sep_e25_r070,CNmixLS,1.0,0.15400070662314658,0.2633333333333333
D8-K2par-sep,0.3,70,D8-K2par-sep_e30_r070,NoiseMixLS,0.5023923444976076,17.963463330995765,0.22666666666666666
D8-K2par-sep,0.3,70,D8-K2par-sep_e30_r070,CNmixLS,0.9952153110047847,0.13314948631769985,0.3233333333333333
D8-K2par-sep,0.35,70,D8-K2par-sep_e35_r070,NoiseMixLS,0.5166666666666667,19.921095995376362,0.26
D8-K2par-sep,0.35,70,D8-K2par-sep_e35_r070,CNmixLS,0.5166666666666667,21.334993350162083,0.26666666666666666
D2-K3par,0.25,71,D2-K3par_e25_r071,NoiseMixLS,0.34893617021276596,19.275937081197586,0.0
D2-K3par,0.25,71,D2-K3par_e25_r071,CNmixLS,0.34893617021276596,19.276295637921617,0.0
D2-K3par,0.3,71,D2-K3par_e30_r071,NoiseMixLS,0.3492822966507177,20.591757507334236,0.0
D2-K3par,0.3,71,D2-K3par_e30_r071,CNmixLS,0.3492822966507177,20.59292190916575,0.0
D2-K3par,0.35,71,D2-K3par_e35_r071,NoiseMixLS,0.3769633507853403,20.398431939903087,0.0
D2-K3par,0.35,71,D2-K3par_e35_r071,CNmixLS,0.3769633507853403,20.39879193772036,0.0
D8-K2par-sep,0.25,71,D8-K2par-sep_e25_r071,NoiseMixLS,0.5377777777777778,19.1322356320335,0.20333333333333334
D8-K2par-sep,0.25,71,D8-K2par-sep_e25_r071,CNmixLS,1.0,0.12967212582534238,0.26
D8-K2par-sep,0.3,71,D8-K2par-sep_e30_r071,NoiseMixLS,0.5432692307692307,19.206413172742657,0.23333333333333334
D8-K2par-sep,0.3,71,D8-K2par-sep_e30_r071,CNmixLS,1.0,0.048768650040915684,0.31666666666666665
D8-K2par-sep,0.35,71,D8-K2par-sep_e35_r071,NoiseMixLS,0.5163043478260869,19.386143422854474,0.26666666666666666
D8-K2par-sep,0.35,71,D8-K2par-sep_e35_r071,CNmixLS,0.5163043478260869,21.59909858518395,0.3
D2-K3par,0.25,72,D2-K3par_e25_r072,NoiseMixLS,0.37735849056603776,19.655803797032732,0.0
D2-K3par,0.25,72,D2-K3par_e25_r072,CNmixLS,0.37735849056603776,19.655984955629254,0.0
D2-K3par,0.3,72,D2-K3par_e30_r072,NoiseMixLS,0.35096153846153844,20.34434390815566,0.0
D2-K3par,0.3,72,D2-K3par_e30_r072,CNmixLS,0.35096153846153844,20.34469071371264,0.0
D2-K3par,0.35,72,D2-K3par_e35_r072,NoiseMixLS,0.35195530726256985,19.158298848226572,0.0
D2-K3par,0.35,72,D2-K3par_e35_r072,CNmixLS,0.35195530726256985,19.15831413889434,0.0
D8-K2par-sep,0.25,72,D8-K2par-sep_e25_r072,NoiseMixLS,0.5353982300884956,21.85921259365986,0.16666666666666666
D8-K2par-sep,0.25,72,D8-K2par-sep_e25_r072,CNmixLS,1.0,0.12380646079070123,0.28
D8-K2par-sep,0.3,72,D8-K2par-sep_e30_r072,NoiseMixLS,0.5576923076923077,19.809927321635538,0.21333333333333335
D8-K2par-sep,0.3,72,D8-K2par-sep_e30_r072,CNmixLS,0.9951923076923077,0.08429034177770678,0.33
D8-K2par-sep,0.35,72,D8-K2par-sep_e35_r072,NoiseMixLS,0.5495049504950495,21.291291815560346,0.28
D8-K2par-sep,0.35,72,D8-K2par-sep_e35_r072,CNmixLS,0.5495049504950495,21.428535443025105,0.2833333333333333
D2-K3par,0.25,73,D2-K3par_e25_r073,NoiseMixLS,0.3378995433789954,20.469048013811502,0.0
D2-K3par,0.25,73,D2-K3par_e25_r073,CNmixLS,0.3378995433789954,20.46931285937066,0.0
D2-K3par,0.3,73,D2-K3par_e30_r073,NoiseMixLS,0.3627906976744186,19.69444793722365,0.0
D2-K3par,0.3,73,D2-K3par_e30_r073,CNmixLS,0.3627906976744186,19.695256744660366,0.0
D2-K3par,0.35,73,D2-K3par_e35_r073,NoiseMixLS,0.3969849246231156,20.58541596306413,0.0
D2-K3par,0.35,73,D2-K3par_e35_r073,CNmixLS,0.3969849246231156,20.585907951015752,0.0
D8-K2par-sep,0.25,73,D8-K2par-sep_e25_r073,NoiseMixLS,0.5280373831775701,20.56193695883639,0.19333333333333333
D8-K2par-sep,0.25,73,D8-K2par-sep_e25_r073,CNmixLS,1.0,0.09428522638363734,0.31
D8-K2par-sep,0.3,73,D8-K2par-sep_e30_r073,NoiseMixLS,0.5384615384615384,18.460376750170866,0.21
D8-K2par-sep,0.3,73,D8-K2par-sep_e30_r073,CNmixLS,1.0,0.1003559572914905,0.3333333333333333
D8-K2par-sep,0.35,73,D8-K2par-sep_e35_r073,NoiseMixLS,0.5729166666666666,20.490034774732756,0.24333333333333335
D8-K2par-sep,0.35,73,D8-K2par-sep_e35_r073,CNmixLS,1.0,0.0694709491766643,0.38
D2-K3par,0.25,74,D2-K3par_e25_r074,NoiseMixLS,0.35807860262008734,20.383905956636454,0.0
D2-K3par,0.25,74,D2-K3par_e25_r074,CNmixLS,0.35807860262008734,20.384511367805928,0.0
D2-K3par,0.3,74,D2-K3par_e30_r074,NoiseMixLS,0.35648148148148145,19.547130248419936,0.0
D2-K3par,0.3,74,D2-K3par_e30_r074,CNmixLS,0.35648148148148145,19.548088843361114,0.0
D2-K3par,0.35,74,D2-K3par_e35_r074,NoiseMixLS,0.35294117647058826,21.57985032917567,0.0
D2-K3par,0.35,74,D2-K3par_e35_r074,CNmixLS,0.35294117647058826,21.580166462925515,0.0
D8-K2par-sep,0.25,74,D8-K2par-sep_e25_r074,NoiseMixLS,0.5796460176991151,23.75687558112904,0.16666666666666666
D8-K2par-sep,0.25,74,D8-K2par-sep_e25_r074,CNmixLS,1.0,0.17244214954783477,0.25333333333333335
D8-K2par-sep,0.3,74,D8-K2par-sep_e30_r074,NoiseMixLS,0.5410628019323671,20.538479143729678,0.25333333333333335
D8-K2par-sep,0.3,74,D8-K2par-sep_e30_r074,CNmixLS,1.0,0.033873340083449,0.3333333333333333
D8-K2par-sep,0.35,74,D8-K2par-sep_e35_r074,NoiseMixLS,0.5,21.277754443938786,0.25666666666666665
D8-K2par-sep,0.35,74,D8-K2par-sep_e35_r074,CNmixLS,0.5,22.31325768171275,0.22666666666666666
D2-K3par,0.25,75,D2-K3par_e25_r075,NoiseMixLS,0.36199095022624433,21.003555225942023,0.0
D2-K3par,0.25,75,D2-K3par_e25_r075,CNmixLS,0.36199095022624433,21.00447681138725,0.0
D2-K3par,0.3,75,D2-K3par_e30_r075,NoiseMixLS,0.3492822966507177,20.427806345548966,0.0
D2-K3par,0.3,75,D2-K3par_e30_r075,CNmixLS,0.3492822966507177,20.428630196754213,0.0
D2-K3par,0.35,75,D2-K3par_e35_r075,NoiseMixLS,0.37628865979381443,19.415668615706476,0.0
D2-K3par,0.35,75,D2-K3par_e35_r075,CNmixLS,0.37628865979381443,19.415820165493148,0.0
D8-K2par-sep,0.25,75,D8-K2par-sep_e25_r075,NoiseMixLS,0.5256410256410257,20.72310408767708,0.17333333333333334
D8-K2par-sep,0.25,75,D8-K2par-sep_e25_r075,CNmixLS,1.0,0.06737250191341992,0.23
D8-K2par-sep,0.3,75,D8-K2par-sep_e30_r075,NoiseMixLS,0.5238095238095238,19.929105039001932,0.21
D8-K2par-sep,0.3,75,D8-K2par-sep_e30_r075,CNmixLS,1.0,0.32153993707178197,0.32
D8-K2par-sep,0.35,75,D8-K2par-sep_e35_r075,NoiseMixLS,0.5103092783505154,20.738038360017686,0.21666666666666667
D8-K2par-sep,0.35,75,D8-K2par-sep_e35_r075,CNmixLS,1.0,0.11190617115674417,0.3933333333333333
D2-K3par,0.25,76,D2-K3par_e25_r076,NoiseMixLS,0.36363636363636365,21.635141789279505,0.0
D2-K3par,0.25,76,D2-K3par_e25_r076,CNmixLS,0.36363636363636365,21.635848164678027,0.05333333333333334
D2-K3par,0.3,76,D2-K3par_e30_r076,NoiseMixLS,0.352112676056338,20.36144146735375,0.0
D2-K3par,0.3,76,D2-K3par_e30_r076,CNmixLS,0.352112676056338,20.361947429395737,0.0
D2-K3par,0.35,76,D2-K3par_e35_r076,NoiseMixLS,0.4,19.450302727987026,0.0
D2-K3par,0.35,76,D2-K3par_e35_r076,CNmixLS,0.4,19.450752757966132,0.0
D8-K2par-sep,0.25,76,D8-K2par-sep_e25_r076,NoiseMixLS,0.5276595744680851,27.62372843926518,0.18666666666666668
D8-K2par-sep,0.25,76,D8-K2par-sep_e25_r076,CNmixLS,1.0,0.16439556280301337,0.21666666666666667
D8-K2par-sep,0.3,76,D8-K2par-sep_e30_r076,NoiseMixLS,0.5517241379310345,18.876726486992432,0.21
D8-K2par-sep,0.3,76,D8-K2par-sep_e30_r076,CNmixLS,1.0,0.19491085722068346,0.34
D8-K2par-sep,0.35,76,D8-K2par-sep_e35_r076,NoiseMixLS,0.5076923076923077,18.447571582325104,0.19
D8-K2par-sep,0.35,76,D8-K2par-sep_e35_r076,CNmixLS,1.0,0.10444063742661358,0.37666666666666665
D2-K3par,0.25,77,D2-K3par_e25_r077,NoiseMixLS,0.37209302325581395,22.00594041556738,0.0
D2-K3par,0.25,77,D2-K3par_e25_r077,CNmixLS,0.37209302325581395,22.007204030331714,0.0
D2-K3par,0.3,77,D2-K3par_e30_r077,NoiseMixLS,0.39712918660287083,19.46418951489937,0.0
D2-K3par,0.3,77,D2-K3par_e30_r077,CNmixLS,0.39712918660287083,19.46510154945341,0.0
D2-K3par,0.35,77,D2-K3par_e35_r077,NoiseMixLS,0.365,20.69317181470289,0.0
D2-K3par,0.35,77,D2-K3par_e35_r077,CNmixLS,0.365,20.693631170566924,0.0
D8-K2par-sep,0.25,77,D8-K2par-sep_e25_r077,NoiseMixLS,0.509009009009009,17.66441238686179,0.15666666666666668
D8-K2par-sep,0.25,77,D8-K2par-sep_e25_r077,CNmixLS,1.0,0.09070302035904465,0.2866666666666667
D8-K2par-sep,0.3,77,D8-K2par-sep_e30_r077,NoiseMixLS,0.507177033492823,21.16138955720274,0.21666666666666667
D8-K2par-sep,0.3,77,D8-K2par-sep_e30_r077,CNmixLS,1.0,0.07813112176125836,0.3233333333333333
D8-K2par-sep,0.35,77,D8-K2par-sep_e35_r077,NoiseMixLS,0.5472636815920398,19.38191892409273,0.27666666666666667
D8-K2par-sep,0.35,77,D8-K2par-sep_e35_r077,CNmixLS,0.5472636815920398,22.444327117410783,0.25
D2-K3par,0.25,78,D2-K3par_e25_r078,NoiseMixLS,0.3542600896860987,20.325570820842362,0.0
D2-K3par,0.25,78,D2-K3par_e25_r078,CNmixLS,0.3542600896860987,20.32691456902686,0.0
D2-K3par,0.3,78,D2-K3par_e30_r078,NoiseMixLS,0.35353535353535354,20.27145319834964,0.0
D2-K3par,0.3,78,D2-K3par_e30_r078,CNmixLS,0.35353535353535354,20.272061302963426,0.0
D2-K3par,0.35,78,D2-K3par_e35_r078,NoiseMixLS,0.40437158469945356,19.218728890291636,0.0
D2-K3par,0.35,78,D2-K3par_e35_r078,CNmixLS,0.40437158469945356,19.219057582004684,0.0
D8-K2par-sep,0.25,78,D8-K2par-sep_e25_r078,NoiseMixLS,0.5330396475770925,22.808114834359188,0.17333333333333334
D8-K2par-sep,0.25,78,D8-K2par-sep_e25_r078,CNmixLS,1.0,0.1213729056020556,0.2633333333333333
D8-K2par-sep,0.3,78,D8-K2par-sep_e30_r078,NoiseMixLS,0.5258215962441315,12.409400573585536,0.22666666666666666
D8-K2par-sep,0.3,78,D8-K2par-sep_e30_r078,CNmixLS,1.0,0.1263595736152059,0.30666666666666664
D8-K2par-sep,0.35,78,D8-K2par-sep_e35_r078,NoiseMixLS,0.5051546391752577,21.50000910293126,0.30666666666666664
D8-K2par-sep,0.35,78,D8-K2par-sep_e35_r078,CNmixLS,0.5051546391752577,22.786780616380728,0.24666666666666667
D2-K3par,0.25,79,D2-K3par_e25_r079,NoiseMixLS,0.37168141592920356,20.12558824030254,0.0
D2-K3par,0.25,79,D2-K3par_e25_r079,CNmixLS,0.37168141592920356,20.126886406018965,0.0
D2-K3par,0.3,79,D2-K3par_e30_r079,NoiseMixLS,0.35648148148148145,19.43723101900142,0.0
D2-K3par,0.3,79,D2-K3par_e30_r079,CNmixLS,0.35648148148148145,19.43752388676929,0.0
D2-K3par,0.35,79,D2-K3par_e35_r079,NoiseMixLS,0.34375,19.29563130204668,0.0
D2-K3par,0.35,79,D2-K3par_e35_r079,CNmixLS,0.34375,19.296013266371087,0.0
D8-K2par-sep,0.25,79,D8-K2par-sep_e25_r079,NoiseMixLS,0.5043859649122807,19.662749382248187,0.15666666666666668
D8-K2par-sep,0.25,79,D8-K2par-sep_e25_r079,CNmixLS,0.9956140350877193,0.22694796740160195,0.25333333333333335
D8-K2par-sep,0.3,79,D8-K2par-sep_e30_r079,NoiseMixLS,0.5550239234449761,18.878197429123112,0.17
D8-K2par-sep,0.3,79,D8-K2par-sep_e30_r079,CNmixLS,0.9904306220095693,0.09761404079606484,0.3333333333333333
D8-K2par-sep,0.35,79,D8-K2par-sep_e35_r079,NoiseMixLS,0.553921568627451,17.647119812288995,0.20333333333333334
D8-K2par-sep,0.35,79,D8-K2par-sep_e35_r079,CNmixLS,0.9950980392156863,0.1775147902627987,0.36
D2-K3par,0.25,80,D2-K3par_e25_r080,NoiseMixLS,0.3688888888888889,20.266809507374067,0.0
D2-K3par,0.25,80,D2-K3par_e25_r080,CNmixLS,0.3688888888888889,20.26709274707922,0.0
D2-K3par,0.3,80,D2-K3par_e30_r080,NoiseMixLS,0.3744075829383886,18.85195768928464,0.0033333333333333335
D2-K3par,0.3,80,D2-K3par_e30_r080,CNmixLS,0.3744075829383886,18.565286341899125,0.04
D2-K3par,0.35,80,D2-K3par_e35_r080,NoiseMixLS,0.3602150537634409,19.798926668063796,0.0
D2-K3par,0.35,80,D2-K3par_e35_r080,CNmixLS,0.3602150537634409,19.799260638352077,0.0
D8-K2par-sep,0.25,80,D8-K2par-sep_e25_r080,NoiseMixLS,0.5022026431718062,18.822346968694603,0.14666666666666667
D8-K2par-sep,0.25,80,D8-K2par-sep_e25_r080,CNmixLS,0.9955947136563876,0.09511563589290106,0.25333333333333335
D8-K2par-sep,0.3,80,D8-K2par-sep_e30_r080,NoiseMixLS,0.5230769230769231,19.584495775879365,0.26666666666666666
D8-K2par-sep,0.3,80,D8-K2par-sep_e30_r080,CNmixLS,1.0,0.1857523153753009,0.38
D8-K2par-sep,0.35,80,D8-K2par-sep_e35_r080,NoiseMixLS,0.51010101010101,18.235123201572044,0.2
D8-K2par-sep,0.35,80,D8-K2par-sep_e35_r080,CNmixLS,0.9949494949494949,0.14688162916201364,0.36666666666666664
D2-K3par,0.25,81,D2-K3par_e25_r081,NoiseMixLS,0.3393665158371041,18.832844003789003,0.0
D2-K3par,0.25,81,D2-K3par_e25_r081,CNmixLS,0.3393665158371041,18.833178530573957,0.0
D2-K3par,0.3,81,D2-K3par_e30_r081,NoiseMixLS,0.3627906976744186,19.231907843176916,0.0
D2-K3par,0.3,81,D2-K3par_e30_r081,CNmixLS,0.3627906976744186,19.232262146900577,0.0
D2-K3par,0.35,81,D2-K3par_e35_r081,NoiseMixLS,0.3651685393258427,20.3977987165635,0.0
D2-K3par,0.35,81,D2-K3par_e35_r081,CNmixLS,0.3651685393258427,20.39811119263005,0.0
D8-K2par-sep,0.25,81,D8-K2par-sep_e25_r081,NoiseMixLS,0.5221238938053098,17.83664234651901,0.18333333333333332
D8-K2par-sep,0.25,81,D8-K2par-sep_e25_r081,CNmixLS,1.0,0.07056967668802772,0.2633333333333333
D8-K2par-sep,0.3,81,D8-K2par-sep_e30_r081,NoiseMixLS,0.5414634146341464,19.521975833118802,0.22
D8-K2par-sep,0.3,81,D8-K2par-sep_e30_r081,CNmixLS,1.0,0.04312276936545434,0.33
D8-K2par-sep,0.35,81,D8-K2par-sep_e35_r081,NoiseMixLS,0.5396039603960396,17.954972366492044,0.23
D8-K2par-sep,0.35,81,D8-K2par-sep_e35_r081,CNmixLS,0.995049504950495,0.10678825466387742,0.3466666666666667
D2-K3par,0.25,82,D2-K3par_e25_r082,NoiseMixLS,0.40444444444444444,20.27022435562662,0.0
D2-K3par,0.25,82,D2-K3par_e25_r082,CNmixLS,0.40444444444444444,20.270667016113784,0.0
D2-K3par,0.3,82,D2-K3par_e30_r082,NoiseMixLS,0.3349282296650718,19.754307092393905,0.0
D2-K3par,0.3,82,D2-K3par_e30_r082,CNmixLS,0.3349282296650718,19.75469373431146,0.0
D2-K3par,0.35,82,D2-K3par_e35_r082,NoiseMixLS,0.36683417085427134,20.080108452219292,0.0
D2-K3par,0.35,82,D2-K3par_e35_r082,CNmixLS,0.36683417085427134,20.080437504145845,0.0
D8-K2par-sep,0.25,82,D8-K2par-sep_e25_r082,NoiseMixLS,0.5132743362831859,21.849050754315456,0.16666666666666666
D8-K2par-sep,0.25,82,D8-K2par-sep_e25_r082,CNmixLS,0.9911504424778761,0.041820895487208576,0.26666666666666666
D8-K2par-sep,0.3,82,D8-K2par-sep_e30_r082,NoiseMixLS,0.5376884422110553,16.47753499378987,0.25333333333333335
D8-K2par-sep,0.3,82,D8-K2par-sep_e30_r082,CNmixLS,0.9949748743718593,0.17617353179650408,0.36666666666666664
D8-K2par-sep,0.35,82,D8-K2par-sep_e35_r082,NoiseMixLS,0.5129533678756477,18.209774334269923,0.24
D8-K2par-sep,0.35,82,D8-K2par-sep_e35_r082,CNmixLS,1.0,0.07555996763358042,0.37666666666666665
D2-K3par,0.25,83,D2-K3par_e25_r083,NoiseMixLS,0.3482142857142857,19.938776213872732,0.0
D2-K3par,0.25,83,D2-K3par_e25_r083,CNmixLS,0.3482142857142857,19.939447845820478,0.0
D2-K3par,0.3,83,D2-K3par_e30_r083,NoiseMixLS,0.38349514563106796,20.26116482179732,0.0
D2-K3par,0.3,83,D2-K3par_e30_r083,CNmixLS,0.38349514563106796,20.261609653719137,0.0
D2-K3par,0.35,83,D2-K3par_e35_r083,NoiseMixLS,0.3684210526315789,19.454455949975593,0.0
D2-K3par,0.35,83,D2-K3par_e35_r083,CNmixLS,0.3684210526315789,19.454864151232414,0.0
D8-K2par-sep,0.25,83,D8-K2par-sep_e25_r083,NoiseMixLS,0.5045871559633027,19.593103425809087,0.16
D8-K2par-sep,0.25,83,D8-K2par-sep_e25_r083,CNmixLS,1.0,0.04892988182574598,0.29
D8-K2par-sep,0.3,83,D8-K2par-sep_e30_r083,NoiseMixLS,0.5833333333333334,20.669165034337897,0.20666666666666667
D8-K2par-sep,0.3,83,D8-K2par-sep_e30_r083,CNmixLS,1.0,0.06531798084133245,0.33666666666666667
D8-K2par-sep,0.35,83,D8-K2par-sep_e35_r083,NoiseMixLS,0.550561797752809,18.538458151608708,0.24666666666666667
D8-K2par-sep,0.35,83,D8-K2par-sep_e35_r083,CNmixLS,0.9943820224719101,0.1030048200022664,0.42333333333333334
D2-K3par,0.25,84,D2-K3par_e25_r084,NoiseMixLS,0.3888888888888889,19.536152140771073,0.0
D2-K3par,0.25,84,D2-K3par_e25_r084,CNmixLS,0.3888888888888889,19.53663766285968,0.0
D2-K3par,0.3,84,D2-K3par_e30_r084,NoiseMixLS,0.3446601941747573,19.969822678216165,0.0
D2-K3par,0.3,84,D2-K3par_e30_r084,CNmixLS,0.3446601941747573,19.970351300772972,0.0
D2-K3par,0.35,84,D2-K3par_e35_r084,NoiseMixLS,0.38421052631578945,19.02235495226358,0.0
D2-K3par,0.35,84,D2-K3par_e35_r084,CNmixLS,0.38421052631578945,19.022717644157947,0.0
D8-K2par-sep,0.25,84,D8-K2par-sep_e25_r084,NoiseMixLS,0.5348837209302325,18.828112909345084,0.19333333333333333
D8-K2par-sep,0.25,84,D8-K2par-sep_e25_r084,CNmixLS,0.9953488372093023,0.09768041772611058,0.31333333333333335
D8-K2par-sep,0.3,84,D8-K2par-sep_e30_r084,NoiseMixLS,0.5046728971962616,21.176392474564665,0.21666666666666667
D8-K2par-sep,0.3,84,D8-K2par-sep_e30_r084,CNmixLS,0.9953271028037384,0.1017812757566059,0.30333333333333334
D8-K2par-sep,0.35,84,D8-K2par-sep_e35_r084,NoiseMixLS,0.5583756345177665,20.523848659322045,0.22
D8-K2par-sep,0.35,84,D8-K2par-sep_e35_r084,CNmixLS,1.0,0.19018886744691477,0.36
D2-K3par,0.25,85,D2-K3par_e25_r085,NoiseMixLS,0.3826086956521739,19.165128057365447,0.0
D2-K3par,0.25,85,D2-K3par_e25_r085,CNmixLS,0.3826086956521739,19.165980922978374,0.0
D2-K3par,0.3,85,D2-K3par_e30_r085,NoiseMixLS,0.3853658536585366,20.900213069241595,0.0
D2-K3par,0.3,85,D2-K3par_e30_r085,CNmixLS,0.3853658536585366,20.900421499211557,0.0
D2-K3par,0.35,85,D2-K3par_e35_r085,NoiseMixLS,0.3631578947368421,19.415616805027987,0.0
D2-K3par,0.35,85,D2-K3par_e35_r085,CNmixLS,0.3631578947368421,19.41584584932464,0.0
D8-K2par-sep,0.25,85,D8-K2par-sep_e25_r085,NoiseMixLS,0.502092050209205,14.425169095185876,0.17333333333333334
D8-K2par-sep,0.25,85,D8-K2par-sep_e25_r085,CNmixLS,0.99581589958159,0.15703645231254804,0.22333333333333333
D8-K2par-sep,0.3,85,D8-K2par-sep_e30_r085,NoiseMixLS,0.5045454545454545,19.503268916792287,0.19333333333333333
D8-K2par-sep,0.3,85,D8-K2par-sep_e30_r085,CNmixLS,1.0,0.04591475713625259,0.2866666666666667
D8-K2par-sep,0.35,85,D8-K2par-sep_e35_r085,NoiseMixLS,0.5231481481481481,18.86700502445844,0.17333333333333334
D8-K2par-sep,0.35,85,D8-K2par-sep_e35_r085,CNmixLS,0.5231481481481481,19.447401541861268,0.15333333333333332
D2-K3par,0.25,86,D2-K3par_e25_r086,NoiseMixLS,0.3511111111111111,18.76925936011804,0.0
D2-K3par,0.25,86,D2-K3par_e25_r086,CNmixLS,0.3511111111111111,18.769828393252773,0.0
D2-K3par,0.3,86,D2-K3par_e30_r086,NoiseMixLS,0.3470319634703196,19.509510325045927,0.0
D2-K3par,0.3,86,D2-K3par_e30_r086,CNmixLS,0.3470319634703196,19.51004103384459,0.0
D2-K3par,0.35,86,D2-K3par_e35_r086,NoiseMixLS,0.3826530612244898,20.482775557630042,0.0
D2-K3par,0.35,86,D2-K3par_e35_r086,CNmixLS,0.3826530612244898,20.483297953534716,0.0
D8-K2par-sep,0.25,86,D8-K2par-sep_e25_r086,NoiseMixLS,0.5221238938053098,19.39364468887024,0.14333333333333334
D8-K2par-sep,0.25,86,D8-K2par-sep_e25_r086,CNmixLS,1.0,0.10155201985393969,0.26
D8-K2par-sep,0.3,86,D8-K2par-sep_e30_r086,NoiseMixLS,0.5046296296296297,18.329497845166845,0.2
D8-K2par-sep,0.3,86,D8-K2par-sep_e30_r086,CNmixLS,0.5046296296296297,19.095193254284855,0.18666666666666668
D8-K2par-sep,0.35,86,D8-K2par-sep_e35_r086,NoiseMixLS,0.515,20.18361515312863,0.25
D8-K2par-sep,0.35,86,D8-K2par-sep_e35_r086,CNmixLS,0.515,21.348970128233603,0.22333333333333333
D2-K3par,0.25,87,D2-K3par_e25_r087,NoiseMixLS,0.39090909090909093,19.437021257256266,0.0
D2-K3par,0.25,87,D2-K3par_e25_r087,CNmixLS,0.39090909090909093,19.43731313841098,0.0
D2-K3par,0.3,87,D2-K3par_e30_r087,NoiseMixLS,0.3719806763285024,20.1050980734793,0.0
D2-K3par,0.3,87,D2-K3par_e30_r087,CNmixLS,0.3719806763285024,20.105971443826505,0.0
D2-K3par,0.35,87,D2-K3par_e35_r087,NoiseMixLS,0.35135135135135137,20.24659122236961,0.0
D2-K3par,0.35,87,D2-K3par_e35_r087,CNmixLS,0.35135135135135137,20.246780279527062,0.0
D8-K2par-sep,0.25,87,D8-K2par-sep_e25_r087,NoiseMixLS,0.5327510917030568,17.66416861672909,0.18
D8-K2par-sep,0.25,87,D8-K2par-sep_e25_r087,CNmixLS,1.0,0.2168737072723621,0.24666666666666667
D8-K2par-sep,0.3,87,D8-K2par-sep_e30_r087,NoiseMixLS,0.5358851674641149,18.179874619152613,0.20666666666666667
D8-K2par-sep,0.3,87,D8-K2par-sep_e30_r087,CNmixLS,1.0,0.18586378008861493,0.33
D8-K2par-sep,0.35,87,D8-K2par-sep_e35_r087,NoiseMixLS,0.5243243243243243,18.14741508333667,0.2633333333333333
D8-K2par-sep,0.35,87,D8-K2par-sep_e35_r087,CNmixLS,1.0,0.13045870960562134,0.42
D2-K3par,0.25,88,D2-K3par_e25_r088,NoiseMixLS,0.3542600896860987,19.415933874975092,0.0
D2-K3par,0.25,88,D2-K3par_e25_r088,CNmixLS,0.3542600896860987,19.416339982133803,0.0
D2-K3par,0.3,88,D2-K3par_e30_r088,NoiseMixLS,0.39408866995073893,20.009819026110875,0.0
D2-K3par,0.3,88,D2-K3par_e30_r088,CNmixLS,0.39408866995073893,20.010280616581497,0.0
D2-K3par,0.35,88,D2-K3par_e35_r088,NoiseMixLS,0.3520408163265306,19.945848478245995,0.0
D2-K3par,0.35,88,D2-K3par_e35_r088,CNmixLS,0.3520408163265306,19.94627657616369,0.0
D8-K2par-sep,0.25,88,D8-K2par-sep_e25_r088,NoiseMixLS,0.5381165919282511,22.8588148374543,0.17
D8-K2par-sep,0.25,88,D8-K2par-sep_e25_r088,CNmixLS,1.0,0.10002011292781698,0.26
D8-K2par-sep,0.3,88,D8-K2par-sep_e30_r088,NoiseMixLS,0.5544041450777202,18.303526534517914,0.22666666666666666
D8-K2par-sep,0.3,88,D8-K2par-sep_e30_r088,CNmixLS,0.5544041450777202,19.719969323517475,0.22333333333333333
D8-K2par-sep,0.35,88,D8-K2par-sep_e35_r088,NoiseMixLS,0.5282051282051282,20.121954105219228,0.21666666666666667
D8-K2par-sep,0.35,88,D8-K2par-sep_e35_r088,CNmixLS,0.9948717948717949,0.1480861645324545,0.38666666666666666
D2-K3par,0.25,89,D2-K3par_e25_r089,NoiseMixLS,0.3656387665198238,20.44868556208462,0.0
D2-K3par,0.25,89,D2-K3par_e25_r089,CNmixLS,0.3656387665198238,20.44955492641655,0.0
D2-K3par,0.3,89,D2-K3par_e30_r089,NoiseMixLS,0.36018957345971564,19.348808514061016,0.0
D2-K3par,0.3,89,D2-K3par_e30_r089,CNmixLS,0.36018957345971564,19.349116703853966,0.0
D2-K3par,0.35,89,D2-K3par_e35_r089,NoiseMixLS,0.35406698564593303,20.644078956422955,0.0
D2-K3par,0.35,89,D2-K3par_e35_r089,CNmixLS,0.35406698564593303,20.644605200117976,0.0
D8-K2par-sep,0.25,89,D8-K2par-sep_e25_r089,NoiseMixLS,0.5434782608695652,17.58453153155621,0.13666666666666666
D8-K2par-sep,0.25,89,D8-K2par-sep_e25_r089,CNmixLS,1.0,0.11223649690660775,0.24333333333333335
D8-K2par-sep,0.3,89,D8-K2par-sep_e30_r089,NoiseMixLS,0.5476190476190477,21.97263328204427,0.19
D8-K2par-sep,0.3,89,D8-K2par-sep_e30_r089,CNmixLS,1.0,0.09375226861944208,0.32
D8-K2par-sep,0.35,89,D8-K2par-sep_e35_r089,NoiseMixLS,0.5081081081081081,19.588501331579774,0.3233333333333333
D8-K2par-sep,0.35,89,D8-K2par-sep_e35_r089,CNmixLS,1.0,0.041061183269109236,0.4033333333333333
D2-K3par,0.25,90,D2-K3par_e25_r090,NoiseMixLS,0.39351851851851855,19.514300075701804,0.0
D2-K3par,0.25,90,D2-K3par_e25_r090,CNmixLS,0.39351851851851855,19.515136455730318,0.0
D2-K3par,0.3,90,D2-K3par_e30_r090,NoiseMixLS,0.34299516908212563,20.19202286631732,0.0
D2-K3par,0.3,90,D2-K3par_e30_r090,CNmixLS,0.34299516908212563,20.19248128024243,0.0
D2-K3par,0.35,90,D2-K3par_e35_r090,NoiseMixLS,0.3837837837837838,19.77396953365374,0.0
D2-K3par,0.35,90,D2-K3par_e35_r090,CNmixLS,0.3837837837837838,19.774300493344345,0.0
D8-K2par-sep,0.25,90,D8-K2par-sep_e25_r090,NoiseMixLS,0.5381165919282511,20.819465443513796,0.17333333333333334
D8-K2par-sep,0.25,90,D8-K2par-sep_e25_r090,CNmixLS,1.0,0.17584911137702974,0.28
D8-K2par-sep,0.3,90,D8-K2par-sep_e30_r090,NoiseMixLS,0.5024390243902439,18.756742514607275,0.18333333333333332
D8-K2par-sep,0.3,90,D8-K2par-sep_e30_r090,CNmixLS,1.0,0.21493708393633248,0.33666666666666667
D8-K2par-sep,0.35,90,D8-K2par-sep_e35_r090,NoiseMixLS,0.5706806282722513,21.646699656030773,0.27666666666666667
D8-K2par-sep,0.35,90,D8-K2par-sep_e35_r090,CNmixLS,1.0,0.1163116538342921,0.39
D2-K3par,0.25,91,D2-K3par_e25_r091,NoiseMixLS,0.3615023474178404,19.677645812262647,0.0
D2-K3par,0.25,91,D2-K3par_e25_r091,CNmixLS,0.3615023474178404,19.678531867123816,0.0
D2-K3par,0.3,91,D2-K3par_e30_r091,NoiseMixLS,0.3425925925925926,20.075094369615478,0.0
D2-K3par,0.3,91,D2-K3par_e30_r091,CNmixLS,0.3425925925925926,20.0756482770867,0.0
D2-K3par,0.35,91,D2-K3par_e35_r091,NoiseMixLS,0.3417085427135678,20.04656498831542,0.0
D2-K3par,0.35,91,D2-K3par_e35_r091,CNmixLS,0.3417085427135678,20.046917271581073,0.0
D8-K2par-sep,0.25,91,D8-K2par-sep_e25_r091,NoiseMixLS,0.5132743362831859,25.361080248382777,0.20666666666666667
D8-K2par-sep,0.25,91,D8-K2par-sep_e25_r091,CNmixLS,1.0,0.1395771374200101,0.2633333333333333
D8-K2par-sep,0.3,91,D8-K2par-sep_e30_r091,NoiseMixLS,0.5217391304347826,17.682954800293313,0.21
D8-K2par-sep,0.3,91,D8-K2par-sep_e30_r091,CNmixLS,1.0,0.0753255537608788,0.3333333333333333
D8-K2par-sep,0.35,91,D8-K2par-sep_e35_r091,NoiseMixLS,0.5309278350515464,19.642264849279336,0.24666666666666667
D8-K2par-sep,0.35,91,D8-K2par-sep_e35_r091,CNmixLS,1.0,0.10212982207674148,0.38666666666666666
D2-K3par,0.25,92,D2-K3par_e25_r092,NoiseMixLS,0.36909871244635195,19.109907085146062,0.0
D2-K3par,0.25,92,D2-K3par_e25_r092,CNmixLS,0.36909871244635195,19.110645057255578,0.0
D2-K3par,0.3,92,D2-K3par_e30_r092,NoiseMixLS,0.3640776699029126,18.754336624123624,0.0
D2-K3par,0.3,92,D2-K3par_e30_r092,CNmixLS,0.3640776699029126,18.755053335059618,0.0
D2-K3par,0.35,92,D2-K3par_e35_r092,NoiseMixLS,0.365,20.38798411630145,0.0
D2-K3par,0.35,92,D2-K3par_e35_r092,CNmixLS,0.365,20.38851121942596,0.0
D8-K2par-sep,0.25,92,D8-K2par-sep_e25_r092,NoiseMixLS,0.5022421524663677,19.38152713959828,0.18
D8-K2par-sep,0.25,92,D8-K2par-sep_e25_r092,CNmixLS,0.9910313901345291,0.08544175096854822,0.27666666666666667
D8-K2par-sep,0.3,92,D8-K2par-sep_e30_r092,NoiseMixLS,0.5533980582524272,19.46348671462517,0.21666666666666667
D8-K2par-sep,0.3,92,D8-K2par-sep_e30_r092,CNmixLS,1.0,0.06876313522815014,0.3333333333333333
D8-K2par-sep,0.35,92,D8-K2par-sep_e35_r092,NoiseMixLS,0.5105263157894737,21.374706453349994,0.27
D8-K2par-sep,0.35,92,D8-K2par-sep_e35_r092,CNmixLS,1.0,0.09599379583395651,0.39666666666666667
D2-K3par,0.25,93,D2-K3par_e25_r093,NoiseMixLS,0.39111111111111113,20.84370187529644,0.0
D2-K3par,0.25,93,D2-K3par_e25_r093,CNmixLS,0.39111111111111113,20.844523927930304,0.0
D2-K3par,0.3,93,D2-K3par_e30_r093,NoiseMixLS,0.35135135135135137,19.96703836824494,0.0
D2-K3par,0.3,93,D2-K3par_e30_r093,CNmixLS,0.35135135135135137,19.967787400573002,0.0
D2-K3par,0.35,93,D2-K3par_e35_r093,NoiseMixLS,0.35175879396984927,20.24362170101521,0.0
D2-K3par,0.35,93,D2-K3par_e35_r093,CNmixLS,0.35175879396984927,20.244013771228484,0.0
D8-K2par-sep,0.25,93,D8-K2par-sep_e25_r093,NoiseMixLS,0.5045871559633027,21.599685371902154,0.2
D8-K2par-sep,0.25,93,D8-K2par-sep_e25_r093,CNmixLS,1.0,0.11189604429084898,0.2833333333333333
D8-K2par-sep,0.3,93,D8-K2par-sep_e30_r093,NoiseMixLS,0.5362318840579711,19.878383913479162,0.21333333333333335
D8-K2par-sep,0.3,93,D8-K2par-sep_e30_r093,CNmixLS,1.0,0.10367110264931112,0.3233333333333333
D8-K2par-sep,0.35,93,D8-K2par-sep_e35_r093,NoiseMixLS,0.5515463917525774,18.867889179412533,0.20333333333333334
D8-K2par-sep,0.35,93,D8-K2par-sep_e35_r093,CNmixLS,1.0,0.09776329022699937,0.36666666666666664
D2-K3par,0.25,94,D2-K3par_e25_r094,NoiseMixLS,0.3574660633484163,20.043975664164044,0.0
D2-K3par,0.25,94,D2-K3par_e25_r094,CNmixLS,0.3574660633484163,20.044182758430082,0.0
D2-K3par,0.3,94,D2-K3par_e30_r094,NoiseMixLS,0.3813953488372093,19.117920366374246,0.0
D2-K3par,0.3,94,D2-K3par_e30_r094,CNmixLS,0.3813953488372093,19.11872206488385,0.0
D2-K3par,0.35,94,D2-K3par_e35_r094,NoiseMixLS,0.3694581280788177,19.850591269046426,0.0
D2-K3par,0.35,94,D2-K3par_e35_r094,CNmixLS,0.3694581280788177,19.850992716051614,0.0
D8-K2par-sep,0.25,94,D8-K2par-sep_e25_r094,NoiseMixLS,0.5159817351598174,17.30975955954016,0.22
D8-K2par-sep,0.25,94,D8-K2par-sep_e25_r094,CNmixLS,0.9954337899543378,0.13503567740418898,0.2866666666666667
D8-K2par-sep,0.3,94,D8-K2par-sep_e30_r094,NoiseMixLS,0.5192307692307693,20.683544611023258,0.2
D8-K2par-sep,0.3,94,D8-K2par-sep_e30_r094,CNmixLS,0.9951923076923077,0.08440585792428434,0.31666666666666665
D8-K2par-sep,0.35,94,D8-K2par-sep_e35_r094,NoiseMixLS,0.5157894736842106,19.8854167887715,0.27666666666666667
D8-K2par-sep,0.35,94,D8-K2par-sep_e35_r094,CNmixLS,1.0,0.09380982881029376,0.39
D2-K3par,0.25,95,D2-K3par_e25_r095,NoiseMixLS,0.4090909090909091,20.134013279516765,0.0
D2-K3par,0.25,95,D2-K3par_e25_r095,CNmixLS,0.4090909090909091,20.134724224077814,0.0
D2-K3par,0.3,95,D2-K3par_e30_r095,NoiseMixLS,0.3817204301075269,19.193832698435482,0.0
D2-K3par,0.3,95,D2-K3par_e30_r095,CNmixLS,0.3817204301075269,19.194049228530435,0.0
D2-K3par,0.35,95,D2-K3par_e35_r095,NoiseMixLS,0.3612565445026178,19.805598326921537,0.0
D2-K3par,0.35,95,D2-K3par_e35_r095,CNmixLS,0.3612565445026178,19.805910271019453,0.0
D8-K2par-sep,0.25,95,D8-K2par-sep_e25_r095,NoiseMixLS,0.5627906976744186,18.685225296989525,0.21
D8-K2par-sep,0.25,95,D8-K2par-sep_e25_r095,CNmixLS,1.0,0.12905594615943072,0.3
D8-K2par-sep,0.3,95,D8-K2par-sep_e30_r095,NoiseMixLS,0.5072463768115942,19.022024743290753,0.19666666666666666
D8-K2par-sep,0.3,95,D8-K2par-sep_e30_r095,CNmixLS,0.9951690821256038,0.11655367686746843,0.3333333333333333
D8-K2par-sep,0.35,95,D8-K2par-sep_e35_r095,NoiseMixLS,0.5129533678756477,20.809673048580677,0.28
D8-K2par-sep,0.35,95,D8-K2par-sep_e35_r095,CNmixLS,1.0,0.16868580110404796,0.38
D2-K3par,0.25,96,D2-K3par_e25_r096,NoiseMixLS,0.36036036036036034,19.386987835069515,0.0
D2-K3par,0.25,96,D2-K3par_e25_r096,CNmixLS,0.36036036036036034,19.38761239022375,0.0
D2-K3par,0.3,96,D2-K3par_e30_r096,NoiseMixLS,0.38164251207729466,19.471355076582164,0.0
D2-K3par,0.3,96,D2-K3par_e30_r096,CNmixLS,0.38164251207729466,19.471577350324136,0.0
D2-K3par,0.35,96,D2-K3par_e35_r096,NoiseMixLS,0.4031413612565445,19.605712771252158,0.0
D2-K3par,0.35,96,D2-K3par_e35_r096,CNmixLS,0.4031413612565445,19.606040657237234,0.05333333333333334
D8-K2par-sep,0.25,96,D8-K2par-sep_e25_r096,NoiseMixLS,0.5163934426229508,20.80126111164994,0.11
D8-K2par-sep,0.25,96,D8-K2par-sep_e25_r096,CNmixLS,1.0,0.12197411450778484,0.2
D8-K2par-sep,0.3,96,D8-K2par-sep_e30_r096,NoiseMixLS,0.5283018867924528,19.03660368920247,0.24666666666666667
D8-K2par-sep,0.3,96,D8-K2par-sep_e30_r096,CNmixLS,1.0,0.12835103084054866,0.31333333333333335
D8-K2par-sep,0.35,96,D8-K2par-sep_e35_r096,NoiseMixLS,0.5252525252525253,20.793954531183175,0.27
D8-K2par-sep,0.35,96,D8-K2par-sep_e35_r096,CNmixLS,0.9949494949494949,0.13373539011780433,0.37333333333333335
D2-K3par,0.25,97,D2-K3par_e25_r097,NoiseMixLS,0.3565217391304348,19.778182316951213,0.0
D2-K3par,0.25,97,D2-K3par_e25_r097,CNmixLS,0.3565217391304348,19.778733559952215,0.0
D2-K3par,0.3,97,D2-K3par_e30_r097,NoiseMixLS,0.37681159420289856,19.584459963280235,0.0
D2-K3par,0.3,97,D2-K3par_e30_r097,CNmixLS,0.37681159420289856,19.585049633988536,0.0
D2-K3par,0.35,97,D2-K3par_e35_r097,NoiseMixLS,0.3434343434343434,18.73411831444456,0.0
D2-K3par,0.35,97,D2-K3par_e35_r097,CNmixLS,0.3434343434343434,18.734578872778833,0.0
D8-K2par-sep,0.25,97,D8-K2par-sep_e25_r097,NoiseMixLS,0.5225225225225225,19.894161576549884,0.24333333333333335
D8-K2par-sep,0.25,97,D8-K2par-sep_e25_r097,CNmixLS,0.9954954954954955,0.07995502782752895,0.27666666666666667
D8-K2par-sep,0.3,97,D8-K2par-sep_e30_r097,NoiseMixLS,0.5388127853881278,18.048667805451196,0.19333333333333333
D8-K2par-sep,0.3,97,D8-K2par-sep_e30_r097,CNmixLS,1.0,0.10617201022490219,0.2833333333333333
D8-K2par-sep,0.35,97,D8-K2par-sep_e35_r097,NoiseMixLS,0.5170731707317073,18.486592448816786,0.23666666666666666
D8-K2par-sep,0.35,97,D8-K2par-sep_e35_r097,CNmixLS,0.5170731707317073,20.909858778665875,0.19666666666666666
D2-K3par,0.25,98,D2-K3par_e25_r098,NoiseMixLS,0.4192139737991266,19.539274191749172,0.0
D2-K3par,0.25,98,D2-K3par_e25_r098,CNmixLS,0.4192139737991266,19.53933383891025,0.0
D2-K3par,0.3,98,D2-K3par_e30_r098,NoiseMixLS,0.3925233644859813,19.721753946563325,0.0
D2-K3par,0.3,98,D2-K3par_e30_r098,CNmixLS,0.3925233644859813,19.721754178305005,0.0
D2-K3par,0.35,98,D2-K3par_e35_r098,NoiseMixLS,0.3626943005181347,19.841144762791718,0.0
D2-K3par,0.35,98,D2-K3par_e35_r098,CNmixLS,0.3626943005181347,19.84142203322154,0.0
D8-K2par-sep,0.25,98,D8-K2par-sep_e25_r098,NoiseMixLS,0.5319148936170213,19.649564580371443,0.14333333333333334
D8-K2par-sep,0.25,98,D8-K2par-sep_e25_r098,CNmixLS,0.9957446808510638,0.0668748450047798,0.23
D8-K2par-sep,0.3,98,D8-K2par-sep_e30_r098,NoiseMixLS,0.5893719806763285,26.215781290989185,0.26666666666666666
D8-K2par-sep,0.3,98,D8-K2par-sep_e30_r098,CNmixLS,0.5893719806763285,20.91004188288356,0.22
D8-K2par-sep,0.35,98,D8-K2par-sep_e35_r098,NoiseMixLS,0.5,21.241713686091064,0.25666666666666665
D8-K2par-sep,0.35,98,D8-K2par-sep_e35_r098,CNmixLS,0.5,20.797901868649713,0.28
D2-K3par,0.25,99,D2-K3par_e25_r099,NoiseMixLS,0.35909090909090907,20.26777225679424,0.0
D2-K3par,0.25,99,D2-K3par_e25_r099,CNmixLS,0.35909090909090907,20.268400526805507,0.0
D2-K3par,0.3,99,D2-K3par_e30_r099,NoiseMixLS,0.386046511627907,19.483816933978908,0.0
D2-K3par,0.3,99,D2-K3par_e30_r099,CNmixLS,0.386046511627907,19.484290310469717,0.0
D2-K3par,0.35,99,D2-K3par_e35_r099,NoiseMixLS,0.3879781420765027,19.239728619215974,0.0
D2-K3par,0.35,99,D2-K3par_e35_r099,CNmixLS,0.3879781420765027,19.446934269927702,0.016666666666666666
D8-K2par-sep,0.25,99,D8-K2par-sep_e25_r099,NoiseMixLS,0.5296803652968036,17.227642320747005,0.19666666666666666
D8-K2par-sep,0.25,99,D8-K2par-sep_e25_r099,CNmixLS,1.0,0.09040046410244029,0.29333333333333333
D8-K2par-sep,0.3,99,D8-K2par-sep_e30_r099,NoiseMixLS,0.5395348837209303,20.164360377526233,0.18333333333333332
D8-K2par-sep,0.3,99,D8-K2par-sep_e30_r099,CNmixLS,1.0,0.05981020543625859,0.30666666666666664
D8-K2par-sep,0.35,99,D8-K2par-sep_e35_r099,NoiseMixLS,0.5053763440860215,18.901731849323962,0.22333333333333333
D8-K2par-sep,0.35,99,D8-K2par-sep_e35_r099,CNmixLS,0.5053763440860215,19.774016157236474,0.19333333333333333
