design,eps,rep,unit,method,acc,perr,fail,ahat,time
D1-K2cross,0.25,0,D1-K2cross_e25_r000,NoiseMix100,0.9094827586206896,0.06870121634543322,False,0.23,0.13404666400128917
D1-K2cross,0.3,0,D1-K2cross_e30_r000,NoiseMix100,0.5265700483091788,23.721657389817434,True,0.20333333333333334,0.13016437999976915
D1-K2cross,0.35,0,D1-K2cross_e35_r000,NoiseMix100,0.553763440860215,22.60879646364617,True,0.24,0.1225668040005985
D2-K3par,0.25,0,D2-K3par_e25_r000,NoiseMix100,0.39351851851851855,18.434507714158364,True,0.0,0.15965942000002542
D2-K3par,0.3,0,D2-K3par_e30_r000,NoiseMix100,0.357487922705314,20.367309305636393,True,0.0,0.19344804499996826
D2-K3par,0.35,0,D2-K3par_e35_r000,NoiseMix100,0.38461538461538464,20.848809901998344,True,0.0,0.1880583439997281
D3-unequal,0.25,0,D3-unequal_e25_r000,NoiseMix100,0.8982300884955752,0.2193978840179509,False,0.2633333333333333,0.1261998179998045
D3-unequal,0.3,0,D3-unequal_e30_r000,NoiseMix100,0.6747572815533981,18.787859901144515,True,0.44333333333333336,0.13668786200105387
D3-unequal,0.35,0,D3-unequal_e35_r000,NoiseMix100,0.6958762886597938,25.954602472363025,True,0.4066666666666667,0.13353688699862687
D4-hetero,0.25,0,D4-hetero_e25_r000,NoiseMix100,0.9095022624434389,0.3590719752809165,False,0.2733333333333333,0.1518958759988891
D4-hetero,0.3,0,D4-hetero_e30_r000,NoiseMix100,0.5588235294117647,19.414583298468113,True,0.23,0.16249786600019434
D4-hetero,0.35,0,D4-hetero_e35_r000,NoiseMix100,0.5129533678756477,20.58829399118463,True,0.26,0.13712793299964687
D5-leverage,0.25,0,D5-leverage_e25_r000,NoiseMix100,0.9316239316239316,1.380486934199119,False,0.0,0.1441794390011637
D5-leverage,0.3,0,D5-leverage_e30_r000,NoiseMix100,0.8738317757009346,1.5110803323154227,False,0.0,0.22016600900133199
D5-leverage,0.35,0,D5-leverage_e35_r000,NoiseMix100,0.5425531914893617,3.9735452481731035,True,0.0,0.14364739799930248
D6-uniform,0.25,0,D6-uniform_e25_r000,NoiseMix100,0.9385964912280702,0.13933768076269784,False,0.30666666666666664,0.15962692799985234
D6-uniform,0.3,0,D6-uniform_e30_r000,NoiseMix100,0.9047619047619048,0.12442209395747328,False,0.3933333333333333,0.2058274259998143
D6-uniform,0.35,0,D6-uniform_e35_r000,NoiseMix100,0.9052631578947369,0.10159487165926895,False,0.5533333333333333,0.18962283799919533
D7-p3,0.25,0,D7-p3_e25_r000,NoiseMix100,0.9177489177489178,0.2766687881957776,False,0.24,0.15075875100046687
D7-p3,0.3,0,D7-p3_e30_r000,NoiseMix100,0.5317073170731708,10.489810306109423,True,0.2833333333333333,0.15009217000078934
D7-p3,0.35,0,D7-p3_e35_r000,NoiseMix100,0.546448087431694,2.8999081568244542,True,0.006666666666666667,0.2031728710007883
D8-K2par-sep,0.25,0,D8-K2par-sep_e25_r000,NoiseMix100,0.5209302325581395,18.075383047214707,True,0.21333333333333335,0.1299739429996407
D8-K2par-sep,0.3,0,D8-K2par-sep_e30_r000,NoiseMix100,0.5023474178403756,18.744012763295512,True,0.18,0.1256856769996375
D8-K2par-sep,0.35,0,D8-K2par-sep_e35_r000,NoiseMix100,0.533678756476684,17.65904675871469,True,0.2733333333333333,0.14088933399943926
D1-K2cross,0.25,1,D1-K2cross_e25_r001,NoiseMix100,0.918918918918919,0.048264836564513955,False,0.27,0.13351712499934365
D1-K2cross,0.3,1,D1-K2cross_e30_r001,NoiseMix100,0.9409090909090909,0.2784658891848262,False,0.2733333333333333,0.13791430900164414
D1-K2cross,0.35,1,D1-K2cross_e35_r001,NoiseMix100,0.515,21.604849435797316,True,0.25,0.13839291099975526
D2-K3par,0.25,1,D2-K3par_e25_r001,NoiseMix100,0.37662337662337664,19.62535852722663,True,0.0,0.1793654670000251
D2-K3par,0.3,1,D2-K3par_e30_r001,NoiseMix100,0.4120603015075377,19.221593073882932,True,0.0,0.1849579800000356
D2-K3par,0.35,1,D2-K3par_e35_r001,NoiseMix100,0.35978835978835977,20.013746421035368,True,0.0,0.18359117200088804
D3-unequal,0.25,1,D3-unequal_e25_r001,NoiseMix100,0.9464285714285714,0.07986281976659529,False,0.26,0.1499147289996472
D3-unequal,0.3,1,D3-unequal_e30_r001,NoiseMix100,0.9112149532710281,0.26485137092315264,False,0.29,0.13777671599928
D3-unequal,0.35,1,D3-unequal_e35_r001,NoiseMix100,0.7512437810945274,21.39275913506348,False,0.37,0.14247822600009385
D4-hetero,0.25,1,D4-hetero_e25_r001,NoiseMix100,0.908675799086758,0.17526802269964065,False,0.28,0.13461016699875472
D4-hetero,0.3,1,D4-hetero_e30_r001,NoiseMix100,0.5652173913043478,20.845640997372044,True,0.2633333333333333,0.131344084000375
D4-hetero,0.35,1,D4-hetero_e35_r001,NoiseMix100,0.5860215053763441,24.406131363289813,True,0.29,0.1815883159997611
D5-leverage,0.25,1,D5-leverage_e25_r001,NoiseMix100,0.8482142857142857,1.4953735730132611,False,0.0,0.20376061000024492
D5-leverage,0.3,1,D5-leverage_e30_r001,NoiseMix100,0.8504672897196262,1.5474535548001933,False,0.0,0.24711444700005814
D5-leverage,0.35,1,D5-leverage_e35_r001,NoiseMix100,0.5621621621621622,2.4141672610460527,True,0.0,0.18017462300122133
D6-uniform,0.25,1,D6-uniform_e25_r001,NoiseMix100,0.8687782805429864,0.26684671946874905,False,0.33666666666666667,0.1467532429996936
D6-uniform,0.3,1,D6-uniform_e30_r001,NoiseMix100,0.9032258064516129,0.23183104290325707,False,0.36333333333333334,0.159148547998484
D6-uniform,0.35,1,D6-uniform_e35_r001,NoiseMix100,0.6120218579234973,5.107602972472975,True,0.11666666666666667,0.2335094570007641
D7-p3,0.25,1,D7-p3_e25_r001,NoiseMix100,0.9155555555555556,0.1292462107573648,False,0.25333333333333335,0.21157383599893365
D7-p3,0.3,1,D7-p3_e30_r001,NoiseMix100,0.5360824742268041,22.396355132363684,True,0.22333333333333333,0.19665817399982188
D7-p3,0.35,1,D7-p3_e35_r001,NoiseMix100,0.5132275132275133,17.996897412197335,True,0.24333333333333335,0.17897366600118403
D8-K2par-sep,0.25,1,D8-K2par-sep_e25_r001,NoiseMix100,0.5067873303167421,22.710060787932242,True,0.19333333333333333,0.15413508100027684
D8-K2par-sep,0.3,1,D8-K2par-sep_e30_r001,NoiseMix100,0.5116279069767442,19.26210174009891,True,0.15666666666666668,0.16804663000039
D8-K2par-sep,0.35,1,D8-K2par-sep_e35_r001,NoiseMix100,0.5247524752475248,18.73057017964772,True,0.17,0.1809440539982461
D1-K2cross,0.25,2,D1-K2cross_e25_r002,NoiseMix100,0.9519650655021834,0.14510221979514595,False,0.24333333333333335,0.15841892900061794
D1-K2cross,0.3,2,D1-K2cross_e30_r002,NoiseMix100,0.5119617224880383,22.276331921781043,True,0.16333333333333333,0.155183182001565
D1-K2cross,0.35,2,D1-K2cross_e35_r002,NoiseMix100,0.5103092783505154,22.24416751931428,True,0.21333333333333335,0.16557898199971532
D2-K3par,0.25,2,D2-K3par_e25_r002,NoiseMix100,0.352112676056338,19.783600385390727,True,0.0,0.2586176490003709
D2-K3par,0.3,2,D2-K3par_e30_r002,NoiseMix100,0.3568075117370892,20.213915575004584,True,0.0,0.24439578800047457
D2-K3par,0.35,2,D2-K3par_e35_r002,NoiseMix100,0.3939393939393939,20.21296589931961,True,0.0,0.19200747799914097
D3-unequal,0.25,2,D3-unequal_e25_r002,NoiseMix100,0.8958333333333334,0.16617352634199548,False,0.20333333333333334,0.14141258800009382
D3-unequal,0.3,2,D3-unequal_e30_r002,NoiseMix100,0.6634146341463415,21.534262698764792,True,0.18333333333333332,0.133155784000337
D3-unequal,0.35,2,D3-unequal_e35_r002,NoiseMix100,0.7368421052631579,20.35176925159078,False,0.41,0.14471222900101566
D4-hetero,0.25,2,D4-hetero_e25_r002,NoiseMix100,0.9152542372881356,0.060474180351687265,False,0.21666666666666667,0.13095168200015905
D4-hetero,0.3,2,D4-hetero_e30_r002,NoiseMix100,0.5072463768115942,24.260994545643015,True,0.22,0.14025082099942665
D4-hetero,0.35,2,D4-hetero_e35_r002,NoiseMix100,0.5081081081081081,21.13422626888526,True,0.2966666666666667,0.1299539999999979
D5-leverage,0.25,2,D5-leverage_e25_r002,NoiseMix100,0.8528138528138528,1.4354494354347076,False,0.0,0.20311321999906795
D5-leverage,0.3,2,D5-leverage_e30_r002,NoiseMix100,0.5120772946859904,2.818082279598765,True,0.0033333333333333335,0.2068121299998893
D5-leverage,0.35,2,D5-leverage_e35_r002,NoiseMix100,0.5151515151515151,3.330133372421673,True,0.0,0.21867781400032982
D6-uniform,0.25,2,D6-uniform_e25_r002,NoiseMix100,0.908256880733945,0.4305029423154829,False,0.39,0.16748860999905446
D6-uniform,0.3,2,D6-uniform_e30_r002,NoiseMix100,0.8990825688073395,0.15358950098419352,False,0.36,0.16011967099984759
D6-uniform,0.35,2,D6-uniform_e35_r002,NoiseMix100,0.8979591836734694,0.2162669361327852,False,0.44,0.15133395500015467
D7-p3,0.25,2,D7-p3_e25_r002,NoiseMix100,0.9213973799126638,0.09135740333639297,False,0.24333333333333335,0.1684720470002503
D7-p3,0.3,2,D7-p3_e30_r002,NoiseMix100,0.5550239234449761,6.617070713621468,True,0.25666666666666665,0.18066515999998956
D7-p3,0.35,2,D7-p3_e35_r002,NoiseMix100,0.5025906735751295,21.84049548421599,True,0.23666666666666666,0.16765944600047078
D8-K2par-sep,0.25,2,D8-K2par-sep_e25_r002,NoiseMix100,0.5560538116591929,18.57098701057831,True,0.16,0.15372100600143312
D8-K2par-sep,0.3,2,D8-K2par-sep_e30_r002,NoiseMix100,0.5123152709359606,19.024004758643922,True,0.21,0.16056688199932978
D8-K2par-sep,0.35,2,D8-K2par-sep_e35_r002,NoiseMix100,0.5123152709359606,19.92529963432521,True,0.17,0.18179126199902385
D1-K2cross,0.25,3,D1-K2cross_e25_r003,NoiseMix100,0.5116279069767442,22.94405348601717,True,0.16666666666666666,0.3031925390005199
D1-K2cross,0.3,3,D1-K2cross_e30_r003,NoiseMix100,0.5288461538461539,22.80140019299432,True,0.23666666666666666,0.15836051400037832
D1-K2cross,0.35,3,D1-K2cross_e35_r003,NoiseMix100,0.5077720207253886,23.246477421861318,True,0.21666666666666667,0.1520720970002003
D2-K3par,0.25,3,D2-K3par_e25_r003,NoiseMix100,0.37735849056603776,20.166431056630053,True,0.0,0.18444607099991117
D2-K3par,0.3,3,D2-K3par_e30_r003,NoiseMix100,0.38071065989847713,19.603840739843914,True,0.0,0.19827445299961255
D2-K3par,0.35,3,D2-K3par_e35_r003,NoiseMix100,0.38990825688073394,20.298978363254825,True,0.0,0.167098662999706
D3-unequal,0.25,3,D3-unequal_e25_r003,NoiseMix100,0.9279279279279279,0.05412625525179947,False,0.26,0.12991263200092362
D3-unequal,0.3,3,D3-unequal_e30_r003,NoiseMix100,0.7102803738317757,24.777086744340842,False,0.3333333333333333,0.15200290699976904
D3-unequal,0.35,3,D3-unequal_e35_r003,NoiseMix100,0.7365591397849462,22.154067353171058,False,0.43,0.13451626099958958
D4-hetero,0.25,3,D4-hetero_e25_r003,NoiseMix100,0.9299065420560748,0.07508265957588443,False,0.29333333333333333,0.13163034899844206
D4-hetero,0.3,3,D4-hetero_e30_r003,NoiseMix100,0.919047619047619,0.1505967009319045,False,0.30666666666666664,0.12741339700005483
D4-hetero,0.35,3,D4-hetero_e35_r003,NoiseMix100,0.5608465608465608,23.00184973574741,True,0.22333333333333333,0.1215135239999654
D5-leverage,0.25,3,D5-leverage_e25_r003,NoiseMix100,0.8739130434782608,1.3695398095296232,False,0.0,0.1505598559997452
D5-leverage,0.3,3,D5-leverage_e30_r003,NoiseMix100,0.8544600938967136,1.431088404614059,False,0.0,0.14705423200030054
D5-leverage,0.35,3,D5-leverage_e35_r003,NoiseMix100,0.5105263157894737,2.24976846667021,True,0.0,0.1436211149994051
D6-uniform,0.25,3,D6-uniform_e25_r003,NoiseMix100,0.9136363636363637,0.10723044013724592,False,0.33,0.13753003000056196
D6-uniform,0.3,3,D6-uniform_e30_r003,NoiseMix100,0.910377358490566,0.18713349280924482,False,0.38,0.12696017500093149
D6-uniform,0.35,3,D6-uniform_e35_r003,NoiseMix100,0.9346733668341709,0.2638923629691919,False,0.44,0.16270314900066296
D7-p3,0.25,3,D7-p3_e25_r003,NoiseMix100,0.9181034482758621,0.07841192166895392,False,0.23,0.20978155999910086
D7-p3,0.3,3,D7-p3_e30_r003,NoiseMix100,0.5023696682464455,7.375276275783337,True,0.24666666666666667,0.2740297260006628
D7-p3,0.35,3,D7-p3_e35_r003,NoiseMix100,0.5175879396984925,10.391717513919204,True,0.2866666666666667,0.14352306199907616
D8-K2par-sep,0.25,3,D8-K2par-sep_e25_r003,NoiseMix100,0.5022421524663677,21.318378608645975,True,0.19333333333333333,0.1372379260010348
D8-K2par-sep,0.3,3,D8-K2par-sep_e30_r003,NoiseMix100,0.5207373271889401,18.985454563558694,True,0.23,0.12658813299822214
D8-K2par-sep,0.35,3,D8-K2par-sep_e35_r003,NoiseMix100,0.5051020408163265,19.312709060254104,True,0.22666666666666666,0.1251595189987711
D1-K2cross,0.25,4,D1-K2cross_e25_r004,NoiseMix100,0.9264069264069265,0.12393163791530531,False,0.23333333333333334,0.12189927399958833
D1-K2cross,0.3,4,D1-K2cross_e30_r004,NoiseMix100,0.5050505050505051,23.161863111202724,True,0.21666666666666667,0.124242817000777
D1-K2cross,0.35,4,D1-K2cross_e35_r004,NoiseMix100,0.5181347150259067,23.946563861299243,True,0.21,0.12439248899863742
D2-K3par,0.25,4,D2-K3par_e25_r004,NoiseMix100,0.35,21.11037559377878,True,0.0,0.1525966219996917
D2-K3par,0.3,4,D2-K3par_e30_r004,NoiseMix100,0.34782608695652173,19.549634456447702,True,0.0,0.21597907199975452
D2-K3par,0.35,4,D2-K3par_e35_r004,NoiseMix100,0.4090909090909091,19.963925954762846,True,0.0,0.1700124640010472
D3-unequal,0.25,4,D3-unequal_e25_r004,NoiseMix100,0.8944954128440367,0.1827082938981568,False,0.2833333333333333,0.13215922599920304
D3-unequal,0.3,4,D3-unequal_e30_r004,NoiseMix100,0.867579908675799,0.1634631737976831,False,0.2833333333333333,0.1307734639995033
D3-unequal,0.35,4,D3-unequal_e35_r004,NoiseMix100,0.734375,20.05772485154644,False,0.46,0.18044765800004825
D4-hetero,0.25,4,D4-hetero_e25_r004,NoiseMix100,0.9103139013452914,0.025919145420225186,False,0.27,0.14076203600052395
D4-hetero,0.3,4,D4-hetero_e30_r004,NoiseMix100,0.5219512195121951,22.354399410807194,True,0.24333333333333335,0.13901170400094998
D4-hetero,0.35,4,D4-hetero_e35_r004,NoiseMix100,0.5026178010471204,22.425581459046917,True,0.26666666666666666,0.24816648900014115
D5-leverage,0.25,4,D5-leverage_e25_r004,NoiseMix100,0.9074889867841409,1.429740956876821,False,0.0,0.36914482100110035
D5-leverage,0.3,4,D5-leverage_e30_r004,NoiseMix100,0.5253456221198156,2.7085351781031557,True,0.0,0.1964999780011567
D5-leverage,0.35,4,D5-leverage_e35_r004,NoiseMix100,0.5,2.3935971450409417,True,0.0,0.159810680001101
D6-uniform,0.25,4,D6-uniform_e25_r004,NoiseMix100,0.8771929824561403,0.05157918439511722,False,0.2833333333333333,0.12540512900159229
D6-uniform,0.3,4,D6-uniform_e30_r004,NoiseMix100,0.9653465346534653,0.10533321234872428,False,0.44333333333333336,0.1266542949997529
D6-uniform,0.35,4,D6-uniform_e35_r004,NoiseMix100,0.9119170984455959,0.1475655774294128,False,0.5,0.12939521199950832
D7-p3,0.25,4,D7-p3_e25_r004,NoiseMix100,0.5299539170506913,21.551150841039618,True,0.22666666666666666,0.13083483899936255
D7-p3,0.3,4,D7-p3_e30_r004,NoiseMix100,0.5076923076923077,10.62704986429104,True,0.31,0.15578000499954214
D7-p3,0.35,4,D7-p3_e35_r004,NoiseMix100,0.5159574468085106,8.102610295741846,True,0.35333333333333333,0.14738782600034028
D8-K2par-sep,0.25,4,D8-K2par-sep_e25_r004,NoiseMix100,0.5043859649122807,21.32028963643405,True,0.18,0.12293925400081207
D8-K2par-sep,0.3,4,D8-K2par-sep_e30_r004,NoiseMix100,0.5324074074074074,19.14691354492859,True,0.13333333333333333,0.12184833900028025
D8-K2par-sep,0.35,4,D8-K2par-sep_e35_r004,NoiseMix100,0.5052083333333334,18.912194598741902,True,0.2,0.14239305800037982
D1-K2cross,0.25,5,D1-K2cross_e25_r005,NoiseMix100,0.8874458874458875,0.059683451377363986,False,0.23,0.12511799200001406
D1-K2cross,0.3,5,D1-K2cross_e30_r005,NoiseMix100,0.5585106382978723,20.45086236824879,True,0.25,0.12889918600012606
D1-K2cross,0.35,5,D1-K2cross_e35_r005,NoiseMix100,0.5440414507772021,22.69853583179881,True,0.22666666666666666,0.12551913399875048
D2-K3par,0.25,5,D2-K3par_e25_r005,NoiseMix100,0.3755274261603376,20.390687370251175,True,0.0,0.1803461020008399
D2-K3par,0.3,5,D2-K3par_e30_r005,NoiseMix100,0.3744292237442922,19.228979464141357,True,0.0,0.18891013200118323
D2-K3par,0.35,5,D2-K3par_e35_r005,NoiseMix100,0.3403141361256545,20.057722851222312,True,0.0,0.17441598900040844
D3-unequal,0.25,5,D3-unequal_e25_r005,NoiseMix100,0.7403846153846154,24.559296265525603,False,0.41,0.1376337789988611
D3-unequal,0.3,5,D3-unequal_e30_r005,NoiseMix100,0.9345794392523364,0.0811767732514485,False,0.30666666666666664,0.1724854130006861
D3-unequal,0.35,5,D3-unequal_e35_r005,NoiseMix100,0.7806122448979592,23.169564250177952,False,0.36333333333333334,0.14866566700038675
D4-hetero,0.25,5,D4-hetero_e25_r005,NoiseMix100,0.9372197309417041,0.18355748198518845,False,0.2633333333333333,0.14200303700090444
D4-hetero,0.3,5,D4-hetero_e30_r005,NoiseMix100,0.6,21.975470177708665,True,0.19333333333333333,0.1292682399998739
D4-hetero,0.35,5,D4-hetero_e35_r005,NoiseMix100,0.538860103626943,21.855307784105662,True,0.24333333333333335,0.12669453399939812
D5-leverage,0.25,5,D5-leverage_e25_r005,NoiseMix100,0.5347826086956522,2.3376090795514637,True,0.0,0.162313709000955
D5-leverage,0.3,5,D5-leverage_e30_r005,NoiseMix100,0.5073170731707317,2.1595701654800354,True,0.0,0.19362172499859298
D5-leverage,0.35,5,D5-leverage_e35_r005,NoiseMix100,0.5099009900990099,3.3293832483944716,True,0.006666666666666667,0.13828837700020813
D6-uniform,0.25,5,D6-uniform_e25_r005,NoiseMix100,0.9090909090909091,0.0947847503535102,False,0.27,0.13484301899916318
D6-uniform,0.3,5,D6-uniform_e30_r005,NoiseMix100,0.9346733668341709,0.2572576645133445,False,0.48333333333333334,0.14845051700103795
D6-uniform,0.35,5,D6-uniform_e35_r005,NoiseMix100,0.9068627450980392,0.18385244018020283,False,0.43666666666666665,0.1288908110000193
D7-p3,0.25,5,D7-p3_e25_r005,NoiseMix100,0.5,9.495582001690376,True,0.18666666666666668,0.1360869719992479
D7-p3,0.3,5,D7-p3_e30_r005,NoiseMix100,0.5194174757281553,11.14562432204348,True,0.2733333333333333,0.15467326900034095
D7-p3,0.35,5,D7-p3_e35_r005,NoiseMix100,0.5082872928176796,22.46589276713195,True,0.24333333333333335,0.14272924500073714
D8-K2par-sep,0.25,5,D8-K2par-sep_e25_r005,NoiseMix100,0.5586854460093896,20.37920603155787,True,0.21666666666666667,0.12800509599946963
D8-K2par-sep,0.3,5,D8-K2par-sep_e30_r005,NoiseMix100,0.539906103286385,21.24335795424681,True,0.22666666666666666,0.13362978299846873
D8-K2par-sep,0.35,5,D8-K2par-sep_e35_r005,NoiseMix100,0.5598086124401914,18.55587363783325,True,0.23666666666666666,0.12915325699941604
D1-K2cross,0.25,6,D1-K2cross_e25_r006,NoiseMix100,0.9184549356223176,0.12482161973769013,False,0.23666666666666666,0.14115976200082514
D1-K2cross,0.3,6,D1-K2cross_e30_r006,NoiseMix100,0.5357142857142857,22.287501335220604,True,0.24333333333333335,0.14193828499992378
D1-K2cross,0.35,6,D1-K2cross_e35_r006,NoiseMix100,0.507537688442211,22.5167130747022,True,0.21666666666666667,0.14322199799971713
D2-K3par,0.25,6,D2-K3par_e25_r006,NoiseMix100,0.3486238532110092,18.879997721248976,True,0.0,0.18658765899999707
D2-K3par,0.3,6,D2-K3par_e30_r006,NoiseMix100,0.37681159420289856,19.943349574433952,True,0.0,0.16166603599958762
D2-K3par,0.35,6,D2-K3par_e35_r006,NoiseMix100,0.3487179487179487,21.078645461449195,True,0.0,0.16898087600020517
D3-unequal,0.25,6,D3-unequal_e25_r006,NoiseMix100,0.9054054054054054,0.11615678954691504,False,0.2633333333333333,0.12486513800104149
D3-unequal,0.3,6,D3-unequal_e30_r006,NoiseMix100,0.9292452830188679,0.18045087339266205,False,0.2966666666666667,0.12699882699962473
D3-unequal,0.35,6,D3-unequal_e35_r006,NoiseMix100,0.7871287128712872,15.098004593262191,False,0.4166666666666667,0.13404117199934262
D4-hetero,0.25,6,D4-hetero_e25_r006,NoiseMix100,0.9106382978723404,0.06058233679695559,False,0.22666666666666666,0.12333355999908235
D4-hetero,0.3,6,D4-hetero_e30_r006,NoiseMix100,0.9259259259259259,0.07846310520154798,False,0.2866666666666667,0.12564721999842732
D4-hetero,0.35,6,D4-hetero_e35_r006,NoiseMix100,0.5106382978723404,21.03860720354286,True,0.25,0.13894952400005423
D5-leverage,0.25,6,D5-leverage_e25_r006,NoiseMix100,0.8974358974358975,1.4100206011728615,False,0.0,0.2518530519992055
D5-leverage,0.3,6,D5-leverage_e30_r006,NoiseMix100,0.5213270142180095,2.4750897377586365,True,0.0,0.18011354500049492
D5-leverage,0.35,6,D5-leverage_e35_r006,NoiseMix100,0.5368421052631579,2.7343330146371305,True,0.0,0.2837291000014375
D6-uniform,0.25,6,D6-uniform_e25_r006,NoiseMix100,0.8857142857142857,0.17853750906614807,False,0.42,0.30571008999868354
D6-uniform,0.3,6,D6-uniform_e30_r006,NoiseMix100,0.9095477386934674,0.2239507758672073,False,0.4766666666666667,0.14208944300116855
D6-uniform,0.35,6,D6-uniform_e35_r006,NoiseMix100,0.9444444444444444,0.09949880595160776,False,0.52,0.16233592500066152
D7-p3,0.25,6,D7-p3_e25_r006,NoiseMix100,0.536697247706422,22.30922369796115,True,0.19,0.2154103920001944
D7-p3,0.3,6,D7-p3_e30_r006,NoiseMix100,0.5175879396984925,24.43392042453829,True,0.27666666666666667,0.2524631659998704
D7-p3,0.35,6,D7-p3_e35_r006,NoiseMix100,0.5076923076923077,10.017128295687456,True,0.32,0.28028626299965254
D8-K2par-sep,0.25,6,D8-K2par-sep_e25_r006,NoiseMix100,0.5814977973568282,16.237599452084517,True,0.18666666666666668,0.14298315000087314
D8-K2par-sep,0.3,6,D8-K2par-sep_e30_r006,NoiseMix100,0.5095238095238095,19.817486026155187,True,0.17,0.13534581000021717
D8-K2par-sep,0.35,6,D8-K2par-sep_e35_r006,NoiseMix100,0.5198019801980198,19.567274232182353,True,0.24333333333333335,0.14113677800014557
D1-K2cross,0.25,7,D1-K2cross_e25_r007,NoiseMix100,0.5299539170506913,24.01826830450653,True,0.18666666666666668,0.13701200600007724
D1-K2cross,0.3,7,D1-K2cross_e30_r007,NoiseMix100,0.5048076923076923,23.037022824639354,True,0.23666666666666666,0.13776782499917317
D1-K2cross,0.35,7,D1-K2cross_e35_r007,NoiseMix100,0.5279187817258884,21.20484477172536,True,0.26,0.15047031399990374
D2-K3par,0.25,7,D2-K3par_e25_r007,NoiseMix100,0.4256198347107438,20.69218885132399,True,0.0,0.22455755400005728
D2-K3par,0.3,7,D2-K3par_e30_r007,NoiseMix100,0.358974358974359,20.057034080173242,True,0.0,0.20740957100133528
D2-K3par,0.35,7,D2-K3par_e35_r007,NoiseMix100,0.3469387755102041,20.36521644908955,True,0.0,0.1985245150008268
D3-unequal,0.25,7,D3-unequal_e25_r007,NoiseMix100,0.9409282700421941,0.032576002250963104,False,0.21666666666666667,0.15820861499923922
D3-unequal,0.3,7,D3-unequal_e30_r007,NoiseMix100,0.918552036199095,0.1523107287589844,False,0.27,0.15557762299977185
D3-unequal,0.35,7,D3-unequal_e35_r007,NoiseMix100,0.7336956521739131,23.31632423114654,False,0.38666666666666666,0.1477697469999839
D4-hetero,0.25,7,D4-hetero_e25_r007,NoiseMix100,0.9148936170212766,0.360144723842167,False,0.22666666666666666,0.14628084099967964
D4-hetero,0.3,7,D4-hetero_e30_r007,NoiseMix100,0.514018691588785,21.145723291847027,True,0.13666666666666666,0.16217460199914058
D4-hetero,0.35,7,D4-hetero_e35_r007,NoiseMix100,0.5076923076923077,21.877501447645248,True,0.23,0.14856066899847065
D5-leverage,0.25,7,D5-leverage_e25_r007,NoiseMix100,0.502283105022831,2.3187951317645252,True,0.0,0.27848344599988195
D5-leverage,0.3,7,D5-leverage_e30_r007,NoiseMix100,0.5654205607476636,2.2121747860620062,True,0.006666666666666667,0.1534431449999829
D5-leverage,0.35,7,D5-leverage_e35_r007,NoiseMix100,0.5106382978723404,2.3956394630297733,True,0.0,0.18760037000174634
D6-uniform,0.25,7,D6-uniform_e25_r007,NoiseMix100,0.9118942731277533,0.1869531691221575,False,0.34,0.14497798800039163
D6-uniform,0.3,7,D6-uniform_e30_r007,NoiseMix100,0.9658536585365853,0.3100971659272119,False,0.42333333333333334,0.13944781200007128
D6-uniform,0.35,7,D6-uniform_e35_r007,NoiseMix100,0.8858695652173914,0.14555232933491258,False,0.53,0.14181043400094495
D7-p3,0.25,7,D7-p3_e25_r007,NoiseMix100,0.9493670886075949,0.12595835732818336,False,0.21666666666666667,0.14789955400010513
D7-p3,0.3,7,D7-p3_e30_r007,NoiseMix100,0.5352112676056338,24.41441753037246,True,0.18666666666666668,0.14968933399904927
D7-p3,0.35,7,D7-p3_e35_r007,NoiseMix100,0.5333333333333333,23.68666863866898,True,0.19333333333333333,0.13751969800068764
D8-K2par-sep,0.25,7,D8-K2par-sep_e25_r007,NoiseMix100,0.53125,17.458055502337498,True,0.16333333333333333,0.1484201640014362
D8-K2par-sep,0.3,7,D8-K2par-sep_e30_r007,NoiseMix100,0.5311004784688995,21.875790591351294,True,0.21666666666666667,0.14599485799953982
D8-K2par-sep,0.35,7,D8-K2par-sep_e35_r007,NoiseMix100,0.518918918918919,19.862918175732748,True,0.25666666666666665,0.13712002300053427
D1-K2cross,0.25,8,D1-K2cross_e25_r008,NoiseMix100,0.905982905982906,0.11239228168893135,False,0.22666666666666666,0.13688900899978762
D1-K2cross,0.3,8,D1-K2cross_e30_r008,NoiseMix100,0.9136363636363637,0.20983839906491727,False,0.27,0.1351055279992579
D1-K2cross,0.35,8,D1-K2cross_e35_r008,NoiseMix100,0.5333333333333333,21.14091115909857,True,0.25333333333333335,0.14243923600042763
D2-K3par,0.25,8,D2-K3par_e25_r008,NoiseMix100,0.3789954337899543,19.662592554625668,True,0.0,0.19222334699952626
D2-K3par,0.3,8,D2-K3par_e30_r008,NoiseMix100,0.3755868544600939,20.517393204501165,True,0.0,0.1859522510003444
D2-K3par,0.35,8,D2-K3par_e35_r008,NoiseMix100,0.35714285714285715,21.40511884842854,True,0.0,0.1780435189994023
D3-unequal,0.25,8,D3-unequal_e25_r008,NoiseMix100,0.915929203539823,0.13105789361950235,False,0.24666666666666667,0.1330082519998541
D3-unequal,0.3,8,D3-unequal_e30_r008,NoiseMix100,0.9248826291079812,0.052717196521720404,False,0.30666666666666664,0.13664947299912455
D3-unequal,0.35,8,D3-unequal_e35_r008,NoiseMix100,0.6514285714285715,25.86771599193409,True,0.5,0.14721702200040454
D4-hetero,0.25,8,D4-hetero_e25_r008,NoiseMix100,0.9130434782608695,0.1645022123314346,False,0.23333333333333334,0.1350386049998633
D4-hetero,0.3,8,D4-hetero_e30_r008,NoiseMix100,0.5025125628140703,19.806336743334967,True,0.24666666666666667,0.135476583000127
D4-hetero,0.35,8,D4-hetero_e35_r008,NoiseMix100,0.5187165775401069,23.43552947306595,True,0.28,0.13890231300138112
D5-leverage,0.25,8,D5-leverage_e25_r008,NoiseMix100,0.8925233644859814,1.483354705810357,False,0.0,0.17317340500085265
D5-leverage,0.3,8,D5-leverage_e30_r008,NoiseMix100,0.55,3.396363033511959,True,0.0,0.16268608599966683
D5-leverage,0.35,8,D5-leverage_e35_r008,NoiseMix100,0.844559585492228,1.4345967932017658,False,0.0033333333333333335,0.23907548500028497
D6-uniform,0.25,8,D6-uniform_e25_r008,NoiseMix100,0.9345794392523364,0.044330440212117184,False,0.4166666666666667,0.21776647899969248
D6-uniform,0.3,8,D6-uniform_e30_r008,NoiseMix100,0.9302325581395349,0.13058684855767644,False,0.4066666666666667,0.2944481399990764
D6-uniform,0.35,8,D6-uniform_e35_r008,NoiseMix100,0.9052631578947369,0.6946590975409941,False,0.5533333333333333,0.2329903509998985
D7-p3,0.25,8,D7-p3_e25_r008,NoiseMix100,0.9004524886877828,0.08422706596319385,False,0.2633333333333333,0.277745576999223
D7-p3,0.3,8,D7-p3_e30_r008,NoiseMix100,0.5422885572139303,21.93982429186235,True,0.25,0.2978954619993601
D7-p3,0.35,8,D7-p3_e35_r008,NoiseMix100,0.5078534031413613,22.828227732995476,True,0.24666666666666667,0.15991619000124047
D8-K2par-sep,0.25,8,D8-K2par-sep_e25_r008,NoiseMix100,0.5131578947368421,17.799416053872935,True,0.18,0.2594654439999431
D8-K2par-sep,0.3,8,D8-K2par-sep_e30_r008,NoiseMix100,0.5153061224489796,18.68816986863763,True,0.23666666666666666,0.2776698560010118
D8-K2par-sep,0.35,8,D8-K2par-sep_e35_r008,NoiseMix100,0.510752688172043,19.206558565685516,True,0.25,0.2572793189992808
D1-K2cross,0.25,9,D1-K2cross_e25_r009,NoiseMix100,0.9,0.21363604400168337,False,0.24,0.2718637529997068
D1-K2cross,0.3,9,D1-K2cross_e30_r009,NoiseMix100,0.5165876777251185,22.965172507369495,True,0.20333333333333334,0.28640487200027565
D1-K2cross,0.35,9,D1-K2cross_e35_r009,NoiseMix100,0.5314009661835749,18.61876698739373,True,0.20333333333333334,0.26866802600125084
D2-K3par,0.25,9,D2-K3par_e25_r009,NoiseMix100,0.34801762114537443,18.97697647049047,True,0.0,0.37958816300124454
D2-K3par,0.3,9,D2-K3par_e30_r009,NoiseMix100,0.35348837209302325,20.27148182519524,True,0.0,0.17487707800137287
D2-K3par,0.35,9,D2-K3par_e35_r009,NoiseMix100,0.43137254901960786,20.188021603243772,True,0.0,0.21381819999987783
D3-unequal,0.25,9,D3-unequal_e25_r009,NoiseMix100,0.9055793991416309,0.27664226714962054,False,0.22333333333333333,0.22852677800074161
D3-unequal,0.3,9,D3-unequal_e30_r009,NoiseMix100,0.7038834951456311,23.93187887945536,False,0.38333333333333336,0.20852525100053754
D3-unequal,0.35,9,D3-unequal_e35_r009,NoiseMix100,0.7391304347826086,24.507688476298682,False,0.41333333333333333,0.2718232850002096
D4-hetero,0.25,9,D4-hetero_e25_r009,NoiseMix100,0.5227272727272727,27.095321408068227,True,0.22333333333333333,0.3115647030008404
D4-hetero,0.3,9,D4-hetero_e30_r009,NoiseMix100,0.8878923766816144,0.07751764903542331,False,0.26,0.2585212270005286
D4-hetero,0.35,9,D4-hetero_e35_r009,NoiseMix100,0.525,22.269154509524903,True,0.19333333333333333,0.13642126899867435
D5-leverage,0.25,9,D5-leverage_e25_r009,NoiseMix100,0.8672199170124482,1.354212958679933,False,0.0,0.35060195100049896
D5-leverage,0.3,9,D5-leverage_e30_r009,NoiseMix100,0.5141509433962265,2.89680337949969,True,0.0,0.34083109400125977
D5-leverage,0.35,9,D5-leverage_e35_r009,NoiseMix100,0.5405405405405406,2.3729015465690857,True,0.0033333333333333335,0.22047523699984595
D6-uniform,0.25,9,D6-uniform_e25_r009,NoiseMix100,0.9276018099547512,0.11692186544625183,False,0.37,0.2718284799993853
D6-uniform,0.3,9,D6-uniform_e30_r009,NoiseMix100,0.9086538461538461,0.20911217140980845,False,0.43666666666666665,0.27999948599972413
D6-uniform,0.35,9,D6-uniform_e35_r009,NoiseMix100,0.9223300970873787,0.10630172234111888,False,0.43,0.272867983998367
D7-p3,0.25,9,D7-p3_e25_r009,NoiseMix100,0.9203539823008849,0.1257020706586105,False,0.25,0.26722090399925946
D7-p3,0.3,9,D7-p3_e30_r009,NoiseMix100,0.5069767441860465,24.54823774594413,True,0.15666666666666668,0.3239917440005229
D7-p3,0.35,9,D7-p3_e35_r009,NoiseMix100,0.5721925133689839,11.101818667306723,True,0.2966666666666667,0.3245188050004799
D8-K2par-sep,0.25,9,D8-K2par-sep_e25_r009,NoiseMix100,0.5221238938053098,18.935220368322323,True,0.15666666666666668,0.3229816050006775
D8-K2par-sep,0.3,9,D8-K2par-sep_e30_r009,NoiseMix100,0.5048076923076923,19.343725254495315,True,0.22666666666666666,0.2871243549998326
D8-K2par-sep,0.35,9,D8-K2par-sep_e35_r009,NoiseMix100,0.507537688442211,18.379876201541013,True,0.21666666666666667,0.263409330000286
D1-K2cross,0.25,10,D1-K2cross_e25_r010,NoiseMix100,0.8721461187214612,0.13651032439379676,False,0.27666666666666667,0.28083111599880795
D1-K2cross,0.3,10,D1-K2cross_e30_r010,NoiseMix100,0.9279279279279279,0.09628992916830167,False,0.27,0.293503298998985
D1-K2cross,0.35,10,D1-K2cross_e35_r010,NoiseMix100,0.5280373831775701,21.937574001525018,True,0.2,0.3109045560013328
D2-K3par,0.25,10,D2-K3par_e25_r010,NoiseMix100,0.36123348017621143,19.868061980857725,True,0.0,0.35653502700006356
D2-K3par,0.3,10,D2-K3par_e30_r010,NoiseMix100,0.37799043062200954,20.402257811393632,True,0.0,0.3486976889998914
D2-K3par,0.35,10,D2-K3par_e35_r010,NoiseMix100,0.34946236559139787,18.932892167453545,True,0.0,0.38792310699864174
D3-unequal,0.25,10,D3-unequal_e25_r010,NoiseMix100,0.9353448275862069,0.09719897655421189,False,0.23,0.2597643240005709
D3-unequal,0.3,10,D3-unequal_e30_r010,NoiseMix100,0.7673267326732673,21.311133477247257,False,0.36666666666666664,0.27146579299915174
D3-unequal,0.35,10,D3-unequal_e35_r010,NoiseMix100,0.6296296296296297,22.602510010403208,True,0.24666666666666667,0.3351583820003725
D4-hetero,0.25,10,D4-hetero_e25_r010,NoiseMix100,0.5475113122171946,22.81278578808199,True,0.18,0.2916597339990403
D4-hetero,0.3,10,D4-hetero_e30_r010,NoiseMix100,0.52,24.437891740535648,True,0.24,0.28449790600097913
D4-hetero,0.35,10,D4-hetero_e35_r010,NoiseMix100,0.5243243243243243,29.586551648877634,True,0.36,0.28598347600018315
D5-leverage,0.25,10,D5-leverage_e25_r010,NoiseMix100,0.5180180180180181,2.2771582271471527,True,0.0,0.40005778999875474
D5-leverage,0.3,10,D5-leverage_e30_r010,NoiseMix100,0.5277777777777778,2.1974974161753815,True,0.0,0.32918520200109924
D5-leverage,0.35,10,D5-leverage_e35_r010,NoiseMix100,0.5445026178010471,2.719719749083185,True,0.02,0.29918019300021115
D6-uniform,0.25,10,D6-uniform_e25_r010,NoiseMix100,0.9113924050632911,0.10308889779686213,False,0.2733333333333333,0.2907493710008566
D6-uniform,0.3,10,D6-uniform_e30_r010,NoiseMix100,0.9408866995073891,0.10019098639028197,False,0.4066666666666667,0.2775012150013936
D6-uniform,0.35,10,D6-uniform_e35_r010,NoiseMix100,0.9035532994923858,0.14287001766103255,False,0.49333333333333335,0.2887954660000105
D7-p3,0.25,10,D7-p3_e25_r010,NoiseMix100,0.9304347826086956,0.1474443255393345,False,0.23666666666666666,0.2763279440005135
D7-p3,0.3,10,D7-p3_e30_r010,NoiseMix100,0.5641025641025641,9.157241416163382,True,0.2633333333333333,0.26648625699999684
D7-p3,0.35,10,D7-p3_e35_r010,NoiseMix100,0.5128205128205128,5.818836586373481,True,0.30666666666666664,0.3101201499994204
D8-K2par-sep,0.25,10,D8-K2par-sep_e25_r010,NoiseMix100,0.5022026431718062,21.306923989400072,True,0.15666666666666668,0.270464119999815
D8-K2par-sep,0.3,10,D8-K2par-sep_e30_r010,NoiseMix100,0.582089552238806,21.2865929844601,True,0.21666666666666667,0.27053761599927384
D8-K2par-sep,0.35,10,D8-K2par-sep_e35_r010,NoiseMix100,0.5459183673469388,20.07475241998919,True,0.25333333333333335,0.2653764759998012
D1-K2cross,0.25,11,D1-K2cross_e25_r011,NoiseMix100,0.9113924050632911,0.10996965717325727,False,0.21666666666666667,0.2215543570000591
D1-K2cross,0.3,11,D1-K2cross_e30_r011,NoiseMix100,0.9150943396226415,0.04993911961580754,False,0.2966666666666667,0.2426714159992116
D1-K2cross,0.35,11,D1-K2cross_e35_r011,NoiseMix100,0.527363184079602,23.484620772439495,True,0.25333333333333335,0.30152935899968725
D2-K3par,0.25,11,D2-K3par_e25_r011,NoiseMix100,0.34649122807017546,20.62627126540221,True,0.0,0.3700481050000235
D2-K3par,0.3,11,D2-K3par_e30_r011,NoiseMix100,0.37185929648241206,19.062718603068824,True,0.0,0.3789073999996617
D2-K3par,0.35,11,D2-K3par_e35_r011,NoiseMix100,0.36548223350253806,19.08806294615246,True,0.0,0.3769850220014632
D3-unequal,0.25,11,D3-unequal_e25_r011,NoiseMix100,0.9227272727272727,0.10822599999723057,False,0.27,0.28156403200046043
D3-unequal,0.3,11,D3-unequal_e30_r011,NoiseMix100,0.9122807017543859,0.127106518412616,False,0.24666666666666667,0.27259691300059785
D3-unequal,0.35,11,D3-unequal_e35_r011,NoiseMix100,0.665,22.40920206950804,True,0.22666666666666666,0.29216246800024237
D4-hetero,0.25,11,D4-hetero_e25_r011,NoiseMix100,0.9049773755656109,0.1755588826806433,False,0.26666666666666666,0.2663050990013289
D4-hetero,0.3,11,D4-hetero_e30_r011,NoiseMix100,0.5147058823529411,22.283777743060856,True,0.22666666666666666,0.2663598999988608
D4-hetero,0.35,11,D4-hetero_e35_r011,NoiseMix100,0.5,20.609894125341466,True,0.23,0.27345314900048834
D5-leverage,0.25,11,D5-leverage_e25_r011,NoiseMix100,0.8538812785388128,1.4160856534046016,False,0.0,0.2756850169989775
D5-leverage,0.3,11,D5-leverage_e30_r011,NoiseMix100,0.8495145631067961,1.5432622571954688,False,0.0,0.2895797329983907
D5-leverage,0.35,11,D5-leverage_e35_r011,NoiseMix100,0.5221674876847291,2.4789015375780648,True,0.0,0.3022154120008054
D6-uniform,0.25,11,D6-uniform_e25_r011,NoiseMix100,0.8974358974358975,0.06341371758239978,False,0.29,0.2609175300003699
D6-uniform,0.3,11,D6-uniform_e30_r011,NoiseMix100,0.9112149532710281,0.17135158578777898,False,0.36333333333333334,0.2625270589996944
D6-uniform,0.35,11,D6-uniform_e35_r011,NoiseMix100,0.9162303664921466,0.2112560740682714,False,0.49,0.2640977440005372
D7-p3,0.25,11,D7-p3_e25_r011,NoiseMix100,0.5141509433962265,24.55830121303652,True,0.19666666666666666,0.32270113800041145
D7-p3,0.3,11,D7-p3_e30_r011,NoiseMix100,0.6066350710900474,10.653506751940897,True,0.23333333333333334,0.2688438770001085
D7-p3,0.35,11,D7-p3_e35_r011,NoiseMix100,0.5026455026455027,22.232513397934135,True,0.21333333333333335,0.27691760400011844
D8-K2par-sep,0.25,11,D8-K2par-sep_e25_r011,NoiseMix100,0.515695067264574,17.982650540739957,True,0.17333333333333334,0.26235700600045675
D8-K2par-sep,0.3,11,D8-K2par-sep_e30_r011,NoiseMix100,0.5265700483091788,18.997310725311685,True,0.20666666666666667,0.4237903249995725
D8-K2par-sep,0.35,11,D8-K2par-sep_e35_r011,NoiseMix100,0.544973544973545,17.85821421983075,True,0.29,0.27336690700030886
D1-K2cross,0.25,12,D1-K2cross_e25_r012,NoiseMix100,0.579185520361991,20.745778830403957,True,0.18,0.2630325180016371
D1-K2cross,0.3,12,D1-K2cross_e30_r012,NoiseMix100,0.5673076923076923,25.418370180184425,True,0.23666666666666666,0.29317486500076484
D1-K2cross,0.35,12,D1-K2cross_e35_r012,NoiseMix100,0.5102040816326531,19.311017016713144,True,0.22,0.26374974200007273
D2-K3par,0.25,12,D2-K3par_e25_r012,NoiseMix100,0.4131455399061033,20.35826931782209,True,0.0,0.34640590700109897
D2-K3par,0.3,12,D2-K3par_e30_r012,NoiseMix100,0.3744292237442922,20.046055966795578,True,0.0,0.3529210859996965
D2-K3par,0.35,12,D2-K3par_e35_r012,NoiseMix100,0.4074074074074074,19.649549507956113,True,0.0,0.37486512400028005
D3-unequal,0.25,12,D3-unequal_e25_r012,NoiseMix100,0.8766519823788547,0.3016598924032822,False,0.24666666666666667,0.2638539360013965
D3-unequal,0.3,12,D3-unequal_e30_r012,NoiseMix100,0.8894009216589862,0.15111321052068588,False,0.2866666666666667,0.25819978599975
D3-unequal,0.35,12,D3-unequal_e35_r012,NoiseMix100,0.7724867724867724,24.667321320428048,False,0.35,0.2532401399985247
D4-hetero,0.25,12,D4-hetero_e25_r012,NoiseMix100,0.5164319248826291,22.409238891019537,True,0.18666666666666668,0.26208777300053043
D4-hetero,0.3,12,D4-hetero_e30_r012,NoiseMix100,0.5490196078431373,20.602852665352422,True,0.20333333333333334,0.2641986340004223
D4-hetero,0.35,12,D4-hetero_e35_r012,NoiseMix100,0.5163043478260869,22.70646135235107,True,0.24,0.30457026499971107
D5-leverage,0.25,12,D5-leverage_e25_r012,NoiseMix100,0.5357142857142857,2.7243928937312543,True,0.0,0.2740159370005131
D5-leverage,0.3,12,D5-leverage_e30_r012,NoiseMix100,0.5024154589371981,2.606801963647419,True,0.0,0.37841239900080836
D5-leverage,0.35,12,D5-leverage_e35_r012,NoiseMix100,0.5129533678756477,2.3809052659899064,True,0.0033333333333333335,0.3335739919984917
D6-uniform,0.25,12,D6-uniform_e25_r012,NoiseMix100,0.8893805309734514,0.11767700299549189,False,0.3333333333333333,0.17928471899904252
D6-uniform,0.3,12,D6-uniform_e30_r012,NoiseMix100,0.9054726368159204,0.1360055677177131,False,0.45666666666666667,0.25663966900174273
D6-uniform,0.35,12,D6-uniform_e35_r012,NoiseMix100,0.5519125683060109,7.15515324967404,True,0.06333333333333334,0.3053197649987851
D7-p3,0.25,12,D7-p3_e25_r012,NoiseMix100,0.5113122171945701,19.949954156142997,True,0.23,0.28580442300153663
D7-p3,0.3,12,D7-p3_e30_r012,NoiseMix100,0.5288461538461539,20.916381742190065,True,0.19,0.27384688800157164
D7-p3,0.35,12,D7-p3_e35_r012,NoiseMix100,0.5360824742268041,11.916523885056868,True,0.32666666666666666,0.2934235180000542
D8-K2par-sep,0.25,12,D8-K2par-sep_e25_r012,NoiseMix100,0.5357142857142857,19.79679914655162,True,0.16666666666666666,0.2806441699995048
D8-K2par-sep,0.3,12,D8-K2par-sep_e30_r012,NoiseMix100,0.5358851674641149,16.814268715875983,True,0.21666666666666667,0.2951200069983315
D8-K2par-sep,0.35,12,D8-K2par-sep_e35_r012,NoiseMix100,0.5204081632653061,22.819843461702717,True,0.2733333333333333,0.29605263600024045
D1-K2cross,0.25,13,D1-K2cross_e25_r013,NoiseMix100,0.9074889867841409,0.1002725359045363,False,0.25666666666666665,0.262374418998661
D1-K2cross,0.3,13,D1-K2cross_e30_r013,NoiseMix100,0.5406698564593302,19.142126487416697,True,0.21666666666666667,0.2646485899986146
D1-K2cross,0.35,13,D1-K2cross_e35_r013,NoiseMix100,0.5271739130434783,22.260441130969255,True,0.22,0.25717788100155303
D2-K3par,0.25,13,D2-K3par_e25_r013,NoiseMix100,0.40444444444444444,19.35150441978159,True,0.0,0.331551920999118
D2-K3par,0.3,13,D2-K3par_e30_r013,NoiseMix100,0.37037037037037035,18.870303880525196,True,0.0,0.39418089500031783
D2-K3par,0.35,13,D2-K3par_e35_r013,NoiseMix100,0.37566137566137564,19.078416948592217,True,0.0,0.35674541799926374
D3-unequal,0.25,13,D3-unequal_e25_r013,NoiseMix100,0.9388646288209607,0.18299139093674516,False,0.24333333333333335,0.13318096399962087
D3-unequal,0.3,13,D3-unequal_e30_r013,NoiseMix100,0.6865671641791045,23.13273220381629,True,0.4033333333333333,0.13792408500012243
D3-unequal,0.35,13,D3-unequal_e35_r013,NoiseMix100,0.7303921568627451,19.416105096603125,False,0.43333333333333335,0.3060364169996319
D4-hetero,0.25,13,D4-hetero_e25_r013,NoiseMix100,0.9049773755656109,0.11016840945405315,False,0.27,0.1497062359994743
D4-hetero,0.3,13,D4-hetero_e30_r013,NoiseMix100,0.5096153846153846,25.242857863377225,True,0.19,0.1451536730000953
D4-hetero,0.35,13,D4-hetero_e35_r013,NoiseMix100,0.55,23.407108941820294,True,0.25333333333333335,0.15847553099956713
D5-leverage,0.25,13,D5-leverage_e25_r013,NoiseMix100,0.5258620689655172,3.156608958152186,True,0.0033333333333333335,0.20419608200063522
D5-leverage,0.3,13,D5-leverage_e30_r013,NoiseMix100,0.8387096774193549,1.4152662137232392,False,0.0,0.22335551099968143
D5-leverage,0.35,13,D5-leverage_e35_r013,NoiseMix100,0.55,2.271046014309582,True,0.0,0.16567176899843616
D6-uniform,0.25,13,D6-uniform_e25_r013,NoiseMix100,0.8837209302325582,0.06233956726960215,False,0.41,0.15512124900124036
D6-uniform,0.3,13,D6-uniform_e30_r013,NoiseMix100,0.8767772511848341,0.08645402620196019,False,0.42333333333333334,0.16194319399983215
D6-uniform,0.35,13,D6-uniform_e35_r013,NoiseMix100,0.8941798941798942,0.11357572335096236,False,0.5266666666666666,0.19740677200024948
D7-p3,0.25,13,D7-p3_e25_r013,NoiseMix100,0.5045454545454545,22.202574577522334,True,0.14,0.17236626500016428
D7-p3,0.3,13,D7-p3_e30_r013,NoiseMix100,0.5097087378640777,21.224079129312507,True,0.22333333333333333,0.17299897100019734
D7-p3,0.35,13,D7-p3_e35_r013,NoiseMix100,0.5025125628140703,22.095551732831463,True,0.21333333333333335,0.20847452199996042
D8-K2par-sep,0.25,13,D8-K2par-sep_e25_r013,NoiseMix100,0.5043103448275862,17.556972541102613,True,0.18333333333333332,0.16891568999926676
D8-K2par-sep,0.3,13,D8-K2par-sep_e30_r013,NoiseMix100,0.5283018867924528,17.809733278205005,True,0.20333333333333334,0.21361531399998057
D8-K2par-sep,0.35,13,D8-K2par-sep_e35_r013,NoiseMix100,0.5025380710659898,14.50062474058933,True,0.2833333333333333,0.21751940200010722
D1-K2cross,0.25,14,D1-K2cross_e25_r014,NoiseMix100,0.9272727272727272,0.15355807698904148,False,0.26666666666666666,0.22713051000027917
D1-K2cross,0.3,14,D1-K2cross_e30_r014,NoiseMix100,0.5380952380952381,22.39522009526337,True,0.21666666666666667,0.2428404070014949
D1-K2cross,0.35,14,D1-K2cross_e35_r014,NoiseMix100,0.5196078431372549,21.405563375757144,True,0.23666666666666666,0.21241386200017587
D2-K3par,0.25,14,D2-K3par_e25_r014,NoiseMix100,0.3514644351464435,21.048998936164214,True,0.0,0.3381383040014043
D2-K3par,0.3,14,D2-K3par_e30_r014,NoiseMix100,0.3490566037735849,19.76043535339764,True,0.0,0.2049511529985466
D2-K3par,0.35,14,D2-K3par_e35_r014,NoiseMix100,0.3854166666666667,19.03648360659225,True,0.0,0.2130700870002329
D3-unequal,0.25,14,D3-unequal_e25_r014,NoiseMix100,0.9213973799126638,0.11780929546279308,False,0.24666666666666667,0.15643990900025528
D3-unequal,0.3,14,D3-unequal_e30_r014,NoiseMix100,0.6581632653061225,25.2582789296777,True,0.30333333333333334,0.1493807699989702
D3-unequal,0.35,14,D3-unequal_e35_r014,NoiseMix100,0.7307692307692307,20.387625853794116,False,0.4266666666666667,0.14340127399918856
D4-hetero,0.25,14,D4-hetero_e25_r014,NoiseMix100,0.9134199134199135,0.18550616174084297,False,0.25,0.1385255289987981
D4-hetero,0.3,14,D4-hetero_e30_r014,NoiseMix100,0.5497630331753555,22.26415735861023,True,0.19,0.1672029509991262
D4-hetero,0.35,14,D4-hetero_e35_r014,NoiseMix100,0.5268817204301075,20.632019084542847,True,0.31333333333333335,0.1808923490007146
D5-leverage,0.25,14,D5-leverage_e25_r014,NoiseMix100,0.8434782608695652,1.4472388464551909,False,0.0,0.18309308500101906
D5-leverage,0.3,14,D5-leverage_e30_r014,NoiseMix100,0.8617511520737328,1.3889543879561328,False,0.0,0.1851876380005706
D5-leverage,0.35,14,D5-leverage_e35_r014,NoiseMix100,0.5151515151515151,3.1081153249765716,True,0.0033333333333333335,0.2047503499998129
D6-uniform,0.25,14,D6-uniform_e25_r014,NoiseMix100,0.926605504587156,0.08289411854638129,False,0.37,0.1608580610009085
D6-uniform,0.3,14,D6-uniform_e30_r014,NoiseMix100,0.893719806763285,0.11548368130932482,False,0.39,0.1689019189998362
D6-uniform,0.35,14,D6-uniform_e35_r014,NoiseMix100,0.937799043062201,0.13840891372023603,False,0.4,0.18156912999984343
D7-p3,0.25,14,D7-p3_e25_r014,NoiseMix100,0.908695652173913,0.05998947914741126,False,0.23666666666666666,0.17008192200046324
D7-p3,0.3,14,D7-p3_e30_r014,NoiseMix100,0.8847926267281107,0.1635687813255698,False,0.28,0.32062683000003744
D7-p3,0.35,14,D7-p3_e35_r014,NoiseMix100,0.5291005291005291,23.639723893669977,True,0.18,0.2974004330008029
D8-K2par-sep,0.25,14,D8-K2par-sep_e25_r014,NoiseMix100,0.5803571428571429,20.304226372676865,True,0.14666666666666667,0.25539890000072774
D8-K2par-sep,0.3,14,D8-K2par-sep_e30_r014,NoiseMix100,0.5296803652968036,19.548533028935015,True,0.21333333333333335,0.2685637009999482
D8-K2par-sep,0.35,14,D8-K2par-sep_e35_r014,NoiseMix100,0.5047169811320755,21.022758598848885,True,0.2,0.2548218430001725
D1-K2cross,0.25,15,D1-K2cross_e25_r015,NoiseMix100,0.8995633187772926,0.10290889474753229,False,0.24,0.2748094399994443
D1-K2cross,0.3,15,D1-K2cross_e30_r015,NoiseMix100,0.5120772946859904,23.831164578160045,True,0.19666666666666666,0.25060010900051566
D1-K2cross,0.35,15,D1-K2cross_e35_r015,NoiseMix100,0.5989847715736041,25.025516472354592,True,0.25666666666666665,0.23163245300020208
D2-K3par,0.25,15,D2-K3par_e25_r015,NoiseMix100,0.3674418604651163,20.07611701141388,True,0.0,0.28499270499924023
D2-K3par,0.3,15,D2-K3par_e30_r015,NoiseMix100,0.3669724770642202,19.421470843179016,True,0.0,0.35629784199954884
D2-K3par,0.35,15,D2-K3par_e35_r015,NoiseMix100,0.3567567567567568,18.746554021506473,True,0.0,0.3271543169994402
D3-unequal,0.25,15,D3-unequal_e25_r015,NoiseMix100,0.8961038961038961,0.08469326826211988,False,0.23,0.12848911000037333
D3-unequal,0.3,15,D3-unequal_e30_r015,NoiseMix100,0.6376811594202898,20.58372641042982,True,0.22,0.23754534399995464
D3-unequal,0.35,15,D3-unequal_e35_r015,NoiseMix100,0.7653061224489796,15.392469991151838,False,0.42,0.2593124100003479
D4-hetero,0.25,15,D4-hetero_e25_r015,NoiseMix100,0.915929203539823,0.15747604122873693,False,0.2633333333333333,0.19050009800048429
D4-hetero,0.3,15,D4-hetero_e30_r015,NoiseMix100,0.5164319248826291,23.60549101538766,True,0.17666666666666667,0.2071769789999962
D4-hetero,0.35,15,D4-hetero_e35_r015,NoiseMix100,0.5174129353233831,21.716296383105174,True,0.21333333333333335,0.12145325699930254
D5-leverage,0.25,15,D5-leverage_e25_r015,NoiseMix100,0.5046296296296297,2.824728781985792,True,0.0,0.27337936599906243
D5-leverage,0.3,15,D5-leverage_e30_r015,NoiseMix100,0.875,1.4188582041773956,False,0.0,0.37909102000048733
D5-leverage,0.35,15,D5-leverage_e35_r015,NoiseMix100,0.5081967213114754,2.5443641537518715,True,0.01,0.34768032700048934
D6-uniform,0.25,15,D6-uniform_e25_r015,NoiseMix100,0.9301310043668122,0.10074898614818117,False,0.30333333333333334,0.2555126610004663
D6-uniform,0.3,15,D6-uniform_e30_r015,NoiseMix100,0.8904761904761904,0.07484106264801116,False,0.36333333333333334,0.25944591400002537
D6-uniform,0.35,15,D6-uniform_e35_r015,NoiseMix100,0.8877551020408163,0.7515642645280066,False,0.2833333333333333,0.29866582400063635
D7-p3,0.25,15,D7-p3_e25_r015,NoiseMix100,0.9049586776859504,0.15017397893514772,False,0.20666666666666667,0.3120094949990744
D7-p3,0.3,15,D7-p3_e30_r015,NoiseMix100,0.5637254901960784,22.493670709780552,True,0.22666666666666666,0.27709937500003434
D7-p3,0.35,15,D7-p3_e35_r015,NoiseMix100,0.510752688172043,19.110887438992545,True,0.29,0.35353000100076315
D8-K2par-sep,0.25,15,D8-K2par-sep_e25_r015,NoiseMix100,0.5065502183406113,19.743916086929964,True,0.13,0.19588142899920058
D8-K2par-sep,0.3,15,D8-K2par-sep_e30_r015,NoiseMix100,0.6028708133971292,16.95398293491111,True,0.21333333333333335,0.20535530200140784
D8-K2par-sep,0.35,15,D8-K2par-sep_e35_r015,NoiseMix100,0.5025641025641026,19.414895092774987,True,0.26,0.25213153200093075
D1-K2cross,0.25,16,D1-K2cross_e25_r016,NoiseMix100,0.5113122171945701,25.46414044140645,True,0.16666666666666666,0.2904431629995088
D1-K2cross,0.3,16,D1-K2cross_e30_r016,NoiseMix100,0.5314009661835749,23.038298324839833,True,0.18,0.2471569110002747
D1-K2cross,0.35,16,D1-K2cross_e35_r016,NoiseMix100,0.5454545454545454,21.998780079258143,True,0.24333333333333335,0.25520885699916107
D2-K3par,0.25,16,D2-K3par_e25_r016,NoiseMix100,0.34299516908212563,19.962543884469255,True,0.0,0.47979236700120964
D2-K3par,0.3,16,D2-K3par_e30_r016,NoiseMix100,0.39805825242718446,19.45331473292332,True,0.0,0.32548745300118753
D2-K3par,0.35,16,D2-K3par_e35_r016,NoiseMix100,0.34196891191709844,20.621294106703665,True,0.0,0.25743916099963826
D3-unequal,0.25,16,D3-unequal_e25_r016,NoiseMix100,0.9344978165938864,0.09874425791139152,False,0.24,0.29204718799883267
D3-unequal,0.3,16,D3-unequal_e30_r016,NoiseMix100,0.7129186602870813,22.113013724837167,False,0.33666666666666667,0.20557179800016456
D3-unequal,0.35,16,D3-unequal_e35_r016,NoiseMix100,0.7120418848167539,23.487096200557485,False,0.4266666666666667,0.25545652800065
D4-hetero,0.25,16,D4-hetero_e25_r016,NoiseMix100,0.9173553719008265,0.08568653640232143,False,0.19333333333333333,0.2593342820000544
D4-hetero,0.3,16,D4-hetero_e30_r016,NoiseMix100,0.9205607476635514,0.2362906335905201,False,0.29333333333333333,0.2628138319996651
D4-hetero,0.35,16,D4-hetero_e35_r016,NoiseMix100,0.5051546391752577,21.57995380665547,True,0.23,0.17092905899880861
D5-leverage,0.25,16,D5-leverage_e25_r016,NoiseMix100,0.509090909090909,2.720666836420832,True,0.006666666666666667,0.2796703919993888
D5-leverage,0.3,16,D5-leverage_e30_r016,NoiseMix100,0.8654708520179372,1.367748676452556,False,0.0,0.3372068100015895
D5-leverage,0.35,16,D5-leverage_e35_r016,NoiseMix100,0.5076923076923077,2.4942899787320205,True,0.0,0.2942906110001786
D6-uniform,0.25,16,D6-uniform_e25_r016,NoiseMix100,0.8865546218487395,0.19247789806697513,False,0.25,0.25502830799996445
D6-uniform,0.3,16,D6-uniform_e30_r016,NoiseMix100,0.9047619047619048,0.1321404099827437,False,0.39666666666666667,0.20579841299877444
D6-uniform,0.35,16,D6-uniform_e35_r016,NoiseMix100,0.9390862944162437,0.12520363513083077,False,0.4866666666666667,0.1477180399997451
D7-p3,0.25,16,D7-p3_e25_r016,NoiseMix100,0.5233644859813084,6.007272531795432,True,0.19666666666666666,0.2711472219998541
D7-p3,0.3,16,D7-p3_e30_r016,NoiseMix100,0.5370370370370371,25.28247855488001,True,0.17666666666666667,0.26862461299970164
D7-p3,0.35,16,D7-p3_e35_r016,NoiseMix100,0.5051020408163265,23.941825681627204,True,0.2733333333333333,0.29919389900169335
D8-K2par-sep,0.25,16,D8-K2par-sep_e25_r016,NoiseMix100,0.5333333333333333,20.594013288620918,True,0.21,0.2986460089996399
D8-K2par-sep,0.3,16,D8-K2par-sep_e30_r016,NoiseMix100,0.5333333333333333,19.917510399427105,True,0.17,0.26370463899911556
D8-K2par-sep,0.35,16,D8-K2par-sep_e35_r016,NoiseMix100,0.5240384615384616,21.33507159820311,True,0.24333333333333335,0.2554083270006231
D1-K2cross,0.25,17,D1-K2cross_e25_r017,NoiseMix100,0.905982905982906,0.11865985065333357,False,0.23,0.2560080659986852
D1-K2cross,0.3,17,D1-K2cross_e30_r017,NoiseMix100,0.5707547169811321,18.58415123761536,True,0.22,0.3749194090014498
D1-K2cross,0.35,17,D1-K2cross_e35_r017,NoiseMix100,0.5245901639344263,23.803752258553097,True,0.24666666666666667,0.2710336500003905
D2-K3par,0.25,17,D2-K3par_e25_r017,NoiseMix100,0.3972602739726027,19.59027956053671,True,0.0,0.3478681319993484
D2-K3par,0.3,17,D2-K3par_e30_r017,NoiseMix100,0.38388625592417064,20.769438145739947,True,0.0,0.3445501200003491
D2-K3par,0.35,17,D2-K3par_e35_r017,NoiseMix100,0.34951456310679613,20.96550497257613,True,0.0,0.34872502500002156
D3-unequal,0.25,17,D3-unequal_e25_r017,NoiseMix100,0.9009009009009009,0.14521748572933593,False,0.2733333333333333,0.2695599090002361
D3-unequal,0.3,17,D3-unequal_e30_r017,NoiseMix100,0.7488151658767772,22.7723163764573,False,0.36,0.2703953710006317
D3-unequal,0.35,17,D3-unequal_e35_r017,NoiseMix100,0.734375,21.969484462186486,False,0.42,0.2649618969990115
D4-hetero,0.25,17,D4-hetero_e25_r017,NoiseMix100,0.9170305676855895,0.05475127330926055,False,0.24,0.2551897610010201
D4-hetero,0.3,17,D4-hetero_e30_r017,NoiseMix100,0.5188679245283019,21.772906944619745,True,0.17666666666666667,0.2659780880003382
D4-hetero,0.35,17,D4-hetero_e35_r017,NoiseMix100,0.5026178010471204,22.503734208426916,True,0.29,0.26991208600156824
D5-leverage,0.25,17,D5-leverage_e25_r017,NoiseMix100,0.8828451882845189,1.3910210979417794,False,0.0,0.2920444440005667
D5-leverage,0.3,17,D5-leverage_e30_r017,NoiseMix100,0.5727699530516432,2.4998963294397423,True,0.0033333333333333335,0.32548240600044664
D5-leverage,0.35,17,D5-leverage_e35_r017,NoiseMix100,0.5463414634146342,2.9939316943465273,True,0.0,0.32160751999981585
D6-uniform,0.25,17,D6-uniform_e25_r017,NoiseMix100,0.8949771689497716,0.170365647731225,False,0.34,0.2541409429995838
D6-uniform,0.3,17,D6-uniform_e30_r017,NoiseMix100,0.9252336448598131,0.09158579589414617,False,0.37333333333333335,0.26381626799957303
D6-uniform,0.35,17,D6-uniform_e35_r017,NoiseMix100,0.5132275132275133,3.2252601950686905,True,0.2833333333333333,0.39132394199987175
D7-p3,0.25,17,D7-p3_e25_r017,NoiseMix100,0.5801886792452831,22.017409713621788,True,0.15333333333333332,0.2658554669997102
D7-p3,0.3,17,D7-p3_e30_r017,NoiseMix100,0.5330188679245284,24.50098090280118,True,0.18,0.2842188279992115
D7-p3,0.35,17,D7-p3_e35_r017,NoiseMix100,0.5124378109452736,23.837006695713256,True,0.18333333333333332,0.27603632300088066
D8-K2par-sep,0.25,17,D8-K2par-sep_e25_r017,NoiseMix100,0.5286343612334802,16.296118195756424,True,0.17333333333333334,0.273121596999772
D8-K2par-sep,0.3,17,D8-K2par-sep_e30_r017,NoiseMix100,0.5373134328358209,17.9946836460285,True,0.26,0.28220856199914124
D8-K2par-sep,0.35,17,D8-K2par-sep_e35_r017,NoiseMix100,0.5099009900990099,18.48890971620819,True,0.24333333333333335,0.263671302000148
D1-K2cross,0.25,18,D1-K2cross_e25_r018,NoiseMix100,0.8846153846153846,0.15934347765805948,False,0.23333333333333334,0.2582358250001562
D1-K2cross,0.3,18,D1-K2cross_e30_r018,NoiseMix100,0.5265700483091788,25.679860552436473,True,0.21,0.3025060420004593
D1-K2cross,0.35,18,D1-K2cross_e35_r018,NoiseMix100,0.515,24.204381947162137,True,0.21666666666666667,0.2619956979997369
D2-K3par,0.25,18,D2-K3par_e25_r018,NoiseMix100,0.4074074074074074,18.868481364778706,True,0.0,0.3491507799990359
D2-K3par,0.3,18,D2-K3par_e30_r018,NoiseMix100,0.38,20.124286875784023,True,0.0,0.3465345589993376
D2-K3par,0.35,18,D2-K3par_e35_r018,NoiseMix100,0.3768844221105528,19.564565204594633,True,0.0,0.326835021000079
D3-unequal,0.25,18,D3-unequal_e25_r018,NoiseMix100,0.9099099099099099,0.19206619260512703,False,0.26666666666666666,0.2549243180001213
D3-unequal,0.3,18,D3-unequal_e30_r018,NoiseMix100,0.9124423963133641,0.1118648144406138,False,0.2833333333333333,0.25577063400123734
D3-unequal,0.35,18,D3-unequal_e35_r018,NoiseMix100,0.7536945812807881,21.340781030249182,False,0.37666666666666665,0.2598458929987828
D4-hetero,0.25,18,D4-hetero_e25_r018,NoiseMix100,0.8917748917748918,0.2843282353266485,False,0.24333333333333335,0.2547094149995246
D4-hetero,0.3,18,D4-hetero_e30_r018,NoiseMix100,0.5235849056603774,22.319418340563484,True,0.17333333333333334,0.25622426200061454
D4-hetero,0.35,18,D4-hetero_e35_r018,NoiseMix100,0.5185185185185185,22.730407574210414,True,0.25,0.25581039899952884
D5-leverage,0.25,18,D5-leverage_e25_r018,NoiseMix100,0.8990825688073395,1.4346555938318035,False,0.0,0.28758768899933784
D5-leverage,0.3,18,D5-leverage_e30_r018,NoiseMix100,0.863013698630137,1.4188114709593775,False,0.0,0.291586682000343
D5-leverage,0.35,18,D5-leverage_e35_r018,NoiseMix100,0.5026455026455027,2.3015514678563007,True,0.0,0.39264178200028255
D6-uniform,0.25,18,D6-uniform_e25_r018,NoiseMix100,0.9134199134199135,0.031567393135121025,False,0.28,0.2596384590015077
D6-uniform,0.3,18,D6-uniform_e30_r018,NoiseMix100,0.9372197309417041,0.09566548050195349,False,0.32,0.26269701499950315
D6-uniform,0.35,18,D6-uniform_e35_r018,NoiseMix100,0.9378238341968912,0.20763421077959832,False,0.46,0.26130171999830054
D7-p3,0.25,18,D7-p3_e25_r018,NoiseMix100,0.5111111111111111,24.41732635665575,True,0.13666666666666666,0.2737631580002926
D7-p3,0.3,18,D7-p3_e30_r018,NoiseMix100,0.5476190476190477,19.87500115477658,True,0.19,0.31071375499959686
D7-p3,0.35,18,D7-p3_e35_r018,NoiseMix100,0.5308056872037915,21.386991371244775,True,0.18,0.2915244769992569
D8-K2par-sep,0.25,18,D8-K2par-sep_e25_r018,NoiseMix100,0.5330188679245284,19.783954326130168,True,0.21666666666666667,0.2700064149994432
D8-K2par-sep,0.3,18,D8-K2par-sep_e30_r018,NoiseMix100,0.5283018867924528,19.233450837422648,True,0.21,0.26509348600120575
D8-K2par-sep,0.35,18,D8-K2par-sep_e35_r018,NoiseMix100,0.5663265306122449,18.58488777409222,True,0.24,0.31752160899850423
D1-K2cross,0.25,19,D1-K2cross_e25_r019,NoiseMix100,0.9126637554585153,0.09062120306719207,False,0.25,0.2811050330001308
D1-K2cross,0.3,19,D1-K2cross_e30_r019,NoiseMix100,0.5047169811320755,23.63121313219781,True,0.18666666666666668,0.25720763400022406
D1-K2cross,0.35,19,D1-K2cross_e35_r019,NoiseMix100,0.5125628140703518,24.074571830028546,True,0.22666666666666666,0.27263526799833926
D2-K3par,0.25,19,D2-K3par_e25_r019,NoiseMix100,0.3722943722943723,20.731428950399938,True,0.0,0.35566350699991744
D2-K3par,0.3,19,D2-K3par_e30_r019,NoiseMix100,0.3791469194312796,20.316963804499203,True,0.0,0.32221681300143246
D2-K3par,0.35,19,D2-K3par_e35_r019,NoiseMix100,0.39378238341968913,20.15346621215607,True,0.0,0.2653584570016392
D3-unequal,0.25,19,D3-unequal_e25_r019,NoiseMix100,0.9032258064516129,0.13805927959410824,False,0.2966666666666667,0.21671421499922872
D3-unequal,0.3,19,D3-unequal_e30_r019,NoiseMix100,0.717391304347826,22.42705573116449,False,0.4033333333333333,0.17557609100003901
D3-unequal,0.35,19,D3-unequal_e35_r019,NoiseMix100,0.6630434782608695,24.37812009123897,True,0.43333333333333335,0.26928015599878563
D4-hetero,0.25,19,D4-hetero_e25_r019,NoiseMix100,0.9054054054054054,0.11550113920610008,False,0.2733333333333333,0.25781482700040215
D4-hetero,0.3,19,D4-hetero_e30_r019,NoiseMix100,0.8853211009174312,0.12689372810975658,False,0.2833333333333333,0.2539012819997879
D4-hetero,0.35,19,D4-hetero_e35_r019,NoiseMix100,0.5174129353233831,21.94437642071332,True,0.5233333333333333,0.2790612649987452
D5-leverage,0.25,19,D5-leverage_e25_r019,NoiseMix100,0.8411214953271028,1.484808560125488,False,0.0,0.3519699099997524
D5-leverage,0.3,19,D5-leverage_e30_r019,NoiseMix100,0.9049773755656109,1.4269453217947161,False,0.0,0.3003760390001844
D5-leverage,0.35,19,D5-leverage_e35_r019,NoiseMix100,0.5081967213114754,3.146635412129023,True,0.02666666666666667,0.2706546219997108
D6-uniform,0.25,19,D6-uniform_e25_r019,NoiseMix100,0.9241071428571429,0.1212220681234275,False,0.33666666666666667,0.2903560100003233
D6-uniform,0.3,19,D6-uniform_e30_r019,NoiseMix100,0.9086538461538461,0.19648451356904387,False,0.44333333333333336,0.29988185500042164
D6-uniform,0.35,19,D6-uniform_e35_r019,NoiseMix100,0.9154228855721394,0.10825286058372584,False,0.46,0.28500621899911494
D7-p3,0.25,19,D7-p3_e25_r019,NoiseMix100,0.5242290748898678,20.03500955578571,True,0.15666666666666668,0.2808496559991909
D7-p3,0.3,19,D7-p3_e30_r019,NoiseMix100,0.502262443438914,20.085204152835406,True,0.18666666666666668,0.29273692200149526
D7-p3,0.35,19,D7-p3_e35_r019,NoiseMix100,0.510752688172043,21.39275379167298,True,0.22333333333333333,0.31492740199973923
D8-K2par-sep,0.25,19,D8-K2par-sep_e25_r019,NoiseMix100,0.5315315315315315,18.50624533821164,True,0.20333333333333334,0.2739222809996136
D8-K2par-sep,0.3,19,D8-K2par-sep_e30_r019,NoiseMix100,0.5297029702970297,20.17533872307665,True,0.19333333333333333,0.26647478099948785
D8-K2par-sep,0.35,19,D8-K2par-sep_e35_r019,NoiseMix100,0.5612244897959183,20.95799953792258,True,0.21666666666666667,0.248549202000504
D1-K2cross,0.25,20,D1-K2cross_e25_r020,NoiseMix100,0.9269406392694064,0.15102611092530932,False,0.27666666666666667,0.27157528399948205
D1-K2cross,0.3,20,D1-K2cross_e30_r020,NoiseMix100,0.9111111111111111,0.05460667157079895,False,0.2633333333333333,0.2762270350012841
D1-K2cross,0.35,20,D1-K2cross_e35_r020,NoiseMix100,0.5533980582524272,22.946034905950068,True,0.23333333333333334,0.2578352700002142
D2-K3par,0.25,20,D2-K3par_e25_r020,NoiseMix100,0.36796536796536794,19.47994833830908,True,0.0,0.3441302720002568
D2-K3par,0.3,20,D2-K3par_e30_r020,NoiseMix100,0.35323383084577115,20.078405447763103,True,0.0,0.3491807209993567
D2-K3par,0.35,20,D2-K3par_e35_r020,NoiseMix100,0.36538461538461536,19.193347650783753,True,0.0,0.3299133370001073
D3-unequal,0.25,20,D3-unequal_e25_r020,NoiseMix100,0.9124423963133641,0.261249035017717,False,0.30333333333333334,0.2650681800005259
D3-unequal,0.3,20,D3-unequal_e30_r020,NoiseMix100,0.6868686868686869,21.802893891575014,True,0.43333333333333335,0.28259278800032916
D3-unequal,0.35,20,D3-unequal_e35_r020,NoiseMix100,0.745,23.511353001970907,False,0.39,0.2912138430001505
D4-hetero,0.25,20,D4-hetero_e25_r020,NoiseMix100,0.9196428571428571,0.15809695085680633,False,0.25333333333333335,0.2743488989999605
D4-hetero,0.3,20,D4-hetero_e30_r020,NoiseMix100,0.5358851674641149,24.265448924346888,True,0.19666666666666666,0.27185004800048773
D4-hetero,0.35,20,D4-hetero_e35_r020,NoiseMix100,0.532258064516129,20.693686957903907,True,0.33666666666666667,0.3123606329991162
D5-leverage,0.25,20,D5-leverage_e25_r020,NoiseMix100,0.8363636363636363,1.3928490403581744,False,0.0,0.298682992999602
D5-leverage,0.3,20,D5-leverage_e30_r020,NoiseMix100,0.8356164383561644,1.4766959439807608,False,0.0,0.2910243159985839
D5-leverage,0.35,20,D5-leverage_e35_r020,NoiseMix100,0.5025125628140703,2.2361103511916354,True,0.0,0.31077095799992094
D6-uniform,0.25,20,D6-uniform_e25_r020,NoiseMix100,0.9295154185022027,0.05050075576515918,False,0.33666666666666667,0.257067869999446
D6-uniform,0.3,20,D6-uniform_e30_r020,NoiseMix100,0.9036697247706422,0.2786053296145056,False,0.41,0.25676131900036125
D6-uniform,0.35,20,D6-uniform_e35_r020,NoiseMix100,0.8894472361809045,0.22327048541824857,False,0.48,0.28818633199989563
D7-p3,0.25,20,D7-p3_e25_r020,NoiseMix100,0.5321100917431193,21.597655923802392,True,0.17666666666666667,0.3050862580003013
D7-p3,0.3,20,D7-p3_e30_r020,NoiseMix100,0.5245098039215687,21.23953943159103,True,0.24333333333333335,0.299214161999771
D7-p3,0.35,20,D7-p3_e35_r020,NoiseMix100,0.5028571428571429,24.20043059807173,True,0.0,0.3121434990007401
D8-K2par-sep,0.25,20,D8-K2par-sep_e25_r020,NoiseMix100,0.5434782608695652,19.947418175496622,True,0.12,0.26597823900010553
D8-K2par-sep,0.3,20,D8-K2par-sep_e30_r020,NoiseMix100,0.536697247706422,18.726385464857366,True,0.16333333333333333,0.2587331060003635
D8-K2par-sep,0.35,20,D8-K2par-sep_e35_r020,NoiseMix100,0.5252525252525253,16.746774241742543,True,0.24,0.25566993100073887
D1-K2cross,0.25,21,D1-K2cross_e25_r021,NoiseMix100,0.9273504273504274,0.11989017077318875,False,0.22,0.27332450299945776
D1-K2cross,0.3,21,D1-K2cross_e30_r021,NoiseMix100,0.5592417061611374,25.513271999243404,True,0.23,0.28386250199946517
D1-K2cross,0.35,21,D1-K2cross_e35_r021,NoiseMix100,0.5833333333333334,22.73102857026543,True,0.22,0.27348720299960405
D2-K3par,0.25,21,D2-K3par_e25_r021,NoiseMix100,0.36936936936936937,18.813205831619783,True,0.0,0.36213180699996883
D2-K3par,0.3,21,D2-K3par_e30_r021,NoiseMix100,0.3961352657004831,18.937030356587687,True,0.0,0.3611304179994477
D2-K3par,0.35,21,D2-K3par_e35_r021,NoiseMix100,0.4052631578947368,19.71321116746948,True,0.0,0.33751601800031494
D3-unequal,0.25,21,D3-unequal_e25_r021,NoiseMix100,0.9134199134199135,0.13330521872064158,False,0.24333333333333335,0.2690500959997735
D3-unequal,0.3,21,D3-unequal_e30_r021,NoiseMix100,0.680952380952381,22.55559779398763,True,0.3566666666666667,0.28140353599883383
D3-unequal,0.35,21,D3-unequal_e35_r021,NoiseMix100,0.717948717948718,22.18216343233666,False,0.4,0.26318373900176084
D4-hetero,0.25,21,D4-hetero_e25_r021,NoiseMix100,0.9043478260869565,0.1206913982005624,False,0.23333333333333334,0.2488941869996779
D4-hetero,0.3,21,D4-hetero_e30_r021,NoiseMix100,0.926605504587156,0.11230408462068864,False,0.2833333333333333,0.28039301200078626
D4-hetero,0.35,21,D4-hetero_e35_r021,NoiseMix100,0.5,24.533812427326527,True,0.24,0.27815192099842534
D5-leverage,0.25,21,D5-leverage_e25_r021,NoiseMix100,0.5565610859728507,3.1196700261820065,True,0.02666666666666667,0.2911176670004352
D5-leverage,0.3,21,D5-leverage_e30_r021,NoiseMix100,0.8826291079812206,1.375671214690412,False,0.0,0.3912603509998007
D5-leverage,0.35,21,D5-leverage_e35_r021,NoiseMix100,0.5210526315789473,2.3502945595300972,True,0.0,0.4095468260002235
D6-uniform,0.25,21,D6-uniform_e25_r021,NoiseMix100,0.9264705882352942,0.3617702668589035,False,0.43,0.266896048999115
D6-uniform,0.3,21,D6-uniform_e30_r021,NoiseMix100,0.8571428571428571,0.869974042420584,False,0.30666666666666664,0.32450266299929353
D6-uniform,0.35,21,D6-uniform_e35_r021,NoiseMix100,0.8877551020408163,0.176940978232899,False,0.55,0.2811345070003881
D7-p3,0.25,21,D7-p3_e25_r021,NoiseMix100,0.9152542372881356,0.09781332073238813,False,0.21666666666666667,0.27239733900023566
D7-p3,0.3,21,D7-p3_e30_r021,NoiseMix100,0.5404040404040404,20.185760475625774,True,0.27,0.295041888999549
D7-p3,0.35,21,D7-p3_e35_r021,NoiseMix100,0.5132275132275133,22.285138463623934,True,0.25333333333333335,0.29228913499900955
D8-K2par-sep,0.25,21,D8-K2par-sep_e25_r021,NoiseMix100,0.5162790697674419,21.880106027623455,True,0.19666666666666666,0.2705985459997464
D8-K2par-sep,0.3,21,D8-K2par-sep_e30_r021,NoiseMix100,0.5230769230769231,18.441817392401333,True,0.21333333333333335,0.2498482459996012
D8-K2par-sep,0.35,21,D8-K2par-sep_e35_r021,NoiseMix100,0.5260416666666666,18.13187752065484,True,0.22,0.1572560889999295
D1-K2cross,0.25,22,D1-K2cross_e25_r022,NoiseMix100,0.515695067264574,21.357889801088938,True,0.16,0.268557919000159
D1-K2cross,0.3,22,D1-K2cross_e30_r022,NoiseMix100,0.5023923444976076,23.145663990212192,True,0.19666666666666666,0.31777810099993076
D1-K2cross,0.35,22,D1-K2cross_e35_r022,NoiseMix100,0.5051546391752577,22.474127081305074,True,0.24,0.328421319998597
D2-K3par,0.25,22,D2-K3par_e25_r022,NoiseMix100,0.3524229074889868,19.41512272651205,True,0.0,0.42745486599960714
D2-K3par,0.3,22,D2-K3par_e30_r022,NoiseMix100,0.37383177570093457,19.958719734109497,True,0.0,0.36902480800017656
D2-K3par,0.35,22,D2-K3par_e35_r022,NoiseMix100,0.3711340206185567,19.704776858630556,True,0.0,0.414542779999465
D3-unequal,0.25,22,D3-unequal_e25_r022,NoiseMix100,0.8973214285714286,0.18857342826569232,False,0.25333333333333335,0.3304096700012451
D3-unequal,0.3,22,D3-unequal_e30_r022,NoiseMix100,0.9030837004405287,0.23402518547160248,False,0.24666666666666667,0.3127068310004688
D3-unequal,0.35,22,D3-unequal_e35_r022,NoiseMix100,0.6616161616161617,21.830094918504948,True,0.43666666666666665,0.3917725029987196
D4-hetero,0.25,22,D4-hetero_e25_r022,NoiseMix100,0.543859649122807,21.987235627687582,True,0.12666666666666668,0.39769300499938254
D4-hetero,0.3,22,D4-hetero_e30_r022,NoiseMix100,0.9136363636363637,0.09875667539528044,False,0.27666666666666667,0.3406420449991856
D4-hetero,0.35,22,D4-hetero_e35_r022,NoiseMix100,0.5440414507772021,21.772494695725968,True,0.18,0.3037315490000765
D5-leverage,0.25,22,D5-leverage_e25_r022,NoiseMix100,0.8201754385964912,1.4185840445102988,False,0.0,0.3318250430002081
D5-leverage,0.3,22,D5-leverage_e30_r022,NoiseMix100,0.5098039215686274,2.3691259210292044,True,0.0,0.3520956699994713
D5-leverage,0.35,22,D5-leverage_e35_r022,NoiseMix100,0.53125,3.0038117726403506,True,0.006666666666666667,0.29322250699988217
D6-uniform,0.25,22,D6-uniform_e25_r022,NoiseMix100,0.8961038961038961,0.09181061880400922,False,0.29333333333333333,0.3080325659993832
D6-uniform,0.3,22,D6-uniform_e30_r022,NoiseMix100,0.9015544041450777,0.21500839799229535,False,0.48333333333333334,0.19462288300019281
D6-uniform,0.35,22,D6-uniform_e35_r022,NoiseMix100,0.9303482587064676,0.1882290646951035,False,0.4866666666666667,0.20368907100055367
D7-p3,0.25,22,D7-p3_e25_r022,NoiseMix100,0.9118942731277533,0.1722847070537205,False,0.26,0.18209393700090004
D7-p3,0.3,22,D7-p3_e30_r022,NoiseMix100,0.5283018867924528,22.41425730140267,True,0.17,0.20004266599971743
D7-p3,0.35,22,D7-p3_e35_r022,NoiseMix100,0.5412371134020618,22.66994026814162,True,0.24333333333333335,0.19255448700096167
D8-K2par-sep,0.25,22,D8-K2par-sep_e25_r022,NoiseMix100,0.5225225225225225,19.42121409810259,True,0.18333333333333332,0.33292434500071977
D8-K2par-sep,0.3,22,D8-K2par-sep_e30_r022,NoiseMix100,0.5233160621761658,18.7754894677083,True,0.25333333333333335,0.32951419900018664
D8-K2par-sep,0.35,22,D8-K2par-sep_e35_r022,NoiseMix100,0.5291005291005291,19.06084720873612,True,0.18333333333333332,0.3255777609992947
D1-K2cross,0.25,23,D1-K2cross_e25_r023,NoiseMix100,0.9094827586206896,0.11520126876484979,False,0.22666666666666666,0.3313150329995551
D1-K2cross,0.3,23,D1-K2cross_e30_r023,NoiseMix100,0.5067873303167421,23.604987240893436,True,0.19333333333333333,0.31900104399937845
D1-K2cross,0.35,23,D1-K2cross_e35_r023,NoiseMix100,0.5153061224489796,21.16892423883266,True,0.23333333333333334,0.37617658299859613
D2-K3par,0.25,23,D2-K3par_e25_r023,NoiseMix100,0.35319148936170214,19.54482154081496,True,0.0,0.5153427420009393
D2-K3par,0.3,23,D2-K3par_e30_r023,NoiseMix100,0.39303482587064675,20.287889463760237,True,0.0,0.4136205289996724
D2-K3par,0.35,23,D2-K3par_e35_r023,NoiseMix100,0.41919191919191917,19.818225489685805,True,0.0,0.4436548190005851
D3-unequal,0.25,23,D3-unequal_e25_r023,NoiseMix100,0.8951965065502183,0.0658547846885015,False,0.24,0.3342845250008395
D3-unequal,0.3,23,D3-unequal_e30_r023,NoiseMix100,0.8812785388127854,0.1024838828650883,False,0.2733333333333333,0.3305975489984121
D3-unequal,0.35,23,D3-unequal_e35_r023,NoiseMix100,0.7164948453608248,21.947683375829694,False,0.4033333333333333,0.35666220300117857
D4-hetero,0.25,23,D4-hetero_e25_r023,NoiseMix100,0.9111111111111111,0.250788026742317,False,0.25333333333333335,0.3437257559999125
D4-hetero,0.3,23,D4-hetero_e30_r023,NoiseMix100,0.555045871559633,22.381919798100725,True,0.14,0.3266084780007077
D4-hetero,0.35,23,D4-hetero_e35_r023,NoiseMix100,0.5103092783505154,21.190465837482638,True,0.24,0.35307870599899616
D5-leverage,0.25,23,D5-leverage_e25_r023,NoiseMix100,0.863013698630137,1.3660467382045882,False,0.0,0.3528752269994584
D5-leverage,0.3,23,D5-leverage_e30_r023,NoiseMix100,0.5024630541871922,2.2999090508193962,True,0.0,0.31251987900031963
D5-leverage,0.35,23,D5-leverage_e35_r023,NoiseMix100,0.8594594594594595,1.43803531535964,False,0.0,0.335003845000756
D6-uniform,0.25,23,D6-uniform_e25_r023,NoiseMix100,0.9159663865546218,0.134075462029706,False,0.26666666666666666,0.26591476399880776
D6-uniform,0.3,23,D6-uniform_e30_r023,NoiseMix100,0.9369369369369369,0.20162979017846822,False,0.33,0.27838501800033555
D6-uniform,0.35,23,D6-uniform_e35_r023,NoiseMix100,0.91,0.2973016979746787,False,0.44666666666666666,0.27969016399947577
D7-p3,0.25,23,D7-p3_e25_r023,NoiseMix100,0.8959276018099548,0.11508527176545691,False,0.26666666666666666,0.30969914100023743
D7-p3,0.3,23,D7-p3_e30_r023,NoiseMix100,0.5213270142180095,21.832221724181387,True,0.19333333333333333,0.32570021100036683
D7-p3,0.35,23,D7-p3_e35_r023,NoiseMix100,0.515,20.723936125974355,True,0.23,0.2982900500010146
D8-K2par-sep,0.25,23,D8-K2par-sep_e25_r023,NoiseMix100,0.511520737327189,17.696614605564484,True,0.23333333333333334,0.33448495999982697
D8-K2par-sep,0.3,23,D8-K2par-sep_e30_r023,NoiseMix100,0.5209302325581395,21.312714302017493,True,0.22333333333333333,0.3037198830006673
D8-K2par-sep,0.35,23,D8-K2par-sep_e35_r023,NoiseMix100,0.5561497326203209,17.931319237374346,True,0.28,0.33421240799907537
D1-K2cross,0.25,24,D1-K2cross_e25_r024,NoiseMix100,0.9163179916317992,0.2037086720578851,False,0.21,0.31257715499850747
D1-K2cross,0.3,24,D1-K2cross_e30_r024,NoiseMix100,0.8949771689497716,0.11125987498323373,False,0.28,0.2954354930006957
D1-K2cross,0.35,24,D1-K2cross_e35_r024,NoiseMix100,0.5050505050505051,21.769959086941594,True,0.25,0.2878771309988224
D2-K3par,0.25,24,D2-K3par_e25_r024,NoiseMix100,0.3761467889908257,19.72444242364468,True,0.0,0.3829288920005638
D2-K3par,0.3,24,D2-K3par_e30_r024,NoiseMix100,0.37777777777777777,18.551739504191755,True,0.013333333333333334,0.4623851989999821
D2-K3par,0.35,24,D2-K3par_e35_r024,NoiseMix100,0.37435897435897436,20.83909216384579,True,0.0,0.4213930519999849
D3-unequal,0.25,24,D3-unequal_e25_r024,NoiseMix100,0.9327354260089686,0.11901586903481953,False,0.2633333333333333,0.28130193800097913
D3-unequal,0.3,24,D3-unequal_e30_r024,NoiseMix100,0.897196261682243,0.0843226949807256,False,0.29333333333333333,0.2714704769987293
D3-unequal,0.35,24,D3-unequal_e35_r024,NoiseMix100,0.7180851063829787,19.657260583465593,False,0.39666666666666667,0.285046307999437
D4-hetero,0.25,24,D4-hetero_e25_r024,NoiseMix100,0.9344978165938864,0.10011884176592299,False,0.24333333333333335,0.27421348200005013
D4-hetero,0.3,24,D4-hetero_e30_r024,NoiseMix100,0.5280373831775701,19.061500288514548,True,0.23,0.28505075800057966
D4-hetero,0.35,24,D4-hetero_e35_r024,NoiseMix100,0.5080213903743316,22.394642732661143,True,0.24,0.28762599299989233
D5-leverage,0.25,24,D5-leverage_e25_r024,NoiseMix100,0.8863636363636364,1.4412544522920652,False,0.0,0.5570882629999687
D5-leverage,0.3,24,D5-leverage_e30_r024,NoiseMix100,0.5472636815920398,3.3696945293102667,True,0.0,0.36008600700006355
D5-leverage,0.35,24,D5-leverage_e35_r024,NoiseMix100,0.5638297872340425,2.931352148124925,True,0.0,0.3747737520006922
D6-uniform,0.25,24,D6-uniform_e25_r024,NoiseMix100,0.9285714285714286,0.10056520386633094,False,0.35,0.31245252400003665
D6-uniform,0.3,24,D6-uniform_e30_r024,NoiseMix100,0.9121951219512195,0.27515586537712144,False,0.42333333333333334,0.3030881450013112
D6-uniform,0.35,24,D6-uniform_e35_r024,NoiseMix100,0.8941176470588236,0.06640203461156324,False,0.5433333333333333,0.31057292699915706
D7-p3,0.25,24,D7-p3_e25_r024,NoiseMix100,0.5138888888888888,12.249792632518231,True,0.22333333333333333,0.31251120700108004
D7-p3,0.3,24,D7-p3_e30_r024,NoiseMix100,0.5227272727272727,21.457060809231084,True,0.14,0.3306429959993693
D7-p3,0.35,24,D7-p3_e35_r024,NoiseMix100,0.5260416666666666,20.61722983765793,True,0.2833333333333333,0.3148480850013584
D8-K2par-sep,0.25,24,D8-K2par-sep_e25_r024,NoiseMix100,0.5130434782608696,18.31193427441699,True,0.14333333333333334,0.2726411410003493
D8-K2par-sep,0.3,24,D8-K2par-sep_e30_r024,NoiseMix100,0.5114155251141552,19.608336683385787,True,0.18,0.3009936939997715
D8-K2par-sep,0.35,24,D8-K2par-sep_e35_r024,NoiseMix100,0.5125628140703518,19.9914003885307,True,0.23666666666666666,0.3082215160011401
D1-K2cross,0.25,25,D1-K2cross_e25_r025,NoiseMix100,0.9008620689655172,0.10243130830014412,False,0.23,0.2974890570003481
D1-K2cross,0.3,25,D1-K2cross_e30_r025,NoiseMix100,0.5480769230769231,23.145314963299775,True,0.19666666666666666,0.26598427799945057
D1-K2cross,0.35,25,D1-K2cross_e35_r025,NoiseMix100,0.5714285714285714,23.595693905914167,True,0.26666666666666666,0.297059876998901
D2-K3par,0.25,25,D2-K3par_e25_r025,NoiseMix100,0.3424657534246575,20.45183705976765,True,0.0,0.39213047699922754
D2-K3par,0.3,25,D2-K3par_e30_r025,NoiseMix100,0.42081447963800905,20.3432210805469,True,0.0,0.3880854100007127
D2-K3par,0.35,25,D2-K3par_e35_r025,NoiseMix100,0.37823834196891193,19.418779585148105,True,0.0,0.4172489350003161
D3-unequal,0.25,25,D3-unequal_e25_r025,NoiseMix100,0.9513274336283186,0.03600772006853321,False,0.24666666666666667,0.30577598600029887
D3-unequal,0.3,25,D3-unequal_e30_r025,NoiseMix100,0.9124423963133641,0.21761763103002627,False,0.29333333333333333,0.348693132000335
D3-unequal,0.35,25,D3-unequal_e35_r025,NoiseMix100,0.6256684491978609,22.32310912877004,True,0.31333333333333335,0.3605290289997356
D4-hetero,0.25,25,D4-hetero_e25_r025,NoiseMix100,0.5318181818181819,23.51552875247767,True,0.14666666666666667,0.3070590360002825
D4-hetero,0.3,25,D4-hetero_e30_r025,NoiseMix100,0.5410628019323671,24.7541097418119,True,0.28,0.3175410889998602
D4-hetero,0.35,25,D4-hetero_e35_r025,NoiseMix100,0.5078534031413613,20.095472624577752,True,0.22,0.3366735609997704
D5-leverage,0.25,25,D5-leverage_e25_r025,NoiseMix100,0.5229357798165137,2.3437511881683606,True,0.0,0.3127996519997396
D5-leverage,0.3,25,D5-leverage_e30_r025,NoiseMix100,0.5482233502538071,2.7795074061053393,True,0.023333333333333334,0.3185675170007016
D5-leverage,0.35,25,D5-leverage_e35_r025,NoiseMix100,0.526829268292683,3.950297686627565,True,0.0,0.3136872730010509
D6-uniform,0.25,25,D6-uniform_e25_r025,NoiseMix100,0.8840579710144928,0.2475136292465655,False,0.38666666666666666,0.2877992460016685
D6-uniform,0.3,25,D6-uniform_e30_r025,NoiseMix100,0.93,0.09483679005570173,False,0.5033333333333333,0.29712353799914126
D6-uniform,0.35,25,D6-uniform_e35_r025,NoiseMix100,0.9170731707317074,0.19849014313047225,False,0.46,0.2956854679996468
D7-p3,0.25,25,D7-p3_e25_r025,NoiseMix100,0.9017857142857143,0.12166150201118042,False,0.26,0.30922782000016014
D7-p3,0.3,25,D7-p3_e30_r025,NoiseMix100,0.5342465753424658,9.06842798180353,True,0.17333333333333334,0.3218808330002503
D7-p3,0.35,25,D7-p3_e35_r025,NoiseMix100,0.5369458128078818,20.91984032331743,True,0.21,0.35534067600019625
D8-K2par-sep,0.25,25,D8-K2par-sep_e25_r025,NoiseMix100,0.5118483412322274,19.075912354145405,True,0.17333333333333334,0.29423240600044664
D8-K2par-sep,0.3,25,D8-K2par-sep_e30_r025,NoiseMix100,0.5211267605633803,17.67517595810106,True,0.15666666666666668,0.31192358000043896
D8-K2par-sep,0.35,25,D8-K2par-sep_e35_r025,NoiseMix100,0.5126903553299492,19.872889696861765,True,0.21333333333333335,0.32220231300016167
D1-K2cross,0.25,26,D1-K2cross_e25_r026,NoiseMix100,0.8836206896551724,0.14792537500769257,False,0.23,0.34199847300078545
D1-K2cross,0.3,26,D1-K2cross_e30_r026,NoiseMix100,0.518348623853211,21.683104610668952,True,0.16666666666666666,0.3477001390001533
D1-K2cross,0.35,26,D1-K2cross_e35_r026,NoiseMix100,0.5,22.71546097499073,True,0.20666666666666667,0.3078435150000587
D2-K3par,0.25,26,D2-K3par_e25_r026,NoiseMix100,0.35294117647058826,19.38449289676345,True,0.0,0.42223866899985296
D2-K3par,0.3,26,D2-K3par_e30_r026,NoiseMix100,0.3904761904761905,21.068507094184373,True,0.0,0.38750683600119373
D2-K3par,0.35,26,D2-K3par_e35_r026,NoiseMix100,0.3712871287128713,20.34582580721073,True,0.0,0.35311385599925416
D3-unequal,0.25,26,D3-unequal_e25_r026,NoiseMix100,0.8772727272727273,0.150452418204982,False,0.27,0.2740005250016111
D3-unequal,0.3,26,D3-unequal_e30_r026,NoiseMix100,0.7303921568627451,23.39451456349686,False,0.41,0.2989548019995709
D3-unequal,0.35,26,D3-unequal_e35_r026,NoiseMix100,0.6903553299492385,23.573788636555268,True,0.4166666666666667,0.30043069000021205
D4-hetero,0.25,26,D4-hetero_e25_r026,NoiseMix100,0.9138755980861244,0.16990608766226045,False,0.31666666666666665,0.25839894699856814
D4-hetero,0.3,26,D4-hetero_e30_r026,NoiseMix100,0.5116279069767442,22.280997479361798,True,0.15333333333333332,0.286781463000807
D4-hetero,0.35,26,D4-hetero_e35_r026,NoiseMix100,0.5351351351351351,24.294241754371715,True,0.26666666666666666,0.3047732220002217
D5-leverage,0.25,26,D5-leverage_e25_r026,NoiseMix100,0.8552631578947368,1.3868857843686586,False,0.0,0.29055983199941693
D5-leverage,0.3,26,D5-leverage_e30_r026,NoiseMix100,0.5258215962441315,2.6341118430776898,True,0.01,0.2939194939990557
D5-leverage,0.35,26,D5-leverage_e35_r026,NoiseMix100,0.8732394366197183,1.4428533938829866,False,0.0,0.32368603900067683
D6-uniform,0.25,26,D6-uniform_e25_r026,NoiseMix100,0.9162790697674419,0.08874276454655836,False,0.38333333333333336,0.31201678800061927
D6-uniform,0.3,26,D6-uniform_e30_r026,NoiseMix100,0.9242424242424242,0.09184490918902803,False,0.46,0.2897309310010314
D6-uniform,0.35,26,D6-uniform_e35_r026,NoiseMix100,0.9166666666666666,0.1634378908761973,False,0.47333333333333333,0.2864424910003436
D7-p3,0.25,26,D7-p3_e25_r026,NoiseMix100,0.9541284403669725,0.15752384427574495,False,0.2966666666666667,0.2723402499996155
D7-p3,0.3,26,D7-p3_e30_r026,NoiseMix100,0.5656565656565656,20.561456763215443,True,0.24666666666666667,0.3614032989989937
D7-p3,0.35,26,D7-p3_e35_r026,NoiseMix100,0.6028708133971292,9.437666150658748,True,0.25333333333333335,0.31429733100048907
D8-K2par-sep,0.25,26,D8-K2par-sep_e25_r026,NoiseMix100,0.5304347826086957,19.760131521690603,True,0.16666666666666666,0.33425399199950334
D8-K2par-sep,0.3,26,D8-K2par-sep_e30_r026,NoiseMix100,0.5070422535211268,20.753017845522955,True,0.25333333333333335,0.41714785099975416
D8-K2par-sep,0.35,26,D8-K2par-sep_e35_r026,NoiseMix100,0.5051020408163265,20.5896247515809,True,0.2833333333333333,0.30308520900143776
D1-K2cross,0.25,27,D1-K2cross_e25_r027,NoiseMix100,0.8917748917748918,0.14169720027921845,False,0.24,0.28836308599966287
D1-K2cross,0.3,27,D1-K2cross_e30_r027,NoiseMix100,0.8796296296296297,0.1402603556221802,False,0.2833333333333333,0.3424076930004958
D1-K2cross,0.35,27,D1-K2cross_e35_r027,NoiseMix100,0.5406698564593302,20.964674490883475,True,0.24333333333333335,0.3415606079997815
D2-K3par,0.25,27,D2-K3par_e25_r027,NoiseMix100,0.3744292237442922,18.79218091871088,True,0.0,0.39905050600100367
D2-K3par,0.3,27,D2-K3par_e30_r027,NoiseMix100,0.3384615384615385,20.202130714567183,True,0.0,0.38431018499977654
D2-K3par,0.35,27,D2-K3par_e35_r027,NoiseMix100,0.3697916666666667,19.393622670227472,True,0.0,0.3819401789987751
D3-unequal,0.25,27,D3-unequal_e25_r027,NoiseMix100,0.8903508771929824,0.12141437154303049,False,0.24333333333333335,0.327581363999343
D3-unequal,0.3,27,D3-unequal_e30_r027,NoiseMix100,0.6933962264150944,21.53727058999869,True,0.35,0.2949993060010456
D3-unequal,0.35,27,D3-unequal_e35_r027,NoiseMix100,0.7365591397849462,22.07474870517658,False,0.4,0.2806732640001428
D4-hetero,0.25,27,D4-hetero_e25_r027,NoiseMix100,0.509009009009009,24.43813867313184,True,0.17666666666666667,0.2698921730006987
D4-hetero,0.3,27,D4-hetero_e30_r027,NoiseMix100,0.9308755760368663,0.2019542429098665,False,0.2833333333333333,0.28224831000079575
D4-hetero,0.35,27,D4-hetero_e35_r027,NoiseMix100,0.5510204081632653,23.16624150690471,True,0.26,0.2920965539997269
D5-leverage,0.25,27,D5-leverage_e25_r027,NoiseMix100,0.8513513513513513,1.3580658169446262,False,0.0033333333333333335,0.3466180189989245
D5-leverage,0.3,27,D5-leverage_e30_r027,NoiseMix100,0.5186915887850467,2.28754634466596,True,0.016666666666666666,0.3250982599984127
D5-leverage,0.35,27,D5-leverage_e35_r027,NoiseMix100,0.554945054945055,2.3075401333563406,True,0.0,0.4373610340007872
D6-uniform,0.25,27,D6-uniform_e25_r027,NoiseMix100,0.8903508771929824,0.09244577406937471,False,0.30666666666666664,0.3201802929997939
D6-uniform,0.3,27,D6-uniform_e30_r027,NoiseMix100,0.9061032863849765,0.16947898478043832,False,0.41333333333333333,0.301098871999784
D6-uniform,0.35,27,D6-uniform_e35_r027,NoiseMix100,0.8776595744680851,0.8343619539388712,False,0.5366666666666666,0.38603142499960086
D7-p3,0.25,27,D7-p3_e25_r027,NoiseMix100,0.5137614678899083,20.96825886500434,True,0.12333333333333334,0.3473638729992672
D7-p3,0.3,27,D7-p3_e30_r027,NoiseMix100,0.5311004784688995,9.633041450885308,True,0.27,0.33309468799961905
D7-p3,0.35,27,D7-p3_e35_r027,NoiseMix100,0.5194174757281553,23.804268086850254,True,0.19,0.30361003399957553
D8-K2par-sep,0.25,27,D8-K2par-sep_e25_r027,NoiseMix100,0.5475113122171946,19.539707536694443,True,0.15,0.29729695599962724
D8-K2par-sep,0.3,27,D8-K2par-sep_e30_r027,NoiseMix100,0.5213270142180095,19.02059875978345,True,0.16,0.3149694769999769
D8-K2par-sep,0.35,27,D8-K2par-sep_e35_r027,NoiseMix100,0.5376884422110553,18.54722262163443,True,0.22,0.3117245820012613
D1-K2cross,0.25,28,D1-K2cross_e25_r028,NoiseMix100,0.9103139013452914,0.07523134668429088,False,0.26,0.2780581360002543
D1-K2cross,0.3,28,D1-K2cross_e30_r028,NoiseMix100,0.5144230769230769,23.16309437622307,True,0.19333333333333333,0.2780241830005252
D1-K2cross,0.35,28,D1-K2cross_e35_r028,NoiseMix100,0.5824742268041238,24.3466575217718,True,0.28,0.28284654500021134
D2-K3par,0.25,28,D2-K3par_e25_r028,NoiseMix100,0.37117903930131,20.743980331628485,True,0.0,0.3847631120006554
D2-K3par,0.3,28,D2-K3par_e30_r028,NoiseMix100,0.3869346733668342,18.87706493298432,True,0.0,0.3546296069998789
D2-K3par,0.35,28,D2-K3par_e35_r028,NoiseMix100,0.413265306122449,19.376357038609225,True,0.0,0.3310069469989685
D3-unequal,0.25,28,D3-unequal_e25_r028,NoiseMix100,0.9134199134199135,0.3297718984156725,False,0.23333333333333334,0.2501694980001048
D3-unequal,0.3,28,D3-unequal_e30_r028,NoiseMix100,0.6941747572815534,21.22095433202305,True,0.44333333333333336,0.28841914899931
D3-unequal,0.35,28,D3-unequal_e35_r028,NoiseMix100,0.7371134020618557,21.427374305976937,False,0.44,0.27429047399891715
D4-hetero,0.25,28,D4-hetero_e25_r028,NoiseMix100,0.9188034188034188,0.4076638018433338,False,0.22333333333333333,0.2639336030006234
D4-hetero,0.3,28,D4-hetero_e30_r028,NoiseMix100,0.5025641025641026,21.425352204371766,True,0.25666666666666665,0.2428646780008421
D4-hetero,0.35,28,D4-hetero_e35_r028,NoiseMix100,0.529126213592233,19.643992763178293,True,0.22333333333333333,0.2622350309993635
D5-leverage,0.25,28,D5-leverage_e25_r028,NoiseMix100,0.8660714285714286,1.3721889880376665,False,0.0,0.3114704849995178
D5-leverage,0.3,28,D5-leverage_e30_r028,NoiseMix100,0.5118483412322274,2.705975167457707,True,0.0,0.3049224399983359
D5-leverage,0.35,28,D5-leverage_e35_r028,NoiseMix100,0.5235602094240838,3.167231928319581,True,0.0,0.3008996959997603
D6-uniform,0.25,28,D6-uniform_e25_r028,NoiseMix100,0.9137931034482759,0.07221202653829922,False,0.31,0.2590187040004821
D6-uniform,0.3,28,D6-uniform_e30_r028,NoiseMix100,0.9342723004694836,0.08627845759168894,False,0.39,0.29056353099986154
D6-uniform,0.35,28,D6-uniform_e35_r028,NoiseMix100,0.6222222222222222,6.961119388778929,True,0.3566666666666667,0.3978731110000808
D7-p3,0.25,28,D7-p3_e25_r028,NoiseMix100,0.8697478991596639,0.08544883854935567,False,0.21,0.29316065600141883
D7-p3,0.3,28,D7-p3_e30_r028,NoiseMix100,0.5428571428571428,22.288060965602696,True,0.18333333333333332,0.3033765019990824
D7-p3,0.35,28,D7-p3_e35_r028,NoiseMix100,0.54,23.979817088445444,True,0.18,0.2969405130006635
D8-K2par-sep,0.25,28,D8-K2par-sep_e25_r028,NoiseMix100,0.5275229357798165,19.54442496885935,True,0.19666666666666666,0.299427772000854
D8-K2par-sep,0.3,28,D8-K2par-sep_e30_r028,NoiseMix100,0.5098039215686274,20.490329910317303,True,0.17666666666666667,0.2813205009988451
D8-K2par-sep,0.35,28,D8-K2par-sep_e35_r028,NoiseMix100,0.5025380710659898,19.783750038214468,True,0.23333333333333334,0.2790742910001427
D1-K2cross,0.25,29,D1-K2cross_e25_r029,NoiseMix100,0.9192825112107623,0.15340586124301,False,0.2633333333333333,0.2560659740011033
D1-K2cross,0.3,29,D1-K2cross_e30_r029,NoiseMix100,0.5502392344497608,21.68393220834639,True,0.15333333333333332,0.2703989149995323
D1-K2cross,0.35,29,D1-K2cross_e35_r029,NoiseMix100,0.5102040816326531,22.08404616839176,True,0.22,0.26483026999994763
D2-K3par,0.25,29,D2-K3par_e25_r029,NoiseMix100,0.3463203463203463,20.846014224351183,True,0.02666666666666667,0.3775825630000327
D2-K3par,0.3,29,D2-K3par_e30_r029,NoiseMix100,0.365296803652968,21.340790550323547,True,0.0,0.3759708679990581
D2-K3par,0.35,29,D2-K3par_e35_r029,NoiseMix100,0.3709677419354839,18.67831768518238,True,0.0,0.3523148519998358
D3-unequal,0.25,29,D3-unequal_e25_r029,NoiseMix100,0.9181818181818182,0.2209513243034145,False,0.26666666666666666,0.26645784200081835
D3-unequal,0.3,29,D3-unequal_e30_r029,NoiseMix100,0.7246376811594203,19.000917477313234,False,0.38,0.2726603470000555
D3-unequal,0.35,29,D3-unequal_e35_r029,NoiseMix100,0.671875,23.251038988648194,True,0.37666666666666665,0.3083658649993595
D4-hetero,0.25,29,D4-hetero_e25_r029,NoiseMix100,0.8883928571428571,0.3000274563133835,False,0.26,0.3055398780015821
D4-hetero,0.3,29,D4-hetero_e30_r029,NoiseMix100,0.5188679245283019,23.261969423554003,True,0.19333333333333333,0.29665576300067187
D4-hetero,0.35,29,D4-hetero_e35_r029,NoiseMix100,0.535,21.196564482628812,True,0.22666666666666666,0.2877769790011371
D5-leverage,0.25,29,D5-leverage_e25_r029,NoiseMix100,0.8733624454148472,1.3566878490311358,False,0.0,0.3293197550010518
D5-leverage,0.3,29,D5-leverage_e30_r029,NoiseMix100,0.5517241379310345,2.365919561000652,True,0.0,0.31407378199946834
D5-leverage,0.35,29,D5-leverage_e35_r029,NoiseMix100,0.5257731958762887,2.400205377570616,True,0.0,0.3125113810001494
D6-uniform,0.25,29,D6-uniform_e25_r029,NoiseMix100,0.9066666666666666,0.12780918034053051,False,0.34,0.2618878550001682
D6-uniform,0.3,29,D6-uniform_e30_r029,NoiseMix100,0.926605504587156,0.1750498717716328,False,0.4033333333333333,0.28079605499988247
D6-uniform,0.35,29,D6-uniform_e35_r029,NoiseMix100,0.9263157894736842,0.08811763713247567,False,0.49333333333333335,0.2932411689998844
D7-p3,0.25,29,D7-p3_e25_r029,NoiseMix100,0.5450236966824644,22.47699466935616,True,0.19333333333333333,0.31231355700037966
D7-p3,0.3,29,D7-p3_e30_r029,NoiseMix100,0.5217391304347826,10.864095095752715,True,0.25333333333333335,0.3687768350009719
D7-p3,0.35,29,D7-p3_e35_r029,NoiseMix100,0.5692307692307692,11.96042240499655,True,0.31666666666666665,0.3214538510001148
D8-K2par-sep,0.25,29,D8-K2par-sep_e25_r029,NoiseMix100,0.5474137931034483,20.559299063158644,True,0.15333333333333332,0.2970153499991284
D8-K2par-sep,0.3,29,D8-K2par-sep_e30_r029,NoiseMix100,0.5047619047619047,20.08564673080007,True,0.19333333333333333,0.2911145600010059
D8-K2par-sep,0.35,29,D8-K2par-sep_e35_r029,NoiseMix100,0.5154639175257731,17.96813146592435,True,0.22,0.29098217399950954
D1-K2cross,0.25,30,D1-K2cross_e25_r030,NoiseMix100,0.935064935064935,0.12761709616223998,False,0.23333333333333334,0.2902608050007984
D1-K2cross,0.3,30,D1-K2cross_e30_r030,NoiseMix100,0.5219512195121951,22.258746179535958,True,0.23333333333333334,0.2995528330011439
D1-K2cross,0.35,30,D1-K2cross_e35_r030,NoiseMix100,0.5284974093264249,22.079813511209043,True,0.2733333333333333,0.31725944400022854
D2-K3par,0.25,30,D2-K3par_e25_r030,NoiseMix100,0.4017857142857143,19.280679114201437,True,0.0,0.38082002800001646
D2-K3par,0.3,30,D2-K3par_e30_r030,NoiseMix100,0.3804878048780488,20.782086942842177,True,0.0,0.4278081199990993
D2-K3par,0.35,30,D2-K3par_e35_r030,NoiseMix100,0.3651685393258427,19.853022209903102,True,0.0,0.38840075000007346
D3-unequal,0.25,30,D3-unequal_e25_r030,NoiseMix100,0.8917748917748918,0.180559966557246,False,0.23666666666666666,0.3359172029995534
D3-unequal,0.3,30,D3-unequal_e30_r030,NoiseMix100,0.7129186602870813,21.637718799227816,False,0.42333333333333334,0.39137439799924323
D3-unequal,0.35,30,D3-unequal_e35_r030,NoiseMix100,0.671957671957672,22.026750635670467,True,0.4066666666666667,0.37854199199864524
D4-hetero,0.25,30,D4-hetero_e25_r030,NoiseMix100,0.911504424778761,0.08961289538744725,False,0.25,0.3558356609992188
D4-hetero,0.3,30,D4-hetero_e30_r030,NoiseMix100,0.5167464114832536,21.05004533157627,True,0.19666666666666666,0.34264322699891636
D4-hetero,0.35,30,D4-hetero_e35_r030,NoiseMix100,0.5052631578947369,23.861289245626782,True,0.24,0.29729036100070516
D5-leverage,0.25,30,D5-leverage_e25_r030,NoiseMix100,0.8765957446808511,1.365187400974461,False,0.0,0.4478436049994343
D5-leverage,0.3,30,D5-leverage_e30_r030,NoiseMix100,0.8904109589041096,1.3738147372786131,False,0.0,0.3124004830006015
D5-leverage,0.35,30,D5-leverage_e35_r030,NoiseMix100,0.5364583333333334,2.6114308532149337,True,0.0,0.36945644399929733
D6-uniform,0.25,30,D6-uniform_e25_r030,NoiseMix100,0.8991228070175439,0.18187614956282494,False,0.3,0.2674657629995636
D6-uniform,0.3,30,D6-uniform_e30_r030,NoiseMix100,0.916256157635468,0.11791292189257274,False,0.47,0.2763719740014494
D6-uniform,0.35,30,D6-uniform_e35_r030,NoiseMix100,0.905,0.13756382208974396,False,0.4766666666666667,0.28546394200020586
D7-p3,0.25,30,D7-p3_e25_r030,NoiseMix100,0.9194915254237288,0.28694223570880495,False,0.22,0.2710153009993519
D7-p3,0.3,30,D7-p3_e30_r030,NoiseMix100,0.5023255813953489,21.825125794303016,True,0.18333333333333332,0.2711608330009767
D7-p3,0.35,30,D7-p3_e35_r030,NoiseMix100,0.5243243243243243,10.843943632520142,True,0.3466666666666667,0.3566015129999869
D8-K2par-sep,0.25,30,D8-K2par-sep_e25_r030,NoiseMix100,0.5374449339207048,21.7356312752499,True,0.17,0.2832470600005763
D8-K2par-sep,0.3,30,D8-K2par-sep_e30_r030,NoiseMix100,0.5477386934673367,20.50921725791685,True,0.20666666666666667,0.3364840960002766
D8-K2par-sep,0.35,30,D8-K2par-sep_e35_r030,NoiseMix100,0.55,19.811509637988546,True,0.21333333333333335,0.3808351549996587
D1-K2cross,0.25,31,D1-K2cross_e25_r031,NoiseMix100,0.8991228070175439,0.12044165321217833,False,0.24,0.37245619900022575
D1-K2cross,0.3,31,D1-K2cross_e30_r031,NoiseMix100,0.8894009216589862,0.07963290330185596,False,0.27666666666666667,0.4031526959988696
D1-K2cross,0.35,31,D1-K2cross_e35_r031,NoiseMix100,0.5392156862745098,21.41248050948481,True,0.23,0.34030481799891277
D2-K3par,0.25,31,D2-K3par_e25_r031,NoiseMix100,0.35348837209302325,20.655544650745135,True,0.0,0.42214872800104786
D2-K3par,0.3,31,D2-K3par_e30_r031,NoiseMix100,0.35944700460829493,19.188148313722106,True,0.0,0.33929637700020976
D2-K3par,0.35,31,D2-K3par_e35_r031,NoiseMix100,0.3645833333333333,19.2316636390062,True,0.0,0.36117491599907225
D3-unequal,0.25,31,D3-unequal_e25_r031,NoiseMix100,0.8913043478260869,0.2117543997886114,False,0.23666666666666666,0.24961894500120252
D3-unequal,0.3,31,D3-unequal_e30_r031,NoiseMix100,0.7244897959183674,23.386927198097183,False,0.45,0.274234043999968
D3-unequal,0.35,31,D3-unequal_e35_r031,NoiseMix100,0.7076923076923077,23.35061581225847,False,0.38666666666666666,0.2814827019992663
D4-hetero,0.25,31,D4-hetero_e25_r031,NoiseMix100,0.9045454545454545,0.16828548735302484,False,0.28,0.26747828400039
D4-hetero,0.3,31,D4-hetero_e30_r031,NoiseMix100,0.5211267605633803,24.290468848790876,True,0.17666666666666667,0.25545124699965527
D4-hetero,0.35,31,D4-hetero_e35_r031,NoiseMix100,0.5052631578947369,22.764181640483894,True,0.26,0.2717507409997779
D5-leverage,0.25,31,D5-leverage_e25_r031,NoiseMix100,0.8705357142857143,1.430625336901589,False,0.0,0.2976018080007634
D5-leverage,0.3,31,D5-leverage_e30_r031,NoiseMix100,0.5174129353233831,2.497110292317136,True,0.0,0.343818524001108
D5-leverage,0.35,31,D5-leverage_e35_r031,NoiseMix100,0.5240641711229946,2.306547986759114,True,0.0,0.31606180899871106
D6-uniform,0.25,31,D6-uniform_e25_r031,NoiseMix100,0.9298245614035088,0.10564756058143678,False,0.30666666666666664,0.303466744000616
D6-uniform,0.3,31,D6-uniform_e30_r031,NoiseMix100,0.9363636363636364,0.08289148932717505,False,0.33666666666666667,0.26543279900033667
D6-uniform,0.35,31,D6-uniform_e35_r031,NoiseMix100,0.8860103626943006,0.09521715165655209,False,0.5166666666666667,0.27379027400093037
D7-p3,0.25,31,D7-p3_e25_r031,NoiseMix100,0.9321266968325792,0.1142114333499693,False,0.2733333333333333,0.28043240099941613
D7-p3,0.3,31,D7-p3_e30_r031,NoiseMix100,0.5120772946859904,22.899916424014496,True,0.21,0.3200119020002603
D7-p3,0.35,31,D7-p3_e35_r031,NoiseMix100,0.5274725274725275,6.299380109390146,True,0.36666666666666664,0.32133998300014355
D8-K2par-sep,0.25,31,D8-K2par-sep_e25_r031,NoiseMix100,0.5333333333333333,20.059531483203454,True,0.14666666666666667,0.3184194059995207
D8-K2par-sep,0.3,31,D8-K2par-sep_e30_r031,NoiseMix100,0.5240384615384616,21.10798809768622,True,0.17,0.22796781599936367
D8-K2par-sep,0.35,31,D8-K2par-sep_e35_r031,NoiseMix100,0.507177033492823,20.487099931633004,True,0.2,0.3206733129991335
D1-K2cross,0.25,32,D1-K2cross_e25_r032,NoiseMix100,0.5308056872037915,22.687885282364455,True,0.22666666666666666,0.2852497450003284
D1-K2cross,0.3,32,D1-K2cross_e30_r032,NoiseMix100,0.5074626865671642,26.438016436218604,True,0.26,0.3044289320005191
D1-K2cross,0.35,32,D1-K2cross_e35_r032,NoiseMix100,0.5198019801980198,22.997309716489855,True,0.20666666666666667,0.28487380700062204
D2-K3par,0.25,32,D2-K3par_e25_r032,NoiseMix100,0.35714285714285715,21.102055938848768,True,0.0,0.3281224709990056
D2-K3par,0.3,32,D2-K3par_e30_r032,NoiseMix100,0.3548387096774194,20.490770956846585,True,0.0,0.38642129999971075
D2-K3par,0.35,32,D2-K3par_e35_r032,NoiseMix100,0.4,21.057402172544712,True,0.0,0.3288159389994689
D3-unequal,0.25,32,D3-unequal_e25_r032,NoiseMix100,0.8894009216589862,0.09893608923000292,False,0.2866666666666667,0.2726267859998188
D3-unequal,0.3,32,D3-unequal_e30_r032,NoiseMix100,0.9009433962264151,0.17709414116572708,False,0.2966666666666667,0.33104974100024265
D3-unequal,0.35,32,D3-unequal_e35_r032,NoiseMix100,0.7025641025641025,23.545441554203634,False,0.4166666666666667,0.2960119180006586
D4-hetero,0.25,32,D4-hetero_e25_r032,NoiseMix100,0.8995633187772926,0.4369455511081172,False,0.24666666666666667,0.2920987650013558
D4-hetero,0.3,32,D4-hetero_e30_r032,NoiseMix100,0.5414634146341464,21.51857823687139,True,0.2733333333333333,0.23116136200042092
D4-hetero,0.35,32,D4-hetero_e35_r032,NoiseMix100,0.5157894736842106,23.385174898047723,True,0.31333333333333335,0.38321052600076655
D5-leverage,0.25,32,D5-leverage_e25_r032,NoiseMix100,0.875,1.3771015791585994,False,0.006666666666666667,0.34514755199961655
D5-leverage,0.3,32,D5-leverage_e30_r032,NoiseMix100,0.5502392344497608,2.432601386644787,True,0.0,0.3475095670000883
D5-leverage,0.35,32,D5-leverage_e35_r032,NoiseMix100,0.8911917098445595,1.4931841320371229,False,0.0,0.3444452719995752
D6-uniform,0.25,32,D6-uniform_e25_r032,NoiseMix100,0.9090909090909091,0.245142379129115,False,0.34,0.2799806329985586
D6-uniform,0.3,32,D6-uniform_e30_r032,NoiseMix100,0.9077669902912622,0.11593710258240951,False,0.44,0.3141727649999666
D6-uniform,0.35,32,D6-uniform_e35_r032,NoiseMix100,0.8736842105263158,0.13411795745560753,False,0.5433333333333333,0.29798046900032205
D7-p3,0.25,32,D7-p3_e25_r032,NoiseMix100,0.8868778280542986,0.21122677863952066,False,0.2733333333333333,0.26596831400092924
D7-p3,0.3,32,D7-p3_e30_r032,NoiseMix100,0.5373134328358209,8.995807615344171,True,0.26,0.194280596999306
D7-p3,0.35,32,D7-p3_e35_r032,NoiseMix100,0.5306122448979592,25.228647106890257,True,0.24666666666666667,0.20056722099980107
D8-K2par-sep,0.25,32,D8-K2par-sep_e25_r032,NoiseMix100,0.5175438596491229,19.9814562715123,True,0.14666666666666667,0.2521272739995766
D8-K2par-sep,0.3,32,D8-K2par-sep_e30_r032,NoiseMix100,0.5188679245283019,24.09062133898546,True,0.22666666666666666,0.25246200199944724
D8-K2par-sep,0.35,32,D8-K2par-sep_e35_r032,NoiseMix100,0.5947368421052631,20.01187787506234,True,0.25666666666666665,0.2540791139999783
D1-K2cross,0.25,33,D1-K2cross_e25_r033,NoiseMix100,0.9078947368421053,0.048153802405296764,False,0.24333333333333335,0.19233563499983575
D1-K2cross,0.3,33,D1-K2cross_e30_r033,NoiseMix100,0.5467980295566502,22.19887387625062,True,0.16666666666666666,0.2829048259991396
D1-K2cross,0.35,33,D1-K2cross_e35_r033,NoiseMix100,0.5025380710659898,24.966781033109484,True,0.22,0.29312690000006114
D2-K3par,0.25,33,D2-K3par_e25_r033,NoiseMix100,0.37962962962962965,19.249575288895294,True,0.0,0.27025090099959925
D2-K3par,0.3,33,D2-K3par_e30_r033,NoiseMix100,0.3574660633484163,19.661207918363782,True,0.0,0.2705957669986674
D2-K3par,0.35,33,D2-K3par_e35_r033,NoiseMix100,0.3604060913705584,19.432012260540358,True,0.0,0.3995663349996903
D3-unequal,0.25,33,D3-unequal_e25_r033,NoiseMix100,0.9203539823008849,0.14732449260795139,False,0.24666666666666667,0.2887524539983133
D3-unequal,0.3,33,D3-unequal_e30_r033,NoiseMix100,0.9205607476635514,0.0690142285688954,False,0.2866666666666667,0.30508830700091494
D3-unequal,0.35,33,D3-unequal_e35_r033,NoiseMix100,0.6881188118811881,24.123849412528543,True,0.41,0.34725650000109454
D4-hetero,0.25,33,D4-hetero_e25_r033,NoiseMix100,0.9110169491525424,0.15960074902976773,False,0.22,0.28808001300058095
D4-hetero,0.3,33,D4-hetero_e30_r033,NoiseMix100,0.5277777777777778,22.87481814796717,True,0.15333333333333332,0.32978585099954216
D4-hetero,0.35,33,D4-hetero_e35_r033,NoiseMix100,0.5104166666666666,21.74284853592648,True,0.22666666666666666,0.28611254200041003
D5-leverage,0.25,33,D5-leverage_e25_r033,NoiseMix100,0.8782608695652174,1.4751019840678636,False,0.0,0.4143935259999125
D5-leverage,0.3,33,D5-leverage_e30_r033,NoiseMix100,0.5174129353233831,3.049312838120019,True,0.0033333333333333335,0.3578533210002206
D5-leverage,0.35,33,D5-leverage_e35_r033,NoiseMix100,0.8761904761904762,1.4168904275087923,False,0.0,0.2096894530004647
D6-uniform,0.25,33,D6-uniform_e25_r033,NoiseMix100,0.9013452914798207,0.26433848672913973,False,0.32,0.14552215699950466
D6-uniform,0.3,33,D6-uniform_e30_r033,NoiseMix100,0.9186602870813397,0.09373809632185501,False,0.4033333333333333,0.15159540199965704
D6-uniform,0.35,33,D6-uniform_e35_r033,NoiseMix100,0.9353233830845771,0.09772717310875637,False,0.46,0.1720425500006968
D7-p3,0.25,33,D7-p3_e25_r033,NoiseMix100,0.9049773755656109,0.23169584349588043,False,0.2833333333333333,0.15614942400134169
D7-p3,0.3,33,D7-p3_e30_r033,NoiseMix100,0.5165876777251185,23.771118038958516,True,0.22666666666666666,0.2027696779987309
D7-p3,0.35,33,D7-p3_e35_r033,NoiseMix100,0.5392156862745098,22.270215722211873,True,0.20333333333333334,0.1698461750002025
D8-K2par-sep,0.25,33,D8-K2par-sep_e25_r033,NoiseMix100,0.5176991150442478,20.49241104773819,True,0.17666666666666667,0.16434158199990634
D8-K2par-sep,0.3,33,D8-K2par-sep_e30_r033,NoiseMix100,0.5613207547169812,20.95969624945334,True,0.20333333333333334,0.13137269199978618
D8-K2par-sep,0.35,33,D8-K2par-sep_e35_r033,NoiseMix100,0.5124378109452736,18.99954689889639,True,0.19333333333333333,0.13336388300012914
D1-K2cross,0.25,34,D1-K2cross_e25_r034,NoiseMix100,0.9026548672566371,0.11768334078227816,False,0.25,0.15259673299988208
D1-K2cross,0.3,34,D1-K2cross_e30_r034,NoiseMix100,0.5440414507772021,22.025875775871498,True,0.23,0.14737552699989465
D1-K2cross,0.35,34,D1-K2cross_e35_r034,NoiseMix100,0.5882352941176471,20.485878348156024,True,0.29,0.1641580369996518
D2-K3par,0.25,34,D2-K3par_e25_r034,NoiseMix100,0.35348837209302325,19.280628387972317,True,0.0,0.20259981700110075
D2-K3par,0.3,34,D2-K3par_e30_r034,NoiseMix100,0.38578680203045684,19.04346058381343,True,0.0,0.3813153749997582
D2-K3par,0.35,34,D2-K3par_e35_r034,NoiseMix100,0.3882978723404255,19.585691340983196,True,0.0,0.3482859809992078
D3-unequal,0.25,34,D3-unequal_e25_r034,NoiseMix100,0.9170305676855895,0.15764603566932295,False,0.24666666666666667,0.18097777900038636
D3-unequal,0.3,34,D3-unequal_e30_r034,NoiseMix100,0.8878504672897196,0.14075726580599374,False,0.29333333333333333,0.2409276950002095
D3-unequal,0.35,34,D3-unequal_e35_r034,NoiseMix100,0.6494845360824743,21.4414195118595,True,0.39,0.19033964999835007
D4-hetero,0.25,34,D4-hetero_e25_r034,NoiseMix100,0.9429824561403509,0.11672130113046887,False,0.24666666666666667,0.1536328300007881
D4-hetero,0.3,34,D4-hetero_e30_r034,NoiseMix100,0.5164319248826291,22.13322359725935,True,0.18,0.14343170000029204
D4-hetero,0.35,34,D4-hetero_e35_r034,NoiseMix100,0.53125,23.366219627232038,True,0.29,0.16502272300022014
D5-leverage,0.25,34,D5-leverage_e25_r034,NoiseMix100,0.514018691588785,3.2059924260441917,True,0.006666666666666667,0.16138833300101396
D5-leverage,0.3,34,D5-leverage_e30_r034,NoiseMix100,0.515,2.444978512727138,True,0.006666666666666667,0.14352020699880086
D5-leverage,0.35,34,D5-leverage_e35_r034,NoiseMix100,0.5279187817258884,2.7566654225611447,True,0.0,0.17759874100011075
D6-uniform,0.25,34,D6-uniform_e25_r034,NoiseMix100,0.9224137931034483,0.1294078452781385,False,0.33666666666666667,0.1530374190006114
D6-uniform,0.3,34,D6-uniform_e30_r034,NoiseMix100,0.912621359223301,0.27341284542125216,False,0.38666666666666666,0.14742318900061946
D6-uniform,0.35,34,D6-uniform_e35_r034,NoiseMix100,0.9095744680851063,0.15506293981708494,False,0.5233333333333333,0.14788962000056927
D7-p3,0.25,34,D7-p3_e25_r034,NoiseMix100,0.9151785714285714,0.14150412138840995,False,0.2633333333333333,0.1575768769998831
D7-p3,0.3,34,D7-p3_e30_r034,NoiseMix100,0.5048543689320388,20.016000865913774,True,0.22666666666666666,0.15699608900104067
D7-p3,0.35,34,D7-p3_e35_r034,NoiseMix100,0.5309278350515464,23.351817072223994,True,0.22333333333333333,0.1794873179987917
D8-K2par-sep,0.25,34,D8-K2par-sep_e25_r034,NoiseMix100,0.5521739130434783,17.64626355632702,True,0.13,0.16008994299954793
D8-K2par-sep,0.3,34,D8-K2par-sep_e30_r034,NoiseMix100,0.5391705069124424,17.44862070768742,True,0.21333333333333335,0.17357687299954705
D8-K2par-sep,0.35,34,D8-K2par-sep_e35_r034,NoiseMix100,0.572139303482587,19.672832900816164,True,0.19,0.17247870800019882
D1-K2cross,0.25,35,D1-K2cross_e25_r035,NoiseMix100,0.9070796460176991,0.09148464329369278,False,0.25333333333333335,0.1630508269990969
D1-K2cross,0.3,35,D1-K2cross_e30_r035,NoiseMix100,0.9045454545454545,0.06892365569162164,False,0.26666666666666666,0.14729153199914435
D1-K2cross,0.35,35,D1-K2cross_e35_r035,NoiseMix100,0.5,21.794125609115415,True,0.22666666666666666,0.16155698800139362
D2-K3par,0.25,35,D2-K3par_e25_r035,NoiseMix100,0.3793103448275862,19.68697009511642,True,0.0,0.22274820399979944
D2-K3par,0.3,35,D2-K3par_e30_r035,NoiseMix100,0.35514018691588783,20.851486862529583,True,0.0,0.22607686199989985
D2-K3par,0.35,35,D2-K3par_e35_r035,NoiseMix100,0.352112676056338,19.90096044705848,True,0.0,0.18682751199958147
D3-unequal,0.25,35,D3-unequal_e25_r035,NoiseMix100,0.8940677966101694,0.09269308821861462,False,0.22333333333333333,0.1415555690000474
D3-unequal,0.3,35,D3-unequal_e30_r035,NoiseMix100,0.8551401869158879,0.09728877223216045,False,0.2966666666666667,0.13063698400037538
D3-unequal,0.35,35,D3-unequal_e35_r035,NoiseMix100,0.7055837563451777,22.8494808361981,False,0.36,0.1413862830013386
D4-hetero,0.25,35,D4-hetero_e25_r035,NoiseMix100,0.9213973799126638,0.13448212132177262,False,0.23666666666666666,0.13931049500024528
D4-hetero,0.3,35,D4-hetero_e30_r035,NoiseMix100,0.5203619909502263,23.21909666381021,True,0.17333333333333334,0.15187344599871722
D4-hetero,0.35,35,D4-hetero_e35_r035,NoiseMix100,0.5260663507109005,23.449929490738374,True,0.23,0.14105525400009356
D5-leverage,0.25,35,D5-leverage_e25_r035,NoiseMix100,0.5022421524663677,2.319235040664707,True,0.0,0.17282764400079031
D5-leverage,0.3,35,D5-leverage_e30_r035,NoiseMix100,0.5126903553299492,2.4785213450354946,True,0.0,0.181038675000309
D5-leverage,0.35,35,D5-leverage_e35_r035,NoiseMix100,0.5226130653266332,2.7980099355055637,True,0.0,0.20128552800088073
D6-uniform,0.25,35,D6-uniform_e25_r035,NoiseMix100,0.9385964912280702,0.12576109163132232,False,0.31333333333333335,0.15381523100040795
D6-uniform,0.3,35,D6-uniform_e30_r035,NoiseMix100,0.8697916666666666,0.19329515622427731,False,0.49333333333333335,0.14752014100122324
D6-uniform,0.35,35,D6-uniform_e35_r035,NoiseMix100,0.91,0.17105670004630588,False,0.4533333333333333,0.16647714399914548
D7-p3,0.25,35,D7-p3_e25_r035,NoiseMix100,0.8818181818181818,0.10953787256880543,False,0.26666666666666666,0.16714383200087468
D7-p3,0.3,35,D7-p3_e30_r035,NoiseMix100,0.9054054054054054,0.11289025062718448,False,0.26666666666666666,0.15402400399943872
D7-p3,0.35,35,D7-p3_e35_r035,NoiseMix100,0.5673076923076923,17.030187281899547,True,0.24333333333333335,0.18614106899985927
D8-K2par-sep,0.25,35,D8-K2par-sep_e25_r035,NoiseMix100,0.5021834061135371,19.895220251701776,True,0.18333333333333332,0.19637058900116244
D8-K2par-sep,0.3,35,D8-K2par-sep_e30_r035,NoiseMix100,0.5045454545454545,20.090687855603885,True,0.18666666666666668,0.16902149300040037
D8-K2par-sep,0.35,35,D8-K2par-sep_e35_r035,NoiseMix100,0.5120772946859904,20.157642993246924,True,0.21,0.17071401800058084
D1-K2cross,0.25,36,D1-K2cross_e25_r036,NoiseMix100,0.9039301310043668,0.15782757490248472,False,0.24,0.1530176680007571
D1-K2cross,0.3,36,D1-K2cross_e30_r036,NoiseMix100,0.5330188679245284,21.832775252690993,True,0.14,0.12962604600033956
D1-K2cross,0.35,36,D1-K2cross_e35_r036,NoiseMix100,0.5142857142857142,21.483626113108542,True,0.21666666666666667,0.14937158700013242
D2-K3par,0.25,36,D2-K3par_e25_r036,NoiseMix100,0.36283185840707965,20.200527936077872,True,0.0,0.1713701780008705
D2-K3par,0.3,36,D2-K3par_e30_r036,NoiseMix100,0.3492822966507177,20.26576431075923,True,0.0,0.18156709399954707
D2-K3par,0.35,36,D2-K3par_e35_r036,NoiseMix100,0.37438423645320196,19.45325218875538,True,0.0,0.18092535300093004
D3-unequal,0.25,36,D3-unequal_e25_r036,NoiseMix100,0.9254385964912281,0.16987605818744844,False,0.25333333333333335,0.1404780489992845
D3-unequal,0.3,36,D3-unequal_e30_r036,NoiseMix100,0.7156862745098039,22.022057098643526,False,0.33,0.1492389880004339
D3-unequal,0.35,36,D3-unequal_e35_r036,NoiseMix100,0.6108374384236454,22.635546800257405,True,0.21333333333333335,0.13475104499957524
D4-hetero,0.25,36,D4-hetero_e25_r036,NoiseMix100,0.930327868852459,0.17381575961556495,False,0.19,0.15842175699981453
D4-hetero,0.3,36,D4-hetero_e30_r036,NoiseMix100,0.5147058823529411,24.239463443492056,True,0.25666666666666665,0.14767794299950765
D4-hetero,0.35,36,D4-hetero_e35_r036,NoiseMix100,0.518918918918919,22.200002399728678,True,0.33,0.14407960400058073
D5-leverage,0.25,36,D5-leverage_e25_r036,NoiseMix100,0.509090909090909,2.981787867943141,True,0.0,0.17146802699971886
D5-leverage,0.3,36,D5-leverage_e30_r036,NoiseMix100,0.8810572687224669,1.390153127648707,False,0.0,0.17606027999863727
D5-leverage,0.35,36,D5-leverage_e35_r036,NoiseMix100,0.521978021978022,2.5277539572279193,True,0.0033333333333333335,0.14916967899989686
D6-uniform,0.25,36,D6-uniform_e25_r036,NoiseMix100,0.8836206896551724,0.1696097968364107,False,0.26666666666666666,0.1416102100010903
D6-uniform,0.3,36,D6-uniform_e30_r036,NoiseMix100,0.9271844660194175,0.06009160602069641,False,0.4,0.15304358600042178
D6-uniform,0.35,36,D6-uniform_e35_r036,NoiseMix100,0.8695652173913043,0.16287677743740062,False,0.5233333333333333,0.15540633500131662
D7-p3,0.25,36,D7-p3_e25_r036,NoiseMix100,0.8893805309734514,0.15323278260879292,False,0.24666666666666667,0.1499954400005663
D7-p3,0.3,36,D7-p3_e30_r036,NoiseMix100,0.5330188679245284,22.82600382056296,True,0.16,0.1684718350006733
D7-p3,0.35,36,D7-p3_e35_r036,NoiseMix100,0.601063829787234,10.973603484061698,True,0.3466666666666667,0.18581748900032835
D8-K2par-sep,0.25,36,D8-K2par-sep_e25_r036,NoiseMix100,0.5067264573991032,18.59862209111355,True,0.15333333333333332,0.17943910800022422
D8-K2par-sep,0.3,36,D8-K2par-sep_e30_r036,NoiseMix100,0.529126213592233,19.332573608676693,True,0.24,0.16674595499898714
D8-K2par-sep,0.35,36,D8-K2par-sep_e35_r036,NoiseMix100,0.546875,19.349286773522287,True,0.24,0.18349127799956477
D1-K2cross,0.25,37,D1-K2cross_e25_r037,NoiseMix100,0.8933333333333333,0.18843477110341633,False,0.26,0.14347523499964154
D1-K2cross,0.3,37,D1-K2cross_e30_r037,NoiseMix100,0.5138888888888888,22.73196684868864,True,0.22,0.14715495000018564
D1-K2cross,0.35,37,D1-K2cross_e35_r037,NoiseMix100,0.5803108808290155,23.046805871843087,True,0.23,0.13845726199906494
D2-K3par,0.25,37,D2-K3par_e25_r037,NoiseMix100,0.3739130434782609,20.243767170277714,True,0.0,0.1800578160000441
D2-K3par,0.3,37,D2-K3par_e30_r037,NoiseMix100,0.35585585585585583,20.341159740409925,True,0.0,0.22193339499972353
D2-K3par,0.35,37,D2-K3par_e35_r037,NoiseMix100,0.37967914438502676,20.136815193229964,True,0.0,0.1966144069992879
D3-unequal,0.25,37,D3-unequal_e25_r037,NoiseMix100,0.8681818181818182,0.041287415962959144,False,0.27,0.14360540800043964
D3-unequal,0.3,37,D3-unequal_e30_r037,NoiseMix100,0.7035175879396985,18.527520623164172,False,0.42333333333333334,0.15325658799883968
D3-unequal,0.35,37,D3-unequal_e35_r037,NoiseMix100,0.6492146596858639,20.49126644868239,True,0.4666666666666667,0.16628895199937688
D4-hetero,0.25,37,D4-hetero_e25_r037,NoiseMix100,0.9111111111111111,0.12452432818648893,False,0.26666666666666666,0.1582079119998525
D4-hetero,0.3,37,D4-hetero_e30_r037,NoiseMix100,0.5467289719626168,18.06788073583658,True,0.22333333333333333,0.17166393700063054
D4-hetero,0.35,37,D4-hetero_e35_r037,NoiseMix100,0.5233160621761658,22.296435748351403,True,0.21666666666666667,0.16915325099944312
D5-leverage,0.25,37,D5-leverage_e25_r037,NoiseMix100,0.8865546218487395,1.3878266094469567,False,0.0,0.21477992100153642
D5-leverage,0.3,37,D5-leverage_e30_r037,NoiseMix100,0.845,1.398841215203344,False,0.0,0.165650913000718
D5-leverage,0.35,37,D5-leverage_e35_r037,NoiseMix100,0.8080808080808081,1.4314690033528652,False,0.0,0.25924262100124906
D6-uniform,0.25,37,D6-uniform_e25_r037,NoiseMix100,0.9039301310043668,0.31566014810850596,False,0.29333333333333333,0.16117567399851396
D6-uniform,0.3,37,D6-uniform_e30_r037,NoiseMix100,0.9238095238095239,0.14806119002167004,False,0.3933333333333333,0.15428303800035792
D6-uniform,0.35,37,D6-uniform_e35_r037,NoiseMix100,0.9076923076923077,0.29153982234197745,False,0.5333333333333333,0.1558708230004413
D7-p3,0.25,37,D7-p3_e25_r037,NoiseMix100,0.8951965065502183,0.09445621799091831,False,0.24,0.15794921400083695
D7-p3,0.3,37,D7-p3_e30_r037,NoiseMix100,0.5068493150684932,21.016342460638338,True,0.16,0.15811026499977743
D7-p3,0.35,37,D7-p3_e35_r037,NoiseMix100,0.5210526315789473,9.734922268561808,True,0.32666666666666666,0.16797253400000045
D8-K2par-sep,0.25,37,D8-K2par-sep_e25_r037,NoiseMix100,0.5454545454545454,20.662158520060334,True,0.2,0.1584878560006473
D8-K2par-sep,0.3,37,D8-K2par-sep_e30_r037,NoiseMix100,0.5240384615384616,20.08932178116467,True,0.18333333333333332,0.17337439600123616
D8-K2par-sep,0.35,37,D8-K2par-sep_e35_r037,NoiseMix100,0.53,20.401202729816752,True,0.25333333333333335,0.1659802829999535
D1-K2cross,0.25,38,D1-K2cross_e25_r038,NoiseMix100,0.502262443438914,21.846410167557167,True,0.15666666666666668,0.14907755899912445
D1-K2cross,0.3,38,D1-K2cross_e30_r038,NoiseMix100,0.5408163265306123,23.434752604039154,True,0.2,0.16019193700049073
D1-K2cross,0.35,38,D1-K2cross_e35_r038,NoiseMix100,0.5172413793103449,21.438793709148953,True,0.21,0.17638150600032532
D2-K3par,0.25,38,D2-K3par_e25_r038,NoiseMix100,0.34210526315789475,21.210656521637723,True,0.0,0.2557796760011115
D2-K3par,0.3,38,D2-K3par_e30_r038,NoiseMix100,0.3768844221105528,19.509216725400602,True,0.0,0.2624476099990716
D2-K3par,0.35,38,D2-K3par_e35_r038,NoiseMix100,0.3425414364640884,19.74207849407841,True,0.0,0.23784261400032847
D3-unequal,0.25,38,D3-unequal_e25_r038,NoiseMix100,0.9004524886877828,0.09446427642121136,False,0.2733333333333333,0.18518797600154357
D3-unequal,0.3,38,D3-unequal_e30_r038,NoiseMix100,0.7079207920792079,23.233674202647986,False,0.37666666666666665,0.18188356599966937
D3-unequal,0.35,38,D3-unequal_e35_r038,NoiseMix100,0.7680412371134021,24.92218677059264,False,0.35,0.18067916899963166
D4-hetero,0.25,38,D4-hetero_e25_r038,NoiseMix100,0.8959276018099548,0.07322443465252904,False,0.2733333333333333,0.17309026300063124
D4-hetero,0.3,38,D4-hetero_e30_r038,NoiseMix100,0.5529953917050692,23.21348286822984,True,0.20666666666666667,0.17096635300003982
D4-hetero,0.35,38,D4-hetero_e35_r038,NoiseMix100,0.5706521739130435,21.933311180537576,True,0.23333333333333334,0.19418230399969616
D5-leverage,0.25,38,D5-leverage_e25_r038,NoiseMix100,0.8596491228070176,1.4439792540895686,False,0.0,0.22499250700093398
D5-leverage,0.3,38,D5-leverage_e30_r038,NoiseMix100,0.5190476190476191,2.182094299492046,True,0.0033333333333333335,0.19616919200052507
D5-leverage,0.35,38,D5-leverage_e35_r038,NoiseMix100,0.5125628140703518,2.087947507035204,True,0.0,0.27521938100107946
D6-uniform,0.25,38,D6-uniform_e25_r038,NoiseMix100,0.8981481481481481,0.3017917775290982,False,0.38666666666666666,0.17560558799959836
D6-uniform,0.3,38,D6-uniform_e30_r038,NoiseMix100,0.8783783783783784,0.14673964146278193,False,0.31666666666666665,0.19359431200064137
D6-uniform,0.35,38,D6-uniform_e35_r038,NoiseMix100,0.9333333333333333,0.11906535364813386,False,0.4066666666666667,0.1934550539990596
D7-p3,0.25,38,D7-p3_e25_r038,NoiseMix100,0.9090909090909091,0.11438193574767251,False,0.23,0.16770993499994802
D7-p3,0.3,38,D7-p3_e30_r038,NoiseMix100,0.514018691588785,24.11728521140369,True,0.17666666666666667,0.17812494999998307
D7-p3,0.35,38,D7-p3_e35_r038,NoiseMix100,0.5463414634146342,21.49047412136441,True,0.2633333333333333,0.1871865009998146
D8-K2par-sep,0.25,38,D8-K2par-sep_e25_r038,NoiseMix100,0.5135135135135135,16.911948461981265,True,0.20333333333333334,0.21034462200077542
D8-K2par-sep,0.3,38,D8-K2par-sep_e30_r038,NoiseMix100,0.5756097560975609,20.894903063413093,True,0.26666666666666666,0.1612874649999867
D8-K2par-sep,0.35,38,D8-K2par-sep_e35_r038,NoiseMix100,0.5320197044334976,21.44596433645848,True,0.26,0.17677091899895458
D1-K2cross,0.25,39,D1-K2cross_e25_r039,NoiseMix100,0.9495412844036697,0.03740477807199174,False,0.2966666666666667,0.15944743000000017
D1-K2cross,0.3,39,D1-K2cross_e30_r039,NoiseMix100,0.5402843601895735,22.895079264456427,True,0.21,0.1504210900002363
D1-K2cross,0.35,39,D1-K2cross_e35_r039,NoiseMix100,0.5125628140703518,21.094246750258954,True,0.2,0.1629863549987931
D2-K3par,0.25,39,D2-K3par_e25_r039,NoiseMix100,0.3524229074889868,20.181633225410753,True,0.0,0.20879578499989293
D2-K3par,0.3,39,D2-K3par_e30_r039,NoiseMix100,0.35678391959798994,19.331119454046313,True,0.0,0.39483933500014246
D2-K3par,0.35,39,D2-K3par_e35_r039,NoiseMix100,0.40404040404040403,19.689161923162896,True,0.0,0.20151803299995663
D3-unequal,0.25,39,D3-unequal_e25_r039,NoiseMix100,0.9295154185022027,0.3513786976353003,False,0.24333333333333335,0.1703288219996466
D3-unequal,0.3,39,D3-unequal_e30_r039,NoiseMix100,0.9357798165137615,0.06688541977758855,False,0.28,0.16604340500089165
D3-unequal,0.35,39,D3-unequal_e35_r039,NoiseMix100,0.6927083333333334,24.43980871358931,True,0.4033333333333333,0.17025300900058937
D4-hetero,0.25,39,D4-hetero_e25_r039,NoiseMix100,0.5339366515837104,20.067891870058666,True,0.17333333333333334,0.1714896330013289
D4-hetero,0.3,39,D4-hetero_e30_r039,NoiseMix100,0.5144230769230769,23.107216722123972,True,0.20333333333333334,0.15792725300161692
D4-hetero,0.35,39,D4-hetero_e35_r039,NoiseMix100,0.5396039603960396,23.714728330737636,True,0.26,0.16318352700000105
D5-leverage,0.25,39,D5-leverage_e25_r039,NoiseMix100,0.8846153846153846,1.4128354057285224,False,0.0,0.20232661099908
D5-leverage,0.3,39,D5-leverage_e30_r039,NoiseMix100,0.5408163265306123,2.3714851565326986,True,0.0,0.18082908799988218
D5-leverage,0.35,39,D5-leverage_e35_r039,NoiseMix100,0.8756218905472637,1.4294550378159756,False,0.0,0.2575851629990211
D6-uniform,0.25,39,D6-uniform_e25_r039,NoiseMix100,0.8977777777777778,0.12130021872286063,False,0.35333333333333333,0.16419782399862015
D6-uniform,0.3,39,D6-uniform_e30_r039,NoiseMix100,0.8974358974358975,0.15165868521074555,False,0.4633333333333333,0.19325737100007245
D6-uniform,0.35,39,D6-uniform_e35_r039,NoiseMix100,0.5360824742268041,5.9321245041243404,True,0.14,0.17286105199855228
D7-p3,0.25,39,D7-p3_e25_r039,NoiseMix100,0.5235849056603774,26.021699196966487,True,0.20666666666666667,0.15517791799902625
D7-p3,0.3,39,D7-p3_e30_r039,NoiseMix100,0.9004524886877828,0.08790885743551624,False,0.26666666666666666,0.1656895110008918
D7-p3,0.35,39,D7-p3_e35_r039,NoiseMix100,0.5472636815920398,24.968191781003455,True,0.24,0.1737043930006621
D8-K2par-sep,0.25,39,D8-K2par-sep_e25_r039,NoiseMix100,0.5116279069767442,20.480176758956727,True,0.15333333333333332,0.15705616499872121
D8-K2par-sep,0.3,39,D8-K2par-sep_e30_r039,NoiseMix100,0.5121951219512195,18.442648396667792,True,0.25666666666666665,0.16737385600026755
D8-K2par-sep,0.35,39,D8-K2par-sep_e35_r039,NoiseMix100,0.515625,20.020053841938676,True,0.2733333333333333,0.15590669399898616
D1-K2cross,0.25,40,D1-K2cross_e25_r040,NoiseMix100,0.9074889867841409,0.15260183198293542,False,0.24666666666666667,0.16080741400037368
D1-K2cross,0.3,40,D1-K2cross_e30_r040,NoiseMix100,0.5288461538461539,20.636261730079486,True,0.2,0.14688814400142292
D1-K2cross,0.35,40,D1-K2cross_e35_r040,NoiseMix100,0.5124378109452736,22.946095163628897,True,0.20666666666666667,0.15614968599948043
D2-K3par,0.25,40,D2-K3par_e25_r040,NoiseMix100,0.37719298245614036,20.87092070970261,True,0.0,0.20558643900039897
D2-K3par,0.3,40,D2-K3par_e30_r040,NoiseMix100,0.3632075471698113,19.622684120668783,True,0.0,0.23718259999986913
D2-K3par,0.35,40,D2-K3par_e35_r040,NoiseMix100,0.3802083333333333,20.21360002753673,True,0.0,0.24064746700059914
D3-unequal,0.25,40,D3-unequal_e25_r040,NoiseMix100,0.9391304347826087,0.13758284251246855,False,0.23666666666666666,0.1710192829996231
D3-unequal,0.3,40,D3-unequal_e30_r040,NoiseMix100,0.6527777777777778,23.453711192619423,True,0.18,0.19547472500016738
D3-unequal,0.35,40,D3-unequal_e35_r040,NoiseMix100,0.7391304347826086,19.933070328805712,False,0.4266666666666667,0.2516943230002653
D4-hetero,0.25,40,D4-hetero_e25_r040,NoiseMix100,0.9130434782608695,0.07670900073044806,False,0.24,0.1530921390003641
D4-hetero,0.3,40,D4-hetero_e30_r040,NoiseMix100,0.5327102803738317,23.102409714500197,True,0.18,0.16291743900001165
D4-hetero,0.35,40,D4-hetero_e35_r040,NoiseMix100,0.5132275132275133,24.518823950836286,True,0.23666666666666666,0.15920797800026776
D5-leverage,0.25,40,D5-leverage_e25_r040,NoiseMix100,0.5126050420168067,2.6455590883540885,True,0.016666666666666666,0.18510975099889038
D5-leverage,0.3,40,D5-leverage_e30_r040,NoiseMix100,0.8651162790697674,1.4371855294871678,False,0.0,0.18692193200149632
D5-leverage,0.35,40,D5-leverage_e35_r040,NoiseMix100,0.545,2.4052053543426517,True,0.0,0.20071634300074948
D6-uniform,0.25,40,D6-uniform_e25_r040,NoiseMix100,0.9302325581395349,0.16345895917777514,False,0.3933333333333333,0.16232237400072336
D6-uniform,0.3,40,D6-uniform_e30_r040,NoiseMix100,0.9282296650717703,0.1429289128007271,False,0.4,0.13316080699951272
D6-uniform,0.35,40,D6-uniform_e35_r040,NoiseMix100,0.9024390243902439,0.18912691776476412,False,0.37333333333333335,0.13827833000141254
D7-p3,0.25,40,D7-p3_e25_r040,NoiseMix100,0.5377777777777778,21.067364017490288,True,0.14333333333333334,0.1450680750003812
D7-p3,0.3,40,D7-p3_e30_r040,NoiseMix100,0.5377358490566038,22.387277315214217,True,0.21,0.17198095799903967
D7-p3,0.35,40,D7-p3_e35_r040,NoiseMix100,0.5291005291005291,10.329536201686919,True,0.35333333333333333,0.19177010100065672
D8-K2par-sep,0.25,40,D8-K2par-sep_e25_r040,NoiseMix100,0.502283105022831,21.014984367528537,True,0.19,0.15376570999978867
D8-K2par-sep,0.3,40,D8-K2par-sep_e30_r040,NoiseMix100,0.5207373271889401,18.84840610953049,True,0.21,0.1622979320000013
D8-K2par-sep,0.35,40,D8-K2par-sep_e35_r040,NoiseMix100,0.5124378109452736,18.566168389814067,True,0.18,0.15220623899949715
D1-K2cross,0.25,41,D1-K2cross_e25_r041,NoiseMix100,0.9151785714285714,0.12340713409803832,False,0.25666666666666665,0.14923245899990434
D1-K2cross,0.3,41,D1-K2cross_e30_r041,NoiseMix100,0.5097087378640777,21.8516658290055,True,0.21333333333333335,0.13711453299947607
D1-K2cross,0.35,41,D1-K2cross_e35_r041,NoiseMix100,0.5440414507772021,24.240763152687332,True,0.26,0.17936419600118825
D2-K3par,0.25,41,D2-K3par_e25_r041,NoiseMix100,0.35454545454545455,20.84627609740515,True,0.0,0.19415181299882533
D2-K3par,0.3,41,D2-K3par_e30_r041,NoiseMix100,0.34545454545454546,19.888122484602185,True,0.0,0.18901000799996837
D2-K3par,0.35,41,D2-K3par_e35_r041,NoiseMix100,0.34574468085106386,19.942531699796813,True,0.0,0.19406619400069758
D3-unequal,0.25,41,D3-unequal_e25_r041,NoiseMix100,0.941908713692946,0.08348912541415077,False,0.19666666666666666,0.17207949299881875
D3-unequal,0.3,41,D3-unequal_e30_r041,NoiseMix100,0.7272727272727273,23.488811008856263,False,0.37333333333333335,0.1943520320000971
D3-unequal,0.35,41,D3-unequal_e35_r041,NoiseMix100,0.7157894736842105,22.370772396812242,False,0.3933333333333333,0.16688958600025217
D4-hetero,0.25,41,D4-hetero_e25_r041,NoiseMix100,0.9148936170212766,0.24315404494219847,False,0.22,0.15799579700069444
D4-hetero,0.3,41,D4-hetero_e30_r041,NoiseMix100,0.5507246376811594,21.412077799539528,True,0.17,0.1470463199984806
D4-hetero,0.35,41,D4-hetero_e35_r041,NoiseMix100,0.5440414507772021,22.218574845090693,True,0.22,0.1275961589999497
D5-leverage,0.25,41,D5-leverage_e25_r041,NoiseMix100,0.8681818181818182,1.3470515884215473,False,0.01,0.1417841940001381
D5-leverage,0.3,41,D5-leverage_e30_r041,NoiseMix100,0.8294930875576036,1.3528315651137441,False,0.0033333333333333335,0.13987328099938168
D5-leverage,0.35,41,D5-leverage_e35_r041,NoiseMix100,0.5476190476190477,3.3115428281194133,True,0.0,0.16005480800049554
D6-uniform,0.25,41,D6-uniform_e25_r041,NoiseMix100,0.8977777777777778,0.14055220999077875,False,0.32,0.1416931650001061
D6-uniform,0.3,41,D6-uniform_e30_r041,NoiseMix100,0.9178743961352657,0.119355365613744,False,0.44333333333333336,0.15021363600135373
D6-uniform,0.35,41,D6-uniform_e35_r041,NoiseMix100,0.5052631578947369,5.384718672015963,True,0.3433333333333333,0.16592918800051848
D7-p3,0.25,41,D7-p3_e25_r041,NoiseMix100,0.5069124423963134,24.087566046581767,True,0.18666666666666668,0.14988857299977099
D7-p3,0.3,41,D7-p3_e30_r041,NoiseMix100,0.529126213592233,20.97816357997887,True,0.18333333333333332,0.17026364499906776
D7-p3,0.35,41,D7-p3_e35_r041,NoiseMix100,0.5151515151515151,18.350152846677233,True,0.3,0.16042551200007438
D8-K2par-sep,0.25,41,D8-K2par-sep_e25_r041,NoiseMix100,0.5527426160337553,19.632803503273358,True,0.10666666666666667,0.15773420500045177
D8-K2par-sep,0.3,41,D8-K2par-sep_e30_r041,NoiseMix100,0.5660377358490566,19.552270883321786,True,0.2,0.18633459999909974
D8-K2par-sep,0.35,41,D8-K2par-sep_e35_r041,NoiseMix100,0.5105263157894737,21.21805926829888,True,0.26,0.179627552999591
D1-K2cross,0.25,42,D1-K2cross_e25_r042,NoiseMix100,0.8859649122807017,0.20135080452248902,False,0.26,0.1660703760007891
D1-K2cross,0.3,42,D1-K2cross_e30_r042,NoiseMix100,0.5194174757281553,22.74383041797062,True,0.21666666666666667,0.1876547979991301
D1-K2cross,0.35,42,D1-K2cross_e35_r042,NoiseMix100,0.5073891625615764,22.753221509470638,True,0.25,0.18087408800056437
D2-K3par,0.25,42,D2-K3par_e25_r042,NoiseMix100,0.34649122807017546,21.79402208545805,True,0.0,0.2354496209991339
D2-K3par,0.3,42,D2-K3par_e30_r042,NoiseMix100,0.3472222222222222,19.035434008604483,True,0.0,0.24845241300135967
D2-K3par,0.35,42,D2-K3par_e35_r042,NoiseMix100,0.3473684210526316,19.671039559535494,True,0.0,0.3463913899995532
D3-unequal,0.25,42,D3-unequal_e25_r042,NoiseMix100,0.9095022624434389,0.07711799100039163,False,0.27666666666666667,0.20314348300053098
D3-unequal,0.3,42,D3-unequal_e30_r042,NoiseMix100,0.6728971962616822,21.97738326798937,True,0.3466666666666667,0.21384508499977528
D3-unequal,0.35,42,D3-unequal_e35_r042,NoiseMix100,0.7281553398058253,25.51890074264459,False,0.37333333333333335,0.1983098170003359
D4-hetero,0.25,42,D4-hetero_e25_r042,NoiseMix100,0.9237668161434978,0.011086054834445358,False,0.2633333333333333,0.20039526599975943
D4-hetero,0.3,42,D4-hetero_e30_r042,NoiseMix100,0.5,23.66242009162919,True,0.24,0.18904251699859742
D4-hetero,0.35,42,D4-hetero_e35_r042,NoiseMix100,0.5052631578947369,22.584479005866875,True,0.25666666666666665,0.19357151000076556
D5-leverage,0.25,42,D5-leverage_e25_r042,NoiseMix100,0.9134199134199135,1.4303440229117725,False,0.0,0.15135778200055938
D5-leverage,0.3,42,D5-leverage_e30_r042,NoiseMix100,0.5046728971962616,2.0815870544507638,True,0.0,0.16322362199935014
D5-leverage,0.35,42,D5-leverage_e35_r042,NoiseMix100,0.5279187817258884,2.500538602028827,True,0.0033333333333333335,0.16488290899906133
D6-uniform,0.25,42,D6-uniform_e25_r042,NoiseMix100,0.8983050847457628,0.08354157959849108,False,0.2733333333333333,0.1525242010011425
D6-uniform,0.3,42,D6-uniform_e30_r042,NoiseMix100,0.9311926605504587,0.08275558068033062,False,0.4033333333333333,0.16962793200036685
D6-uniform,0.35,42,D6-uniform_e35_r042,NoiseMix100,0.9135135135135135,0.056542044739696484,False,0.51,0.1939025820011011
D7-p3,0.25,42,D7-p3_e25_r042,NoiseMix100,0.5211267605633803,21.316853578877687,True,0.17333333333333334,0.22165229500023997
D7-p3,0.3,42,D7-p3_e30_r042,NoiseMix100,0.6027397260273972,11.276749137552844,True,0.24333333333333335,0.2620120709998446
D7-p3,0.35,42,D7-p3_e35_r042,NoiseMix100,0.5691489361702128,8.189947160576786,True,0.33666666666666667,0.2092026040008932
D8-K2par-sep,0.25,42,D8-K2par-sep_e25_r042,NoiseMix100,0.5248868778280543,19.965470908588028,True,0.16333333333333333,0.16532580700004473
D8-K2par-sep,0.3,42,D8-K2par-sep_e30_r042,NoiseMix100,0.5942028985507246,19.359292155870985,True,0.26,0.1601385020003363
D8-K2par-sep,0.35,42,D8-K2par-sep_e35_r042,NoiseMix100,0.5210526315789473,19.697785321919266,True,0.26,0.19198826299907523
D1-K2cross,0.25,43,D1-K2cross_e25_r043,NoiseMix100,0.5133928571428571,21.89058839424324,True,0.17,0.2643663760009076
D1-K2cross,0.3,43,D1-K2cross_e30_r043,NoiseMix100,0.5436893203883495,22.32180092367062,True,0.19,0.18462893399919267
D1-K2cross,0.35,43,D1-K2cross_e35_r043,NoiseMix100,0.5,23.098269820184104,True,0.30666666666666664,0.18747311800143507
D2-K3par,0.25,43,D2-K3par_e25_r043,NoiseMix100,0.365296803652968,21.194013361370995,True,0.0,0.220336803000464
D2-K3par,0.3,43,D2-K3par_e30_r043,NoiseMix100,0.38073394495412843,18.753814622361375,True,0.0,0.24197728400031338
D2-K3par,0.35,43,D2-K3par_e35_r043,NoiseMix100,0.36,20.201276342452474,True,0.0,0.20747419799954514
D3-unequal,0.25,43,D3-unequal_e25_r043,NoiseMix100,0.8973214285714286,0.047654869381052935,False,0.27,0.1681825799987564
D3-unequal,0.3,43,D3-unequal_e30_r043,NoiseMix100,0.6571428571428571,21.909395768484337,True,0.2833333333333333,0.16581344800033548
D3-unequal,0.35,43,D3-unequal_e35_r043,NoiseMix100,0.776536312849162,23.08899701208419,False,0.4166666666666667,0.1760919610005658
D4-hetero,0.25,43,D4-hetero_e25_r043,NoiseMix100,0.8836206896551724,0.06995722118910483,False,0.23,0.1407327279994206
D4-hetero,0.3,43,D4-hetero_e30_r043,NoiseMix100,0.5320197044334976,22.533767842057635,True,0.18333333333333332,0.1430603839999094
D4-hetero,0.35,43,D4-hetero_e35_r043,NoiseMix100,0.5401069518716578,24.3564762157605,True,0.32,0.15422998099893448
D5-leverage,0.25,43,D5-leverage_e25_r043,NoiseMix100,0.504424778761062,2.2240826054487934,True,0.0,0.16778626500126848
D5-leverage,0.3,43,D5-leverage_e30_r043,NoiseMix100,0.541871921182266,2.1373802968390776,True,0.0,0.1666530980000971
D5-leverage,0.35,43,D5-leverage_e35_r043,NoiseMix100,0.9191919191919192,1.4488054927078633,False,0.0,0.1899345239999093
D6-uniform,0.25,43,D6-uniform_e25_r043,NoiseMix100,0.8840579710144928,0.19949019836722504,False,0.39666666666666667,0.14974491999964812
D6-uniform,0.3,43,D6-uniform_e30_r043,NoiseMix100,0.9471153846153846,0.17747346553477517,False,0.46,0.14766605499971774
D6-uniform,0.35,43,D6-uniform_e35_r043,NoiseMix100,0.8797814207650273,1.0273061882845482,False,0.5566666666666666,0.1602475069994398
D7-p3,0.25,43,D7-p3_e25_r043,NoiseMix100,0.5093457943925234,21.47511849166502,True,0.15666666666666668,0.15126499400139437
D7-p3,0.3,43,D7-p3_e30_r043,NoiseMix100,0.5161290322580645,10.31574774390192,True,0.21666666666666667,0.1497513340000296
D7-p3,0.35,43,D7-p3_e35_r043,NoiseMix100,0.565,23.17996637776856,True,0.25333333333333335,0.1466039520000777
D8-K2par-sep,0.25,43,D8-K2par-sep_e25_r043,NoiseMix100,0.525,19.896012387530547,True,0.10333333333333333,0.13723868299894093
D8-K2par-sep,0.3,43,D8-K2par-sep_e30_r043,NoiseMix100,0.5141509433962265,18.0149486114044,True,0.21,0.1285985590002383
D8-K2par-sep,0.35,43,D8-K2par-sep_e35_r043,NoiseMix100,0.575,21.583650317931376,True,0.23,0.14298259200040775
D1-K2cross,0.25,44,D1-K2cross_e25_r044,NoiseMix100,0.9419642857142857,0.11909277660909905,False,0.25666666666666665,0.12833611399946676
D1-K2cross,0.3,44,D1-K2cross_e30_r044,NoiseMix100,0.541871921182266,21.849138921117664,True,0.19,0.12398561000009067
D1-K2cross,0.35,44,D1-K2cross_e35_r044,NoiseMix100,0.5219512195121951,24.335092458618412,True,0.21666666666666667,0.13164273999973375
D2-K3par,0.25,44,D2-K3par_e25_r044,NoiseMix100,0.36,20.236624429431252,True,0.0,0.17215271599889093
D2-K3par,0.3,44,D2-K3par_e30_r044,NoiseMix100,0.3686635944700461,20.32233984633844,True,0.0,0.2007527250007115
D2-K3par,0.35,44,D2-K3par_e35_r044,NoiseMix100,0.3497536945812808,20.07745707913744,True,0.0,0.18782011399889598
D3-unequal,0.25,44,D3-unequal_e25_r044,NoiseMix100,0.885593220338983,0.20642866963010537,False,0.21333333333333335,0.14605032399958873
D3-unequal,0.3,44,D3-unequal_e30_r044,NoiseMix100,0.8317757009345794,0.18057580225920766,False,0.29,0.14724303000002692
D3-unequal,0.35,44,D3-unequal_e35_r044,NoiseMix100,0.7170731707317073,23.24991800700278,False,0.4033333333333333,0.14559502700103621
D4-hetero,0.25,44,D4-hetero_e25_r044,NoiseMix100,0.9147982062780269,0.13208944674631184,False,0.26,0.13668476599923451
D4-hetero,0.3,44,D4-hetero_e30_r044,NoiseMix100,0.908695652173913,0.11644349669304101,False,0.24,0.15053771100065205
D4-hetero,0.35,44,D4-hetero_e35_r044,NoiseMix100,0.5421052631578948,22.414982762937992,True,0.30666666666666664,0.15451305500027956
D5-leverage,0.25,44,D5-leverage_e25_r044,NoiseMix100,0.8565217391304348,1.359247403788992,False,0.0,0.19101475900060905
D5-leverage,0.3,44,D5-leverage_e30_r044,NoiseMix100,0.5151515151515151,2.0688544026102464,True,0.0,0.16223037899908377
D5-leverage,0.35,44,D5-leverage_e35_r044,NoiseMix100,0.555,2.202439563107488,True,0.0,0.14756717000091157
D6-uniform,0.25,44,D6-uniform_e25_r044,NoiseMix100,0.9134199134199135,0.2083067101283408,False,0.32,0.13475812499927997
D6-uniform,0.3,44,D6-uniform_e30_r044,NoiseMix100,0.9244444444444444,0.14004211678101086,False,0.3433333333333333,0.14203160000033677
D6-uniform,0.35,44,D6-uniform_e35_r044,NoiseMix100,0.576271186440678,7.480595147506959,True,0.5633333333333334,0.15018704400063143
D7-p3,0.25,44,D7-p3_e25_r044,NoiseMix100,0.5789473684210527,11.421205416956148,True,0.25333333333333335,0.1584606940014055
D7-p3,0.3,44,D7-p3_e30_r044,NoiseMix100,0.507177033492823,21.37644179280922,True,0.16666666666666666,0.13325012600034825
D7-p3,0.35,44,D7-p3_e35_r044,NoiseMix100,0.543010752688172,7.521522466150746,True,0.3466666666666667,0.15119351000066672
D8-K2par-sep,0.25,44,D8-K2par-sep_e25_r044,NoiseMix100,0.5405405405405406,19.861516596485657,True,0.15666666666666668,0.1270408150012372
D8-K2par-sep,0.3,44,D8-K2par-sep_e30_r044,NoiseMix100,0.5148514851485149,20.939454664097024,True,0.25333333333333335,0.12412467499962077
D8-K2par-sep,0.35,44,D8-K2par-sep_e35_r044,NoiseMix100,0.5175879396984925,20.36434537070949,True,0.24,0.12900720899961016
D1-K2cross,0.25,45,D1-K2cross_e25_r045,NoiseMix100,0.896551724137931,0.12043513912509025,False,0.23666666666666666,0.12394975899951532
D1-K2cross,0.3,45,D1-K2cross_e30_r045,NoiseMix100,0.9174311926605505,0.0785522971119812,False,0.27666666666666667,0.12598533099844644
D1-K2cross,0.35,45,D1-K2cross_e35_r045,NoiseMix100,0.5024154589371981,22.182595035726813,True,0.21333333333333335,0.13024075300018012
D2-K3par,0.25,45,D2-K3par_e25_r045,NoiseMix100,0.37339055793991416,20.453554171858528,True,0.0,0.16103222700076003
D2-K3par,0.3,45,D2-K3par_e30_r045,NoiseMix100,0.3523809523809524,20.71539875749802,True,0.0,0.16591106799933186
D2-K3par,0.35,45,D2-K3par_e35_r045,NoiseMix100,0.355,19.800398463270586,True,0.0,0.16972103999978572
D3-unequal,0.25,45,D3-unequal_e25_r045,NoiseMix100,0.8995433789954338,0.11830315416142301,False,0.27666666666666667,0.15351268899939896
D3-unequal,0.3,45,D3-unequal_e30_r045,NoiseMix100,0.7487437185929648,21.883153977707003,False,0.43333333333333335,0.1326657649988192
D3-unequal,0.35,45,D3-unequal_e35_r045,NoiseMix100,0.6844660194174758,22.60875709494587,True,0.36666666666666664,0.14012010500118777
D4-hetero,0.25,45,D4-hetero_e25_r045,NoiseMix100,0.9391304347826087,0.07490244122516028,False,0.24,0.19711448700036271
D4-hetero,0.3,45,D4-hetero_e30_r045,NoiseMix100,0.5673076923076923,21.009045060313273,True,0.18666666666666668,0.1315343300011591
D4-hetero,0.35,45,D4-hetero_e35_r045,NoiseMix100,0.5467980295566502,22.221933225636704,True,0.16666666666666666,0.1350634259997605
D5-leverage,0.25,45,D5-leverage_e25_r045,NoiseMix100,0.509009009009009,2.8270676566862134,True,0.0,0.1508620719996543
D5-leverage,0.3,45,D5-leverage_e30_r045,NoiseMix100,0.8605769230769231,1.4397983308378832,False,0.0,0.1420419320002111
D5-leverage,0.35,45,D5-leverage_e35_r045,NoiseMix100,0.5053191489361702,2.3493474670407166,True,0.0,0.1345497999991494
D6-uniform,0.25,45,D6-uniform_e25_r045,NoiseMix100,0.9223744292237442,0.1297227776449803,False,0.3233333333333333,0.12127535800027545
D6-uniform,0.3,45,D6-uniform_e30_r045,NoiseMix100,0.896551724137931,0.07826404716268409,False,0.4166666666666667,0.127882201999455
D6-uniform,0.35,45,D6-uniform_e35_r045,NoiseMix100,0.9193548387096774,0.08963810762650382,False,0.63,0.1348548279984243
D7-p3,0.25,45,D7-p3_e25_r045,NoiseMix100,0.5064935064935064,24.123301261728763,True,0.13,0.13126084999930754
D7-p3,0.3,45,D7-p3_e30_r045,NoiseMix100,0.5247524752475248,23.005406297827673,True,0.21,0.13024088100064546
D7-p3,0.35,45,D7-p3_e35_r045,NoiseMix100,0.5588235294117647,7.610139588766295,True,0.26666666666666666,0.14729677400100627
D8-K2par-sep,0.25,45,D8-K2par-sep_e25_r045,NoiseMix100,0.5172413793103449,21.924308537733516,True,0.13333333333333333,0.12232067400145752
D8-K2par-sep,0.3,45,D8-K2par-sep_e30_r045,NoiseMix100,0.5388349514563107,20.973042351018535,True,0.23666666666666666,0.12870485100029327
D8-K2par-sep,0.35,45,D8-K2par-sep_e35_r045,NoiseMix100,0.5097087378640777,20.774416773748225,True,0.19333333333333333,0.12391906499942706
D1-K2cross,0.25,46,D1-K2cross_e25_r046,NoiseMix100,0.9004524886877828,0.14668417274329437,False,0.27,0.1227854689986998
D1-K2cross,0.3,46,D1-K2cross_e30_r046,NoiseMix100,0.5480769230769231,24.966519031329806,True,0.20333333333333334,0.15876407100040524
D1-K2cross,0.35,46,D1-K2cross_e35_r046,NoiseMix100,0.5628140703517588,21.592813413753074,True,0.23333333333333334,0.1286327750003693
D2-K3par,0.25,46,D2-K3par_e25_r046,NoiseMix100,0.37383177570093457,19.94569796805343,True,0.0,0.19950782699925185
D2-K3par,0.3,46,D2-K3par_e30_r046,NoiseMix100,0.3557692307692308,19.79678324227806,True,0.0,0.19748318900019513
D2-K3par,0.35,46,D2-K3par_e35_r046,NoiseMix100,0.3548387096774194,19.65819757386218,True,0.0,0.18687574999967183
D3-unequal,0.25,46,D3-unequal_e25_r046,NoiseMix100,0.9102564102564102,0.18338893551634652,False,0.22666666666666666,0.13415018600062467
D3-unequal,0.3,46,D3-unequal_e30_r046,NoiseMix100,0.9389671361502347,0.3889442795678512,False,0.2966666666666667,0.1291515230004734
D3-unequal,0.35,46,D3-unequal_e35_r046,NoiseMix100,0.7142857142857143,19.837874199523768,False,0.46,0.1463285169993469
D4-hetero,0.25,46,D4-hetero_e25_r046,NoiseMix100,0.9030837004405287,0.12659496828322797,False,0.24333333333333335,0.12225159999979951
D4-hetero,0.3,46,D4-hetero_e30_r046,NoiseMix100,0.5169082125603864,23.099253581517754,True,0.21,0.12297990600018238
D4-hetero,0.35,46,D4-hetero_e35_r046,NoiseMix100,0.5053763440860215,20.725349431666114,True,0.26666666666666666,0.13209643399932247
D5-leverage,0.25,46,D5-leverage_e25_r046,NoiseMix100,0.8782608695652174,1.3394968214553482,False,0.0,0.13825503000043682
D5-leverage,0.3,46,D5-leverage_e30_r046,NoiseMix100,0.5024154589371981,2.732731235158688,True,0.0,0.13625205700009246
D5-leverage,0.35,46,D5-leverage_e35_r046,NoiseMix100,0.5247524752475248,3.2281977900542334,True,0.0033333333333333335,0.14241940299871203
D6-uniform,0.25,46,D6-uniform_e25_r046,NoiseMix100,0.9107981220657277,0.10401515441548155,False,0.36666666666666664,0.13015931900008582
D6-uniform,0.3,46,D6-uniform_e30_r046,NoiseMix100,0.9385964912280702,0.15195798451258474,False,0.3466666666666667,0.13859799400051998
D6-uniform,0.35,46,D6-uniform_e35_r046,NoiseMix100,0.9353233830845771,0.027573924997590885,False,0.4533333333333333,0.13989103400126623
D7-p3,0.25,46,D7-p3_e25_r046,NoiseMix100,0.9036144578313253,0.1036449981563143,False,0.17,0.14074199199967552
D7-p3,0.3,46,D7-p3_e30_r046,NoiseMix100,0.5384615384615384,10.487311108118044,True,0.24,0.14991053700032353
D7-p3,0.35,46,D7-p3_e35_r046,NoiseMix100,0.5251396648044693,9.53165908183222,True,0.36333333333333334,0.14733758799957286
D8-K2par-sep,0.25,46,D8-K2par-sep_e25_r046,NoiseMix100,0.5707964601769911,18.49010046459965,True,0.12,0.13616259999980684
D8-K2par-sep,0.3,46,D8-K2par-sep_e30_r046,NoiseMix100,0.5123152709359606,19.216345229601504,True,0.26,0.14181201300016255
D8-K2par-sep,0.35,46,D8-K2par-sep_e35_r046,NoiseMix100,0.5133689839572193,19.837176194182423,True,0.21333333333333335,0.14992366400110768
D1-K2cross,0.25,47,D1-K2cross_e25_r047,NoiseMix100,0.8898678414096917,0.3564832350414677,False,0.24333333333333335,0.13607477100049437
D1-K2cross,0.3,47,D1-K2cross_e30_r047,NoiseMix100,0.5277777777777778,22.14794785905919,True,0.19666666666666666,0.1418036889990617
D1-K2cross,0.35,47,D1-K2cross_e35_r047,NoiseMix100,0.5181347150259067,23.92685726688608,True,0.25,0.14573198500147555
D2-K3par,0.25,47,D2-K3par_e25_r047,NoiseMix100,0.38461538461538464,20.527391871436777,True,0.0,0.18568245300048147
D2-K3par,0.3,47,D2-K3par_e30_r047,NoiseMix100,0.34134615384615385,19.759370221976653,True,0.0,0.1789656869987084
D2-K3par,0.35,47,D2-K3par_e35_r047,NoiseMix100,0.3582089552238806,20.060017600899283,True,0.0,0.17518456600009813
D3-unequal,0.25,47,D3-unequal_e25_r047,NoiseMix100,0.9147982062780269,0.13716388032453888,False,0.25666666666666665,0.1418504409994057
D3-unequal,0.3,47,D3-unequal_e30_r047,NoiseMix100,0.6844660194174758,20.79140591578115,True,0.4,0.1411838509993686
D3-unequal,0.35,47,D3-unequal_e35_r047,NoiseMix100,0.7096774193548387,20.281392333932622,False,0.4266666666666667,0.14749807299995155
D4-hetero,0.25,47,D4-hetero_e25_r047,NoiseMix100,0.8828828828828829,0.234927262817108,False,0.26666666666666666,0.142952600001081
D4-hetero,0.3,47,D4-hetero_e30_r047,NoiseMix100,0.5320197044334976,25.336705213371022,True,0.23666666666666666,0.15542046199880133
D4-hetero,0.35,47,D4-hetero_e35_r047,NoiseMix100,0.5263157894736842,20.179668338819678,True,0.26666666666666666,0.19604425600118702
D5-leverage,0.25,47,D5-leverage_e25_r047,NoiseMix100,0.5255813953488372,2.738707690392583,True,0.0,0.1643273469999258
D5-leverage,0.3,47,D5-leverage_e30_r047,NoiseMix100,0.5324074074074074,2.729679943941652,True,0.0,0.24522731399883924
D5-leverage,0.35,47,D5-leverage_e35_r047,NoiseMix100,0.5132275132275133,1.999569448698085,True,0.02666666666666667,0.14054745200155594
D6-uniform,0.25,47,D6-uniform_e25_r047,NoiseMix100,0.9201680672268907,0.06581572506008791,False,0.25,0.13572975799979758
D6-uniform,0.3,47,D6-uniform_e30_r047,NoiseMix100,0.9276018099547512,0.27545902737690775,False,0.35333333333333333,0.1398892369998066
D6-uniform,0.35,47,D6-uniform_e35_r047,NoiseMix100,0.8984771573604061,0.14356918996414952,False,0.47333333333333333,0.1412379810008133
D7-p3,0.25,47,D7-p3_e25_r047,NoiseMix100,0.5133928571428571,23.97655992601862,True,0.16666666666666666,0.13786782300121558
D7-p3,0.3,47,D7-p3_e30_r047,NoiseMix100,0.5162790697674419,15.504034569558268,True,0.23333333333333334,0.15624161000050663
D7-p3,0.35,47,D7-p3_e35_r047,NoiseMix100,0.5412371134020618,23.48726611585853,True,0.21666666666666667,0.15220399700046983
D8-K2par-sep,0.25,47,D8-K2par-sep_e25_r047,NoiseMix100,0.5275229357798165,19.180070006891473,True,0.21333333333333335,0.1349182190006104
D8-K2par-sep,0.3,47,D8-K2par-sep_e30_r047,NoiseMix100,0.5211267605633803,19.98337889108962,True,0.22333333333333333,0.130482127000505
D8-K2par-sep,0.35,47,D8-K2par-sep_e35_r047,NoiseMix100,0.5794871794871795,20.258797215077376,True,0.21333333333333335,0.13290919800056145
D1-K2cross,0.25,48,D1-K2cross_e25_r048,NoiseMix100,0.9151785714285714,0.19218422100643964,False,0.25333333333333335,0.1300877430003311
D1-K2cross,0.3,48,D1-K2cross_e30_r048,NoiseMix100,0.5072463768115942,22.28401270867105,True,0.17,0.15215956700012612
D1-K2cross,0.35,48,D1-K2cross_e35_r048,NoiseMix100,0.5073891625615764,22.146563011164726,True,0.19333333333333333,0.1378397579992452
D2-K3par,0.25,48,D2-K3par_e25_r048,NoiseMix100,0.36283185840707965,19.64246541630724,True,0.0,0.1864551870003197
D2-K3par,0.3,48,D2-K3par_e30_r048,NoiseMix100,0.41116751269035534,19.415361971828055,True,0.0,0.1843054540004232
D2-K3par,0.35,48,D2-K3par_e35_r048,NoiseMix100,0.34574468085106386,19.541831002642194,True,0.0,0.20892693099995086
D3-unequal,0.25,48,D3-unequal_e25_r048,NoiseMix100,0.9047619047619048,0.1965007866787714,False,0.24,0.1592460760002723
D3-unequal,0.3,48,D3-unequal_e30_r048,NoiseMix100,0.9481132075471698,0.10094154883519298,False,0.3,0.16628988799857325
D3-unequal,0.35,48,D3-unequal_e35_r048,NoiseMix100,0.7486338797814208,22.230748204383165,False,0.43666666666666665,0.1787876670005062
D4-hetero,0.25,48,D4-hetero_e25_r048,NoiseMix100,0.9441860465116279,0.16479791651969555,False,0.29333333333333333,0.19357152600059635
D4-hetero,0.3,48,D4-hetero_e30_r048,NoiseMix100,0.55,24.440996855821712,True,0.24333333333333335,0.1643888220005465
D4-hetero,0.35,48,D4-hetero_e35_r048,NoiseMix100,0.5357142857142857,22.07147772202506,True,0.21333333333333335,0.19673264999983076
D5-leverage,0.25,48,D5-leverage_e25_r048,NoiseMix100,0.8483606557377049,1.388403405589038,False,0.0,0.17892457199923228
D5-leverage,0.3,48,D5-leverage_e30_r048,NoiseMix100,0.5336538461538461,2.668124015454186,True,0.0,0.18217218099925958
D5-leverage,0.35,48,D5-leverage_e35_r048,NoiseMix100,0.5233160621761658,2.2816775067131068,True,0.0033333333333333335,0.15458447599849023
D6-uniform,0.25,48,D6-uniform_e25_r048,NoiseMix100,0.9224137931034483,0.09805912973396791,False,0.3,0.19306467699971108
D6-uniform,0.3,48,D6-uniform_e30_r048,NoiseMix100,0.9178082191780822,0.10587514992260767,False,0.3566666666666667,0.15458957999908307
D6-uniform,0.35,48,D6-uniform_e35_r048,NoiseMix100,0.8781725888324873,0.13183348158763103,False,0.52,0.147219196000151
D7-p3,0.25,48,D7-p3_e25_r048,NoiseMix100,0.8771929824561403,0.10482181778739541,False,0.24333333333333335,0.14659408300030918
D7-p3,0.3,48,D7-p3_e30_r048,NoiseMix100,0.5024875621890548,22.402453597433666,True,0.27,0.1463667030002398
D7-p3,0.35,48,D7-p3_e35_r048,NoiseMix100,0.5081081081081081,25.58695743050008,True,0.29,0.1562751070014201
D8-K2par-sep,0.25,48,D8-K2par-sep_e25_r048,NoiseMix100,0.5227272727272727,19.076191985932443,True,0.18666666666666668,0.1276990320002369
D8-K2par-sep,0.3,48,D8-K2par-sep_e30_r048,NoiseMix100,0.5636363636363636,18.887663104560826,True,0.17333333333333334,0.13157645400133333
D8-K2par-sep,0.35,48,D8-K2par-sep_e35_r048,NoiseMix100,0.5026737967914439,18.83172953055614,True,0.23333333333333334,0.1294216789992788
D1-K2cross,0.25,49,D1-K2cross_e25_r049,NoiseMix100,0.9070796460176991,0.28748978237944944,False,0.26,0.12474246399870026
D1-K2cross,0.3,49,D1-K2cross_e30_r049,NoiseMix100,0.5095238095238095,20.463115723360517,True,0.19333333333333333,0.12588868400052888
D1-K2cross,0.35,49,D1-K2cross_e35_r049,NoiseMix100,0.5368421052631579,23.5570721634771,True,0.21,0.12963941999987583
D2-K3par,0.25,49,D2-K3par_e25_r049,NoiseMix100,0.36936936936936937,20.39158446644169,True,0.013333333333333334,0.17170094500033883
D2-K3par,0.3,49,D2-K3par_e30_r049,NoiseMix100,0.35964912280701755,19.71169128419278,True,0.0,0.21406957399995008
D2-K3par,0.35,49,D2-K3par_e35_r049,NoiseMix100,0.36312849162011174,20.147469415698303,True,0.0,0.21987343300133944
D3-unequal,0.25,49,D3-unequal_e25_r049,NoiseMix100,0.8755760368663594,0.24512820851648442,False,0.2833333333333333,0.1589845199996489
D3-unequal,0.3,49,D3-unequal_e30_r049,NoiseMix100,0.9485981308411215,0.09147536639027114,False,0.29,0.16470982300052128
D3-unequal,0.35,49,D3-unequal_e35_r049,NoiseMix100,0.7236180904522613,19.976861527961006,False,0.4166666666666667,0.14864445499915746
D4-hetero,0.25,49,D4-hetero_e25_r049,NoiseMix100,0.8614718614718615,0.07947712356903977,False,0.24,0.14969291600027645
D4-hetero,0.3,49,D4-hetero_e30_r049,NoiseMix100,0.5360824742268041,23.015413607129947,True,0.22333333333333333,0.16307757300091907
D4-hetero,0.35,49,D4-hetero_e35_r049,NoiseMix100,0.5380434782608695,22.851518789077904,True,0.25333333333333335,0.13705571300124575
D5-leverage,0.25,49,D5-leverage_e25_r049,NoiseMix100,0.9035087719298246,1.4622095635371717,False,0.0,0.21286553000027197
D5-leverage,0.3,49,D5-leverage_e30_r049,NoiseMix100,0.875,1.4050424390301668,False,0.0,0.16735402400081512
D5-leverage,0.35,49,D5-leverage_e35_r049,NoiseMix100,0.5245098039215687,2.2489304058253783,True,0.0,0.1672637770006986
D6-uniform,0.25,49,D6-uniform_e25_r049,NoiseMix100,0.8956521739130435,0.14659615581123522,False,0.31666666666666665,0.13050810400090995
D6-uniform,0.3,49,D6-uniform_e30_r049,NoiseMix100,0.9134615384615384,0.09513221899497193,False,0.39666666666666667,0.13072736200047075
D6-uniform,0.35,49,D6-uniform_e35_r049,NoiseMix100,0.8883248730964467,0.14949901115899414,False,0.4866666666666667,0.12964935600030003
D7-p3,0.25,49,D7-p3_e25_r049,NoiseMix100,0.5142857142857142,20.25011552239521,True,0.21666666666666667,0.12630797199926747
D7-p3,0.3,49,D7-p3_e30_r049,NoiseMix100,0.5879396984924623,23.076059884069387,True,0.25666666666666665,0.12889763800012588
D7-p3,0.35,49,D7-p3_e35_r049,NoiseMix100,0.6113989637305699,11.113149107736012,True,0.3233333333333333,0.1315651530003379
D8-K2par-sep,0.25,49,D8-K2par-sep_e25_r049,NoiseMix100,0.5065502183406113,18.829316380161757,True,0.16666666666666666,0.12354744899857906
D8-K2par-sep,0.3,49,D8-K2par-sep_e30_r049,NoiseMix100,0.5138888888888888,21.437354380331072,True,0.20333333333333334,0.13061023299997032
D8-K2par-sep,0.35,49,D8-K2par-sep_e35_r049,NoiseMix100,0.5210526315789473,18.536262094907265,True,0.24333333333333335,0.13791207400026906
D1-K2cross,0.25,50,D1-K2cross_e25_r050,NoiseMix100,0.5297029702970297,23.093896006291637,True,0.21666666666666667,0.1422110559997236
D1-K2cross,0.3,50,D1-K2cross_e30_r050,NoiseMix100,0.5205479452054794,24.744712764495123,True,0.18,0.15090984599919466
D1-K2cross,0.35,50,D1-K2cross_e35_r050,NoiseMix100,0.5492227979274611,19.97954772018377,True,0.2733333333333333,0.16790377600045758
D2-K3par,0.25,50,D2-K3par_e25_r050,NoiseMix100,0.36492890995260663,19.8794224735905,True,0.0,0.20041789899914875
D2-K3par,0.3,50,D2-K3par_e30_r050,NoiseMix100,0.3684210526315789,20.44874036119954,True,0.0,0.18977413600077853
D2-K3par,0.35,50,D2-K3par_e35_r050,NoiseMix100,0.3564356435643564,20.659434973319385,True,0.0,0.19906687999900896
D3-unequal,0.25,50,D3-unequal_e25_r050,NoiseMix100,0.9170305676855895,0.3671027816303148,False,0.24666666666666667,0.13495509699896502
D3-unequal,0.3,50,D3-unequal_e30_r050,NoiseMix100,0.6504854368932039,23.392671628482727,True,0.21333333333333335,0.13626711799952318
D3-unequal,0.35,50,D3-unequal_e35_r050,NoiseMix100,0.6456310679611651,22.72858500893487,True,0.44666666666666666,0.15321930299978703
D4-hetero,0.25,50,D4-hetero_e25_r050,NoiseMix100,0.947136563876652,0.0736876557806776,False,0.25333333333333335,0.1347604450002109
D4-hetero,0.3,50,D4-hetero_e30_r050,NoiseMix100,0.5023255813953489,21.034065195056268,True,0.18,0.16253599700030463
D4-hetero,0.35,50,D4-hetero_e35_r050,NoiseMix100,0.5233644859813084,21.520983447588897,True,0.21333333333333335,0.15637329700075497
D5-leverage,0.25,50,D5-leverage_e25_r050,NoiseMix100,0.8628318584070797,1.4104054629063667,False,0.0,0.15937184399990656
D5-leverage,0.3,50,D5-leverage_e30_r050,NoiseMix100,0.8611111111111112,1.3916989734162621,False,0.0033333333333333335,0.14829984099924332
D5-leverage,0.35,50,D5-leverage_e35_r050,NoiseMix100,0.5028571428571429,2.464638322462623,True,0.006666666666666667,0.13500229900091654
D6-uniform,0.25,50,D6-uniform_e25_r050,NoiseMix100,0.9210526315789473,0.22573921006660427,False,0.3233333333333333,0.1515815719994862
D6-uniform,0.3,50,D6-uniform_e30_r050,NoiseMix100,0.9020618556701031,0.15909240500975946,False,0.49333333333333335,0.1564055670005473
D6-uniform,0.35,50,D6-uniform_e35_r050,NoiseMix100,0.8571428571428571,0.19715943124810315,False,0.52,0.14191439299975173
D7-p3,0.25,50,D7-p3_e25_r050,NoiseMix100,0.9148936170212766,0.1684595023930434,False,0.22,0.14556462899963662
D7-p3,0.3,50,D7-p3_e30_r050,NoiseMix100,0.5402843601895735,11.178567932264283,True,0.26666666666666666,0.14657670699853043
D7-p3,0.35,50,D7-p3_e35_r050,NoiseMix100,0.5638297872340425,8.338110203782799,True,0.34,0.15290975900097692
D8-K2par-sep,0.25,50,D8-K2par-sep_e25_r050,NoiseMix100,0.5181818181818182,23.67380411515339,True,0.18666666666666668,0.13901434699982929
D8-K2par-sep,0.3,50,D8-K2par-sep_e30_r050,NoiseMix100,0.5198019801980198,18.92771061836097,True,0.21333333333333335,0.14053947299908032
D8-K2par-sep,0.35,50,D8-K2par-sep_e35_r050,NoiseMix100,0.5279187817258884,17.30225367761188,True,0.25333333333333335,0.14271725800062995
D1-K2cross,0.25,51,D1-K2cross_e25_r051,NoiseMix100,0.946058091286307,0.11542187454602224,False,0.19666666666666666,0.12881865900089906
D1-K2cross,0.3,51,D1-K2cross_e30_r051,NoiseMix100,0.5490196078431373,22.141113996835458,True,0.22666666666666666,0.13076942899897404
D1-K2cross,0.35,51,D1-K2cross_e35_r051,NoiseMix100,0.5194174757281553,23.449595770211562,True,0.21333333333333335,0.13025333400037198
D2-K3par,0.25,51,D2-K3par_e25_r051,NoiseMix100,0.384297520661157,19.770030334118303,True,0.0,0.1584621319998405
D2-K3par,0.3,51,D2-K3par_e30_r051,NoiseMix100,0.3564356435643564,19.587689186731833,True,0.0,0.16307173700079147
D2-K3par,0.35,51,D2-K3par_e35_r051,NoiseMix100,0.3383838383838384,18.819310638116207,True,0.0,0.16650899699925503
D3-unequal,0.25,51,D3-unequal_e25_r051,NoiseMix100,0.9404255319148936,0.11548493839286533,False,0.23,0.1216361569986475
D3-unequal,0.3,51,D3-unequal_e30_r051,NoiseMix100,0.9009009009009009,0.2577226215424269,False,0.26666666666666666,0.1246405860001687
D3-unequal,0.35,51,D3-unequal_e35_r051,NoiseMix100,0.6947368421052632,18.838912222016223,True,0.41333333333333333,0.13108462499985762
D4-hetero,0.25,51,D4-hetero_e25_r051,NoiseMix100,0.954337899543379,0.053898746601810085,False,0.28,0.12355506899984903
D4-hetero,0.3,51,D4-hetero_e30_r051,NoiseMix100,0.504950495049505,23.407934190793032,True,0.19,0.12245908499971847
D4-hetero,0.35,51,D4-hetero_e35_r051,NoiseMix100,0.510989010989011,21.840572811021072,True,0.2633333333333333,0.12645417800013092
D5-leverage,0.25,51,D5-leverage_e25_r051,NoiseMix100,0.8484848484848485,1.3771531929047407,False,0.0,0.15914061500006937
D5-leverage,0.3,51,D5-leverage_e30_r051,NoiseMix100,0.861244019138756,1.4633047408893598,False,0.0,0.16260009399957198
D5-leverage,0.35,51,D5-leverage_e35_r051,NoiseMix100,0.5172413793103449,2.5823747601490132,True,0.0,0.16924038199977076
D6-uniform,0.25,51,D6-uniform_e25_r051,NoiseMix100,0.9054054054054054,0.09821711035310365,False,0.3466666666666667,0.13811404899934132
D6-uniform,0.3,51,D6-uniform_e30_r051,NoiseMix100,0.8803827751196173,0.17889209154340144,False,0.39666666666666667,0.13549339900055202
D6-uniform,0.35,51,D6-uniform_e35_r051,NoiseMix100,0.9045226130653267,0.16755013448386505,False,0.48333333333333334,0.15124286499849404
D7-p3,0.25,51,D7-p3_e25_r051,NoiseMix100,0.9078341013824884,0.13037418892280356,False,0.28,0.13907356000163418
D7-p3,0.3,51,D7-p3_e30_r051,NoiseMix100,0.5211267605633803,23.711790793210074,True,0.23,0.1426007190002565
D7-p3,0.35,51,D7-p3_e35_r051,NoiseMix100,0.5025641025641026,20.670540090174786,True,0.22333333333333333,0.1410015609999391
D8-K2par-sep,0.25,51,D8-K2par-sep_e25_r051,NoiseMix100,0.5242290748898678,15.62976181024213,True,0.17,0.1470769540010224
D8-K2par-sep,0.3,51,D8-K2par-sep_e30_r051,NoiseMix100,0.5223880597014925,20.958598959917104,True,0.24,0.1363279280012648
D8-K2par-sep,0.35,51,D8-K2par-sep_e35_r051,NoiseMix100,0.5505050505050505,19.00893702052636,True,0.23333333333333334,0.13352238500010571
D1-K2cross,0.25,52,D1-K2cross_e25_r052,NoiseMix100,0.5242718446601942,22.18927049263132,True,0.18333333333333332,0.13250023600085115
D1-K2cross,0.3,52,D1-K2cross_e30_r052,NoiseMix100,0.5560747663551402,22.44775471945211,True,0.22333333333333333,0.13691257699974813
D1-K2cross,0.35,52,D1-K2cross_e35_r052,NoiseMix100,0.5252525252525253,24.10659351546505,True,0.20333333333333334,0.13289506399996753
D2-K3par,0.25,52,D2-K3par_e25_r052,NoiseMix100,0.3686635944700461,19.57744623766994,True,0.0,0.1799303850002616
D2-K3par,0.3,52,D2-K3par_e30_r052,NoiseMix100,0.37745098039215685,19.661681828407218,True,0.0,0.20583887499924458
D2-K3par,0.35,52,D2-K3par_e35_r052,NoiseMix100,0.3492063492063492,19.71001183282818,True,0.0,0.24741018899840128
D3-unequal,0.25,52,D3-unequal_e25_r052,NoiseMix100,0.875,0.10788440165260016,False,0.2633333333333333,0.2504065359989909
D3-unequal,0.3,52,D3-unequal_e30_r052,NoiseMix100,0.6990291262135923,25.08848195425811,True,0.38666666666666666,0.2916912919990864
D3-unequal,0.35,52,D3-unequal_e35_r052,NoiseMix100,0.6584158415841584,24.233863961795038,True,0.45666666666666667,0.3161514610001177
D4-hetero,0.25,52,D4-hetero_e25_r052,NoiseMix100,0.9224137931034483,0.11017834072907395,False,0.23,0.3036362580005516
D4-hetero,0.3,52,D4-hetero_e30_r052,NoiseMix100,0.8954545454545455,0.057743100416574045,False,0.27,0.2878807079996477
D4-hetero,0.35,52,D4-hetero_e35_r052,NoiseMix100,0.5196078431372549,23.41938982415371,True,0.19333333333333333,0.3060457330011559
D5-leverage,0.25,52,D5-leverage_e25_r052,NoiseMix100,0.5260663507109005,2.189829786431562,True,0.0033333333333333335,0.14699054000084288
D5-leverage,0.3,52,D5-leverage_e30_r052,NoiseMix100,0.8423645320197044,1.4119886838867242,False,0.0033333333333333335,0.16894708200015884
D5-leverage,0.35,52,D5-leverage_e35_r052,NoiseMix100,0.5210526315789473,2.5428648699980205,True,0.0033333333333333335,0.15607343900046544
D6-uniform,0.25,52,D6-uniform_e25_r052,NoiseMix100,0.8925233644859814,0.13829126227194555,False,0.39,0.14929189299982681
D6-uniform,0.3,52,D6-uniform_e30_r052,NoiseMix100,0.9,0.2571531390060267,False,0.4633333333333333,0.1565673989989591
D6-uniform,0.35,52,D6-uniform_e35_r052,NoiseMix100,0.9179487179487179,0.10059183243148764,False,0.5033333333333333,0.14438043799964362
D7-p3,0.25,52,D7-p3_e25_r052,NoiseMix100,0.9026548672566371,0.1235395107596482,False,0.25666666666666665,0.1533364070000971
D7-p3,0.3,52,D7-p3_e30_r052,NoiseMix100,0.5279187817258884,21.150965350397136,True,0.21333333333333335,0.14489272699938738
D7-p3,0.35,52,D7-p3_e35_r052,NoiseMix100,0.533678756476684,11.246158770777214,True,0.34,0.1524829590016452
D8-K2par-sep,0.25,52,D8-K2par-sep_e25_r052,NoiseMix100,0.5757575757575758,19.262053233581536,True,0.15,0.1459399930008658
D8-K2par-sep,0.3,52,D8-K2par-sep_e30_r052,NoiseMix100,0.5118483412322274,18.94332144687597,True,0.22,0.1461444640008267
D8-K2par-sep,0.35,52,D8-K2par-sep_e35_r052,NoiseMix100,0.517948717948718,18.71785763601299,True,0.25333333333333335,0.14150714200150105
D1-K2cross,0.25,53,D1-K2cross_e25_r053,NoiseMix100,0.8977777777777778,0.020251527816498378,False,0.25333333333333335,0.2740927720005857
D1-K2cross,0.3,53,D1-K2cross_e30_r053,NoiseMix100,0.5141509433962265,24.652082420737877,True,0.19666666666666666,0.23520274799921026
D1-K2cross,0.35,53,D1-K2cross_e35_r053,NoiseMix100,0.5073170731707317,22.024614074884305,True,0.23666666666666666,0.27128718799940543
D2-K3par,0.25,53,D2-K3par_e25_r053,NoiseMix100,0.3688888888888889,19.42643219536596,True,0.0,0.3958536410009401
D2-K3par,0.3,53,D2-K3par_e30_r053,NoiseMix100,0.4558139534883721,19.875614546735953,True,0.0,0.39868243999990227
D2-K3par,0.35,53,D2-K3par_e35_r053,NoiseMix100,0.355,20.237310001318335,True,0.0,0.4046707409997907
D3-unequal,0.25,53,D3-unequal_e25_r053,NoiseMix100,0.9026548672566371,0.1102856510188313,False,0.25,0.34894914899996365
D3-unequal,0.3,53,D3-unequal_e30_r053,NoiseMix100,0.6363636363636364,22.250034669553646,True,0.16,0.27904310899975826
D3-unequal,0.35,53,D3-unequal_e35_r053,NoiseMix100,0.717948717948718,23.170618409909338,False,0.4066666666666667,0.3541068100003031
D4-hetero,0.25,53,D4-hetero_e25_r053,NoiseMix100,0.9017857142857143,0.11794132118826135,False,0.27,0.23698866999984602
D4-hetero,0.3,53,D4-hetero_e30_r053,NoiseMix100,0.9116279069767442,0.22620473621443107,False,0.2966666666666667,0.14295117999972717
D4-hetero,0.35,53,D4-hetero_e35_r053,NoiseMix100,0.5658536585365853,18.532729309561663,True,0.25666666666666665,0.14529572399987956
D5-leverage,0.25,53,D5-leverage_e25_r053,NoiseMix100,0.8723404255319149,1.3796618968673167,False,0.0,0.18062071799977275
D5-leverage,0.3,53,D5-leverage_e30_r053,NoiseMix100,0.5522388059701493,2.347164751671201,True,0.0,0.17409971200140717
D5-leverage,0.35,53,D5-leverage_e35_r053,NoiseMix100,0.5270935960591133,2.1767696404226764,True,0.0,0.16526030900058686
D6-uniform,0.25,53,D6-uniform_e25_r053,NoiseMix100,0.9041095890410958,0.11523032829087632,False,0.38,0.15631504600059998
D6-uniform,0.3,53,D6-uniform_e30_r053,NoiseMix100,0.9142857142857143,0.1207498180225482,False,0.4033333333333333,0.1625126109993289
D6-uniform,0.35,53,D6-uniform_e35_r053,NoiseMix100,0.9033816425120773,0.14459092852808597,False,0.4,0.15368674799901783
D7-p3,0.25,53,D7-p3_e25_r053,NoiseMix100,0.9163179916317992,0.15036505529553523,False,0.20333333333333334,0.13912163999884797
D7-p3,0.3,53,D7-p3_e30_r053,NoiseMix100,0.8977777777777778,0.1285615482781055,False,0.26,0.13170647399965674
D7-p3,0.35,53,D7-p3_e35_r053,NoiseMix100,0.5073170731707317,23.126088944474787,True,0.20666666666666667,0.12929225900006713
D8-K2par-sep,0.25,53,D8-K2par-sep_e25_r053,NoiseMix100,0.5,18.885942673749128,True,0.11666666666666667,0.12303755599896249
D8-K2par-sep,0.3,53,D8-K2par-sep_e30_r053,NoiseMix100,0.5521739130434783,22.592188695308366,True,0.16,0.1287109459990461
D8-K2par-sep,0.35,53,D8-K2par-sep_e35_r053,NoiseMix100,0.5583756345177665,17.471899007748508,True,0.22333333333333333,0.12710750099904544
D1-K2cross,0.25,54,D1-K2cross_e25_r054,NoiseMix100,0.9279279279279279,0.11684472731635798,False,0.2633333333333333,0.1254583800000546
D1-K2cross,0.3,54,D1-K2cross_e30_r054,NoiseMix100,0.5392156862745098,22.720574792283596,True,0.19666666666666666,0.14032132499960426
D1-K2cross,0.35,54,D1-K2cross_e35_r054,NoiseMix100,0.5287958115183246,22.750359297578985,True,0.25333333333333335,0.1523954700005561
D2-K3par,0.25,54,D2-K3par_e25_r054,NoiseMix100,0.43829787234042555,21.224314135993108,True,0.0,0.17415297899970028
D2-K3par,0.3,54,D2-K3par_e30_r054,NoiseMix100,0.3482587064676617,19.431203522271,True,0.0,0.18257788599839841
D2-K3par,0.35,54,D2-K3par_e35_r054,NoiseMix100,0.395,20.396878539271725,True,0.0,0.19792054000026837
D3-unequal,0.25,54,D3-unequal_e25_r054,NoiseMix100,0.8873873873873874,0.06509066511626148,False,0.26,0.14016739500038966
D3-unequal,0.3,54,D3-unequal_e30_r054,NoiseMix100,0.9311926605504587,0.04675232917532655,False,0.28,0.1535854419998941
D3-unequal,0.35,54,D3-unequal_e35_r054,NoiseMix100,0.685,22.843599564611928,True,0.37666666666666665,0.1535486500015395
D4-hetero,0.25,54,D4-hetero_e25_r054,NoiseMix100,0.8940677966101694,0.09818346126243722,False,0.22,0.14006534399959492
D4-hetero,0.3,54,D4-hetero_e30_r054,NoiseMix100,0.9506726457399103,0.11553109319124477,False,0.25666666666666665,0.14753212799951143
D4-hetero,0.35,54,D4-hetero_e35_r054,NoiseMix100,0.5252525252525253,23.567283056338628,True,0.25,0.15327175700076623
D5-leverage,0.25,54,D5-leverage_e25_r054,NoiseMix100,0.8789237668161435,1.4162842642143514,False,0.0,0.1487309419990197
D5-leverage,0.3,54,D5-leverage_e30_r054,NoiseMix100,0.8477157360406091,1.4552797873928138,False,0.0,0.1647188749993802
D5-leverage,0.35,54,D5-leverage_e35_r054,NoiseMix100,0.5051546391752577,2.414951394205564,True,0.0,0.14832676100013487
D6-uniform,0.25,54,D6-uniform_e25_r054,NoiseMix100,0.90625,0.0947193654603331,False,0.32666666666666666,0.1374235220009723
D6-uniform,0.3,54,D6-uniform_e30_r054,NoiseMix100,0.9121951219512195,0.17712049308590916,False,0.4666666666666667,0.1333986930003448
D6-uniform,0.35,54,D6-uniform_e35_r054,NoiseMix100,0.890625,0.11475303179900687,False,0.46,0.13422707799873024
D7-p3,0.25,54,D7-p3_e25_r054,NoiseMix100,0.8868778280542986,0.07786523060940476,False,0.2733333333333333,0.1348776300001191
D7-p3,0.3,54,D7-p3_e30_r054,NoiseMix100,0.5314009661835749,21.48576081116106,True,0.19,0.158934073000637
D7-p3,0.35,54,D7-p3_e35_r054,NoiseMix100,0.5054945054945055,22.843069383050807,True,0.23,0.15562956699977804
D8-K2par-sep,0.25,54,D8-K2par-sep_e25_r054,NoiseMix100,0.5407725321888412,20.15221430470791,True,0.18333333333333332,0.1449054620006791
D8-K2par-sep,0.3,54,D8-K2par-sep_e30_r054,NoiseMix100,0.5545023696682464,20.380541088270427,True,0.17666666666666667,0.156122823998885
D8-K2par-sep,0.35,54,D8-K2par-sep_e35_r054,NoiseMix100,0.553921568627451,21.38399318374161,True,0.23666666666666666,0.13677875100074743
D1-K2cross,0.25,55,D1-K2cross_e25_r055,NoiseMix100,0.9047619047619048,0.16112686205937804,False,0.23,0.14864256999862846
D1-K2cross,0.3,55,D1-K2cross_e30_r055,NoiseMix100,0.555045871559633,23.331594824474934,True,0.18666666666666668,0.13916088599944487
D1-K2cross,0.35,55,D1-K2cross_e35_r055,NoiseMix100,0.5198019801980198,20.686045258570818,True,0.22,0.14044774499961932
D2-K3par,0.25,55,D2-K3par_e25_r055,NoiseMix100,0.35267857142857145,18.98320698276104,True,0.0,0.17388770900106465
D2-K3par,0.3,55,D2-K3par_e30_r055,NoiseMix100,0.3492822966507177,20.37021154211035,True,0.0,0.2019761589999689
D2-K3par,0.35,55,D2-K3par_e35_r055,NoiseMix100,0.387434554973822,21.067069479801898,True,0.0,0.18936984699939785
D3-unequal,0.25,55,D3-unequal_e25_r055,NoiseMix100,0.902127659574468,0.09941956685191737,False,0.23,0.15014165499997034
D3-unequal,0.3,55,D3-unequal_e30_r055,NoiseMix100,0.8672985781990521,0.4458971695237667,False,0.31333333333333335,0.14299679200121318
D3-unequal,0.35,55,D3-unequal_e35_r055,NoiseMix100,0.7311827956989247,23.95812846118199,False,0.4,0.1409415699999954
D4-hetero,0.25,55,D4-hetero_e25_r055,NoiseMix100,0.9203539823008849,0.11831195251564086,False,0.26,0.13957472999936726
D4-hetero,0.3,55,D4-hetero_e30_r055,NoiseMix100,0.9027777777777778,0.22003900747017546,False,0.2866666666666667,0.14026844199906918
D4-hetero,0.35,55,D4-hetero_e35_r055,NoiseMix100,0.5130890052356021,23.23665569457074,True,0.27666666666666667,0.1321963569989748
D5-leverage,0.25,55,D5-leverage_e25_r055,NoiseMix100,0.5495495495495496,1.985452082389062,True,0.03666666666666667,0.14602346500032581
D5-leverage,0.3,55,D5-leverage_e30_r055,NoiseMix100,0.526829268292683,2.518563514624243,True,0.0,0.1786334309999802
D5-leverage,0.35,55,D5-leverage_e35_r055,NoiseMix100,0.5212765957446809,2.3040127622232687,True,0.0,0.16318794599828834
D6-uniform,0.25,55,D6-uniform_e25_r055,NoiseMix100,0.9124423963133641,0.09933767624327916,False,0.34,0.14758948500093538
D6-uniform,0.3,55,D6-uniform_e30_r055,NoiseMix100,0.9158415841584159,0.12484647826983952,False,0.47,0.14287416399929498
D6-uniform,0.35,55,D6-uniform_e35_r055,NoiseMix100,0.953125,0.10029368756423161,False,0.47333333333333333,0.1467585810005403
D7-p3,0.25,55,D7-p3_e25_r055,NoiseMix100,0.5429864253393665,13.484621070632214,True,0.23,0.13698056599969277
D7-p3,0.3,55,D7-p3_e30_r055,NoiseMix100,0.5162790697674419,21.874645785375797,True,0.22666666666666666,0.13894762499876379
D7-p3,0.35,55,D7-p3_e35_r055,NoiseMix100,0.5364583333333334,22.109921227230014,True,0.26,0.1419087659996876
D8-K2par-sep,0.25,55,D8-K2par-sep_e25_r055,NoiseMix100,0.5294117647058824,17.98787821595764,True,0.16,0.14394727100079763
D8-K2par-sep,0.3,55,D8-K2par-sep_e30_r055,NoiseMix100,0.5311004784688995,17.274852362086847,True,0.18666666666666668,0.15376276899951336
D8-K2par-sep,0.35,55,D8-K2par-sep_e35_r055,NoiseMix100,0.5080213903743316,19.734357254881452,True,0.26666666666666666,0.1461230639997666
D1-K2cross,0.25,56,D1-K2cross_e25_r056,NoiseMix100,0.8959276018099548,0.10777439688438184,False,0.27666666666666667,0.1416697969998495
D1-K2cross,0.3,56,D1-K2cross_e30_r056,NoiseMix100,0.5093457943925234,23.46700915154169,True,0.16,0.14746332299910136
D1-K2cross,0.35,56,D1-K2cross_e35_r056,NoiseMix100,0.5210526315789473,23.09477757713189,True,0.27,0.13995582099960302
D2-K3par,0.25,56,D2-K3par_e25_r056,NoiseMix100,0.3706896551724138,19.857804156953133,True,0.0,0.18776341000011598
D2-K3par,0.3,56,D2-K3par_e30_r056,NoiseMix100,0.36363636363636365,20.496887975313157,True,0.0,0.17388032500093686
D2-K3par,0.35,56,D2-K3par_e35_r056,NoiseMix100,0.35353535353535354,19.936742841815185,True,0.0,0.16737984199971834
D3-unequal,0.25,56,D3-unequal_e25_r056,NoiseMix100,0.90625,0.08274135271660454,False,0.2633333333333333,0.13175422900167177
D3-unequal,0.3,56,D3-unequal_e30_r056,NoiseMix100,0.9330357142857143,0.21272403715824253,False,0.2633333333333333,0.14063466399966273
D3-unequal,0.35,56,D3-unequal_e35_r056,NoiseMix100,0.6990291262135923,19.112418257860284,True,0.21666666666666667,0.14129715299895906
D4-hetero,0.25,56,D4-hetero_e25_r056,NoiseMix100,0.908695652173913,0.16394067009331056,False,0.23666666666666666,0.14922060199933185
D4-hetero,0.3,56,D4-hetero_e30_r056,NoiseMix100,0.5071090047393365,24.200031650725403,True,0.23,0.1371928009994008
D4-hetero,0.35,56,D4-hetero_e35_r056,NoiseMix100,0.5260416666666666,22.154272588117575,True,0.24333333333333335,0.13739913199970033
D5-leverage,0.25,56,D5-leverage_e25_r056,NoiseMix100,0.8893805309734514,1.3420825596939658,False,0.0,0.13615280900012294
D5-leverage,0.3,56,D5-leverage_e30_r056,NoiseMix100,0.8733624454148472,1.4175391000394069,False,0.0,0.19365260000085982
D5-leverage,0.35,56,D5-leverage_e35_r056,NoiseMix100,0.84,1.4590042145401563,False,0.0,0.21798430800117785
D6-uniform,0.25,56,D6-uniform_e25_r056,NoiseMix100,0.8936170212765957,0.1614098348270788,False,0.28,0.14719860900004278
D6-uniform,0.3,56,D6-uniform_e30_r056,NoiseMix100,0.8976744186046511,0.10060600974317231,False,0.37,0.14682313699995575
D6-uniform,0.35,56,D6-uniform_e35_r056,NoiseMix100,0.9210526315789473,0.194357527190781,False,0.49333333333333335,0.14823408300071605
D7-p3,0.25,56,D7-p3_e25_r056,NoiseMix100,0.9244444444444444,0.09186073953114715,False,0.25666666666666665,0.15375258999847574
D7-p3,0.3,56,D7-p3_e30_r056,NoiseMix100,0.5348837209302325,18.485218096744063,True,0.26,0.14305817700005719
D7-p3,0.35,56,D7-p3_e35_r056,NoiseMix100,0.6224489795918368,8.483794572245962,True,0.30666666666666664,0.14953222099939012
D8-K2par-sep,0.25,56,D8-K2par-sep_e25_r056,NoiseMix100,0.5,20.407497212514514,True,0.14,0.14174973199988017
D8-K2par-sep,0.3,56,D8-K2par-sep_e30_r056,NoiseMix100,0.5296803652968036,20.481751213989863,True,0.17666666666666667,0.15247486799853505
D8-K2par-sep,0.35,56,D8-K2par-sep_e35_r056,NoiseMix100,0.554945054945055,18.283843990283163,True,0.24666666666666667,0.15709814299952995
D1-K2cross,0.25,57,D1-K2cross_e25_r057,NoiseMix100,0.8995633187772926,0.14178899915866933,False,0.24333333333333335,0.16268372400008957
D1-K2cross,0.3,57,D1-K2cross_e30_r057,NoiseMix100,0.5217391304347826,21.93471408684332,True,0.23,0.15096744799848238
D1-K2cross,0.35,57,D1-K2cross_e35_r057,NoiseMix100,0.5168539325842697,23.37561026410915,True,0.21666666666666667,0.14346168900010525
D2-K3par,0.25,57,D2-K3par_e25_r057,NoiseMix100,0.36818181818181817,20.323757795193707,True,0.0,0.19639053900027648
D2-K3par,0.3,57,D2-K3par_e30_r057,NoiseMix100,0.33962264150943394,19.558677342254594,True,0.0,0.26855350699952396
D2-K3par,0.35,57,D2-K3par_e35_r057,NoiseMix100,0.36649214659685864,20.18656308856408,True,0.0,0.25356510399979015
D3-unequal,0.25,57,D3-unequal_e25_r057,NoiseMix100,0.8853211009174312,0.1339249062230825,False,0.2833333333333333,0.19880966099844954
D3-unequal,0.3,57,D3-unequal_e30_r057,NoiseMix100,0.6979166666666666,21.49241857985938,True,0.4266666666666667,0.20134185500137392
D3-unequal,0.35,57,D3-unequal_e35_r057,NoiseMix100,0.7297297297297297,26.40263720469954,False,0.43,0.19458328899963817
D4-hetero,0.25,57,D4-hetero_e25_r057,NoiseMix100,0.8954545454545455,0.22734949487535044,False,0.27666666666666667,0.2678178520000074
D4-hetero,0.3,57,D4-hetero_e30_r057,NoiseMix100,0.5024875621890548,22.299852238135376,True,0.2633333333333333,0.1667876379997324
D4-hetero,0.35,57,D4-hetero_e35_r057,NoiseMix100,0.5297029702970297,22.23851762005932,True,0.21333333333333335,0.1792116119995626
D5-leverage,0.25,57,D5-leverage_e25_r057,NoiseMix100,0.5167464114832536,2.885322997173728,True,0.0,0.1606697189999977
D5-leverage,0.3,57,D5-leverage_e30_r057,NoiseMix100,0.541871921182266,2.5284084847490886,True,0.0,0.18559322900000552
D5-leverage,0.35,57,D5-leverage_e35_r057,NoiseMix100,0.8542713567839196,1.4865228243146784,False,0.0,0.18545873899893195
D6-uniform,0.25,57,D6-uniform_e25_r057,NoiseMix100,0.9004739336492891,0.11788716202685122,False,0.39,0.15346071900057723
D6-uniform,0.3,57,D6-uniform_e30_r057,NoiseMix100,0.8823529411764706,0.0946045593098177,False,0.33666666666666667,0.18730516399955377
D6-uniform,0.35,57,D6-uniform_e35_r057,NoiseMix100,0.8829787234042553,0.6722098463859498,False,0.36,0.22035243900063506
D7-p3,0.25,57,D7-p3_e25_r057,NoiseMix100,0.5046296296296297,23.81766373733517,True,0.19333333333333333,0.14589208999859693
D7-p3,0.3,57,D7-p3_e30_r057,NoiseMix100,0.5215311004784688,22.148684677455282,True,0.24,0.15515394900103274
D7-p3,0.35,57,D7-p3_e35_r057,NoiseMix100,0.5853658536585366,22.23280536587769,True,0.14333333333333334,0.17221405399868672
D8-K2par-sep,0.25,57,D8-K2par-sep_e25_r057,NoiseMix100,0.5130434782608696,18.61448295489832,True,0.17666666666666667,0.20384832799936703
D8-K2par-sep,0.3,57,D8-K2par-sep_e30_r057,NoiseMix100,0.5022421524663677,20.252052588574085,True,0.18666666666666668,0.1775246720007999
D8-K2par-sep,0.35,57,D8-K2par-sep_e35_r057,NoiseMix100,0.5023923444976076,22.626944201107616,True,0.21666666666666667,0.20389832599903457
D1-K2cross,0.25,58,D1-K2cross_e25_r058,NoiseMix100,0.5318181818181819,20.510536906945145,True,0.16333333333333333,0.1857358569995995
D1-K2cross,0.3,58,D1-K2cross_e30_r058,NoiseMix100,0.5245098039215687,24.39535214448191,True,0.21666666666666667,0.16941110100015067
D1-K2cross,0.35,58,D1-K2cross_e35_r058,NoiseMix100,0.5408163265306123,21.541965219163572,True,0.20333333333333334,0.238812223999048
D2-K3par,0.25,58,D2-K3par_e25_r058,NoiseMix100,0.41150442477876104,20.224054995033207,True,0.0,0.33474312300131714
D2-K3par,0.3,58,D2-K3par_e30_r058,NoiseMix100,0.36683417085427134,20.647583365885623,True,0.0,0.2482422850007424
D2-K3par,0.35,58,D2-K3par_e35_r058,NoiseMix100,0.3417085427135678,20.82429832274268,True,0.0,0.20213201800106617
D3-unequal,0.25,58,D3-unequal_e25_r058,NoiseMix100,0.8798076923076923,0.11229070400376417,False,0.31333333333333335,0.15202463199966587
D3-unequal,0.3,58,D3-unequal_e30_r058,NoiseMix100,0.638095238095238,23.317187250229413,True,0.21,0.16853667999930622
D3-unequal,0.35,58,D3-unequal_e35_r058,NoiseMix100,0.7087912087912088,21.844071378491087,False,0.38333333333333336,0.2050978130009753
D4-hetero,0.25,58,D4-hetero_e25_r058,NoiseMix100,0.5502392344497608,22.38900651360895,True,0.20333333333333334,0.1713733240012516
D4-hetero,0.3,58,D4-hetero_e30_r058,NoiseMix100,0.5355450236966824,19.4288487839357,True,0.25,0.1750790500009316
D4-hetero,0.35,58,D4-hetero_e35_r058,NoiseMix100,0.5157894736842106,25.319023260780074,True,0.2866666666666667,0.19643759300015518
D5-leverage,0.25,58,D5-leverage_e25_r058,NoiseMix100,0.8739130434782608,1.401926064169536,False,0.0,0.17718497299938463
D5-leverage,0.3,58,D5-leverage_e30_r058,NoiseMix100,0.861904761904762,1.4732453158375731,False,0.0,0.18544302400005108
D5-leverage,0.35,58,D5-leverage_e35_r058,NoiseMix100,0.5027624309392266,2.202069956544245,True,0.0,0.20076364200031094
D6-uniform,0.25,58,D6-uniform_e25_r058,NoiseMix100,0.9398148148148148,0.22675809170363753,False,0.35,0.17221018700001878
D6-uniform,0.3,58,D6-uniform_e30_r058,NoiseMix100,0.9483568075117371,0.14035705138698532,False,0.36,0.15893685499941057
D6-uniform,0.35,58,D6-uniform_e35_r058,NoiseMix100,0.8934010152284264,0.12643629877796414,False,0.48333333333333334,0.19818470800055366
D7-p3,0.25,58,D7-p3_e25_r058,NoiseMix100,0.9247787610619469,0.1386254581274784,False,0.25333333333333335,0.16642674100148724
D7-p3,0.3,58,D7-p3_e30_r058,NoiseMix100,0.5454545454545454,22.202825661469586,True,0.24666666666666667,0.2530227939987526
D7-p3,0.35,58,D7-p3_e35_r058,NoiseMix100,0.5151515151515151,23.240448423544084,True,0.17666666666666667,0.14436269999896467
D8-K2par-sep,0.25,58,D8-K2par-sep_e25_r058,NoiseMix100,0.5446428571428571,20.053153037501946,True,0.16666666666666666,0.15190864500073076
D8-K2par-sep,0.3,58,D8-K2par-sep_e30_r058,NoiseMix100,0.518348623853211,20.739170547972538,True,0.12,0.15001815199866542
D8-K2par-sep,0.35,58,D8-K2par-sep_e35_r058,NoiseMix100,0.5193370165745856,18.836332179198166,True,0.2733333333333333,0.15067851599997084
D1-K2cross,0.25,59,D1-K2cross_e25_r059,NoiseMix100,0.9128440366972477,0.22326832881269137,False,0.2833333333333333,0.14458352499968896
D1-K2cross,0.3,59,D1-K2cross_e30_r059,NoiseMix100,0.5480769230769231,22.764442720657836,True,0.19666666666666666,0.17613161099870922
D1-K2cross,0.35,59,D1-K2cross_e35_r059,NoiseMix100,0.5268817204301075,21.33660859198892,True,0.25,0.16119090299980599
D2-K3par,0.25,59,D2-K3par_e25_r059,NoiseMix100,0.37623762376237624,21.80157158217575,True,0.0,0.20257961800052726
D2-K3par,0.3,59,D2-K3par_e30_r059,NoiseMix100,0.37719298245614036,19.60654309331472,True,0.0,0.2186202319990116
D2-K3par,0.35,59,D2-K3par_e35_r059,NoiseMix100,0.3439153439153439,19.517387134342147,True,0.0,0.20273117300166632
D3-unequal,0.25,59,D3-unequal_e25_r059,NoiseMix100,0.9137931034482759,0.11296090484655807,False,0.23,0.1713046929999109
D3-unequal,0.3,59,D3-unequal_e30_r059,NoiseMix100,0.8915094339622641,0.06768528300374865,False,0.30333333333333334,0.1506615319995035
D3-unequal,0.35,59,D3-unequal_e35_r059,NoiseMix100,0.7076923076923077,22.567184728891636,False,0.4633333333333333,0.1522524580013851
D4-hetero,0.25,59,D4-hetero_e25_r059,NoiseMix100,0.9260869565217391,0.11946440951324067,False,0.23666666666666666,0.14850500899956387
D4-hetero,0.3,59,D4-hetero_e30_r059,NoiseMix100,0.544973544973545,22.016231430067364,True,0.27,0.14379158100018685
D4-hetero,0.35,59,D4-hetero_e35_r059,NoiseMix100,0.574468085106383,21.980189261676223,True,0.22333333333333333,0.16076778800015745
D5-leverage,0.25,59,D5-leverage_e25_r059,NoiseMix100,0.9008620689655172,1.3783214106375004,False,0.0,0.1804912660008995
D5-leverage,0.3,59,D5-leverage_e30_r059,NoiseMix100,0.8525345622119815,1.3769916071524309,False,0.0,0.18632912800057966
D5-leverage,0.35,59,D5-leverage_e35_r059,NoiseMix100,0.5103092783505154,2.7326492256476773,True,0.0,0.15049192299920833
D6-uniform,0.25,59,D6-uniform_e25_r059,NoiseMix100,0.9282700421940928,0.16974133281985,False,0.27666666666666667,0.13612715599992953
D6-uniform,0.3,59,D6-uniform_e30_r059,NoiseMix100,0.9069767441860465,0.21175430052348898,False,0.37666666666666665,0.14954955900066125
D6-uniform,0.35,59,D6-uniform_e35_r059,NoiseMix100,0.9438775510204082,0.0639842984498555,False,0.5,0.1387192389993288
D7-p3,0.25,59,D7-p3_e25_r059,NoiseMix100,0.9288888888888889,0.18493700299145388,False,0.2633333333333333,0.14210828399882303
D7-p3,0.3,59,D7-p3_e30_r059,NoiseMix100,0.5416666666666666,10.507502998351102,True,0.3333333333333333,0.16282731299907027
D7-p3,0.35,59,D7-p3_e35_r059,NoiseMix100,0.5428571428571428,23.881811082394336,True,0.19666666666666666,0.1580000999983895
D8-K2par-sep,0.25,59,D8-K2par-sep_e25_r059,NoiseMix100,0.5412844036697247,20.948162114671,True,0.19666666666666666,0.15374854100082302
D8-K2par-sep,0.3,59,D8-K2par-sep_e30_r059,NoiseMix100,0.5104166666666666,19.488158912877406,True,0.2866666666666667,0.16159166599936725
D8-K2par-sep,0.35,59,D8-K2par-sep_e35_r059,NoiseMix100,0.5026737967914439,20.270535950587806,True,0.25666666666666665,0.1614627719991404
D1-K2cross,0.25,60,D1-K2cross_e25_r060,NoiseMix100,0.852017937219731,0.10804203528153065,False,0.26,0.1647570419991098
D1-K2cross,0.3,60,D1-K2cross_e30_r060,NoiseMix100,0.5879396984924623,19.151118087553222,True,0.24666666666666667,0.1626119030006521
D1-K2cross,0.35,60,D1-K2cross_e35_r060,NoiseMix100,0.5135135135135135,21.571327227498497,True,0.27,0.14930070499940484
D2-K3par,0.25,60,D2-K3par_e25_r060,NoiseMix100,0.38207547169811323,19.696072821742025,True,0.0,0.2039234399999259
D2-K3par,0.3,60,D2-K3par_e30_r060,NoiseMix100,0.3568075117370892,20.113607008563665,True,0.0,0.20444424099878233
D2-K3par,0.35,60,D2-K3par_e35_r060,NoiseMix100,0.3526315789473684,19.648476337557987,True,0.0,0.1927211409984011
D3-unequal,0.25,60,D3-unequal_e25_r060,NoiseMix100,0.8893805309734514,0.48938524284996304,False,0.25333333333333335,0.15952044000005117
D3-unequal,0.3,60,D3-unequal_e30_r060,NoiseMix100,0.6431924882629108,24.17481591212983,True,0.21,0.16577196800062666
D3-unequal,0.35,60,D3-unequal_e35_r060,NoiseMix100,0.6777777777777778,23.00181160254127,True,0.5033333333333333,0.2729965489997994
D4-hetero,0.25,60,D4-hetero_e25_r060,NoiseMix100,0.9030837004405287,0.035294452378123786,False,0.25333333333333335,0.20248517599975457
D4-hetero,0.3,60,D4-hetero_e30_r060,NoiseMix100,0.5069124423963134,24.33398891069764,True,0.15666666666666668,0.15188873700026306
D4-hetero,0.35,60,D4-hetero_e35_r060,NoiseMix100,0.51,23.705099099952438,True,0.25,0.1540308419989742
D5-leverage,0.25,60,D5-leverage_e25_r060,NoiseMix100,0.8652173913043478,1.4434607801384307,False,0.0,0.21425054400060617
D5-leverage,0.3,60,D5-leverage_e30_r060,NoiseMix100,0.8807339449541285,1.435959423742658,False,0.0,0.14937770100004855
D5-leverage,0.35,60,D5-leverage_e35_r060,NoiseMix100,0.885,1.452177948512808,False,0.0,0.16836298199996236
D6-uniform,0.25,60,D6-uniform_e25_r060,NoiseMix100,0.8898678414096917,0.07901815465548648,False,0.27666666666666667,0.14305732499997248
D6-uniform,0.3,60,D6-uniform_e30_r060,NoiseMix100,0.9141414141414141,0.10487979664490243,False,0.46,0.1517479540016211
D6-uniform,0.35,60,D6-uniform_e35_r060,NoiseMix100,0.8883495145631068,0.18900266168949117,False,0.41,0.15500193600018974
D7-p3,0.25,60,D7-p3_e25_r060,NoiseMix100,0.9162995594713657,0.14892022790488263,False,0.2633333333333333,0.15688726500047778
D7-p3,0.3,60,D7-p3_e30_r060,NoiseMix100,0.5324074074074074,23.883153640172655,True,0.20333333333333334,0.14582999400045082
D7-p3,0.35,60,D7-p3_e35_r060,NoiseMix100,0.5583756345177665,10.937950131404573,True,0.26666666666666666,0.16327794799872208
D8-K2par-sep,0.25,60,D8-K2par-sep_e25_r060,NoiseMix100,0.5138888888888888,18.28960873313326,True,0.19333333333333333,0.1649513959982869
D8-K2par-sep,0.3,60,D8-K2par-sep_e30_r060,NoiseMix100,0.5095238095238095,19.414900849928667,True,0.22666666666666666,0.17030614299983426
D8-K2par-sep,0.35,60,D8-K2par-sep_e35_r060,NoiseMix100,0.5053763440860215,18.47821402214481,True,0.23333333333333334,0.15754503599964664
D1-K2cross,0.25,61,D1-K2cross_e25_r061,NoiseMix100,0.5045454545454545,20.995096999767693,True,0.18,0.17002928700094344
D1-K2cross,0.3,61,D1-K2cross_e30_r061,NoiseMix100,0.5145631067961165,21.577379842516414,True,0.25,0.1553691440003604
D1-K2cross,0.35,61,D1-K2cross_e35_r061,NoiseMix100,0.5099009900990099,24.42448947836964,True,0.24666666666666667,0.16113662099996873
D2-K3par,0.25,61,D2-K3par_e25_r061,NoiseMix100,0.35344827586206895,20.1331658420928,True,0.0,0.2518829889995686
D2-K3par,0.3,61,D2-K3par_e30_r061,NoiseMix100,0.35545023696682465,19.807887589721076,True,0.0,0.20498307599882537
D2-K3par,0.35,61,D2-K3par_e35_r061,NoiseMix100,0.34759358288770054,19.444183740800046,True,0.0,0.2162239250010316
D3-unequal,0.25,61,D3-unequal_e25_r061,NoiseMix100,0.9017094017094017,0.30945862013589875,False,0.23333333333333334,0.15031410699884873
D3-unequal,0.3,61,D3-unequal_e30_r061,NoiseMix100,0.9398148148148148,0.053910432418721406,False,0.2833333333333333,0.1396156400005566
D3-unequal,0.35,61,D3-unequal_e35_r061,NoiseMix100,0.6565656565656566,22.14108059443074,True,0.41333333333333333,0.13205808299971977
D4-hetero,0.25,61,D4-hetero_e25_r061,NoiseMix100,0.9391304347826087,0.15572376975842459,False,0.25333333333333335,0.13544389699927706
D4-hetero,0.3,61,D4-hetero_e30_r061,NoiseMix100,0.5024154589371981,24.81173639578163,True,0.20333333333333334,0.14957225899888726
D4-hetero,0.35,61,D4-hetero_e35_r061,NoiseMix100,0.9420289855072463,0.0908696301730767,False,0.3233333333333333,0.15083778299958794
D5-leverage,0.25,61,D5-leverage_e25_r061,NoiseMix100,0.5227272727272727,2.487274138175897,True,0.0033333333333333335,0.16208928099877085
D5-leverage,0.3,61,D5-leverage_e30_r061,NoiseMix100,0.5116279069767442,2.7589556781816547,True,0.0,0.16311270999904082
D5-leverage,0.35,61,D5-leverage_e35_r061,NoiseMix100,0.5440414507772021,2.950082906504983,True,0.0,0.14742562199899112
D6-uniform,0.25,61,D6-uniform_e25_r061,NoiseMix100,0.8954545454545455,0.16875993526218833,False,0.38666666666666666,0.13917835100073717
D6-uniform,0.3,61,D6-uniform_e30_r061,NoiseMix100,0.8476190476190476,0.2100524563985551,False,0.3933333333333333,0.1420400429997244
D6-uniform,0.35,61,D6-uniform_e35_r061,NoiseMix100,0.9104477611940298,0.8988035998989339,False,0.35,0.17086540600030276
D7-p3,0.25,61,D7-p3_e25_r061,NoiseMix100,0.9039301310043668,0.16549375041136205,False,0.24,0.15700754699901154
D7-p3,0.3,61,D7-p3_e30_r061,NoiseMix100,0.8703703703703703,0.17291583450075468,False,0.3,0.14754766500118421
D7-p3,0.35,61,D7-p3_e35_r061,NoiseMix100,0.5026178010471204,15.428173710250569,True,0.31333333333333335,0.1523813149997295
D8-K2par-sep,0.25,61,D8-K2par-sep_e25_r061,NoiseMix100,0.5129310344827587,19.159086323382954,True,0.19,0.14565028299875848
D8-K2par-sep,0.3,61,D8-K2par-sep_e30_r061,NoiseMix100,0.5324074074074074,18.285715125288927,True,0.20333333333333334,0.14352450700062036
D8-K2par-sep,0.35,61,D8-K2par-sep_e35_r061,NoiseMix100,0.5238095238095238,20.93273483646498,True,0.23333333333333334,0.1406378820011014
D1-K2cross,0.25,62,D1-K2cross_e25_r062,NoiseMix100,0.9141630901287554,0.266249514929564,False,0.22333333333333333,0.16645555600007356
D1-K2cross,0.3,62,D1-K2cross_e30_r062,NoiseMix100,0.5118483412322274,24.629119817364,True,0.2,0.15117048599859118
D1-K2cross,0.35,62,D1-K2cross_e35_r062,NoiseMix100,0.5463917525773195,21.589662553613536,True,0.27,0.1447694029993727
D2-K3par,0.25,62,D2-K3par_e25_r062,NoiseMix100,0.3625,19.385619914987966,True,0.0,0.17722734500057413
D2-K3par,0.3,62,D2-K3par_e30_r062,NoiseMix100,0.3886255924170616,19.202491765113326,True,0.0,0.18738656399909814
D2-K3par,0.35,62,D2-K3par_e35_r062,NoiseMix100,0.35789473684210527,20.134525082715577,True,0.0,0.18657997000082105
D3-unequal,0.25,62,D3-unequal_e25_r062,NoiseMix100,0.8883720930232558,0.10664900580400397,False,0.29,0.1405771059999097
D3-unequal,0.3,62,D3-unequal_e30_r062,NoiseMix100,0.7342995169082126,21.36531216265823,False,0.35,0.12961803399957716
D3-unequal,0.35,62,D3-unequal_e35_r062,NoiseMix100,0.7301587301587301,19.375106482816577,False,0.43333333333333335,0.13783785799932957
D4-hetero,0.25,62,D4-hetero_e25_r062,NoiseMix100,0.9305555555555556,0.14824203551753729,False,0.2966666666666667,0.13939769999888085
D4-hetero,0.3,62,D4-hetero_e30_r062,NoiseMix100,0.5046728971962616,24.5159819838335,True,0.16333333333333333,0.1524598590003734
D4-hetero,0.35,62,D4-hetero_e35_r062,NoiseMix100,0.5664739884393064,24.08177040529886,True,0.2966666666666667,0.14858643899970048
D5-leverage,0.25,62,D5-leverage_e25_r062,NoiseMix100,0.5,2.6996938542329576,True,0.006666666666666667,0.17272003699872585
D5-leverage,0.3,62,D5-leverage_e30_r062,NoiseMix100,0.8647342995169082,1.414278878176079,False,0.0,0.2228340820001904
D5-leverage,0.35,62,D5-leverage_e35_r062,NoiseMix100,0.5979899497487438,2.169576325662595,True,0.0,0.15811670600123762
D6-uniform,0.25,62,D6-uniform_e25_r062,NoiseMix100,0.9120370370370371,0.13073697081731375,False,0.3566666666666667,0.1403902450001624
D6-uniform,0.3,62,D6-uniform_e30_r062,NoiseMix100,0.9069767441860465,0.13192617653868033,False,0.41,0.14068461900023976
D6-uniform,0.35,62,D6-uniform_e35_r062,NoiseMix100,0.9230769230769231,0.11430442833413679,False,0.49666666666666665,0.15017676800016488
D7-p3,0.25,62,D7-p3_e25_r062,NoiseMix100,0.9170305676855895,0.14463010491375686,False,0.23666666666666666,0.15043965100085188
D7-p3,0.3,62,D7-p3_e30_r062,NoiseMix100,0.5186915887850467,17.950037318099348,True,0.2,0.1789253099996131
D7-p3,0.35,62,D7-p3_e35_r062,NoiseMix100,0.532258064516129,10.399847501430676,True,0.35,0.1728967270009889
D8-K2par-sep,0.25,62,D8-K2par-sep_e25_r062,NoiseMix100,0.5694444444444444,20.14447351756152,True,0.21666666666666667,0.13819021100061946
D8-K2par-sep,0.3,62,D8-K2par-sep_e30_r062,NoiseMix100,0.5047619047619047,19.29213352330424,True,0.18333333333333332,0.12922489100128587
D8-K2par-sep,0.35,62,D8-K2par-sep_e35_r062,NoiseMix100,0.5520833333333334,18.572195307829546,True,0.23666666666666666,0.14533764499901736
D1-K2cross,0.25,63,D1-K2cross_e25_r063,NoiseMix100,0.9181818181818182,0.2153552494095847,False,0.27,0.14666122999915387
D1-K2cross,0.3,63,D1-K2cross_e30_r063,NoiseMix100,0.5048076923076923,22.642911845056705,True,0.23,0.1491449540008034
D1-K2cross,0.35,63,D1-K2cross_e35_r063,NoiseMix100,0.5076923076923077,20.384888244208184,True,0.23666666666666666,0.13499987600152963
D2-K3par,0.25,63,D2-K3par_e25_r063,NoiseMix100,0.3515981735159817,21.194620805422876,True,0.0,0.18718417800118914
D2-K3par,0.3,63,D2-K3par_e30_r063,NoiseMix100,0.3459715639810427,21.492782730720208,True,0.0033333333333333335,0.20906287300022086
D2-K3par,0.35,63,D2-K3par_e35_r063,NoiseMix100,0.38613861386138615,20.834688798072612,True,0.0,0.1942351289999351
D3-unequal,0.25,63,D3-unequal_e25_r063,NoiseMix100,0.9344978165938864,0.24069344042902693,False,0.24,0.15296881100039172
D3-unequal,0.3,63,D3-unequal_e30_r063,NoiseMix100,0.7442922374429224,22.269946791946456,False,0.29,0.15393632300038007
D3-unequal,0.35,63,D3-unequal_e35_r063,NoiseMix100,0.7435897435897436,18.516354597902023,False,0.42,0.15447838999898522
D4-hetero,0.25,63,D4-hetero_e25_r063,NoiseMix100,0.9026548672566371,0.19561947664937174,False,0.24666666666666667,0.14856076199976087
D4-hetero,0.3,63,D4-hetero_e30_r063,NoiseMix100,0.8930232558139535,0.1247117270821958,False,0.2966666666666667,0.1375792540002294
D4-hetero,0.35,63,D4-hetero_e35_r063,NoiseMix100,0.5492227979274611,21.581304775938083,True,0.24333333333333335,0.13222688300083973
D5-leverage,0.25,63,D5-leverage_e25_r063,NoiseMix100,0.5089285714285714,2.321400358778076,True,0.0,0.18689169299977948
D5-leverage,0.3,63,D5-leverage_e30_r063,NoiseMix100,0.5348837209302325,2.358334744613533,True,0.0,0.2052754680007638
D5-leverage,0.35,63,D5-leverage_e35_r063,NoiseMix100,0.5260416666666666,2.53876535414839,True,0.0,0.1751423639998393
D6-uniform,0.25,63,D6-uniform_e25_r063,NoiseMix100,0.905982905982906,0.06119521938328032,False,0.26,0.1639008689999173
D6-uniform,0.3,63,D6-uniform_e30_r063,NoiseMix100,0.8894472361809045,0.29467004119690193,False,0.44666666666666666,0.13727836399993976
D6-uniform,0.35,63,D6-uniform_e35_r063,NoiseMix100,0.9346733668341709,0.22051186734788988,False,0.5033333333333333,0.13233853100064152
D7-p3,0.25,63,D7-p3_e25_r063,NoiseMix100,0.515695067264574,23.272501733326884,True,0.12333333333333334,0.13954548699985025
D7-p3,0.3,63,D7-p3_e30_r063,NoiseMix100,0.5192307692307693,20.47667900911048,True,0.24333333333333335,0.15382671599945752
D7-p3,0.35,63,D7-p3_e35_r063,NoiseMix100,0.5081967213114754,11.096205287126562,True,0.32,0.16311108699846955
D8-K2par-sep,0.25,63,D8-K2par-sep_e25_r063,NoiseMix100,0.5175438596491229,20.758906015362463,True,0.14666666666666667,0.14444098000058148
D8-K2par-sep,0.3,63,D8-K2par-sep_e30_r063,NoiseMix100,0.5186915887850467,16.762450338544678,True,0.18666666666666668,0.14965227500033507
D8-K2par-sep,0.35,63,D8-K2par-sep_e35_r063,NoiseMix100,0.546875,19.764253145075436,True,0.21666666666666667,0.14231705599922861
D1-K2cross,0.25,64,D1-K2cross_e25_r064,NoiseMix100,0.9178082191780822,0.2313988601435509,False,0.27,0.14272849000008136
D1-K2cross,0.3,64,D1-K2cross_e30_r064,NoiseMix100,0.5603864734299517,24.177784365901807,True,0.17666666666666667,0.13975580300029833
D1-K2cross,0.35,64,D1-K2cross_e35_r064,NoiseMix100,0.5561497326203209,22.36677670555741,True,0.19,0.1405890610003553
D2-K3par,0.25,64,D2-K3par_e25_r064,NoiseMix100,0.37130801687763715,19.618762072695066,True,0.0,0.18041826599983324
D2-K3par,0.3,64,D2-K3par_e30_r064,NoiseMix100,0.3472222222222222,20.832842725680166,True,0.0,0.183468332999837
D2-K3par,0.35,64,D2-K3par_e35_r064,NoiseMix100,0.350253807106599,20.138178639254114,True,0.0,0.17311543299911136
D3-unequal,0.25,64,D3-unequal_e25_r064,NoiseMix100,0.9288888888888889,0.07642213261987604,False,0.25666666666666665,0.13428674900023907
D3-unequal,0.3,64,D3-unequal_e30_r064,NoiseMix100,0.6862745098039216,21.019742533486802,True,0.4166666666666667,0.14275111100141658
D3-unequal,0.35,64,D3-unequal_e35_r064,NoiseMix100,0.7106598984771574,24.343025546303878,False,0.3933333333333333,0.15043241700004728
D4-hetero,0.25,64,D4-hetero_e25_r064,NoiseMix100,0.8942731277533039,0.15609046547115818,False,0.25666666666666665,0.17200210000009974
D4-hetero,0.3,64,D4-hetero_e30_r064,NoiseMix100,0.5141509433962265,22.99654409245846,True,0.23333333333333334,0.1383057769999141
D4-hetero,0.35,64,D4-hetero_e35_r064,NoiseMix100,0.5373134328358209,20.996340341795044,True,0.22,0.13022200700106623
D5-leverage,0.25,64,D5-leverage_e25_r064,NoiseMix100,0.8472222222222222,1.3825978999148505,False,0.0,0.1710503720005363
D5-leverage,0.3,64,D5-leverage_e30_r064,NoiseMix100,0.8365384615384616,1.476199737687528,False,0.0,0.16262969700073882
D5-leverage,0.35,64,D5-leverage_e35_r064,NoiseMix100,0.5279187817258884,2.277218684681993,True,0.0,0.167325594000431
D6-uniform,0.25,64,D6-uniform_e25_r064,NoiseMix100,0.9409090909090909,0.08957066067508457,False,0.35333333333333333,0.15003135299957648
D6-uniform,0.3,64,D6-uniform_e30_r064,NoiseMix100,0.9064039408866995,0.19001159106958676,False,0.44333333333333336,0.1676235220002127
D6-uniform,0.35,64,D6-uniform_e35_r064,NoiseMix100,0.9414893617021277,0.08490405646933197,False,0.55,0.17883826500110445
D7-p3,0.25,64,D7-p3_e25_r064,NoiseMix100,0.9004524886877828,0.15852406686247886,False,0.27,0.15411765499993635
D7-p3,0.3,64,D7-p3_e30_r064,NoiseMix100,0.568075117370892,22.82947553712784,True,0.18333333333333332,0.15929219799909333
D7-p3,0.35,64,D7-p3_e35_r064,NoiseMix100,0.5024630541871922,25.477847537250693,True,0.3,0.15682287799972983
D8-K2par-sep,0.25,64,D8-K2par-sep_e25_r064,NoiseMix100,0.5084033613445378,20.132658733633974,True,0.13,0.1405236259997764
D8-K2par-sep,0.3,64,D8-K2par-sep_e30_r064,NoiseMix100,0.5141509433962265,20.38828040153525,True,0.14333333333333334,0.14775077500053158
D8-K2par-sep,0.35,64,D8-K2par-sep_e35_r064,NoiseMix100,0.5376344086021505,19.557056652520618,True,0.24333333333333335,0.1388322220009286
D1-K2cross,0.25,65,D1-K2cross_e25_r065,NoiseMix100,0.9170305676855895,0.24312408848336148,False,0.24,0.1407095249996928
D1-K2cross,0.3,65,D1-K2cross_e30_r065,NoiseMix100,0.5265700483091788,19.300410863309356,True,0.21333333333333335,0.1443867109992425
D1-K2cross,0.35,65,D1-K2cross_e35_r065,NoiseMix100,0.5029239766081871,21.002020936445742,True,0.27,0.1330580009998812
D2-K3par,0.25,65,D2-K3par_e25_r065,NoiseMix100,0.37272727272727274,19.840869345070313,True,0.0,0.17068530899996404
D2-K3par,0.3,65,D2-K3par_e30_r065,NoiseMix100,0.3480392156862745,18.949648696995574,True,0.0,0.1664439169999241
D2-K3par,0.35,65,D2-K3par_e35_r065,NoiseMix100,0.34101382488479265,20.14389580499168,True,0.0,0.17483053900105006
D3-unequal,0.25,65,D3-unequal_e25_r065,NoiseMix100,0.9118942731277533,0.07284326036359312,False,0.25,0.12919814599990787
D3-unequal,0.3,65,D3-unequal_e30_r065,NoiseMix100,0.745,20.831435194068764,False,0.35333333333333333,0.13928680900062318
D3-unequal,0.35,65,D3-unequal_e35_r065,NoiseMix100,0.6608187134502924,21.587693098961733,True,0.4666666666666667,0.1460810370008403
D4-hetero,0.25,65,D4-hetero_e25_r065,NoiseMix100,0.9227272727272727,0.11964423782155392,False,0.2833333333333333,0.13792297399959352
D4-hetero,0.3,65,D4-hetero_e30_r065,NoiseMix100,0.5219512195121951,21.680348355383348,True,0.25333333333333335,0.13390869600152655
D4-hetero,0.35,65,D4-hetero_e35_r065,NoiseMix100,0.5147058823529411,21.529241326409977,True,0.21666666666666667,0.13826718800009985
D5-leverage,0.25,65,D5-leverage_e25_r065,NoiseMix100,0.8766519823788547,1.4311621284088198,False,0.0,0.16199639900150942
D5-leverage,0.3,65,D5-leverage_e30_r065,NoiseMix100,0.8394495412844036,1.4335392578639996,False,0.0,0.15170659400064324
D5-leverage,0.35,65,D5-leverage_e35_r065,NoiseMix100,0.8883248730964467,1.36733242249672,False,0.0,0.1565100120005809
D6-uniform,0.25,65,D6-uniform_e25_r065,NoiseMix100,0.9166666666666666,0.07632127576402462,False,0.39,0.15061211600004754
D6-uniform,0.3,65,D6-uniform_e30_r065,NoiseMix100,0.9077669902912622,0.20403937918000142,False,0.4033333333333333,0.1458628390009835
D6-uniform,0.35,65,D6-uniform_e35_r065,NoiseMix100,0.915,0.16531756729929992,False,0.43333333333333335,0.1395045579993166
D7-p3,0.25,65,D7-p3_e25_r065,NoiseMix100,0.905829596412556,0.10499534678709037,False,0.26666666666666666,0.14749172499978158
D7-p3,0.3,65,D7-p3_e30_r065,NoiseMix100,0.5142857142857142,23.0071564838619,True,0.13,0.1388599880010588
D7-p3,0.35,65,D7-p3_e35_r065,NoiseMix100,0.5124378109452736,42.695831367896524,True,0.30333333333333334,0.15150484299920208
D8-K2par-sep,0.25,65,D8-K2par-sep_e25_r065,NoiseMix100,0.5579399141630901,19.997116602033397,True,0.14666666666666667,0.12827736700091918
D8-K2par-sep,0.3,65,D8-K2par-sep_e30_r065,NoiseMix100,0.5092592592592593,18.55535426804324,True,0.20666666666666667,0.1289008690000628
D8-K2par-sep,0.35,65,D8-K2par-sep_e35_r065,NoiseMix100,0.5198019801980198,20.416987813870943,True,0.22333333333333333,0.1413132260004204
D1-K2cross,0.25,66,D1-K2cross_e25_r066,NoiseMix100,0.8847736625514403,0.06848062982671818,False,0.2,0.1379275780000171
D1-K2cross,0.3,66,D1-K2cross_e30_r066,NoiseMix100,0.8878504672897196,0.16301058264512394,False,0.2866666666666667,0.13084035300016694
D1-K2cross,0.35,66,D1-K2cross_e35_r066,NoiseMix100,0.5148514851485149,23.79094975746788,True,0.25333333333333335,0.1450273210011801
D2-K3par,0.25,66,D2-K3par_e25_r066,NoiseMix100,0.35344827586206895,20.694809464875327,True,0.0,0.1740780910004105
D2-K3par,0.3,66,D2-K3par_e30_r066,NoiseMix100,0.35348837209302325,19.903559302637778,True,0.0,0.18508830499922624
D2-K3par,0.35,66,D2-K3par_e35_r066,NoiseMix100,0.34972677595628415,19.659547688385032,True,0.0,0.21468659799938905
D3-unequal,0.25,66,D3-unequal_e25_r066,NoiseMix100,0.902127659574468,0.1437377233178876,False,0.22333333333333333,0.1466179369999736
D3-unequal,0.3,66,D3-unequal_e30_r066,NoiseMix100,0.9279279279279279,0.09489255639949883,False,0.26666666666666666,0.14375308200033032
D3-unequal,0.35,66,D3-unequal_e35_r066,NoiseMix100,0.7474226804123711,22.645343543839633,False,0.4166666666666667,0.18455649000134144
D4-hetero,0.25,66,D4-hetero_e25_r066,NoiseMix100,0.8859649122807017,0.07289641022458349,False,0.24,0.15585819499938225
D4-hetero,0.3,66,D4-hetero_e30_r066,NoiseMix100,0.5049019607843137,23.24626970085074,True,0.24,0.1518941360009194
D4-hetero,0.35,66,D4-hetero_e35_r066,NoiseMix100,0.5522388059701493,22.367064614338272,True,0.15666666666666668,0.15831966899895633
D5-leverage,0.25,66,D5-leverage_e25_r066,NoiseMix100,0.9008620689655172,1.3775503321450022,False,0.0,0.1887958159986738
D5-leverage,0.3,66,D5-leverage_e30_r066,NoiseMix100,0.5687203791469194,2.802203855418604,True,0.0,0.22467162899920368
D5-leverage,0.35,66,D5-leverage_e35_r066,NoiseMix100,0.5577889447236181,2.2263435652942714,True,0.0,0.13932764200035308
D6-uniform,0.25,66,D6-uniform_e25_r066,NoiseMix100,0.8977777777777778,0.04439658358460421,False,0.2966666666666667,0.13693399600015255
D6-uniform,0.3,66,D6-uniform_e30_r066,NoiseMix100,0.9038461538461539,0.15791296913511496,False,0.38666666666666666,0.13856413599933148
D6-uniform,0.35,66,D6-uniform_e35_r066,NoiseMix100,0.8871794871794871,1.0540232962717775,False,0.29,0.18589149900071789
D7-p3,0.25,66,D7-p3_e25_r066,NoiseMix100,0.543778801843318,19.7745806252579,True,0.23,0.14884635300040827
D7-p3,0.3,66,D7-p3_e30_r066,NoiseMix100,0.5674418604651162,22.05513115971468,True,0.2833333333333333,0.14996677199997066
D7-p3,0.35,66,D7-p3_e35_r066,NoiseMix100,0.533678756476684,21.428222195863604,True,0.23,0.13956672699896444
D8-K2par-sep,0.25,66,D8-K2par-sep_e25_r066,NoiseMix100,0.5294117647058824,16.37571262197726,True,0.19666666666666666,0.14398591600001964
D8-K2par-sep,0.3,66,D8-K2par-sep_e30_r066,NoiseMix100,0.5373134328358209,20.322712076730713,True,0.24333333333333335,0.13056195600074716
D8-K2par-sep,0.35,66,D8-K2par-sep_e35_r066,NoiseMix100,0.554945054945055,20.223852802712074,True,0.29333333333333333,0.13722671599862224
D1-K2cross,0.25,67,D1-K2cross_e25_r067,NoiseMix100,0.911504424778761,0.15483313898096496,False,0.25333333333333335,0.137183406000986
D1-K2cross,0.3,67,D1-K2cross_e30_r067,NoiseMix100,0.5235849056603774,21.708109653968037,True,0.21666666666666667,0.12723642399942037
D1-K2cross,0.35,67,D1-K2cross_e35_r067,NoiseMix100,0.5572139303482587,22.78252226617489,True,0.24666666666666667,0.1254023359997518
D2-K3par,0.25,67,D2-K3par_e25_r067,NoiseMix100,0.3392857142857143,20.564054882206314,True,0.0,0.168151844998647
D2-K3par,0.3,67,D2-K3par_e30_r067,NoiseMix100,0.33796296296296297,19.33640852240658,True,0.0,0.17627460900075675
D2-K3par,0.35,67,D2-K3par_e35_r067,NoiseMix100,0.3622448979591837,20.163509331155556,True,0.0,0.17681360399910773
D3-unequal,0.25,67,D3-unequal_e25_r067,NoiseMix100,0.9466666666666667,0.10358811558439851,False,0.25333333333333335,0.1493810570009373
D3-unequal,0.3,67,D3-unequal_e30_r067,NoiseMix100,0.8990384615384616,0.10193894626074251,False,0.32666666666666666,0.15311489000123402
D3-unequal,0.35,67,D3-unequal_e35_r067,NoiseMix100,0.6597938144329897,24.106608040495686,True,0.4166666666666667,0.13973807399997895
D4-hetero,0.25,67,D4-hetero_e25_r067,NoiseMix100,0.9184549356223176,0.18341631707382455,False,0.23,0.13979557600032422
D4-hetero,0.3,67,D4-hetero_e30_r067,NoiseMix100,0.5073891625615764,23.687573254451934,True,0.23666666666666666,0.134667502999946
D4-hetero,0.35,67,D4-hetero_e35_r067,NoiseMix100,0.5079365079365079,21.915594176988,True,0.2833333333333333,0.13441958099974727
D5-leverage,0.25,67,D5-leverage_e25_r067,NoiseMix100,0.8761061946902655,1.459047894392542,False,0.0,0.16126565499871504
D5-leverage,0.3,67,D5-leverage_e30_r067,NoiseMix100,0.863013698630137,1.3792077291114526,False,0.0,0.17628887800128723
D5-leverage,0.35,67,D5-leverage_e35_r067,NoiseMix100,0.526829268292683,2.266125274349366,True,0.0,0.16119716100001824
D6-uniform,0.25,67,D6-uniform_e25_r067,NoiseMix100,0.8765957446808511,0.09605802633818228,False,0.27666666666666667,0.1478830329997436
D6-uniform,0.3,67,D6-uniform_e30_r067,NoiseMix100,0.8985507246376812,0.0935102052471311,False,0.44666666666666666,0.15986923899981775
D6-uniform,0.35,67,D6-uniform_e35_r067,NoiseMix100,0.9303482587064676,0.09830682715603717,False,0.4666666666666667,0.14475059599863016
D7-p3,0.25,67,D7-p3_e25_r067,NoiseMix100,0.9147982062780269,0.12815785932868695,False,0.26666666666666666,0.1361190709994844
D7-p3,0.3,67,D7-p3_e30_r067,NoiseMix100,0.9223744292237442,0.10471243265090914,False,0.27666666666666667,0.1474555419990793
D7-p3,0.35,67,D7-p3_e35_r067,NoiseMix100,0.545,22.439514679677554,True,0.25333333333333335,0.16156734800097183
D8-K2par-sep,0.25,67,D8-K2par-sep_e25_r067,NoiseMix100,0.5042372881355932,22.287233131047767,True,0.18,0.158803763000833
D8-K2par-sep,0.3,67,D8-K2par-sep_e30_r067,NoiseMix100,0.5416666666666666,18.056306271561322,True,0.18666666666666668,0.186789317000148
D8-K2par-sep,0.35,67,D8-K2par-sep_e35_r067,NoiseMix100,0.5276381909547738,19.75325075075125,True,0.22,0.16027340500113496
D1-K2cross,0.25,68,D1-K2cross_e25_r068,NoiseMix100,0.9295154185022027,0.13916054179696472,False,0.25666666666666665,0.15934203299912042
D1-K2cross,0.3,68,D1-K2cross_e30_r068,NoiseMix100,0.5294117647058824,21.171086826207556,True,0.20666666666666667,0.16044311499899777
D1-K2cross,0.35,68,D1-K2cross_e35_r068,NoiseMix100,0.5128205128205128,22.60088057455725,True,0.21666666666666667,0.1495349869983329
D2-K3par,0.25,68,D2-K3par_e25_r068,NoiseMix100,0.35454545454545455,20.25114984300637,True,0.0,0.20764127099937468
D2-K3par,0.3,68,D2-K3par_e30_r068,NoiseMix100,0.38636363636363635,21.25456104958603,True,0.0,0.18926356900010433
D2-K3par,0.35,68,D2-K3par_e35_r068,NoiseMix100,0.3617021276595745,20.32823268505103,True,0.0,0.1917994479990739
D3-unequal,0.25,68,D3-unequal_e25_r068,NoiseMix100,0.9209302325581395,0.13419080434730746,False,0.3,0.15058871499968518
D3-unequal,0.3,68,D3-unequal_e30_r068,NoiseMix100,0.9049773755656109,0.2374646214911661,False,0.27,0.15560999899935268
D3-unequal,0.35,68,D3-unequal_e35_r068,NoiseMix100,0.68,22.00651027044581,True,0.4,0.1371153210002376
D4-hetero,0.25,68,D4-hetero_e25_r068,NoiseMix100,0.9321266968325792,0.21320556231455193,False,0.26666666666666666,0.14360607900016475
D4-hetero,0.3,68,D4-hetero_e30_r068,NoiseMix100,0.5343137254901961,23.263073619383825,True,0.18,0.14211436199911986
D4-hetero,0.35,68,D4-hetero_e35_r068,NoiseMix100,0.554945054945055,23.21820762725479,True,0.29333333333333333,0.141324505000739
D5-leverage,0.25,68,D5-leverage_e25_r068,NoiseMix100,0.8739495798319328,1.4651388902736733,False,0.0,0.16797647299972596
D5-leverage,0.3,68,D5-leverage_e30_r068,NoiseMix100,0.8761467889908257,1.4091994545839808,False,0.0,0.17976119900049525
D5-leverage,0.35,68,D5-leverage_e35_r068,NoiseMix100,0.8398058252427184,1.4162284274158943,False,0.0,0.1548047359992779
D6-uniform,0.25,68,D6-uniform_e25_r068,NoiseMix100,0.8672566371681416,0.08314366220658723,False,0.3333333333333333,0.16691525599890156
D6-uniform,0.3,68,D6-uniform_e30_r068,NoiseMix100,0.919431279620853,0.2045138309495937,False,0.43,0.14790884600006393
D6-uniform,0.35,68,D6-uniform_e35_r068,NoiseMix100,0.8923076923076924,0.21064751068764517,False,0.45666666666666667,0.1523308409996389
D7-p3,0.25,68,D7-p3_e25_r068,NoiseMix100,0.5305164319248826,23.472388487887272,True,0.2,0.14988757699939015
D7-p3,0.3,68,D7-p3_e30_r068,NoiseMix100,0.5244444444444445,23.70923951572866,True,0.14,0.1248137830007181
D7-p3,0.35,68,D7-p3_e35_r068,NoiseMix100,0.5076923076923077,9.249287011099735,True,0.26666666666666666,0.13074832900019828
D8-K2par-sep,0.25,68,D8-K2par-sep_e25_r068,NoiseMix100,0.5296803652968036,19.559032139564856,True,0.20666666666666667,0.13709073799873295
D8-K2par-sep,0.3,68,D8-K2par-sep_e30_r068,NoiseMix100,0.5454545454545454,19.400844293955466,True,0.20666666666666667,0.12216929299938784
D8-K2par-sep,0.35,68,D8-K2par-sep_e35_r068,NoiseMix100,0.5252525252525253,19.436064136181173,True,0.22,0.1237177539987897
D1-K2cross,0.25,69,D1-K2cross_e25_r069,NoiseMix100,0.8940677966101694,0.14058293370181935,False,0.21666666666666667,0.12333647800005565
D1-K2cross,0.3,69,D1-K2cross_e30_r069,NoiseMix100,0.8975609756097561,0.1323801567220884,False,0.32,0.12203190400032327
D1-K2cross,0.35,69,D1-K2cross_e35_r069,NoiseMix100,0.5454545454545454,22.72904382992803,True,0.2733333333333333,0.12651662499956728
D2-K3par,0.25,69,D2-K3par_e25_r069,NoiseMix100,0.3512396694214876,20.410195269532057,True,0.0,0.1789922560001287
D2-K3par,0.3,69,D2-K3par_e30_r069,NoiseMix100,0.3465346534653465,20.073144080030442,True,0.0,0.1784636539996427
D2-K3par,0.35,69,D2-K3par_e35_r069,NoiseMix100,0.3825136612021858,18.715112957444724,True,0.0,0.18598584500068682
D3-unequal,0.25,69,D3-unequal_e25_r069,NoiseMix100,0.9051724137931034,0.045958809303354574,False,0.22666666666666666,0.14120195299983607
D3-unequal,0.3,69,D3-unequal_e30_r069,NoiseMix100,0.8773584905660378,0.18672116448805068,False,0.3,0.14136329899884004
D3-unequal,0.35,69,D3-unequal_e35_r069,NoiseMix100,0.6379310344827587,22.064622840632985,True,0.2733333333333333,0.1298450199992658
D4-hetero,0.25,69,D4-hetero_e25_r069,NoiseMix100,0.5318181818181819,21.35859299617942,True,0.16333333333333333,0.12459748500077694
D4-hetero,0.3,69,D4-hetero_e30_r069,NoiseMix100,0.9054054054054054,0.10659300165090026,False,0.2633333333333333,0.13017139900148322
D4-hetero,0.35,69,D4-hetero_e35_r069,NoiseMix100,0.5219512195121951,22.72532066323484,True,0.19666666666666666,0.14401423100025568
D5-leverage,0.25,69,D5-leverage_e25_r069,NoiseMix100,0.8425531914893617,1.346703597673831,False,0.0,0.16491193599904364
D5-leverage,0.3,69,D5-leverage_e30_r069,NoiseMix100,0.5377358490566038,2.3957075287225407,True,0.0,0.146178888000577
D5-leverage,0.35,69,D5-leverage_e35_r069,NoiseMix100,0.507537688442211,2.295855167897701,True,0.0,0.17920084500110534
D6-uniform,0.25,69,D6-uniform_e25_r069,NoiseMix100,0.9424778761061947,0.1814125888981949,False,0.32666666666666666,0.12388400999952864
D6-uniform,0.3,69,D6-uniform_e30_r069,NoiseMix100,0.900497512437811,0.24739530802917167,False,0.4633333333333333,0.1271154200003366
D6-uniform,0.35,69,D6-uniform_e35_r069,NoiseMix100,0.9054726368159204,0.17787350534433827,False,0.48,0.13032549799936533
D7-p3,0.25,69,D7-p3_e25_r069,NoiseMix100,0.5336322869955157,24.946110461407525,True,0.18,0.1391523230013263
D7-p3,0.3,69,D7-p3_e30_r069,NoiseMix100,0.612565445026178,11.974336473693624,True,0.30666666666666664,0.1391468870006065
D7-p3,0.35,69,D7-p3_e35_r069,NoiseMix100,0.5167464114832536,20.14057388876824,True,0.21666666666666667,0.14155427399964537
D8-K2par-sep,0.25,69,D8-K2par-sep_e25_r069,NoiseMix100,0.5387931034482759,21.86850342966349,True,0.14333333333333334,0.1309876039995288
D8-K2par-sep,0.3,69,D8-K2par-sep_e30_r069,NoiseMix100,0.5094339622641509,17.26953029673085,True,0.22,0.13688110499970207
D8-K2par-sep,0.35,69,D8-K2par-sep_e35_r069,NoiseMix100,0.5357142857142857,22.359332803142205,True,0.27666666666666667,0.13843082899984438
D1-K2cross,0.25,70,D1-K2cross_e25_r070,NoiseMix100,0.908695652173913,0.11271642545255835,False,0.24666666666666667,0.12203439299992169
D1-K2cross,0.3,70,D1-K2cross_e30_r070,NoiseMix100,0.5120772946859904,20.515398135033774,True,0.20666666666666667,0.13056858500021917
D1-K2cross,0.35,70,D1-K2cross_e35_r070,NoiseMix100,0.5473684210526316,21.15786629235849,True,0.25333333333333335,0.14824238700020942
D2-K3par,0.25,70,D2-K3par_e25_r070,NoiseMix100,0.35944700460829493,19.417864171222977,True,0.0,0.17713885199918877
D2-K3par,0.3,70,D2-K3par_e30_r070,NoiseMix100,0.3619047619047619,19.908947535914553,True,0.0,0.17510052800025733
D2-K3par,0.35,70,D2-K3par_e35_r070,NoiseMix100,0.3605769230769231,19.82332497272929,True,0.0,0.17700662200149964
D3-unequal,0.25,70,D3-unequal_e25_r070,NoiseMix100,0.9103139013452914,0.17904419127140792,False,0.25666666666666665,0.13067851999949198
D3-unequal,0.3,70,D3-unequal_e30_r070,NoiseMix100,0.7177033492822966,24.085401686870707,False,0.39666666666666667,0.13989394900090701
D3-unequal,0.35,70,D3-unequal_e35_r070,NoiseMix100,0.6584158415841584,23.537183715611462,True,0.26666666666666666,0.14385850100006792
D4-hetero,0.25,70,D4-hetero_e25_r070,NoiseMix100,0.8787878787878788,0.13385430136753695,False,0.23333333333333334,0.1399925389996497
D4-hetero,0.3,70,D4-hetero_e30_r070,NoiseMix100,0.9241706161137441,0.12050430185931688,False,0.3233333333333333,0.14153798799998185
D4-hetero,0.35,70,D4-hetero_e35_r070,NoiseMix100,0.5268817204301075,22.65161313836926,True,0.3,0.1373206919997756
D5-leverage,0.25,70,D5-leverage_e25_r070,NoiseMix100,0.5116279069767442,2.3529609496577204,True,0.0,0.15999411700067867
D5-leverage,0.3,70,D5-leverage_e30_r070,NoiseMix100,0.8446601941747572,1.5186713167510886,False,0.0,0.14089919500111137
D5-leverage,0.35,70,D5-leverage_e35_r070,NoiseMix100,0.5072463768115942,2.206769964811189,True,0.0,0.17383485599930282
D6-uniform,0.25,70,D6-uniform_e25_r070,NoiseMix100,0.8858447488584474,0.14491814529563704,False,0.3433333333333333,0.16723662599906675
D6-uniform,0.3,70,D6-uniform_e30_r070,NoiseMix100,0.909952606635071,0.05868026967636845,False,0.4066666666666667,0.14324655800010078
D6-uniform,0.35,70,D6-uniform_e35_r070,NoiseMix100,0.5027932960893855,7.952894500443998,True,0.22666666666666666,0.15998011600095197
D7-p3,0.25,70,D7-p3_e25_r070,NoiseMix100,0.9162995594713657,0.11282023493277271,False,0.25666666666666665,0.1386031739984901
D7-p3,0.3,70,D7-p3_e30_r070,NoiseMix100,0.5092592592592593,18.7255212030005,True,0.25,0.1420507639995776
D7-p3,0.35,70,D7-p3_e35_r070,NoiseMix100,0.5519125683060109,22.419720340888755,True,0.25333333333333335,0.13409157199930632
D8-K2par-sep,0.25,70,D8-K2par-sep_e25_r070,NoiseMix100,0.5087719298245614,19.65994213968041,True,0.17333333333333334,0.12991315399995074
D8-K2par-sep,0.3,70,D8-K2par-sep_e30_r070,NoiseMix100,0.5023923444976076,17.96356263482368,True,0.22666666666666666,0.14726182800040988
D8-K2par-sep,0.35,70,D8-K2par-sep_e35_r070,NoiseMix100,0.5333333333333333,9.754312919016426,True,0.37,0.15880121200098074
D1-K2cross,0.25,71,D1-K2cross_e25_r071,NoiseMix100,0.9018691588785047,0.11449048542871247,False,0.2966666666666667,0.129750165000587
D1-K2cross,0.3,71,D1-K2cross_e30_r071,NoiseMix100,0.5458937198067633,24.225368612929156,True,0.22333333333333333,0.13737063799999305
D1-K2cross,0.35,71,D1-K2cross_e35_r071,NoiseMix100,0.5055555555555555,23.732916737225846,True,0.28,0.13065154100149812
D2-K3par,0.25,71,D2-K3par_e25_r071,NoiseMix100,0.34893617021276596,19.275937057945367,True,0.0,0.17407507500138308
D2-K3par,0.3,71,D2-K3par_e30_r071,NoiseMix100,0.3492822966507177,23.899222218808458,True,0.07333333333333333,0.16799984099998255
D2-K3par,0.35,71,D2-K3par_e35_r071,NoiseMix100,0.3769633507853403,20.398431939635184,True,0.0,0.22373135399902822
D3-unequal,0.25,71,D3-unequal_e25_r071,NoiseMix100,0.9279661016949152,0.11941503667420417,False,0.22,0.12836402900029498
D3-unequal,0.3,71,D3-unequal_e30_r071,NoiseMix100,0.7346938775510204,20.860135307240853,False,0.34,0.13010579799993138
D3-unequal,0.35,71,D3-unequal_e35_r071,NoiseMix100,0.6578947368421053,21.254818316739755,True,0.38333333333333336,0.13022302000172203
D4-hetero,0.25,71,D4-hetero_e25_r071,NoiseMix100,0.9054054054054054,0.27719590412261935,False,0.27,0.12739735200011637
D4-hetero,0.3,71,D4-hetero_e30_r071,NoiseMix100,0.5265700483091788,20.81596868879156,True,0.24666666666666667,0.12841415799994138
D4-hetero,0.35,71,D4-hetero_e35_r071,NoiseMix100,0.520618556701031,21.843911295135733,True,0.27666666666666667,0.13809267800024827
D5-leverage,0.25,71,D5-leverage_e25_r071,NoiseMix100,0.5092592592592593,2.280883152251027,True,0.0,0.15512884199961263
D5-leverage,0.3,71,D5-leverage_e30_r071,NoiseMix100,0.895,1.4331838896395261,False,0.0,0.18653796699982195
D5-leverage,0.35,71,D5-leverage_e35_r071,NoiseMix100,0.5,2.723805011494095,True,0.0,0.14119885799846088
D6-uniform,0.25,71,D6-uniform_e25_r071,NoiseMix100,0.9055793991416309,0.15847195172314066,False,0.27,0.13368545100092888
D6-uniform,0.3,71,D6-uniform_e30_r071,NoiseMix100,0.9174757281553398,0.220120017816338,False,0.48,0.1366780899988953
D6-uniform,0.35,71,D6-uniform_e35_r071,NoiseMix100,0.8916256157635468,0.3207483493416236,False,0.47333333333333333,0.1478323659994203
D7-p3,0.25,71,D7-p3_e25_r071,NoiseMix100,0.5283842794759825,20.416596585658215,True,0.11333333333333333,0.14451085600012448
D7-p3,0.3,71,D7-p3_e30_r071,NoiseMix100,0.5641025641025641,15.757448649575778,True,0.31,0.14879959100107953
D7-p3,0.35,71,D7-p3_e35_r071,NoiseMix100,0.5344827586206896,10.918512859403364,True,0.39666666666666667,0.15609964399845921
D8-K2par-sep,0.25,71,D8-K2par-sep_e25_r071,NoiseMix100,0.5377777777777778,19.13214490489963,True,0.20333333333333334,0.14621731999977783
D8-K2par-sep,0.3,71,D8-K2par-sep_e30_r071,NoiseMix100,0.5432692307692307,19.206457537937453,True,0.23333333333333334,0.149330774000191
D8-K2par-sep,0.35,71,D8-K2par-sep_e35_r071,NoiseMix100,0.5163043478260869,19.386143422854474,True,0.26666666666666666,0.1485863440011599
D1-K2cross,0.25,72,D1-K2cross_e25_r072,NoiseMix100,0.9322033898305084,0.0969461346912013,False,0.21666666666666667,0.14335552900047333
D1-K2cross,0.3,72,D1-K2cross_e30_r072,NoiseMix100,0.5277777777777778,23.4666467916028,True,0.17666666666666667,0.14406095300000743
D1-K2cross,0.35,72,D1-K2cross_e35_r072,NoiseMix100,0.5051546391752577,22.70502072475046,True,0.26666666666666666,0.13280902900078217
D2-K3par,0.25,72,D2-K3par_e25_r072,NoiseMix100,0.37735849056603776,19.65580379719163,True,0.0,0.16685061799944378
D2-K3par,0.3,72,D2-K3par_e30_r072,NoiseMix100,0.35096153846153844,20.34434390626478,True,0.0,0.16908006800076691
D2-K3par,0.35,72,D2-K3par_e35_r072,NoiseMix100,0.35195530726256985,19.158298857628218,True,0.0,0.17388968400155136
D3-unequal,0.25,72,D3-unequal_e25_r072,NoiseMix100,0.8760330578512396,0.4341878777203125,False,0.20333333333333334,0.12281907199940179
D3-unequal,0.3,72,D3-unequal_e30_r072,NoiseMix100,0.9241706161137441,0.14323401521307244,False,0.30333333333333334,0.12176461799936078
D3-unequal,0.35,72,D3-unequal_e35_r072,NoiseMix100,0.6995073891625616,22.54750699688067,True,0.36,0.1301067519998469
D4-hetero,0.25,72,D4-hetero_e25_r072,NoiseMix100,0.8722466960352423,0.1729657993595201,False,0.24333333333333335,0.14509126099983405
D4-hetero,0.3,72,D4-hetero_e30_r072,NoiseMix100,0.5242718446601942,21.36282019587182,True,0.21,0.13009481900007813
D4-hetero,0.35,72,D4-hetero_e35_r072,NoiseMix100,0.5369458128078818,20.450194619001753,True,0.23333333333333334,0.1281511520010099
D5-leverage,0.25,72,D5-leverage_e25_r072,NoiseMix100,0.5113122171945701,2.4985431531286157,True,0.0,0.21327611100059585
D5-leverage,0.3,72,D5-leverage_e30_r072,NoiseMix100,0.51,2.5908154892026287,True,0.0,0.22142056600023352
D5-leverage,0.35,72,D5-leverage_e35_r072,NoiseMix100,0.5233160621761658,2.745574231498316,True,0.0033333333333333335,0.15756225599943718
D6-uniform,0.25,72,D6-uniform_e25_r072,NoiseMix100,0.9227467811158798,0.1322448337218971,False,0.27666666666666667,0.13569586199992045
D6-uniform,0.3,72,D6-uniform_e30_r072,NoiseMix100,0.919431279620853,0.12453620994733638,False,0.3933333333333333,0.14722169500055315
D6-uniform,0.35,72,D6-uniform_e35_r072,NoiseMix100,0.8967136150234741,0.2332902283638522,False,0.41333333333333333,0.14831303400023899
D7-p3,0.25,72,D7-p3_e25_r072,NoiseMix100,0.899581589958159,0.1976744650077593,False,0.20333333333333334,0.16416201699939847
D7-p3,0.3,72,D7-p3_e30_r072,NoiseMix100,0.5621890547263682,20.247574056276004,True,0.21666666666666667,0.14078509899991332
D7-p3,0.35,72,D7-p3_e35_r072,NoiseMix100,0.5482233502538071,7.906199041348839,True,0.30666666666666664,0.13920259200131113
D8-K2par-sep,0.25,72,D8-K2par-sep_e25_r072,NoiseMix100,0.5353982300884956,21.859214900060326,True,0.16666666666666666,0.13285284699850308
D8-K2par-sep,0.3,72,D8-K2par-sep_e30_r072,NoiseMix100,0.5576923076923077,19.809915396235557,True,0.21333333333333335,0.159049773001243
D8-K2par-sep,0.35,72,D8-K2par-sep_e35_r072,NoiseMix100,0.5495049504950495,21.29121785211581,True,0.28,0.14471614600006433
D1-K2cross,0.25,73,D1-K2cross_e25_r073,NoiseMix100,0.9113924050632911,0.11267186382867656,False,0.21666666666666667,0.12760123099906195
D1-K2cross,0.3,73,D1-K2cross_e30_r073,NoiseMix100,0.5129533678756477,24.964957347012696,True,0.28,0.12742481600071187
D1-K2cross,0.35,73,D1-K2cross_e35_r073,NoiseMix100,0.5360824742268041,24.049399939415995,True,0.25666666666666665,0.1324968840017391
D2-K3par,0.25,73,D2-K3par_e25_r073,NoiseMix100,0.3378995433789954,20.469048012221887,True,0.0,0.2637182449998363
D2-K3par,0.3,73,D2-K3par_e30_r073,NoiseMix100,0.3627906976744186,19.69444794378104,True,0.0,0.2719075969998812
D2-K3par,0.35,73,D2-K3par_e35_r073,NoiseMix100,0.3969849246231156,20.585415938915194,True,0.0,0.2317940949997137
D3-unequal,0.25,73,D3-unequal_e25_r073,NoiseMix100,0.8974358974358975,0.07818054428365322,False,0.22,0.16081318900069164
D3-unequal,0.3,73,D3-unequal_e30_r073,NoiseMix100,0.6716417910447762,19.59685726657994,True,0.47,0.17583108899998479
D3-unequal,0.35,73,D3-unequal_e35_r073,NoiseMix100,0.6789473684210526,19.386124029113596,True,0.4266666666666667,0.13072881500011135
D4-hetero,0.25,73,D4-hetero_e25_r073,NoiseMix100,0.921161825726141,0.16733755158568084,False,0.2,0.13773636799851374
D4-hetero,0.3,73,D4-hetero_e30_r073,NoiseMix100,0.5285714285714286,23.508517365985348,True,0.17333333333333334,0.22488232300020172
D4-hetero,0.35,73,D4-hetero_e35_r073,NoiseMix100,0.5392670157068062,20.604979452907664,True,0.23,0.181612803000462
D5-leverage,0.25,73,D5-leverage_e25_r073,NoiseMix100,0.5486725663716814,2.7602089679141835,True,0.0,0.23920649299907382
D5-leverage,0.3,73,D5-leverage_e30_r073,NoiseMix100,0.8518518518518519,1.4372665151321662,False,0.0,0.17928499700065004
D5-leverage,0.35,73,D5-leverage_e35_r073,NoiseMix100,0.5,2.5837051771335426,True,0.0,0.17941987400081416
D6-uniform,0.25,73,D6-uniform_e25_r073,NoiseMix100,0.9083333333333333,0.09897071938206985,False,0.25,0.1676115980008035
D6-uniform,0.3,73,D6-uniform_e30_r073,NoiseMix100,0.8932038834951457,0.3654822487528265,False,0.43333333333333335,0.18964833299833117
D6-uniform,0.35,73,D6-uniform_e35_r073,NoiseMix100,0.8955223880597015,0.1940025768562407,False,0.45666666666666667,0.2543477469989739
D7-p3,0.25,73,D7-p3_e25_r073,NoiseMix100,0.8771186440677966,0.16580747933065612,False,0.21666666666666667,0.18558702600057586
D7-p3,0.3,73,D7-p3_e30_r073,NoiseMix100,0.5096153846153846,22.826665365402256,True,0.19333333333333333,0.15195411199965747
D7-p3,0.35,73,D7-p3_e35_r073,NoiseMix100,0.535,20.793126110002554,True,0.24333333333333335,0.13975941100034106
D8-K2par-sep,0.25,73,D8-K2par-sep_e25_r073,NoiseMix100,0.5280373831775701,20.561932883357038,True,0.19333333333333333,0.13323587400009274
D8-K2par-sep,0.3,73,D8-K2par-sep_e30_r073,NoiseMix100,0.5384615384615384,19.200899893417315,True,0.19666666666666666,0.13468352999916533
D8-K2par-sep,0.35,73,D8-K2par-sep_e35_r073,NoiseMix100,0.5729166666666666,20.490034774732756,True,0.24333333333333335,0.13434893699923123
D1-K2cross,0.25,74,D1-K2cross_e25_r074,NoiseMix100,0.5509259259259259,22.91380253462973,True,0.17666666666666667,0.14651766299903102
D1-K2cross,0.3,74,D1-K2cross_e30_r074,NoiseMix100,0.5188679245283019,23.656105892047286,True,0.20333333333333334,0.14957025699914084
D1-K2cross,0.35,74,D1-K2cross_e35_r074,NoiseMix100,0.5052083333333334,22.73403125044203,True,0.22666666666666666,0.14951973399911367
D2-K3par,0.25,74,D2-K3par_e25_r074,NoiseMix100,0.35807860262008734,20.383905960832333,True,0.0,0.1904453499992087
D2-K3par,0.3,74,D2-K3par_e30_r074,NoiseMix100,0.35648148148148145,19.547130383249822,True,0.0,0.23518148200128053
D2-K3par,0.35,74,D2-K3par_e35_r074,NoiseMix100,0.35294117647058826,21.579850328820434,True,0.0,0.2847161350000533
D3-unequal,0.25,74,D3-unequal_e25_r074,NoiseMix100,0.8893617021276595,0.0357796690419445,False,0.22,0.1956176379990211
D3-unequal,0.3,74,D3-unequal_e30_r074,NoiseMix100,0.6966824644549763,19.964883004420372,True,0.37666666666666665,0.1657665149996319
D3-unequal,0.35,74,D3-unequal_e35_r074,NoiseMix100,0.7409326424870466,23.93925407390103,False,0.37666666666666665,0.1474909230000776
D4-hetero,0.25,74,D4-hetero_e25_r074,NoiseMix100,0.9210526315789473,0.28895243862804937,False,0.25,0.13190094699893962
D4-hetero,0.3,74,D4-hetero_e30_r074,NoiseMix100,0.5645933014354066,22.431512065263412,True,0.17333333333333334,0.13565799000025436
D4-hetero,0.35,74,D4-hetero_e35_r074,NoiseMix100,0.5392670157068062,24.085506813221606,True,0.21333333333333335,0.14616516700152715
D5-leverage,0.25,74,D5-leverage_e25_r074,NoiseMix100,0.5111111111111111,2.8453245829685274,True,0.0,0.1966126550014451
D5-leverage,0.3,74,D5-leverage_e30_r074,NoiseMix100,0.8465346534653465,1.4087202464489317,False,0.0,0.16376397500062012
D5-leverage,0.35,74,D5-leverage_e35_r074,NoiseMix100,0.5233160621761658,2.688058069403347,True,0.0,0.19245116399906692
D6-uniform,0.25,74,D6-uniform_e25_r074,NoiseMix100,0.9170305676855895,0.09391153202623533,False,0.32666666666666666,0.14091837200066948
D6-uniform,0.3,74,D6-uniform_e30_r074,NoiseMix100,0.8933333333333333,0.6704287499953635,False,0.20666666666666667,0.13027413499912655
D6-uniform,0.35,74,D6-uniform_e35_r074,NoiseMix100,0.9264705882352942,0.13049661328401263,False,0.48,0.13801474299907568
D7-p3,0.25,74,D7-p3_e25_r074,NoiseMix100,0.8904109589041096,0.25538965994040197,False,0.29,0.14225475700004608
D7-p3,0.3,74,D7-p3_e30_r074,NoiseMix100,0.5402843601895735,24.903513372067092,True,0.20666666666666667,0.14658851499916636
D7-p3,0.35,74,D7-p3_e35_r074,NoiseMix100,0.5454545454545454,19.29264577976887,True,0.19666666666666666,0.13524950499959232
D8-K2par-sep,0.25,74,D8-K2par-sep_e25_r074,NoiseMix100,0.5796460176991151,25.200614807265804,True,0.19,0.13982395000130055
D8-K2par-sep,0.3,74,D8-K2par-sep_e30_r074,NoiseMix100,0.5410628019323671,20.037134107173205,True,0.23,0.14756263900017075
D8-K2par-sep,0.35,74,D8-K2par-sep_e35_r074,NoiseMix100,0.5,21.277758093840564,True,0.25666666666666665,0.1377187470006902
D1-K2cross,0.25,75,D1-K2cross_e25_r075,NoiseMix100,0.9118942731277533,0.17393068524086272,False,0.25,0.1306499830006942
D1-K2cross,0.3,75,D1-K2cross_e30_r075,NoiseMix100,0.5833333333333334,21.899814510791128,True,0.2633333333333333,0.12969066200093948
D1-K2cross,0.35,75,D1-K2cross_e35_r075,NoiseMix100,0.5217391304347826,21.375602255824592,True,0.2633333333333333,0.1310265989995969
D2-K3par,0.25,75,D2-K3par_e25_r075,NoiseMix100,0.36199095022624433,21.003555238660333,True,0.0,0.18545025800085568
D2-K3par,0.3,75,D2-K3par_e30_r075,NoiseMix100,0.3492822966507177,20.427806249182893,True,0.0,0.17083121999894502
D2-K3par,0.35,75,D2-K3par_e35_r075,NoiseMix100,0.37628865979381443,19.415668607095068,True,0.0,0.17336962500121444
D3-unequal,0.25,75,D3-unequal_e25_r075,NoiseMix100,0.9196428571428571,0.20152842031109366,False,0.2633333333333333,0.14364834099978907
D3-unequal,0.3,75,D3-unequal_e30_r075,NoiseMix100,0.7384615384615385,24.084646423571233,False,0.4866666666666667,0.14714870800162316
D3-unequal,0.35,75,D3-unequal_e35_r075,NoiseMix100,0.7772277227722773,23.4970361456744,False,0.3433333333333333,0.16430576499988092
D4-hetero,0.25,75,D4-hetero_e25_r075,NoiseMix100,0.8793103448275862,0.24059764067735412,False,0.23666666666666666,0.15761899300014193
D4-hetero,0.3,75,D4-hetero_e30_r075,NoiseMix100,0.5,22.313788435478536,True,0.21,0.18940154800111486
D4-hetero,0.35,75,D4-hetero_e35_r075,NoiseMix100,0.5497630331753555,21.864474358271913,True,0.20666666666666667,0.15132485699905374
D5-leverage,0.25,75,D5-leverage_e25_r075,NoiseMix100,0.88,1.4499417312303071,False,0.0,0.16843948400128284
D5-leverage,0.3,75,D5-leverage_e30_r075,NoiseMix100,0.5245098039215687,2.9321159869748583,True,0.0,0.16152931399847148
D5-leverage,0.35,75,D5-leverage_e35_r075,NoiseMix100,0.8640776699029126,1.430559817201757,False,0.0,0.15237392299968633
D6-uniform,0.25,75,D6-uniform_e25_r075,NoiseMix100,0.9112149532710281,0.20226480287303794,False,0.4,0.1395942870003637
D6-uniform,0.3,75,D6-uniform_e30_r075,NoiseMix100,0.8923766816143498,0.1550460243916507,False,0.37666666666666665,0.1360613420001755
D6-uniform,0.35,75,D6-uniform_e35_r075,NoiseMix100,0.9128205128205128,0.11257182578178515,False,0.4633333333333333,0.13264926800002286
D7-p3,0.25,75,D7-p3_e25_r075,NoiseMix100,0.8982300884955752,0.07326352252257828,False,0.24666666666666667,0.13561567200122226
D7-p3,0.3,75,D7-p3_e30_r075,NoiseMix100,0.5555555555555556,24.977468622472987,True,0.21333333333333335,0.1495437640005548
D7-p3,0.35,75,D7-p3_e35_r075,NoiseMix100,0.5255102040816326,21.562329812259673,True,0.22,0.1582509019990539
D8-K2par-sep,0.25,75,D8-K2par-sep_e25_r075,NoiseMix100,0.5256410256410257,20.723134051641214,True,0.17333333333333334,0.14820532200064918
D8-K2par-sep,0.3,75,D8-K2par-sep_e30_r075,NoiseMix100,0.5238095238095238,20.75593146529772,True,0.24333333333333335,0.16764073699960136
D8-K2par-sep,0.35,75,D8-K2par-sep_e35_r075,NoiseMix100,0.5103092783505154,20.737960564353518,True,0.21666666666666667,0.14520770699891727
D1-K2cross,0.25,76,D1-K2cross_e25_r076,NoiseMix100,0.9264069264069265,0.12059995683856593,False,0.23333333333333334,0.1356242599995312
D1-K2cross,0.3,76,D1-K2cross_e30_r076,NoiseMix100,0.5123152709359606,18.954688776408474,True,0.26,0.14869320300022082
D1-K2cross,0.35,76,D1-K2cross_e35_r076,NoiseMix100,0.5428571428571428,22.028356294857623,True,0.18666666666666668,0.12826293999933114
D2-K3par,0.25,76,D2-K3par_e25_r076,NoiseMix100,0.36363636363636365,21.63514181119559,True,0.0,0.1741156759999285
D2-K3par,0.3,76,D2-K3par_e30_r076,NoiseMix100,0.352112676056338,20.361441467216892,True,0.0,0.16723521899984917
D2-K3par,0.35,76,D2-K3par_e35_r076,NoiseMix100,0.4,19.450302745337506,True,0.0,0.17304047000106948
D3-unequal,0.25,76,D3-unequal_e25_r076,NoiseMix100,0.9444444444444444,0.21556515969676188,False,0.28,0.13287531300011324
D3-unequal,0.3,76,D3-unequal_e30_r076,NoiseMix100,0.7142857142857143,24.963766603737472,False,0.3466666666666667,0.13416564200088033
D3-unequal,0.35,76,D3-unequal_e35_r076,NoiseMix100,0.7941176470588235,14.838554810916337,False,0.37,0.13981174899890902
D4-hetero,0.25,76,D4-hetero_e25_r076,NoiseMix100,0.9032258064516129,0.10745444438120937,False,0.29,0.13931434899859596
D4-hetero,0.3,76,D4-hetero_e30_r076,NoiseMix100,0.5270935960591133,20.595596242406508,True,0.22333333333333333,0.13275873499878799
D4-hetero,0.35,76,D4-hetero_e35_r076,NoiseMix100,0.5255102040816326,22.323693590916022,True,0.22,0.16411391799920239
D5-leverage,0.25,76,D5-leverage_e25_r076,NoiseMix100,0.8849557522123894,1.4219652211926248,False,0.0,0.19096136599910096
D5-leverage,0.3,76,D5-leverage_e30_r076,NoiseMix100,0.5384615384615384,2.2625565950603668,True,0.0,0.1722413070001494
D5-leverage,0.35,76,D5-leverage_e35_r076,NoiseMix100,0.8719211822660099,1.435023205290021,False,0.0033333333333333335,0.1578855610005121
D6-uniform,0.25,76,D6-uniform_e25_r076,NoiseMix100,0.9297520661157025,0.16147244787252107,False,0.24,0.14835742200011737
D6-uniform,0.3,76,D6-uniform_e30_r076,NoiseMix100,0.9327354260089686,0.09443276979749063,False,0.34,0.13713987800110772
D6-uniform,0.35,76,D6-uniform_e35_r076,NoiseMix100,0.9234449760765551,0.06584175778379023,False,0.43,0.13672260099883715
D7-p3,0.25,76,D7-p3_e25_r076,NoiseMix100,0.5046728971962616,22.084362509891434,True,0.15333333333333332,0.13966540100045677
D7-p3,0.3,76,D7-p3_e30_r076,NoiseMix100,0.5756097560975609,11.892578386732017,True,0.2633333333333333,0.1695742669999163
D7-p3,0.35,76,D7-p3_e35_r076,NoiseMix100,0.5401069518716578,22.72543656622276,True,0.24666666666666667,0.16135212999870419
D8-K2par-sep,0.25,76,D8-K2par-sep_e25_r076,NoiseMix100,0.5276595744680851,21.25186695319588,True,0.17,0.13857190099952277
D8-K2par-sep,0.3,76,D8-K2par-sep_e30_r076,NoiseMix100,0.5517241379310345,18.876726486992432,True,0.21,0.1389239030013414
D8-K2par-sep,0.35,76,D8-K2par-sep_e35_r076,NoiseMix100,0.5076923076923077,18.447571202278628,True,0.19,0.1444324370004324
D1-K2cross,0.25,77,D1-K2cross_e25_r077,NoiseMix100,0.947136563876652,0.16815766994235679,False,0.25666666666666665,0.1389941479992558
D1-K2cross,0.3,77,D1-K2cross_e30_r077,NoiseMix100,0.5102040816326531,25.9290986330078,True,0.2,0.1610551800004032
D1-K2cross,0.35,77,D1-K2cross_e35_r077,NoiseMix100,0.5217391304347826,23.08656602446726,True,0.21333333333333335,0.1497247179995611
D2-K3par,0.25,77,D2-K3par_e25_r077,NoiseMix100,0.37209302325581395,22.005940398919176,True,0.0,0.2006695119998767
D2-K3par,0.3,77,D2-K3par_e30_r077,NoiseMix100,0.39712918660287083,19.464189525511998,True,0.0,0.20283250700049393
D2-K3par,0.35,77,D2-K3par_e35_r077,NoiseMix100,0.365,20.693171811977734,True,0.0,0.2169212940007128
D3-unequal,0.25,77,D3-unequal_e25_r077,NoiseMix100,0.905829596412556,0.06783671972619865,False,0.26666666666666666,0.18230833300003724
D3-unequal,0.3,77,D3-unequal_e30_r077,NoiseMix100,0.74,23.716996549292528,False,0.37666666666666665,0.15322762599862472
D3-unequal,0.35,77,D3-unequal_e35_r077,NoiseMix100,0.7213114754098361,25.024963438117087,False,0.42,0.1552091030007432
D4-hetero,0.25,77,D4-hetero_e25_r077,NoiseMix100,0.9230769230769231,0.042385178291313205,False,0.2633333333333333,0.14704627500032075
D4-hetero,0.3,77,D4-hetero_e30_r077,NoiseMix100,0.5024630541871922,22.37623624043059,True,0.21666666666666667,0.14959472800001095
D4-hetero,0.35,77,D4-hetero_e35_r077,NoiseMix100,0.5081081081081081,22.13673404240851,True,0.22666666666666666,0.13700146900009713
D5-leverage,0.25,77,D5-leverage_e25_r077,NoiseMix100,0.5023474178403756,2.6238597829723913,True,0.0033333333333333335,0.17327214899887622
D5-leverage,0.3,77,D5-leverage_e30_r077,NoiseMix100,0.5388127853881278,2.817694577020284,True,0.0,0.25340356200104
D5-leverage,0.35,77,D5-leverage_e35_r077,NoiseMix100,0.8527918781725888,1.4201115762039096,False,0.0033333333333333335,0.18907734999993409
D6-uniform,0.25,77,D6-uniform_e25_r077,NoiseMix100,0.9237668161434978,0.21697386496759064,False,0.3466666666666667,0.1498760400008905
D6-uniform,0.3,77,D6-uniform_e30_r077,NoiseMix100,0.9182692307692307,0.22765728640428579,False,0.41333333333333333,0.17430700099976093
D6-uniform,0.35,77,D6-uniform_e35_r077,NoiseMix100,0.8864864864864865,0.11759988624667234,False,0.5333333333333333,0.17716448999999557
D7-p3,0.25,77,D7-p3_e25_r077,NoiseMix100,0.9012875536480687,0.08166459312371735,False,0.22333333333333333,0.1785780030004389
D7-p3,0.3,77,D7-p3_e30_r077,NoiseMix100,0.526829268292683,23.992205862995455,True,0.18,0.15614943499895162
D7-p3,0.35,77,D7-p3_e35_r077,NoiseMix100,0.5388349514563107,12.179495992193143,True,0.26666666666666666,0.1474526430010883
D8-K2par-sep,0.25,77,D8-K2par-sep_e25_r077,NoiseMix100,0.509009009009009,17.664381393059006,True,0.15666666666666668,0.12683451300108572
D8-K2par-sep,0.3,77,D8-K2par-sep_e30_r077,NoiseMix100,0.507177033492823,19.929297394292046,True,0.20666666666666667,0.12989904999994906
D8-K2par-sep,0.35,77,D8-K2par-sep_e35_r077,NoiseMix100,0.5472636815920398,22.376925444925117,True,0.2633333333333333,0.1402938310002355
D1-K2cross,0.25,78,D1-K2cross_e25_r078,NoiseMix100,0.8995433789954338,0.08826324428676141,False,0.2733333333333333,0.1473983310006588
D1-K2cross,0.3,78,D1-K2cross_e30_r078,NoiseMix100,0.5111111111111111,22.16048137844343,True,0.14,0.14125056000011682
D1-K2cross,0.35,78,D1-K2cross_e35_r078,NoiseMix100,0.5049019607843137,25.28386851540415,True,0.20333333333333334,0.1259216029993695
D2-K3par,0.25,78,D2-K3par_e25_r078,NoiseMix100,0.3542600896860987,20.32557086439559,True,0.0,0.18103429899929324
D2-K3par,0.3,78,D2-K3par_e30_r078,NoiseMix100,0.35353535353535354,20.271453196641705,True,0.0,0.2007895409988123
D2-K3par,0.35,78,D2-K3par_e35_r078,NoiseMix100,0.40437158469945356,19.218728890291636,True,0.0,0.21030360999975528
D3-unequal,0.25,78,D3-unequal_e25_r078,NoiseMix100,0.8834080717488789,0.08935420933960762,False,0.26,0.14804008600003726
D3-unequal,0.3,78,D3-unequal_e30_r078,NoiseMix100,0.9052132701421801,0.15470202026536595,False,0.30666666666666664,0.14936007799951767
D3-unequal,0.35,78,D3-unequal_e35_r078,NoiseMix100,0.7340425531914894,21.45058380014307,False,0.42333333333333334,0.15797283999927458
D4-hetero,0.25,78,D4-hetero_e25_r078,NoiseMix100,0.507177033492823,22.54921569726485,True,0.25,0.1681001679990004
D4-hetero,0.3,78,D4-hetero_e30_r078,NoiseMix100,0.5147058823529411,25.32093845809101,True,0.20333333333333334,0.1390489190016524
D4-hetero,0.35,78,D4-hetero_e35_r078,NoiseMix100,0.5217391304347826,22.420080865397555,True,0.24666666666666667,0.15933720200155221
D5-leverage,0.25,78,D5-leverage_e25_r078,NoiseMix100,0.863849765258216,1.3634016086133263,False,0.0,0.23568079700089584
D5-leverage,0.3,78,D5-leverage_e30_r078,NoiseMix100,0.5129533678756477,2.5036856704655315,True,0.0,0.23629339699982665
D5-leverage,0.35,78,D5-leverage_e35_r078,NoiseMix100,0.8357487922705314,1.407679506445781,False,0.0,0.18113845799962291
D6-uniform,0.25,78,D6-uniform_e25_r078,NoiseMix100,0.8949771689497716,0.06505673989608973,False,0.36,0.16830676899917307
D6-uniform,0.3,78,D6-uniform_e30_r078,NoiseMix100,0.9043062200956937,0.13925286403640816,False,0.41,0.17156847099977313
D6-uniform,0.35,78,D6-uniform_e35_r078,NoiseMix100,0.9242424242424242,0.22362831473381056,False,0.49,0.17871888499939814
D7-p3,0.25,78,D7-p3_e25_r078,NoiseMix100,0.5022222222222222,16.577936099284134,True,0.21333333333333335,0.16498695200061775
D7-p3,0.3,78,D7-p3_e30_r078,NoiseMix100,0.5207373271889401,20.22830597677927,True,0.17666666666666667,0.16707365100046445
D7-p3,0.35,78,D7-p3_e35_r078,NoiseMix100,0.6102564102564103,20.85166692556359,True,0.30333333333333334,0.18779836199973943
D8-K2par-sep,0.25,78,D8-K2par-sep_e25_r078,NoiseMix100,0.5330396475770925,22.808150815368368,True,0.17333333333333334,0.16992588599896408
D8-K2par-sep,0.3,78,D8-K2par-sep_e30_r078,NoiseMix100,0.5258215962441315,18.823176194542224,True,0.19,0.16695792999962578
D8-K2par-sep,0.35,78,D8-K2par-sep_e35_r078,NoiseMix100,0.5051546391752577,21.499949021961957,True,0.30666666666666664,0.17528034600036335
D1-K2cross,0.25,79,D1-K2cross_e25_r079,NoiseMix100,0.8956521739130435,0.10454500990000677,False,0.23666666666666666,0.17438173799928336
D1-K2cross,0.3,79,D1-K2cross_e30_r079,NoiseMix100,0.5406698564593302,22.719246719001173,True,0.22666666666666666,0.15611200100101996
D1-K2cross,0.35,79,D1-K2cross_e35_r079,NoiseMix100,0.5376344086021505,21.803619857503488,True,0.24333333333333335,0.156317778999437
D2-K3par,0.25,79,D2-K3par_e25_r079,NoiseMix100,0.37168141592920356,20.125588352866654,True,0.0,0.2053414439997141
D2-K3par,0.3,79,D2-K3par_e30_r079,NoiseMix100,0.35648148148148145,19.437231017072943,True,0.0,0.19330486599938013
D2-K3par,0.35,79,D2-K3par_e35_r079,NoiseMix100,0.34375,19.295631314080346,True,0.0,0.19348625099883066
D3-unequal,0.25,79,D3-unequal_e25_r079,NoiseMix100,0.8793103448275862,0.32155194700152234,False,0.24,0.14783055000043532
D3-unequal,0.3,79,D3-unequal_e30_r079,NoiseMix100,0.6889952153110048,23.863919189654165,True,0.36666666666666664,0.14962853799988807
D3-unequal,0.35,79,D3-unequal_e35_r079,NoiseMix100,0.6763285024154589,25.38193357368779,True,0.4166666666666667,0.16609436799990362
D4-hetero,0.25,79,D4-hetero_e25_r079,NoiseMix100,0.5458715596330275,25.28297153595543,True,0.20333333333333334,0.1539011599998048
D4-hetero,0.3,79,D4-hetero_e30_r079,NoiseMix100,0.9032258064516129,0.08208760048537429,False,0.2866666666666667,0.16646495100030734
D4-hetero,0.35,79,D4-hetero_e35_r079,NoiseMix100,0.52,21.110237730231052,True,0.24666666666666667,0.1684445990013046
D5-leverage,0.25,79,D5-leverage_e25_r079,NoiseMix100,0.5221238938053098,2.5218812663939225,True,0.006666666666666667,0.18071982599940384
D5-leverage,0.3,79,D5-leverage_e30_r079,NoiseMix100,0.822429906542056,1.4242697112643816,False,0.0,0.21841890299947408
D5-leverage,0.35,79,D5-leverage_e35_r079,NoiseMix100,0.5076142131979695,2.308221755954179,True,0.0,0.18425824500081944
D6-uniform,0.25,79,D6-uniform_e25_r079,NoiseMix100,0.9136363636363637,0.10278383538061119,False,0.3333333333333333,0.16180561000146554
D6-uniform,0.3,79,D6-uniform_e30_r079,NoiseMix100,0.8772727272727273,0.8550927985590078,False,0.20666666666666667,0.1687735440009419
D6-uniform,0.35,79,D6-uniform_e35_r079,NoiseMix100,0.9040404040404041,0.15252601213612027,False,0.44333333333333336,0.14153091399930418
D7-p3,0.25,79,D7-p3_e25_r079,NoiseMix100,0.9140271493212669,0.10748289064205369,False,0.27666666666666667,0.13449180700081342
D7-p3,0.3,79,D7-p3_e30_r079,NoiseMix100,0.5410628019323671,23.318129003267057,True,0.23,0.1403605140003492
D7-p3,0.35,79,D7-p3_e35_r079,NoiseMix100,0.5027027027027027,10.901468120546914,True,0.2866666666666667,0.16742134100059047
D8-K2par-sep,0.25,79,D8-K2par-sep_e25_r079,NoiseMix100,0.5043859649122807,19.662735070483446,True,0.15666666666666668,0.13297868399968138
D8-K2par-sep,0.3,79,D8-K2par-sep_e30_r079,NoiseMix100,0.5550239234449761,18.87822785340599,True,0.17,0.13376498100114986
D8-K2par-sep,0.35,79,D8-K2par-sep_e35_r079,NoiseMix100,0.553921568627451,17.647119812288995,True,0.20333333333333334,0.14819168299982266
D1-K2cross,0.25,80,D1-K2cross_e25_r080,NoiseMix100,0.9144144144144144,0.16229320419846927,False,0.2733333333333333,0.15285702499932086
D1-K2cross,0.3,80,D1-K2cross_e30_r080,NoiseMix100,0.5165876777251185,22.737349024703924,True,0.18333333333333332,0.1411564219997672
D1-K2cross,0.35,80,D1-K2cross_e35_r080,NoiseMix100,0.544973544973545,22.33298168618658,True,0.25,0.1287665290001314
D2-K3par,0.25,80,D2-K3par_e25_r080,NoiseMix100,0.3688888888888889,20.26680945421519,True,0.0,0.16848936899987166
D2-K3par,0.3,80,D2-K3par_e30_r080,NoiseMix100,0.3744075829383886,18.85195545990176,True,0.0033333333333333335,0.1886034640010621
D2-K3par,0.35,80,D2-K3par_e35_r080,NoiseMix100,0.3602150537634409,19.79892667742413,True,0.0,0.1748361379995913
D3-unequal,0.25,80,D3-unequal_e25_r080,NoiseMix100,0.9030837004405287,0.12085606366238792,False,0.24666666666666667,0.15060393000021577
D3-unequal,0.3,80,D3-unequal_e30_r080,NoiseMix100,0.6941747572815534,25.09079177166658,True,0.3466666666666667,0.14436029299940856
D3-unequal,0.35,80,D3-unequal_e35_r080,NoiseMix100,0.6836734693877551,24.714529544585723,True,0.41,0.15558357800000522
D4-hetero,0.25,80,D4-hetero_e25_r080,NoiseMix100,0.9022222222222223,0.21786386430993598,False,0.25333333333333335,0.13446909399863216
D4-hetero,0.3,80,D4-hetero_e30_r080,NoiseMix100,0.9166666666666666,0.13689387722936802,False,0.24666666666666667,0.1351091329997871
D4-hetero,0.35,80,D4-hetero_e35_r080,NoiseMix100,0.9027777777777778,0.17578071919854965,False,0.2833333333333333,0.12660732099902816
D5-leverage,0.25,80,D5-leverage_e25_r080,NoiseMix100,0.5288888888888889,2.487799178757487,True,0.0,0.23206986699915433
D5-leverage,0.3,80,D5-leverage_e30_r080,NoiseMix100,0.5094339622641509,3.341017612574595,True,0.0,0.13822440399962943
D5-leverage,0.35,80,D5-leverage_e35_r080,NoiseMix100,0.5904255319148937,2.2999269672931386,True,0.0,0.1919093279993831
D6-uniform,0.25,80,D6-uniform_e25_r080,NoiseMix100,0.8675213675213675,0.09067891760934846,False,0.28,0.12863694299994677
D6-uniform,0.3,80,D6-uniform_e30_r080,NoiseMix100,0.8909952606635071,0.0816117304618594,False,0.4033333333333333,0.16324118800002907
D6-uniform,0.35,80,D6-uniform_e35_r080,NoiseMix100,0.8529411764705882,1.146561635875735,False,0.39,0.17359395400126232
D7-p3,0.25,80,D7-p3_e25_r080,NoiseMix100,0.8614718614718615,0.14878668422922403,False,0.23666666666666666,0.15910888299913495
D7-p3,0.3,80,D7-p3_e30_r080,NoiseMix100,0.5073891625615764,21.56348985391691,True,0.25,0.15019242700145696
D7-p3,0.35,80,D7-p3_e35_r080,NoiseMix100,0.5139664804469274,7.906304086437313,True,0.3466666666666667,0.15825985300034517
D8-K2par-sep,0.25,80,D8-K2par-sep_e25_r080,NoiseMix100,0.5022026431718062,18.82233346587158,True,0.14666666666666667,0.15772226799890632
D8-K2par-sep,0.3,80,D8-K2par-sep_e30_r080,NoiseMix100,0.5230769230769231,19.584495613446336,True,0.26666666666666666,0.15692282599957252
D8-K2par-sep,0.35,80,D8-K2par-sep_e35_r080,NoiseMix100,0.51010101010101,18.2398845608026,True,0.2,0.14470383200023207
D1-K2cross,0.25,81,D1-K2cross_e25_r081,NoiseMix100,0.8884120171673819,0.07752078106405827,False,0.23333333333333334,0.12701385999935155
D1-K2cross,0.3,81,D1-K2cross_e30_r081,NoiseMix100,0.5217391304347826,21.36955314532599,True,0.2,0.13066082099976484
D1-K2cross,0.35,81,D1-K2cross_e35_r081,NoiseMix100,0.5102040816326531,22.86026346763203,True,0.23,0.12866386300083832
D2-K3par,0.25,81,D2-K3par_e25_r081,NoiseMix100,0.3393665158371041,18.832843985985487,True,0.0,0.1950491730003705
D2-K3par,0.3,81,D2-K3par_e30_r081,NoiseMix100,0.3627906976744186,19.231907831594143,True,0.0,0.18611501100167516
D2-K3par,0.35,81,D2-K3par_e35_r081,NoiseMix100,0.3651685393258427,20.39779871639265,True,0.0,0.21587411299879022
D3-unequal,0.25,81,D3-unequal_e25_r081,NoiseMix100,0.9037656903765691,0.10700956348004387,False,0.21333333333333335,0.1650460729997576
D3-unequal,0.3,81,D3-unequal_e30_r081,NoiseMix100,0.69377990430622,19.573721854419873,True,0.36666666666666664,0.16612573499878636
D3-unequal,0.35,81,D3-unequal_e35_r081,NoiseMix100,0.6894736842105263,19.899255292764536,True,0.43,0.1423985889996402
D4-hetero,0.25,81,D4-hetero_e25_r081,NoiseMix100,0.9244444444444444,0.2855976903772254,False,0.25333333333333335,0.16198227999848314
D4-hetero,0.3,81,D4-hetero_e30_r081,NoiseMix100,0.9170506912442397,0.045043001865332055,False,0.29,0.15139520000047924
D4-hetero,0.35,81,D4-hetero_e35_r081,NoiseMix100,0.5050505050505051,22.744145446457804,True,0.23666666666666666,0.15668290100074955
D5-leverage,0.25,81,D5-leverage_e25_r081,NoiseMix100,0.8699551569506726,1.4025944455871149,False,0.0,0.17161765799937712
D5-leverage,0.3,81,D5-leverage_e30_r081,NoiseMix100,0.8857142857142857,1.4575329650579079,False,0.0,0.2205479509993893
D5-leverage,0.35,81,D5-leverage_e35_r081,NoiseMix100,0.8564593301435407,1.4086814759550381,False,0.0,0.2185802629992395
D6-uniform,0.25,81,D6-uniform_e25_r081,NoiseMix100,0.8717948717948718,0.08997420862703744,False,0.2733333333333333,0.16445180799928494
D6-uniform,0.3,81,D6-uniform_e30_r081,NoiseMix100,0.9238095238095239,0.10639052622220047,False,0.42,0.1591621089992259
D6-uniform,0.35,81,D6-uniform_e35_r081,NoiseMix100,0.8817733990147784,0.14991824660426678,False,0.43333333333333335,0.1484127849998913
D7-p3,0.25,81,D7-p3_e25_r081,NoiseMix100,0.8945147679324894,0.08623005024739838,False,0.22,0.1572705139988102
D7-p3,0.3,81,D7-p3_e30_r081,NoiseMix100,0.5023923444976076,12.539591492449652,True,0.23333333333333334,0.16479384199919878
D7-p3,0.35,81,D7-p3_e35_r081,NoiseMix100,0.5240384615384616,24.65478033598,True,0.24333333333333335,0.18658344499999657
D8-K2par-sep,0.25,81,D8-K2par-sep_e25_r081,NoiseMix100,0.5221238938053098,17.83664234651901,True,0.18333333333333332,0.18105766900043818
D8-K2par-sep,0.3,81,D8-K2par-sep_e30_r081,NoiseMix100,0.5414634146341464,19.521975833118802,True,0.22,0.1689431800004968
D8-K2par-sep,0.35,81,D8-K2par-sep_e35_r081,NoiseMix100,0.5396039603960396,17.954972366492044,True,0.23,0.1795008629997028
D1-K2cross,0.25,82,D1-K2cross_e25_r082,NoiseMix100,0.9144144144144144,0.05076437932630525,False,0.2733333333333333,0.15388944799997262
D1-K2cross,0.3,82,D1-K2cross_e30_r082,NoiseMix100,0.5849056603773585,22.309963457514538,True,0.21666666666666667,0.15167270299934899
D1-K2cross,0.35,82,D1-K2cross_e35_r082,NoiseMix100,0.5257731958762887,21.494612483425573,True,0.19666666666666666,0.16396710499975597
D2-K3par,0.25,82,D2-K3par_e25_r082,NoiseMix100,0.40444444444444444,20.27022436035388,True,0.0,0.19398925699897518
D2-K3par,0.3,82,D2-K3par_e30_r082,NoiseMix100,0.3349282296650718,19.75430709668681,True,0.0,0.19493996600067476
D2-K3par,0.35,82,D2-K3par_e35_r082,NoiseMix100,0.36683417085427134,20.08010844788941,True,0.0,0.19008903299982194
D3-unequal,0.25,82,D3-unequal_e25_r082,NoiseMix100,0.9380530973451328,0.33336324015381513,False,0.25666666666666665,0.14843312199991487
D3-unequal,0.3,82,D3-unequal_e30_r082,NoiseMix100,0.6571428571428571,22.54652336654453,True,0.20333333333333334,0.16470701300022483
D3-unequal,0.35,82,D3-unequal_e35_r082,NoiseMix100,0.7653061224489796,19.8709490970866,False,0.37333333333333335,0.15506456099865318
D4-hetero,0.25,82,D4-hetero_e25_r082,NoiseMix100,0.5070422535211268,21.750269929780657,True,0.18333333333333332,0.1383657310016133
D4-hetero,0.3,82,D4-hetero_e30_r082,NoiseMix100,0.529126213592233,21.555548063836802,True,0.15666666666666668,0.1476727760000358
D4-hetero,0.35,82,D4-hetero_e35_r082,NoiseMix100,0.5053191489361702,21.77677250898116,True,0.25333333333333335,0.13900084300075832
D5-leverage,0.25,82,D5-leverage_e25_r082,NoiseMix100,0.8552036199095022,1.4469297859790582,False,0.0,0.18313440900055866
D5-leverage,0.3,82,D5-leverage_e30_r082,NoiseMix100,0.8461538461538461,1.4796562358240715,False,0.0,0.18060342699936882
D5-leverage,0.35,82,D5-leverage_e35_r082,NoiseMix100,0.5181347150259067,2.112529770581537,True,0.0,0.17795984499935003
D6-uniform,0.25,82,D6-uniform_e25_r082,NoiseMix100,0.9107981220657277,0.1157745627697091,False,0.37,0.17110732199944323
D6-uniform,0.3,82,D6-uniform_e30_r082,NoiseMix100,0.8970588235294118,0.35326000387517503,False,0.42,0.15831584300030954
D6-uniform,0.35,82,D6-uniform_e35_r082,NoiseMix100,0.905940594059406,0.09600307887378128,False,0.45,0.15175566299876664
D7-p3,0.25,82,D7-p3_e25_r082,NoiseMix100,0.8951965065502183,0.07673343201496802,False,0.24,0.1388187869997637
D7-p3,0.3,82,D7-p3_e30_r082,NoiseMix100,0.5077720207253886,10.770251510689354,True,0.29333333333333333,0.14538371699927666
D7-p3,0.35,82,D7-p3_e35_r082,NoiseMix100,0.5294117647058824,22.547335469317254,True,0.24,0.15165235600034066
D8-K2par-sep,0.25,82,D8-K2par-sep_e25_r082,NoiseMix100,0.5132743362831859,21.84912418644458,True,0.16666666666666666,0.13381557399952726
D8-K2par-sep,0.3,82,D8-K2par-sep_e30_r082,NoiseMix100,0.5376884422110553,16.477537675056457,True,0.25333333333333335,0.14313926599970728
D8-K2par-sep,0.35,82,D8-K2par-sep_e35_r082,NoiseMix100,0.5129533678756477,18.209845741974497,True,0.24,0.14444817299954593
D1-K2cross,0.25,83,D1-K2cross_e25_r083,NoiseMix100,0.9398148148148148,0.168267097588951,False,0.2866666666666667,0.19358161099989957
D1-K2cross,0.3,83,D1-K2cross_e30_r083,NoiseMix100,0.9158878504672897,0.08570737378522006,False,0.29,0.13293417299973953
D1-K2cross,0.35,83,D1-K2cross_e35_r083,NoiseMix100,0.5532994923857868,23.131504198192292,True,0.21666666666666667,0.12694668900076067
D2-K3par,0.25,83,D2-K3par_e25_r083,NoiseMix100,0.3482142857142857,19.938776247877946,True,0.0,0.17179345099975762
D2-K3par,0.3,83,D2-K3par_e30_r083,NoiseMix100,0.38349514563106796,20.261164809272483,True,0.0,0.17274800300037896
D2-K3par,0.35,83,D2-K3par_e35_r083,NoiseMix100,0.3684210526315789,19.45445596177315,True,0.0,0.17488540999875113
D3-unequal,0.25,83,D3-unequal_e25_r083,NoiseMix100,0.92018779342723,0.12971582419317534,False,0.29333333333333333,0.13013942899851827
D3-unequal,0.3,83,D3-unequal_e30_r083,NoiseMix100,0.8767123287671232,0.2290365176098319,False,0.2866666666666667,0.12985521799964772
D3-unequal,0.35,83,D3-unequal_e35_r083,NoiseMix100,0.7087912087912088,23.023497190992313,False,0.45666666666666667,0.1416811939998297
D4-hetero,0.25,83,D4-hetero_e25_r083,NoiseMix100,0.9276018099547512,0.05675158663394586,False,0.27666666666666667,0.12323516700053005
D4-hetero,0.3,83,D4-hetero_e30_r083,NoiseMix100,0.5198019801980198,21.25406253846031,True,0.24333333333333335,0.1230409759991744
D4-hetero,0.35,83,D4-hetero_e35_r083,NoiseMix100,0.5618556701030928,22.77598456616476,True,0.47,0.12865936200068973
D5-leverage,0.25,83,D5-leverage_e25_r083,NoiseMix100,0.8808510638297873,1.34003371632823,False,0.0,0.14818652199937787
D5-leverage,0.3,83,D5-leverage_e30_r083,NoiseMix100,0.57,2.4298849071996607,True,0.0,0.13771338799961086
D5-leverage,0.35,83,D5-leverage_e35_r083,NoiseMix100,0.5343915343915344,2.5889808719478893,True,0.0,0.14964430200052448
D6-uniform,0.25,83,D6-uniform_e25_r083,NoiseMix100,0.897196261682243,0.26354196441031125,False,0.38,0.12592342599964468
D6-uniform,0.3,83,D6-uniform_e30_r083,NoiseMix100,0.8970588235294118,0.15544405320198973,False,0.42333333333333334,0.1262961880001967
D6-uniform,0.35,83,D6-uniform_e35_r083,NoiseMix100,0.59375,5.792197441700669,True,0.16,0.1377099540004565
D7-p3,0.25,83,D7-p3_e25_r083,NoiseMix100,0.5181818181818182,20.84860318963423,True,0.14333333333333334,0.1289597409995622
D7-p3,0.3,83,D7-p3_e30_r083,NoiseMix100,0.5192307692307693,9.230506442910162,True,0.2633333333333333,0.13027348599825928
D7-p3,0.35,83,D7-p3_e35_r083,NoiseMix100,0.5728643216080402,21.02711419689596,True,0.22,0.12758973900054116
D8-K2par-sep,0.25,83,D8-K2par-sep_e25_r083,NoiseMix100,0.5045871559633027,19.593103425809087,True,0.16,0.1291854549999698
D8-K2par-sep,0.3,83,D8-K2par-sep_e30_r083,NoiseMix100,0.5833333333333334,20.66912423211747,True,0.20666666666666667,0.12239756000053603
D8-K2par-sep,0.35,83,D8-K2par-sep_e35_r083,NoiseMix100,0.550561797752809,18.538458151608708,True,0.24666666666666667,0.12079971300045145
D1-K2cross,0.25,84,D1-K2cross_e25_r084,NoiseMix100,0.9353448275862069,0.052438722126040095,False,0.23333333333333334,0.12524402100098087
D1-K2cross,0.3,84,D1-K2cross_e30_r084,NoiseMix100,0.5024390243902439,22.6364415930225,True,0.19333333333333333,0.12498130399944785
D1-K2cross,0.35,84,D1-K2cross_e35_r084,NoiseMix100,0.5078534031413613,21.59434459708546,True,0.24333333333333335,0.12348965700039116
D2-K3par,0.25,84,D2-K3par_e25_r084,NoiseMix100,0.3888888888888889,19.536152141890142,True,0.0,0.16208647500025108
D2-K3par,0.3,84,D2-K3par_e30_r084,NoiseMix100,0.3446601941747573,19.96982273751807,True,0.0,0.16691253000135475
D2-K3par,0.35,84,D2-K3par_e35_r084,NoiseMix100,0.38421052631578945,19.02235495732391,True,0.0,0.16155080800126598
D3-unequal,0.25,84,D3-unequal_e25_r084,NoiseMix100,0.9054054054054054,0.16972756608943837,False,0.26666666666666666,0.12534270799915248
D3-unequal,0.3,84,D3-unequal_e30_r084,NoiseMix100,0.7004830917874396,24.632270832140208,False,0.4,0.12630239299869572
D3-unequal,0.35,84,D3-unequal_e35_r084,NoiseMix100,0.6548223350253807,23.269502676243295,True,0.27666666666666667,0.13277018799999496
D4-hetero,0.25,84,D4-hetero_e25_r084,NoiseMix100,0.5970149253731343,21.829375815424527,True,0.20333333333333334,0.13277720999940357
D4-hetero,0.3,84,D4-hetero_e30_r084,NoiseMix100,0.9074074074074074,0.11766786025390859,False,0.29,0.12408086300092691
D4-hetero,0.35,84,D4-hetero_e35_r084,NoiseMix100,0.5025380710659898,22.248404400817943,True,0.24333333333333335,0.1279117550002411
D5-leverage,0.25,84,D5-leverage_e25_r084,NoiseMix100,0.8597285067873304,1.4022964846325592,False,0.0,0.1618771809989994
D5-leverage,0.3,84,D5-leverage_e30_r084,NoiseMix100,0.863849765258216,1.3641660856101059,False,0.0,0.14412587999868265
D5-leverage,0.35,84,D5-leverage_e35_r084,NoiseMix100,0.5093457943925234,2.880055563508569,True,0.0,0.15521336299934774
D6-uniform,0.25,84,D6-uniform_e25_r084,NoiseMix100,0.9227272727272727,0.156116277828597,False,0.37,0.12758253799984232
D6-uniform,0.3,84,D6-uniform_e30_r084,NoiseMix100,0.9238095238095239,0.15375935117866188,False,0.39,0.13147274800030573
D6-uniform,0.35,84,D6-uniform_e35_r084,NoiseMix100,0.9154228855721394,0.2766132586149113,False,0.47,0.1294158349992358
D7-p3,0.25,84,D7-p3_e25_r084,NoiseMix100,0.5112107623318386,20.293985278183897,True,0.20666666666666667,0.1311621800014109
D7-p3,0.3,84,D7-p3_e30_r084,NoiseMix100,0.9049773755656109,0.130918697703162,False,0.2633333333333333,0.1311104019987397
D7-p3,0.35,84,D7-p3_e35_r084,NoiseMix100,0.5111111111111111,23.903952641007592,True,0.28,0.14127371100039454
D8-K2par-sep,0.25,84,D8-K2par-sep_e25_r084,NoiseMix100,0.5348837209302325,20.60945504790579,True,0.19,0.1313650920001237
D8-K2par-sep,0.3,84,D8-K2par-sep_e30_r084,NoiseMix100,0.5046728971962616,21.176401948591167,True,0.21666666666666667,0.13326140400022268
D8-K2par-sep,0.35,84,D8-K2par-sep_e35_r084,NoiseMix100,0.5583756345177665,20.523812749332105,True,0.22,0.13684679499965569
D1-K2cross,0.25,85,D1-K2cross_e25_r085,NoiseMix100,0.9177489177489178,0.08101270190621654,False,0.23666666666666666,0.12605925800016848
D1-K2cross,0.3,85,D1-K2cross_e30_r085,NoiseMix100,0.5223880597014925,22.717564953538986,True,0.21333333333333335,0.12455964100081474
D1-K2cross,0.35,85,D1-K2cross_e35_r085,NoiseMix100,0.507177033492823,22.540055414986377,True,0.18666666666666668,0.1230684910005948
D2-K3par,0.25,85,D2-K3par_e25_r085,NoiseMix100,0.3826086956521739,19.16512807412789,True,0.0,0.157421293999505
D2-K3par,0.3,85,D2-K3par_e30_r085,NoiseMix100,0.3853658536585366,20.90021306727949,True,0.0,0.15680953099945327
D2-K3par,0.35,85,D2-K3par_e35_r085,NoiseMix100,0.3631578947368421,19.415616803435793,True,0.0,0.16198838600030285
D3-unequal,0.25,85,D3-unequal_e25_r085,NoiseMix100,0.9311926605504587,0.28485549055658216,False,0.27666666666666667,0.12677713799894264
D3-unequal,0.3,85,D3-unequal_e30_r085,NoiseMix100,0.6782178217821783,23.09403992944821,True,0.37,0.1271596660008072
D3-unequal,0.35,85,D3-unequal_e35_r085,NoiseMix100,0.631578947368421,22.685746128608788,True,0.21,0.12784465500044462
D4-hetero,0.25,85,D4-hetero_e25_r085,NoiseMix100,0.5294117647058824,25.178067170184562,True,0.19,0.13435387599929527
D4-hetero,0.3,85,D4-hetero_e30_r085,NoiseMix100,0.507177033492823,21.86496149549637,True,0.22333333333333333,0.12676843900044332
D4-hetero,0.35,85,D4-hetero_e35_r085,NoiseMix100,0.5279187817258884,21.166766718674108,True,0.2,0.1349324170005275
D5-leverage,0.25,85,D5-leverage_e25_r085,NoiseMix100,0.5804878048780487,2.5302061970445724,True,0.0,0.13379239200003212
D5-leverage,0.3,85,D5-leverage_e30_r085,NoiseMix100,0.5023923444976076,2.389334620574561,True,0.0,0.14231794900115347
D5-leverage,0.35,85,D5-leverage_e35_r085,NoiseMix100,0.8793969849246231,1.4388092949556106,False,0.0,0.135293763001755
D6-uniform,0.25,85,D6-uniform_e25_r085,NoiseMix100,0.9,0.12289464458458534,False,0.38,0.12911108399930527
D6-uniform,0.3,85,D6-uniform_e30_r085,NoiseMix100,0.9056603773584906,0.1600399550957463,False,0.39666666666666667,0.13168255500022497
D6-uniform,0.35,85,D6-uniform_e35_r085,NoiseMix100,0.8860103626943006,0.18087930721356768,False,0.5166666666666667,0.13179566399958276
D7-p3,0.25,85,D7-p3_e25_r085,NoiseMix100,0.5,22.97342225636188,True,0.13666666666666666,0.1351024169998709
D7-p3,0.3,85,D7-p3_e30_r085,NoiseMix100,0.5748792270531401,22.447975492171818,True,0.25,0.15509519199986244
D7-p3,0.35,85,D7-p3_e35_r085,NoiseMix100,0.5025380710659898,24.343916253982695,True,0.20333333333333334,0.14777015400068194
D8-K2par-sep,0.25,85,D8-K2par-sep_e25_r085,NoiseMix100,0.502092050209205,16.991488333545863,True,0.15666666666666668,0.13815815199995995
D8-K2par-sep,0.3,85,D8-K2par-sep_e30_r085,NoiseMix100,0.5045454545454545,19.503293013264727,True,0.19333333333333333,0.13500614700024016
D8-K2par-sep,0.35,85,D8-K2par-sep_e35_r085,NoiseMix100,0.5231481481481481,20.6180605189665,True,0.20666666666666667,0.1241142149992811
D1-K2cross,0.25,86,D1-K2cross_e25_r086,NoiseMix100,0.8454545454545455,0.07909321649767424,False,0.27666666666666667,0.12451671599956171
D1-K2cross,0.3,86,D1-K2cross_e30_r086,NoiseMix100,0.5023923444976076,22.977216480217564,True,0.18666666666666668,0.12805429600120988
D1-K2cross,0.35,86,D1-K2cross_e35_r086,NoiseMix100,0.5401069518716578,21.87493904357913,True,0.25333333333333335,0.1283678729996609
D2-K3par,0.25,86,D2-K3par_e25_r086,NoiseMix100,0.3511111111111111,18.769259357729553,True,0.0,0.18309279999994033
D2-K3par,0.3,86,D2-K3par_e30_r086,NoiseMix100,0.3470319634703196,19.50951026126696,True,0.0,0.17599327400057518
D2-K3par,0.35,86,D2-K3par_e35_r086,NoiseMix100,0.3826530612244898,20.48277556718341,True,0.0,0.19618845799959672
D3-unequal,0.25,86,D3-unequal_e25_r086,NoiseMix100,0.9444444444444444,0.22249228183012626,False,0.22,0.15597696999975597
D3-unequal,0.3,86,D3-unequal_e30_r086,NoiseMix100,0.9466666666666667,0.18563439405805296,False,0.25333333333333335,0.15044225999918126
D3-unequal,0.35,86,D3-unequal_e35_r086,NoiseMix100,0.7,23.493502823793545,False,0.41333333333333333,0.1516739830003644
D4-hetero,0.25,86,D4-hetero_e25_r086,NoiseMix100,0.5380952380952381,23.46562271841475,True,0.19,0.13996976499947777
D4-hetero,0.3,86,D4-hetero_e30_r086,NoiseMix100,0.5392670157068062,24.091882460824966,True,0.18,0.13504384100087918
D4-hetero,0.35,86,D4-hetero_e35_r086,NoiseMix100,0.8785046728971962,0.034606493325824994,False,0.3,0.14038921499923163
D5-leverage,0.25,86,D5-leverage_e25_r086,NoiseMix100,0.8544600938967136,1.4431572675101776,False,0.0,0.16495918900000106
D5-leverage,0.3,86,D5-leverage_e30_r086,NoiseMix100,0.5679611650485437,3.1635806921107292,True,0.0,0.19600082699980703
D5-leverage,0.35,86,D5-leverage_e35_r086,NoiseMix100,0.5208333333333334,2.741497176782226,True,0.0,0.16955220700037898
D6-uniform,0.25,86,D6-uniform_e25_r086,NoiseMix100,0.8930232558139535,0.20343914844140173,False,0.4033333333333333,0.15244613399954687
D6-uniform,0.3,86,D6-uniform_e30_r086,NoiseMix100,0.9386792452830188,0.22311312886529308,False,0.39,0.14656061999994563
D6-uniform,0.35,86,D6-uniform_e35_r086,NoiseMix100,0.8969072164948454,0.11856828003030717,False,0.49666666666666665,0.15767847300048743
D7-p3,0.25,86,D7-p3_e25_r086,NoiseMix100,0.8909090909090909,0.10460562167615584,False,0.2733333333333333,0.13674968099985563
D7-p3,0.3,86,D7-p3_e30_r086,NoiseMix100,0.5280373831775701,23.4663422376133,True,0.17666666666666667,0.12790224899981695
D7-p3,0.35,86,D7-p3_e35_r086,NoiseMix100,0.5560975609756098,23.98598706903953,True,0.27666666666666667,0.1385456059997523
D8-K2par-sep,0.25,86,D8-K2par-sep_e25_r086,NoiseMix100,0.5221238938053098,19.39253289692528,True,0.14333333333333334,0.13287399799992272
D8-K2par-sep,0.3,86,D8-K2par-sep_e30_r086,NoiseMix100,0.5046296296296297,18.329565800372986,True,0.2,0.12928156500129262
D8-K2par-sep,0.35,86,D8-K2par-sep_e35_r086,NoiseMix100,0.515,20.183509235285722,True,0.25,0.13009005099956994
D1-K2cross,0.25,87,D1-K2cross_e25_r087,NoiseMix100,0.8991228070175439,0.31709730782213846,False,0.24,0.12610322500040638
D1-K2cross,0.3,87,D1-K2cross_e30_r087,NoiseMix100,0.5303030303030303,23.174547161067217,True,0.23333333333333334,0.1410178440000891
D1-K2cross,0.35,87,D1-K2cross_e35_r087,NoiseMix100,0.5311004784688995,21.858261436328288,True,0.16,0.13387282800067624
D2-K3par,0.25,87,D2-K3par_e25_r087,NoiseMix100,0.39090909090909093,19.437021312762575,True,0.0,0.16880059300092398
D2-K3par,0.3,87,D2-K3par_e30_r087,NoiseMix100,0.3719806763285024,20.105098043727576,True,0.0,0.17434630100069626
D2-K3par,0.35,87,D2-K3par_e35_r087,NoiseMix100,0.35135135135135137,20.246591220687794,True,0.0,0.1662206109995168
D3-unequal,0.25,87,D3-unequal_e25_r087,NoiseMix100,0.9210526315789473,0.07110732736340952,False,0.24333333333333335,0.12673239300056593
D3-unequal,0.3,87,D3-unequal_e30_r087,NoiseMix100,0.9259259259259259,0.23524700847806626,False,0.29,0.12939101099982508
D3-unequal,0.35,87,D3-unequal_e35_r087,NoiseMix100,0.7263681592039801,18.994466678135193,False,0.4266666666666667,0.13904254699991725
D4-hetero,0.25,87,D4-hetero_e25_r087,NoiseMix100,0.915929203539823,0.07291237570872064,False,0.25333333333333335,0.1391664140010107
D4-hetero,0.3,87,D4-hetero_e30_r087,NoiseMix100,0.5406698564593302,21.44576623691131,True,0.20333333333333334,0.19005170200034627
D4-hetero,0.35,87,D4-hetero_e35_r087,NoiseMix100,0.5384615384615384,22.90569173116617,True,0.28,0.23327311299908615
D5-leverage,0.25,87,D5-leverage_e25_r087,NoiseMix100,0.5022222222222222,2.582985197095329,True,0.0,0.2069530169992504
D5-leverage,0.3,87,D5-leverage_e30_r087,NoiseMix100,0.5270935960591133,2.916431303441845,True,0.0,0.22730509800021537
D5-leverage,0.35,87,D5-leverage_e35_r087,NoiseMix100,0.5128205128205128,2.4970613351535405,True,0.0,0.1571710370008077
D6-uniform,0.25,87,D6-uniform_e25_r087,NoiseMix100,0.9174311926605505,0.10151728369145868,False,0.38333333333333336,0.1454436150015681
D6-uniform,0.3,87,D6-uniform_e30_r087,NoiseMix100,0.908675799086758,0.09689262447752722,False,0.32666666666666666,0.13588357199841994
D6-uniform,0.35,87,D6-uniform_e35_r087,NoiseMix100,0.9081632653061225,0.06791314291394147,False,0.44333333333333336,0.15031665400056227
D7-p3,0.25,87,D7-p3_e25_r087,NoiseMix100,0.8879310344827587,0.10643943217988616,False,0.22666666666666666,0.25202657299996645
D7-p3,0.3,87,D7-p3_e30_r087,NoiseMix100,0.5598086124401914,15.799030193545532,True,0.25666666666666665,0.14062258800004201
D7-p3,0.35,87,D7-p3_e35_r087,NoiseMix100,0.5585106382978723,23.12455530018191,True,0.26,0.14233175099980144
D8-K2par-sep,0.25,87,D8-K2par-sep_e25_r087,NoiseMix100,0.5327510917030568,18.896654057541426,True,0.17333333333333334,0.12434775500150863
D8-K2par-sep,0.3,87,D8-K2par-sep_e30_r087,NoiseMix100,0.5358851674641149,18.179887525858984,True,0.20666666666666667,0.12746390899883409
D8-K2par-sep,0.35,87,D8-K2par-sep_e35_r087,NoiseMix100,0.5243243243243243,18.147429066576432,True,0.2633333333333333,0.13348313000096823
D1-K2cross,0.25,88,D1-K2cross_e25_r088,NoiseMix100,0.5227272727272727,24.5638251461259,True,0.16333333333333333,0.1288269169999694
D1-K2cross,0.3,88,D1-K2cross_e30_r088,NoiseMix100,0.5643564356435643,21.323784300692157,True,0.24333333333333335,0.13133292099882965
D1-K2cross,0.35,88,D1-K2cross_e35_r088,NoiseMix100,0.5450236966824644,22.164686922450784,True,0.14666666666666667,0.12891797000156657
D2-K3par,0.25,88,D2-K3par_e25_r088,NoiseMix100,0.3542600896860987,19.41593385024273,True,0.0,0.1744181199992454
D2-K3par,0.3,88,D2-K3par_e30_r088,NoiseMix100,0.39408866995073893,20.00981903160164,True,0.0,0.16828919799991127
D2-K3par,0.35,88,D2-K3par_e35_r088,NoiseMix100,0.3520408163265306,19.945848479681125,True,0.0,0.18164452599921788
D3-unequal,0.25,88,D3-unequal_e25_r088,NoiseMix100,0.8837209302325582,0.34787744688061834,False,0.2866666666666667,0.14652192600078706
D3-unequal,0.3,88,D3-unequal_e30_r088,NoiseMix100,0.8949771689497716,0.13532512101932978,False,0.27666666666666667,0.17993699399994512
D3-unequal,0.35,88,D3-unequal_e35_r088,NoiseMix100,0.7864077669902912,12.58282352070537,False,0.39,0.13964113399924827
D4-hetero,0.25,88,D4-hetero_e25_r088,NoiseMix100,0.8918918918918919,0.11460970131021675,False,0.27,0.13653331399837043
D4-hetero,0.3,88,D4-hetero_e30_r088,NoiseMix100,0.5120772946859904,23.236120475083982,True,0.18333333333333332,0.13500763199954235
D4-hetero,0.35,88,D4-hetero_e35_r088,NoiseMix100,0.5408163265306123,23.974821931892677,True,0.23333333333333334,0.14844069900027534
D5-leverage,0.25,88,D5-leverage_e25_r088,NoiseMix100,0.8793103448275862,1.4025653547023533,False,0.0,0.16899067899976217
D5-leverage,0.3,88,D5-leverage_e30_r088,NoiseMix100,0.9262672811059908,1.3606204144804694,False,0.0,0.14958222000132082
D5-leverage,0.35,88,D5-leverage_e35_r088,NoiseMix100,0.5505050505050505,2.4063461346216304,True,0.0,0.16535164900051313
D6-uniform,0.25,88,D6-uniform_e25_r088,NoiseMix100,0.8883495145631068,0.17094622865289422,False,0.4,0.14480711899886956
D6-uniform,0.3,88,D6-uniform_e30_r088,NoiseMix100,0.8963963963963963,0.07920531555192101,False,0.34,0.1447959870001796
D6-uniform,0.35,88,D6-uniform_e35_r088,NoiseMix100,0.900523560209424,0.2125779541368395,False,0.5266666666666666,0.16556245799984026
D7-p3,0.25,88,D7-p3_e25_r088,NoiseMix100,0.90625,0.10226235895520452,False,0.26666666666666666,0.22344676399916352
D7-p3,0.3,88,D7-p3_e30_r088,NoiseMix100,0.5308056872037915,6.172320526773057,True,0.25666666666666665,0.16757725000024948
D7-p3,0.35,88,D7-p3_e35_r088,NoiseMix100,0.5463917525773195,22.567529855390283,True,0.18666666666666668,0.1386004239993781
D8-K2par-sep,0.25,88,D8-K2par-sep_e25_r088,NoiseMix100,0.5381165919282511,22.85885661806477,True,0.17,0.13033967599949392
D8-K2par-sep,0.3,88,D8-K2par-sep_e30_r088,NoiseMix100,0.5544041450777202,18.303615823980447,True,0.22666666666666666,0.1530860679995385
D8-K2par-sep,0.35,88,D8-K2par-sep_e35_r088,NoiseMix100,0.5282051282051282,20.1219589672325,True,0.21666666666666667,0.19359783599975344
D1-K2cross,0.25,89,D1-K2cross_e25_r089,NoiseMix100,0.8908296943231441,0.09290283323047371,False,0.24333333333333335,0.18228444700071122
D1-K2cross,0.3,89,D1-K2cross_e30_r089,NoiseMix100,0.5638297872340425,22.54645689683279,True,0.25,0.19506648000060522
D1-K2cross,0.35,89,D1-K2cross_e35_r089,NoiseMix100,0.53,23.605253322465426,True,0.19,0.1949617579994083
D2-K3par,0.25,89,D2-K3par_e25_r089,NoiseMix100,0.3656387665198238,20.44868552247159,True,0.0,0.24076486000012665
D2-K3par,0.3,89,D2-K3par_e30_r089,NoiseMix100,0.36018957345971564,19.34880851334846,True,0.0,0.1888979150007799
D2-K3par,0.35,89,D2-K3par_e35_r089,NoiseMix100,0.35406698564593303,20.64407895288691,True,0.0,0.16715662400019937
D3-unequal,0.25,89,D3-unequal_e25_r089,NoiseMix100,0.8847926267281107,0.04598539241134535,False,0.2833333333333333,0.13331220500003838
D3-unequal,0.3,89,D3-unequal_e30_r089,NoiseMix100,0.6915887850467289,23.602965054630772,True,0.3566666666666667,0.1548374479989434
D3-unequal,0.35,89,D3-unequal_e35_r089,NoiseMix100,0.7101449275362319,26.700096979775417,False,0.4066666666666667,0.1808485629990173
D4-hetero,0.25,89,D4-hetero_e25_r089,NoiseMix100,0.9144144144144144,0.16552504229292309,False,0.2633333333333333,0.13351938400046492
D4-hetero,0.3,89,D4-hetero_e30_r089,NoiseMix100,0.5117370892018779,22.921681886628782,True,0.17333333333333334,0.1741931950000435
D4-hetero,0.35,89,D4-hetero_e35_r089,NoiseMix100,0.5276381909547738,21.656463320151413,True,0.3,0.19992086099955486
D5-leverage,0.25,89,D5-leverage_e25_r089,NoiseMix100,0.5022026431718062,2.3154857262746495,True,0.0033333333333333335,0.16031354200094938
D5-leverage,0.3,89,D5-leverage_e30_r089,NoiseMix100,0.5821596244131455,2.5718914620521147,True,0.006666666666666667,0.158647303998805
D5-leverage,0.35,89,D5-leverage_e35_r089,NoiseMix100,0.8711340206185567,1.4530048893125516,False,0.0,0.18188329099939438
D6-uniform,0.25,89,D6-uniform_e25_r089,NoiseMix100,0.874439461883408,0.08864950876592781,False,0.34,0.17586193699935393
D6-uniform,0.3,89,D6-uniform_e30_r089,NoiseMix100,0.964824120603015,0.05744302786008837,False,0.4066666666666667,0.16635062500063214
D6-uniform,0.35,89,D6-uniform_e35_r089,NoiseMix100,0.9252336448598131,0.1633363214090609,False,0.38333333333333336,0.16318631499962066
D7-p3,0.25,89,D7-p3_e25_r089,NoiseMix100,0.5720930232558139,9.905363801125732,True,0.21666666666666667,0.22346396600005392
D7-p3,0.3,89,D7-p3_e30_r089,NoiseMix100,0.51010101010101,21.91384812750242,True,0.20666666666666667,0.1727403549994051
D7-p3,0.35,89,D7-p3_e35_r089,NoiseMix100,0.5223880597014925,13.835323050188506,True,0.2866666666666667,0.1828822349998518
D8-K2par-sep,0.25,89,D8-K2par-sep_e25_r089,NoiseMix100,0.5434782608695652,17.58453153155621,True,0.13666666666666666,0.17983305100096914
D8-K2par-sep,0.3,89,D8-K2par-sep_e30_r089,NoiseMix100,0.5476190476190477,21.972649691929135,True,0.19,0.163322934999087
D8-K2par-sep,0.35,89,D8-K2par-sep_e35_r089,NoiseMix100,0.5081081081081081,20.48813883151997,True,0.27,0.15882136199979868
D1-K2cross,0.25,90,D1-K2cross_e25_r090,NoiseMix100,0.502283105022831,25.10926246639935,True,0.18666666666666668,0.21338308399936068
D1-K2cross,0.3,90,D1-K2cross_e30_r090,NoiseMix100,0.5221674876847291,22.23181023783703,True,0.18666666666666668,0.190665137999531
D1-K2cross,0.35,90,D1-K2cross_e35_r090,NoiseMix100,0.5192307692307693,23.163377340126548,True,0.18333333333333332,0.18518020400006208
D2-K3par,0.25,90,D2-K3par_e25_r090,NoiseMix100,0.39351851851851855,19.51429992987854,True,0.0,0.274771583999609
D2-K3par,0.3,90,D2-K3par_e30_r090,NoiseMix100,0.34299516908212563,20.192022854031837,True,0.0,0.26694933399994625
D2-K3par,0.35,90,D2-K3par_e35_r090,NoiseMix100,0.3837837837837838,19.773969534757907,True,0.0,0.37631791000058
D3-unequal,0.25,90,D3-unequal_e25_r090,NoiseMix100,0.9464285714285714,0.15688365124279963,False,0.2633333333333333,0.22422447700046177
D3-unequal,0.3,90,D3-unequal_e30_r090,NoiseMix100,0.9120370370370371,0.12782224925682173,False,0.29,0.16112226800032659
D3-unequal,0.35,90,D3-unequal_e35_r090,NoiseMix100,0.609375,23.49442429189654,True,0.22333333333333333,0.1700078100002429
D4-hetero,0.25,90,D4-hetero_e25_r090,NoiseMix100,0.5596330275229358,22.797082696229925,True,0.19,0.19727278599930287
D4-hetero,0.3,90,D4-hetero_e30_r090,NoiseMix100,0.5396039603960396,21.864468571218705,True,0.21333333333333335,0.18107398199936142
D4-hetero,0.35,90,D4-hetero_e35_r090,NoiseMix100,0.5425531914893617,23.256693261694313,True,0.22666666666666666,0.15769410000029893
D5-leverage,0.25,90,D5-leverage_e25_r090,NoiseMix100,0.8232558139534883,1.4351024322658135,False,0.0,0.16876950200094143
D5-leverage,0.3,90,D5-leverage_e30_r090,NoiseMix100,0.5072463768115942,2.821864413657111,True,0.006666666666666667,0.16165600800013635
D5-leverage,0.35,90,D5-leverage_e35_r090,NoiseMix100,0.5123152709359606,2.7074940697964145,True,0.0033333333333333335,0.1584102869983326
D6-uniform,0.25,90,D6-uniform_e25_r090,NoiseMix100,0.9273504273504274,0.145353141829155,False,0.2733333333333333,0.1674665520004055
D6-uniform,0.3,90,D6-uniform_e30_r090,NoiseMix100,0.8942307692307693,0.2385846514303596,False,0.39666666666666667,0.19380580100005318
D6-uniform,0.35,90,D6-uniform_e35_r090,NoiseMix100,0.9197860962566845,0.27886085643375325,False,0.5166666666666667,0.1698338740006875
D7-p3,0.25,90,D7-p3_e25_r090,NoiseMix100,0.9074889867841409,0.09269039299212767,False,0.24333333333333335,0.15145782700165
D7-p3,0.3,90,D7-p3_e30_r090,NoiseMix100,0.5162790697674419,24.639418260543717,True,0.18333333333333332,0.1533536249989993
D7-p3,0.35,90,D7-p3_e35_r090,NoiseMix100,0.5255102040816326,9.462953825235878,True,0.3,0.19365216299956955
D8-K2par-sep,0.25,90,D8-K2par-sep_e25_r090,NoiseMix100,0.5381165919282511,20.833230462406117,True,0.17333333333333334,0.18046805199992377
D8-K2par-sep,0.3,90,D8-K2par-sep_e30_r090,NoiseMix100,0.5024390243902439,18.756742514607275,True,0.18333333333333332,0.1635948470011499
D8-K2par-sep,0.35,90,D8-K2par-sep_e35_r090,NoiseMix100,0.5706806282722513,21.646688149909306,True,0.27666666666666667,0.1865244070013432
D1-K2cross,0.25,91,D1-K2cross_e25_r091,NoiseMix100,0.9444444444444444,0.11468349149212202,False,0.22333333333333333,0.15351730400107044
D1-K2cross,0.3,91,D1-K2cross_e30_r091,NoiseMix100,0.5336538461538461,22.58328839517772,True,0.2,0.14944984000067052
D1-K2cross,0.35,91,D1-K2cross_e35_r091,NoiseMix100,0.5459183673469388,22.783342372025643,True,0.23333333333333334,0.15254678299970692
D2-K3par,0.25,91,D2-K3par_e25_r091,NoiseMix100,0.3615023474178404,19.67764508888256,True,0.0,0.2699253860009776
D2-K3par,0.3,91,D2-K3par_e30_r091,NoiseMix100,0.3425925925925926,20.07509436879255,True,0.0,0.22529638900050486
D2-K3par,0.35,91,D2-K3par_e35_r091,NoiseMix100,0.3417085427135678,20.046564988174897,True,0.0,0.205804517998331
D3-unequal,0.25,91,D3-unequal_e25_r091,NoiseMix100,0.9372197309417041,0.14912583051868283,False,0.26,0.1421587709992309
D3-unequal,0.3,91,D3-unequal_e30_r091,NoiseMix100,0.6201923076923077,23.96576390735863,True,0.4633333333333333,0.153923969999596
D3-unequal,0.35,91,D3-unequal_e35_r091,NoiseMix100,0.6907216494845361,20.28177978168325,True,0.4533333333333333,0.17474353700163192
D4-hetero,0.25,91,D4-hetero_e25_r091,NoiseMix100,0.911504424778761,0.1498746885727053,False,0.26666666666666666,0.1512367750001431
D4-hetero,0.3,91,D4-hetero_e30_r091,NoiseMix100,0.5355450236966824,23.570940658441636,True,0.2,0.16086389500014775
D4-hetero,0.35,91,D4-hetero_e35_r091,NoiseMix100,0.5255102040816326,22.157425348468806,True,0.18333333333333332,0.15083037400108879
D5-leverage,0.25,91,D5-leverage_e25_r091,NoiseMix100,0.8634361233480177,1.3582718654169545,False,0.0,0.1760110249997524
D5-leverage,0.3,91,D5-leverage_e30_r091,NoiseMix100,0.8720379146919431,1.402488936397408,False,0.0,0.17737062999913178
D5-leverage,0.35,91,D5-leverage_e35_r091,NoiseMix100,0.5217391304347826,2.7324158874060647,True,0.0,0.19324799700007134
D6-uniform,0.25,91,D6-uniform_e25_r091,NoiseMix100,0.9162995594713657,0.17290250269164953,False,0.3233333333333333,0.15797572799965565
D6-uniform,0.3,91,D6-uniform_e30_r091,NoiseMix100,0.9490740740740741,0.13825552634713686,False,0.38,0.16637467100008507
D6-uniform,0.35,91,D6-uniform_e35_r091,NoiseMix100,0.9095477386934674,0.22457195011672898,False,0.47,0.16158555800029717
D7-p3,0.25,91,D7-p3_e25_r091,NoiseMix100,0.9264069264069265,0.1289151064868049,False,0.23666666666666666,0.15739061599924753
D7-p3,0.3,91,D7-p3_e30_r091,NoiseMix100,0.5211267605633803,21.005439953562714,True,0.16666666666666666,0.16553926000051433
D7-p3,0.35,91,D7-p3_e35_r091,NoiseMix100,0.5124378109452736,11.55172718514472,True,0.29,0.18326158100171597
D8-K2par-sep,0.25,91,D8-K2par-sep_e25_r091,NoiseMix100,0.5132743362831859,25.361072182756573,True,0.20666666666666667,0.17622339300032763
D8-K2par-sep,0.3,91,D8-K2par-sep_e30_r091,NoiseMix100,0.5217391304347826,17.6829696426636,True,0.21,0.1634517969996523
D8-K2par-sep,0.35,91,D8-K2par-sep_e35_r091,NoiseMix100,0.5309278350515464,19.642280882186427,True,0.24666666666666667,0.14414828500048316
D1-K2cross,0.25,92,D1-K2cross_e25_r092,NoiseMix100,0.5458715596330275,21.529329603943413,True,0.18666666666666668,0.1478650019998895
D1-K2cross,0.3,92,D1-K2cross_e30_r092,NoiseMix100,0.5458937198067633,23.881650711679235,True,0.23666666666666666,0.14648967399989488
D1-K2cross,0.35,92,D1-K2cross_e35_r092,NoiseMix100,0.5270935960591133,22.26042026137466,True,0.21333333333333335,0.1470538800003851
D2-K3par,0.25,92,D2-K3par_e25_r092,NoiseMix100,0.36909871244635195,19.10990710612796,True,0.0,0.17725167400021746
D2-K3par,0.3,92,D2-K3par_e30_r092,NoiseMix100,0.3640776699029126,18.754336608899724,True,0.0,0.17669002300135617
D2-K3par,0.35,92,D2-K3par_e35_r092,NoiseMix100,0.365,20.387984112367956,True,0.0,0.20203122600105416
D3-unequal,0.25,92,D3-unequal_e25_r092,NoiseMix100,0.9052132701421801,0.11850400883190829,False,0.31,0.14029891800055339
D3-unequal,0.3,92,D3-unequal_e30_r092,NoiseMix100,0.8823529411764706,0.05982169251486308,False,0.27,0.13704692300052557
D3-unequal,0.35,92,D3-unequal_e35_r092,NoiseMix100,0.6648648648648648,23.035576480805666,True,0.4,0.1315326570002071
D4-hetero,0.25,92,D4-hetero_e25_r092,NoiseMix100,0.9388646288209607,0.11783164672585085,False,0.24666666666666667,0.13831596899944998
D4-hetero,0.3,92,D4-hetero_e30_r092,NoiseMix100,0.5555555555555556,22.673257183776528,True,0.20666666666666667,0.13202171200100565
D4-hetero,0.35,92,D4-hetero_e35_r092,NoiseMix100,0.5024875621890548,21.785035437816102,True,0.2,0.12527066899929196
D5-leverage,0.25,92,D5-leverage_e25_r092,NoiseMix100,0.8644859813084113,1.4310692949821222,False,0.0,0.16460503800044535
D5-leverage,0.3,92,D5-leverage_e30_r092,NoiseMix100,0.5205479452054794,2.2831052376082828,True,0.0,0.15704510000068694
D5-leverage,0.35,92,D5-leverage_e35_r092,NoiseMix100,0.5083798882681564,2.8333524324975192,True,0.0,0.18250651699963782
D6-uniform,0.25,92,D6-uniform_e25_r092,NoiseMix100,0.9051724137931034,0.062282262311681214,False,0.29,0.13315467500069644
D6-uniform,0.3,92,D6-uniform_e30_r092,NoiseMix100,0.863013698630137,0.12134819386717344,False,0.3433333333333333,0.14423508700019738
D6-uniform,0.35,92,D6-uniform_e35_r092,NoiseMix100,0.9045226130653267,0.0754963082843534,False,0.4666666666666667,0.1530637560008472
D7-p3,0.25,92,D7-p3_e25_r092,NoiseMix100,0.5043859649122807,22.409332576944546,True,0.14333333333333334,0.14226885499920172
D7-p3,0.3,92,D7-p3_e30_r092,NoiseMix100,0.5096153846153846,23.140459978354755,True,0.18333333333333332,0.13875712199842383
D7-p3,0.35,92,D7-p3_e35_r092,NoiseMix100,0.5085714285714286,22.510318909073774,True,0.29333333333333333,0.13727611700051057
D8-K2par-sep,0.25,92,D8-K2par-sep_e25_r092,NoiseMix100,0.5022421524663677,20.559581068463615,True,0.18,0.12434536000000662
D8-K2par-sep,0.3,92,D8-K2par-sep_e30_r092,NoiseMix100,0.5533980582524272,19.464250690147963,True,0.21666666666666667,0.1221291800011386
D8-K2par-sep,0.35,92,D8-K2par-sep_e35_r092,NoiseMix100,0.5105263157894737,21.44923697891754,True,0.25,0.12514744799955224
D1-K2cross,0.25,93,D1-K2cross_e25_r093,NoiseMix100,0.9049773755656109,0.14245888131795634,False,0.2633333333333333,0.1276055489997816
D1-K2cross,0.3,93,D1-K2cross_e30_r093,NoiseMix100,0.555,21.07062546557066,True,0.21,0.14607118800086027
D1-K2cross,0.35,93,D1-K2cross_e35_r093,NoiseMix100,0.505,21.924283182510397,True,0.21666666666666667,0.14953646799949638
D2-K3par,0.25,93,D2-K3par_e25_r093,NoiseMix100,0.39111111111111113,20.843701877130695,True,0.0,0.18689648899999156
D2-K3par,0.3,93,D2-K3par_e30_r093,NoiseMix100,0.35135135135135137,19.96703837464051,True,0.0,0.19148009700074908
D2-K3par,0.35,93,D2-K3par_e35_r093,NoiseMix100,0.35175879396984927,20.24362169329538,True,0.0,0.1892699010004435
D3-unequal,0.25,93,D3-unequal_e25_r093,NoiseMix100,0.8973214285714286,0.042322415717110484,False,0.2633333333333333,0.14490736900006596
D3-unequal,0.3,93,D3-unequal_e30_r093,NoiseMix100,0.9122807017543859,0.15397353772810426,False,0.25,0.13745516200106067
D3-unequal,0.35,93,D3-unequal_e35_r093,NoiseMix100,0.7257142857142858,23.679026575302558,False,0.41333333333333333,0.14010403499923996
D4-hetero,0.25,93,D4-hetero_e25_r093,NoiseMix100,0.9126637554585153,0.16481728491578643,False,0.24,0.14993486799903621
D4-hetero,0.3,93,D4-hetero_e30_r093,NoiseMix100,0.5192307692307693,19.465971306673907,True,0.21333333333333335,0.15385166099986236
D4-hetero,0.35,93,D4-hetero_e35_r093,NoiseMix100,0.5185185185185185,21.041839442949627,True,0.2733333333333333,0.15101580400005332
D5-leverage,0.25,93,D5-leverage_e25_r093,NoiseMix100,0.8738738738738738,1.3952659484937975,False,0.0,0.15796500299984473
D5-leverage,0.3,93,D5-leverage_e30_r093,NoiseMix100,0.5023696682464455,2.493705107590263,True,0.0,0.19335109399980865
D5-leverage,0.35,93,D5-leverage_e35_r093,NoiseMix100,0.5422885572139303,2.9601534250042647,True,0.016666666666666666,0.1681023399996775
D6-uniform,0.25,93,D6-uniform_e25_r093,NoiseMix100,0.8782608695652174,0.12907171297516884,False,0.32666666666666666,0.14162601699899824
D6-uniform,0.3,93,D6-uniform_e30_r093,NoiseMix100,0.926829268292683,0.20599509805916916,False,0.46,0.15221060099975148
D6-uniform,0.35,93,D6-uniform_e35_r093,NoiseMix100,0.9183673469387755,0.195937238091446,False,0.5266666666666666,0.1443671090000862
D7-p3,0.25,93,D7-p3_e25_r093,NoiseMix100,0.5117370892018779,21.771637357707654,True,0.22666666666666666,0.17092745399895648
D7-p3,0.3,93,D7-p3_e30_r093,NoiseMix100,0.5311004784688995,22.406452704554148,True,0.20333333333333334,0.1916835860010906
D7-p3,0.35,93,D7-p3_e35_r093,NoiseMix100,0.5025125628140703,23.811211209259536,True,0.21,0.1822555310009193
D8-K2par-sep,0.25,93,D8-K2par-sep_e25_r093,NoiseMix100,0.5045871559633027,18.5646459890372,True,0.2,0.1483113800004503
D8-K2par-sep,0.3,93,D8-K2par-sep_e30_r093,NoiseMix100,0.5362318840579711,19.878404402571224,True,0.21333333333333335,0.13442496099924028
D8-K2par-sep,0.35,93,D8-K2par-sep_e35_r093,NoiseMix100,0.5515463917525774,18.867810287969714,True,0.20333333333333334,0.1338826989995141
D1-K2cross,0.25,94,D1-K2cross_e25_r094,NoiseMix100,0.9213973799126638,0.12513482760983752,False,0.25,0.12825499000064156
D1-K2cross,0.3,94,D1-K2cross_e30_r094,NoiseMix100,0.5097087378640777,21.963476106037632,True,0.21,0.132416918000672
D1-K2cross,0.35,94,D1-K2cross_e35_r094,NoiseMix100,0.5478723404255319,24.336638701498163,True,0.2733333333333333,0.14347726800042437
D2-K3par,0.25,94,D2-K3par_e25_r094,NoiseMix100,0.3574660633484163,20.043975666091786,True,0.0,0.24928862300112087
D2-K3par,0.3,94,D2-K3par_e30_r094,NoiseMix100,0.3813953488372093,19.117920356478376,True,0.0,0.17983132599874807
D2-K3par,0.35,94,D2-K3par_e35_r094,NoiseMix100,0.3694581280788177,19.850591270754716,True,0.0,0.19321764300002542
D3-unequal,0.25,94,D3-unequal_e25_r094,NoiseMix100,0.902127659574468,0.05712901367926926,False,0.22,0.1537866020007641
D3-unequal,0.3,94,D3-unequal_e30_r094,NoiseMix100,0.6528497409326425,21.833633330252386,True,0.5,0.1621622219990968
D3-unequal,0.35,94,D3-unequal_e35_r094,NoiseMix100,0.6666666666666666,22.87965901739141,True,0.36666666666666664,0.16621110800042516
D4-hetero,0.25,94,D4-hetero_e25_r094,NoiseMix100,0.9170305676855895,0.1923989106142693,False,0.24666666666666667,0.1640305230012018
D4-hetero,0.3,94,D4-hetero_e30_r094,NoiseMix100,0.5355450236966824,24.601124646589476,True,0.5133333333333333,0.13281307199940784
D4-hetero,0.35,94,D4-hetero_e35_r094,NoiseMix100,0.5255102040816326,22.429890815992895,True,0.23,0.1317688109993469
D5-leverage,0.25,94,D5-leverage_e25_r094,NoiseMix100,0.8844444444444445,1.361818003253545,False,0.0,0.15058184199915559
D5-leverage,0.3,94,D5-leverage_e30_r094,NoiseMix100,0.5123152709359606,2.4440392012912002,True,0.0,0.1561224540000694
D5-leverage,0.35,94,D5-leverage_e35_r094,NoiseMix100,0.5706214689265536,2.840347328375925,True,0.0033333333333333335,0.15057070600050793
D6-uniform,0.25,94,D6-uniform_e25_r094,NoiseMix100,0.8755555555555555,0.12897686110487588,False,0.34,0.20304023000062443
D6-uniform,0.3,94,D6-uniform_e30_r094,NoiseMix100,0.9082125603864735,0.2829225107380602,False,0.5066666666666667,0.16167764400051965
D6-uniform,0.35,94,D6-uniform_e35_r094,NoiseMix100,0.905,0.10824366780654904,False,0.49333333333333335,0.15266986200003885
D7-p3,0.25,94,D7-p3_e25_r094,NoiseMix100,0.925764192139738,0.08267714358401967,False,0.24,0.15159522999965702
D7-p3,0.3,94,D7-p3_e30_r094,NoiseMix100,0.545045045045045,22.498026833524527,True,0.17,0.15810353199958627
D7-p3,0.35,94,D7-p3_e35_r094,NoiseMix100,0.5025380710659898,22.527242149209744,True,0.19,0.16462135300025693
D8-K2par-sep,0.25,94,D8-K2par-sep_e25_r094,NoiseMix100,0.5159817351598174,17.30975955954016,True,0.22,0.14838339000016276
D8-K2par-sep,0.3,94,D8-K2par-sep_e30_r094,NoiseMix100,0.5192307692307693,20.683544611023258,True,0.2,0.1332972170002904
D8-K2par-sep,0.35,94,D8-K2par-sep_e35_r094,NoiseMix100,0.5157894736842106,19.88541613604533,True,0.27666666666666667,0.13645425899994734
D1-K2cross,0.25,95,D1-K2cross_e25_r095,NoiseMix100,0.9122807017543859,0.14858120133181063,False,0.24666666666666667,0.1527079000006779
D1-K2cross,0.3,95,D1-K2cross_e30_r095,NoiseMix100,0.9212962962962963,0.06241587240170063,False,0.29,0.1622669889984536
D1-K2cross,0.35,95,D1-K2cross_e35_r095,NoiseMix100,0.5439560439560439,23.557880227124034,True,0.2966666666666667,0.15301142300086212
D2-K3par,0.25,95,D2-K3par_e25_r095,NoiseMix100,0.4090909090909091,20.13401328427217,True,0.0,0.1997534980000637
D2-K3par,0.3,95,D2-K3par_e30_r095,NoiseMix100,0.3817204301075269,19.193832697275173,True,0.0,0.1988133660015592
D2-K3par,0.35,95,D2-K3par_e35_r095,NoiseMix100,0.3612565445026178,19.8055983196442,True,0.0,0.18336334900050133
D3-unequal,0.25,95,D3-unequal_e25_r095,NoiseMix100,0.9244444444444444,0.1361749680394262,False,0.25666666666666665,0.13979669800028205
D3-unequal,0.3,95,D3-unequal_e30_r095,NoiseMix100,0.7177033492822966,20.705308125208735,False,0.38666666666666666,0.15452650800034462
D3-unequal,0.35,95,D3-unequal_e35_r095,NoiseMix100,0.7061855670103093,19.997815912896012,False,0.3566666666666667,0.15678873599972576
D4-hetero,0.25,95,D4-hetero_e25_r095,NoiseMix100,0.9310344827586207,0.09415993546402479,False,0.22666666666666666,0.14450302699879103
D4-hetero,0.3,95,D4-hetero_e30_r095,NoiseMix100,0.5148514851485149,21.898316388123234,True,0.19,0.1495202820005943
D4-hetero,0.35,95,D4-hetero_e35_r095,NoiseMix100,0.5412371134020618,22.84338772220141,True,0.2866666666666667,0.14640550299918687
D5-leverage,0.25,95,D5-leverage_e25_r095,NoiseMix100,0.5161290322580645,2.6027291801240535,True,0.0,0.1682818410008622
D5-leverage,0.3,95,D5-leverage_e30_r095,NoiseMix100,0.5119617224880383,2.358505504053687,True,0.0,0.18090572400069505
D5-leverage,0.35,95,D5-leverage_e35_r095,NoiseMix100,0.5533980582524272,2.508702258445659,True,0.0,0.1666382399998838
D6-uniform,0.25,95,D6-uniform_e25_r095,NoiseMix100,0.8810572687224669,0.092339529753362,False,0.31,0.1363034219994006
D6-uniform,0.3,95,D6-uniform_e30_r095,NoiseMix100,0.9392523364485982,0.1035245147506374,False,0.43,0.1335855729994364
D6-uniform,0.35,95,D6-uniform_e35_r095,NoiseMix100,0.9038461538461539,0.21824291677570495,False,0.42,0.13738838300014322
D7-p3,0.25,95,D7-p3_e25_r095,NoiseMix100,0.5405405405405406,23.849897694438855,True,0.14333333333333334,0.1394165300007444
D7-p3,0.3,95,D7-p3_e30_r095,NoiseMix100,0.5198019801980198,20.670695921489447,True,0.23333333333333334,0.1350247490008769
D7-p3,0.35,95,D7-p3_e35_r095,NoiseMix100,0.5311004784688995,22.424495850997836,True,0.19666666666666666,0.2127640139988216
D8-K2par-sep,0.25,95,D8-K2par-sep_e25_r095,NoiseMix100,0.5627906976744186,17.54378038087858,True,0.20333333333333334,0.14333637399977306
D8-K2par-sep,0.3,95,D8-K2par-sep_e30_r095,NoiseMix100,0.5072463768115942,19.021973569367866,True,0.19666666666666666,0.14679490299931786
D8-K2par-sep,0.35,95,D8-K2par-sep_e35_r095,NoiseMix100,0.5129533678756477,20.80957268887186,True,0.28,0.14252019500054303
D1-K2cross,0.25,96,D1-K2cross_e25_r096,NoiseMix100,0.8884120171673819,0.1744099421501142,False,0.22333333333333333,0.14484100399931776
D1-K2cross,0.3,96,D1-K2cross_e30_r096,NoiseMix100,0.5471698113207547,22.665636774232272,True,0.13333333333333333,0.15219045400044706
D1-K2cross,0.35,96,D1-K2cross_e35_r096,NoiseMix100,0.5027027027027027,24.960594664054373,True,0.24333333333333335,0.13950531099908403
D2-K3par,0.25,96,D2-K3par_e25_r096,NoiseMix100,0.36036036036036034,19.386987852873236,True,0.0,0.16524985499927425
D2-K3par,0.3,96,D2-K3par_e30_r096,NoiseMix100,0.38164251207729466,19.47135507990721,True,0.0,0.18225365900070756
D2-K3par,0.35,96,D2-K3par_e35_r096,NoiseMix100,0.4031413612565445,19.60571277519675,True,0.0,0.17311542599964014
D3-unequal,0.25,96,D3-unequal_e25_r096,NoiseMix100,0.9103139013452914,0.11836724560782214,False,0.2633333333333333,0.13803380700119305
D3-unequal,0.3,96,D3-unequal_e30_r096,NoiseMix100,0.6881188118811881,21.530657532960756,True,0.46,0.13219683799979975
D3-unequal,0.35,96,D3-unequal_e35_r096,NoiseMix100,0.7135416666666666,25.070538811121306,False,0.4533333333333333,0.14073400900088018
D4-hetero,0.25,96,D4-hetero_e25_r096,NoiseMix100,0.9144144144144144,0.3978346256707951,False,0.2733333333333333,0.13352922600097372
D4-hetero,0.3,96,D4-hetero_e30_r096,NoiseMix100,0.5242718446601942,23.38252937224375,True,0.19666666666666666,0.14085596999939298
D4-hetero,0.35,96,D4-hetero_e35_r096,NoiseMix100,0.5120772946859904,22.8900090150411,True,0.23666666666666666,0.1395741509986692
D5-leverage,0.25,96,D5-leverage_e25_r096,NoiseMix100,0.5225225225225225,2.7853345558530287,True,0.0,0.16836949500066112
D5-leverage,0.3,96,D5-leverage_e30_r096,NoiseMix100,0.5221674876847291,2.6011046484757094,True,0.0,0.16164620999916224
D5-leverage,0.35,96,D5-leverage_e35_r096,NoiseMix100,0.5459183673469388,2.898175359537346,True,0.0,0.15571301999989373
D6-uniform,0.25,96,D6-uniform_e25_r096,NoiseMix100,0.9126637554585153,0.074235446488176,False,0.2833333333333333,0.13291124500028673
D6-uniform,0.3,96,D6-uniform_e30_r096,NoiseMix100,0.9023255813953488,0.14787268955103827,False,0.41,0.13194384300004458
D6-uniform,0.35,96,D6-uniform_e35_r096,NoiseMix100,0.9359605911330049,0.14667073758459814,False,0.42,0.14653183800146508
D7-p3,0.25,96,D7-p3_e25_r096,NoiseMix100,0.8638297872340426,0.09829719945905657,False,0.22333333333333333,0.14026779000050738
D7-p3,0.3,96,D7-p3_e30_r096,NoiseMix100,0.504950495049505,23.70606783538291,True,0.24,0.14406139700076892
D7-p3,0.35,96,D7-p3_e35_r096,NoiseMix100,0.5384615384615384,22.316946565178128,True,0.23333333333333334,0.14639924199946108
D8-K2par-sep,0.25,96,D8-K2par-sep_e25_r096,NoiseMix100,0.5163934426229508,20.80126111164994,True,0.11,0.1313698000012664
D8-K2par-sep,0.3,96,D8-K2par-sep_e30_r096,NoiseMix100,0.5283018867924528,18.1534966561389,True,0.22333333333333333,0.13485045899869874
D8-K2par-sep,0.35,96,D8-K2par-sep_e35_r096,NoiseMix100,0.5252525252525253,20.793767374048883,True,0.27,0.1368893199996819
D1-K2cross,0.25,97,D1-K2cross_e25_r097,NoiseMix100,0.908256880733945,0.18311485203069788,False,0.28,0.13226428599955398
D1-K2cross,0.3,97,D1-K2cross_e30_r097,NoiseMix100,0.5144230769230769,22.008499592647407,True,0.22666666666666666,0.13007417600056215
D1-K2cross,0.35,97,D1-K2cross_e35_r097,NoiseMix100,0.533678756476684,22.59568085105546,True,0.18666666666666668,0.12875732599968615
D2-K3par,0.25,97,D2-K3par_e25_r097,NoiseMix100,0.3565217391304348,19.778182312489932,True,0.0,0.17364183999961824
D2-K3par,0.3,97,D2-K3par_e30_r097,NoiseMix100,0.37681159420289856,19.58445999052998,True,0.0,0.1836899119989539
D2-K3par,0.35,97,D2-K3par_e35_r097,NoiseMix100,0.3434343434343434,18.734118331201586,True,0.0,0.17684573800033832
D3-unequal,0.25,97,D3-unequal_e25_r097,NoiseMix100,0.7089201877934272,19.424465593670107,False,0.35333333333333333,0.1376606689991604
D3-unequal,0.3,97,D3-unequal_e30_r097,NoiseMix100,0.6354679802955665,22.434225028993954,True,0.16666666666666666,0.1287019009996584
D3-unequal,0.35,97,D3-unequal_e35_r097,NoiseMix100,0.7046632124352331,20.973326223289718,False,0.38,0.12833286599925486
D4-hetero,0.25,97,D4-hetero_e25_r097,NoiseMix100,0.9102564102564102,0.22262170466112086,False,0.23,0.12848209900039365
D4-hetero,0.3,97,D4-hetero_e30_r097,NoiseMix100,0.5024390243902439,19.955930909409897,True,0.27,0.1590194820000761
D4-hetero,0.35,97,D4-hetero_e35_r097,NoiseMix100,0.5157894736842106,21.870072311975946,True,0.24,0.15307694399962202
D5-leverage,0.25,97,D5-leverage_e25_r097,NoiseMix100,0.8744186046511628,1.4638168115485688,False,0.0,0.17894948399953137
D5-leverage,0.3,97,D5-leverage_e30_r097,NoiseMix100,0.5073891625615764,2.4236889617813375,True,0.0,0.14285843499965267
D5-leverage,0.35,97,D5-leverage_e35_r097,NoiseMix100,0.5573770491803278,2.4108525411907546,True,0.0,0.19241997499921126
D6-uniform,0.25,97,D6-uniform_e25_r097,NoiseMix100,0.9090909090909091,0.17995786456099358,False,0.31666666666666665,0.14258679799968377
D6-uniform,0.3,97,D6-uniform_e30_r097,NoiseMix100,0.9339622641509434,0.1461755308186068,False,0.37666666666666665,0.13895656400018197
D6-uniform,0.35,97,D6-uniform_e35_r097,NoiseMix100,0.8693467336683417,0.14675667380758006,False,0.5333333333333333,0.14392628099994909
D7-p3,0.25,97,D7-p3_e25_r097,NoiseMix100,0.5112107623318386,23.149097659390023,True,0.14,0.13415172699933464
D7-p3,0.3,97,D7-p3_e30_r097,NoiseMix100,0.5849056603773585,17.739101238453433,True,0.18666666666666668,0.13139346500065585
D7-p3,0.35,97,D7-p3_e35_r097,NoiseMix100,0.5104166666666666,20.992800299218434,True,0.24,0.1312036379986239
D8-K2par-sep,0.25,97,D8-K2par-sep_e25_r097,NoiseMix100,0.5900900900900901,14.461484032926975,True,0.23,0.14267548700081534
D8-K2par-sep,0.3,97,D8-K2par-sep_e30_r097,NoiseMix100,0.5388127853881278,18.049127825562877,True,0.19333333333333333,0.16088476100048865
D8-K2par-sep,0.35,97,D8-K2par-sep_e35_r097,NoiseMix100,0.5170731707317073,18.486580964147382,True,0.23666666666666666,0.14792061600019224
D1-K2cross,0.25,98,D1-K2cross_e25_r098,NoiseMix100,0.536697247706422,22.47580853085175,True,0.18,0.13833582699953695
D1-K2cross,0.3,98,D1-K2cross_e30_r098,NoiseMix100,0.5050505050505051,24.3033035859281,True,0.25,0.14678443200136826
D1-K2cross,0.35,98,D1-K2cross_e35_r098,NoiseMix100,0.504950495049505,21.508044021748063,True,0.21666666666666667,0.13029990199902386
D2-K3par,0.25,98,D2-K3par_e25_r098,NoiseMix100,0.4192139737991266,19.53927417647258,True,0.0,0.17167213600077957
D2-K3par,0.3,98,D2-K3par_e30_r098,NoiseMix100,0.3925233644859813,19.721753949506176,True,0.0,0.17171984800006612
D2-K3par,0.35,98,D2-K3par_e35_r098,NoiseMix100,0.3626943005181347,19.84114478644017,True,0.0,0.17821774200092477
D3-unequal,0.25,98,D3-unequal_e25_r098,NoiseMix100,0.9427312775330396,0.08202945498665569,False,0.25,0.1459806260008918
D3-unequal,0.3,98,D3-unequal_e30_r098,NoiseMix100,0.6868686868686869,23.252599881295186,True,0.3566666666666667,0.16300684199995885
D3-unequal,0.35,98,D3-unequal_e35_r098,NoiseMix100,0.7669902912621359,8.090480912114216,False,0.3566666666666667,0.1479455879998568
D4-hetero,0.25,98,D4-hetero_e25_r098,NoiseMix100,0.5229357798165137,23.996330908095793,True,0.16333333333333333,0.13697894400138466
D4-hetero,0.3,98,D4-hetero_e30_r098,NoiseMix100,0.5047619047619047,20.87469985760123,True,0.15666666666666668,0.14168554800016864
D4-hetero,0.35,98,D4-hetero_e35_r098,NoiseMix100,0.5153061224489796,20.52976117078286,True,0.27,0.1339559130010457
D5-leverage,0.25,98,D5-leverage_e25_r098,NoiseMix100,0.8846153846153846,1.318427263901054,False,0.0,0.15122377300031076
D5-leverage,0.3,98,D5-leverage_e30_r098,NoiseMix100,0.8433179723502304,1.3935104016676079,False,0.0,0.1629737599996588
D5-leverage,0.35,98,D5-leverage_e35_r098,NoiseMix100,0.5074626865671642,2.723839884402092,True,0.0,0.2119285549997585
D6-uniform,0.25,98,D6-uniform_e25_r098,NoiseMix100,0.9327354260089686,0.1741618445882186,False,0.3233333333333333,0.13704892599889718
D6-uniform,0.3,98,D6-uniform_e30_r098,NoiseMix100,0.9279279279279279,0.3273457700550366,False,0.3466666666666667,0.14529727599983744
D6-uniform,0.35,98,D6-uniform_e35_r098,NoiseMix100,0.8941798941798942,0.26455119852553527,False,0.5166666666666667,0.14308221499959473
D7-p3,0.25,98,D7-p3_e25_r098,NoiseMix100,0.5045454545454545,22.69770269047755,True,0.21333333333333335,0.1448902279989852
D7-p3,0.3,98,D7-p3_e30_r098,NoiseMix100,0.5,21.61039039564652,True,0.23333333333333334,0.17041787400012254
D7-p3,0.35,98,D7-p3_e35_r098,NoiseMix100,0.5257731958762887,22.53670290347625,True,0.23333333333333334,0.17296698300015123
D8-K2par-sep,0.25,98,D8-K2par-sep_e25_r098,NoiseMix100,0.5319148936170213,19.64956404405553,True,0.14333333333333334,0.1546112300002278
D8-K2par-sep,0.3,98,D8-K2par-sep_e30_r098,NoiseMix100,0.5893719806763285,19.804394054120774,True,0.22333333333333333,0.25802059899979213
D8-K2par-sep,0.35,98,D8-K2par-sep_e35_r098,NoiseMix100,0.5,20.597458578208283,True,0.2866666666666667,0.25475337900024897
D1-K2cross,0.25,99,D1-K2cross_e25_r099,NoiseMix100,0.8966942148760331,0.17517040192982014,False,0.2,0.24185184700036189
D1-K2cross,0.3,99,D1-K2cross_e30_r099,NoiseMix100,0.5700483091787439,22.22039925904633,True,0.21333333333333335,0.15374989400152117
D1-K2cross,0.35,99,D1-K2cross_e35_r099,NoiseMix100,0.542713567839196,24.112638429172698,True,0.24333333333333335,0.12998710200008645
D2-K3par,0.25,99,D2-K3par_e25_r099,NoiseMix100,0.35909090909090907,20.267772261700635,True,0.0,0.16801885099994252
D2-K3par,0.3,99,D2-K3par_e30_r099,NoiseMix100,0.386046511627907,19.483816942267623,True,0.0,0.20869093400142447
D2-K3par,0.35,99,D2-K3par_e35_r099,NoiseMix100,0.3879781420765027,19.239728568869243,True,0.0,0.22734641900024144
D3-unequal,0.25,99,D3-unequal_e25_r099,NoiseMix100,0.9047619047619048,0.11633163095676746,False,0.23,0.13967902299918933
D3-unequal,0.3,99,D3-unequal_e30_r099,NoiseMix100,0.7073170731707317,22.8819950724453,False,0.4033333333333333,0.13594944599935843
D3-unequal,0.35,99,D3-unequal_e35_r099,NoiseMix100,0.7112299465240641,23.31867852225676,False,0.38666666666666666,0.14585894500123686
D4-hetero,0.25,99,D4-hetero_e25_r099,NoiseMix100,0.8864628820960698,0.08274353497510342,False,0.24,0.18514795699957176
D4-hetero,0.3,99,D4-hetero_e30_r099,NoiseMix100,0.5294117647058824,21.412659529314723,True,0.2,0.16732269800013455
D4-hetero,0.35,99,D4-hetero_e35_r099,NoiseMix100,0.5303030303030303,22.20755234175597,True,0.20666666666666667,0.2741536110006564
D5-leverage,0.25,99,D5-leverage_e25_r099,NoiseMix100,0.8760330578512396,1.386418642636979,False,0.0,0.1914967839984456
D5-leverage,0.3,99,D5-leverage_e30_r099,NoiseMix100,0.8584905660377359,1.440974194076965,False,0.0,0.1346138900007645
D5-leverage,0.35,99,D5-leverage_e35_r099,NoiseMix100,0.5276381909547738,2.9623929790393597,True,0.006666666666666667,0.1366667910006072
D6-uniform,0.25,99,D6-uniform_e25_r099,NoiseMix100,0.9259259259259259,0.11929284792316874,False,0.39,0.12268794199917465
D6-uniform,0.3,99,D6-uniform_e30_r099,NoiseMix100,0.9255813953488372,0.055536626544436585,False,0.38,0.12339724000048591
D6-uniform,0.35,99,D6-uniform_e35_r099,NoiseMix100,0.8974358974358975,0.18702815257991065,False,0.5566666666666666,0.12614588500036916
D7-p3,0.25,99,D7-p3_e25_r099,NoiseMix100,0.9117647058823529,0.1465612548199683,False,0.21,0.12901969399899826
D7-p3,0.3,99,D7-p3_e30_r099,NoiseMix100,0.8820754716981132,0.16851836497668202,False,0.2966666666666667,0.1277719879999495
D7-p3,0.35,99,D7-p3_e35_r099,NoiseMix100,0.5,22.133982171451887,True,0.20333333333333334,0.13912872800028708
D8-K2par-sep,0.25,99,D8-K2par-sep_e25_r099,NoiseMix100,0.5296803652968036,17.22769761689109,True,0.19666666666666666,0.1335570729988831
D8-K2par-sep,0.3,99,D8-K2par-sep_e30_r099,NoiseMix100,0.5395348837209303,20.164094838479887,True,0.18333333333333332,0.13367610800014518
D8-K2par-sep,0.35,99,D8-K2par-sep_e35_r099,NoiseMix100,0.5053763440860215,18.901731849323962,True,0.22333333333333333,0.13249008700040577
