unit,method,time,alpha_hat,b1,b2,b3,b4,b5,b6,b7,b8,b9,b10,b11,b12
D6-uniform_e30_r078,adapt,0.11508018099999617,0.08333333333333333,0.49024172382423664,-1.637858992780804,0.15485848271472966,2.1248688803493776,,,,,,,,
D6-uniform_e30_r078,adaptX,0.10868875700000302,0.05,2.6876668797294925,0.3373473782957708,-3.6162433654844155,0.3509904040881967,,,,,,,,
D6-uniform_e30_r078,HA50,0.011494960999996806,,-3.1956246222133102,0.27847834823831497,4.1574670564010665,0.12138239808955417,,,,,,,,
D6-uniform_e30_r078,TA(0.05),0.11737237399999856,0.08666666666666667,0.5662637124619376,-1.580513641396653,0.15158705879660192,2.0989911728639092,,,,,,,,
D6-uniform_e30_r078,TA(0.10),0.11585945899999928,0.09,0.07129166342535757,2.0886651752526766,0.6039444948385965,-1.580538181787418,,,,,,,,
D6-uniform_e30_r078,TA(0.15),0.11604387500000257,0.09,0.6379762686392696,-1.6021205600704584,0.10362455872514234,2.067652096529933,,,,,,,,
D6-uniform_e30_r078,TA(0.25),0.1157212899999962,0.12333333333333334,-0.2161482854069836,1.9672143175802947,0.35501933197083,-1.6368856580347244,,,,,,,,
D6-uniform_e30_r078,TA(0.40),0.11760271700000402,0.19,-0.16433600948459387,1.7576522434536292,0.027842174789584197,-1.5909289763540657,,,,,,,,
D6-uniform_e35_r078,adapt,0.058159991000003686,0.0,3.2223004668883806,-0.08403170248513081,-3.158245918064854,-0.044478160875360995,,,,,,,,
D6-uniform_e35_r078,adaptX,0.06102811400000263,0.0,-3.158245918064854,-0.044478160875360995,3.2223004668883806,-0.08403170248513081,,,,,,,,
D6-uniform_e35_r078,HA50,0.014242582000001391,,-3.1156098530875287,-0.012470278145982755,3.266893427086291,-0.054643385516789086,,,,,,,,
D6-uniform_e35_r078,TA(0.05),0.07294860500000055,0.0,-3.0977149097633094,-0.08069979210599473,3.28690068736105,-0.11384385985104804,,,,,,,,
D6-uniform_e35_r078,TA(0.10),0.07318632699999483,0.0,-2.8726637821351972,-0.10786125733330047,3.531887583283518,-0.15183922946811265,,,,,,,,
D6-uniform_e35_r078,TA(0.15),0.05991726599999936,0.0,3.531887583283518,-0.15183922946811265,-2.8726637821351972,-0.10786125733330047,,,,,,,,
D6-uniform_e35_r078,TA(0.25),0.05903871299999963,0.0,-2.745769631710348,-0.07536574879796445,3.6650654571312358,-0.13030670655195326,,,,,,,,
D6-uniform_e35_r078,TA(0.40),0.05945415099999707,0.17666666666666667,0.30656043611397077,1.2055494575603731,-0.050193123901571886,-1.3483452748008249,,,,,,,,
D7-p3_e25_r078,adapt,0.3377353879999987,0.25,-0.05978448188769057,-1.5792181934805012,0.9196896013242863,1.0730233611272264,0.10127603355773795,1.53288681374282,0.98417441229208,0.978513085789306,,,,
D7-p3_e25_r078,adaptX,2.4601092799999975,0.25,0.11044387787853603,1.5332142980352825,0.9913475638183269,0.9834570938264764,-0.05080607013136034,-1.581791292177407,0.92870337548752,1.0796113670821135,,,,
D7-p3_e25_r078,HA50,0.01444912499999873,,-3.2311336203108194,0.2401435115605723,0.3335651641783024,0.6663520695242721,24.85297413077996,-0.19231352191614876,0.16843066311885907,1.5063054410045886,,,,
D7-p3_e25_r078,TA(0.05),0.3417269879999978,0.12333333333333334,24.85297413077996,-0.19231352191614876,0.16843066311885907,1.5063054410045886,-0.028371694653602304,0.06230735757366128,0.7299233539583418,0.8336058587921856,,,,
D7-p3_e25_r078,TA(0.10),0.340730305000001,0.12333333333333334,-0.028371694653602304,0.06230735757366128,0.7299233539583418,0.8336058587921856,24.85297413077996,-0.19231352191614876,0.16843066311885907,1.5063054410045886,,,,
D7-p3_e25_r078,TA(0.15),0.3416269339999971,0.12333333333333334,24.355412462491007,-0.3939172928178135,0.2669316118919874,1.1318414156137488,-0.028371694653602304,0.06230735757366128,0.7299233539583418,0.8336058587921856,,,,
D7-p3_e25_r078,TA(0.25),0.3403996030000016,0.25,0.10127603355773795,1.53288681374282,0.98417441229208,0.978513085789306,-0.05978448188769057,-1.5792181934805012,0.9196896013242863,1.0730233611272264,,,,
D7-p3_e25_r078,TA(0.40),0.3416926979999957,0.25,-0.05093033522869629,-1.576766177626983,0.9126918224186602,1.0681746579185973,0.10922846587801623,1.5331663442048793,0.9800890769430624,0.9748114580076657,,,,
D7-p3_e30_r078,adapt,0.3127122490000005,0.27666666666666667,0.004440534504248002,1.5423586495564119,1.063016082084601,0.9530790897650787,-0.06068266219491687,-1.5578082801918096,0.9590256566643468,1.0075769256612763,,,,
D7-p3_e30_r078,adaptX,2.5504624499999977,0.27666666666666667,-0.06068266219491687,-1.5578082801918096,0.9590256566643468,1.0075769256612763,0.004440534504248002,1.5423586495564119,1.063016082084601,0.9530790897650787,,,,
D7-p3_e30_r078,HA50,0.015372005999999772,,2.9760914598066597,0.2060076460946202,0.8130403015039019,1.0449390568333272,-22.723643348635402,-0.9302603581383985,0.6191428260907197,0.9806224702066674,,,,
D7-p3_e30_r078,TA(0.05),0.3167354270000047,0.10666666666666667,-22.723643348635402,-0.9302603581383985,0.6191428260907197,0.9806224702066674,0.17150431264889676,-0.11822656025046288,1.0976594492124603,0.8927188665072058,,,,
D7-p3_e30_r078,TA(0.10),0.31560760800000054,0.10666666666666667,-22.723643348635402,-0.9302603581383985,0.6191428260907197,0.9806224702066674,0.17150431264889676,-0.11822656025046288,1.0976594492124603,0.8927188665072058,,,,
D7-p3_e30_r078,TA(0.15),0.3150369460000064,0.10666666666666667,0.17150431264889676,-0.11822656025046288,1.0976594492124603,0.8927188665072058,-22.723643348635402,-0.9302603581383985,0.6191428260907197,0.9806224702066674,,,,
D7-p3_e30_r078,TA(0.25),0.31602899399999984,0.27666666666666667,-0.06101782495616805,-1.5581023571235977,0.9572894608716536,1.0057768265452514,-0.0025257669298990844,1.542296237472176,1.062737118238282,0.9501657090801126,,,,
D7-p3_e30_r078,TA(0.40),0.3150682670000009,0.27666666666666667,-0.06068266219491687,-1.5578082801918096,0.9590256566643468,1.0075769256612763,0.004440534504248002,1.5423586495564119,1.063016082084601,0.9530790897650787,,,,
D7-p3_e35_r078,adapt,0.42347270999999864,0.17333333333333334,-21.484869117253762,-0.31920217099489123,1.3930133832553866,0.988899402000931,-0.10102011303640929,-0.35154766065018894,0.9573344528972089,1.2631201234006244,,,,
D7-p3_e35_r078,adaptX,2.351104968999998,0.35,0.42604067547959945,1.5476698850364938,0.9107427741856379,1.125809284627989,-0.12973703294656225,-1.4792251591312497,0.9659054784890005,1.0403256571099428,,,,
D7-p3_e35_r078,HA50,0.014670530000003623,,-21.33988789134066,-0.1315510959484754,1.2204473466357915,1.0716938675801129,4.430920648358002,-0.1599853225989636,0.8872079230427284,0.9817974719375083,,,,
D7-p3_e35_r078,TA(0.05),0.4274263440000041,0.17333333333333334,-0.05234640837642141,-0.39151244354484516,0.9561808812448941,1.2306990381392349,-21.484869117253762,-0.31920217099489123,1.3930133832553866,0.988899402000931,,,,
D7-p3_e35_r078,TA(0.10),0.4259020309999997,0.17333333333333334,-0.10102011303640929,-0.35154766065018894,0.9573344528972089,1.2631201234006244,-21.484869117253762,-0.31920217099489123,1.3930133832553866,0.988899402000931,,,,
D7-p3_e35_r078,TA(0.15),0.4263156880000025,0.17333333333333334,-0.10102011303640929,-0.35154766065018894,0.9573344528972089,1.2631201234006244,-21.484869117253762,-0.31920217099489123,1.3930133832553866,0.988899402000931,,,,
D7-p3_e35_r078,TA(0.25),0.42674264400000084,0.17333333333333334,-20.8340245039955,-1.3026536015184629,2.183386318998364,1.0950510887199278,-0.046185714991279526,-0.4099164190618862,0.9937626230407466,1.2862479362951516,,,,
D7-p3_e35_r078,TA(0.40),0.4267358160000043,0.35,0.3838726096989367,1.5802803370075529,0.9848424051830612,1.0839947374173744,-0.10194262789933646,-1.4744166391625544,0.9692619329872388,1.035364315790723,,,,
D8-K2par-sep_e25_r078,adapt,0.07681071399999695,0.24333333333333335,2.873817098055114,1.0289304876948113,-3.1150250998411155,0.9039417830741746,,,,,,,,
D8-K2par-sep_e25_r078,adaptX,0.058673952999996004,0.24333333333333335,2.873817098055114,1.0289304876948113,-3.1150250998411155,0.9039417830741746,,,,,,,,
D8-K2par-sep_e25_r078,HA50,0.009028931999999656,,23.962651982098812,0.5074155301953579,-3.011705530857978,1.442444500191352,,,,,,,,
D8-K2par-sep_e25_r078,TA(0.05),0.07760463800000394,0.10666666666666667,24.27428293066653,0.25694098409608573,-0.37092446132519374,1.1979689972192815,,,,,,,,
D8-K2par-sep_e25_r078,TA(0.10),0.0789176759999961,0.10666666666666667,-0.37092446132519374,1.1979689972192815,24.27428293066653,0.25694098409608573,,,,,,,,
D8-K2par-sep_e25_r078,TA(0.15),0.07878374500000263,0.11333333333333333,25.10421895890333,0.4697024840096938,-0.37092446132519374,1.1979689972192815,,,,,,,,
D8-K2par-sep_e25_r078,TA(0.25),0.07790111100000274,0.24333333333333335,2.873817098055114,1.0289304876948113,-3.1150250998411155,0.9039417830741746,,,,,,,,
D8-K2par-sep_e25_r078,TA(0.40),0.0798441359999984,0.24333333333333335,2.873817098055114,1.0289304876948113,-3.1150250998411155,0.9039417830741746,,,,,,,,
D8-K2par-sep_e30_r078,adapt,0.0798258940000025,0.29,3.1329194629927932,1.0515723230294587,-2.968571156970506,1.063897236150949,,,,,,,,
D8-K2par-sep_e30_r078,adaptX,0.05750921700000333,0.29,-2.968571156970506,1.063897236150949,3.1329194629927932,1.0515723230294587,,,,,,,,
D8-K2par-sep_e30_r078,HA50,0.008520363999998892,,-10.428702560844236,-2.9751299544761878,10.26804257286188,-2.9274336126133496,,,,,,,,
D8-K2par-sep_e30_r078,TA(0.05),0.08206184699999852,0.14,-0.030647761342877552,0.897350616083675,-20.729052452815832,0.20028549541316193,,,,,,,,
D8-K2par-sep_e30_r078,TA(0.10),0.08130047199999524,0.14,-0.08849917216391046,0.9238964901751651,-20.729052452815832,0.20028549541316193,,,,,,,,
D8-K2par-sep_e30_r078,TA(0.15),0.08334360799999985,0.14666666666666667,-0.08849917216391046,0.9238964901751651,-20.51226686008156,-0.2954273074507928,,,,,,,,
D8-K2par-sep_e30_r078,TA(0.25),0.0827261389999947,0.29,3.1329194629927932,1.0515723230294587,-2.968571156970506,1.063897236150949,,,,,,,,
D8-K2par-sep_e30_r078,TA(0.40),0.08074662299999602,0.29,-2.968571156970506,1.063897236150949,3.1329194629927932,1.0515723230294587,,,,,,,,
D8-K2par-sep_e35_r078,adapt,0.11998860399999955,0.35333333333333333,3.108961226428455,0.9522656728322909,-2.8760505658566085,1.0838032851177906,,,,,,,,
D8-K2par-sep_e35_r078,adaptX,0.11795304099999981,0.35333333333333333,-2.8760505658566085,1.0838032851177906,3.108961226428455,0.9522656728322909,,,,,,,,
D8-K2par-sep_e35_r078,HA50,0.02337424600000304,,4.824153568673332,1.2618368940366371,-23.06503360955761,0.7304444905413993,,,,,,,,
D8-K2par-sep_e35_r078,TA(0.05),0.1221263179999994,0.16,1.1397402412936186,1.3451263718073754,-23.06503360955761,0.7304444905413993,,,,,,,,
D8-K2par-sep_e35_r078,TA(0.10),0.12182930600000219,0.17,-23.06503360955761,0.7304444905413993,0.30965664706020674,1.2190755354352434,,,,,,,,
D8-K2par-sep_e35_r078,TA(0.15),0.12067864000000128,0.17,22.416093329151476,1.0113606766761378,-0.06845833581326327,1.3508641057277406,,,,,,,,
D8-K2par-sep_e35_r078,TA(0.25),0.12239473099999998,0.17,-23.06503360955761,0.7304444905413993,0.18261486092191337,1.1885575349077246,,,,,,,,
D8-K2par-sep_e35_r078,TA(0.40),0.12381935499999486,0.35333333333333333,3.108961226428455,0.9522656728322909,-2.8760505658566085,1.0838032851177906,,,,,,,,
D1-K2cross_e25_r079,adapt,0.0628836809999953,0.23333333333333334,0.09388894899056667,-1.4404633739127428,0.13222191419204452,1.586668351260028,,,,,,,,
D1-K2cross_e25_r079,adaptX,0.06494016499999589,0.23333333333333334,0.09388894899056667,-1.4404633739127428,0.13222191419204452,1.586668351260028,,,,,,,,
D1-K2cross_e25_r079,HA50,0.01001459499999413,,-3.001227395740533,0.11839258678137139,23.675588063417393,0.10309714693762176,,,,,,,,
D1-K2cross_e25_r079,TA(0.05),0.06511871600000063,0.11666666666666667,23.675588063417393,0.10309714693762176,0.013970573036091002,-0.058847054748773095,,,,,,,,
D1-K2cross_e25_r079,TA(0.10),0.06439273200000173,0.11666666666666667,-22.639066689744556,-0.2764819443931068,0.013970573036091002,-0.058847054748773095,,,,,,,,
D1-K2cross_e25_r079,TA(0.15),0.06433957699999837,0.11666666666666667,0.013970573036091002,-0.058847054748773095,23.675588063417393,0.10309714693762176,,,,,,,,
D1-K2cross_e25_r079,TA(0.25),0.06547344199999827,0.23333333333333334,0.09388894899056667,-1.4404633739127428,0.13222191419204452,1.586668351260028,,,,,,,,
D1-K2cross_e25_r079,TA(0.40),0.06600109900000461,0.23333333333333334,0.056632715171003725,-1.4153181498746392,0.11945541990387823,1.5851618216848344,,,,,,,,
D1-K2cross_e30_r079,adapt,0.11511612600000376,0.30333333333333334,0.1950446195272621,-1.576689539983548,0.18727068363852958,1.4903231258881096,,,,,,,,
D1-K2cross_e30_r079,adaptX,0.0717085359999956,0.30333333333333334,0.21011402547269287,-1.5714509148574756,0.20239541081563184,1.4956187884662795,,,,,,,,
D1-K2cross_e30_r079,HA50,0.011647112999995102,,4.181568442489648,0.2090129830794949,-23.06392766949286,-0.28955274935414455,,,,,,,,
D1-K2cross_e30_r079,TA(0.05),0.11659626999999517,0.14333333333333334,0.41795328506709195,-0.16114497966656519,-23.06392766949286,-0.28955274935414455,,,,,,,,
D1-K2cross_e30_r079,TA(0.10),0.11814543299999514,0.14333333333333334,0.41795328506709195,-0.16114497966656519,-23.06392766949286,-0.28955274935414455,,,,,,,,
D1-K2cross_e30_r079,TA(0.15),0.11589258099999711,0.14333333333333334,0.41795328506709195,-0.16114497966656519,-23.06392766949286,-0.28955274935414455,,,,,,,,
D1-K2cross_e30_r079,TA(0.25),0.11663022799999823,0.14666666666666667,0.6202013898202925,-0.44896428672747934,-20.166236418425754,-2.5383782958119214,,,,,,,,
D1-K2cross_e30_r079,TA(0.40),0.11715675299999617,0.30333333333333334,0.2330155105331425,1.4876841025475938,0.22462758475767217,-1.5761534543158895,,,,,,,,
D1-K2cross_e35_r079,adapt,0.10997653700000143,0.38,0.1248109838491574,-1.4718219197226374,-0.02653041228117875,1.5323889130780033,,,,,,,,
D1-K2cross_e35_r079,adaptX,0.13090321499999646,0.38,0.1223147693817363,-1.4749168792782084,-0.0019693697540765736,1.5308504470073996,,,,,,,,
D1-K2cross_e35_r079,HA50,0.02342044000000243,,5.259188021885691,0.3140821399077688,-23.012117947538858,0.3797935203971508,,,,,,,,
D1-K2cross_e35_r079,TA(0.05),0.11133157300000107,0.05333333333333334,-12.901169029674694,5.108504703736241,11.156237747290382,6.18291222451804,,,,,,,,
D1-K2cross_e35_r079,TA(0.10),0.11088575599999473,0.17666666666666667,-0.027070949808208677,0.2009164320173001,-23.012117947538858,0.3797935203971508,,,,,,,,
D1-K2cross_e35_r079,TA(0.15),0.11158058099999835,0.17666666666666667,-23.012117947538858,0.3797935203971508,-0.027070949808208677,0.2009164320173001,,,,,,,,
D1-K2cross_e35_r079,TA(0.25),0.11288615400000168,0.17666666666666667,-0.027070949808208677,0.2009164320173001,-23.012117947538858,0.3797935203971508,,,,,,,,
D1-K2cross_e35_r079,TA(0.40),0.11367674199999556,0.38,-0.015534846257373646,1.530338251371372,0.1370083117410121,-1.4748887393437229,,,,,,,,
D2-K3par_e25_r079,adapt,0.3696890659999994,0.24666666666666667,-3.090226434665238,1.0263756462627627,0.024092061788302224,0.9388089796438728,2.886003075236726,0.8902596401489523,,,,,,
D2-K3par_e25_r079,adaptX,0.30679220700000087,0.24666666666666667,0.09772690915566434,0.954175043133976,-3.090226434665238,1.0263756462627627,2.9603864960281183,0.9040750237005106,,,,,,
D2-K3par_e25_r079,HA50,0.017604849999997896,,23.510369172041912,0.8116152243466181,-22.277178732993455,0.6155734908139215,0.03271386081670942,0.8457875429226417,,,,,,
D2-K3par_e25_r079,TA(0.05),0.37405153500000665,0.0033333333333333335,23.510369172041912,0.8116152243466181,-0.018565979566202193,0.847513889162053,-22.277178732993455,0.6155734908139215,,,,,,
D2-K3par_e25_r079,TA(0.10),0.3713002920000008,0.0033333333333333335,23.510369172041912,0.8116152243466181,-0.018565979566202193,0.847513889162053,-22.277178732993455,0.6155734908139215,,,,,,
D2-K3par_e25_r079,TA(0.15),0.37383779600000366,0.11,-2.4058402150671676,0.9628179345387812,-22.277178732993455,0.6155734908139215,2.049745495691998,0.9144126170205387,,,,,,
D2-K3par_e25_r079,TA(0.25),0.37220224099999655,0.24666666666666667,-3.090226434665238,1.0263756462627627,2.886003075236726,0.8902596401489523,0.024092061788302224,0.9388089796438728,,,,,,
D2-K3par_e25_r079,TA(0.40),0.37226426299999815,0.24666666666666667,2.886003075236726,0.8902596401489523,-3.090226434665238,1.0263756462627627,0.024092061788302224,0.9388089796438728,,,,,,
D2-K3par_e30_r079,adapt,0.35039262399999416,0.07666666666666666,14.066708830191388,-3.493379858397228,-0.017547198109236366,0.20833907669576834,-14.357170802636665,-2.702260819027028,,,,,,
D2-K3par_e30_r079,adaptX,0.3755603950000008,0.13666666666666666,2.36999117018224,0.9440058551397158,22.442426273255982,1.7895439808406113,-2.358186581488583,1.1623849185136617,,,,,,
D2-K3par_e30_r079,HA50,0.01754706500000225,,-21.426704690483508,1.2893628297462805,0.08813792318801933,0.9704115710958704,22.442426273255982,1.7895439808406113,,,,,,
D2-K3par_e30_r079,TA(0.05),0.3538340459999958,0.0,22.442426273255982,1.7895439808406113,0.08813792318801933,0.9704115710958704,-21.426704690483508,1.2893628297462805,,,,,,
D2-K3par_e30_r079,TA(0.10),0.35313481000000024,0.0,22.442426273255982,1.7895439808406113,0.08813792318801933,0.9704115710958704,-21.426704690483508,1.2893628297462805,,,,,,
D2-K3par_e30_r079,TA(0.15),0.3544307099999955,0.13666666666666666,-2.358186581488583,1.1623849185136617,22.442426273255982,1.7895439808406113,2.36999117018224,0.9440058551397158,,,,,,
D2-K3par_e30_r079,TA(0.25),0.3512554240000014,0.13666666666666666,22.442426273255982,1.7895439808406113,2.36999117018224,0.9440058551397158,-2.358186581488583,1.1623849185136617,,,,,,
D2-K3par_e30_r079,TA(0.40),0.3540447130000004,0.28,0.16811582410805884,0.902475504041025,-3.02082521358075,0.9581537072429174,3.163804743998749,1.0109750942584095,,,,,,
D2-K3par_e35_r079,adapt,0.424598189000001,0.006666666666666667,-21.72671430300964,1.8498039040351961,-0.05060406390176575,1.0490925212300908,22.29913252114573,1.422539030496985,,,,,,
D2-K3par_e35_r079,adaptX,0.45483879700000074,0.16666666666666666,-2.6150131543911033,1.0613456849131842,2.187594130798202,0.8270769321913531,22.479295337945697,1.604543836378833,,,,,,
D2-K3par_e35_r079,HA50,0.016651275999997495,,22.29913252114573,1.422539030496985,-21.90620270363609,1.598766198268489,-0.10320466765204198,1.0956836596179869,,,,,,
D2-K3par_e35_r079,TA(0.05),0.42593843099999873,0.01,-0.05060406390176575,1.0490925212300908,-21.72671430300964,1.8498039040351961,22.479295337945697,1.604543836378833,,,,,,
D2-K3par_e35_r079,TA(0.10),0.4258781859999985,0.01,-0.05060406390176575,1.0490925212300908,-21.72671430300964,1.8498039040351961,22.479295337945697,1.604543836378833,,,,,,
D2-K3par_e35_r079,TA(0.15),0.42573944899999816,0.01,-0.05060406390176575,1.0490925212300908,22.479295337945697,1.604543836378833,-21.72671430300964,1.8498039040351961,,,,,,
D2-K3par_e35_r079,TA(0.25),0.4269017629999965,0.16666666666666666,22.479295337945697,1.604543836378833,-2.6150131543911033,1.0613456849131842,2.187594130798202,0.8270769321913531,,,,,,
D2-K3par_e35_r079,TA(0.40),0.4259697490000036,0.18666666666666668,3.3163375717947714,1.073978209473387,0.40915311814822086,0.9057073940307997,-2.944531691685905,0.9913681229905519,,,,,,
D3-unequal_e25_r079,adapt,0.06791081800000143,0.23666666666666666,-0.09093504621206754,-1.5030798048516352,0.36472624585074576,1.3982907020589705,,,,,,,,
D3-unequal_e25_r079,adaptX,0.06556523900000144,0.23666666666666666,0.36472624585074576,1.3982907020589705,-0.09093504621206754,-1.5030798048516352,,,,,,,,
D3-unequal_e25_r079,HA50,0.011490016999999852,,-2.551385749268083,-0.2932950675693223,23.09187827462337,-0.5792257611793518,,,,,,,,
D3-unequal_e25_r079,TA(0.05),0.06952902100000102,0.10666666666666667,0.061934933854771425,-0.668731831101475,23.09187827462337,-0.5792257611793518,,,,,,,,
D3-unequal_e25_r079,TA(0.10),0.06946828599999577,0.10666666666666667,23.09187827462337,-0.5792257611793518,0.061934933854771425,-0.668731831101475,,,,,,,,
D3-unequal_e25_r079,TA(0.15),0.07059921000000458,0.13333333333333333,-0.044396246385002475,-0.8665394459939066,23.09187827462337,-0.5792257611793518,,,,,,,,
D3-unequal_e25_r079,TA(0.25),0.07062230300000039,0.23333333333333334,-0.0708278379227395,-1.5039419240052456,0.29081664133519786,1.4491353891301764,,,,,,,,
D3-unequal_e25_r079,TA(0.40),0.0705131630000011,0.23333333333333334,-0.060456439039061845,-1.5043574656707854,0.31378308595994026,1.4017385659011048,,,,,,,,
D3-unequal_e30_r079,adapt,0.06363707999999946,0.30333333333333334,0.059320952348333074,1.474558171279352,0.04019981382956627,-1.4982136983719692,,,,,,,,
D3-unequal_e30_r079,adaptX,0.07678332100000063,0.17,0.22736506308916124,-1.0097126653432962,-23.612834105671293,-0.7221870867098685,,,,,,,,
D3-unequal_e30_r079,HA50,0.010703063999997653,,3.5767630187902406,-0.9010690265267948,-23.612834105671293,-0.7221870867098685,,,,,,,,
D3-unequal_e30_r079,TA(0.05),0.06598381099999528,0.13,-23.612834105671293,-0.7221870867098685,0.4050945096840827,-0.6784829395630111,,,,,,,,
D3-unequal_e30_r079,TA(0.10),0.07154391099999913,0.13,-23.612834105671293,-0.7221870867098685,0.4050945096840827,-0.6784829395630111,,,,,,,,
D3-unequal_e30_r079,TA(0.15),0.06524010600000452,0.13,0.4050945096840827,-0.6784829395630111,-23.612834105671293,-0.7221870867098685,,,,,,,,
D3-unequal_e30_r079,TA(0.25),0.06567844600000683,0.15333333333333332,0.23713462497496499,-0.9649144497112044,-23.612834105671293,-0.7221870867098685,,,,,,,,
D3-unequal_e30_r079,TA(0.40),0.0651848099999981,0.30333333333333334,0.041780409897764256,-1.498151853374045,0.06257565108602026,1.4741795739037118,,,,,,,,
D3-unequal_e35_r079,adapt,0.06273963699999996,0.31333333333333335,-0.011530281214379396,-1.5011520475991293,0.02883325207629496,1.484794873186727,,,,,,,,
D3-unequal_e35_r079,adaptX,0.06650873399999568,0.31333333333333335,-0.011530281214379396,-1.5011520475991293,0.02883325207629496,1.484794873186727,,,,,,,,
D3-unequal_e35_r079,HA50,0.011122335999999677,,22.43621225284296,-0.47133230815575705,-3.9939595963370107,-0.7501485299440237,,,,,,,,
D3-unequal_e35_r079,TA(0.05),0.06449059199999851,0.15333333333333332,22.84509100087069,-0.8255296290554525,0.0720082414625874,-0.5459509338488199,,,,,,,,
D3-unequal_e35_r079,TA(0.10),0.06353088500000581,0.15333333333333332,0.0720082414625874,-0.5459509338488199,22.84509100087069,-0.8255296290554525,,,,,,,,
D3-unequal_e35_r079,TA(0.15),0.06379869499999558,0.15333333333333332,0.0720082414625874,-0.5459509338488199,22.84509100087069,-0.8255296290554525,,,,,,,,
D3-unequal_e35_r079,TA(0.25),0.06352753800000244,0.15333333333333332,22.84509100087069,-0.8255296290554525,0.0720082414625874,-0.5459509338488199,,,,,,,,
D3-unequal_e35_r079,TA(0.40),0.06496393200000483,0.31333333333333335,0.02883325207629496,1.484794873186727,-0.011530281214379396,-1.5011520475991293,,,,,,,,
D4-hetero_e25_r079,adapt,0.058337653999998906,0.27666666666666667,0.14551835812973474,1.5589713825258227,-0.10913792162939667,-1.5238635113230863,,,,,,,,
D4-hetero_e25_r079,adaptX,0.06544829299999577,0.27666666666666667,0.1225536503418254,1.5701905663083973,-0.10913792162939667,-1.5238635113230863,,,,,,,,
D4-hetero_e25_r079,HA50,0.012526549999996917,,22.839549409557858,0.3744385236142326,-3.357551284716474,0.04860688145277176,,,,,,,,
D4-hetero_e25_r079,TA(0.05),0.060866259999997396,0.12666666666666668,22.839549409557858,0.3744385236142326,0.04420301169126776,0.1566745431274784,,,,,,,,
D4-hetero_e25_r079,TA(0.10),0.05929170600000333,0.12666666666666668,22.839549409557858,0.3744385236142326,0.04420301169126776,0.1566745431274784,,,,,,,,
D4-hetero_e25_r079,TA(0.15),0.05922112199999674,0.12666666666666668,0.04420301169126776,0.1566745431274784,22.839549409557858,0.3744385236142326,,,,,,,,
D4-hetero_e25_r079,TA(0.25),0.06100983500000012,0.27666666666666667,0.14551835812973474,1.5589713825258227,-0.10913792162939667,-1.5238635113230863,,,,,,,,
D4-hetero_e25_r079,TA(0.40),0.06091236099999975,0.27666666666666667,-0.09499743765568586,-1.5238415539890413,0.10909976368718,1.5703081590808292,,,,,,,,
D4-hetero_e30_r079,adapt,0.060313250000000096,0.28,-0.02252708892984751,-1.4621425149952474,0.048584453263428175,1.5541308580756674,,,,,,,,
D4-hetero_e30_r079,adaptX,0.06861961300000274,0.2833333333333333,0.029097716791953967,1.548864693902458,-0.05631548120747045,-1.4644243738175706,,,,,,,,
D4-hetero_e30_r079,HA50,0.011106146999999567,,3.4292881027054607,0.039238935399339606,-23.802612029368262,-0.04584266098687118,,,,,,,,
D4-hetero_e30_r079,TA(0.05),0.06240270300000361,0.13,-0.12902850803035432,-0.09535103673517671,-23.802612029368262,-0.04584266098687118,,,,,,,,
D4-hetero_e30_r079,TA(0.10),0.06768512000000015,0.13,-23.802612029368262,-0.04584266098687118,-0.12902850803035432,-0.09535103673517671,,,,,,,,
D4-hetero_e30_r079,TA(0.15),0.062194190999996124,0.13,-0.12902850803035432,-0.09535103673517671,-23.802612029368262,-0.04584266098687118,,,,,,,,
D4-hetero_e30_r079,TA(0.25),0.06254468699999904,0.13333333333333333,-18.27262033370627,-3.688508876043767,0.39892442185171867,-0.6811125675580041,,,,,,,,
D4-hetero_e30_r079,TA(0.40),0.06299373799999586,0.28,-0.024989683431146274,-1.4622292503601149,0.058450036331910156,1.5543519957103074,,,,,,,,
D4-hetero_e35_r079,adapt,0.06278411499999947,0.3333333333333333,-0.020708624599021938,-1.5365490116205884,-0.1632063564899784,1.5626828770841612,,,,,,,,
D4-hetero_e35_r079,adaptX,0.06137819099999575,0.3333333333333333,-0.1632063564899784,1.5626828770841612,-0.020708624599021938,-1.5365490116205884,,,,,,,,
D4-hetero_e35_r079,HA50,0.011405817000003537,,-22.35820988033644,-0.5434341216427957,4.629828744394461,0.1135102682255829,,,,,,,,
D4-hetero_e35_r079,TA(0.05),0.06440240700000288,0.16,-22.35820988033644,-0.5434341216427957,0.2922361642609576,-0.14231357835642489,,,,,,,,
D4-hetero_e35_r079,TA(0.10),0.06568522200000615,0.16,0.2922361642609576,-0.14231357835642489,-22.35820988033644,-0.5434341216427957,,,,,,,,
D4-hetero_e35_r079,TA(0.15),0.0643217490000012,0.16,-22.35820988033644,-0.5434341216427957,0.2922361642609576,-0.14231357835642489,,,,,,,,
D4-hetero_e35_r079,TA(0.25),0.06366020800000172,0.16,-22.35820988033644,-0.5434341216427957,0.2922361642609576,-0.14231357835642489,,,,,,,,
D4-hetero_e35_r079,TA(0.40),0.06532679699999733,0.3333333333333333,-0.1632063564899784,1.5626828770841612,-0.020708624599021938,-1.5365490116205884,,,,,,,,
D5-leverage_e25_r079,adapt,0.05497886300000232,0.006666666666666667,-2.3312728400314904,0.12055166215292651,2.349239779723784,-0.12486510664325567,,,,,,,,
D5-leverage_e25_r079,adaptX,0.06315362999999508,0.07666666666666666,2.2709527744031126,-0.09490723547000869,-2.442220465908624,0.13219140548801211,,,,,,,,
D5-leverage_e25_r079,HA50,0.010875656999999705,,2.195064009718091,-0.10754290690032708,-2.6136225180746955,0.13892248945568014,,,,,,,,
D5-leverage_e25_r079,TA(0.05),0.05600782499999468,0.006666666666666667,-2.318742501687926,0.13943651004219362,2.3604554852952724,-0.10242530644805556,,,,,,,,
D5-leverage_e25_r079,TA(0.10),0.05674260299999645,0.006666666666666667,2.2114560003382264,-0.10911946237934188,-2.516354353441282,0.14133376403083478,,,,,,,,
D5-leverage_e25_r079,TA(0.15),0.05666249400000112,0.006666666666666667,2.8060343815652686,-0.15766132335944183,-1.7906036961469207,0.07512686409430336,,,,,,,,
D5-leverage_e25_r079,TA(0.25),0.05706494100000015,0.006666666666666667,-1.4416519113684554,0.01175888280357685,3.04022672997269,-0.19783035933821053,,,,,,,,
D5-leverage_e25_r079,TA(0.40),0.058562711000000434,0.25333333333333335,-0.0019361519245304857,1.495141122199911,0.0690840519253814,-1.559026983161937,,,,,,,,
D5-leverage_e30_r079,adapt,0.057699423999999055,0.0,-2.5940253489646676,0.10825603788345743,1.9562162917180352,-0.08569387725423766,,,,,,,,
D5-leverage_e30_r079,adaptX,0.06127318000000059,0.02,1.9596668410662201,-0.07927900684857081,-2.5906504941867263,0.11613881058575887,,,,,,,,
D5-leverage_e30_r079,HA50,0.011289284000000066,,-2.5263386235609286,0.09909725611548723,2.021728459464361,-0.09478932767284534,,,,,,,,
D5-leverage_e30_r079,TA(0.05),0.060125155000001484,0.0,2.021728459464361,-0.09478932767284534,-2.5263386235609286,0.09909725611548723,,,,,,,,
D5-leverage_e30_r079,TA(0.10),0.06196436700000163,0.0,1.933712453344196,-0.08247700177591306,-2.616757652828255,0.11142029627248082,,,,,,,,
D5-leverage_e30_r079,TA(0.15),0.06614092000000227,0.0,-2.716915475372585,0.12270207349603704,1.83307984505659,-0.07106443383134575,,,,,,,,
D5-leverage_e30_r079,TA(0.25),0.061450886000002924,0.0,-2.8666398885828435,0.14058251347650813,1.6245310063394807,-0.04424944282091818,,,,,,,,
D5-leverage_e30_r079,TA(0.40),0.05888482900000014,0.0,-2.4437508367690812,0.0703577453969435,2.067195332625334,-0.12142766278472804,,,,,,,,
D5-leverage_e35_r079,adapt,0.06023960299999942,0.006666666666666667,-1.9559972739328206,0.06293174230618848,2.388752578457453,-0.10500069769619143,,,,,,,,
D5-leverage_e35_r079,adaptX,0.05995846599999766,0.01,-1.957780329720235,0.07964878333132723,2.389255920159872,-0.09467516281417761,,,,,,,,
D5-leverage_e35_r079,HA50,0.010489458999998647,,-1.9974773503507872,0.08263366128571703,2.4131855765638,-0.09443426074362744,,,,,,,,
D5-leverage_e35_r079,TA(0.05),0.0643404500000031,0.006666666666666667,2.389255920159872,-0.09467516281417761,-1.9569317039892355,0.07526552455247927,,,,,,,,
D5-leverage_e35_r079,TA(0.10),0.061703884000003484,0.0033333333333333335,-2.0384361863724405,0.0871068496840742,2.349577825207582,-0.09042842587549824,,,,,,,,
D5-leverage_e35_r079,TA(0.15),0.06205164900000426,0.0033333333333333335,-1.994347841769051,0.08964956613039339,2.355236858246258,-0.08188356125091413,,,,,,,,
D5-leverage_e35_r079,TA(0.25),0.0615939240000003,0.006666666666666667,2.236109722174045,-0.05104171503925357,-2.1176631199441593,0.12265833963009065,,,,,,,,
D5-leverage_e35_r079,TA(0.40),0.061550801999999294,0.006666666666666667,-2.0693547193023814,0.06510820217040056,2.2764921600400334,-0.10123248746372698,,,,,,,,
D6-uniform_e25_r079,adapt,0.1190734710000001,0.17333333333333334,0.42551980551344215,1.6204860290913274,-0.0756052137223969,-1.8367660162098522,,,,,,,,
D6-uniform_e25_r079,adaptX,0.11702198500000094,0.18666666666666668,0.4222074584958013,1.6208414491526977,-0.09641076773503521,-1.7906362218150267,,,,,,,,
D6-uniform_e25_r079,HA50,0.023195023999996067,,-3.0610081606526953,-0.07861067525761979,4.179516155730077,-0.08783587192283364,,,,,,,,
D6-uniform_e25_r079,TA(0.05),0.12209120899999704,0.13333333333333333,-0.31161970220006296,-2.0787563523251302,0.30193059563819624,1.7427955933968533,,,,,,,,
D6-uniform_e25_r079,TA(0.10),0.12068344800000119,0.14666666666666667,-0.29055885345337196,-2.058899616636158,0.3772662639094494,1.6075661440209792,,,,,,,,
D6-uniform_e25_r079,TA(0.15),0.12103066099999893,0.15,-0.1255123594639396,-1.9789699762306316,0.41784581919597863,1.6212714800314183,,,,,,,,
D6-uniform_e25_r079,TA(0.25),0.12110459499999848,0.19666666666666666,0.34046899602704095,1.5709484209390914,-0.0884601168238795,-1.7579215532382528,,,,,,,,
D6-uniform_e25_r079,TA(0.40),0.12201797399999492,0.21333333333333335,0.1572380316264547,1.4608328599748237,-0.08337847757332274,-1.791003253677106,,,,,,,,
D6-uniform_e30_r079,adapt,0.08057939700000105,0.09333333333333334,-0.4343857383766951,1.091427706586448,-0.9548919387750484,-1.3470185571841677,,,,,,,,
D6-uniform_e30_r079,adaptX,0.061899308000000985,0.0,2.1349575633444466,-0.0017865306649581933,-3.3815805292688093,-0.17278187649581686,,,,,,,,
D6-uniform_e30_r079,HA50,0.013684691000001692,,2.211776292011249,0.011216738788542222,-3.309009608766257,-0.15991860088825643,,,,,,,,
D6-uniform_e30_r079,TA(0.05),0.0836514239999957,0.0,1.871293329285599,-0.005718834669259902,-3.6316523885776877,-0.17702462624991322,,,,,,,,
D6-uniform_e30_r079,TA(0.10),0.0833479459999964,0.0,2.214820824382935,0.041367150062020526,-3.306893696998324,-0.13023311388854253,,,,,,,,
D6-uniform_e30_r079,TA(0.15),0.08155797800000641,0.0033333333333333335,-3.147685733956579,-0.1175393056417962,2.3545107304181343,0.07768044657879195,,,,,,,,
D6-uniform_e30_r079,TA(0.25),0.08395691200000499,0.13333333333333333,-0.13060929242608316,1.4210960683190519,-0.2810605314056495,-1.0567257548213747,,,,,,,,
D6-uniform_e30_r079,TA(0.40),0.08367875399999747,0.15333333333333332,-0.14510020191132525,1.1678418449115033,0.043090773281756076,-1.1546973191204957,,,,,,,,
D6-uniform_e35_r079,adapt,0.1213577720000032,0.0,-3.764922657151359,0.26319226211242847,3.7433316118524584,0.2059335350942158,,,,,,,,
D6-uniform_e35_r079,adaptX,0.12139629800000051,0.0,3.7433316118524584,0.2059335350942158,-3.764922657151359,0.26319226211242847,,,,,,,,
D6-uniform_e35_r079,HA50,0.024153402999999685,,3.7433316118524584,0.2059335350942158,-3.764922657151359,0.26319226211242847,,,,,,,,
D6-uniform_e35_r079,TA(0.05),0.12234007099999644,0.0,-3.764922657151359,0.26319226211242847,3.7433316118524584,0.2059335350942158,,,,,,,,
D6-uniform_e35_r079,TA(0.10),0.1229674280000026,0.0,-4.10654716213512,0.23757578632594853,3.468380411134468,0.1660605123527977,,,,,,,,
D6-uniform_e35_r079,TA(0.15),0.12285289100000085,0.13666666666666666,-0.06718602749100375,-1.4591332436316466,-0.07801853435659117,2.1701986742617474,,,,,,,,
D6-uniform_e35_r079,TA(0.25),0.12352544900000595,0.13666666666666666,-0.009908732667344499,2.1031649173457203,-0.1503213881142473,-1.4578386758137665,,,,,,,,
D6-uniform_e35_r079,TA(0.40),0.1259618700000047,0.17,-0.0793824767916199,1.8834997201385602,-0.08763687992875643,-1.4665034918337287,,,,,,,,
D7-p3_e25_r079,adapt,0.32411577499999566,0.2633333333333333,-0.1061468061180909,-1.4731775122168693,0.9972784347580523,0.9784321375902586,-0.10342939857797827,1.5698920632064703,1.1220899259503212,0.9307227363334357,,,,
D7-p3_e25_r079,adaptX,2.704258591999995,0.2633333333333333,-0.09958344998052882,1.5805023517509236,1.097794075475693,0.9099978176499237,-0.09453999609365536,-1.4608205986864782,0.9740023025896795,0.9535794147148665,,,,
D7-p3_e25_r079,HA50,0.015294581000006247,,23.33348755935724,-1.8370920935542017,0.3252509171666331,1.1442500830077533,-3.309240799939935,-0.21866920716165097,1.0174864650756636,0.6853257385900381,,,,
D7-p3_e25_r079,TA(0.05),0.326700086999999,0.13,23.33348755935724,-1.8370920935542017,0.3252509171666331,1.1442500830077533,-0.039211989939547,0.05769488060620176,0.994770646704455,0.8802709585359828,,,,
D7-p3_e25_r079,TA(0.10),0.3253849680000016,0.13,23.33348755935724,-1.8370920935542017,0.3252509171666331,1.1442500830077533,-0.039211989939547,0.05769488060620176,0.994770646704455,0.8802709585359828,,,,
D7-p3_e25_r079,TA(0.15),0.32719123300000064,0.13,23.33348755935724,-1.8370920935542017,0.3252509171666331,1.1442500830077533,-0.039211989939547,0.05769488060620176,0.994770646704455,0.8802709585359828,,,,
D7-p3_e25_r079,TA(0.25),0.3265073040000033,0.2633333333333333,-0.06755465783638394,-1.4792245422235029,1.0237503339353298,0.9864986597495803,-0.04964492396604227,1.5641469755601702,1.1565378460638336,0.9379945133581057,,,,
D7-p3_e25_r079,TA(0.40),0.32801163799999955,0.2633333333333333,-0.08024764313826938,-1.4643358354699276,0.9715799645257258,0.9642171660370858,-0.08192919361136977,1.5758137791511029,1.0933587614499742,0.9211884390322407,,,,
D7-p3_e30_r079,adapt,0.31709163200000035,0.31,-0.16172853033794357,-1.3545431524982814,0.933908660811065,0.9550389365364724,0.18852835375458774,1.5054456877210407,1.0435049177321425,0.9410897883691255,,,,
D7-p3_e30_r079,adaptX,2.5387308180000048,0.31,-0.18552295742454464,-1.3637800382585854,0.9505043293683392,0.9659581792023009,0.17670442046236995,1.4987431301081495,1.0552572564510934,0.9485945793748793,,,,
D7-p3_e30_r079,HA50,0.019097047999999006,,24.31603120762205,0.46400504160811207,1.4083130062594833,0.37077572586232505,-4.165707329557191,0.42538180027136957,0.8442717954352755,0.11793035430919514,,,,
D7-p3_e30_r079,TA(0.05),0.3210027769999968,0.17,0.021325691277311848,0.28491454604785205,1.011946668854433,0.877148135462154,24.31603120762205,0.46400504160811207,1.4083130062594833,0.37077572586232505,,,,
D7-p3_e30_r079,TA(0.10),0.31811094699999387,0.14,0.2012034441811335,0.15258581108712418,1.0457405372961572,0.8111482829220471,-21.62217083639074,-0.1576639971956424,0.90013347935546,0.574537681712634,,,,
D7-p3_e30_r079,TA(0.15),0.31976583899999866,0.14333333333333334,-21.316588995565823,-0.4761684602482036,0.5905944004974631,0.43195173039375057,0.2012034441811335,0.15258581108712418,1.0457405372961572,0.8111482829220471,,,,
D7-p3_e30_r079,TA(0.25),0.31993684799999755,0.17,0.939429762753103,0.6685162619635889,1.2423253630253437,0.8728156144366804,-17.68256134450904,4.793156563159891,1.707101546346313,-0.12173025849302567,,,,
D7-p3_e30_r079,TA(0.40),0.3184066009999995,0.31,-0.1901482819652779,-1.3636870553855078,0.9463675795029876,0.9652751466061694,0.18224122428349065,1.4981193420382821,1.0590459133945236,0.949367050513311,,,,
D7-p3_e35_r079,adapt,0.290282076000004,0.17333333333333334,22.210193191771157,0.3314737060326955,0.8017473053492511,1.7261655852612041,-0.30600206253460854,-0.17230218662939772,1.0897279368195332,0.9630013090515183,,,,
D7-p3_e35_r079,adaptX,2.767968341999996,0.19,21.878953659416336,0.51597298335933,0.9165094571598578,2.0641895135625687,-0.39183023258012456,-0.23845185824742185,1.1633645925520053,1.0359519167245794,,,,
D7-p3_e35_r079,HA50,0.013635950999997704,,-5.033299935175655,-0.2685625783958999,1.2453326258809336,1.3918799472864005,22.068641962610904,0.21406886383911058,0.7464661373135765,1.5505884278045687,,,,
D7-p3_e35_r079,TA(0.05),0.2922296369999984,0.17,22.068641962610904,0.21406886383911058,0.7464661373135765,1.5505884278045687,-0.3835487013281843,-0.13523241165206962,1.1418203428461262,1.0200244899387392,,,,
D7-p3_e35_r079,TA(0.10),0.29184805199999886,0.17,22.068641962610904,0.21406886383911058,0.7464661373135765,1.5505884278045687,-0.30600206253460854,-0.17230218662939772,1.0897279368195332,0.9630013090515183,,,,
D7-p3_e35_r079,TA(0.15),0.2928808690000011,0.17,22.068641962610904,0.21406886383911058,0.7464661373135765,1.5505884278045687,-0.30600206253460854,-0.17230218662939772,1.0897279368195332,0.9630013090515183,,,,
D7-p3_e35_r079,TA(0.25),0.29140302900000137,0.2,-0.6087493863608209,-0.06738268445718114,0.9323980705530773,1.128787958729143,18.632183420946056,1.7572129494306399,-0.819083795538953,4.596254955548772,,,,
D7-p3_e35_r079,TA(0.40),0.2911419269999982,0.38333333333333336,-0.03279675261922577,1.5293713896778258,1.0856189508630767,0.9803401731918351,0.0693931113803103,-1.5600690102909922,0.9596859304672812,0.9546205548777045,,,,
D8-K2par-sep_e25_r079,adapt,0.12058870899999619,0.24,3.2086070999924714,1.0188948522285861,-2.974808325401577,1.0065342897700595,,,,,,,,
D8-K2par-sep_e25_r079,adaptX,0.09623868500000299,0.24,3.2086070999924714,1.0188948522285861,-2.974808325401577,1.0065342897700595,,,,,,,,
D8-K2par-sep_e25_r079,HA50,0.012969283999993308,,-22.12587070721398,0.8704183625697524,2.698201156286854,0.8832471992161748,,,,,,,,
D8-K2par-sep_e25_r079,TA(0.05),0.12303862899999984,0.09666666666666666,-22.373067770444077,0.6617004161299822,0.11084503596854281,0.940229585199389,,,,,,,,
D8-K2par-sep_e25_r079,TA(0.10),0.12515214100000094,0.09666666666666666,-22.373067770444077,0.6617004161299822,0.11084503596854281,0.940229585199389,,,,,,,,
D8-K2par-sep_e25_r079,TA(0.15),0.12299389700000063,0.09666666666666666,-22.373067770444077,0.6617004161299822,0.11084503596854281,0.940229585199389,,,,,,,,
D8-K2par-sep_e25_r079,TA(0.25),0.12305691400000285,0.24,3.2086070999924714,1.0188948522285861,-2.974808325401577,1.0065342897700595,,,,,,,,
D8-K2par-sep_e25_r079,TA(0.40),0.12279623399999906,0.24,3.2086070999924714,1.0188948522285861,-2.974808325401577,1.0065342897700595,,,,,,,,
D8-K2par-sep_e30_r079,adapt,0.11838053200000331,0.30333333333333334,-3.030046480405461,0.9635450899187419,2.9810189014052955,0.979419992423209,,,,,,,,
D8-K2par-sep_e30_r079,adaptX,0.11619605799999988,0.30333333333333334,2.9810189014052955,0.979419992423209,-3.030046480405461,0.9635450899187419,,,,,,,,
D8-K2par-sep_e30_r079,HA50,0.023969704000002423,,21.45599908260217,1.5335432327791996,-3.2869304208756494,1.044288428911685,,,,,,,,
D8-K2par-sep_e30_r079,TA(0.05),0.12117334599999907,0.13,21.667153825914983,1.5681727337099658,0.4071280485492007,1.1063403470649207,,,,,,,,
D8-K2par-sep_e30_r079,TA(0.10),0.12166430700000319,0.13,0.45653059700308246,1.1240092205814962,21.884261317204487,1.6346242898201264,,,,,,,,
D8-K2par-sep_e30_r079,TA(0.15),0.12202545500000639,0.13,0.45653059700308246,1.1240092205814962,21.884261317204487,1.6346242898201264,,,,,,,,
D8-K2par-sep_e30_r079,TA(0.25),0.12063372500000469,0.13,0.45653059700308246,1.1240092205814962,21.884261317204487,1.6346242898201264,,,,,,,,
D8-K2par-sep_e30_r079,TA(0.40),0.11905958400000571,0.30333333333333334,2.9810189014052955,0.979419992423209,-3.030046480405461,0.9635450899187419,,,,,,,,
D8-K2par-sep_e35_r079,adapt,0.10719744500000417,0.32,-2.795312558625033,1.026999056543776,3.0432290979504457,1.063550576239516,,,,,,,,
D8-K2par-sep_e35_r079,adaptX,0.06077534099999582,0.32,-2.795312558625033,1.026999056543776,3.0432290979504457,1.063550576239516,,,,,,,,
D8-K2par-sep_e35_r079,HA50,0.012127802000001964,,22.671294697469225,0.15834745872250086,-3.8006183027700953,1.5343757726281775,,,,,,,,
D8-K2par-sep_e35_r079,TA(0.05),0.11005868300000543,0.13666666666666666,-0.33131949592808635,1.1543393345458268,22.671294697469225,0.15834745872250086,,,,,,,,
D8-K2par-sep_e35_r079,TA(0.10),0.10936693800000086,0.13666666666666666,22.671294697469225,0.15834745872250086,-0.21654110355944553,1.0890862031180424,,,,,,,,
D8-K2par-sep_e35_r079,TA(0.15),0.10818840299999977,0.13666666666666666,-0.21654110355944553,1.0890862031180424,22.671294697469225,0.15834745872250086,,,,,,,,
D8-K2par-sep_e35_r079,TA(0.25),0.10946580000000239,0.13666666666666666,-0.21654110355944553,1.0890862031180424,22.475277888066756,0.33633460511998337,,,,,,,,
D8-K2par-sep_e35_r079,TA(0.40),0.10787275299999521,0.32,3.0432290979504457,1.063550576239516,-2.795312558625033,1.026999056543776,,,,,,,,
D1-K2cross_e25_r080,adapt,0.107409741000005,0.2633333333333333,-0.1352047952404032,1.5175887743028995,-0.14878842926033467,-1.4820203971289674,,,,,,,,
D1-K2cross_e25_r080,adaptX,0.07526569699999897,0.2633333333333333,-0.14878842926033467,-1.4820203971289674,-0.1352047952404032,1.5175887743028995,,,,,,,,
D1-K2cross_e25_r080,HA50,0.011785154000001796,,21.614324274246457,0.5646327215832093,-3.4458102107885207,0.43378075223927676,,,,,,,,
D1-K2cross_e25_r080,TA(0.05),0.10947345599999636,0.12333333333333334,-0.2431310871332748,0.06372388774695349,21.614324274246457,0.5646327215832093,,,,,,,,
D1-K2cross_e25_r080,TA(0.10),0.10858409899999799,0.12333333333333334,21.614324274246457,0.5646327215832093,-0.2431310871332748,0.06372388774695349,,,,,,,,
D1-K2cross_e25_r080,TA(0.15),0.10892825599999867,0.12333333333333334,21.614324274246457,0.5646327215832093,-0.2431310871332748,0.06372388774695349,,,,,,,,
D1-K2cross_e25_r080,TA(0.25),0.10821108300000049,0.2633333333333333,-0.1352047952404032,1.5175887743028995,-0.14878842926033467,-1.4820203971289674,,,,,,,,
D1-K2cross_e25_r080,TA(0.40),0.10808435500000257,0.2633333333333333,-0.14878842926033467,-1.4820203971289674,-0.1352047952404032,1.5175887743028995,,,,,,,,
D1-K2cross_e30_r080,adapt,0.05806505299999998,0.2966666666666667,0.051482865034992234,-1.5263774983542886,-0.02988215426381009,1.4557001440113815,,,,,,,,
D1-K2cross_e30_r080,adaptX,0.061647534000002224,0.2966666666666667,-0.048716698543372544,1.4554939060981849,0.07163649743963024,-1.5276650800301932,,,,,,,,
D1-K2cross_e30_r080,HA50,0.01080657700000387,,22.86459383235061,0.7758891015642142,-3.4825879137928277,-0.40133621965399585,,,,,,,,
D1-K2cross_e30_r080,TA(0.05),0.06050096399999916,0.13333333333333333,-0.16731896269013344,0.1105256257272798,22.86459383235061,0.7758891015642142,,,,,,,,
D1-K2cross_e30_r080,TA(0.10),0.06054792199999781,0.13333333333333333,-0.16731896269013344,0.1105256257272798,22.86459383235061,0.7758891015642142,,,,,,,,
D1-K2cross_e30_r080,TA(0.15),0.05892082700000145,0.13333333333333333,22.86459383235061,0.7758891015642142,-0.16731896269013344,0.1105256257272798,,,,,,,,
D1-K2cross_e30_r080,TA(0.25),0.06071400200000454,0.22,13.51520231428658,-6.819983133607124,0.3066866303984447,0.5777943882413659,,,,,,,,
D1-K2cross_e30_r080,TA(0.40),0.06077513900000042,0.2966666666666667,0.051482865034992234,-1.5263774983542886,-0.02988215426381009,1.4557001440113815,,,,,,,,
D1-K2cross_e35_r080,adapt,0.0920983669999984,0.37,0.1235250608837656,-1.4165814504533205,-0.11587529391238668,1.473581407405114,,,,,,,,
D1-K2cross_e35_r080,adaptX,0.06559266299999678,0.37,0.1235250608837656,-1.4165814504533205,-0.11587529391238668,1.473581407405114,,,,,,,,
D1-K2cross_e35_r080,HA50,0.012075930999998263,,22.667006777084932,-0.35104420101744943,-5.039239436633879,0.23626461895626044,,,,,,,,
D1-K2cross_e35_r080,TA(0.05),0.09312508200000025,0.18,22.667006777084932,-0.35104420101744943,-0.30255419863710425,0.29984505363436537,,,,,,,,
D1-K2cross_e35_r080,TA(0.10),0.09501562500000205,0.18,-0.06343279772247026,0.12340811012668089,22.667006777084932,-0.35104420101744943,,,,,,,,
D1-K2cross_e35_r080,TA(0.15),0.09458114400000284,0.18,-0.06343279772247026,0.12340811012668089,22.667006777084932,-0.35104420101744943,,,,,,,,
D1-K2cross_e35_r080,TA(0.25),0.09437895499999627,0.18,22.667006777084932,-0.35104420101744943,-0.06343279772247026,0.12340811012668089,,,,,,,,
D1-K2cross_e35_r080,TA(0.40),0.09320515000000285,0.37,0.1235250608837656,-1.4165814504533205,-0.11587529391238668,1.473581407405114,,,,,,,,
D2-K3par_e25_r080,adapt,0.41990110100000066,0.25,3.042900017803262,0.9881969831123105,-0.05371739034711842,1.0006841292045627,-3.129834042253305,0.9641457781455672,,,,,,
D2-K3par_e25_r080,adaptX,0.3699513859999968,0.25,-3.1511282262155547,0.9513611749118741,3.042900017803262,0.9881969831123105,-0.07110553660802876,0.9843304866177487,,,,,,
D2-K3par_e25_r080,HA50,0.018078573000003928,,0.22380431985554328,0.9134928878045215,-23.271249150977717,1.44841104886403,22.988482662822015,0.8746229364151671,,,,,,
D2-K3par_e25_r080,TA(0.05),0.420717843999995,0.0,0.22380431985554328,0.9134928878045215,22.988482662822015,0.8746229364151671,-23.271249150977717,1.44841104886403,,,,,,
D2-K3par_e25_r080,TA(0.10),0.4239719350000044,0.056666666666666664,-14.606094851029598,5.995156507479662,23.24181120454431,0.9413268463250416,0.9179760345788286,1.4154662228615307,,,,,,
D2-K3par_e25_r080,TA(0.15),0.42277985899999493,0.11333333333333333,23.24181120454431,0.9413268463250416,2.3807234978968324,0.8812498816518767,-2.436274576800584,1.007309127499729,,,,,,
D2-K3par_e25_r080,TA(0.25),0.42200901899999366,0.25,-0.05371739034711842,1.0006841292045627,-3.129834042253305,0.9641457781455672,3.042900017803262,0.9881969831123105,,,,,,
D2-K3par_e25_r080,TA(0.40),0.4235528019999961,0.25,-3.1900310926177036,0.9884305232594064,3.042900017803262,0.9881969831123105,-0.1496730490984135,1.0524554755166573,,,,,,
D2-K3par_e30_r080,adapt,0.4085035860000019,0.2966666666666667,-3.143154756924252,0.9675399655869981,-0.3516927551464182,0.957930833312553,3.251297017132465,1.0665883412323347,,,,,,
D2-K3par_e30_r080,adaptX,0.28993357099999884,0.2966666666666667,-3.143154756924252,0.9675399655869981,-0.3516927551464182,0.957930833312553,3.251297017132465,1.0665883412323347,,,,,,
D2-K3par_e30_r080,HA50,0.018941196999996635,,-21.45744825013762,1.1654239508943744,-0.22054346699952523,0.7586537725259896,22.154522624653477,0.9718157681901369,,,,,,
D2-K3par_e30_r080,TA(0.05),0.4126433590000005,0.006666666666666667,-21.45744825013762,1.1654239508943744,-0.2636202691499593,0.7929211931186849,21.905199580138877,1.195007546065979,,,,,,
D2-K3par_e30_r080,TA(0.10),0.41022106699999483,0.01,-0.2636202691499593,0.7929211931186849,-20.78847639674097,0.6176320757766605,21.905199580138877,1.195007546065979,,,,,,
D2-K3par_e30_r080,TA(0.15),0.4103725350000005,0.16,2.4466787814778903,0.8889030808232314,-2.1615116193584942,0.9918502271020363,21.905199580138877,1.195007546065979,,,,,,
D2-K3par_e30_r080,TA(0.25),0.411417047999997,0.16,21.67138936167026,1.2087687814562529,-2.1615116193584942,0.9918502271020363,2.4466787814778903,0.8889030808232314,,,,,,
D2-K3par_e30_r080,TA(0.40),0.41051939199999765,0.2966666666666667,-0.5634308883313915,0.9148321770943294,2.8959233005058063,0.907270561349439,-3.1804394705638175,0.9725474500548352,,,,,,
D2-K3par_e35_r080,adapt,0.47007549300000306,0.0,22.802812958233794,1.3911034214974416,-0.09542995798513214,1.0792523782527175,-22.30478918399256,1.0835590759140035,,,,,,
D2-K3par_e35_r080,adaptX,0.4041168310000032,0.0,-0.09542995798513214,1.0792523782527175,22.802812958233794,1.3911034214974416,-22.30478918399256,1.0835590759140035,,,,,,
D2-K3par_e35_r080,HA50,0.017130643000001555,,-22.30478918399256,1.0835590759140035,22.802812958233794,1.3911034214974416,-0.09542995798513214,1.0792523782527175,,,,,,
D2-K3par_e35_r080,TA(0.05),0.4759586630000001,0.0,-0.09542995798513214,1.0792523782527175,22.802812958233794,1.3911034214974416,-22.30478918399256,1.0835590759140035,,,,,,
D2-K3par_e35_r080,TA(0.10),0.47418260200000617,0.0,-22.30478918399256,1.0835590759140035,-0.09542995798513214,1.0792523782527175,22.802812958233794,1.3911034214974416,,,,,,
D2-K3par_e35_r080,TA(0.15),0.4726628730000044,0.0,22.802812958233794,1.3911034214974416,-22.30478918399256,1.0835590759140035,-0.09542995798513214,1.0792523782527175,,,,,,
D2-K3par_e35_r080,TA(0.25),0.4744971219999954,0.19333333333333333,1.9043601600552627,0.7529255877672145,23.176270137507576,1.1228270912820302,-2.6392437138407883,0.8619949493924691,,,,,,
D2-K3par_e35_r080,TA(0.40),0.47382385899999946,0.38,2.682605468811329,0.9590431343551419,-0.23282827644684143,1.0678446367309622,-3.2410671329761858,1.0020648525663634,,,,,,
D3-unequal_e25_r080,adapt,0.12548733900000286,0.24333333333333335,0.11387867128767436,-1.5156261712762769,0.016178055909589074,1.5253792583589547,,,,,,,,
D3-unequal_e25_r080,adaptX,0.14132408600000446,0.24333333333333335,0.016178055909589074,1.5253792583589547,0.11387867128767436,-1.5156261712762769,,,,,,,,
D3-unequal_e25_r080,HA50,0.02367081300000251,,-2.219208399490364,-1.0121875281731287,22.187278723420654,-0.5901029549276234,,,,,,,,
D3-unequal_e25_r080,TA(0.05),0.1272143010000022,0.11,22.187278723420654,-0.5901029549276234,0.3211520931331265,-0.705328907728135,,,,,,,,
D3-unequal_e25_r080,TA(0.10),0.12712112999999903,0.11,22.187278723420654,-0.5901029549276234,0.3211520931331265,-0.705328907728135,,,,,,,,
D3-unequal_e25_r080,TA(0.15),0.1281497829999978,0.16,-18.330952773505917,-3.7086939330825994,0.4748963086125091,-0.9693292093222172,,,,,,,,
D3-unequal_e25_r080,TA(0.25),0.12767451400000596,0.24333333333333335,0.11387867128767436,-1.5156261712762769,0.016178055909589074,1.5253792583589547,,,,,,,,
D3-unequal_e25_r080,TA(0.40),0.12699208699999787,0.28,-0.7492841186746477,-1.2844041586433097,2.0830506240676216,-0.7786368004081032,,,,,,,,
D3-unequal_e30_r080,adapt,0.09323568399999971,0.31333333333333335,-0.24942064727726518,1.3759177267286211,-0.01337539169624679,-1.5950657216011241,,,,,,,,
D3-unequal_e30_r080,adaptX,0.0869546870000022,0.32666666666666666,1.8231500086013115,-0.8139534318788394,-1.4073875485735188,-0.9029060237246012,,,,,,,,
D3-unequal_e30_r080,HA50,0.012082665000001214,,-23.186912061050368,-0.5623614853484437,3.975238542227277,-0.5641230014481964,,,,,,,,
D3-unequal_e30_r080,TA(0.05),0.09440195399999851,0.15,0.019406556533190816,-0.8044285984257433,-23.41065812299951,-0.7605302726255766,,,,,,,,
D3-unequal_e30_r080,TA(0.10),0.09470755899999972,0.16,-23.41065812299951,-0.7605302726255766,0.11020250238063824,-0.8983365788623104,,,,,,,,
D3-unequal_e30_r080,TA(0.15),0.096758494999996,0.15,0.019406556533190816,-0.8044285984257433,-23.41065812299951,-0.7605302726255766,,,,,,,,
D3-unequal_e30_r080,TA(0.25),0.09407047199999852,0.2,0.21289290635506453,-1.1442088968180826,-23.41065812299951,-0.7605302726255766,,,,,,,,
D3-unequal_e30_r080,TA(0.40),0.09400547399999937,0.31333333333333335,-0.21657523506922308,1.3769822165524523,-0.03203376648486041,-1.596438596861283,,,,,,,,
D3-unequal_e35_r080,adapt,0.06161895800000394,0.3433333333333333,-0.02610282652268465,-1.5836356981229094,0.08096117511260378,1.6005843829312048,,,,,,,,
D3-unequal_e35_r080,adaptX,0.06720362200000096,0.3466666666666667,-0.029947437139048166,1.5174572805318187,-0.009468096087508348,-1.583565550415935,,,,,,,,
D3-unequal_e35_r080,HA50,0.010808971999999528,,-22.27042131663076,-0.9422730116858156,4.579589806890855,-0.5358757220591246,,,,,,,,
D3-unequal_e35_r080,TA(0.05),0.06382334999999983,0.17,-22.27042131663076,-0.9422730116858156,0.061740531412620155,-0.4553285999416857,,,,,,,,
D3-unequal_e35_r080,TA(0.10),0.06311979499999865,0.17,-22.27042131663076,-0.9422730116858156,0.002523732175409737,-0.5161107045119768,,,,,,,,
D3-unequal_e35_r080,TA(0.15),0.06413376899999434,0.17,-22.27042131663076,-0.9422730116858156,0.002523732175409737,-0.5161107045119768,,,,,,,,
D3-unequal_e35_r080,TA(0.25),0.06393081000000223,0.17333333333333334,-22.27042131663076,-0.9422730116858156,-0.03484271978503491,-0.6334964628425042,,,,,,,,
D3-unequal_e35_r080,TA(0.40),0.06259729300000316,0.3466666666666667,-0.009468096087508348,-1.583565550415935,-0.029947437139048166,1.5174572805318187,,,,,,,,
D4-hetero_e25_r080,adapt,0.05658162799999644,0.25333333333333335,-0.06357298929150391,-1.4907633180177977,0.12140590896282555,1.7552645279008092,,,,,,,,
D4-hetero_e25_r080,adaptX,0.06455492100000271,0.25333333333333335,0.12140590896282555,1.7552645279008092,-0.06357298929150391,-1.4907633180177977,,,,,,,,
D4-hetero_e25_r080,HA50,0.010419624000000738,,2.659576016480681,0.03020551150367889,-23.34720899069551,-1.017646713118427,,,,,,,,
D4-hetero_e25_r080,TA(0.05),0.05736985600000111,0.11666666666666667,-0.32831747106485326,0.1356505990759157,-23.34720899069551,-1.017646713118427,,,,,,,,
D4-hetero_e25_r080,TA(0.10),0.05859990599999776,0.11666666666666667,-23.34720899069551,-1.017646713118427,-0.32831747106485326,0.1356505990759157,,,,,,,,
D4-hetero_e25_r080,TA(0.15),0.05847974000000278,0.11666666666666667,-23.34720899069551,-1.017646713118427,-0.32831747106485326,0.1356505990759157,,,,,,,,
D4-hetero_e25_r080,TA(0.25),0.05897235700000181,0.25333333333333335,-0.06357298929150391,-1.4907633180177977,0.12140590896282555,1.7552645279008092,,,,,,,,
D4-hetero_e25_r080,TA(0.40),0.05840691499999906,0.25333333333333335,-0.0680725501221176,-1.4893848863490222,0.11370051554662049,1.7559583284325337,,,,,,,,
D4-hetero_e30_r080,adapt,0.06027875600000243,0.24666666666666667,0.13411261457132373,1.6653856314726192,0.07431731203595336,-1.5208008262519772,,,,,,,,
D4-hetero_e30_r080,adaptX,0.07011314700000071,0.24333333333333335,0.11804215261553322,1.652785807091378,0.06705049544554044,-1.5199792146948827,,,,,,,,
D4-hetero_e30_r080,HA50,0.012162459999998987,,22.882784177215477,0.06161290662466157,-3.190048741455268,0.36799794806358277,,,,,,,,
D4-hetero_e30_r080,TA(0.05),0.0629701629999957,0.11666666666666667,22.882784177215477,0.06161290662466157,-0.08546143072342204,0.09687891673443867,,,,,,,,
D4-hetero_e30_r080,TA(0.10),0.06416113399999546,0.11666666666666667,22.882784177215477,0.06161290662466157,-0.08546143072342204,0.09687891673443867,,,,,,,,
D4-hetero_e30_r080,TA(0.15),0.062427477999996484,0.11666666666666667,-0.08546143072342204,0.09687891673443867,22.882784177215477,0.06161290662466157,,,,,,,,
D4-hetero_e30_r080,TA(0.25),0.06343896799999982,0.24333333333333335,0.1298761245443107,1.652285333295423,0.05582328694413535,-1.5186517316348533,,,,,,,,
D4-hetero_e30_r080,TA(0.40),0.062259188999995274,0.24666666666666667,0.04928925281330933,-1.517830764612738,0.16117763541391453,1.6643516849707587,,,,,,,,
D4-hetero_e35_r080,adapt,0.05522790500000241,0.28,0.19026409936459526,1.4835315426876645,-0.0025583930202965907,-1.4969331413934124,,,,,,,,
D4-hetero_e35_r080,adaptX,0.06305431399999861,0.28,-0.0025583930202965907,-1.4969331413934124,0.19026409936459526,1.4835315426876645,,,,,,,,
D4-hetero_e35_r080,HA50,0.012524695000003305,,-22.612212535209466,0.3509970553422322,3.7854015604161275,0.27192840152529874,,,,,,,,
D4-hetero_e35_r080,TA(0.05),0.05768301300000189,0.12666666666666668,-22.612212535209466,0.3509970553422322,0.47246976236389304,-0.15377349507853794,,,,,,,,
D4-hetero_e35_r080,TA(0.10),0.056019093000003295,0.12666666666666668,0.47246976236389304,-0.15377349507853794,-22.612212535209466,0.3509970553422322,,,,,,,,
D4-hetero_e35_r080,TA(0.15),0.05741000599999779,0.13,0.4301083954239098,-0.11986838973724535,-22.612212535209466,0.3509970553422322,,,,,,,,
D4-hetero_e35_r080,TA(0.25),0.05604299000000168,0.2,0.060355440957980046,-0.6919362541365699,16.513375860212445,-4.711499803212157,,,,,,,,
D4-hetero_e35_r080,TA(0.40),0.057765780000003986,0.28,0.19026409936459526,1.4835315426876645,-0.0025583930202965907,-1.4969331413934124,,,,,,,,
D5-leverage_e25_r080,adapt,0.0528539600000002,0.006666666666666667,2.0952949165672266,-0.09315097411125717,-2.218531928097102,0.05250825598473761,,,,,,,,
D5-leverage_e25_r080,adaptX,0.057410970999995925,0.25,-0.011228476253995218,1.4445205889074844,0.00360492704458582,-1.4215949682875322,,,,,,,,
D5-leverage_e25_r080,HA50,0.010172877999998775,,-2.2246616761525893,0.0575622986685282,2.1579577576168205,-0.09623968036102613,,,,,,,,
D5-leverage_e25_r080,TA(0.05),0.05451926599999979,0.01,2.1152606348838914,-0.09560565870572374,-2.1650988540637854,0.04270769726231172,,,,,,,,
D5-leverage_e25_r080,TA(0.10),0.05446061199999974,0.006666666666666667,2.0521805096639154,-0.08400953280450955,-2.218531928097102,0.05250825598473761,,,,,,,,
D5-leverage_e25_r080,TA(0.15),0.05468641600000268,0.013333333333333334,-2.4018071616660244,0.0850155688454455,1.8082958640921645,-0.05107295842232239,,,,,,,,
D5-leverage_e25_r080,TA(0.25),0.05565517000000142,0.016666666666666666,1.7356280607234849,-0.0376253840420596,-2.4733787773664306,0.09813585877804747,,,,,,,,
D5-leverage_e25_r080,TA(0.40),0.055611484000003486,0.25333333333333335,-0.050563140069772916,1.4329262977612118,0.019504062786647385,-1.4219326457451054,,,,,,,,
D5-leverage_e30_r080,adapt,0.058041586000001644,0.006666666666666667,2.579904880946209,-0.09235875014472227,-1.9260396488305664,0.05143325946184216,,,,,,,,
D5-leverage_e30_r080,adaptX,0.06773240300000083,0.07333333333333333,2.555645481089789,-0.08939052220264612,-1.9392543448449766,0.06546033377047496,,,,,,,,
D5-leverage_e30_r080,HA50,0.011637438000001055,,-1.9893942382383132,0.049176111890669415,2.555645481089789,-0.08939052220264612,,,,,,,,
D5-leverage_e30_r080,TA(0.05),0.059296807000002616,0.006666666666666667,-1.8891569322366344,0.0462351823237224,2.632354099365456,-0.09951535460468137,,,,,,,,
D5-leverage_e30_r080,TA(0.10),0.06029076600000138,0.05,-1.5327919300160726,0.4373025947604709,2.226236739554218,-0.45819554872737794,,,,,,,,
D5-leverage_e30_r080,TA(0.15),0.05926668400000068,0.043333333333333335,2.2531945047271993,-0.46114504717547644,-1.5565366269163792,0.43477763353283944,,,,,,,,
D5-leverage_e30_r080,TA(0.25),0.05985510800000071,0.05,1.8292091776438033,-0.4259091630151891,-1.7709207210858304,0.45894765987449454,,,,,,,,
D5-leverage_e30_r080,TA(0.40),0.060973132000000874,0.05333333333333334,-1.930764882952093,0.475606869956134,1.4733192110438387,-0.4036235571187229,,,,,,,,
D5-leverage_e35_r080,adapt,0.055754149999998504,0.01,2.127890283696307,-0.0778374199100944,-2.4095257424113496,0.11143375865084917,,,,,,,,
D5-leverage_e35_r080,adaptX,0.058064256000001535,0.016666666666666666,2.332657942971503,-0.10479704016279244,-2.097597168491665,0.07240184945382756,,,,,,,,
D5-leverage_e35_r080,HA50,0.00990454300000465,,-2.4349449438157826,0.11144731229010241,2.1787574489750083,-0.0781693779230494,,,,,,,,
D5-leverage_e35_r080,TA(0.05),0.05842516599999925,0.016666666666666666,-2.097597168491665,0.07240184945382756,2.332657942971503,-0.10479704016279244,,,,,,,,
D5-leverage_e35_r080,TA(0.10),0.05731097099999971,0.01,2.017489358859316,-0.06749158129157155,-2.508278594472457,0.12337735425657424,,,,,,,,
D5-leverage_e35_r080,TA(0.15),0.057706308000000206,0.016666666666666666,2.3329022161576227,-0.10148178924534781,-2.1221991606178685,0.07649297200095005,,,,,,,,
D5-leverage_e35_r080,TA(0.25),0.058598760000002414,0.016666666666666666,-2.0499422893808186,0.06614258726107575,2.3821633976142342,-0.11100909629327917,,,,,,,,
D5-leverage_e35_r080,TA(0.40),0.05860451800000277,0.03666666666666667,-1.9390378484073418,0.444543902613285,2.129377588693195,-0.42944769198741845,,,,,,,,
D6-uniform_e25_r080,adapt,0.06304826699999921,0.21,0.263217546976678,-1.5021662973867018,0.01941992911359421,1.5007840880099523,,,,,,,,
D6-uniform_e25_r080,adaptX,0.06924097000000273,0.22,0.1510355913267499,-1.5467519434259296,0.033650558730444834,1.5011705071518104,,,,,,,,
D6-uniform_e25_r080,HA50,0.009169878999998105,,3.416763351629402,-0.14056791503901833,-2.5015860665493306,-0.10342108732089451,,,,,,,,
D6-uniform_e25_r080,TA(0.05),0.06596707100000287,0.20333333333333334,0.31377298886532246,-1.5171796135735303,-0.039252148979574325,1.5111551187603804,,,,,,,,
D6-uniform_e25_r080,TA(0.10),0.06528646199999599,0.18333333333333332,0.5689741795594002,-1.4826090841394264,0.022512866716048987,1.497981223842118,,,,,,,,
D6-uniform_e25_r080,TA(0.15),0.06370855599999459,0.20666666666666667,0.013416279560158862,1.5003919909470214,0.29577366943948113,-1.5184492456811165,,,,,,,,
D6-uniform_e25_r080,TA(0.25),0.06567005200000153,0.20666666666666667,0.007600439315229339,1.5074034129114078,0.2090718152365163,-1.4785029785518653,,,,,,,,
D6-uniform_e25_r080,TA(0.40),0.0647143469999989,0.22,0.13208987982594758,-1.5275539620416798,0.030343471191108265,1.5011356405994338,,,,,,,,
D6-uniform_e30_r080,adapt,0.055051229000000035,0.0,2.221089561090862,0.29228267164162763,-4.491927099432139,-0.02588601302937569,,,,,,,,
D6-uniform_e30_r080,adaptX,0.0635755949999961,0.09,-0.6086720053794791,-1.9359204523213966,0.6240153122005432,1.2697647108841816,,,,,,,,
D6-uniform_e30_r080,HA50,0.011663667999997074,,2.4988803350140185,0.10775650658958041,-4.33922291503763,-0.1142335523849724,,,,,,,,
D6-uniform_e30_r080,TA(0.05),0.05605431299999708,0.0,2.4172148916563154,0.111826229211039,-4.447849771365368,-0.09768441043547618,,,,,,,,
D6-uniform_e30_r080,TA(0.10),0.05904009199999649,0.0,-4.453395558695934,-0.07379886754072568,2.4206026540235004,0.1352675284384854,,,,,,,,
D6-uniform_e30_r080,TA(0.15),0.05690658999999698,0.08666666666666667,0.5367076969343368,1.2763495142091974,-0.33489247975018366,-2.019137812364761,,,,,,,,
D6-uniform_e30_r080,TA(0.25),0.058037557999995215,0.15333333333333332,0.04646525310519,-1.809462815346241,0.23356234887510352,1.5135652814961231,,,,,,,,
D6-uniform_e30_r080,TA(0.40),0.058918011999999464,0.2,0.009605722081621451,1.5801990554683374,-0.16934227153645146,-1.636667303025758,,,,,,,,
D6-uniform_e35_r080,adapt,0.05995382100000057,0.0,3.2748842571889467,-0.013551365899273256,-2.919442139074741,0.014424650395254968,,,,,,,,
D6-uniform_e35_r080,adaptX,0.06864715599999727,0.0,-2.919442139074741,0.014424650395254968,3.2748842571889467,-0.013551365899273256,,,,,,,,
D6-uniform_e35_r080,HA50,0.01066770700000319,,3.2748842571889467,-0.013551365899273256,-2.919442139074741,0.014424650395254968,,,,,,,,
D6-uniform_e35_r080,TA(0.05),0.06175929799999835,0.0,-2.919442139074741,0.014424650395254968,3.2748842571889467,-0.013551365899273256,,,,,,,,
D6-uniform_e35_r080,TA(0.10),0.06452882800000026,0.0,3.2748842571889467,-0.013551365899273256,-2.919442139074741,0.014424650395254968,,,,,,,,
D6-uniform_e35_r080,TA(0.15),0.06132372900000149,0.0,-2.919442139074741,0.014424650395254968,3.2748842571889467,-0.013551365899273256,,,,,,,,
D6-uniform_e35_r080,TA(0.25),0.063221470000002,0.016666666666666666,4.84446610858332,0.7493381987139259,-1.1084081728206274,0.9449658607274407,,,,,,,,
D6-uniform_e35_r080,TA(0.40),0.06294256500000017,0.17,-0.04376805415815106,1.3304358544315062,0.6427372631994547,-1.603689692871382,,,,,,,,
D7-p3_e25_r080,adapt,0.24789604900000484,0.23333333333333334,0.08767896435908751,-1.5175525701264017,0.9431376148440037,1.0706293274092769,0.11711531129884446,1.381393315986768,1.0774946031089225,0.9939347963662806,,,,
D7-p3_e25_r080,adaptX,2.177853660000004,0.23333333333333334,0.11711531129884446,1.381393315986768,1.0774946031089225,0.9939347963662806,0.08767896435908751,-1.5175525701264017,0.9431376148440037,1.0706293274092769,,,,
D7-p3_e25_r080,HA50,0.015365588999998181,,-2.5935159584714986,-0.6036581156928661,1.3564720942334079,0.7099746864053775,22.657659036630662,0.5072341998380693,0.8663489904243203,1.793420737496779,,,,
D7-p3_e25_r080,TA(0.05),0.25165732300000343,0.11666666666666667,22.657659036630662,0.5072341998380693,0.8663489904243203,1.793420737496779,0.21129803373355413,-0.05988926531238617,1.039794403371315,1.0111698755580478,,,,
D7-p3_e25_r080,TA(0.10),0.2494392079999983,0.11333333333333333,-21.874740239241437,0.16077193717996036,1.2190899376509334,1.1008900027781678,0.21129803373355413,-0.05988926531238617,1.039794403371315,1.0111698755580478,,,,
D7-p3_e25_r080,TA(0.15),0.24947115599999847,0.13,-22.28572200183459,0.4889833143296476,1.83648191243594,1.5690385032413319,0.21129803373355413,-0.05988926531238617,1.039794403371315,1.0111698755580478,,,,
D7-p3_e25_r080,TA(0.25),0.24861905800000272,0.23333333333333334,0.11711531129884446,1.381393315986768,1.0774946031089225,0.9939347963662806,0.08767896435908751,-1.5175525701264017,0.9431376148440037,1.0706293274092769,,,,
D7-p3_e25_r080,TA(0.40),0.24901357300000626,0.23333333333333334,0.1468329170317975,1.3795426115595377,1.0826031679835315,1.0109029138260672,0.03934124812698896,-1.5196004821637592,0.9262406209818423,1.0420846395732044,,,,
D7-p3_e30_r080,adapt,0.2556573499999999,0.3233333333333333,-0.13483737111504698,-1.5777689663480639,1.0435546870482335,0.8906286986415108,0.11010904271711537,1.467496839747275,1.0135502804826182,1.0844366626762625,,,,
D7-p3_e30_r080,adaptX,2.1113469490000014,0.3233333333333333,-0.13483737111504698,-1.5777689663480639,1.0435546870482335,0.8906286986415108,0.11010904271711537,1.467496839747275,1.0135502804826182,1.0844366626762625,,,,
D7-p3_e30_r080,HA50,0.015194060999995429,,23.130277061052524,-1.0031472150575294,0.45265726916719623,1.2033251388125383,-4.262799551086064,0.12714626500111845,1.2322190439013505,0.8505491937960851,,,,
D7-p3_e30_r080,TA(0.05),0.25646100400000194,0.16666666666666666,-0.11943758995783717,-0.023954000811348238,1.0088420108381022,1.1024752796849042,23.130277061052524,-1.0031472150575294,0.45265726916719623,1.2033251388125383,,,,
D7-p3_e30_r080,TA(0.10),0.2569693919999949,0.16666666666666666,23.130277061052524,-1.0031472150575294,0.45265726916719623,1.2033251388125383,-0.056852880059525907,0.014724650900175827,0.9926832072429939,1.0785079715860375,,,,
D7-p3_e30_r080,TA(0.15),0.25802620099999984,0.15666666666666668,-21.314995599357598,-0.3681071796012355,0.7763924388900985,0.9328550900697665,-0.056852880059525907,0.014724650900175827,0.9926832072429939,1.0785079715860375,,,,
D7-p3_e30_r080,TA(0.25),0.2588456470000011,0.23666666666666666,-3.775285638517385,-0.33967079664763955,-7.092865569156007,-3.242667949114405,-0.2051050854660435,-0.13903005761204013,1.0783153626962962,1.1201233149864995,,,,
D7-p3_e30_r080,TA(0.40),0.25718524699999534,0.3233333333333333,0.11010904271711537,1.467496839747275,1.0135502804826182,1.0844366626762625,-0.13483737111504698,-1.5777689663480639,1.0435546870482335,0.8906286986415108,,,,
D7-p3_e35_r080,adapt,0.30702416900000173,0.22333333333333333,0.18106021713522427,0.34633664673692416,0.7829012595769895,1.0442518487617973,-3.4686280658007376,-4.09299909955507,10.062809559612155,7.475289767433185,,,,
D7-p3_e35_r080,adaptX,2.499285139999998,0.41333333333333333,0.00825589718237749,-1.5335699741066928,1.0081723206968736,0.9981446017080978,-0.06287280414203691,1.5699457695849406,1.1000503695546648,1.0838155576661281,,,,
D7-p3_e35_r080,HA50,0.01936786000000268,,5.436477117334517,0.05072112823454843,0.9100940062846938,1.4588728477885942,-22.256721586643206,0.11415066151942109,0.9225170273484049,0.5861416762111938,,,,
D7-p3_e35_r080,TA(0.05),0.3086795809999998,0.10333333333333333,2.905351934030757,0.2651980484294838,0.9190395312591013,1.8534676372019563,-22.256721586643206,0.11415066151942109,0.9225170273484049,0.5861416762111938,,,,
D7-p3_e35_r080,TA(0.10),0.3104137640000033,0.19333333333333333,-22.256721586643206,0.11415066151942109,0.9225170273484049,0.5861416762111938,0.2702036549059577,-0.05817721484711261,1.1067613606795996,0.9901314700622118,,,,
D7-p3_e35_r080,TA(0.15),0.30795399299999815,0.19333333333333333,-22.256721586643206,0.11415066151942109,0.9225170273484049,0.5861416762111938,0.12560436670738884,-0.05671498294068264,1.029691862285003,0.9698929943383274,,,,
D7-p3_e35_r080,TA(0.25),0.31020831300000395,0.2,-22.387709795097948,0.5522715176989016,0.7982259735325502,0.3379941503419762,0.05671767087456922,-0.0033747502810226268,1.0776568840269931,0.9501384924089173,,,,
D7-p3_e35_r080,TA(0.40),0.30958715199999887,0.4033333333333333,-0.0014427287900810493,-1.5396832509254956,1.0148072487250173,0.9915962611967821,-0.03881456401380386,1.56828105139077,1.1169636570459671,1.0651353363477836,,,,
D8-K2par-sep_e25_r080,adapt,0.055934706000002166,0.24333333333333335,-2.964447221098701,0.9116048176121753,2.9517891959530553,1.0340909182008118,,,,,,,,
D8-K2par-sep_e25_r080,adaptX,0.05959444599999841,0.24333333333333335,-2.964447221098701,0.9116048176121753,2.9517891959530553,1.0340909182008118,,,,,,,,
D8-K2par-sep_e25_r080,HA50,0.011054436000002,,2.6728896526083776,0.9437273124443206,-21.835704316467798,1.6343337523170276,,,,,,,,
D8-K2par-sep_e25_r080,TA(0.05),0.05717381400000221,0.1,0.0874398963157952,1.0027073784054457,-21.835704316467798,1.6343337523170276,,,,,,,,
D8-K2par-sep_e25_r080,TA(0.10),0.05772014400000103,0.1,-21.835704316467798,1.6343337523170276,0.0874398963157952,1.0027073784054457,,,,,,,,
D8-K2par-sep_e25_r080,TA(0.15),0.057765228999997476,0.1,-21.835704316467798,1.6343337523170276,0.0874398963157952,1.0027073784054457,,,,,,,,
D8-K2par-sep_e25_r080,TA(0.25),0.057487058999996066,0.24333333333333335,2.9517891959530553,1.0340909182008118,-2.964447221098701,0.9116048176121753,,,,,,,,
D8-K2par-sep_e25_r080,TA(0.40),0.05715288500000071,0.24333333333333335,2.9517891959530553,1.0340909182008118,-2.964447221098701,0.9116048176121753,,,,,,,,
D8-K2par-sep_e30_r080,adapt,0.053243582999996875,0.35,-2.9555943047702313,1.0123160012723118,3.131502449897527,0.9813604728879214,,,,,,,,
D8-K2par-sep_e30_r080,adaptX,0.06032360500000067,0.35,-2.9555943047702313,1.0123160012723118,3.131502449897527,0.9813604728879214,,,,,,,,
D8-K2par-sep_e30_r080,HA50,0.01147401000000059,,-4.59159188960664,1.078321921427958,23.02812134748597,0.8277782332257373,,,,,,,,
D8-K2par-sep_e30_r080,TA(0.05),0.05590186399999908,0.15666666666666668,-0.49140608838832706,1.324870526997735,23.255006844292488,0.9037869078351081,,,,,,,,
D8-K2par-sep_e30_r080,TA(0.10),0.05560423099999667,0.15666666666666668,-0.13972823871994802,1.2759522744374132,23.255006844292488,0.9037869078351081,,,,,,,,
D8-K2par-sep_e30_r080,TA(0.15),0.0549590319999993,0.15666666666666668,23.255006844292488,0.9037869078351081,-0.13972823871994802,1.2759522744374132,,,,,,,,
D8-K2par-sep_e30_r080,TA(0.25),0.05611161400000242,0.15666666666666668,-0.13972823871994802,1.2759522744374132,23.255006844292488,0.9037869078351081,,,,,,,,
D8-K2par-sep_e30_r080,TA(0.40),0.054010213999994505,0.35,3.131502449897527,0.9813604728879214,-2.9555943047702313,1.0123160012723118,,,,,,,,
D8-K2par-sep_e35_r080,adapt,0.05369167599999969,0.34,2.85157193225906,1.0195623853658577,-3.136102703288054,1.0634256558969994,,,,,,,,
D8-K2par-sep_e35_r080,adaptX,0.061284125999996775,0.34,-3.136102703288054,1.0634256558969994,2.85157193225906,1.0195623853658577,,,,,,,,
D8-K2par-sep_e35_r080,HA50,0.010586942000003319,,-21.026885662543638,1.1417834809842649,3.866295868486535,0.8023599695984136,,,,,,,,
D8-K2par-sep_e35_r080,TA(0.05),0.056639027999999314,0.14,0.3361496485658498,0.9718052323428057,-21.026885662543638,1.1417834809842649,,,,,,,,
D8-K2par-sep_e35_r080,TA(0.10),0.05624674599999935,0.14,-0.0029225657558873824,1.105592152508124,-21.026885662543638,1.1417834809842649,,,,,,,,
D8-K2par-sep_e35_r080,TA(0.15),0.05528151000000037,0.14,-21.026885662543638,1.1417834809842649,-0.0029225657558873824,1.105592152508124,,,,,,,,
D8-K2par-sep_e35_r080,TA(0.25),0.055856646999998816,0.16333333333333333,-15.107079866381389,5.121583014730625,0.7693374445052217,1.5818004401974046,,,,,,,,
D8-K2par-sep_e35_r080,TA(0.40),0.05595058699999811,0.34,2.85157193225906,1.0195623853658577,-3.136102703288054,1.0634256558969994,,,,,,,,
D1-K2cross_e25_r081,adapt,0.05449057699999571,0.22666666666666666,0.08040535973698938,-1.456614754579736,-0.008738436451280774,1.4911102117196808,,,,,,,,
D1-K2cross_e25_r081,adaptX,0.06982299499999556,0.22666666666666666,-0.008738436451280774,1.4911102117196808,0.08040535973698938,-1.456614754579736,,,,,,,,
D1-K2cross_e25_r081,HA50,0.010864910999998756,,20.364516736982868,0.378201928280899,-2.056338104006521,-0.2876444395955889,,,,,,,,
D1-K2cross_e25_r081,TA(0.05),0.056974961000001656,0.08333333333333333,20.364516736982868,0.378201928280899,0.2811079214100907,-0.23404390226027252,,,,,,,,
D1-K2cross_e25_r081,TA(0.10),0.05533030099999792,0.08666666666666667,20.981140988245546,0.020417199085431013,0.2811079214100907,-0.23404390226027252,,,,,,,,
D1-K2cross_e25_r081,TA(0.15),0.05693310899999915,0.13333333333333333,0.8163464363297991,-0.6267328864672014,10.15250121493628,5.548343317707568,,,,,,,,
D1-K2cross_e25_r081,TA(0.25),0.05732807699999398,0.22666666666666666,-0.008738436451280774,1.4911102117196808,0.08040535973698938,-1.456614754579736,,,,,,,,
D1-K2cross_e25_r081,TA(0.40),0.05696849699999973,0.22666666666666666,0.09603190299059751,-1.461095792155488,0.011759562116978923,1.4823768108104503,,,,,,,,
D1-K2cross_e30_r081,adapt,0.05508890299999791,0.31,-0.13683083206521374,-1.5714032549352575,0.2743431501168634,1.531680467509676,,,,,,,,
D1-K2cross_e30_r081,adaptX,0.06081907699999789,0.31,-0.13683083206521374,-1.5714032549352575,0.2743431501168634,1.531680467509676,,,,,,,,
D1-K2cross_e30_r081,HA50,0.010813677000001576,,22.129743433424384,-0.02053659977196822,-4.093151862085047,-1.057714137286671,,,,,,,,
D1-K2cross_e30_r081,TA(0.05),0.056524146000001,0.14666666666666667,-0.006024961780780944,-0.04882532665620424,21.8044729670157,0.22051322555345096,,,,,,,,
D1-K2cross_e30_r081,TA(0.10),0.05654231299999424,0.14666666666666667,-0.006024961780780944,-0.04882532665620424,21.8044729670157,0.22051322555345096,,,,,,,,
D1-K2cross_e30_r081,TA(0.15),0.05735059700000278,0.14666666666666667,21.8044729670157,0.22051322555345096,-0.006024961780780944,-0.04882532665620424,,,,,,,,
D1-K2cross_e30_r081,TA(0.25),0.05789275100000424,0.16,17.04606549740276,3.5048213179448937,-0.32957692016298923,0.2796044032302644,,,,,,,,
D1-K2cross_e30_r081,TA(0.40),0.05683116499999841,0.31,0.2783518720132486,1.5317878396651028,-0.14135632352589353,-1.5713798025730743,,,,,,,,
D1-K2cross_e35_r081,adapt,0.059834370000004355,0.3466666666666667,-0.21293868736433297,1.566938520425204,-0.017586011754535943,-1.5242618225184397,,,,,,,,
D1-K2cross_e35_r081,adaptX,0.06409804000000463,0.3466666666666667,-0.17279734450027814,1.5522746478964344,0.023813891105833984,-1.5418780601093878,,,,,,,,
D1-K2cross_e35_r081,HA50,0.0108215119999997,,22.233941492944666,-0.16262924048934765,-4.586398608357831,0.042081380918924,,,,,,,,
D1-K2cross_e35_r081,TA(0.05),0.06332516999999882,0.16,-0.04838988192510867,0.18442870302250075,22.233941492944666,-0.16262924048934765,,,,,,,,
D1-K2cross_e35_r081,TA(0.10),0.06091396700000473,0.16,22.233941492944666,-0.16262924048934765,-0.04838988192510867,0.18442870302250075,,,,,,,,
D1-K2cross_e35_r081,TA(0.15),0.06326634100000206,0.16,22.233941492944666,-0.16262924048934765,-0.04838988192510867,0.18442870302250075,,,,,,,,
D1-K2cross_e35_r081,TA(0.25),0.0629020849999975,0.16,-0.04838988192510867,0.18442870302250075,22.233941492944666,-0.16262924048934765,,,,,,,,
D1-K2cross_e35_r081,TA(0.40),0.06145629300000621,0.3466666666666667,-0.1631050650849235,1.5505970136763032,0.03436110008911704,-1.543879413186391,,,,,,,,
D2-K3par_e25_r081,adapt,0.4915013600000009,0.13333333333333333,-2.237936092242897,0.9406791554678691,2.2104843945511115,0.9946273293037307,21.518436077955585,0.9232503651463477,,,,,,
D2-K3par_e25_r081,adaptX,0.29566431800000004,0.2633333333333333,-0.2901893420197309,0.978451616110357,2.7253305624048867,0.9863152345139606,-3.167857142799668,0.9534908740527763,,,,,,
D2-K3par_e25_r081,HA50,0.01710267200000004,,-20.892847266199183,0.7425106881958496,-0.04269601512061823,0.9954611054474855,21.842584142991317,0.9699227516672383,,,,,,
D2-K3par_e25_r081,TA(0.05),0.49566799000000117,0.0,21.842584142991317,0.9699227516672383,-20.892847266199183,0.7425106881958496,-0.04269601512061823,0.9954611054474855,,,,,,
D2-K3par_e25_r081,TA(0.10),0.4947940099999997,0.0,21.518436077955585,0.9232503651463477,-20.892847266199183,0.7425106881958496,-0.04269601512061823,0.9954611054474855,,,,,,
D2-K3par_e25_r081,TA(0.15),0.495335077,0.13,2.3385525946862438,0.9798646007939608,-20.892847266199183,0.7425106881958496,-2.124312752821202,0.9313842398196766,,,,,,
D2-K3par_e25_r081,TA(0.25),0.4945880869999968,0.13,2.3385525946862438,0.9798646007939608,-20.892847266199183,0.7425106881958496,-2.124312752821202,0.9313842398196766,,,,,,
D2-K3par_e25_r081,TA(0.40),0.49358462099999656,0.2633333333333333,-0.5147216022405566,0.9406689060266614,-3.3203549872895715,0.9674615503123323,2.649419356042628,0.9472181011823324,,,,,,
D2-K3par_e30_r081,adapt,0.2985447780000001,0.2833333333333333,0.1354576619097613,1.1477567369392003,3.332376772542741,0.9202748382271952,-3.07171893504144,1.137526044478582,,,,,,
D2-K3par_e30_r081,adaptX,0.2851977649999995,0.2833333333333333,-2.3009810942111817,1.3335524431524983,2.8978134982734614,0.7052672436044786,-2.1966189133402128,-0.22791646645981326,,,,,,
D2-K3par_e30_r081,HA50,0.01881088599999714,,-0.12997533782162388,1.0692906748193713,21.969932569314064,1.3263741940851939,-22.242627323640622,1.066518960952672,,,,,,
D2-K3par_e30_r081,TA(0.05),0.30247355499999884,0.0033333333333333335,-0.12997533782162388,1.0692906748193713,-22.242627323640622,1.066518960952672,21.651686969146244,1.4247288039666781,,,,,,
D2-K3par_e30_r081,TA(0.10),0.3009009729999974,0.0033333333333333335,-0.12997533782162388,1.0692906748193713,21.651686969146244,1.4247288039666781,-22.242627323640622,1.066518960952672,,,,,,
D2-K3par_e30_r081,TA(0.15),0.29988571500000205,0.12,-22.463515409762035,0.9104552913377588,-2.336438599237913,1.0338475933129176,2.49302259746122,0.9721610057447307,,,,,,
D2-K3par_e30_r081,TA(0.25),0.301126656000001,0.12,-2.336438599237913,1.0338475933129176,-22.437061311742408,1.130421727702065,2.49302259746122,0.9721610057447307,,,,,,
D2-K3par_e30_r081,TA(0.40),0.30045730300000173,0.2833333333333333,3.3859423112819176,1.1630721695698973,0.25354513394995165,1.4206441381869674,-3.028416452433157,1.2298650098027923,,,,,,
D2-K3par_e35_r081,adapt,0.38653235599999647,0.0,-0.2567107063415468,0.9652870387337156,-23.050783333408738,1.0354652182223665,23.400045539490925,1.2858125612514775,,,,,,
D2-K3par_e35_r081,adaptX,0.3880817169999986,0.0033333333333333335,-23.218119903801227,1.0775803685714158,-0.2567107063415468,0.9652870387337156,23.400045539490925,1.2858125612514775,,,,,,
D2-K3par_e35_r081,HA50,0.02198786900000016,,23.400045539490925,1.2858125612514775,-23.050783333408738,1.0354652182223665,-0.2567107063415468,0.9652870387337156,,,,,,
D2-K3par_e35_r081,TA(0.05),0.38954111399999647,0.0,23.400045539490925,1.2858125612514775,-23.050783333408738,1.0354652182223665,-0.2567107063415468,0.9652870387337156,,,,,,
D2-K3par_e35_r081,TA(0.10),0.39140951899999976,0.0,-23.050783333408738,1.0354652182223665,-0.2567107063415468,0.9652870387337156,23.400045539490925,1.2858125612514775,,,,,,
D2-K3par_e35_r081,TA(0.15),0.3882811710000027,0.0,-23.050783333408738,1.0354652182223665,23.400045539490925,1.2858125612514775,-0.2567107063415468,0.9652870387337156,,,,,,
D2-K3par_e35_r081,TA(0.25),0.38825590100000085,0.19333333333333333,-23.218119903801227,1.0775803685714158,2.184850350322653,1.0051963237462982,-2.2928364785221187,1.1572811583434814,,,,,,
D2-K3par_e35_r081,TA(0.40),0.3893680669999995,0.19333333333333333,-23.218119903801227,1.0775803685714158,1.7479991861907842,0.8067231796014831,-2.639187563003802,0.9366627914795597,,,,,,
D3-unequal_e25_r081,adapt,0.074373946999998,0.20333333333333334,-0.03194147973111782,-1.5637021344078692,-0.018575898459852136,1.42109956852922,,,,,,,,
D3-unequal_e25_r081,adaptX,0.07896268100000015,0.20333333333333334,-0.02419017460909075,-1.5626061904127304,-0.007328181791765534,1.4220009448256823,,,,,,,,
D3-unequal_e25_r081,HA50,0.011764765999998872,,-2.4339897550978784,-0.09738388636526199,22.9122745353312,-0.28787057091542945,,,,,,,,
D3-unequal_e25_r081,TA(0.05),0.07658798599999983,0.10333333333333333,-23.222221897522218,-0.7838013930210493,0.10704430067591257,-0.3855071635713218,,,,,,,,
D3-unequal_e25_r081,TA(0.10),0.07631316199999816,0.10333333333333333,-23.222221897522218,-0.7838013930210493,0.10704430067591257,-0.3855071635713218,,,,,,,,
D3-unequal_e25_r081,TA(0.15),0.07740188999999731,0.12,17.76553603158315,-4.809944712856496,-0.3176799326930106,-0.7997431131156112,,,,,,,,
D3-unequal_e25_r081,TA(0.25),0.07524947699999984,0.20333333333333334,-0.02419017460909075,-1.5626061904127304,-0.007328181791765534,1.4220009448256823,,,,,,,,
D3-unequal_e25_r081,TA(0.40),0.07756961800000539,0.20333333333333334,-0.02419017460909075,-1.5626061904127304,-0.007328181791765534,1.4220009448256823,,,,,,,,
D3-unequal_e30_r081,adapt,0.06417404300000129,0.30333333333333334,-0.002839908690396809,-1.4682955621653817,-0.08560360370538211,1.5315471449075972,,,,,,,,
D3-unequal_e30_r081,adaptX,0.06933872300000132,0.30333333333333334,-0.002839908690396809,-1.4682955621653817,-0.08560360370538211,1.5315471449075972,,,,,,,,
D3-unequal_e30_r081,HA50,0.01103073299999835,,21.520094255979934,0.233373273831754,-4.202885329534936,-0.8190014060372234,,,,,,,,
D3-unequal_e30_r081,TA(0.05),0.06642523099999664,0.16666666666666666,21.520094255979934,0.233373273831754,-0.3172165361930612,-0.738213559370047,,,,,,,,
D3-unequal_e30_r081,TA(0.10),0.06640747000000147,0.16333333333333333,-21.77857163719325,-0.3036548157469997,-0.3172165361930612,-0.738213559370047,,,,,,,,
D3-unequal_e30_r081,TA(0.15),0.06663372400000611,0.16666666666666666,-21.77857163719325,-0.3036548157469997,-0.26141599093242796,-0.8041822634725851,,,,,,,,
D3-unequal_e30_r081,TA(0.25),0.0668839319999961,0.22,-21.530268924435294,-0.07324544021958113,-0.08283185752842107,-1.20413713742238,,,,,,,,
D3-unequal_e30_r081,TA(0.40),0.06611670699999905,0.30333333333333334,-0.002839908690396809,-1.4682955621653817,-0.08560360370538211,1.5315471449075972,,,,,,,,
D3-unequal_e35_r081,adapt,0.08783785600000016,0.17666666666666667,0.003990125912236147,-0.5055236734735475,22.458358370730547,-0.6189941535001038,,,,,,,,
D3-unequal_e35_r081,adaptX,0.08092917900000174,0.36666666666666664,-0.017501056783901323,-1.470264985591628,0.003275498684313184,1.693767147981213,,,,,,,,
D3-unequal_e35_r081,HA50,0.010652745000001573,,-4.5864744673501,-0.9180901175237605,22.458358370730547,-0.6189941535001038,,,,,,,,
D3-unequal_e35_r081,TA(0.05),0.09051680800000383,0.17666666666666667,22.458358370730547,-0.6189941535001038,0.003990125912236147,-0.5055236734735475,,,,,,,,
D3-unequal_e35_r081,TA(0.10),0.08971112000000403,0.17666666666666667,22.458358370730547,-0.6189941535001038,0.003990125912236147,-0.5055236734735475,,,,,,,,
D3-unequal_e35_r081,TA(0.15),0.09005459100000479,0.17666666666666667,0.003990125912236147,-0.5055236734735475,22.458358370730547,-0.6189941535001038,,,,,,,,
D3-unequal_e35_r081,TA(0.25),0.08967894300000268,0.17666666666666667,0.003990125912236147,-0.5055236734735475,22.458358370730547,-0.6189941535001038,,,,,,,,
D3-unequal_e35_r081,TA(0.40),0.09167504199999854,0.36666666666666664,-0.017501056783901323,-1.470264985591628,0.003275498684313184,1.693767147981213,,,,,,,,
D4-hetero_e25_r081,adapt,0.058353912999997704,0.25666666666666665,0.19837932166556085,1.482649114102113,0.05300577198654936,-1.4978748863507854,,,,,,,,
D4-hetero_e25_r081,adaptX,0.06697146999999859,0.25666666666666665,0.06016420770603717,-1.4981355207742846,0.188921712889728,1.483848841733364,,,,,,,,
D4-hetero_e25_r081,HA50,0.011592124999999953,,-2.6240110973786783,-0.3608137510590271,21.89885094440973,-0.39933832997755997,,,,,,,,
D4-hetero_e25_r081,TA(0.05),0.05922240700000003,0.11,21.89885094440973,-0.39933832997755997,0.34843557361731203,-0.17594395857433284,,,,,,,,
D4-hetero_e25_r081,TA(0.10),0.05940446099999974,0.11,0.34843557361731203,-0.17594395857433284,21.89885094440973,-0.39933832997755997,,,,,,,,
D4-hetero_e25_r081,TA(0.15),0.060155063999999925,0.11,21.89885094440973,-0.39933832997755997,0.34843557361731203,-0.17594395857433284,,,,,,,,
D4-hetero_e25_r081,TA(0.25),0.05976391899999811,0.25666666666666665,0.17957582079552203,1.4850024407641294,0.0669085705972399,-1.498355959141481,,,,,,,,
D4-hetero_e25_r081,TA(0.40),0.059798411999999246,0.26,0.1494201290993928,1.4883125392104462,0.07943829640755953,-1.4981769497928183,,,,,,,,
D4-hetero_e30_r081,adapt,0.05639067300000278,0.28,0.0014782451961320936,-1.4533511091010944,0.014302213421004751,1.5785925531371132,,,,,,,,
D4-hetero_e30_r081,adaptX,0.0663075570000018,0.28,0.0014782451961320936,-1.4533511091010944,0.014302213421004751,1.5785925531371132,,,,,,,,
D4-hetero_e30_r081,HA50,0.010308702000003223,,-3.177665656419715,0.3621661976107619,23.231668556570284,-0.04788728329796876,,,,,,,,
D4-hetero_e30_r081,TA(0.05),0.059536103000006335,0.12,0.017645909646416446,0.18402945995846262,23.231668556570284,-0.04788728329796876,,,,,,,,
D4-hetero_e30_r081,TA(0.10),0.0594781809999958,0.12333333333333334,23.396889730408507,0.15726920394344324,0.017645909646416446,0.18402945995846262,,,,,,,,
D4-hetero_e30_r081,TA(0.15),0.05834526199999601,0.12,0.017645909646416446,0.18402945995846262,23.231668556570284,-0.04788728329796876,,,,,,,,
D4-hetero_e30_r081,TA(0.25),0.05736209999999886,0.28,0.035908703917302096,-1.4478034480687367,0.03234058748939751,1.5826037951330816,,,,,,,,
D4-hetero_e30_r081,TA(0.40),0.0586768140000018,0.2833333333333333,0.014302213421004751,1.5785925531371132,0.0173356578843052,-1.4524842703899175,,,,,,,,
D4-hetero_e35_r081,adapt,0.056356270999998515,0.3433333333333333,-0.19852034974907815,1.587864435086432,0.0030900757108170197,-1.4725459082174206,,,,,,,,
D4-hetero_e35_r081,adaptX,0.06268457800000249,0.3433333333333333,-0.19852034974907815,1.587864435086432,0.0030900757108170197,-1.4725459082174206,,,,,,,,
D4-hetero_e35_r081,HA50,0.010212991999999588,,21.836891906987393,-0.6374004953598716,-4.3890389313363505,0.16828569516115424,,,,,,,,
D4-hetero_e35_r081,TA(0.05),0.05772387700000081,0.17333333333333334,-0.10823241879178423,0.14138086965813432,22.136934818106628,-0.8438883153010355,,,,,,,,
D4-hetero_e35_r081,TA(0.10),0.05826348400000114,0.17333333333333334,22.136934818106628,-0.8438883153010355,-0.10823241879178423,0.14138086965813432,,,,,,,,
D4-hetero_e35_r081,TA(0.15),0.0590159989999961,0.17,-0.1593655696061036,0.10776222076221136,22.487144091786185,-1.144666437861846,,,,,,,,
D4-hetero_e35_r081,TA(0.25),0.057624291999999855,0.17333333333333334,-0.10823241879178423,0.14138086965813432,22.312942541228807,-1.3957345130103431,,,,,,,,
D4-hetero_e35_r081,TA(0.40),0.05926841200000155,0.3433333333333333,0.0030900757108170197,-1.4725459082174206,-0.19852034974907815,1.587864435086432,,,,,,,,
D5-leverage_e25_r081,adapt,0.05402517400000306,0.006666666666666667,-2.0560712903771767,0.030671289226033665,2.1912029274966542,-0.11856576726531608,,,,,,,,
D5-leverage_e25_r081,adaptX,0.06119105599999841,0.14333333333333334,2.174377662694355,-0.09783499609195069,-1.870975624134576,0.00519952892530996,,,,,,,,
D5-leverage_e25_r081,HA50,0.010371951000003321,,-2.12898403476905,0.046010875459915605,2.1912029274966542,-0.11856576726531608,,,,,,,,
D5-leverage_e25_r081,TA(0.05),0.05698741300000165,0.01,2.2118758002824546,-0.12139521093585409,-2.0055340883191177,0.021702910153544152,,,,,,,,
D5-leverage_e25_r081,TA(0.10),0.056179397000001075,0.01,2.2118758002824546,-0.12139521093585409,-2.0055340883191177,0.021702910153544152,,,,,,,,
D5-leverage_e25_r081,TA(0.15),0.05682824400000186,0.0033333333333333335,-2.2825497241779225,0.05579091834666007,1.944536849145799,-0.08926694506468859,,,,,,,,
D5-leverage_e25_r081,TA(0.25),0.05553426099999825,0.006666666666666667,-2.193831775358893,0.04271601918980229,2.0005358374758697,-0.0964245511206289,,,,,,,,
D5-leverage_e25_r081,TA(0.40),0.05553561700000387,0.03333333333333333,1.4650582817320805,-0.43935280567390905,-2.1091717952298072,0.39900172703569425,,,,,,,,
D5-leverage_e30_r081,adapt,0.053735885999998345,0.0033333333333333335,2.572054033298262,-0.10618523965857052,-1.9133832350108861,0.060536279518935976,,,,,,,,
D5-leverage_e30_r081,adaptX,0.06041337900000343,0.04666666666666667,-1.7842206951992234,0.03203383787113722,2.681336535933176,-0.11787441577035081,,,,,,,,
D5-leverage_e30_r081,HA50,0.01000855699999903,,-1.9796749418318345,0.06663161426247617,2.525877396124394,-0.10020875643932631,,,,,,,,
D5-leverage_e30_r081,TA(0.05),0.055114777000000004,0.006666666666666667,-1.7677943728330607,0.04133742676635975,2.7014396800604903,-0.1195074533641467,,,,,,,,
D5-leverage_e30_r081,TA(0.10),0.05547868699999725,0.006666666666666667,-1.7677943728330607,0.04133742676635975,2.7014396800604903,-0.1195074533641467,,,,,,,,
D5-leverage_e30_r081,TA(0.15),0.05674650700000683,0.006666666666666667,-1.7677943728330607,0.04133742676635975,2.7014396800604903,-0.1195074533641467,,,,,,,,
D5-leverage_e30_r081,TA(0.25),0.05733914600000389,0.006666666666666667,2.7250635684289084,-0.12267184831431484,-1.6241419142910734,0.026791367328260606,,,,,,,,
D5-leverage_e30_r081,TA(0.40),0.05536409599999814,0.03666666666666667,2.2003831609095386,-0.43760371833241046,-1.569396717458223,0.39310217922057455,,,,,,,,
D5-leverage_e35_r081,adapt,0.052784056999996665,0.0033333333333333335,-2.309037257225387,0.07718976214504673,2.089736461163636,-0.09973423859612728,,,,,,,,
D5-leverage_e35_r081,adaptX,0.0597643470000051,0.056666666666666664,2.3320592114541694,-0.05200302204397324,-2.0493934907828226,0.099906865264001,,,,,,,,
D5-leverage_e35_r081,HA50,0.010515451999999925,,-2.3346736733651503,0.07728695994559508,2.089736461163636,-0.09973423859612728,,,,,,,,
D5-leverage_e35_r081,TA(0.05),0.054158510000000604,0.0033333333333333335,-2.2645816188201593,0.07580168464129812,2.1333101385877886,-0.10150144620605009,,,,,,,,
D5-leverage_e35_r081,TA(0.10),0.05585858099999541,0.03,1.8769651362225936,-0.4297256698147948,-1.991155135084694,0.4006186386290453,,,,,,,,
D5-leverage_e35_r081,TA(0.15),0.05561741999999725,0.03333333333333333,-1.9732523735797725,0.3987039723342864,1.8956325673654952,-0.4319274690833508,,,,,,,,
D5-leverage_e35_r081,TA(0.25),0.056938358000003575,0.03333333333333333,-2.1095984900651703,0.40400328466906443,1.7776616559752916,-0.4244694672859932,,,,,,,,
D5-leverage_e35_r081,TA(0.40),0.05530667299999692,0.04,-1.9794420848939391,0.38878063773456956,1.8717899457302902,-0.44166361034979273,,,,,,,,
D6-uniform_e25_r081,adapt,0.0696460319999943,0.18,-0.028169258670048637,-1.637532821939387,0.25095286466197797,1.512242820454282,,,,,,,,
D6-uniform_e25_r081,adaptX,0.06568185400000459,0.20666666666666667,0.07919155452780599,1.6035547006703998,-0.06962913867303018,-1.5780947590658863,,,,,,,,
D6-uniform_e25_r081,HA50,0.012391347999994196,,3.315642663235169,-0.1121168458435409,-3.1885855365274636,-0.25187211563917034,,,,,,,,
D6-uniform_e25_r081,TA(0.05),0.07051744799999682,0.18333333333333332,-0.055773024552400456,-1.6922074885865557,0.22217940011621923,1.5046273727420425,,,,,,,,
D6-uniform_e25_r081,TA(0.10),0.0730141290000006,0.18666666666666668,0.23115036888581314,1.5059487038550734,-0.019739569069982626,-1.670186947010637,,,,,,,,
D6-uniform_e25_r081,TA(0.15),0.0723783429999969,0.17,-0.029727376972378754,-1.6374786242472121,0.28142809836574717,1.5259841026448533,,,,,,,,
D6-uniform_e25_r081,TA(0.25),0.07121243600000327,0.20333333333333334,-0.09588852237183093,-1.5535234021412492,0.07919155452780599,1.6035547006703998,,,,,,,,
D6-uniform_e25_r081,TA(0.40),0.07319943200000267,0.2,0.061241385239537066,1.5968299059492737,-0.11176615126851853,-1.5694700333874965,,,,,,,,
D6-uniform_e30_r081,adapt,0.06264095299999894,0.0,-3.262884407463203,-0.1178238920578548,3.078606060076291,0.0010690225215348338,,,,,,,,
D6-uniform_e30_r081,adaptX,0.06814025500000298,0.0,-3.3136300919334047,-0.07481594513840416,3.0458569249340037,0.03253468746606765,,,,,,,,
D6-uniform_e30_r081,HA50,0.01638041700000059,,-3.3136300919334047,-0.07481594513840416,3.0458569249340037,0.03253468746606765,,,,,,,,
D6-uniform_e30_r081,TA(0.05),0.0646644130000027,0.0,3.0288541771606923,0.044863023121362346,-3.339219246368832,-0.05697918324930153,,,,,,,,
D6-uniform_e30_r081,TA(0.10),0.06416857700000378,0.0,-3.339219246368832,-0.05697918324930153,3.0288541771606923,0.044863023121362346,,,,,,,,
D6-uniform_e30_r081,TA(0.15),0.06572722099999595,0.0,-3.339219246368832,-0.05697918324930153,3.0288541771606923,0.044863023121362346,,,,,,,,
D6-uniform_e30_r081,TA(0.25),0.06468402499999826,0.22,0.062042988636764836,1.275490708876897,0.29338832971979556,-1.4769847075033407,,,,,,,,
D6-uniform_e30_r081,TA(0.40),0.06583758499999703,0.23333333333333334,-0.0775004675709059,1.2616361846559079,0.22407448353160014,-1.3981468312383634,,,,,,,,
D6-uniform_e35_r081,adapt,0.05511823700000207,0.0,-4.310454273630829,0.15390552141651573,3.0323870723493185,0.15774810481094384,,,,,,,,
D6-uniform_e35_r081,adaptX,0.06182456399999836,0.2,-0.1680684892967698,2.009953684860187,-0.021832118884661914,-1.6044016282688605,,,,,,,,
D6-uniform_e35_r081,HA50,0.012819591999999602,,-4.310454273630829,0.15390552141651573,3.0323870723493185,0.15774810481094384,,,,,,,,
D6-uniform_e35_r081,TA(0.05),0.058033962999999744,0.0,-4.604938198343772,0.23611901424527473,2.814160762559012,0.21298010232552123,,,,,,,,
D6-uniform_e35_r081,TA(0.10),0.0571183039999994,0.0,-3.5298763899291647,0.13067823590651523,3.714812551518835,0.15601177433871663,,,,,,,,
D6-uniform_e35_r081,TA(0.15),0.05815262400000165,0.19333333333333333,-0.2676789760950524,2.092246379816389,0.2760729774086665,-1.4138270997152578,,,,,,,,
D6-uniform_e35_r081,TA(0.25),0.057892888000004916,0.20666666666666667,-0.22296862384151403,2.0379805350139644,0.24820678507193752,-1.3432069626683112,,,,,,,,
D6-uniform_e35_r081,TA(0.40),0.05635401100000337,0.22666666666666666,-0.246366815505834,1.8535732729920928,-0.02507915078993707,-1.497768322787218,,,,,,,,
D7-p3_e25_r081,adapt,0.288422685999997,0.21,-0.04144729917455697,-1.460207984266873,1.028109436373135,1.0330289327360778,0.03997430294876371,1.5273619503816431,0.9020356317731659,0.9938874872580963,,,,
D7-p3_e25_r081,adaptX,2.1415132189999966,0.21,-0.05149140896155322,-1.4589136754733185,1.0358887510558206,1.0382923648398992,0.02915381033300982,1.528876564128452,0.9110851037457902,0.9985286789729049,,,,
D7-p3_e25_r081,HA50,0.014927122999999654,,2.4560253648406642,0.5534727332322745,0.386452280326437,0.9107815127880389,-23.30059262061435,0.47892485203711405,0.9423668844067014,1.8423107409889916,,,,
D7-p3_e25_r081,TA(0.05),0.29121333099999447,0.09,-23.30059262061435,0.47892485203711405,0.9423668844067014,1.8423107409889916,0.03960891869021438,-0.010645447162412537,0.990761907931417,0.9874079148501878,,,,
D7-p3_e25_r081,TA(0.10),0.290141761000001,0.1,-23.278837876287984,0.28744178152426986,0.5005420886892354,1.6512139549907519,0.03960891869021438,-0.010645447162412537,0.990761907931417,0.9874079148501878,,,,
D7-p3_e25_r081,TA(0.15),0.2898426989999976,0.12666666666666668,0.5723253712455532,-0.45516568128957735,1.060998306844001,0.9649160022546102,-15.979359355296875,-4.770311876868567,0.00465052305455699,0.2593287057326466,,,,
D7-p3_e25_r081,TA(0.25),0.2905616600000016,0.21,-0.04144729917455697,-1.460207984266873,1.028109436373135,1.0330289327360778,0.03997430294876371,1.5273619503816431,0.9020356317731659,0.9938874872580963,,,,
D7-p3_e25_r081,TA(0.40),0.30093761800000607,0.21,-0.030610185466119544,-1.4569220455662961,1.0312198658972758,1.0224675547947129,0.09938276026738063,1.5493698655022707,0.9234298729446172,0.9692790104889891,,,,
D7-p3_e30_r081,adapt,0.28094604599999684,0.30333333333333334,0.032605120062554116,-1.4707887346295334,0.921648226320478,0.9971435059531238,-0.007699548549640485,1.585132365418377,1.0373114540205401,0.8336589358629114,,,,
D7-p3_e30_r081,adaptX,2.2012280999999945,0.30333333333333334,0.001349706103597751,1.5874444633855749,1.028240299869121,0.8310725124154189,0.03969966368713662,-1.4685377547038763,0.9125073818257217,0.9953286911677327,,,,
D7-p3_e30_r081,HA50,0.016414480000001674,,-23.805661364953224,-0.19504776424815248,0.976177588226424,1.4442298877933113,4.21390823937577,0.06842088886958783,1.4959639013879982,0.6226453466054641,,,,
D7-p3_e30_r081,TA(0.05),0.2833796829999997,0.16333333333333333,-0.028663482728278487,-0.12238289437180566,0.8963611813481605,0.9967762259570329,-23.805661364953224,-0.19504776424815248,0.976177588226424,1.4442298877933113,,,,
D7-p3_e30_r081,TA(0.10),0.28253399300000126,0.14,-0.028663482728278487,-0.12238289437180566,0.8963611813481605,0.9967762259570329,21.89433600975692,-0.9283565727818026,0.9538853812232764,1.146570392670775,,,,
D7-p3_e30_r081,TA(0.15),0.281631155999996,0.14,-0.028663482728278487,-0.12238289437180566,0.8963611813481605,0.9967762259570329,21.89433600975692,-0.9283565727818026,0.9538853812232764,1.146570392670775,,,,
D7-p3_e30_r081,TA(0.25),0.2828680100000014,0.18,-17.5923830709921,-4.309582097797971,0.918684036803681,0.017900277889939354,0.3245381356562491,-0.43793479502609944,0.885012650194333,1.0504386077813204,,,,
D7-p3_e30_r081,TA(0.40),0.28475610000000273,0.30333333333333334,-0.007954916699983692,1.5851213283440206,1.0374157726374873,0.8339221139358949,0.03280647633343039,-1.4707914714935821,0.9215648252834323,0.9969634050821838,,,,
D7-p3_e35_r081,adapt,0.2584041119999938,0.30666666666666664,0.0374262195003259,-1.5997236899096876,1.0011673213297216,0.9256623310319991,-0.05629421664470704,1.4268437078010419,0.9874356378546606,0.984494795521305,,,,
D7-p3_e35_r081,adaptX,2.1883234360000046,0.30666666666666664,-0.0355583923520415,1.4281942212375864,0.9951191600559709,1.0041607974437095,0.05997015110823328,-1.603785320006916,1.0043697276062133,0.9470506519484594,,,,
D7-p3_e35_r081,HA50,0.014742334000004576,,-4.091365554956514,-0.24435914136172324,0.8410143785494978,0.5601696818934906,21.5791785553237,0.27444345185191776,1.209533970510536,1.8457735788737197,,,,
D7-p3_e35_r081,TA(0.05),0.25908276199999847,0.15,-0.41523117519737074,-0.30092174593172116,1.0091013126071469,0.9182546932787944,21.5791785553237,0.27444345185191776,1.209533970510536,1.8457735788737197,,,,
D7-p3_e35_r081,TA(0.10),0.26147139799999763,0.15,21.5791785553237,0.27444345185191776,1.209533970510536,1.8457735788737197,-0.41523117519737074,-0.30092174593172116,1.0091013126071469,0.9182546932787944,,,,
D7-p3_e35_r081,TA(0.15),0.26159612700000423,0.15666666666666668,-0.41523117519737074,-0.30092174593172116,1.0091013126071469,0.9182546932787944,-21.28470164258959,0.5867964848841034,0.48862068539836917,0.16925003259371635,,,,
D7-p3_e35_r081,TA(0.25),0.26044533999999686,0.21666666666666667,-0.4759542414690042,-0.30645289975879575,1.0260125315829602,0.7473538442575773,13.926289323209982,-0.30490710757915274,-5.305455657037735,0.7568495494261857,,,,
D7-p3_e35_r081,TA(0.40),0.261940249999995,0.30666666666666664,-0.05629421664470704,1.4268437078010419,0.9874356378546606,0.984494795521305,0.0374262195003259,-1.5997236899096876,1.0011673213297216,0.9256623310319991,,,,
D8-K2par-sep_e25_r081,adapt,0.053995745000001705,0.24666666666666667,-3.0442481170403375,0.9991438665569985,3.069064845866748,0.9983182282613361,,,,,,,,
D8-K2par-sep_e25_r081,adaptX,0.06065694200000138,0.24666666666666667,3.069064845866748,0.9983182282613361,-3.0442481170403375,0.9991438665569985,,,,,,,,
D8-K2par-sep_e25_r081,HA50,0.01217937700000249,,22.825396363564664,1.236346846188843,-2.894916030204517,1.0548527404789634,,,,,,,,
D8-K2par-sep_e25_r081,TA(0.05),0.05615646100000049,0.11333333333333333,22.825396363564664,1.236346846188843,-0.11702150958882196,0.8980950559666041,,,,,,,,
D8-K2par-sep_e25_r081,TA(0.10),0.05549700499999943,0.11333333333333333,22.825396363564664,1.236346846188843,-0.11702150958882196,0.8980950559666041,,,,,,,,
D8-K2par-sep_e25_r081,TA(0.15),0.055372541000004105,0.11333333333333333,22.825396363564664,1.236346846188843,-0.11702150958882196,0.8980950559666041,,,,,,,,
D8-K2par-sep_e25_r081,TA(0.25),0.056043881999997325,0.24666666666666667,-3.0442481170403375,0.9991438665569985,3.069064845866748,0.9983182282613361,,,,,,,,
D8-K2par-sep_e25_r081,TA(0.40),0.055502829999994674,0.24666666666666667,3.069064845866748,0.9983182282613361,-3.0442481170403375,0.9991438665569985,,,,,,,,
D8-K2par-sep_e30_r081,adapt,0.05758304400000469,0.31666666666666665,3.058890194983204,1.013832392616123,-3.03337931847985,1.0222737721078536,,,,,,,,
D8-K2par-sep_e30_r081,adaptX,0.06274066099999942,0.31666666666666665,3.058890194983204,1.013832392616123,-3.03337931847985,1.0222737721078536,,,,,,,,
D8-K2par-sep_e30_r081,HA50,0.011829831000000013,,22.721859583843337,0.37669569664354746,-4.331420131225375,1.0314290342175478,,,,,,,,
D8-K2par-sep_e30_r081,TA(0.05),0.06027664000000499,0.14666666666666667,-0.4238237002288829,0.8808570580576786,22.721859583843337,0.37669569664354746,,,,,,,,
D8-K2par-sep_e30_r081,TA(0.10),0.0593997929999972,0.14666666666666667,22.721859583843337,0.37669569664354746,-0.29931752568972175,0.8757627502970932,,,,,,,,
D8-K2par-sep_e30_r081,TA(0.15),0.059116068999998106,0.14666666666666667,-0.29931752568972175,0.8757627502970932,22.721859583843337,0.37669569664354746,,,,,,,,
D8-K2par-sep_e30_r081,TA(0.25),0.05948503700000174,0.17,-1.1506735384679636,0.2882057970321976,15.696891001533192,-3.5618606456771635,,,,,,,,
D8-K2par-sep_e30_r081,TA(0.40),0.060081894999996166,0.31666666666666665,3.058890194983204,1.013832392616123,-3.03337931847985,1.0222737721078536,,,,,,,,
D8-K2par-sep_e35_r081,adapt,0.07017782599999833,0.32666666666666666,-3.0627850712906537,0.957823983747641,2.938346686212532,1.011214417540607,,,,,,,,
D8-K2par-sep_e35_r081,adaptX,0.0711889680000013,0.32666666666666666,2.938346686212532,1.011214417540607,-3.0627850712906537,0.957823983747641,,,,,,,,
D8-K2par-sep_e35_r081,HA50,0.010747772000001987,,4.281923323873627,1.015642281108758,-22.1959375630096,2.0440476265389935,,,,,,,,
D8-K2par-sep_e35_r081,TA(0.05),0.07258918799999492,0.15333333333333332,0.5293155745327485,0.5532329808117826,-21.899976074175775,2.2963298701252235,,,,,,,,
D8-K2par-sep_e35_r081,TA(0.10),0.07198248699999965,0.15666666666666668,-21.899976074175775,2.2963298701252235,0.3451167083411582,0.5888736542854967,,,,,,,,
D8-K2par-sep_e35_r081,TA(0.15),0.07414002799999508,0.15666666666666668,-21.899976074175775,2.2963298701252235,0.2854745891252541,0.5587305862512795,,,,,,,,
D8-K2par-sep_e35_r081,TA(0.25),0.07142570999999975,0.18333333333333332,0.3822636943783062,0.4312217142451098,2.6148607820136744,11.530959164482624,,,,,,,,
D8-K2par-sep_e35_r081,TA(0.40),0.07278581300000297,0.32666666666666666,2.938346686212532,1.011214417540607,-3.0627850712906537,0.957823983747641,,,,,,,,
D1-K2cross_e25_r082,adapt,0.054530507999999145,0.26,-0.07203113844595152,-1.468708525232404,0.012314811623633175,1.5828014579481766,,,,,,,,
D1-K2cross_e25_r082,adaptX,0.06047579100000178,0.26,-0.06256759962829171,-1.4685078153707136,0.0022672823898820162,1.582404763982905,,,,,,,,
D1-K2cross_e25_r082,HA50,0.011770421000001363,,3.1262932130163,0.32506963704370384,-22.32131176243124,0.3107329398272957,,,,,,,,
D1-K2cross_e25_r082,TA(0.05),0.057147606999997436,0.13,-22.763217674879552,-0.09838367362106687,-0.020370054285661562,0.04615441092766424,,,,,,,,
D1-K2cross_e25_r082,TA(0.10),0.057327116999999816,0.13,-0.07218375606832172,0.003527208839487265,-22.763217674879552,-0.09838367362106687,,,,,,,,
D1-K2cross_e25_r082,TA(0.15),0.05753442299999989,0.13,-0.07218375606832172,0.003527208839487265,-22.32131176243124,0.3107329398272957,,,,,,,,
D1-K2cross_e25_r082,TA(0.25),0.055681472000003396,0.26,-0.07203113844595152,-1.468708525232404,0.012314811623633175,1.5828014579481766,,,,,,,,
D1-K2cross_e25_r082,TA(0.40),0.05566100500000459,0.26,0.012314811623633175,1.5828014579481766,-0.07203113844595152,-1.468708525232404,,,,,,,,
D1-K2cross_e30_r082,adapt,0.054338506999997094,0.29333333333333333,-0.09759220625642706,-1.4795003614508537,0.004078613662069598,1.5807534055738723,,,,,,,,
D1-K2cross_e30_r082,adaptX,0.061528221999999744,0.29333333333333333,0.05679187410044964,1.5689988861957465,-0.033548754117636984,-1.4984919305527926,,,,,,,,
D1-K2cross_e30_r082,HA50,0.011166135999999938,,3.6914506493129795,0.12576036961971127,-22.759079017784398,0.10958071206888127,,,,,,,,
D1-K2cross_e30_r082,TA(0.05),0.05627699099999717,0.14666666666666667,22.07666338141259,-0.22976858423945037,-0.1337609110845893,0.2805776158349734,,,,,,,,
D1-K2cross_e30_r082,TA(0.10),0.05689764600000302,0.14666666666666667,22.07666338141259,-0.22976858423945037,-0.1337609110845893,0.2805776158349734,,,,,,,,
D1-K2cross_e30_r082,TA(0.15),0.05695266400000065,0.14666666666666667,22.07666338141259,-0.22976858423945037,-0.1337609110845893,0.2805776158349734,,,,,,,,
D1-K2cross_e30_r082,TA(0.25),0.05579974199999782,0.16333333333333333,0.305400125841646,0.6405641902122092,-18.382366166823026,3.9746922749683704,,,,,,,,
D1-K2cross_e30_r082,TA(0.40),0.05584126200000128,0.29333333333333333,0.03152219092224447,1.585843876616336,-0.09485268990231385,-1.4722641139342731,,,,,,,,
D1-K2cross_e35_r082,adapt,0.05635732999999732,0.35333333333333333,2.6593141041435797,-0.052133097054749014,-2.1852049900861807,0.09430374526775122,,,,,,,,
D1-K2cross_e35_r082,adaptX,0.062136289999997985,0.35333333333333333,0.03882570145046951,1.4616684226613612,0.18647500339481748,-1.5157803136230827,,,,,,,,
D1-K2cross_e35_r082,HA50,0.010549401000005787,,3.7928298263244375,0.2689621682125511,-22.36538164397424,0.23909941342398883,,,,,,,,
D1-K2cross_e35_r082,TA(0.05),0.059798684999996965,0.13666666666666666,-22.36538164397424,0.23909941342398883,0.19476099630964036,0.139689534743727,,,,,,,,
D1-K2cross_e35_r082,TA(0.10),0.057395228000004295,0.13666666666666666,0.19476099630964036,0.139689534743727,-22.524830326965464,0.09647986974831774,,,,,,,,
D1-K2cross_e35_r082,TA(0.15),0.057531294000000344,0.13666666666666666,0.19476099630964036,0.139689534743727,-22.524830326965464,0.09647986974831774,,,,,,,,
D1-K2cross_e35_r082,TA(0.25),0.057595059999997034,0.15,0.6995087883602495,-0.24437602647966328,-18.244405852657092,-3.4456211907580414,,,,,,,,
D1-K2cross_e35_r082,TA(0.40),0.05806890199999515,0.35333333333333333,0.03882570145046951,1.4616684226613612,0.18647500339481748,-1.5157803136230827,,,,,,,,
D2-K3par_e25_r082,adapt,0.3567280119999978,0.25,2.997400539720846,1.07100498980909,-0.10280401366937987,1.06387505949367,-3.246994015589274,0.9617577552204518,,,,,,
D2-K3par_e25_r082,adaptX,0.34283192299999854,0.25,2.997400539720846,1.07100498980909,-0.10280401366937987,1.06387505949367,-3.246994015589274,0.9617577552204518,,,,,,
D2-K3par_e25_r082,HA50,0.022384940999998548,,-0.15790761135767895,1.1247063711937932,-23.27132709660963,1.5972273093961677,22.832508984717805,0.9186476002250314,,,,,,
D2-K3par_e25_r082,TA(0.05),0.3583719080000023,0.0,-23.27132709660963,1.5972273093961677,-0.15790761135767895,1.1247063711937932,22.832508984717805,0.9186476002250314,,,,,,
D2-K3par_e25_r082,TA(0.10),0.3584272780000006,0.0,-0.15790761135767895,1.1247063711937932,22.832508984717805,0.9186476002250314,-23.27132709660963,1.5972273093961677,,,,,,
D2-K3par_e25_r082,TA(0.15),0.35790666100000124,0.11333333333333333,1.9275356705706899,1.0730119633948305,22.832508984717805,0.9186476002250314,-2.411778622986812,1.032526558193307,,,,,,
D2-K3par_e25_r082,TA(0.25),0.3598832789999946,0.25,3.1181157101425114,1.1682096169001686,0.0068661382330930006,1.1121682714842471,-3.2022384083644897,0.9607683474428901,,,,,,
D2-K3par_e25_r082,TA(0.40),0.36027523599999967,0.25,-3.246994015589274,0.9617577552204518,-0.028718295877668835,1.1166132350237534,3.1181157101425114,1.1682096169001686,,,,,,
D2-K3par_e30_r082,adapt,0.3973507290000029,0.13,-3.161686445520245,9.945261424718538,-14.967158761498554,-3.8636948519481056,0.37606530250281095,0.6426862373549782,,,,,,
D2-K3par_e30_r082,adaptX,0.3514337249999997,0.30333333333333334,2.9355614414545386,0.9469267463040164,-0.05143838724199687,1.0743434429256815,-2.9444632252018126,1.031906271676923,,,,,,
D2-K3par_e30_r082,HA50,0.015961670000002925,,0.015281604290161826,1.04457118556148,-22.765529368385373,-0.02371723618577885,21.68759166430868,0.4550009978878394,,,,,,
D2-K3par_e30_r082,TA(0.05),0.39877490800000004,0.0,21.68759166430868,0.4550009978878394,-22.765529368385373,-0.02371723618577885,0.015281604290161826,1.04457118556148,,,,,,
D2-K3par_e30_r082,TA(0.10),0.3984844009999975,0.0,21.68759166430868,0.4550009978878394,0.015281604290161826,1.04457118556148,-22.765529368385373,-0.02371723618577885,,,,,,
D2-K3par_e30_r082,TA(0.15),0.39999523399999504,0.12666666666666668,-2.2248040814506647,0.9728959919752285,-22.942920494819777,0.03859902222872682,2.297993035249217,0.8763928706610026,,,,,,
D2-K3par_e30_r082,TA(0.25),0.40062408000000005,0.12666666666666668,-23.111839603969695,0.11260689481828279,-2.0350777198006162,0.9840461650207312,2.5030443328676806,0.869577517540422,,,,,,
D2-K3par_e30_r082,TA(0.40),0.40256578399999654,0.30333333333333334,2.9355614414545386,0.9469267463040164,-2.9444632252018126,1.031906271676923,-0.05143838724199687,1.0743434429256815,,,,,,
D2-K3par_e35_r082,adapt,0.4212515799999963,0.16666666666666666,21.696590988999738,0.8048024435359595,-2.4565577715112736,0.9338655614827702,2.4131457759706114,1.0085517575316392,,,,,,
D2-K3par_e35_r082,adaptX,0.2685888460000001,0.33666666666666667,-3.1020083034100234,0.909429493171595,3.329340927906528,0.961030021247604,0.23628528421725087,0.8751906838438133,,,,,,
D2-K3par_e35_r082,HA50,0.016479187999998146,,-23.089350753992715,1.1853441431545944,0.1376876580068271,0.9326433694537911,21.696590988999738,0.8048024435359595,,,,,,
D2-K3par_e35_r082,TA(0.05),0.4257200090000026,0.0033333333333333335,21.696590988999738,0.8048024435359595,-23.089350753992715,1.1853441431545944,0.1376876580068271,0.9326433694537911,,,,,,
D2-K3par_e35_r082,TA(0.10),0.4229432509999995,0.013333333333333334,0.1376876580068271,0.9326433694537911,-23.089350753992715,1.1853441431545944,22.146581899702507,0.5257447023843587,,,,,,
D2-K3par_e35_r082,TA(0.15),0.4220863250000022,0.12666666666666668,-9.699908679963647,6.647295610425374,0.2820727743152308,0.8689289331566631,22.38510839943793,0.8156810891979193,,,,,,
D2-K3par_e35_r082,TA(0.25),0.4223460130000021,0.19,-2.4565577715112736,0.9338655614827702,22.38510839943793,0.8156810891979193,2.4131457759706114,1.0085517575316392,,,,,,
D2-K3par_e35_r082,TA(0.40),0.4244223170000012,0.33666666666666667,-3.1725835201970325,0.880720392537502,0.11090361357521342,0.8532387445118739,3.282205814487155,0.9669570762661831,,,,,,
D3-unequal_e25_r082,adapt,0.06027357199999983,0.24666666666666667,-0.16729119485071187,-1.5100428905390693,-0.22380773758797967,1.4311361150657695,,,,,,,,
D3-unequal_e25_r082,adaptX,0.06654603700000195,0.24666666666666667,-0.16729119485071187,-1.5100428905390693,-0.22380773758797967,1.4311361150657695,,,,,,,,
D3-unequal_e25_r082,HA50,0.011252247000001603,,2.699185216815061,-0.3828826272838377,-22.524009581103954,-1.1085330452175202,,,,,,,,
D3-unequal_e25_r082,TA(0.05),0.06377653699999541,0.11666666666666667,-0.19311896985930538,-0.6332309074578496,-22.76117536970738,-1.3231805528816247,,,,,,,,
D3-unequal_e25_r082,TA(0.10),0.06292524399999877,0.11666666666666667,-22.76117536970738,-1.3231805528816247,-0.19311896985930538,-0.6332309074578496,,,,,,,,
D3-unequal_e25_r082,TA(0.15),0.061060440000005656,0.12,-22.76117536970738,-1.3231805528816247,-0.15755944254849713,-0.7141361781926838,,,,,,,,
D3-unequal_e25_r082,TA(0.25),0.061076558000003445,0.24666666666666667,-0.22555613406972572,1.4311838235294274,-0.16808768943837327,-1.5100187627613386,,,,,,,,
D3-unequal_e25_r082,TA(0.40),0.061431448000000444,0.24666666666666667,-0.16997079015146668,-1.5098992824922233,-0.22961100115150393,1.4314337726308288,,,,,,,,
D3-unequal_e30_r082,adapt,0.062222566999999174,0.3,0.15837252262981458,-1.5011374327546232,-0.01989933508352555,1.6219813809529613,,,,,,,,
D3-unequal_e30_r082,adaptX,0.07655328300000264,0.3,0.16537805403829287,-1.4993964430697007,-0.005640021707347082,1.6256920921883624,,,,,,,,
D3-unequal_e30_r082,HA50,0.012849697000000049,,-21.66308533101821,-1.236447114754831,3.5049847662640325,-0.9938378944371798,,,,,,,,
D3-unequal_e30_r082,TA(0.05),0.06435895400000646,0.12666666666666668,0.22057390811555178,-0.6361125905683377,-22.123133546456515,-1.2592798678415977,,,,,,,,
D3-unequal_e30_r082,TA(0.10),0.06357202899999947,0.12666666666666668,0.22057390811555178,-0.6361125905683377,-22.123133546456515,-1.2592798678415977,,,,,,,,
D3-unequal_e30_r082,TA(0.15),0.06418103700000444,0.12666666666666668,-22.123133546456515,-1.2592798678415977,0.22057390811555178,-0.6361125905683377,,,,,,,,
D3-unequal_e30_r082,TA(0.25),0.06580542300000047,0.13666666666666666,-22.123133546456515,-1.2592798678415977,0.08690590379024792,-0.8346371666203719,,,,,,,,
D3-unequal_e30_r082,TA(0.40),0.06320740600000363,0.3,-0.018441027810470585,1.621975163736025,0.15748906659011006,-1.5011678615339443,,,,,,,,
D3-unequal_e35_r082,adapt,0.08951345700000246,0.2,-22.80920105696988,-0.5135297299480086,-0.16802857629566173,-0.8847401188544015,,,,,,,,
D3-unequal_e35_r082,adaptX,0.0889802909999986,0.19333333333333333,21.965410933305517,0.12583822452020205,-0.15274159497038697,-1.1320642632179656,,,,,,,,
D3-unequal_e35_r082,HA50,0.013331286999999747,,22.55545813186634,-0.38633342652800906,-4.34285449640158,-1.0945216466990577,,,,,,,,
D3-unequal_e35_r082,TA(0.05),0.09256484700000556,0.17,22.55545813186634,-0.38633342652800906,-0.178844444235693,-0.9994691061248744,,,,,,,,
D3-unequal_e35_r082,TA(0.10),0.09167611599999503,0.19,-0.1835895474056094,-1.1076078639895262,22.55545813186634,-0.38633342652800906,,,,,,,,
D3-unequal_e35_r082,TA(0.15),0.09142501200000197,0.18,22.55545813186634,-0.38633342652800906,-0.11607482111827053,-1.0540669540555136,,,,,,,,
D3-unequal_e35_r082,TA(0.25),0.0910011819999994,0.21333333333333335,-0.20066158798307995,-1.288183561621142,22.55545813186634,-0.38633342652800906,,,,,,,,
D3-unequal_e35_r082,TA(0.40),0.09137174099999612,0.3466666666666667,-0.03509180961908848,-1.500003903595286,-0.025602208129127304,1.3555085329548267,,,,,,,,
D4-hetero_e25_r082,adapt,0.05185747999999535,0.2966666666666667,-0.024887325480004364,1.6371672060774554,0.06743191420271041,-1.4721184712096644,,,,,,,,
D4-hetero_e25_r082,adaptX,0.06121523499999881,0.2966666666666667,0.06743191420271041,-1.4721184712096644,-0.024887325480004364,1.6371672060774554,,,,,,,,
D4-hetero_e25_r082,HA50,0.01153235900000027,,22.443918743935814,0.2449110302748009,-3.3968391961627082,-0.49370884272110477,,,,,,,,
D4-hetero_e25_r082,TA(0.05),0.05249961400000558,0.13333333333333333,22.443918743935814,0.2449110302748009,0.3247338125431708,-0.0048963698860719105,,,,,,,,
D4-hetero_e25_r082,TA(0.10),0.05399753300000043,0.13333333333333333,22.443918743935814,0.2449110302748009,0.3247338125431708,-0.0048963698860719105,,,,,,,,
D4-hetero_e25_r082,TA(0.15),0.055235880999994436,0.13333333333333333,22.443918743935814,0.2449110302748009,0.3247338125431708,-0.0048963698860719105,,,,,,,,
D4-hetero_e25_r082,TA(0.25),0.05343404499999593,0.13333333333333333,0.3247338125431708,-0.0048963698860719105,22.443918743935814,0.2449110302748009,,,,,,,,
D4-hetero_e25_r082,TA(0.40),0.053723091000001943,0.2966666666666667,0.06743191420271041,-1.4721184712096644,-0.024887325480004364,1.6371672060774554,,,,,,,,
D4-hetero_e30_r082,adapt,0.0582824899999963,0.3233333333333333,-0.03186897418573636,-1.495155882013963,-0.04308874193888587,1.5589872489250267,,,,,,,,
D4-hetero_e30_r082,adaptX,0.06326302600000133,0.3233333333333333,-0.01620768058659395,-1.4952395690548952,-0.06168445412993677,1.5570283284874191,,,,,,,,
D4-hetero_e30_r082,HA50,0.010932855000000075,,-3.5828297472730473,-0.0013622780217344126,21.806941708578098,-0.19838378674243762,,,,,,,,
D4-hetero_e30_r082,TA(0.05),0.05993421299999824,0.11666666666666667,21.546051055301927,-0.399827783058731,-0.27443878261898014,-0.014872926122357603,,,,,,,,
D4-hetero_e30_r082,TA(0.10),0.06077351700000122,0.11666666666666667,21.546051055301927,-0.399827783058731,-0.27443878261898014,-0.014872926122357603,,,,,,,,
D4-hetero_e30_r082,TA(0.15),0.06002055100000092,0.11666666666666667,-0.27443878261898014,-0.014872926122357603,21.546051055301927,-0.399827783058731,,,,,,,,
D4-hetero_e30_r082,TA(0.25),0.06030701600000299,0.11666666666666667,-0.27443878261898014,-0.014872926122357603,21.546051055301927,-0.399827783058731,,,,,,,,
D4-hetero_e30_r082,TA(0.40),0.06141912700000063,0.3233333333333333,-0.0684882647152676,1.5572654302069195,-0.022499455444328593,-1.4942392145963248,,,,,,,,
D4-hetero_e35_r082,adapt,0.07507280899999813,0.37333333333333335,-0.16137768483294426,1.645596071767755,-0.038341211872145314,-1.4997460536381872,,,,,,,,
D4-hetero_e35_r082,adaptX,0.07840879300000125,0.37333333333333335,-0.16137768483294426,1.645596071767755,-0.038341211872145314,-1.4997460536381872,,,,,,,,
D4-hetero_e35_r082,HA50,0.014160646000000554,,-22.357284396574872,0.4602575243837708,5.273106276851017,-0.28944210552927324,,,,,,,,
D4-hetero_e35_r082,TA(0.05),0.0757831419999988,0.17666666666666667,-0.004559519551799772,0.3726335709843951,21.622109010819397,-0.3643599592648784,,,,,,,,
D4-hetero_e35_r082,TA(0.10),0.07608868600000562,0.17666666666666667,0.07189628152079236,0.3373036324536457,21.622109010819397,-0.3643599592648784,,,,,,,,
D4-hetero_e35_r082,TA(0.15),0.077123303999997,0.17666666666666667,0.07189628152079236,0.3373036324536457,21.622109010819397,-0.3643599592648784,,,,,,,,
D4-hetero_e35_r082,TA(0.25),0.07785296699999833,0.17666666666666667,0.07189628152079236,0.3373036324536457,21.622109010819397,-0.3643599592648784,,,,,,,,
D4-hetero_e35_r082,TA(0.40),0.0775497360000017,0.37333333333333335,-0.038341211872145314,-1.4997460536381872,-0.16137768483294426,1.645596071767755,,,,,,,,
D5-leverage_e25_r082,adapt,0.05341036499999774,0.013333333333333334,2.7398754284900733,-0.1378684144040881,-1.6828335940916768,0.04233428221995844,,,,,,,,
D5-leverage_e25_r082,adaptX,0.05960140399999858,0.10333333333333333,2.1479900374062164,-0.04825106917138719,-1.9189491168531847,0.10533651510774064,,,,,,,,
D5-leverage_e25_r082,HA50,0.01057055300000087,,-1.7682727126378912,0.06995252924244895,2.7707524653701148,-0.12182374428596554,,,,,,,,
D5-leverage_e25_r082,TA(0.05),0.05488479699999971,0.013333333333333334,-1.6828335940916768,0.04233428221995844,2.7398754284900733,-0.1378684144040881,,,,,,,,
D5-leverage_e25_r082,TA(0.10),0.055058490000000404,0.016666666666666666,2.2517115296060366,-0.05141216436173754,-1.892925414474817,0.07920314886960056,,,,,,,,
D5-leverage_e25_r082,TA(0.15),0.05486282700000089,0.02,-1.9097849848567565,0.08138058508126643,2.2286205706142335,-0.048105171859473966,,,,,,,,
D5-leverage_e25_r082,TA(0.25),0.05636529299999893,0.023333333333333334,2.188268089591565,-0.03957159146934776,-1.9561397220375076,0.08629046014505887,,,,,,,,
D5-leverage_e25_r082,TA(0.40),0.05511555900000076,0.04666666666666667,2.57845290507393,-0.4829826744668619,-1.3613368068443044,0.4176627088130849,,,,,,,,
D5-leverage_e30_r082,adapt,0.06027002700000139,0.0033333333333333335,2.1888011844399844,-0.06645170725151783,-2.2772609298784077,0.09090693460427608,,,,,,,,
D5-leverage_e30_r082,adaptX,0.06618263600000063,0.07,2.0795848705409106,-0.04655354952339937,-2.4086451561884714,0.10806671778360331,,,,,,,,
D5-leverage_e30_r082,HA50,0.012304862999997113,,2.1888011844399844,-0.06645170725151783,-2.3344408793927847,0.10190189357482264,,,,,,,,
D5-leverage_e30_r082,TA(0.05),0.06179269600000481,0.0033333333333333335,2.1511401407168584,-0.06615407630209683,-2.3303772774486378,0.09338257938278427,,,,,,,,
D5-leverage_e30_r082,TA(0.10),0.06207901100000157,0.0033333333333333335,-2.411234482056341,0.1042134438950895,2.0961205930885587,-0.05948906341845207,,,,,,,,
D5-leverage_e30_r082,TA(0.15),0.06308419499999474,0.0033333333333333335,2.0251540521827995,-0.05609406170450509,-2.4845201718221794,0.11263583338198192,,,,,,,,
D5-leverage_e30_r082,TA(0.25),0.06300407300000188,0.0033333333333333335,2.005232822261492,-0.06186762755878104,-2.5088766131747673,0.10621585624599643,,,,,,,,
D5-leverage_e30_r082,TA(0.40),0.06411354600000152,0.03,1.6062939712684075,-0.4276580736624141,-2.4561168772312842,0.45448727020463114,,,,,,,,
D5-leverage_e35_r082,adapt,0.0668130720000022,0.0,2.496671437308539,-0.11601288315138451,-1.9164110867772581,0.06570704338877131,,,,,,,,
D5-leverage_e35_r082,adaptX,0.07112656799999684,0.0,2.4991289526100555,-0.1158570821837836,-1.893466270579175,0.06606376650156505,,,,,,,,
D5-leverage_e35_r082,HA50,0.014311086999995837,,2.496671437308539,-0.11601288315138451,-1.9164110867772581,0.06570704338877131,,,,,,,,
D5-leverage_e35_r082,TA(0.05),0.06967978699999833,0.0,-1.9164110867772581,0.06570704338877131,2.496671437308539,-0.11601288315138451,,,,,,,,
D5-leverage_e35_r082,TA(0.10),0.07044330000000087,0.0,2.519828397785104,-0.11867608075346454,-1.8967011929821975,0.0634282926523053,,,,,,,,
D5-leverage_e35_r082,TA(0.15),0.06904041299999619,0.0,2.496671437308539,-0.11601288315138451,-1.9164110867772581,0.06570704338877131,,,,,,,,
D5-leverage_e35_r082,TA(0.25),0.0690776530000008,0.02666666666666667,2.1648140151610624,-0.4265455308492022,-1.6640639690090004,0.3867443234495788,,,,,,,,
D5-leverage_e35_r082,TA(0.40),0.07096000900000377,0.0,2.4915221045911164,-0.12491058744422427,-1.8389607108908064,0.05022581430513892,,,,,,,,
D6-uniform_e25_r082,adapt,0.06852043699999655,0.14333333333333334,0.2365820376126434,-2.245895463802778,0.05129374281344752,1.5950647972997152,,,,,,,,
D6-uniform_e25_r082,adaptX,0.07702695700000106,0.14333333333333334,0.18205646088314587,-2.265701844610719,0.02014013103507863,1.6070411713905712,,,,,,,,
D6-uniform_e25_r082,HA50,0.011288599000003785,,-4.0374778322234,-0.150251581417882,2.7005051421718576,-0.2533160861069969,,,,,,,,
D6-uniform_e25_r082,TA(0.05),0.07070457100000027,0.0,-4.272816607115635,-0.19470130526499468,2.515324294154888,-0.2621630471435236,,,,,,,,
D6-uniform_e25_r082,TA(0.10),0.06979267399999856,0.0,2.366583734458821,-0.24070074596582935,-4.457176325018319,-0.2061086480000652,,,,,,,,
D6-uniform_e25_r082,TA(0.15),0.07162716499999533,0.15333333333333332,0.02014013103507863,1.6070411713905712,0.2917990083243673,-2.219749053674894,,,,,,,,
D6-uniform_e25_r082,TA(0.25),0.07232112500000198,0.15,0.010401744865810003,1.6044225393807563,0.17044694635097307,-2.2502516644010138,,,,,,,,
D6-uniform_e25_r082,TA(0.40),0.07089026399999909,0.17333333333333334,0.04841170110783401,1.5561342331235597,0.2723928840002367,-2.0001384862277667,,,,,,,,
D6-uniform_e30_r082,adapt,0.05457899199999616,0.0,3.7830803289147856,-0.08036810607135937,-2.792845411422538,0.0486034901908544,,,,,,,,
D6-uniform_e30_r082,adaptX,0.06520047500000459,0.0,3.7830803289147856,-0.08036810607135937,-2.792845411422538,0.0486034901908544,,,,,,,,
D6-uniform_e30_r082,HA50,0.011547597999999937,,3.7830803289147856,-0.08036810607135937,-2.792845411422538,0.0486034901908544,,,,,,,,
D6-uniform_e30_r082,TA(0.05),0.056677116000003025,0.0,3.7830803289147856,-0.08036810607135937,-2.792845411422538,0.0486034901908544,,,,,,,,
D6-uniform_e30_r082,TA(0.10),0.056575226999996175,0.0,3.7830803289147856,-0.08036810607135937,-2.792845411422538,0.0486034901908544,,,,,,,,
D6-uniform_e30_r082,TA(0.15),0.05859510100000165,0.0,-2.792845411422538,0.0486034901908544,3.7830803289147856,-0.08036810607135937,,,,,,,,
D6-uniform_e30_r082,TA(0.25),0.056031077000000096,0.21666666666666667,0.24029883934082924,-1.7579400261853821,0.47493567245027013,1.401553484027812,,,,,,,,
D6-uniform_e30_r082,TA(0.40),0.05771961399999981,0.25,0.24386064277279154,1.533061149271841,0.1971577316821209,-1.7275331103353504,,,,,,,,
D6-uniform_e35_r082,adapt,0.06708827700000342,0.0,3.8318363085614053,-0.2132303039316719,-3.196058816453921,-0.09379183999457495,,,,,,,,
D6-uniform_e35_r082,adaptX,0.07573219700000067,0.0,3.6091338999062366,-0.26538933881125165,-3.410358479409123,-0.13069476383697531,,,,,,,,
D6-uniform_e35_r082,HA50,0.013844001000002493,,3.7664329893054114,-0.18918317282408445,-3.263916644101486,-0.07018223539077842,,,,,,,,
D6-uniform_e35_r082,TA(0.05),0.07034200499999343,0.0,-3.055095657588099,-0.01841109394100086,4.007576372769974,-0.11061399446660815,,,,,,,,
D6-uniform_e35_r082,TA(0.10),0.07151027100000107,0.0,4.045067218886651,-0.15154027000614975,-3.012288126200291,-0.05370921885800415,,,,,,,,
D6-uniform_e35_r082,TA(0.15),0.07182229499999693,0.0,-3.012288126200291,-0.05370921885800415,4.045067218886651,-0.15154027000614975,,,,,,,,
D6-uniform_e35_r082,TA(0.25),0.06883128599999822,0.15333333333333332,0.060487078046461334,1.8632751888286692,0.7637207013841727,-1.4946046002650009,,,,,,,,
D6-uniform_e35_r082,TA(0.40),0.06858266100000066,0.17666666666666667,0.4912476987254092,-1.500998487711863,-0.13606355258859926,1.6498133077701824,,,,,,,,
D7-p3_e25_r082,adapt,0.24243837899999932,0.23666666666666666,-0.06014115638339856,1.5491853984026733,1.0164937554998046,0.9856077947984058,0.047909057046249114,-1.5628038701783273,1.0669250307072713,0.9325806663270796,,,,
D7-p3_e25_r082,adaptX,2.2940572569999986,0.24,0.04895842740535632,-1.5644784730211942,1.057563356172474,0.9435642188610869,-0.03161616928970975,1.5482034721150484,1.0245921081359517,0.98365265111426,,,,
D7-p3_e25_r082,HA50,0.01454840000000246,,-23.992118939056326,-0.48516851840498,1.3496948352251523,0.8783980690006425,2.8740239301432733,-0.12941454685391499,0.7392341726141456,1.3890344124859606,,,,
D7-p3_e25_r082,TA(0.05),0.24825723400000044,0.11,0.03606090711271129,0.0805011009986404,0.9011626015461967,1.078568614283825,-23.992118939056326,-0.48516851840498,1.3496948352251523,0.8783980690006425,,,,
D7-p3_e25_r082,TA(0.10),0.2564252539999998,0.11,-23.992118939056326,-0.48516851840498,1.3496948352251523,0.8783980690006425,0.03606090711271129,0.0805011009986404,0.9011626015461967,1.078568614283825,,,,
D7-p3_e25_r082,TA(0.15),0.26019336899999956,0.11333333333333333,-23.673089599041354,-0.6802391680060752,1.4127202394895262,0.8522674369408788,0.03606090711271129,0.0805011009986404,0.9011626015461967,1.078568614283825,,,,
D7-p3_e25_r082,TA(0.25),0.24382374999999712,0.23666666666666666,-0.05071206783732878,1.5472538904764455,1.0123703430056146,0.9839060915792971,0.057044243619665536,-1.564339891384929,1.063680061191531,0.9309346837916255,,,,
D7-p3_e25_r082,TA(0.40),0.24389971000000088,0.23666666666666666,0.036726567537604116,-1.5715377728544995,1.0833282714077073,0.9326107635059112,-0.07029863633789842,1.5443084103209064,1.0320202247369816,0.9890834708350096,,,,
D7-p3_e30_r082,adapt,0.3202358780000054,0.3566666666666667,0.17774471061817362,1.573815218581561,1.0010382024297426,0.986589172995572,0.11788779534610745,-1.4435628375839915,0.9584384791538789,1.0228513897617988,,,,
D7-p3_e30_r082,adaptX,2.325562160000004,0.3566666666666667,0.20446485943199927,1.5593740343154994,0.9992489365909927,0.9686044933344337,0.14619676075651797,-1.458952465933516,0.9635638317087732,1.0059852870352624,,,,
D7-p3_e30_r082,HA50,0.016569662000001983,,-22.387956837667232,0.5342491294633817,0.9397100345317274,-0.036742801783582225,4.6944393022189885,0.15186026049976445,0.9410579076781078,1.1131835888015689,,,,
D7-p3_e30_r082,TA(0.05),0.3224904940000002,0.18333333333333332,-22.787618751765475,0.8938038552250768,0.7920215244520677,-0.06819057349154081,0.39785155933331084,0.18879945132150303,0.749236318854748,0.8615366767643611,,,,
D7-p3_e30_r082,TA(0.10),0.3228416379999999,0.18333333333333332,-22.98090164460986,0.9809160177778533,0.937211547559748,-0.1900942795090003,0.13930524193633542,0.2382059641121297,0.8478432330179897,0.8991417660260477,,,,
D7-p3_e30_r082,TA(0.15),0.3228226069999991,0.18,0.07300179207487366,0.2875821384838365,0.8235806568392573,0.9263175446923101,-22.98090164460986,0.9809160177778533,0.937211547559748,-0.1900942795090003,,,,
D7-p3_e30_r082,TA(0.25),0.3227400269999947,0.18666666666666668,-23.428322880421266,1.0429522868512269,0.7921855381382035,-0.4711549893362037,0.13930524193633542,0.2382059641121297,0.8478432330179897,0.8991417660260477,,,,
D7-p3_e30_r082,TA(0.40),0.32341401599999386,0.3566666666666667,0.11788779534610745,-1.4435628375839915,0.9584384791538789,1.0228513897617988,0.17774471061817362,1.573815218581561,1.0010382024297426,0.986589172995572,,,,
D7-p3_e35_r082,adapt,0.32046423499999577,0.17666666666666667,22.520956997599235,1.3734196104742924,1.0591446900388326,0.3879790709684141,0.10419210321631628,-0.14337128513306588,1.192067703316152,1.092704645390046,,,,
D7-p3_e35_r082,adaptX,2.233125195999996,0.37666666666666665,0.16417875795292772,1.4428402723486695,0.9060568442324849,1.1105449066020199,0.04798546820826692,-1.560832416665794,1.0332776534923274,0.916419913491883,,,,
D7-p3_e35_r082,HA50,0.014972186000001386,,-4.459558825858231,-0.23088228567879313,0.5765934883151448,1.1442659994737328,22.094056675632533,0.904595595476677,1.3176117858628258,0.32635800024159645,,,,
D7-p3_e35_r082,TA(0.05),0.3223552409999968,0.17,21.874784340107176,1.0005214549829942,1.413966333508,0.311906566457143,0.10419210321631628,-0.14337128513306588,1.192067703316152,1.092704645390046,,,,
D7-p3_e35_r082,TA(0.10),0.3218323559999945,0.17,21.874784340107176,1.0005214549829942,1.413966333508,0.311906566457143,0.10419210321631628,-0.14337128513306588,1.192067703316152,1.092704645390046,,,,
D7-p3_e35_r082,TA(0.15),0.3220148229999964,0.17,0.10419210321631628,-0.14337128513306588,1.192067703316152,1.092704645390046,21.874784340107176,1.0005214549829942,1.413966333508,0.311906566457143,,,,
D7-p3_e35_r082,TA(0.25),0.32240479400000055,0.17666666666666667,22.309649638338588,1.26713775040079,1.1803323497064302,0.319258648365997,0.10419210321631628,-0.14337128513306588,1.192067703316152,1.092704645390046,,,,
D7-p3_e35_r082,TA(0.40),0.3216910070000054,0.37666666666666665,0.0488922196487108,-1.5609368962132388,1.032730192350452,0.9163346104008329,0.16392704563372038,1.4428210482305368,0.9062225444712202,1.1105534044658447,,,,
D8-K2par-sep_e25_r082,adapt,0.0531848149999945,0.24666666666666667,-2.9617425760394944,0.9354214431192721,2.9378591530510625,0.9430486008524491,,,,,,,,
D8-K2par-sep_e25_r082,adaptX,0.06327334600000256,0.24666666666666667,2.9378591530510625,0.9430486008524491,-2.9617425760394944,0.9354214431192721,,,,,,,,
D8-K2par-sep_e25_r082,HA50,0.011146527000001072,,-24.286166143951533,2.0396951648049093,2.7098683763227984,0.7509732337835103,,,,,,,,
D8-K2par-sep_e25_r082,TA(0.05),0.055865965999998934,0.12333333333333334,-24.959580013217828,2.2505807605526558,-0.08855501398755064,0.826940837387405,,,,,,,,
D8-K2par-sep_e25_r082,TA(0.10),0.0570075050000014,0.12333333333333334,-24.959580013217828,2.2505807605526558,-0.14142051588746546,0.8014233243582399,,,,,,,,
D8-K2par-sep_e25_r082,TA(0.15),0.05486348800000229,0.12333333333333334,-24.959580013217828,2.2505807605526558,-0.14142051588746546,0.8014233243582399,,,,,,,,
D8-K2par-sep_e25_r082,TA(0.25),0.05541160099999587,0.24666666666666667,2.9378591530510625,0.9430486008524491,-2.9617425760394944,0.9354214431192721,,,,,,,,
D8-K2par-sep_e25_r082,TA(0.40),0.05518518800000294,0.24666666666666667,2.9378591530510625,0.9430486008524491,-2.9617425760394944,0.9354214431192721,,,,,,,,
D8-K2par-sep_e30_r082,adapt,0.060337199000002784,0.33666666666666667,2.926069140869425,0.9159626895025471,-2.804492705987769,0.9357435240323771,,,,,,,,
D8-K2par-sep_e30_r082,adaptX,0.06864641300000329,0.33666666666666667,-2.804492705987769,0.9357435240323771,2.926069140869425,0.9159626895025471,,,,,,,,
D8-K2par-sep_e30_r082,HA50,0.011816220000000044,,22.16149848016774,1.3532408220670167,-4.612354254838474,0.7534482145917684,,,,,,,,
D8-K2par-sep_e30_r082,TA(0.05),0.062042792999996266,0.16333333333333333,-0.09218446375620375,0.8215986918613086,-21.94405276317312,1.3272274718736121,,,,,,,,
D8-K2par-sep_e30_r082,TA(0.10),0.061944989000004114,0.17,-0.32720109582097373,0.7928695542594588,22.16149848016774,1.3532408220670167,,,,,,,,
D8-K2par-sep_e30_r082,TA(0.15),0.06325236400000023,0.17,-0.21200712764805474,0.8055202511711615,22.16149848016774,1.3532408220670167,,,,,,,,
D8-K2par-sep_e30_r082,TA(0.25),0.06354801100000174,0.16333333333333333,-0.1608831504350897,0.8333144764157104,-21.94405276317312,1.3272274718736121,,,,,,,,
D8-K2par-sep_e30_r082,TA(0.40),0.06143383300000238,0.33666666666666667,2.926069140869425,0.9159626895025471,-2.804492705987769,0.9357435240323771,,,,,,,,
D8-K2par-sep_e35_r082,adapt,0.051516882999997904,0.3566666666666667,2.9098440118081594,0.9521394506687705,-3.0354335697153556,0.9400964296338378,,,,,,,,
D8-K2par-sep_e35_r082,adaptX,0.060292642000000285,0.3566666666666667,2.9098440118081594,0.9521394506687705,-3.0354335697153556,0.9400964296338378,,,,,,,,
D8-K2par-sep_e35_r082,HA50,0.01085970100000111,,-4.84239241105616,0.44887154258470896,21.823306099962952,0.4577094590582874,,,,,,,,
D8-K2par-sep_e35_r082,TA(0.05),0.05329505800000334,0.16333333333333333,-0.4508343195442253,0.6454457647711742,21.823306099962952,0.4577094590582874,,,,,,,,
D8-K2par-sep_e35_r082,TA(0.10),0.05343757100000346,0.16333333333333333,-0.1517019690959309,0.8152302840708723,21.823306099962952,0.4577094590582874,,,,,,,,
D8-K2par-sep_e35_r082,TA(0.15),0.05475662799999981,0.16333333333333333,21.823306099962952,0.4577094590582874,-0.1517019690959309,0.8152302840708723,,,,,,,,
D8-K2par-sep_e35_r082,TA(0.25),0.05266453500000523,0.16333333333333333,21.823306099962952,0.4577094590582874,-0.1517019690959309,0.8152302840708723,,,,,,,,
D8-K2par-sep_e35_r082,TA(0.40),0.0529187850000028,0.3566666666666667,2.9098440118081594,0.9521394506687705,-3.0354335697153556,0.9400964296338378,,,,,,,,
D1-K2cross_e25_r083,adapt,0.05523263799999967,0.28,0.22158043173940165,-1.498802662115757,0.029151739034899513,1.5401654752161609,,,,,,,,
D1-K2cross_e25_r083,adaptX,0.06270486399999697,0.28,0.015110911593340869,1.5439411085383064,0.20693090907057923,-1.4945529279554568,,,,,,,,
D1-K2cross_e25_r083,HA50,0.010987026000002231,,-3.2599138821931497,0.22257579886234025,22.786837484415848,1.0352519888238716,,,,,,,,
D1-K2cross_e25_r083,TA(0.05),0.057037168000000804,0.13,23.08531753814671,1.2699153719597942,0.12345973312146966,0.11067368453292799,,,,,,,,
D1-K2cross_e25_r083,TA(0.10),0.05803167999999914,0.13,23.08531753814671,1.2699153719597942,0.12345973312146966,0.11067368453292799,,,,,,,,
D1-K2cross_e25_r083,TA(0.15),0.05815288400000185,0.13,0.12345973312146966,0.11067368453292799,23.08531753814671,1.2699153719597942,,,,,,,,
D1-K2cross_e25_r083,TA(0.25),0.05646120899999829,0.28,0.031959123998623606,1.5402097031072142,0.22445430722144832,-1.498764490976928,,,,,,,,
D1-K2cross_e25_r083,TA(0.40),0.057665944000000025,0.28,0.015110911593340869,1.5439411085383064,0.20693090907057923,-1.4945529279554568,,,,,,,,
D1-K2cross_e30_r083,adapt,0.06891674599999931,0.2866666666666667,0.054381424435504845,-1.5162724533321628,0.0851100437694363,1.5413860117907152,,,,,,,,
D1-K2cross_e30_r083,adaptX,0.07252620399999898,0.2866666666666667,0.0851100437694363,1.5413860117907152,0.054381424435504845,-1.5162724533321628,,,,,,,,
D1-K2cross_e30_r083,HA50,0.012026586999994038,,-3.716679202781158,0.10614784999992492,23.22607113035318,-0.42799559253720926,,,,,,,,
D1-K2cross_e30_r083,TA(0.05),0.07104216399999785,0.13333333333333333,-0.0068163910978024655,0.007509507692060202,23.22607113035318,-0.42799559253720926,,,,,,,,
D1-K2cross_e30_r083,TA(0.10),0.07260446800000153,0.13333333333333333,-0.0068163910978024655,0.007509507692060202,23.22607113035318,-0.42799559253720926,,,,,,,,
D1-K2cross_e30_r083,TA(0.15),0.07296924900000334,0.13333333333333333,-0.0068163910978024655,0.007509507692060202,23.22607113035318,-0.42799559253720926,,,,,,,,
D1-K2cross_e30_r083,TA(0.25),0.06988863299999792,0.13666666666666666,-0.46505658464556604,0.43510209053825305,18.871910139857142,3.09415295763676,,,,,,,,
D1-K2cross_e30_r083,TA(0.40),0.07277019200000012,0.2866666666666667,0.0851100437694363,1.5413860117907152,0.054381424435504845,-1.5162724533321628,,,,,,,,
D1-K2cross_e35_r083,adapt,0.058743182999997146,0.3433333333333333,0.07460897588795817,-1.481180051875759,-0.18526606926011643,1.4786446317934245,,,,,,,,
D1-K2cross_e35_r083,adaptX,0.06137288700000454,0.3433333333333333,-0.18526606926011643,1.4786446317934245,0.07460897588795817,-1.481180051875759,,,,,,,,
D1-K2cross_e35_r083,HA50,0.010780591999996147,,-24.175629468249774,-0.09121488070665548,4.811216391018221,0.31227215227161514,,,,,,,,
D1-K2cross_e35_r083,TA(0.05),0.061610977000000844,0.18,0.4468242862640007,0.43176451560428863,-24.175629468249774,-0.09121488070665548,,,,,,,,
D1-K2cross_e35_r083,TA(0.10),0.0617617780000046,0.18,-24.175629468249774,-0.09121488070665548,-0.17204589528171033,0.08234586420510306,,,,,,,,
D1-K2cross_e35_r083,TA(0.15),0.06074508700000081,0.16333333333333333,-0.17204589528171033,0.08234586420510306,22.693388594474218,-1.1861540681516216,,,,,,,,
D1-K2cross_e35_r083,TA(0.25),0.060146951000000115,0.16333333333333333,-0.17204589528171033,0.08234586420510306,22.693388594474218,-1.1861540681516216,,,,,,,,
D1-K2cross_e35_r083,TA(0.40),0.06000479899999789,0.3433333333333333,0.07903274258246716,-1.4806587528377517,-0.1891546238923603,1.4780143771590202,,,,,,,,
D2-K3par_e25_r083,adapt,0.30270799400000215,0.25333333333333335,3.007286192741432,0.9830216912919811,0.0773344629566634,1.151083401467629,-3.05992730170807,1.0496565083619611,,,,,,
D2-K3par_e25_r083,adaptX,0.34063210600000104,0.25333333333333335,-3.05992730170807,1.0496565083619611,0.0773344629566634,1.151083401467629,3.007286192741432,0.9830216912919811,,,,,,
D2-K3par_e25_r083,HA50,0.023068350999999154,,21.69851954706139,0.6058138133728184,-22.943880362604887,1.1692520871469902,-0.15414978715942446,1.1983766839593666,,,,,,
D2-K3par_e25_r083,TA(0.05),0.3071079139999995,0.013333333333333334,-22.943880362604887,1.1692520871469902,-0.15414978715942446,1.1983766839593666,20.34711176334976,1.2258984254243408,,,,,,
D2-K3par_e25_r083,TA(0.10),0.3069531619999992,0.006666666666666667,20.686348747531433,1.0940261377957643,-22.943880362604887,1.1692520871469902,-0.15414978715942446,1.1983766839593666,,,,,,
D2-K3par_e25_r083,TA(0.15),0.306539063999999,0.12333333333333334,-2.539249725467264,0.9933332981589462,1.9360935913988977,0.9519917078801847,-23.455209423853702,1.0094626229067984,,,,,,
D2-K3par_e25_r083,TA(0.25),0.3073161639999995,0.25333333333333335,0.05557355676788393,1.1599620079566848,3.007286192741432,0.9830216912919811,-3.0782854882327264,1.0549875185339899,,,,,,
D2-K3par_e25_r083,TA(0.40),0.30393909500000404,0.25333333333333335,0.0773344629566634,1.151083401467629,-3.05992730170807,1.0496565083619611,3.007286192741432,0.9830216912919811,,,,,,
D2-K3par_e30_r083,adapt,0.43316931399999703,0.07333333333333333,-19.40431013851184,-2.9474957670993773,9.428706710658876,-6.484039545751592,0.01956757433853158,0.9617568878644115,,,,,,
D2-K3par_e30_r083,adaptX,0.33571814599999783,0.31333333333333335,-0.21974205841153127,0.9061707092203121,2.7563169509161263,0.836849324832598,-3.2215233348034413,0.9638828144199212,,,,,,
D2-K3par_e30_r083,HA50,0.020536450999998124,,-0.24616931904184805,1.0198191981439146,-23.269754968727835,0.839454649029582,21.547681725250392,0.046601312946939234,,,,,,
D2-K3par_e30_r083,TA(0.05),0.4345549559999995,0.0,-0.24616931904184805,1.0198191981439146,-23.269754968727835,0.839454649029582,21.547681725250392,0.046601312946939234,,,,,,
D2-K3par_e30_r083,TA(0.10),0.43586961900000176,0.0,-23.269754968727835,0.839454649029582,-0.24616931904184805,1.0198191981439146,21.547681725250392,0.046601312946939234,,,,,,
D2-K3par_e30_r083,TA(0.15),0.4351930110000026,0.01,15.45961609151761,4.675725414367613,-23.269754968727835,0.839454649029582,-0.7228218308357457,1.4000018069361755,,,,,,
D2-K3par_e30_r083,TA(0.25),0.4363753339999974,0.16,21.547681725250392,0.046601312946939234,-2.589506675162833,1.0368003158536256,2.191342051913346,0.9375313693993896,,,,,,
D2-K3par_e30_r083,TA(0.40),0.43429849700000034,0.31333333333333335,-3.304791409416326,0.8461662243751387,2.7272876715697136,0.7582832951862761,-0.3506023863977017,0.6513175433701128,,,,,,
D2-K3par_e35_r083,adapt,0.43490412199999895,0.0,0.2669630318233691,1.007312135540757,22.467901737302626,0.9783600512248055,-21.27779130729389,0.5790939993416289,,,,,,
D2-K3par_e35_r083,adaptX,0.433198689000001,0.0,-21.27779130729389,0.5790939993416289,0.2669630318233691,1.007312135540757,22.467901737302626,0.9783600512248055,,,,,,
D2-K3par_e35_r083,HA50,0.02292107499999929,,22.467901737302626,0.9783600512248055,-21.27779130729389,0.5790939993416289,0.2669630318233691,1.007312135540757,,,,,,
D2-K3par_e35_r083,TA(0.05),0.43993831899999947,0.0,-21.27779130729389,0.5790939993416289,0.2669630318233691,1.007312135540757,22.467901737302626,0.9783600512248055,,,,,,
D2-K3par_e35_r083,TA(0.10),0.43690476999999817,0.0,-21.27779130729389,0.5790939993416289,0.2669630318233691,1.007312135540757,22.467901737302626,0.9783600512248055,,,,,,
D2-K3par_e35_r083,TA(0.15),0.4396482800000001,0.0,0.2669630318233691,1.007312135540757,-21.27779130729389,0.5790939993416289,22.467901737302626,0.9783600512248055,,,,,,
D2-K3par_e35_r083,TA(0.25),0.43721029800000366,0.17,-21.47609683571295,0.6947840129896803,-2.301606563956241,1.2732102069587112,2.155029113185121,1.0011520169902113,,,,,,
D2-K3par_e35_r083,TA(0.40),0.43761996899999644,0.17,3.1455181261126213,0.9186372782298039,0.24366880876711408,1.1534264773094107,-12.252737648136149,0.7239451858529034,,,,,,
D3-unequal_e25_r083,adapt,0.0786459660000034,0.29,-0.12125468323513101,1.4976758631938445,0.03884849102876953,-1.4161156327112054,,,,,,,,
D3-unequal_e25_r083,adaptX,0.08555999400000047,0.29,-0.09315821352241264,1.5114007161882084,0.05135582201656141,-1.410415524244603,,,,,,,,
D3-unequal_e25_r083,HA50,0.01355489900000606,,-22.509860329613158,-0.7999176316437698,3.4660458200848816,-0.574675905907814,,,,,,,,
D3-unequal_e25_r083,TA(0.05),0.0813454440000001,0.12666666666666668,0.18381842852714309,-0.7319972500394949,-22.733896261359355,-0.9410553291924636,,,,,,,,
D3-unequal_e25_r083,TA(0.10),0.08101427900000147,0.12666666666666668,-22.733896261359355,-0.9410553291924636,0.18381842852714309,-0.7319972500394949,,,,,,,,
D3-unequal_e25_r083,TA(0.15),0.08061415899999957,0.12666666666666668,0.18381842852714309,-0.7319972500394949,-22.733896261359355,-0.9410553291924636,,,,,,,,
D3-unequal_e25_r083,TA(0.25),0.08175472399999961,0.18666666666666668,-22.733896261359355,-0.9410553291924636,-0.002185171714522592,-1.1973564500990723,,,,,,,,
D3-unequal_e25_r083,TA(0.40),0.08107752699999793,0.29,0.03884849102876953,-1.4161156327112054,-0.12125468323513101,1.4976758631938445,,,,,,,,
D3-unequal_e30_r083,adapt,0.06161800299999953,0.2733333333333333,0.13380250540929703,1.6279918521006655,0.12076821177886456,-1.522956148544002,,,,,,,,
D3-unequal_e30_r083,adaptX,0.07044613699999758,0.28,0.09962823336410362,-1.5427692842218514,0.10863235226810423,1.604245736107038,,,,,,,,
D3-unequal_e30_r083,HA50,0.011307567000002905,,3.1827950585725953,-0.07498943267717952,-21.712864186114142,-1.4068378170226552,,,,,,,,
D3-unequal_e30_r083,TA(0.05),0.06357343899999535,0.17,-0.31900308081653006,-0.9814739516091746,-21.712864186114142,-1.4068378170226552,,,,,,,,
D3-unequal_e30_r083,TA(0.10),0.06254661100000192,0.17333333333333334,-0.3571842267226879,-1.0078895844568718,-21.712864186114142,-1.4068378170226552,,,,,,,,
D3-unequal_e30_r083,TA(0.15),0.06343308900000011,0.19,-21.712864186114142,-1.4068378170226552,-0.2592732255836567,-1.1163576575917262,,,,,,,,
D3-unequal_e30_r083,TA(0.25),0.06366928799999982,0.22333333333333333,-21.712864186114142,-1.4068378170226552,-0.08469865169927586,-1.3767311098495767,,,,,,,,
D3-unequal_e30_r083,TA(0.40),0.06381122599999856,0.3466666666666667,0.9877917339617727,-1.368454306161967,-1.1183664942144853,-1.2433620469849676,,,,,,,,
D3-unequal_e35_r083,adapt,0.0763581670000022,0.18333333333333332,22.246697421526267,-0.49782012365973605,0.05543017927242852,-0.6239386036905971,,,,,,,,
D3-unequal_e35_r083,adaptX,0.07816124800000068,0.18333333333333332,0.09545976004809065,-0.6579403814765313,22.246697421526267,-0.49782012365973605,,,,,,,,
D3-unequal_e35_r083,HA50,0.01475934399999801,,-5.0117300478791185,-0.9796247080563009,22.246697421526267,-0.49782012365973605,,,,,,,,
D3-unequal_e35_r083,TA(0.05),0.07781795400000391,0.18333333333333332,0.05074601919394547,-0.5432974429412076,22.246697421526267,-0.49782012365973605,,,,,,,,
D3-unequal_e35_r083,TA(0.10),0.0802625230000018,0.18333333333333332,0.05074601919394547,-0.5432974429412076,22.246697421526267,-0.49782012365973605,,,,,,,,
D3-unequal_e35_r083,TA(0.15),0.07903136299999858,0.18333333333333332,0.05074601919394547,-0.5432974429412076,22.246697421526267,-0.49782012365973605,,,,,,,,
D3-unequal_e35_r083,TA(0.25),0.08004879900000361,0.18333333333333332,0.05074601919394547,-0.5432974429412076,22.246697421526267,-0.49782012365973605,,,,,,,,
D3-unequal_e35_r083,TA(0.40),0.07786228300000175,0.3933333333333333,0.03313446520641131,1.4499042517497132,-0.03432643314231123,-1.5469454438645276,,,,,,,,
D4-hetero_e25_r083,adapt,0.06986468699999904,0.27,0.02593534604699978,-1.5168446187257383,0.12273076046854907,1.5721893010128885,,,,,,,,
D4-hetero_e25_r083,adaptX,0.07611462599999896,0.27,0.12273076046854907,1.5721893010128885,0.02593534604699978,-1.5168446187257383,,,,,,,,
D4-hetero_e25_r083,HA50,0.013979956000000016,,-3.2293663947466844,-0.290405911871485,22.924054566262328,0.40126581375079906,,,,,,,,
D4-hetero_e25_r083,TA(0.05),0.07263474399999836,0.13,23.16926504256126,0.19787012449664032,-0.09007750849844455,-0.14004007663212525,,,,,,,,
D4-hetero_e25_r083,TA(0.10),0.070810649000002,0.13,-0.09007750849844455,-0.14004007663212525,23.16926504256126,0.19787012449664032,,,,,,,,
D4-hetero_e25_r083,TA(0.15),0.07169115399999981,0.13333333333333333,-0.09007750849844455,-0.14004007663212525,23.512265818900833,0.4825374527456893,,,,,,,,
D4-hetero_e25_r083,TA(0.25),0.07254468499999689,0.27,0.02593534604699978,-1.5168446187257383,0.12273076046854907,1.5721893010128885,,,,,,,,
D4-hetero_e25_r083,TA(0.40),0.07064369300000095,0.27,0.12273076046854907,1.5721893010128885,0.02593534604699978,-1.5168446187257383,,,,,,,,
D4-hetero_e30_r083,adapt,0.06816075099999352,0.32666666666666666,-0.40913569858810334,1.5719053033238137,-0.09003672509098105,-1.5081192863138637,,,,,,,,
D4-hetero_e30_r083,adaptX,0.0740271820000018,0.32666666666666666,-0.40913569858810334,1.5719053033238137,-0.09003672509098105,-1.5081192863138637,,,,,,,,
D4-hetero_e30_r083,HA50,0.015805192999998496,,-22.073392242201756,-0.40017884939145176,4.320636737238167,0.1873576130156777,,,,,,,,
D4-hetero_e30_r083,TA(0.05),0.06935563500000086,0.15666666666666668,0.1226656097133933,0.15416457698794922,-22.073392242201756,-0.40017884939145176,,,,,,,,
D4-hetero_e30_r083,TA(0.10),0.06926177400000455,0.15666666666666668,0.1226656097133933,0.15416457698794922,-22.073392242201756,-0.40017884939145176,,,,,,,,
D4-hetero_e30_r083,TA(0.15),0.07023264200000057,0.15666666666666668,-22.073392242201756,-0.40017884939145176,0.1226656097133933,0.15416457698794922,,,,,,,,
D4-hetero_e30_r083,TA(0.25),0.0695963610000021,0.17333333333333334,0.1226656097133933,0.15416457698794922,22.07025973917664,0.6266258127810206,,,,,,,,
D4-hetero_e30_r083,TA(0.40),0.0692692150000056,0.32666666666666666,-0.09003672509098105,-1.5081192863138637,-0.40913569858810334,1.5719053033238137,,,,,,,,
D4-hetero_e35_r083,adapt,0.05886038100000235,0.3566666666666667,0.029262543252458632,1.740882746119184,0.014200525756526354,-1.4441312741668813,,,,,,,,
D4-hetero_e35_r083,adaptX,0.060154103999998654,0.3566666666666667,0.014200525756526354,-1.4441312741668813,0.029262543252458632,1.740882746119184,,,,,,,,
D4-hetero_e35_r083,HA50,0.010998434999997642,,4.082585254818626,-0.40695182952694653,-22.216605766729117,0.17904414591197026,,,,,,,,
D4-hetero_e35_r083,TA(0.05),0.059826272999998764,0.15333333333333332,-0.023467140904338414,-0.23961187239023915,-22.38052656020101,0.05264439366086799,,,,,,,,
D4-hetero_e35_r083,TA(0.10),0.06001190700000336,0.15333333333333332,-0.07402092783289428,-0.28053090283086657,-22.38052656020101,0.05264439366086799,,,,,,,,
D4-hetero_e35_r083,TA(0.15),0.06110027200000445,0.15333333333333332,-22.38052656020101,0.05264439366086799,-0.07402092783289428,-0.28053090283086657,,,,,,,,
D4-hetero_e35_r083,TA(0.25),0.06002864999999957,0.15333333333333332,-0.023467140904338414,-0.23961187239023915,-22.52413547071603,-0.09007841779629698,,,,,,,,
D4-hetero_e35_r083,TA(0.40),0.06073174600000186,0.3566666666666667,-0.0036646487535522327,1.7398327168111771,0.033645081071410246,-1.4438774096740132,,,,,,,,
D5-leverage_e25_r083,adapt,0.06275975599999839,0.0033333333333333335,-2.1802958917654767,0.039143850445659586,2.238685644725046,-0.13222372227987533,,,,,,,,
D5-leverage_e25_r083,adaptX,0.06593373700000171,0.21666666666666667,0.1406989512346005,-1.5100168020079572,-0.1790324174023611,1.4380717126880147,,,,,,,,
D5-leverage_e25_r083,HA50,0.010726091000002214,,-2.1802958917654767,0.039143850445659586,2.284642149035478,-0.142636726440788,,,,,,,,
D5-leverage_e25_r083,TA(0.05),0.06460338800000187,0.0033333333333333335,-2.1802958917654767,0.039143850445659586,2.238685644725046,-0.13222372227987533,,,,,,,,
D5-leverage_e25_r083,TA(0.10),0.06453228299999836,0.0033333333333333335,-2.1802958917654767,0.039143850445659586,2.238685644725046,-0.13222372227987533,,,,,,,,
D5-leverage_e25_r083,TA(0.15),0.06765174400000262,0.03,2.0435696015014333,-0.48520392405619805,-1.892663977536476,0.3630144566169171,,,,,,,,
D5-leverage_e25_r083,TA(0.25),0.06525168199999598,0.21666666666666667,-0.1790324174023611,1.4380717126880147,0.1406989512346005,-1.5100168020079572,,,,,,,,
D5-leverage_e25_r083,TA(0.40),0.06481759999999781,0.21666666666666667,-0.1790324174023611,1.4380717126880147,0.1406989512346005,-1.5100168020079572,,,,,,,,
D5-leverage_e30_r083,adapt,0.05343752099999932,0.006666666666666667,-2.721557228252132,0.18839907872905706,1.8597216858560326,0.002494317874698506,,,,,,,,
D5-leverage_e30_r083,adaptX,0.061210162000001844,0.07,1.7721322348530928,0.057744835530084304,-2.7393634695266234,0.1900940141764441,,,,,,,,
D5-leverage_e30_r083,HA50,0.010379858999996827,,2.0250595970989353,-0.0210172209183493,-2.6488797570807767,0.17701324355487094,,,,,,,,
D5-leverage_e30_r083,TA(0.05),0.054168943000000525,0.006666666666666667,-2.721557228252132,0.18839907872905706,1.8597216858560326,0.002494317874698506,,,,,,,,
D5-leverage_e30_r083,TA(0.10),0.05601820200000418,0.006666666666666667,-2.813264770360543,0.19806237049610975,1.7460131814039044,0.015732885895497754,,,,,,,,
D5-leverage_e30_r083,TA(0.15),0.05492115900000272,0.006666666666666667,1.6262220475761477,0.03700111618051825,-2.8550376269744593,0.20341552877657224,,,,,,,,
D5-leverage_e30_r083,TA(0.25),0.05679164000000014,0.006666666666666667,-2.7560966344389346,0.19150044089665613,1.7473792305198388,0.020290684328416027,,,,,,,,
D5-leverage_e30_r083,TA(0.40),0.056092884000001675,0.02666666666666667,-3.369311457354714,0.2886848289495822,0.6937784832058468,0.22928087677115164,,,,,,,,
D5-leverage_e35_r083,adapt,0.0526990720000029,0.0033333333333333335,-2.024682011943184,0.061640760454817874,2.5530641717532743,-0.10712497747970462,,,,,,,,
D5-leverage_e35_r083,adaptX,0.060400457000000074,0.0033333333333333335,2.5530641717532743,-0.10712497747970462,-2.024682011943184,0.061640760454817874,,,,,,,,
D5-leverage_e35_r083,HA50,0.010622962999995877,,-2.095760408272772,0.06630735512990985,2.5113806684188917,-0.10232182773627402,,,,,,,,
D5-leverage_e35_r083,TA(0.05),0.05490749900000225,0.0033333333333333335,-1.9792030181554514,0.06079745540585253,2.5713763041394695,-0.10715773685739279,,,,,,,,
D5-leverage_e35_r083,TA(0.10),0.05574048100000084,0.0033333333333333335,2.533145431867081,-0.10502070355587764,-2.0463912354688207,0.06378209257183305,,,,,,,,
D5-leverage_e35_r083,TA(0.15),0.05431443500000199,0.0033333333333333335,2.7244459953969757,-0.12385609498213442,-1.814749040707458,0.03534693536751905,,,,,,,,
D5-leverage_e35_r083,TA(0.25),0.055089609999996014,0.0033333333333333335,-2.0701492311105234,0.06652166175527925,2.5113806684188917,-0.10232182773627402,,,,,,,,
D5-leverage_e35_r083,TA(0.40),0.05502993200000361,0.0,-1.5417922670593156,0.004731720543295581,2.8837061111744533,-0.14062769099997166,,,,,,,,
D6-uniform_e25_r083,adapt,0.06309653600000331,0.17,-0.1058425774632865,1.911892457471157,-0.26369571165508293,-1.3629644467366935,,,,,,,,
D6-uniform_e25_r083,adaptX,0.07959179400000238,0.0,3.048770490932505,0.29796054759808843,-3.492740570862738,0.07627313496445305,,,,,,,,
D6-uniform_e25_r083,HA50,0.016085317999994686,,-3.563538694809174,0.03649226755060012,2.9797851232600308,0.25726251111743514,,,,,,,,
D6-uniform_e25_r083,TA(0.05),0.06732870199999752,0.0,3.1345647747463836,0.29758394562078316,-3.404627318385562,0.0721115989640853,,,,,,,,
D6-uniform_e25_r083,TA(0.10),0.06482336300000213,0.0,-3.175544945795729,0.07239135655595916,3.322441576652372,0.26403879847402084,,,,,,,,
D6-uniform_e25_r083,TA(0.15),0.06593851600000278,0.0,-3.293615032565152,0.19899933886649812,3.1345647747463836,0.29758394562078316,,,,,,,,
D6-uniform_e25_r083,TA(0.25),0.064369966000001,0.23333333333333334,0.3822081488993109,1.6498217189419506,-0.3690592379469987,-1.2131298983660013,,,,,,,,
D6-uniform_e25_r083,TA(0.40),0.06562709800000022,0.23333333333333334,-0.2877582059485234,-1.3608082128881827,0.44156945993856195,1.56773935706822,,,,,,,,
D6-uniform_e30_r083,adapt,0.05515988599999844,0.0,-2.3835761952616537,0.17145919456031639,4.256327115278842,0.27337335398080065,,,,,,,,
D6-uniform_e30_r083,adaptX,0.06313088000000278,0.0,-2.736086568828078,0.24620818634743563,3.8062689895947144,0.3613109610152545,,,,,,,,
D6-uniform_e30_r083,HA50,0.010783510999999635,,-2.736086568828078,0.24620818634743563,3.8062689895947144,0.3613109610152545,,,,,,,,
D6-uniform_e30_r083,TA(0.05),0.057320146000002126,0.0,-2.1992951426902083,0.18921554696585569,4.4777222050469065,0.24804723987015856,,,,,,,,
D6-uniform_e30_r083,TA(0.10),0.05856201599999622,0.0033333333333333335,-2.004353575315043,0.2287718332852868,4.681956299183225,0.2314483396273185,,,,,,,,
D6-uniform_e30_r083,TA(0.15),0.05742246199999812,0.016666666666666666,4.7102439538606875,0.23964279658201895,-1.8622556449429595,0.25901082810889053,,,,,,,,
D6-uniform_e30_r083,TA(0.25),0.059163965999999846,0.08333333333333333,0.07198421332635584,-1.0899708550519074,0.4177476752770724,1.97623610246776,,,,,,,,
D6-uniform_e30_r083,TA(0.40),0.05637612099999956,0.15666666666666668,0.2701376548506925,1.7468752093178868,0.17323852782112165,-1.1198069133793358,,,,,,,,
D6-uniform_e35_r083,adapt,0.13991429699999713,0.0,3.1522838884389497,-0.1835300775891182,-3.3517126964212616,-0.16070370149608115,,,,,,,,
D6-uniform_e35_r083,adaptX,0.07086332400000117,0.01,-3.177720445797061,-0.08396261141976101,3.375405029759628,-0.03757096217954857,,,,,,,,
D6-uniform_e35_r083,HA50,0.012714432999999303,,-3.1973960328518323,-0.0761578682946589,3.2884521839559246,-0.10199667656844381,,,,,,,,
D6-uniform_e35_r083,TA(0.05),0.14303032200000132,0.0,-2.873887346866567,0.04138229060509079,3.6158093331246515,0.028004359779221843,,,,,,,,
D6-uniform_e35_r083,TA(0.10),0.14311093699999589,0.0,-2.5246321910660314,0.07486468561559906,4.035182291068186,0.08683232730834056,,,,,,,,
D6-uniform_e35_r083,TA(0.15),0.1420829229999967,0.0,4.035182291068186,0.08683232730834056,-2.5246321910660314,0.07486468561559906,,,,,,,,
D6-uniform_e35_r083,TA(0.25),0.14202110699999793,0.0,-1.814941413619932,0.4857963652184118,5.224374640179939,0.7409548152762612,,,,,,,,
D6-uniform_e35_r083,TA(0.40),0.1436902559999993,0.17666666666666667,0.22417095838214177,-1.4672013047205061,0.16219349831581892,1.3388277797857324,,,,,,,,
D7-p3_e25_r083,adapt,0.25319708399999996,0.26666666666666666,-0.007219467328850343,1.5623254233892963,1.1852373307789839,0.9563785851446861,-0.04268081021321768,-1.4480582983333934,0.8969360409793341,0.8944887120192293,,,,
D7-p3_e25_r083,adaptX,2.178863133,0.26666666666666666,-0.009010727442270964,-1.4570661339078899,0.8816713886375405,0.9285925702277459,-0.014885214460979868,1.5593346847918885,1.1484133223495103,0.9629617244579335,,,,
D7-p3_e25_r083,HA50,0.019479126999996765,,21.30448265281004,-0.28027178580555234,1.2656491719635306,2.1557223145849678,-2.691788659158778,0.1815895397188024,1.4839885299511377,1.4846019001398816,,,,
D7-p3_e25_r083,TA(0.05),0.25458606899999836,0.11,21.30448265281004,-0.28027178580555234,1.2656491719635306,2.1557223145849678,0.01443726572484752,-0.08045386968817299,1.1179181886021423,0.971229869090443,,,,
D7-p3_e25_r083,TA(0.10),0.2560028940000052,0.11,0.01443726572484752,-0.08045386968817299,1.1179181886021423,0.971229869090443,21.30448265281004,-0.28027178580555234,1.2656491719635306,2.1557223145849678,,,,
D7-p3_e25_r083,TA(0.15),0.25636085499999695,0.11,-0.008741130025396634,-0.10667946181699098,1.09786417349148,0.9897352163870263,20.956596313071564,-0.568640519045432,1.0606307980568463,2.3141575595501678,,,,
D7-p3_e25_r083,TA(0.25),0.2559205700000007,0.26666666666666666,-0.07178858156790795,1.571863331056396,1.1375313313065805,0.9603048139163435,-0.009737736112868722,-1.452820285814371,0.9119736909529599,0.9129040776755477,,,,
D7-p3_e25_r083,TA(0.40),0.2563183340000066,0.26666666666666666,0.014807064716439649,-1.4611083357967993,0.8956071323270424,0.9231703617636122,-0.022297199922855334,1.5604605575402786,1.132121391461147,0.9656928376160372,,,,
D7-p3_e30_r083,adapt,0.28461764900000475,0.30666666666666664,0.10917545587808081,1.5799447860042637,1.088493289190859,0.9349531046809505,0.16651037448671943,-1.559781285342861,0.9983927447039174,1.024936241642772,,,,
D7-p3_e30_r083,adaptX,2.231218787000003,0.30666666666666664,0.08521770498003228,1.5848071342516983,1.0432582031066528,0.9117342505927813,0.13748030042037712,-1.5517066920345426,0.9569324008246972,1.0025996033754405,,,,
D7-p3_e30_r083,HA50,0.015326314999995816,,-4.330792717324106,0.29048708551481717,1.1454803786937202,1.0057348497195446,23.16939418008075,0.3716015903243297,0.9330051504464023,0.2886012030021054,,,,
D7-p3_e30_r083,TA(0.05),0.28668444099999846,0.15,23.16939418008075,0.3716015903243297,0.9330051504464023,0.2886012030021054,-0.20707702189114804,0.14114526004027803,0.9995984536571221,0.9985226299992467,,,,
D7-p3_e30_r083,TA(0.10),0.2879326930000019,0.15,-0.20707702189114804,0.14114526004027803,0.9995984536571221,0.9985226299992467,23.16939418008075,0.3716015903243297,0.9330051504464023,0.2886012030021054,,,,
D7-p3_e30_r083,TA(0.15),0.2869788869999965,0.15,-0.20707702189114804,0.14114526004027803,0.9995984536571221,0.9985226299992467,23.16939418008075,0.3716015903243297,0.9330051504464023,0.2886012030021054,,,,
D7-p3_e30_r083,TA(0.25),0.2874705600000027,0.21333333333333335,12.174522774403579,-6.051669449421468,0.8711977406621676,0.2805524733250025,0.37028978572654353,0.6558320668160609,0.9257747242433195,1.0378485259223578,,,,
D7-p3_e30_r083,TA(0.40),0.286780616999998,0.30666666666666664,0.08541409631820275,1.5792273897620157,1.0992334392026075,0.927035760969522,0.1753322470581513,-1.5624019239407272,0.9986587472285989,1.0337318511300528,,,,
D7-p3_e35_r083,adapt,0.2810843339999991,0.33666666666666667,0.09080202368238992,1.6008561138134452,1.0087204790552267,1.0584708362807456,-0.08931580140259354,-1.4754191209331655,1.1084417593768936,0.94672993825086,,,,
D7-p3_e35_r083,adaptX,2.3197508880000015,0.34,-0.07549590343401583,-1.4861148091610183,1.1146539068405248,0.9522796298726864,0.09080202368238992,1.6008561138134452,1.0087204790552267,1.0584708362807456,,,,
D7-p3_e35_r083,HA50,0.015455748000000824,,22.182040706273543,0.2999956120440228,1.0755444081037937,1.004124825392854,-4.656059050645435,-0.003893902159165807,0.9435973580032939,1.4990630232511841,,,,
D7-p3_e35_r083,TA(0.05),0.2818741879999962,0.16666666666666666,22.182040706273543,0.2999956120440228,1.0755444081037937,1.004124825392854,-0.2917883767900804,0.017074455166545217,1.0737249649592777,0.9349948677882363,,,,
D7-p3_e35_r083,TA(0.10),0.28376275899999825,0.16666666666666666,22.182040706273543,0.2999956120440228,1.0755444081037937,1.004124825392854,-0.2917883767900804,0.017074455166545217,1.0737249649592777,0.9349948677882363,,,,
D7-p3_e35_r083,TA(0.15),0.2823094250000011,0.16666666666666666,-0.2917883767900804,0.017074455166545217,1.0737249649592777,0.9349948677882363,22.182040706273543,0.2999956120440228,1.0755444081037937,1.004124825392854,,,,
D7-p3_e35_r083,TA(0.25),0.2843802129999986,0.22,-4.83972978248017,5.021670152684283,-3.060851934797315,10.815904344159167,-0.32513285400336633,0.005363212899328244,1.0841132810013456,0.9036175006704712,,,,
D7-p3_e35_r083,TA(0.40),0.2838330729999967,0.33666666666666667,0.09080202368238992,1.6008561138134452,1.0087204790552267,1.0584708362807456,-0.08931580140259354,-1.4754191209331655,1.1084417593768936,0.94672993825086,,,,
D8-K2par-sep_e25_r083,adapt,0.05736430700000028,0.2733333333333333,3.097427106914425,1.0527974767176655,-2.9815860216062844,0.9963443143098064,,,,,,,,
D8-K2par-sep_e25_r083,adaptX,0.07808428199999895,0.2733333333333333,3.097427106914425,1.0527974767176655,-2.9815860216062844,0.9963443143098064,,,,,,,,
D8-K2par-sep_e25_r083,HA50,0.013814814999996372,,3.099543660032122,0.40276711734642134,-21.83929425863604,0.8025091886222192,,,,,,,,
D8-K2par-sep_e25_r083,TA(0.05),0.05917575899999861,0.11,0.03103262812469463,1.00992285884594,-21.83929425863604,0.8025091886222192,,,,,,,,
D8-K2par-sep_e25_r083,TA(0.10),0.05863391900000181,0.11,0.03103262812469463,1.00992285884594,-21.83929425863604,0.8025091886222192,,,,,,,,
D8-K2par-sep_e25_r083,TA(0.15),0.059170039999997925,0.11,0.03103262812469463,1.00992285884594,-21.83929425863604,0.8025091886222192,,,,,,,,
D8-K2par-sep_e25_r083,TA(0.25),0.05881246100000226,0.2733333333333333,3.097427106914425,1.0527974767176655,-2.9815860216062844,0.9963443143098064,,,,,,,,
D8-K2par-sep_e25_r083,TA(0.40),0.059699123999997994,0.2733333333333333,3.097427106914425,1.0527974767176655,-2.9815860216062844,0.9963443143098064,,,,,,,,
D8-K2par-sep_e30_r083,adapt,0.057913511999998946,0.32,-2.9923869878136617,0.9546428761626278,3.0662017795191727,1.0161083267014381,,,,,,,,
D8-K2par-sep_e30_r083,adaptX,0.06282383500000321,0.32,3.0662017795191727,1.0161083267014381,-2.9923869878136617,0.9546428761626278,,,,,,,,
D8-K2par-sep_e30_r083,HA50,0.012239946000001112,,-4.39902593982598,0.5205560581998482,23.933348368046058,0.8554930849364291,,,,,,,,
D8-K2par-sep_e30_r083,TA(0.05),0.06112686000000167,0.14666666666666667,23.933348368046058,0.8554930849364291,-0.6365788170568344,0.8124386480825357,,,,,,,,
D8-K2par-sep_e30_r083,TA(0.10),0.05913079000000465,0.15,23.933348368046058,0.8554930849364291,-0.5827181109058474,0.7874874052366206,,,,,,,,
D8-K2par-sep_e30_r083,TA(0.15),0.059715203000003214,0.15,23.933348368046058,0.8554930849364291,-0.515001914519093,0.8190531355244434,,,,,,,,
D8-K2par-sep_e30_r083,TA(0.25),0.059132851000001097,0.19666666666666666,-15.583339077055514,-3.4775805386702454,0.26345480669874644,0.1591411111910751,,,,,,,,
D8-K2par-sep_e30_r083,TA(0.40),0.05974863299999811,0.32,-2.9923869878136617,0.9546428761626278,3.0662017795191727,1.0161083267014381,,,,,,,,
D8-K2par-sep_e35_r083,adapt,0.05442987099999641,0.4066666666666667,2.8718707801335657,0.9551962923894094,-2.994498731353448,1.0349842108908192,,,,,,,,
D8-K2par-sep_e35_r083,adaptX,0.06833702500000527,0.4066666666666667,2.8718707801335657,0.9551962923894094,-2.994498731353448,1.0349842108908192,,,,,,,,
D8-K2par-sep_e35_r083,HA50,0.01149232499999897,,-5.525306283581289,1.378036131843788,22.135409270823715,0.7442512375692152,,,,,,,,
D8-K2par-sep_e35_r083,TA(0.05),0.05702739199999485,0.12333333333333334,-2.892168937952608,1.0106576876777902,22.135409270823715,0.7442512375692152,,,,,,,,
D8-K2par-sep_e35_r083,TA(0.10),0.058210799999997676,0.17,-0.6610167933614802,0.9329440773955303,22.135409270823715,0.7442512375692152,,,,,,,,
D8-K2par-sep_e35_r083,TA(0.15),0.055899019000001715,0.17,22.135409270823715,0.7442512375692152,-0.43720262004156185,0.904312782888392,,,,,,,,
D8-K2par-sep_e35_r083,TA(0.25),0.05577374399999968,0.17,22.135409270823715,0.7442512375692152,-0.43720262004156185,0.904312782888392,,,,,,,,
D8-K2par-sep_e35_r083,TA(0.40),0.05535099800000154,0.4066666666666667,-2.994498731353448,1.0349842108908192,2.8718707801335657,0.9551962923894094,,,,,,,,
D1-K2cross_e25_r084,adapt,0.05612126399999795,0.23,0.012034566081008795,1.5487879027733038,-0.047685158710065206,-1.475166108420588,,,,,,,,
D1-K2cross_e25_r084,adaptX,0.063017293999998,0.23,-0.047685158710065206,-1.475166108420588,0.012034566081008795,1.5487879027733038,,,,,,,,
D1-K2cross_e25_r084,HA50,0.01019921299999993,,2.388007699598373,-0.05940601856495548,-22.7592158806203,0.7670135313810647,,,,,,,,
D1-K2cross_e25_r084,TA(0.05),0.058079276999997376,0.10666666666666667,-22.7592158806203,0.7670135313810647,-0.224673350088286,0.13681484980339928,,,,,,,,
D1-K2cross_e25_r084,TA(0.10),0.05757202900000635,0.10666666666666667,-22.7592158806203,0.7670135313810647,-0.224673350088286,0.13681484980339928,,,,,,,,
D1-K2cross_e25_r084,TA(0.15),0.058514727999998684,0.12333333333333334,21.14183870844292,0.8453814503473184,-0.224673350088286,0.13681484980339928,,,,,,,,
D1-K2cross_e25_r084,TA(0.25),0.057374217000003114,0.23,-0.047685158710065206,-1.475166108420588,0.012034566081008795,1.5487879027733038,,,,,,,,
D1-K2cross_e25_r084,TA(0.40),0.05829439099999689,0.23,0.012034566081008795,1.5487879027733038,-0.047685158710065206,-1.475166108420588,,,,,,,,
D1-K2cross_e30_r084,adapt,0.0540275469999969,0.31666666666666665,0.06906722857094796,1.4430782799638362,-0.14454398456593634,-1.56982698552168,,,,,,,,
D1-K2cross_e30_r084,adaptX,0.06030770099999927,0.31666666666666665,-0.14454398456593634,-1.56982698552168,0.06906722857094796,1.4430782799638362,,,,,,,,
D1-K2cross_e30_r084,HA50,0.010804989000000376,,-22.40191616173754,-0.26610102242256106,3.9458569120754827,0.16684245102803608,,,,,,,,
D1-K2cross_e30_r084,TA(0.05),0.05514204500000375,0.14333333333333334,-0.06982246687938985,0.03994857072656842,-22.40191616173754,-0.26610102242256106,,,,,,,,
D1-K2cross_e30_r084,TA(0.10),0.05601366399999819,0.14333333333333334,-22.40191616173754,-0.26610102242256106,-0.06982246687938985,0.03994857072656842,,,,,,,,
D1-K2cross_e30_r084,TA(0.15),0.05465756299999924,0.14333333333333334,-22.40191616173754,-0.26610102242256106,-0.06982246687938985,0.03994857072656842,,,,,,,,
D1-K2cross_e30_r084,TA(0.25),0.05678539100000535,0.14333333333333334,0.22958292561255553,0.30960421452325476,-20.41912078786275,2.003154412261702,,,,,,,,
D1-K2cross_e30_r084,TA(0.40),0.05478350300000301,0.31666666666666665,0.06906722857094796,1.4430782799638362,-0.14454398456593634,-1.56982698552168,,,,,,,,
D1-K2cross_e35_r084,adapt,0.0763669039999968,0.36333333333333334,0.06949902322134523,1.6488845411927577,-0.10507080066864974,-1.3786043176025604,,,,,,,,
D1-K2cross_e35_r084,adaptX,0.07880584800000179,0.36333333333333334,-0.10967639274621695,-1.3761760229782172,0.052988243759458105,1.651611659931235,,,,,,,,
D1-K2cross_e35_r084,HA50,0.013316654999997013,,23.117352054104593,0.33837479026806055,-4.866845578600259,0.44216753103351586,,,,,,,,
D1-K2cross_e35_r084,TA(0.05),0.07918809499999924,0.16666666666666666,23.117352054104593,0.33837479026806055,-0.19892437575302518,0.07700324320692517,,,,,,,,
D1-K2cross_e35_r084,TA(0.10),0.0786788360000017,0.16666666666666666,23.117352054104593,0.33837479026806055,-0.19892437575302518,0.07700324320692517,,,,,,,,
D1-K2cross_e35_r084,TA(0.15),0.077997124999996,0.16666666666666666,23.117352054104593,0.33837479026806055,-0.19892437575302518,0.07700324320692517,,,,,,,,
D1-K2cross_e35_r084,TA(0.25),0.0778523480000004,0.16666666666666666,-0.19892437575302518,0.07700324320692517,23.117352054104593,0.33837479026806055,,,,,,,,
D1-K2cross_e35_r084,TA(0.40),0.07770320899999916,0.36333333333333334,-0.09575691142305025,-1.3793100854831215,0.059312342450065586,1.6491126709848019,,,,,,,,
D2-K3par_e25_r084,adapt,0.3789382450000005,0.28,-3.025745017106378,0.8361610931813102,2.8491396713153962,0.9080479268958785,-0.08018611227651877,0.7149732168531117,,,,,,
D2-K3par_e25_r084,adaptX,0.3357008730000004,0.28,-0.03959704430028768,0.7375140368740607,2.866321127365425,0.9132300237642303,-2.9986159090884374,0.856001124952016,,,,,,
D2-K3par_e25_r084,HA50,0.02157065600000152,,-22.550560069894896,0.6710676412628521,21.13743224194984,0.825292797208358,0.2856494883170174,0.9674096920339804,,,,,,
D2-K3par_e25_r084,TA(0.05),0.38323486699999876,0.0,0.2856494883170174,0.9674096920339804,21.13743224194984,0.825292797208358,-22.550560069894896,0.6710676412628521,,,,,,
D2-K3par_e25_r084,TA(0.10),0.38184663100000193,0.0,0.2856494883170174,0.9674096920339804,-22.550560069894896,0.6710676412628521,21.13743224194984,0.825292797208358,,,,,,
D2-K3par_e25_r084,TA(0.15),0.3833207569999999,0.14333333333333334,-2.177305656580276,1.128827654803627,2.257489102255144,1.135368054015683,21.13743224194984,0.825292797208358,,,,,,
D2-K3par_e25_r084,TA(0.25),0.3803583950000018,0.15666666666666668,-2.2374724713021976,1.148748907251004,2.200724263569772,1.158457291767435,-4.994375999326342,-8.938252365765063,,,,,,
D2-K3par_e25_r084,TA(0.40),0.38012298200000316,0.28,-3.051557702293158,0.8234586875096491,2.814877868190589,0.8879319670982772,-0.14632166545638003,0.6802067470771491,,,,,,
D2-K3par_e30_r084,adapt,0.3931050770000013,0.12,2.5469385993140827,1.0922458474804015,-23.08554423698876,1.2395816558930317,-2.0446114225888805,1.1925857421553296,,,,,,
D2-K3par_e30_r084,adaptX,0.4052326320000006,0.12,-23.08554423698876,1.2395816558930317,2.499392388950597,1.045151872843437,-2.0777113611913034,1.1651162262650199,,,,,,
D2-K3par_e30_r084,HA50,0.01866460400000136,,20.14977963345378,1.6911941687496308,-0.1067368286206249,1.1181402895548662,-23.08554423698876,1.2395816558930317,,,,,,
D2-K3par_e30_r084,TA(0.05),0.3965928120000015,0.0033333333333333335,20.14977963345378,1.6911941687496308,-0.04527228098645813,1.0520722382797003,-23.08554423698876,1.2395816558930317,,,,,,
D2-K3par_e30_r084,TA(0.10),0.3972135070000036,0.0033333333333333335,-23.08554423698876,1.2395816558930317,-0.04527228098645813,1.0520722382797003,20.14977963345378,1.6911941687496308,,,,,,
D2-K3par_e30_r084,TA(0.15),0.3955362079999958,0.12,2.5236532198245527,1.0625813862574727,-23.08554423698876,1.2395816558930317,-2.0604492355925745,1.174673022524278,,,,,,
D2-K3par_e30_r084,TA(0.25),0.393925068999998,0.12,-23.08554423698876,1.2395816558930317,-2.0604492355925745,1.174673022524278,2.5236532198245527,1.0625813862574727,,,,,,
D2-K3par_e30_r084,TA(0.40),0.3944832139999974,0.31333333333333335,-2.836627581610731,0.9506651946576136,0.3286054749747072,0.7838357617657356,3.2652878393805813,0.9464246701115545,,,,,,
D2-K3par_e35_r084,adapt,0.44099496399999794,0.0,-22.025137720210793,1.4075900492321014,-0.09649959099330141,0.9605584921069694,21.717607532517047,1.307810935541117,,,,,,
D2-K3par_e35_r084,adaptX,0.38352797400000327,0.17,22.074430863353705,1.1118420485819098,-2.213535158511241,0.7504386248058168,2.4379805186701193,0.8573615131402733,,,,,,
D2-K3par_e35_r084,HA50,0.016646837999999775,,21.717607532517047,1.307810935541117,-22.025137720210793,1.4075900492321014,-0.09649959099330141,0.9605584921069694,,,,,,
D2-K3par_e35_r084,TA(0.05),0.445002769999995,0.0,-22.025137720210793,1.4075900492321014,-0.09649959099330141,0.9605584921069694,21.717607532517047,1.307810935541117,,,,,,
D2-K3par_e35_r084,TA(0.10),0.4445124009999972,0.0,21.717607532517047,1.307810935541117,-0.09649959099330141,0.9605584921069694,-22.025137720210793,1.4075900492321014,,,,,,
D2-K3par_e35_r084,TA(0.15),0.441776548,0.0,-0.17827039182429022,1.043851234493677,-22.025137720210793,1.4075900492321014,20.476996356950167,2.917988312472483,,,,,,
D2-K3par_e35_r084,TA(0.25),0.4419870410000044,0.17,-2.3341832330450356,0.7881139673642032,2.282838184367709,0.9160188208523865,21.902647210208812,1.1952689080757783,,,,,,
D2-K3par_e35_r084,TA(0.40),0.4418873660000031,0.36666666666666664,3.03325263955246,0.9140761850102265,-0.28567134159006224,0.9880124368398242,-3.3131989640459745,0.895757942319844,,,,,,
D3-unequal_e25_r084,adapt,0.0964613239999963,0.26,0.18946507887827907,1.3081514517261421,0.15788881889935422,-1.5904871476626616,,,,,,,,
D3-unequal_e25_r084,adaptX,0.07835717899999395,0.26,0.15788881889935422,-1.5904871476626616,0.18946507887827907,1.3081514517261421,,,,,,,,
D3-unequal_e25_r084,HA50,0.014875875000001315,,-22.39157488061327,-0.3394887663612149,2.7250197696033456,-0.9554150435126926,,,,,,,,
D3-unequal_e25_r084,TA(0.05),0.09706560299999722,0.14333333333333334,-22.39157488061327,-0.3394887663612149,0.1037844658842408,-1.0434478142308425,,,,,,,,
D3-unequal_e25_r084,TA(0.10),0.09775102399999724,0.15333333333333332,0.030055074449439525,-1.1205405414624807,-22.39157488061327,-0.3394887663612149,,,,,,,,
D3-unequal_e25_r084,TA(0.15),0.09899644099999705,0.17666666666666667,0.017911059109590077,-1.2345177169699022,-22.39157488061327,-0.3394887663612149,,,,,,,,
D3-unequal_e25_r084,TA(0.25),0.09930459199999575,0.26,0.18946507887827907,1.3081514517261421,0.15788881889935422,-1.5904871476626616,,,,,,,,
D3-unequal_e25_r084,TA(0.40),0.09991886299999919,0.26,0.18946507887827907,1.3081514517261421,0.15788881889935422,-1.5904871476626616,,,,,,,,
D3-unequal_e30_r084,adapt,0.06212614700000074,0.31,-0.026313786633946835,1.451377777345345,-0.1402871095934881,-1.570405504194513,,,,,,,,
D3-unequal_e30_r084,adaptX,0.07109241199999872,0.31,-0.1402871095934881,-1.570405504194513,-0.026313786633946835,1.451377777345345,,,,,,,,
D3-unequal_e30_r084,HA50,0.012639157000002399,,-3.297818325241073,-1.1105042537750376,23.047283596180083,-1.0272381091415093,,,,,,,,
D3-unequal_e30_r084,TA(0.05),0.06472767700000048,0.13,-0.1574384219866,-0.6306727937579519,23.047283596180083,-1.0272381091415093,,,,,,,,
D3-unequal_e30_r084,TA(0.10),0.06473697200000572,0.13,23.047283596180083,-1.0272381091415093,-0.12502700257635282,-0.6016519408167352,,,,,,,,
D3-unequal_e30_r084,TA(0.15),0.06449948099999858,0.13,-0.12502700257635282,-0.6016519408167352,23.047283596180083,-1.0272381091415093,,,,,,,,
D3-unequal_e30_r084,TA(0.25),0.06493089199999957,0.23,-0.06591595118186712,-1.3411472288393793,23.047283596180083,-1.0272381091415093,,,,,,,,
D3-unequal_e30_r084,TA(0.40),0.06325528099999644,0.31,-0.1533155643323307,-1.5698206434821584,-0.00014219568092279324,1.4504696794200174,,,,,,,,
D3-unequal_e35_r084,adapt,0.0736447560000002,0.3433333333333333,0.22427869780819876,-1.6070123059565828,-0.03823649361043777,1.4993894443545321,,,,,,,,
D3-unequal_e35_r084,adaptX,0.07329781999999341,0.3433333333333333,-0.03823649361043777,1.4993894443545321,0.22427869780819876,-1.6070123059565828,,,,,,,,
D3-unequal_e35_r084,HA50,0.01655495600000023,,4.525801730399082,0.34116874678017756,-22.32499248654852,-1.0632995314587368,,,,,,,,
D3-unequal_e35_r084,TA(0.05),0.07547124499999569,0.16666666666666666,21.65275655027517,0.09187744701197982,-0.04199222020127054,-0.21243543604045761,,,,,,,,
D3-unequal_e35_r084,TA(0.10),0.0765078649999964,0.16666666666666666,-0.04199222020127054,-0.21243543604045761,21.65275655027517,0.09187744701197982,,,,,,,,
D3-unequal_e35_r084,TA(0.15),0.0768424959999976,0.16666666666666666,-0.04199222020127054,-0.21243543604045761,21.65275655027517,0.09187744701197982,,,,,,,,
D3-unequal_e35_r084,TA(0.25),0.07669904500000513,0.16666666666666666,-0.04199222020127054,-0.21243543604045761,21.65275655027517,0.09187744701197982,,,,,,,,
D3-unequal_e35_r084,TA(0.40),0.07687964800000202,0.3433333333333333,0.22427869780819876,-1.6070123059565828,-0.03823649361043777,1.4993894443545321,,,,,,,,
D4-hetero_e25_r084,adapt,0.059066784999998845,0.33,-2.4817229860182386,0.09330627703398382,2.426251890161416,0.035318208979405505,,,,,,,,
D4-hetero_e25_r084,adaptX,0.06305851399999796,0.3333333333333333,-0.10091562895172765,1.5531832096701395,0.011925701578406969,-1.4822599705336863,,,,,,,,
D4-hetero_e25_r084,HA50,0.012238355999997452,,-3.7707344233159774,-0.26029182313926696,22.638384067611614,-0.34752386388296924,,,,,,,,
D4-hetero_e25_r084,TA(0.05),0.06018026699999979,0.13333333333333333,-0.11682480390356192,0.23772809339323372,22.638384067611614,-0.34752386388296924,,,,,,,,
D4-hetero_e25_r084,TA(0.10),0.060799979000002224,0.13333333333333333,22.638384067611614,-0.34752386388296924,-0.11682480390356192,0.23772809339323372,,,,,,,,
D4-hetero_e25_r084,TA(0.15),0.061668369999999584,0.13333333333333333,22.638384067611614,-0.34752386388296924,-0.11682480390356192,0.23772809339323372,,,,,,,,
D4-hetero_e25_r084,TA(0.25),0.06081398400000637,0.13333333333333333,-0.19952960593742608,0.315658079845679,21.239583771718383,1.2155406221405023,,,,,,,,
D4-hetero_e25_r084,TA(0.40),0.060944246000005364,0.3333333333333333,-0.10091562895172765,1.5531832096701395,0.011925701578406969,-1.4822599705336863,,,,,,,,
D4-hetero_e30_r084,adapt,0.05826147100000156,0.29,0.01995212329408794,-1.4805648991287823,0.06183422710676865,1.5368111499718995,,,,,,,,
D4-hetero_e30_r084,adaptX,0.06712655199999773,0.29,0.01995212329408794,-1.4805648991287823,0.06183422710676865,1.5368111499718995,,,,,,,,
D4-hetero_e30_r084,HA50,0.012396901000002458,,-22.177190031502494,-0.6757043774198979,2.7512621352930253,0.10101292222323839,,,,,,,,
D4-hetero_e30_r084,TA(0.05),0.05926480800000178,0.10666666666666667,0.06475904265349663,-0.07876746214046484,-22.177190031502494,-0.6757043774198979,,,,,,,,
D4-hetero_e30_r084,TA(0.10),0.05961731900000444,0.10666666666666667,0.06475904265349663,-0.07876746214046484,-22.177190031502494,-0.6757043774198979,,,,,,,,
D4-hetero_e30_r084,TA(0.15),0.0595036420000028,0.10666666666666667,0.06475904265349663,-0.07876746214046484,-22.177190031502494,-0.6757043774198979,,,,,,,,
D4-hetero_e30_r084,TA(0.25),0.060234841999999844,0.29,0.040890268971221895,1.5383194055374074,0.004301916229555288,-1.4795722476383824,,,,,,,,
D4-hetero_e30_r084,TA(0.40),0.05914373400000272,0.29,0.038808472011578936,1.5382759832661754,0.003268676441253497,-1.4796159918290277,,,,,,,,
D4-hetero_e35_r084,adapt,0.05639956099999921,0.3466666666666667,-0.0932366209234648,-1.450773929290917,-0.12992348307660664,1.5889020379617873,,,,,,,,
D4-hetero_e35_r084,adaptX,0.06335643499999577,0.3466666666666667,-0.12992348307660664,1.5889020379617873,-0.0932366209234648,-1.450773929290917,,,,,,,,
D4-hetero_e35_r084,HA50,0.010703363000004629,,-24.02276570472146,0.4732944469445709,4.489040722534976,0.1187401296433927,,,,,,,,
D4-hetero_e35_r084,TA(0.05),0.0587243029999982,0.16,-0.2981267156386379,-0.05805899591909917,21.559774785974376,0.3381478589147135,,,,,,,,
D4-hetero_e35_r084,TA(0.10),0.0579695190000038,0.16,21.559774785974376,0.3381478589147135,-0.2981267156386379,-0.05805899591909917,,,,,,,,
D4-hetero_e35_r084,TA(0.15),0.057560083999995015,0.16,-0.2981267156386379,-0.05805899591909917,21.559774785974376,0.3381478589147135,,,,,,,,
D4-hetero_e35_r084,TA(0.25),0.05950138200000055,0.16,21.559774785974376,0.3381478589147135,-0.2981267156386379,-0.05805899591909917,,,,,,,,
D4-hetero_e35_r084,TA(0.40),0.05757151499999935,0.3466666666666667,-0.11619178085010035,1.591824044439231,-0.08287324038548705,-1.4492018418376589,,,,,,,,
D5-leverage_e25_r084,adapt,0.052312833000002,0.0,-2.325681973046357,0.1307234509956328,2.2577376496935386,-0.05548256812205794,,,,,,,,
D5-leverage_e25_r084,adaptX,0.05954315500000007,0.07666666666666666,2.6800723638495785,-0.09918645283183561,-1.7306378759699685,0.018265821539960737,,,,,,,,
D5-leverage_e25_r084,HA50,0.010434713999998735,,2.2577376496935386,-0.05548256812205794,-2.325681973046357,0.1307234509956328,,,,,,,,
D5-leverage_e25_r084,TA(0.05),0.0543640510000003,0.0,2.4617003946177967,-0.07215534188634985,-2.052546168842869,0.09954921794475541,,,,,,,,
D5-leverage_e25_r084,TA(0.10),0.052952408999999534,0.0033333333333333335,-1.9413670062241548,0.08333268020411322,2.5634911946378285,-0.08559991538480366,,,,,,,,
D5-leverage_e25_r084,TA(0.15),0.05468300499999401,0.0033333333333333335,2.545437796544319,-0.0838659244242286,-1.960629049622537,0.08538388192263303,,,,,,,,
D5-leverage_e25_r084,TA(0.25),0.054848100999997484,0.04,2.254769785307617,-0.4010489748760167,-1.5024301099476831,0.40399397425923894,,,,,,,,
D5-leverage_e25_r084,TA(0.40),0.0532775799999996,0.26666666666666666,0.09630001559879563,1.5010802700362706,-0.06638875733981282,-1.4895851510749871,,,,,,,,
D5-leverage_e30_r084,adapt,0.0515575930000054,0.013333333333333334,2.6276747010090515,-0.14898870813332923,-2.0835980030877654,0.1094036816990318,,,,,,,,
D5-leverage_e30_r084,adaptX,0.05884269999999958,0.013333333333333334,2.654588339246951,-0.15749183006381856,-2.0635633952347923,0.1037750466802708,,,,,,,,
D5-leverage_e30_r084,HA50,0.01096399499999734,,2.7242786747476675,-0.1433680878468556,-2.0835980030877654,0.1094036816990318,,,,,,,,
D5-leverage_e30_r084,TA(0.05),0.053290818999997214,0.013333333333333334,-2.0881854938678908,0.10062359193507564,2.6283456424816882,-0.1624235918921333,,,,,,,,
D5-leverage_e30_r084,TA(0.10),0.052736666000001264,0.013333333333333334,-2.067120703615425,0.09801164320675493,2.6544135261972897,-0.1662090895038988,,,,,,,,
D5-leverage_e30_r084,TA(0.15),0.052467719999995666,0.013333333333333334,-2.051969623696098,0.09413048369388208,2.673769384241886,-0.17176184525995136,,,,,,,,
D5-leverage_e30_r084,TA(0.25),0.05350179399999888,0.03,0.04709385743484989,1.5474407502243792,1.6417033526135525,-0.2840992929057235,,,,,,,,
D5-leverage_e30_r084,TA(0.40),0.05247973699999875,0.006666666666666667,1.1906323483329895,-0.24338673916693526,0.010034208048124651,1.5355651520119007,,,,,,,,
D5-leverage_e35_r084,adapt,0.05394431300000235,0.006666666666666667,-2.549136988992313,0.11714216717916921,2.108731922709196,-0.050058560015634614,,,,,,,,
D5-leverage_e35_r084,adaptX,0.058717093000005605,0.09,2.115820699851766,-0.03425560310729647,-2.499360279899248,0.10836280067925541,,,,,,,,
D5-leverage_e35_r084,HA50,0.01068527500000016,,-2.5787052390996714,0.11762970121626773,2.1299354281060996,-0.048874062873219194,,,,,,,,
D5-leverage_e35_r084,TA(0.05),0.056356723999996916,0.006666666666666667,2.108731922709196,-0.050058560015634614,-2.549136988992313,0.11714216717916921,,,,,,,,
D5-leverage_e35_r084,TA(0.10),0.05479278399999998,0.006666666666666667,2.108731922709196,-0.050058560015634614,-2.549136988992313,0.11714216717916921,,,,,,,,
D5-leverage_e35_r084,TA(0.15),0.05622634099999857,0.006666666666666667,2.108731922709196,-0.050058560015634614,-2.499360279899248,0.10836280067925541,,,,,,,,
D5-leverage_e35_r084,TA(0.25),0.05671113800000427,0.03666666666666667,1.773207403962576,-0.4108084086511481,-2.1778529311351487,0.4601895663302108,,,,,,,,
D5-leverage_e35_r084,TA(0.40),0.0557655859999997,0.2866666666666667,-0.043661964535754744,1.4958741173467003,-0.1830040864943991,-1.4997966744814866,,,,,,,,
D6-uniform_e25_r084,adapt,0.06707497500000414,0.22333333333333333,-0.4598537406525003,-1.4294807158717946,-0.14938224244075626,1.549900137825861,,,,,,,,
D6-uniform_e25_r084,adaptX,0.07297563899999915,0.2633333333333333,-0.0019979970568471503,-1.5106017583233429,-0.18013581731433378,1.4844427511425857,,,,,,,,
D6-uniform_e25_r084,HA50,0.014224004999995543,,2.824736039320718,0.10119135080209105,-3.75805469051423,0.17413678171828006,,,,,,,,
D6-uniform_e25_r084,TA(0.05),0.06911464200000239,0.0,-3.75805469051423,0.17413678171828006,2.824736039320718,0.10119135080209105,,,,,,,,
D6-uniform_e25_r084,TA(0.10),0.06855668800000103,0.25333333333333335,-0.218508888641603,1.6109661079042854,-0.1509444222288456,-1.5732409016762632,,,,,,,,
D6-uniform_e25_r084,TA(0.15),0.07153387700000025,0.23666666666666666,-0.15878048488347526,1.5510372079470756,-0.33164781221421485,-1.46625565091983,,,,,,,,
D6-uniform_e25_r084,TA(0.25),0.07057916299999789,0.2633333333333333,-0.1718347508901896,1.5516139745647617,-0.003838830377945846,-1.4943316735777656,,,,,,,,
D6-uniform_e25_r084,TA(0.40),0.07228130000000021,0.27,-0.17952880025099655,1.5528621193787802,-0.009774725017060568,-1.5098035771415597,,,,,,,,
D6-uniform_e30_r084,adapt,0.055638483999999266,0.0,2.7613895101910746,0.012399900049287186,-4.13680663215412,0.006345492711706011,,,,,,,,
D6-uniform_e30_r084,adaptX,0.06179736900000421,0.23,-0.32364000400085213,1.3830383814335532,-0.05083277057743185,-1.4137518613773135,,,,,,,,
D6-uniform_e30_r084,HA50,0.012547171000001356,,-4.13680663215412,0.006345492711706011,2.7613895101910746,0.012399900049287186,,,,,,,,
D6-uniform_e30_r084,TA(0.05),0.05801622999999978,0.0,-4.243346681861276,0.014235692551400678,2.679046276632656,0.010632146008233655,,,,,,,,
D6-uniform_e30_r084,TA(0.10),0.05779630800000035,0.0,2.6621331248342748,0.03736275795671909,-4.2744562110882365,0.040164058354315565,,,,,,,,
D6-uniform_e30_r084,TA(0.15),0.058399333000004106,0.0,2.6413211499024243,0.03740127978452769,-4.301332265721491,0.04297635458884182,,,,,,,,
D6-uniform_e30_r084,TA(0.25),0.057374009999996645,0.24333333333333335,0.16900681125845118,-1.7946174002304363,-0.3346044847902763,1.5008755981784496,,,,,,,,
D6-uniform_e30_r084,TA(0.40),0.058250983999997175,0.25333333333333335,-0.20441321975495053,1.522730308704068,0.1336823998409871,-1.7736865397620325,,,,,,,,
D6-uniform_e35_r084,adapt,0.05421232900000206,0.0,3.939160294083133,-0.23856241569835154,-3.2551812934157636,-0.13850878191494034,,,,,,,,
D6-uniform_e35_r084,adaptX,0.06095229399999624,0.0,3.9144275962986836,-0.2561012232195287,-3.275481159286054,-0.15389829340653843,,,,,,,,
D6-uniform_e35_r084,HA50,0.014388922000001969,,-3.2551812934157636,-0.13850878191494034,3.939160294083133,-0.23856241569835154,,,,,,,,
D6-uniform_e35_r084,TA(0.05),0.05693042800000114,0.0,4.019187196095376,-0.25011152199077374,-3.187732780334475,-0.14936081542234778,,,,,,,,
D6-uniform_e35_r084,TA(0.10),0.05498643399999992,0.0,4.2325517938235535,-0.2516411042281437,-3.010520628569069,-0.150671489601081,,,,,,,,
D6-uniform_e35_r084,TA(0.15),0.05746119899999513,0.0,4.288742789403909,-0.26950596090629836,-2.9647756890087913,-0.16832623214694808,,,,,,,,
D6-uniform_e35_r084,TA(0.25),0.05815414899999638,0.12,-0.07120396425073675,1.551629394732898,0.8322118406856888,-2.01481220900543,,,,,,,,
D6-uniform_e35_r084,TA(0.40),0.05751379200000173,0.14666666666666667,0.12427648092820318,1.453405425466775,0.6996534104927158,-1.9211279332093731,,,,,,,,
D7-p3_e25_r084,adapt,0.24613297399999823,0.25666666666666665,2.4996175477184055,-0.13377717475421289,0.8124322023131283,1.0035156276005928,-2.581373436231866,-0.10963058286626585,0.7547379175753014,1.047559261751989,,,,
D7-p3_e25_r084,adaptX,2.3460879120000016,0.25666666666666665,-0.06562731602390738,1.511908973785276,0.9426976592551264,1.0008162739002446,-0.045762105061584166,-1.5995595708959902,1.016150427464714,0.921930061658382,,,,
D7-p3_e25_r084,HA50,0.014507233999999869,,3.0502605329559302,-0.2864603610300876,0.7066394084754429,1.097596985008922,-21.24833238836686,-0.05392595502002984,1.5483492766266398,1.3584849124854004,,,,
D7-p3_e25_r084,TA(0.05),0.24931074300000233,0.11666666666666667,-21.24833238836686,-0.05392595502002984,1.5483492766266398,1.3584849124854004,0.010472246981727464,-0.10825043697087834,1.0864411366294802,0.8415319375036883,,,,
D7-p3_e25_r084,TA(0.10),0.24969137899999794,0.12,0.010472246981727464,-0.10825043697087834,1.0864411366294802,0.8415319375036883,-21.396068262668322,-0.33353485487652795,1.728108024173703,1.3768376741763597,,,,
D7-p3_e25_r084,TA(0.15),0.24853012899999527,0.11666666666666667,0.010472246981727464,-0.10825043697087834,1.0864411366294802,0.8415319375036883,-21.24833238836686,-0.05392595502002984,1.5483492766266398,1.3584849124854004,,,,
D7-p3_e25_r084,TA(0.25),0.24795628999999764,0.25666666666666665,-0.09145931389703695,1.5174886110282797,0.964279424256296,1.0032488785677545,-0.07881611388699036,-1.5916470569006242,1.0422352075587153,0.9219687590328239,,,,
D7-p3_e25_r084,TA(0.40),0.24973806700000267,0.25666666666666665,-0.07536006597022583,1.512513020449894,0.9364380526984898,0.995567429939987,-0.051986794122598635,-1.599235495611451,1.011530884552631,0.9179996844922553,,,,
D7-p3_e30_r084,adapt,0.2626547160000001,0.2633333333333333,-0.03637407485410135,-1.5316983941142812,0.9340901211230017,1.0340370739741174,-0.04924364413214136,1.5007284954816837,1.0848707895363512,1.0959260843978031,,,,
D7-p3_e30_r084,adaptX,2.287522658999997,0.26666666666666666,-0.05656459509025885,-1.524599880116516,0.9475502810731458,1.0309865510241858,-0.03567903591628266,1.5007874449805312,1.0757577345797222,1.1022527798157467,,,,
D7-p3_e30_r084,HA50,0.01666135199999985,,2.8026128246628352,-0.34226856958975554,1.1618317204657311,1.6876183895501802,-22.997730716381003,0.07183562131179512,0.9825330041839785,1.5200909235608757,,,,
D7-p3_e30_r084,TA(0.05),0.2645780739999992,0.12,-0.06336571351260652,-0.21883161229166512,1.107718087527492,0.9971872842415859,-23.261084650172567,0.39731329566295437,0.8143737989605092,1.5585709145937157,,,,
D7-p3_e30_r084,TA(0.10),0.26593296000000066,0.12,-23.261084650172567,0.39731329566295437,0.8143737989605092,1.5585709145937157,-0.06336571351260652,-0.21883161229166512,1.107718087527492,0.9971872842415859,,,,
D7-p3_e30_r084,TA(0.15),0.26416421100000065,0.12,-0.06336571351260652,-0.21883161229166512,1.107718087527492,0.9971872842415859,-23.261084650172567,0.39731329566295437,0.8143737989605092,1.5585709145937157,,,,
D7-p3_e30_r084,TA(0.25),0.2638709770000034,0.2633333333333333,0.019725102768122976,-1.544141324761435,0.9031979126996392,1.046913643366031,-0.062026114091297595,1.488447684397226,1.0687128908348262,1.098499533697268,,,,
D7-p3_e30_r084,TA(0.40),0.26442945399999473,0.2633333333333333,-0.02613074421083854,1.5176923980702006,1.1048122372580622,1.1252215747655459,-0.04294797837266886,-1.5200218086005661,0.9449040742173995,1.0628865646390533,,,,
D7-p3_e35_r084,adapt,0.33172028500000295,0.20333333333333334,22.52047748221627,0.8564785280271481,1.0620295496049765,0.26888673669147983,0.04734597896774462,-0.17278272153799662,1.0879747483893851,1.1684957237954718,,,,
D7-p3_e35_r084,adaptX,2.580683760999996,0.4,-0.03474566162440186,1.4667227006056849,0.9156957128934479,1.0553238663829354,0.020946696973466964,-1.4818897133220825,0.9823439483436108,1.1045297062180242,,,,
D7-p3_e35_r084,HA50,0.015451298000002112,,-23.15677509944978,-0.3868030708765621,1.0202945363369118,1.8692198686534085,5.577619893971051,0.04905354703771069,0.7144740555065785,0.9876318116741716,,,,
D7-p3_e35_r084,TA(0.05),0.3332816940000001,0.05,19.470867314901053,2.7166038619492623,1.4273473374313135,-1.14561660444566,-5.730624676466552,2.1994224101211914,1.8389220428635942,0.4259555227145514,,,,
D7-p3_e35_r084,TA(0.10),0.3339555469999951,0.20333333333333334,22.52047748221627,0.8564785280271481,1.0620295496049765,0.26888673669147983,-0.1293844014291682,-0.06898152315401014,1.10028766973552,1.0812105615612841,,,,
D7-p3_e35_r084,TA(0.15),0.334869537000003,0.19666666666666666,-23.15677509944978,-0.3868030708765621,1.0202945363369118,1.8692198686534085,0.04734597896774462,-0.17278272153799662,1.0879747483893851,1.1684957237954718,,,,
D7-p3_e35_r084,TA(0.25),0.3337749049999985,0.20666666666666667,-23.87596835958921,-0.8854920794806512,1.0416081943783655,1.9720454262106826,0.04734597896774462,-0.17278272153799662,1.0879747483893851,1.1684957237954718,,,,
D7-p3_e35_r084,TA(0.40),0.33447475900000256,0.4,0.020946696973466964,-1.4818897133220825,0.9823439483436108,1.1045297062180242,-0.03474566162440186,1.4667227006056849,0.9156957128934479,1.0553238663829354,,,,
D8-K2par-sep_e25_r084,adapt,0.05940955900000233,0.2833333333333333,2.8321657493043246,0.9548805686150568,-2.9818968563700348,1.0418285013036035,,,,,,,,
D8-K2par-sep_e25_r084,adaptX,0.06125131699999997,0.2833333333333333,2.8321657493043246,0.9548805686150568,-2.9818968563700348,1.0418285013036035,,,,,,,,
D8-K2par-sep_e25_r084,HA50,0.009911721999998235,,-4.046769911465667,1.131778015132646,23.248057068657026,1.18369378185075,,,,,,,,
D8-K2par-sep_e25_r084,TA(0.05),0.06245833399999867,0.14,-0.2436852086724786,1.1293818601415617,23.528943179992403,1.3266148552906332,,,,,,,,
D8-K2par-sep_e25_r084,TA(0.10),0.060747049000006825,0.14,23.528943179992403,1.3266148552906332,-0.2436852086724786,1.1293818601415617,,,,,,,,
D8-K2par-sep_e25_r084,TA(0.15),0.06134917899999692,0.14,23.528943179992403,1.3266148552906332,-0.2436852086724786,1.1293818601415617,,,,,,,,
D8-K2par-sep_e25_r084,TA(0.25),0.0615840700000021,0.17666666666666667,13.71122386598672,5.736057547344225,-1.2690673044056,1.6576177796157776,,,,,,,,
D8-K2par-sep_e25_r084,TA(0.40),0.06079489400000426,0.2833333333333333,-2.9818968563700348,1.0418285013036035,2.8321657493043246,0.9548805686150568,,,,,,,,
D8-K2par-sep_e30_r084,adapt,0.05238951999999841,0.2866666666666667,-3.01144313342292,1.0463804940033188,2.9562440130746603,0.9879393070476385,,,,,,,,
D8-K2par-sep_e30_r084,adaptX,0.06201972999999583,0.2866666666666667,-3.01144313342292,1.0463804940033188,2.9562440130746603,0.9879393070476385,,,,,,,,
D8-K2par-sep_e30_r084,HA50,0.011796154000002446,,-23.54805223181394,0.7460675945101065,3.406208149899626,0.8063741065372547,,,,,,,,
D8-K2par-sep_e30_r084,TA(0.05),0.05463418699999778,0.13333333333333333,-23.54805223181394,0.7460675945101065,0.07131268747354734,0.9143535677579647,,,,,,,,
D8-K2par-sep_e30_r084,TA(0.10),0.05391364800000531,0.13333333333333333,-23.54805223181394,0.7460675945101065,0.07131268747354734,0.9143535677579647,,,,,,,,
D8-K2par-sep_e30_r084,TA(0.15),0.05484548300000114,0.13333333333333333,-23.54805223181394,0.7460675945101065,0.018205514150287833,0.9232848733565153,,,,,,,,
D8-K2par-sep_e30_r084,TA(0.25),0.054656427000004726,0.2866666666666667,-3.01144313342292,1.0463804940033188,2.9562440130746603,0.9879393070476385,,,,,,,,
D8-K2par-sep_e30_r084,TA(0.40),0.05484671600000013,0.2866666666666667,2.9562440130746603,0.9879393070476385,-3.01144313342292,1.0463804940033188,,,,,,,,
D8-K2par-sep_e35_r084,adapt,0.06724118999999718,0.3433333333333333,2.8076162268643197,1.0469578701529636,-2.9235287070619385,1.0239118898319222,,,,,,,,
D8-K2par-sep_e35_r084,adaptX,0.07615831599999723,0.3433333333333333,-2.9235287070619385,1.0239118898319222,2.8076162268643197,1.0469578701529636,,,,,,,,
D8-K2par-sep_e35_r084,HA50,0.015115217999998265,,-22.273825850823663,0.5087611194767419,4.491798732006718,0.8489177206442103,,,,,,,,
D8-K2par-sep_e35_r084,TA(0.05),0.06859277400000252,0.15333333333333332,0.27621545765078404,1.070166681092227,-22.037002405966557,0.3362593670382139,,,,,,,,
D8-K2par-sep_e35_r084,TA(0.10),0.06824399800000691,0.15333333333333332,-22.037002405966557,0.3362593670382139,0.27621545765078404,1.070166681092227,,,,,,,,
D8-K2par-sep_e35_r084,TA(0.15),0.06811046800000042,0.15333333333333332,0.27621545765078404,1.070166681092227,-22.037002405966557,0.3362593670382139,,,,,,,,
D8-K2par-sep_e35_r084,TA(0.25),0.0702824270000022,0.15333333333333332,0.27621545765078404,1.070166681092227,-22.037002405966557,0.3362593670382139,,,,,,,,
D8-K2par-sep_e35_r084,TA(0.40),0.06955651899999538,0.3433333333333333,2.8076162268643197,1.0469578701529636,-2.9235287070619385,1.0239118898319222,,,,,,,,
D1-K2cross_e25_r085,adapt,0.05769259400000237,0.23,0.1326421042529503,1.5036002535066921,-0.012345707164383886,-1.5101503335711846,,,,,,,,
D1-K2cross_e25_r085,adaptX,0.06603415899999732,0.23,-0.012345707164383886,-1.5101503335711846,0.1326421042529503,1.5036002535066921,,,,,,,,
D1-K2cross_e25_r085,HA50,0.014448612999999,,2.7480193022919823,0.26121980739693207,-21.460992425554497,-0.07709936181728286,,,,,,,,
D1-K2cross_e25_r085,TA(0.05),0.059854087999994476,0.10333333333333333,-21.460992425554497,-0.07709936181728286,0.06465214338427196,-0.09672906052524154,,,,,,,,
D1-K2cross_e25_r085,TA(0.10),0.060199973999999656,0.10333333333333333,-21.460992425554497,-0.07709936181728286,0.06465214338427196,-0.09672906052524154,,,,,,,,
D1-K2cross_e25_r085,TA(0.15),0.058379346999998916,0.10333333333333333,0.06465214338427196,-0.09672906052524154,-21.460992425554497,-0.07709936181728286,,,,,,,,
D1-K2cross_e25_r085,TA(0.25),0.060066997999996374,0.23,-0.012345707164383886,-1.5101503335711846,0.1326421042529503,1.5036002535066921,,,,,,,,
D1-K2cross_e25_r085,TA(0.40),0.060484336999998334,0.23,0.1326421042529503,1.5036002535066921,-0.012345707164383886,-1.5101503335711846,,,,,,,,
D1-K2cross_e30_r085,adapt,0.054199490000002015,0.33,-0.06870614402686356,-1.5128831081317147,-0.08794574619685538,1.5125574934086452,,,,,,,,
D1-K2cross_e30_r085,adaptX,0.06156499800000148,0.33,-0.06870614402686356,-1.5128831081317147,-0.08794574619685538,1.5125574934086452,,,,,,,,
D1-K2cross_e30_r085,HA50,0.011314699999999789,,22.637140644413726,0.095472080098215,-4.153204403649405,0.2581087412368981,,,,,,,,
D1-K2cross_e30_r085,TA(0.05),0.05533508399999931,0.14666666666666667,-0.016959232689357784,-0.06266450506157648,22.637140644413726,0.095472080098215,,,,,,,,
D1-K2cross_e30_r085,TA(0.10),0.05569552299999714,0.14666666666666667,-0.016959232689357784,-0.06266450506157648,22.637140644413726,0.095472080098215,,,,,,,,
D1-K2cross_e30_r085,TA(0.15),0.056430229000000054,0.14666666666666667,22.637140644413726,0.095472080098215,-0.016959232689357784,-0.06266450506157648,,,,,,,,
D1-K2cross_e30_r085,TA(0.25),0.05713678599999383,0.14666666666666667,-0.016959232689357784,-0.06266450506157648,22.637140644413726,0.095472080098215,,,,,,,,
D1-K2cross_e30_r085,TA(0.40),0.0568904690000025,0.33,-0.08794574619685538,1.5125574934086452,-0.06870614402686356,-1.5128831081317147,,,,,,,,
D1-K2cross_e35_r085,adapt,0.06911136600000134,0.30333333333333334,0.016896428813126908,1.4387588318290339,-0.010174564630498043,-1.519658271177332,,,,,,,,
D1-K2cross_e35_r085,adaptX,0.07757248400000094,0.30333333333333334,0.016896428813126908,1.4387588318290339,-0.010174564630498043,-1.519658271177332,,,,,,,,
D1-K2cross_e35_r085,HA50,0.014022367999999119,,22.06059925843379,0.07790535179108675,-3.617135263740851,-0.11858428121163375,,,,,,,,
D1-K2cross_e35_r085,TA(0.05),0.07208840599999888,0.14,0.13414051412138753,-0.21597608913377594,22.06059925843379,0.07790535179108675,,,,,,,,
D1-K2cross_e35_r085,TA(0.10),0.07087756600000006,0.14,0.13414051412138753,-0.21597608913377594,22.06059925843379,0.07790535179108675,,,,,,,,
D1-K2cross_e35_r085,TA(0.15),0.07144528899999614,0.14333333333333334,22.282902746393724,-0.1932673377564022,0.13414051412138753,-0.21597608913377594,,,,,,,,
D1-K2cross_e35_r085,TA(0.25),0.07228380799999456,0.15333333333333332,-0.5770749236672505,0.3665996831654666,17.93942606585658,4.003800528846614,,,,,,,,
D1-K2cross_e35_r085,TA(0.40),0.07141949500000067,0.30333333333333334,-0.010174564630498043,-1.519658271177332,0.016896428813126908,1.4387588318290339,,,,,,,,
D2-K3par_e25_r085,adapt,0.3232826989999964,0.23333333333333334,-2.0667627398441266,0.5767777716575643,2.3151829433891047,0.5509370010315833,-0.45856691559890356,2.613841273697897,,,,,,
D2-K3par_e25_r085,adaptX,0.2729157190000038,0.23333333333333334,-3.051834793474083,1.075763035359086,3.1282259111521173,0.9197929826049321,-0.017561943044335494,1.133192673368355,,,,,,
D2-K3par_e25_r085,HA50,0.018259778999997422,,-0.26461649679073646,0.9831641672207344,22.530856152441622,1.0694790185529472,-21.918864307789452,1.67921949157704,,,,,,
D2-K3par_e25_r085,TA(0.05),0.32563796499999853,0.0033333333333333335,22.530856152441622,1.0694790185529472,-0.3137854008393302,0.9593301265607453,-21.918864307789452,1.67921949157704,,,,,,
D2-K3par_e25_r085,TA(0.10),0.32427367100000026,0.10333333333333333,22.77230733931594,0.8846050549720189,-2.235354301899227,0.8171348083659117,2.2880557123810608,0.7463713745166033,,,,,,
D2-K3par_e25_r085,TA(0.15),0.3261834950000022,0.10333333333333333,1.9593239544697418,0.9386584488333023,-2.4713195115945035,0.988309435207915,22.77230733931594,0.8846050549720189,,,,,,
D2-K3par_e25_r085,TA(0.25),0.32610658699999817,0.23333333333333334,-2.96468658413993,1.112975050169369,3.332375879650656,1.0139248324845767,0.1874017750938112,1.222739287380131,,,,,,
D2-K3par_e25_r085,TA(0.40),0.32618897999999774,0.23333333333333334,-3.1355710468963736,0.9418486889838404,2.73399123483207,0.7178629109632182,-0.5244526848226413,0.7483717337021483,,,,,,
D2-K3par_e30_r085,adapt,0.31455736999999573,0.31666666666666665,3.104842721720228,0.9601061223280988,-2.955850736581837,1.1227102613131805,-0.23312532104058806,0.9094352730887031,,,,,,
D2-K3par_e30_r085,adaptX,0.4343587729999996,0.13333333333333333,-2.0625094370479307,1.105916545431067,-23.909483029302063,0.290496918938715,2.4869728897693784,1.2015188242276635,,,,,,
D2-K3par_e30_r085,HA50,0.01795052599999991,,-23.909483029302063,0.290496918938715,21.817948822086468,1.0471131278385035,-0.17990421949353727,0.9034644678334487,,,,,,
D2-K3par_e30_r085,TA(0.05),0.31657614099999876,0.0,-0.17990421949353727,0.9034644678334487,21.817948822086468,1.0471131278385035,-23.909483029302063,0.290496918938715,,,,,,
D2-K3par_e30_r085,TA(0.10),0.31632371399999926,0.0,-0.17990421949353727,0.9034644678334487,-23.909483029302063,0.290496918938715,22.058431462792697,0.8260959759051761,,,,,,
D2-K3par_e30_r085,TA(0.15),0.3175183660000016,0.13333333333333333,-23.909483029302063,0.290496918938715,2.4869728897693784,1.2015188242276635,-2.0625094370479307,1.105916545431067,,,,,,
D2-K3par_e30_r085,TA(0.25),0.3168811690000055,0.13333333333333333,-2.0625094370479307,1.105916545431067,2.4869728897693784,1.2015188242276635,-23.909483029302063,0.290496918938715,,,,,,
D2-K3par_e30_r085,TA(0.40),0.3161454589999977,0.31666666666666665,-0.33682668159814944,0.5309093919091936,-2.964559884412963,0.8249251351321383,3.0938324358473204,0.8810516693612817,,,,,,
D2-K3par_e35_r085,adapt,0.3795005610000004,0.0,22.41792409329047,1.3806089134764103,-0.1777968597670401,0.9682187332694479,-22.201465307937777,0.7655148292101556,,,,,,
D2-K3par_e35_r085,adaptX,0.3551664049999985,0.0,-0.1777968597670401,0.9682187332694479,22.41792409329047,1.3806089134764103,-22.201465307937777,0.7655148292101556,,,,,,
D2-K3par_e35_r085,HA50,0.017427985000004753,,-0.1777968597670401,0.9682187332694479,22.41792409329047,1.3806089134764103,-22.201465307937777,0.7655148292101556,,,,,,
D2-K3par_e35_r085,TA(0.05),0.3821454079999995,0.0,-22.201465307937777,0.7655148292101556,22.41792409329047,1.3806089134764103,-0.1777968597670401,0.9682187332694479,,,,,,
D2-K3par_e35_r085,TA(0.10),0.38056653299999965,0.0,-22.201465307937777,0.7655148292101556,-0.1777968597670401,0.9682187332694479,22.41792409329047,1.3806089134764103,,,,,,
D2-K3par_e35_r085,TA(0.15),0.3803996840000039,0.0,-0.1777968597670401,0.9682187332694479,22.41792409329047,1.3806089134764103,-22.201465307937777,0.7655148292101556,,,,,,
D2-K3par_e35_r085,TA(0.25),0.38335022800000473,0.17,2.21653320787908,1.1381442610381654,22.41792409329047,1.3806089134764103,-2.418925387835026,1.062862821440568,,,,,,
D2-K3par_e35_r085,TA(0.40),0.3807898439999988,0.17,22.41792409329047,1.3806089134764103,-3.0430035736193304,1.0009867755576378,1.5290852321797894,1.0560569193355624,,,,,,
D3-unequal_e25_r085,adapt,0.0643523940000037,0.2733333333333333,-0.010597758818182531,-1.544142938173271,0.2603207692219068,1.4370546680436869,,,,,,,,
D3-unequal_e25_r085,adaptX,0.08550824499999976,0.2733333333333333,-0.010597758818182531,-1.544142938173271,0.2603207692219068,1.4370546680436869,,,,,,,,
D3-unequal_e25_r085,HA50,0.01491081200000366,,3.392332661113696,-0.20504498060251725,-23.103165473436743,0.27868769845953106,,,,,,,,
D3-unequal_e25_r085,TA(0.05),0.06505949099999953,0.12666666666666668,0.08015445095437183,-0.6244941922268218,-23.103165473436743,0.27868769845953106,,,,,,,,
D3-unequal_e25_r085,TA(0.10),0.06611795500000284,0.12666666666666668,-23.103165473436743,0.27868769845953106,0.08015445095437183,-0.6244941922268218,,,,,,,,
D3-unequal_e25_r085,TA(0.15),0.06751460299999934,0.12666666666666668,-23.103165473436743,0.27868769845953106,0.08015445095437183,-0.6244941922268218,,,,,,,,
D3-unequal_e25_r085,TA(0.25),0.06532188899999625,0.20666666666666667,0.08923591565108353,-1.22048077588798,-23.313115334178466,0.07593337690847499,,,,,,,,
D3-unequal_e25_r085,TA(0.40),0.06534953700000301,0.2733333333333333,0.2603207692219068,1.4370546680436869,-0.010597758818182531,-1.544142938173271,,,,,,,,
D3-unequal_e30_r085,adapt,0.07529975300000302,0.32666666666666666,0.008351658578944042,1.511171485448684,-0.03059969229161898,-1.4968673157497852,,,,,,,,
D3-unequal_e30_r085,adaptX,0.07015382000000159,0.32666666666666666,-0.04439279255510126,-1.5057652402585242,-0.07711745056813721,1.4913652754373319,,,,,,,,
D3-unequal_e30_r085,HA50,0.012693554000001939,,4.179612594725073,-1.129105597941149,-22.6951887009482,-0.5327845554891021,,,,,,,,
D3-unequal_e30_r085,TA(0.05),0.07774510700000548,0.16,0.15391471483794036,-0.8568489753203778,-22.961707431753247,-0.7898576657489312,,,,,,,,
D3-unequal_e30_r085,TA(0.10),0.07640713300000357,0.16,-22.961707431753247,-0.7898576657489312,0.1853533886031999,-0.8787539811104063,,,,,,,,
D3-unequal_e30_r085,TA(0.15),0.07707259499999708,0.16,0.15391471483794036,-0.8568489753203778,-22.961707431753247,-0.7898576657489312,,,,,,,,
D3-unequal_e30_r085,TA(0.25),0.07754520599999637,0.19333333333333333,-22.961707431753247,-0.7898576657489312,0.21066157003481611,-1.1097263303112048,,,,,,,,
D3-unequal_e30_r085,TA(0.40),0.07595879199999445,0.32666666666666666,-0.07711745056813721,1.4913652754373319,-0.04439279255510126,-1.5057652402585242,,,,,,,,
D3-unequal_e35_r085,adapt,0.060098355000000936,0.30666666666666664,0.13557023979577476,1.5665060780842786,0.11853126585051517,-1.5212974900094682,,,,,,,,
D3-unequal_e35_r085,adaptX,0.07066162600000325,0.30666666666666664,0.11853126585051517,-1.5212974900094682,0.13557023979577476,1.5665060780842786,,,,,,,,
D3-unequal_e35_r085,HA50,0.01126321600000324,,-22.6204824471732,-0.7009498480082381,3.250393850579613,-0.4136497427892387,,,,,,,,
D3-unequal_e35_r085,TA(0.05),0.062420809999998994,0.13666666666666666,-22.6204824471732,-0.7009498480082381,-0.3725666748113878,-0.35991348130729445,,,,,,,,
D3-unequal_e35_r085,TA(0.10),0.06363325100000594,0.13666666666666666,-22.6204824471732,-0.7009498480082381,-0.3725666748113878,-0.35991348130729445,,,,,,,,
D3-unequal_e35_r085,TA(0.15),0.06131428900000202,0.13666666666666666,-22.6204824471732,-0.7009498480082381,-0.3725666748113878,-0.35991348130729445,,,,,,,,
D3-unequal_e35_r085,TA(0.25),0.06087894999999577,0.17,-0.013147147137266706,-1.0239840048321305,-18.929152149702166,-4.150134662183759,,,,,,,,
D3-unequal_e35_r085,TA(0.40),0.06239384700000272,0.30666666666666664,0.11853126585051517,-1.5212974900094682,0.13557023979577476,1.5665060780842786,,,,,,,,
D4-hetero_e25_r085,adapt,0.059706011999999475,0.2733333333333333,-0.16493263006460065,1.561286438757277,0.0007832787049029052,-1.5733932854351393,,,,,,,,
D4-hetero_e25_r085,adaptX,0.06773501499999668,0.2733333333333333,0.0007832787049029052,-1.5733932854351393,-0.16493263006460065,1.561286438757277,,,,,,,,
D4-hetero_e25_r085,HA50,0.01036655000000053,,22.342053317337772,0.07245279557396037,-3.205645002973031,-0.05722976778540864,,,,,,,,
D4-hetero_e25_r085,TA(0.05),0.06275192399999696,0.12333333333333334,-0.14270317843948904,-0.08655497009575076,22.614421868838452,-0.17841772731355446,,,,,,,,
D4-hetero_e25_r085,TA(0.10),0.06083582300000501,0.12333333333333334,22.614421868838452,-0.17841772731355446,-0.14270317843948904,-0.08655497009575076,,,,,,,,
D4-hetero_e25_r085,TA(0.15),0.0620899399999999,0.12333333333333334,22.614421868838452,-0.17841772731355446,-0.14270317843948904,-0.08655497009575076,,,,,,,,
D4-hetero_e25_r085,TA(0.25),0.06179491599999665,0.2733333333333333,0.0007832787049029052,-1.5733932854351393,-0.16493263006460065,1.561286438757277,,,,,,,,
D4-hetero_e25_r085,TA(0.40),0.06054151299999688,0.2733333333333333,0.0007832787049029052,-1.5733932854351393,-0.16493263006460065,1.561286438757277,,,,,,,,
D4-hetero_e30_r085,adapt,0.05906364900000227,0.30666666666666664,-0.038002666600588535,-1.4759073952927537,0.059502453553372046,1.5413475299666106,,,,,,,,
D4-hetero_e30_r085,adaptX,0.0656458780000051,0.30666666666666664,-0.03821783784479391,-1.4759140424294785,0.05985922293655187,1.5413407327717827,,,,,,,,
D4-hetero_e30_r085,HA50,0.011988224999996078,,3.7802549353916755,-0.537154043677182,-22.921847159053648,0.6649938648950544,,,,,,,,
D4-hetero_e30_r085,TA(0.05),0.06140376199999764,0.14,-23.109906249938224,0.48701852540366053,0.09125094512710015,-0.0008305985242749208,,,,,,,,
D4-hetero_e30_r085,TA(0.10),0.060966727000000276,0.14,-23.109906249938224,0.48701852540366053,0.09125094512710015,-0.0008305985242749208,,,,,,,,
D4-hetero_e30_r085,TA(0.15),0.062146191000003626,0.14,-22.921847159053648,0.6649938648950544,0.09125094512710015,-0.0008305985242749208,,,,,,,,
D4-hetero_e30_r085,TA(0.25),0.06135208899999611,0.18,0.09125094512710015,-0.0008305985242749208,22.502774661316995,0.038018577727371314,,,,,,,,
D4-hetero_e30_r085,TA(0.40),0.06244155400000295,0.30666666666666664,0.05985922293655187,1.5413407327717827,-0.03821783784479391,-1.4759140424294785,,,,,,,,
D4-hetero_e35_r085,adapt,0.07198831799999539,0.3433333333333333,-0.028694325992883962,-1.5084641931329312,-0.05273702709309253,1.4926984610958147,,,,,,,,
D4-hetero_e35_r085,adaptX,0.07150699599999655,0.3433333333333333,-0.05273702709309253,1.4926984610958147,-0.028694325992883962,-1.5084641931329312,,,,,,,,
D4-hetero_e35_r085,HA50,0.0116468679999997,,-22.69730815884657,-0.22873171730405073,3.839969990040818,0.7468079215145417,,,,,,,,
D4-hetero_e35_r085,TA(0.05),0.07306541999999894,0.15,-0.14786137954969686,0.12474836992632485,-22.69730815884657,-0.22873171730405073,,,,,,,,
D4-hetero_e35_r085,TA(0.10),0.0739849690000014,0.15,-0.14786137954969686,0.12474836992632485,-22.69730815884657,-0.22873171730405073,,,,,,,,
D4-hetero_e35_r085,TA(0.15),0.07335856199999569,0.15,-22.69730815884657,-0.22873171730405073,-0.14786137954969686,0.12474836992632485,,,,,,,,
D4-hetero_e35_r085,TA(0.25),0.07481247500000165,0.16666666666666666,0.2358535516753809,-0.18276117156632019,-17.46310985394632,-3.496177187443562,,,,,,,,
D4-hetero_e35_r085,TA(0.40),0.07394382199999683,0.3433333333333333,-0.05273702709309253,1.4926984610958147,-0.028694325992883962,-1.5084641931329312,,,,,,,,
D5-leverage_e25_r085,adapt,0.09734533399999634,0.0033333333333333335,-2.265889472324994,0.033144557611447856,2.298308762902584,-0.17061852719817353,,,,,,,,
D5-leverage_e25_r085,adaptX,0.1422778079999958,0.01,1.8170248495549066,-0.128102215745655,-2.520170988313086,0.03844499937009266,,,,,,,,
D5-leverage_e25_r085,HA50,0.023783393000002206,,-2.421454484879169,0.05429253198946612,2.14896072367648,-0.1513274463765922,,,,,,,,
D5-leverage_e25_r085,TA(0.05),0.09960868299999959,0.0033333333333333335,2.0357744046325994,-0.1377976078110014,-2.4784272032190597,0.05831732960417702,,,,,,,,
D5-leverage_e25_r085,TA(0.10),0.10093167899999855,0.006666666666666667,1.9598324609183073,-0.14252638196057246,-2.5153525965169283,0.04502692085322834,,,,,,,,
D5-leverage_e25_r085,TA(0.15),0.11158741100000213,0.006666666666666667,-2.5033128189763953,0.03723231586885838,1.938437189958029,-0.14375726271258835,,,,,,,,
D5-leverage_e25_r085,TA(0.25),0.10151393900000016,0.023333333333333334,1.5279201874491382,-0.47691255111293746,-2.4006373194204746,0.38217276223177965,,,,,,,,
D5-leverage_e25_r085,TA(0.40),0.10022255300000182,0.006666666666666667,1.9197440903559313,-0.14213693374874367,-2.5522284599384664,0.0440206431823273,,,,,,,,
D5-leverage_e30_r085,adapt,0.053263128000004656,0.006666666666666667,2.4760469583089035,-0.12363631101460082,-2.2434579456534136,0.06598810934145417,,,,,,,,
D5-leverage_e30_r085,adaptX,0.06105433200000476,0.013333333333333334,2.4796810977721315,-0.12037766433009925,-2.2415455643955826,0.07339506912304089,,,,,,,,
D5-leverage_e30_r085,HA50,0.011274124999999913,,2.4796810977721315,-0.12037766433009925,-2.2995861280862804,0.07682197868827144,,,,,,,,
D5-leverage_e30_r085,TA(0.05),0.05481368800000297,0.006666666666666667,-2.2802756400185484,0.07835062413358704,2.4796810977721315,-0.12037766433009925,,,,,,,,
D5-leverage_e30_r085,TA(0.10),0.054508077000001265,0.006666666666666667,-2.3036935080786964,0.07816265247450425,2.4091366377247243,-0.11198394745040152,,,,,,,,
D5-leverage_e30_r085,TA(0.15),0.05591023899999925,0.0033333333333333335,2.4334819215230303,-0.11506811431637679,-2.3213529203476835,0.08334472042282227,,,,,,,,
D5-leverage_e30_r085,TA(0.25),0.05553952700000053,0.0033333333333333335,-2.260862169565754,0.07234215095297628,2.457804020516032,-0.11806099428794614,,,,,,,,
D5-leverage_e30_r085,TA(0.40),0.05483905199999839,0.006666666666666667,2.454221564069744,-0.12131269307222747,-2.26345559265684,0.06820917227042539,,,,,,,,
D5-leverage_e35_r085,adapt,0.050838168000005624,0.006666666666666667,2.100292648438851,-0.04267481217984622,-2.5600393919501445,0.1715175614475273,,,,,,,,
D5-leverage_e35_r085,adaptX,0.05835754199999599,0.013333333333333334,2.1225330214106033,-0.047483571790733765,-2.5347152014752825,0.16853137731117956,,,,,,,,
D5-leverage_e35_r085,HA50,0.011008513000000164,,2.1722217118429596,-0.03594945817400214,-2.5283325724598664,0.17356922375608952,,,,,,,,
D5-leverage_e35_r085,TA(0.05),0.05266118600000169,0.006666666666666667,-2.559334788224317,0.16814895156567047,2.1020717390159005,-0.04738317304734773,,,,,,,,
D5-leverage_e35_r085,TA(0.10),0.0528805260000027,0.006666666666666667,-2.559334788224317,0.16814895156567047,2.1020717390159005,-0.04738317304734773,,,,,,,,
D5-leverage_e35_r085,TA(0.15),0.05380979500000649,0.006666666666666667,-2.534013750455467,0.1651619302258665,2.1233605971029563,-0.05007778581530428,,,,,,,,
D5-leverage_e35_r085,TA(0.25),0.054090248999997925,0.006666666666666667,-2.45462581131809,0.16498838994906154,2.1672708023655685,-0.046502715358993196,,,,,,,,
D5-leverage_e35_r085,TA(0.40),0.05237420699999973,0.013333333333333334,-0.1958831161267817,1.5532424072400122,0.7419921823902196,-0.1602330791008304,,,,,,,,
D6-uniform_e25_r085,adapt,0.05688683900000058,0.0,3.3917080713317094,0.29714537905077754,-2.8054573931533544,-0.06834434320313663,,,,,,,,
D6-uniform_e25_r085,adaptX,0.06323246899999901,0.0,3.3313771524579696,0.3275978025467213,-2.8657265010706157,-0.03271609287664954,,,,,,,,
D6-uniform_e25_r085,HA50,0.011716700000000912,,-2.8657265010706157,-0.03271609287664954,3.3313771524579696,0.3275978025467213,,,,,,,,
D6-uniform_e25_r085,TA(0.05),0.060481884999994406,0.0,-2.5335319532760234,-0.10312375415417493,3.701126133704107,0.26456904919487445,,,,,,,,
D6-uniform_e25_r085,TA(0.10),0.059529605999998125,0.0,3.6565860856053103,0.2856779715509284,-2.570536000601438,-0.08170721563339597,,,,,,,,
D6-uniform_e25_r085,TA(0.15),0.05829481600000008,0.12,-0.47297415900629747,-1.2658197900839123,0.17144718713679247,2.0010859330533757,,,,,,,,
D6-uniform_e25_r085,TA(0.25),0.058195438000005595,0.15,-0.32110518613327627,-1.4371745535029448,0.052784399912419316,1.7959910680698166,,,,,,,,
D6-uniform_e25_r085,TA(0.40),0.06074833599999607,0.19333333333333333,-0.1398204688826939,-1.5085341271654316,0.20241445469377287,1.526618498299777,,,,,,,,
D6-uniform_e30_r085,adapt,0.06481083400000642,0.12333333333333334,-0.5440343194507427,-1.78331221434537,0.029708399667026944,1.8850037138950442,,,,,,,,
D6-uniform_e30_r085,adaptX,0.07408949900000295,0.17666666666666667,-0.20079554867005228,-1.162725476322235,-0.08690162948317978,1.7675407952014466,,,,,,,,
D6-uniform_e30_r085,HA50,0.013583578000002205,,3.45237196396816,0.037252783733554604,-3.4587743504548207,-0.00602501625437286,,,,,,,,
D6-uniform_e30_r085,TA(0.05),0.06656103900000687,0.0,-3.580558761667861,0.08759113633255014,3.3396429009842197,0.11880470540339083,,,,,,,,
D6-uniform_e30_r085,TA(0.10),0.06591072900000228,0.12,-0.12879330452340976,1.8497126763524363,-0.4981828189406768,-1.7607552931705568,,,,,,,,
D6-uniform_e30_r085,TA(0.15),0.06690444300000564,0.15666666666666668,-0.19828039313037546,-1.6338597044779135,-0.20965434310204525,1.8153986747356126,,,,,,,,
D6-uniform_e30_r085,TA(0.25),0.06640746299999734,0.17,-0.26909028477095265,-1.1388446238094725,-0.11939782736002547,1.7832377186665942,,,,,,,,
D6-uniform_e30_r085,TA(0.40),0.068615666999996,0.20333333333333334,-0.15167109950309646,-1.3217771362640396,-0.27227343491267914,1.6608372764865822,,,,,,,,
D6-uniform_e35_r085,adapt,0.05484466900000484,0.0,4.444389822450208,0.38764008866754635,-2.6055493809001953,0.11186934245815337,,,,,,,,
D6-uniform_e35_r085,adaptX,0.06446619199999759,0.0,4.140367426209303,0.43099709308230255,-2.8556382651209518,0.16513794052454056,,,,,,,,
D6-uniform_e35_r085,HA50,0.012086413000005791,,-2.8556382651209518,0.16513794052454056,4.140367426209303,0.43099709308230255,,,,,,,,
D6-uniform_e35_r085,TA(0.05),0.055856202000001076,0.0,4.699600794469615,0.3835420108008462,-2.4238874225920064,0.10152708074005481,,,,,,,,
D6-uniform_e35_r085,TA(0.10),0.05608490599999527,0.0,-2.3418840196712534,0.11158549453510205,4.820340363118537,0.39836148077997063,,,,,,,,
D6-uniform_e35_r085,TA(0.15),0.05697386500000334,0.0,4.651776007068655,0.5489338475766306,-2.470754182608815,0.2380037618249883,,,,,,,,
D6-uniform_e35_r085,TA(0.25),0.05933267800000408,0.15,-0.18112829807821412,-1.590154310891766,0.4592593135136819,1.930717753432659,,,,,,,,
D6-uniform_e35_r085,TA(0.40),0.05818247999999926,0.16333333333333333,0.2257086072562085,1.8793282036709684,0.07345769331078383,-1.5140190602457062,,,,,,,,
D7-p3_e25_r085,adapt,0.2582180149999971,0.25333333333333335,-0.001579991419106945,-1.5467420456481227,1.0038751346183528,0.9922485892556897,0.08942517234059147,1.5984589916581202,1.0324634819648353,0.9773589532538285,,,,
D7-p3_e25_r085,adaptX,1.8269557120000002,0.2633333333333333,0.004072896320995896,-1.5517273391599784,0.9993021709830083,0.9970524112735608,0.09904227890028525,1.6068264851620184,1.0255109650874739,0.9703071150976641,,,,
D7-p3_e25_r085,HA50,0.014664477000003728,,-22.573792011215062,0.35028481500923075,0.9301103887321991,0.4960739189171377,2.6210491099639053,-0.41143690738549366,1.5367328011851338,0.9697470144860569,,,,
D7-p3_e25_r085,TA(0.05),0.26104528500000157,0.11,-0.16263873413068772,0.12346797784244427,0.9567744796553855,1.053105710510418,-22.885100623515186,0.6573408495044771,1.0798069508228016,0.7095427437303153,,,,
D7-p3_e25_r085,TA(0.10),0.2595359479999999,0.11,-0.16263873413068772,0.12346797784244427,0.9567744796553855,1.053105710510418,-22.885100623515186,0.6573408495044771,1.0798069508228016,0.7095427437303153,,,,
D7-p3_e25_r085,TA(0.15),0.25985501600000305,0.11,-22.885100623515186,0.6573408495044771,1.0798069508228016,0.7095427437303153,-0.16263873413068772,0.12346797784244427,0.9567744796553855,1.053105710510418,,,,
D7-p3_e25_r085,TA(0.25),0.26022255099999825,0.25333333333333335,0.08942517234059147,1.5984589916581202,1.0324634819648353,0.9773589532538285,-0.001579991419106945,-1.5467420456481227,1.0038751346183528,0.9922485892556897,,,,
D7-p3_e25_r085,TA(0.40),0.2609630660000022,0.25333333333333335,-0.021010281794266557,-1.5451546210193063,0.9990041953593953,1.0004728250659358,0.11193195064249307,1.5998647939095774,1.0376879864413646,0.9675581811105988,,,,
D7-p3_e30_r085,adapt,0.28111463799999825,0.31,-0.14077867516200607,-1.5771501023074537,1.1054074332532688,1.0209966762028844,0.21158552790987456,1.569420716995832,1.0900341501568158,1.0032584719476327,,,,
D7-p3_e30_r085,adaptX,2.3528738219999994,0.32666666666666666,-0.1165331817049252,-1.5647468155533926,1.1254575855297897,1.0171754993020776,0.1951400802891845,1.568280754470719,1.076319376276392,1.0089603102881832,,,,
D7-p3_e30_r085,HA50,0.01842430699999653,,4.408452960718945,0.3562370332910717,1.1179548229604963,1.0285662599130043,-23.125875918746377,0.08862793067516544,1.2563089923323516,1.5896441133319705,,,,
D7-p3_e30_r085,TA(0.05),0.28331374799999764,0.15,0.3261052814375147,0.26627801892291236,1.1672940273400623,0.8697849147751405,22.052854335465423,0.7414765791663396,0.8526454420020326,1.0905144820279231,,,,
D7-p3_e30_r085,TA(0.10),0.28448961199999445,0.15,22.052854335465423,0.7414765791663396,0.8526454420020326,1.0905144820279231,0.3261052814375147,0.26627801892291236,1.1672940273400623,0.8697849147751405,,,,
D7-p3_e30_r085,TA(0.15),0.2846137800000008,0.15,22.052854335465423,0.7414765791663396,0.8526454420020326,1.0905144820279231,0.3261052814375147,0.26627801892291236,1.1672940273400623,0.8697849147751405,,,,
D7-p3_e30_r085,TA(0.25),0.2830187790000025,0.21666666666666667,0.3522495796913634,0.473158628022357,1.0507667206230218,0.9723410586095912,2.2189134739484166,3.353282050746207,6.273644657238975,-6.244716228252729,,,,
D7-p3_e30_r085,TA(0.40),0.2832647640000019,0.31,-0.1370927495509149,-1.5765986108044765,1.1082806887648995,1.025502788034599,0.21324999913156875,1.5698997766513576,1.0914668148691913,1.0061306901800322,,,,
D7-p3_e35_r085,adapt,0.33286310999999813,0.13333333333333333,-0.3620698870869663,0.2371967223222229,0.8508201057189728,1.1153180865416252,-23.774335166159553,0.037572647836635976,0.24071415431903048,2.0095818946204096,,,,
D7-p3_e35_r085,adaptX,2.4501568129999995,0.3466666666666667,-0.24752783955018953,-1.519014662145676,1.1069717726898154,0.9590611074087166,0.021439504963824067,1.6194245125533149,1.0642772013915065,0.994281282575717,,,,
D7-p3_e35_r085,HA50,0.014090109999997935,,-23.774335166159553,0.037572647836635976,0.24071415431903048,2.0095818946204096,3.1395449712064725,0.32152722487255253,0.8190820457326532,1.2767993301867715,,,,
D7-p3_e35_r085,TA(0.05),0.33596286200000236,0.13333333333333333,-0.3620698870869663,0.2371967223222229,0.8508201057189728,1.1153180865416252,-23.774335166159553,0.037572647836635976,0.24071415431903048,2.0095818946204096,,,,
D7-p3_e35_r085,TA(0.10),0.33530212800000214,0.13333333333333333,-0.3620698870869663,0.2371967223222229,0.8508201057189728,1.1153180865416252,-23.774335166159553,0.037572647836635976,0.24071415431903048,2.0095818946204096,,,,
D7-p3_e35_r085,TA(0.15),0.3355685509999944,0.13333333333333333,-0.3620698870869663,0.2371967223222229,0.8508201057189728,1.1153180865416252,-23.63933427016269,0.18581238378617992,0.40491009190383387,2.1657474062337725,,,,
D7-p3_e35_r085,TA(0.25),0.3342811999999995,0.13666666666666666,-23.488249411627862,0.35521092993305,0.43596285400081836,2.327219755914519,-0.3620698870869663,0.2371967223222229,0.8508201057189728,1.1153180865416252,,,,
D7-p3_e35_r085,TA(0.40),0.3338593980000013,0.3433333333333333,-0.210539796006532,-1.5243447653349074,1.0857279337227899,0.9811812104106854,0.026220568977304383,1.6107201383390646,1.0544019901003936,1.0080331995162028,,,,
D8-K2par-sep_e25_r085,adapt,0.053409772999998495,0.20333333333333334,2.9239454104690723,1.010168068296923,-3.051141991879184,0.9999995663415708,,,,,,,,
D8-K2par-sep_e25_r085,adaptX,0.06015567200000049,0.20333333333333334,2.899266782783057,1.0315803562039096,-3.0735371921766617,1.0195274879635794,,,,,,,,
D8-K2par-sep_e25_r085,HA50,0.008303221999995003,,2.434777224171799,1.3159409962259525,-23.064722744159702,0.4994441544256571,,,,,,,,
D8-K2par-sep_e25_r085,TA(0.05),0.05454764299999937,0.1,21.525064884661624,0.993821965848457,-0.04583315634920102,1.0772234539529053,,,,,,,,
D8-K2par-sep_e25_r085,TA(0.10),0.05422405299999866,0.1,21.525064884661624,0.993821965848457,-0.04583315634920102,1.0772234539529053,,,,,,,,
D8-K2par-sep_e25_r085,TA(0.15),0.05496742400000443,0.14,0.09029461452272933,0.997117045735683,0.7955400059181542,9.518805927182056,,,,,,,,
D8-K2par-sep_e25_r085,TA(0.25),0.0563728540000028,0.20666666666666667,2.8955595353234096,0.9826080959923644,-3.051141991879184,0.9999995663415708,,,,,,,,
D8-K2par-sep_e25_r085,TA(0.40),0.05630804799999822,0.20333333333333334,2.899266782783057,1.0315803562039096,-3.0735371921766617,1.0195274879635794,,,,,,,,
D8-K2par-sep_e30_r085,adapt,0.05390370299999603,0.26666666666666666,2.967887347299346,0.9705802441881782,-3.08011042933882,0.993398418700391,,,,,,,,
D8-K2par-sep_e30_r085,adaptX,0.060555714999999566,0.26666666666666666,-3.08011042933882,0.993398418700391,2.967887347299346,0.9705802441881782,,,,,,,,
D8-K2par-sep_e30_r085,HA50,0.01111743999999959,,-22.49466099417889,1.0383402569259073,2.547499815783906,0.8365196392290085,,,,,,,,
D8-K2par-sep_e30_r085,TA(0.05),0.05639938899999919,0.12,-22.210622352430207,1.1123044316597452,0.03514218504157233,1.0444356411307496,,,,,,,,
D8-K2par-sep_e30_r085,TA(0.10),0.05509081199999599,0.13333333333333333,-0.06801876669198736,1.0622511242465227,-22.33471973742974,1.545683483914885,,,,,,,,
D8-K2par-sep_e30_r085,TA(0.15),0.05696548299999904,0.12666666666666668,-0.12345982302885047,1.0402298447050315,-21.911015237430057,1.4608855785323325,,,,,,,,
D8-K2par-sep_e30_r085,TA(0.25),0.05622428200000229,0.26666666666666666,-3.08011042933882,0.993398418700391,2.967887347299346,0.9705802441881782,,,,,,,,
D8-K2par-sep_e30_r085,TA(0.40),0.056232505000004096,0.26666666666666666,-3.08011042933882,0.993398418700391,2.967887347299346,0.9705802441881782,,,,,,,,
D8-K2par-sep_e35_r085,adapt,0.054909975999997584,0.28,-3.039987444614645,0.9742774726183517,2.9611634632136954,1.0909210431060123,,,,,,,,
D8-K2par-sep_e35_r085,adaptX,0.06106263699999914,0.28,-3.039987444614645,0.9742774726183517,2.9611634632136954,1.0909210431060123,,,,,,,,
D8-K2par-sep_e35_r085,HA50,0.013742784000001507,,-21.750532028820178,1.2801791704371361,3.522098265827489,0.760002286319789,,,,,,,,
D8-K2par-sep_e35_r085,TA(0.05),0.05832838499999582,0.13,0.09207126295439537,0.9241279267442412,-22.01046428397204,1.5373572434414091,,,,,,,,
D8-K2par-sep_e35_r085,TA(0.10),0.057079354000002525,0.13,0.09207126295439537,0.9241279267442412,-22.01046428397204,1.5373572434414091,,,,,,,,
D8-K2par-sep_e35_r085,TA(0.15),0.05721460000000178,0.13,-22.01046428397204,1.5373572434414091,0.09207126295439537,0.9241279267442412,,,,,,,,
D8-K2par-sep_e35_r085,TA(0.25),0.05660614300000333,0.28,-3.039987444614645,0.9742774726183517,2.9611634632136954,1.0909210431060123,,,,,,,,
D8-K2par-sep_e35_r085,TA(0.40),0.05636983799999484,0.28,2.9611634632136954,1.0909210431060123,-3.039987444614645,0.9742774726183517,,,,,,,,
D1-K2cross_e25_r086,adapt,0.05435300299999568,0.26666666666666666,0.05975492657144846,-1.5492893209335976,-0.10159906365621947,1.5100835839556108,,,,,,,,
D1-K2cross_e25_r086,adaptX,0.062465865000000065,0.26666666666666666,-0.10159906365621947,1.5100835839556108,0.05975492657144846,-1.5492893209335976,,,,,,,,
D1-K2cross_e25_r086,HA50,0.01131944499999804,,2.917656290156004,0.6538349430323994,-23.135162809121,-0.14659880314428933,,,,,,,,
D1-K2cross_e25_r086,TA(0.05),0.05573329499999602,0.11333333333333333,-0.01094663968016826,0.09230906129137963,-23.135162809121,-0.14659880314428933,,,,,,,,
D1-K2cross_e25_r086,TA(0.10),0.05594885400000038,0.11333333333333333,-0.01094663968016826,0.09230906129137963,-23.135162809121,-0.14659880314428933,,,,,,,,
D1-K2cross_e25_r086,TA(0.15),0.05678557600000289,0.11333333333333333,-0.01094663968016826,0.09230906129137963,-23.135162809121,-0.14659880314428933,,,,,,,,
D1-K2cross_e25_r086,TA(0.25),0.0553115319999975,0.26666666666666666,0.0005987249253066078,-1.529315926604502,-0.15483269524259866,1.5277357516073689,,,,,,,,
D1-K2cross_e25_r086,TA(0.40),0.05703222500000038,0.26666666666666666,0.06197945037758834,-1.549163322311155,-0.0996155938287099,1.5101739848034172,,,,,,,,
D1-K2cross_e30_r086,adapt,0.05521959500000406,0.30333333333333334,-0.09286078319222561,-1.5429976978643019,0.02818257992727298,1.534957539494054,,,,,,,,
D1-K2cross_e30_r086,adaptX,0.06199552700000055,0.30333333333333334,0.02818257992727298,1.534957539494054,-0.09286078319222561,-1.5429976978643019,,,,,,,,
D1-K2cross_e30_r086,HA50,0.011052939000002482,,-22.204411897761318,0.3770878167021597,3.828340411808402,-0.036669721647919956,,,,,,,,
D1-K2cross_e30_r086,TA(0.05),0.05593826199999796,0.13666666666666666,-0.0852159083568374,-0.11837277108984214,-22.204411897761318,0.3770878167021597,,,,,,,,
D1-K2cross_e30_r086,TA(0.10),0.05600731200000553,0.13666666666666666,-0.0852159083568374,-0.11837277108984214,-22.204411897761318,0.3770878167021597,,,,,,,,
D1-K2cross_e30_r086,TA(0.15),0.058698806000002435,0.14,-22.52535807032004,0.1269096345065059,-0.0852159083568374,-0.11837277108984214,,,,,,,,
D1-K2cross_e30_r086,TA(0.25),0.05696744599999448,0.17333333333333334,-0.5477563134068835,-0.5258676299110867,-13.24867846769703,6.169081435139494,,,,,,,,
D1-K2cross_e30_r086,TA(0.40),0.05630582300000242,0.30333333333333334,-0.09286078319222561,-1.5429976978643019,0.02818257992727298,1.534957539494054,,,,,,,,
D1-K2cross_e35_r086,adapt,0.058576275000000066,0.37666666666666665,0.05402922180960826,1.5313612759665667,0.05233691626773847,-1.5324627215762596,,,,,,,,
D1-K2cross_e35_r086,adaptX,0.061046658999998726,0.37666666666666665,0.05233691626773847,-1.5324627215762596,0.05402922180960826,1.5313612759665667,,,,,,,,
D1-K2cross_e35_r086,HA50,0.011282437999994954,,4.969846494498541,0.08938551458750235,-21.563901694774252,-0.08465436026354203,,,,,,,,
D1-K2cross_e35_r086,TA(0.05),0.06140306400000384,0.17333333333333334,-21.563901694774252,-0.08465436026354203,0.15285168571166377,-0.15343527304778481,,,,,,,,
D1-K2cross_e35_r086,TA(0.10),0.05964259900000002,0.17333333333333334,-21.563901694774252,-0.08465436026354203,0.01989825539850408,-0.1618294985781378,,,,,,,,
D1-K2cross_e35_r086,TA(0.15),0.059441343999999674,0.17333333333333334,0.01989825539850408,-0.1618294985781378,-21.563901694774252,-0.08465436026354203,,,,,,,,
D1-K2cross_e35_r086,TA(0.25),0.06109847200000473,0.20333333333333334,0.01989825539850408,-0.1618294985781378,22.79527420855759,0.4098717384827353,,,,,,,,
D1-K2cross_e35_r086,TA(0.40),0.06027072900000263,0.37666666666666665,0.041463306406915805,-1.5320195633651776,0.06597448220702985,1.531051781322389,,,,,,,,
D2-K3par_e25_r086,adapt,0.4993228550000026,0.09666666666666666,-2.4947576795614532,0.716815201989652,22.252462707657283,0.6861391803653856,1.8956743387098418,0.901889805052922,,,,,,
D2-K3par_e25_r086,adaptX,0.3707213189999976,0.25,-3.1098759322319727,1.021187296284339,2.8023034597953904,0.9716526595204633,-0.04329580835806869,1.145173956148033,,,,,,
D2-K3par_e25_r086,HA50,0.025113505999996732,,-0.1740405424215215,1.0357916092614619,21.798863467660684,0.6655027745622555,-22.112991911715355,0.6432499756551542,,,,,,
D2-K3par_e25_r086,TA(0.05),0.5019830459999994,0.0033333333333333335,21.798863467660684,0.6655027745622555,-0.12936087488272122,1.0604520931267263,-22.112991911715355,0.6432499756551542,,,,,,
D2-K3par_e25_r086,TA(0.10),0.502490262000002,0.09666666666666666,-2.4947576795614532,0.716815201989652,1.8956743387098418,0.901889805052922,22.252462707657283,0.6861391803653856,,,,,,
D2-K3par_e25_r086,TA(0.15),0.5010632010000009,0.09666666666666666,1.8956743387098418,0.901889805052922,22.252462707657283,0.6861391803653856,-2.4947576795614532,0.716815201989652,,,,,,
D2-K3par_e25_r086,TA(0.25),0.5024914489999972,0.25,2.786896518883183,0.962655459452673,-3.1098759322319727,1.021187296284339,-0.06088393262482672,1.1366132752517464,,,,,,
D2-K3par_e25_r086,TA(0.40),0.501643050999995,0.25,0.15246309303615216,1.0140906769388012,-2.797778784265088,0.8402336601168152,2.7627402110919745,0.9288103390001344,,,,,,
D2-K3par_e30_r086,adapt,0.3292311730000037,0.27,0.2060645572367498,0.9947805563418378,-3.2016759420942016,0.9845636456421771,3.136197498595966,0.9010693924286286,,,,,,
D2-K3par_e30_r086,adaptX,0.29539520100000516,0.27,3.2166301962944637,0.9315251700163643,0.27333891682668726,1.0254107533542884,-3.2016759420942016,0.9845636456421771,,,,,,
D2-K3par_e30_r086,HA50,0.017480505000001756,,-22.511478626935595,0.6830936100226256,0.004879373155419272,1.1003670624973638,21.877373877680032,0.9586808693724618,,,,,,
D2-K3par_e30_r086,TA(0.05),0.3302135710000016,0.0,0.004879373155419272,1.1003670624973638,21.877373877680032,0.9586808693724618,-22.511478626935595,0.6830936100226256,,,,,,
D2-K3par_e30_r086,TA(0.10),0.33236794800000524,0.0,-22.511478626935595,0.6830936100226256,0.004879373155419272,1.1003670624973638,21.877373877680032,0.9586808693724618,,,,,,
D2-K3par_e30_r086,TA(0.15),0.3312928409999998,0.13666666666666666,-2.606225059955784,0.9021096010280225,-22.511478626935595,0.6830936100226256,1.9601791070840606,0.947723242294548,,,,,,
D2-K3par_e30_r086,TA(0.25),0.33221580900000447,0.19666666666666666,-2.6435650959761334,0.8980610989138061,-0.08840007940349778,-8.543347059426702,1.9748377230048186,0.9404562954941698,,,,,,
D2-K3par_e30_r086,TA(0.40),0.3302845559999952,0.27,3.136197498595966,0.9010693924286286,-3.2016759420942016,0.9845636456421771,0.2060645572367498,0.9947805563418378,,,,,,
D2-K3par_e35_r086,adapt,0.6539970059999973,0.0,23.4860869245546,1.1020535716153885,-22.32152422492248,0.9341810104288679,0.0843154925247188,1.1923987599064554,,,,,,
D2-K3par_e35_r086,adaptX,0.556934339999998,0.0,-22.32152422492248,0.9341810104288679,0.0843154925247188,1.1923987599064554,23.4860869245546,1.1020535716153885,,,,,,
D2-K3par_e35_r086,HA50,0.019706683000002556,,23.4860869245546,1.1020535716153885,0.0843154925247188,1.1923987599064554,-22.32152422492248,0.9341810104288679,,,,,,
D2-K3par_e35_r086,TA(0.05),0.6549093930000041,0.0,0.0843154925247188,1.1923987599064554,23.4860869245546,1.1020535716153885,-22.32152422492248,0.9341810104288679,,,,,,
D2-K3par_e35_r086,TA(0.10),0.6571748519999971,0.0,-22.32152422492248,0.9341810104288679,0.0843154925247188,1.1923987599064554,23.4860869245546,1.1020535716153885,,,,,,
D2-K3par_e35_r086,TA(0.15),0.6549811410000004,0.0,-22.32152422492248,0.9341810104288679,23.4860869245546,1.1020535716153885,0.0843154925247188,1.1923987599064554,,,,,,
D2-K3par_e35_r086,TA(0.25),0.6560092579999974,0.17666666666666667,-22.5423024240209,1.0854477414442523,-2.375007040600048,1.1879684402132629,1.9157880864225978,1.252604631558297,,,,,,
D2-K3par_e35_r086,TA(0.40),0.6561473390000003,0.3466666666666667,3.001022659209935,1.1033903694382188,-0.018488751295392465,0.9875263951377308,-3.0386270923100995,1.0042461920396566,,,,,,
D3-unequal_e25_r086,adapt,0.06207421000000579,0.22,-0.16763335242761987,1.3229262084910292,0.02517071744499651,-1.4715523869147469,,,,,,,,
D3-unequal_e25_r086,adaptX,0.07058223800000007,0.22,-0.22026974670785532,1.2973764154801197,0.0017585818616537594,-1.4818552278420059,,,,,,,,
D3-unequal_e25_r086,HA50,0.011404695000003073,,23.079412896069524,-0.5005291726854574,-2.773221521856669,-0.4694250473998785,,,,,,,,
D3-unequal_e25_r086,TA(0.05),0.06373626900000318,0.11,-0.11949614527570915,-0.6334210828322642,23.079412896069524,-0.5005291726854574,,,,,,,,
D3-unequal_e25_r086,TA(0.10),0.06356630900000226,0.11,-0.11949614527570915,-0.6334210828322642,23.079412896069524,-0.5005291726854574,,,,,,,,
D3-unequal_e25_r086,TA(0.15),0.06507636399999939,0.13666666666666666,-23.28999675470874,-1.0893350864231581,-0.21323827515569463,-0.7181220687004624,,,,,,,,
D3-unequal_e25_r086,TA(0.25),0.06347016800000205,0.22,0.0017585818616537594,-1.4818552278420059,-0.22026974670785532,1.2973764154801197,,,,,,,,
D3-unequal_e25_r086,TA(0.40),0.06505709500000023,0.33666666666666667,-1.1402073455786461,-1.4705459200244893,0.9292641683117152,-1.5228214454304179,,,,,,,,
D3-unequal_e30_r086,adapt,0.062143749000000525,0.25,0.012973521335397942,-1.5812476707884882,0.20282646220994535,1.458242180667804,,,,,,,,
D3-unequal_e30_r086,adaptX,0.06865107299999806,0.25333333333333335,0.012973521335397942,-1.5812476707884882,0.16003065506738895,1.4603176219494525,,,,,,,,
D3-unequal_e30_r086,HA50,0.012923710999999116,,23.371065315882838,-1.1090881543759559,-3.0131745280896385,-0.5346437213481479,,,,,,,,
D3-unequal_e30_r086,TA(0.05),0.06386035199999895,0.12666666666666668,0.13185525400465095,-0.5879740796965034,23.371065315882838,-1.1090881543759559,,,,,,,,
D3-unequal_e30_r086,TA(0.10),0.06363579499999616,0.12333333333333334,0.13185525400465095,-0.5879740796965034,-21.623563445890944,-0.48325817844416435,,,,,,,,
D3-unequal_e30_r086,TA(0.15),0.06421835100000095,0.12666666666666668,23.371065315882838,-1.1090881543759559,0.13185525400465095,-0.5879740796965034,,,,,,,,
D3-unequal_e30_r086,TA(0.25),0.06490240400000147,0.25,0.20282646220994535,1.458242180667804,0.012973521335397942,-1.5812476707884882,,,,,,,,
D3-unequal_e30_r086,TA(0.40),0.06502701700000557,0.25333333333333335,0.007022905070852908,-1.5818445807728192,0.14706010395823454,1.459528662246388,,,,,,,,
D3-unequal_e35_r086,adapt,0.0652496659999997,0.3333333333333333,-0.016475609181232215,1.5721834613038979,0.07218140586278299,-1.4976788223599644,,,,,,,,
D3-unequal_e35_r086,adaptX,0.07468568699999878,0.36333333333333334,2.8173684463260544,-0.28322577208404925,-0.7993771327730352,-0.882596910777135,,,,,,,,
D3-unequal_e35_r086,HA50,0.012452288999995176,,-22.27295708317147,-0.54862265565691,3.95197215231765,0.10267870311449093,,,,,,,,
D3-unequal_e35_r086,TA(0.05),0.06846956600000453,0.15333333333333332,-22.50163638748388,-0.8132193185694399,0.08087185603099797,-0.5385872974220138,,,,,,,,
D3-unequal_e35_r086,TA(0.10),0.06680445199999951,0.15333333333333332,0.08087185603099797,-0.5385872974220138,-22.50163638748388,-0.8132193185694399,,,,,,,,
D3-unequal_e35_r086,TA(0.15),0.06816409099999987,0.15333333333333332,0.08087185603099797,-0.5385872974220138,-22.50163638748388,-0.8132193185694399,,,,,,,,
D3-unequal_e35_r086,TA(0.25),0.06646118200000473,0.21333333333333335,0.2893015800923918,-1.040266027369965,-22.50163638748388,-0.8132193185694399,,,,,,,,
D3-unequal_e35_r086,TA(0.40),0.06754080999999701,0.3333333333333333,0.08712864470580635,-1.5001792397480989,0.010538304218023011,1.5665919671222672,,,,,,,,
D4-hetero_e25_r086,adapt,0.06969590899999645,0.30333333333333334,0.14549166735317615,1.5667559986325768,0.0743637691046508,-1.5239008865202772,,,,,,,,
D4-hetero_e25_r086,adaptX,0.08454688599999827,0.30333333333333334,0.14283360797171207,1.5669970689107846,0.07203102953346524,-1.5239869849545498,,,,,,,,
D4-hetero_e25_r086,HA50,0.014054756999996698,,23.868967904684656,0.4196622864554249,-3.400700054671529,-0.8165459757885337,,,,,,,,
D4-hetero_e25_r086,TA(0.05),0.07058999899999918,0.13333333333333333,23.868967904684656,0.4196622864554249,0.3826496785191988,-0.061235559268131526,,,,,,,,
D4-hetero_e25_r086,TA(0.10),0.07315677400000453,0.13333333333333333,0.3826496785191988,-0.061235559268131526,23.868967904684656,0.4196622864554249,,,,,,,,
D4-hetero_e25_r086,TA(0.15),0.07052677899999793,0.13333333333333333,23.868967904684656,0.4196622864554249,0.3826496785191988,-0.061235559268131526,,,,,,,,
D4-hetero_e25_r086,TA(0.25),0.07172657699999974,0.19,12.165250295812328,7.407783610960504,0.8218382959481093,-0.40684047544406227,,,,,,,,
D4-hetero_e25_r086,TA(0.40),0.0723020940000012,0.30666666666666664,0.05593948765668367,-1.5263304926010601,0.14549166735317615,1.5667559986325768,,,,,,,,
D4-hetero_e30_r086,adapt,0.059267507000001274,0.36333333333333334,0.06882183414635328,-1.5022378179876734,0.014184525010194588,1.5479748510065658,,,,,,,,
D4-hetero_e30_r086,adaptX,0.06757556599999504,0.13666666666666666,-0.1611280260042585,-0.03806268036061728,23.478748094588976,0.11333440305503309,,,,,,,,
D4-hetero_e30_r086,HA50,0.013660751999999832,,23.362985701695923,-0.09349393550028028,-4.123629339711064,0.024130386748977096,,,,,,,,
D4-hetero_e30_r086,TA(0.05),0.06064190899999744,0.13333333333333333,-0.1611280260042585,-0.03806268036061728,23.362985701695923,-0.09349393550028028,,,,,,,,
D4-hetero_e30_r086,TA(0.10),0.061649189999997134,0.13333333333333333,23.362985701695923,-0.09349393550028028,-0.1611280260042585,-0.03806268036061728,,,,,,,,
D4-hetero_e30_r086,TA(0.15),0.05997297700000104,0.13333333333333333,23.362985701695923,-0.09349393550028028,-0.1611280260042585,-0.03806268036061728,,,,,,,,
D4-hetero_e30_r086,TA(0.25),0.06080182200000195,0.13333333333333333,-0.1611280260042585,-0.03806268036061728,23.59124209303192,-0.2696453134145267,,,,,,,,
D4-hetero_e30_r086,TA(0.40),0.06163071600000336,0.36333333333333334,0.07121005966003993,-1.5019828334764307,0.017958339173524924,1.5484459189315805,,,,,,,,
D4-hetero_e35_r086,adapt,0.05362113500000021,0.29333333333333333,-0.08813417580452604,1.56706089319647,0.03673936250564964,-1.4631824952117949,,,,,,,,
D4-hetero_e35_r086,adaptX,0.06473079200000598,0.29333333333333333,0.03673936250564964,-1.4631824952117949,-0.08813417580452604,1.56706089319647,,,,,,,,
D4-hetero_e35_r086,HA50,0.010242855999997857,,-23.96307484108562,0.6981362226452696,3.6297838635594672,0.061734671172268295,,,,,,,,
D4-hetero_e35_r086,TA(0.05),0.05567215700000361,0.13666666666666666,-23.96307484108562,0.6981362226452696,0.08137513054453295,0.11048401064087796,,,,,,,,
D4-hetero_e35_r086,TA(0.10),0.056294440999998585,0.13666666666666666,0.08137513054453295,0.11048401064087796,-23.96307484108562,0.6981362226452696,,,,,,,,
D4-hetero_e35_r086,TA(0.15),0.05622138200000393,0.13666666666666666,-23.96307484108562,0.6981362226452696,0.08137513054453295,0.11048401064087796,,,,,,,,
D4-hetero_e35_r086,TA(0.25),0.055284202999999366,0.19,-14.17488763314691,-6.498407213374706,-0.25932315934433825,0.4610974636856892,,,,,,,,
D4-hetero_e35_r086,TA(0.40),0.055509626000002754,0.29333333333333333,0.03004306254519949,-1.4626312308990135,-0.0949748197852357,1.5678725262286588,,,,,,,,
D5-leverage_e25_r086,adapt,0.06132208400000394,0.0033333333333333335,2.429053786665725,-0.10617062899570193,-2.137562293756334,0.07599786242434424,,,,,,,,
D5-leverage_e25_r086,adaptX,0.07404137900000052,0.07,2.4246325970182347,-0.10920753163088512,-2.1471456897928727,0.06036107653438703,,,,,,,,
D5-leverage_e25_r086,HA50,0.013722348000001716,,2.4246325970182347,-0.10920753163088512,-2.1869605604518716,0.0813765337093088,,,,,,,,
D5-leverage_e25_r086,TA(0.05),0.06473361500000152,0.0033333333333333335,2.7012552596341135,-0.1410765962245668,-1.9027112629781469,0.047971940637847474,,,,,,,,
D5-leverage_e25_r086,TA(0.10),0.06416912800000318,0.0033333333333333335,-2.308488490919727,0.09161660736802718,2.2603661978618357,-0.08870253020428698,,,,,,,,
D5-leverage_e25_r086,TA(0.15),0.06451002000000017,0.0033333333333333335,-2.308488490919727,0.09161660736802718,2.2603661978618357,-0.08870253020428698,,,,,,,,
D5-leverage_e25_r086,TA(0.25),0.0652169640000011,0.0033333333333333335,2.1753006798279597,-0.08104562669410603,-2.3725042944811223,0.0996525114640468,,,,,,,,
D5-leverage_e25_r086,TA(0.40),0.06295041300000292,0.0033333333333333335,-2.3177074962635227,0.08380927581143183,2.212398079297889,-0.09842099377931755,,,,,,,,
D5-leverage_e30_r086,adapt,0.1059909950000062,0.01,2.0403508725759893,-0.07598802361315049,-2.6636068255254055,0.11575855095971994,,,,,,,,
D5-leverage_e30_r086,adaptX,0.13838089299999723,0.06333333333333334,-2.6571994219144996,0.12317007345675975,2.0403008234594218,-0.06692441891016267,,,,,,,,
D5-leverage_e30_r086,HA50,0.023525509999998917,,-2.6571994219144996,0.12317007345675975,2.110698891529677,-0.06720332272752286,,,,,,,,
D5-leverage_e30_r086,TA(0.05),0.11856412599999544,0.01,1.904711535598398,-0.05232147932242726,-2.8177206171081703,0.13931685826335322,,,,,,,,
D5-leverage_e30_r086,TA(0.10),0.11516776999999934,0.01,1.8403532104270663,-0.04347281441799658,-2.896256990491007,0.14868793253723514,,,,,,,,
D5-leverage_e30_r086,TA(0.15),0.11886567499999501,0.01,1.8846447928215395,-0.053954406911917906,-2.8444166281719987,0.13784801163035176,,,,,,,,
D5-leverage_e30_r086,TA(0.25),0.1087040299999984,0.01,-2.8734153798249413,0.1320478854142378,1.865275330280544,-0.05977439119645858,,,,,,,,
D5-leverage_e30_r086,TA(0.40),0.11009707800000257,0.01,-2.4152057181039073,0.09443498185825391,2.26465643619366,-0.09873458909075024,,,,,,,,
D5-leverage_e35_r086,adapt,0.11867277800000409,0.0033333333333333335,-1.8261255920147568,0.08178045322062304,2.9616815122585938,-0.14755938160884075,,,,,,,,
D5-leverage_e35_r086,adaptX,0.13966466499999797,0.0033333333333333335,-1.8261255920147568,0.08178045322062304,2.9616815122585938,-0.14755938160884075,,,,,,,,
D5-leverage_e35_r086,HA50,0.02306984300000181,,2.9852300393576776,-0.14695885537491016,-1.8261255920147568,0.08178045322062304,,,,,,,,
D5-leverage_e35_r086,TA(0.05),0.12156584200000253,0.0033333333333333335,2.9616815122585938,-0.14755938160884075,-1.8261255920147568,0.08178045322062304,,,,,,,,
D5-leverage_e35_r086,TA(0.10),0.13293678799999498,0.006666666666666667,-1.8028838980958506,0.07881469144628415,2.9609491341674565,-0.15114967603222276,,,,,,,,
D5-leverage_e35_r086,TA(0.15),0.12184932199999565,0.006666666666666667,2.9609491341674565,-0.15114967603222276,-1.8028838980958506,0.07881469144628415,,,,,,,,
D5-leverage_e35_r086,TA(0.25),0.12030471399999954,0.02,2.612454468482018,-0.47505104196605435,-1.6536051599838866,0.4378513181969365,,,,,,,,
D5-leverage_e35_r086,TA(0.40),0.12585082199999675,0.006666666666666667,-1.9326337214867773,0.10711155944153791,2.826882716349627,-0.12164499372037618,,,,,,,,
D6-uniform_e25_r086,adapt,0.12361919300000324,0.18666666666666668,-0.23796805146932484,-1.7883209797173367,0.1935044563423099,1.6980791149548164,,,,,,,,
D6-uniform_e25_r086,adaptX,0.14269554599999879,0.20333333333333334,-0.16499458075585896,1.6096733566526997,-0.2467413445360962,-1.7631456615000098,,,,,,,,
D6-uniform_e25_r086,HA50,0.020426014000001658,,3.6476123281981017,0.07901366884457235,-3.308646885360887,0.1517468123043663,,,,,,,,
D6-uniform_e25_r086,TA(0.05),0.12439925900000048,0.0,-3.0814251420115695,0.18893082469247693,3.9371382188855963,0.11357564793919303,,,,,,,,
D6-uniform_e25_r086,TA(0.10),0.13133599600000423,0.0,4.02133980495281,0.11368992880709965,-3.020679452832663,0.19010714751565042,,,,,,,,
D6-uniform_e25_r086,TA(0.15),0.12698424700000288,0.18333333333333332,0.1480586597541762,1.726348326332097,-0.22129372530768324,-1.7645477774293137,,,,,,,,
D6-uniform_e25_r086,TA(0.25),0.12519335399999676,0.21,-0.13045637556835296,-1.6208132118888514,0.15374575027395393,1.7280680843214165,,,,,,,,
D6-uniform_e25_r086,TA(0.40),0.12524143099999918,0.25,-0.11068651687025896,-1.6235770956562443,-0.2727542595307014,1.5054242514017728,,,,,,,,
D6-uniform_e30_r086,adapt,0.05669273299999844,0.0,-2.798542690683775,-0.23685276780556863,4.013918688276489,-0.05727240719746305,,,,,,,,
D6-uniform_e30_r086,adaptX,0.062460112000003676,0.22333333333333333,0.3539864952034726,-1.8426627027672575,0.24822754974802194,1.4632566799200208,,,,,,,,
D6-uniform_e30_r086,HA50,0.011546592999998495,,3.6813263058619627,0.09313497864609337,-3.1624532043759994,-0.03133305277328169,,,,,,,,
D6-uniform_e30_r086,TA(0.05),0.05845378099999721,0.0,3.705641892558467,0.09572317972728779,-3.140693616897772,-0.028999934057670387,,,,,,,,
D6-uniform_e30_r086,TA(0.10),0.05883661899999737,0.0,-3.118392119241477,-0.022932482787613697,3.7298566908108914,0.10211123287827537,,,,,,,,
D6-uniform_e30_r086,TA(0.15),0.05874977999999942,0.22,0.3145573583758243,-1.7845245665499025,0.11555227313560605,1.5499625146574068,,,,,,,,
D6-uniform_e30_r086,TA(0.25),0.05996854700000398,0.21666666666666667,0.31388089730106356,-1.7876766894980078,0.27710382932257555,1.384967070807024,,,,,,,,
D6-uniform_e30_r086,TA(0.40),0.05831461199999666,0.22666666666666666,0.30644915381846854,-1.7294356310732253,0.26025103002690336,1.512158172636206,,,,,,,,
D6-uniform_e35_r086,adapt,0.05485665100000148,0.0,-2.9396037474909518,-0.07269105335839135,4.427062693997198,-0.33130484089858664,,,,,,,,
D6-uniform_e35_r086,adaptX,0.06253310599999651,0.0,-2.9396037474909518,-0.07269105335839135,4.427062693997198,-0.33130484089858664,,,,,,,,
D6-uniform_e35_r086,HA50,0.012152190000001895,,-2.9396037474909518,-0.07269105335839135,4.427062693997198,-0.33130484089858664,,,,,,,,
D6-uniform_e35_r086,TA(0.05),0.05789527600000355,0.0,4.754452110495566,-0.30600067112124424,-2.631899155250986,-0.00799531577540912,,,,,,,,
D6-uniform_e35_r086,TA(0.10),0.05675567100000478,0.0,-2.9286137323114767,0.016162594466537297,4.3957364582991,-0.24755731266759234,,,,,,,,
D6-uniform_e35_r086,TA(0.15),0.05658638700000296,0.0,-2.925699144492122,0.05844313193926481,4.382618058356679,-0.20661966780603527,,,,,,,,
D6-uniform_e35_r086,TA(0.25),0.057096006000001864,0.0,-3.426761173041632,-0.01095999571306296,3.8648918665620844,-0.21035638797148104,,,,,,,,
D6-uniform_e35_r086,TA(0.40),0.05655193399999803,0.19333333333333333,0.4816834984163952,1.5320996606023,0.00795237722768966,-1.6975326210417285,,,,,,,,
D7-p3_e25_r086,adapt,0.2608318830000016,0.26666666666666666,2.265605006045507,0.038993408820356804,0.8952132977332593,1.0377869587136144,-1.874926635211287,0.060366848056481605,0.8789522004536836,1.06817070248239,,,,
D7-p3_e25_r086,adaptX,1.8874263249999998,0.26666666666666666,-0.07282403692171222,-1.4748637075194309,0.9337153284510916,0.8865867356861887,0.06061846417685357,1.5205566083768651,0.8634578029504398,0.8939808687012778,,,,
D7-p3_e25_r086,HA50,0.015392752000003895,,21.33979736025043,0.2460140971974642,0.2724523623083281,0.9058589812716533,-3.1210937792397044,0.315709005159065,0.6760338032947004,1.0431198584219414,,,,
D7-p3_e25_r086,TA(0.05),0.26229298999999884,0.12333333333333334,0.04151174923067724,-0.024590706433941047,0.9090357217172373,1.0637392793366227,21.33979736025043,0.2460140971974642,0.2724523623083281,0.9058589812716533,,,,
D7-p3_e25_r086,TA(0.10),0.265304467,0.12666666666666668,21.479918036298805,0.5209438647956058,0.06561653622593067,0.6194007169603588,0.04151174923067724,-0.024590706433941047,0.9090357217172373,1.0637392793366227,,,,
D7-p3_e25_r086,TA(0.15),0.26371085199999555,0.12666666666666668,21.479918036298805,0.5209438647956058,0.06561653622593067,0.6194007169603588,0.04151174923067724,-0.024590706433941047,0.9090357217172373,1.0637392793366227,,,,
D7-p3_e25_r086,TA(0.25),0.2617349880000006,0.26666666666666666,0.1323193072775192,1.5444876205438345,0.9078725090090215,0.8438129055275132,-0.10623564801701196,-1.4641780577039551,0.9017289666331139,0.9065108964787363,,,,
D7-p3_e25_r086,TA(0.40),0.2635768849999991,0.26666666666666666,0.09919431471063721,1.5004960517566734,0.9022471167974075,0.9199138261170118,-0.006207430795825951,-1.4918873541886764,0.9370437145274501,0.8824424551410134,,,,
D7-p3_e30_r086,adapt,0.24836624400000318,0.2866666666666667,-0.14042844682014935,1.5002645985309055,0.9554380326007638,1.0924769882599867,-0.042428672102578356,-1.5721787784893175,0.8893227296265775,1.0173542074699025,,,,
D7-p3_e30_r086,adaptX,2.778563384999998,0.30666666666666664,-0.16535895100835046,1.496157378251324,0.9461789389687866,1.0565193473143446,-0.04461218449630591,-1.5814148382265214,0.8797127391376179,0.9828985239413203,,,,
D7-p3_e30_r086,HA50,0.014440694000001031,,-3.156776978264161,0.3370680890035229,0.9047733559056899,1.2603038432697025,23.012598807453255,-0.041518577422773595,0.012268725995675958,1.2975742604192368,,,,
D7-p3_e30_r086,TA(0.05),0.24988076199999654,0.12666666666666668,23.012598807453255,-0.041518577422773595,0.012268725995675958,1.2975742604192368,0.030063327281447446,-0.06509148797879154,0.9846679570585942,1.0904205657641994,,,,
D7-p3_e30_r086,TA(0.10),0.25136336900000344,0.12666666666666668,0.030063327281447446,-0.06509148797879154,0.9846679570585942,1.0904205657641994,23.012598807453255,-0.041518577422773595,0.012268725995675958,1.2975742604192368,,,,
D7-p3_e30_r086,TA(0.15),0.2516685129999985,0.12666666666666668,23.012598807453255,-0.041518577422773595,0.012268725995675958,1.2975742604192368,0.030063327281447446,-0.06509148797879154,0.9846679570585942,1.0904205657641994,,,,
D7-p3_e30_r086,TA(0.25),0.25131705000000437,0.16666666666666666,16.032119246165635,-4.113847873520022,0.49074684213691605,1.7456201814861785,-0.6238741399362652,-0.5803075131036807,0.9391554320645946,1.155801138113221,,,,
D7-p3_e30_r086,TA(0.40),0.250523249000004,0.2866666666666667,-0.042428672102578356,-1.5721787784893175,0.8893227296265775,1.0173542074699025,-0.14042844682014935,1.5002645985309055,0.9554380326007638,1.0924769882599867,,,,
D7-p3_e35_r086,adapt,0.2367542570000012,0.31666666666666665,-0.11354406462726008,-1.5156088222617143,0.9825545431759104,1.077538530140818,0.09613719013194956,1.5087449386511338,1.0058256098722738,0.9401457160754222,,,,
D7-p3_e35_r086,adaptX,2.1576377969999996,0.31666666666666665,0.09613719013194956,1.5087449386511338,1.0058256098722738,0.9401457160754222,-0.11354406462726008,-1.5156088222617143,0.9825545431759104,1.077538530140818,,,,
D7-p3_e35_r086,HA50,0.014225271999997346,,-22.155823406675736,-0.12711162281383886,1.660913470136418,0.9290604182316705,3.7316265569388523,-0.5617712131173166,1.1049786076007606,1.047461574233153,,,,
D7-p3_e35_r086,TA(0.05),0.23768716600000062,0.14333333333333334,-22.115530254973073,-0.6210881592400342,1.897854888501658,0.7958916661181755,-0.17499671600013417,-0.17149103658811155,1.153238757859006,1.0839130427078376,,,,
D7-p3_e35_r086,TA(0.10),0.23855323299999753,0.14333333333333334,-22.115530254973073,-0.6210881592400342,1.897854888501658,0.7958916661181755,-0.17499671600013417,-0.17149103658811155,1.153238757859006,1.0839130427078376,,,,
D7-p3_e35_r086,TA(0.15),0.2402146270000003,0.14333333333333334,-22.115530254973073,-0.6210881592400342,1.897854888501658,0.7958916661181755,-0.17499671600013417,-0.17149103658811155,1.153238757859006,1.0839130427078376,,,,
D7-p3_e35_r086,TA(0.25),0.23820579299999878,0.22666666666666666,-0.182890678287811,-0.37731614141791964,1.110784264141837,0.920111181739077,2.6585399064083868,-0.9496500031753456,-0.24997647744128876,11.342997383117483,,,,
D7-p3_e35_r086,TA(0.40),0.2393867620000023,0.31666666666666665,-0.11354406462726008,-1.5156088222617143,0.9825545431759104,1.077538530140818,0.09613719013194956,1.5087449386511338,1.0058256098722738,0.9401457160754222,,,,
D8-K2par-sep_e25_r086,adapt,0.05783852899999431,0.24666666666666667,-3.115622414828317,0.996827012689261,2.939538325877962,1.0368408721541893,,,,,,,,
D8-K2par-sep_e25_r086,adaptX,0.06016411399999555,0.24666666666666667,-3.115622414828317,0.996827012689261,2.939538325877962,1.0368408721541893,,,,,,,,
D8-K2par-sep_e25_r086,HA50,0.011944464000002597,,2.5313237016545274,0.6128348606458635,-22.723738640494183,1.8199263926853506,,,,,,,,
D8-K2par-sep_e25_r086,TA(0.05),0.06021445600000419,0.10333333333333333,0.09950366246318944,0.9672878056074925,-22.723738640494183,1.8199263926853506,,,,,,,,
D8-K2par-sep_e25_r086,TA(0.10),0.059731605000003185,0.10333333333333333,-22.723738640494183,1.8199263926853506,0.09950366246318944,0.9672878056074925,,,,,,,,
D8-K2par-sep_e25_r086,TA(0.15),0.06025927299999978,0.10333333333333333,-22.723738640494183,1.8199263926853506,0.09950366246318944,0.9672878056074925,,,,,,,,
D8-K2par-sep_e25_r086,TA(0.25),0.0594391689999938,0.24666666666666667,-3.115622414828317,0.996827012689261,2.939538325877962,1.0368408721541893,,,,,,,,
D8-K2par-sep_e25_r086,TA(0.40),0.05872043600000154,0.24666666666666667,-3.115622414828317,0.996827012689261,2.939538325877962,1.0368408721541893,,,,,,,,
D8-K2par-sep_e30_r086,adapt,0.0553729539999992,0.28,-3.0201711330798915,1.0866118239088869,2.7790804439729326,0.9675565504532805,,,,,,,,
D8-K2par-sep_e30_r086,adaptX,0.06009700699999598,0.28,2.7790804439729326,0.9675565504532805,-3.0201711330798915,1.0866118239088869,,,,,,,,
D8-K2par-sep_e30_r086,HA50,0.011169612999999856,,22.254502264716606,1.2577621012367626,-3.702537526696546,0.4923300961916601,,,,,,,,
D8-K2par-sep_e30_r086,TA(0.05),0.05657808099999784,0.14333333333333334,21.63058127637197,1.4857340087395283,-0.1449848139057403,1.037723017507047,,,,,,,,
D8-K2par-sep_e30_r086,TA(0.10),0.05759980199999859,0.14333333333333334,21.63058127637197,1.4857340087395283,-0.1449848139057403,1.037723017507047,,,,,,,,
D8-K2par-sep_e30_r086,TA(0.15),0.057757342999998684,0.14333333333333334,-0.1449848139057403,1.037723017507047,21.63058127637197,1.4857340087395283,,,,,,,,
D8-K2par-sep_e30_r086,TA(0.25),0.05779357200000135,0.28,-3.0201711330798915,1.0866118239088869,2.7790804439729326,0.9675565504532805,,,,,,,,
D8-K2par-sep_e30_r086,TA(0.40),0.057833935999994424,0.28,2.7790804439729326,0.9675565504532805,-3.0201711330798915,1.0866118239088869,,,,,,,,
D8-K2par-sep_e35_r086,adapt,0.055496557000005,0.3333333333333333,3.041377748696697,1.011664009585501,-3.065652491361057,1.092475565399459,,,,,,,,
D8-K2par-sep_e35_r086,adaptX,0.0612564039999981,0.3333333333333333,-3.065652491361057,1.092475565399459,3.041377748696697,1.011664009585501,,,,,,,,
D8-K2par-sep_e35_r086,HA50,0.012596027000000731,,4.009062324926161,-0.009604381674725004,-22.311933844246845,0.5447150413124048,,,,,,,,
D8-K2par-sep_e35_r086,TA(0.05),0.05812919899999969,0.16,-22.311933844246845,0.5447150413124048,0.11871467834796313,0.6976264113348523,,,,,,,,
D8-K2par-sep_e35_r086,TA(0.10),0.05794119899999828,0.16,-22.311933844246845,0.5447150413124048,-0.016713645823492624,0.7670716758316926,,,,,,,,
D8-K2par-sep_e35_r086,TA(0.15),0.05636511499999841,0.16,-22.311933844246845,0.5447150413124048,-0.07953418369705215,0.7946053143444082,,,,,,,,
D8-K2par-sep_e35_r086,TA(0.25),0.05620351900000031,0.19666666666666666,-0.9672362033214091,0.16253767959000548,13.373720024158015,-2.8402215124933425,,,,,,,,
D8-K2par-sep_e35_r086,TA(0.40),0.05842655899999727,0.3333333333333333,3.041377748696697,1.011664009585501,-3.065652491361057,1.092475565399459,,,,,,,,
D1-K2cross_e25_r087,adapt,0.0664017880000003,0.24,0.06399229733276988,-1.6223847357989836,0.3212326164332362,1.5152219863258773,,,,,,,,
D1-K2cross_e25_r087,adaptX,0.07538552300000134,0.24,0.06399229733276988,-1.6223847357989836,0.3212326164332362,1.5152219863258773,,,,,,,,
D1-K2cross_e25_r087,HA50,0.014579165999997201,,2.735991729844252,-0.32421417960346166,-22.916888888628936,-0.19978020376917727,,,,,,,,
D1-K2cross_e25_r087,TA(0.05),0.06886586899999969,0.10333333333333333,0.3484805964479828,-0.09760590354106634,-23.189047923356775,0.08412329753529284,,,,,,,,
D1-K2cross_e25_r087,TA(0.10),0.06991949100000028,0.10333333333333333,0.3484805964479828,-0.09760590354106634,-23.189047923356775,0.08412329753529284,,,,,,,,
D1-K2cross_e25_r087,TA(0.15),0.06789849900000178,0.10666666666666667,-23.63071396792471,-0.0713507131858554,0.3484805964479828,-0.09760590354106634,,,,,,,,
D1-K2cross_e25_r087,TA(0.25),0.06841504300000167,0.24,0.06399229733276988,-1.6223847357989836,0.3212326164332362,1.5152219863258773,,,,,,,,
D1-K2cross_e25_r087,TA(0.40),0.06793300800000424,0.24,0.3212326164332362,1.5152219863258773,0.06399229733276988,-1.6223847357989836,,,,,,,,
D1-K2cross_e30_r087,adapt,0.057357777,0.34,-0.23268350573527305,1.4702581328897477,0.15070103310551547,-1.4689008508833103,,,,,,,,
D1-K2cross_e30_r087,adaptX,0.06664936500000351,0.34,0.13929314601472959,-1.4694378357077518,-0.21805979464164238,1.4696028979309614,,,,,,,,
D1-K2cross_e30_r087,HA50,0.011741639000000248,,4.807408384600989,0.1903264915435802,-23.28977306514157,0.21716202384498567,,,,,,,,
D1-K2cross_e30_r087,TA(0.05),0.0586403239999953,0.15333333333333332,-23.28977306514157,0.21716202384498567,0.14749972770687508,0.049760073772206634,,,,,,,,
D1-K2cross_e30_r087,TA(0.10),0.060167723999995815,0.15333333333333332,-23.28977306514157,0.21716202384498567,0.14749972770687508,0.049760073772206634,,,,,,,,
D1-K2cross_e30_r087,TA(0.15),0.06087081100000091,0.15333333333333332,0.14749972770687508,0.049760073772206634,-23.28977306514157,0.21716202384498567,,,,,,,,
D1-K2cross_e30_r087,TA(0.25),0.05942905900000284,0.18666666666666668,0.14749972770687508,0.049760073772206634,25.03831059286758,-0.15259947408371036,,,,,,,,
D1-K2cross_e30_r087,TA(0.40),0.059702095000005784,0.34,-0.23268350573527305,1.4702581328897477,0.15070103310551547,-1.4689008508833103,,,,,,,,
D1-K2cross_e35_r087,adapt,0.058337627000000225,0.30333333333333334,0.17490503625359086,1.516183957462434,0.041609235199157414,-1.431340185775481,,,,,,,,
D1-K2cross_e35_r087,adaptX,0.06207571999999573,0.30333333333333334,0.041609235199157414,-1.431340185775481,0.17490503625359086,1.516183957462434,,,,,,,,
D1-K2cross_e35_r087,HA50,0.011838677000000075,,3.22755592761565,0.4681774291178758,-22.76591865257618,0.3588466136134194,,,,,,,,
D1-K2cross_e35_r087,TA(0.05),0.0593917780000055,0.13666666666666666,-0.13892353601340932,-0.0638762364880803,-22.40318767092991,0.61969759990941,,,,,,,,
D1-K2cross_e35_r087,TA(0.10),0.058950449000001015,0.13666666666666666,-22.40318767092991,0.61969759990941,-0.13892353601340932,-0.0638762364880803,,,,,,,,
D1-K2cross_e35_r087,TA(0.15),0.059698424000004024,0.13666666666666666,-22.40318767092991,0.61969759990941,-0.13892353601340932,-0.0638762364880803,,,,,,,,
D1-K2cross_e35_r087,TA(0.25),0.06126780199999615,0.13666666666666666,-22.40318767092991,0.61969759990941,-0.13892353601340932,-0.0638762364880803,,,,,,,,
D1-K2cross_e35_r087,TA(0.40),0.060473616000003005,0.30333333333333334,0.17490503625359086,1.516183957462434,0.041609235199157414,-1.431340185775481,,,,,,,,
D2-K3par_e25_r087,adapt,0.3274677739999987,0.26666666666666666,-0.4269347223033344,0.9236353377453682,-3.217729625882446,1.0258239281335964,2.895859308705322,1.0368221344022277,,,,,,
D2-K3par_e25_r087,adaptX,0.37659991999999676,0.26666666666666666,-3.1636522375439506,1.066090678602176,2.895859308705322,1.0368221344022277,-0.40006866508614447,0.9462313760781773,,,,,,
D2-K3par_e25_r087,HA50,0.01814901999999563,,-0.1372639099104585,1.115884287297764,22.463753174865836,1.339702166037121,-22.235028487917862,0.6688626503663586,,,,,,
D2-K3par_e25_r087,TA(0.05),0.3300765190000021,0.0,22.463753174865836,1.339702166037121,-0.1372639099104585,1.115884287297764,-22.235028487917862,0.6688626503663586,,,,,,
D2-K3par_e25_r087,TA(0.10),0.3294343759999947,0.0,-22.235028487917862,0.6688626503663586,22.463753174865836,1.339702166037121,-0.1372639099104585,1.115884287297764,,,,,,
D2-K3par_e25_r087,TA(0.15),0.32860744900000327,0.12666666666666668,-1.9217543004724194,1.269450141591824,2.230840677235844,1.296487142070763,-22.235028487917862,0.6688626503663586,,,,,,
D2-K3par_e25_r087,TA(0.25),0.32960361199999966,0.12666666666666668,2.230840677235844,1.296487142070763,-1.9217543004724194,1.269450141591824,-22.235028487917862,0.6688626503663586,,,,,,
D2-K3par_e25_r087,TA(0.40),0.33151683699999523,0.26666666666666666,-3.249225045726047,1.1222810788820334,-0.6869950527674032,1.1219301059658295,2.532364764520551,1.217896841507372,,,,,,
D2-K3par_e30_r087,adapt,0.4064520370000011,0.15666666666666668,2.1493116567245782,1.0891656483277992,22.284314005798432,1.1674176117790285,-2.5240259945605783,1.1231276482655606,,,,,,
D2-K3par_e30_r087,adaptX,0.4267116640000026,0.15666666666666668,-2.5240259945605783,1.1231276482655606,2.1493116567245782,1.0891656483277992,22.284314005798432,1.1674176117790285,,,,,,
D2-K3par_e30_r087,HA50,0.019044233000002464,,-0.19014932835167184,1.02981744306631,22.284314005798432,1.1674176117790285,-23.39322118704194,1.7660855334216001,,,,,,
D2-K3par_e30_r087,TA(0.05),0.40873587200000117,0.0033333333333333335,-23.39322118704194,1.7660855334216001,-0.13409680690094158,1.0092665082708088,22.284314005798432,1.1674176117790285,,,,,,
D2-K3par_e30_r087,TA(0.10),0.4114500009999986,0.0033333333333333335,22.284314005798432,1.1674176117790285,-23.39322118704194,1.7660855334216001,-0.13409680690094158,1.0092665082708088,,,,,,
D2-K3par_e30_r087,TA(0.15),0.4099112529999971,0.15666666666666668,2.1493116567245782,1.0891656483277992,-2.5240259945605783,1.1231276482655606,22.284314005798432,1.1674176117790285,,,,,,
D2-K3par_e30_r087,TA(0.25),0.4105312610000027,0.16,-24.108427787948937,1.865272547288425,2.1975864703904806,1.1105071804296323,-2.480353107499619,1.142336369618277,,,,,,
D2-K3par_e30_r087,TA(0.40),0.4076968549999975,0.31,-3.09911327159669,0.8850778728897626,3.0003830949261507,0.8916738111759869,0.027156313070816285,0.6689948405174745,,,,,,
D2-K3par_e35_r087,adapt,0.39229363100000114,0.0033333333333333335,-23.26167896377481,0.9951355210228894,0.1556196778195511,0.9083044896399642,23.24698194171611,0.9892950540771853,,,,,,
D2-K3par_e35_r087,adaptX,0.3741520379999983,0.0033333333333333335,0.1556196778195511,0.9083044896399642,23.24698194171611,0.9892950540771853,-23.26167896377481,0.9951355210228894,,,,,,
D2-K3par_e35_r087,HA50,0.01683900000000449,,23.24698194171611,0.9892950540771853,-22.973448312511216,1.186090926856795,0.1556196778195511,0.9083044896399642,,,,,,
D2-K3par_e35_r087,TA(0.05),0.395958727,0.0033333333333333335,0.1556196778195511,0.9083044896399642,-23.26167896377481,0.9951355210228894,23.24698194171611,0.9892950540771853,,,,,,
D2-K3par_e35_r087,TA(0.10),0.39846546599999755,0.0,23.24698194171611,0.9892950540771853,0.1556196778195511,0.9083044896399642,-22.973448312511216,1.186090926856795,,,,,,
D2-K3par_e35_r087,TA(0.15),0.3967117820000041,0.0033333333333333335,0.1556196778195511,0.9083044896399642,-23.26167896377481,0.9951355210228894,23.24698194171611,0.9892950540771853,,,,,,
D2-K3par_e35_r087,TA(0.25),0.39452208000000155,0.17,2.464285380174546,1.0675865653949117,-2.2357133834504777,1.1086047359071587,23.24698194171611,0.9892950540771853,,,,,,
D2-K3par_e35_r087,TA(0.40),0.39544057999999893,0.38333333333333336,-2.9992447311188353,1.038982040952493,-0.07185254905104949,0.9288634537035505,3.1121663290858863,1.0599019896288755,,,,,,
D3-unequal_e25_r087,adapt,0.06246785499999419,0.24,0.04212288658953358,1.5349613763073093,-0.07031261894786399,-1.4436901129649014,,,,,,,,
D3-unequal_e25_r087,adaptX,0.06443620399999617,0.24,0.04212288658953358,1.5349613763073093,-0.07031261894786399,-1.4436901129649014,,,,,,,,
D3-unequal_e25_r087,HA50,0.011177514000003441,,-2.766263372204025,-0.35035437280859993,22.265089214213905,-0.9169222052309222,,,,,,,,
D3-unequal_e25_r087,TA(0.05),0.06499269399999719,0.11333333333333333,-0.06357710219607549,-0.3704755064181252,22.265089214213905,-0.9169222052309222,,,,,,,,
D3-unequal_e25_r087,TA(0.10),0.0631466809999992,0.11333333333333333,-0.06357710219607549,-0.3704755064181252,22.265089214213905,-0.9169222052309222,,,,,,,,
D3-unequal_e25_r087,TA(0.15),0.06411480100000233,0.11333333333333333,22.265089214213905,-0.9169222052309222,-0.06357710219607549,-0.3704755064181252,,,,,,,,
D3-unequal_e25_r087,TA(0.25),0.06382786199999657,0.24,0.04212288658953358,1.5349613763073093,-0.07031261894786399,-1.4436901129649014,,,,,,,,
D3-unequal_e25_r087,TA(0.40),0.06323228299999784,0.24,0.049720261204138375,1.5360536007501118,-0.06574978369804471,-1.4431231385605183,,,,,,,,
D3-unequal_e30_r087,adapt,0.07072253800000539,0.28,0.2242236466969823,1.5405775452302948,0.01109055723880001,-1.5329072804559145,,,,,,,,
D3-unequal_e30_r087,adaptX,0.0836854229999986,0.28,0.01109055723880001,-1.5329072804559145,0.2242236466969823,1.5405775452302948,,,,,,,,
D3-unequal_e30_r087,HA50,0.014718563999998935,,22.650360444232604,-1.194061393922233,-3.54421864049727,-0.9581794296933794,,,,,,,,
D3-unequal_e30_r087,TA(0.05),0.07257260299999757,0.14,-0.26382967370537413,-0.7723459253559319,22.650360444232604,-1.194061393922233,,,,,,,,
D3-unequal_e30_r087,TA(0.10),0.07215395799999413,0.16,22.650360444232604,-1.194061393922233,-0.28576911174509007,-0.9060628834728528,,,,,,,,
D3-unequal_e30_r087,TA(0.15),0.07296912000000333,0.15333333333333332,-0.25598173230172255,-0.8860262946982521,22.650360444232604,-1.194061393922233,,,,,,,,
D3-unequal_e30_r087,TA(0.25),0.07298939300000029,0.21333333333333335,-0.258350914066144,-1.2803929868412895,22.650360444232604,-1.194061393922233,,,,,,,,
D3-unequal_e30_r087,TA(0.40),0.07354588199999768,0.28,0.2242236466969823,1.5405775452302948,0.01109055723880001,-1.5329072804559145,,,,,,,,
D3-unequal_e35_r087,adapt,0.06689749399999556,0.33,-0.14108307509090504,-1.4318029105221466,0.3007837033866839,1.5414704403659165,,,,,,,,
D3-unequal_e35_r087,adaptX,0.07407996699999586,0.33,0.2546083690577411,1.5437279814105114,-0.1406498686328291,-1.4332972749872923,,,,,,,,
D3-unequal_e35_r087,HA50,0.011680164000004822,,-4.171967155743408,-0.12412214059297133,22.05963851464311,-0.6448162872209129,,,,,,,,
D3-unequal_e35_r087,TA(0.05),0.06835951600000101,0.15666666666666668,-0.030124956949178154,-0.6647200062841082,22.05963851464311,-0.6448162872209129,,,,,,,,
D3-unequal_e35_r087,TA(0.10),0.07011780399999878,0.16,-0.06328619291404688,-0.6968514865318916,22.05963851464311,-0.6448162872209129,,,,,,,,
D3-unequal_e35_r087,TA(0.15),0.06839497600000044,0.15666666666666668,22.05963851464311,-0.6448162872209129,-0.030124956949178154,-0.6647200062841082,,,,,,,,
D3-unequal_e35_r087,TA(0.25),0.07020773500000388,0.22666666666666666,-0.11053974065730923,-1.1744069166985596,22.05963851464311,-0.6448162872209129,,,,,,,,
D3-unequal_e35_r087,TA(0.40),0.06932265799999726,0.33,0.2546083690577411,1.5437279814105114,-0.1406498686328291,-1.4332972749872923,,,,,,,,
D4-hetero_e25_r087,adapt,0.05569698699999748,0.26,0.024231752065129005,1.6421655118365985,-0.07346823825714434,-1.484189129329356,,,,,,,,
D4-hetero_e25_r087,adaptX,0.06700810099999899,0.26,0.006210327140938067,1.6420181665922835,-0.07346823825714434,-1.484189129329356,,,,,,,,
D4-hetero_e25_r087,HA50,0.010692020000000468,,2.6207347425800718,-0.23286289704754579,-22.17668107721148,0.5170756896611018,,,,,,,,
D4-hetero_e25_r087,TA(0.05),0.05811955699999771,0.10666666666666667,-0.16184777286898647,0.20365686527132812,-22.17668107721148,0.5170756896611018,,,,,,,,
D4-hetero_e25_r087,TA(0.10),0.05698833900000011,0.10666666666666667,-0.16184777286898647,0.20365686527132812,-22.17668107721148,0.5170756896611018,,,,,,,,
D4-hetero_e25_r087,TA(0.15),0.057331501999996703,0.10666666666666667,-22.17668107721148,0.5170756896611018,-0.16184777286898647,0.20365686527132812,,,,,,,,
D4-hetero_e25_r087,TA(0.25),0.05749206000000129,0.26,-0.07346823825714434,-1.484189129329356,0.006210327140938067,1.6420181665922835,,,,,,,,
D4-hetero_e25_r087,TA(0.40),0.058825063000000455,0.25666666666666665,-0.0399097970237797,-1.4873802327736068,-0.012266520312124597,1.6417176580843869,,,,,,,,
D4-hetero_e30_r087,adapt,0.06516440000000046,0.31,-0.31867153379611846,1.526643821341498,-0.06827654787082611,-1.5010830023222446,,,,,,,,
D4-hetero_e30_r087,adaptX,0.10852336700000365,0.31,-0.31867153379611846,1.526643821341498,-0.06827654787082611,-1.5010830023222446,,,,,,,,
D4-hetero_e30_r087,HA50,0.02419874600000327,,4.207108396804103,0.08494412940976458,-21.768184106227675,0.08528948869028452,,,,,,,,
D4-hetero_e30_r087,TA(0.05),0.07351616999999777,0.14333333333333334,0.2787143455163791,0.12248476868948774,-21.768184106227675,0.08528948869028452,,,,,,,,
D4-hetero_e30_r087,TA(0.10),0.07600437900000401,0.14333333333333334,-21.768184106227675,0.08528948869028452,0.2787143455163791,0.12248476868948774,,,,,,,,
D4-hetero_e30_r087,TA(0.15),0.06861306399999734,0.14333333333333334,-21.768184106227675,0.08528948869028452,0.2787143455163791,0.12248476868948774,,,,,,,,
D4-hetero_e30_r087,TA(0.25),0.0662321160000019,0.21333333333333335,-0.3841526872277802,-0.39929868003075664,-11.331576424590544,6.441373454932198,,,,,,,,
D4-hetero_e30_r087,TA(0.40),0.06607983899999681,0.31,-0.06827654787082611,-1.5010830023222446,-0.31867153379611846,1.526643821341498,,,,,,,,
D4-hetero_e35_r087,adapt,0.06102917999999846,0.35,-0.0780845398831892,1.5985362965492624,-0.07627260076718773,-1.4731580534769728,,,,,,,,
D4-hetero_e35_r087,adaptX,0.06365020800000565,0.35,-0.0780845398831892,1.5985362965492624,-0.07627260076718773,-1.4731580534769728,,,,,,,,
D4-hetero_e35_r087,HA50,0.01019569099999984,,-4.857349776208638,-0.11130326912642437,23.161759683156635,-0.4075300368002454,,,,,,,,
D4-hetero_e35_r087,TA(0.05),0.06292269800000128,0.17666666666666667,-0.21629362446196607,-0.2156507081520334,23.392858701013566,-0.45031293616802637,,,,,,,,
D4-hetero_e35_r087,TA(0.10),0.0625063409999953,0.17666666666666667,23.392858701013566,-0.45031293616802637,-0.1687390949109971,-0.1795954356719046,,,,,,,,
D4-hetero_e35_r087,TA(0.15),0.06170871200000505,0.17666666666666667,23.392858701013566,-0.45031293616802637,-0.1687390949109971,-0.1795954356719046,,,,,,,,
D4-hetero_e35_r087,TA(0.25),0.0629604619999995,0.18,-22.676166047889634,0.14444803328989939,-0.21629362446196607,-0.2156507081520334,,,,,,,,
D4-hetero_e35_r087,TA(0.40),0.0630562569999995,0.35,-0.07001607584888307,-1.4745093125050974,-0.0678194855652217,1.5970064930034549,,,,,,,,
D5-leverage_e25_r087,adapt,0.049997878000006324,0.0,-2.269136076092372,0.09402218133986706,2.4910120961449715,-0.10778012305877606,,,,,,,,
D5-leverage_e25_r087,adaptX,0.058185694999998816,0.06,2.5544773898852333,-0.11546712825327195,-2.2046014187206424,0.12132232108641008,,,,,,,,
D5-leverage_e25_r087,HA50,0.010123374000002627,,2.4910120961449715,-0.10778012305877606,-2.269136076092372,0.09402218133986706,,,,,,,,
D5-leverage_e25_r087,TA(0.05),0.05211097099999762,0.0,2.5109556287567436,-0.10985143003940337,-2.249915076178502,0.09196288110516827,,,,,,,,
D5-leverage_e25_r087,TA(0.10),0.051184998000003645,0.0,2.5109556287567436,-0.10985143003940337,-2.249915076178502,0.09196288110516827,,,,,,,,
D5-leverage_e25_r087,TA(0.15),0.052205770999997014,0.0,2.490771643685888,-0.11301410712266867,-2.268879162963706,0.0884716632694202,,,,,,,,
D5-leverage_e25_r087,TA(0.25),0.05172075200000137,0.02,-2.102768850452456,0.4384695053550807,2.200156868804642,-0.44825126700172874,,,,,,,,
D5-leverage_e25_r087,TA(0.40),0.05166732499999682,0.023333333333333334,-2.0803998136002364,0.4352859548392671,2.2237505992622966,-0.45168821054434666,,,,,,,,
D5-leverage_e30_r087,adapt,0.053835805999995046,0.0033333333333333335,2.5213993020567154,-0.11762564372072527,-2.250217835630556,0.13062105649839575,,,,,,,,
D5-leverage_e30_r087,adaptX,0.05968447200000071,0.05333333333333334,-2.3557710287091496,0.1375429660054408,2.3855609757260723,-0.09954267652199686,,,,,,,,
D5-leverage_e30_r087,HA50,0.010170572999996352,,-2.250217835630556,0.13062105649839575,2.5496953889942975,-0.11799819948577654,,,,,,,,
D5-leverage_e30_r087,TA(0.05),0.0566824829999959,0.0033333333333333335,-2.3543589294147114,0.14389283565786984,2.3855609757260723,-0.09954267652199686,,,,,,,,
D5-leverage_e30_r087,TA(0.10),0.057776105000002076,0.006666666666666667,-2.4704490983644756,0.1563944553881366,2.192557936674919,-0.07337303799164467,,,,,,,,
D5-leverage_e30_r087,TA(0.15),0.05468118499999974,0.006666666666666667,-2.6002417490686995,0.18709037739546203,1.9539066573185582,-0.030464269172360652,,,,,,,,
D5-leverage_e30_r087,TA(0.25),0.055095809999997414,0.013333333333333334,-2.80181131129061,0.22132519213646967,1.506438478907109,0.04069968906630232,,,,,,,,
D5-leverage_e30_r087,TA(0.40),0.057476284000003375,0.013333333333333334,1.6118577107431953,0.02809199432136736,-2.763133181270405,0.2165515701655649,,,,,,,,
D5-leverage_e35_r087,adapt,0.05301541499999729,0.0033333333333333335,2.197276624707591,-0.09097758547878558,-2.646101483217861,0.12961315598889234,,,,,,,,
D5-leverage_e35_r087,adaptX,0.061834264000005135,0.0033333333333333335,-2.646101483217861,0.12961315598889234,2.197276624707591,-0.09097758547878558,,,,,,,,
D5-leverage_e35_r087,HA50,0.010114004999998372,,-2.646101483217861,0.12961315598889234,2.2206008809674076,-0.09090437213550938,,,,,,,,
D5-leverage_e35_r087,TA(0.05),0.055150790999995536,0.0033333333333333335,2.197276624707591,-0.09097758547878558,-2.646101483217861,0.12961315598889234,,,,,,,,
D5-leverage_e35_r087,TA(0.10),0.05433340300000111,0.0033333333333333335,2.1200530266186495,-0.08108348164244063,-2.715878987936117,0.13792737868436478,,,,,,,,
D5-leverage_e35_r087,TA(0.15),0.05370432999999508,0.0033333333333333335,2.4294084850617264,-0.11870305047078493,-2.414402918735546,0.10472154102040315,,,,,,,,
D5-leverage_e35_r087,TA(0.25),0.05366251000000233,0.0033333333333333335,-2.3168559958202035,0.09260698791173584,2.5325338102339976,-0.13210778251305202,,,,,,,,
D5-leverage_e35_r087,TA(0.40),0.0545884339999958,0.0033333333333333335,-2.371102773196064,0.09651018575354844,2.4753672500537154,-0.12759265164389935,,,,,,,,
D6-uniform_e25_r087,adapt,0.05620387300000118,0.21,-0.13564008812208195,1.699388589210633,-0.1283767857543591,-1.7031073754617865,,,,,,,,
D6-uniform_e25_r087,adaptX,0.05904126000000076,0.21,-0.21421226259439388,-1.6316212906887766,-0.11625483213486154,1.7008395121380784,,,,,,,,
D6-uniform_e25_r087,HA50,0.012213273999996943,,3.2528833312774355,0.13013218998245832,-3.1062567699535535,0.13243724746744095,,,,,,,,
D6-uniform_e25_r087,TA(0.05),0.05925576000000632,0.0,3.792906200610875,0.01174986139331772,-2.7093753778374343,0.04736325168186754,,,,,,,,
D6-uniform_e25_r087,TA(0.10),0.05861662400000256,0.0,-2.502226252757227,0.026064429862472857,3.9357272575070756,-0.004489219203881654,,,,,,,,
D6-uniform_e25_r087,TA(0.15),0.058385315000002436,0.20666666666666667,-0.0895143959563104,1.7189219050012412,-0.21513573937047878,-1.6546756758228829,,,,,,,,
D6-uniform_e25_r087,TA(0.25),0.0598082919999996,0.21666666666666667,0.018066665814149948,1.6748109223266165,-0.2480053500064962,-1.6516284576478002,,,,,,,,
D6-uniform_e25_r087,TA(0.40),0.05693526000000304,0.22,-0.2480053500064962,-1.6516284576478002,0.07046570697253098,1.6541718022996763,,,,,,,,
D6-uniform_e30_r087,adapt,0.05368799500000421,0.20666666666666667,-0.07141441264535558,-1.7055408340302323,-0.05899527706131578,1.7486229685524748,,,,,,,,
D6-uniform_e30_r087,adaptX,0.061795251999996026,0.2,-0.045334043916422526,-1.6907690616046598,-0.05899527706131578,1.7486229685524748,,,,,,,,
D6-uniform_e30_r087,HA50,0.010838747000001092,,2.2444258176486382,-0.0838764067828775,-4.94282210889352,0.17892404712269747,,,,,,,,
D6-uniform_e30_r087,TA(0.05),0.05431540900000442,0.006666666666666667,2.1196400008081637,-0.1564948093353686,-4.996762122424071,0.1600479059837771,,,,,,,,
D6-uniform_e30_r087,TA(0.10),0.056485272999999836,0.13666666666666666,-0.06790105861375852,-1.6762388310825789,-0.11061856173220282,2.2690915075056686,,,,,,,,
D6-uniform_e30_r087,TA(0.15),0.05676230099999913,0.14,-0.08948453282672615,-1.6973307350060993,-0.21207432913228058,2.192202499944733,,,,,,,,
D6-uniform_e30_r087,TA(0.25),0.05437372400000129,0.2,-0.00641648588685218,-1.7000693406183942,0.0143124558541349,1.7260591561516208,,,,,,,,
D6-uniform_e30_r087,TA(0.40),0.0552614419999955,0.20666666666666667,-0.00641648588685218,-1.7000693406183942,0.04521968295924742,1.6881496673247989,,,,,,,,
D6-uniform_e35_r087,adapt,0.05443816000000368,0.0,-3.6418082511561916,0.19548344223830935,4.184761843522229,0.19714803582047893,,,,,,,,
D6-uniform_e35_r087,adaptX,0.06414481699999897,0.06666666666666667,-0.3866280857085587,-1.9735335019436804,-0.6436159061821605,1.9418203241862106,,,,,,,,
D6-uniform_e35_r087,HA50,0.012027748000001282,,3.2627243151059244,0.04533374117426281,-4.51866051308532,0.046772819647404165,,,,,,,,
D6-uniform_e35_r087,TA(0.05),0.056542751999998586,0.0,4.0393261522600525,0.12856867904272926,-3.7506556555696022,0.12524568272642864,,,,,,,,
D6-uniform_e35_r087,TA(0.10),0.05593783699999477,0.07,-0.4740438067967642,-1.8958545915161749,-0.7510608609685353,1.9951300341173777,,,,,,,,
D6-uniform_e35_r087,TA(0.15),0.05574458600000298,0.0,4.272305245854193,0.1962394858442067,-3.567996449975209,0.18656847105704705,,,,,,,,
D6-uniform_e35_r087,TA(0.25),0.05686762599999895,0.14333333333333334,-0.30210818855091554,2.101717035554216,0.45397434573839807,-1.6004523221380351,,,,,,,,
D6-uniform_e35_r087,TA(0.40),0.05755894699999686,0.20333333333333334,0.4015565500046162,-1.6265550665250412,-0.0304959618961702,1.805178053564734,,,,,,,,
D7-p3_e25_r087,adapt,0.2774206970000037,0.22666666666666666,-0.10363225855749285,1.5192396667625023,0.907102740075265,1.052242456238247,-0.02373168907102908,-1.5206893154898633,1.0666809868661806,0.9962773771025764,,,,
D7-p3_e25_r087,adaptX,2.0914635660000016,0.22666666666666666,-0.10363225855749285,1.5192396667625023,0.907102740075265,1.052242456238247,-0.02373168907102908,-1.5206893154898633,1.0666809868661806,0.9962773771025764,,,,
D7-p3_e25_r087,HA50,0.01515432400000094,,2.526290612209434,-0.08605900511470516,1.0951428185854528,0.7925643257917593,-23.225780880009065,-0.048277344925155605,1.043359752840061,1.4193960887802402,,,,
D7-p3_e25_r087,TA(0.05),0.27827219100000633,0.10666666666666667,-0.07792971420397178,0.013970416176850345,1.047284941403983,0.8880071030181037,-23.225780880009065,-0.048277344925155605,1.043359752840061,1.4193960887802402,,,,
D7-p3_e25_r087,TA(0.10),0.2803704220000043,0.10666666666666667,-23.225780880009065,-0.048277344925155605,1.043359752840061,1.4193960887802402,-0.07792971420397178,0.013970416176850345,1.047284941403983,0.8880071030181037,,,,
D7-p3_e25_r087,TA(0.15),0.27940352599999585,0.10666666666666667,-0.07792971420397178,0.013970416176850345,1.047284941403983,0.8880071030181037,-23.225780880009065,-0.048277344925155605,1.043359752840061,1.4193960887802402,,,,
D7-p3_e25_r087,TA(0.25),0.27895355399999744,0.22666666666666666,-0.02373168907102908,-1.5206893154898633,1.0666809868661806,0.9962773771025764,-0.10363225855749285,1.5192396667625023,0.907102740075265,1.052242456238247,,,,
D7-p3_e25_r087,TA(0.40),0.2804876139999948,0.22666666666666666,-0.0036848735268616806,-1.5227515771148292,1.051586508395735,1.0086405293790348,-0.12386765529505361,1.5174438274694722,0.9261773743652489,1.037918445684104,,,,
D7-p3_e30_r087,adapt,0.28036121000000236,0.30333333333333334,-0.1337691833753744,1.5082324605136843,1.009703063267501,1.1497347019992887,0.036810124511929554,-1.5363077886996683,0.9071079553097546,1.085087943980155,,,,
D7-p3_e30_r087,adaptX,2.3221015060000028,0.30666666666666664,-0.13350344892811294,1.500963593735124,1.02772333237315,1.1640306384199293,0.06272997214200447,-1.5218778356941172,0.9110619599137545,1.0813358977424106,,,,
D7-p3_e30_r087,HA50,0.019044256999997344,,12.035759568395733,0.5525807150159543,0.8663493562689878,5.992924072766009,-11.227905142955386,1.0539037870730885,0.9662466077963335,5.574560757181095,,,,
D7-p3_e30_r087,TA(0.05),0.2830185469999975,0.07,10.633751600090969,0.34773008228214036,0.813769994270385,6.465558629152172,-10.217081737878734,1.092930328458953,1.5952395826027266,5.923050635619293,,,,
D7-p3_e30_r087,TA(0.10),0.2826516389999938,0.14,0.11772560014279579,0.2322375694979219,0.9865081247298145,1.0097593436867947,-22.205894202614054,0.41041588175985755,1.3538234962464148,0.9794428456848222,,,,
D7-p3_e30_r087,TA(0.15),0.28250740299999677,0.15,0.11772560014279579,0.2322375694979219,0.9865081247298145,1.0097593436867947,-23.593923756755945,-0.4856864816610814,2.0512868930317523,1.0973921472205184,,,,
D7-p3_e30_r087,TA(0.25),0.2837613889999986,0.21,10.68911391559364,-0.7581978181906269,0.2827622483684528,8.472991674308863,0.03500915453157765,0.4331620974261435,0.9303701618294669,0.967576942359879,,,,
D7-p3_e30_r087,TA(0.40),0.28274680500000215,0.30333333333333334,-0.1337691833753744,1.5082324605136843,1.009703063267501,1.1497347019992887,0.036810124511929554,-1.5363077886996683,0.9071079553097546,1.085087943980155,,,,
D7-p3_e35_r087,adapt,0.31654468400000013,0.18,23.764015430318846,0.27938880183597853,0.6637060466221001,1.9717939364746564,0.0432079937765453,-0.20054587080813233,0.8778472988203676,1.1562713711735761,,,,
D7-p3_e35_r087,adaptX,2.1146276049999955,0.20333333333333334,0.0432079937765453,-0.20054587080813233,0.8778472988203676,1.1562713711735761,23.852905175522803,0.009573473137080625,0.9105500880916613,2.2028366955078993,,,,
D7-p3_e35_r087,HA50,0.01480960299999623,,23.764015430318846,0.27938880183597853,0.6637060466221001,1.9717939364746564,-4.701120216902026,-0.07472924684818001,1.3917972461018615,1.0513778582281188,,,,
D7-p3_e35_r087,TA(0.05),0.3179544279999931,0.18,23.764015430318846,0.27938880183597853,0.6637060466221001,1.9717939364746564,-0.5077680326904105,-0.20301064761986032,1.0638227366530482,1.0578611333506378,,,,
D7-p3_e35_r087,TA(0.10),0.3197023560000005,0.18,23.764015430318846,0.27938880183597853,0.6637060466221001,1.9717939364746564,-0.22960101597213914,-0.2479333435133463,0.9761060073035956,1.1181169021323158,,,,
D7-p3_e35_r087,TA(0.15),0.3193498030000015,0.18,0.0432079937765453,-0.20054587080813233,0.8778472988203676,1.1562713711735761,23.764015430318846,0.27938880183597853,0.6637060466221001,1.9717939364746564,,,,
D7-p3_e35_r087,TA(0.25),0.31726194400000196,0.18,0.0432079937765453,-0.20054587080813233,0.8778472988203676,1.1562713711735761,23.764015430318846,0.27938880183597853,0.6637060466221001,1.9717939364746564,,,,
D7-p3_e35_r087,TA(0.40),0.320985026999999,0.37333333333333335,-0.07091462749010798,-1.5375009499574,1.0357852242965824,1.1052683495750053,0.14245656819067434,1.5817180033904337,1.0113085372640245,1.1412422614679971,,,,
D8-K2par-sep_e25_r087,adapt,0.05536126499999483,0.23666666666666666,2.773700936615402,0.9608838991205786,-2.9078077905828366,1.0503844567107286,,,,,,,,
D8-K2par-sep_e25_r087,adaptX,0.06408042900000055,0.23666666666666666,2.773700936615402,0.9608838991205786,-2.9078077905828366,1.0503844567107286,,,,,,,,
D8-K2par-sep_e25_r087,HA50,0.014356947000003117,,2.980094888490749,0.9556383018172652,-21.75693718878317,1.155021100041093,,,,,,,,
D8-K2par-sep_e25_r087,TA(0.05),0.057690862000001175,0.11666666666666667,21.917441886858423,1.48773403022857,0.05244580716981645,1.2208882698609858,,,,,,,,
D8-K2par-sep_e25_r087,TA(0.10),0.05608408500000195,0.11666666666666667,0.05244580716981645,1.2208882698609858,21.917441886858423,1.48773403022857,,,,,,,,
D8-K2par-sep_e25_r087,TA(0.15),0.057159577000000183,0.11666666666666667,21.917441886858423,1.48773403022857,0.05244580716981645,1.2208882698609858,,,,,,,,
D8-K2par-sep_e25_r087,TA(0.25),0.05764407699999907,0.23666666666666666,2.773700936615402,0.9608838991205786,-2.9078077905828366,1.0503844567107286,,,,,,,,
D8-K2par-sep_e25_r087,TA(0.40),0.05741569399999946,0.23666666666666666,-2.9078077905828366,1.0503844567107286,2.773700936615402,0.9608838991205786,,,,,,,,
D8-K2par-sep_e30_r087,adapt,0.11071863000000093,0.30333333333333334,2.840427391521887,0.9907730797610853,-2.9512415631694733,1.1241860924364129,,,,,,,,
D8-K2par-sep_e30_r087,adaptX,0.06829532300000096,0.30333333333333334,-2.9512415631694733,1.1241860924364129,2.840427391521887,0.9907730797610853,,,,,,,,
D8-K2par-sep_e30_r087,HA50,0.014363779999996495,,-22.017376553705564,1.5731134642323545,3.8469237484992194,1.0316604529452817,,,,,,,,
D8-K2par-sep_e30_r087,TA(0.05),0.1136608879999983,0.13666666666666666,-22.017376553705564,1.5731134642323545,0.38281230964294866,1.3673008675450364,,,,,,,,
D8-K2par-sep_e30_r087,TA(0.10),0.11375879899999575,0.13666666666666666,0.2629016646533418,1.264200951613129,-22.017376553705564,1.5731134642323545,,,,,,,,
D8-K2par-sep_e30_r087,TA(0.15),0.11237393300000065,0.14,0.20656704274295637,1.2441849648964625,-22.017376553705564,1.5731134642323545,,,,,,,,
D8-K2par-sep_e30_r087,TA(0.25),0.11290301700000072,0.2,-12.022072061394299,-4.216209171177571,-0.11858778887479207,1.5073035749196784,,,,,,,,
D8-K2par-sep_e30_r087,TA(0.40),0.11221098400000074,0.30333333333333334,-2.9512415631694733,1.1241860924364129,2.840427391521887,0.9907730797610853,,,,,,,,
D8-K2par-sep_e35_r087,adapt,0.05703883900000051,0.38333333333333336,-2.9336276322766985,1.0161395218064588,2.807689868017114,0.9193185294064831,,,,,,,,
D8-K2par-sep_e35_r087,adaptX,0.06187763700000204,0.38333333333333336,-2.9336276322766985,1.0161395218064588,2.807689868017114,0.9193185294064831,,,,,,,,
D8-K2par-sep_e35_r087,HA50,0.010882353999996042,,-5.270842361308175,1.2624587459418413,22.383994935553655,0.9877268148874658,,,,,,,,
D8-K2par-sep_e35_r087,TA(0.05),0.05920033400000335,0.17,22.383994935553655,0.9877268148874658,-0.9215272613278439,1.0772951219468374,,,,,,,,
D8-K2par-sep_e35_r087,TA(0.10),0.05870009000000209,0.17333333333333334,-0.2676819655248661,0.9617905594234152,22.383994935553655,0.9877268148874658,,,,,,,,
D8-K2par-sep_e35_r087,TA(0.15),0.06041311300000274,0.17333333333333334,-0.20275198465663583,0.9676569497258234,22.383994935553655,0.9877268148874658,,,,,,,,
D8-K2par-sep_e35_r087,TA(0.25),0.058531006999999136,0.17333333333333334,22.383994935553655,0.9877268148874658,-0.20275198465663583,0.9676569497258234,,,,,,,,
D8-K2par-sep_e35_r087,TA(0.40),0.06004245700000155,0.38333333333333336,-2.9336276322766985,1.0161395218064588,2.807689868017114,0.9193185294064831,,,,,,,,
D1-K2cross_e25_r088,adapt,0.07240727499999622,0.26666666666666666,-0.04875897286135388,-1.6156659684338237,0.06777785036145495,1.5036540228050557,,,,,,,,
D1-K2cross_e25_r088,adaptX,0.08154904999999957,0.26666666666666666,0.06777785036145495,1.5036540228050557,-0.04875897286135388,-1.6156659684338237,,,,,,,,
D1-K2cross_e25_r088,HA50,0.013473027999999942,,-23.53423790176199,-0.2577063681957791,2.8191899596376246,-0.0693432208175428,,,,,,,,
D1-K2cross_e25_r088,TA(0.05),0.0768198010000063,0.11333333333333333,0.25126434482754595,-0.11271820013066962,-23.53423790176199,-0.2577063681957791,,,,,,,,
D1-K2cross_e25_r088,TA(0.10),0.07361592099999825,0.11333333333333333,-23.53423790176199,-0.2577063681957791,0.25126434482754595,-0.11271820013066962,,,,,,,,
D1-K2cross_e25_r088,TA(0.15),0.07457161600000006,0.11333333333333333,0.25126434482754595,-0.11271820013066962,-23.53423790176199,-0.2577063681957791,,,,,,,,
D1-K2cross_e25_r088,TA(0.25),0.07331119200000558,0.26666666666666666,0.06777785036145495,1.5036540228050557,-0.04875897286135388,-1.6156659684338237,,,,,,,,
D1-K2cross_e25_r088,TA(0.40),0.07328205299999979,0.26666666666666666,0.06537605259187157,1.5036748258523223,-0.0466333190916193,-1.6154774866217005,,,,,,,,
D1-K2cross_e30_r088,adapt,0.05699309700000299,0.32666666666666666,0.12801990835423632,-1.471654278938289,0.1310671233423597,1.4703270316584245,,,,,,,,
D1-K2cross_e30_r088,adaptX,0.06637127700000178,0.32666666666666666,0.10853675700121608,-1.4614960751902306,0.10855035615408953,1.4804466259139455,,,,,,,,
D1-K2cross_e30_r088,HA50,0.011280476000003148,,-4.370092194400102,-0.1989463949552023,23.49100729486511,0.3131484086194013,,,,,,,,
D1-K2cross_e30_r088,TA(0.05),0.05788711999999663,0.17333333333333334,23.49100729486511,0.3131484086194013,-0.012501306296127177,-0.004010617003738258,,,,,,,,
D1-K2cross_e30_r088,TA(0.10),0.05942774900000103,0.15666666666666668,-22.196713038167836,0.10922135956379517,0.16184841901333105,0.024467143667772712,,,,,,,,
D1-K2cross_e30_r088,TA(0.15),0.0605390070000027,0.15666666666666668,-22.196713038167836,0.10922135956379517,0.16184841901333105,0.024467143667772712,,,,,,,,
D1-K2cross_e30_r088,TA(0.25),0.05876638499999842,0.19,-0.25735548895813715,0.38568324012652383,18.811553129944368,4.562779645179862,,,,,,,,
D1-K2cross_e30_r088,TA(0.40),0.059023555999999644,0.32666666666666666,0.10855035615408953,1.4804466259139455,0.10853675700121608,-1.4614960751902306,,,,,,,,
D1-K2cross_e35_r088,adapt,0.0543321540000008,0.2966666666666667,-0.07722935237044103,1.644417265121156,-0.04931528357075587,-1.4586852128681724,,,,,,,,
D1-K2cross_e35_r088,adaptX,0.06401055200000627,0.2966666666666667,-0.029254798292153137,-1.4589860017023635,-0.1009114050167799,1.6428161899997427,,,,,,,,
D1-K2cross_e35_r088,HA50,0.010375398999997287,,-3.426525605081578,0.047043620758544236,22.437475809016387,-0.2855512427458623,,,,,,,,
D1-K2cross_e35_r088,TA(0.05),0.05741569700000326,0.11666666666666667,22.437475809016387,-0.2855512427458623,-0.23030168735043818,-0.09591863917493973,,,,,,,,
D1-K2cross_e35_r088,TA(0.10),0.05741771299999954,0.11666666666666667,-0.23030168735043818,-0.09591863917493973,22.437475809016387,-0.2855512427458623,,,,,,,,
D1-K2cross_e35_r088,TA(0.15),0.05770990999999981,0.11666666666666667,22.437475809016387,-0.2855512427458623,-0.23030168735043818,-0.09591863917493973,,,,,,,,
D1-K2cross_e35_r088,TA(0.25),0.0564819760000006,0.11666666666666667,22.437475809016387,-0.2855512427458623,-0.23030168735043818,-0.09591863917493973,,,,,,,,
D1-K2cross_e35_r088,TA(0.40),0.056799340999994286,0.2966666666666667,-0.02238099448292662,-1.4603021678055608,-0.09296682418940143,1.6417564233426543,,,,,,,,
D2-K3par_e25_r088,adapt,0.3595644800000031,0.25666666666666665,3.172607147187707,0.9228150712914452,-2.9163866554754523,0.9144470960006046,0.24346057350668215,0.7837773681947947,,,,,,
D2-K3par_e25_r088,adaptX,0.32036750299999994,0.25666666666666665,-3.077432516146937,0.9978035945797267,3.1304327444009696,0.931672421256545,0.0008904430346144872,0.9165622227550219,,,,,,
D2-K3par_e25_r088,HA50,0.015928073000004872,,-0.10784379066094531,0.7311278081135889,-22.430407394377124,0.828570551619695,22.418795348380456,1.6694311993132855,,,,,,
D2-K3par_e25_r088,TA(0.05),0.3644645649999987,0.0,22.418795348380456,1.6694311993132855,-0.10784379066094531,0.7311278081135889,-22.430407394377124,0.828570551619695,,,,,,
D2-K3par_e25_r088,TA(0.10),0.36236319500000036,0.0,-22.430407394377124,0.828570551619695,-0.10784379066094531,0.7311278081135889,22.418795348380456,1.6694311993132855,,,,,,
D2-K3par_e25_r088,TA(0.15),0.36361459199999757,0.13333333333333333,-22.430407394377124,0.828570551619695,2.025097483702007,0.5940135976325037,-2.4447714387937727,0.8149838185131129,,,,,,
D2-K3par_e25_r088,TA(0.25),0.3617464360000042,0.14,-2.6179041039961444,0.7399210447159396,22.617804473739643,1.4851932162110975,1.6263855868977564,0.376784811327517,,,,,,
D2-K3par_e25_r088,TA(0.40),0.3625693270000028,0.25666666666666665,-2.884803925172774,0.8533820623683596,0.583044870143115,0.538784112956659,3.436104027053702,0.7795287692994707,,,,,,
D2-K3par_e30_r088,adapt,0.525115409999998,0.15333333333333332,23.245613327800328,1.2640228235571964,-2.640636660183361,0.9101068959318769,2.2155554169563905,0.9426274569389244,,,,,,
D2-K3par_e30_r088,adaptX,0.44196539,0.3233333333333333,-3.2629061584161807,0.9692042737123541,3.097313005331944,0.9606487963467569,0.11296983945462115,0.9830927507234025,,,,,,
D2-K3par_e30_r088,HA50,0.03451321300000387,,0.2647964389360193,1.0716415221486013,-22.748669550509426,1.5529805988311538,23.0191016058227,1.1964200288405638,,,,,,
D2-K3par_e30_r088,TA(0.05),0.5285487619999998,0.0,23.0191016058227,1.1964200288405638,-22.748669550509426,1.5529805988311538,0.2647964389360193,1.0716415221486013,,,,,,
D2-K3par_e30_r088,TA(0.10),0.5280487910000033,0.0,-22.748669550509426,1.5529805988311538,23.0191016058227,1.1964200288405638,0.2647964389360193,1.0716415221486013,,,,,,
D2-K3par_e30_r088,TA(0.15),0.5303085169999946,0.04,-0.16393702398458518,0.7400919355088335,-22.748669550509426,1.5529805988311538,15.530479380552118,-3.679294475149948,,,,,,
D2-K3par_e30_r088,TA(0.25),0.5280042649999999,0.15333333333333332,2.2155554169563905,0.9426274569389244,23.245613327800328,1.2640228235571964,-2.640636660183361,0.9101068959318769,,,,,,
D2-K3par_e30_r088,TA(0.40),0.528747537000001,0.3233333333333333,3.012132337998033,0.9975870872576832,-0.041541304214448224,1.0294536620337484,-3.319896011212546,0.9621013245126641,,,,,,
D2-K3par_e35_r088,adapt,0.4192382969999997,0.006666666666666667,-0.00501016604019786,0.8859634203733949,-22.190209266392944,0.9391544986127773,23.166705548672144,1.1628576177187626,,,,,,
D2-K3par_e35_r088,adaptX,0.4087916670000027,0.17666666666666667,23.166705548672144,1.1628576177187626,-2.2248212922219954,0.9799202080336038,2.2487415129419057,1.0810984193013737,,,,,,
D2-K3par_e35_r088,HA50,0.0174888119999963,,23.166705548672144,1.1628576177187626,-22.62624512204338,0.917915138181251,-0.0028325526347763226,0.8988863484480152,,,,,,
D2-K3par_e35_r088,TA(0.05),0.42372743600000007,0.01,-0.00501016604019786,0.8859634203733949,23.166705548672144,1.1628576177187626,-22.411581658803158,0.8813280909334525,,,,,,
D2-K3par_e35_r088,TA(0.10),0.4230249430000015,0.01,23.166705548672144,1.1628576177187626,-22.411581658803158,0.8813280909334525,-0.00501016604019786,0.8859634203733949,,,,,,
D2-K3par_e35_r088,TA(0.15),0.4209530010000009,0.016666666666666666,23.166705548672144,1.1628576177187626,-22.751123588140057,0.8692089103697939,-0.00501016604019786,0.8859634203733949,,,,,,
D2-K3par_e35_r088,TA(0.25),0.4218903350000005,0.18,2.2665560498787833,1.0613664573914257,-2.201917795920741,0.960813623982358,-22.576206208453684,0.9298759341182007,,,,,,
D2-K3par_e35_r088,TA(0.40),0.4208826130000034,0.3466666666666667,3.038044240918638,0.9772860764923849,-2.870247644135027,1.0896732953175372,0.21796935222011252,1.00055186570185,,,,,,
D3-unequal_e25_r088,adapt,0.07435613999999902,0.2833333333333333,-0.267680219440366,-1.5211416926224155,-0.3727861088792843,1.5583715327952956,,,,,,,,
D3-unequal_e25_r088,adaptX,0.07974394800000084,0.2833333333333333,-0.267680219440366,-1.5211416926224155,-0.3727861088792843,1.5583715327952956,,,,,,,,
D3-unequal_e25_r088,HA50,0.015103959999997585,,3.047286077672528,-0.6420028238672574,-22.5697034401619,-0.8878026763062877,,,,,,,,
D3-unequal_e25_r088,TA(0.05),0.07616708900000191,0.12333333333333334,-0.3064148075156333,-0.5557921447689181,-22.5697034401619,-0.8878026763062877,,,,,,,,
D3-unequal_e25_r088,TA(0.10),0.07695251299999484,0.12333333333333334,-0.3064148075156333,-0.5557921447689181,-22.5697034401619,-0.8878026763062877,,,,,,,,
D3-unequal_e25_r088,TA(0.15),0.07722684599999496,0.12333333333333334,-22.5697034401619,-0.8878026763062877,-0.3064148075156333,-0.5557921447689181,,,,,,,,
D3-unequal_e25_r088,TA(0.25),0.07572561099999575,0.18666666666666668,-0.32977574471136223,-1.0652807987106978,-22.5697034401619,-0.8878026763062877,,,,,,,,
D3-unequal_e25_r088,TA(0.40),0.07623018000000314,0.2833333333333333,-0.3727861088792843,1.5583715327952956,-0.267680219440366,-1.5211416926224155,,,,,,,,
D3-unequal_e30_r088,adapt,0.062473212999996974,0.27,0.1464268352673931,-1.5599558900107566,-0.24155670812358274,1.4568253616751863,,,,,,,,
D3-unequal_e30_r088,adaptX,0.07071672200000023,0.27,0.13604376100900326,-1.5592643925761014,-0.26425065956781224,1.4597770166164883,,,,,,,,
D3-unequal_e30_r088,HA50,0.011471763000002966,,-23.35134850289877,-1.010306465653285,3.293356750397543,-0.6269433761368572,,,,,,,,
D3-unequal_e30_r088,TA(0.05),0.06363468400000016,0.15333333333333332,0.005361068892605977,-0.9500658982338889,-23.35134850289877,-1.010306465653285,,,,,,,,
D3-unequal_e30_r088,TA(0.10),0.06325729999999652,0.15333333333333332,-23.35134850289877,-1.010306465653285,0.005361068892605977,-0.9500658982338889,,,,,,,,
D3-unequal_e30_r088,TA(0.15),0.06501410499999594,0.16666666666666666,-23.35134850289877,-1.010306465653285,0.03768067174298676,-1.0233613188582806,,,,,,,,
D3-unequal_e30_r088,TA(0.25),0.06337507399999964,0.21666666666666667,-23.35134850289877,-1.010306465653285,0.07017254859594582,-1.4013102740227323,,,,,,,,
D3-unequal_e30_r088,TA(0.40),0.06531614499999705,0.36333333333333334,-0.9715952549839446,-1.2674763692680155,1.1304232431179566,-1.3143760333224979,,,,,,,,
D3-unequal_e35_r088,adapt,0.06346727500000071,0.31333333333333335,0.1734146574449857,-1.4715119196113204,-0.4212321197291584,1.711249160390967,,,,,,,,
D3-unequal_e35_r088,adaptX,0.06774923900000118,0.31333333333333335,0.1734146574449857,-1.4715119196113204,-0.4212321197291584,1.711249160390967,,,,,,,,
D3-unequal_e35_r088,HA50,0.011119794000002514,,-3.933582487884158,-0.5132640508257614,21.87475312422675,-0.7334776060532835,,,,,,,,
D3-unequal_e35_r088,TA(0.05),0.06444376099999971,0.15333333333333332,0.0218134260218207,-0.46863444871231824,21.87475312422675,-0.7334776060532835,,,,,,,,
D3-unequal_e35_r088,TA(0.10),0.06597728100000211,0.16333333333333333,0.0218134260218207,-0.46863444871231824,-21.33644556652789,-1.0014204018713524,,,,,,,,
D3-unequal_e35_r088,TA(0.15),0.06569719699999865,0.15333333333333332,21.87475312422675,-0.7334776060532835,0.0218134260218207,-0.46863444871231824,,,,,,,,
D3-unequal_e35_r088,TA(0.25),0.0644864510000005,0.17666666666666667,0.20229846050243477,-0.7855396690722988,-21.07407589819694,-1.180390268217394,,,,,,,,
D3-unequal_e35_r088,TA(0.40),0.06482043500000145,0.31333333333333335,-0.4212321197291584,1.711249160390967,0.1734146574449857,-1.4715119196113204,,,,,,,,
D4-hetero_e25_r088,adapt,0.060463251999998135,0.27,0.07048446599657186,-1.4883922290578608,-0.04548355648359998,1.5406246958868206,,,,,,,,
D4-hetero_e25_r088,adaptX,0.07736041900000146,0.26666666666666666,0.07048446599657186,-1.4883922290578608,-0.0788124845631305,1.5187847533159005,,,,,,,,
D4-hetero_e25_r088,HA50,0.01179906200000147,,21.495365694358707,-0.30577105330669585,-2.95517549549825,0.019253342910009585,,,,,,,,
D4-hetero_e25_r088,TA(0.05),0.062256921999995996,0.10666666666666667,21.495365694358707,-0.30577105330669585,-0.0516593491259149,-0.05823130951693822,,,,,,,,
D4-hetero_e25_r088,TA(0.10),0.06273111600000192,0.10666666666666667,21.495365694358707,-0.30577105330669585,-0.0516593491259149,-0.05823130951693822,,,,,,,,
D4-hetero_e25_r088,TA(0.15),0.06453790200000498,0.11,21.17693560888624,-0.05877972856347294,-0.0516593491259149,-0.05823130951693822,,,,,,,,
D4-hetero_e25_r088,TA(0.25),0.06166778500000447,0.27,-0.04548355648359998,1.5406246958868206,0.07048446599657186,-1.4883922290578608,,,,,,,,
D4-hetero_e25_r088,TA(0.40),0.062156471000001545,0.26666666666666666,0.07048446599657186,-1.4883922290578608,-0.0788124845631305,1.5187847533159005,,,,,,,,
D4-hetero_e30_r088,adapt,0.10027361400000245,0.32,-0.1882054084777588,1.6375418664941672,0.07250731005873991,-1.5327036375853849,,,,,,,,
D4-hetero_e30_r088,adaptX,0.063273934999998,0.32,0.07250731005873991,-1.5327036375853849,-0.1882054084777588,1.6375418664941672,,,,,,,,
D4-hetero_e30_r088,HA50,0.011911574999999175,,3.5150035016856425,0.43685308307929893,-23.06195982158875,-0.2329265562391365,,,,,,,,
D4-hetero_e30_r088,TA(0.05),0.1024941750000039,0.12666666666666668,-23.06195982158875,-0.2329265562391365,-0.1106186456230878,0.1699518444327069,,,,,,,,
D4-hetero_e30_r088,TA(0.10),0.10165399600000313,0.12666666666666668,-23.06195982158875,-0.2329265562391365,-0.1106186456230878,0.1699518444327069,,,,,,,,
D4-hetero_e30_r088,TA(0.15),0.10175778800000046,0.12666666666666668,-23.06195982158875,-0.2329265562391365,-0.1106186456230878,0.1699518444327069,,,,,,,,
D4-hetero_e30_r088,TA(0.25),0.10159884799999475,0.12666666666666668,-0.1106186456230878,0.1699518444327069,-23.06195982158875,-0.2329265562391365,,,,,,,,
D4-hetero_e30_r088,TA(0.40),0.10226506600000107,0.32,-0.1882054084777588,1.6375418664941672,0.07250731005873991,-1.5327036375853849,,,,,,,,
D4-hetero_e35_r088,adapt,0.05715209400000276,0.35,0.07661756340367738,-1.5074632280946427,-0.08663312269998069,1.5432468344104207,,,,,,,,
D4-hetero_e35_r088,adaptX,0.06508216900000008,0.35,-0.08663312269998069,1.5432468344104207,0.07661756340367738,-1.5074632280946427,,,,,,,,
D4-hetero_e35_r088,HA50,0.011384306000003619,,-4.73640012380775,0.18618755342202237,22.68522493278646,0.13911974894875634,,,,,,,,
D4-hetero_e35_r088,TA(0.05),0.05895878199999771,0.17,23.419027234624007,-0.4983900223037068,-0.05204873477106635,-0.02081727579458389,,,,,,,,
D4-hetero_e35_r088,TA(0.10),0.0579959259999967,0.17,23.419027234624007,-0.4983900223037068,-0.05204873477106635,-0.02081727579458389,,,,,,,,
D4-hetero_e35_r088,TA(0.15),0.06052542700000174,0.17,-0.05204873477106635,-0.02081727579458389,23.419027234624007,-0.4983900223037068,,,,,,,,
D4-hetero_e35_r088,TA(0.25),0.05793473599999999,0.17,23.419027234624007,-0.4983900223037068,0.011175073361093798,-0.07787416581463422,,,,,,,,
D4-hetero_e35_r088,TA(0.40),0.05853955499999586,0.35,0.07746360183295196,-1.5075423929456797,-0.0861021946502994,1.5432066586027078,,,,,,,,
D5-leverage_e25_r088,adapt,0.05474979299999916,0.02,-2.271571896247659,0.022288829354363493,2.1726888885961886,-0.1815761742356413,,,,,,,,
D5-leverage_e25_r088,adaptX,0.061415461000002836,0.22666666666666666,0.05861583876545596,-1.5124606922942998,-0.13155322794571198,1.4084416980942245,,,,,,,,
D5-leverage_e25_r088,HA50,0.010765738000003466,,2.196515509027187,-0.17996301351131494,-2.402685721131217,0.03245003956959581,,,,,,,,
D5-leverage_e25_r088,TA(0.05),0.05636697499999599,0.016666666666666666,2.232576025455266,-0.14581997678660805,-2.253536864451118,0.0806455336754207,,,,,,,,
D5-leverage_e25_r088,TA(0.10),0.055629791999997735,0.016666666666666666,-2.2173344746375787,0.07648683914868028,2.270442984561744,-0.1496639677128014,,,,,,,,
D5-leverage_e25_r088,TA(0.15),0.05705382699999717,0.016666666666666666,2.232576025455266,-0.14581997678660805,-2.253536864451118,0.0806455336754207,,,,,,,,
D5-leverage_e25_r088,TA(0.25),0.056541002999999534,0.013333333333333334,2.113475383603401,-0.1275233718783942,-2.3949492301849316,0.10699366233337598,,,,,,,,
D5-leverage_e25_r088,TA(0.40),0.05742572000000479,0.22666666666666666,0.05861583876545596,-1.5124606922942998,-0.13155322794571198,1.4084416980942245,,,,,,,,
D5-leverage_e30_r088,adapt,0.051539846000004275,0.016666666666666666,2.7062456030817303,-0.20769303420425425,-2.263182601877206,0.07159272816125137,,,,,,,,
D5-leverage_e30_r088,adaptX,0.05732101899999975,0.056666666666666664,2.7667344407540733,-0.152208448728385,-2.1742931212903813,0.1078605988205783,,,,,,,,
D5-leverage_e30_r088,HA50,0.010723628000000929,,2.933820171666046,-0.14766269137386223,-2.1686873686442065,0.1188938664831775,,,,,,,,
D5-leverage_e30_r088,TA(0.05),0.05401153900000111,0.016666666666666666,-2.2645315467715315,0.06744733682088538,2.7058202817468735,-0.21152100289162826,,,,,,,,
D5-leverage_e30_r088,TA(0.10),0.05464594099999687,0.016666666666666666,2.728098552842177,-0.21773588918299458,-2.2469492796168486,0.061203643247124594,,,,,,,,
D5-leverage_e30_r088,TA(0.15),0.054288495999998077,0.016666666666666666,-2.2228066155906863,0.067284166816513,2.7541216773448194,-0.21330292084983132,,,,,,,,
D5-leverage_e30_r088,TA(0.25),0.052847507999999266,0.016666666666666666,-2.2094300463363434,0.058222886447029935,2.7721542860929564,-0.2221780577016498,,,,,,,,
D5-leverage_e30_r088,TA(0.40),0.053299951999996154,0.08,0.14912793199193972,1.6829735831531654,2.2043912208291565,-0.3335299084059196,,,,,,,,
D5-leverage_e35_r088,adapt,0.051414869999995005,0.0033333333333333335,2.042091057306013,-0.04178253186232459,-2.3356133272397064,0.1224358040854635,,,,,,,,
D5-leverage_e35_r088,adaptX,0.05914150199999568,0.0033333333333333335,2.0256344999176443,-0.08170801020261523,-2.3356133272397064,0.1224358040854635,,,,,,,,
D5-leverage_e35_r088,HA50,0.01113808800000271,,2.0317130408726,-0.052896105529394784,-2.3625095315900353,0.11379854577240349,,,,,,,,
D5-leverage_e35_r088,TA(0.05),0.053052447000006,0.0033333333333333335,-2.3356133272397064,0.1224358040854635,2.042091057306013,-0.04178253186232459,,,,,,,,
D5-leverage_e35_r088,TA(0.10),0.053191841000000295,0.03,1.5868393796531017,-0.3982426219487108,-2.2214878143113848,0.4416465532924828,,,,,,,,
D5-leverage_e35_r088,TA(0.15),0.05370768200000242,0.03,1.6290236933505382,-0.3935853777483992,-2.220053983430323,0.44702239683066114,,,,,,,,
D5-leverage_e35_r088,TA(0.25),0.054191988999996,0.03,-2.1261992150475355,0.45803169019800183,1.6559467826495302,-0.38349769276725754,,,,,,,,
D5-leverage_e35_r088,TA(0.40),0.05417475299999808,0.03666666666666667,-2.309494797372679,0.39589714566268813,1.4871977307209487,-0.44896541293720216,,,,,,,,
D6-uniform_e25_r088,adapt,0.054453780999999424,0.0,4.775734163590674,0.2583050096259744,-2.218703541731346,0.05079901444918424,,,,,,,,
D6-uniform_e25_r088,adaptX,0.06468246200000038,0.0,4.306902097852947,0.1456042803793311,-2.5412005047728767,-0.03501874075193967,,,,,,,,
D6-uniform_e25_r088,HA50,0.01370830500000153,,4.278836675795185,0.14528887271302093,-2.5603882028020455,-0.034159971253727696,,,,,,,,
D6-uniform_e25_r088,TA(0.05),0.057505413000001226,0.0,-2.244087858937499,0.0507366663729264,4.671726026920805,0.21986795567638362,,,,,,,,
D6-uniform_e25_r088,TA(0.10),0.05628650100000243,0.013333333333333334,-2.121812469247495,0.14425759761630436,4.775734163590674,0.2583050096259744,,,,,,,,
D6-uniform_e25_r088,TA(0.15),0.055664141000001166,0.02,4.811683158151691,0.2795873844080401,-2.035391798079194,0.22345310499206528,,,,,,,,
D6-uniform_e25_r088,TA(0.25),0.05668056300000046,0.19,-0.2731086885955028,-1.76701327978083,0.6220967391283728,1.4032938711111573,,,,,,,,
D6-uniform_e25_r088,TA(0.40),0.05835324200000258,0.23333333333333334,0.2570633120660312,1.35855522553136,-0.04550318227153727,-1.7430419496310219,,,,,,,,
D6-uniform_e30_r088,adapt,0.06786377399999566,0.18333333333333332,0.1353440638884676,1.8521235703565069,-0.16440871338816584,-1.3656652803943041,,,,,,,,
D6-uniform_e30_r088,adaptX,0.0766576789999931,0.18333333333333332,0.1353440638884676,1.8521235703565069,-0.16440871338816584,-1.3656652803943041,,,,,,,,
D6-uniform_e30_r088,HA50,0.013763189000002285,,2.766712339325622,0.08556999197523266,-3.4657137915258005,-0.03043171562032064,,,,,,,,
D6-uniform_e30_r088,TA(0.05),0.069259756000001,0.0,2.35809787788177,-0.021789997720656706,-3.8398239225448534,-0.09617749860135871,,,,,,,,
D6-uniform_e30_r088,TA(0.10),0.06885852999999997,0.0,2.374302237084687,-0.09690635950920057,-3.8640227144423123,-0.1496118684440738,,,,,,,,
D6-uniform_e30_r088,TA(0.15),0.07006596299999757,0.17333333333333334,-0.051374628031455524,-1.3206446191081995,0.12233287438969075,1.8539233670927775,,,,,,,,
D6-uniform_e30_r088,TA(0.25),0.07032593799999631,0.21333333333333335,0.21428468497086475,1.5788928274805865,-0.16452282251062536,-1.4378700083138338,,,,,,,,
D6-uniform_e30_r088,TA(0.40),0.07224261000000354,0.21,-0.15278115458274455,-1.434993356431959,0.26045709328442795,1.6095406946233912,,,,,,,,
D6-uniform_e35_r088,adapt,0.05440101100000305,0.0,-3.7737269812917953,0.16866080161988373,2.847796639047644,0.10598291561235414,,,,,,,,
D6-uniform_e35_r088,adaptX,0.06256799599999852,0.0,2.8903392820410305,0.10289722805355332,-3.7282939347622537,0.16240559017150194,,,,,,,,
D6-uniform_e35_r088,HA50,0.011251421000004314,,2.8683315900353015,0.10057613203827284,-3.750870068644897,0.16106964715639982,,,,,,,,
D6-uniform_e35_r088,TA(0.05),0.05724364499999979,0.0,2.588279015486989,0.04146400623317965,-4.057952658714114,0.09821068341475511,,,,,,,,
D6-uniform_e35_r088,TA(0.10),0.059373145000002125,0.0,-4.082463762392798,0.10212509050446753,2.5683826736414956,0.04403398163116001,,,,,,,,
D6-uniform_e35_r088,TA(0.15),0.055120903999998916,0.0,2.9854420003841113,0.14317123788365782,-3.6399759299958063,0.20234794666367087,,,,,,,,
D6-uniform_e35_r088,TA(0.25),0.05697034699999648,0.0,-4.082463762392798,0.10212509050446753,2.5683826736414956,0.04403398163116001,,,,,,,,
D6-uniform_e35_r088,TA(0.40),0.056475216999999134,0.12333333333333334,-0.29789776250872213,-1.1764730203047962,0.39885846430008076,1.6094327360361667,,,,,,,,
D7-p3_e25_r088,adapt,0.2511450809999971,0.25333333333333335,0.03895650463716598,1.4649374111325086,0.9840747271433608,0.8911291441206186,0.1236492051579844,-1.5436194549555153,0.9976067951117286,1.000323732971982,,,,
D7-p3_e25_r088,adaptX,1.945848482999999,0.25333333333333335,0.12866922908478867,-1.5440423175402131,0.9955626229569734,1.0046054178066666,0.03590615623735927,1.4645383805809349,0.9864122590286465,0.886411283899415,,,,
D7-p3_e25_r088,HA50,0.014836811999998645,,23.24445419160349,-0.2425892280009338,0.07795302408478155,1.2552063210800741,-3.325746838058042,-0.5257482944099013,1.5085989407835214,0.9691467611545636,,,,
D7-p3_e25_r088,TA(0.05),0.2533360299999998,0.12666666666666668,-22.63529462036706,-0.7287405875667866,1.1148551310700732,0.8155918858833805,0.025718563843188588,-0.166861370889372,1.1747321726284947,0.8916653878789984,,,,
D7-p3_e25_r088,TA(0.10),0.2518576599999989,0.12666666666666668,0.025718563843188588,-0.166861370889372,1.1747321726284947,0.8916653878789984,-22.63529462036706,-0.7287405875667866,1.1148551310700732,0.8155918858833805,,,,
D7-p3_e25_r088,TA(0.15),0.2532730460000039,0.13666666666666666,-22.398830921281142,-0.048375281354092046,1.2133935159171543,0.6883892810462083,0.025718563843188588,-0.166861370889372,1.1747321726284947,0.8916653878789984,,,,
D7-p3_e25_r088,TA(0.25),0.254178275000001,0.25333333333333335,0.03590615623735927,1.4645383805809349,0.9864122590286465,0.886411283899415,0.12866922908478867,-1.5440423175402131,0.9955626229569734,1.0046054178066666,,,,
D7-p3_e25_r088,TA(0.40),0.2519088339999982,0.25333333333333335,0.03590615623735927,1.4645383805809349,0.9864122590286465,0.886411283899415,0.12866922908478867,-1.5440423175402131,0.9955626229569734,1.0046054178066666,,,,
D7-p3_e30_r088,adapt,0.24703717399999903,0.2966666666666667,0.10879841346390437,-1.5454532948557542,0.9941986267118741,1.0410944150910086,-0.006007148868115724,1.5901147797699318,0.9876250325463894,1.0720518311607055,,,,
D7-p3_e30_r088,adaptX,2.1076345369999956,0.30333333333333334,-0.006007148868115724,1.5901147797699318,0.9876250325463894,1.0720518311607055,0.0731067055441216,-1.533073800481492,0.9861719758949731,1.0378972479711583,,,,
D7-p3_e30_r088,HA50,0.01487285500000013,,3.6962578085947433,-0.28283716808143433,0.9319709712720747,0.5965281558798727,-23.76217186657233,-0.21849280411043606,0.519295597047189,0.7761955245238056,,,,
D7-p3_e30_r088,TA(0.05),0.24862211900000375,0.14666666666666667,-23.76217186657233,-0.21849280411043606,0.519295597047189,0.7761955245238056,-0.21402308436327225,0.05707243744620708,0.9136450551911603,0.7690115747921157,,,,
D7-p3_e30_r088,TA(0.10),0.2497015099999942,0.14666666666666667,-23.76217186657233,-0.21849280411043606,0.519295597047189,0.7761955245238056,-0.21402308436327225,0.05707243744620708,0.9136450551911603,0.7690115747921157,,,,
D7-p3_e30_r088,TA(0.15),0.24950000799999827,0.14666666666666667,-0.21402308436327225,0.05707243744620708,0.9136450551911603,0.7690115747921157,-23.76217186657233,-0.21849280411043606,0.519295597047189,0.7761955245238056,,,,
D7-p3_e30_r088,TA(0.25),0.24830216599999488,0.19333333333333333,20.0291962776879,5.031710823417027,3.856317194827663,0.8969226925833848,-0.5980345969239833,0.3605487597189448,0.9407407618307355,0.7781083473539036,,,,
D7-p3_e30_r088,TA(0.40),0.2476753740000035,0.2966666666666667,-0.002642629338938493,1.5863124015389118,0.9754062441441588,1.0458201533162927,0.09507119654497086,-1.550894523535031,1.0064120850049432,1.066683939471063,,,,
D7-p3_e35_r088,adapt,0.300267826999999,0.3566666666666667,0.21999408566737458,1.539723511764859,1.0091686736968493,0.9624082407616594,-0.0298928779806039,-1.4839546471189744,1.1466331004198198,0.9996378753727108,,,,
D7-p3_e35_r088,adaptX,1.9543098179999987,0.3566666666666667,-0.0298928779806039,-1.4839546471189744,1.1466331004198198,0.9996378753727108,0.21999408566737458,1.539723511764859,1.0091686736968493,0.9624082407616594,,,,
D7-p3_e35_r088,HA50,0.016165882000002796,,21.98187960588153,-0.1608011266537107,0.6254033190009827,0.5109987177621186,-4.402349870290584,0.48929592590948606,1.0579645226096825,1.1833895849362939,,,,
D7-p3_e35_r088,TA(0.05),0.301259488999996,0.13666666666666666,21.98187960588153,-0.1608011266537107,0.6254033190009827,0.5109987177621186,-0.2815489467833814,0.1485749407283089,1.063299664680315,0.8883696856460191,,,,
D7-p3_e35_r088,TA(0.10),0.30183927800000276,0.13666666666666666,-0.2815489467833814,0.1485749407283089,1.063299664680315,0.8883696856460191,21.98187960588153,-0.1608011266537107,0.6254033190009827,0.5109987177621186,,,,
D7-p3_e35_r088,TA(0.15),0.3030113229999998,0.13666666666666666,-0.2815489467833814,0.1485749407283089,1.063299664680315,0.8883696856460191,21.98187960588153,-0.1608011266537107,0.6254033190009827,0.5109987177621186,,,,
D7-p3_e35_r088,TA(0.25),0.3018248079999992,0.13666666666666666,-0.2815489467833814,0.1485749407283089,1.063299664680315,0.8883696856460191,21.98187960588153,-0.1608011266537107,0.6254033190009827,0.5109987177621186,,,,
D7-p3_e35_r088,TA(0.40),0.303366724,0.3566666666666667,-0.0298928779806039,-1.4839546471189744,1.1466331004198198,0.9996378753727108,0.21999408566737458,1.539723511764859,1.0091686736968493,0.9624082407616594,,,,
D8-K2par-sep_e25_r088,adapt,0.05539367400000117,0.25666666666666665,-3.1034317559387525,0.9599096838202447,3.0689678891963097,0.9093697863026848,,,,,,,,
D8-K2par-sep_e25_r088,adaptX,0.062119900999995536,0.25666666666666665,3.0689678891963097,0.9093697863026848,-3.1034317559387525,0.9599096838202447,,,,,,,,
D8-K2par-sep_e25_r088,HA50,0.01215973499999734,,-3.2222361920149463,1.1396922530943139,24.26232006313626,1.4388048883847717,,,,,,,,
D8-K2par-sep_e25_r088,TA(0.05),0.05752425299999686,0.11333333333333333,-0.22869451083875525,0.7628744987838093,24.26232006313626,1.4388048883847717,,,,,,,,
D8-K2par-sep_e25_r088,TA(0.10),0.057490883999996356,0.11333333333333333,-0.22869451083875525,0.7628744987838093,24.26232006313626,1.4388048883847717,,,,,,,,
D8-K2par-sep_e25_r088,TA(0.15),0.058073408999995024,0.11333333333333333,-0.22869451083875525,0.7628744987838093,24.26232006313626,1.4388048883847717,,,,,,,,
D8-K2par-sep_e25_r088,TA(0.25),0.05668345099999783,0.25666666666666665,-3.1034317559387525,0.9599096838202447,3.0689678891963097,0.9093697863026848,,,,,,,,
D8-K2par-sep_e25_r088,TA(0.40),0.05678245000000004,0.25666666666666665,3.0689678891963097,0.9093697863026848,-3.1034317559387525,0.9599096838202447,,,,,,,,
D8-K2par-sep_e30_r088,adapt,0.05291849500000012,0.3566666666666667,3.049122823262434,0.8908765453145134,-3.00826484134005,0.9509460898765559,,,,,,,,
D8-K2par-sep_e30_r088,adaptX,0.0658935099999951,0.3566666666666667,-3.00826484134005,0.9509460898765559,3.049122823262434,0.8908765453145134,,,,,,,,
D8-K2par-sep_e30_r088,HA50,0.01199742899999734,,21.76643840601757,1.5805399837085923,-4.038512491853728,0.5433515665336318,,,,,,,,
D8-K2par-sep_e30_r088,TA(0.05),0.05353824700000587,0.15333333333333332,21.76643840601757,1.5805399837085923,-0.28022916317066904,0.8579358242772348,,,,,,,,
D8-K2par-sep_e30_r088,TA(0.10),0.053766515999996045,0.15333333333333332,21.76643840601757,1.5805399837085923,0.21173943178951968,1.0006129924731118,,,,,,,,
D8-K2par-sep_e30_r088,TA(0.15),0.05436394899999897,0.15333333333333332,0.21173943178951968,1.0006129924731118,21.76643840601757,1.5805399837085923,,,,,,,,
D8-K2par-sep_e30_r088,TA(0.25),0.05365088700000342,0.15333333333333332,0.21173943178951968,1.0006129924731118,21.76643840601757,1.5805399837085923,,,,,,,,
D8-K2par-sep_e30_r088,TA(0.40),0.0538527430000002,0.3566666666666667,-3.00826484134005,0.9509460898765559,3.049122823262434,0.8908765453145134,,,,,,,,
D8-K2par-sep_e35_r088,adapt,0.05656665800000127,0.35,-3.0094356798941857,0.992385789806344,2.8706643946842534,0.9619802985283243,,,,,,,,
D8-K2par-sep_e35_r088,adaptX,0.06599661500000309,0.35,-2.9810684805108236,0.995161970802891,2.903015684534391,0.9671291141824389,,,,,,,,
D8-K2par-sep_e35_r088,HA50,0.011799544000005824,,-4.307697103535898,1.047989630242594,23.356782389383774,0.9662561707058165,,,,,,,,
D8-K2par-sep_e35_r088,TA(0.05),0.05728094900000258,0.14666666666666667,-0.5825533987308741,1.0033790179948747,23.542046588081124,1.0472120669758684,,,,,,,,
D8-K2par-sep_e35_r088,TA(0.10),0.059280663000002676,0.14666666666666667,23.542046588081124,1.0472120669758684,-0.32495238510922275,1.0563780255539086,,,,,,,,
D8-K2par-sep_e35_r088,TA(0.15),0.058639207999995335,0.14666666666666667,23.542046588081124,1.0472120669758684,-0.32495238510922275,1.0563780255539086,,,,,,,,
D8-K2par-sep_e35_r088,TA(0.25),0.05719442900000615,0.15666666666666668,-0.1461014561140462,0.9358296176164809,23.542046588081124,1.0472120669758684,,,,,,,,
D8-K2par-sep_e35_r088,TA(0.40),0.05802872600000342,0.35,2.8706643946842534,0.9619802985283243,-3.0094356798941857,0.992385789806344,,,,,,,,
D1-K2cross_e25_r089,adapt,0.07041751399999896,0.24,0.08376773199723919,-1.5209603023523208,-0.027753748282980693,1.4849702118327262,,,,,,,,
D1-K2cross_e25_r089,adaptX,0.07412158400000379,0.24,0.08376773199723919,-1.5209603023523208,-0.027753748282980693,1.4849702118327262,,,,,,,,
D1-K2cross_e25_r089,HA50,0.012428017999994267,,-2.716204053611728,-0.5413101776545199,22.743662209215216,-0.9360199310689875,,,,,,,,
D1-K2cross_e25_r089,TA(0.05),0.07149516900000208,0.12,0.19454472545973767,-0.1989230608034901,22.703393784732395,-1.261080424804365,,,,,,,,
D1-K2cross_e25_r089,TA(0.10),0.07367834000000073,0.12,22.703393784732395,-1.261080424804365,0.19454472545973767,-0.1989230608034901,,,,,,,,
D1-K2cross_e25_r089,TA(0.15),0.07345283700000493,0.12,23.065450899375033,-1.0694912836003112,0.19454472545973767,-0.1989230608034901,,,,,,,,
D1-K2cross_e25_r089,TA(0.25),0.07274235699999565,0.24,0.08376773199723919,-1.5209603023523208,-0.027753748282980693,1.4849702118327262,,,,,,,,
D1-K2cross_e25_r089,TA(0.40),0.07237811899999969,0.24,-0.030145495024534383,1.4848685544602789,0.0818483239770933,-1.5211703627864803,,,,,,,,
D1-K2cross_e30_r089,adapt,0.058225688999996805,0.37333333333333335,-0.04724791620476146,1.4478975160520104,0.07891486617278044,-1.5087598259481183,,,,,,,,
D1-K2cross_e30_r089,adaptX,0.06116368200000011,0.37333333333333335,-0.04724791620476146,1.4478975160520104,0.07891486617278044,-1.5087598259481183,,,,,,,,
D1-K2cross_e30_r089,HA50,0.01142112399999462,,22.37997854007306,-0.3221052140750561,-4.734476106788184,0.35942482271853377,,,,,,,,
D1-K2cross_e30_r089,TA(0.05),0.059578604000002144,0.16666666666666666,0.11412754967693062,-0.22856654307198723,22.37997854007306,-0.3221052140750561,,,,,,,,
D1-K2cross_e30_r089,TA(0.10),0.05893531699999954,0.16666666666666666,22.37997854007306,-0.3221052140750561,0.11412754967693062,-0.22856654307198723,,,,,,,,
D1-K2cross_e30_r089,TA(0.15),0.06153833099999417,0.16666666666666666,22.37997854007306,-0.3221052140750561,0.11412754967693062,-0.22856654307198723,,,,,,,,
D1-K2cross_e30_r089,TA(0.25),0.061832973999997876,0.16666666666666666,22.37997854007306,-0.3221052140750561,0.11412754967693062,-0.22856654307198723,,,,,,,,
D1-K2cross_e30_r089,TA(0.40),0.06017494499999998,0.37333333333333335,0.09298854308792932,-1.5037677014620217,-0.029607270099560566,1.4535935711437027,,,,,,,,
D1-K2cross_e35_r089,adapt,0.05755516899999691,0.3333333333333333,-0.13587228916127939,-1.501872278480991,0.03710139070677397,1.477995554191198,,,,,,,,
D1-K2cross_e35_r089,adaptX,0.06487510899999904,0.3333333333333333,0.03710139070677397,1.477995554191198,-0.13587228916127939,-1.501872278480991,,,,,,,,
D1-K2cross_e35_r089,HA50,0.011033412999999825,,-23.436763605973272,0.2850413534631599,3.9820424463331148,0.03230234473178795,,,,,,,,
D1-K2cross_e35_r089,TA(0.05),0.0601601770000002,0.14666666666666667,-0.12817014590196152,-0.023982487175409285,-23.594093797353864,0.4593575203592124,,,,,,,,
D1-K2cross_e35_r089,TA(0.10),0.058330507999997394,0.14666666666666667,-23.594093797353864,0.4593575203592124,-0.12817014590196152,-0.023982487175409285,,,,,,,,
D1-K2cross_e35_r089,TA(0.15),0.05845984799999826,0.14666666666666667,-23.594093797353864,0.4593575203592124,-0.12817014590196152,-0.023982487175409285,,,,,,,,
D1-K2cross_e35_r089,TA(0.25),0.05943979299999569,0.14666666666666667,-0.12817014590196152,-0.023982487175409285,-23.594093797353864,0.4593575203592124,,,,,,,,
D1-K2cross_e35_r089,TA(0.40),0.05969278200000616,0.3333333333333333,0.03710139070677397,1.477995554191198,-0.13587228916127939,-1.501872278480991,,,,,,,,
D2-K3par_e25_r089,adapt,0.4017785549999999,0.11,-2.258243547656682,1.0419423432167447,2.0011932834248545,1.0065927631336333,23.89506775479166,1.3466186648033,,,,,,
D2-K3par_e25_r089,adaptX,0.31382168599999716,0.24333333333333335,-2.7485291184324447,1.072550564317367,3.207807791679776,1.0537796017961394,0.48642775736984806,1.1306561986962937,,,,,,
D2-K3par_e25_r089,HA50,0.015860948000003816,,0.14671254730942654,1.0778004547241187,23.449044901861747,1.2544292455611867,-22.229069934698092,0.5971814353672359,,,,,,
D2-K3par_e25_r089,TA(0.05),0.4033362079999989,0.006666666666666667,-22.229069934698092,0.5971814353672359,23.89506775479166,1.3466186648033,0.14671254730942654,1.0778004547241187,,,,,,
D2-K3par_e25_r089,TA(0.10),0.40265154800000147,0.10333333333333333,-2.320632634567981,1.0544581487988405,23.449044901861747,1.2544292455611867,1.9505349834075822,1.0194495246832616,,,,,,
D2-K3par_e25_r089,TA(0.15),0.4029208560000015,0.11,23.89506775479166,1.3466186648033,2.0011932834248545,1.0065927631336333,-2.258243547656682,1.0419423432167447,,,,,,
D2-K3par_e25_r089,TA(0.25),0.403407442999999,0.24333333333333335,-2.7485291184324447,1.072550564317367,0.48642775736984806,1.1306561986962937,3.207807791679776,1.0537796017961394,,,,,,
D2-K3par_e25_r089,TA(0.40),0.40523530800000174,0.24333333333333335,-2.7485291184324447,1.072550564317367,3.1044783324541956,0.9608228594282334,0.41105528504551864,1.0611942487882502,,,,,,
D2-K3par_e30_r089,adapt,0.7306019159999977,0.0,-21.136188597346795,1.6526715129199379,22.352751792380097,1.4822528329872917,-0.05417824596666152,0.9755826406841209,,,,,,
D2-K3par_e30_r089,adaptX,0.5136987230000045,0.0,-0.05417824596666152,0.9755826406841209,-21.136188597346795,1.6526715129199379,22.352751792380097,1.4822528329872917,,,,,,
D2-K3par_e30_r089,HA50,0.020184747999998365,,-21.136188597346795,1.6526715129199379,-0.05417824596666152,0.9755826406841209,22.352751792380097,1.4822528329872917,,,,,,
D2-K3par_e30_r089,TA(0.05),0.7346326799999972,0.0,-21.136188597346795,1.6526715129199379,-0.05417824596666152,0.9755826406841209,22.352751792380097,1.4822528329872917,,,,,,
D2-K3par_e30_r089,TA(0.10),0.7328713280000017,0.0,22.352751792380097,1.4822528329872917,-0.05417824596666152,0.9755826406841209,-21.136188597346795,1.6526715129199379,,,,,,
D2-K3par_e30_r089,TA(0.15),0.7325870840000022,0.14,-2.4054843438126627,1.0183580697232941,22.352751792380097,1.4822528329872917,1.833279356797473,0.9807508526491553,,,,,,
D2-K3par_e30_r089,TA(0.25),0.7324674139999985,0.15666666666666668,1.833279356797473,0.9807508526491553,-2.4054843438126627,1.0183580697232941,-21.136188597346795,1.6526715129199379,,,,,,
D2-K3par_e30_r089,TA(0.40),0.7317809549999978,0.2966666666666667,2.830611600750861,0.9100637925256437,-2.979412360366902,0.9482871830792985,-0.014836573015113423,0.8140306535307892,,,,,,
D2-K3par_e35_r089,adapt,0.39531222499999785,0.15666666666666668,2.4578698196058952,0.9970444334238117,24.04752881937973,1.6157422445160483,-2.2073724459364668,0.7576288819211345,,,,,,
D2-K3par_e35_r089,adaptX,0.45078798099999773,0.30333333333333334,0.004195758445515341,1.0136742321937304,-3.039019206927028,0.9449588637396142,3.048710656997933,1.112227056494043,,,,,,
D2-K3par_e35_r089,HA50,0.022340051999997,,-22.834425842267287,1.1612238335221547,-0.010452013619074494,1.0115706379118086,23.646547675956345,1.848909631031776,,,,,,
D2-K3par_e35_r089,TA(0.05),0.3994224929999959,0.0,-0.010452013619074494,1.0115706379118086,23.646547675956345,1.848909631031776,-22.834425842267287,1.1612238335221547,,,,,,
D2-K3par_e35_r089,TA(0.10),0.3994456909999968,0.0,-22.834425842267287,1.1612238335221547,23.646547675956345,1.848909631031776,-0.010452013619074494,1.0115706379118086,,,,,,
D2-K3par_e35_r089,TA(0.15),0.39663751100000155,0.15666666666666668,-23.079013142102646,1.2456738339456512,2.4136223325026562,1.0176505606445148,-2.2459055467482893,0.7714871745895847,,,,,,
D2-K3par_e35_r089,TA(0.25),0.39747838600000307,0.15666666666666668,-2.463677653883042,0.9972574212815895,24.04752881937973,1.6157422445160483,2.2019658736599914,1.2436288554264112,,,,,,
D2-K3par_e35_r089,TA(0.40),0.3977980869999982,0.30333333333333334,3.048710656997933,1.112227056494043,-3.018322797771033,0.9606975286011888,0.03545088351077718,1.0324783003252784,,,,,,
D3-unequal_e25_r089,adapt,0.060832184000005896,0.28,-0.002787208459768254,-1.551953692562081,-0.06358399628387415,1.4864150480781269,,,,,,,,
D3-unequal_e25_r089,adaptX,0.06667373399999832,0.28,0.011125608168242833,-1.5466971063453787,-0.04137872976466633,1.4965883004356215,,,,,,,,
D3-unequal_e25_r089,HA50,0.01094819499999744,,-3.1266512093627665,-0.30430630536311964,22.7491751226447,-0.8905749012534486,,,,,,,,
D3-unequal_e25_r089,TA(0.05),0.06272384800000452,0.14666666666666667,0.5067484867673802,-0.88049735916505,22.7491751226447,-0.8905749012534486,,,,,,,,
D3-unequal_e25_r089,TA(0.10),0.06155181300000123,0.14666666666666667,22.7491751226447,-0.8905749012534486,0.5067484867673802,-0.88049735916505,,,,,,,,
D3-unequal_e25_r089,TA(0.15),0.06284315599999957,0.18,0.33113173779926924,-1.0417291927475565,22.7491751226447,-0.8905749012534486,,,,,,,,
D3-unequal_e25_r089,TA(0.25),0.06350631899999826,0.16666666666666666,0.038952254805950486,-1.4349394235998227,-11.045378822563785,7.744349979053294,,,,,,,,
D3-unequal_e25_r089,TA(0.40),0.06265862800000122,0.28,-0.002787208459768254,-1.551953692562081,-0.06358399628387415,1.4864150480781269,,,,,,,,
D3-unequal_e30_r089,adapt,0.0636635400000003,0.2866666666666667,-0.030270485060874354,1.5707189251589737,0.016916517111124272,-1.4750894623855058,,,,,,,,
D3-unequal_e30_r089,adaptX,0.07121317899999724,0.2866666666666667,0.03685306221760937,-1.4760325851076863,-0.06807621209512038,1.572110144628783,,,,,,,,
D3-unequal_e30_r089,HA50,0.01180535299999974,,23.012989653266416,-1.3664566187355336,-3.6244998778612585,-0.23841143351350902,,,,,,,,
D3-unequal_e30_r089,TA(0.05),0.06589219600000007,0.14666666666666667,0.025868591382872775,-0.5019440010950955,23.012989653266416,-1.3664566187355336,,,,,,,,
D3-unequal_e30_r089,TA(0.10),0.06619804399999651,0.15,-0.006124705612745665,-0.5362373862194229,23.012989653266416,-1.3664566187355336,,,,,,,,
D3-unequal_e30_r089,TA(0.15),0.06575764599999445,0.15,-0.03637748744963219,-0.5681683880270237,23.012989653266416,-1.3664566187355336,,,,,,,,
D3-unequal_e30_r089,TA(0.25),0.06497643800000219,0.17666666666666667,23.012989653266416,-1.3664566187355336,-0.047796109654568784,-0.9363863363370873,,,,,,,,
D3-unequal_e30_r089,TA(0.40),0.06645132500000273,0.2866666666666667,0.03685306221760937,-1.4760325851076863,-0.06807621209512038,1.572110144628783,,,,,,,,
D3-unequal_e35_r089,adapt,0.061578357999998445,0.31,0.10682371629787177,-1.580053367247766,-0.04293069345283874,1.5933752217374126,,,,,,,,
D3-unequal_e35_r089,adaptX,0.0689945250000008,0.31,0.10682371629787177,-1.580053367247766,-0.04293069345283874,1.5933752217374126,,,,,,,,
D3-unequal_e35_r089,HA50,0.008429812999999342,,23.48590531706371,0.30801811281826535,-3.9879010102825454,-0.7221786990309745,,,,,,,,
D3-unequal_e35_r089,TA(0.05),0.06383672600000523,0.14666666666666667,0.06687745546575045,-0.5372226626222797,23.929518666729344,-0.0361915281890368,,,,,,,,
D3-unequal_e35_r089,TA(0.10),0.06330915000000203,0.14666666666666667,23.929518666729344,-0.0361915281890368,-0.00740955544597974,-0.6092339432192235,,,,,,,,
D3-unequal_e35_r089,TA(0.15),0.06367528799999889,0.14666666666666667,23.929518666729344,-0.0361915281890368,0.06687745546575045,-0.5372226626222797,,,,,,,,
D3-unequal_e35_r089,TA(0.25),0.06303958099999818,0.17333333333333334,0.08029348087486561,-0.9548660620667825,23.929518666729344,-0.0361915281890368,,,,,,,,
D3-unequal_e35_r089,TA(0.40),0.06253218099999458,0.31,0.1193317198763184,-1.579685521412013,-0.06518812449619436,1.5928025651357538,,,,,,,,
D4-hetero_e25_r089,adapt,0.05480482600000158,0.27,0.03697744211426056,1.7199994936364353,-0.11299512932002628,-1.5165296239378492,,,,,,,,
D4-hetero_e25_r089,adaptX,0.06598707100000212,0.27,-0.11360813370891389,-1.5165345078932564,0.037064988583744164,1.7199945777845391,,,,,,,,
D4-hetero_e25_r089,HA50,0.010432491999999627,,23.53381011856483,0.26505619506782535,-3.1014504287777096,0.3870435080592948,,,,,,,,
D4-hetero_e25_r089,TA(0.05),0.05718239499999811,0.12,0.10658900383976444,0.141184919025279,23.53381011856483,0.26505619506782535,,,,,,,,
D4-hetero_e25_r089,TA(0.10),0.05622363700000221,0.12,23.53381011856483,0.26505619506782535,0.10658900383976444,0.141184919025279,,,,,,,,
D4-hetero_e25_r089,TA(0.15),0.05720385499999736,0.12,0.10658900383976444,0.141184919025279,23.53381011856483,0.26505619506782535,,,,,,,,
D4-hetero_e25_r089,TA(0.25),0.056607249999999,0.27,-0.11828852213477653,-1.5165463292943697,0.04289865925028481,1.7196403492238932,,,,,,,,
D4-hetero_e25_r089,TA(0.40),0.05665130700000276,0.27,-0.11828852213477653,-1.5165463292943697,0.04289865925028481,1.7196403492238932,,,,,,,,
D4-hetero_e30_r089,adapt,0.055519697000001145,0.2966666666666667,0.01454720968828088,-1.523270287178364,-0.3074939264004611,1.6472874283797285,,,,,,,,
D4-hetero_e30_r089,adaptX,0.06565500899999677,0.2966666666666667,-0.3074939264004611,1.6472874283797285,0.01454720968828088,-1.523270287178364,,,,,,,,
D4-hetero_e30_r089,HA50,0.013105262000003393,,2.3257950202858715,-0.27961411501335237,-22.670650205670487,-0.054321668437586235,,,,,,,,
D4-hetero_e30_r089,TA(0.05),0.05786164199999888,0.11333333333333333,-22.90781218616352,-0.21378072516004856,-0.5186904580766023,-0.18592278508698,,,,,,,,
D4-hetero_e30_r089,TA(0.10),0.05744617300000243,0.11,-0.4710818142308336,-0.14135454521811794,-22.90781218616352,-0.21378072516004856,,,,,,,,
D4-hetero_e30_r089,TA(0.15),0.05933456900000067,0.11666666666666667,-22.90781218616352,-0.21378072516004856,-0.4774669467525611,-0.22937597129685416,,,,,,,,
D4-hetero_e30_r089,TA(0.25),0.057025144999997224,0.11666666666666667,-0.4774669467525611,-0.22937597129685416,-22.670650205670487,-0.054321668437586235,,,,,,,,
D4-hetero_e30_r089,TA(0.40),0.05750304500000425,0.2966666666666667,-0.2768391042965309,1.6521889700157348,0.04187239830548937,-1.5231399502211882,,,,,,,,
D4-hetero_e35_r089,adapt,0.05948194700000187,0.33666666666666667,-0.07214217299925274,1.5307592728109323,0.002730719993413441,-1.4683304140654458,,,,,,,,
D4-hetero_e35_r089,adaptX,0.06453316900000061,0.33666666666666667,0.03708734534322686,-1.467855870280844,-0.12446835475612905,1.5302818778730298,,,,,,,,
D4-hetero_e35_r089,HA50,0.01117818699999873,,4.427464352127201,-0.02689460024805583,-23.23791378075685,-0.45417194633259866,,,,,,,,
D4-hetero_e35_r089,TA(0.05),0.061135528999997746,0.16666666666666666,-23.23791378075685,-0.45417194633259866,-0.020635433044279974,-0.15345887484894746,,,,,,,,
D4-hetero_e35_r089,TA(0.10),0.061094746000001976,0.16666666666666666,-23.23791378075685,-0.45417194633259866,-0.020635433044279974,-0.15345887484894746,,,,,,,,
D4-hetero_e35_r089,TA(0.15),0.06021173399999924,0.17,-0.020635433044279974,-0.15345887484894746,22.12707198482423,0.015975125073318244,,,,,,,,
D4-hetero_e35_r089,TA(0.25),0.06064025399999906,0.17,-0.020635433044279974,-0.15345887484894746,21.658850520582977,-0.23646623736287126,,,,,,,,
D4-hetero_e35_r089,TA(0.40),0.06163854800000479,0.33666666666666667,0.005526039332656861,-1.4685258606364702,-0.06777886970646956,1.5304908826946557,,,,,,,,
D5-leverage_e25_r089,adapt,0.0640441359999997,0.006666666666666667,-2.4133346218508507,0.09255953931579165,2.1967297698430635,-0.14752757803784378,,,,,,,,
D5-leverage_e25_r089,adaptX,0.0725043789999944,0.08666666666666667,-2.3741671981683794,0.055442836272114444,2.198828901098304,-0.13850880131747065,,,,,,,,
D5-leverage_e25_r089,HA50,0.013746500999999967,,2.257225038887583,-0.15365249069649295,-2.4133346218508507,0.09255953931579165,,,,,,,,
D5-leverage_e25_r089,TA(0.05),0.06716154000000074,0.006666666666666667,2.1992770747207624,-0.1401670286305113,-2.4128090322403932,0.10357208648129436,,,,,,,,
D5-leverage_e25_r089,TA(0.10),0.06480560299999638,0.006666666666666667,-2.308449686011295,0.109322399022942,2.2826774634513893,-0.1373435924700037,,,,,,,,
D5-leverage_e25_r089,TA(0.15),0.06664449400000194,0.006666666666666667,-2.353677825537642,0.11225174187192184,2.260157593464691,-0.13404021859318804,,,,,,,,
D5-leverage_e25_r089,TA(0.25),0.06747010799999487,0.006666666666666667,2.3037653511427676,-0.13048957293939387,-2.312771811789693,0.11690824890032897,,,,,,,,
D5-leverage_e25_r089,TA(0.40),0.06600446600000254,0.09,-2.0646531788859783,0.3012120128605218,0.3349650684884959,-1.4551384030689334,,,,,,,,
D5-leverage_e30_r089,adapt,0.05211544399999468,0.01,2.5951434131540183,-0.12095055987533457,-1.9086047422288162,0.07172789695735184,,,,,,,,
D5-leverage_e30_r089,adaptX,0.06154546999999866,0.05,-1.9030504713620648,0.09703421207182374,2.428584063998938,-0.10673357320972078,,,,,,,,
D5-leverage_e30_r089,HA50,0.011480053999996187,,2.677325625641201,-0.09878753575983744,-1.905500384842933,0.09126468909470116,,,,,,,,
D5-leverage_e30_r089,TA(0.05),0.05319489899999752,0.016666666666666666,2.475230617550208,-0.0870793422440503,-1.9022041152162656,0.09517123146828349,,,,,,,,
D5-leverage_e30_r089,TA(0.10),0.052763837000000535,0.02,2.500366251726493,-0.08735832579269572,-1.9022041152162656,0.09517123146828349,,,,,,,,
D5-leverage_e30_r089,TA(0.15),0.05490497400000294,0.02,2.500366251726493,-0.08735832579269572,-1.9022041152162656,0.09517123146828349,,,,,,,,
D5-leverage_e30_r089,TA(0.25),0.055727285999999765,0.02,-1.861968559564705,0.09606934459541559,2.500366251726493,-0.08735832579269572,,,,,,,,
D5-leverage_e30_r089,TA(0.40),0.05309753499999914,0.023333333333333334,2.4770877335827906,-0.0752425817224879,-1.857968607682249,0.10752319764156693,,,,,,,,
D5-leverage_e35_r089,adapt,0.06293146900000579,0.01,2.3133147585949208,-0.1386035056649151,-1.9011512261683197,0.04091307005161938,,,,,,,,
D5-leverage_e35_r089,adaptX,0.07145735299999956,0.01,-1.8462825316558102,0.03504714138419285,2.380430987359692,-0.14620846112184227,,,,,,,,
D5-leverage_e35_r089,HA50,0.014434904000005133,,-1.9999366023938088,0.045895821813736325,2.2929452351754485,-0.13170262714874464,,,,,,,,
D5-leverage_e35_r089,TA(0.05),0.06535966399999893,0.01,-1.9462533631975207,0.04763455958020806,2.260578539597948,-0.131231349797132,,,,,,,,
D5-leverage_e35_r089,TA(0.10),0.06752962000000196,0.01,2.2351829603890745,-0.13061015659976685,-1.9462533631975207,0.04763455958020806,,,,,,,,
D5-leverage_e35_r089,TA(0.15),0.06743984800000646,0.01,2.3541493592929044,-0.14541990861061407,-1.8462825316558102,0.03504714138419285,,,,,,,,
D5-leverage_e35_r089,TA(0.25),0.064849928000001,0.013333333333333334,2.3798195621633647,-0.16118322322553938,-1.8043214078260144,0.017580199608957535,,,,,,,,
D5-leverage_e35_r089,TA(0.40),0.0660136059999985,0.016666666666666666,-2.4782991105294925,0.08257928430990823,1.5834490587307473,-0.0741516428301988,,,,,,,,
D6-uniform_e25_r089,adapt,0.054944383000005814,0.18333333333333332,0.40224700865757285,1.1783760929986464,-0.16587664252414033,-1.6941459197436064,,,,,,,,
D6-uniform_e25_r089,adaptX,0.06224819099999479,0.20666666666666667,-0.11436167308282558,-1.666890694268208,0.107608859391389,1.2854273580698685,,,,,,,,
D6-uniform_e25_r089,HA50,0.011831589999999892,,2.6406507961651497,0.2557640628068762,-3.7314764713668436,-0.14480324639295697,,,,,,,,
D6-uniform_e25_r089,TA(0.05),0.05619653600000163,0.0,-3.7592362899146425,-0.14855549304498236,2.622711430402542,0.2549915386241402,,,,,,,,
D6-uniform_e25_r089,TA(0.10),0.058393256999998755,0.17333333333333334,0.508224861888542,1.20719936986969,-0.17151209723592412,-1.695749506311047,,,,,,,,
D6-uniform_e25_r089,TA(0.15),0.05825022800000568,0.18666666666666668,0.4174476825097573,1.177305605519853,-0.20898473395742376,-1.6726905791497406,,,,,,,,
D6-uniform_e25_r089,TA(0.25),0.05874090900000084,0.20666666666666667,-0.10228226967036541,-1.6664575125281387,0.09801329950420687,1.285855156364836,,,,,,,,
D6-uniform_e25_r089,TA(0.40),0.05690406699999784,0.23333333333333334,0.024133884657032874,-1.6283943730326222,0.021761242957686312,1.404467987762917,,,,,,,,
D6-uniform_e30_r089,adapt,0.05717785299999889,0.15,0.16028080591215763,1.9619358272298615,-0.6061331067968585,-1.3664721084481086,,,,,,,,
D6-uniform_e30_r089,adaptX,0.06171037700000426,0.17333333333333334,-0.4824188542924016,-1.3439714668539882,0.2411426998191344,1.795462850010938,,,,,,,,
D6-uniform_e30_r089,HA50,0.011725812000001667,,4.3622640249029665,0.17634918441378317,-3.145616434138756,-0.01277700624877,,,,,,,,
D6-uniform_e30_r089,TA(0.05),0.05908196699999735,0.0,-2.6359133601154485,-0.21398218213677994,5.101754602106339,-0.07618248813329634,,,,,,,,
D6-uniform_e30_r089,TA(0.10),0.06000577200000379,0.14333333333333334,0.16028080591215763,1.9619358272298615,-0.601862477415268,-1.4099070305026697,,,,,,,,
D6-uniform_e30_r089,TA(0.15),0.05931321700000325,0.13666666666666666,-0.5383555498303785,-1.3340560394290817,0.21325367943118845,1.9658243346914137,,,,,,,,
D6-uniform_e30_r089,TA(0.25),0.05889890999999636,0.17333333333333334,-0.54050574223526,-1.3583507479966765,0.13255932559397007,1.804673494609723,,,,,,,,
D6-uniform_e30_r089,TA(0.40),0.060938935000002914,0.23333333333333334,0.20377456583204373,1.6552649868359688,-0.27293918617268753,-1.6049630726108706,,,,,,,,
D6-uniform_e35_r089,adapt,0.0537716709999998,0.15666666666666668,-0.34265784379909453,1.9305639602125155,-0.05977667013051479,-1.7292487609453728,,,,,,,,
D6-uniform_e35_r089,adaptX,0.061732102000000566,0.15666666666666668,-0.34265784379909453,1.9305639602125155,-0.05977667013051479,-1.7292487609453728,,,,,,,,
D6-uniform_e35_r089,HA50,0.011382908000001635,,2.9053675093434066,0.1629646976296727,-3.5395449454002974,0.17138464038955284,,,,,,,,
D6-uniform_e35_r089,TA(0.05),0.054893383999996104,0.0,3.030555483607822,0.08772591890746996,-3.410973567119021,0.09474888926631833,,,,,,,,
D6-uniform_e35_r089,TA(0.10),0.05470484599999992,0.0,3.030555483607822,0.08772591890746996,-3.410973567119021,0.09474888926631833,,,,,,,,
D6-uniform_e35_r089,TA(0.15),0.05553351599999701,0.13666666666666666,-0.03187871306436576,-1.7477786134852895,-0.5194464526183912,1.9784988833317567,,,,,,,,
D6-uniform_e35_r089,TA(0.25),0.05622962099999995,0.20666666666666667,0.02209962436282938,-1.71436715776909,0.02134010438426903,1.8456683118470754,,,,,,,,
D6-uniform_e35_r089,TA(0.40),0.05685405900000262,0.21666666666666667,0.05560059021602141,-1.7501794284179504,0.10444607174638734,1.6361648959630013,,,,,,,,
D7-p3_e25_r089,adapt,0.26117638200000215,0.2833333333333333,0.02066279916032965,1.4794673316210107,0.9663818907378063,1.0228754892112284,0.026830396300343715,-1.586782709855586,0.9267933366436423,0.9658796621317775,,,,
D7-p3_e25_r089,adaptX,1.947799831999994,0.2833333333333333,0.05347727323975679,-1.5923839586030575,0.9426018358717335,0.9590173308928682,0.027484813483307145,1.4587347559156358,0.9970253596966634,1.036328810182338,,,,
D7-p3_e25_r089,HA50,0.015771125000000552,,19.96456452553758,-3.438432881558988,1.5748716705223718,-0.05900439716822584,-4.154894054325923,-0.5636340225926886,1.2858867156052685,0.3235758032247545,,,,
D7-p3_e25_r089,TA(0.05),0.26463513300000585,0.15,23.045237195317657,-1.4640773218354801,0.8748949044337004,1.2877511770158283,-0.26058534364409597,0.10645710342269984,1.057971573695337,0.928620081053893,,,,
D7-p3_e25_r089,TA(0.10),0.2642775150000034,0.15,-0.26058534364409597,0.10645710342269984,1.057971573695337,0.928620081053893,23.045237195317657,-1.4640773218354801,0.8748949044337004,1.2877511770158283,,,,
D7-p3_e25_r089,TA(0.15),0.26186496100000056,0.13666666666666666,-0.26058534364409597,0.10645710342269984,1.057971573695337,0.928620081053893,-20.360989873240705,0.18858060661050696,1.7665002579852687,0.9403043605482071,,,,
D7-p3_e25_r089,TA(0.25),0.2625665159999997,0.18666666666666668,0.5697961734650634,0.6688842330226936,1.1774569772982495,0.9987584403483807,10.25369177606401,-7.604013760706292,0.5682117205097829,1.4822190709589202,,,,
D7-p3_e25_r089,TA(0.40),0.2633650739999993,0.2833333333333333,0.043912858180560524,-1.5908791167599983,0.9366078800865628,0.9571045358196331,0.03549728538263555,1.4758566582741317,0.9780439271384752,1.017258730850695,,,,
D7-p3_e30_r089,adapt,0.35596975200000003,0.34,-0.24692249394519192,-1.493396906203956,1.0195217236478529,1.0580096262098244,0.05432659029009919,1.4366037348438407,0.9756420811327838,1.0034343583353895,,,,
D7-p3_e30_r089,adaptX,2.001190205999997,0.34,-0.27703461612484037,-1.4962155062882871,0.9815085618353702,1.0297903642712045,0.08739269391024032,1.4345369632208447,0.9999678559920605,1.0271407891185242,,,,
D7-p3_e30_r089,HA50,0.015462497000001463,,3.9042779583129903,0.16680252624045602,0.8955822324632379,1.0067233206836397,-22.087708009688537,0.050254348518106375,1.6592559180949125,1.0722783622743934,,,,
D7-p3_e30_r089,TA(0.05),0.3576514579999994,0.14666666666666667,-0.13340782411291974,-0.02562379030683292,1.1243860353959623,0.9767760353812754,-22.087708009688537,0.050254348518106375,1.6592559180949125,1.0722783622743934,,,,
D7-p3_e30_r089,TA(0.10),0.3586576249999993,0.14666666666666667,-22.087708009688537,0.050254348518106375,1.6592559180949125,1.0722783622743934,-0.13340782411291974,-0.02562379030683292,1.1243860353959623,0.9767760353812754,,,,
D7-p3_e30_r089,TA(0.15),0.35842322999999965,0.15,-0.13340782411291974,-0.02562379030683292,1.1243860353959623,0.9767760353812754,-21.74644825529607,-0.3486208711422866,1.7520430748518738,0.8753800744818188,,,,
D7-p3_e30_r089,TA(0.25),0.35712641999999306,0.17,0.11558322356791807,0.19940033697292572,1.1723618472269808,1.009860358445568,-21.898202040609828,4.333405841579241,2.101425352275567,2.931504881793741,,,,
D7-p3_e30_r089,TA(0.40),0.3570913229999988,0.34,0.09673285977075574,1.428830349253884,0.9786935222123283,0.966525199047352,-0.319746730864121,-1.4858736437924351,1.044352876082178,1.0932037103630405,,,,
D7-p3_e35_r089,adapt,0.28734681699999953,0.3333333333333333,0.02354955891359487,-1.5829819976996824,0.9951701388755921,0.950498925020311,0.25864225274230374,1.5879501684714572,0.9798627796634453,1.0607922761651125,,,,
D7-p3_e35_r089,adaptX,2.427992167999996,0.34,0.013950226614446774,-1.5845519353568018,0.9885133043379345,0.9536540885725008,0.2757407499789085,1.5962062695266315,0.9843907134922639,1.063444396020764,,,,
D7-p3_e35_r089,HA50,0.018941808000001004,,-22.558759370981832,-0.7710609973057306,1.663263867588712,1.2860490139122458,4.316378038339591,0.40224214868889224,1.7176292967217042,0.4995425215054415,,,,
D7-p3_e35_r089,TA(0.05),0.29048789400000175,0.16333333333333333,0.23872328596433048,-0.07668937801083023,1.0350795677315567,0.6716615470223951,-22.558759370981832,-0.7710609973057306,1.663263867588712,1.2860490139122458,,,,
D7-p3_e35_r089,TA(0.10),0.2897679989999986,0.16333333333333333,0.23872328596433048,-0.07668937801083023,1.0350795677315567,0.6716615470223951,-22.558759370981832,-0.7710609973057306,1.663263867588712,1.2860490139122458,,,,
D7-p3_e35_r089,TA(0.15),0.2892378730000047,0.17,0.23872328596433048,-0.07668937801083023,1.0350795677315567,0.6716615470223951,-23.044058921622184,-0.6458272080551609,1.5440739210686116,1.4360033831899277,,,,
D7-p3_e35_r089,TA(0.25),0.2885572090000039,0.18333333333333332,-0.10661820252076458,-0.17486068930472698,1.2612220555277298,0.606017822322899,16.64187839550746,0.02891178380608701,5.142629076053058,0.2921924624527766,,,,
D7-p3_e35_r089,TA(0.40),0.2881209490000032,0.3333333333333333,0.2681998293839687,1.5877359090226213,0.9884547326319068,1.0577863198774236,0.014640190168041231,-1.5845605872180477,0.9887164197682473,0.9537734121432101,,,,
D8-K2par-sep_e25_r089,adapt,0.05387416800000011,0.23333333333333334,3.0113940467812834,0.910314779144749,-3.0341247122465598,1.0093374183299908,,,,,,,,
D8-K2par-sep_e25_r089,adaptX,0.06174383099999403,0.23333333333333334,-3.0341247122465598,1.0093374183299908,3.0113940467812834,0.910314779144749,,,,,,,,
D8-K2par-sep_e25_r089,HA50,0.012297799000002385,,2.5374440389029433,1.2654738186887606,-21.5929677410227,1.0899135670719247,,,,,,,,
D8-K2par-sep_e25_r089,TA(0.05),0.054966411000002324,0.1,-21.5929677410227,1.0899135670719247,-0.3295429552701718,0.7232525111262363,,,,,,,,
D8-K2par-sep_e25_r089,TA(0.10),0.056407738000004315,0.1,-0.3295429552701718,0.7232525111262363,-21.5929677410227,1.0899135670719247,,,,,,,,
D8-K2par-sep_e25_r089,TA(0.15),0.05517927700000058,0.1,-0.3295429552701718,0.7232525111262363,-21.5929677410227,1.0899135670719247,,,,,,,,
D8-K2par-sep_e25_r089,TA(0.25),0.056827767999998,0.23333333333333334,3.0113940467812834,0.910314779144749,-3.0341247122465598,1.0093374183299908,,,,,,,,
D8-K2par-sep_e25_r089,TA(0.40),0.05495158300000469,0.23333333333333334,-3.0341247122465598,1.0093374183299908,3.0113940467812834,0.910314779144749,,,,,,,,
D8-K2par-sep_e30_r089,adapt,0.05703115600000075,0.3,2.9285371485556393,1.0901952815190505,-2.909286421657595,0.9921607833986089,,,,,,,,
D8-K2par-sep_e30_r089,adaptX,0.06365268999999785,0.3,2.9285371485556393,1.0901952815190505,-2.909286421657595,0.9921607833986089,,,,,,,,
D8-K2par-sep_e30_r089,HA50,0.012265138000003617,,-23.440140129293027,0.9716771834672363,3.0201696723705793,1.3379073656522922,,,,,,,,
D8-K2par-sep_e30_r089,TA(0.05),0.05817970500000058,0.12,-23.652467888703132,0.8819542999787408,-0.1481254158726241,1.2380206232818074,,,,,,,,
D8-K2par-sep_e30_r089,TA(0.10),0.05935679099999902,0.12333333333333334,-0.25713788966699014,1.1727103473537013,-23.652467888703132,0.8819542999787408,,,,,,,,
D8-K2par-sep_e30_r089,TA(0.15),0.05938173699999538,0.12333333333333334,-0.31218593213297013,1.1333649802220545,-23.652467888703132,0.8819542999787408,,,,,,,,
D8-K2par-sep_e30_r089,TA(0.25),0.05830596100000207,0.16666666666666666,0.5342554909793181,1.7262575958176762,-16.680071110714035,5.720150520942552,,,,,,,,
D8-K2par-sep_e30_r089,TA(0.40),0.05891725600000086,0.3,-2.909286421657595,0.9921607833986089,2.9285371485556393,1.0901952815190505,,,,,,,,
D8-K2par-sep_e35_r089,adapt,0.057422168999998746,0.38333333333333336,-3.0347438199483663,0.9919182923521659,2.9766724058776375,1.02442626079299,,,,,,,,
D8-K2par-sep_e35_r089,adaptX,0.06339009100000226,0.38333333333333336,2.9766724058776375,1.02442626079299,-3.0347438199483663,0.9919182923521659,,,,,,,,
D8-K2par-sep_e35_r089,HA50,0.013609672999997713,,-24.136362806374937,0.34340876486908595,5.619334855205384,0.9141273908730192,,,,,,,,
D8-K2par-sep_e35_r089,TA(0.05),0.05811950799999721,0.13,23.09500804694,1.5574549213036069,-2.497495509914858,1.0487109999800845,,,,,,,,
D8-K2par-sep_e35_r089,TA(0.10),0.059252555999997014,0.17666666666666667,23.09500804694,1.5574549213036069,-0.3960818884840957,0.9059884104945639,,,,,,,,
D8-K2par-sep_e35_r089,TA(0.15),0.060202838000002146,0.18,-0.01914262435833419,0.7955147531113412,23.09500804694,1.5574549213036069,,,,,,,,
D8-K2par-sep_e35_r089,TA(0.25),0.06061356800000084,0.18333333333333332,23.289395850914513,1.4317526188840095,0.04571573364698145,0.7515401839319086,,,,,,,,
D8-K2par-sep_e35_r089,TA(0.40),0.05968225399999483,0.38333333333333336,2.9766724058776375,1.02442626079299,-3.0347438199483663,0.9919182923521659,,,,,,,,
D1-K2cross_e25_r090,adapt,0.05225605300000069,0.27,-0.07574148732470332,1.4583709381451162,0.0159494868459137,-1.4191332936342878,,,,,,,,
D1-K2cross_e25_r090,adaptX,0.059815522000000954,0.27,0.0159494868459137,-1.4191332936342878,-0.07574148732470332,1.4583709381451162,,,,,,,,
D1-K2cross_e25_r090,HA50,0.008586915999998723,,-23.817453295281712,-0.04780568180287782,3.504376660277647,0.038403512501679775,,,,,,,,
D1-K2cross_e25_r090,TA(0.05),0.05344880699999521,0.13,-23.817453295281712,-0.04780568180287782,-0.032216567841729646,0.1521096296154854,,,,,,,,
D1-K2cross_e25_r090,TA(0.10),0.055373979999998824,0.13,-0.032216567841729646,0.1521096296154854,-23.817453295281712,-0.04780568180287782,,,,,,,,
D1-K2cross_e25_r090,TA(0.15),0.05625969399999775,0.13,-23.817453295281712,-0.04780568180287782,-0.032216567841729646,0.1521096296154854,,,,,,,,
D1-K2cross_e25_r090,TA(0.25),0.055110698000000014,0.27,0.0159494868459137,-1.4191332936342878,-0.07574148732470332,1.4583709381451162,,,,,,,,
D1-K2cross_e25_r090,TA(0.40),0.05508546400000114,0.27,-0.07574148732470332,1.4583709381451162,0.0159494868459137,-1.4191332936342878,,,,,,,,
D1-K2cross_e30_r090,adapt,0.05840608100000111,0.3233333333333333,-0.041847131465251805,1.5457421175708261,0.02977790994080233,-1.4907421879371876,,,,,,,,
D1-K2cross_e30_r090,adaptX,0.06388876399999788,0.3233333333333333,0.02977790994080233,-1.4907421879371876,-0.041847131465251805,1.5457421175708261,,,,,,,,
D1-K2cross_e30_r090,HA50,0.01096780000000308,,3.7972709899130614,0.7942110941088807,-22.28436153680289,0.7917301537164275,,,,,,,,
D1-K2cross_e30_r090,TA(0.05),0.05982599300000402,0.14,0.07277639798462174,0.05763432906798266,-22.28436153680289,0.7917301537164275,,,,,,,,
D1-K2cross_e30_r090,TA(0.10),0.05909840999999716,0.14,-22.28436153680289,0.7917301537164275,0.07277639798462174,0.05763432906798266,,,,,,,,
D1-K2cross_e30_r090,TA(0.15),0.061458678999997574,0.14,-22.28436153680289,0.7917301537164275,0.07277639798462174,0.05763432906798266,,,,,,,,
D1-K2cross_e30_r090,TA(0.25),0.06106923600000158,0.19666666666666666,-0.3049065471626863,0.40011590217220827,17.029299748523975,3.865340133809392,,,,,,,,
D1-K2cross_e30_r090,TA(0.40),0.06047142599999944,0.3233333333333333,0.035004151787356726,-1.490459568182387,-0.04607612721856658,1.5456606033811338,,,,,,,,
D1-K2cross_e35_r090,adapt,0.05527981699999884,0.30666666666666664,-0.10672069683454222,1.5083235381035585,0.021210410025479066,-1.570559896851617,,,,,,,,
D1-K2cross_e35_r090,adaptX,0.057778390999999374,0.30666666666666664,0.021210410025479066,-1.570559896851617,-0.10672069683454222,1.5083235381035585,,,,,,,,
D1-K2cross_e35_r090,HA50,0.011033689999997875,,22.90916917598466,-0.8130627682426086,-3.5603463056804503,-0.10617656634803233,,,,,,,,
D1-K2cross_e35_r090,TA(0.05),0.057667155999993724,0.13666666666666666,22.90916917598466,-0.8130627682426086,0.1607771469908233,-0.10165778626251701,,,,,,,,
D1-K2cross_e35_r090,TA(0.10),0.05689633899999791,0.13666666666666666,22.90916917598466,-0.8130627682426086,0.1607771469908233,-0.10165778626251701,,,,,,,,
D1-K2cross_e35_r090,TA(0.15),0.05604098599999929,0.13666666666666666,22.90916917598466,-0.8130627682426086,0.1607771469908233,-0.10165778626251701,,,,,,,,
D1-K2cross_e35_r090,TA(0.25),0.05739564400000319,0.13666666666666666,0.1607771469908233,-0.10165778626251701,22.90916917598466,-0.8130627682426086,,,,,,,,
D1-K2cross_e35_r090,TA(0.40),0.05876310800000084,0.30666666666666664,0.021210410025479066,-1.570559896851617,-0.10672069683454222,1.5083235381035585,,,,,,,,
D2-K3par_e25_r090,adapt,0.36297064000000034,0.13,2.7158119069122963,0.9880469939978758,-22.139449108796452,1.3068103503178772,-1.6372491307094046,0.743630568904817,,,,,,
D2-K3par_e25_r090,adaptX,0.2595360330000034,0.28,3.102023830390118,1.0815318534573424,-2.935895112831666,0.9597745419186097,0.08798721665160016,1.102076113364773,,,,,,
D2-K3par_e25_r090,HA50,0.016716822999995884,,22.51661562372522,1.534826621811723,0.4792664172162394,1.0103645149071048,-22.139449108796452,1.3068103503178772,,,,,,
D2-K3par_e25_r090,TA(0.05),0.36663339900000125,0.0,-22.139449108796452,1.3068103503178772,22.51661562372522,1.534826621811723,0.4792664172162394,1.0103645149071048,,,,,,
D2-K3par_e25_r090,TA(0.10),0.36638108500000044,0.04,22.856571760563455,1.763753989577314,-15.995781820809455,5.704077022630025,0.9249239300118961,1.3072658019129666,,,,,,
D2-K3par_e25_r090,TA(0.15),0.365994072999996,0.13333333333333333,-22.139449108796452,1.3068103503178772,2.7362592132270507,0.895758618928834,-1.6415021605487718,0.6299782112177841,,,,,,
D2-K3par_e25_r090,TA(0.25),0.36661467599999753,0.19,-1.61247784065946,0.63292248626016,2.6853200748618486,0.8225210456492975,-13.997579584848362,7.410197048498832,,,,,,
D2-K3par_e25_r090,TA(0.40),0.3654498340000032,0.28,-2.6778362052796214,0.8300854519129833,0.21655390188540508,1.0235178668705123,3.1049173557069425,1.0605621968966688,,,,,,
D2-K3par_e30_r090,adapt,0.39225792399999904,0.13,-2.2453073248685924,0.8424149173714464,-22.967746624949022,1.457855577436732,2.250991269863126,1.1071894932893787,,,,,,
D2-K3par_e30_r090,adaptX,0.4255570970000022,0.13,-2.392163669001558,0.9455183648958234,2.167041087347513,1.1696933019686135,-22.78641219731398,1.2893171752140218,,,,,,
D2-K3par_e30_r090,HA50,0.0162840289999977,,23.196645172011173,0.3131938385718147,0.0993429280075273,0.9849500047232855,-22.426500225089388,1.1053182004445372,,,,,,
D2-K3par_e30_r090,TA(0.05),0.3943805759999961,0.0033333333333333335,-22.426500225089388,1.1053182004445372,0.0993429280075273,0.9849500047232855,22.91433401818384,0.00016140334609394464,,,,,,
D2-K3par_e30_r090,TA(0.10),0.39454557700000237,0.0,23.196645172011173,0.3131938385718147,-22.426500225089388,1.1053182004445372,0.0993429280075273,0.9849500047232855,,,,,,
D2-K3par_e30_r090,TA(0.15),0.3930649480000028,0.13,2.250991269863126,1.1071894932893787,-2.2453073248685924,0.8424149173714464,-22.78641219731398,1.2893171752140218,,,,,,
D2-K3par_e30_r090,TA(0.25),0.394602220000003,0.13,2.243041270788038,1.075796323257468,-22.78641219731398,1.2893171752140218,-2.253876168350603,0.8100700180405319,,,,,,
D2-K3par_e30_r090,TA(0.40),0.39526176199999696,0.31,-3.087920837099303,0.9718158752359599,3.0166187398140325,1.2088695236746858,0.047803697435465295,1.125281458161392,,,,,,
D2-K3par_e35_r090,adapt,0.38472548200000034,0.0,-22.621631187220412,1.0139538810316155,-0.09389957504434547,0.9075634274200806,22.77719182804893,0.3414826371039,,,,,,
D2-K3par_e35_r090,adaptX,0.3717546309999946,0.006666666666666667,-0.09389957504434547,0.9075634274200806,22.77719182804893,0.3414826371039,-23.020217346927254,1.2339179760774461,,,,,,
D2-K3par_e35_r090,HA50,0.017948681000000022,,22.77719182804893,0.3414826371039,-22.621631187220412,1.0139538810316155,-0.09389957504434547,0.9075634274200806,,,,,,
D2-K3par_e35_r090,TA(0.05),0.3883908259999984,0.0,22.77719182804893,0.3414826371039,-0.09389957504434547,0.9075634274200806,-22.621631187220412,1.0139538810316155,,,,,,
D2-K3par_e35_r090,TA(0.10),0.3890485410000011,0.0,-0.09389957504434547,0.9075634274200806,22.77719182804893,0.3414826371039,-22.621631187220412,1.0139538810316155,,,,,,
D2-K3par_e35_r090,TA(0.15),0.3886789379999982,0.0,22.77719182804893,0.3414826371039,-0.09389957504434547,0.9075634274200806,-22.621631187220412,1.0139538810316155,,,,,,
D2-K3par_e35_r090,TA(0.25),0.3881776180000003,0.19,-23.020217346927254,1.2339179760774461,-2.4878696420872375,1.028807338026773,2.217340276076318,0.8024531555243496,,,,,,
D2-K3par_e35_r090,TA(0.40),0.3890721459999966,0.38333333333333336,-3.002451890955717,1.0706190101105926,3.159724520631421,0.8685647285316103,0.0803719006564194,0.9179843014882542,,,,,,
D3-unequal_e25_r090,adapt,0.0800940689999976,0.25666666666666665,0.22858884112596162,1.4714759585502772,-0.12812356676541314,-1.4985167803961539,,,,,,,,
D3-unequal_e25_r090,adaptX,0.08457218699999913,0.26,-0.11067630988749591,-1.4952659483450739,0.22858884112596162,1.4714759585502772,,,,,,,,
D3-unequal_e25_r090,HA50,0.013038782999998944,,22.677138458442,-1.3149274730813145,-3.08326644817438,-0.6174404880835094,,,,,,,,
D3-unequal_e25_r090,TA(0.05),0.08290973300000104,0.14666666666666667,22.677138458442,-1.3149274730813145,-0.011009580732970701,-0.8745110483976246,,,,,,,,
D3-unequal_e25_r090,TA(0.10),0.082918927999998,0.14666666666666667,22.677138458442,-1.3149274730813145,0.01830353593252539,-0.9071371669612174,,,,,,,,
D3-unequal_e25_r090,TA(0.15),0.08075693199999989,0.17333333333333334,22.677138458442,-1.3149274730813145,-0.04187098115988137,-1.0550946838174742,,,,,,,,
D3-unequal_e25_r090,TA(0.25),0.08235328899999672,0.25666666666666665,-0.12812356676541314,-1.4985167803961539,0.22858884112596162,1.4714759585502772,,,,,,,,
D3-unequal_e25_r090,TA(0.40),0.0817137899999949,0.3433333333333333,1.159639655338331,-1.263720357836523,-0.8021038280282528,-1.4058864224127359,,,,,,,,
D3-unequal_e30_r090,adapt,0.07354974199999731,0.2833333333333333,0.02843112632502822,1.391986845628014,0.0014576235653835873,-1.4451772881802456,,,,,,,,
D3-unequal_e30_r090,adaptX,0.08718301399999717,0.2833333333333333,0.02843112632502822,1.391986845628014,0.0014576235653835873,-1.4451772881802456,,,,,,,,
D3-unequal_e30_r090,HA50,0.012996678000000372,,3.033313526525761,-0.7812530211855697,-22.312924677383936,0.2700015135028394,,,,,,,,
D3-unequal_e30_r090,TA(0.05),0.07560599199999984,0.11,-0.08297913708560745,-0.595249410382911,-22.312924677383936,0.2700015135028394,,,,,,,,
D3-unequal_e30_r090,TA(0.10),0.07716637899999768,0.11333333333333333,-0.08297913708560745,-0.595249410382911,-22.51957260404092,0.4707106538509752,,,,,,,,
D3-unequal_e30_r090,TA(0.15),0.07526957600000372,0.11333333333333333,-0.08297913708560745,-0.595249410382911,-22.51957260404092,0.4707106538509752,,,,,,,,
D3-unequal_e30_r090,TA(0.25),0.07444952800000237,0.19,-0.1686703202823959,-1.1602871827573937,-22.312924677383936,0.2700015135028394,,,,,,,,
D3-unequal_e30_r090,TA(0.40),0.07553692999999839,0.2833333333333333,0.0014576235653835873,-1.4451772881802456,0.02843112632502822,1.391986845628014,,,,,,,,
D3-unequal_e35_r090,adapt,0.07229336800000397,0.36,0.13199208195819875,-1.4855657269964866,0.11991633469441094,1.5390550037100028,,,,,,,,
D3-unequal_e35_r090,adaptX,0.08049631800000157,0.36,0.11991633469441094,1.5390550037100028,0.13199208195819875,-1.4855657269964866,,,,,,,,
D3-unequal_e35_r090,HA50,0.015032452999996337,,-23.31008810648609,-0.23324637260971898,4.567289296175826,-0.6557889383392276,,,,,,,,
D3-unequal_e35_r090,TA(0.05),0.07535851899999813,0.16,-23.31008810648609,-0.23324637260971898,0.10841277995472515,-0.3794122063438416,,,,,,,,
D3-unequal_e35_r090,TA(0.10),0.07453968299999758,0.16,-23.31008810648609,-0.23324637260971898,0.10841277995472515,-0.3794122063438416,,,,,,,,
D3-unequal_e35_r090,TA(0.15),0.07498275000000376,0.16,0.10841277995472515,-0.3794122063438416,-23.31008810648609,-0.23324637260971898,,,,,,,,
D3-unequal_e35_r090,TA(0.25),0.07416786499999972,0.16,0.10841277995472515,-0.3794122063438416,-23.31008810648609,-0.23324637260971898,,,,,,,,
D3-unequal_e35_r090,TA(0.40),0.07474619199999921,0.36,0.11991633469441094,1.5390550037100028,0.13199208195819875,-1.4855657269964866,,,,,,,,
D4-hetero_e25_r090,adapt,0.058110181000003536,0.27666666666666667,-0.0747105327264018,1.579380124994422,0.047517876597464564,-1.4425432295512948,,,,,,,,
D4-hetero_e25_r090,adaptX,0.06376456000000275,0.27666666666666667,-0.0747105327264018,1.579380124994422,0.047517876597464564,-1.4425432295512948,,,,,,,,
D4-hetero_e25_r090,HA50,0.013519137000002956,,-3.530238565098942,0.35918162330491954,23.072440235612873,-0.06710256853339225,,,,,,,,
D4-hetero_e25_r090,TA(0.05),0.05925029800000203,0.13,-0.23368781746196607,0.25949939524074356,23.072440235612873,-0.06710256853339225,,,,,,,,
D4-hetero_e25_r090,TA(0.10),0.059406295999998804,0.13,-0.23368781746196607,0.25949939524074356,23.072440235612873,-0.06710256853339225,,,,,,,,
D4-hetero_e25_r090,TA(0.15),0.06060442000000421,0.13,-0.23368781746196607,0.25949939524074356,23.072440235612873,-0.06710256853339225,,,,,,,,
D4-hetero_e25_r090,TA(0.25),0.0594793560000042,0.18,-13.848083166857034,4.169068944451795,0.40137185451044655,0.7607147925013257,,,,,,,,
D4-hetero_e25_r090,TA(0.40),0.060167346000000066,0.27666666666666667,-0.08875316800658792,1.5782475421539641,0.0497446480700977,-1.4436249320866783,,,,,,,,
D4-hetero_e30_r090,adapt,0.05667919800000476,0.33666666666666667,-0.1435388047889558,1.699112182136434,-0.07169698299576382,-1.4983664330359914,,,,,,,,
D4-hetero_e30_r090,adaptX,0.06220983200000063,0.33666666666666667,-0.1302411129845333,1.6958098143944706,-0.05829998178754402,-1.5028555459376929,,,,,,,,
D4-hetero_e30_r090,HA50,0.013289522000000886,,-22.010822589479336,-0.7945762078743414,3.9942459731363256,0.6274939005780363,,,,,,,,
D4-hetero_e30_r090,TA(0.05),0.05756808800000357,0.15333333333333332,-22.010822589479336,-0.7945762078743414,-0.19008739158688812,0.19970798098815354,,,,,,,,
D4-hetero_e30_r090,TA(0.10),0.05752750699999609,0.15333333333333332,-22.21118153751929,-0.9982909781639894,-0.19008739158688812,0.19970798098815354,,,,,,,,
D4-hetero_e30_r090,TA(0.15),0.05799500800000601,0.15333333333333332,-0.19008739158688812,0.19970798098815354,-22.21118153751929,-0.9982909781639894,,,,,,,,
D4-hetero_e30_r090,TA(0.25),0.05822277900000472,0.21,-13.343627456546335,-6.8397059450884425,-0.6072900001087389,0.5476469778879465,,,,,,,,
D4-hetero_e30_r090,TA(0.40),0.058640630999995835,0.3333333333333333,-0.21478733255644786,1.6956175813077032,-0.08821737285306273,-1.4931129395159082,,,,,,,,
D4-hetero_e35_r090,adapt,0.05753592499999627,0.37666666666666665,0.10411374900491711,-1.5002788507336442,-0.1196732106694583,1.7476632291981478,,,,,,,,
D4-hetero_e35_r090,adaptX,0.06658913500000097,0.37666666666666665,-0.022673866477666966,1.6798281082343842,0.10132469033661283,-1.5001155596667621,,,,,,,,
D4-hetero_e35_r090,HA50,0.01214182799999719,,-22.748830291189257,0.26905065430802266,4.7004295748989255,-0.2949402135898004,,,,,,,,
D4-hetero_e35_r090,TA(0.05),0.06043320300000232,0.15666666666666668,0.236684550531808,-0.055038570758073564,-22.748830291189257,0.26905065430802266,,,,,,,,
D4-hetero_e35_r090,TA(0.10),0.05904827199999829,0.16,0.17005530023447146,0.00684390493063337,-22.748830291189257,0.26905065430802266,,,,,,,,
D4-hetero_e35_r090,TA(0.15),0.05962107799999927,0.16,0.17005530023447146,0.00684390493063337,-22.911412690928017,0.3799153281758748,,,,,,,,
D4-hetero_e35_r090,TA(0.25),0.06032999399999994,0.16,-22.911412690928017,0.3799153281758748,0.17005530023447146,0.00684390493063337,,,,,,,,
D4-hetero_e35_r090,TA(0.40),0.058528096999999946,0.37666666666666665,0.09678904289184846,-1.5006437323194672,-0.028317602372513143,1.6795225801358356,,,,,,,,
D5-leverage_e25_r090,adapt,0.06123660600000136,0.0033333333333333335,-2.056085005583774,0.056071932088865836,2.301362360284055,-0.10493016769221249,,,,,,,,
D5-leverage_e25_r090,adaptX,0.07545565800000276,0.11,2.4423572399353373,-0.1325236426257932,-1.740930167147134,-0.015258653235800938,,,,,,,,
D5-leverage_e25_r090,HA50,0.013246963999996808,,-2.1785373346207786,0.06471547811252636,2.2038988418148606,-0.09363237980925081,,,,,,,,
D5-leverage_e25_r090,TA(0.05),0.06306206000000003,0.0033333333333333335,2.461733456593472,-0.13215690847263564,-1.8617739069856987,0.017179444814117675,,,,,,,,
D5-leverage_e25_r090,TA(0.10),0.06470407500000164,0.0,2.4394149625854324,-0.12153388442486482,-1.9215411493219765,0.040995181811956605,,,,,,,,
D5-leverage_e25_r090,TA(0.15),0.0654462860000038,0.006666666666666667,-1.713380130357861,0.019087683773066102,2.5080436007819467,-0.12449933926195705,,,,,,,,
D5-leverage_e25_r090,TA(0.25),0.06276890999999551,0.01,-1.6484822478494092,-0.007078919930033857,2.518940430399848,-0.13890052276102843,,,,,,,,
D5-leverage_e25_r090,TA(0.40),0.06392155300000013,0.08333333333333333,2.0412247347723067,-0.24401924648860374,-0.2553920838687608,1.5117037451908049,,,,,,,,
D5-leverage_e30_r090,adapt,0.054214958999999396,0.016666666666666666,-2.099390362284353,0.10895714188489132,2.292830244038543,-0.0681020470884581,,,,,,,,
D5-leverage_e30_r090,adaptX,0.06005770500000551,0.08,2.362814129469349,-0.07469669107294692,-1.9943941685681694,0.08426866187433936,,,,,,,,
D5-leverage_e30_r090,HA50,0.011187198999998316,,-2.1516764709709815,0.10748869447513623,2.3666260491372233,-0.07613540921737533,,,,,,,,
D5-leverage_e30_r090,TA(0.05),0.057364382999999464,0.016666666666666666,-2.099390362284353,0.10895714188489132,2.251036570405987,-0.06044861748402535,,,,,,,,
D5-leverage_e30_r090,TA(0.10),0.056719154999996135,0.016666666666666666,2.251036570405987,-0.06044861748402535,-2.1224714203251733,0.1088823024434594,,,,,,,,
D5-leverage_e30_r090,TA(0.15),0.056902498999996,0.01,2.42734341161167,-0.08500543855482307,-1.9776282914663217,0.09372149611187171,,,,,,,,
D5-leverage_e30_r090,TA(0.25),0.056205970000000605,0.016666666666666666,1.8048272781753076,-0.0029915756238428188,-2.4983302111773846,0.15365437870177967,,,,,,,,
D5-leverage_e30_r090,TA(0.40),0.057355239999999696,0.016666666666666666,1.430306983054744,0.05976461174869597,-2.751996664415711,0.1924639075551433,,,,,,,,
D5-leverage_e35_r090,adapt,0.06552915099999979,0.013333333333333334,-2.230815831896585,0.07280955059509439,2.6000813957479396,-0.10843809214172746,,,,,,,,
D5-leverage_e35_r090,adaptX,0.06839523900000444,0.013333333333333334,-2.235440352339563,0.06564231195063173,2.592304191509591,-0.11536673271316109,,,,,,,,
D5-leverage_e35_r090,HA50,0.013869083000003002,,2.6744768422773273,-0.10611609273208794,-2.281988488381043,0.08272206285072267,,,,,,,,
D5-leverage_e35_r090,TA(0.05),0.06802817500000202,0.013333333333333334,-2.235440352339563,0.06564231195063173,2.592304191509591,-0.11536673271316109,,,,,,,,
D5-leverage_e35_r090,TA(0.10),0.06767098899999979,0.013333333333333334,2.6000813957479396,-0.10843809214172746,-2.230815831896585,0.07280955059509439,,,,,,,,
D5-leverage_e35_r090,TA(0.15),0.06678065599999883,0.013333333333333334,-2.230815831896585,0.07280955059509439,2.6000813957479396,-0.10843809214172746,,,,,,,,
D5-leverage_e35_r090,TA(0.25),0.06859281500000236,0.05333333333333334,-1.982820796019103,0.4538211220060719,2.2413744749907374,-0.4580195975322193,,,,,,,,
D5-leverage_e35_r090,TA(0.40),0.0672879510000044,0.05333333333333334,-1.9604264328382408,0.45398369550869916,2.2368564450484474,-0.45674365957012514,,,,,,,,
D6-uniform_e25_r090,adapt,0.055012609999998574,0.18666666666666668,0.2760576045899079,-1.4710570362092472,-0.2490486455876758,1.2831014520864539,,,,,,,,
D6-uniform_e25_r090,adaptX,0.06271578800000555,0.19,0.24402937634970673,-1.4629877456096707,-0.24111955376284058,1.2839681841458763,,,,,,,,
D6-uniform_e25_r090,HA50,0.012328038999996238,,-1.6851826648278205,0.10043476762062929,4.8100227780764975,-0.10505097522672106,,,,,,,,
D6-uniform_e25_r090,TA(0.05),0.05640383499999757,0.056666666666666664,-2.552530460863515,-0.01966273122690837,2.839066900315743,-0.4414333997490854,,,,,,,,
D6-uniform_e25_r090,TA(0.10),0.05692433300000488,0.19,-0.24441493236378953,1.2833136758017287,0.23146892125209603,-1.5049755621669563,,,,,,,,
D6-uniform_e25_r090,TA(0.15),0.055869827999998734,0.19,-0.24441493236378953,1.2833136758017287,0.23146892125209603,-1.5049755621669563,,,,,,,,
D6-uniform_e25_r090,TA(0.25),0.05565922600000306,0.22,0.22642413718080484,-1.467513902479676,-0.0720362402177212,1.478450143246659,,,,,,,,
D6-uniform_e25_r090,TA(0.40),0.057609911000000125,0.21666666666666667,-0.0720362402177212,1.478450143246659,0.23252579652680375,-1.4287763178064943,,,,,,,,
D6-uniform_e30_r090,adapt,0.054270965000000615,0.0,-2.644017184578815,-0.3867552711487757,4.494158380688926,-0.019229761061264464,,,,,,,,
D6-uniform_e30_r090,adaptX,0.06267013999999449,0.13333333333333333,1.0760850954178718,1.8127532289459827,-0.6515266001219995,-1.9136738909224413,,,,,,,,
D6-uniform_e30_r090,HA50,0.011840983000006133,,-2.8170227006821937,-0.2847422185467511,4.430442610818435,-0.03397276071773476,,,,,,,,
D6-uniform_e30_r090,TA(0.05),0.056628385999999864,0.01,-2.3127453735058636,-0.48810954192801587,5.015315068915979,-0.12669067547142657,,,,,,,,
D6-uniform_e30_r090,TA(0.10),0.05629369400000428,0.11,1.2655949088023848,1.8800860808187316,-0.6488798915738015,-1.9121908955934224,,,,,,,,
D6-uniform_e30_r090,TA(0.15),0.05584774300000106,0.10333333333333333,0.9781241180209145,1.928847738875493,-1.0029311276085657,-1.7972229392227828,,,,,,,,
D6-uniform_e30_r090,TA(0.25),0.05522126900000046,0.14666666666666667,0.629672766669534,1.6011762748469198,-0.6690788514921095,-1.885023149218664,,,,,,,,
D6-uniform_e30_r090,TA(0.40),0.055692641999996795,0.15,-0.5626624634696125,-1.8911895134230203,0.6455656432619223,1.6561399578152796,,,,,,,,
D6-uniform_e35_r090,adapt,0.05469993199999834,0.0,2.6589370187094183,-0.07297947862728288,-4.7358336091851125,-0.07291236770553042,,,,,,,,
D6-uniform_e35_r090,adaptX,0.06486745299999797,0.0,2.763130409511614,-0.09259419393833004,-4.593491126525346,-0.1138359597458368,,,,,,,,
D6-uniform_e35_r090,HA50,0.012496797999993703,,-4.7358336091851125,-0.07291236770553042,2.6589370187094183,-0.07297947862728288,,,,,,,,
D6-uniform_e35_r090,TA(0.05),0.05818812599999745,0.0,-4.762388177496372,-0.08145596678884419,2.6326269052984093,-0.0850590079594391,,,,,,,,
D6-uniform_e35_r090,TA(0.10),0.05696781700000031,0.0,-4.790200654930162,-0.07547094308596237,2.6105005395955065,-0.08293969084745444,,,,,,,,
D6-uniform_e35_r090,TA(0.15),0.058986644000000865,0.0,-5.01141460859277,-0.07769145352081706,2.419248487575706,-0.1172891200235853,,,,,,,,
D6-uniform_e35_r090,TA(0.25),0.05947390500000438,0.06666666666666667,-0.08064047093927211,2.0620971435789497,-1.2112351457581951,-1.9056369127317698,,,,,,,,
D6-uniform_e35_r090,TA(0.40),0.05534334200000046,0.1,-0.8832814334441477,-1.8058338204082327,-0.017573823660801183,1.9867912512589678,,,,,,,,
D7-p3_e25_r090,adapt,0.24480826700000335,0.24333333333333335,0.014727699332282589,1.4975837666234302,1.0508409021261258,0.9554287528570404,-0.0312788799822772,-1.5404126172290245,0.9498436368610981,1.1077330477067513,,,,
D7-p3_e25_r090,adaptX,2.040653103000004,0.25666666666666665,-0.0312788799822772,-1.5404126172290245,0.9498436368610981,1.1077330477067513,0.036192683123710045,1.5014324210706802,1.0517009199503158,0.9547194750423403,,,,
D7-p3_e25_r090,HA50,0.010313107000001764,,-23.247488384297657,-0.043641264375581766,1.5736182460810393,1.3675808784214953,3.0178846742090957,0.35807714868052426,0.7423373007104007,0.9713895651479579,,,,
D7-p3_e25_r090,TA(0.05),0.24707638299999957,0.11666666666666667,-0.15537221756687222,0.05558134889661892,0.9653894696308863,1.017861804340834,22.013921268510124,0.5215313960976661,1.5365317134147565,1.0424034444924541,,,,
D7-p3_e25_r090,TA(0.10),0.24654703699999914,0.11666666666666667,-0.15537221756687222,0.05558134889661892,0.9653894696308863,1.017861804340834,22.013921268510124,0.5215313960976661,1.5365317134147565,1.0424034444924541,,,,
D7-p3_e25_r090,TA(0.15),0.24744796400000268,0.11666666666666667,-0.15537221756687222,0.05558134889661892,0.9653894696308863,1.017861804340834,22.013921268510124,0.5215313960976661,1.5365317134147565,1.0424034444924541,,,,
D7-p3_e25_r090,TA(0.25),0.24624297500000125,0.24333333333333335,0.014727699332282589,1.4975837666234302,1.0508409021261258,0.9554287528570404,-0.0312788799822772,-1.5404126172290245,0.9498436368610981,1.1077330477067513,,,,
D7-p3_e25_r090,TA(0.40),0.247437927,0.24333333333333335,0.013310300708623848,1.4976856820722324,1.0514984738400772,0.955025012230169,-0.02924758318063993,-1.540677284610392,0.948668207411901,1.1083750777265293,,,,
D7-p3_e30_r090,adapt,0.2917395619999965,0.2833333333333333,0.1884113581727542,-1.6376368635234242,0.8997643348571047,0.8816430823876292,-0.14236169142172356,1.5089356707998645,1.0386602893981345,1.0639876309504381,,,,
D7-p3_e30_r090,adaptX,2.3376325970000025,0.2866666666666667,0.16882021437698738,-1.6565089584160364,0.8801744124783276,0.8621786075904739,-0.14236169142172356,1.5089356707998645,1.0386602893981345,1.0639876309504381,,,,
D7-p3_e30_r090,HA50,0.01041024100000243,,2.991548376481438,-0.36197881442450286,0.8304213420808021,1.402782200598272,-23.1093880902385,0.24167124897491238,0.24929321731724466,-0.17654269191890865,,,,
D7-p3_e30_r090,TA(0.05),0.2940825129999993,0.11,0.07185381228468503,0.12785488083747262,1.1107970127955378,0.971429258659615,-23.1093880902385,0.24167124897491238,0.24929321731724466,-0.17654269191890865,,,,
D7-p3_e30_r090,TA(0.10),0.29237523300000134,0.11,-23.1093880902385,0.24167124897491238,0.24929321731724466,-0.17654269191890865,0.07185381228468503,0.12785488083747262,1.1107970127955378,0.971429258659615,,,,
D7-p3_e30_r090,TA(0.15),0.2947293029999969,0.11,0.07185381228468503,0.12785488083747262,1.1107970127955378,0.971429258659615,-23.1093880902385,0.24167124897491238,0.24929321731724466,-0.17654269191890865,,,,
D7-p3_e30_r090,TA(0.25),0.29374101799999863,0.2833333333333333,-0.14236169142172356,1.5089356707998645,1.0386602893981345,1.0639876309504381,0.1884113581727542,-1.6376368635234242,0.8997643348571047,0.8816430823876292,,,,
D7-p3_e30_r090,TA(0.40),0.29461532599999884,0.2833333333333333,0.17339676398670972,-1.6335142825309839,0.8937573800217031,0.8740549893625305,-0.15662858979259572,1.5135207655702971,1.031177004293949,1.055653456894137,,,,
D7-p3_e35_r090,adapt,0.2589945849999964,0.3466666666666667,0.09157031033391444,-1.5277287726725552,1.0399966227655593,1.1035472636230785,0.22432852999300854,1.5990838032405934,1.0163452879300865,1.0851263500790427,,,,
D7-p3_e35_r090,adaptX,2.322109176000005,0.35,0.09157031033391444,-1.5277287726725552,1.0399966227655593,1.1035472636230785,0.23421714706194938,1.5928752234010306,1.0093084752269756,1.0912433404795228,,,,
D7-p3_e35_r090,HA50,0.013805344999994418,,22.000949758737924,0.05133212332695235,1.052923922313194,1.082580586781755,-4.464251086495306,0.3091208383928572,0.6851262196105621,0.700829769217968,,,,
D7-p3_e35_r090,TA(0.05),0.26237606299999783,0.16,-0.14130786207439086,-0.024679777996988603,1.1627724540098827,0.8215426896037112,21.922395572886437,0.2578281666838116,1.2151103330339519,0.9984639683138052,,,,
D7-p3_e35_r090,TA(0.10),0.25979365499999574,0.16,-0.14130786207439086,-0.024679777996988603,1.1627724540098827,0.8215426896037112,21.922395572886437,0.2578281666838116,1.2151103330339519,0.9984639683138052,,,,
D7-p3_e35_r090,TA(0.15),0.2609814379999946,0.16,-0.14130786207439086,-0.024679777996988603,1.1627724540098827,0.8215426896037112,21.922395572886437,0.2578281666838116,1.2151103330339519,0.9984639683138052,,,,
D7-p3_e35_r090,TA(0.25),0.2611848239999972,0.19333333333333333,-0.0799909349205261,-0.06845292648698456,1.172336431737176,0.814732071135739,-21.45127017448757,1.187775912089886,0.9950254654159808,1.8314129259026355,,,,
D7-p3_e35_r090,TA(0.40),0.2607990190000038,0.3466666666666667,0.10790054776070669,-1.5289682259533417,1.0364601368339703,1.064933110965639,0.20798930577302288,1.5886355427588734,1.0166777367109137,1.0490897635201462,,,,
D8-K2par-sep_e25_r090,adapt,0.05488520300000488,0.25666666666666665,-2.83897702318659,0.9935068145560674,2.9066709556128743,1.012318997890482,,,,,,,,
D8-K2par-sep_e25_r090,adaptX,0.06206415699999468,0.25666666666666665,2.9066709556128743,1.012318997890482,-2.83897702318659,0.9935068145560674,,,,,,,,
D8-K2par-sep_e25_r090,HA50,0.010681710000000066,,-22.254218424191112,1.271587524384457,2.926367041281257,0.6166964516289691,,,,,,,,
D8-K2par-sep_e25_r090,TA(0.05),0.05708166499999834,0.11333333333333333,-0.18439082425147868,1.0210667399006295,-22.254218424191112,1.271587524384457,,,,,,,,
D8-K2par-sep_e25_r090,TA(0.10),0.05875707999999946,0.11333333333333333,-22.254218424191112,1.271587524384457,-0.18439082425147868,1.0210667399006295,,,,,,,,
D8-K2par-sep_e25_r090,TA(0.15),0.05761089800000008,0.11333333333333333,-0.18439082425147868,1.0210667399006295,-22.254218424191112,1.271587524384457,,,,,,,,
D8-K2par-sep_e25_r090,TA(0.25),0.05587462099999385,0.25666666666666665,2.9066709556128743,1.012318997890482,-2.83897702318659,0.9935068145560674,,,,,,,,
D8-K2par-sep_e25_r090,TA(0.40),0.05935224800000327,0.25666666666666665,2.9066709556128743,1.012318997890482,-2.83897702318659,0.9935068145560674,,,,,,,,
D8-K2par-sep_e30_r090,adapt,0.06526563499999583,0.31666666666666665,3.102515844545328,1.0433128212163907,-3.1493857586058627,1.0858737223080286,,,,,,,,
D8-K2par-sep_e30_r090,adaptX,0.07814842200000527,0.31666666666666665,-3.1493857586058627,1.0858737223080286,3.102515844545328,1.0433128212163907,,,,,,,,
D8-K2par-sep_e30_r090,HA50,0.012488718999996706,,3.814122224700682,1.3518701460194458,-21.77838833762679,1.5272643361756768,,,,,,,,
D8-K2par-sep_e30_r090,TA(0.05),0.06845693999999725,0.13333333333333333,0.09720012596594431,1.0412735913082436,-21.77838833762679,1.5272643361756768,,,,,,,,
D8-K2par-sep_e30_r090,TA(0.10),0.06857264799999996,0.13333333333333333,-0.04318184700772563,0.9686653007208412,-21.77838833762679,1.5272643361756768,,,,,,,,
D8-K2par-sep_e30_r090,TA(0.15),0.06640911899999935,0.13333333333333333,-21.77838833762679,1.5272643361756768,-0.04318184700772563,0.9686653007208412,,,,,,,,
D8-K2par-sep_e30_r090,TA(0.25),0.06618778400000025,0.15,0.4713665937118911,0.5639585268756785,-15.993118444554966,-2.2422993925606796,,,,,,,,
D8-K2par-sep_e30_r090,TA(0.40),0.06930494800000275,0.31666666666666665,3.102515844545328,1.0433128212163907,-3.1493857586058627,1.0858737223080286,,,,,,,,
D8-K2par-sep_e35_r090,adapt,0.05868405399999688,0.36333333333333334,-3.0545182896844327,1.0564481958895944,3.1448184409911097,0.878234117870973,,,,,,,,
D8-K2par-sep_e35_r090,adaptX,0.059713676000001215,0.36333333333333334,3.1448184409911097,0.878234117870973,-3.0545182896844327,1.0564481958895944,,,,,,,,
D8-K2par-sep_e35_r090,HA50,0.011652677000000722,,-4.075020093286445,0.5017056128377223,22.64807550071256,1.1276846809179168,,,,,,,,
D8-K2par-sep_e35_r090,TA(0.05),0.06191098000000039,0.15,-0.4034323474164426,0.47058011647579406,22.64807550071256,1.1276846809179168,,,,,,,,
D8-K2par-sep_e35_r090,TA(0.10),0.06013880999999799,0.15666666666666668,0.12706865933380324,0.5210843216254671,22.64807550071256,1.1276846809179168,,,,,,,,
D8-K2par-sep_e35_r090,TA(0.15),0.06010980699999635,0.16,22.64807550071256,1.1276846809179168,0.32537059296450593,0.6661922300494768,,,,,,,,
D8-K2par-sep_e35_r090,TA(0.25),0.06119217900000251,0.16333333333333333,0.4504626348589457,0.6325938806490156,22.843381664618256,1.1344548157058787,,,,,,,,
D8-K2par-sep_e35_r090,TA(0.40),0.06024700799999749,0.36333333333333334,-3.0545182896844327,1.0564481958895944,3.1448184409911097,0.878234117870973,,,,,,,,
D1-K2cross_e25_r091,adapt,0.058531944000002056,0.22,0.08181978219274465,-1.4256361556522608,0.05007085208147604,1.5139510474765079,,,,,,,,
D1-K2cross_e25_r091,adaptX,0.05981173500000381,0.22,0.034273734219360294,1.510365938125946,0.06335427489254306,-1.4299257201328064,,,,,,,,
D1-K2cross_e25_r091,HA50,0.010130062000001772,,-2.7412568260772874,-0.25294059055729096,24.635118020870365,-0.38687549235743296,,,,,,,,
D1-K2cross_e25_r091,TA(0.05),0.0592532899999938,0.11666666666666667,24.635118020870365,-0.38687549235743296,0.10433928314853193,0.10331845469702808,,,,,,,,
D1-K2cross_e25_r091,TA(0.10),0.05949397599999884,0.10666666666666667,0.10433928314853193,0.10331845469702808,-22.16165882239493,0.04494753665736189,,,,,,,,
D1-K2cross_e25_r091,TA(0.15),0.059205767999998216,0.13,-16.879936618328166,-3.793165750905714,0.35765530033972714,-0.1168824518087613,,,,,,,,
D1-K2cross_e25_r091,TA(0.25),0.05989899699999768,0.22,0.034273734219360294,1.510365938125946,0.06335427489254306,-1.4299257201328064,,,,,,,,
D1-K2cross_e25_r091,TA(0.40),0.06056589199999962,0.22,0.08181978219274465,-1.4256361556522608,0.05007085208147604,1.5139510474765079,,,,,,,,
D1-K2cross_e30_r091,adapt,0.05688000199999976,0.30666666666666664,-0.14598126836703051,-1.451851867999122,-0.05189737139679095,1.4940503366654612,,,,,,,,
D1-K2cross_e30_r091,adaptX,0.06375755800000604,0.30666666666666664,-0.14598126836703051,-1.451851867999122,-0.05189737139679095,1.4940503366654612,,,,,,,,
D1-K2cross_e30_r091,HA50,0.012218133000004627,,3.6115954210337553,-0.3007119460263517,-22.432364803260732,-0.0937187042905529,,,,,,,,
D1-K2cross_e30_r091,TA(0.05),0.058481124000003604,0.13666666666666666,-22.613540319330866,0.09635744542021432,-0.10530051525397438,0.12020397020513449,,,,,,,,
D1-K2cross_e30_r091,TA(0.10),0.058214848999995183,0.13666666666666666,-0.15402335273748305,0.1598665216763346,-22.613540319330866,0.09635744542021432,,,,,,,,
D1-K2cross_e30_r091,TA(0.15),0.057539620999996544,0.13666666666666666,-0.15402335273748305,0.1598665216763346,-22.613540319330866,0.09635744542021432,,,,,,,,
D1-K2cross_e30_r091,TA(0.25),0.05912983900000057,0.14666666666666667,0.3555313355135742,0.4926262966183517,-17.933389495430365,3.3144036376058885,,,,,,,,
D1-K2cross_e30_r091,TA(0.40),0.058029548000000375,0.30666666666666664,-0.05189737139679095,1.4940503366654612,-0.14598126836703051,-1.451851867999122,,,,,,,,
D1-K2cross_e35_r091,adapt,0.06427052699999791,0.3466666666666667,-0.006678897890495056,-1.5418654584804374,0.02198986600449576,1.528419032886709,,,,,,,,
D1-K2cross_e35_r091,adaptX,0.07544884200000013,0.3466666666666667,-0.006678897890495056,-1.5418654584804374,0.02198986600449576,1.528419032886709,,,,,,,,
D1-K2cross_e35_r091,HA50,0.013687166999993394,,24.090693673698745,-0.270434269516253,-4.64498551155266,0.21673120348481617,,,,,,,,
D1-K2cross_e35_r091,TA(0.05),0.06725768700000145,0.17333333333333334,24.090693673698745,-0.270434269516253,0.03627319824951714,0.14007720400403378,,,,,,,,
D1-K2cross_e35_r091,TA(0.10),0.06572910300000245,0.17,0.16180388521366246,0.12161849122188452,-22.642602910633634,-0.07023814835892137,,,,,,,,
D1-K2cross_e35_r091,TA(0.15),0.06631419600000044,0.17,0.16180388521366246,0.12161849122188452,-22.642602910633634,-0.07023814835892137,,,,,,,,
D1-K2cross_e35_r091,TA(0.25),0.06592448800000028,0.17,-22.642602910633634,-0.07023814835892137,0.16180388521366246,0.12161849122188452,,,,,,,,
D1-K2cross_e35_r091,TA(0.40),0.0649453770000008,0.3466666666666667,-0.006678897890495056,-1.5418654584804374,0.02198986600449576,1.528419032886709,,,,,,,,
D2-K3par_e25_r091,adapt,0.44122562999999815,0.13,2.224426056787367,1.0778160097169232,19.889636781637808,0.2827649870780075,-2.398435896370175,0.9906402484789075,,,,,,
D2-K3par_e25_r091,adaptX,0.38062350299999537,0.13,2.3409883726398926,1.0638286660300398,-2.290477114637435,0.9727244169776569,19.889636781637808,0.2827649870780075,,,,,,
D2-K3par_e25_r091,HA50,0.0177155359999972,,-23.0750886585043,1.3266225654363522,20.104968292741365,0.2389452532508619,-0.1431776456341784,0.9934946193121664,,,,,,
D2-K3par_e25_r091,TA(0.05),0.4426486979999993,0.006666666666666667,-0.08421545223647264,0.9592224166494367,19.889636781637808,0.2827649870780075,-23.0750886585043,1.3266225654363522,,,,,,
D2-K3par_e25_r091,TA(0.10),0.4446997180000025,0.006666666666666667,-23.0750886585043,1.3266225654363522,-0.08421545223647264,0.9592224166494367,19.889636781637808,0.2827649870780075,,,,,,
D2-K3par_e25_r091,TA(0.15),0.44256126899999515,0.13,-2.174028940502373,0.8981011331509687,19.889636781637808,0.2827649870780075,2.4726123343332858,0.9808271116617147,,,,,,
D2-K3par_e25_r091,TA(0.25),0.4426426879999994,0.13,2.4152828682706406,0.919801555212178,-2.226380910496063,0.8447193098665081,19.889636781637808,0.2827649870780075,,,,,,
D2-K3par_e25_r091,TA(0.40),0.4432319989999982,0.29,-0.22867523262005413,0.9628808797173743,2.963698645947204,1.0349139114231696,-3.1129208126394823,0.98671100499329,,,,,,
D2-K3par_e30_r091,adapt,0.4330233790000051,0.14,-2.328541852643535,0.6117037968757394,2.4251315547715193,0.6835756344136953,-21.986138520172723,0.8655091320737096,,,,,,
D2-K3par_e30_r091,adaptX,0.37377483099999864,0.28,0.3630763729254107,0.9867432696360364,-2.9992570766627096,0.8027348544206899,3.2272646396241553,0.8613256429801013,,,,,,
D2-K3par_e30_r091,HA50,0.018544832999999983,,0.061329223672400755,0.8697197244226027,23.081740407721398,1.5154914983689303,-21.986138520172723,0.8655091320737096,,,,,,
D2-K3par_e30_r091,TA(0.05),0.4368746180000045,0.0,0.061329223672400755,0.8697197244226027,23.081740407721398,1.5154914983689303,-21.986138520172723,0.8655091320737096,,,,,,
D2-K3par_e30_r091,TA(0.10),0.4353827979999991,0.0,23.081740407721398,1.5154914983689303,-21.986138520172723,0.8655091320737096,0.061329223672400755,0.8697197244226027,,,,,,
D2-K3par_e30_r091,TA(0.15),0.43454813900000033,0.14333333333333334,-2.6118306515894223,0.7160847245982526,2.1684912196961186,0.806373215273947,-22.192405616355796,0.6879843259654705,,,,,,
D2-K3par_e30_r091,TA(0.25),0.434294125000001,0.14333333333333334,-22.192405616355796,0.6879843259654705,2.1684912196961186,0.806373215273947,-2.6118306515894223,0.7160847245982526,,,,,,
D2-K3par_e30_r091,TA(0.40),0.434780975999999,0.28,-3.0913273316480296,0.8729923135117391,0.2741597244545171,1.0807408601394515,3.2272646396241553,0.8613256429801013,,,,,,
D2-K3par_e35_r091,adapt,0.4083142429999995,0.17,-2.571237531343349,1.2629904025659926,2.1388696394655176,1.2980518940336583,21.880294480429356,1.2126446718321742,,,,,,
D2-K3par_e35_r091,adaptX,0.40455653200000086,0.0,21.880294480429356,1.2126446718321742,0.0526274170616102,1.2599697430392038,-23.053412538858737,0.3674410262025765,,,,,,
D2-K3par_e35_r091,HA50,0.016886874000000773,,-23.053412538858737,0.3674410262025765,0.0526274170616102,1.2599697430392038,21.880294480429356,1.2126446718321742,,,,,,
D2-K3par_e35_r091,TA(0.05),0.4098159420000016,0.0,21.880294480429356,1.2126446718321742,0.0526274170616102,1.2599697430392038,-23.053412538858737,0.3674410262025765,,,,,,
D2-K3par_e35_r091,TA(0.10),0.4134073090000001,0.0,21.880294480429356,1.2126446718321742,0.0526274170616102,1.2599697430392038,-23.053412538858737,0.3674410262025765,,,,,,
D2-K3par_e35_r091,TA(0.15),0.41172960300000483,0.0,-23.229583917426428,0.5546743816882991,0.0526274170616102,1.2599697430392038,21.880294480429356,1.2126446718321742,,,,,,
D2-K3par_e35_r091,TA(0.25),0.41064047999999786,0.17,2.15082891961951,1.1929621786750009,-2.5705659121292874,1.1506894443798572,21.880294480429356,1.2126446718321742,,,,,,
D2-K3par_e35_r091,TA(0.40),0.4099303949999964,0.33666666666666667,-2.973204459748566,1.1159695857696648,3.4222190869303875,1.161673821423472,0.2752209466725732,1.0836361343484742,,,,,,
D3-unequal_e25_r091,adapt,0.07264227900000009,0.25666666666666665,-0.145175559145702,1.483876599833385,0.026309227589807027,-1.4841177297108452,,,,,,,,
D3-unequal_e25_r091,adaptX,0.09239914600000532,0.3233333333333333,0.4693491361157723,-1.3563088320365801,-1.9487562004278298,-1.011971311746044,,,,,,,,
D3-unequal_e25_r091,HA50,0.015604209999999341,,-3.0596859412889112,-0.3404965461960321,22.700025433432963,-1.2385622645509249,,,,,,,,
D3-unequal_e25_r091,TA(0.05),0.07404524200000395,0.17666666666666667,22.700025433432963,-1.2385622645509249,-0.18419943090934765,-0.9009214544442512,,,,,,,,
D3-unequal_e25_r091,TA(0.10),0.073948338000001,0.20333333333333334,22.700025433432963,-1.2385622645509249,-0.062458153541429084,-1.2363161623272458,,,,,,,,
D3-unequal_e25_r091,TA(0.15),0.07573101700000251,0.20666666666666667,-0.11433683018355714,-1.337170835050204,22.700025433432963,-1.2385622645509249,,,,,,,,
D3-unequal_e25_r091,TA(0.25),0.07439052400000179,0.25666666666666665,-0.145175559145702,1.483876599833385,0.026309227589807027,-1.4841177297108452,,,,,,,,
D3-unequal_e25_r091,TA(0.40),0.07480703499999919,0.36,0.8485704813534911,-1.499512832354607,-1.0086225515364968,-1.5025667088765695,,,,,,,,
D3-unequal_e30_r091,adapt,0.06173346700000337,0.31,0.16372704299437235,1.5537222369967887,0.029442716207151422,-1.4882502848965493,,,,,,,,
D3-unequal_e30_r091,adaptX,0.06993605000000258,0.31,0.029442716207151422,-1.4882502848965493,0.16372704299437235,1.5537222369967887,,,,,,,,
D3-unequal_e30_r091,HA50,0.011855025000002684,,3.828414923577934,0.03332669986723532,-21.273762666288736,-0.05714623258842542,,,,,,,,
D3-unequal_e30_r091,TA(0.05),0.06360350899999645,0.14666666666666667,-21.273762666288736,-0.05714623258842542,0.049088737129523795,-0.37196612496971715,,,,,,,,
D3-unequal_e30_r091,TA(0.10),0.06404499499999616,0.14666666666666667,0.049088737129523795,-0.37196612496971715,-21.273762666288736,-0.05714623258842542,,,,,,,,
D3-unequal_e30_r091,TA(0.15),0.06399670000000413,0.14666666666666667,0.049088737129523795,-0.37196612496971715,-21.273762666288736,-0.05714623258842542,,,,,,,,
D3-unequal_e30_r091,TA(0.25),0.06429609700000327,0.17,-18.78389757327401,-2.2751146279568712,0.07833050014817544,-0.8374162456680361,,,,,,,,
D3-unequal_e30_r091,TA(0.40),0.06514283700000334,0.31,0.029442716207151422,-1.4882502848965493,0.16372704299437235,1.5537222369967887,,,,,,,,
D3-unequal_e35_r091,adapt,0.0649965810000026,0.35333333333333333,-0.022518639847217164,-1.4926952711632155,-0.02590350950661639,1.4586294462126983,,,,,,,,
D3-unequal_e35_r091,adaptX,0.07274964300000164,0.35333333333333333,-0.02590350950661639,1.4586294462126983,-0.022518639847217164,-1.4926952711632155,,,,,,,,
D3-unequal_e35_r091,HA50,0.011410167000001081,,-22.378937680842732,-0.094070214647903,4.733485959482748,-0.7252920036930292,,,,,,,,
D3-unequal_e35_r091,TA(0.05),0.06576245000000114,0.16666666666666666,-22.378937680842732,-0.094070214647903,0.22883838929430014,-0.4723889125803397,,,,,,,,
D3-unequal_e35_r091,TA(0.10),0.067535337999999,0.16666666666666666,-22.378937680842732,-0.094070214647903,0.22883838929430014,-0.4723889125803397,,,,,,,,
D3-unequal_e35_r091,TA(0.15),0.06713688399999995,0.16666666666666666,-22.378937680842732,-0.094070214647903,0.22883838929430014,-0.4723889125803397,,,,,,,,
D3-unequal_e35_r091,TA(0.25),0.06649383900000316,0.16666666666666666,0.22883838929430014,-0.4723889125803397,-22.378937680842732,-0.094070214647903,,,,,,,,
D3-unequal_e35_r091,TA(0.40),0.06630737599999748,0.35333333333333333,0.006175636715239127,1.4524399577675955,-0.016541002552063745,-1.4949108233660087,,,,,,,,
D4-hetero_e25_r091,adapt,0.060767678999994246,0.25,0.03136829063001881,-1.4729020487225803,-0.12510256823499424,1.620215188133715,,,,,,,,
D4-hetero_e25_r091,adaptX,0.0633166249999988,0.25,0.03136829063001881,-1.4729020487225803,-0.12510256823499424,1.620215188133715,,,,,,,,
D4-hetero_e25_r091,HA50,0.010778635000001202,,2.705657212029348,-0.3989888613944073,-22.291896618554244,-0.0636694628450859,,,,,,,,
D4-hetero_e25_r091,TA(0.05),0.061637621999999226,0.10666666666666667,-0.025314836996265407,-0.1152834329960703,-22.291896618554244,-0.0636694628450859,,,,,,,,
D4-hetero_e25_r091,TA(0.10),0.06300911400000331,0.10666666666666667,-0.025314836996265407,-0.1152834329960703,-22.291896618554244,-0.0636694628450859,,,,,,,,
D4-hetero_e25_r091,TA(0.15),0.0639167200000017,0.10666666666666667,-0.025314836996265407,-0.1152834329960703,-22.291896618554244,-0.0636694628450859,,,,,,,,
D4-hetero_e25_r091,TA(0.25),0.06349981600000376,0.25,0.03136829063001881,-1.4729020487225803,-0.12510256823499424,1.620215188133715,,,,,,,,
D4-hetero_e25_r091,TA(0.40),0.06215987399999534,0.25,0.03136829063001881,-1.4729020487225803,-0.1665043459412021,1.655606826412225,,,,,,,,
D4-hetero_e30_r091,adapt,0.05851537699999909,0.30333333333333334,0.00030938872562699324,-1.4885485122601783,0.0742012298444615,1.4478560550742021,,,,,,,,
D4-hetero_e30_r091,adaptX,0.06243697000000026,0.30333333333333334,0.00030938872562699324,-1.4885485122601783,0.0742012298444615,1.4478560550742021,,,,,,,,
D4-hetero_e30_r091,HA50,0.01093024299999712,,3.741472019985839,-0.06714918058651825,-23.24013983405335,0.1267820364964651,,,,,,,,
D4-hetero_e30_r091,TA(0.05),0.059933696999998176,0.12666666666666668,0.21459474182797889,-0.4091970900359925,-23.24013983405335,0.1267820364964651,,,,,,,,
D4-hetero_e30_r091,TA(0.10),0.06063810500000244,0.12666666666666668,0.21459474182797889,-0.4091970900359925,-23.24013983405335,0.1267820364964651,,,,,,,,
D4-hetero_e30_r091,TA(0.15),0.06189986900000122,0.12666666666666668,-23.24013983405335,0.1267820364964651,0.21459474182797889,-0.4091970900359925,,,,,,,,
D4-hetero_e30_r091,TA(0.25),0.05939646600000259,0.12666666666666668,0.2830214884621273,-0.4665981123861047,-23.24013983405335,0.1267820364964651,,,,,,,,
D4-hetero_e30_r091,TA(0.40),0.0607679619999999,0.30333333333333334,-0.018141531036615508,-1.483777712769139,0.03963733205254713,1.4587731791690846,,,,,,,,
D4-hetero_e35_r091,adapt,0.05426852899999801,0.35,-0.0021991700712053006,-1.5341845310047102,0.274430486696723,1.455854264827688,,,,,,,,
D4-hetero_e35_r091,adaptX,0.06347610600000309,0.3466666666666667,0.3635207396398057,1.5154873827547297,0.019099176110384156,-1.5386331006046063,,,,,,,,
D4-hetero_e35_r091,HA50,0.010449524999998516,,22.18827637198857,-0.43151884783460975,-3.6614604978402987,0.1476500542717466,,,,,,,,
D4-hetero_e35_r091,TA(0.05),0.05680586599999771,0.14666666666666667,0.4758748706968336,-0.23447827144474684,22.204124895856342,-0.7730200788598085,,,,,,,,
D4-hetero_e35_r091,TA(0.10),0.0555702019999984,0.14666666666666667,0.4758748706968336,-0.23447827144474684,22.204124895856342,-0.7730200788598085,,,,,,,,
D4-hetero_e35_r091,TA(0.15),0.05615606100000292,0.14666666666666667,0.4758748706968336,-0.23447827144474684,22.204124895856342,-0.7730200788598085,,,,,,,,
D4-hetero_e35_r091,TA(0.25),0.05701414199999988,0.14666666666666667,22.204124895856342,-0.7730200788598085,0.4758748706968336,-0.23447827144474684,,,,,,,,
D4-hetero_e35_r091,TA(0.40),0.056055013999994685,0.35,-0.0021991700712053006,-1.5341845310047102,0.274430486696723,1.455854264827688,,,,,,,,
D5-leverage_e25_r091,adapt,0.05110414699999666,0.0,2.2460242939692434,-0.09330567838141499,-2.3453481958886266,0.09308157755337906,,,,,,,,
D5-leverage_e25_r091,adaptX,0.056693578999997385,0.14666666666666667,-1.7516696288964384,-0.007718942148077346,2.4334997106118985,-0.11402399619541004,,,,,,,,
D5-leverage_e25_r091,HA50,0.010604471000000615,,2.2460242939692434,-0.09330567838141499,-2.3453481958886266,0.09308157755337906,,,,,,,,
D5-leverage_e25_r091,TA(0.05),0.05250198000000239,0.0033333333333333335,2.4357628333301036,-0.11508722941818841,-2.029414574558826,0.055500898884790706,,,,,,,,
D5-leverage_e25_r091,TA(0.10),0.05182637899999776,0.006666666666666667,-1.9642246315317222,0.05481015010087082,2.4528719030097608,-0.11687225034593751,,,,,,,,
D5-leverage_e25_r091,TA(0.15),0.05218144500000221,0.03,-1.6709093430011273,0.017631694821580876,2.563329937814323,-0.1359024827212419,,,,,,,,
D5-leverage_e25_r091,TA(0.25),0.053422494000002985,0.03666666666666667,-1.5448466691355487,-0.037347739044941604,2.5952109954923768,-0.17889826886692312,,,,,,,,
D5-leverage_e25_r091,TA(0.40),0.05478054399999621,0.01,-1.753068292041634,0.023629519010883702,2.483382346268868,-0.12372219249644023,,,,,,,,
D5-leverage_e30_r091,adapt,0.05226455799999741,0.006666666666666667,-2.1263928828389336,0.09342444724531146,2.39954986574398,-0.05328045687518499,,,,,,,,
D5-leverage_e30_r091,adaptX,0.06524368999999552,0.13,2.6694105589873636,-0.08277470901510144,-1.8883697852569017,0.02786418847800244,,,,,,,,
D5-leverage_e30_r091,HA50,0.010337978000002579,,-2.162640757151507,0.07615776025822873,2.4167946147944512,-0.06768652670277665,,,,,,,,
D5-leverage_e30_r091,TA(0.05),0.05366130000000169,0.006666666666666667,-2.0469158430486587,0.08281319608009231,2.4913792266423616,-0.06410548550969414,,,,,,,,
D5-leverage_e30_r091,TA(0.10),0.0540519920000051,0.006666666666666667,-1.9900358340225046,0.07584484401909843,2.559082152647355,-0.07150553285076479,,,,,,,,
D5-leverage_e30_r091,TA(0.15),0.055267762000006826,0.03666666666666667,-1.7772232391410696,0.46888719242992455,2.166912343257369,-0.41316369425821714,,,,,,,,
D5-leverage_e30_r091,TA(0.25),0.05432522899999981,0.043333333333333335,-1.5477510400431445,0.46415124082739645,2.367093404090308,-0.420867522676426,,,,,,,,
D5-leverage_e30_r091,TA(0.40),0.05376545699999724,0.03,-0.29338437811380197,-1.555223799986754,-0.7203787856514697,0.19853095654844724,,,,,,,,
D5-leverage_e35_r091,adapt,0.05567328400000093,0.006666666666666667,-2.097983040710805,0.016423862117612445,2.2466920118812648,-0.1493839827625552,,,,,,,,
D5-leverage_e35_r091,adaptX,0.06148935499999908,0.006666666666666667,2.0950930718907315,-0.13184520039074243,-2.329263151163235,0.04634071174020382,,,,,,,,
D5-leverage_e35_r091,HA50,0.01198449700000026,,-2.473066692194934,0.07185316987524193,2.0950930718907315,-0.13184520039074243,,,,,,,,
D5-leverage_e35_r091,TA(0.05),0.056736104999998815,0.006666666666666667,-2.329263151163235,0.04634071174020382,2.0950930718907315,-0.13184520039074243,,,,,,,,
D5-leverage_e35_r091,TA(0.10),0.05913814099999826,0.006666666666666667,2.0747286504517706,-0.12930523093553578,-2.3605354779910743,0.05062601299026156,,,,,,,,
D5-leverage_e35_r091,TA(0.15),0.05935020500000121,0.006666666666666667,2.052436835779588,-0.1261852234226644,-2.3951890956891875,0.055773796376431074,,,,,,,,
D5-leverage_e35_r091,TA(0.25),0.05886264200000113,0.016666666666666666,-2.437845827225288,0.43737658043580163,1.623078113129289,-0.4728270609265237,,,,,,,,
D5-leverage_e35_r091,TA(0.40),0.0582936719999978,0.013333333333333334,2.8467874967801325,-0.2226693735733366,-1.0813597537177877,-0.13394851529142937,,,,,,,,
D6-uniform_e25_r091,adapt,0.06997541999999868,0.21333333333333335,-0.04130886110261411,-1.7219130391761166,-0.19612676324284084,1.7416194775768694,,,,,,,,
D6-uniform_e25_r091,adaptX,0.0779263720000003,0.22666666666666666,-0.033982363020858296,-1.717258639124105,-0.21575727130344263,1.5645955611676021,,,,,,,,
D6-uniform_e25_r091,HA50,0.014654221999997219,,2.284753194503113,0.07176289881635087,-4.422555106788294,-0.0226428889487783,,,,,,,,
D6-uniform_e25_r091,TA(0.05),0.0712787340000034,0.013333333333333334,2.041971730386816,-0.07367863104198917,-4.479775290791919,-0.02943941721264292,,,,,,,,
D6-uniform_e25_r091,TA(0.10),0.07264595699999887,0.22666666666666666,0.012652872483382899,-1.690496688214266,-0.14178803994047703,1.6060936252700546,,,,,,,,
D6-uniform_e25_r091,TA(0.15),0.07382945900000237,0.22333333333333333,-0.289541990610036,1.5977521716820646,-0.07889844524266712,-1.73290317472046,,,,,,,,
D6-uniform_e25_r091,TA(0.25),0.07084744199999449,0.23,0.012652872483382899,-1.690496688214266,-0.1340258147711725,1.5612978081926006,,,,,,,,
D6-uniform_e25_r091,TA(0.40),0.07238108699999657,0.22666666666666666,0.012652872483382899,-1.690496688214266,-0.1636916165618023,1.586752071543631,,,,,,,,
D6-uniform_e30_r091,adapt,0.05615602300000688,0.0,3.455182227794926,0.17181855405231888,-3.257498375639107,0.3236469614674781,,,,,,,,
D6-uniform_e30_r091,adaptX,0.0606760080000015,0.19333333333333333,-0.2461867318598795,-1.2357800671478878,0.18347433505859895,1.720235677043483,,,,,,,,
D6-uniform_e30_r091,HA50,0.011428328000000931,,3.432786698995226,0.16848048253789358,-3.2792325962817537,0.32002834013610504,,,,,,,,
D6-uniform_e30_r091,TA(0.05),0.060027985000004946,0.0,3.525691799729526,0.13222947037493674,-3.187015524045785,0.2813430614626227,,,,,,,,
D6-uniform_e30_r091,TA(0.10),0.05990674699999943,0.0,3.642222232120829,0.09721104420220873,-3.073863460754556,0.24742285113955673,,,,,,,,
D6-uniform_e30_r091,TA(0.15),0.05860848900000093,0.0,3.525691799729526,0.13222947037493674,-3.187015524045785,0.2813430614626227,,,,,,,,
D6-uniform_e30_r091,TA(0.25),0.05975527199999675,0.20666666666666667,0.28952000081919477,1.6133194083992937,-0.1828152713589675,-1.2808166455016403,,,,,,,,
D6-uniform_e30_r091,TA(0.40),0.059399509999998656,0.22333333333333333,0.2943390433801613,1.615304010765621,-0.049877667509850156,-1.2872967894892637,,,,,,,,
D6-uniform_e35_r091,adapt,0.05664807799999494,0.0,3.6222302909461352,-0.4088942377596837,-2.981275737563064,-0.2997969065897511,,,,,,,,
D6-uniform_e35_r091,adaptX,0.062061284000002104,0.0,-3.1182668891895466,-0.13366057627806843,3.5207304340417345,-0.2686470959488326,,,,,,,,
D6-uniform_e35_r091,HA50,0.011477344999995864,,-3.0641900509172664,-0.19245918136225446,3.5621177672902262,-0.3176575836171079,,,,,,,,
D6-uniform_e35_r091,TA(0.05),0.05802053600000079,0.0,-3.0293934607698745,-0.26719220858710446,3.579315851303236,-0.3817821832878738,,,,,,,,
D6-uniform_e35_r091,TA(0.10),0.058807758000000376,0.02,-1.7583483984736858,-0.9316764078104794,4.784501314413555,-0.8221698895995924,,,,,,,,
D6-uniform_e35_r091,TA(0.15),0.05833094799999827,0.03333333333333333,4.865929501322918,-0.9728960741583939,-1.5262996147567152,-1.1401281773591085,,,,,,,,
D6-uniform_e35_r091,TA(0.25),0.05864059999999682,0.08666666666666667,-0.9977065470372504,-1.4173546489590825,4.941763413906437,-1.1632306109725385,,,,,,,,
D6-uniform_e35_r091,TA(0.40),0.05780405400000177,0.14,-0.4143076996746096,1.6366071583232638,-0.07845715338243611,-1.9857750957524398,,,,,,,,
D7-p3_e25_r091,adapt,0.3018524989999989,0.23,-0.05415021593078357,-1.5479651918454895,1.0367423609703323,1.0145388007470444,0.12160381449060172,1.5412432658935655,1.0026025373079666,1.115473599469717,,,,
D7-p3_e25_r091,adaptX,2.020536808000003,0.23,-0.05415021593078357,-1.5479651918454895,1.0367423609703323,1.0145388007470444,0.12160381449060172,1.5412432658935655,1.0026025373079666,1.115473599469717,,,,
D7-p3_e25_r091,HA50,0.011460882000001504,,-2.3126337676617017,-0.15561861716803627,1.5005925801972886,0.698550797271049,22.07083516370804,0.7501780452267464,1.7341680721686532,0.8885116306246453,,,,
D7-p3_e25_r091,TA(0.05),0.3036025529999975,0.1,-0.07513702824484698,0.11830520877499753,1.0428937433606267,1.0622733794193808,22.50289562608684,1.6373923273830921,1.780710224570106,1.3217885041701802,,,,
D7-p3_e25_r091,TA(0.10),0.3037063619999998,0.1,-0.07513702824484698,0.11830520877499753,1.0428937433606267,1.0622733794193808,22.50289562608684,1.6373923273830921,1.780710224570106,1.3217885041701802,,,,
D7-p3_e25_r091,TA(0.15),0.3028775330000002,0.1,-0.07513702824484698,0.11830520877499753,1.0428937433606267,1.0622733794193808,22.50289562608684,1.6373923273830921,1.780710224570106,1.3217885041701802,,,,
D7-p3_e25_r091,TA(0.25),0.30325134899999995,0.23,-0.05415021593078357,-1.5479651918454895,1.0367423609703323,1.0145388007470444,0.12160381449060172,1.5412432658935655,1.0026025373079666,1.115473599469717,,,,
D7-p3_e25_r091,TA(0.40),0.30496716200000407,0.23,0.12241495799199252,1.5410296622063437,1.0024832794842549,1.113095108736139,-0.05473623223798936,-1.5477570027942493,1.0369291769855882,1.01678234066912,,,,
D7-p3_e30_r091,adapt,0.2600731399999958,0.29,-0.08691840243416708,-1.4762352984919682,1.0152639143131295,0.989288780407825,-0.03406712482707197,1.4748366850465096,1.006832819392566,1.0441755292076067,,,,
D7-p3_e30_r091,adaptX,2.040033659999999,0.30333333333333334,-0.03406712482707197,1.4748366850465096,1.006832819392566,1.0441755292076067,-0.08681544699971212,-1.4802305586576794,1.016086062041283,0.9917933479095713,,,,
D7-p3_e30_r091,HA50,0.010211649000005707,,-21.696242129840194,-1.1652680031605247,1.4923749451134243,1.1743800897745387,3.789241400280465,-0.27658809627910075,0.4603454770890042,0.7143163408003915,,,,
D7-p3_e30_r091,TA(0.05),0.26312343600000077,0.13666666666666666,-21.19306015764113,-1.5203131483346661,1.6828638038816717,1.1262213858567591,0.23293286803177632,-0.0031414695310918186,0.9179919321149683,0.9033346376501661,,,,
D7-p3_e30_r091,TA(0.10),0.2613928679999944,0.13666666666666666,0.23293286803177632,-0.0031414695310918186,0.9179919321149683,0.9033346376501661,-21.19306015764113,-1.5203131483346661,1.6828638038816717,1.1262213858567591,,,,
D7-p3_e30_r091,TA(0.15),0.26192514599999583,0.14,-20.94663437530973,-1.2594233961461145,1.5927290846138409,1.042145462272921,0.23293286803177632,-0.0031414695310918186,0.9179919321149683,0.9033346376501661,,,,
D7-p3_e30_r091,TA(0.25),0.2617259299999972,0.16666666666666666,-13.142088035046424,1.174879859598123,1.0092995900296151,-2.9038596423911773,0.9849955931271268,0.18521872622412433,0.8683350854228984,0.4497981076456076,,,,
D7-p3_e30_r091,TA(0.40),0.26176632600000005,0.29,-0.07369312693120275,-1.4735772253004125,1.0050998570676783,0.9933885657987688,-0.02180968885902844,1.4758413233903482,0.9983589580386609,1.046923943080678,,,,
D7-p3_e35_r091,adapt,0.3235382809999976,0.16333333333333333,-22.489943617704004,0.5109566413604973,1.010052390049507,0.9771212419058594,0.01651298597822209,0.025724892414489053,0.9717479587720823,0.9943536054248029,,,,
D7-p3_e35_r091,adaptX,2.266984854999997,0.33,-0.08399679067338992,1.6072442963616207,1.0554294097730916,0.9566016321107624,-0.1290853087267079,-1.5230612964413888,0.9689126605109809,1.0071592913384884,,,,
D7-p3_e35_r091,HA50,0.010168661000001578,,4.4241143261276585,0.197307296302706,0.8647371610948502,0.9422332805157215,-22.489943617704004,0.5109566413604973,1.010052390049507,0.9771212419058594,,,,
D7-p3_e35_r091,TA(0.05),0.32486585100000553,0.16333333333333333,-22.489943617704004,0.5109566413604973,1.010052390049507,0.9771212419058594,0.01651298597822209,0.025724892414489053,0.9717479587720823,0.9943536054248029,,,,
D7-p3_e35_r091,TA(0.10),0.3259452030000034,0.16666666666666666,22.633186410744447,-0.2296799082272067,1.1268190573494035,1.600917705093486,0.01651298597822209,0.025724892414489053,0.9717479587720823,0.9943536054248029,,,,
D7-p3_e35_r091,TA(0.15),0.32553411900000384,0.16666666666666666,22.633186410744447,-0.2296799082272067,1.1268190573494035,1.600917705093486,0.01651298597822209,0.025724892414489053,0.9717479587720823,0.9943536054248029,,,,
D7-p3_e35_r091,TA(0.25),0.32495576800000237,0.17666666666666667,18.1172484083671,3.435205691656046,0.9620111835202398,0.9265629527061864,-0.2975171054420275,0.3258044146969436,1.0047260325284204,0.9406588491841983,,,,
D7-p3_e35_r091,TA(0.40),0.32460812400000094,0.33,-0.0787108966061156,1.6069963345616418,1.0597980908650795,0.9546219838723652,-0.1382487236625917,-1.5228323844996188,0.9641724998092254,1.0109864904990566,,,,
D8-K2par-sep_e25_r091,adapt,0.05710868200000618,0.24666666666666667,-3.137421930671064,1.000388943188859,3.09102845742126,0.9082322142618374,,,,,,,,
D8-K2par-sep_e25_r091,adaptX,0.06273842200000246,0.24666666666666667,-3.137421930671064,1.000388943188859,3.09102845742126,0.9082322142618374,,,,,,,,
D8-K2par-sep_e25_r091,HA50,0.010707766999999535,,-3.0177273109613307,0.7276335340687109,23.756727985885643,0.6128642878113654,,,,,,,,
D8-K2par-sep_e25_r091,TA(0.05),0.059023768000002974,0.11333333333333333,23.756727985885643,0.6128642878113654,-0.09933199835097012,0.8574144750420287,,,,,,,,
D8-K2par-sep_e25_r091,TA(0.10),0.05887397899999769,0.11333333333333333,-0.09933199835097012,0.8574144750420287,23.756727985885643,0.6128642878113654,,,,,,,,
D8-K2par-sep_e25_r091,TA(0.15),0.06020131399999684,0.13,-22.423697720852672,0.6340343697811971,-0.049159551015195264,0.8979736725541156,,,,,,,,
D8-K2par-sep_e25_r091,TA(0.25),0.05792223400000296,0.24666666666666667,-3.137421930671064,1.000388943188859,3.09102845742126,0.9082322142618374,,,,,,,,
D8-K2par-sep_e25_r091,TA(0.40),0.057900318000001505,0.24666666666666667,3.09102845742126,0.9082322142618374,-3.137421930671064,1.000388943188859,,,,,,,,
D8-K2par-sep_e30_r091,adapt,0.06787852799999428,0.31,3.0604269584926316,1.110638150650568,-3.0529990054649105,0.9062753969786101,,,,,,,,
D8-K2par-sep_e30_r091,adaptX,0.0764594640000027,0.31,-3.0529990054649105,0.9062753969786101,3.0604269584926316,1.110638150650568,,,,,,,,
D8-K2par-sep_e30_r091,HA50,0.013935808000006489,,-22.463753271941513,1.302205137490406,3.3524891255628684,0.9861049907136739,,,,,,,,
D8-K2par-sep_e30_r091,TA(0.05),0.07110888999999787,0.11666666666666667,-22.67859474124488,1.1967023276784106,0.007118338719506514,1.1121895525202536,,,,,,,,
D8-K2par-sep_e30_r091,TA(0.10),0.06934091000000109,0.11666666666666667,0.007118338719506514,1.1121895525202536,-22.67859474124488,1.1967023276784106,,,,,,,,
D8-K2par-sep_e30_r091,TA(0.15),0.07097059299999842,0.12,-22.67859474124488,1.1967023276784106,-0.05195414512632583,1.0965467811415195,,,,,,,,
D8-K2par-sep_e30_r091,TA(0.25),0.0698127779999993,0.13666666666666666,0.7585194640276466,1.649809080777663,-16.11262477065557,5.036197363689308,,,,,,,,
D8-K2par-sep_e30_r091,TA(0.40),0.07094721800000059,0.31,3.0604269584926316,1.110638150650568,-3.0529990054649105,0.9062753969786101,,,,,,,,
D8-K2par-sep_e35_r091,adapt,0.05788007400000339,0.35333333333333333,-3.0407828906061165,0.9701838241443574,2.926277329064219,0.9617182476133506,,,,,,,,
D8-K2par-sep_e35_r091,adaptX,0.06093225899999766,0.35333333333333333,-3.0407828906061165,0.9701838241443574,2.926277329064219,0.9617182476133506,,,,,,,,
D8-K2par-sep_e35_r091,HA50,0.011346320000001242,,22.248703828846306,0.7625720310555384,-5.009613783932897,1.2929937077685432,,,,,,,,
D8-K2par-sep_e35_r091,TA(0.05),0.05933753600000102,0.15333333333333332,22.248703828846306,0.7625720310555384,-1.7304819674715572,1.155827446330007,,,,,,,,
D8-K2par-sep_e35_r091,TA(0.10),0.05920790599999748,0.17,22.248703828846306,0.7625720310555384,-0.3012770754308621,0.9159240548655426,,,,,,,,
D8-K2par-sep_e35_r091,TA(0.15),0.06022666399999821,0.17,-0.3012770754308621,0.9159240548655426,22.248703828846306,0.7625720310555384,,,,,,,,
D8-K2par-sep_e35_r091,TA(0.25),0.058619835000001785,0.17,-0.3012770754308621,0.9159240548655426,22.248703828846306,0.7625720310555384,,,,,,,,
D8-K2par-sep_e35_r091,TA(0.40),0.05908894000000231,0.35333333333333333,-3.0407828906061165,0.9701838241443574,2.926277329064219,0.9617182476133506,,,,,,,,
D1-K2cross_e25_r092,adapt,0.05747804599999995,0.2733333333333333,-0.0110165485949769,-1.4628978132514006,-0.16600281564752112,1.474066790354469,,,,,,,,
D1-K2cross_e25_r092,adaptX,0.06390750300000292,0.2733333333333333,-0.0110165485949769,-1.4628978132514006,-0.16600281564752112,1.474066790354469,,,,,,,,
D1-K2cross_e25_r092,HA50,0.011566435000005981,,-3.2396841273741184,-0.76329795659417,22.68154613056288,-0.03379270114143525,,,,,,,,
D1-K2cross_e25_r092,TA(0.05),0.0592894589999986,0.13666666666666666,0.17118798999750198,-0.14115932562931252,22.68154613056288,-0.03379270114143525,,,,,,,,
D1-K2cross_e25_r092,TA(0.10),0.059655925000001275,0.13666666666666666,0.17118798999750198,-0.14115932562931252,22.68154613056288,-0.03379270114143525,,,,,,,,
D1-K2cross_e25_r092,TA(0.15),0.060009051999998064,0.13666666666666666,0.17118798999750198,-0.14115932562931252,-21.861299499161042,0.23503440697208713,,,,,,,,
D1-K2cross_e25_r092,TA(0.25),0.05960069199999651,0.2733333333333333,0.03425416311513685,-1.4780394534291628,-0.11150856551839007,1.449919084818904,,,,,,,,
D1-K2cross_e25_r092,TA(0.40),0.05986276400000179,0.2733333333333333,0.05301846825543467,-1.4765117826713887,-0.1299429146129427,1.4500016100339534,,,,,,,,
D1-K2cross_e30_r092,adapt,0.05337184999999778,0.31,0.07996771667187286,1.522964312880069,0.053632397047467355,-1.5294402430085026,,,,,,,,
D1-K2cross_e30_r092,adaptX,0.06042075399999902,0.31,0.07996771667187286,1.522964312880069,0.053632397047467355,-1.5294402430085026,,,,,,,,
D1-K2cross_e30_r092,HA50,0.01077215099999762,,4.223000856547283,0.13388667362722054,-23.30134492033578,-0.24420296027452165,,,,,,,,
D1-K2cross_e30_r092,TA(0.05),0.055513501000000076,0.16,0.014003616342289802,-0.08251475358640699,-23.545069636903605,-0.021856016133933183,,,,,,,,
D1-K2cross_e30_r092,TA(0.10),0.0554253790000061,0.16,-23.545069636903605,-0.021856016133933183,-0.03521928580293022,-0.044273114057285984,,,,,,,,
D1-K2cross_e30_r092,TA(0.15),0.05500404600000053,0.15,-0.03521928580293022,-0.044273114057285984,22.569801656169357,0.7890219614681067,,,,,,,,
D1-K2cross_e30_r092,TA(0.25),0.05567017799999974,0.21666666666666667,-11.844495802823028,6.574316274561555,-0.7294240996630206,-0.6372277020859669,,,,,,,,
D1-K2cross_e30_r092,TA(0.40),0.054169694000002266,0.31,0.07961102587928988,1.5229591196815895,0.05322691945811377,-1.5294371705337895,,,,,,,,
D1-K2cross_e35_r092,adapt,0.05473527400000222,0.3233333333333333,-0.2534771608060049,-1.5770496327580252,0.09587615925829567,1.480474599390008,,,,,,,,
D1-K2cross_e35_r092,adaptX,0.05989544300000205,0.3233333333333333,-0.2534771608060049,-1.5770496327580252,0.09587615925829567,1.480474599390008,,,,,,,,
D1-K2cross_e35_r092,HA50,0.012359965999998224,,4.043819534442741,0.17814218389409667,-22.198411419397228,-0.5024305283254383,,,,,,,,
D1-K2cross_e35_r092,TA(0.05),0.05728034100000201,0.15,0.20501853514604404,0.17784879021510716,-22.198411419397228,-0.5024305283254383,,,,,,,,
D1-K2cross_e35_r092,TA(0.10),0.05655357700000252,0.15,0.14959925714039274,0.15092777552014033,-22.198411419397228,-0.5024305283254383,,,,,,,,
D1-K2cross_e35_r092,TA(0.15),0.057276428999998075,0.15,-22.198411419397228,-0.5024305283254383,0.14959925714039274,0.15092777552014033,,,,,,,,
D1-K2cross_e35_r092,TA(0.25),0.05622900799999542,0.19333333333333333,-0.35325604425917007,0.5800339783282347,-13.618205974291438,-6.4067622021297685,,,,,,,,
D1-K2cross_e35_r092,TA(0.40),0.055911084000001665,0.3233333333333333,-0.2534771608060049,-1.5770496327580252,0.09587615925829567,1.480474599390008,,,,,,,,
D2-K3par_e25_r092,adapt,0.30733003699999983,0.22333333333333333,-0.14376964044447454,1.2123287640370437,-3.0764444778487405,1.2156232921952024,2.9747296805161554,0.9620912585076428,,,,,,
D2-K3par_e25_r092,adaptX,0.28436585299999706,0.22333333333333333,-0.1569510855690231,1.2298071551652976,-3.0939405564858284,1.231471453874817,2.9747296805161554,0.9620912585076428,,,,,,
D2-K3par_e25_r092,HA50,0.01809755000000024,,22.11264256926557,1.6077993357593543,-0.1643862702331253,1.1450964305630322,-21.59667724992293,0.5604108898098188,,,,,,
D2-K3par_e25_r092,TA(0.05),0.3089220709999978,0.0033333333333333335,-0.1643862702331253,1.1450964305630322,-21.071129537366122,0.18939477738491414,22.11264256926557,1.6077993357593543,,,,,,
D2-K3par_e25_r092,TA(0.10),0.3111814580000001,0.10666666666666667,-2.4113183161900236,1.1351093082774077,1.9765697647413392,0.9585128240412071,22.11264256926557,1.6077993357593543,,,,,,
D2-K3par_e25_r092,TA(0.15),0.30962997600000364,0.10666666666666667,2.0528881798568785,0.9393466234515209,22.11264256926557,1.6077993357593543,-2.336877746511762,1.1247447835726578,,,,,,
D2-K3par_e25_r092,TA(0.25),0.30918218400000086,0.22333333333333333,-3.0433154973946746,1.1852186457130411,-0.13442098094607607,1.1553769385101746,2.954947542563305,0.9438075843704172,,,,,,
D2-K3par_e25_r092,TA(0.40),0.3094495960000003,0.22333333333333333,-0.43771143541264257,0.988041446326096,-3.1118910810816316,1.141168769851455,2.693434592552748,0.8386117236038648,,,,,,
D2-K3par_e30_r092,adapt,0.4166616780000041,0.19666666666666666,-0.08079155066175131,0.23793994878413977,15.193621020596225,-4.332889459480252,9.462145556366837,6.151566411582069,,,,,,
D2-K3par_e30_r092,adaptX,0.3346275640000016,0.31333333333333335,-0.04105082641257362,1.0510422155058343,-2.9089476989627197,1.0452786580846043,2.996196095695649,1.0368361053296633,,,,,,
D2-K3par_e30_r092,HA50,0.017393835000000024,,0.07661622604724046,0.9806935012419438,21.742586629178053,0.4656518319992588,-22.342344639024994,1.8154406395056644,,,,,,
D2-K3par_e30_r092,TA(0.05),0.41976056799999384,0.006666666666666667,-22.08682085869411,1.6586272190434228,0.17389002178351506,0.9460513271054481,22.233351201733033,0.12282636827301896,,,,,,
D2-K3par_e30_r092,TA(0.10),0.41793624900000026,0.0033333333333333335,-22.08682085869411,1.6586272190434228,0.17389002178351506,0.9460513271054481,21.742586629178053,0.4656518319992588,,,,,,
D2-K3par_e30_r092,TA(0.15),0.4175124069999967,0.03333333333333333,14.487664881712261,4.565989142550179,-22.342344639024994,1.8154406395056644,-0.16980102117379528,1.2183356451157976,,,,,,
D2-K3par_e30_r092,TA(0.25),0.41804020499999694,0.16,2.2549517918379616,0.850258180536457,-1.9955431555124494,0.9481539427139429,-22.342344639024994,1.8154406395056644,,,,,,
D2-K3par_e30_r092,TA(0.40),0.4183210419999952,0.31333333333333335,-2.9089476989627197,1.0452786580846043,-0.04105082641257362,1.0510422155058343,2.996196095695649,1.0368361053296633,,,,,,
D2-K3par_e35_r092,adapt,0.3653911630000053,0.16,-2.3341469733552938,1.0250981078470407,2.0924362813864263,1.229211076851173,23.835261045042962,0.9831126800340039,,,,,,
D2-K3par_e35_r092,adaptX,0.47427048299999797,0.16,2.0924362813864263,1.229211076851173,23.835261045042962,0.9831126800340039,-2.3341469733552938,1.0250981078470407,,,,,,
D2-K3par_e35_r092,HA50,0.018569411000001423,,-22.516002363772643,0.6881561640900321,0.03288332470313159,1.0506214149607476,23.66352651724237,0.8339096509042512,,,,,,
D2-K3par_e35_r092,TA(0.05),0.36760532200000284,0.0033333333333333335,-0.02421427080380074,1.0688821423454826,23.66352651724237,0.8339096509042512,-22.516002363772643,0.6881561640900321,,,,,,
D2-K3par_e35_r092,TA(0.10),0.3672009980000013,0.0033333333333333335,-0.02421427080380074,1.0688821423454826,-22.516002363772643,0.6881561640900321,23.66352651724237,0.8339096509042512,,,,,,
D2-K3par_e35_r092,TA(0.15),0.3670827599999953,0.0033333333333333335,23.66352651724237,0.8339096509042512,-0.02421427080380074,1.0688821423454826,-22.516002363772643,0.6881561640900321,,,,,,
D2-K3par_e35_r092,TA(0.25),0.36837568600000026,0.15666666666666668,23.66352651724237,0.8339096509042512,-2.3341469733552938,1.0250981078470407,2.0924362813864263,1.229211076851173,,,,,,
D2-K3par_e35_r092,TA(0.40),0.366686566999995,0.3333333333333333,-0.3516776960275063,0.7349402976656699,2.785308085339994,0.9411831450368299,-3.31185577337213,0.8620622363619654,,,,,,
D3-unequal_e25_r092,adapt,0.06048938200000009,0.2966666666666667,0.040623835949479825,1.4579395506131831,-0.08986171602697579,-1.5920153408317073,,,,,,,,
D3-unequal_e25_r092,adaptX,0.06866207999999574,0.3,-0.11432285773137864,-1.5725475643151006,0.04021149400552491,1.4579281164234383,,,,,,,,
D3-unequal_e25_r092,HA50,0.01090422200000063,,23.61558750384806,-0.3357403443570555,-4.25183354711733,-0.8037101848917018,,,,,,,,
D3-unequal_e25_r092,TA(0.05),0.06299377099999504,0.16333333333333333,-0.12559856976815617,-0.5417607512984812,23.942743584471344,-0.6007185848425468,,,,,,,,
D3-unequal_e25_r092,TA(0.10),0.06346164200000004,0.14333333333333334,-0.12559856976815617,-0.5417607512984812,-22.81960262707114,-1.4120133042006742,,,,,,,,
D3-unequal_e25_r092,TA(0.15),0.06320377799999477,0.14333333333333334,-0.12559856976815617,-0.5417607512984812,-22.81960262707114,-1.4120133042006742,,,,,,,,
D3-unequal_e25_r092,TA(0.25),0.06319099899999969,0.22666666666666666,-19.745532527058064,-3.675050030248681,0.06707815579630773,-1.4183960893122178,,,,,,,,
D3-unequal_e25_r092,TA(0.40),0.061857507999995676,0.3,-0.11432285773137864,-1.5725475643151006,0.04021149400552491,1.4579281164234383,,,,,,,,
D3-unequal_e30_r092,adapt,0.07332925600000095,0.2633333333333333,-0.026264793130218143,-1.480793756298198,0.042553186275664436,1.5475821982931643,,,,,,,,
D3-unequal_e30_r092,adaptX,0.08449111800000253,0.2633333333333333,-0.026264793130218143,-1.480793756298198,0.042553186275664436,1.5475821982931643,,,,,,,,
D3-unequal_e30_r092,HA50,0.013835632999999348,,-3.3940781842023813,-0.2682008846831726,23.92907875628114,-0.12045873664865087,,,,,,,,
D3-unequal_e30_r092,TA(0.05),0.07486380999999653,0.13666666666666666,24.167371861949846,-0.1958952014946181,0.05856760830992403,-0.5024649129271129,,,,,,,,
D3-unequal_e30_r092,TA(0.10),0.07718191000000019,0.13666666666666666,0.05856760830992403,-0.5024649129271129,24.167371861949846,-0.1958952014946181,,,,,,,,
D3-unequal_e30_r092,TA(0.15),0.07432075199999844,0.15,24.8238821900718,-0.11992286360698287,0.02776508297778793,-0.5324845337669173,,,,,,,,
D3-unequal_e30_r092,TA(0.25),0.07525207599999817,0.2633333333333333,0.01338325788526159,1.549339797992346,-0.017905500514785937,-1.4810807409333993,,,,,,,,
D3-unequal_e30_r092,TA(0.40),0.07571275899999819,0.2633333333333333,0.04257336820510073,1.5475807091258131,-0.02628232765002602,-1.4807929922322476,,,,,,,,
D3-unequal_e35_r092,adapt,0.06256654300000264,0.38333333333333336,0.042238447309297246,-1.499545430632783,-0.08259160075280544,1.5406561154069724,,,,,,,,
D3-unequal_e35_r092,adaptX,0.07136361799999946,0.15666666666666668,-22.890757743234214,-0.07465714164875148,-0.11018247568572391,-0.7016171987825766,,,,,,,,
D3-unequal_e35_r092,HA50,0.012839757999998369,,4.646391393130296,-1.1994109241247555,-22.73979923755175,0.05276834774701759,,,,,,,,
D3-unequal_e35_r092,TA(0.05),0.06560404400000408,0.15,-0.02348355083280618,-0.542176893528859,-22.73979923755175,0.05276834774701759,,,,,,,,
D3-unequal_e35_r092,TA(0.10),0.06485302099999757,0.15,-22.73979923755175,0.05276834774701759,-0.07107632126461945,-0.5055058605496389,,,,,,,,
D3-unequal_e35_r092,TA(0.15),0.06499110200000047,0.15,-22.73979923755175,0.05276834774701759,-0.07107632126461945,-0.5055058605496389,,,,,,,,
D3-unequal_e35_r092,TA(0.25),0.0654685189999995,0.15,-0.089133395766794,-0.6075537391409664,-22.73979923755175,0.05276834774701759,,,,,,,,
D3-unequal_e35_r092,TA(0.40),0.0639128149999948,0.38333333333333336,-0.07159391322204268,1.5404817064946907,0.03572803040011641,-1.4992181300597225,,,,,,,,
D4-hetero_e25_r092,adapt,0.05751257600000059,0.24,-0.07798703942424565,1.5521855329702774,-0.010591637251214247,-1.4425184001052285,,,,,,,,
D4-hetero_e25_r092,adaptX,0.0630184110000016,0.23666666666666666,-0.05162667734665647,1.5372938680620307,-0.010591637251214247,-1.4425184001052285,,,,,,,,
D4-hetero_e25_r092,HA50,0.010112823999996579,,3.0258087249314944,0.14319817641672164,-22.852600059760906,-0.18322004690163146,,,,,,,,
D4-hetero_e25_r092,TA(0.05),0.05823990400000412,0.11333333333333333,-22.852600059760906,-0.18322004690163146,0.11406139921426167,0.19787498394482336,,,,,,,,
D4-hetero_e25_r092,TA(0.10),0.05828475199999872,0.11333333333333333,-22.852600059760906,-0.18322004690163146,0.11406139921426167,0.19787498394482336,,,,,,,,
D4-hetero_e25_r092,TA(0.15),0.06000399299999515,0.11333333333333333,0.11406139921426167,0.19787498394482336,-22.852600059760906,-0.18322004690163146,,,,,,,,
D4-hetero_e25_r092,TA(0.25),0.060418404000003534,0.24,-0.010591637251214247,-1.4425184001052285,-0.07798703942424565,1.5521855329702774,,,,,,,,
D4-hetero_e25_r092,TA(0.40),0.05914763700000236,0.23666666666666666,-0.05023573279807681,1.5372738785207416,-0.009205456797513379,-1.442445095597671,,,,,,,,
D4-hetero_e30_r092,adapt,0.055653323000001365,0.31333333333333335,0.0022671915518708893,-1.4370235493094627,0.10045530128208693,1.7302994245291652,,,,,,,,
D4-hetero_e30_r092,adaptX,0.06321776900000486,0.31333333333333335,0.10045530128208693,1.7302994245291652,0.0022671915518708893,-1.4370235493094627,,,,,,,,
D4-hetero_e30_r092,HA50,0.011031078999998556,,4.085154084628997,-0.06396634265360768,-23.288315715949775,-0.583524979653243,,,,,,,,
D4-hetero_e30_r092,TA(0.05),0.05659858099999582,0.14333333333333334,-0.1623469694354872,0.2478114572360567,21.542236837128367,-0.3751801351783764,,,,,,,,
D4-hetero_e30_r092,TA(0.10),0.05645560699999663,0.14333333333333334,21.542236837128367,-0.3751801351783764,-0.1623469694354872,0.2478114572360567,,,,,,,,
D4-hetero_e30_r092,TA(0.15),0.057318846000001145,0.14333333333333334,-0.1623469694354872,0.2478114572360567,21.542236837128367,-0.3751801351783764,,,,,,,,
D4-hetero_e30_r092,TA(0.25),0.0565988129999937,0.21,12.504278845930411,-6.781634000671085,0.5540442933501915,0.8308801651875688,,,,,,,,
D4-hetero_e30_r092,TA(0.40),0.05705661999999734,0.31333333333333335,0.08754193959276253,1.7302114578744092,0.016422504970047026,-1.4380837679035796,,,,,,,,
D4-hetero_e35_r092,adapt,0.06092466999999857,0.3333333333333333,0.11217249117660877,-1.532917020691455,0.08060997720909062,1.5197444985793735,,,,,,,,
D4-hetero_e35_r092,adaptX,0.06406665899999808,0.3333333333333333,0.11217249117660877,-1.532917020691455,0.08060997720909062,1.5197444985793735,,,,,,,,
D4-hetero_e35_r092,HA50,0.011297098999996535,,-4.029251761085301,0.4244914769476248,21.917347909168257,-0.23639670728486195,,,,,,,,
D4-hetero_e35_r092,TA(0.05),0.063672222000001,0.14666666666666667,21.917347909168257,-0.23639670728486195,0.11550058318508248,0.00905829529507464,,,,,,,,
D4-hetero_e35_r092,TA(0.10),0.06242213599999502,0.14666666666666667,21.917347909168257,-0.23639670728486195,0.11550058318508248,0.00905829529507464,,,,,,,,
D4-hetero_e35_r092,TA(0.15),0.06375405500000397,0.14666666666666667,21.917347909168257,-0.23639670728486195,0.11550058318508248,0.00905829529507464,,,,,,,,
D4-hetero_e35_r092,TA(0.25),0.062926178000005,0.14666666666666667,21.917347909168257,-0.23639670728486195,0.11550058318508248,0.00905829529507464,,,,,,,,
D4-hetero_e35_r092,TA(0.40),0.06289544599999886,0.3333333333333333,0.08060997720909062,1.5197444985793735,0.11217249117660877,-1.532917020691455,,,,,,,,
D5-leverage_e25_r092,adapt,0.06195899600000132,0.0033333333333333335,1.8785584409465734,-0.024850670994214924,-2.602699334766068,0.12698457068142294,,,,,,,,
D5-leverage_e25_r092,adaptX,0.13426156899999597,0.07666666666666666,-2.373671460293114,0.057073657566036363,2.0324792239482004,-0.05214860286758697,,,,,,,,
D5-leverage_e25_r092,HA50,0.02387289699999684,,-2.4201187920502125,0.08717671372773972,2.0753272229650768,-0.06379123903584175,,,,,,,,
D5-leverage_e25_r092,TA(0.05),0.06627560799999799,0.0033333333333333335,-2.420809283578942,0.07307202603809818,2.048656939269677,-0.07966302183179885,,,,,,,,
D5-leverage_e25_r092,TA(0.10),0.07796745099999924,0.006666666666666667,2.0694721286517814,-0.08233681640078636,-2.353671361611068,0.06068051619609703,,,,,,,,
D5-leverage_e25_r092,TA(0.15),0.06284246999999965,0.006666666666666667,2.2487582982624423,-0.1032670579012993,-2.129569397262933,0.02911020389239373,,,,,,,,
D5-leverage_e25_r092,TA(0.25),0.06400451000000373,0.0033333333333333335,-2.206999059581487,0.0790361474436928,2.19708913838803,-0.06058279654922236,,,,,,,,
D5-leverage_e25_r092,TA(0.40),0.06500156500000287,0.2866666666666667,-0.008493262265634089,1.5512669790181641,-0.21141927490361298,-1.4895287543111677,,,,,,,,
D5-leverage_e30_r092,adapt,0.055408946000000014,0.0,2.472009440190319,-0.1220069363785689,-2.155623866093152,0.07902872797710238,,,,,,,,
D5-leverage_e30_r092,adaptX,0.05947828099999697,0.05333333333333334,-2.155623866093152,0.07902872797710238,2.440413856485958,-0.08655558489001043,,,,,,,,
D5-leverage_e30_r092,HA50,0.011324462000004587,,-2.155623866093152,0.07902872797710238,2.472009440190319,-0.1220069363785689,,,,,,,,
D5-leverage_e30_r092,TA(0.05),0.0599858749999953,0.0,2.472009440190319,-0.1220069363785689,-2.155623866093152,0.07902872797710238,,,,,,,,
D5-leverage_e30_r092,TA(0.10),0.05978201100000291,0.0,-2.155623866093152,0.07902872797710238,2.472009440190319,-0.1220069363785689,,,,,,,,
D5-leverage_e30_r092,TA(0.15),0.056605174000004865,0.0,-2.155623866093152,0.07902872797710238,2.472009440190319,-0.1220069363785689,,,,,,,,
D5-leverage_e30_r092,TA(0.25),0.05846841500000011,0.0,2.472800886647277,-0.16194785468941444,-2.111785310242715,0.03911337432273152,,,,,,,,
D5-leverage_e30_r092,TA(0.40),0.058065974999998105,0.03666666666666667,1.449982372372052,-0.28523220875065763,-0.2842709664632584,1.5041609019204873,,,,,,,,
D5-leverage_e35_r092,adapt,0.051507794000002605,0.02,2.0368477209355946,-0.06277792016508815,-2.298746094212409,0.10430482806701773,,,,,,,,
D5-leverage_e35_r092,adaptX,0.059131763000003446,0.02,-2.298746094212409,0.10430482806701773,2.0368477209355946,-0.06277792016508815,,,,,,,,
D5-leverage_e35_r092,HA50,0.010494433000005188,,2.1097451242090206,-0.06152621426053096,-2.3706763572083807,0.11344395111046465,,,,,,,,
D5-leverage_e35_r092,TA(0.05),0.05308899500000308,0.016666666666666666,2.080788705049873,-0.06735245100196965,-2.256650743045583,0.099508278951499,,,,,,,,
D5-leverage_e35_r092,TA(0.10),0.05333988000000289,0.02,-2.2142953623817174,0.09680739591843852,2.1010883806545873,-0.0692219050123628,,,,,,,,
D5-leverage_e35_r092,TA(0.15),0.05364757799999609,0.02,-2.2142953623817174,0.09680739591843852,2.1010883806545873,-0.0692219050123628,,,,,,,,
D5-leverage_e35_r092,TA(0.25),0.052891135000002976,0.023333333333333334,2.378232605187161,-0.09442867812504453,-1.67548398703323,0.03150325062537514,,,,,,,,
D5-leverage_e35_r092,TA(0.40),0.05269290500000068,0.016666666666666666,-1.714788719673018,-0.03775851317449986,2.1889330575662735,-0.18510618012210378,,,,,,,,
D6-uniform_e25_r092,adapt,0.05528483999999878,0.19,-0.06628118612947746,1.6116122040334124,-0.006267939805331679,-1.5677035279156926,,,,,,,,
D6-uniform_e25_r092,adaptX,0.06034876999999739,0.19,-0.019399278270066916,-1.5691525405064974,-0.03739997360265365,1.589445016983541,,,,,,,,
D6-uniform_e25_r092,HA50,0.0122966550000001,,2.771074706700513,-0.044046899773860206,-3.4792496122147862,-0.01675846985632504,,,,,,,,
D6-uniform_e25_r092,TA(0.05),0.05825890799999911,0.0033333333333333335,2.651445066771058,-0.15744239188205011,-3.5095489500238184,-0.039646018096609094,,,,,,,,
D6-uniform_e25_r092,TA(0.10),0.05619808099999801,0.19,-0.03971236022118863,1.589267766232575,-0.016771013666161565,-1.5688638900331089,,,,,,,,
D6-uniform_e25_r092,TA(0.15),0.057328730000001826,0.19666666666666666,-0.04516483230775792,-1.54680336759634,-0.014839042547579548,1.5867353942881162,,,,,,,,
D6-uniform_e25_r092,TA(0.25),0.058964558999996086,0.20666666666666667,0.0037275843734726256,-1.5735143813997072,0.10733517963481697,1.4124656842021228,,,,,,,,
D6-uniform_e25_r092,TA(0.40),0.05748695100000134,0.21333333333333335,0.13179677004118734,1.413860133571181,-0.08750541660765206,-1.5518273515077452,,,,,,,,
D6-uniform_e30_r092,adapt,0.05402982600000428,0.15,-0.19440557652135754,1.1507893751108207,-0.3472056134132865,-1.9637350735176533,,,,,,,,
D6-uniform_e30_r092,adaptX,0.06019452400000347,0.0,-2.3904465263935246,-0.029082919175650312,4.255514758899086,-0.041746063646344526,,,,,,,,
D6-uniform_e30_r092,HA50,0.011975668999994582,,4.4282125130642775,-0.019056367545483885,-2.2835273356038357,-0.004210953913872455,,,,,,,,
D6-uniform_e30_r092,TA(0.05),0.05483399100000241,0.0,-2.145029938102551,0.09373066938803067,4.598236964062803,0.057622132039484956,,,,,,,,
D6-uniform_e30_r092,TA(0.10),0.05486396400000615,0.15,-0.03942365669590302,1.1869651439173285,-0.21560208931560362,-1.9160799728568045,,,,,,,,
D6-uniform_e30_r092,TA(0.15),0.05704694500000329,0.15,-0.1962121477353218,1.1508139929138934,-0.3451159911718752,-1.963779531784486,,,,,,,,
D6-uniform_e30_r092,TA(0.25),0.05555283999999716,0.18666666666666668,-0.12307251397505664,1.210079590871261,0.12033342938508562,-1.7023866609093725,,,,,,,,
D6-uniform_e30_r092,TA(0.40),0.05820518799999519,0.18333333333333332,-0.07508051161927652,1.207773263872384,-0.04941225403581476,-1.6702466649908392,,,,,,,,
D6-uniform_e35_r092,adapt,0.053163714000000084,0.0,3.4763165061192822,0.050203287227887694,-3.5697235322642187,0.16096798621387834,,,,,,,,
D6-uniform_e35_r092,adaptX,0.05805942300000311,0.0,3.4763165061192822,0.050203287227887694,-3.5697235322642187,0.16096798621387834,,,,,,,,
D6-uniform_e35_r092,HA50,0.012407795000001443,,3.4763165061192822,0.050203287227887694,-3.5697235322642187,0.16096798621387834,,,,,,,,
D6-uniform_e35_r092,TA(0.05),0.05411986499999699,0.0,-3.525764890728691,0.1768357063312486,3.5290180686651142,0.07093410027323202,,,,,,,,
D6-uniform_e35_r092,TA(0.10),0.05549962699999611,0.0,3.5290180686651142,0.07093410027323202,-3.525764890728691,0.1768357063312486,,,,,,,,
D6-uniform_e35_r092,TA(0.15),0.05459983600000129,0.0,3.500238690942568,0.051450765717572844,-3.5457099920303183,0.1584457500410565,,,,,,,,
D6-uniform_e35_r092,TA(0.25),0.0540442679999984,0.14,0.20095897461697293,1.8674797893017663,-0.12903470913352333,-1.5664564023689729,,,,,,,,
D6-uniform_e35_r092,TA(0.40),0.05672289400000352,0.18666666666666668,0.08896263264777574,-1.4994885312263806,0.052939789401923044,1.7611270586821706,,,,,,,,
D7-p3_e25_r092,adapt,0.24121227400000578,0.24,0.01639933267405072,1.4778975208192446,0.858250403993445,1.0525496295731267,-0.007980415405817646,-1.4762434197849537,1.1038173039827472,0.9092806814488898,,,,
D7-p3_e25_r092,adaptX,2.035643023999995,0.25666666666666665,-0.011256465239816056,-1.4601617950138077,1.0883797908168444,0.9006497818791381,0.04931529561242256,1.466898301255919,0.8449581336321063,1.064001712959869,,,,
D7-p3_e25_r092,HA50,0.010476074999999696,,-21.749783680630234,0.37173272796463797,1.0594864777622603,0.6309426328546223,2.5277516205395383,0.11871380652831325,0.6746315181685869,0.8423556301208781,,,,
D7-p3_e25_r092,TA(0.05),0.24261824500000273,0.09333333333333334,-21.749783680630234,0.37173272796463797,1.0594864777622603,0.6309426328546223,-0.07274575060531038,-0.01345997842780041,0.8309595979448552,0.6402385574745999,,,,
D7-p3_e25_r092,TA(0.10),0.24214036400000083,0.09333333333333334,-21.749783680630234,0.37173272796463797,1.0594864777622603,0.6309426328546223,-0.07274575060531038,-0.01345997842780041,0.8309595979448552,0.6402385574745999,,,,
D7-p3_e25_r092,TA(0.15),0.24249231299999963,0.09666666666666666,-0.07274575060531038,-0.01345997842780041,0.8309595979448552,0.6402385574745999,-22.367446784609562,1.0113100552783383,1.5991535782834543,0.268902174223706,,,,
D7-p3_e25_r092,TA(0.25),0.2426952399999962,0.24,0.025649805808657965,1.4798663979388598,0.8583967546794022,1.0580070248754372,0.0036047135836200514,-1.4769213006297939,1.103776143378152,0.9156404211286379,,,,
D7-p3_e25_r092,TA(0.40),0.24437437099999926,0.24,0.009559867551743324,-1.4771925432727466,1.0919803636699958,0.9110324053960707,-0.0027771551178000747,1.4805294707192491,0.8696994803474598,1.053319976806007,,,,
D7-p3_e30_r092,adapt,0.2536057840000012,0.30666666666666664,-0.041464866606183905,-1.4262807117172283,0.9776214818224377,1.0718559476407075,0.01089366923682356,1.5488307794086267,1.0305730531883355,0.9988595006243467,,,,
D7-p3_e30_r092,adaptX,2.1026991069999994,0.31333333333333335,-0.03775491068017766,-1.4284152269396098,0.9726374278333744,1.0781629763729017,0.01089366923682356,1.5488307794086267,1.0305730531883355,0.9988595006243467,,,,
D7-p3_e30_r092,HA50,0.010144183999997836,,-23.62519577646257,0.07115678932996962,1.416122259726756,0.5399068359529994,3.4040042640959727,0.09396704980635302,1.3827509580187123,1.0204148846661751,,,,
D7-p3_e30_r092,TA(0.05),0.25591137899999694,0.12666666666666668,-23.62519577646257,0.07115678932996962,1.416122259726756,0.5399068359529994,-0.10629306569574629,0.07110465694312232,1.2244323638504397,1.1892958396309805,,,,
D7-p3_e30_r092,TA(0.10),0.2561153980000057,0.12666666666666668,-23.62519577646257,0.07115678932996962,1.416122259726756,0.5399068359529994,-0.10629306569574629,0.07110465694312232,1.2244323638504397,1.1892958396309805,,,,
D7-p3_e30_r092,TA(0.15),0.2561253859999937,0.13,-0.10629306569574629,0.07110465694312232,1.2244323638504397,1.1892958396309805,-23.852015168907453,-0.055927933684891545,1.5764145771579863,0.6117908717288553,,,,
D7-p3_e30_r092,TA(0.25),0.2549604999999957,0.21333333333333335,-0.053193171665906896,0.08760023441460489,1.354815690905014,1.2100943294536268,-8.438453293986482,0.35584531708519335,-4.650757528209344,4.064129100484001,,,,
D7-p3_e30_r092,TA(0.40),0.2559581539999982,0.30666666666666664,0.01089366923682356,1.5488307794086267,1.0305730531883355,0.9988595006243467,-0.041464866606183905,-1.4262807117172283,0.9776214818224377,1.0718559476407075,,,,
D7-p3_e35_r092,adapt,0.2687147660000022,0.19333333333333333,-0.13002630032014045,0.006265400329424128,1.1765424940917764,1.0461828053959716,-22.573153532993484,0.6415922136213049,1.0499352672226139,1.450313005488025,,,,
D7-p3_e35_r092,adaptX,2.0324138860000005,0.43333333333333335,0.014067746831971567,1.6058390572711134,0.9620990199542478,1.0012621057224484,-0.21796582949484,-1.5031448371631544,0.9443072857509315,0.9564505821580717,,,,
D7-p3_e35_r092,HA50,0.011049036000002843,,5.605539473383585,-0.17961345729341424,1.516346384119264,1.4497179511782141,-22.90704007418075,0.41096157545550605,1.1860745031031306,1.2146728702858294,,,,
D7-p3_e35_r092,TA(0.05),0.2699485810000013,0.14,-22.90704007418075,0.41096157545550605,1.1860745031031306,1.2146728702858294,2.6101746979189433,0.34722483266143217,1.8615880900081498,1.2687247880199035,,,,
D7-p3_e35_r092,TA(0.10),0.27123727100000394,0.19333333333333333,0.05567322155713309,0.005643268701067348,1.2714466505133297,1.1978369647168894,-22.90704007418075,0.41096157545550605,1.1860745031031306,1.2146728702858294,,,,
D7-p3_e35_r092,TA(0.15),0.2714168749999999,0.19333333333333333,-0.18725170191994608,-0.0445659149662252,1.1890798052412836,1.049851500110036,-23.09046656536235,0.23489979537445782,1.229507029352743,1.2094325400001678,,,,
D7-p3_e35_r092,TA(0.25),0.27060597399999864,0.21666666666666667,-0.2446737172639439,-0.09751149353230106,1.1553619071946948,1.0633165505361957,23.05202927631742,-0.19551006398574988,0.3388904985741039,0.9766843012366608,,,,
D7-p3_e35_r092,TA(0.40),0.2699109270000051,0.4166666666666667,0.02650605116485924,1.608760651116885,0.9743480947368021,1.0067894207419767,-0.19676459155654205,-1.49987257425644,0.9454448404451301,0.9719392915197124,,,,
D8-K2par-sep_e25_r092,adapt,0.054237706999998636,0.25666666666666665,2.9980278289192417,1.0398004181477252,-3.0006663237488387,0.9339605379211532,,,,,,,,
D8-K2par-sep_e25_r092,adaptX,0.06063441800000646,0.25666666666666665,-3.0006663237488387,0.9339605379211532,2.9980278289192417,1.0398004181477252,,,,,,,,
D8-K2par-sep_e25_r092,HA50,0.011898915999999815,,-23.048661946716134,0.8654763100202295,3.326649552488599,0.7511908011302578,,,,,,,,
D8-K2par-sep_e25_r092,TA(0.05),0.056161789000000795,0.12666666666666668,0.0178455001004192,0.9623513917852422,-23.309625377540442,1.0683250953269696,,,,,,,,
D8-K2par-sep_e25_r092,TA(0.10),0.05662744400000008,0.12,-23.309625377540442,1.0683250953269696,-0.09427030338653714,0.9986022102182512,,,,,,,,
D8-K2par-sep_e25_r092,TA(0.15),0.05491531899999558,0.12,-23.309625377540442,1.0683250953269696,-0.09427030338653714,0.9986022102182512,,,,,,,,
D8-K2par-sep_e25_r092,TA(0.25),0.05529153700000222,0.25666666666666665,-3.0284582386163823,0.9422568215870349,2.9706116871574775,1.0466067686927158,,,,,,,,
D8-K2par-sep_e25_r092,TA(0.40),0.055075277999996786,0.25666666666666665,-3.0284582386163823,0.9422568215870349,2.9706116871574775,1.0466067686927158,,,,,,,,
D8-K2par-sep_e30_r092,adapt,0.05568539399999395,0.31333333333333335,-3.040938842188864,0.9283430769171734,3.0862654803814293,0.9661799153604889,,,,,,,,
D8-K2par-sep_e30_r092,adaptX,0.06246187400000025,0.31333333333333335,-3.040938842188864,0.9283430769171734,3.0862654803814293,0.9661799153604889,,,,,,,,
D8-K2par-sep_e30_r092,HA50,0.011324451000000124,,22.14385617022764,1.5187300522233544,-4.261871086823814,0.5727667503476622,,,,,,,,
D8-K2par-sep_e30_r092,TA(0.05),0.05704278700000032,0.14333333333333334,22.14385617022764,1.5187300522233544,-0.7148041028831917,0.7189815829603526,,,,,,,,
D8-K2par-sep_e30_r092,TA(0.10),0.056868344999998044,0.14666666666666667,22.14385617022764,1.5187300522233544,-0.44327492728073986,0.8318999505395731,,,,,,,,
D8-K2par-sep_e30_r092,TA(0.15),0.05646591499999687,0.14666666666666667,22.14385617022764,1.5187300522233544,-0.3713207293977472,0.8893933248607361,,,,,,,,
D8-K2par-sep_e30_r092,TA(0.25),0.05701576300000255,0.16333333333333333,-1.5870953449306782,0.06450995345115673,14.399985889089438,-3.1877898620976155,,,,,,,,
D8-K2par-sep_e30_r092,TA(0.40),0.05965285999999992,0.31333333333333335,-3.040938842188864,0.9283430769171734,3.0862654803814293,0.9661799153604889,,,,,,,,
D8-K2par-sep_e35_r092,adapt,0.05509801800000247,0.36666666666666664,-3.1156734828112658,0.9824697600681439,2.9276672525404144,0.9703931388281933,,,,,,,,
D8-K2par-sep_e35_r092,adaptX,0.06279746200000602,0.36666666666666664,-3.1156734828112658,0.9824697600681439,2.9276672525404144,0.9703931388281933,,,,,,,,
D8-K2par-sep_e35_r092,HA50,0.01091756000000288,,23.52545760706802,1.363634666493498,-5.301197783857144,1.3516282084577471,,,,,,,,
D8-K2par-sep_e35_r092,TA(0.05),0.056715245999996,0.16333333333333333,0.7610685701401454,1.0973585089315008,-22.34215967878261,0.9762692593504312,,,,,,,,
D8-K2par-sep_e35_r092,TA(0.10),0.05590826699999951,0.17,0.03661253161569458,1.0531008300102402,-22.34215967878261,0.9762692593504312,,,,,,,,
D8-K2par-sep_e35_r092,TA(0.15),0.056102230000000475,0.17,-22.34215967878261,0.9762692593504312,-0.03175049050188376,1.1129845899434667,,,,,,,,
D8-K2par-sep_e35_r092,TA(0.25),0.056385494000004144,0.17,-22.54284175485755,0.8041290662833552,-0.03175049050188376,1.1129845899434667,,,,,,,,
D8-K2par-sep_e35_r092,TA(0.40),0.05686944600000032,0.36666666666666664,2.9276672525404144,0.9703931388281933,-3.1156734828112658,0.9824697600681439,,,,,,,,
D1-K2cross_e25_r093,adapt,0.06842573099999782,0.2633333333333333,-0.0719285077565531,1.5905153393169722,-0.17829653983859622,-1.619852321127861,,,,,,,,
D1-K2cross_e25_r093,adaptX,0.07985262399999726,0.2633333333333333,-0.0719285077565531,1.5905153393169722,-0.17829653983859622,-1.619852321127861,,,,,,,,
D1-K2cross_e25_r093,HA50,0.015053117999997312,,3.0496949110874394,0.12518088019487728,-22.810635325231154,0.4641920613747252,,,,,,,,
D1-K2cross_e25_r093,TA(0.05),0.07117080900000161,0.12666666666666668,0.00397153739926877,-0.16265625576847942,-22.810635325231154,0.4641920613747252,,,,,,,,
D1-K2cross_e25_r093,TA(0.10),0.07107195900000107,0.12666666666666668,0.00397153739926877,-0.16265625576847942,-22.810635325231154,0.4641920613747252,,,,,,,,
D1-K2cross_e25_r093,TA(0.15),0.07178164599999803,0.13,-22.53475754186799,0.724651990665974,0.00397153739926877,-0.16265625576847942,,,,,,,,
D1-K2cross_e25_r093,TA(0.25),0.07018870299999946,0.2633333333333333,-0.0719285077565531,1.5905153393169722,-0.17829653983859622,-1.619852321127861,,,,,,,,
D1-K2cross_e25_r093,TA(0.40),0.06937237999999724,0.2633333333333333,-0.0719285077565531,1.5905153393169722,-0.17829653983859622,-1.619852321127861,,,,,,,,
D1-K2cross_e30_r093,adapt,0.05632405800000129,0.3333333333333333,0.006612787189977108,-1.553147706828607,-0.0820724506696897,1.462333019132897,,,,,,,,
D1-K2cross_e30_r093,adaptX,0.06483142300000111,0.3333333333333333,-0.10749153295734383,1.4741871805366273,-0.015989634141444622,-1.5407605254535706,,,,,,,,
D1-K2cross_e30_r093,HA50,0.011791580999997109,,-4.6482063453791005,-0.3849488083923582,22.62621937347557,0.13773971812262967,,,,,,,,
D1-K2cross_e30_r093,TA(0.05),0.05710948400000149,0.15333333333333332,-21.574111244269957,0.10444015220961057,-0.1513683914091889,-0.06899384596443553,,,,,,,,
D1-K2cross_e30_r093,TA(0.10),0.0592145869999996,0.15333333333333332,-0.1513683914091889,-0.06899384596443553,-21.574111244269957,0.10444015220961057,,,,,,,,
D1-K2cross_e30_r093,TA(0.15),0.05857397500000161,0.15333333333333332,-0.1513683914091889,-0.06899384596443553,-21.574111244269957,0.10444015220961057,,,,,,,,
D1-K2cross_e30_r093,TA(0.25),0.057619156999997756,0.15666666666666668,0.17549937029800147,-0.3598160769377514,-18.481561258120504,-2.301824784314618,,,,,,,,
D1-K2cross_e30_r093,TA(0.40),0.05713441199999636,0.3333333333333333,-0.02006236472817196,-1.5401926325806083,-0.11232329545792862,1.4746023043987608,,,,,,,,
D1-K2cross_e35_r093,adapt,0.057928807999999776,0.3333333333333333,0.001026667137682057,1.5416196770011932,0.16395460204846152,-1.5218315531219135,,,,,,,,
D1-K2cross_e35_r093,adaptX,0.06612076400000433,0.3333333333333333,0.001026667137682057,1.5416196770011932,0.16395460204846152,-1.5218315531219135,,,,,,,,
D1-K2cross_e35_r093,HA50,0.011031275999997092,,-4.525835504370979,0.3273211801673808,22.314232949032792,0.2063355470129134,,,,,,,,
D1-K2cross_e35_r093,TA(0.05),0.060245725999998,0.16,-0.02541391692255428,-0.005568168723168545,22.314232949032792,0.2063355470129134,,,,,,,,
D1-K2cross_e35_r093,TA(0.10),0.058634635999993634,0.16,-0.02541391692255428,-0.005568168723168545,22.314232949032792,0.2063355470129134,,,,,,,,
D1-K2cross_e35_r093,TA(0.15),0.05913814800000239,0.16,-0.02541391692255428,-0.005568168723168545,22.314232949032792,0.2063355470129134,,,,,,,,
D1-K2cross_e35_r093,TA(0.25),0.059133202999994694,0.16333333333333333,18.44613262684755,3.068284721888109,-0.5704439179427698,0.39736410316261955,,,,,,,,
D1-K2cross_e35_r093,TA(0.40),0.05905109799999764,0.3333333333333333,0.16395460204846152,-1.5218315531219135,0.001026667137682057,1.5416196770011932,,,,,,,,
D2-K3par_e25_r093,adapt,0.4294375150000036,0.13,2.033445943625051,0.9631014168003582,23.401366774191526,0.1948960249171213,-2.2762640866605737,0.9500568262494876,,,,,,
D2-K3par_e25_r093,adaptX,0.40818527900000134,0.25,-0.08526306896896059,0.9671638142481104,2.8666180218612385,0.9787134314638449,-2.9808504875679684,0.9364407447678849,,,,,,
D2-K3par_e25_r093,HA50,0.013827063999997335,,23.844367675728417,0.4460279163695473,-21.940375216170196,0.2321830440388818,-0.1263957175206774,1.015564876517372,,,,,,
D2-K3par_e25_r093,TA(0.05),0.4317938299999966,0.013333333333333334,-21.940375216170196,0.2321830440388818,-0.1263957175206774,1.015564876517372,23.401366774191526,0.1948960249171213,,,,,,
D2-K3par_e25_r093,TA(0.10),0.4308180299999975,0.013333333333333334,23.622110971906956,0.079084824412707,-21.940375216170196,0.2321830440388818,-0.1263957175206774,1.015564876517372,,,,,,
D2-K3par_e25_r093,TA(0.15),0.43029303499999827,0.13,2.033445943625051,0.9631014168003582,-2.2762640866605737,0.9500568262494876,23.647487393658174,-0.12205471362077244,,,,,,
D2-K3par_e25_r093,TA(0.25),0.4318149939999998,0.25,-0.14331076741732157,0.9073237846945962,-3.04675650408012,0.9027963713243964,2.8670526334026767,0.9535049248465223,,,,,,
D2-K3par_e25_r093,TA(0.40),0.4313702769999992,0.25,-0.08676886994428148,0.9416092545461692,2.8670526334026767,0.9535049248465223,-2.9808504875679684,0.9364407447678849,,,,,,
D2-K3par_e30_r093,adapt,0.3620477740000041,0.26,-2.74657061153997,1.115094255353979,-0.05081060830796923,1.1582816678311654,3.25009423165029,1.122616617404801,,,,,,
D2-K3par_e30_r093,adaptX,0.3289914429999996,0.26,3.2747250747756182,1.138854876168395,-2.2631256057022844,0.7632561796310298,-0.6367858144670308,1.5491903312405975,,,,,,
D2-K3par_e30_r093,HA50,0.013302218999996285,,-22.43983266066572,0.8041427978676666,0.21222626902463976,0.9651940220630028,22.972310413221372,1.2336726843020205,,,,,,
D2-K3par_e30_r093,TA(0.05),0.3647248320000003,0.0,0.21222626902463976,0.9651940220630028,-22.43983266066572,0.8041427978676666,22.972310413221372,1.2336726843020205,,,,,,
D2-K3par_e30_r093,TA(0.10),0.3651823229999991,0.0,22.972310413221372,1.2336726843020205,0.21222626902463976,0.9651940220630028,-22.43983266066572,0.8041427978676666,,,,,,
D2-K3par_e30_r093,TA(0.15),0.3630309000000054,0.13333333333333333,2.8278266382898147,0.9786815499994203,-1.8641686937166189,1.0642723210562597,23.239631159806,1.16466654724532,,,,,,
D2-K3par_e30_r093,TA(0.25),0.3635647009999943,0.14,2.840349812427045,0.9068219934321359,3.639363328493159,12.103285045304863,-1.8166614898951938,1.001567547491563,,,,,,
D2-K3par_e30_r093,TA(0.40),0.36453825399999573,0.26,-2.6741442580594548,1.0750325940734773,3.3597825055342745,1.0455502592814785,0.2199523041148698,1.0143481053104595,,,,,,
D2-K3par_e35_r093,adapt,0.431758722000005,0.16666666666666666,-22.2122966064515,0.9460408831859284,-2.0355498648078814,0.7379462052470732,2.413670159049558,0.8628917741223887,,,,,,
D2-K3par_e35_r093,adaptX,0.5201673540000016,0.33666666666666667,0.055547913963622096,0.8421329280415376,3.2828764100594086,0.9276607895097121,-3.012112430508974,0.9338982743513347,,,,,,
D2-K3par_e35_r093,HA50,0.013493005999997365,,0.24337018950127268,0.7934058433509035,23.245909567524034,1.3783882216502572,-22.2122966064515,0.9460408831859284,,,,,,
D2-K3par_e35_r093,TA(0.05),0.43317528800000105,0.0,-22.2122966064515,0.9460408831859284,0.24337018950127268,0.7934058433509035,23.245909567524034,1.3783882216502572,,,,,,
D2-K3par_e35_r093,TA(0.10),0.4329264790000025,0.0,0.24337018950127268,0.7934058433509035,23.245909567524034,1.3783882216502572,-22.2122966064515,0.9460408831859284,,,,,,
D2-K3par_e35_r093,TA(0.15),0.43340522300000117,0.0,-22.2122966064515,0.9460408831859284,23.245909567524034,1.3783882216502572,0.24337018950127268,0.7934058433509035,,,,,,
D2-K3par_e35_r093,TA(0.25),0.4345229860000046,0.16666666666666666,-1.9137899078493457,0.6698534408842916,-21.73771687780134,0.7396200419731578,2.5315185794759993,0.7938712350376218,,,,,,
D2-K3par_e35_r093,TA(0.40),0.4334491130000018,0.33666666666666667,3.3468296835092812,0.8874876593075525,0.21409897559678615,0.8261297596713587,-2.8797928562501425,0.9299250886986602,,,,,,
D3-unequal_e25_r093,adapt,0.058414260999995804,0.26,-0.07261758554287864,-1.55204644879666,-0.0267776609484772,1.5306381526293402,,,,,,,,
D3-unequal_e25_r093,adaptX,0.06507265799999828,0.26,-0.0267776609484772,1.5306381526293402,-0.07261758554287864,-1.55204644879666,,,,,,,,
D3-unequal_e25_r093,HA50,0.010338756000003002,,22.955082960856014,-0.3322666759718687,-3.278607867701921,0.006959791415372736,,,,,,,,
D3-unequal_e25_r093,TA(0.05),0.05926422900000006,0.11666666666666667,22.955082960856014,-0.3322666759718687,-0.25691212351742493,-0.4186175883884832,,,,,,,,
D3-unequal_e25_r093,TA(0.10),0.061528036999995095,0.11666666666666667,22.955082960856014,-0.3322666759718687,-0.25691212351742493,-0.4186175883884832,,,,,,,,
D3-unequal_e25_r093,TA(0.15),0.06023621500000331,0.14,-22.592896280781062,-0.8194979014109763,-0.25691212351742493,-0.4186175883884832,,,,,,,,
D3-unequal_e25_r093,TA(0.25),0.05981711199999751,0.26,-0.03312050663315474,1.5294348852840678,-0.07676103652199738,-1.5523251021224833,,,,,,,,
D3-unequal_e25_r093,TA(0.40),0.061152035999995746,0.26,-0.0267776609484772,1.5306381526293402,-0.07261758554287864,-1.55204644879666,,,,,,,,
D3-unequal_e30_r093,adapt,0.05857179800000267,0.24,0.0017336285091665313,-1.5668155300542586,-0.14984285611132842,1.5394823772134625,,,,,,,,
D3-unequal_e30_r093,adaptX,0.06330520899999925,0.24,0.0017336285091665313,-1.5668155300542586,-0.14984285611132842,1.5394823772134625,,,,,,,,
D3-unequal_e30_r093,HA50,0.01240019900000533,,-19.40995880987626,-3.868449374781823,3.6304217111585984,-1.7832449307099312,,,,,,,,
D3-unequal_e30_r093,TA(0.05),0.05995964000000242,0.12333333333333334,-22.324931281625915,-1.2452593905141507,0.005578903726311164,-0.4176700550566387,,,,,,,,
D3-unequal_e30_r093,TA(0.10),0.06213712600000321,0.12333333333333334,0.005578903726311164,-0.4176700550566387,-22.324931281625915,-1.2452593905141507,,,,,,,,
D3-unequal_e30_r093,TA(0.15),0.06123757499999982,0.13333333333333333,22.99166327098225,-1.7661052327184734,0.005578903726311164,-0.4176700550566387,,,,,,,,
D3-unequal_e30_r093,TA(0.25),0.06076951500000405,0.24,0.0017336285091665313,-1.5668155300542586,-0.14984285611132842,1.5394823772134625,,,,,,,,
D3-unequal_e30_r093,TA(0.40),0.06047361000000251,0.24,-0.15925444856892196,1.5379506755459003,-0.002883573181398328,-1.5677762095436216,,,,,,,,
D3-unequal_e35_r093,adapt,0.06603384699999992,0.21666666666666667,23.253023909746563,-1.3902307870958186,0.046057437125973044,-0.6341478574809921,,,,,,,,
D3-unequal_e35_r093,adaptX,0.07440102200000354,0.21333333333333335,0.046057437125973044,-0.6341478574809921,-23.91611590611083,-0.6265781287505803,,,,,,,,
D3-unequal_e35_r093,HA50,0.010511983000000669,,6.011156499120077,-0.2696076429598766,-23.91611590611083,-0.6265781287505803,,,,,,,,
D3-unequal_e35_r093,TA(0.05),0.06834785399999532,0.14333333333333334,-23.91611590611083,-0.6265781287505803,3.3518743200311376,-0.10209392383040738,,,,,,,,
D3-unequal_e35_r093,TA(0.10),0.06813245699999726,0.21333333333333335,0.17243511647550355,-0.7300792556074864,-23.91611590611083,-0.6265781287505803,,,,,,,,
D3-unequal_e35_r093,TA(0.15),0.06684237300000007,0.21333333333333335,0.046057437125973044,-0.6341478574809921,-23.91611590611083,-0.6265781287505803,,,,,,,,
D3-unequal_e35_r093,TA(0.25),0.0669143109999979,0.21333333333333335,-23.91611590611083,-0.6265781287505803,0.046057437125973044,-0.6341478574809921,,,,,,,,
D3-unequal_e35_r093,TA(0.40),0.06856193999999505,0.23,-0.05608498437982103,-1.0305494786753404,-23.91611590611083,-0.6265781287505803,,,,,,,,
