study,design,eps,rep,unit,acc_alg1,acc,ahat
1b,D3-unequal,0.35,0,D3-unequal_e35_r000,0.8917525773195877,0.8917525773195877,0.35333333333333333
1b,D4-hetero,0.25,0,D4-hetero_e25_r000,0.9140271493212669,0.9140271493212669,0.2733333333333333
1,D1-K2cross,0.0,0,D1-K2cross_e00_r000,0.94,0.94,0.013333333333333334
1b,D3-unequal,0.3,0,D3-unequal_e30_r000,0.9514563106796117,0.9514563106796117,0.31333333333333335
1b,D3-unequal,0.25,0,D3-unequal_e25_r000,0.8982300884955752,0.8982300884955752,0.25
1e,G3-cluster,0.0,0,G3-cluster_e00_r000,0.9033333333333333,0.9033333333333333,0.006666666666666667
1b,D1-K2cross,0.25,0,D1-K2cross_e25_r000,0.9137931034482759,0.9137931034482759,0.23
1b,D1-K2cross,0.3,0,D1-K2cross_e30_r000,0.8888888888888888,0.8888888888888888,0.31
1e,G3-cluster,0.1,0,G3-cluster_e10_r000,0.8920863309352518,0.8920863309352518,0.08333333333333333
1,D1-K2cross,0.05,0,D1-K2cross_e05_r000,0.9357142857142857,0.9357142857142857,0.07333333333333333
1,D3-unequal,0.0,0,D3-unequal_e00_r000,0.9233333333333333,0.9233333333333333,0.01
1e,G3-cluster,0.2,0,G3-cluster_e20_r000,0.8902439024390244,0.8902439024390244,0.30333333333333334
1e,G3-cluster,0.3,0,G3-cluster_e30_r000,0.5078534031413613,0.5078534031413613,0.013333333333333334
1e,G1-small20,0.3,0,G1-small20_e30_r000,0.8868778280542986,0.8868778280542986,0.2633333333333333
1b,D4-hetero,0.3,0,D4-hetero_e30_r000,0.8921568627450981,0.8921568627450981,0.3233333333333333
1,D3-unequal,0.05,0,D3-unequal_e05_r000,0.9181494661921709,0.9181494661921709,0.07333333333333333
1b,D4-hetero,0.35,0,D4-hetero_e35_r000,0.8911917098445595,0.8911917098445595,0.3566666666666667
1e,G1-small20,0.1,0,G1-small20_e10_r000,0.9433962264150944,0.9433962264150944,0.11666666666666667
1e,G1-small20,0.0,0,G1-small20_e00_r000,0.9266666666666666,0.9266666666666666,0.03
1b,D5-leverage,0.25,0,D5-leverage_e25_r000,0.9572649572649573,0.9572649572649573,0.22333333333333333
1,D3-unequal,0.1,0,D3-unequal_e10_r000,0.9217081850533808,0.9217081850533808,0.08333333333333333
1,D1-K2cross,0.1,0,D1-K2cross_e10_r000,0.915129151291513,0.915129151291513,0.1
1b,D1-K2cross,0.35,0,D1-K2cross_e35_r000,0.9247311827956989,0.9247311827956989,0.38
1b,D5-leverage,0.3,0,D5-leverage_e30_r000,0.5700934579439252,0.5700934579439252,0.0
1g,G1f-small20,0.0,0,G1f-small20_e00_r000,0.9433333333333334,0.9433333333333334,0.02666666666666667
1g,G1f-small20,0.1,0,G1f-small20_e10_r000,0.8781362007168458,0.8781362007168458,0.08333333333333333
1,D1-K2cross,0.3,0,D1-K2cross_e30_r000,0.9078947368421053,0.9078947368421053,0.24333333333333335
1,D1-K2cross,0.2,0,D1-K2cross_e20_r000,0.9184549356223176,0.9184549356223176,0.22333333333333333
1e,G1-small20,0.2,0,G1-small20_e20_r000,0.9113924050632911,0.9113924050632911,0.21
1,D3-unequal,0.2,0,D3-unequal_e20_r000,0.8902439024390244,0.8902439024390244,0.18333333333333332
1b,D5-leverage,0.35,0,D5-leverage_e35_r000,0.5585106382978723,0.5585106382978723,0.08333333333333333
1,D3-unequal,0.3,0,D3-unequal_e30_r000,0.95260663507109,0.95260663507109,0.3
1,D4-hetero,0.0,0,D4-hetero_e00_r000,0.8966666666666666,0.8966666666666666,0.043333333333333335
1b,D6-uniform,0.25,0,D6-uniform_e25_r000,0.9429824561403509,0.9429824561403509,0.21666666666666667
1,D2-K3par,0.1,0,D2-K3par_e10_r000,0.9087591240875912,0.9087591240875912,0.08666666666666667
1,D2-K3par,0.05,0,D2-K3par_e05_r000,0.9198606271777003,0.9198606271777003,0.043333333333333335
1,D2-K3par,0.2,0,D2-K3par_e20_r000,0.9214876033057852,0.9214876033057852,0.19333333333333333
1e,G1-small20,0.0,1,G1-small20_e00_r001,0.6233333333333333,0.9233333333333333,0.023333333333333334
1g,G1f-small20,0.0,1,G1f-small20_e00_r001,0.92,0.92,0.03
1b,D6-uniform,0.3,0,D6-uniform_e30_r000,0.9142857142857143,0.9142857142857143,0.19
1,D2-K3par,0.0,0,D2-K3par_e00_r000,0.8866666666666667,0.8866666666666667,0.013333333333333334
1,D4-hetero,0.1,0,D4-hetero_e10_r000,0.8970588235294118,0.8970588235294118,0.12333333333333334
1g,G1f-small20,0.1,1,G1f-small20_e10_r001,0.9188191881918819,0.9188191881918819,0.10333333333333333
1b,D6-uniform,0.35,0,D6-uniform_e35_r000,0.5210526315789473,0.5210526315789473,0.0
1,D4-hetero,0.05,0,D4-hetero_e05_r000,0.9052631578947369,0.9052631578947369,0.07
1e,G1-small20,0.1,1,G1-small20_e10_r001,0.9067164179104478,0.9067164179104478,0.11
1g,G1f-small20,0.2,0,G1f-small20_e20_r000,0.5875,0.8833333333333333,0.20333333333333334
1,D4-hetero,0.2,0,D4-hetero_e20_r000,0.8995983935742972,0.8995983935742972,0.18
1,D4-hetero,0.3,0,D4-hetero_e30_r000,0.8990825688073395,0.8990825688073395,0.29
1e,G1-small20,0.2,1,G1-small20_e20_r001,0.5020408163265306,0.9306122448979591,0.18333333333333332
1e,G1-small20,0.3,1,G1-small20_e30_r001,0.5388349514563107,0.5388349514563107,0.38666666666666666
1g,G1f-small20,0.2,1,G1f-small20_e20_r001,0.9344978165938864,0.9344978165938864,0.23666666666666666
1b,D2-K3par,0.3,0,D2-K3par_e30_r000,0.9130434782608695,0.9130434782608695,0.31
1,D5-leverage,0.05,0,D5-leverage_e05_r000,0.9222614840989399,0.9222614840989399,0.07333333333333333
1,D5-leverage,0.0,0,D5-leverage_e00_r000,0.91,0.91,0.03333333333333333
1e,G3-cluster,0.0,1,G3-cluster_e00_r001,0.9266666666666666,0.9266666666666666,0.016666666666666666
1b,D8-K2par-sep,0.25,0,D8-K2par-sep_e25_r000,1.0,1.0,0.2833333333333333
1,D5-leverage,0.1,0,D5-leverage_e10_r000,0.9222222222222223,0.9222222222222223,0.11666666666666667
1e,G3-cluster,0.1,1,G3-cluster_e10_r001,0.9222222222222223,0.9222222222222223,0.10666666666666667
1b,D2-K3par,0.25,0,D2-K3par_e25_r000,0.6990740740740741,0.6990740740740741,0.11666666666666667
1,D5-leverage,0.2,0,D5-leverage_e20_r000,0.9008620689655172,0.9008620689655172,0.22666666666666666
1e,G3-cluster,0.2,1,G3-cluster_e20_r001,0.5311203319502075,0.9128630705394191,0.31666666666666665
1,D5-leverage,0.3,0,D5-leverage_e30_r000,0.5188679245283019,0.5188679245283019,0.02
1e,G3-cluster,0.3,1,G3-cluster_e30_r001,0.5550239234449761,0.5550239234449761,0.10666666666666667
1b,D8-K2par-sep,0.3,0,D8-K2par-sep_e30_r000,0.9953051643192489,0.9953051643192489,0.29
1,D2-K3par,0.3,0,D2-K3par_e30_r000,0.7095238095238096,0.7095238095238096,0.14666666666666667
1b,D8-K2par-sep,0.35,0,D8-K2par-sep_e35_r000,1.0,1.0,0.3566666666666667
1b,D2-K3par,0.35,0,D2-K3par_e35_r000,0.6923076923076923,0.6923076923076923,0.17
1b,D1-K2cross,0.25,1,D1-K2cross_e25_r001,0.918918918918919,0.918918918918919,0.26
1,D6-uniform,0.0,0,D6-uniform_e00_r000,0.9233333333333333,0.9233333333333333,0.0
1,D6-uniform,0.05,0,D6-uniform_e05_r000,0.9017543859649123,0.9017543859649123,0.05333333333333334
1g,G5-small15-par,0.0,0,G5-small15-par_e00_r000,0.9966666666666667,0.9966666666666667,0.0033333333333333335
1b,D1-K2cross,0.3,1,D1-K2cross_e30_r001,0.9409090909090909,0.9409090909090909,0.27
1,D6-uniform,0.1,0,D6-uniform_e10_r000,0.9070631970260223,0.9070631970260223,0.10666666666666667
1b,D1-K2cross,0.35,1,D1-K2cross_e35_r001,0.865,0.865,0.3333333333333333
1e,G2-small15,0.3,0,G2-small15_e30_r000,0.5630630630630631,0.5630630630630631,0.31
1g,G2f-small15,0.0,0,G2f-small15_e00_r000,0.5633333333333334,0.8966666666666666,0.013333333333333334
1e,G1-small20,0.0,2,G1-small20_e00_r002,0.91,0.91,0.03333333333333333
1g,G1f-small20,0.0,2,G1f-small20_e00_r002,0.9066666666666666,0.9066666666666666,0.03333333333333333
1,D6-uniform,0.2,0,D6-uniform_e20_r000,0.9183673469387755,0.9183673469387755,0.18666666666666668
1,D6-uniform,0.3,0,D6-uniform_e30_r000,0.5342465753424658,0.5342465753424658,0.0
1e,G2-small15,0.0,0,G2-small15_e00_r000,0.5366666666666666,0.94,0.02
1e,G2-small15,0.3,1,G2-small15_e30_r001,0.855,0.855,0.18666666666666668
1e,G1-small20,0.2,2,G1-small20_e20_r002,0.9382716049382716,0.9382716049382716,0.19
1e,G1-small20,0.1,2,G1-small20_e10_r002,0.9407407407407408,0.9407407407407408,0.11666666666666667
1g,G1f-small20,0.1,2,G1f-small20_e10_r002,0.5735849056603773,0.9358490566037736,0.12
1g,G1f-small20,0.2,2,G1f-small20_e20_r002,0.5677966101694916,0.5677966101694916,0.27
1g,G2f-small15,0.2,0,G2f-small15_e20_r000,0.919831223628692,0.919831223628692,0.21
1e,G1-small20,0.3,2,G1-small20_e30_r002,0.9463414634146341,0.9463414634146341,0.2966666666666667
1b,D3-unequal,0.25,1,D3-unequal_e25_r001,0.9419642857142857,0.9419642857142857,0.25333333333333335
1g,G2f-small15,0.0,1,G2f-small15_e00_r001,0.5966666666666667,0.9266666666666666,0.02666666666666667
1b,D3-unequal,0.3,1,D3-unequal_e30_r001,0.9112149532710281,0.9112149532710281,0.2866666666666667
1g,G5-small15-par,0.1,0,G5-small15-par_e10_r000,0.5205992509363296,1.0,0.11333333333333333
1e,G2-small15,0.2,0,G2-small15_e20_r000,0.5930735930735931,0.8917748917748918,0.23333333333333334
1g,G4-small20-p3,0.2,0,G4-small20-p3_e20_r000,0.8771186440677966,0.8771186440677966,0.22
1g,G4-small20-p3,0.0,0,G4-small20-p3_e00_r000,0.9466666666666667,0.9466666666666667,0.013333333333333334
1e,G2-small15,0.0,1,G2-small15_e00_r001,0.5266666666666666,0.9033333333333333,0.013333333333333334
1e,G3-cluster,0.0,2,G3-cluster_e00_r002,0.92,0.92,0.02666666666666667
1g,G2f-small15,0.1,0,G2f-small15_e10_r000,0.5522388059701493,0.9104477611940298,0.11666666666666667
1b,D2-K3par,0.25,1,D2-K3par_e25_r001,0.9134199134199135,0.9134199134199135,0.23
1g,G2f-small15,0.1,1,G2f-small15_e10_r001,0.9007633587786259,0.9007633587786259,0.13333333333333333
1b,D3-unequal,0.35,1,D3-unequal_e35_r001,0.9054726368159204,0.9054726368159204,0.33
1e,G2-small15,0.1,1,G2-small15_e10_r001,0.5381818181818182,0.9236363636363636,0.08666666666666667
1b,D4-hetero,0.25,1,D4-hetero_e25_r001,0.908675799086758,0.908675799086758,0.2733333333333333
1,D8-K2par-sep,0.0,0,D8-K2par-sep_e00_r000,1.0,1.0,0.0033333333333333335
1b,D4-hetero,0.3,1,D4-hetero_e30_r001,0.9130434782608695,0.9130434782608695,0.31
1e,G3-cluster,0.1,2,G3-cluster_e10_r002,0.9185185185185185,0.9185185185185185,0.11666666666666667
1e,G3-cluster,0.2,2,G3-cluster_e20_r002,0.521551724137931,0.9267241379310345,0.34
1b,D4-hetero,0.35,1,D4-hetero_e35_r001,0.9086021505376344,0.9086021505376344,0.37666666666666665
1b,D5-leverage,0.25,1,D5-leverage_e25_r001,0.53125,0.53125,0.06666666666666667
1e,G3-cluster,0.3,2,G3-cluster_e30_r002,0.5275229357798165,0.5275229357798165,0.01
1e,G2-small15,0.1,0,G2-small15_e10_r000,0.575187969924812,0.924812030075188,0.12
1,D8-K2par-sep,0.05,0,D8-K2par-sep_e05_r000,0.9965156794425087,0.9965156794425087,0.06
1,D8-K2par-sep,0.1,0,D8-K2par-sep_e10_r000,1.0,1.0,0.11
1g,G2f-small15,0.2,1,G2f-small15_e20_r001,0.5142857142857142,0.9142857142857143,0.18333333333333332
1b,D5-leverage,0.3,1,D5-leverage_e30_r001,0.5233644859813084,0.5233644859813084,0.03666666666666667
1b,D5-leverage,0.35,1,D5-leverage_e35_r001,0.5513513513513514,0.5513513513513514,0.006666666666666667
1,D8-K2par-sep,0.2,0,D8-K2par-sep_e20_r000,1.0,1.0,0.18666666666666668
1e,G2-small15,0.2,1,G2-small15_e20_r001,0.5130434782608696,0.9043478260869565,0.23666666666666666
1e,G2-small15,0.0,2,G2-small15_e00_r002,0.5066666666666667,0.88,0.04666666666666667
1g,G2f-small15,0.0,2,G2f-small15_e00_r002,0.51,0.8866666666666667,0.05
1g,G4-small20-p3,0.1,0,G4-small20-p3_e10_r000,0.9213483146067416,0.9213483146067416,0.11666666666666667
1g,G1f-small20,0.0,3,G1f-small20_e00_r003,0.8866666666666667,0.8866666666666667,0.03
1b,D2-K3par,0.3,1,D2-K3par_e30_r001,0.5879396984924623,0.5879396984924623,0.17333333333333334
1e,G1-small20,0.0,3,G1-small20_e00_r003,0.5833333333333334,0.89,0.02666666666666667
1b,D7-p3,0.25,0,D7-p3_e25_r000,0.9177489177489178,0.9177489177489178,0.25
1b,D2-K3par,0.35,1,D2-K3par_e35_r001,0.35978835978835977,0.35978835978835977,0.0
1,D8-K2par-sep,0.3,0,D8-K2par-sep_e30_r000,0.9951219512195122,0.9951219512195122,0.31666666666666665
1b,D6-uniform,0.25,1,D6-uniform_e25_r001,0.8733031674208145,0.8733031674208145,0.20333333333333334
1,D1-K2cross,0.0,1,D1-K2cross_e00_r001,0.91,0.91,0.02666666666666667
1b,D6-uniform,0.3,1,D6-uniform_e30_r001,0.5483870967741935,0.5483870967741935,0.0
1g,G5-small15-par,0.0,1,G5-small15-par_e00_r001,1.0,1.0,0.01
1e,G2-small15,0.3,2,G2-small15_e30_r002,0.8512820512820513,0.8512820512820513,0.22333333333333333
1b,D6-uniform,0.35,1,D6-uniform_e35_r001,0.5136612021857924,0.5136612021857924,0.0033333333333333335
1g,G5-small15-par,0.2,1,G5-small15-par_e20_r001,0.9958333333333333,0.9958333333333333,0.2
1e,G1-small20,0.1,3,G1-small20_e10_r003,0.5037878787878788,0.5037878787878788,0.12
1g,G1f-small20,0.1,3,G1f-small20_e10_r003,0.5300751879699248,0.8796992481203008,0.12
1,D1-K2cross,0.05,1,D1-K2cross_e05_r001,0.9228070175438596,0.9228070175438596,0.05333333333333334
1,D1-K2cross,0.1,1,D1-K2cross_e10_r001,0.9391634980988594,0.9391634980988594,0.13333333333333333
1b,D7-p3,0.35,0,D7-p3_e35_r000,0.9289617486338798,0.9289617486338798,0.39666666666666667
1g,G5-small15-par,0.2,0,G5-small15-par_e20_r000,0.8755186721991701,0.8755186721991701,0.2
1e,G1-small20,0.2,3,G1-small20_e20_r003,0.5518672199170125,0.921161825726141,0.19666666666666666
1,D1-K2cross,0.2,1,D1-K2cross_e20_r001,0.940677966101695,0.940677966101695,0.21333333333333335
1g,G1f-small20,0.2,3,G1f-small20_e20_r003,0.905982905982906,0.905982905982906,0.22
1b,D7-p3,0.3,0,D7-p3_e30_r000,0.9170731707317074,0.9170731707317074,0.31666666666666665
1e,G3-cluster,0.0,3,G3-cluster_e00_r003,0.89,0.89,0.02
1e,G1-small20,0.3,3,G1-small20_e30_r003,0.85,0.85,0.21666666666666667
1,D1-K2cross,0.3,1,D1-K2cross_e30_r001,0.8669950738916257,0.8669950738916257,0.3233333333333333
1g,G5-small15-par,0.1,1,G5-small15-par_e10_r001,1.0,1.0,0.09666666666666666
1g,G2f-small15,0.1,2,G2f-small15_e10_r002,0.5364963503649635,0.9416058394160584,0.09333333333333334
1e,G3-cluster,0.1,3,G3-cluster_e10_r003,0.8966789667896679,0.8966789667896679,0.09666666666666666
1b,D8-K2par-sep,0.25,1,D8-K2par-sep_e25_r001,0.995475113122172,0.995475113122172,0.2633333333333333
1e,G3-cluster,0.2,3,G3-cluster_e20_r003,0.9166666666666666,0.9166666666666666,0.16333333333333333
1b,D8-K2par-sep,0.3,1,D8-K2par-sep_e30_r001,1.0,1.0,0.2833333333333333
1e,G2-small15,0.1,2,G2-small15_e10_r002,0.5092936802973977,0.9256505576208178,0.11333333333333333
1b,D8-K2par-sep,0.35,1,D8-K2par-sep_e35_r001,1.0,1.0,0.32666666666666666
1g,G5-small15-par,0.2,2,G5-small15-par_e20_r002,1.0,1.0,0.21333333333333335
1g,G2f-small15,0.2,2,G2f-small15_e20_r002,0.5083333333333333,0.9166666666666666,0.20333333333333334
1g,G5-small15-par,0.1,2,G5-small15-par_e10_r002,0.5891472868217055,1.0,0.14333333333333334
1e,G3-cluster,0.3,3,G3-cluster_e30_r003,0.5637254901960784,0.5637254901960784,0.10666666666666667
1g,G5-small15-par,0.0,2,G5-small15-par_e00_r002,0.52,0.9966666666666667,0.02666666666666667
1b,D1-K2cross,0.25,2,D1-K2cross_e25_r002,0.9519650655021834,0.9519650655021834,0.23666666666666666
1b,D1-K2cross,0.3,2,D1-K2cross_e30_r002,0.9090909090909091,0.9090909090909091,0.30333333333333334
1,D7-p3,0.0,0,D7-p3_e00_r000,0.91,0.91,0.013333333333333334
1,D2-K3par,0.0,1,D2-K3par_e00_r001,0.8966666666666666,0.8966666666666666,0.006666666666666667
1,D3-unequal,0.0,1,D3-unequal_e00_r001,0.9233333333333333,0.9233333333333333,0.01
1b,D1-K2cross,0.35,2,D1-K2cross_e35_r002,0.9536082474226805,0.9536082474226805,0.35333333333333333
1,D7-p3,0.05,0,D7-p3_e05_r000,0.926056338028169,0.926056338028169,0.07
1,D7-p3,0.1,0,D7-p3_e10_r000,0.9176029962546817,0.9176029962546817,0.11333333333333333
1,D2-K3par,0.05,1,D2-K3par_e05_r001,0.8819444444444444,0.8819444444444444,0.04
1,D3-unequal,0.05,1,D3-unequal_e05_r001,0.8982456140350877,0.8982456140350877,0.056666666666666664
1e,G1-small20,0.0,4,G1-small20_e00_r004,0.9333333333333333,0.9333333333333333,0.02
1g,G1f-small20,0.0,4,G1f-small20_e00_r004,0.9233333333333333,0.9233333333333333,0.03666666666666667
1g,G2f-small15,0.0,3,G2f-small15_e00_r003,0.5333333333333333,0.9233333333333333,0.03
1e,G1-small20,0.1,4,G1-small20_e10_r004,0.5092936802973977,0.5092936802973977,0.10666666666666667
1,D3-unequal,0.1,1,D3-unequal_e10_r001,0.9003690036900369,0.9003690036900369,0.10333333333333333
1,D2-K3par,0.1,1,D2-K3par_e10_r001,0.8876404494382022,0.8876404494382022,0.11
1g,G1f-small20,0.1,4,G1f-small20_e10_r004,0.9057971014492754,0.9057971014492754,0.08666666666666667
1e,G1-small20,0.2,4,G1-small20_e20_r004,0.9004149377593361,0.9004149377593361,0.19666666666666666
1e,G2-small15,0.0,3,G2-small15_e00_r003,0.5,0.9266666666666666,0.03
1,D2-K3par,0.2,1,D2-K3par_e20_r001,0.9149797570850202,0.9149797570850202,0.17666666666666667
1e,G1-small20,0.3,4,G1-small20_e30_r004,0.7931034482758621,0.7931034482758621,0.25333333333333335
1g,G1f-small20,0.2,4,G1f-small20_e20_r004,0.9230769230769231,0.9230769230769231,0.18333333333333332
1,D3-unequal,0.2,1,D3-unequal_e20_r001,0.9227467811158798,0.9227467811158798,0.22333333333333333
1e,G2-small15,0.2,2,G2-small15_e20_r002,0.5163934426229508,0.8934426229508197,0.18666666666666668
1,D7-p3,0.3,0,D7-p3_e30_r000,0.9033816425120773,0.9033816425120773,0.32666666666666666
1g,G2f-small15,0.1,3,G2f-small15_e10_r003,0.5763358778625954,0.8854961832061069,0.14333333333333334
1,D4-hetero,0.0,1,D4-hetero_e00_r001,0.9033333333333333,0.9033333333333333,0.04
1,D3-unequal,0.3,1,D3-unequal_e30_r001,0.9154228855721394,0.9154228855721394,0.33
1b,D3-unequal,0.25,2,D3-unequal_e25_r002,0.8958333333333334,0.8958333333333334,0.2
1e,G2-small15,0.3,3,G2-small15_e30_r003,0.61,0.61,0.38666666666666666
1b,D3-unequal,0.3,2,D3-unequal_e30_r002,0.9121951219512195,0.9121951219512195,0.31666666666666665
1e,G3-cluster,0.0,4,G3-cluster_e00_r004,0.9066666666666666,0.9066666666666666,0.006666666666666667
1b,D3-unequal,0.35,2,D3-unequal_e35_r002,0.8947368421052632,0.8947368421052632,0.36666666666666664
1,D4-hetero,0.05,1,D4-hetero_e05_r001,0.8989547038327527,0.8989547038327527,0.09
1b,D4-hetero,0.25,2,D4-hetero_e25_r002,0.9110169491525424,0.9110169491525424,0.22333333333333333
1,D4-hetero,0.1,1,D4-hetero_e10_r001,0.9263565891472868,0.9263565891472868,0.16333333333333333
1b,D2-K3par,0.25,2,D2-K3par_e25_r002,0.9154929577464789,0.9154929577464789,0.29
1g,G2f-small15,0.2,3,G2f-small15_e20_r003,0.5333333333333333,0.8625,0.20666666666666667
1e,G3-cluster,0.1,4,G3-cluster_e10_r004,0.9051094890510949,0.9051094890510949,0.09
1,D4-hetero,0.2,1,D4-hetero_e20_r001,0.8888888888888888,0.8888888888888888,0.23333333333333334
1,D2-K3par,0.3,1,D2-K3par_e30_r001,0.6122448979591837,0.6122448979591837,0.17666666666666667
1b,D4-hetero,0.3,2,D4-hetero_e30_r002,0.8792270531400966,0.8792270531400966,0.31666666666666665
1e,G2-small15,0.2,3,G2-small15_e20_r003,0.5319148936170213,0.9234042553191489,0.22333333333333333
1g,G5-small15-par,0.0,3,G5-small15-par_e00_r003,0.55,1.0,0.013333333333333334
1e,G3-cluster,0.3,4,G3-cluster_e30_r004,0.5255102040816326,0.5255102040816326,0.023333333333333334
1b,D2-K3par,0.3,2,D2-K3par_e30_r002,0.92018779342723,0.92018779342723,0.29
1e,G3-cluster,0.2,4,G3-cluster_e20_r004,0.926923076923077,0.926923076923077,0.13333333333333333
1b,D4-hetero,0.35,2,D4-hetero_e35_r002,0.8918918918918919,0.8918918918918919,0.39
1,D5-leverage,0.0,1,D5-leverage_e00_r001,0.91,0.91,0.02
1b,D5-leverage,0.25,2,D5-leverage_e25_r002,0.5367965367965368,0.5367965367965368,0.11
1b,D7-p3,0.3,1,D7-p3_e30_r001,0.9072164948453608,0.9072164948453608,0.3566666666666667
1,D4-hetero,0.3,1,D4-hetero_e30_r001,0.90625,0.90625,0.25666666666666665
1,D5-leverage,0.1,1,D5-leverage_e10_r001,0.8872727272727273,0.8872727272727273,0.1
1,D5-leverage,0.05,1,D5-leverage_e05_r001,0.8928571428571429,0.8928571428571429,0.08
1b,D5-leverage,0.3,2,D5-leverage_e30_r002,0.5024154589371981,0.5024154589371981,0.043333333333333335
1b,D7-p3,0.35,1,D7-p3_e35_r001,0.9259259259259259,0.9259259259259259,0.37
1,D7-p3,0.2,0,D7-p3_e20_r000,0.8816326530612245,0.8816326530612245,0.18666666666666668
1b,D5-leverage,0.35,2,D5-leverage_e35_r002,0.5303030303030303,0.5303030303030303,0.06333333333333334
1,D5-leverage,0.2,1,D5-leverage_e20_r001,0.9145299145299145,0.9145299145299145,0.22
1b,D6-uniform,0.25,2,D6-uniform_e25_r002,0.908256880733945,0.908256880733945,0.19666666666666666
1,D5-leverage,0.3,1,D5-leverage_e30_r001,0.5169082125603864,0.5169082125603864,0.006666666666666667
1e,G1-small20,0.0,5,G1-small20_e00_r005,0.89,0.89,0.023333333333333334
1g,G1f-small20,0.0,5,G1f-small20_e00_r005,0.91,0.91,0.02
1b,D7-p3,0.25,1,D7-p3_e25_r001,0.9155555555555556,0.9155555555555556,0.25
1e,G2-small15,0.1,3,G2-small15_e10_r003,0.5362318840579711,0.8876811594202898,0.09666666666666666
1b,D6-uniform,0.3,2,D6-uniform_e30_r002,0.9036697247706422,0.9036697247706422,0.17333333333333334
1g,G5-small15-par,0.2,3,G5-small15-par_e20_r003,1.0,1.0,0.19
1g,G5-small15-par,0.1,3,G5-small15-par_e10_r003,0.9962825278810409,0.9962825278810409,0.11
1e,G2-small15,0.0,4,G2-small15_e00_r004,0.59,0.91,0.016666666666666666
1,D6-uniform,0.0,1,D6-uniform_e00_r001,0.9033333333333333,0.9033333333333333,0.006666666666666667
1b,D6-uniform,0.35,2,D6-uniform_e35_r002,0.5357142857142857,0.5357142857142857,0.0
1b,D2-K3par,0.35,2,D2-K3par_e35_r002,0.6060606060606061,0.6060606060606061,0.14666666666666667
1,D6-uniform,0.05,1,D6-uniform_e05_r001,0.9039145907473309,0.9039145907473309,0.07
1e,G1-small20,0.1,5,G1-small20_e10_r005,0.8868613138686131,0.8868613138686131,0.1
1g,G1f-small20,0.1,5,G1f-small20_e10_r005,0.8636363636363636,0.8636363636363636,0.14
1e,G1-small20,0.2,5,G1-small20_e20_r005,0.5683760683760684,0.8888888888888888,0.22
1e,G1-small20,0.3,5,G1-small20_e30_r005,0.5446009389671361,0.5446009389671361,0.38
1g,G2f-small15,0.0,4,G2f-small15_e00_r004,0.5433333333333333,0.94,0.023333333333333334
1,D6-uniform,0.1,1,D6-uniform_e10_r001,0.909433962264151,0.909433962264151,0.12333333333333334
1e,G3-cluster,0.0,5,G3-cluster_e00_r005,0.9533333333333334,0.9533333333333334,0.02666666666666667
1g,G1f-small20,0.2,5,G1f-small20_e20_r005,0.8861788617886179,0.8861788617886179,0.18333333333333332
1g,G4-small20-p3,0.0,1,G4-small20-p3_e00_r001,0.8933333333333333,0.8933333333333333,0.04
1g,G2f-small15,0.1,4,G2f-small15_e10_r004,0.5215827338129496,0.9028776978417267,0.07666666666666666
1,D6-uniform,0.2,1,D6-uniform_e20_r001,0.905511811023622,0.905511811023622,0.15333333333333332
1e,G3-cluster,0.1,5,G3-cluster_e10_r005,0.9318181818181818,0.9318181818181818,0.12333333333333334
1b,D8-K2par-sep,0.25,2,D8-K2par-sep_e25_r002,0.9955156950672646,0.9955156950672646,0.25666666666666665
1,D6-uniform,0.3,1,D6-uniform_e30_r001,0.9209302325581395,0.9209302325581395,0.20666666666666667
1e,G3-cluster,0.2,5,G3-cluster_e20_r005,0.9294605809128631,0.9294605809128631,0.3233333333333333
1b,D8-K2par-sep,0.3,2,D8-K2par-sep_e30_r002,1.0,1.0,0.3233333333333333
1e,G3-cluster,0.3,5,G3-cluster_e30_r005,0.5616438356164384,0.9041095890410958,0.4066666666666667
1b,D8-K2par-sep,0.35,2,D8-K2par-sep_e35_r002,0.9901477832512315,0.9901477832512315,0.3233333333333333
1e,G2-small15,0.1,4,G2-small15_e10_r004,0.5535055350553506,0.9298892988929889,0.10333333333333333
1g,G5-small15-par,0.0,4,G5-small15-par_e00_r004,0.6366666666666667,0.9966666666666667,0.013333333333333334
1b,D1-K2cross,0.25,3,D1-K2cross_e25_r003,0.9209302325581395,0.9209302325581395,0.2833333333333333
1g,G2f-small15,0.2,4,G2f-small15_e20_r004,0.5377777777777778,0.5377777777777778,0.30333333333333334
1g,G4-small20-p3,0.0,2,G4-small20-p3_e00_r002,0.8733333333333333,0.8733333333333333,0.04
1b,D1-K2cross,0.3,3,D1-K2cross_e30_r003,0.8846153846153846,0.8846153846153846,0.30666666666666664
1e,G2-small15,0.3,4,G2-small15_e30_r004,0.8523809523809524,0.8523809523809524,0.18
1g,G4-small20-p3,0.1,1,G4-small20-p3_e10_r001,0.5094339622641509,0.939622641509434,0.13333333333333333
1e,G1-small20,0.0,6,G1-small20_e00_r006,0.5466666666666666,0.9033333333333333,0.02
1g,G2f-small15,0.0,5,G2f-small15_e00_r005,0.5666666666666667,0.9333333333333333,0.023333333333333334
1g,G1f-small20,0.0,6,G1f-small20_e00_r006,0.9066666666666666,0.9066666666666666,0.006666666666666667
1e,G2-small15,0.0,5,G2-small15_e00_r005,0.5333333333333333,0.9033333333333333,0.056666666666666664
1b,D1-K2cross,0.35,3,D1-K2cross_e35_r003,0.9119170984455959,0.9119170984455959,0.3566666666666667
1g,G5-small15-par,0.1,4,G5-small15-par_e10_r004,0.55893536121673,1.0,0.13
1,D8-K2par-sep,0.0,1,D8-K2par-sep_e00_r001,0.9966666666666667,0.9966666666666667,0.02666666666666667
1g,G5-small15-par,0.2,4,G5-small15-par_e20_r004,0.592274678111588,0.592274678111588,0.3233333333333333
1,D8-K2par-sep,0.05,1,D8-K2par-sep_e05_r001,1.0,1.0,0.07666666666666666
1e,G1-small20,0.1,6,G1-small20_e10_r006,0.8943396226415095,0.8943396226415095,0.12333333333333334
1g,G1f-small20,0.1,6,G1f-small20_e10_r006,0.8970588235294118,0.8970588235294118,0.10333333333333333
1g,G2f-small15,0.2,5,G2f-small15_e20_r005,0.5299145299145299,0.9145299145299145,0.22
1g,G1f-small20,0.2,6,G1f-small20_e20_r006,0.905982905982906,0.905982905982906,0.22
1,D8-K2par-sep,0.1,1,D8-K2par-sep_e10_r001,1.0,1.0,0.12333333333333334
1e,G2-small15,0.2,4,G2-small15_e20_r004,0.5061224489795918,0.8857142857142857,0.19333333333333333
1e,G2-small15,0.2,5,G2-small15_e20_r005,0.5186721991701245,0.8879668049792531,0.2
1b,D3-unequal,0.25,3,D3-unequal_e25_r003,0.5225225225225225,0.5225225225225225,0.3466666666666667
1,D8-K2par-sep,0.2,1,D8-K2par-sep_e20_r001,0.9957627118644068,0.9957627118644068,0.21333333333333335
1e,G1-small20,0.2,6,G1-small20_e20_r006,0.5282258064516129,0.9193548387096774,0.17333333333333334
1e,G1-small20,0.3,6,G1-small20_e30_r006,0.5285714285714286,0.5285714285714286,0.3466666666666667
1e,G2-small15,0.3,5,G2-small15_e30_r005,0.5,0.5,0.3333333333333333
1e,G2-small15,0.1,5,G2-small15_e10_r005,0.5093632958801498,0.9213483146067416,0.12
1g,G5-small15-par,0.1,5,G5-small15-par_e10_r005,0.5687732342007435,1.0,0.10666666666666667
1,D8-K2par-sep,0.3,1,D8-K2par-sep_e30_r001,0.9952380952380953,0.9952380952380953,0.3
1b,D3-unequal,0.3,3,D3-unequal_e30_r003,0.8644859813084113,0.8644859813084113,0.2866666666666667
1,D1-K2cross,0.0,2,D1-K2cross_e00_r002,0.8933333333333333,0.8933333333333333,0.01
1b,D7-p3,0.35,2,D7-p3_e35_r002,0.9222797927461139,0.9222797927461139,0.3566666666666667
1e,G3-cluster,0.0,6,G3-cluster_e00_r006,0.92,0.92,0.006666666666666667
1,D1-K2cross,0.05,2,D1-K2cross_e05_r002,0.8958333333333334,0.8958333333333334,0.05
1b,D4-hetero,0.25,3,D4-hetero_e25_r003,0.9299065420560748,0.9299065420560748,0.29
1b,D3-unequal,0.35,3,D3-unequal_e35_r003,0.7580645161290323,0.7580645161290323,0.2633333333333333
1g,G4-small20-p3,0.0,3,G4-small20-p3_e00_r003,0.9333333333333333,0.9333333333333333,0.01
1g,G4-small20-p3,0.1,2,G4-small20-p3_e10_r002,0.9259259259259259,0.9259259259259259,0.11333333333333333
1g,G2f-small15,0.1,5,G2f-small15_e10_r005,0.5375939849624061,0.9097744360902256,0.11666666666666667
1e,G3-cluster,0.1,6,G3-cluster_e10_r006,0.9029850746268657,0.9029850746268657,0.11666666666666667
1g,G4-small20-p3,0.1,3,G4-small20-p3_e10_r003,0.9194139194139194,0.9194139194139194,0.09333333333333334
1,D7-p3,0.0,1,D7-p3_e00_r001,0.9166666666666666,0.9166666666666666,0.03666666666666667
1g,G5-small15-par,0.0,5,G5-small15-par_e00_r005,1.0,1.0,0.03
1,D1-K2cross,0.1,2,D1-K2cross_e10_r002,0.9267399267399268,0.9267399267399268,0.09666666666666666
1b,D2-K3par,0.25,3,D2-K3par_e25_r003,0.6226415094339622,0.6226415094339622,0.13666666666666666
1g,G5-small15-par,0.2,5,G5-small15-par_e20_r005,0.679324894514768,0.679324894514768,0.29333333333333333
1b,D4-hetero,0.35,3,D4-hetero_e35_r003,0.8941798941798942,0.8941798941798942,0.37333333333333335
1,D1-K2cross,0.2,2,D1-K2cross_e20_r002,0.9414225941422594,0.9414225941422594,0.20333333333333334
1e,G3-cluster,0.2,6,G3-cluster_e20_r006,0.8600823045267489,0.8600823045267489,0.28
1b,D4-hetero,0.3,3,D4-hetero_e30_r003,0.9095238095238095,0.9095238095238095,0.3
1e,G3-cluster,0.3,6,G3-cluster_e30_r006,0.5045045045045045,0.5045045045045045,0.016666666666666666
1e,G2-small15,0.0,6,G2-small15_e00_r006,0.53,0.9133333333333333,0.01
1b,D5-leverage,0.25,3,D5-leverage_e25_r003,0.5217391304347826,0.5217391304347826,0.1
1b,D2-K3par,0.3,3,D2-K3par_e30_r003,0.6192893401015228,0.6192893401015228,0.18666666666666668
1,D1-K2cross,0.3,2,D1-K2cross_e30_r002,0.9043062200956937,0.9043062200956937,0.30333333333333334
1g,G4-small20-p3,0.2,2,G4-small20-p3_e20_r002,0.5232067510548524,0.8945147679324894,0.21333333333333335
1g,G4-small20-p3,0.2,3,G4-small20-p3_e20_r003,0.9008264462809917,0.9008264462809917,0.21
1b,D5-leverage,0.3,3,D5-leverage_e30_r003,0.5023474178403756,0.5023474178403756,0.056666666666666664
1b,D5-leverage,0.35,3,D5-leverage_e35_r003,0.5,0.5,0.0
1b,D6-uniform,0.25,3,D6-uniform_e25_r003,0.9318181818181818,0.9318181818181818,0.23333333333333334
1g,G4-small20-p3,0.2,1,G4-small20-p3_e20_r001,0.5875,0.9,0.21
1b,D2-K3par,0.35,3,D2-K3par_e35_r003,0.7064220183486238,0.7064220183486238,0.12333333333333334
1g,G1f-small20,0.0,7,G1f-small20_e00_r007,0.51,0.9,0.02
1e,G1-small20,0.0,7,G1-small20_e00_r007,0.52,0.93,0.01
1b,D6-uniform,0.3,3,D6-uniform_e30_r003,0.8962264150943396,0.8962264150943396,0.22333333333333333
1e,G1-small20,0.2,7,G1-small20_e20_r007,0.9510204081632653,0.9510204081632653,0.18333333333333332
1e,G1-small20,0.1,7,G1-small20_e10_r007,0.9233576642335767,0.9233576642335767,0.10333333333333333
1,D7-p3,0.3,1,D7-p3_e30_r001,0.9466019417475728,0.9466019417475728,0.3333333333333333
1g,G1f-small20,0.2,7,G1f-small20_e20_r007,0.5892116182572614,0.8921161825726142,0.19666666666666666
1b,D6-uniform,0.35,3,D6-uniform_e35_r003,0.5025125628140703,0.5025125628140703,0.0
1g,G1f-small20,0.1,7,G1f-small20_e10_r007,0.5205992509363296,0.9026217228464419,0.11333333333333333
1b,D7-p3,0.3,2,D7-p3_e30_r002,0.9234449760765551,0.9234449760765551,0.30666666666666664
1,D2-K3par,0.0,2,D2-K3par_e00_r002,0.87,0.87,0.0
1,D7-p3,0.05,1,D7-p3_e05_r001,0.9074733096085409,0.9074733096085409,0.09333333333333334
1g,G2f-small15,0.0,6,G2f-small15_e00_r006,0.5133333333333333,0.9166666666666666,0.006666666666666667
1,D3-unequal,0.0,2,D3-unequal_e00_r002,0.9133333333333333,0.9133333333333333,0.013333333333333334
1e,G1-small20,0.3,7,G1-small20_e30_r007,0.8873239436619719,0.8873239436619719,0.29
1,D3-unequal,0.05,2,D3-unequal_e05_r002,0.8947368421052632,0.8947368421052632,0.05333333333333334
1e,G2-small15,0.1,6,G2-small15_e10_r006,0.5875912408759124,0.9525547445255474,0.10666666666666667
1g,G2f-small15,0.1,6,G2f-small15_e10_r006,0.5514705882352942,0.9117647058823529,0.09333333333333334
1e,G2-small15,0.3,6,G2-small15_e30_r006,0.5145631067961165,0.5145631067961165,0.36666666666666664
1,D2-K3par,0.1,2,D2-K3par_e10_r002,0.8851851851851852,0.8851851851851852,0.10333333333333333
1g,G2f-small15,0.2,6,G2f-small15_e20_r006,0.532258064516129,0.8951612903225806,0.17333333333333334
1,D2-K3par,0.05,2,D2-K3par_e05_r002,0.896797153024911,0.896797153024911,0.07
1,D3-unequal,0.1,2,D3-unequal_e10_r002,0.894927536231884,0.894927536231884,0.09
1e,G3-cluster,0.1,7,G3-cluster_e10_r007,0.9465648854961832,0.9465648854961832,0.13
1b,D8-K2par-sep,0.25,3,D8-K2par-sep_e25_r003,1.0,1.0,0.25666666666666665
1e,G3-cluster,0.0,7,G3-cluster_e00_r007,0.89,0.89,0.03333333333333333
1,D3-unequal,0.2,2,D3-unequal_e20_r002,0.9166666666666666,0.9166666666666666,0.21
1b,D7-p3,0.25,2,D7-p3_e25_r002,0.925764192139738,0.925764192139738,0.23666666666666666
1,D3-unequal,0.3,2,D3-unequal_e30_r002,0.9154228855721394,0.9154228855721394,0.31333333333333335
1,D2-K3par,0.2,2,D2-K3par_e20_r002,0.9090909090909091,0.9090909090909091,0.19333333333333333
1,D7-p3,0.1,1,D7-p3_e10_r001,0.917910447761194,0.917910447761194,0.13333333333333333
1,D4-hetero,0.0,2,D4-hetero_e00_r002,0.92,0.92,0.016666666666666666
1g,G5-small15-par,0.0,6,G5-small15-par_e00_r006,1.0,1.0,0.013333333333333334
1e,G3-cluster,0.3,7,G3-cluster_e30_r007,0.5177664974619289,0.5177664974619289,0.01
1b,D8-K2par-sep,0.3,3,D8-K2par-sep_e30_r003,0.9953917050691244,0.9953917050691244,0.27666666666666667
1,D2-K3par,0.3,2,D2-K3par_e30_r002,0.9154929577464789,0.9154929577464789,0.29
1b,D8-K2par-sep,0.35,3,D8-K2par-sep_e35_r003,0.9948979591836735,0.9948979591836735,0.3466666666666667
1e,G3-cluster,0.2,7,G3-cluster_e20_r007,0.5391304347826087,0.5391304347826087,0.03666666666666667
1e,G2-small15,0.2,6,G2-small15_e20_r006,0.5020408163265306,0.8979591836734694,0.19
1,D7-p3,0.2,1,D7-p3_e20_r001,0.9308943089430894,0.9308943089430894,0.18
1,D4-hetero,0.05,2,D4-hetero_e05_r002,0.9172661870503597,0.9172661870503597,0.08666666666666667
1b,D1-K2cross,0.25,4,D1-K2cross_e25_r004,0.9264069264069265,0.9264069264069265,0.23
1b,D1-K2cross,0.3,4,D1-K2cross_e30_r004,0.9191919191919192,0.9191919191919192,0.34
1,D4-hetero,0.1,2,D4-hetero_e10_r002,0.9097744360902256,0.9097744360902256,0.11333333333333333
1,D4-hetero,0.2,2,D4-hetero_e20_r002,0.8956521739130435,0.8956521739130435,0.23666666666666666
1,D4-hetero,0.3,2,D4-hetero_e30_r002,0.8888888888888888,0.8888888888888888,0.31333333333333335
1b,D1-K2cross,0.35,4,D1-K2cross_e35_r004,0.927461139896373,0.927461139896373,0.3566666666666667
1g,G2f-small15,0.0,7,G2f-small15_e00_r007,0.59,0.9033333333333333,0.006666666666666667
1,D5-leverage,0.0,2,D5-leverage_e00_r002,0.8866666666666667,0.8866666666666667,0.02
1e,G1-small20,0.0,8,G1-small20_e00_r008,0.8966666666666666,0.8966666666666666,0.006666666666666667
1g,G4-small20-p3,0.2,4,G4-small20-p3_e20_r004,0.5800865800865801,0.5800865800865801,0.30666666666666664
1g,G1f-small20,0.0,8,G1f-small20_e00_r008,0.59,0.94,0.023333333333333334
1e,G2-small15,0.3,7,G2-small15_e30_r007,0.8333333333333334,0.8333333333333334,0.22
1g,G5-small15-par,0.2,6,G5-small15-par_e20_r006,0.575,0.575,0.28
1e,G1-small20,0.1,8,G1-small20_e10_r008,0.9067164179104478,0.9067164179104478,0.10666666666666667
1,D5-leverage,0.05,2,D5-leverage_e05_r002,0.9,0.9,0.07333333333333333
1g,G4-small20-p3,0.1,4,G4-small20-p3_e10_r004,0.9074074074074074,0.9074074074074074,0.13666666666666666
1e,G1-small20,0.3,8,G1-small20_e30_r008,0.9122807017543859,0.9122807017543859,0.24
1g,G1f-small20,0.2,8,G1f-small20_e20_r008,0.5276595744680851,0.9319148936170213,0.22333333333333333
1e,G1-small20,0.2,8,G1-small20_e20_r008,0.5133928571428571,0.9196428571428571,0.25333333333333335
1,D5-leverage,0.1,2,D5-leverage_e10_r002,0.9007633587786259,0.9007633587786259,0.12666666666666668
1g,G1f-small20,0.1,8,G1f-small20_e10_r008,0.9416342412451362,0.9416342412451362,0.14333333333333334
1b,D3-unequal,0.25,4,D3-unequal_e25_r004,0.8944954128440367,0.8944954128440367,0.2733333333333333
1e,G2-small15,0.0,7,G2-small15_e00_r007,0.5666666666666667,0.93,0.013333333333333334
1b,D3-unequal,0.3,4,D3-unequal_e30_r004,0.867579908675799,0.867579908675799,0.27
1g,G2f-small15,0.1,7,G2f-small15_e10_r007,0.5370370370370371,0.9259259259259259,0.1
1,D5-leverage,0.2,2,D5-leverage_e20_r002,0.9233870967741935,0.9233870967741935,0.17333333333333334
1b,D3-unequal,0.35,4,D3-unequal_e35_r004,0.8854166666666666,0.8854166666666666,0.36
1g,G5-small15-par,0.0,7,G5-small15-par_e00_r007,0.64,1.0,0.023333333333333334
1,D5-leverage,0.3,2,D5-leverage_e30_r002,0.5339366515837104,0.5339366515837104,0.11666666666666667
1b,D2-K3par,0.25,4,D2-K3par_e25_r004,0.9045454545454545,0.9045454545454545,0.26666666666666666
1,D6-uniform,0.0,2,D6-uniform_e00_r002,0.9066666666666666,0.9066666666666666,0.01
1e,G3-cluster,0.0,8,G3-cluster_e00_r008,0.91,0.91,0.016666666666666666
1e,G2-small15,0.2,7,G2-small15_e20_r007,0.5165289256198347,0.9214876033057852,0.19666666666666666
1g,G2f-small15,0.2,7,G2f-small15_e20_r007,0.6033057851239669,0.9421487603305785,0.19333333333333333
1b,D4-hetero,0.25,4,D4-hetero_e25_r004,0.9147982062780269,0.9147982062780269,0.2633333333333333
1e,G3-cluster,0.1,8,G3-cluster_e10_r008,0.9219330855018587,0.9219330855018587,0.12
1g,G5-small15-par,0.1,6,G5-small15-par_e10_r006,1.0,1.0,0.09666666666666666
1e,G3-cluster,0.3,8,G3-cluster_e30_r008,0.5330188679245284,0.5330188679245284,0.11
1b,D4-hetero,0.3,4,D4-hetero_e30_r004,0.9219512195121952,0.9219512195121952,0.32
1,D6-uniform,0.05,2,D6-uniform_e05_r002,0.9142857142857143,0.9142857142857143,0.08333333333333333
1b,D4-hetero,0.35,4,D4-hetero_e35_r004,0.9109947643979057,0.9109947643979057,0.36666666666666664
1e,G3-cluster,0.2,8,G3-cluster_e20_r008,0.540084388185654,0.540084388185654,0.0033333333333333335
1,D6-uniform,0.1,2,D6-uniform_e10_r002,0.917910447761194,0.917910447761194,0.10666666666666667
1,D6-uniform,0.2,2,D6-uniform_e20_r002,0.9153225806451613,0.9153225806451613,0.15333333333333332
1b,D5-leverage,0.25,4,D5-leverage_e25_r004,0.5022026431718062,0.5022026431718062,0.11
1,D6-uniform,0.3,2,D6-uniform_e30_r002,0.514018691588785,0.514018691588785,0.0
1b,D5-leverage,0.3,4,D5-leverage_e30_r004,0.5345622119815668,0.5345622119815668,0.05
1b,D5-leverage,0.35,4,D5-leverage_e35_r004,0.5048543689320388,0.5048543689320388,0.0033333333333333335
1e,G2-small15,0.1,7,G2-small15_e10_r007,0.5740740740740741,0.9333333333333333,0.1
1b,D7-p3,0.3,3,D7-p3_e30_r003,0.919431279620853,0.919431279620853,0.32
1g,G5-small15-par,0.1,7,G5-small15-par_e10_r007,1.0,1.0,0.1
1b,D2-K3par,0.3,4,D2-K3par_e30_r004,0.6811594202898551,0.6811594202898551,0.14333333333333334
1b,D2-K3par,0.35,4,D2-K3par_e35_r004,0.7171717171717171,0.7171717171717171,0.17666666666666667
1g,G1f-small20,0.0,9,G1f-small20_e00_r009,0.9,0.9,0.01
1b,D6-uniform,0.25,4,D6-uniform_e25_r004,0.881578947368421,0.881578947368421,0.21666666666666667
1g,G5-small15-par,0.2,7,G5-small15-par_e20_r007,0.5495867768595041,1.0,0.19333333333333333
1g,G4-small20-p3,0.0,4,G4-small20-p3_e00_r004,0.55,0.87,0.04666666666666667
1e,G1-small20,0.0,9,G1-small20_e00_r009,0.92,0.92,0.01
1e,G2-small15,0.3,8,G2-small15_e30_r008,0.8291457286432161,0.8291457286432161,0.2
1e,G1-small20,0.1,9,G1-small20_e10_r009,0.5830258302583026,0.915129151291513,0.10333333333333333
1b,D6-uniform,0.3,4,D6-uniform_e30_r004,0.504950495049505,0.504950495049505,0.0
1g,G4-small20-p3,0.1,5,G4-small20-p3_e10_r005,0.9236363636363636,0.9236363636363636,0.10333333333333333
1g,G2f-small15,0.0,8,G2f-small15_e00_r008,0.9133333333333333,0.9133333333333333,0.016666666666666666
1b,D6-uniform,0.35,4,D6-uniform_e35_r004,0.5440414507772021,0.5440414507772021,0.0
1b,D7-p3,0.35,3,D7-p3_e35_r003,0.9296482412060302,0.9296482412060302,0.33666666666666667
1e,G1-small20,0.2,9,G1-small20_e20_r009,0.5991379310344828,0.9310344827586207,0.23
1g,G1f-small20,0.1,9,G1f-small20_e10_r009,0.5144927536231884,0.9021739130434783,0.08
1e,G1-small20,0.3,9,G1-small20_e30_r009,0.8385416666666666,0.8385416666666666,0.22
1,D8-K2par-sep,0.0,2,D8-K2par-sep_e00_r002,1.0,1.0,0.01
1g,G1f-small20,0.2,9,G1f-small20_e20_r009,0.576,0.576,0.22
1,D8-K2par-sep,0.05,2,D8-K2par-sep_e05_r002,1.0,1.0,0.06
1e,G2-small15,0.0,8,G2-small15_e00_r008,0.5433333333333333,0.8633333333333333,0.016666666666666666
1e,G3-cluster,0.0,9,G3-cluster_e00_r009,0.8766666666666667,0.8766666666666667,0.016666666666666666
1g,G2f-small15,0.2,8,G2f-small15_e20_r008,0.5245901639344263,0.889344262295082,0.18666666666666668
1e,G2-small15,0.1,8,G2-small15_e10_r008,0.5036764705882353,0.8933823529411765,0.09666666666666666
1e,G3-cluster,0.1,9,G3-cluster_e10_r009,0.9111111111111111,0.9111111111111111,0.10666666666666667
1e,G2-small15,0.2,8,G2-small15_e20_r008,0.5588235294117647,0.9159663865546218,0.21666666666666667
1b,D8-K2par-sep,0.25,4,D8-K2par-sep_e25_r004,1.0,1.0,0.24
1,D8-K2par-sep,0.1,2,D8-K2par-sep_e10_r002,0.9962962962962963,0.9962962962962963,0.10333333333333333
1,D8-K2par-sep,0.2,2,D8-K2par-sep_e20_r002,1.0,1.0,0.19333333333333333
1g,G2f-small15,0.1,8,G2f-small15_e10_r008,0.8909090909090909,0.8909090909090909,0.09333333333333334
1b,D7-p3,0.25,3,D7-p3_e25_r003,0.9051724137931034,0.9051724137931034,0.23
1g,G5-small15-par,0.2,8,G5-small15-par_e20_r008,1.0,1.0,0.21
1g,G5-small15-par,0.1,8,G5-small15-par_e10_r008,0.996415770609319,0.996415770609319,0.07666666666666666
1b,D8-K2par-sep,0.3,4,D8-K2par-sep_e30_r004,1.0,1.0,0.28
1e,G3-cluster,0.2,9,G3-cluster_e20_r009,0.8559322033898306,0.8559322033898306,0.2833333333333333
1e,G3-cluster,0.3,9,G3-cluster_e30_r009,0.5070422535211268,0.5070422535211268,0.013333333333333334
1b,D8-K2par-sep,0.35,4,D8-K2par-sep_e35_r004,1.0,1.0,0.36
1,D8-K2par-sep,0.3,2,D8-K2par-sep_e30_r002,1.0,1.0,0.25666666666666665
1,D1-K2cross,0.0,3,D1-K2cross_e00_r003,0.9033333333333333,0.9033333333333333,0.03
1g,G5-small15-par,0.0,8,G5-small15-par_e00_r008,1.0,1.0,0.016666666666666666
1b,D1-K2cross,0.25,5,D1-K2cross_e25_r005,0.8917748917748918,0.8917748917748918,0.23
1g,G4-small20-p3,0.0,6,G4-small20-p3_e00_r006,0.9166666666666666,0.9166666666666666,0.01
1,D1-K2cross,0.05,3,D1-K2cross_e05_r003,0.8794326241134752,0.8794326241134752,0.06
1b,D1-K2cross,0.3,5,D1-K2cross_e30_r005,0.9308510638297872,0.9308510638297872,0.37333333333333335
1,D1-K2cross,0.1,3,D1-K2cross_e10_r003,0.9285714285714286,0.9285714285714286,0.12
1b,D1-K2cross,0.35,5,D1-K2cross_e35_r005,0.927461139896373,0.927461139896373,0.3566666666666667
1e,G1-small20,0.0,10,G1-small20_e00_r010,0.58,0.8866666666666667,0.02
1e,G2-small15,0.0,9,G2-small15_e00_r009,0.5033333333333333,0.9233333333333333,0.02666666666666667
1g,G4-small20-p3,0.0,5,G4-small20-p3_e00_r005,0.53,0.9033333333333333,0.043333333333333335
1g,G1f-small20,0.0,10,G1f-small20_e00_r010,0.9066666666666666,0.9066666666666666,0.02
1,D1-K2cross,0.2,3,D1-K2cross_e20_r003,0.9294605809128631,0.9294605809128631,0.2
1,D1-K2cross,0.3,3,D1-K2cross_e30_r003,0.9121951219512195,0.9121951219512195,0.31666666666666665
1e,G1-small20,0.1,10,G1-small20_e10_r010,0.9420849420849421,0.9420849420849421,0.13666666666666666
1g,G2f-small15,0.0,9,G2f-small15_e00_r009,0.56,0.9033333333333333,0.043333333333333335
1e,G2-small15,0.1,9,G2-small15_e10_r009,0.6030534351145038,0.9045801526717557,0.13333333333333333
1g,G1f-small20,0.1,10,G1f-small20_e10_r010,0.5054945054945055,0.9157509157509157,0.1
1g,G1f-small20,0.2,10,G1f-small20_e20_r010,0.5714285714285714,0.8949579831932774,0.21
1e,G1-small20,0.2,10,G1-small20_e20_r010,0.8955823293172691,0.8955823293172691,0.17
1e,G2-small15,0.3,9,G2-small15_e30_r009,0.5320197044334976,0.5320197044334976,0.38333333333333336
1g,G2f-small15,0.1,9,G2f-small15_e10_r009,0.5149253731343284,0.9402985074626866,0.11333333333333333
1e,G1-small20,0.3,10,G1-small20_e30_r010,0.6650943396226415,0.6650943396226415,0.3333333333333333
1b,D3-unequal,0.25,5,D3-unequal_e25_r005,0.9375,0.9375,0.30666666666666664
1g,G2f-small15,0.2,9,G2f-small15_e20_r009,0.5140562248995983,0.8835341365461847,0.17
1,D7-p3,0.05,2,D7-p3_e05_r002,0.8954703832752613,0.8954703832752613,0.056666666666666664
1g,G5-small15-par,0.0,9,G5-small15-par_e00_r009,0.5666666666666667,0.9966666666666667,0.006666666666666667
1,D7-p3,0.1,2,D7-p3_e10_r002,0.9372693726937269,0.9372693726937269,0.10666666666666667
1e,G2-small15,0.2,9,G2-small15_e20_r009,0.5294117647058824,0.9117647058823529,0.21
1b,D3-unequal,0.3,5,D3-unequal_e30_r005,0.9345794392523364,0.9345794392523364,0.29
1b,D2-K3par,0.25,5,D2-K3par_e25_r005,0.8734177215189873,0.8734177215189873,0.21333333333333335
1g,G4-small20-p3,0.2,7,G4-small20-p3_e20_r007,0.9090909090909091,0.9090909090909091,0.23333333333333334
1e,G3-cluster,0.0,10,G3-cluster_e00_r010,0.8833333333333333,0.8833333333333333,0.02666666666666667
1,D7-p3,0.2,2,D7-p3_e20_r002,0.9145299145299145,0.9145299145299145,0.22333333333333333
1b,D7-p3,0.35,4,D7-p3_e35_r004,0.8776595744680851,0.8776595744680851,0.38
1b,D3-unequal,0.35,5,D3-unequal_e35_r005,0.8775510204081632,0.8775510204081632,0.2
1g,G4-small20-p3,0.2,5,G4-small20-p3_e20_r005,0.5120967741935484,0.8669354838709677,0.18
1,D7-p3,0.0,2,D7-p3_e00_r002,0.9133333333333333,0.9133333333333333,0.04666666666666667
1g,G4-small20-p3,0.0,7,G4-small20-p3_e00_r007,0.9133333333333333,0.9133333333333333,0.03
1,D2-K3par,0.0,3,D2-K3par_e00_r003,0.8966666666666666,0.8966666666666666,0.0
1b,D4-hetero,0.25,5,D4-hetero_e25_r005,0.9327354260089686,0.9327354260089686,0.2633333333333333
1b,D7-p3,0.3,4,D7-p3_e30_r004,0.9128205128205128,0.9128205128205128,0.35333333333333333
1e,G3-cluster,0.1,10,G3-cluster_e10_r010,0.9097472924187726,0.9097472924187726,0.08666666666666667
1b,D2-K3par,0.3,5,D2-K3par_e30_r005,0.9315068493150684,0.9315068493150684,0.27
1b,D4-hetero,0.3,5,D4-hetero_e30_r005,0.9121951219512195,0.9121951219512195,0.31666666666666665
1e,G3-cluster,0.2,10,G3-cluster_e20_r010,0.890295358649789,0.890295358649789,0.3233333333333333
1,D2-K3par,0.05,3,D2-K3par_e05_r003,0.8823529411764706,0.8823529411764706,0.04
1,D3-unequal,0.0,3,D3-unequal_e00_r003,0.8966666666666666,0.8966666666666666,0.013333333333333334
1e,G3-cluster,0.3,10,G3-cluster_e30_r010,0.5142857142857142,0.5142857142857142,0.0033333333333333335
1b,D7-p3,0.25,4,D7-p3_e25_r004,0.9124423963133641,0.9124423963133641,0.28
1b,D5-leverage,0.25,5,D5-leverage_e25_r005,0.908695652173913,0.908695652173913,0.23333333333333334
1,D3-unequal,0.05,3,D3-unequal_e05_r003,0.9128919860627178,0.9128919860627178,0.04666666666666667
1b,D5-leverage,0.3,5,D5-leverage_e30_r005,0.5073170731707317,0.5073170731707317,0.006666666666666667
1,D3-unequal,0.1,3,D3-unequal_e10_r003,0.8644688644688645,0.8644688644688645,0.10333333333333333
1b,D4-hetero,0.35,5,D4-hetero_e35_r005,0.9015544041450777,0.9015544041450777,0.3566666666666667
1,D2-K3par,0.1,3,D2-K3par_e10_r003,0.8981818181818182,0.8981818181818182,0.08333333333333333
1g,G4-small20-p3,0.1,7,G4-small20-p3_e10_r007,0.9074074074074074,0.9074074074074074,0.11333333333333333
1,D3-unequal,0.2,3,D3-unequal_e20_r003,0.9045643153526971,0.9045643153526971,0.19666666666666666
1b,D5-leverage,0.35,5,D5-leverage_e35_r005,0.5396039603960396,0.5396039603960396,0.013333333333333334
1,D3-unequal,0.3,3,D3-unequal_e30_r003,0.9027777777777778,0.9027777777777778,0.28
1g,G5-small15-par,0.1,9,G5-small15-par_e10_r009,0.569811320754717,1.0,0.11666666666666667
1,D4-hetero,0.0,3,D4-hetero_e00_r003,0.9566666666666667,0.9566666666666667,0.016666666666666666
1g,G1f-small20,0.0,11,G1f-small20_e00_r011,0.9133333333333333,0.9133333333333333,0.0033333333333333335
1b,D2-K3par,0.35,5,D2-K3par_e35_r005,0.3403141361256545,0.3403141361256545,0.006666666666666667
1b,D6-uniform,0.25,5,D6-uniform_e25_r005,0.9090909090909091,0.9090909090909091,0.18
1,D2-K3par,0.2,3,D2-K3par_e20_r003,0.9434782608695652,0.9434782608695652,0.23333333333333334
1b,D6-uniform,0.3,5,D6-uniform_e30_r005,0.507537688442211,0.507537688442211,0.0
1e,G2-small15,0.0,10,G2-small15_e00_r010,0.53,0.9033333333333333,0.03
1e,G1-small20,0.0,11,G1-small20_e00_r011,0.5633333333333334,0.93,0.01
1,D4-hetero,0.05,3,D4-hetero_e05_r003,0.9157894736842105,0.9157894736842105,0.08666666666666667
1e,G1-small20,0.1,11,G1-small20_e10_r011,0.9057971014492754,0.9057971014492754,0.10333333333333333
1g,G1f-small20,0.1,11,G1f-small20_e10_r011,0.8974358974358975,0.8974358974358975,0.10333333333333333
1e,G1-small20,0.2,11,G1-small20_e20_r011,0.9354838709677419,0.9354838709677419,0.17666666666666667
1,D4-hetero,0.1,3,D4-hetero_e10_r003,0.9029850746268657,0.9029850746268657,0.12666666666666668
1,D2-K3par,0.3,3,D2-K3par_e30_r003,0.8980582524271845,0.8980582524271845,0.31333333333333335
1g,G2f-small15,0.0,10,G2f-small15_e00_r010,0.5633333333333334,0.9266666666666666,0.02666666666666667
1b,D6-uniform,0.35,5,D6-uniform_e35_r005,0.553921568627451,0.553921568627451,0.0
1,D4-hetero,0.3,3,D4-hetero_e30_r003,0.8509615384615384,0.8509615384615384,0.31
1g,G1f-small20,0.2,11,G1f-small20_e20_r011,0.9017094017094017,0.9017094017094017,0.22
1,D4-hetero,0.2,3,D4-hetero_e20_r003,0.9020408163265307,0.9020408163265307,0.18666666666666668
1g,G5-small15-par,0.2,9,G5-small15-par_e20_r009,0.6175298804780877,1.0,0.16333333333333333
1e,G1-small20,0.3,11,G1-small20_e30_r011,0.5391705069124424,0.5391705069124424,0.33666666666666667
1g,G2f-small15,0.2,10,G2f-small15_e20_r010,0.5102040816326531,0.9142857142857143,0.18666666666666668
1e,G3-cluster,0.0,11,G3-cluster_e00_r011,0.9,0.9,0.02666666666666667
1,D5-leverage,0.0,3,D5-leverage_e00_r003,0.9133333333333333,0.9133333333333333,0.02
1,D5-leverage,0.05,3,D5-leverage_e05_r003,0.9243986254295533,0.9243986254295533,0.06333333333333334
1b,D8-K2par-sep,0.25,5,D8-K2par-sep_e25_r005,1.0,1.0,0.29
1,D5-leverage,0.1,3,D5-leverage_e10_r003,0.9214285714285714,0.9214285714285714,0.07333333333333333
1e,G3-cluster,0.1,11,G3-cluster_e10_r011,0.8810408921933085,0.8810408921933085,0.10666666666666667
1g,G2f-small15,0.1,10,G2f-small15_e10_r010,0.5745454545454546,0.9090909090909091,0.08333333333333333
1b,D8-K2par-sep,0.3,5,D8-K2par-sep_e30_r005,1.0,1.0,0.29
1,D7-p3,0.3,2,D7-p3_e30_r002,0.9271844660194175,0.9271844660194175,0.31333333333333335
1e,G3-cluster,0.2,11,G3-cluster_e20_r011,0.889763779527559,0.889763779527559,0.2633333333333333
1,D5-leverage,0.2,3,D5-leverage_e20_r003,0.902834008097166,0.902834008097166,0.18333333333333332
1e,G3-cluster,0.3,11,G3-cluster_e30_r011,0.5207373271889401,0.5207373271889401,0.0
1b,D8-K2par-sep,0.35,5,D8-K2par-sep_e35_r005,1.0,1.0,0.30333333333333334
1e,G2-small15,0.2,10,G2-small15_e20_r010,0.5573770491803278,0.9221311475409836,0.19333333333333333
1g,G4-small20-p3,0.1,6,G4-small20-p3_e10_r006,0.52,0.9018181818181819,0.09
1e,G2-small15,0.1,10,G2-small15_e10_r010,0.8843283582089553,0.8843283582089553,0.11666666666666667
1,D6-uniform,0.0,3,D6-uniform_e00_r003,0.93,0.93,0.01
1,D5-leverage,0.3,3,D5-leverage_e30_r003,0.5280373831775701,0.5280373831775701,0.10333333333333333
1b,D1-K2cross,0.25,6,D1-K2cross_e25_r006,0.9141630901287554,0.9141630901287554,0.23
1g,G4-small20-p3,0.0,8,G4-small20-p3_e00_r008,0.9133333333333333,0.9133333333333333,0.023333333333333334
1b,D1-K2cross,0.3,6,D1-K2cross_e30_r006,0.9030612244897959,0.9030612244897959,0.3466666666666667
1,D6-uniform,0.05,3,D6-uniform_e05_r003,0.9064748201438849,0.9064748201438849,0.09
1b,D1-K2cross,0.35,6,D1-K2cross_e35_r006,0.8894472361809045,0.8894472361809045,0.33666666666666667
1,D6-uniform,0.1,3,D6-uniform_e10_r003,0.9044117647058824,0.9044117647058824,0.09666666666666666
1g,G5-small15-par,0.2,10,G5-small15-par_e20_r010,0.6041666666666666,1.0,0.20666666666666667
1e,G1-small20,0.0,12,G1-small20_e00_r012,0.6866666666666666,0.9233333333333333,0.02666666666666667
1g,G1f-small20,0.0,12,G1f-small20_e00_r012,0.5333333333333333,0.8966666666666666,0.0033333333333333335
1,D6-uniform,0.2,3,D6-uniform_e20_r003,0.8966942148760331,0.8966942148760331,0.16666666666666666
1g,G1f-small20,0.1,12,G1f-small20_e10_r012,0.8909090909090909,0.8909090909090909,0.09
1g,G4-small20-p3,0.2,6,G4-small20-p3_e20_r006,0.5062761506276151,0.9037656903765691,0.20333333333333334
1,D6-uniform,0.3,3,D6-uniform_e30_r003,0.5164319248826291,0.5164319248826291,0.0
1e,G1-small20,0.1,12,G1-small20_e10_r012,0.5416666666666666,0.8901515151515151,0.12333333333333334
1g,G5-small15-par,0.0,10,G5-small15-par_e00_r010,1.0,1.0,0.02
1g,G1f-small20,0.2,12,G1f-small20_e20_r012,0.5368852459016393,0.9139344262295082,0.18666666666666668
1e,G2-small15,0.3,10,G2-small15_e30_r010,0.5275229357798165,0.9174311926605505,0.2733333333333333
1e,G1-small20,0.3,12,G1-small20_e30_r012,0.801980198019802,0.801980198019802,0.23
1e,G1-small20,0.2,12,G1-small20_e20_r012,0.5127118644067796,0.885593220338983,0.21333333333333335
1g,G4-small20-p3,0.0,9,G4-small20-p3_e00_r009,0.8966666666666666,0.8966666666666666,0.03333333333333333
1b,D3-unequal,0.25,6,D3-unequal_e25_r006,0.9054054054054054,0.9054054054054054,0.26
1b,D3-unequal,0.3,6,D3-unequal_e30_r006,0.9292452830188679,0.9292452830188679,0.29333333333333333
1g,G5-small15-par,0.1,10,G5-small15-par_e10_r010,1.0,1.0,0.09666666666666666
1g,G2f-small15,0.2,11,G2f-small15_e20_r011,0.5391304347826087,0.9260869565217391,0.23333333333333334
1e,G2-small15,0.0,11,G2-small15_e00_r011,0.92,0.92,0.0033333333333333335
1b,D3-unequal,0.35,6,D3-unequal_e35_r006,0.9356435643564357,0.9356435643564357,0.32666666666666666
1b,D2-K3par,0.25,6,D2-K3par_e25_r006,0.8990825688073395,0.8990825688073395,0.2733333333333333
1e,G3-cluster,0.0,12,G3-cluster_e00_r012,0.9266666666666666,0.9266666666666666,0.01
1e,G2-small15,0.3,11,G2-small15_e30_r011,0.5528846153846154,0.5528846153846154,0.35
1g,G5-small15-par,0.0,11,G5-small15-par_e00_r011,0.5433333333333333,1.0,0.02
1e,G2-small15,0.2,11,G2-small15_e20_r011,0.5222672064777328,0.9190283400809717,0.18
1g,G2f-small15,0.0,11,G2f-small15_e00_r011,0.93,0.93,0.013333333333333334
1e,G3-cluster,0.1,12,G3-cluster_e10_r012,0.9166666666666666,0.9166666666666666,0.11666666666666667
1b,D4-hetero,0.25,6,D4-hetero_e25_r006,0.9148936170212766,0.9148936170212766,0.22666666666666666
1e,G2-small15,0.1,11,G2-small15_e10_r011,0.5350553505535055,0.9298892988929889,0.10666666666666667
1b,D4-hetero,0.3,6,D4-hetero_e30_r006,0.9212962962962963,0.9212962962962963,0.28
1e,G3-cluster,0.2,12,G3-cluster_e20_r012,0.5,0.9449152542372882,0.33666666666666667
1b,D7-p3,0.25,5,D7-p3_e25_r005,0.9045454545454545,0.9045454545454545,0.26666666666666666
1b,D4-hetero,0.35,6,D4-hetero_e35_r006,0.9202127659574468,0.9202127659574468,0.37666666666666665
1g,G5-small15-par,0.2,11,G5-small15-par_e20_r011,0.9960474308300395,0.9960474308300395,0.16
1,D8-K2par-sep,0.0,3,D8-K2par-sep_e00_r003,0.9966666666666667,0.9966666666666667,0.013333333333333334
1g,G2f-small15,0.1,11,G2f-small15_e10_r011,0.5236363636363637,0.8909090909090909,0.09333333333333334
1e,G3-cluster,0.3,12,G3-cluster_e30_r012,0.5467980295566502,0.916256157635468,0.5133333333333333
1g,G2f-small15,0.0,12,G2f-small15_e00_r012,0.5966666666666667,0.9266666666666666,0.006666666666666667
1b,D7-p3,0.3,5,D7-p3_e30_r005,0.8883495145631068,0.8883495145631068,0.31666666666666665
1,D8-K2par-sep,0.05,3,D8-K2par-sep_e05_r003,0.9965034965034965,0.9965034965034965,0.04666666666666667
1b,D5-leverage,0.25,6,D5-leverage_e25_r006,0.905982905982906,0.905982905982906,0.22
1,D8-K2par-sep,0.1,3,D8-K2par-sep_e10_r003,0.9963235294117647,0.9963235294117647,0.09333333333333334
1b,D5-leverage,0.3,6,D5-leverage_e30_r006,0.5165876777251185,0.5165876777251185,0.01
1b,D5-leverage,0.35,6,D5-leverage_e35_r006,0.5210526315789473,0.5210526315789473,0.006666666666666667
1g,G4-small20-p3,0.1,9,G4-small20-p3_e10_r009,0.9148148148148149,0.9148148148148149,0.11666666666666667
1g,G4-small20-p3,0.2,9,G4-small20-p3_e20_r009,0.5630252100840336,0.5630252100840336,0.30666666666666664
1b,D7-p3,0.35,5,D7-p3_e35_r005,0.9337016574585635,0.9337016574585635,0.41333333333333333
1,D8-K2par-sep,0.2,3,D8-K2par-sep_e20_r003,1.0,1.0,0.19666666666666666
1g,G5-small15-par,0.1,11,G5-small15-par_e10_r011,0.5563636363636364,1.0,0.09666666666666666
1e,G2-small15,0.3,12,G2-small15_e30_r012,0.8341968911917098,0.8341968911917098,0.23
1b,D2-K3par,0.3,6,D2-K3par_e30_r006,0.6231884057971014,0.6231884057971014,0.14
1,D8-K2par-sep,0.3,3,D8-K2par-sep_e30_r003,0.9910714285714286,0.9910714285714286,0.26
1e,G1-small20,0.0,13,G1-small20_e00_r013,0.9133333333333333,0.9133333333333333,0.023333333333333334
1b,D6-uniform,0.25,6,D6-uniform_e25_r006,0.5380952380952381,0.5380952380952381,0.0
1g,G4-small20-p3,0.1,8,G4-small20-p3_e10_r008,0.8981818181818182,0.8981818181818182,0.10666666666666667
1e,G2-small15,0.0,12,G2-small15_e00_r012,0.5433333333333333,0.91,0.016666666666666666
1g,G1f-small20,0.0,13,G1f-small20_e00_r013,0.54,0.8866666666666667,0.023333333333333334
1,D1-K2cross,0.0,4,D1-K2cross_e00_r004,0.9,0.9,0.013333333333333334
1b,D2-K3par,0.35,6,D2-K3par_e35_r006,0.3487179487179487,0.3487179487179487,0.0
1b,D6-uniform,0.3,6,D6-uniform_e30_r006,0.5025125628140703,0.5025125628140703,0.0
1g,G1f-small20,0.1,13,G1f-small20_e10_r013,0.5613382899628253,0.9628252788104089,0.10333333333333333
1b,D6-uniform,0.35,6,D6-uniform_e35_r006,0.51010101010101,0.51010101010101,0.0
1,D1-K2cross,0.05,4,D1-K2cross_e05_r004,0.900355871886121,0.900355871886121,0.06666666666666667
1g,G2f-small15,0.1,12,G2f-small15_e10_r012,0.5018867924528302,0.9018867924528302,0.12333333333333334
1e,G1-small20,0.1,13,G1-small20_e10_r013,0.9077490774907749,0.9077490774907749,0.1
1,D1-K2cross,0.1,4,D1-K2cross_e10_r004,0.9188191881918819,0.9188191881918819,0.10666666666666667
1g,G1f-small20,0.2,13,G1f-small20_e20_r013,0.9251101321585903,0.9251101321585903,0.24666666666666667
1,D1-K2cross,0.2,4,D1-K2cross_e20_r004,0.888,0.888,0.16666666666666666
1e,G1-small20,0.2,13,G1-small20_e20_r013,0.525,0.9125,0.20333333333333334
1e,G1-small20,0.3,13,G1-small20_e30_r013,0.927536231884058,0.927536231884058,0.31333333333333335
1,D1-K2cross,0.3,4,D1-K2cross_e30_r004,0.8916256157635468,0.8916256157635468,0.3233333333333333
1e,G3-cluster,0.0,13,G3-cluster_e00_r013,0.9066666666666666,0.9066666666666666,0.03
1g,G4-small20-p3,0.2,8,G4-small20-p3_e20_r008,0.5019455252918288,0.8910505836575876,0.15333333333333332
1e,G3-cluster,0.1,13,G3-cluster_e10_r013,0.9188191881918819,0.9188191881918819,0.11
1b,D8-K2par-sep,0.25,6,D8-K2par-sep_e25_r006,0.9955947136563876,0.9955947136563876,0.24333333333333335
1e,G2-small15,0.1,12,G2-small15_e10_r012,0.5740740740740741,0.8629629629629629,0.1
1b,D8-K2par-sep,0.3,6,D8-K2par-sep_e30_r006,1.0,1.0,0.3
1g,G2f-small15,0.2,12,G2f-small15_e20_r012,0.9110169491525424,0.9110169491525424,0.21333333333333335
1,D7-p3,0.05,3,D7-p3_e05_r003,0.910394265232975,0.910394265232975,0.07666666666666666
1e,G3-cluster,0.2,13,G3-cluster_e20_r013,0.5021459227467812,0.8841201716738197,0.33
1g,G5-small15-par,0.0,12,G5-small15-par_e00_r012,0.5633333333333334,0.9966666666666667,0.016666666666666666
1e,G2-small15,0.2,12,G2-small15_e20_r012,0.548936170212766,0.8936170212765957,0.21666666666666667
1,D7-p3,0.1,3,D7-p3_e10_r003,0.9067164179104478,0.9067164179104478,0.11666666666666667
1b,D8-K2par-sep,0.35,6,D8-K2par-sep_e35_r006,1.0,1.0,0.32666666666666666
1e,G3-cluster,0.3,13,G3-cluster_e30_r013,0.5144230769230769,0.5144230769230769,0.13666666666666666
1b,D1-K2cross,0.25,7,D1-K2cross_e25_r007,0.9308755760368663,0.9308755760368663,0.27666666666666667
1g,G4-small20-p3,0.1,10,G4-small20-p3_e10_r010,0.9259259259259259,0.9259259259259259,0.11333333333333333
1,D2-K3par,0.0,4,D2-K3par_e00_r004,0.93,0.93,0.006666666666666667
1b,D1-K2cross,0.3,7,D1-K2cross_e30_r007,0.9182692307692307,0.9182692307692307,0.30666666666666664
1g,G1f-small20,0.0,14,G1f-small20_e00_r014,0.8933333333333333,0.8933333333333333,0.023333333333333334
1,D2-K3par,0.05,4,D2-K3par_e05_r004,0.9059233449477352,0.9059233449477352,0.043333333333333335
1,D3-unequal,0.0,4,D3-unequal_e00_r004,0.9266666666666666,0.9266666666666666,0.03333333333333333
1e,G1-small20,0.0,14,G1-small20_e00_r014,0.5466666666666666,0.9166666666666666,0.01
1g,G5-small15-par,0.2,12,G5-small15-par_e20_r012,0.6178861788617886,1.0,0.18
1b,D1-K2cross,0.35,7,D1-K2cross_e35_r007,0.9187817258883249,0.9187817258883249,0.3433333333333333
1,D2-K3par,0.1,4,D2-K3par_e10_r004,0.9236363636363636,0.9236363636363636,0.08333333333333333
1e,G2-small15,0.0,13,G2-small15_e00_r013,0.6,0.8933333333333333,0.03666666666666667
1e,G1-small20,0.1,14,G1-small20_e10_r014,0.5404411764705882,0.8823529411764706,0.1
1,D3-unequal,0.05,4,D3-unequal_e05_r004,0.9432624113475178,0.9432624113475178,0.08
1,D7-p3,0.2,3,D7-p3_e20_r003,0.9316239316239316,0.9316239316239316,0.22
1g,G1f-small20,0.1,14,G1f-small20_e10_r014,0.9124087591240876,0.9124087591240876,0.1
1g,G2f-small15,0.0,13,G2f-small15_e00_r013,0.6133333333333333,0.9066666666666666,0.006666666666666667
1e,G1-small20,0.2,14,G1-small20_e20_r014,0.9274193548387096,0.9274193548387096,0.17333333333333334
1,D3-unequal,0.1,4,D3-unequal_e10_r004,0.908745247148289,0.908745247148289,0.13
1,D3-unequal,0.2,4,D3-unequal_e20_r004,0.8866396761133604,0.8866396761133604,0.18
1g,G1f-small20,0.2,14,G1f-small20_e20_r014,0.8917748917748918,0.8917748917748918,0.23666666666666666
1,D2-K3par,0.2,4,D2-K3par_e20_r004,0.9135802469135802,0.9135802469135802,0.19
1e,G2-small15,0.2,13,G2-small15_e20_r013,0.5573770491803278,0.9098360655737705,0.18666666666666668
1,D7-p3,0.0,3,D7-p3_e00_r003,0.93,0.93,0.07333333333333333
1e,G1-small20,0.3,14,G1-small20_e30_r014,0.5502392344497608,0.5502392344497608,0.30333333333333334
1,D3-unequal,0.3,4,D3-unequal_e30_r004,0.92018779342723,0.92018779342723,0.29
1g,G5-small15-par,0.1,12,G5-small15-par_e10_r012,1.0,1.0,0.09666666666666666
1e,G2-small15,0.1,13,G2-small15_e10_r013,0.5650557620817844,0.9070631970260223,0.10666666666666667
1b,D3-unequal,0.3,7,D3-unequal_e30_r007,0.9095022624434389,0.9095022624434389,0.26666666666666666
1g,G2f-small15,0.2,13,G2f-small15_e20_r013,0.5102880658436214,0.9176954732510288,0.19333333333333333
1,D4-hetero,0.0,4,D4-hetero_e00_r004,0.8933333333333333,0.8933333333333333,0.03333333333333333
1,D2-K3par,0.3,4,D2-K3par_e30_r004,0.9142857142857143,0.9142857142857143,0.3
1g,G2f-small15,0.1,13,G2f-small15_e10_r013,0.6021897810218978,0.9562043795620438,0.11
1b,D3-unequal,0.25,7,D3-unequal_e25_r007,0.9493670886075949,0.9493670886075949,0.21
1e,G2-small15,0.3,13,G2-small15_e30_r013,0.5151515151515151,0.5151515151515151,0.25333333333333335
1b,D7-p3,0.25,6,D7-p3_e25_r006,0.8944954128440367,0.8944954128440367,0.2733333333333333
1,D4-hetero,0.05,4,D4-hetero_e05_r004,0.9035714285714286,0.9035714285714286,0.09666666666666666
1b,D3-unequal,0.35,7,D3-unequal_e35_r007,0.7336956521739131,0.7336956521739131,0.17333333333333334
1e,G3-cluster,0.0,14,G3-cluster_e00_r014,0.9466666666666667,0.9466666666666667,0.01
1e,G3-cluster,0.1,14,G3-cluster_e10_r014,0.9365671641791045,0.9365671641791045,0.12333333333333334
1,D4-hetero,0.1,4,D4-hetero_e10_r004,0.9014598540145985,0.9014598540145985,0.09333333333333334
1b,D4-hetero,0.3,7,D4-hetero_e30_r007,0.9252336448598131,0.9252336448598131,0.29
1g,G4-small20-p3,0.2,11,G4-small20-p3_e20_r011,0.5230125523012552,0.5230125523012552,0.22666666666666666
1e,G3-cluster,0.2,14,G3-cluster_e20_r014,0.9344262295081968,0.9344262295081968,0.2866666666666667
1b,D4-hetero,0.25,7,D4-hetero_e25_r007,0.9106382978723404,0.9106382978723404,0.22
1,D4-hetero,0.3,4,D4-hetero_e30_r004,0.919047619047619,0.919047619047619,0.30666666666666664
1b,D2-K3par,0.25,7,D2-K3par_e25_r007,0.9132231404958677,0.9132231404958677,0.19666666666666666
1,D7-p3,0.3,3,D7-p3_e30_r003,0.9009433962264151,0.9009433962264151,0.29333333333333333
1b,D4-hetero,0.35,7,D4-hetero_e35_r007,0.9179487179487179,0.9179487179487179,0.35333333333333333
1g,G4-small20-p3,0.0,10,G4-small20-p3_e00_r010,0.5433333333333333,0.9033333333333333,0.01
1,D4-hetero,0.2,4,D4-hetero_e20_r004,0.9123505976095617,0.9123505976095617,0.17333333333333334
1b,D7-p3,0.3,6,D7-p3_e30_r006,0.9396984924623115,0.9396984924623115,0.34
1e,G3-cluster,0.3,14,G3-cluster_e30_r014,0.5245098039215687,0.5245098039215687,0.04
1,D5-leverage,0.0,4,D5-leverage_e00_r004,0.87,0.87,0.013333333333333334
1b,D5-leverage,0.25,7,D5-leverage_e25_r007,0.502283105022831,0.502283105022831,0.09666666666666666
1,D5-leverage,0.1,4,D5-leverage_e10_r004,0.9125475285171103,0.9125475285171103,0.13
1,D5-leverage,0.05,4,D5-leverage_e05_r004,0.8931034482758621,0.8931034482758621,0.056666666666666664
1g,G5-small15-par,0.1,13,G5-small15-par_e10_r013,0.5257352941176471,1.0,0.09666666666666666
1b,D5-leverage,0.3,7,D5-leverage_e30_r007,0.5420560747663551,0.5420560747663551,0.016666666666666666
1g,G5-small15-par,0.0,13,G5-small15-par_e00_r013,0.9966666666666667,0.9966666666666667,0.023333333333333334
1g,G5-small15-par,0.2,13,G5-small15-par_e20_r013,0.6163793103448276,1.0,0.22666666666666666
1b,D5-leverage,0.35,7,D5-leverage_e35_r007,0.5106382978723404,0.5106382978723404,0.013333333333333334
1,D5-leverage,0.2,4,D5-leverage_e20_r004,0.9300411522633745,0.9300411522633745,0.19
1g,G2f-small15,0.0,14,G2f-small15_e00_r014,0.5,0.9333333333333333,0.023333333333333334
1b,D6-uniform,0.25,7,D6-uniform_e25_r007,0.9030837004405287,0.9030837004405287,0.17333333333333334
1e,G1-small20,0.0,15,G1-small20_e00_r015,0.5,0.9,0.023333333333333334
1g,G1f-small20,0.0,15,G1f-small20_e00_r015,0.93,0.93,0.0
1b,D7-p3,0.35,6,D7-p3_e35_r006,0.8871794871794871,0.8871794871794871,0.3566666666666667
1,D5-leverage,0.3,4,D5-leverage_e30_r004,0.5625,0.5625,0.09333333333333334
1g,G4-small20-p3,0.1,11,G4-small20-p3_e10_r011,0.9363295880149812,0.9363295880149812,0.13333333333333333
1e,G1-small20,0.1,15,G1-small20_e10_r015,0.9264705882352942,0.9264705882352942,0.15
1b,D6-uniform,0.35,7,D6-uniform_e35_r007,0.5543478260869565,0.5543478260869565,0.0
1,D6-uniform,0.0,4,D6-uniform_e00_r004,0.89,0.89,0.0033333333333333335
1b,D6-uniform,0.3,7,D6-uniform_e30_r007,0.5073170731707317,0.5073170731707317,0.0
1b,D2-K3par,0.35,7,D2-K3par_e35_r007,0.3469387755102041,0.3469387755102041,0.0
1g,G1f-small20,0.2,15,G1f-small20_e20_r015,0.8723404255319149,0.8723404255319149,0.21666666666666667
1e,G2-small15,0.0,14,G2-small15_e00_r014,0.5033333333333333,0.8766666666666667,0.023333333333333334
1b,D2-K3par,0.3,7,D2-K3par_e30_r007,0.6512820512820513,0.6512820512820513,0.19333333333333333
1g,G1f-small20,0.1,15,G1f-small20_e10_r015,0.5055762081784386,0.9070631970260223,0.11666666666666667
1e,G1-small20,0.2,15,G1-small20_e20_r015,0.8874458874458875,0.8874458874458875,0.23333333333333334
1,D6-uniform,0.1,4,D6-uniform_e10_r004,0.8981132075471698,0.8981132075471698,0.11666666666666667
1,D6-uniform,0.05,4,D6-uniform_e05_r004,0.9375,0.9375,0.06
1e,G3-cluster,0.0,15,G3-cluster_e00_r015,0.9333333333333333,0.9333333333333333,0.03
1,D6-uniform,0.2,4,D6-uniform_e20_r004,0.8739130434782608,0.8739130434782608,0.15333333333333332
1,D6-uniform,0.3,4,D6-uniform_e30_r004,0.9090909090909091,0.9090909090909091,0.2
1b,D8-K2par-sep,0.25,7,D8-K2par-sep_e25_r007,1.0,1.0,0.25333333333333335
1e,G3-cluster,0.1,15,G3-cluster_e10_r015,0.9213483146067416,0.9213483146067416,0.11
1e,G1-small20,0.3,15,G1-small20_e30_r015,0.5748792270531401,0.5748792270531401,0.39
1b,D8-K2par-sep,0.3,7,D8-K2par-sep_e30_r007,1.0,1.0,0.30333333333333334
1b,D8-K2par-sep,0.35,7,D8-K2par-sep_e35_r007,1.0,1.0,0.38333333333333336
1e,G3-cluster,0.2,15,G3-cluster_e20_r015,0.5347826086956522,0.8913043478260869,0.36666666666666664
1e,G3-cluster,0.3,15,G3-cluster_e30_r015,0.5025125628140703,0.5025125628140703,0.016666666666666666
1e,G2-small15,0.3,14,G2-small15_e30_r014,0.6084905660377359,0.6084905660377359,0.3566666666666667
1g,G2f-small15,0.1,14,G2f-small15_e10_r014,0.5860805860805861,0.9084249084249084,0.10333333333333333
1e,G2-small15,0.2,14,G2-small15_e20_r014,0.5933609958506224,0.9294605809128631,0.19666666666666666
1b,D1-K2cross,0.25,8,D1-K2cross_e25_r008,0.905982905982906,0.905982905982906,0.22
1g,G4-small20-p3,0.2,10,G4-small20-p3_e20_r010,0.5795918367346938,0.8938775510204081,0.19
1g,G2f-small15,0.2,14,G2f-small15_e20_r014,0.5043103448275862,0.896551724137931,0.22666666666666666
1e,G2-small15,0.1,14,G2-small15_e10_r014,0.6074074074074074,0.8740740740740741,0.11
1g,G4-small20-p3,0.2,12,G4-small20-p3_e20_r012,0.8884297520661157,0.8884297520661157,0.20333333333333334
1g,G5-small15-par,0.0,14,G5-small15-par_e00_r014,0.9966666666666667,0.9966666666666667,0.01
1g,G1f-small20,0.0,16,G1f-small20_e00_r016,0.9033333333333333,0.9033333333333333,0.01
1b,D1-K2cross,0.3,8,D1-K2cross_e30_r008,0.9136363636363637,0.9136363636363637,0.26666666666666666
1e,G1-small20,0.0,16,G1-small20_e00_r016,0.9333333333333333,0.9333333333333333,0.013333333333333334
1g,G2f-small15,0.0,15,G2f-small15_e00_r015,0.56,0.8633333333333333,0.06
1b,D1-K2cross,0.35,8,D1-K2cross_e35_r008,0.9230769230769231,0.9230769230769231,0.35
1g,G5-small15-par,0.2,14,G5-small15-par_e20_r014,0.5404255319148936,0.5404255319148936,0.29
1,D8-K2par-sep,0.0,4,D8-K2par-sep_e00_r004,1.0,1.0,0.016666666666666666
1e,G2-small15,0.0,15,G2-small15_e00_r015,0.5366666666666666,0.9266666666666666,0.016666666666666666
1g,G5-small15-par,0.0,15,G5-small15-par_e00_r015,1.0,1.0,0.016666666666666666
1,D8-K2par-sep,0.05,4,D8-K2par-sep_e05_r004,1.0,1.0,0.07
1g,G1f-small20,0.1,16,G1f-small20_e10_r016,0.5620437956204379,0.9124087591240876,0.09666666666666666
1e,G1-small20,0.1,16,G1-small20_e10_r016,0.9188191881918819,0.9188191881918819,0.10333333333333333
1e,G2-small15,0.3,15,G2-small15_e30_r015,0.5142857142857142,0.5142857142857142,0.35333333333333333
1,D8-K2par-sep,0.1,4,D8-K2par-sep_e10_r004,0.9962546816479401,0.9962546816479401,0.11333333333333333
1e,G1-small20,0.2,16,G1-small20_e20_r016,0.5228215767634855,0.8921161825726142,0.19666666666666666
1e,G2-small15,0.1,15,G2-small15_e10_r015,0.5454545454545454,0.9242424242424242,0.12666666666666668
1g,G1f-small20,0.2,16,G1f-small20_e20_r016,0.5020242914979757,0.9068825910931174,0.17666666666666667
1e,G1-small20,0.3,16,G1-small20_e30_r016,0.5238095238095238,0.5238095238095238,0.3466666666666667
1g,G4-small20-p3,0.0,12,G4-small20-p3_e00_r012,0.5133333333333333,0.9066666666666666,0.023333333333333334
1g,G2f-small15,0.1,15,G2f-small15_e10_r015,0.9053030303030303,0.9053030303030303,0.12
1,D8-K2par-sep,0.2,4,D8-K2par-sep_e20_r004,1.0,1.0,0.20333333333333334
1g,G2f-small15,0.2,15,G2f-small15_e20_r015,0.8938775510204081,0.8938775510204081,0.19
1b,D3-unequal,0.25,8,D3-unequal_e25_r008,0.915929203539823,0.915929203539823,0.24666666666666667
1,D8-K2par-sep,0.3,4,D8-K2par-sep_e30_r004,1.0,1.0,0.26666666666666666
1g,G4-small20-p3,0.0,11,G4-small20-p3_e00_r011,0.5366666666666666,0.9033333333333333,0.05
1b,D3-unequal,0.3,8,D3-unequal_e30_r008,0.9248826291079812,0.9248826291079812,0.29
1g,G5-small15-par,0.1,14,G5-small15-par_e10_r014,0.6082089552238806,0.996268656716418,0.11666666666666667
1,D1-K2cross,0.0,5,D1-K2cross_e00_r005,0.8833333333333333,0.8833333333333333,0.043333333333333335
1,D1-K2cross,0.05,5,D1-K2cross_e05_r005,0.8888888888888888,0.8888888888888888,0.07333333333333333
1b,D4-hetero,0.25,8,D4-hetero_e25_r008,0.908695652173913,0.908695652173913,0.23333333333333334
1e,G2-small15,0.2,15,G2-small15_e20_r015,0.5148936170212766,0.9063829787234042,0.21666666666666667
1b,D3-unequal,0.35,8,D3-unequal_e35_r008,0.9142857142857143,0.9142857142857143,0.4166666666666667
1g,G5-small15-par,0.1,15,G5-small15-par_e10_r015,0.6057347670250897,1.0,0.08
1e,G3-cluster,0.0,16,G3-cluster_e00_r016,0.8966666666666666,0.8966666666666666,0.01
1,D7-p3,0.0,4,D7-p3_e00_r004,0.8966666666666666,0.8966666666666666,0.016666666666666666
1e,G3-cluster,0.1,16,G3-cluster_e10_r016,0.9194139194139194,0.9194139194139194,0.1
1b,D7-p3,0.3,7,D7-p3_e30_r007,0.9061032863849765,0.9061032863849765,0.29
1b,D2-K3par,0.25,8,D2-K3par_e25_r008,0.908675799086758,0.908675799086758,0.27
1b,D4-hetero,0.35,8,D4-hetero_e35_r008,0.93048128342246,0.93048128342246,0.38333333333333336
1e,G3-cluster,0.3,16,G3-cluster_e30_r016,0.5280373831775701,0.5280373831775701,0.006666666666666667
1b,D4-hetero,0.3,8,D4-hetero_e30_r008,0.8944723618090452,0.8944723618090452,0.3433333333333333
1e,G3-cluster,0.2,16,G3-cluster_e20_r016,0.8916666666666667,0.8916666666666667,0.29333333333333333
1,D1-K2cross,0.1,5,D1-K2cross_e10_r005,0.8981818181818182,0.8981818181818182,0.09333333333333334
1,D1-K2cross,0.2,5,D1-K2cross_e20_r005,0.9256198347107438,0.9256198347107438,0.2
1g,G5-small15-par,0.2,15,G5-small15-par_e20_r015,0.5418502202643172,0.5418502202643172,0.35333333333333333
1b,D2-K3par,0.3,8,D2-K3par_e30_r008,0.8779342723004695,0.8779342723004695,0.29
1g,G4-small20-p3,0.1,12,G4-small20-p3_e10_r012,0.525,0.8964285714285715,0.09333333333333334
1b,D5-leverage,0.25,8,D5-leverage_e25_r008,0.5373831775700935,0.5373831775700935,0.08666666666666667
1b,D5-leverage,0.3,8,D5-leverage_e30_r008,0.5136363636363637,0.5136363636363637,0.0
1,D7-p3,0.05,4,D7-p3_e05_r004,0.8954703832752613,0.8954703832752613,0.06333333333333334
1,D1-K2cross,0.3,5,D1-K2cross_e30_r005,0.9151785714285714,0.9151785714285714,0.25333333333333335
1b,D7-p3,0.25,7,D7-p3_e25_r007,0.9493670886075949,0.9493670886075949,0.21666666666666667
1b,D7-p3,0.35,7,D7-p3_e35_r007,0.8871794871794871,0.8871794871794871,0.3566666666666667
1b,D5-leverage,0.35,8,D5-leverage_e35_r008,0.5077720207253886,0.5077720207253886,0.0033333333333333335
1,D7-p3,0.1,4,D7-p3_e10_r004,0.9104477611940298,0.9104477611940298,0.11333333333333333
1e,G2-small15,0.0,16,G2-small15_e00_r016,0.5466666666666666,0.93,0.01
1b,D6-uniform,0.25,8,D6-uniform_e25_r008,0.5887850467289719,0.5887850467289719,0.0
1e,G1-small20,0.0,17,G1-small20_e00_r017,0.95,0.95,0.02
1b,D6-uniform,0.3,8,D6-uniform_e30_r008,0.5116279069767442,0.5116279069767442,0.0
1g,G1f-small20,0.0,17,G1f-small20_e00_r017,0.9033333333333333,0.9033333333333333,0.013333333333333334
1e,G1-small20,0.1,17,G1-small20_e10_r017,0.9107806691449815,0.9107806691449815,0.11666666666666667
1b,D2-K3par,0.35,8,D2-K3par_e35_r008,0.673469387755102,0.673469387755102,0.14666666666666667
1g,G4-small20-p3,0.2,13,G4-small20-p3_e20_r013,0.8940677966101694,0.8940677966101694,0.21333333333333335
1b,D6-uniform,0.35,8,D6-uniform_e35_r008,0.5421052631578948,0.5421052631578948,0.0
1g,G1f-small20,0.1,17,G1f-small20_e10_r017,0.51985559566787,0.9025270758122743,0.09
1g,G1f-small20,0.2,17,G1f-small20_e20_r017,0.5130434782608696,0.5130434782608696,0.35
1g,G2f-small15,0.0,16,G2f-small15_e00_r016,0.57,0.93,0.02
1,D3-unequal,0.0,5,D3-unequal_e00_r005,0.9366666666666666,0.9366666666666666,0.013333333333333334
1e,G1-small20,0.3,17,G1-small20_e30_r017,0.8282828282828283,0.8282828282828283,0.19666666666666666
1g,G4-small20-p3,0.0,14,G4-small20-p3_e00_r014,0.91,0.91,0.043333333333333335
1e,G1-small20,0.2,17,G1-small20_e20_r017,0.5352697095435685,0.921161825726141,0.2
1,D2-K3par,0.0,5,D2-K3par_e00_r005,0.91,0.91,0.006666666666666667
1,D2-K3par,0.05,5,D2-K3par_e05_r005,0.9238754325259516,0.9238754325259516,0.04
1,D3-unequal,0.05,5,D3-unequal_e05_r005,0.9178571428571428,0.9178571428571428,0.07666666666666666
1,D7-p3,0.3,4,D7-p3_e30_r004,0.9212962962962963,0.9212962962962963,0.28
1e,G2-small15,0.2,16,G2-small15_e20_r016,0.5487804878048781,0.9186991869918699,0.18
1e,G3-cluster,0.0,17,G3-cluster_e00_r017,0.93,0.93,0.02
1,D3-unequal,0.1,5,D3-unequal_e10_r005,0.9185185185185185,0.9185185185185185,0.10333333333333333
1,D2-K3par,0.1,5,D2-K3par_e10_r005,0.8917910447761194,0.8917910447761194,0.10666666666666667
1b,D8-K2par-sep,0.25,8,D8-K2par-sep_e25_r008,1.0,1.0,0.24333333333333335
1,D2-K3par,0.2,5,D2-K3par_e20_r005,0.9313304721030042,0.9313304721030042,0.23
1,D3-unequal,0.2,5,D3-unequal_e20_r005,0.8911290322580645,0.8911290322580645,0.17666666666666667
1e,G3-cluster,0.1,17,G3-cluster_e10_r017,0.8731343283582089,0.8731343283582089,0.12
1e,G2-small15,0.1,16,G2-small15_e10_r016,0.5406360424028268,0.9257950530035336,0.06333333333333334
1e,G3-cluster,0.2,17,G3-cluster_e20_r017,0.9385245901639344,0.9385245901639344,0.2633333333333333
1,D2-K3par,0.3,5,D2-K3par_e30_r005,0.8940092165898618,0.8940092165898618,0.27666666666666667
1,D4-hetero,0.0,5,D4-hetero_e00_r005,0.88,0.88,0.03333333333333333
1,D3-unequal,0.3,5,D3-unequal_e30_r005,0.9351851851851852,0.9351851851851852,0.28
1b,D8-K2par-sep,0.3,8,D8-K2par-sep_e30_r008,1.0,1.0,0.3466666666666667
1b,D8-K2par-sep,0.35,8,D8-K2par-sep_e35_r008,1.0,1.0,0.38
1e,G3-cluster,0.3,17,G3-cluster_e30_r017,0.5048076923076923,0.5048076923076923,0.10666666666666667
1g,G2f-small15,0.2,16,G2f-small15_e20_r016,0.8888888888888888,0.8888888888888888,0.19
1g,G5-small15-par,0.1,16,G5-small15-par_e10_r016,0.5767790262172284,1.0,0.11
1g,G5-small15-par,0.0,16,G5-small15-par_e00_r016,0.5733333333333334,0.9966666666666667,0.02
1,D4-hetero,0.05,5,D4-hetero_e05_r005,0.9139784946236559,0.9139784946236559,0.08666666666666667
1g,G4-small20-p3,0.0,13,G4-small20-p3_e00_r013,0.62,0.91,0.03333333333333333
1g,G2f-small15,0.0,17,G2f-small15_e00_r017,0.5166666666666667,0.9033333333333333,0.016666666666666666
1b,D1-K2cross,0.25,9,D1-K2cross_e25_r009,0.9,0.9,0.23666666666666666
1e,G2-small15,0.3,16,G2-small15_e30_r016,0.645,0.645,0.37333333333333335
1,D4-hetero,0.1,5,D4-hetero_e10_r005,0.9157509157509157,0.9157509157509157,0.11333333333333333
1g,G2f-small15,0.1,16,G2f-small15_e10_r016,0.656934306569343,0.9014598540145985,0.08666666666666667
1b,D1-K2cross,0.3,9,D1-K2cross_e30_r009,0.9052132701421801,0.9052132701421801,0.2966666666666667
1,D4-hetero,0.2,5,D4-hetero_e20_r005,0.8928571428571429,0.8928571428571429,0.18666666666666668
1b,D1-K2cross,0.35,9,D1-K2cross_e35_r009,0.9130434782608695,0.9130434782608695,0.31
1,D7-p3,0.2,4,D7-p3_e20_r004,0.8916666666666667,0.8916666666666667,0.2
1g,G5-small15-par,0.2,16,G5-small15-par_e20_r016,0.569672131147541,1.0,0.20333333333333334
1,D4-hetero,0.3,5,D4-hetero_e30_r005,0.9270833333333334,0.9270833333333334,0.36333333333333334
1e,G1-small20,0.0,18,G1-small20_e00_r018,0.9066666666666666,0.9066666666666666,0.02
1g,G1f-small20,0.0,18,G1f-small20_e00_r018,0.93,0.93,0.016666666666666666
1,D5-leverage,0.0,5,D5-leverage_e00_r005,0.9033333333333333,0.9033333333333333,0.016666666666666666
1,D5-leverage,0.05,5,D5-leverage_e05_r005,0.9113475177304965,0.9113475177304965,0.06666666666666667
1e,G1-small20,0.1,18,G1-small20_e10_r018,0.782608695652174,0.782608695652174,0.12666666666666668
1e,G1-small20,0.2,18,G1-small20_e20_r018,0.5407725321888412,0.9055793991416309,0.22333333333333333
1e,G2-small15,0.3,17,G2-small15_e30_r017,0.5308056872037915,0.5308056872037915,0.3566666666666667
1,D5-leverage,0.1,5,D5-leverage_e10_r005,0.9148148148148149,0.9148148148148149,0.10333333333333333
1g,G1f-small20,0.1,18,G1f-small20_e10_r018,0.9076923076923077,0.9076923076923077,0.14333333333333334
1e,G2-small15,0.1,17,G2-small15_e10_r017,0.5038167938931297,0.9351145038167938,0.13333333333333333
1g,G4-small20-p3,0.1,14,G4-small20-p3_e10_r014,0.9365671641791045,0.9365671641791045,0.11666666666666667
1e,G1-small20,0.3,18,G1-small20_e30_r018,0.8867924528301887,0.8867924528301887,0.29333333333333333
1g,G1f-small20,0.2,18,G1f-small20_e20_r018,0.5063291139240507,0.9113924050632911,0.21666666666666667
1g,G2f-small15,0.1,17,G2f-small15_e10_r017,0.9018181818181819,0.9018181818181819,0.08666666666666667
1b,D3-unequal,0.25,9,D3-unequal_e25_r009,0.9141630901287554,0.9141630901287554,0.22333333333333333
1,D5-leverage,0.2,5,D5-leverage_e20_r005,0.9139344262295082,0.9139344262295082,0.18666666666666668
1,D5-leverage,0.3,5,D5-leverage_e30_r005,0.5763546798029556,0.5763546798029556,0.12333333333333334
1g,G4-small20-p3,0.1,13,G4-small20-p3_e10_r013,0.5320754716981132,0.9207547169811321,0.12333333333333334
1b,D3-unequal,0.3,9,D3-unequal_e30_r009,0.9368932038834952,0.9368932038834952,0.31333333333333335
1e,G3-cluster,0.0,18,G3-cluster_e00_r018,0.92,0.92,0.03
1e,G2-small15,0.0,17,G2-small15_e00_r017,0.9266666666666666,0.9266666666666666,0.023333333333333334
1b,D3-unequal,0.35,9,D3-unequal_e35_r009,0.7391304347826086,0.7391304347826086,0.25666666666666665
1g,G2f-small15,0.2,17,G2f-small15_e20_r017,0.9194915254237288,0.9194915254237288,0.21333333333333335
1e,G3-cluster,0.1,18,G3-cluster_e10_r018,0.9144981412639405,0.9144981412639405,0.10666666666666667
1b,D4-hetero,0.25,9,D4-hetero_e25_r009,0.95,0.95,0.27
1,D6-uniform,0.0,5,D6-uniform_e00_r005,0.9266666666666666,0.9266666666666666,0.01
1b,D4-hetero,0.3,9,D4-hetero_e30_r009,0.8834080717488789,0.8834080717488789,0.27
1e,G3-cluster,0.2,18,G3-cluster_e20_r018,0.502127659574468,0.502127659574468,0.03333333333333333
1,D6-uniform,0.05,5,D6-uniform_e05_r005,0.9479166666666666,0.9479166666666666,0.04666666666666667
1,D6-uniform,0.1,5,D6-uniform_e10_r005,0.9,0.9,0.10666666666666667
1b,D2-K3par,0.25,9,D2-K3par_e25_r009,0.9030837004405287,0.9030837004405287,0.24333333333333335
1b,D4-hetero,0.35,9,D4-hetero_e35_r009,0.95,0.95,0.3333333333333333
1g,G4-small20-p3,0.0,15,G4-small20-p3_e00_r015,0.8533333333333334,0.8533333333333334,0.03
1e,G3-cluster,0.3,18,G3-cluster_e30_r018,0.5142857142857142,0.5142857142857142,0.04
1,D6-uniform,0.2,5,D6-uniform_e20_r005,0.8704453441295547,0.8704453441295547,0.17333333333333334
1b,D5-leverage,0.25,9,D5-leverage_e25_r009,0.8838174273858921,0.8838174273858921,0.2
1b,D5-leverage,0.3,9,D5-leverage_e30_r009,0.5141509433962265,0.5141509433962265,0.0033333333333333335
1,D6-uniform,0.3,5,D6-uniform_e30_r005,0.5024390243902439,0.5024390243902439,0.0
1b,D7-p3,0.35,8,D7-p3_e35_r008,0.93717277486911,0.93717277486911,0.36333333333333334
1b,D5-leverage,0.35,9,D5-leverage_e35_r009,0.5243243243243243,0.5243243243243243,0.01
1e,G1-small20,0.0,19,G1-small20_e00_r019,0.8866666666666667,0.8866666666666667,0.016666666666666666
1b,D6-uniform,0.25,9,D6-uniform_e25_r009,0.9366515837104072,0.9366515837104072,0.23
1g,G5-small15-par,0.1,17,G5-small15-par_e10_r017,0.5942028985507246,0.9927536231884058,0.08666666666666667
1b,D2-K3par,0.35,9,D2-K3par_e35_r009,0.7205882352941176,0.7205882352941176,0.14333333333333334
1e,G2-small15,0.2,17,G2-small15_e20_r017,0.5805084745762712,0.5805084745762712,0.25666666666666665
1g,G1f-small20,0.0,19,G1f-small20_e00_r019,0.5066666666666667,0.9,0.03
1b,D2-K3par,0.3,9,D2-K3par_e30_r009,0.6465116279069767,0.6465116279069767,0.15
1e,G1-small20,0.1,19,G1-small20_e10_r019,0.8992537313432836,0.8992537313432836,0.11
1g,G5-small15-par,0.0,17,G5-small15-par_e00_r017,1.0,1.0,0.0033333333333333335
1g,G1f-small20,0.1,19,G1f-small20_e10_r019,0.9433962264150944,0.9433962264150944,0.13333333333333333
1g,G5-small15-par,0.2,17,G5-small15-par_e20_r017,0.5296610169491526,1.0,0.21666666666666667
1e,G1-small20,0.2,19,G1-small20_e20_r019,0.5560165975103735,0.91701244813278,0.19666666666666666
1b,D6-uniform,0.3,9,D6-uniform_e30_r009,0.5096153846153846,0.5096153846153846,0.0
1e,G2-small15,0.0,18,G2-small15_e00_r018,0.5766666666666667,0.8966666666666666,0.023333333333333334
1e,G1-small20,0.3,19,G1-small20_e30_r019,0.82,0.82,0.21666666666666667
1g,G2f-small15,0.0,18,G2f-small15_e00_r018,0.51,0.8933333333333333,0.02
1b,D7-p3,0.3,8,D7-p3_e30_r008,0.9154228855721394,0.9154228855721394,0.3333333333333333
1g,G1f-small20,0.2,19,G1f-small20_e20_r019,0.5443037974683544,0.9071729957805907,0.21
1b,D6-uniform,0.35,9,D6-uniform_e35_r009,0.5388349514563107,0.5388349514563107,0.0
1b,D7-p3,0.25,8,D7-p3_e25_r008,0.8959276018099548,0.8959276018099548,0.2633333333333333
1e,G2-small15,0.2,18,G2-small15_e20_r018,0.5391304347826087,0.9434782608695652,0.24333333333333335
1,D8-K2par-sep,0.0,5,D8-K2par-sep_e00_r005,1.0,1.0,0.02
1g,G5-small15-par,0.0,18,G5-small15-par_e00_r018,1.0,1.0,0.006666666666666667
1e,G3-cluster,0.0,19,G3-cluster_e00_r019,0.89,0.89,0.0033333333333333335
1g,G2f-small15,0.1,18,G2f-small15_e10_r018,0.5338345864661654,0.8759398496240601,0.12
1g,G4-small20-p3,0.2,14,G4-small20-p3_e20_r014,0.5313807531380753,0.9121338912133892,0.20333333333333334
1e,G2-small15,0.3,18,G2-small15_e30_r018,0.8461538461538461,0.8461538461538461,0.19666666666666666
1,D8-K2par-sep,0.1,5,D8-K2par-sep_e10_r005,0.996309963099631,0.996309963099631,0.1
1,D8-K2par-sep,0.05,5,D8-K2par-sep_e05_r005,1.0,1.0,0.05333333333333334
1e,G3-cluster,0.1,19,G3-cluster_e10_r019,0.8925925925925926,0.8925925925925926,0.1
1b,D8-K2par-sep,0.25,9,D8-K2par-sep_e25_r009,1.0,1.0,0.25
1g,G2f-small15,0.2,18,G2f-small15_e20_r018,0.5219123505976095,0.8804780876494024,0.17
1,D8-K2par-sep,0.2,5,D8-K2par-sep_e20_r005,1.0,1.0,0.21333333333333335
1b,D8-K2par-sep,0.35,9,D8-K2par-sep_e35_r009,1.0,1.0,0.33666666666666667
1b,D8-K2par-sep,0.3,9,D8-K2par-sep_e30_r009,1.0,1.0,0.30666666666666664
1,D8-K2par-sep,0.3,5,D8-K2par-sep_e30_r005,1.0,1.0,0.31666666666666665
1e,G3-cluster,0.3,19,G3-cluster_e30_r019,0.5048543689320388,0.5048543689320388,0.013333333333333334
1e,G3-cluster,0.2,19,G3-cluster_e20_r019,0.8925619834710744,0.8925619834710744,0.19333333333333333
1,D1-K2cross,0.0,6,D1-K2cross_e00_r006,0.9266666666666666,0.9266666666666666,0.01
1e,G2-small15,0.1,18,G2-small15_e10_r018,0.5091575091575091,0.9194139194139194,0.09666666666666666
1b,D1-K2cross,0.25,10,D1-K2cross_e25_r010,0.8767123287671232,0.8767123287671232,0.27
1g,G4-small20-p3,0.2,16,G4-small20-p3_e20_r016,0.9067796610169492,0.9067796610169492,0.21666666666666667
1,D1-K2cross,0.05,6,D1-K2cross_e05_r006,0.9219858156028369,0.9219858156028369,0.07666666666666666
1e,G2-small15,0.0,19,G2-small15_e00_r019,0.6133333333333333,0.9333333333333333,0.02
1b,D1-K2cross,0.3,10,D1-K2cross_e30_r010,0.9234234234234234,0.9234234234234234,0.26
1g,G2f-small15,0.0,19,G2f-small15_e00_r019,0.5066666666666667,0.9266666666666666,0.01
1e,G1-small20,0.0,20,G1-small20_e00_r020,0.9166666666666666,0.9166666666666666,0.043333333333333335
1,D1-K2cross,0.1,6,D1-K2cross_e10_r006,0.921146953405018,0.921146953405018,0.07
1g,G1f-small20,0.0,20,G1f-small20_e00_r020,0.9133333333333333,0.9133333333333333,0.02
1g,G5-small15-par,0.2,18,G5-small15-par_e20_r018,0.6138211382113821,1.0,0.18333333333333332
1g,G5-small15-par,0.1,18,G5-small15-par_e10_r018,0.5777777777777777,1.0,0.10333333333333333
1g,G4-small20-p3,0.1,15,G4-small20-p3_e10_r015,0.5257352941176471,0.9191176470588235,0.10666666666666667
1,D7-p3,0.0,5,D7-p3_e00_r005,0.9466666666666667,0.9466666666666667,0.023333333333333334
1b,D1-K2cross,0.35,10,D1-K2cross_e35_r010,0.9158878504672897,0.9158878504672897,0.2866666666666667
1,D1-K2cross,0.2,6,D1-K2cross_e20_r006,0.902542372881356,0.902542372881356,0.21333333333333335
1e,G1-small20,0.1,20,G1-small20_e10_r020,0.7074074074074074,0.8962962962962963,0.11
1e,G1-small20,0.2,20,G1-small20_e20_r020,0.8940677966101694,0.8940677966101694,0.21333333333333335
1g,G1f-small20,0.1,20,G1f-small20_e10_r020,0.9197080291970803,0.9197080291970803,0.08666666666666667
1,D1-K2cross,0.3,6,D1-K2cross_e30_r006,0.9038461538461539,0.9038461538461539,0.30666666666666664
1g,G2f-small15,0.1,19,G2f-small15_e10_r019,0.5547169811320755,0.8905660377358491,0.13
1g,G4-small20-p3,0.0,17,G4-small20-p3_e00_r017,0.9,0.9,0.023333333333333334
1e,G2-small15,0.1,19,G2-small15_e10_r019,0.5522388059701493,0.9104477611940298,0.11
1g,G1f-small20,0.2,20,G1f-small20_e20_r020,0.5411764705882353,0.9098039215686274,0.15333333333333332
1g,G2f-small15,0.2,19,G2f-small15_e20_r019,0.5622489959839357,0.9116465863453815,0.18666666666666668
1e,G1-small20,0.3,20,G1-small20_e30_r020,0.5069767441860465,0.5069767441860465,0.37
1g,G4-small20-p3,0.2,15,G4-small20-p3_e20_r015,0.5276595744680851,0.9063829787234042,0.22
1b,D3-unequal,0.25,10,D3-unequal_e25_r010,0.9353448275862069,0.9353448275862069,0.22666666666666666
1b,D3-unequal,0.3,10,D3-unequal_e30_r010,0.8960396039603961,0.8960396039603961,0.32666666666666666
1e,G2-small15,0.3,19,G2-small15_e30_r019,0.5069767441860465,0.5069767441860465,0.35
1,D7-p3,0.05,5,D7-p3_e05_r005,0.9122807017543859,0.9122807017543859,0.09
1e,G2-small15,0.2,19,G2-small15_e20_r019,0.5148936170212766,0.9106382978723404,0.21666666666666667
1,D2-K3par,0.0,6,D2-K3par_e00_r006,0.9066666666666666,0.9066666666666666,0.013333333333333334
1,D7-p3,0.3,5,D7-p3_e30_r005,0.8925233644859814,0.8925233644859814,0.2866666666666667
1b,D7-p3,0.3,9,D7-p3_e30_r009,0.9069767441860465,0.9069767441860465,0.2966666666666667
1b,D2-K3par,0.25,10,D2-K3par_e25_r010,0.8722466960352423,0.8722466960352423,0.24333333333333335
1e,G3-cluster,0.0,20,G3-cluster_e00_r020,0.9066666666666666,0.9066666666666666,0.01
1b,D3-unequal,0.35,10,D3-unequal_e35_r010,0.9365079365079365,0.9365079365079365,0.37
1e,G3-cluster,0.1,20,G3-cluster_e10_r020,0.8970588235294118,0.8970588235294118,0.10666666666666667
1b,D4-hetero,0.25,10,D4-hetero_e25_r010,0.9004524886877828,0.9004524886877828,0.26666666666666666
1b,D4-hetero,0.3,10,D4-hetero_e30_r010,0.915,0.915,0.33666666666666667
1,D3-unequal,0.0,6,D3-unequal_e00_r006,0.8966666666666666,0.8966666666666666,0.02
1g,G5-small15-par,0.0,19,G5-small15-par_e00_r019,0.6133333333333333,1.0,0.01
1g,G5-small15-par,0.1,19,G5-small15-par_e10_r019,0.5851851851851851,1.0,0.10666666666666667
1g,G4-small20-p3,0.0,16,G4-small20-p3_e00_r016,0.56,0.88,0.03666666666666667
1e,G3-cluster,0.2,20,G3-cluster_e20_r020,0.5643153526970954,0.5643153526970954,0.023333333333333334
1,D2-K3par,0.05,6,D2-K3par_e05_r006,0.8865248226950354,0.8865248226950354,0.06
1b,D7-p3,0.25,9,D7-p3_e25_r009,0.9203539823008849,0.9203539823008849,0.2633333333333333
1b,D4-hetero,0.35,10,D4-hetero_e35_r010,0.9027027027027027,0.9027027027027027,0.38666666666666666
1e,G3-cluster,0.3,20,G3-cluster_e30_r020,0.5123152709359606,0.5123152709359606,0.14333333333333334
1,D2-K3par,0.1,6,D2-K3par_e10_r006,0.9127272727272727,0.9127272727272727,0.08666666666666667
1,D3-unequal,0.05,6,D3-unequal_e05_r006,0.9175627240143369,0.9175627240143369,0.07666666666666666
1b,D2-K3par,0.35,10,D2-K3par_e35_r010,0.34946236559139787,0.34946236559139787,0.0033333333333333335
1b,D7-p3,0.35,9,D7-p3_e35_r009,0.8823529411764706,0.8823529411764706,0.38
1,D3-unequal,0.1,6,D3-unequal_e10_r006,0.9,0.9,0.11666666666666667
1b,D5-leverage,0.25,10,D5-leverage_e25_r010,0.509009009009009,0.509009009009009,0.08666666666666667
1b,D2-K3par,0.3,10,D2-K3par_e30_r010,0.6794258373205742,0.6794258373205742,0.11
1b,D5-leverage,0.3,10,D5-leverage_e30_r010,0.5370370370370371,0.5370370370370371,0.006666666666666667
1,D3-unequal,0.2,6,D3-unequal_e20_r006,0.9132231404958677,0.9132231404958677,0.19333333333333333
1b,D5-leverage,0.35,10,D5-leverage_e35_r010,0.5497382198952879,0.5497382198952879,0.01
1g,G5-small15-par,0.2,19,G5-small15-par_e20_r019,1.0,1.0,0.23
1,D3-unequal,0.3,6,D3-unequal_e30_r006,0.7486910994764397,0.7486910994764397,0.2633333333333333
1,D4-hetero,0.0,6,D4-hetero_e00_r006,0.9133333333333333,0.9133333333333333,0.03333333333333333
1,D7-p3,0.2,5,D7-p3_e20_r005,0.8966942148760331,0.8966942148760331,0.21
1g,G1f-small20,0.0,21,G1f-small20_e00_r021,0.9066666666666666,0.9066666666666666,0.013333333333333334
1b,D6-uniform,0.25,10,D6-uniform_e25_r010,0.9282700421940928,0.9282700421940928,0.21666666666666667
1,D2-K3par,0.2,6,D2-K3par_e20_r006,0.8925619834710744,0.8925619834710744,0.19333333333333333
1g,G4-small20-p3,0.1,17,G4-small20-p3_e10_r017,0.9135338345864662,0.9135338345864662,0.12
1,D4-hetero,0.05,6,D4-hetero_e05_r006,0.9045936395759717,0.9045936395759717,0.07
1,D7-p3,0.1,5,D7-p3_e10_r005,0.9291044776119403,0.9291044776119403,0.12333333333333334
1b,D6-uniform,0.3,10,D6-uniform_e30_r010,0.5369458128078818,0.5369458128078818,0.0
1e,G1-small20,0.1,21,G1-small20_e10_r021,0.9060150375939849,0.9060150375939849,0.11666666666666667
1e,G1-small20,0.0,21,G1-small20_e00_r021,0.5466666666666666,0.9066666666666666,0.043333333333333335
1e,G2-small15,0.0,20,G2-small15_e00_r020,0.5633333333333334,0.8833333333333333,0.023333333333333334
1g,G2f-small15,0.1,20,G2f-small15_e10_r020,0.5055762081784386,0.5055762081784386,0.19666666666666666
1b,D6-uniform,0.35,10,D6-uniform_e35_r010,0.5228426395939086,0.5228426395939086,0.0
1,D4-hetero,0.2,6,D4-hetero_e20_r006,0.9146341463414634,0.9146341463414634,0.18666666666666668
1g,G1f-small20,0.2,21,G1f-small20_e20_r021,0.9260869565217391,0.9260869565217391,0.23666666666666666
1g,G1f-small20,0.1,21,G1f-small20_e10_r021,0.9166666666666666,0.9166666666666666,0.10333333333333333
1,D4-hetero,0.1,6,D4-hetero_e10_r006,0.9267399267399268,0.9267399267399268,0.1
1g,G4-small20-p3,0.1,16,G4-small20-p3_e10_r016,0.5601503759398496,0.9210526315789473,0.14666666666666667
1e,G1-small20,0.3,21,G1-small20_e30_r021,0.589041095890411,0.589041095890411,0.35
1,D4-hetero,0.3,6,D4-hetero_e30_r006,0.9128440366972477,0.9128440366972477,0.2733333333333333
1,D5-leverage,0.0,6,D5-leverage_e00_r006,0.8733333333333333,0.8733333333333333,0.02666666666666667
1e,G3-cluster,0.0,21,G3-cluster_e00_r021,0.9233333333333333,0.9233333333333333,0.006666666666666667
1e,G1-small20,0.2,21,G1-small20_e20_r021,0.5242290748898678,0.9295154185022027,0.24666666666666667
1,D5-leverage,0.05,6,D5-leverage_e05_r006,0.903448275862069,0.903448275862069,0.04
1e,G2-small15,0.3,20,G2-small15_e30_r020,0.5136363636363637,0.9,0.26666666666666666
1g,G2f-small15,0.0,20,G2f-small15_e00_r020,0.5266666666666666,0.92,0.04
1b,D8-K2par-sep,0.25,10,D8-K2par-sep_e25_r010,1.0,1.0,0.24333333333333335
1e,G3-cluster,0.1,21,G3-cluster_e10_r021,0.916058394160584,0.916058394160584,0.09666666666666666
1g,G5-small15-par,0.0,20,G5-small15-par_e00_r020,0.9966666666666667,0.9966666666666667,0.013333333333333334
1,D5-leverage,0.1,6,D5-leverage_e10_r006,0.9325842696629213,0.9325842696629213,0.12333333333333334
1b,D8-K2par-sep,0.3,10,D8-K2par-sep_e30_r010,1.0,1.0,0.33
1,D5-leverage,0.2,6,D5-leverage_e20_r006,0.9047619047619048,0.9047619047619048,0.16
1e,G3-cluster,0.2,21,G3-cluster_e20_r021,0.8930041152263375,0.8930041152263375,0.23
1e,G3-cluster,0.3,21,G3-cluster_e30_r021,0.5233644859813084,0.5233644859813084,0.016666666666666666
1g,G4-small20-p3,0.0,18,G4-small20-p3_e00_r018,0.9133333333333333,0.9133333333333333,0.03333333333333333
1,D5-leverage,0.3,6,D5-leverage_e30_r006,0.5096153846153846,0.5096153846153846,0.01
1b,D8-K2par-sep,0.35,10,D8-K2par-sep_e35_r010,0.9948979591836735,0.9948979591836735,0.3466666666666667
1g,G2f-small15,0.2,20,G2f-small15_e20_r020,0.5720524017467249,0.5720524017467249,0.29333333333333333
1e,G2-small15,0.1,20,G2-small15_e10_r020,0.5378787878787878,0.9090909090909091,0.13666666666666666
1b,D1-K2cross,0.25,11,D1-K2cross_e25_r011,0.9113924050632911,0.9113924050632911,0.21
1,D2-K3par,0.3,6,D2-K3par_e30_r006,0.6649746192893401,0.6649746192893401,0.17666666666666667
1e,G2-small15,0.2,20,G2-small15_e20_r020,0.5211864406779662,0.8728813559322034,0.21333333333333335
1,D6-uniform,0.0,6,D6-uniform_e00_r006,0.87,0.87,0.013333333333333334
1b,D1-K2cross,0.3,11,D1-K2cross_e30_r011,0.9150943396226415,0.9150943396226415,0.29333333333333333
1,D6-uniform,0.05,6,D6-uniform_e05_r006,0.9025270758122743,0.9025270758122743,0.08333333333333333
1,D6-uniform,0.1,6,D6-uniform_e10_r006,0.9014598540145985,0.9014598540145985,0.09
1b,D1-K2cross,0.35,11,D1-K2cross_e35_r011,0.9154228855721394,0.9154228855721394,0.33
1g,G1f-small20,0.0,22,G1f-small20_e00_r022,0.9366666666666666,0.9366666666666666,0.02666666666666667
1,D6-uniform,0.2,6,D6-uniform_e20_r006,0.9191489361702128,0.9191489361702128,0.20666666666666667
1e,G1-small20,0.0,22,G1-small20_e00_r022,0.8966666666666666,0.8966666666666666,0.03333333333333333
1e,G1-small20,0.1,22,G1-small20_e10_r022,0.9204545454545454,0.9204545454545454,0.12
1g,G1f-small20,0.2,22,G1f-small20_e20_r022,0.9135802469135802,0.9135802469135802,0.19333333333333333
1e,G1-small20,0.2,22,G1-small20_e20_r022,0.9128630705394191,0.9128630705394191,0.19666666666666666
1,D6-uniform,0.3,6,D6-uniform_e30_r006,0.5137614678899083,0.5137614678899083,0.0
1g,G1f-small20,0.1,22,G1f-small20_e10_r022,0.555956678700361,0.9386281588447654,0.08
1e,G1-small20,0.3,22,G1-small20_e30_r022,0.5305164319248826,0.5305164319248826,0.3333333333333333
1b,D3-unequal,0.25,11,D3-unequal_e25_r011,0.9181818181818182,0.9181818181818182,0.26666666666666666
1e,G2-small15,0.0,21,G2-small15_e00_r021,0.5133333333333333,0.93,0.01
1g,G5-small15-par,0.2,20,G5-small15-par_e20_r020,0.6017316017316018,0.6017316017316018,0.36
1g,G5-small15-par,0.1,20,G5-small15-par_e10_r020,0.5893536121673004,1.0,0.13
1b,D3-unequal,0.3,11,D3-unequal_e30_r011,0.9166666666666666,0.9166666666666666,0.24
1b,D2-K3par,0.25,11,D2-K3par_e25_r011,0.9166666666666666,0.9166666666666666,0.24
1g,G5-small15-par,0.0,21,G5-small15-par_e00_r021,0.9933333333333333,0.9933333333333333,0.02666666666666667
1e,G2-small15,0.3,21,G2-small15_e30_r021,0.680952380952381,0.680952380952381,0.3333333333333333
1g,G4-small20-p3,0.1,18,G4-small20-p3_e10_r018,0.9204545454545454,0.9204545454545454,0.14666666666666667
1b,D3-unequal,0.35,11,D3-unequal_e35_r011,0.92,0.92,0.3333333333333333
1g,G2f-small15,0.0,21,G2f-small15_e00_r021,0.9166666666666666,0.9166666666666666,0.013333333333333334
1e,G3-cluster,0.0,22,G3-cluster_e00_r022,0.9166666666666666,0.9166666666666666,0.016666666666666666
1g,G5-small15-par,0.2,21,G5-small15-par_e20_r021,0.8666666666666667,0.8666666666666667,0.21
1e,G2-small15,0.2,21,G2-small15_e20_r021,0.5061224489795918,0.8979591836734694,0.18333333333333332
1g,G4-small20-p3,0.2,17,G4-small20-p3_e20_r017,0.5502008032128514,0.9036144578313253,0.18333333333333332
1g,G2f-small15,0.1,21,G2f-small15_e10_r021,0.5243445692883895,0.9176029962546817,0.11666666666666667
1e,G2-small15,0.1,21,G2-small15_e10_r021,0.5543071161048689,0.8951310861423221,0.13333333333333333
1e,G3-cluster,0.1,22,G3-cluster_e10_r022,0.92,0.92,0.08666666666666667
1b,D4-hetero,0.25,11,D4-hetero_e25_r011,0.9004524886877828,0.9004524886877828,0.26666666666666666
1b,D7-p3,0.35,10,D7-p3_e35_r010,0.9230769230769231,0.9230769230769231,0.35
1g,G5-small15-par,0.1,21,G5-small15-par_e10_r021,1.0,1.0,0.1
1e,G2-small15,0.0,22,G2-small15_e00_r022,0.5266666666666666,0.8933333333333333,0.04666666666666667
1e,G3-cluster,0.2,22,G3-cluster_e20_r022,0.91015625,0.91015625,0.14666666666666667
1,D8-K2par-sep,0.0,6,D8-K2par-sep_e00_r006,0.9933333333333333,0.9933333333333333,0.02
1b,D2-K3par,0.35,11,D2-K3par_e35_r011,0.7157360406091371,0.7157360406091371,0.15
1b,D7-p3,0.3,10,D7-p3_e30_r010,0.8871794871794871,0.8871794871794871,0.35
1e,G3-cluster,0.3,22,G3-cluster_e30_r022,0.5871559633027523,0.9128440366972477,0.45
1b,D4-hetero,0.3,11,D4-hetero_e30_r011,0.8823529411764706,0.8823529411764706,0.3233333333333333
1b,D4-hetero,0.35,11,D4-hetero_e35_r011,0.9336734693877551,0.9336734693877551,0.3466666666666667
1,D8-K2par-sep,0.05,6,D8-K2par-sep_e05_r006,1.0,1.0,0.06
1g,G2f-small15,0.0,22,G2f-small15_e00_r022,0.5466666666666666,0.94,0.01
1b,D2-K3par,0.3,11,D2-K3par_e30_r011,0.37185929648241206,0.37185929648241206,0.0
1b,D5-leverage,0.25,11,D5-leverage_e25_r011,0.547945205479452,0.547945205479452,0.07333333333333333
1g,G2f-small15,0.2,21,G2f-small15_e20_r021,0.5411255411255411,0.9134199134199135,0.24333333333333335
1b,D7-p3,0.25,10,D7-p3_e25_r010,0.9304347826086956,0.9304347826086956,0.23333333333333334
1b,D5-leverage,0.35,11,D5-leverage_e35_r011,0.5270935960591133,0.5270935960591133,0.0033333333333333335
1,D8-K2par-sep,0.1,6,D8-K2par-sep_e10_r006,1.0,1.0,0.08333333333333333
1b,D5-leverage,0.3,11,D5-leverage_e30_r011,0.5776699029126213,0.5776699029126213,0.006666666666666667
1g,G4-small20-p3,0.2,19,G4-small20-p3_e20_r019,0.9191489361702128,0.9191489361702128,0.22333333333333333
1,D8-K2par-sep,0.3,6,D8-K2par-sep_e30_r006,1.0,1.0,0.28
1,D8-K2par-sep,0.2,6,D8-K2par-sep_e20_r006,1.0,1.0,0.18333333333333332
1b,D6-uniform,0.25,11,D6-uniform_e25_r011,0.8974358974358975,0.8974358974358975,0.16
1,D1-K2cross,0.0,7,D1-K2cross_e00_r007,0.9166666666666666,0.9166666666666666,0.02666666666666667
1b,D6-uniform,0.3,11,D6-uniform_e30_r011,0.9018691588785047,0.9018691588785047,0.15333333333333332
1g,G4-small20-p3,0.0,19,G4-small20-p3_e00_r019,0.88,0.88,0.056666666666666664
1g,G2f-small15,0.1,22,G2f-small15_e10_r022,0.550185873605948,0.895910780669145,0.11333333333333333
1e,G1-small20,0.0,23,G1-small20_e00_r023,0.5166666666666667,0.9333333333333333,0.013333333333333334
1g,G2f-small15,0.2,22,G2f-small15_e20_r022,0.5606694560669456,0.9037656903765691,0.20666666666666667
1g,G1f-small20,0.0,23,G1f-small20_e00_r023,0.5266666666666666,0.9133333333333333,0.03666666666666667
1e,G2-small15,0.1,22,G2-small15_e10_r022,0.5215827338129496,0.920863309352518,0.07666666666666666
1g,G1f-small20,0.1,23,G1f-small20_e10_r023,0.918918918918919,0.918918918918919,0.13666666666666666
1e,G1-small20,0.1,23,G1-small20_e10_r023,0.9296296296296296,0.9296296296296296,0.12
1e,G1-small20,0.2,23,G1-small20_e20_r023,0.9262295081967213,0.9262295081967213,0.18666666666666668
1b,D6-uniform,0.35,11,D6-uniform_e35_r011,0.518324607329843,0.518324607329843,0.0
1g,G1f-small20,0.2,23,G1f-small20_e20_r023,0.9551020408163265,0.9551020408163265,0.18666666666666668
1,D1-K2cross,0.05,7,D1-K2cross_e05_r007,0.9263157894736842,0.9263157894736842,0.056666666666666664
1e,G1-small20,0.3,23,G1-small20_e30_r023,0.9198113207547169,0.9198113207547169,0.29333333333333333
1,D1-K2cross,0.1,7,D1-K2cross_e10_r007,0.9428571428571428,0.9428571428571428,0.06666666666666667
1,D1-K2cross,0.2,7,D1-K2cross_e20_r007,0.8898678414096917,0.8898678414096917,0.24333333333333335
1,D1-K2cross,0.3,7,D1-K2cross_e30_r007,0.9211822660098522,0.9211822660098522,0.3233333333333333
1e,G3-cluster,0.0,23,G3-cluster_e00_r023,0.92,0.92,0.02
1e,G3-cluster,0.1,23,G3-cluster_e10_r023,0.9117647058823529,0.9117647058823529,0.11333333333333333
1e,G2-small15,0.2,22,G2-small15_e20_r022,0.5844155844155844,0.5844155844155844,0.31666666666666665
1b,D8-K2par-sep,0.25,11,D8-K2par-sep_e25_r011,0.9955156950672646,0.9955156950672646,0.25666666666666665
1,D7-p3,0.0,6,D7-p3_e00_r006,0.87,0.87,0.03666666666666667
1e,G2-small15,0.3,22,G2-small15_e30_r022,0.541871921182266,0.541871921182266,0.36666666666666664
1b,D8-K2par-sep,0.3,11,D8-K2par-sep_e30_r011,1.0,1.0,0.31
1b,D8-K2par-sep,0.35,11,D8-K2par-sep_e35_r011,1.0,1.0,0.37
1e,G3-cluster,0.2,23,G3-cluster_e20_r023,0.899581589958159,0.899581589958159,0.30666666666666664
1g,G4-small20-p3,0.2,18,G4-small20-p3_e20_r018,0.5,0.8811475409836066,0.19333333333333333
1g,G4-small20-p3,0.1,19,G4-small20-p3_e10_r019,0.5579710144927537,0.8985507246376812,0.1
1,D7-p3,0.05,6,D7-p3_e05_r006,0.9017543859649123,0.9017543859649123,0.06666666666666667
1g,G5-small15-par,0.1,22,G5-small15-par_e10_r022,1.0,1.0,0.14
1b,D1-K2cross,0.25,12,D1-K2cross_e25_r012,0.9095022624434389,0.9095022624434389,0.26666666666666666
1g,G5-small15-par,0.0,22,G5-small15-par_e00_r022,0.5933333333333334,1.0,0.0033333333333333335
1e,G3-cluster,0.3,23,G3-cluster_e30_r023,0.5196078431372549,0.5196078431372549,0.013333333333333334
1g,G5-small15-par,0.2,22,G5-small15-par_e20_r022,0.5172413793103449,0.5172413793103449,0.33666666666666667
1,D2-K3par,0.0,7,D2-K3par_e00_r007,0.9133333333333333,0.9133333333333333,0.0
1b,D1-K2cross,0.3,12,D1-K2cross_e30_r012,0.9086538461538461,0.9086538461538461,0.30666666666666664
1,D3-unequal,0.0,7,D3-unequal_e00_r007,0.8833333333333333,0.8833333333333333,0.013333333333333334
1,D2-K3par,0.05,7,D2-K3par_e05_r007,0.916083916083916,0.916083916083916,0.05
1b,D1-K2cross,0.35,12,D1-K2cross_e35_r012,0.923469387755102,0.923469387755102,0.3466666666666667
1g,G2f-small15,0.0,23,G2f-small15_e00_r023,0.5066666666666667,0.92,0.013333333333333334
1g,G1f-small20,0.0,24,G1f-small20_e00_r024,0.9133333333333333,0.9133333333333333,0.02666666666666667
1,D3-unequal,0.05,7,D3-unequal_e05_r007,0.9090909090909091,0.9090909090909091,0.05333333333333334
1g,G4-small20-p3,0.2,20,G4-small20-p3_e20_r020,0.9137931034482759,0.9137931034482759,0.23666666666666666
1e,G1-small20,0.0,24,G1-small20_e00_r024,0.63,0.8866666666666667,0.03666666666666667
1,D7-p3,0.1,6,D7-p3_e10_r006,0.9301470588235294,0.9301470588235294,0.09666666666666666
1g,G5-small15-par,0.0,23,G5-small15-par_e00_r023,0.9966666666666667,0.9966666666666667,0.02666666666666667
1,D2-K3par,0.1,7,D2-K3par_e10_r007,0.9015151515151515,0.9015151515151515,0.12
1g,G1f-small20,0.1,24,G1f-small20_e10_r024,0.8978102189781022,0.8978102189781022,0.09333333333333334
1,D7-p3,0.3,6,D7-p3_e30_r006,0.9068627450980392,0.9068627450980392,0.32
1e,G1-small20,0.1,24,G1-small20_e10_r024,0.8603773584905661,0.8603773584905661,0.12666666666666668
1,D3-unequal,0.1,7,D3-unequal_e10_r007,0.9527272727272728,0.9527272727272728,0.09333333333333334
1g,G1f-small20,0.2,24,G1f-small20_e20_r024,0.5341365461847389,0.9156626506024096,0.17666666666666667
1,D2-K3par,0.2,7,D2-K3par_e20_r007,0.9109311740890689,0.9109311740890689,0.18666666666666668
1g,G2f-small15,0.1,23,G2f-small15_e10_r023,0.9242424242424242,0.9242424242424242,0.14
1e,G1-small20,0.2,24,G1-small20_e20_r024,0.5282258064516129,0.8870967741935484,0.17333333333333334
1e,G1-small20,0.3,24,G1-small20_e30_r024,0.8918918918918919,0.8918918918918919,0.26
1,D3-unequal,0.2,7,D3-unequal_e20_r007,0.9132231404958677,0.9132231404958677,0.2
1,D2-K3par,0.3,7,D2-K3par_e30_r007,0.933649289099526,0.933649289099526,0.2966666666666667
1g,G2f-small15,0.2,23,G2f-small15_e20_r023,0.5,0.8940677966101694,0.21666666666666667
1,D4-hetero,0.0,7,D4-hetero_e00_r007,0.8866666666666667,0.8866666666666667,0.03333333333333333
1,D3-unequal,0.3,7,D3-unequal_e30_r007,0.9032258064516129,0.9032258064516129,0.2833333333333333
1e,G2-small15,0.3,23,G2-small15_e30_r023,0.5821596244131455,0.5821596244131455,0.3433333333333333
1,D4-hetero,0.05,7,D4-hetero_e05_r007,0.9361702127659575,0.9361702127659575,0.06666666666666667
1e,G2-small15,0.0,23,G2-small15_e00_r023,0.5066666666666667,0.93,0.02
1b,D3-unequal,0.3,12,D3-unequal_e30_r012,0.8940092165898618,0.8940092165898618,0.27666666666666667
1b,D3-unequal,0.25,12,D3-unequal_e25_r012,0.8722466960352423,0.8722466960352423,0.24333333333333335
1e,G3-cluster,0.0,24,G3-cluster_e00_r024,0.8966666666666666,0.8966666666666666,0.02666666666666667
1e,G2-small15,0.2,23,G2-small15_e20_r023,0.6153846153846154,0.918552036199095,0.2633333333333333
1,D7-p3,0.2,6,D7-p3_e20_r006,0.88,0.88,0.17666666666666667
1b,D3-unequal,0.35,12,D3-unequal_e35_r012,0.5978835978835979,0.5978835978835979,0.3933333333333333
1,D4-hetero,0.1,7,D4-hetero_e10_r007,0.9296296296296296,0.9296296296296296,0.12
1b,D4-hetero,0.25,12,D4-hetero_e25_r012,0.9342723004694836,0.9342723004694836,0.3
1e,G3-cluster,0.2,24,G3-cluster_e20_r024,0.8796680497925311,0.8796680497925311,0.19666666666666666
1g,G4-small20-p3,0.1,20,G4-small20-p3_e10_r020,0.9191176470588235,0.9191176470588235,0.10666666666666667
1,D4-hetero,0.2,7,D4-hetero_e20_r007,0.8770491803278688,0.8770491803278688,0.21
1e,G3-cluster,0.1,24,G3-cluster_e10_r024,0.9230769230769231,0.9230769230769231,0.09666666666666666
1,D4-hetero,0.3,7,D4-hetero_e30_r007,0.9,0.9,0.2733333333333333
1b,D4-hetero,0.35,12,D4-hetero_e35_r012,0.907608695652174,0.907608695652174,0.38
1b,D4-hetero,0.3,12,D4-hetero_e30_r012,0.9264705882352942,0.9264705882352942,0.32666666666666666
1e,G2-small15,0.1,23,G2-small15_e10_r023,0.5897435897435898,0.9047619047619048,0.10666666666666667
1,D5-leverage,0.0,7,D5-leverage_e00_r007,0.8866666666666667,0.8866666666666667,0.02666666666666667
1b,D7-p3,0.35,11,D7-p3_e35_r011,0.9153439153439153,0.9153439153439153,0.37
1b,D2-K3par,0.25,12,D2-K3par_e25_r012,0.9342723004694836,0.9342723004694836,0.29
1b,D5-leverage,0.25,12,D5-leverage_e25_r012,0.5267857142857143,0.5267857142857143,0.07333333333333333
1g,G5-small15-par,0.2,23,G5-small15-par_e20_r023,1.0,1.0,0.21333333333333335
1e,G3-cluster,0.3,24,G3-cluster_e30_r024,0.5048076923076923,0.5048076923076923,0.11666666666666667
1,D5-leverage,0.05,7,D5-leverage_e05_r007,0.906896551724138,0.906896551724138,0.056666666666666664
1b,D5-leverage,0.3,12,D5-leverage_e30_r012,0.5024154589371981,0.5024154589371981,0.0033333333333333335
1,D5-leverage,0.1,7,D5-leverage_e10_r007,0.9080882352941176,0.9080882352941176,0.09666666666666666
1g,G4-small20-p3,0.0,20,G4-small20-p3_e00_r020,0.57,0.9166666666666666,0.03666666666666667
1b,D5-leverage,0.35,12,D5-leverage_e35_r012,0.5181347150259067,0.5181347150259067,0.006666666666666667
1,D5-leverage,0.2,7,D5-leverage_e20_r007,0.9308943089430894,0.9308943089430894,0.18
1b,D6-uniform,0.25,12,D6-uniform_e25_r012,0.8761061946902655,0.8761061946902655,0.17333333333333334
1g,G5-small15-par,0.1,23,G5-small15-par_e10_r023,0.5238095238095238,0.9963369963369964,0.09666666666666666
1b,D6-uniform,0.3,12,D6-uniform_e30_r012,0.527363184079602,0.527363184079602,0.0
1b,D2-K3par,0.3,12,D2-K3par_e30_r012,0.9178082191780822,0.9178082191780822,0.27
1g,G1f-small20,0.0,25,G1f-small20_e00_r025,0.9233333333333333,0.9233333333333333,0.016666666666666666
1e,G1-small20,0.0,25,G1-small20_e00_r025,0.5066666666666667,0.9166666666666666,0.0033333333333333335
1,D5-leverage,0.3,7,D5-leverage_e30_r007,0.5609756097560976,0.5609756097560976,0.08
1g,G2f-small15,0.0,24,G2f-small15_e00_r024,0.9066666666666666,0.9066666666666666,0.02
1g,G1f-small20,0.1,25,G1f-small20_e10_r025,0.9236641221374046,0.9236641221374046,0.13
1,D6-uniform,0.0,7,D6-uniform_e00_r007,0.8933333333333333,0.8933333333333333,0.0
1g,G4-small20-p3,0.0,21,G4-small20-p3_e00_r021,0.9066666666666666,0.9066666666666666,0.03
1b,D6-uniform,0.35,12,D6-uniform_e35_r012,0.5956284153005464,0.5956284153005464,0.0
1b,D2-K3par,0.35,12,D2-K3par_e35_r012,0.4074074074074074,0.4074074074074074,0.0033333333333333335
1e,G1-small20,0.1,25,G1-small20_e10_r025,0.8985507246376812,0.8985507246376812,0.08333333333333333
1e,G1-small20,0.2,25,G1-small20_e20_r025,0.9194915254237288,0.9194915254237288,0.21666666666666667
1,D6-uniform,0.05,7,D6-uniform_e05_r007,0.9071428571428571,0.9071428571428571,0.08333333333333333
1e,G1-small20,0.3,25,G1-small20_e30_r025,0.8873239436619719,0.8873239436619719,0.29
1,D6-uniform,0.1,7,D6-uniform_e10_r007,0.9444444444444444,0.9444444444444444,0.10666666666666667
1g,G1f-small20,0.2,25,G1f-small20_e20_r025,0.9049586776859504,0.9049586776859504,0.19333333333333333
1,D6-uniform,0.2,7,D6-uniform_e20_r007,0.9163179916317992,0.9163179916317992,0.2
1e,G2-small15,0.0,24,G2-small15_e00_r024,0.5566666666666666,0.8933333333333333,0.016666666666666666
1e,G3-cluster,0.0,25,G3-cluster_e00_r025,0.91,0.91,0.02666666666666667
1g,G4-small20-p3,0.0,22,G4-small20-p3_e00_r022,0.8966666666666666,0.8966666666666666,0.01
1b,D8-K2par-sep,0.25,12,D8-K2par-sep_e25_r012,1.0,1.0,0.25333333333333335
1b,D7-p3,0.3,11,D7-p3_e30_r011,0.9146919431279621,0.9146919431279621,0.2966666666666667
1,D6-uniform,0.3,7,D6-uniform_e30_r007,0.5297029702970297,0.5297029702970297,0.0
1e,G2-small15,0.3,24,G2-small15_e30_r024,0.5162790697674419,0.5162790697674419,0.32666666666666666
1e,G3-cluster,0.1,25,G3-cluster_e10_r025,0.9301470588235294,0.9301470588235294,0.1
1b,D7-p3,0.25,11,D7-p3_e25_r011,0.9386792452830188,0.9386792452830188,0.29333333333333333
1b,D8-K2par-sep,0.3,12,D8-K2par-sep_e30_r012,1.0,1.0,0.30333333333333334
1e,G3-cluster,0.2,25,G3-cluster_e20_r025,0.925,0.925,0.3466666666666667
1e,G3-cluster,0.3,25,G3-cluster_e30_r025,0.5381165919282511,0.5381165919282511,0.0033333333333333335
1e,G2-small15,0.2,24,G2-small15_e20_r024,0.9004149377593361,0.9004149377593361,0.2
1b,D8-K2par-sep,0.35,12,D8-K2par-sep_e35_r012,1.0,1.0,0.3466666666666667
1b,D1-K2cross,0.25,13,D1-K2cross_e25_r013,0.9030837004405287,0.9030837004405287,0.24666666666666667
1e,G2-small15,0.1,24,G2-small15_e10_r024,0.6174242424242424,0.9053030303030303,0.13
1g,G4-small20-p3,0.1,21,G4-small20-p3_e10_r021,0.8768115942028986,0.8768115942028986,0.08666666666666667
1b,D1-K2cross,0.3,13,D1-K2cross_e30_r013,0.9425837320574163,0.9425837320574163,0.30666666666666664
1g,G5-small15-par,0.0,24,G5-small15-par_e00_r024,0.9966666666666667,0.9966666666666667,0.013333333333333334
1e,G1-small20,0.0,26,G1-small20_e00_r026,0.8933333333333333,0.8933333333333333,0.006666666666666667
1g,G1f-small20,0.0,26,G1f-small20_e00_r026,0.9366666666666666,0.9366666666666666,0.013333333333333334
1g,G2f-small15,0.0,25,G2f-small15_e00_r025,0.8866666666666667,0.8866666666666667,0.01
1b,D1-K2cross,0.35,13,D1-K2cross_e35_r013,0.9239130434782609,0.9239130434782609,0.38666666666666666
1g,G2f-small15,0.1,24,G2f-small15_e10_r024,0.5150375939849624,0.8909774436090225,0.13666666666666666
1g,G2f-small15,0.2,24,G2f-small15_e20_r024,0.5191489361702127,0.9148936170212766,0.21666666666666667
1e,G2-small15,0.0,25,G2-small15_e00_r025,0.5566666666666666,0.9066666666666666,0.013333333333333334
1,D8-K2par-sep,0.0,7,D8-K2par-sep_e00_r007,0.9966666666666667,0.9966666666666667,0.013333333333333334
1g,G1f-small20,0.1,26,G1f-small20_e10_r026,0.8969465648854962,0.8969465648854962,0.13
1,D8-K2par-sep,0.05,7,D8-K2par-sep_e05_r007,0.9965277777777778,0.9965277777777778,0.05333333333333334
1g,G5-small15-par,0.2,24,G5-small15-par_e20_r024,0.625,0.625,0.31666666666666665
1g,G5-small15-par,0.1,24,G5-small15-par_e10_r024,0.5652173913043478,0.9963768115942029,0.08
1e,G1-small20,0.1,26,G1-small20_e10_r026,0.9212598425196851,0.9212598425196851,0.15333333333333332
1e,G1-small20,0.2,26,G1-small20_e20_r026,0.8962655601659751,0.8962655601659751,0.2
1,D8-K2par-sep,0.1,7,D8-K2par-sep_e10_r007,0.9963898916967509,0.9963898916967509,0.09333333333333334
1g,G4-small20-p3,0.2,21,G4-small20-p3_e20_r021,0.5875,0.8833333333333333,0.2
1e,G2-small15,0.2,25,G2-small15_e20_r025,0.5169491525423728,0.9194915254237288,0.21333333333333335
1g,G1f-small20,0.2,26,G1f-small20_e20_r026,0.908,0.908,0.16666666666666666
1g,G5-small15-par,0.0,25,G5-small15-par_e00_r025,0.5633333333333334,1.0,0.02
1,D8-K2par-sep,0.2,7,D8-K2par-sep_e20_r007,1.0,1.0,0.18333333333333332
1e,G1-small20,0.3,26,G1-small20_e30_r026,0.5942028985507246,0.5942028985507246,0.36333333333333334
1g,G4-small20-p3,0.1,22,G4-small20-p3_e10_r022,0.8777777777777778,0.8777777777777778,0.12333333333333334
1g,G2f-small15,0.1,25,G2f-small15_e10_r025,0.5757575757575758,0.9242424242424242,0.12666666666666668
1b,D3-unequal,0.25,13,D3-unequal_e25_r013,0.9388646288209607,0.9388646288209607,0.23666666666666666
1e,G2-small15,0.3,25,G2-small15_e30_r025,0.6220095693779905,0.6220095693779905,0.37
1,D8-K2par-sep,0.3,7,D8-K2par-sep_e30_r007,1.0,1.0,0.29333333333333333
1,D1-K2cross,0.0,8,D1-K2cross_e00_r008,0.8866666666666667,0.8866666666666667,0.016666666666666666
1e,G3-cluster,0.0,26,G3-cluster_e00_r026,0.9,0.9,0.01
1b,D2-K3par,0.3,13,D2-K3par_e30_r013,0.9398148148148148,0.9398148148148148,0.28
1b,D3-unequal,0.35,13,D3-unequal_e35_r013,0.9362745098039216,0.9362745098039216,0.32
1b,D2-K3par,0.25,13,D2-K3par_e25_r013,0.9155555555555556,0.9155555555555556,0.25
1b,D3-unequal,0.3,13,D3-unequal_e30_r013,0.8905472636815921,0.8905472636815921,0.33
1b,D7-p3,0.25,12,D7-p3_e25_r012,0.9049773755656109,0.9049773755656109,0.2633333333333333
1b,D7-p3,0.35,12,D7-p3_e35_r012,0.8711340206185567,0.8711340206185567,0.35333333333333333
1e,G3-cluster,0.1,26,G3-cluster_e10_r026,0.9087591240875912,0.9087591240875912,0.08666666666666667
1,D1-K2cross,0.05,8,D1-K2cross_e05_r008,0.9049295774647887,0.9049295774647887,0.08666666666666667
1g,G2f-small15,0.2,25,G2f-small15_e20_r025,0.5299145299145299,0.5299145299145299,0.26
1b,D4-hetero,0.25,13,D4-hetero_e25_r013,0.8959276018099548,0.8959276018099548,0.2633333333333333
1b,D4-hetero,0.3,13,D4-hetero_e30_r013,0.9038461538461539,0.9038461538461539,0.31333333333333335
1b,D7-p3,0.3,12,D7-p3_e30_r012,0.8990384615384616,0.8990384615384616,0.30666666666666664
1e,G3-cluster,0.2,26,G3-cluster_e20_r026,0.548936170212766,0.548936170212766,0.016666666666666666
1,D1-K2cross,0.1,8,D1-K2cross_e10_r008,0.9157509157509157,0.9157509157509157,0.09666666666666666
1,D1-K2cross,0.2,8,D1-K2cross_e20_r008,0.9367088607594937,0.9367088607594937,0.21666666666666667
1g,G4-small20-p3,0.1,23,G4-small20-p3_e10_r023,0.8984962406015038,0.8984962406015038,0.12
1e,G2-small15,0.1,25,G2-small15_e10_r025,0.5543071161048689,0.8951310861423221,0.14
1b,D5-leverage,0.25,13,D5-leverage_e25_r013,0.5474137931034483,0.5474137931034483,0.11333333333333333
1b,D4-hetero,0.35,13,D4-hetero_e35_r013,0.865,0.865,0.3333333333333333
1g,G4-small20-p3,0.0,23,G4-small20-p3_e00_r023,0.92,0.92,0.013333333333333334
1,D7-p3,0.0,7,D7-p3_e00_r007,0.8933333333333333,0.8933333333333333,0.02
1,D1-K2cross,0.3,8,D1-K2cross_e30_r008,0.9264705882352942,0.9264705882352942,0.32
1,D7-p3,0.05,7,D7-p3_e05_r007,0.9100719424460432,0.9100719424460432,0.08
1e,G3-cluster,0.3,26,G3-cluster_e30_r026,0.5174129353233831,0.5174129353233831,0.06333333333333334
1g,G5-small15-par,0.1,25,G5-small15-par_e10_r025,1.0,1.0,0.12333333333333334
1b,D5-leverage,0.3,13,D5-leverage_e30_r013,0.5023041474654378,0.5023041474654378,0.16333333333333333
1b,D5-leverage,0.35,13,D5-leverage_e35_r013,0.525,0.525,0.0033333333333333335
1g,G5-small15-par,0.2,25,G5-small15-par_e20_r025,0.6101694915254238,1.0,0.21
1b,D6-uniform,0.25,13,D6-uniform_e25_r013,0.8883720930232558,0.8883720930232558,0.18333333333333332
1e,G1-small20,0.0,27,G1-small20_e00_r027,0.92,0.92,0.0033333333333333335
1e,G2-small15,0.0,26,G2-small15_e00_r026,0.5266666666666666,0.9033333333333333,0.04666666666666667
1g,G1f-small20,0.1,27,G1f-small20_e10_r027,0.850909090909091,0.850909090909091,0.11333333333333333
1g,G1f-small20,0.0,27,G1f-small20_e00_r027,0.8833333333333333,0.8833333333333333,0.05333333333333334
1g,G4-small20-p3,0.2,23,G4-small20-p3_e20_r023,0.9190283400809717,0.9190283400809717,0.18
1b,D6-uniform,0.3,13,D6-uniform_e30_r013,0.5118483412322274,0.5118483412322274,0.0
1e,G1-small20,0.1,27,G1-small20_e10_r027,0.9132075471698113,0.9132075471698113,0.11666666666666667
1,D7-p3,0.3,7,D7-p3_e30_r007,0.8888888888888888,0.8888888888888888,0.30333333333333334
1b,D2-K3par,0.35,13,D2-K3par_e35_r013,0.37566137566137564,0.37566137566137564,0.0
1g,G1f-small20,0.2,27,G1f-small20_e20_r027,0.9029535864978903,0.9029535864978903,0.21666666666666667
1b,D6-uniform,0.35,13,D6-uniform_e35_r013,0.5396825396825397,0.5396825396825397,0.0
1e,G1-small20,0.3,27,G1-small20_e30_r027,0.8019323671497585,0.8019323671497585,0.20333333333333334
1e,G1-small20,0.2,27,G1-small20_e20_r027,0.6104417670682731,0.9196787148594378,0.17333333333333334
1g,G4-small20-p3,0.0,24,G4-small20-p3_e00_r024,0.91,0.91,0.023333333333333334
1,D3-unequal,0.0,8,D3-unequal_e00_r008,0.9066666666666666,0.9066666666666666,0.013333333333333334
1e,G2-small15,0.3,26,G2-small15_e30_r026,0.8373205741626795,0.8373205741626795,0.18
1g,G2f-small15,0.0,26,G2f-small15_e00_r026,0.61,0.91,0.02666666666666667
1g,G4-small20-p3,0.2,22,G4-small20-p3_e20_r022,0.5368852459016393,0.8729508196721312,0.19666666666666666
1g,G2f-small15,0.2,26,G2f-small15_e20_r026,0.5269709543568465,0.9253112033195021,0.20333333333333334
1,D2-K3par,0.05,8,D2-K3par_e05_r008,0.8701754385964913,0.8701754385964913,0.056666666666666664
1e,G3-cluster,0.0,27,G3-cluster_e00_r027,0.9033333333333333,0.9033333333333333,0.03
1,D3-unequal,0.1,8,D3-unequal_e10_r008,0.9250936329588015,0.9250936329588015,0.11333333333333333
1,D3-unequal,0.05,8,D3-unequal_e05_r008,0.9263157894736842,0.9263157894736842,0.07
1,D2-K3par,0.1,8,D2-K3par_e10_r008,0.9,0.9,0.07666666666666666
1,D3-unequal,0.2,8,D3-unequal_e20_r008,0.9414225941422594,0.9414225941422594,0.21666666666666667
1e,G3-cluster,0.1,27,G3-cluster_e10_r027,0.9328358208955224,0.9328358208955224,0.11
1,D2-K3par,0.0,8,D2-K3par_e00_r008,0.9066666666666666,0.9066666666666666,0.013333333333333334
1b,D8-K2par-sep,0.25,13,D8-K2par-sep_e25_r013,0.9956896551724138,0.9956896551724138,0.22666666666666666
1,D2-K3par,0.2,8,D2-K3par_e20_r008,0.9390243902439024,0.9390243902439024,0.18
1,D3-unequal,0.3,8,D3-unequal_e30_r008,0.8968609865470852,0.8968609865470852,0.25666666666666665
1b,D8-K2par-sep,0.3,13,D8-K2par-sep_e30_r013,1.0,1.0,0.29333333333333333
1,D4-hetero,0.0,8,D4-hetero_e00_r008,0.91,0.91,0.023333333333333334
1e,G3-cluster,0.2,27,G3-cluster_e20_r027,0.864,0.864,0.20666666666666667
1g,G5-small15-par,0.0,26,G5-small15-par_e00_r026,0.6166666666666667,0.9966666666666667,0.006666666666666667
1b,D8-K2par-sep,0.35,13,D8-K2par-sep_e35_r013,1.0,1.0,0.3433333333333333
1b,D1-K2cross,0.25,14,D1-K2cross_e25_r014,0.9318181818181818,0.9318181818181818,0.26666666666666666
1,D4-hetero,0.05,8,D4-hetero_e05_r008,0.926829268292683,0.926829268292683,0.07666666666666666
1e,G2-small15,0.1,26,G2-small15_e10_r026,0.9318181818181818,0.9318181818181818,0.12
1,D7-p3,0.2,7,D7-p3_e20_r007,0.9166666666666666,0.9166666666666666,0.24333333333333335
1e,G3-cluster,0.3,27,G3-cluster_e30_r027,0.5026178010471204,0.5026178010471204,0.06333333333333334
1g,G2f-small15,0.1,26,G2f-small15_e10_r026,0.9060150375939849,0.9060150375939849,0.11333333333333333
1e,G2-small15,0.2,26,G2-small15_e20_r026,0.5236220472440944,0.9409448818897638,0.15666666666666668
1,D4-hetero,0.1,8,D4-hetero_e10_r008,0.9007352941176471,0.9007352941176471,0.11
1,D7-p3,0.1,7,D7-p3_e10_r007,0.9138576779026217,0.9138576779026217,0.11
1b,D1-K2cross,0.3,14,D1-K2cross_e30_r014,0.8904761904761904,0.8904761904761904,0.3
1,D4-hetero,0.2,8,D4-hetero_e20_r008,0.8713692946058091,0.8713692946058091,0.21
1g,G4-small20-p3,0.1,24,G4-small20-p3_e10_r024,0.9015151515151515,0.9015151515151515,0.13
1b,D1-K2cross,0.35,14,D1-K2cross_e35_r014,0.9264705882352942,0.9264705882352942,0.32
1e,G2-small15,0.3,27,G2-small15_e30_r027,0.812807881773399,0.812807881773399,0.21
1,D4-hetero,0.3,8,D4-hetero_e30_r008,0.9261083743842364,0.9261083743842364,0.3233333333333333
1g,G1f-small20,0.0,28,G1f-small20_e00_r028,0.5433333333333333,0.8966666666666666,0.016666666666666666
1e,G1-small20,0.0,28,G1-small20_e00_r028,0.9133333333333333,0.9133333333333333,0.016666666666666666
1,D5-leverage,0.0,8,D5-leverage_e00_r008,0.87,0.87,0.03666666666666667
1,D5-leverage,0.05,8,D5-leverage_e05_r008,0.8819444444444444,0.8819444444444444,0.043333333333333335
1e,G1-small20,0.1,28,G1-small20_e10_r028,0.9233576642335767,0.9233576642335767,0.09333333333333334
1g,G5-small15-par,0.1,26,G5-small15-par_e10_r026,0.5799256505576208,1.0,0.10666666666666667
1g,G1f-small20,0.1,28,G1f-small20_e10_r028,0.9323308270676691,0.9323308270676691,0.11666666666666667
1,D5-leverage,0.1,8,D5-leverage_e10_r008,0.8917910447761194,0.8917910447761194,0.11
1,D2-K3par,0.3,8,D2-K3par_e30_r008,0.680952380952381,0.680952380952381,0.12
1g,G2f-small15,0.0,27,G2f-small15_e00_r027,0.5033333333333333,0.8733333333333333,0.06
1e,G1-small20,0.2,28,G1-small20_e20_r028,0.9218106995884774,0.9218106995884774,0.19333333333333333
1e,G2-small15,0.0,27,G2-small15_e00_r027,0.5866666666666667,0.9166666666666666,0.03
1e,G1-small20,0.3,28,G1-small20_e30_r028,0.5333333333333333,0.5333333333333333,0.38666666666666666
1,D5-leverage,0.2,8,D5-leverage_e20_r008,0.8836206896551724,0.8836206896551724,0.22666666666666666
1b,D3-unequal,0.25,14,D3-unequal_e25_r014,0.9126637554585153,0.9126637554585153,0.23666666666666666
1g,G5-small15-par,0.2,26,G5-small15-par_e20_r026,0.5020746887966805,0.983402489626556,0.19666666666666666
1b,D3-unequal,0.3,14,D3-unequal_e30_r014,0.8928571428571429,0.8928571428571429,0.3466666666666667
1,D5-leverage,0.3,8,D5-leverage_e30_r008,0.5555555555555556,0.5555555555555556,0.12333333333333334
1g,G2f-small15,0.1,27,G2f-small15_e10_r027,0.5113636363636364,0.5113636363636364,0.22
1g,G1f-small20,0.2,28,G1f-small20_e20_r028,0.5021097046413502,0.9578059071729957,0.22
1e,G3-cluster,0.0,28,G3-cluster_e00_r028,0.9266666666666666,0.9266666666666666,0.006666666666666667
1b,D3-unequal,0.35,14,D3-unequal_e35_r014,0.7307692307692307,0.7307692307692307,0.18
1,D6-uniform,0.0,8,D6-uniform_e00_r008,0.9033333333333333,0.9033333333333333,0.02666666666666667
1e,G3-cluster,0.1,28,G3-cluster_e10_r028,0.9057971014492754,0.9057971014492754,0.11
1,D6-uniform,0.05,8,D6-uniform_e05_r008,0.9295774647887324,0.9295774647887324,0.07333333333333333
1e,G3-cluster,0.2,28,G3-cluster_e20_r028,0.8902439024390244,0.8902439024390244,0.2833333333333333
1b,D4-hetero,0.3,14,D4-hetero_e30_r014,0.9383886255924171,0.9383886255924171,0.30333333333333334
1b,D4-hetero,0.25,14,D4-hetero_e25_r014,0.9047619047619048,0.9047619047619048,0.24
1,D6-uniform,0.1,8,D6-uniform_e10_r008,0.8970588235294118,0.8970588235294118,0.10333333333333333
1e,G2-small15,0.1,27,G2-small15_e10_r027,0.5257352941176471,0.9154411764705882,0.11
1b,D4-hetero,0.35,14,D4-hetero_e35_r014,0.9139784946236559,0.9139784946236559,0.38
1b,D2-K3par,0.25,14,D2-K3par_e25_r014,0.9037656903765691,0.9037656903765691,0.20333333333333334
1e,G3-cluster,0.3,28,G3-cluster_e30_r028,0.5,0.5,0.056666666666666664
1,D6-uniform,0.2,8,D6-uniform_e20_r008,0.9230769230769231,0.9230769230769231,0.18333333333333332
1b,D5-leverage,0.25,14,D5-leverage_e25_r014,0.8913043478260869,0.8913043478260869,0.23333333333333334
1b,D5-leverage,0.3,14,D5-leverage_e30_r014,0.5622119815668203,0.5622119815668203,0.06666666666666667
1,D6-uniform,0.3,8,D6-uniform_e30_r008,0.9423076923076923,0.9423076923076923,0.19
1g,G5-small15-par,0.2,27,G5-small15-par_e20_r027,1.0,1.0,0.2
1g,G4-small20-p3,0.2,24,G4-small20-p3_e20_r024,0.5040983606557377,0.9426229508196722,0.2
1e,G2-small15,0.2,27,G2-small15_e20_r027,0.5584415584415584,0.8831168831168831,0.23
1g,G5-small15-par,0.0,27,G5-small15-par_e00_r027,0.6133333333333333,1.0,0.03
1g,G5-small15-par,0.1,27,G5-small15-par_e10_r027,0.579136690647482,1.0,0.08
1b,D5-leverage,0.35,14,D5-leverage_e35_r014,0.51010101010101,0.51010101010101,0.0033333333333333335
1e,G1-small20,0.0,29,G1-small20_e00_r029,0.87,0.87,0.05
1g,G2f-small15,0.2,27,G2f-small15_e20_r027,0.5454545454545454,0.8925619834710744,0.20333333333333334
1b,D7-p3,0.3,13,D7-p3_e30_r013,0.912621359223301,0.912621359223301,0.31333333333333335
1b,D6-uniform,0.25,14,D6-uniform_e25_r014,0.5321100917431193,0.5321100917431193,0.0
1b,D2-K3par,0.35,14,D2-K3par_e35_r014,0.3854166666666667,0.3854166666666667,0.0033333333333333335
1g,G1f-small20,0.0,29,G1f-small20_e00_r029,0.5533333333333333,0.92,0.006666666666666667
1b,D2-K3par,0.3,14,D2-K3par_e30_r014,0.9292452830188679,0.9292452830188679,0.3
1g,G1f-small20,0.1,29,G1f-small20_e10_r029,0.9039145907473309,0.9039145907473309,0.08333333333333333
1e,G1-small20,0.1,29,G1-small20_e10_r029,0.8847583643122676,0.8847583643122676,0.11333333333333333
1b,D6-uniform,0.3,14,D6-uniform_e30_r014,0.8792270531400966,0.8792270531400966,0.25666666666666665
1g,G2f-small15,0.0,28,G2f-small15_e00_r028,0.93,0.93,0.016666666666666666
1b,D7-p3,0.35,13,D7-p3_e35_r013,0.8894472361809045,0.8894472361809045,0.34
1b,D6-uniform,0.35,14,D6-uniform_e35_r014,0.9090909090909091,0.9090909090909091,0.16333333333333333
1e,G1-small20,0.2,29,G1-small20_e20_r029,0.8991596638655462,0.8991596638655462,0.20666666666666667
1g,G1f-small20,0.2,29,G1f-small20_e20_r029,0.8825910931174089,0.8825910931174089,0.18333333333333332
1b,D7-p3,0.25,13,D7-p3_e25_r013,0.8818181818181818,0.8818181818181818,0.26666666666666666
1e,G1-small20,0.3,29,G1-small20_e30_r029,0.5363636363636364,0.5363636363636364,0.27666666666666667
1,D8-K2par-sep,0.0,8,D8-K2par-sep_e00_r008,1.0,1.0,0.0033333333333333335
1,D8-K2par-sep,0.05,8,D8-K2par-sep_e05_r008,1.0,1.0,0.07333333333333333
1e,G2-small15,0.2,28,G2-small15_e20_r028,0.5,0.9102564102564102,0.22
1e,G3-cluster,0.0,29,G3-cluster_e00_r029,0.92,0.92,0.013333333333333334
1e,G2-small15,0.0,28,G2-small15_e00_r028,0.5533333333333333,0.92,0.03666666666666667
1e,G2-small15,0.3,28,G2-small15_e30_r028,0.5258215962441315,0.5258215962441315,0.3566666666666667
1e,G2-small15,0.1,28,G2-small15_e10_r028,0.5772058823529411,0.9117647058823529,0.10333333333333333
1g,G4-small20-p3,0.0,25,G4-small20-p3_e00_r025,0.54,0.92,0.03666666666666667
1b,D8-K2par-sep,0.25,14,D8-K2par-sep_e25_r014,0.9955357142857143,0.9955357142857143,0.25333333333333335
1,D8-K2par-sep,0.1,8,D8-K2par-sep_e10_r008,1.0,1.0,0.09666666666666666
1g,G2f-small15,0.2,28,G2f-small15_e20_r028,0.5742971887550201,0.9036144578313253,0.17
1g,G4-small20-p3,0.2,25,G4-small20-p3_e20_r025,0.9053497942386831,0.9053497942386831,0.19
1e,G3-cluster,0.1,29,G3-cluster_e10_r029,0.9135338345864662,0.9135338345864662,0.12333333333333334
1g,G5-small15-par,0.1,28,G5-small15-par_e10_r028,1.0,1.0,0.11
1b,D8-K2par-sep,0.3,14,D8-K2par-sep_e30_r014,1.0,1.0,0.27
1e,G3-cluster,0.2,29,G3-cluster_e20_r029,0.9024390243902439,0.9024390243902439,0.20333333333333334
1,D8-K2par-sep,0.2,8,D8-K2par-sep_e20_r008,1.0,1.0,0.2
1,D8-K2par-sep,0.3,8,D8-K2par-sep_e30_r008,0.9953271028037384,0.9953271028037384,0.2866666666666667
1b,D8-K2par-sep,0.35,14,D8-K2par-sep_e35_r014,1.0,1.0,0.29333333333333333
1e,G3-cluster,0.3,29,G3-cluster_e30_r029,0.5601851851851852,0.9027777777777778,0.42
1g,G2f-small15,0.1,28,G2f-small15_e10_r028,0.5183823529411765,0.9117647058823529,0.09666666666666666
1g,G4-small20-p3,0.0,26,G4-small20-p3_e00_r026,0.9,0.9,0.02
1g,G5-small15-par,0.0,28,G5-small15-par_e00_r028,1.0,1.0,0.0033333333333333335
1,D1-K2cross,0.0,9,D1-K2cross_e00_r009,0.9233333333333333,0.9233333333333333,0.03
1b,D1-K2cross,0.25,15,D1-K2cross_e25_r015,0.8951965065502183,0.8951965065502183,0.23666666666666666
1b,D1-K2cross,0.3,15,D1-K2cross_e30_r015,0.9323671497584541,0.9323671497584541,0.31
1,D1-K2cross,0.05,9,D1-K2cross_e05_r009,0.9017543859649123,0.9017543859649123,0.06666666666666667
1g,G2f-small15,0.0,29,G2f-small15_e00_r029,0.56,0.8933333333333333,0.03666666666666667
1e,G1-small20,0.0,30,G1-small20_e00_r030,0.91,0.91,0.02666666666666667
1b,D1-K2cross,0.35,15,D1-K2cross_e35_r015,0.9187817258883249,0.9187817258883249,0.3433333333333333
1g,G1f-small20,0.0,30,G1f-small20_e00_r030,0.9133333333333333,0.9133333333333333,0.01
1g,G5-small15-par,0.2,28,G5-small15-par_e20_r028,1.0,1.0,0.22666666666666666
1,D1-K2cross,0.1,9,D1-K2cross_e10_r009,0.9195402298850575,0.9195402298850575,0.13333333333333333
1g,G4-small20-p3,0.2,26,G4-small20-p3_e20_r026,0.8838174273858921,0.8838174273858921,0.20666666666666667
1g,G1f-small20,0.1,30,G1f-small20_e10_r030,0.9068100358422939,0.9068100358422939,0.08333333333333333
1e,G2-small15,0.3,29,G2-small15_e30_r029,0.8480392156862745,0.8480392156862745,0.18666666666666668
1,D1-K2cross,0.3,9,D1-K2cross_e30_r009,0.945273631840796,0.945273631840796,0.33
1g,G2f-small15,0.1,29,G2f-small15_e10_r029,0.927536231884058,0.927536231884058,0.10333333333333333
1,D1-K2cross,0.2,9,D1-K2cross_e20_r009,0.8888888888888888,0.8888888888888888,0.19
1e,G1-small20,0.1,30,G1-small20_e10_r030,0.5261194029850746,0.9216417910447762,0.10666666666666667
1e,G2-small15,0.0,29,G2-small15_e00_r029,0.5466666666666666,0.9233333333333333,0.03
1e,G1-small20,0.2,30,G1-small20_e20_r030,0.5443037974683544,0.9156118143459916,0.21
1g,G1f-small20,0.2,30,G1f-small20_e20_r030,0.9209486166007905,0.9209486166007905,0.16333333333333333
1b,D3-unequal,0.25,15,D3-unequal_e25_r015,0.8961038961038961,0.8961038961038961,0.23
1g,G2f-small15,0.2,29,G2f-small15_e20_r029,0.5381526104417671,0.8995983935742972,0.17
1,D7-p3,0.2,8,D7-p3_e20_r008,0.9117647058823529,0.9117647058823529,0.21
1e,G2-small15,0.1,29,G2-small15_e10_r029,0.509090909090909,0.8872727272727273,0.11666666666666667
1g,G4-small20-p3,0.1,25,G4-small20-p3_e10_r025,0.6059479553903345,0.9219330855018587,0.12333333333333334
1,D7-p3,0.05,8,D7-p3_e05_r008,0.8989547038327527,0.8989547038327527,0.06
1,D7-p3,0.0,8,D7-p3_e00_r008,0.9,0.9,0.0033333333333333335
1e,G2-small15,0.2,29,G2-small15_e20_r029,0.8987341772151899,0.8987341772151899,0.21333333333333335
1b,D3-unequal,0.3,15,D3-unequal_e30_r015,0.9033816425120773,0.9033816425120773,0.31
1e,G1-small20,0.3,30,G1-small20_e30_r030,0.5240384615384616,0.5240384615384616,0.37
1b,D3-unequal,0.35,15,D3-unequal_e35_r015,0.5612244897959183,0.5612244897959183,0.3466666666666667
1e,G3-cluster,0.0,30,G3-cluster_e00_r030,0.92,0.92,0.023333333333333334
1,D7-p3,0.3,8,D7-p3_e30_r008,0.9017857142857143,0.9017857142857143,0.25333333333333335
1g,G4-small20-p3,0.0,27,G4-small20-p3_e00_r027,0.92,0.92,0.03
1e,G3-cluster,0.1,30,G3-cluster_e10_r030,0.8714285714285714,0.8714285714285714,0.07666666666666666
1,D7-p3,0.1,8,D7-p3_e10_r008,0.916058394160584,0.916058394160584,0.1
1b,D4-hetero,0.25,15,D4-hetero_e25_r015,0.915929203539823,0.915929203539823,0.25333333333333335
1,D3-unequal,0.0,9,D3-unequal_e00_r009,0.8866666666666667,0.8866666666666667,0.01
1b,D7-p3,0.3,14,D7-p3_e30_r014,0.880184331797235,0.880184331797235,0.28
1b,D4-hetero,0.3,15,D4-hetero_e30_r015,0.9061032863849765,0.9061032863849765,0.2966666666666667
1b,D2-K3par,0.25,15,D2-K3par_e25_r015,0.9023255813953488,0.9023255813953488,0.2833333333333333
1e,G3-cluster,0.2,30,G3-cluster_e20_r030,0.9288702928870293,0.9288702928870293,0.2866666666666667
1,D2-K3par,0.05,9,D2-K3par_e05_r009,0.903448275862069,0.903448275862069,0.043333333333333335
1b,D2-K3par,0.3,15,D2-K3par_e30_r015,0.8990825688073395,0.8990825688073395,0.2733333333333333
1,D2-K3par,0.0,9,D2-K3par_e00_r009,0.91,0.91,0.006666666666666667
1,D3-unequal,0.05,9,D3-unequal_e05_r009,0.9065743944636678,0.9065743944636678,0.043333333333333335
1b,D4-hetero,0.35,15,D4-hetero_e35_r015,0.9203980099502488,0.9203980099502488,0.3333333333333333
1e,G3-cluster,0.3,30,G3-cluster_e30_r030,0.5142857142857142,0.5142857142857142,0.01
1b,D5-leverage,0.25,15,D5-leverage_e25_r015,0.5092592592592593,0.5092592592592593,0.10333333333333333
1,D2-K3par,0.1,9,D2-K3par_e10_r009,0.8884758364312267,0.8884758364312267,0.10666666666666667
1,D3-unequal,0.1,9,D3-unequal_e10_r009,0.8935361216730038,0.8935361216730038,0.13
1b,D5-leverage,0.3,15,D5-leverage_e30_r015,0.5740740740740741,0.5740740740740741,0.12666666666666668
1b,D5-leverage,0.35,15,D5-leverage_e35_r015,0.5245901639344263,0.5245901639344263,0.03
1,D3-unequal,0.2,9,D3-unequal_e20_r009,0.9230769230769231,0.9230769230769231,0.22
1g,G5-small15-par,0.0,29,G5-small15-par_e00_r029,0.9966666666666667,0.9966666666666667,0.006666666666666667
1,D2-K3par,0.2,9,D2-K3par_e20_r009,0.9137931034482759,0.9137931034482759,0.22666666666666666
1,D3-unequal,0.3,9,D3-unequal_e30_r009,0.9207920792079208,0.9207920792079208,0.32666666666666666
1e,G1-small20,0.0,31,G1-small20_e00_r031,0.8966666666666666,0.8966666666666666,0.01
1g,G5-small15-par,0.1,29,G5-small15-par_e10_r029,0.683206106870229,1.0,0.14
1,D4-hetero,0.0,9,D4-hetero_e00_r009,0.9466666666666667,0.9466666666666667,0.03333333333333333
1g,G5-small15-par,0.2,29,G5-small15-par_e20_r029,0.5564853556485355,1.0,0.20333333333333334
1g,G1f-small20,0.0,31,G1f-small20_e00_r031,0.9333333333333333,0.9333333333333333,0.01
1b,D6-uniform,0.25,15,D6-uniform_e25_r015,0.925764192139738,0.925764192139738,0.20666666666666667
1,D4-hetero,0.05,9,D4-hetero_e05_r009,0.8869257950530035,0.8869257950530035,0.09
1b,D6-uniform,0.3,15,D6-uniform_e30_r015,0.8904761904761904,0.8904761904761904,0.16333333333333333
1e,G1-small20,0.1,31,G1-small20_e10_r031,0.92,0.92,0.09
1b,D7-p3,0.25,14,D7-p3_e25_r014,0.9130434782608695,0.9130434782608695,0.24
1b,D2-K3par,0.35,15,D2-K3par_e35_r015,0.6756756756756757,0.6756756756756757,0.17666666666666667
1b,D6-uniform,0.35,15,D6-uniform_e35_r015,0.5510204081632653,0.5510204081632653,0.0
1g,G1f-small20,0.2,31,G1f-small20_e20_r031,0.9142857142857143,0.9142857142857143,0.18666666666666668
1,D4-hetero,0.1,9,D4-hetero_e10_r009,0.9315589353612167,0.9315589353612167,0.14666666666666667
1e,G1-small20,0.2,31,G1-small20_e20_r031,0.9288702928870293,0.9288702928870293,0.21
1e,G2-small15,0.0,30,G2-small15_e00_r030,0.5733333333333334,0.9033333333333333,0.03666666666666667
1g,G1f-small20,0.1,31,G1f-small20_e10_r031,0.933579335793358,0.933579335793358,0.12666666666666668
1,D4-hetero,0.2,9,D4-hetero_e20_r009,0.9240506329113924,0.9240506329113924,0.22333333333333333
1,D2-K3par,0.3,9,D2-K3par_e30_r009,0.64,0.64,0.13
1,D4-hetero,0.3,9,D4-hetero_e30_r009,0.9292452830188679,0.9292452830188679,0.30333333333333334
1e,G1-small20,0.3,31,G1-small20_e30_r031,0.5607476635514018,0.5607476635514018,0.34
1b,D7-p3,0.35,14,D7-p3_e35_r014,0.5291005291005291,0.5291005291005291,0.14333333333333334
1,D5-leverage,0.0,9,D5-leverage_e00_r009,0.9266666666666666,0.9266666666666666,0.016666666666666666
1e,G2-small15,0.3,30,G2-small15_e30_r030,0.8390243902439024,0.8390243902439024,0.22666666666666666
1e,G3-cluster,0.0,31,G3-cluster_e00_r031,0.8866666666666667,0.8866666666666667,0.023333333333333334
1,D5-leverage,0.05,9,D5-leverage_e05_r009,0.9139784946236559,0.9139784946236559,0.07
1g,G2f-small15,0.2,30,G2f-small15_e20_r030,0.5106382978723404,0.9361702127659575,0.22
1b,D8-K2par-sep,0.25,15,D8-K2par-sep_e25_r015,1.0,1.0,0.23666666666666666
1e,G3-cluster,0.1,31,G3-cluster_e10_r031,0.9157509157509157,0.9157509157509157,0.13
1,D5-leverage,0.1,9,D5-leverage_e10_r009,0.9060150375939849,0.9060150375939849,0.12
1b,D8-K2par-sep,0.3,15,D8-K2par-sep_e30_r015,0.9952153110047847,0.9952153110047847,0.30333333333333334
1g,G2f-small15,0.0,30,G2f-small15_e00_r030,0.5433333333333333,0.9166666666666666,0.02
1g,G4-small20-p3,0.1,26,G4-small20-p3_e10_r026,0.5280898876404494,0.8913857677902621,0.12
1b,D8-K2par-sep,0.35,15,D8-K2par-sep_e35_r015,1.0,1.0,0.35
1e,G3-cluster,0.2,31,G3-cluster_e20_r031,0.9230769230769231,0.9230769230769231,0.32666666666666666
1g,G5-small15-par,0.0,30,G5-small15-par_e00_r030,1.0,1.0,0.0033333333333333335
1e,G3-cluster,0.3,31,G3-cluster_e30_r031,0.5467980295566502,0.5467980295566502,0.05
1,D5-leverage,0.3,9,D5-leverage_e30_r009,0.5098039215686274,0.5098039215686274,0.0
1,D5-leverage,0.2,9,D5-leverage_e20_r009,0.9193548387096774,0.9193548387096774,0.17333333333333334
1,D6-uniform,0.0,9,D6-uniform_e00_r009,0.9266666666666666,0.9266666666666666,0.013333333333333334
1g,G4-small20-p3,0.2,27,G4-small20-p3_e20_r027,0.5204918032786885,0.5204918032786885,0.2833333333333333
1e,G2-small15,0.2,30,G2-small15_e20_r030,0.572,0.916,0.16666666666666666
1b,D1-K2cross,0.25,16,D1-K2cross_e25_r016,0.9095022624434389,0.9095022624434389,0.2633333333333333
1g,G2f-small15,0.1,30,G2f-small15_e10_r030,0.5323741007194245,0.9244604316546763,0.09333333333333334
1b,D1-K2cross,0.3,16,D1-K2cross_e30_r016,0.8840579710144928,0.8840579710144928,0.31
1e,G2-small15,0.1,30,G2-small15_e10_r030,0.5663082437275986,0.9283154121863799,0.07333333333333333
1b,D1-K2cross,0.35,16,D1-K2cross_e35_r016,0.8770053475935828,0.8770053475935828,0.37666666666666665
1,D6-uniform,0.05,9,D6-uniform_e05_r009,0.8943661971830986,0.8943661971830986,0.07666666666666666
1,D6-uniform,0.1,9,D6-uniform_e10_r009,0.935361216730038,0.935361216730038,0.12333333333333334
1e,G1-small20,0.0,32,G1-small20_e00_r032,0.5933333333333334,0.9233333333333333,0.016666666666666666
1g,G1f-small20,0.0,32,G1f-small20_e00_r032,0.9333333333333333,0.9333333333333333,0.01
1g,G4-small20-p3,0.2,28,G4-small20-p3_e20_r028,0.5146443514644351,0.5146443514644351,0.27666666666666667
1g,G5-small15-par,0.1,30,G5-small15-par_e10_r030,0.5238095238095238,1.0,0.09
1,D6-uniform,0.2,9,D6-uniform_e20_r009,0.9294605809128631,0.9294605809128631,0.19666666666666666
1g,G4-small20-p3,0.0,28,G4-small20-p3_e00_r028,0.9,0.9,0.05333333333333334
1e,G1-small20,0.1,32,G1-small20_e10_r032,0.8745387453874539,0.8745387453874539,0.1
1e,G1-small20,0.2,32,G1-small20_e20_r032,0.9102040816326531,0.9102040816326531,0.18333333333333332
1,D6-uniform,0.3,9,D6-uniform_e30_r009,0.9150943396226415,0.9150943396226415,0.23333333333333334
1g,G1f-small20,0.1,32,G1f-small20_e10_r032,0.9,0.9,0.10666666666666667
1g,G4-small20-p3,0.1,28,G4-small20-p3_e10_r028,0.9175627240143369,0.9175627240143369,0.08666666666666667
1g,G1f-small20,0.2,32,G1f-small20_e20_r032,0.9191489361702128,0.9191489361702128,0.21666666666666667
1e,G1-small20,0.3,32,G1-small20_e30_r032,0.5164319248826291,0.5164319248826291,0.36333333333333334
1b,D3-unequal,0.25,16,D3-unequal_e25_r016,0.9344978165938864,0.9344978165938864,0.23666666666666666
1e,G2-small15,0.0,31,G2-small15_e00_r031,0.53,0.9233333333333333,0.016666666666666666
1b,D3-unequal,0.3,16,D3-unequal_e30_r016,0.9282296650717703,0.9282296650717703,0.30333333333333334
1e,G2-small15,0.2,31,G2-small15_e20_r031,0.525,0.8791666666666667,0.20333333333333334
1g,G2f-small15,0.0,31,G2f-small15_e00_r031,0.8666666666666667,0.8666666666666667,0.016666666666666666
1g,G2f-small15,0.2,31,G2f-small15_e20_r031,0.524,0.888,0.17666666666666667
1e,G3-cluster,0.0,32,G3-cluster_e00_r032,0.9166666666666666,0.9166666666666666,0.013333333333333334
1b,D3-unequal,0.35,16,D3-unequal_e35_r016,0.743455497382199,0.743455497382199,0.21333333333333335
1g,G2f-small15,0.1,31,G2f-small15_e10_r031,0.5054945054945055,0.9120879120879121,0.10666666666666667
1g,G5-small15-par,0.2,30,G5-small15-par_e20_r030,0.8617886178861789,0.8617886178861789,0.17666666666666667
1g,G4-small20-p3,0.1,27,G4-small20-p3_e10_r027,0.5241635687732342,0.9107806691449815,0.13
1g,G5-small15-par,0.0,31,G5-small15-par_e00_r031,0.5333333333333333,1.0,0.023333333333333334
1e,G2-small15,0.1,31,G2-small15_e10_r031,0.5037593984962406,0.9097744360902256,0.12
1b,D4-hetero,0.25,16,D4-hetero_e25_r016,0.9173553719008265,0.9173553719008265,0.19666666666666666
1b,D7-p3,0.35,15,D7-p3_e35_r015,0.9193548387096774,0.9193548387096774,0.38
1b,D2-K3par,0.3,16,D2-K3par_e30_r016,0.9174757281553398,0.9174757281553398,0.31333333333333335
1g,G4-small20-p3,0.0,29,G4-small20-p3_e00_r029,0.9233333333333333,0.9233333333333333,0.04666666666666667
1b,D2-K3par,0.25,16,D2-K3par_e25_r016,0.8888888888888888,0.8888888888888888,0.31
1g,G5-small15-par,0.1,31,G5-small15-par_e10_r031,0.5255474452554745,1.0,0.08666666666666667
1e,G3-cluster,0.2,32,G3-cluster_e20_r032,0.8846153846153846,0.8846153846153846,0.36
1b,D7-p3,0.25,15,D7-p3_e25_r015,0.9090909090909091,0.9090909090909091,0.19333333333333333
1b,D2-K3par,0.35,16,D2-K3par_e35_r016,0.6424870466321243,0.6424870466321243,0.16333333333333333
1e,G2-small15,0.3,31,G2-small15_e30_r031,0.5253456221198156,0.5253456221198156,0.3466666666666667
1b,D7-p3,0.3,15,D7-p3_e30_r015,0.9068627450980392,0.9068627450980392,0.32
1g,G2f-small15,0.0,32,G2f-small15_e00_r032,0.5633333333333334,0.8966666666666666,0.016666666666666666
1e,G3-cluster,0.1,32,G3-cluster_e10_r032,0.9090909090909091,0.9090909090909091,0.12
1,D8-K2par-sep,0.0,9,D8-K2par-sep_e00_r009,0.9966666666666667,0.9966666666666667,0.013333333333333334
1b,D4-hetero,0.3,16,D4-hetero_e30_r016,0.9158878504672897,0.9158878504672897,0.29
1e,G3-cluster,0.3,32,G3-cluster_e30_r032,0.5327102803738317,0.5327102803738317,0.09333333333333334
1b,D5-leverage,0.25,16,D5-leverage_e25_r016,0.5045454545454545,0.5045454545454545,0.1
1,D8-K2par-sep,0.05,9,D8-K2par-sep_e05_r009,1.0,1.0,0.06
1b,D4-hetero,0.35,16,D4-hetero_e35_r016,0.8917525773195877,0.8917525773195877,0.35333333333333333
1b,D5-leverage,0.3,16,D5-leverage_e30_r016,0.5829596412556054,0.5829596412556054,0.10666666666666667
1b,D5-leverage,0.35,16,D5-leverage_e35_r016,0.517948717948718,0.517948717948718,0.01
1,D8-K2par-sep,0.2,9,D8-K2par-sep_e20_r009,1.0,1.0,0.23333333333333334
1,D8-K2par-sep,0.1,9,D8-K2par-sep_e10_r009,1.0,1.0,0.11
1,D8-K2par-sep,0.3,9,D8-K2par-sep_e30_r009,0.9949748743718593,0.9949748743718593,0.33666666666666667
1b,D6-uniform,0.25,16,D6-uniform_e25_r016,0.8907563025210085,0.8907563025210085,0.19
1e,G2-small15,0.0,32,G2-small15_e00_r032,0.5233333333333333,0.9166666666666666,0.02
1,D1-K2cross,0.0,10,D1-K2cross_e00_r010,0.9066666666666666,0.9066666666666666,0.03
1b,D6-uniform,0.3,16,D6-uniform_e30_r016,0.5666666666666667,0.5666666666666667,0.0
1e,G1-small20,0.0,33,G1-small20_e00_r033,0.8933333333333333,0.8933333333333333,0.013333333333333334
1g,G5-small15-par,0.2,31,G5-small15-par_e20_r031,0.8441558441558441,0.8441558441558441,0.23
1g,G1f-small20,0.0,33,G1f-small20_e00_r033,0.9066666666666666,0.9066666666666666,0.006666666666666667
1b,D6-uniform,0.35,16,D6-uniform_e35_r016,0.6040609137055838,0.6040609137055838,0.0
1e,G1-small20,0.1,33,G1-small20_e10_r033,0.9157509157509157,0.9157509157509157,0.09666666666666666
1,D1-K2cross,0.05,10,D1-K2cross_e05_r010,0.9065743944636678,0.9065743944636678,0.03666666666666667
1e,G1-small20,0.2,33,G1-small20_e20_r033,0.923728813559322,0.923728813559322,0.22333333333333333
1e,G2-small15,0.3,32,G2-small15_e30_r032,0.616504854368932,0.616504854368932,0.3566666666666667
1g,G1f-small20,0.1,33,G1f-small20_e10_r033,0.9390681003584229,0.9390681003584229,0.07333333333333333
1,D1-K2cross,0.1,10,D1-K2cross_e10_r010,0.8740740740740741,0.8740740740740741,0.10666666666666667
1g,G1f-small20,0.2,33,G1f-small20_e20_r033,0.5121951219512195,0.9105691056910569,0.18
1,D1-K2cross,0.2,10,D1-K2cross_e20_r010,0.933920704845815,0.933920704845815,0.24333333333333335
1e,G1-small20,0.3,33,G1-small20_e30_r033,0.6341463414634146,0.6341463414634146,0.39
1,D1-K2cross,0.3,10,D1-K2cross_e30_r010,0.9170506912442397,0.9170506912442397,0.27666666666666667
1g,G2f-small15,0.1,32,G2f-small15_e10_r032,0.5218978102189781,0.9525547445255474,0.09666666666666666
1e,G3-cluster,0.0,33,G3-cluster_e00_r033,0.9033333333333333,0.9033333333333333,0.01
1e,G2-small15,0.1,32,G2-small15_e10_r032,0.51985559566787,0.8880866425992779,0.12
1b,D8-K2par-sep,0.25,16,D8-K2par-sep_e25_r016,1.0,1.0,0.25
1e,G3-cluster,0.1,33,G3-cluster_e10_r033,0.9018867924528302,0.9018867924528302,0.13
1e,G2-small15,0.2,32,G2-small15_e20_r032,0.5378151260504201,0.9117647058823529,0.20666666666666667
1g,G2f-small15,0.2,32,G2f-small15_e20_r032,0.5811965811965812,0.8974358974358975,0.22
1b,D8-K2par-sep,0.3,16,D8-K2par-sep_e30_r016,1.0,1.0,0.25
1e,G3-cluster,0.2,33,G3-cluster_e20_r033,0.9105691056910569,0.9105691056910569,0.20666666666666667
1g,G5-small15-par,0.0,32,G5-small15-par_e00_r032,0.6366666666666667,1.0,0.006666666666666667
1g,G4-small20-p3,0.1,29,G4-small20-p3_e10_r029,0.5128205128205128,0.9230769230769231,0.1
1,D7-p3,0.0,9,D7-p3_e00_r009,0.8933333333333333,0.8933333333333333,0.02
1e,G3-cluster,0.3,33,G3-cluster_e30_r033,0.5339805825242718,0.5339805825242718,0.006666666666666667
1b,D8-K2par-sep,0.35,16,D8-K2par-sep_e35_r016,1.0,1.0,0.30666666666666664
1,D2-K3par,0.0,10,D2-K3par_e00_r010,0.8533333333333334,0.8533333333333334,0.0033333333333333335
1b,D1-K2cross,0.25,17,D1-K2cross_e25_r017,0.9102564102564102,0.9102564102564102,0.22333333333333333
1g,G4-small20-p3,0.2,29,G4-small20-p3_e20_r029,0.6844262295081968,0.8934426229508197,0.18666666666666668
1,D7-p3,0.05,9,D7-p3_e05_r009,0.8971631205673759,0.8971631205673759,0.07
1g,G4-small20-p3,0.0,30,G4-small20-p3_e00_r030,0.9033333333333333,0.9033333333333333,0.02666666666666667
1g,G2f-small15,0.0,33,G2f-small15_e00_r033,0.5766666666666667,0.91,0.01
1b,D1-K2cross,0.3,17,D1-K2cross_e30_r017,0.910377358490566,0.910377358490566,0.29333333333333333
1e,G2-small15,0.0,33,G2-small15_e00_r033,0.56,0.9266666666666666,0.01
1g,G2f-small15,0.1,33,G2f-small15_e10_r033,0.5444444444444444,0.9148148148148149,0.10666666666666667
1,D2-K3par,0.05,10,D2-K3par_e05_r010,0.9113475177304965,0.9113475177304965,0.06666666666666667
1b,D1-K2cross,0.35,17,D1-K2cross_e35_r017,0.9234972677595629,0.9234972677595629,0.39
1,D7-p3,0.2,9,D7-p3_e20_r009,0.94,0.94,0.16666666666666666
1e,G2-small15,0.3,33,G2-small15_e30_r033,0.8309178743961353,0.8309178743961353,0.18666666666666668
1,D3-unequal,0.0,10,D3-unequal_e00_r010,0.8933333333333333,0.8933333333333333,0.02666666666666667
1,D7-p3,0.3,9,D7-p3_e30_r009,0.8812785388127854,0.8812785388127854,0.27
1e,G1-small20,0.0,34,G1-small20_e00_r034,0.9133333333333333,0.9133333333333333,0.023333333333333334
1,D2-K3par,0.1,10,D2-K3par_e10_r010,0.940959409594096,0.940959409594096,0.09666666666666666
1,D7-p3,0.1,9,D7-p3_e10_r009,0.9148148148148149,0.9148148148148149,0.12
1g,G1f-small20,0.0,34,G1f-small20_e00_r034,0.9066666666666666,0.9066666666666666,0.0033333333333333335
1,D3-unequal,0.05,10,D3-unequal_e05_r010,0.9181494661921709,0.9181494661921709,0.07
1e,G1-small20,0.1,34,G1-small20_e10_r034,0.9032258064516129,0.9032258064516129,0.07333333333333333
1,D3-unequal,0.1,10,D3-unequal_e10_r010,0.9210526315789473,0.9210526315789473,0.11666666666666667
1g,G2f-small15,0.2,33,G2f-small15_e20_r033,0.5336134453781513,0.8991596638655462,0.21
1g,G5-small15-par,0.2,32,G5-small15-par_e20_r032,0.51440329218107,0.9958847736625515,0.19
1,D3-unequal,0.2,10,D3-unequal_e20_r010,0.9055793991416309,0.9055793991416309,0.22666666666666666
1g,G1f-small20,0.1,34,G1f-small20_e10_r034,0.8773234200743495,0.8773234200743495,0.12666666666666668
1g,G1f-small20,0.2,34,G1f-small20_e20_r034,0.8983050847457628,0.8983050847457628,0.21333333333333335
1,D3-unequal,0.3,10,D3-unequal_e30_r010,0.9082125603864735,0.9082125603864735,0.31
1e,G1-small20,0.2,34,G1-small20_e20_r034,0.9004149377593361,0.9004149377593361,0.19666666666666666
1g,G4-small20-p3,0.1,30,G4-small20-p3_e10_r030,0.9028776978417267,0.9028776978417267,0.09
1,D2-K3par,0.2,10,D2-K3par_e20_r010,0.905982905982906,0.905982905982906,0.22
1b,D3-unequal,0.25,17,D3-unequal_e25_r017,0.9009009009009009,0.9009009009009009,0.2633333333333333
1,D4-hetero,0.0,10,D4-hetero_e00_r010,0.92,0.92,0.03666666666666667
1e,G2-small15,0.1,33,G2-small15_e10_r033,0.5535055350553506,0.9114391143911439,0.12
1e,G1-small20,0.3,34,G1-small20_e30_r034,0.9,0.9,0.26666666666666666
1e,G3-cluster,0.0,34,G3-cluster_e00_r034,0.9266666666666666,0.9266666666666666,0.0033333333333333335
1g,G5-small15-par,0.1,32,G5-small15-par_e10_r032,1.0,1.0,0.12
1b,D3-unequal,0.35,17,D3-unequal_e35_r017,0.9114583333333334,0.9114583333333334,0.35333333333333333
1,D4-hetero,0.05,10,D4-hetero_e05_r010,0.9192982456140351,0.9192982456140351,0.08
1,D4-hetero,0.1,10,D4-hetero_e10_r010,0.9057971014492754,0.9057971014492754,0.11
1b,D7-p3,0.25,16,D7-p3_e25_r016,0.9392523364485982,0.9392523364485982,0.2866666666666667
1b,D3-unequal,0.3,17,D3-unequal_e30_r017,0.9146919431279621,0.9146919431279621,0.2966666666666667
1e,G3-cluster,0.1,34,G3-cluster_e10_r034,0.9007352941176471,0.9007352941176471,0.09333333333333334
1g,G5-small15-par,0.0,33,G5-small15-par_e00_r033,0.64,0.9966666666666667,0.006666666666666667
1b,D4-hetero,0.25,17,D4-hetero_e25_r017,0.9170305676855895,0.9170305676855895,0.24
1,D4-hetero,0.3,10,D4-hetero_e30_r010,0.875,0.875,0.2866666666666667
1b,D4-hetero,0.35,17,D4-hetero_e35_r017,0.9162303664921466,0.9162303664921466,0.36333333333333334
1,D4-hetero,0.2,10,D4-hetero_e20_r010,0.907563025210084,0.907563025210084,0.21666666666666667
1e,G3-cluster,0.2,34,G3-cluster_e20_r034,0.5296610169491526,0.8940677966101694,0.31333333333333335
1e,G2-small15,0.2,33,G2-small15_e20_r033,0.5084745762711864,0.902542372881356,0.21333333333333335
1b,D7-p3,0.3,16,D7-p3_e30_r016,0.9444444444444444,0.9444444444444444,0.28
1b,D7-p3,0.35,16,D7-p3_e35_r016,0.8724489795918368,0.8724489795918368,0.36333333333333334
1e,G3-cluster,0.3,34,G3-cluster_e30_r034,0.5436893203883495,0.5436893203883495,0.013333333333333334
1,D5-leverage,0.0,10,D5-leverage_e00_r010,0.9066666666666666,0.9066666666666666,0.02666666666666667
1b,D4-hetero,0.3,17,D4-hetero_e30_r017,0.910377358490566,0.910377358490566,0.3
1b,D5-leverage,0.25,17,D5-leverage_e25_r017,0.9414225941422594,0.9414225941422594,0.20333333333333334
1,D5-leverage,0.05,10,D5-leverage_e05_r010,0.90625,0.90625,0.05
1b,D5-leverage,0.3,17,D5-leverage_e30_r017,0.5774647887323944,0.5774647887323944,0.01
1,D2-K3par,0.3,10,D2-K3par_e30_r010,0.6904761904761905,0.6904761904761905,0.14333333333333334
1,D5-leverage,0.1,10,D5-leverage_e10_r010,0.9250936329588015,0.9250936329588015,0.12
1g,G4-small20-p3,0.2,31,G4-small20-p3_e20_r031,0.9224489795918367,0.9224489795918367,0.18666666666666668
1b,D2-K3par,0.25,17,D2-K3par_e25_r017,0.6894977168949772,0.6894977168949772,0.10666666666666667
1b,D5-leverage,0.35,17,D5-leverage_e35_r017,0.5317073170731708,0.5317073170731708,0.07666666666666666
1b,D6-uniform,0.25,17,D6-uniform_e25_r017,0.8995433789954338,0.8995433789954338,0.2
1,D5-leverage,0.2,10,D5-leverage_e20_r010,0.8995983935742972,0.8995983935742972,0.17333333333333334
1g,G1f-small20,0.0,35,G1f-small20_e00_r035,0.9,0.9,0.016666666666666666
1,D5-leverage,0.3,10,D5-leverage_e30_r010,0.5067264573991032,0.5067264573991032,0.043333333333333335
1e,G1-small20,0.0,35,G1-small20_e00_r035,0.5233333333333333,0.9266666666666666,0.0
1b,D6-uniform,0.3,17,D6-uniform_e30_r017,0.9299065420560748,0.9299065420560748,0.17333333333333334
1g,G2f-small15,0.0,34,G2f-small15_e00_r034,0.5166666666666667,0.8966666666666666,0.0033333333333333335
1,D6-uniform,0.0,10,D6-uniform_e00_r010,0.9,0.9,0.03666666666666667
1b,D2-K3par,0.3,17,D2-K3par_e30_r017,0.7251184834123223,0.7251184834123223,0.14666666666666667
1b,D6-uniform,0.35,17,D6-uniform_e35_r017,0.5026455026455027,0.5026455026455027,0.0
1g,G1f-small20,0.1,35,G1f-small20_e10_r035,0.8690909090909091,0.8690909090909091,0.09
1e,G1-small20,0.1,35,G1-small20_e10_r035,0.933579335793358,0.933579335793358,0.10333333333333333
1g,G5-small15-par,0.2,33,G5-small15-par_e20_r033,0.8407079646017699,0.8407079646017699,0.21
1,D6-uniform,0.05,10,D6-uniform_e05_r010,0.9230769230769231,0.9230769230769231,0.07666666666666666
1b,D2-K3par,0.35,17,D2-K3par_e35_r017,0.8786407766990292,0.8786407766990292,0.31333333333333335
1e,G1-small20,0.3,35,G1-small20_e30_r035,0.7611940298507462,0.7611940298507462,0.22
1g,G5-small15-par,0.1,33,G5-small15-par_e10_r033,0.5559701492537313,1.0,0.11666666666666667
1,D6-uniform,0.1,10,D6-uniform_e10_r010,0.9,0.9,0.09666666666666666
1e,G1-small20,0.2,35,G1-small20_e20_r035,0.9285714285714286,0.9285714285714286,0.17
1g,G1f-small20,0.2,35,G1f-small20_e20_r035,0.5511811023622047,0.9015748031496063,0.15333333333333332
1e,G2-small15,0.0,34,G2-small15_e00_r034,0.5433333333333333,0.9133333333333333,0.016666666666666666
1g,G2f-small15,0.1,34,G2f-small15_e10_r034,0.5037593984962406,0.9172932330827067,0.12
1,D6-uniform,0.2,10,D6-uniform_e20_r010,0.8947368421052632,0.8947368421052632,0.17666666666666667
1,D6-uniform,0.3,10,D6-uniform_e30_r010,0.92,0.92,0.21333333333333335
1e,G3-cluster,0.0,35,G3-cluster_e00_r035,0.9333333333333333,0.9333333333333333,0.023333333333333334
1g,G4-small20-p3,0.1,32,G4-small20-p3_e10_r032,0.9444444444444444,0.9444444444444444,0.11
1g,G4-small20-p3,0.2,30,G4-small20-p3_e20_r030,0.5458333333333333,0.5458333333333333,0.2966666666666667
1e,G3-cluster,0.1,35,G3-cluster_e10_r035,0.9213483146067416,0.9213483146067416,0.11333333333333333
1g,G2f-small15,0.2,34,G2f-small15_e20_r034,0.5327868852459017,0.930327868852459,0.19666666666666666
1b,D8-K2par-sep,0.25,17,D8-K2par-sep_e25_r017,1.0,1.0,0.24333333333333335
1b,D8-K2par-sep,0.3,17,D8-K2par-sep_e30_r017,1.0,1.0,0.33
1b,D8-K2par-sep,0.35,17,D8-K2par-sep_e35_r017,1.0,1.0,0.32666666666666666
1g,G5-small15-par,0.0,34,G5-small15-par_e00_r034,0.5666666666666667,1.0,0.03
1e,G3-cluster,0.2,35,G3-cluster_e20_r035,0.9139344262295082,0.9139344262295082,0.26666666666666666
1e,G3-cluster,0.3,35,G3-cluster_e30_r035,0.5119617224880383,0.5119617224880383,0.013333333333333334
1e,G2-small15,0.1,34,G2-small15_e10_r034,0.5683453237410072,0.9100719424460432,0.08666666666666667
1b,D1-K2cross,0.25,18,D1-K2cross_e25_r018,0.8931623931623932,0.8931623931623932,0.22
1e,G2-small15,0.3,34,G2-small15_e30_r034,0.5606060606060606,0.5606060606060606,0.3933333333333333
1b,D1-K2cross,0.3,18,D1-K2cross_e30_r018,0.9323671497584541,0.9323671497584541,0.31
1g,G5-small15-par,0.1,34,G5-small15-par_e10_r034,0.52,1.0,0.08666666666666667
1g,G4-small20-p3,0.1,31,G4-small20-p3_e10_r031,0.5149253731343284,0.8955223880597015,0.12
1e,G1-small20,0.0,36,G1-small20_e00_r036,0.51,0.9233333333333333,0.01
1g,G1f-small20,0.0,36,G1f-small20_e00_r036,0.9166666666666666,0.9166666666666666,0.01
1b,D1-K2cross,0.35,18,D1-K2cross_e35_r018,0.925,0.925,0.3333333333333333
1,D8-K2par-sep,0.0,10,D8-K2par-sep_e00_r010,1.0,1.0,0.02
1g,G2f-small15,0.0,35,G2f-small15_e00_r035,0.9166666666666666,0.9166666666666666,0.013333333333333334
1g,G5-small15-par,0.2,34,G5-small15-par_e20_r034,0.5914893617021276,0.5914893617021276,0.34
1e,G1-small20,0.1,36,G1-small20_e10_r036,0.6162361623616236,0.915129151291513,0.1
1g,G4-small20-p3,0.2,32,G4-small20-p3_e20_r032,0.9134199134199135,0.9134199134199135,0.23666666666666666
1g,G2f-small15,0.2,35,G2f-small15_e20_r035,0.8608695652173913,0.8608695652173913,0.23666666666666666
1,D8-K2par-sep,0.05,10,D8-K2par-sep_e05_r010,1.0,1.0,0.03666666666666667
1g,G1f-small20,0.1,36,G1f-small20_e10_r036,0.6068702290076335,0.9274809160305344,0.13
1e,G2-small15,0.2,34,G2-small15_e20_r034,0.606425702811245,0.9116465863453815,0.17333333333333334
1g,G4-small20-p3,0.0,32,G4-small20-p3_e00_r032,0.9166666666666666,0.9166666666666666,0.013333333333333334
1e,G1-small20,0.2,36,G1-small20_e20_r036,0.5702127659574469,0.9361702127659575,0.21666666666666667
1g,G5-small15-par,0.0,35,G5-small15-par_e00_r035,0.54,1.0,0.0033333333333333335
1g,G2f-small15,0.1,35,G2f-small15_e10_r035,0.5776173285198556,0.9133574007220217,0.09333333333333334
1g,G4-small20-p3,0.0,31,G4-small20-p3_e00_r031,0.58,0.9266666666666666,0.05
1,D8-K2par-sep,0.2,10,D8-K2par-sep_e20_r010,1.0,1.0,0.21
1g,G1f-small20,0.2,36,G1f-small20_e20_r036,0.5234042553191489,0.8978723404255319,0.21666666666666667
1,D8-K2par-sep,0.1,10,D8-K2par-sep_e10_r010,1.0,1.0,0.1
1e,G2-small15,0.1,35,G2-small15_e10_r035,0.5126353790613718,0.9314079422382672,0.08333333333333333
1b,D3-unequal,0.25,18,D3-unequal_e25_r018,0.9099099099099099,0.9099099099099099,0.26
1e,G2-small15,0.0,35,G2-small15_e00_r035,0.5333333333333333,0.91,0.056666666666666664
1b,D3-unequal,0.3,18,D3-unequal_e30_r018,0.9170506912442397,0.9170506912442397,0.27666666666666667
1,D8-K2par-sep,0.3,10,D8-K2par-sep_e30_r010,1.0,1.0,0.2633333333333333
1e,G1-small20,0.3,36,G1-small20_e30_r036,0.6298076923076923,0.6298076923076923,0.34
1e,G2-small15,0.2,35,G2-small15_e20_r035,0.5308641975308642,0.8888888888888888,0.19666666666666666
1,D1-K2cross,0.0,11,D1-K2cross_e00_r011,0.8833333333333333,0.8833333333333333,0.01
1e,G3-cluster,0.0,36,G3-cluster_e00_r036,0.9133333333333333,0.9133333333333333,0.006666666666666667
1,D1-K2cross,0.05,11,D1-K2cross_e05_r011,0.916083916083916,0.916083916083916,0.06
1e,G2-small15,0.3,35,G2-small15_e30_r035,0.553921568627451,0.553921568627451,0.36333333333333334
1b,D4-hetero,0.25,18,D4-hetero_e25_r018,0.8874458874458875,0.8874458874458875,0.24333333333333335
1g,G4-small20-p3,0.0,33,G4-small20-p3_e00_r033,0.9233333333333333,0.9233333333333333,0.03666666666666667
1b,D3-unequal,0.35,18,D3-unequal_e35_r018,0.7783251231527094,0.7783251231527094,0.19666666666666666
1,D1-K2cross,0.1,11,D1-K2cross_e10_r011,0.9198473282442748,0.9198473282442748,0.13
1b,D2-K3par,0.25,18,D2-K3par_e25_r018,0.9027777777777778,0.9027777777777778,0.28
1e,G3-cluster,0.1,36,G3-cluster_e10_r036,0.8996282527881041,0.8996282527881041,0.12
1g,G5-small15-par,0.2,35,G5-small15-par_e20_r035,0.6465863453815262,0.9959839357429718,0.17
1,D1-K2cross,0.2,11,D1-K2cross_e20_r011,0.9145299145299145,0.9145299145299145,0.22333333333333333
1b,D4-hetero,0.3,18,D4-hetero_e30_r018,0.8962264150943396,0.8962264150943396,0.29333333333333333
1e,G3-cluster,0.2,36,G3-cluster_e20_r036,0.9148936170212766,0.9148936170212766,0.3466666666666667
1,D1-K2cross,0.3,11,D1-K2cross_e30_r011,0.9090909090909091,0.9090909090909091,0.34
1b,D4-hetero,0.35,18,D4-hetero_e35_r018,0.9365079365079365,0.9365079365079365,0.37
1e,G3-cluster,0.3,36,G3-cluster_e30_r036,0.5238095238095238,0.5238095238095238,0.04
1b,D7-p3,0.35,17,D7-p3_e35_r017,0.8656716417910447,0.8656716417910447,0.3333333333333333
1b,D5-leverage,0.25,18,D5-leverage_e25_r018,0.5275229357798165,0.5275229357798165,0.0033333333333333335
1b,D5-leverage,0.3,18,D5-leverage_e30_r018,0.547945205479452,0.547945205479452,0.1
1b,D7-p3,0.25,17,D7-p3_e25_r017,0.9245283018867925,0.9245283018867925,0.29333333333333333
1b,D5-leverage,0.35,18,D5-leverage_e35_r018,0.5026455026455027,0.5026455026455027,0.01
1g,G4-small20-p3,0.2,33,G4-small20-p3_e20_r033,0.9090909090909091,0.9090909090909091,0.23
1b,D7-p3,0.3,17,D7-p3_e30_r017,0.9009433962264151,0.9009433962264151,0.29333333333333333
1,D7-p3,0.05,10,D7-p3_e05_r010,0.9050847457627119,0.9050847457627119,0.04
1b,D2-K3par,0.35,18,D2-K3par_e35_r018,0.9095477386934674,0.9095477386934674,0.33666666666666667
1g,G1f-small20,0.0,37,G1f-small20_e00_r037,0.93,0.93,0.05
1e,G1-small20,0.0,37,G1-small20_e00_r037,0.9033333333333333,0.9033333333333333,0.02666666666666667
1g,G5-small15-par,0.1,35,G5-small15-par_e10_r035,0.6022727272727273,1.0,0.12
1b,D6-uniform,0.25,18,D6-uniform_e25_r018,0.922077922077922,0.922077922077922,0.21333333333333335
1,D7-p3,0.0,10,D7-p3_e00_r010,0.9233333333333333,0.9233333333333333,0.02
1e,G2-small15,0.3,36,G2-small15_e30_r036,0.8140703517587939,0.8140703517587939,0.22
1b,D6-uniform,0.3,18,D6-uniform_e30_r018,0.9147982062780269,0.9147982062780269,0.14
1b,D2-K3par,0.3,18,D2-K3par_e30_r018,0.61,0.61,0.16333333333333333
1g,G2f-small15,0.0,36,G2f-small15_e00_r036,0.54,0.85,0.05
1b,D6-uniform,0.35,18,D6-uniform_e35_r018,0.5440414507772021,0.5440414507772021,0.0
1e,G1-small20,0.1,37,G1-small20_e10_r037,0.9520295202952029,0.9520295202952029,0.09666666666666666
1e,G2-small15,0.0,36,G2-small15_e00_r036,0.5,0.9033333333333333,0.02
1g,G1f-small20,0.1,37,G1f-small20_e10_r037,0.5058365758754864,0.8910505836575876,0.15
1e,G1-small20,0.3,37,G1-small20_e30_r037,0.9571428571428572,0.9571428571428572,0.30333333333333334
1,D7-p3,0.2,10,D7-p3_e20_r010,0.8898305084745762,0.8898305084745762,0.21333333333333335
1g,G1f-small20,0.2,37,G1f-small20_e20_r037,0.9304347826086956,0.9304347826086956,0.23666666666666666
1,D3-unequal,0.0,11,D3-unequal_e00_r011,0.9133333333333333,0.9133333333333333,0.02666666666666667
1,D2-K3par,0.0,11,D2-K3par_e00_r011,0.8966666666666666,0.8966666666666666,0.006666666666666667
1,D3-unequal,0.05,11,D3-unequal_e05_r011,0.916955017301038,0.916955017301038,0.043333333333333335
1e,G1-small20,0.2,37,G1-small20_e20_r037,0.5897435897435898,0.9102564102564102,0.23
1,D7-p3,0.3,10,D7-p3_e30_r010,0.8954545454545455,0.8954545454545455,0.26666666666666666
1,D2-K3par,0.05,11,D2-K3par_e05_r011,0.9,0.9,0.03333333333333333
1e,G3-cluster,0.0,37,G3-cluster_e00_r037,0.92,0.92,0.016666666666666666
1,D3-unequal,0.1,11,D3-unequal_e10_r011,0.9037037037037037,0.9037037037037037,0.12
1g,G2f-small15,0.2,36,G2f-small15_e20_r036,0.5609756097560976,0.9308943089430894,0.18
1,D2-K3par,0.1,11,D2-K3par_e10_r011,0.8973384030418251,0.8973384030418251,0.12333333333333334
1e,G2-small15,0.1,36,G2-small15_e10_r036,0.6067415730337079,0.9138576779026217,0.11666666666666667
1e,G3-cluster,0.1,37,G3-cluster_e10_r037,0.9117647058823529,0.9117647058823529,0.10333333333333333
1e,G2-small15,0.2,36,G2-small15_e20_r036,0.5102880658436214,0.9053497942386831,0.2
1,D3-unequal,0.2,11,D3-unequal_e20_r011,0.9029535864978903,0.9029535864978903,0.21333333333333335
1b,D8-K2par-sep,0.25,18,D8-K2par-sep_e25_r018,1.0,1.0,0.29333333333333333
1,D3-unequal,0.3,11,D3-unequal_e30_r011,0.9306930693069307,0.9306930693069307,0.32666666666666666
1g,G5-small15-par,0.0,36,G5-small15-par_e00_r036,0.5966666666666667,0.9966666666666667,0.013333333333333334
1e,G3-cluster,0.2,37,G3-cluster_e20_r037,0.5330396475770925,0.5330396475770925,0.03
1b,D8-K2par-sep,0.3,18,D8-K2par-sep_e30_r018,1.0,1.0,0.29333333333333333
1,D4-hetero,0.0,11,D4-hetero_e00_r011,0.8933333333333333,0.8933333333333333,0.03
1e,G3-cluster,0.3,37,G3-cluster_e30_r037,0.5047169811320755,0.5047169811320755,0.02
1b,D8-K2par-sep,0.35,18,D8-K2par-sep_e35_r018,0.9948979591836735,0.9948979591836735,0.3466666666666667
1b,D1-K2cross,0.25,19,D1-K2cross_e25_r019,0.9170305676855895,0.9170305676855895,0.24
1,D4-hetero,0.05,11,D4-hetero_e05_r011,0.9507042253521126,0.9507042253521126,0.06666666666666667
1,D2-K3par,0.2,11,D2-K3par_e20_r011,0.8987341772151899,0.8987341772151899,0.21
1b,D1-K2cross,0.3,19,D1-K2cross_e30_r019,0.910377358490566,0.910377358490566,0.29333333333333333
1e,G2-small15,0.3,37,G2-small15_e30_r037,0.8341463414634146,0.8341463414634146,0.17
1,D7-p3,0.1,10,D7-p3_e10_r010,0.8897338403041825,0.8897338403041825,0.12333333333333334
1,D4-hetero,0.1,11,D4-hetero_e10_r011,0.9219330855018587,0.9219330855018587,0.11
1,D4-hetero,0.2,11,D4-hetero_e20_r011,0.8674698795180723,0.8674698795180723,0.18
1b,D1-K2cross,0.35,19,D1-K2cross_e35_r019,0.914572864321608,0.914572864321608,0.33666666666666667
1g,G1f-small20,0.0,38,G1f-small20_e00_r038,0.87,0.87,0.013333333333333334
1g,G5-small15-par,0.1,36,G5-small15-par_e10_r036,0.9881422924901185,0.9881422924901185,0.15666666666666668
1,D4-hetero,0.3,11,D4-hetero_e30_r011,0.9532710280373832,0.9532710280373832,0.29333333333333333
1e,G1-small20,0.0,38,G1-small20_e00_r038,0.9233333333333333,0.9233333333333333,0.016666666666666666
1,D2-K3par,0.3,11,D2-K3par_e30_r011,0.7320574162679426,0.7320574162679426,0.14333333333333334
1g,G4-small20-p3,0.0,34,G4-small20-p3_e00_r034,0.8966666666666666,0.8966666666666666,0.03
1g,G2f-small15,0.0,37,G2f-small15_e00_r037,0.5866666666666667,0.93,0.013333333333333334
1g,G2f-small15,0.1,36,G2f-small15_e10_r036,0.5955056179775281,0.9176029962546817,0.11
1e,G1-small20,0.1,38,G1-small20_e10_r038,0.5092250922509225,0.922509225092251,0.1
1g,G1f-small20,0.1,38,G1f-small20_e10_r038,0.8740740740740741,0.8740740740740741,0.10666666666666667
1,D5-leverage,0.0,11,D5-leverage_e00_r011,0.9,0.9,0.023333333333333334
1,D5-leverage,0.05,11,D5-leverage_e05_r011,0.9275862068965517,0.9275862068965517,0.05333333333333334
1g,G4-small20-p3,0.2,34,G4-small20-p3_e20_r034,0.9020408163265307,0.9020408163265307,0.18666666666666668
1g,G5-small15-par,0.2,36,G5-small15-par_e20_r036,0.5102880658436214,1.0,0.19666666666666666
1e,G2-small15,0.0,37,G2-small15_e00_r037,0.5666666666666667,0.9133333333333333,0.05
1e,G1-small20,0.2,38,G1-small20_e20_r038,0.9057377049180327,0.9057377049180327,0.19
1,D5-leverage,0.1,11,D5-leverage_e10_r011,0.9176029962546817,0.9176029962546817,0.11666666666666667
1g,G1f-small20,0.2,38,G1f-small20_e20_r038,0.5673469387755102,0.926530612244898,0.18333333333333332
1b,D3-unequal,0.25,19,D3-unequal_e25_r019,0.8894009216589862,0.8894009216589862,0.27666666666666667
1e,G1-small20,0.3,38,G1-small20_e30_r038,0.7783251231527094,0.7783251231527094,0.20333333333333334
1,D5-leverage,0.2,11,D5-leverage_e20_r011,0.907563025210084,0.907563025210084,0.20666666666666667
1b,D3-unequal,0.3,19,D3-unequal_e30_r019,0.907608695652174,0.907608695652174,0.38666666666666666
1e,G2-small15,0.1,37,G2-small15_e10_r037,0.5168539325842697,0.9325842696629213,0.11
1,D6-uniform,0.0,11,D6-uniform_e00_r011,0.9333333333333333,0.9333333333333333,0.02666666666666667
1e,G3-cluster,0.0,38,G3-cluster_e00_r038,0.92,0.92,0.03333333333333333
1,D5-leverage,0.3,11,D5-leverage_e30_r011,0.5410628019323671,0.5410628019323671,0.0033333333333333335
1b,D3-unequal,0.35,19,D3-unequal_e35_r019,0.907608695652174,0.907608695652174,0.38666666666666666
1e,G3-cluster,0.1,38,G3-cluster_e10_r038,0.9040590405904059,0.9040590405904059,0.10666666666666667
1e,G2-small15,0.2,37,G2-small15_e20_r037,0.5491803278688525,0.9057377049180327,0.18666666666666668
1b,D4-hetero,0.25,19,D4-hetero_e25_r019,0.9054054054054054,0.9054054054054054,0.27666666666666667
1g,G2f-small15,0.1,37,G2f-small15_e10_r037,0.5320754716981132,0.909433962264151,0.12666666666666668
1,D6-uniform,0.05,11,D6-uniform_e05_r011,0.9198606271777003,0.9198606271777003,0.05
1b,D4-hetero,0.3,19,D4-hetero_e30_r019,0.8807339449541285,0.8807339449541285,0.28
1g,G4-small20-p3,0.1,33,G4-small20-p3_e10_r033,0.5681818181818182,0.8901515151515151,0.13
1g,G2f-small15,0.2,37,G2f-small15_e20_r037,0.5726141078838174,0.8962655601659751,0.19666666666666666
1,D6-uniform,0.1,11,D6-uniform_e10_r011,0.9057971014492754,0.9057971014492754,0.09333333333333334
1g,G4-small20-p3,0.0,35,G4-small20-p3_e00_r035,0.9066666666666666,0.9066666666666666,0.03
1e,G3-cluster,0.2,38,G3-cluster_e20_r038,0.5826086956521739,0.5826086956521739,0.006666666666666667
1b,D4-hetero,0.35,19,D4-hetero_e35_r019,0.8756218905472637,0.8756218905472637,0.33666666666666667
1,D6-uniform,0.2,11,D6-uniform_e20_r011,0.8728070175438597,0.8728070175438597,0.12
1e,G3-cluster,0.3,38,G3-cluster_e30_r038,0.6157635467980296,0.6157635467980296,0.15333333333333332
1g,G5-small15-par,0.0,37,G5-small15-par_e00_r037,0.9966666666666667,0.9966666666666667,0.02
1b,D5-leverage,0.25,19,D5-leverage_e25_r019,0.5654205607476636,0.5654205607476636,0.09666666666666666
1g,G4-small20-p3,0.1,35,G4-small20-p3_e10_r035,0.924187725631769,0.924187725631769,0.08
1b,D2-K3par,0.25,19,D2-K3par_e25_r019,0.8961038961038961,0.8961038961038961,0.23
1b,D5-leverage,0.3,19,D5-leverage_e30_r019,0.5113122171945701,0.5113122171945701,0.02666666666666667
1,D6-uniform,0.3,11,D6-uniform_e30_r011,0.8796296296296297,0.8796296296296297,0.21333333333333335
1b,D7-p3,0.25,18,D7-p3_e25_r018,0.9066666666666666,0.9066666666666666,0.25
1b,D5-leverage,0.35,19,D5-leverage_e35_r019,0.5300546448087432,0.5300546448087432,0.0
1g,G5-small15-par,0.1,37,G5-small15-par_e10_r037,0.5176470588235295,1.0,0.15333333333333332
1b,D6-uniform,0.25,19,D6-uniform_e25_r019,0.9196428571428571,0.9196428571428571,0.18333333333333332
1e,G1-small20,0.0,39,G1-small20_e00_r039,0.9166666666666666,0.9166666666666666,0.02
1b,D2-K3par,0.3,19,D2-K3par_e30_r019,0.9289099526066351,0.9289099526066351,0.2966666666666667
1g,G1f-small20,0.0,39,G1f-small20_e00_r039,0.9266666666666666,0.9266666666666666,0.006666666666666667
1b,D6-uniform,0.3,19,D6-uniform_e30_r019,0.5192307692307693,0.5192307692307693,0.0
1b,D2-K3par,0.35,19,D2-K3par_e35_r019,0.7098445595854922,0.7098445595854922,0.18666666666666668
1e,G1-small20,0.1,39,G1-small20_e10_r039,0.9227941176470589,0.9227941176470589,0.10666666666666667
1g,G2f-small15,0.0,38,G2f-small15_e00_r038,0.5366666666666666,0.9433333333333334,0.023333333333333334
1g,G1f-small20,0.1,39,G1f-small20_e10_r039,0.9087719298245615,0.9087719298245615,0.06
1b,D7-p3,0.35,18,D7-p3_e35_r018,0.933649289099526,0.933649289099526,0.2966666666666667
1e,G1-small20,0.3,39,G1-small20_e30_r039,0.9041095890410958,0.9041095890410958,0.2733333333333333
1b,D7-p3,0.3,18,D7-p3_e30_r018,0.9095238095238095,0.9095238095238095,0.30333333333333334
1b,D6-uniform,0.35,19,D6-uniform_e35_r019,0.5024875621890548,0.5024875621890548,0.0
1g,G1f-small20,0.2,39,G1f-small20_e20_r039,0.5271966527196653,0.9163179916317992,0.20333333333333334
1e,G1-small20,0.2,39,G1-small20_e20_r039,0.5189873417721519,0.9029535864978903,0.21666666666666667
1g,G4-small20-p3,0.2,35,G4-small20-p3_e20_r035,0.5439330543933054,0.5439330543933054,0.2633333333333333
1g,G2f-small15,0.2,38,G2f-small15_e20_r038,0.5375494071146245,0.8893280632411067,0.16
1,D8-K2par-sep,0.0,11,D8-K2par-sep_e00_r011,1.0,1.0,0.016666666666666666
1g,G5-small15-par,0.2,37,G5-small15-par_e20_r037,0.5524193548387096,0.9959677419354839,0.17666666666666667
1,D8-K2par-sep,0.05,11,D8-K2par-sep_e05_r011,0.9964788732394366,0.9964788732394366,0.06333333333333334
1e,G2-small15,0.3,38,G2-small15_e30_r038,0.885,0.885,0.21666666666666667
1e,G2-small15,0.0,38,G2-small15_e00_r038,0.92,0.92,0.03
1e,G3-cluster,0.0,39,G3-cluster_e00_r039,0.9166666666666666,0.9166666666666666,0.016666666666666666
1,D8-K2par-sep,0.1,11,D8-K2par-sep_e10_r011,1.0,1.0,0.09
1e,G3-cluster,0.1,39,G3-cluster_e10_r039,0.899641577060932,0.899641577060932,0.07
1b,D8-K2par-sep,0.25,19,D8-K2par-sep_e25_r019,1.0,1.0,0.26
1b,D8-K2par-sep,0.3,19,D8-K2par-sep_e30_r019,1.0,1.0,0.32666666666666666
1,D8-K2par-sep,0.2,11,D8-K2par-sep_e20_r011,1.0,1.0,0.2
1g,G5-small15-par,0.0,38,G5-small15-par_e00_r038,1.0,1.0,0.04
1g,G4-small20-p3,0.1,34,G4-small20-p3_e10_r034,0.551094890510949,0.9306569343065694,0.10333333333333333
1g,G2f-small15,0.1,38,G2f-small15_e10_r038,0.5089605734767025,0.8888888888888888,0.08
1e,G3-cluster,0.2,39,G3-cluster_e20_r039,0.9311740890688259,0.9311740890688259,0.2
1e,G3-cluster,0.3,39,G3-cluster_e30_r039,0.5317073170731708,0.5317073170731708,0.006666666666666667
1,D8-K2par-sep,0.3,11,D8-K2par-sep_e30_r011,1.0,1.0,0.31666666666666665
1b,D8-K2par-sep,0.35,19,D8-K2par-sep_e35_r019,1.0,1.0,0.3466666666666667
1e,G2-small15,0.2,38,G2-small15_e20_r038,0.5165289256198347,0.8966942148760331,0.19333333333333333
1,D1-K2cross,0.0,12,D1-K2cross_e00_r012,0.91,0.91,0.01
1e,G2-small15,0.1,38,G2-small15_e10_r038,0.5,0.9375,0.1
1b,D1-K2cross,0.25,20,D1-K2cross_e25_r020,0.9223744292237442,0.9223744292237442,0.27
1,D1-K2cross,0.05,12,D1-K2cross_e05_r012,0.8736842105263158,0.8736842105263158,0.07333333333333333
1b,D1-K2cross,0.3,20,D1-K2cross_e30_r020,0.9111111111111111,0.9111111111111111,0.25
1b,D1-K2cross,0.35,20,D1-K2cross_e35_r020,0.9223300970873787,0.9223300970873787,0.31333333333333335
1g,G5-small15-par,0.2,38,G5-small15-par_e20_r038,0.5936254980079682,1.0,0.16333333333333333
1,D1-K2cross,0.1,12,D1-K2cross_e10_r012,0.9288389513108615,0.9288389513108615,0.11666666666666667
1g,G1f-small20,0.0,40,G1f-small20_e00_r040,0.9066666666666666,0.9066666666666666,0.02
1g,G2f-small15,0.0,39,G2f-small15_e00_r039,0.5333333333333333,0.9233333333333333,0.03333333333333333
1e,G1-small20,0.0,40,G1-small20_e00_r040,0.5133333333333333,0.8666666666666667,0.04666666666666667
1g,G1f-small20,0.1,40,G1f-small20_e10_r040,0.8937728937728938,0.8937728937728938,0.09333333333333334
1,D1-K2cross,0.2,12,D1-K2cross_e20_r012,0.9033613445378151,0.9033613445378151,0.20666666666666667
1g,G5-small15-par,0.1,38,G5-small15-par_e10_r038,0.9962546816479401,0.9962546816479401,0.11666666666666667
1g,G4-small20-p3,0.0,36,G4-small20-p3_e00_r036,0.9333333333333333,0.9333333333333333,0.043333333333333335
1e,G2-small15,0.0,39,G2-small15_e00_r039,0.5433333333333333,0.92,0.006666666666666667
1e,G1-small20,0.1,40,G1-small20_e10_r040,0.5992647058823529,0.9227941176470589,0.1
1,D7-p3,0.0,11,D7-p3_e00_r011,0.9133333333333333,0.9133333333333333,0.03
1,D1-K2cross,0.3,12,D1-K2cross_e30_r012,0.9170731707317074,0.9170731707317074,0.31666666666666665
1g,G1f-small20,0.2,40,G1f-small20_e20_r040,0.504,0.928,0.17
1e,G1-small20,0.2,40,G1-small20_e20_r040,0.9362549800796812,0.9362549800796812,0.17
1g,G2f-small15,0.1,39,G2f-small15_e10_r039,0.9169960474308301,0.9169960474308301,0.16666666666666666
1,D7-p3,0.05,11,D7-p3_e05_r011,0.9010238907849829,0.9010238907849829,0.04
1e,G1-small20,0.3,40,G1-small20_e30_r040,0.5609756097560976,0.5609756097560976,0.35333333333333333
1b,D3-unequal,0.25,20,D3-unequal_e25_r020,0.9170506912442397,0.9170506912442397,0.27666666666666667
1e,G2-small15,0.2,39,G2-small15_e20_r039,0.5,0.8823529411764706,0.20666666666666667
1e,G2-small15,0.1,39,G2-small15_e10_r039,0.9274809160305344,0.9274809160305344,0.13666666666666666
1e,G2-small15,0.3,39,G2-small15_e30_r039,0.6139534883720931,0.6139534883720931,0.3433333333333333
1b,D3-unequal,0.3,20,D3-unequal_e30_r020,0.9141414141414141,0.9141414141414141,0.3433333333333333
1,D7-p3,0.1,11,D7-p3_e10_r011,0.8880597014925373,0.8880597014925373,0.11
1g,G5-small15-par,0.0,39,G5-small15-par_e00_r039,1.0,1.0,0.03333333333333333
1g,G4-small20-p3,0.0,37,G4-small20-p3_e00_r037,0.9166666666666666,0.9166666666666666,0.03
1g,G2f-small15,0.2,39,G2f-small15_e20_r039,0.5726495726495726,0.9188034188034188,0.22
1,D7-p3,0.3,11,D7-p3_e30_r011,0.9113300492610837,0.9113300492610837,0.3233333333333333
1,D2-K3par,0.0,12,D2-K3par_e00_r012,0.92,0.92,0.01
1b,D2-K3par,0.25,20,D2-K3par_e25_r020,0.8528138528138528,0.8528138528138528,0.23
1b,D3-unequal,0.35,20,D3-unequal_e35_r020,0.885,0.885,0.3333333333333333
1e,G3-cluster,0.0,40,G3-cluster_e00_r040,0.9333333333333333,0.9333333333333333,0.006666666666666667
1,D2-K3par,0.05,12,D2-K3par_e05_r012,0.9103448275862069,0.9103448275862069,0.03333333333333333
1,D7-p3,0.2,11,D7-p3_e20_r011,0.8790322580645161,0.8790322580645161,0.18333333333333332
1,D3-unequal,0.0,12,D3-unequal_e00_r012,0.9233333333333333,0.9233333333333333,0.02666666666666667
1e,G3-cluster,0.1,40,G3-cluster_e10_r040,0.9070631970260223,0.9070631970260223,0.11
1b,D4-hetero,0.25,20,D4-hetero_e25_r020,0.9107142857142857,0.9107142857142857,0.25666666666666665
1,D3-unequal,0.05,12,D3-unequal_e05_r012,0.9166666666666666,0.9166666666666666,0.04666666666666667
1b,D4-hetero,0.3,20,D4-hetero_e30_r020,0.8947368421052632,0.8947368421052632,0.31
1b,D7-p3,0.35,19,D7-p3_e35_r019,0.9301075268817204,0.9301075268817204,0.38
1b,D4-hetero,0.35,20,D4-hetero_e35_r020,0.8763440860215054,0.8763440860215054,0.37666666666666665
1e,G3-cluster,0.2,40,G3-cluster_e20_r040,0.8902439024390244,0.8902439024390244,0.21333333333333335
1e,G3-cluster,0.3,40,G3-cluster_e30_r040,0.5074626865671642,0.5074626865671642,0.01
1b,D2-K3par,0.35,20,D2-K3par_e35_r020,0.9134615384615384,0.9134615384615384,0.30666666666666664
1b,D7-p3,0.25,19,D7-p3_e25_r019,0.8942731277533039,0.8942731277533039,0.24666666666666667
1b,D7-p3,0.3,19,D7-p3_e30_r019,0.918552036199095,0.918552036199095,0.2633333333333333
1g,G5-small15-par,0.1,39,G5-small15-par_e10_r039,0.5854545454545454,1.0,0.08333333333333333
1,D3-unequal,0.1,12,D3-unequal_e10_r012,0.9007352941176471,0.9007352941176471,0.10333333333333333
1b,D5-leverage,0.25,20,D5-leverage_e25_r020,0.8454545454545455,0.5909090909090909,0.09
1b,D5-leverage,0.3,20,D5-leverage_e30_r020,0.8995433789954338,0.8995433789954338,0.27
1b,D2-K3par,0.3,20,D2-K3par_e30_r020,0.6716417910447762,0.6716417910447762,0.15
1,D3-unequal,0.3,12,D3-unequal_e30_r012,0.8844221105527639,0.8844221105527639,0.33666666666666667
1g,G4-small20-p3,0.2,36,G4-small20-p3_e20_r036,0.6083333333333333,0.925,0.21333333333333335
1b,D5-leverage,0.35,20,D5-leverage_e35_r020,0.5025125628140703,0.5025125628140703,0.0033333333333333335
1,D3-unequal,0.2,12,D3-unequal_e20_r012,0.8729508196721312,0.8729508196721312,0.18666666666666668
1,D2-K3par,0.1,12,D2-K3par_e10_r012,0.9318181818181818,0.9318181818181818,0.12
1,D4-hetero,0.0,12,D4-hetero_e00_r012,0.95,0.95,0.03666666666666667
1,D2-K3par,0.2,12,D2-K3par_e20_r012,0.9273504273504274,0.9273504273504274,0.22
1e,G1-small20,0.0,41,G1-small20_e00_r041,0.9233333333333333,0.9233333333333333,0.03666666666666667
1g,G1f-small20,0.0,41,G1f-small20_e00_r041,0.5866666666666667,0.8933333333333333,0.04
1b,D6-uniform,0.25,20,D6-uniform_e25_r020,0.9295154185022027,0.9295154185022027,0.22
1b,D6-uniform,0.3,20,D6-uniform_e30_r020,0.8990825688073395,0.8990825688073395,0.27666666666666667
1e,G2-small15,0.0,40,G2-small15_e00_r040,0.6166666666666667,0.91,0.023333333333333334
1,D4-hetero,0.05,12,D4-hetero_e05_r012,0.9184397163120568,0.9184397163120568,0.09333333333333334
1e,G1-small20,0.1,41,G1-small20_e10_r041,0.898876404494382,0.898876404494382,0.11
1g,G5-small15-par,0.2,39,G5-small15-par_e20_r039,0.9957264957264957,0.9957264957264957,0.22
1g,G2f-small15,0.0,40,G2f-small15_e00_r040,0.5366666666666666,0.88,0.05333333333333334
1g,G1f-small20,0.1,41,G1f-small20_e10_r041,0.5464684014869888,0.9405204460966543,0.10666666666666667
1,D4-hetero,0.1,12,D4-hetero_e10_r012,0.9107806691449815,0.9107806691449815,0.12
1b,D6-uniform,0.35,20,D6-uniform_e35_r020,0.5175879396984925,0.5175879396984925,0.0
1,D4-hetero,0.2,12,D4-hetero_e20_r012,0.8808510638297873,0.8808510638297873,0.23
1e,G1-small20,0.2,41,G1-small20_e20_r041,0.9149797570850202,0.9149797570850202,0.18333333333333332
1e,G1-small20,0.3,41,G1-small20_e30_r041,0.6666666666666666,0.6666666666666666,0.37
1g,G1f-small20,0.2,41,G1f-small20_e20_r041,0.5564853556485355,0.895397489539749,0.20333333333333334
1g,G4-small20-p3,0.0,38,G4-small20-p3_e00_r038,0.9366666666666666,0.9366666666666666,0.02
1,D4-hetero,0.3,12,D4-hetero_e30_r012,0.9045454545454545,0.9045454545454545,0.2733333333333333
1,D5-leverage,0.0,12,D5-leverage_e00_r012,0.91,0.91,0.02
1e,G3-cluster,0.0,41,G3-cluster_e00_r041,0.9166666666666666,0.9166666666666666,0.013333333333333334
1e,G2-small15,0.2,40,G2-small15_e20_r040,0.6115702479338843,0.8677685950413223,0.19333333333333333
1,D5-leverage,0.05,12,D5-leverage_e05_r012,0.9190140845070423,0.9190140845070423,0.07666666666666666
1e,G3-cluster,0.1,41,G3-cluster_e10_r041,0.8992537313432836,0.8992537313432836,0.12333333333333334
1b,D8-K2par-sep,0.25,20,D8-K2par-sep_e25_r020,1.0,1.0,0.23666666666666666
1g,G5-small15-par,0.0,40,G5-small15-par_e00_r040,1.0,1.0,0.023333333333333334
1,D2-K3par,0.3,12,D2-K3par_e30_r012,0.6492890995260664,0.6492890995260664,0.13
1g,G2f-small15,0.2,40,G2f-small15_e20_r040,0.9224489795918367,0.9224489795918367,0.18333333333333332
1g,G2f-small15,0.1,40,G2f-small15_e10_r040,0.5185185185185185,0.9185185185185185,0.1
1e,G2-small15,0.1,40,G2-small15_e10_r040,0.6096654275092936,0.9033457249070632,0.11666666666666667
1b,D8-K2par-sep,0.3,20,D8-K2par-sep_e30_r020,0.9954128440366973,0.9954128440366973,0.27666666666666667
1,D5-leverage,0.1,12,D5-leverage_e10_r012,0.9111111111111111,0.9111111111111111,0.1
1e,G3-cluster,0.2,41,G3-cluster_e20_r041,0.5066666666666667,0.5066666666666667,0.05333333333333334
1,D5-leverage,0.2,12,D5-leverage_e20_r012,0.9396551724137931,0.9396551724137931,0.23
1b,D8-K2par-sep,0.35,20,D8-K2par-sep_e35_r020,0.9949494949494949,0.9949494949494949,0.34
1e,G2-small15,0.3,40,G2-small15_e30_r040,0.5779816513761468,0.5779816513761468,0.36333333333333334
1e,G3-cluster,0.3,41,G3-cluster_e30_r041,0.5422885572139303,0.5422885572139303,0.056666666666666664
1,D5-leverage,0.3,12,D5-leverage_e30_r012,0.5228426395939086,0.5228426395939086,0.03
1b,D1-K2cross,0.25,21,D1-K2cross_e25_r021,0.9273504273504274,0.9273504273504274,0.22
1g,G4-small20-p3,0.2,37,G4-small20-p3_e20_r037,0.8951612903225806,0.8951612903225806,0.17666666666666667
1,D6-uniform,0.0,12,D6-uniform_e00_r012,0.8866666666666667,0.8866666666666667,0.016666666666666666
1g,G4-small20-p3,0.1,36,G4-small20-p3_e10_r036,0.5133079847908745,0.9239543726235742,0.14
1b,D1-K2cross,0.3,21,D1-K2cross_e30_r021,0.8909952606635071,0.8909952606635071,0.2966666666666667
1,D6-uniform,0.05,12,D6-uniform_e05_r012,0.9137931034482759,0.9137931034482759,0.04
1b,D1-K2cross,0.35,21,D1-K2cross_e35_r021,0.8921568627450981,0.8921568627450981,0.32
1g,G1f-small20,0.0,42,G1f-small20_e00_r042,0.9166666666666666,0.9166666666666666,0.006666666666666667
1g,G5-small15-par,0.1,40,G5-small15-par_e10_r040,1.0,1.0,0.14
1,D6-uniform,0.2,12,D6-uniform_e20_r012,0.864406779661017,0.864406779661017,0.18666666666666668
1e,G1-small20,0.0,42,G1-small20_e00_r042,0.9,0.9,0.02
1,D6-uniform,0.1,12,D6-uniform_e10_r012,0.9368029739776952,0.9368029739776952,0.10333333333333333
1,D6-uniform,0.3,12,D6-uniform_e30_r012,0.9174311926605505,0.9174311926605505,0.23666666666666666
1e,G1-small20,0.2,42,G1-small20_e20_r042,0.5541666666666667,0.5541666666666667,0.20666666666666667
1e,G1-small20,0.1,42,G1-small20_e10_r042,0.5074626865671642,0.9029850746268657,0.11333333333333333
1g,G1f-small20,0.1,42,G1f-small20_e10_r042,0.9407407407407408,0.9407407407407408,0.10666666666666667
1g,G5-small15-par,0.2,40,G5-small15-par_e20_r040,0.5601659751037344,0.995850622406639,0.19666666666666666
1e,G1-small20,0.3,42,G1-small20_e30_r042,0.5436893203883495,0.5436893203883495,0.38666666666666666
1g,G1f-small20,0.2,42,G1f-small20_e20_r042,0.5172413793103449,0.9094827586206896,0.22666666666666666
1b,D3-unequal,0.25,21,D3-unequal_e25_r021,0.9134199134199135,0.9134199134199135,0.23666666666666666
1e,G2-small15,0.0,41,G2-small15_e00_r041,0.5633333333333334,0.88,0.06666666666666667
1b,D3-unequal,0.3,21,D3-unequal_e30_r021,0.9142857142857143,0.9142857142857143,0.3
1e,G2-small15,0.2,41,G2-small15_e20_r041,0.5240174672489083,0.5240174672489083,0.2866666666666667
1g,G2f-small15,0.0,41,G2f-small15_e00_r041,0.5166666666666667,0.91,0.02
1g,G5-small15-par,0.0,41,G5-small15-par_e00_r041,1.0,1.0,0.0033333333333333335
1b,D3-unequal,0.35,21,D3-unequal_e35_r021,0.9230769230769231,0.9230769230769231,0.35
1g,G4-small20-p3,0.1,38,G4-small20-p3_e10_r038,0.9440298507462687,0.9440298507462687,0.11333333333333333
1e,G3-cluster,0.0,42,G3-cluster_e00_r042,0.93,0.93,0.013333333333333334
1b,D2-K3par,0.25,21,D2-K3par_e25_r021,0.8963963963963963,0.8963963963963963,0.26
1g,G2f-small15,0.1,41,G2f-small15_e10_r041,0.5259259259259259,0.8888888888888888,0.10666666666666667
1e,G3-cluster,0.1,42,G3-cluster_e10_r042,0.8996282527881041,0.8996282527881041,0.12
1b,D4-hetero,0.25,21,D4-hetero_e25_r021,0.9043478260869565,0.9043478260869565,0.24333333333333335
1b,D4-hetero,0.3,21,D4-hetero_e30_r021,0.926605504587156,0.926605504587156,0.28
1g,G4-small20-p3,0.1,37,G4-small20-p3_e10_r037,0.5410447761194029,0.9067164179104478,0.11333333333333333
1g,G4-small20-p3,0.2,38,G4-small20-p3_e20_r038,0.6764705882352942,0.6764705882352942,0.2633333333333333
1e,G2-small15,0.1,41,G2-small15_e10_r041,0.5714285714285714,0.9135338345864662,0.11666666666666667
1e,G2-small15,0.3,42,G2-small15_e30_r042,0.8426395939086294,0.8426395939086294,0.22333333333333333
1b,D2-K3par,0.3,21,D2-K3par_e30_r021,0.9323671497584541,0.9323671497584541,0.31
1g,G2f-small15,0.2,41,G2f-small15_e20_r041,0.5163934426229508,0.9057377049180327,0.19
1b,D7-p3,0.3,20,D7-p3_e30_r020,0.9068627450980392,0.9068627450980392,0.32
1g,G4-small20-p3,0.0,39,G4-small20-p3_e00_r039,0.9333333333333333,0.9333333333333333,0.02666666666666667
1e,G2-small15,0.3,41,G2-small15_e30_r041,0.52,0.9333333333333333,0.24666666666666667
1e,G3-cluster,0.2,42,G3-cluster_e20_r042,0.5414847161572053,0.5414847161572053,0.02666666666666667
1,D8-K2par-sep,0.0,12,D8-K2par-sep_e00_r012,1.0,1.0,0.0033333333333333335
1e,G3-cluster,0.3,42,G3-cluster_e30_r042,0.5571428571428572,0.5571428571428572,0.023333333333333334
1b,D4-hetero,0.35,21,D4-hetero_e35_r021,0.93,0.93,0.33666666666666667
1b,D2-K3par,0.35,21,D2-K3par_e35_r021,0.6736842105263158,0.6736842105263158,0.17666666666666667
1b,D5-leverage,0.25,21,D5-leverage_e25_r021,0.5429864253393665,0.5429864253393665,0.07666666666666666
1b,D5-leverage,0.3,21,D5-leverage_e30_r021,0.5211267605633803,0.5211267605633803,0.013333333333333334
1b,D7-p3,0.25,20,D7-p3_e25_r020,0.944954128440367,0.944954128440367,0.2866666666666667
1,D8-K2par-sep,0.05,12,D8-K2par-sep_e05_r012,1.0,1.0,0.04
1g,G2f-small15,0.0,42,G2f-small15_e00_r042,0.5333333333333333,0.8966666666666666,0.013333333333333334
1g,G5-small15-par,0.2,41,G5-small15-par_e20_r041,0.5358649789029536,0.5358649789029536,0.32666666666666666
1,D8-K2par-sep,0.1,12,D8-K2par-sep_e10_r012,1.0,1.0,0.11666666666666667
1b,D5-leverage,0.35,21,D5-leverage_e35_r021,0.5052631578947369,0.5052631578947369,0.023333333333333334
1b,D7-p3,0.35,20,D7-p3_e35_r020,0.9085714285714286,0.9085714285714286,0.4166666666666667
1g,G4-small20-p3,0.2,39,G4-small20-p3_e20_r039,0.8739495798319328,0.8739495798319328,0.20666666666666667
1g,G5-small15-par,0.1,41,G5-small15-par_e10_r041,0.5416666666666666,1.0,0.12333333333333334
1,D8-K2par-sep,0.2,12,D8-K2par-sep_e20_r012,1.0,1.0,0.21
1,D8-K2par-sep,0.3,12,D8-K2par-sep_e30_r012,1.0,1.0,0.30666666666666664
1b,D6-uniform,0.25,21,D6-uniform_e25_r021,0.5049019607843137,0.5049019607843137,0.0
1,D1-K2cross,0.0,13,D1-K2cross_e00_r013,0.91,0.91,0.016666666666666666
1e,G1-small20,0.0,43,G1-small20_e00_r043,0.5533333333333333,0.93,0.006666666666666667
1g,G1f-small20,0.0,43,G1f-small20_e00_r043,0.88,0.88,0.043333333333333335
1b,D6-uniform,0.3,21,D6-uniform_e30_r021,0.5428571428571428,0.5428571428571428,0.0
1g,G4-small20-p3,0.1,39,G4-small20-p3_e10_r039,0.9236641221374046,0.9236641221374046,0.13333333333333333
1,D1-K2cross,0.05,13,D1-K2cross_e05_r013,0.916955017301038,0.916955017301038,0.05
1b,D6-uniform,0.35,21,D6-uniform_e35_r021,0.5408163265306123,0.5408163265306123,0.0
1g,G1f-small20,0.1,43,G1f-small20_e10_r043,0.9067164179104478,0.9067164179104478,0.12666666666666668
1e,G2-small15,0.0,42,G2-small15_e00_r042,0.55,0.8666666666666667,0.04
1e,G1-small20,0.1,43,G1-small20_e10_r043,0.8777777777777778,0.8777777777777778,0.10666666666666667
1,D1-K2cross,0.1,13,D1-K2cross_e10_r013,0.9042145593869731,0.9042145593869731,0.14
1e,G1-small20,0.2,43,G1-small20_e20_r043,0.9356223175965666,0.9356223175965666,0.22333333333333333
1g,G1f-small20,0.2,43,G1f-small20_e20_r043,0.9367088607594937,0.9367088607594937,0.21
1e,G1-small20,0.3,43,G1-small20_e30_r043,0.6192660550458715,0.6192660550458715,0.3466666666666667
1,D1-K2cross,0.2,13,D1-K2cross_e20_r013,0.9191489361702128,0.9191489361702128,0.21666666666666667
1g,G2f-small15,0.2,42,G2f-small15_e20_r042,0.508130081300813,0.9186991869918699,0.18333333333333332
1e,G3-cluster,0.0,43,G3-cluster_e00_r043,0.91,0.91,0.016666666666666666
1g,G2f-small15,0.1,42,G2f-small15_e10_r042,0.5054545454545455,0.9163636363636364,0.09666666666666666
1,D1-K2cross,0.3,13,D1-K2cross_e30_r013,0.8790697674418605,0.8790697674418605,0.2833333333333333
1b,D8-K2par-sep,0.25,21,D8-K2par-sep_e25_r021,1.0,1.0,0.2833333333333333
1b,D8-K2par-sep,0.3,21,D8-K2par-sep_e30_r021,0.9948717948717949,0.9948717948717949,0.35
1e,G3-cluster,0.1,43,G3-cluster_e10_r043,0.9026217228464419,0.9026217228464419,0.12333333333333334
1e,G3-cluster,0.2,43,G3-cluster_e20_r043,0.9094650205761317,0.9094650205761317,0.26666666666666666
1,D7-p3,0.0,12,D7-p3_e00_r012,0.9333333333333333,0.9333333333333333,0.023333333333333334
1e,G2-small15,0.1,42,G2-small15_e10_r042,0.5534351145038168,0.9007633587786259,0.13666666666666666
1e,G3-cluster,0.3,43,G3-cluster_e30_r043,0.5024154589371981,0.5024154589371981,0.043333333333333335
1b,D8-K2par-sep,0.35,21,D8-K2par-sep_e35_r021,1.0,1.0,0.36
1,D7-p3,0.05,12,D7-p3_e05_r012,0.911660777385159,0.911660777385159,0.07
1g,G5-small15-par,0.0,42,G5-small15-par_e00_r042,0.58,0.9933333333333333,0.01
1g,G4-small20-p3,0.0,40,G4-small20-p3_e00_r040,0.9266666666666666,0.9266666666666666,0.013333333333333334
1b,D1-K2cross,0.25,22,D1-K2cross_e25_r022,0.8968609865470852,0.8968609865470852,0.25666666666666665
1,D2-K3par,0.0,13,D2-K3par_e00_r013,0.9166666666666666,0.9166666666666666,0.0033333333333333335
1b,D1-K2cross,0.3,22,D1-K2cross_e30_r022,0.9234449760765551,0.9234449760765551,0.30333333333333334
1e,G2-small15,0.2,42,G2-small15_e20_r042,0.8906882591093117,0.8906882591093117,0.17666666666666667
1,D7-p3,0.2,12,D7-p3_e20_r012,0.9102040816326531,0.9102040816326531,0.18333333333333332
1g,G1f-small20,0.0,44,G1f-small20_e00_r044,0.91,0.91,0.016666666666666666
1,D3-unequal,0.0,13,D3-unequal_e00_r013,0.9066666666666666,0.9066666666666666,0.03333333333333333
1,D2-K3par,0.05,13,D2-K3par_e05_r013,0.9270833333333334,0.9270833333333334,0.043333333333333335
1,D2-K3par,0.1,13,D2-K3par_e10_r013,0.8782287822878229,0.8782287822878229,0.09666666666666666
1e,G1-small20,0.0,44,G1-small20_e00_r044,0.53,0.8933333333333333,0.0
1b,D1-K2cross,0.35,22,D1-K2cross_e35_r022,0.9072164948453608,0.9072164948453608,0.35333333333333333
1g,G5-small15-par,0.2,42,G5-small15-par_e20_r042,0.5387755102040817,1.0,0.18666666666666668
1,D3-unequal,0.05,13,D3-unequal_e05_r013,0.9110320284697508,0.9110320284697508,0.08333333333333333
1e,G1-small20,0.1,44,G1-small20_e10_r044,0.9014598540145985,0.9014598540145985,0.08666666666666667
1e,G2-small15,0.0,43,G2-small15_e00_r043,0.5433333333333333,0.8833333333333333,0.02666666666666667
1,D7-p3,0.3,12,D7-p3_e30_r012,0.9116279069767442,0.9116279069767442,0.2866666666666667
1g,G2f-small15,0.0,43,G2f-small15_e00_r043,0.5266666666666666,0.9166666666666666,0.016666666666666666
1g,G1f-small20,0.1,44,G1f-small20_e10_r044,0.5912408759124088,0.8978102189781022,0.10333333333333333
1g,G4-small20-p3,0.1,40,G4-small20-p3_e10_r040,0.9104477611940298,0.9104477611940298,0.12
1g,G1f-small20,0.2,44,G1f-small20_e20_r044,0.940677966101695,0.940677966101695,0.21666666666666667
1,D3-unequal,0.2,13,D3-unequal_e20_r013,0.8907563025210085,0.8907563025210085,0.20666666666666667
1,D2-K3par,0.2,13,D2-K3par_e20_r013,0.8771929824561403,0.8771929824561403,0.24
1,D3-unequal,0.1,13,D3-unequal_e10_r013,0.9015151515151515,0.9015151515151515,0.13333333333333333
1e,G1-small20,0.2,44,G1-small20_e20_r044,0.5569620253164557,0.9240506329113924,0.21
1,D3-unequal,0.3,13,D3-unequal_e30_r013,0.933649289099526,0.933649289099526,0.2966666666666667
1e,G1-small20,0.3,44,G1-small20_e30_r044,0.7874396135265701,0.7874396135265701,0.23333333333333334
1b,D3-unequal,0.25,22,D3-unequal_e25_r022,0.90625,0.90625,0.25333333333333335
1,D7-p3,0.1,12,D7-p3_e10_r012,0.9274809160305344,0.9274809160305344,0.13
1g,G2f-small15,0.1,43,G2f-small15_e10_r043,0.8888888888888888,0.8888888888888888,0.13666666666666666
1,D2-K3par,0.3,13,D2-K3par_e30_r013,0.9043062200956937,0.9043062200956937,0.30333333333333334
1,D4-hetero,0.0,13,D4-hetero_e00_r013,0.9133333333333333,0.9133333333333333,0.02
1g,G2f-small15,0.2,43,G2f-small15_e20_r043,0.6794871794871795,0.905982905982906,0.22666666666666666
1e,G2-small15,0.1,43,G2-small15_e10_r043,0.5202952029520295,0.915129151291513,0.12
1e,G2-small15,0.2,43,G2-small15_e20_r043,0.5220883534136547,0.927710843373494,0.17333333333333334
1e,G3-cluster,0.0,44,G3-cluster_e00_r044,0.91,0.91,0.023333333333333334
1g,G5-small15-par,0.1,42,G5-small15-par_e10_r042,0.596958174904943,0.9961977186311787,0.12333333333333334
1e,G2-small15,0.3,43,G2-small15_e30_r043,0.6126126126126126,0.6126126126126126,0.31
1,D4-hetero,0.05,13,D4-hetero_e05_r013,0.9241379310344827,0.9241379310344827,0.07666666666666666
1b,D3-unequal,0.35,22,D3-unequal_e35_r022,0.9545454545454546,0.9545454545454546,0.3433333333333333
1b,D3-unequal,0.3,22,D3-unequal_e30_r022,0.9030837004405287,0.9030837004405287,0.24333333333333335
1e,G3-cluster,0.1,44,G3-cluster_e10_r044,0.9330855018587361,0.9330855018587361,0.11666666666666667
1,D4-hetero,0.1,13,D4-hetero_e10_r013,0.9034749034749034,0.9034749034749034,0.16
1,D4-hetero,0.2,13,D4-hetero_e20_r013,0.9357429718875502,0.9357429718875502,0.18333333333333332
1b,D4-hetero,0.25,22,D4-hetero_e25_r022,0.8728070175438597,0.8728070175438597,0.25
1e,G3-cluster,0.2,44,G3-cluster_e20_r044,0.5288888888888889,0.5288888888888889,0.0
1,D4-hetero,0.3,13,D4-hetero_e30_r013,0.9186602870813397,0.9186602870813397,0.30666666666666664
1g,G4-small20-p3,0.2,40,G4-small20-p3_e20_r040,0.941908713692946,0.941908713692946,0.21333333333333335
1b,D4-hetero,0.3,22,D4-hetero_e30_r022,0.9227272727272727,0.9227272727272727,0.26666666666666666
1b,D4-hetero,0.35,22,D4-hetero_e35_r022,0.9015544041450777,0.9015544041450777,0.3566666666666667
1g,G4-small20-p3,0.0,41,G4-small20-p3_e00_r041,0.9133333333333333,0.9133333333333333,0.02
1b,D7-p3,0.3,21,D7-p3_e30_r021,0.9242424242424242,0.9242424242424242,0.34
1b,D7-p3,0.25,21,D7-p3_e25_r021,0.9152542372881356,0.9152542372881356,0.21666666666666667
1,D5-leverage,0.0,13,D5-leverage_e00_r013,0.9433333333333334,0.9433333333333334,0.04
1b,D5-leverage,0.25,22,D5-leverage_e25_r022,0.8464912280701754,0.8464912280701754,0.24
1e,G3-cluster,0.3,44,G3-cluster_e30_r044,0.5377358490566038,0.5377358490566038,0.043333333333333335
1b,D5-leverage,0.3,22,D5-leverage_e30_r022,0.5049019607843137,0.5049019607843137,0.006666666666666667
1,D5-leverage,0.1,13,D5-leverage_e10_r013,0.9227941176470589,0.9227941176470589,0.09333333333333334
1g,G5-small15-par,0.0,43,G5-small15-par_e00_r043,0.58,1.0,0.006666666666666667
1,D5-leverage,0.05,13,D5-leverage_e05_r013,0.9184397163120568,0.9184397163120568,0.07
1b,D7-p3,0.35,21,D7-p3_e35_r021,0.8994708994708994,0.8994708994708994,0.37
1,D5-leverage,0.2,13,D5-leverage_e20_r013,0.9285714285714286,0.9285714285714286,0.20666666666666667
1b,D2-K3par,0.25,22,D2-K3par_e25_r022,0.6784140969162996,0.6784140969162996,0.11666666666666667
1b,D6-uniform,0.25,22,D6-uniform_e25_r022,0.8874458874458875,0.8874458874458875,0.18666666666666668
1b,D5-leverage,0.35,22,D5-leverage_e35_r022,0.546875,0.546875,0.006666666666666667
1e,G1-small20,0.0,45,G1-small20_e00_r045,0.8966666666666666,0.8966666666666666,0.02
1g,G5-small15-par,0.2,43,G5-small15-par_e20_r043,0.6184738955823293,1.0,0.17
1,D5-leverage,0.3,13,D5-leverage_e30_r013,0.9095022624434389,0.9095022624434389,0.2633333333333333
1b,D6-uniform,0.3,22,D6-uniform_e30_r022,0.5440414507772021,0.5440414507772021,0.0
1g,G1f-small20,0.0,45,G1f-small20_e00_r045,0.92,0.92,0.023333333333333334
1,D6-uniform,0.0,13,D6-uniform_e00_r013,0.9,0.9,0.013333333333333334
1b,D2-K3par,0.35,22,D2-K3par_e35_r022,0.3711340206185567,0.3711340206185567,0.0
1b,D6-uniform,0.35,22,D6-uniform_e35_r022,0.5124378109452736,0.5124378109452736,0.0
1g,G4-small20-p3,0.1,41,G4-small20-p3_e10_r041,0.8888888888888888,0.8888888888888888,0.11333333333333333
1g,G1f-small20,0.1,45,G1f-small20_e10_r045,0.8966789667896679,0.8966789667896679,0.09666666666666666
1,D6-uniform,0.05,13,D6-uniform_e05_r013,0.9366197183098591,0.9366197183098591,0.06666666666666667
1e,G1-small20,0.2,45,G1-small20_e20_r045,0.5232067510548524,0.5232067510548524,0.34
1e,G1-small20,0.1,45,G1-small20_e10_r045,0.9049429657794676,0.9049429657794676,0.12666666666666668
1,D6-uniform,0.1,13,D6-uniform_e10_r013,0.916058394160584,0.916058394160584,0.08666666666666667
1g,G1f-small20,0.2,45,G1f-small20_e20_r045,0.548936170212766,0.9063829787234042,0.22
1e,G1-small20,0.3,45,G1-small20_e30_r045,0.7033492822966507,0.7033492822966507,0.33
1b,D2-K3par,0.3,22,D2-K3par_e30_r022,0.6728971962616822,0.6728971962616822,0.13333333333333333
1g,G2f-small15,0.0,44,G2f-small15_e00_r044,0.5433333333333333,0.8866666666666667,0.04666666666666667
1e,G3-cluster,0.0,45,G3-cluster_e00_r045,0.9266666666666666,0.9266666666666666,0.01
1e,G2-small15,0.0,44,G2-small15_e00_r044,0.5166666666666667,0.9333333333333333,0.02666666666666667
1,D6-uniform,0.2,13,D6-uniform_e20_r013,0.9352226720647774,0.9352226720647774,0.18
1e,G3-cluster,0.1,45,G3-cluster_e10_r045,0.8984962406015038,0.8984962406015038,0.13
1,D6-uniform,0.3,13,D6-uniform_e30_r013,0.5048543689320388,0.5048543689320388,0.0
1g,G5-small15-par,0.1,43,G5-small15-par_e10_r043,0.9962825278810409,0.9962825278810409,0.11
1b,D8-K2par-sep,0.25,22,D8-K2par-sep_e25_r022,1.0,1.0,0.26
1b,D8-K2par-sep,0.3,22,D8-K2par-sep_e30_r022,1.0,1.0,0.3566666666666667
1g,G5-small15-par,0.0,44,G5-small15-par_e00_r044,0.6166666666666667,0.9933333333333333,0.0
1e,G3-cluster,0.2,45,G3-cluster_e20_r045,0.5173913043478261,0.5173913043478261,0.03333333333333333
1b,D8-K2par-sep,0.35,22,D8-K2par-sep_e35_r022,1.0,1.0,0.37
1e,G3-cluster,0.3,45,G3-cluster_e30_r045,0.5353982300884956,0.5353982300884956,0.0033333333333333335
1e,G2-small15,0.1,44,G2-small15_e10_r044,0.9163636363636364,0.9163636363636364,0.09333333333333334
1b,D1-K2cross,0.25,23,D1-K2cross_e25_r023,0.9094827586206896,0.9094827586206896,0.22666666666666666
1g,G2f-small15,0.2,44,G2f-small15_e20_r044,0.5708333333333333,0.9,0.20333333333333334
1g,G2f-small15,0.1,44,G2f-small15_e10_r044,0.5375939849624061,0.9210526315789473,0.12666666666666668
1e,G2-small15,0.2,44,G2-small15_e20_r044,0.5546875,0.9375,0.15333333333333332
1e,G2-small15,0.3,44,G2-small15_e30_r044,0.6164383561643836,0.6164383561643836,0.31666666666666665
1g,G4-small20-p3,0.2,41,G4-small20-p3_e20_r041,0.5274261603375527,0.5274261603375527,0.2966666666666667
1b,D1-K2cross,0.3,23,D1-K2cross_e30_r023,0.9004524886877828,0.9004524886877828,0.2633333333333333
1g,G5-small15-par,0.1,44,G5-small15-par_e10_r044,1.0,1.0,0.07333333333333333
1g,G4-small20-p3,0.1,42,G4-small20-p3_e10_r042,0.9285714285714286,0.9285714285714286,0.12
1b,D1-K2cross,0.35,23,D1-K2cross_e35_r023,0.8622448979591837,0.8622448979591837,0.3466666666666667
1e,G1-small20,0.0,46,G1-small20_e00_r046,0.88,0.88,0.01
1g,G1f-small20,0.0,46,G1f-small20_e00_r046,0.5633333333333334,0.9133333333333333,0.02666666666666667
1,D8-K2par-sep,0.0,13,D8-K2par-sep_e00_r013,0.9966666666666667,0.9966666666666667,0.01
1g,G5-small15-par,0.2,44,G5-small15-par_e20_r044,1.0,1.0,0.19666666666666666
1e,G2-small15,0.3,45,G2-small15_e30_r045,0.8341232227488151,0.8341232227488151,0.18
1e,G1-small20,0.1,46,G1-small20_e10_r046,0.9077490774907749,0.9077490774907749,0.09666666666666666
1,D8-K2par-sep,0.05,13,D8-K2par-sep_e05_r013,1.0,1.0,0.043333333333333335
1e,G1-small20,0.2,46,G1-small20_e20_r046,0.9076305220883534,0.9076305220883534,0.17333333333333334
1e,G1-small20,0.3,46,G1-small20_e30_r046,0.8316831683168316,0.8316831683168316,0.20333333333333334
1g,G1f-small20,0.1,46,G1f-small20_e10_r046,0.9230769230769231,0.9230769230769231,0.09666666666666666
1e,G2-small15,0.1,45,G2-small15_e10_r045,0.5018181818181818,0.8909090909090909,0.08666666666666667
1e,G2-small15,0.0,45,G2-small15_e00_r045,0.5266666666666666,0.9066666666666666,0.02
1g,G2f-small15,0.0,45,G2f-small15_e00_r045,0.58,0.9266666666666666,0.023333333333333334
1g,G1f-small20,0.2,46,G1f-small20_e20_r046,0.90234375,0.90234375,0.14666666666666667
1,D8-K2par-sep,0.1,13,D8-K2par-sep_e10_r013,1.0,1.0,0.11
1g,G5-small15-par,0.0,45,G5-small15-par_e00_r045,1.0,1.0,0.006666666666666667
1,D8-K2par-sep,0.2,13,D8-K2par-sep_e20_r013,1.0,1.0,0.22
1g,G2f-small15,0.2,45,G2f-small15_e20_r045,0.556,0.92,0.17
1b,D3-unequal,0.25,23,D3-unequal_e25_r023,0.8995633187772926,0.8995633187772926,0.23666666666666666
1,D8-K2par-sep,0.3,13,D8-K2par-sep_e30_r013,1.0,1.0,0.36666666666666664
1b,D3-unequal,0.3,23,D3-unequal_e30_r023,0.8767123287671232,0.8767123287671232,0.27
1b,D2-K3par,0.25,23,D2-K3par_e25_r023,0.8978723404255319,0.8978723404255319,0.21666666666666667
1g,G2f-small15,0.1,45,G2f-small15_e10_r045,0.6074074074074074,0.9185185185185185,0.11333333333333333
1,D1-K2cross,0.0,14,D1-K2cross_e00_r014,0.92,0.92,0.006666666666666667
1e,G2-small15,0.2,45,G2-small15_e20_r045,0.5276595744680851,0.9063829787234042,0.21666666666666667
1g,G4-small20-p3,0.0,43,G4-small20-p3_e00_r043,0.9266666666666666,0.9266666666666666,0.0
1b,D3-unequal,0.35,23,D3-unequal_e35_r023,0.7164948453608248,0.7164948453608248,0.25333333333333335
1g,G5-small15-par,0.1,45,G5-small15-par_e10_r045,0.5904059040590406,1.0,0.1
1e,G3-cluster,0.0,46,G3-cluster_e00_r046,0.9266666666666666,0.9266666666666666,0.016666666666666666
1e,G3-cluster,0.1,46,G3-cluster_e10_r046,0.8823529411764706,0.8823529411764706,0.1
1,D1-K2cross,0.05,14,D1-K2cross_e05_r014,0.8969072164948454,0.8969072164948454,0.05
1b,D4-hetero,0.25,23,D4-hetero_e25_r023,0.9111111111111111,0.9111111111111111,0.25333333333333335
1g,G4-small20-p3,0.0,42,G4-small20-p3_e00_r042,0.5833333333333334,0.9166666666666666,0.016666666666666666
1e,G3-cluster,0.2,46,G3-cluster_e20_r046,0.8821138211382114,0.8821138211382114,0.30666666666666664
1g,G5-small15-par,0.2,45,G5-small15-par_e20_r045,0.5278969957081545,0.5278969957081545,0.35
1,D1-K2cross,0.1,14,D1-K2cross_e10_r014,0.9157509157509157,0.9157509157509157,0.11
1b,D4-hetero,0.3,23,D4-hetero_e30_r023,0.8899082568807339,0.8899082568807339,0.27666666666666667
1,D1-K2cross,0.2,14,D1-K2cross_e20_r014,0.9063829787234042,0.9063829787234042,0.21666666666666667
1b,D4-hetero,0.35,23,D4-hetero_e35_r023,0.8969072164948454,0.8969072164948454,0.3566666666666667
1b,D7-p3,0.35,22,D7-p3_e35_r022,0.8865979381443299,0.8865979381443299,0.35333333333333333
1e,G3-cluster,0.3,46,G3-cluster_e30_r046,0.5458937198067633,0.5458937198067633,0.08
1b,D5-leverage,0.25,23,D5-leverage_e25_r023,0.5114155251141552,0.5114155251141552,0.14
1,D1-K2cross,0.3,14,D1-K2cross_e30_r014,0.8792270531400966,0.8792270531400966,0.31
1b,D7-p3,0.3,22,D7-p3_e30_r022,0.9245283018867925,0.9245283018867925,0.30666666666666664
1b,D5-leverage,0.3,23,D5-leverage_e30_r023,0.5024630541871922,0.5024630541871922,0.0
1b,D5-leverage,0.35,23,D5-leverage_e35_r023,0.5027027027027027,0.5027027027027027,0.023333333333333334
1g,G2f-small15,0.0,46,G2f-small15_e00_r046,0.55,0.9266666666666666,0.02
1b,D2-K3par,0.3,23,D2-K3par_e30_r023,0.6069651741293532,0.6069651741293532,0.16
1,D7-p3,0.05,13,D7-p3_e05_r013,0.916083916083916,0.916083916083916,0.06333333333333334
1,D7-p3,0.0,13,D7-p3_e00_r013,0.9033333333333333,0.9033333333333333,0.03
1e,G1-small20,0.0,47,G1-small20_e00_r047,0.95,0.95,0.02
1g,G4-small20-p3,0.2,42,G4-small20-p3_e20_r042,0.5188284518828452,0.5188284518828452,0.29
1g,G1f-small20,0.0,47,G1f-small20_e00_r047,0.5166666666666667,0.9266666666666666,0.02
1,D7-p3,0.1,13,D7-p3_e10_r013,0.9219330855018587,0.9219330855018587,0.13333333333333333
1e,G1-small20,0.1,47,G1-small20_e10_r047,0.9101123595505618,0.9101123595505618,0.11666666666666667
1b,D2-K3par,0.35,23,D2-K3par_e35_r023,0.6868686868686869,0.6868686868686869,0.17
1e,G2-small15,0.0,46,G2-small15_e00_r046,0.9166666666666666,0.9166666666666666,0.016666666666666666
1b,D6-uniform,0.25,23,D6-uniform_e25_r023,0.9117647058823529,0.9117647058823529,0.19333333333333333
1b,D6-uniform,0.3,23,D6-uniform_e30_r023,0.9324324324324325,0.9324324324324325,0.16
1g,G1f-small20,0.1,47,G1f-small20_e10_r047,0.5204460966542751,0.9442379182156134,0.11
1e,G1-small20,0.2,47,G1-small20_e20_r047,0.9142857142857143,0.9142857142857143,0.18666666666666668
1b,D6-uniform,0.35,23,D6-uniform_e35_r023,0.905,0.905,0.05333333333333334
1,D3-unequal,0.0,14,D3-unequal_e00_r014,0.9,0.9,0.02
1,D7-p3,0.3,13,D7-p3_e30_r013,0.9425837320574163,0.9425837320574163,0.31333333333333335
1,D2-K3par,0.0,14,D2-K3par_e00_r014,0.91,0.91,0.006666666666666667
1,D2-K3par,0.05,14,D2-K3par_e05_r014,0.9090909090909091,0.9090909090909091,0.05
1e,G1-small20,0.3,47,G1-small20_e30_r047,0.5497630331753555,0.5497630331753555,0.38
1b,D7-p3,0.25,22,D7-p3_e25_r022,0.9118942731277533,0.9118942731277533,0.24333333333333335
1g,G1f-small20,0.2,47,G1f-small20_e20_r047,0.5756302521008403,0.9117647058823529,0.22333333333333333
1g,G2f-small15,0.2,46,G2f-small15_e20_r046,0.5042372881355932,0.8983050847457628,0.22
1,D3-unequal,0.05,14,D3-unequal_e05_r014,0.9192982456140351,0.9192982456140351,0.07
1,D3-unequal,0.1,14,D3-unequal_e10_r014,0.9213483146067416,0.9213483146067416,0.12
1e,G3-cluster,0.0,47,G3-cluster_e00_r047,0.8766666666666667,0.8766666666666667,0.03666666666666667
1e,G2-small15,0.2,46,G2-small15_e20_r046,0.8663967611336032,0.8663967611336032,0.18
1,D7-p3,0.2,13,D7-p3_e20_r013,0.9213973799126638,0.9213973799126638,0.26666666666666666
1,D3-unequal,0.2,14,D3-unequal_e20_r014,0.92,0.92,0.25
1,D2-K3par,0.1,14,D2-K3par_e10_r014,0.9107806691449815,0.9107806691449815,0.10333333333333333
1b,D8-K2par-sep,0.25,23,D8-K2par-sep_e25_r023,1.0,1.0,0.27666666666666667
1g,G5-small15-par,0.0,46,G5-small15-par_e00_r046,0.6133333333333333,0.9966666666666667,0.013333333333333334
1e,G3-cluster,0.1,47,G3-cluster_e10_r047,0.9307692307692308,0.9307692307692308,0.18333333333333332
1b,D8-K2par-sep,0.3,23,D8-K2par-sep_e30_r023,1.0,1.0,0.2833333333333333
1g,G2f-small15,0.1,46,G2f-small15_e10_r046,0.532608695652174,0.894927536231884,0.09333333333333334
1,D3-unequal,0.3,14,D3-unequal_e30_r014,0.9154228855721394,0.9154228855721394,0.33
1e,G3-cluster,0.2,47,G3-cluster_e20_r047,0.5107296137339056,0.5107296137339056,0.013333333333333334
1e,G2-small15,0.1,46,G2-small15_e10_r046,0.5409252669039146,0.9217081850533808,0.07333333333333333
1g,G5-small15-par,0.2,46,G5-small15-par_e20_r046,0.5774058577405857,0.5774058577405857,0.32
1,D2-K3par,0.2,14,D2-K3par_e20_r014,0.9221311475409836,0.9221311475409836,0.18666666666666668
1,D2-K3par,0.3,14,D2-K3par_e30_r014,0.9186602870813397,0.9186602870813397,0.30333333333333334
1,D4-hetero,0.0,14,D4-hetero_e00_r014,0.9433333333333334,0.9433333333333334,0.02666666666666667
1b,D8-K2par-sep,0.35,23,D8-K2par-sep_e35_r023,0.9946524064171123,0.9946524064171123,0.37666666666666665
1g,G4-small20-p3,0.0,44,G4-small20-p3_e00_r044,0.9566666666666667,0.9566666666666667,0.016666666666666666
1g,G5-small15-par,0.1,46,G5-small15-par_e10_r046,0.575,1.0,0.08333333333333333
1,D4-hetero,0.05,14,D4-hetero_e05_r014,0.8788927335640139,0.8788927335640139,0.07
1e,G3-cluster,0.3,47,G3-cluster_e30_r047,0.5288461538461539,0.5288461538461539,0.14333333333333334
1g,G4-small20-p3,0.1,43,G4-small20-p3_e10_r043,0.8951310861423221,0.8951310861423221,0.12
1b,D1-K2cross,0.25,24,D1-K2cross_e25_r024,0.9163179916317992,0.9163179916317992,0.20666666666666667
1,D4-hetero,0.1,14,D4-hetero_e10_r014,0.9250936329588015,0.9250936329588015,0.13
1e,G2-small15,0.3,46,G2-small15_e30_r046,0.5348837209302325,0.5348837209302325,0.35
1b,D1-K2cross,0.3,24,D1-K2cross_e30_r024,0.8904109589041096,0.8904109589041096,0.27
1b,D1-K2cross,0.35,24,D1-K2cross_e35_r024,0.898989898989899,0.898989898989899,0.34
1,D4-hetero,0.3,14,D4-hetero_e30_r014,0.9193548387096774,0.9193548387096774,0.38333333333333336
1,D4-hetero,0.2,14,D4-hetero_e20_r014,0.9074889867841409,0.9074889867841409,0.25
1e,G1-small20,0.0,48,G1-small20_e00_r048,0.9266666666666666,0.9266666666666666,0.013333333333333334
1,D5-leverage,0.0,14,D5-leverage_e00_r014,0.9366666666666666,0.9366666666666666,0.006666666666666667
1g,G1f-small20,0.0,48,G1f-small20_e00_r048,0.5633333333333334,0.9133333333333333,0.006666666666666667
1,D5-leverage,0.05,14,D5-leverage_e05_r014,0.9225352112676056,0.9225352112676056,0.07
1e,G1-small20,0.1,48,G1-small20_e10_r048,0.9042553191489362,0.9042553191489362,0.07
1e,G2-small15,0.0,47,G2-small15_e00_r047,0.5133333333333333,0.93,0.02666666666666667
1,D5-leverage,0.1,14,D5-leverage_e10_r014,0.8801498127340824,0.8801498127340824,0.12
1g,G1f-small20,0.2,48,G1f-small20_e20_r048,0.9180327868852459,0.9180327868852459,0.19
1g,G1f-small20,0.1,48,G1f-small20_e10_r048,0.92,0.92,0.09666666666666666
1g,G2f-small15,0.0,47,G2f-small15_e00_r047,0.5533333333333333,0.8866666666666667,0.043333333333333335
1e,G1-small20,0.2,48,G1-small20_e20_r048,0.8982300884955752,0.8982300884955752,0.25333333333333335
1,D5-leverage,0.2,14,D5-leverage_e20_r014,0.9055793991416309,0.9055793991416309,0.22666666666666666
1b,D3-unequal,0.25,24,D3-unequal_e25_r024,0.9327354260089686,0.9327354260089686,0.25666666666666665
1b,D3-unequal,0.3,24,D3-unequal_e30_r024,0.8878504672897196,0.8878504672897196,0.2866666666666667
1g,G2f-small15,0.1,47,G2f-small15_e10_r047,0.9471698113207547,0.9471698113207547,0.12666666666666668
1e,G1-small20,0.3,48,G1-small20_e30_r048,0.6153846153846154,0.6153846153846154,0.37
1,D5-leverage,0.3,14,D5-leverage_e30_r014,0.5288461538461539,0.5288461538461539,0.04
1b,D3-unequal,0.35,24,D3-unequal_e35_r024,0.925531914893617,0.925531914893617,0.37
1g,G4-small20-p3,0.2,43,G4-small20-p3_e20_r043,0.5232067510548524,0.9282700421940928,0.21333333333333335
1e,G2-small15,0.3,47,G2-small15_e30_r047,0.5288461538461539,0.5288461538461539,0.37
1e,G2-small15,0.1,47,G2-small15_e10_r047,0.55,0.9384615384615385,0.14666666666666667
1,D6-uniform,0.0,14,D6-uniform_e00_r014,0.9233333333333333,0.9233333333333333,0.013333333333333334
1g,G2f-small15,0.2,47,G2f-small15_e20_r047,0.9043824701195219,0.9043824701195219,0.16666666666666666
1e,G3-cluster,0.0,48,G3-cluster_e00_r048,0.8966666666666666,0.8966666666666666,0.013333333333333334
1e,G3-cluster,0.1,48,G3-cluster_e10_r048,0.9074074074074074,0.9074074074074074,0.10666666666666667
1b,D2-K3par,0.25,24,D2-K3par_e25_r024,0.9174311926605505,0.9174311926605505,0.2733333333333333
1g,G4-small20-p3,0.2,45,G4-small20-p3_e20_r045,0.9246861924686193,0.9246861924686193,0.22
1b,D4-hetero,0.25,24,D4-hetero_e25_r024,0.925764192139738,0.925764192139738,0.25
1b,D4-hetero,0.3,24,D4-hetero_e30_r024,0.9252336448598131,0.9252336448598131,0.2866666666666667
1b,D2-K3par,0.3,24,D2-K3par_e30_r024,0.9022222222222223,0.9022222222222223,0.25
1g,G4-small20-p3,0.2,44,G4-small20-p3_e20_r044,0.8987341772151899,0.8987341772151899,0.21333333333333335
1,D6-uniform,0.1,14,D6-uniform_e10_r014,0.9044117647058824,0.9044117647058824,0.09333333333333334
1e,G3-cluster,0.2,48,G3-cluster_e20_r048,0.9336099585062241,0.9336099585062241,0.26666666666666666
1,D6-uniform,0.05,14,D6-uniform_e05_r014,0.8986013986013986,0.8986013986013986,0.05
1b,D5-leverage,0.25,24,D5-leverage_e25_r024,0.5045454545454545,0.5045454545454545,0.06666666666666667
1g,G5-small15-par,0.0,47,G5-small15-par_e00_r047,0.5466666666666666,1.0,0.0033333333333333335
1e,G3-cluster,0.3,48,G3-cluster_e30_r048,0.5634517766497462,0.5634517766497462,0.15333333333333332
1g,G4-small20-p3,0.0,45,G4-small20-p3_e00_r045,0.8866666666666667,0.8866666666666667,0.03333333333333333
1,D6-uniform,0.3,14,D6-uniform_e30_r014,0.5211267605633803,0.5211267605633803,0.0
1b,D4-hetero,0.35,24,D4-hetero_e35_r024,0.93048128342246,0.93048128342246,0.38666666666666666
1,D6-uniform,0.2,14,D6-uniform_e20_r014,0.9135802469135802,0.9135802469135802,0.18
1b,D5-leverage,0.3,24,D5-leverage_e30_r024,0.572139303482587,0.572139303482587,0.0033333333333333335
1e,G2-small15,0.2,47,G2-small15_e20_r047,0.6065573770491803,0.9221311475409836,0.19
1b,D7-p3,0.35,23,D7-p3_e35_r023,0.885,0.885,0.35
1b,D5-leverage,0.35,24,D5-leverage_e35_r024,0.574468085106383,0.574468085106383,0.0033333333333333335
1e,G1-small20,0.0,49,G1-small20_e00_r049,0.9066666666666666,0.9066666666666666,0.03
1g,G1f-small20,0.0,49,G1f-small20_e00_r049,0.9233333333333333,0.9233333333333333,0.006666666666666667
1b,D6-uniform,0.25,24,D6-uniform_e25_r024,0.8973214285714286,0.8973214285714286,0.18333333333333332
1e,G2-small15,0.0,48,G2-small15_e00_r048,0.53,0.8933333333333333,0.03
1b,D2-K3par,0.35,24,D2-K3par_e35_r024,0.37435897435897436,0.37435897435897436,0.006666666666666667
1b,D6-uniform,0.3,24,D6-uniform_e30_r024,0.8780487804878049,0.6,0.0
1g,G2f-small15,0.0,48,G2f-small15_e00_r048,0.51,0.9333333333333333,0.016666666666666666
1g,G5-small15-par,0.1,47,G5-small15-par_e10_r047,0.5425531914893617,1.0,0.09
1g,G1f-small20,0.1,49,G1f-small20_e10_r049,0.9133574007220217,0.9133574007220217,0.09
1e,G1-small20,0.1,49,G1-small20_e10_r049,0.9111111111111111,0.9111111111111111,0.1
1g,G4-small20-p3,0.1,45,G4-small20-p3_e10_r045,0.9169811320754717,0.9169811320754717,0.11666666666666667
1e,G1-small20,0.2,49,G1-small20_e20_r049,0.91701244813278,0.91701244813278,0.19666666666666666
1b,D6-uniform,0.35,24,D6-uniform_e35_r024,0.5,0.5,0.0
1e,G1-small20,0.3,49,G1-small20_e30_r049,0.5446009389671361,0.5446009389671361,0.38
1g,G1f-small20,0.2,49,G1f-small20_e20_r049,0.9369747899159664,0.9369747899159664,0.20666666666666667
1g,G2f-small15,0.1,48,G2f-small15_e10_r048,0.5075187969924813,0.9060150375939849,0.11333333333333333
1,D8-K2par-sep,0.0,14,D8-K2par-sep_e00_r014,1.0,1.0,0.016666666666666666
1b,D7-p3,0.25,23,D7-p3_e25_r023,0.8959276018099548,0.8959276018099548,0.26666666666666666
1e,G2-small15,0.2,48,G2-small15_e20_r048,0.5298804780876494,0.9083665338645418,0.16333333333333333
1g,G2f-small15,0.2,48,G2f-small15_e20_r048,0.5863453815261044,0.9076305220883534,0.18
1,D8-K2par-sep,0.05,14,D8-K2par-sep_e05_r014,0.9931740614334471,0.9931740614334471,0.04
1e,G2-small15,0.3,48,G2-small15_e30_r048,0.5024390243902439,0.5024390243902439,0.37333333333333335
1g,G5-small15-par,0.2,47,G5-small15-par_e20_r047,1.0,1.0,0.19666666666666666
1e,G3-cluster,0.0,49,G3-cluster_e00_r049,0.9266666666666666,0.9266666666666666,0.016666666666666666
1,D8-K2par-sep,0.1,14,D8-K2par-sep_e10_r014,1.0,1.0,0.10666666666666667
1e,G3-cluster,0.1,49,G3-cluster_e10_r049,0.9216417910447762,0.9216417910447762,0.10666666666666667
1g,G5-small15-par,0.0,48,G5-small15-par_e00_r048,1.0,1.0,0.02
1b,D8-K2par-sep,0.25,24,D8-K2par-sep_e25_r024,0.9956521739130435,0.9956521739130435,0.23666666666666666
1e,G3-cluster,0.2,49,G3-cluster_e20_r049,0.5042372881355932,0.5042372881355932,0.0
1,D8-K2par-sep,0.2,14,D8-K2par-sep_e20_r014,1.0,1.0,0.2633333333333333
1b,D8-K2par-sep,0.3,24,D8-K2par-sep_e30_r024,0.9954337899543378,0.9954337899543378,0.27
1,D8-K2par-sep,0.3,14,D8-K2par-sep_e30_r014,1.0,1.0,0.28
1b,D8-K2par-sep,0.35,24,D8-K2par-sep_e35_r024,1.0,1.0,0.33666666666666667
1e,G3-cluster,0.3,49,G3-cluster_e30_r049,0.5380710659898477,0.5380710659898477,0.02
1g,G4-small20-p3,0.0,46,G4-small20-p3_e00_r046,0.8933333333333333,0.8933333333333333,0.03333333333333333
1,D1-K2cross,0.0,15,D1-K2cross_e00_r015,0.9133333333333333,0.9133333333333333,0.02
1b,D7-p3,0.3,23,D7-p3_e30_r023,0.9383886255924171,0.9383886255924171,0.3
1e,G2-small15,0.1,48,G2-small15_e10_r048,0.50187265917603,0.9063670411985019,0.14
1b,D1-K2cross,0.3,25,D1-K2cross_e30_r025,0.8942307692307693,0.8942307692307693,0.30666666666666664
1b,D1-K2cross,0.25,25,D1-K2cross_e25_r025,0.9008620689655172,0.9008620689655172,0.22666666666666666
1,D1-K2cross,0.05,15,D1-K2cross_e05_r015,0.8961937716262975,0.8961937716262975,0.03666666666666667
1b,D1-K2cross,0.35,25,D1-K2cross_e35_r025,0.9081632653061225,0.9081632653061225,0.3466666666666667
1g,G2f-small15,0.0,49,G2f-small15_e00_r049,0.5133333333333333,0.9133333333333333,0.0033333333333333335
1,D1-K2cross,0.2,15,D1-K2cross_e20_r015,0.9224489795918367,0.9224489795918367,0.18333333333333332
1,D1-K2cross,0.3,15,D1-K2cross_e30_r015,0.9,0.9,0.3333333333333333
1,D1-K2cross,0.1,15,D1-K2cross_e10_r015,0.9025270758122743,0.9025270758122743,0.09666666666666666
1b,D3-unequal,0.25,25,D3-unequal_e25_r025,0.9513274336283186,0.9513274336283186,0.24666666666666667
1g,G5-small15-par,0.2,48,G5-small15-par_e20_r048,0.9956896551724138,0.9956896551724138,0.22666666666666666
1b,D3-unequal,0.3,25,D3-unequal_e30_r025,0.9032258064516129,0.9032258064516129,0.27666666666666667
1e,G2-small15,0.0,49,G2-small15_e00_r049,0.57,0.9033333333333333,0.04
1g,G4-small20-p3,0.1,44,G4-small20-p3_e10_r044,0.550185873605948,0.9107806691449815,0.12666666666666668
1b,D4-hetero,0.25,25,D4-hetero_e25_r025,0.9227272727272727,0.9227272727272727,0.28
1b,D3-unequal,0.35,25,D3-unequal_e35_r025,0.9197860962566845,0.9197860962566845,0.37666666666666665
1g,G2f-small15,0.1,49,G2f-small15_e10_r049,0.5776173285198556,0.9314079422382672,0.07666666666666666
1,D3-unequal,0.0,15,D3-unequal_e00_r015,0.8866666666666667,0.8866666666666667,0.016666666666666666
1g,G2f-small15,0.2,49,G2f-small15_e20_r049,0.5425101214574899,0.9352226720647774,0.17666666666666667
1,D3-unequal,0.05,15,D3-unequal_e05_r015,0.9,0.9,0.04
1b,D4-hetero,0.3,25,D4-hetero_e30_r025,0.9082125603864735,0.9082125603864735,0.31
1b,D4-hetero,0.35,25,D4-hetero_e35_r025,0.9214659685863874,0.9214659685863874,0.37
1,D3-unequal,0.1,15,D3-unequal_e10_r015,0.9188191881918819,0.9188191881918819,0.10333333333333333
1,D2-K3par,0.0,15,D2-K3par_e00_r015,0.9,0.9,0.013333333333333334
1,D2-K3par,0.1,15,D2-K3par_e10_r015,0.9124087591240876,0.9124087591240876,0.09
1b,D5-leverage,0.3,25,D5-leverage_e30_r025,0.5177664974619289,0.5177664974619289,0.013333333333333334
1b,D2-K3par,0.3,25,D2-K3par_e30_r025,0.8959276018099548,0.8959276018099548,0.2633333333333333
1b,D5-leverage,0.25,25,D5-leverage_e25_r025,0.518348623853211,0.518348623853211,0.056666666666666664
1,D2-K3par,0.05,15,D2-K3par_e05_r015,0.9375,0.9375,0.04
1e,G2-small15,0.2,49,G2-small15_e20_r049,0.9090909090909091,0.9090909090909091,0.23
1b,D5-leverage,0.35,25,D5-leverage_e35_r025,0.5024390243902439,0.5024390243902439,0.03333333333333333
1,D4-hetero,0.0,15,D4-hetero_e00_r015,0.91,0.91,0.06333333333333334
1b,D6-uniform,0.25,25,D6-uniform_e25_r025,0.8985507246376812,0.8985507246376812,0.17666666666666667
1,D7-p3,0.0,14,D7-p3_e00_r014,0.9166666666666666,0.9166666666666666,0.02666666666666667
1b,D6-uniform,0.3,25,D6-uniform_e30_r025,0.51,0.51,0.0
1,D3-unequal,0.3,15,D3-unequal_e30_r015,0.9108910891089109,0.9108910891089109,0.32666666666666666
1,D3-unequal,0.2,15,D3-unequal_e20_r015,0.926829268292683,0.926829268292683,0.18666666666666668
1g,G5-small15-par,0.1,48,G5-small15-par_e10_r048,0.9963235294117647,0.9963235294117647,0.09666666666666666
1,D4-hetero,0.05,15,D4-hetero_e05_r015,0.911660777385159,0.911660777385159,0.08
1,D4-hetero,0.2,15,D4-hetero_e20_r015,0.9444444444444444,0.9444444444444444,0.16666666666666666
1e,G2-small15,0.3,49,G2-small15_e30_r049,0.5023474178403756,0.5023474178403756,0.38333333333333336
1,D4-hetero,0.1,15,D4-hetero_e10_r015,0.9188191881918819,0.9188191881918819,0.10333333333333333
1,D2-K3par,0.2,15,D2-K3par_e20_r015,0.9369747899159664,0.9369747899159664,0.20666666666666667
1b,D7-p3,0.25,24,D7-p3_e25_r024,0.9074074074074074,0.9074074074074074,0.28
1b,D6-uniform,0.35,25,D6-uniform_e35_r025,0.5365853658536586,0.5365853658536586,0.0
1,D4-hetero,0.3,15,D4-hetero_e30_r015,0.909952606635071,0.909952606635071,0.30333333333333334
1,D5-leverage,0.0,15,D5-leverage_e00_r015,0.9033333333333333,0.9033333333333333,0.02666666666666667
1,D7-p3,0.3,14,D7-p3_e30_r014,0.912621359223301,0.912621359223301,0.31666666666666665
1,D7-p3,0.05,14,D7-p3_e05_r014,0.8961937716262975,0.8961937716262975,0.07
1,D5-leverage,0.1,15,D5-leverage_e10_r015,0.9033457249070632,0.9033457249070632,0.10333333333333333
1g,G4-small20-p3,0.0,47,G4-small20-p3_e00_r047,0.9133333333333333,0.9133333333333333,0.013333333333333334
1,D5-leverage,0.05,15,D5-leverage_e05_r015,0.896551724137931,0.896551724137931,0.03666666666666667
1b,D2-K3par,0.35,25,D2-K3par_e35_r025,0.37823834196891193,0.37823834196891193,0.0
1,D5-leverage,0.2,15,D5-leverage_e20_r015,0.8966942148760331,0.8966942148760331,0.19333333333333333
1g,G5-small15-par,0.0,49,G5-small15-par_e00_r049,1.0,1.0,0.01
1b,D7-p3,0.35,24,D7-p3_e35_r024,0.9114583333333334,0.9114583333333334,0.36
1,D5-leverage,0.3,15,D5-leverage_e30_r015,0.5,0.5,0.06666666666666667
1b,D1-K2cross,0.3,26,D1-K2cross_e30_r026,0.9357798165137615,0.9357798165137615,0.2733333333333333
1b,D8-K2par-sep,0.35,25,D8-K2par-sep_e35_r025,1.0,1.0,0.3433333333333333
1b,D2-K3par,0.25,25,D2-K3par_e25_r025,0.6712328767123288,0.6712328767123288,0.12333333333333334
1b,D8-K2par-sep,0.3,25,D8-K2par-sep_e30_r025,0.9953051643192489,0.9953051643192489,0.29
1b,D8-K2par-sep,0.25,25,D8-K2par-sep_e25_r025,1.0,1.0,0.2966666666666667
1b,D7-p3,0.3,24,D7-p3_e30_r024,0.9318181818181818,0.9318181818181818,0.26666666666666666
1,D6-uniform,0.05,15,D6-uniform_e05_r015,0.8807017543859649,0.8807017543859649,0.06
1,D6-uniform,0.0,15,D6-uniform_e00_r015,0.9366666666666666,0.9366666666666666,0.01
1b,D1-K2cross,0.25,26,D1-K2cross_e25_r026,0.8922413793103449,0.8922413793103449,0.22666666666666666
1,D6-uniform,0.1,15,D6-uniform_e10_r015,0.9333333333333333,0.9333333333333333,0.09666666666666666
1,D6-uniform,0.2,15,D6-uniform_e20_r015,0.9316239316239316,0.9316239316239316,0.17666666666666667
1g,G5-small15-par,0.2,49,G5-small15-par_e20_r049,0.5780590717299579,0.5780590717299579,0.34
1,D6-uniform,0.3,15,D6-uniform_e30_r015,0.9013452914798207,0.9013452914798207,0.17666666666666667
1b,D1-K2cross,0.35,26,D1-K2cross_e35_r026,0.9306930693069307,0.9306930693069307,0.32666666666666666
1b,D3-unequal,0.25,26,D3-unequal_e25_r026,0.8681818181818182,0.8681818181818182,0.26666666666666666
1e,G2-small15,0.1,49,G2-small15_e10_r049,0.5335820895522388,0.8917910447761194,0.12333333333333334
1b,D3-unequal,0.3,26,D3-unequal_e30_r026,0.9264705882352942,0.9264705882352942,0.32
1g,G5-small15-par,0.1,49,G5-small15-par_e10_r049,0.6539923954372624,0.9961977186311787,0.12333333333333334
1,D8-K2par-sep,0.0,15,D8-K2par-sep_e00_r015,0.9966666666666667,0.9966666666666667,0.02
1b,D4-hetero,0.35,26,D4-hetero_e35_r026,0.8918918918918919,0.8918918918918919,0.38333333333333336
1b,D3-unequal,0.35,26,D3-unequal_e35_r026,0.9390862944162437,0.9390862944162437,0.3433333333333333
1b,D4-hetero,0.3,26,D4-hetero_e30_r026,0.8976744186046511,0.8976744186046511,0.29
1,D8-K2par-sep,0.05,15,D8-K2par-sep_e05_r015,1.0,1.0,0.07
1b,D4-hetero,0.25,26,D4-hetero_e25_r026,0.9090909090909091,0.9090909090909091,0.30666666666666664
1g,G4-small20-p3,0.1,47,G4-small20-p3_e10_r047,0.8872180451127819,0.8872180451127819,0.13
1,D8-K2par-sep,0.2,15,D8-K2par-sep_e20_r015,1.0,1.0,0.18666666666666668
1,D1-K2cross,0.0,16,D1-K2cross_e00_r016,0.9266666666666666,0.9266666666666666,0.016666666666666666
1b,D5-leverage,0.25,26,D5-leverage_e25_r026,0.8859649122807017,0.8859649122807017,0.24
1,D8-K2par-sep,0.3,15,D8-K2par-sep_e30_r015,1.0,1.0,0.29333333333333333
1,D8-K2par-sep,0.1,15,D8-K2par-sep_e10_r015,1.0,1.0,0.11333333333333333
1b,D6-uniform,0.25,26,D6-uniform_e25_r026,0.9069767441860465,0.9069767441860465,0.14666666666666667
1b,D5-leverage,0.35,26,D5-leverage_e35_r026,0.5539906103286385,0.5539906103286385,0.09666666666666666
1b,D5-leverage,0.3,26,D5-leverage_e30_r026,0.5305164319248826,0.5305164319248826,0.04
1b,D6-uniform,0.3,26,D6-uniform_e30_r026,0.5050505050505051,0.5050505050505051,0.0
1b,D6-uniform,0.35,26,D6-uniform_e35_r026,0.5677083333333334,0.5677083333333334,0.0
1,D1-K2cross,0.05,16,D1-K2cross_e05_r016,0.9097222222222222,0.9097222222222222,0.056666666666666664
1,D1-K2cross,0.1,16,D1-K2cross_e10_r016,0.9040590405904059,0.9040590405904059,0.09666666666666666
1,D2-K3par,0.3,15,D2-K3par_e30_r015,0.680952380952381,0.680952380952381,0.14333333333333334
1,D7-p3,0.1,14,D7-p3_e10_r014,0.8888888888888888,0.8888888888888888,0.16
1,D1-K2cross,0.3,16,D1-K2cross_e30_r016,0.9124423963133641,0.9124423963133641,0.27666666666666667
1b,D8-K2par-sep,0.3,26,D8-K2par-sep_e30_r026,0.9953051643192489,0.9953051643192489,0.29
1b,D8-K2par-sep,0.35,26,D8-K2par-sep_e35_r026,1.0,1.0,0.3466666666666667
1b,D8-K2par-sep,0.25,26,D8-K2par-sep_e25_r026,1.0,1.0,0.23333333333333334
1,D1-K2cross,0.2,16,D1-K2cross_e20_r016,0.9020408163265307,0.9020408163265307,0.18666666666666668
1,D3-unequal,0.0,16,D3-unequal_e00_r016,0.9066666666666666,0.9066666666666666,0.02666666666666667
1b,D1-K2cross,0.3,27,D1-K2cross_e30_r027,0.8842592592592593,0.8842592592592593,0.28
1b,D1-K2cross,0.35,27,D1-K2cross_e35_r027,0.9282296650717703,0.9282296650717703,0.30333333333333334
1,D3-unequal,0.05,16,D3-unequal_e05_r016,0.8992805755395683,0.8992805755395683,0.08
1b,D1-K2cross,0.25,27,D1-K2cross_e25_r027,0.8961038961038961,0.8961038961038961,0.23333333333333334
1,D7-p3,0.2,14,D7-p3_e20_r014,0.891213389121339,0.891213389121339,0.20666666666666667
1,D3-unequal,0.1,16,D3-unequal_e10_r016,0.9213483146067416,0.9213483146067416,0.11666666666666667
1,D3-unequal,0.2,16,D3-unequal_e20_r016,0.91701244813278,0.91701244813278,0.19666666666666666
1b,D3-unequal,0.25,27,D3-unequal_e25_r027,0.8728070175438597,0.8728070175438597,0.24
1b,D3-unequal,0.3,27,D3-unequal_e30_r027,0.8443396226415094,0.8443396226415094,0.29333333333333333
1,D4-hetero,0.05,16,D4-hetero_e05_r016,0.8767605633802817,0.8767605633802817,0.09333333333333334
1,D3-unequal,0.3,16,D3-unequal_e30_r016,0.9182692307692307,0.9182692307692307,0.30666666666666664
1,D4-hetero,0.0,16,D4-hetero_e00_r016,0.9066666666666666,0.9066666666666666,0.03666666666666667
1b,D2-K3par,0.25,26,D2-K3par_e25_r026,0.9140271493212669,0.9140271493212669,0.2633333333333333
1,D4-hetero,0.1,16,D4-hetero_e10_r016,0.9309090909090909,0.9309090909090909,0.09666666666666666
1,D2-K3par,0.0,16,D2-K3par_e00_r016,0.9333333333333333,0.9333333333333333,0.0033333333333333335
1b,D4-hetero,0.3,27,D4-hetero_e30_r027,0.9308755760368663,0.9308755760368663,0.2833333333333333
1g,G4-small20-p3,0.0,48,G4-small20-p3_e00_r048,0.93,0.93,0.006666666666666667
1b,D3-unequal,0.35,27,D3-unequal_e35_r027,0.7204301075268817,0.7204301075268817,0.2
1,D4-hetero,0.2,16,D4-hetero_e20_r016,0.9294605809128631,0.9294605809128631,0.20333333333333334
1b,D2-K3par,0.3,26,D2-K3par_e30_r026,0.8333333333333334,0.8333333333333334,0.3
1b,D5-leverage,0.25,27,D5-leverage_e25_r027,0.5045045045045045,0.5045045045045045,0.08
1b,D4-hetero,0.25,27,D4-hetero_e25_r027,0.9279279279279279,0.9279279279279279,0.2633333333333333
1b,D4-hetero,0.35,27,D4-hetero_e35_r027,0.9132653061224489,0.9132653061224489,0.3466666666666667
1,D5-leverage,0.0,16,D5-leverage_e00_r016,0.8966666666666666,0.8966666666666666,0.01
1,D4-hetero,0.3,16,D4-hetero_e30_r016,0.9128205128205128,0.9128205128205128,0.35
1,D2-K3par,0.05,16,D2-K3par_e05_r016,0.9270833333333334,0.9270833333333334,0.04666666666666667
1,D5-leverage,0.05,16,D5-leverage_e05_r016,0.8916083916083916,0.8916083916083916,0.056666666666666664
1b,D5-leverage,0.3,27,D5-leverage_e30_r027,0.514018691588785,0.514018691588785,0.016666666666666666
1,D5-leverage,0.1,16,D5-leverage_e10_r016,0.9044117647058824,0.9044117647058824,0.10333333333333333
1b,D5-leverage,0.35,27,D5-leverage_e35_r027,0.5494505494505495,0.5494505494505495,0.0033333333333333335
1,D6-uniform,0.0,16,D6-uniform_e00_r016,0.93,0.93,0.02
1,D5-leverage,0.3,16,D5-leverage_e30_r016,0.533678756476684,0.533678756476684,0.023333333333333334
1b,D2-K3par,0.35,26,D2-K3par_e35_r026,0.3712871287128713,0.3712871287128713,0.0
1b,D6-uniform,0.3,27,D6-uniform_e30_r027,0.5023474178403756,0.5023474178403756,0.0
1,D6-uniform,0.1,16,D6-uniform_e10_r016,0.8951310861423221,0.8951310861423221,0.11666666666666667
1b,D6-uniform,0.35,27,D6-uniform_e35_r027,0.5585106382978723,0.5585106382978723,0.0
1,D5-leverage,0.2,16,D5-leverage_e20_r016,0.9437751004016064,0.9437751004016064,0.17666666666666667
1g,G4-small20-p3,0.2,47,G4-small20-p3_e20_r047,0.5502183406113537,0.7685589519650655,0.2
1b,D6-uniform,0.25,27,D6-uniform_e25_r027,0.881578947368421,0.881578947368421,0.18333333333333332
1,D2-K3par,0.2,16,D2-K3par_e20_r016,0.8898305084745762,0.8898305084745762,0.21333333333333335
1,D6-uniform,0.05,16,D6-uniform_e05_r016,0.8754325259515571,0.8754325259515571,0.05
1,D6-uniform,0.3,16,D6-uniform_e30_r016,0.5658536585365853,0.5658536585365853,0.0
1,D6-uniform,0.2,16,D6-uniform_e20_r016,0.934156378600823,0.934156378600823,0.17
1b,D8-K2par-sep,0.25,27,D8-K2par-sep_e25_r027,0.995475113122172,0.995475113122172,0.2633333333333333
1,D2-K3par,0.1,16,D2-K3par_e10_r016,0.9202898550724637,0.9202898550724637,0.08
1b,D2-K3par,0.25,27,D2-K3par_e25_r027,0.9360730593607306,0.9360730593607306,0.27
1b,D8-K2par-sep,0.3,27,D8-K2par-sep_e30_r027,1.0,1.0,0.2966666666666667
1b,D1-K2cross,0.3,28,D1-K2cross_e30_r028,0.8990384615384616,0.8990384615384616,0.31666666666666665
1,D8-K2par-sep,0.0,16,D8-K2par-sep_e00_r016,1.0,1.0,0.006666666666666667
1b,D1-K2cross,0.35,28,D1-K2cross_e35_r028,0.9226804123711341,0.9226804123711341,0.35333333333333333
1b,D8-K2par-sep,0.35,27,D8-K2par-sep_e35_r027,0.9949748743718593,0.9949748743718593,0.33666666666666667
1b,D1-K2cross,0.25,28,D1-K2cross_e25_r028,0.9192825112107623,0.9192825112107623,0.25666666666666665
1g,G4-small20-p3,0.2,46,G4-small20-p3_e20_r046,0.5882352941176471,0.8949579831932774,0.20666666666666667
1,D8-K2par-sep,0.05,16,D8-K2par-sep_e05_r016,0.9964539007092199,0.9964539007092199,0.07666666666666666
1,D8-K2par-sep,0.1,16,D8-K2par-sep_e10_r016,0.9963636363636363,0.9963636363636363,0.09666666666666666
1b,D7-p3,0.25,25,D7-p3_e25_r025,0.8973214285714286,0.8973214285714286,0.25333333333333335
1,D8-K2par-sep,0.2,16,D8-K2par-sep_e20_r016,0.9918032786885246,0.9918032786885246,0.18666666666666668
1b,D3-unequal,0.25,28,D3-unequal_e25_r028,0.9047619047619048,0.9047619047619048,0.23
1g,G4-small20-p3,0.1,46,G4-small20-p3_e10_r046,0.5095785440613027,0.896551724137931,0.14
1,D1-K2cross,0.05,17,D1-K2cross_e05_r017,0.9119718309859155,0.9119718309859155,0.05333333333333334
1,D7-p3,0.05,15,D7-p3_e05_r015,0.926056338028169,0.926056338028169,0.07666666666666666
1,D8-K2par-sep,0.3,16,D8-K2par-sep_e30_r016,1.0,1.0,0.31
1,D1-K2cross,0.0,17,D1-K2cross_e00_r017,0.92,0.92,0.016666666666666666
1b,D2-K3par,0.3,27,D2-K3par_e30_r027,0.3384615384615385,0.3384615384615385,0.0033333333333333335
1b,D3-unequal,0.3,28,D3-unequal_e30_r028,0.9223300970873787,0.9223300970873787,0.31333333333333335
1b,D3-unequal,0.35,28,D3-unequal_e35_r028,0.9226804123711341,0.9226804123711341,0.35333333333333333
1b,D7-p3,0.3,25,D7-p3_e30_r025,0.9178082191780822,0.9178082191780822,0.27
1b,D4-hetero,0.3,28,D4-hetero_e30_r028,0.9076923076923077,0.9076923076923077,0.35333333333333333
1,D1-K2cross,0.2,17,D1-K2cross_e20_r017,0.8782608695652174,0.8782608695652174,0.23333333333333334
1,D1-K2cross,0.1,17,D1-K2cross_e10_r017,0.9018181818181819,0.9018181818181819,0.08333333333333333
1b,D4-hetero,0.25,28,D4-hetero_e25_r028,0.9273504273504274,0.9273504273504274,0.22333333333333333
1,D7-p3,0.3,15,D7-p3_e30_r015,0.9023255813953488,0.9023255813953488,0.2866666666666667
1,D2-K3par,0.3,16,D2-K3par_e30_r016,0.8840579710144928,0.8840579710144928,0.31
1b,D2-K3par,0.35,27,D2-K3par_e35_r027,0.6302083333333334,0.6302083333333334,0.19
1,D7-p3,0.1,15,D7-p3_e10_r015,0.9097472924187726,0.9097472924187726,0.08666666666666667
1b,D5-leverage,0.25,28,D5-leverage_e25_r028,0.5089285714285714,0.5089285714285714,0.09
1b,D6-uniform,0.3,28,D6-uniform_e30_r028,0.5023474178403756,0.5023474178403756,0.0
1b,D4-hetero,0.35,28,D4-hetero_e35_r028,0.9271844660194175,0.9271844660194175,0.31333333333333335
1,D1-K2cross,0.3,17,D1-K2cross_e30_r017,0.9107142857142857,0.9107142857142857,0.25333333333333335
1,D7-p3,0.0,15,D7-p3_e00_r015,0.91,0.91,0.04
1b,D5-leverage,0.3,28,D5-leverage_e30_r028,0.5165876777251185,0.5165876777251185,0.0
1b,D5-leverage,0.35,28,D5-leverage_e35_r028,0.5235602094240838,0.5235602094240838,0.11333333333333333
1b,D6-uniform,0.25,28,D6-uniform_e25_r028,0.9094827586206896,0.9094827586206896,0.18333333333333332
1b,D7-p3,0.35,25,D7-p3_e35_r025,0.9211822660098522,0.9211822660098522,0.3333333333333333
1b,D6-uniform,0.35,28,D6-uniform_e35_r028,0.5444444444444444,0.5444444444444444,0.0
1,D3-unequal,0.0,17,D3-unequal_e00_r017,0.9433333333333334,0.9433333333333334,0.013333333333333334
1b,D2-K3par,0.25,28,D2-K3par_e25_r028,0.9213973799126638,0.9213973799126638,0.24
1,D3-unequal,0.1,17,D3-unequal_e10_r017,0.8872180451127819,0.8872180451127819,0.11333333333333333
1,D3-unequal,0.05,17,D3-unequal_e05_r017,0.946236559139785,0.946236559139785,0.09333333333333334
1g,G4-small20-p3,0.2,48,G4-small20-p3_e20_r048,0.9243697478991597,0.9243697478991597,0.21666666666666667
1,D3-unequal,0.3,17,D3-unequal_e30_r017,0.8915094339622641,0.8915094339622641,0.29333333333333333
1,D3-unequal,0.2,17,D3-unequal_e20_r017,0.9214876033057852,0.9214876033057852,0.2
1,D4-hetero,0.1,17,D4-hetero_e10_r017,0.9256505576208178,0.9256505576208178,0.12666666666666668
1b,D8-K2par-sep,0.3,28,D8-K2par-sep_e30_r028,1.0,1.0,0.32
1,D7-p3,0.2,15,D7-p3_e20_r015,0.8786610878661087,0.8786610878661087,0.20333333333333334
1,D4-hetero,0.05,17,D4-hetero_e05_r017,0.9090909090909091,0.9125874125874126,0.08
1b,D1-K2cross,0.25,29,D1-K2cross_e25_r029,0.9192825112107623,0.9192825112107623,0.25666666666666665
1b,D8-K2par-sep,0.35,28,D8-K2par-sep_e35_r028,0.9949238578680203,0.9949238578680203,0.3433333333333333
1,D4-hetero,0.0,17,D4-hetero_e00_r017,0.9166666666666666,0.9166666666666666,0.023333333333333334
1g,G4-small20-p3,0.0,49,G4-small20-p3_e00_r049,0.9166666666666666,0.9166666666666666,0.03333333333333333
1b,D8-K2par-sep,0.25,28,D8-K2par-sep_e25_r028,1.0,1.0,0.2733333333333333
1b,D1-K2cross,0.3,29,D1-K2cross_e30_r029,0.9090909090909091,0.9090909090909091,0.30333333333333334
1,D4-hetero,0.3,17,D4-hetero_e30_r017,0.9362745098039216,0.9362745098039216,0.32666666666666666
1b,D1-K2cross,0.35,29,D1-K2cross_e35_r029,0.9336734693877551,0.9336734693877551,0.3466666666666667
1,D5-leverage,0.0,17,D5-leverage_e00_r017,0.9166666666666666,0.9166666666666666,0.03333333333333333
1,D4-hetero,0.2,17,D4-hetero_e20_r017,0.92,0.92,0.17333333333333334
1b,D7-p3,0.3,26,D7-p3_e30_r026,0.8838383838383839,0.8838383838383839,0.34
1,D5-leverage,0.05,17,D5-leverage_e05_r017,0.9411764705882353,0.9411764705882353,0.04666666666666667
1b,D3-unequal,0.25,29,D3-unequal_e25_r029,0.9181818181818182,0.9181818181818182,0.26666666666666666
1,D5-leverage,0.1,17,D5-leverage_e10_r017,0.8892988929889298,0.8892988929889298,0.10333333333333333
1,D5-leverage,0.3,17,D5-leverage_e30_r017,0.5088495575221239,0.5088495575221239,0.09
1b,D3-unequal,0.3,29,D3-unequal_e30_r029,0.9227053140096618,0.9227053140096618,0.31
1b,D3-unequal,0.35,29,D3-unequal_e35_r029,0.9479166666666666,0.9479166666666666,0.35333333333333333
1,D6-uniform,0.0,17,D6-uniform_e00_r017,0.8933333333333333,0.8933333333333333,0.016666666666666666
1,D2-K3par,0.0,17,D2-K3par_e00_r017,0.89,0.89,0.006666666666666667
1b,D4-hetero,0.25,29,D4-hetero_e25_r029,0.8928571428571429,0.8928571428571429,0.26666666666666666
1,D5-leverage,0.2,17,D5-leverage_e20_r017,0.5304347826086957,0.5304347826086957,0.12
1,D6-uniform,0.05,17,D6-uniform_e05_r017,0.8996539792387543,0.8996539792387543,0.056666666666666664
1b,D2-K3par,0.35,28,D2-K3par_e35_r028,0.6836734693877551,0.6836734693877551,0.13333333333333333
1b,D4-hetero,0.35,29,D4-hetero_e35_r029,0.9,0.9,0.3333333333333333
1b,D4-hetero,0.3,29,D4-hetero_e30_r029,0.9339622641509434,0.9339622641509434,0.3
1b,D2-K3par,0.3,28,D2-K3par_e30_r028,0.7185929648241206,0.7185929648241206,0.16666666666666666
1,D6-uniform,0.1,17,D6-uniform_e10_r017,0.9117647058823529,0.9117647058823529,0.09333333333333334
1,D6-uniform,0.3,17,D6-uniform_e30_r017,0.5598086124401914,0.5598086124401914,0.0
1,D6-uniform,0.2,17,D6-uniform_e20_r017,0.9233870967741935,0.9233870967741935,0.18333333333333332
1b,D7-p3,0.35,26,D7-p3_e35_r026,0.8995215311004785,0.8995215311004785,0.30333333333333334
1b,D5-leverage,0.25,29,D5-leverage_e25_r029,0.5240174672489083,0.5240174672489083,0.10666666666666667
1b,D5-leverage,0.35,29,D5-leverage_e35_r029,0.520618556701031,0.520618556701031,0.0
1b,D5-leverage,0.3,29,D5-leverage_e30_r029,0.5566502463054187,0.5566502463054187,0.0
1,D2-K3par,0.1,17,D2-K3par_e10_r017,0.9192307692307692,0.9192307692307692,0.13333333333333333
1,D2-K3par,0.05,17,D2-K3par_e05_r017,0.8969072164948454,0.8969072164948454,0.03
1b,D6-uniform,0.3,29,D6-uniform_e30_r029,0.8899082568807339,0.8899082568807339,0.18
1,D2-K3par,0.3,17,D2-K3par_e30_r017,0.919047619047619,0.919047619047619,0.3
1b,D6-uniform,0.25,29,D6-uniform_e25_r029,0.8933333333333333,0.9111111111111111,0.20333333333333334
1,D8-K2par-sep,0.0,17,D8-K2par-sep_e00_r017,1.0,1.0,0.0033333333333333335
1b,D6-uniform,0.35,29,D6-uniform_e35_r029,0.5263157894736842,0.5263157894736842,0.0
1b,D8-K2par-sep,0.3,29,D8-K2par-sep_e30_r029,1.0,1.0,0.3
1,D8-K2par-sep,0.1,17,D8-K2par-sep_e10_r017,0.9962825278810409,0.9962825278810409,0.11
1,D8-K2par-sep,0.3,17,D8-K2par-sep_e30_r017,1.0,1.0,0.29333333333333333
1b,D8-K2par-sep,0.35,29,D8-K2par-sep_e35_r029,1.0,1.0,0.35333333333333333
1,D2-K3par,0.2,17,D2-K3par_e20_r017,0.905982905982906,0.905982905982906,0.22
1,D8-K2par-sep,0.2,17,D8-K2par-sep_e20_r017,1.0,1.0,0.20333333333333334
1b,D8-K2par-sep,0.25,29,D8-K2par-sep_e25_r029,1.0,1.0,0.23
1,D1-K2cross,0.0,18,D1-K2cross_e00_r018,0.9066666666666666,0.9066666666666666,0.013333333333333334
1,D8-K2par-sep,0.05,17,D8-K2par-sep_e05_r017,1.0,1.0,0.05333333333333334
1b,D1-K2cross,0.25,30,D1-K2cross_e25_r030,0.9264069264069265,0.9264069264069265,0.23333333333333334
1,D1-K2cross,0.05,18,D1-K2cross_e05_r018,0.9113475177304965,0.9113475177304965,0.07
1,D1-K2cross,0.2,18,D1-K2cross_e20_r018,0.8979591836734694,0.8979591836734694,0.18666666666666668
1b,D1-K2cross,0.3,30,D1-K2cross_e30_r030,0.8634146341463415,0.8634146341463415,0.31666666666666665
1,D1-K2cross,0.1,18,D1-K2cross_e10_r018,0.8844765342960289,0.8844765342960289,0.08
1b,D1-K2cross,0.35,30,D1-K2cross_e35_r030,0.8704663212435233,0.8704663212435233,0.3566666666666667
1,D1-K2cross,0.3,18,D1-K2cross_e30_r018,0.896551724137931,0.896551724137931,0.3233333333333333
1b,D3-unequal,0.3,30,D3-unequal_e30_r030,0.8947368421052632,0.8947368421052632,0.30333333333333334
1b,D3-unequal,0.35,30,D3-unequal_e35_r030,0.91005291005291,0.91005291005291,0.37
1b,D7-p3,0.35,27,D7-p3_e35_r027,0.9077669902912622,0.9077669902912622,0.34
1b,D7-p3,0.25,27,D7-p3_e25_r027,0.944954128440367,0.944954128440367,0.2733333333333333
1b,D2-K3par,0.25,29,D2-K3par_e25_r029,0.6926406926406926,0.6623376623376623,0.15
1b,D3-unequal,0.25,30,D3-unequal_e25_r030,0.8917748917748918,0.8917748917748918,0.23666666666666666
1,D7-p3,0.05,16,D7-p3_e05_r016,0.9169675090252708,0.9169675090252708,0.1
1b,D7-p3,0.25,26,D7-p3_e25_r026,0.9541284403669725,0.9541284403669725,0.3
1b,D2-K3par,0.3,29,D2-K3par_e30_r029,0.9041095890410958,0.9041095890410958,0.27
1,D7-p3,0.1,16,D7-p3_e10_r016,0.9250936329588015,0.9250936329588015,0.11333333333333333
1,D7-p3,0.3,16,D7-p3_e30_r016,0.9278846153846154,0.9278846153846154,0.30666666666666664
1,D3-unequal,0.0,18,D3-unequal_e00_r018,0.9166666666666666,0.9166666666666666,0.016666666666666666
1b,D4-hetero,0.3,30,D4-hetero_e30_r030,0.9234449760765551,0.9234449760765551,0.30666666666666664
1b,D4-hetero,0.25,30,D4-hetero_e25_r030,0.9026548672566371,0.9026548672566371,0.25
1,D7-p3,0.0,16,D7-p3_e00_r016,0.9,0.9,0.01
1b,D4-hetero,0.35,30,D4-hetero_e35_r030,0.9052631578947369,0.9052631578947369,0.36666666666666664
1b,D7-p3,0.3,27,D7-p3_e30_r027,0.8947368421052632,0.8947368421052632,0.3333333333333333
1,D3-unequal,0.05,18,D3-unequal_e05_r018,0.9032258064516129,0.9032258064516129,0.07
1b,D5-leverage,0.25,30,D5-leverage_e25_r030,0.902127659574468,0.902127659574468,0.21666666666666667
1,D3-unequal,0.1,18,D3-unequal_e10_r018,0.9157088122605364,0.9157088122605364,0.14
1,D7-p3,0.2,16,D7-p3_e20_r016,0.8704453441295547,0.8704453441295547,0.18
1,D3-unequal,0.2,18,D3-unequal_e20_r018,0.9214876033057852,0.9214876033057852,0.19333333333333333
1b,D5-leverage,0.35,30,D5-leverage_e35_r030,0.5260416666666666,0.5260416666666666,0.0033333333333333335
1b,D6-uniform,0.25,30,D6-uniform_e25_r030,0.9122807017543859,0.9122807017543859,0.20333333333333334
1b,D5-leverage,0.3,30,D5-leverage_e30_r030,0.593607305936073,0.593607305936073,0.043333333333333335
1,D4-hetero,0.05,18,D4-hetero_e05_r018,0.9190140845070423,0.9190140845070423,0.07333333333333333
1,D4-hetero,0.0,18,D4-hetero_e00_r018,0.92,0.92,0.04
1b,D6-uniform,0.3,30,D6-uniform_e30_r030,0.5024630541871922,0.5024630541871922,0.0
1b,D2-K3par,0.35,29,D2-K3par_e35_r029,0.3709677419354839,0.3709677419354839,0.0
1,D4-hetero,0.1,18,D4-hetero_e10_r018,0.8974358974358975,0.8974358974358975,0.11333333333333333
1,D3-unequal,0.3,18,D3-unequal_e30_r018,0.9004739336492891,0.9004739336492891,0.3
1,D4-hetero,0.3,18,D4-hetero_e30_r018,0.9195979899497487,0.9195979899497487,0.33666666666666667
1b,D6-uniform,0.35,30,D6-uniform_e35_r030,0.9,0.9,0.23333333333333334
1,D5-leverage,0.0,18,D5-leverage_e00_r018,0.9333333333333333,0.9333333333333333,0.01
1,D5-leverage,0.05,18,D5-leverage_e05_r018,0.9154929577464789,0.9154929577464789,0.06666666666666667
1b,D8-K2par-sep,0.3,30,D8-K2par-sep_e30_r030,1.0,1.0,0.33666666666666667
1b,D8-K2par-sep,0.25,30,D8-K2par-sep_e25_r030,0.9955947136563876,0.9955947136563876,0.24333333333333335
1,D2-K3par,0.05,18,D2-K3par_e05_r018,0.9166666666666666,0.9166666666666666,0.043333333333333335
1,D4-hetero,0.2,18,D4-hetero_e20_r018,0.9206349206349206,0.9206349206349206,0.17
1,D2-K3par,0.0,18,D2-K3par_e00_r018,0.9033333333333333,0.9033333333333333,0.0
1,D5-leverage,0.1,18,D5-leverage_e10_r018,0.9259259259259259,0.9259259259259259,0.11
1g,G4-small20-p3,0.1,48,G4-small20-p3_e10_r048,0.6407407407407407,0.9037037037037037,0.12333333333333334
1,D6-uniform,0.0,18,D6-uniform_e00_r018,0.91,0.91,0.02666666666666667
1,D5-leverage,0.3,18,D5-leverage_e30_r018,0.5330188679245284,0.5330188679245284,0.06
1b,D8-K2par-sep,0.35,30,D8-K2par-sep_e35_r030,1.0,1.0,0.3333333333333333
1,D5-leverage,0.2,18,D5-leverage_e20_r018,0.9037656903765691,0.9037656903765691,0.20333333333333334
1b,D1-K2cross,0.25,31,D1-K2cross_e25_r031,0.8991228070175439,0.8991228070175439,0.24
1b,D1-K2cross,0.3,31,D1-K2cross_e30_r031,0.8894009216589862,0.8894009216589862,0.27666666666666667
1,D6-uniform,0.05,18,D6-uniform_e05_r018,0.903448275862069,0.903448275862069,0.05
1b,D1-K2cross,0.35,31,D1-K2cross_e35_r031,0.9117647058823529,0.9117647058823529,0.32
1,D6-uniform,0.3,18,D6-uniform_e30_r018,0.5471698113207547,0.5471698113207547,0.0
1,D6-uniform,0.1,18,D6-uniform_e10_r018,0.9051094890510949,0.9051094890510949,0.09
1,D6-uniform,0.2,18,D6-uniform_e20_r018,0.9156626506024096,0.9156626506024096,0.17
1b,D2-K3par,0.25,30,D2-K3par_e25_r030,0.9330357142857143,0.9330357142857143,0.25333333333333335
1b,D3-unequal,0.25,31,D3-unequal_e25_r031,0.8913043478260869,0.8913043478260869,0.23333333333333334
1b,D3-unequal,0.3,31,D3-unequal_e30_r031,0.8775510204081632,0.8775510204081632,0.3466666666666667
1,D2-K3par,0.1,18,D2-K3par_e10_r018,0.9015151515151515,0.9015151515151515,0.12
1b,D3-unequal,0.35,31,D3-unequal_e35_r031,0.9282051282051282,0.9282051282051282,0.35
1b,D4-hetero,0.25,31,D4-hetero_e25_r031,0.9090909090909091,0.9090909090909091,0.2733333333333333
1b,D2-K3par,0.35,30,D2-K3par_e35_r030,0.3651685393258427,0.3651685393258427,0.0033333333333333335
1,D2-K3par,0.2,18,D2-K3par_e20_r018,0.9313304721030042,0.9313304721030042,0.22333333333333333
1,D8-K2par-sep,0.0,18,D8-K2par-sep_e00_r018,1.0,1.0,0.0
1,D8-K2par-sep,0.05,18,D8-K2par-sep_e05_r018,1.0,1.0,0.043333333333333335
1b,D4-hetero,0.3,31,D4-hetero_e30_r031,0.9061032863849765,0.9061032863849765,0.29
1,D8-K2par-sep,0.1,18,D8-K2par-sep_e10_r018,0.9925925925925926,0.9925925925925926,0.1
1b,D5-leverage,0.3,31,D5-leverage_e30_r031,0.5124378109452736,0.5124378109452736,0.006666666666666667
1b,D4-hetero,0.35,31,D4-hetero_e35_r031,0.9368421052631579,0.9368421052631579,0.36666666666666664
1b,D5-leverage,0.35,31,D5-leverage_e35_r031,0.5294117647058824,0.5294117647058824,0.013333333333333334
1,D8-K2par-sep,0.3,18,D8-K2par-sep_e30_r018,0.9952153110047847,0.9952153110047847,0.30333333333333334
1b,D5-leverage,0.25,31,D5-leverage_e25_r031,0.5357142857142857,0.5357142857142857,0.07
1,D1-K2cross,0.0,19,D1-K2cross_e00_r019,0.9433333333333334,0.9433333333333334,0.016666666666666666
1b,D6-uniform,0.3,31,D6-uniform_e30_r031,0.9363636363636364,0.9363636363636364,0.19666666666666666
1b,D6-uniform,0.25,31,D6-uniform_e25_r031,0.8859649122807017,0.8859649122807017,0.17
1,D8-K2par-sep,0.2,18,D8-K2par-sep_e20_r018,1.0,1.0,0.17666666666666667
1,D1-K2cross,0.1,19,D1-K2cross_e10_r019,0.895910780669145,0.895910780669145,0.10333333333333333
1,D1-K2cross,0.05,19,D1-K2cross_e05_r019,0.8671328671328671,0.8671328671328671,0.05333333333333334
1b,D7-p3,0.3,28,D7-p3_e30_r028,0.9285714285714286,0.9285714285714286,0.3
1,D1-K2cross,0.3,19,D1-K2cross_e30_r019,0.9056603773584906,0.9056603773584906,0.29333333333333333
1,D1-K2cross,0.2,19,D1-K2cross_e20_r019,0.8828451882845189,0.8828451882845189,0.20333333333333334
1b,D6-uniform,0.35,31,D6-uniform_e35_r031,0.5233160621761658,0.5233160621761658,0.0
1b,D7-p3,0.35,28,D7-p3_e35_r028,0.9,0.9,0.3333333333333333
1b,D8-K2par-sep,0.35,31,D8-K2par-sep_e35_r031,0.9952153110047847,0.9952153110047847,0.30333333333333334
1b,D2-K3par,0.3,30,D2-K3par_e30_r030,0.6195121951219512,0.6195121951219512,0.13666666666666666
1b,D8-K2par-sep,0.3,31,D8-K2par-sep_e30_r031,1.0,1.0,0.30666666666666664
1b,D1-K2cross,0.25,32,D1-K2cross_e25_r032,0.919431279620853,0.919431279620853,0.3
1b,D8-K2par-sep,0.25,31,D8-K2par-sep_e25_r031,1.0,1.0,0.25
1,D3-unequal,0.0,19,D3-unequal_e00_r019,0.89,0.89,0.013333333333333334
1b,D1-K2cross,0.35,32,D1-K2cross_e35_r032,0.9405940594059405,0.9405940594059405,0.32666666666666666
1b,D7-p3,0.25,29,D7-p3_e25_r029,0.9146919431279621,0.9146919431279621,0.2966666666666667
1,D3-unequal,0.05,19,D3-unequal_e05_r019,0.896551724137931,0.896551724137931,0.04666666666666667
1,D2-K3par,0.3,18,D2-K3par_e30_r018,0.9262672811059908,0.9262672811059908,0.27666666666666667
1b,D1-K2cross,0.3,32,D1-K2cross_e30_r032,0.9104477611940298,0.9104477611940298,0.33
1,D7-p3,0.3,17,D7-p3_e30_r017,0.9315789473684211,0.9315789473684211,0.38333333333333336
1b,D7-p3,0.25,28,D7-p3_e25_r028,0.8697478991596639,0.8697478991596639,0.21333333333333335
1b,D2-K3par,0.3,31,D2-K3par_e30_r031,0.8894009216589862,0.8894009216589862,0.27666666666666667
1,D7-p3,0.1,17,D7-p3_e10_r017,0.8945454545454545,0.8945454545454545,0.11333333333333333
1,D7-p3,0.2,17,D7-p3_e20_r017,0.8813559322033898,0.8813559322033898,0.21333333333333335
1,D3-unequal,0.1,19,D3-unequal_e10_r019,0.9054545454545454,0.9054545454545454,0.09
1,D3-unequal,0.2,19,D3-unequal_e20_r019,0.940677966101695,0.940677966101695,0.21333333333333335
1,D3-unequal,0.3,19,D3-unequal_e30_r019,0.9360730593607306,0.9360730593607306,0.27
1b,D7-p3,0.35,29,D7-p3_e35_r029,0.9179487179487179,0.9179487179487179,0.35
1b,D3-unequal,0.3,32,D3-unequal_e30_r032,0.9009433962264151,0.9009433962264151,0.29333333333333333
1,D4-hetero,0.0,19,D4-hetero_e00_r019,0.8933333333333333,0.8933333333333333,0.04
1b,D3-unequal,0.25,32,D3-unequal_e25_r032,0.8986175115207373,0.8986175115207373,0.27666666666666667
1,D4-hetero,0.1,19,D4-hetero_e10_r019,0.9084249084249084,0.9084249084249084,0.11333333333333333
1b,D4-hetero,0.25,32,D4-hetero_e25_r032,0.8908296943231441,0.8908296943231441,0.24666666666666667
1,D7-p3,0.0,17,D7-p3_e00_r017,0.8933333333333333,0.8933333333333333,0.023333333333333334
1,D5-leverage,0.0,19,D5-leverage_e00_r019,0.9,0.9,0.02
1,D2-K3par,0.0,19,D2-K3par_e00_r019,0.8866666666666667,0.8866666666666667,0.0
1b,D4-hetero,0.3,32,D4-hetero_e30_r032,0.9121951219512195,0.9121951219512195,0.32
1b,D4-hetero,0.35,32,D4-hetero_e35_r032,0.9105263157894737,0.9105263157894737,0.36666666666666664
1b,D5-leverage,0.25,32,D5-leverage_e25_r032,0.5129310344827587,0.5129310344827587,0.07333333333333333
1,D4-hetero,0.05,19,D4-hetero_e05_r019,0.8833922261484098,0.8833922261484098,0.07333333333333333
1,D4-hetero,0.3,19,D4-hetero_e30_r019,0.8842592592592593,0.8842592592592593,0.29
1b,D3-unequal,0.35,32,D3-unequal_e35_r032,0.7025641025641025,0.7025641025641025,0.19333333333333333
1,D4-hetero,0.2,19,D4-hetero_e20_r019,0.9288702928870293,0.9288702928870293,0.20666666666666667
1b,D5-leverage,0.3,32,D5-leverage_e30_r032,0.5502392344497608,0.5502392344497608,0.03
1,D5-leverage,0.05,19,D5-leverage_e05_r019,0.8924731182795699,0.8924731182795699,0.07666666666666666
1,D5-leverage,0.1,19,D5-leverage_e10_r019,0.9169811320754717,0.9169811320754717,0.13333333333333333
1,D5-leverage,0.2,19,D5-leverage_e20_r019,0.9163179916317992,0.9163179916317992,0.20333333333333334
1b,D2-K3par,0.25,31,D2-K3par_e25_r031,0.6790697674418604,0.6790697674418604,0.10666666666666667
1b,D6-uniform,0.25,32,D6-uniform_e25_r032,0.8917748917748918,0.8917748917748918,0.21
1,D6-uniform,0.0,19,D6-uniform_e00_r019,0.9133333333333333,0.9133333333333333,0.016666666666666666
1b,D6-uniform,0.3,32,D6-uniform_e30_r032,0.529126213592233,0.529126213592233,0.0
1b,D6-uniform,0.35,32,D6-uniform_e35_r032,0.5157894736842106,0.5157894736842106,0.0
1b,D5-leverage,0.35,32,D5-leverage_e35_r032,0.5233160621761658,0.5077720207253886,0.09
1,D5-leverage,0.3,19,D5-leverage_e30_r019,0.5428571428571428,0.5428571428571428,0.06333333333333334
1b,D7-p3,0.3,29,D7-p3_e30_r029,0.8985507246376812,0.8985507246376812,0.33666666666666667
1,D2-K3par,0.1,19,D2-K3par_e10_r019,0.9003831417624522,0.9003831417624522,0.13333333333333333
1,D6-uniform,0.05,19,D6-uniform_e05_r019,0.9273356401384083,0.9273356401384083,0.04
1g,G4-small20-p3,0.1,49,G4-small20-p3_e10_r049,0.6121673003802282,0.9239543726235742,0.12666666666666668
1,D2-K3par,0.05,19,D2-K3par_e05_r019,0.9225352112676056,0.9225352112676056,0.056666666666666664
1b,D2-K3par,0.35,31,D2-K3par_e35_r031,0.6770833333333334,0.6770833333333334,0.20333333333333334
1g,G4-small20-p3,0.2,49,G4-small20-p3_e20_r049,0.5274261603375527,0.9367088607594937,0.21
1,D6-uniform,0.2,19,D6-uniform_e20_r019,0.8979591836734694,0.8979591836734694,0.17666666666666667
1,D6-uniform,0.1,19,D6-uniform_e10_r019,0.924187725631769,0.924187725631769,0.07666666666666666
1b,D8-K2par-sep,0.3,32,D8-K2par-sep_e30_r032,1.0,1.0,0.29333333333333333
1,D2-K3par,0.2,19,D2-K3par_e20_r019,0.8704453441295547,0.8704453441295547,0.17666666666666667
1,D6-uniform,0.3,19,D6-uniform_e30_r019,0.5544554455445545,0.5544554455445545,0.0
1b,D8-K2par-sep,0.25,32,D8-K2par-sep_e25_r032,1.0,1.0,0.24333333333333335
1b,D8-K2par-sep,0.35,32,D8-K2par-sep_e35_r032,0.9947368421052631,0.9947368421052631,0.36666666666666664
1,D8-K2par-sep,0.0,19,D8-K2par-sep_e00_r019,1.0,1.0,0.02
1b,D1-K2cross,0.25,33,D1-K2cross_e25_r033,0.9122807017543859,0.9122807017543859,0.24
1,D8-K2par-sep,0.05,19,D8-K2par-sep_e05_r019,1.0,1.0,0.03
1b,D1-K2cross,0.35,33,D1-K2cross_e35_r033,0.8730964467005076,0.8730964467005076,0.3433333333333333
1,D8-K2par-sep,0.1,19,D8-K2par-sep_e10_r019,1.0,1.0,0.10333333333333333
1b,D1-K2cross,0.3,33,D1-K2cross_e30_r033,0.8916256157635468,0.8916256157635468,0.3233333333333333
1,D1-K2cross,0.0,20,D1-K2cross_e00_r020,0.8966666666666666,0.8966666666666666,0.0
1,D7-p3,0.05,17,D7-p3_e05_r017,0.9333333333333333,0.9333333333333333,0.07666666666666666
1,D8-K2par-sep,0.3,19,D8-K2par-sep_e30_r019,1.0,1.0,0.31666666666666665
1,D8-K2par-sep,0.2,19,D8-K2par-sep_e20_r019,1.0,1.0,0.18666666666666668
1b,D3-unequal,0.3,33,D3-unequal_e30_r033,0.9252336448598131,0.9252336448598131,0.2866666666666667
1,D1-K2cross,0.05,20,D1-K2cross_e05_r020,0.9059233449477352,0.9059233449477352,0.07
1b,D3-unequal,0.25,33,D3-unequal_e25_r033,0.9203539823008849,0.9203539823008849,0.24666666666666667
1b,D3-unequal,0.35,33,D3-unequal_e35_r033,0.9257425742574258,0.9257425742574258,0.32666666666666666
1,D1-K2cross,0.1,20,D1-K2cross_e10_r020,0.921146953405018,0.921146953405018,0.07666666666666666
1b,D2-K3par,0.3,32,D2-K3par_e30_r032,0.9493087557603687,0.9493087557603687,0.27666666666666667
1,D1-K2cross,0.3,20,D1-K2cross_e30_r020,0.9178743961352657,0.9178743961352657,0.31
1b,D4-hetero,0.25,33,D4-hetero_e25_r033,0.8983050847457628,0.8983050847457628,0.22
1b,D5-leverage,0.25,33,D5-leverage_e25_r033,0.8913043478260869,0.8913043478260869,0.23333333333333334
1,D1-K2cross,0.2,20,D1-K2cross_e20_r020,0.8893617021276595,0.8893617021276595,0.21666666666666667
1,D2-K3par,0.3,19,D2-K3par_e30_r019,0.8768472906403941,0.8768472906403941,0.3233333333333333
1b,D4-hetero,0.35,33,D4-hetero_e35_r033,0.9114583333333334,0.9114583333333334,0.36333333333333334
1b,D5-leverage,0.3,33,D5-leverage_e30_r033,0.5074626865671642,0.5074626865671642,0.006666666666666667
1b,D4-hetero,0.3,33,D4-hetero_e30_r033,0.9120370370370371,0.9120370370370371,0.2833333333333333
1b,D5-leverage,0.35,33,D5-leverage_e35_r033,0.5047619047619047,0.5047619047619047,0.013333333333333334
1b,D7-p3,0.25,30,D7-p3_e25_r030,0.923728813559322,0.923728813559322,0.21333333333333335
1b,D6-uniform,0.3,33,D6-uniform_e30_r033,0.5215311004784688,0.5215311004784688,0.0
1,D3-unequal,0.0,20,D3-unequal_e00_r020,0.9166666666666666,0.9166666666666666,0.023333333333333334
1b,D6-uniform,0.35,33,D6-uniform_e35_r033,0.5174129353233831,0.5174129353233831,0.0
1b,D6-uniform,0.25,33,D6-uniform_e25_r033,0.8968609865470852,0.8968609865470852,0.21333333333333335
1b,D2-K3par,0.25,32,D2-K3par_e25_r032,0.9285714285714286,0.9285714285714286,0.27
1b,D2-K3par,0.35,32,D2-K3par_e35_r032,0.6684210526315789,0.6684210526315789,0.17
1,D7-p3,0.2,18,D7-p3_e20_r018,0.9421487603305785,0.9421487603305785,0.19333333333333333
1,D7-p3,0.05,18,D7-p3_e05_r018,0.8900343642611683,0.8900343642611683,0.05
1b,D7-p3,0.35,30,D7-p3_e35_r030,0.918918918918919,0.918918918918919,0.38333333333333336
1,D3-unequal,0.05,20,D3-unequal_e05_r020,0.9295774647887324,0.9295774647887324,0.06666666666666667
1b,D8-K2par-sep,0.25,33,D8-K2par-sep_e25_r033,0.995575221238938,0.995575221238938,0.24666666666666667
1b,D8-K2par-sep,0.35,33,D8-K2par-sep_e35_r033,1.0,1.0,0.33
1,D3-unequal,0.2,20,D3-unequal_e20_r020,0.9206349206349206,0.9206349206349206,0.16
1,D3-unequal,0.1,20,D3-unequal_e10_r020,0.9101123595505618,0.9101123595505618,0.12333333333333334
1,D4-hetero,0.05,20,D4-hetero_e05_r020,0.903448275862069,0.903448275862069,0.07
1,D4-hetero,0.0,20,D4-hetero_e00_r020,0.92,0.92,0.03666666666666667
1,D7-p3,0.0,18,D7-p3_e00_r018,0.9133333333333333,0.9133333333333333,0.023333333333333334
1b,D8-K2par-sep,0.3,33,D8-K2par-sep_e30_r033,1.0,1.0,0.29333333333333333
1b,D1-K2cross,0.25,34,D1-K2cross_e25_r034,0.9026548672566371,0.9026548672566371,0.24666666666666667
1,D4-hetero,0.2,20,D4-hetero_e20_r020,0.9282700421940928,0.9282700421940928,0.21666666666666667
1,D3-unequal,0.3,20,D3-unequal_e30_r020,0.9,0.9,0.3
1b,D1-K2cross,0.3,34,D1-K2cross_e30_r034,0.927461139896373,0.927461139896373,0.3566666666666667
1,D4-hetero,0.3,20,D4-hetero_e30_r020,0.908256880733945,0.908256880733945,0.27666666666666667
1,D7-p3,0.3,18,D7-p3_e30_r018,0.8537735849056604,0.8537735849056604,0.29333333333333333
1,D4-hetero,0.1,20,D4-hetero_e10_r020,0.8884892086330936,0.8884892086330936,0.09
1,D5-leverage,0.0,20,D5-leverage_e00_r020,0.8766666666666667,0.8766666666666667,0.006666666666666667
1,D7-p3,0.1,18,D7-p3_e10_r018,0.9157509157509157,0.9157509157509157,0.09333333333333334
1b,D1-K2cross,0.35,34,D1-K2cross_e35_r034,0.8983957219251337,0.8983957219251337,0.37666666666666665
1b,D2-K3par,0.25,33,D2-K3par_e25_r033,0.9398148148148148,0.9398148148148148,0.28
1b,D2-K3par,0.3,33,D2-K3par_e30_r033,0.9457013574660633,0.9457013574660633,0.2633333333333333
1,D2-K3par,0.0,20,D2-K3par_e00_r020,0.88,0.88,0.0033333333333333335
1b,D7-p3,0.25,31,D7-p3_e25_r031,0.9276018099547512,0.9276018099547512,0.27
1b,D3-unequal,0.25,34,D3-unequal_e25_r034,0.9170305676855895,0.9170305676855895,0.24
1,D5-leverage,0.3,20,D5-leverage_e30_r020,0.535,0.535,0.0033333333333333335
1,D5-leverage,0.1,20,D5-leverage_e10_r020,0.898876404494382,0.898876404494382,0.12
1b,D3-unequal,0.3,34,D3-unequal_e30_r034,0.8878504672897196,0.8878504672897196,0.2866666666666667
1,D5-leverage,0.05,20,D5-leverage_e05_r020,0.9257950530035336,0.9257950530035336,0.07333333333333333
1,D6-uniform,0.05,20,D6-uniform_e05_r020,0.9006849315068494,0.9006849315068494,0.02666666666666667
1,D6-uniform,0.1,20,D6-uniform_e10_r020,0.9070631970260223,0.9070631970260223,0.10666666666666667
1,D6-uniform,0.0,20,D6-uniform_e00_r020,0.9133333333333333,0.9133333333333333,0.013333333333333334
1b,D3-unequal,0.35,34,D3-unequal_e35_r034,0.6494845360824743,0.6494845360824743,0.16
1,D2-K3par,0.1,20,D2-K3par_e10_r020,0.8565891472868217,0.8565891472868217,0.14
1b,D4-hetero,0.25,34,D4-hetero_e25_r034,0.9385964912280702,0.9385964912280702,0.25666666666666665
1,D5-leverage,0.2,20,D5-leverage_e20_r020,0.8861788617886179,0.8861788617886179,0.18666666666666668
1,D6-uniform,0.3,20,D6-uniform_e30_r020,0.5188679245283019,0.5188679245283019,0.023333333333333334
1,D2-K3par,0.05,20,D2-K3par_e05_r020,0.9094076655052264,0.9094076655052264,0.05333333333333334
1b,D4-hetero,0.35,34,D4-hetero_e35_r034,0.890625,0.890625,0.36333333333333334
1b,D4-hetero,0.3,34,D4-hetero_e30_r034,0.9107981220657277,0.9107981220657277,0.29333333333333333
1b,D5-leverage,0.3,34,D5-leverage_e30_r034,0.505,0.505,0.02666666666666667
1b,D5-leverage,0.25,34,D5-leverage_e25_r034,0.5233644859813084,0.5233644859813084,0.13333333333333333
1b,D7-p3,0.35,31,D7-p3_e35_r031,0.9010989010989011,0.9010989010989011,0.3933333333333333
1,D6-uniform,0.2,20,D6-uniform_e20_r020,0.9049586776859504,0.9049586776859504,0.18
1b,D6-uniform,0.25,34,D6-uniform_e25_r034,0.9353448275862069,0.9353448275862069,0.18666666666666668
1b,D6-uniform,0.3,34,D6-uniform_e30_r034,0.9223300970873787,0.9223300970873787,0.17666666666666667
1b,D6-uniform,0.35,34,D6-uniform_e35_r034,0.5319148936170213,0.5319148936170213,0.0
1b,D2-K3par,0.35,33,D2-K3par_e35_r033,0.6598984771573604,0.6598984771573604,0.18666666666666668
1b,D5-leverage,0.35,34,D5-leverage_e35_r034,0.5025380710659898,0.5025380710659898,0.10333333333333333
1,D8-K2par-sep,0.0,20,D8-K2par-sep_e00_r020,1.0,1.0,0.006666666666666667
1,D8-K2par-sep,0.1,20,D8-K2par-sep_e10_r020,1.0,1.0,0.09666666666666666
1,D2-K3par,0.2,20,D2-K3par_e20_r020,0.8907563025210085,0.8907563025210085,0.20666666666666667
1,D8-K2par-sep,0.3,20,D8-K2par-sep_e30_r020,1.0,1.0,0.2633333333333333
1,D8-K2par-sep,0.05,20,D8-K2par-sep_e05_r020,0.996551724137931,0.996551724137931,0.05
1,D2-K3par,0.3,20,D2-K3par_e30_r020,0.9174311926605505,0.9174311926605505,0.2733333333333333
1,D8-K2par-sep,0.2,20,D8-K2par-sep_e20_r020,1.0,1.0,0.21333333333333335
1b,D8-K2par-sep,0.3,34,D8-K2par-sep_e30_r034,1.0,1.0,0.27666666666666667
1b,D8-K2par-sep,0.25,34,D8-K2par-sep_e25_r034,0.9956521739130435,0.9956521739130435,0.23333333333333334
1,D1-K2cross,0.0,21,D1-K2cross_e00_r021,0.9166666666666666,0.9166666666666666,0.01
1b,D1-K2cross,0.25,35,D1-K2cross_e25_r035,0.9070796460176991,0.9070796460176991,0.24666666666666667
1b,D1-K2cross,0.35,35,D1-K2cross_e35_r035,0.8901098901098901,0.8901098901098901,0.3933333333333333
1b,D8-K2par-sep,0.35,34,D8-K2par-sep_e35_r034,1.0,1.0,0.33
1,D1-K2cross,0.05,21,D1-K2cross_e05_r021,0.9071428571428571,0.9071428571428571,0.07333333333333333
1,D1-K2cross,0.1,21,D1-K2cross_e10_r021,0.9242424242424242,0.9242424242424242,0.13666666666666666
1b,D1-K2cross,0.3,35,D1-K2cross_e30_r035,0.9,0.9,0.26666666666666666
1,D1-K2cross,0.2,21,D1-K2cross_e20_r021,0.9024390243902439,0.9024390243902439,0.18
1b,D7-p3,0.3,30,D7-p3_e30_r030,0.9441860465116279,0.9441860465116279,0.2833333333333333
1b,D3-unequal,0.25,35,D3-unequal_e25_r035,0.8940677966101694,0.8940677966101694,0.21666666666666667
1,D1-K2cross,0.3,21,D1-K2cross_e30_r021,0.943127962085308,0.943127962085308,0.2966666666666667
1b,D3-unequal,0.3,35,D3-unequal_e30_r035,0.8551401869158879,0.8551401869158879,0.2866666666666667
1b,D4-hetero,0.3,35,D4-hetero_e30_r035,0.8914027149321267,0.8914027149321267,0.28
1,D3-unequal,0.0,21,D3-unequal_e00_r021,0.9233333333333333,0.9233333333333333,0.01
1b,D3-unequal,0.35,35,D3-unequal_e35_r035,0.9035532994923858,0.9035532994923858,0.34
1b,D4-hetero,0.25,35,D4-hetero_e25_r035,0.9170305676855895,0.9170305676855895,0.24333333333333335
1,D7-p3,0.0,19,D7-p3_e00_r019,0.89,0.89,0.01
1b,D4-hetero,0.35,35,D4-hetero_e35_r035,0.909952606635071,0.909952606635071,0.30333333333333334
1,D7-p3,0.05,19,D7-p3_e05_r019,0.9020979020979021,0.9020979020979021,0.06
1,D3-unequal,0.1,21,D3-unequal_e10_r021,0.8872727272727273,0.8872727272727273,0.09333333333333334
1b,D5-leverage,0.3,35,D5-leverage_e30_r035,0.5126903553299492,0.5126903553299492,0.04
1b,D7-p3,0.35,32,D7-p3_e35_r032,0.9132653061224489,0.9132653061224489,0.3466666666666667
1,D3-unequal,0.05,21,D3-unequal_e05_r021,0.9151943462897526,0.9151943462897526,0.07333333333333333
1b,D5-leverage,0.25,35,D5-leverage_e25_r035,0.5112107623318386,0.5112107623318386,0.12
1b,D5-leverage,0.35,35,D5-leverage_e35_r035,0.5326633165829145,0.5326633165829145,0.03333333333333333
1b,D2-K3par,0.3,34,D2-K3par_e30_r034,0.6802030456852792,0.6802030456852792,0.15
1,D3-unequal,0.3,21,D3-unequal_e30_r021,0.9320388349514563,0.9320388349514563,0.31333333333333335
1b,D7-p3,0.25,32,D7-p3_e25_r032,0.8868778280542986,0.8868778280542986,0.2633333333333333
1,D3-unequal,0.2,21,D3-unequal_e20_r021,0.9,0.9,0.17333333333333334
1b,D6-uniform,0.25,35,D6-uniform_e25_r035,0.9385964912280702,0.9385964912280702,0.22
1b,D6-uniform,0.3,35,D6-uniform_e30_r035,0.5677083333333334,0.5677083333333334,0.0
1b,D7-p3,0.3,32,D7-p3_e30_r032,0.9104477611940298,0.9104477611940298,0.33
1,D7-p3,0.3,19,D7-p3_e30_r019,0.8981481481481481,0.8981481481481481,0.28
1,D4-hetero,0.0,21,D4-hetero_e00_r021,0.8933333333333333,0.8933333333333333,0.02
1,D4-hetero,0.05,21,D4-hetero_e05_r021,0.9222614840989399,0.9222614840989399,0.07
1,D2-K3par,0.0,21,D2-K3par_e00_r021,0.9133333333333333,0.9133333333333333,0.0033333333333333335
1b,D6-uniform,0.35,35,D6-uniform_e35_r035,0.535,0.535,0.013333333333333334
1b,D2-K3par,0.25,34,D2-K3par_e25_r034,0.8976744186046511,0.8976744186046511,0.2833333333333333
1,D4-hetero,0.2,21,D4-hetero_e20_r021,0.8987854251012146,0.8987854251012146,0.18
1,D4-hetero,0.3,21,D4-hetero_e30_r021,0.8846153846153846,0.8846153846153846,0.31333333333333335
1b,D7-p3,0.3,31,D7-p3_e30_r031,0.927536231884058,0.927536231884058,0.31
1,D4-hetero,0.1,21,D4-hetero_e10_r021,0.9010989010989011,0.9010989010989011,0.10666666666666667
1,D5-leverage,0.0,21,D5-leverage_e00_r021,0.93,0.93,0.023333333333333334
1,D5-leverage,0.1,21,D5-leverage_e10_r021,0.8974358974358975,0.8974358974358975,0.09333333333333334
1b,D2-K3par,0.35,34,D2-K3par_e35_r034,0.3882978723404255,0.3882978723404255,0.0
1,D7-p3,0.1,19,D7-p3_e10_r019,0.9022556390977443,0.9022556390977443,0.11666666666666667
1,D5-leverage,0.05,21,D5-leverage_e05_r021,0.9257950530035336,0.9257950530035336,0.07666666666666666
1,D5-leverage,0.2,21,D5-leverage_e20_r021,0.9372549019607843,0.9372549019607843,0.15
1b,D8-K2par-sep,0.35,35,D8-K2par-sep_e35_r035,1.0,1.0,0.31
1b,D8-K2par-sep,0.3,35,D8-K2par-sep_e30_r035,1.0,1.0,0.26666666666666666
1,D5-leverage,0.3,21,D5-leverage_e30_r021,0.5320197044334976,0.5320197044334976,0.01
1b,D8-K2par-sep,0.25,35,D8-K2par-sep_e25_r035,1.0,1.0,0.23666666666666666
1,D6-uniform,0.0,21,D6-uniform_e00_r021,0.9,0.9,0.016666666666666666
1,D2-K3par,0.1,21,D2-K3par_e10_r021,0.915129151291513,0.915129151291513,0.09666666666666666
1b,D1-K2cross,0.3,36,D1-K2cross_e30_r036,0.9245283018867925,0.9245283018867925,0.29333333333333333
1,D6-uniform,0.05,21,D6-uniform_e05_r021,0.916083916083916,0.916083916083916,0.06333333333333334
1,D2-K3par,0.05,21,D2-K3par_e05_r021,0.8838028169014085,0.8838028169014085,0.056666666666666664
1b,D1-K2cross,0.35,36,D1-K2cross_e35_r036,0.919047619047619,0.919047619047619,0.3
1b,D2-K3par,0.25,35,D2-K3par_e25_r035,0.9224137931034483,0.9224137931034483,0.22666666666666666
1,D6-uniform,0.2,21,D6-uniform_e20_r021,0.899581589958159,0.899581589958159,0.20333333333333334
1b,D1-K2cross,0.25,36,D1-K2cross_e25_r036,0.9039301310043668,0.9039301310043668,0.23666666666666666
1,D6-uniform,0.1,21,D6-uniform_e10_r021,0.9325842696629213,0.9325842696629213,0.12666666666666668
1,D6-uniform,0.3,21,D6-uniform_e30_r021,0.9170731707317074,0.9170731707317074,0.17333333333333334
1b,D2-K3par,0.35,35,D2-K3par_e35_r035,0.92018779342723,0.92018779342723,0.29
1b,D3-unequal,0.25,36,D3-unequal_e25_r036,0.9254385964912281,0.9254385964912281,0.24333333333333335
1,D2-K3par,0.2,21,D2-K3par_e20_r021,0.9152542372881356,0.9152542372881356,0.21333333333333335
1b,D3-unequal,0.35,36,D3-unequal_e35_r036,0.9261083743842364,0.9261083743842364,0.3233333333333333
1b,D3-unequal,0.3,36,D3-unequal_e30_r036,0.9117647058823529,0.9117647058823529,0.32
1b,D4-hetero,0.3,36,D4-hetero_e30_r036,0.8578431372549019,0.8578431372549019,0.33
1,D8-K2par-sep,0.05,21,D8-K2par-sep_e05_r021,1.0,1.0,0.07
1,D8-K2par-sep,0.1,21,D8-K2par-sep_e10_r021,1.0,1.0,0.08333333333333333
1b,D5-leverage,0.3,36,D5-leverage_e30_r036,0.5374449339207048,0.5374449339207048,0.10333333333333333
1b,D4-hetero,0.35,36,D4-hetero_e35_r036,0.918918918918919,0.918918918918919,0.38333333333333336
1,D8-K2par-sep,0.0,21,D8-K2par-sep_e00_r021,1.0,1.0,0.013333333333333334
1,D8-K2par-sep,0.2,21,D8-K2par-sep_e20_r021,1.0,1.0,0.21333333333333335
1b,D5-leverage,0.25,36,D5-leverage_e25_r036,0.509090909090909,0.509090909090909,0.056666666666666664
1b,D4-hetero,0.25,36,D4-hetero_e25_r036,0.9139344262295082,0.9139344262295082,0.20333333333333334
1,D2-K3par,0.3,21,D2-K3par_e30_r021,0.8904761904761904,0.8904761904761904,0.3
1b,D5-leverage,0.35,36,D5-leverage_e35_r036,0.5164835164835165,0.5164835164835165,0.013333333333333334
1b,D6-uniform,0.25,36,D6-uniform_e25_r036,0.8922413793103449,0.8922413793103449,0.15666666666666668
1,D8-K2par-sep,0.3,21,D8-K2par-sep_e30_r021,1.0,1.0,0.2833333333333333
1,D1-K2cross,0.0,22,D1-K2cross_e00_r022,0.8866666666666667,0.8866666666666667,0.013333333333333334
1b,D6-uniform,0.3,36,D6-uniform_e30_r036,0.9271844660194175,0.9271844660194175,0.12666666666666668
1,D1-K2cross,0.05,22,D1-K2cross_e05_r022,0.8939929328621908,0.8939929328621908,0.06333333333333334
1,D1-K2cross,0.1,22,D1-K2cross_e10_r022,0.9125475285171103,0.9125475285171103,0.12333333333333334
1b,D6-uniform,0.35,36,D6-uniform_e35_r036,0.5054347826086957,0.5054347826086957,0.0
1b,D2-K3par,0.3,35,D2-K3par_e30_r035,0.6682242990654206,0.6682242990654206,0.11666666666666667
1,D1-K2cross,0.3,22,D1-K2cross_e30_r022,0.9017857142857143,0.9017857142857143,0.25333333333333335
1b,D7-p3,0.25,33,D7-p3_e25_r033,0.8914027149321267,0.8914027149321267,0.2633333333333333
1b,D8-K2par-sep,0.25,36,D8-K2par-sep_e25_r036,1.0,1.0,0.25666666666666665
1b,D8-K2par-sep,0.3,36,D8-K2par-sep_e30_r036,1.0,1.0,0.31333333333333335
1,D1-K2cross,0.2,22,D1-K2cross_e20_r022,0.9424778761061947,0.9424778761061947,0.24666666666666667
1b,D7-p3,0.35,33,D7-p3_e35_r033,0.9068627450980392,0.9068627450980392,0.3233333333333333
1b,D8-K2par-sep,0.35,36,D8-K2par-sep_e35_r036,1.0,1.0,0.36
1,D3-unequal,0.0,22,D3-unequal_e00_r022,0.8733333333333333,0.8733333333333333,0.03333333333333333
1,D3-unequal,0.05,22,D3-unequal_e05_r022,0.8992805755395683,0.8992805755395683,0.08666666666666667
1b,D1-K2cross,0.25,37,D1-K2cross_e25_r037,0.8977777777777778,0.8977777777777778,0.25
1,D7-p3,0.0,20,D7-p3_e00_r020,0.9233333333333333,0.9233333333333333,0.016666666666666666
1,D7-p3,0.05,20,D7-p3_e05_r020,0.9202898550724637,0.9202898550724637,0.10333333333333333
1b,D1-K2cross,0.3,37,D1-K2cross_e30_r037,0.9120370370370371,0.9120370370370371,0.28
1b,D1-K2cross,0.35,37,D1-K2cross_e35_r037,0.8963730569948186,0.8963730569948186,0.3566666666666667
1,D7-p3,0.2,19,D7-p3_e20_r019,0.9163179916317992,0.9163179916317992,0.20333333333333334
1b,D2-K3par,0.25,36,D2-K3par_e25_r036,0.9026548672566371,0.9026548672566371,0.24666666666666667
1,D4-hetero,0.0,22,D4-hetero_e00_r022,0.9166666666666666,0.9166666666666666,0.02666666666666667
1,D3-unequal,0.2,22,D3-unequal_e20_r022,0.9288702928870293,0.9288702928870293,0.20666666666666667
1,D3-unequal,0.1,22,D3-unequal_e10_r022,0.8978102189781022,0.8978102189781022,0.09666666666666666
1,D4-hetero,0.05,22,D4-hetero_e05_r022,0.9252669039145908,0.9252669039145908,0.07666666666666666
1b,D3-unequal,0.25,37,D3-unequal_e25_r037,0.8863636363636364,0.8863636363636364,0.26666666666666666
1,D3-unequal,0.3,22,D3-unequal_e30_r022,0.9227053140096618,0.9227053140096618,0.31
1b,D3-unequal,0.35,37,D3-unequal_e35_r037,0.8952879581151832,0.8952879581151832,0.36333333333333334
1b,D3-unequal,0.3,37,D3-unequal_e30_r037,0.8844221105527639,0.8844221105527639,0.33666666666666667
1,D4-hetero,0.1,22,D4-hetero_e10_r022,0.8947368421052632,0.8947368421052632,0.13333333333333333
1,D4-hetero,0.3,22,D4-hetero_e30_r022,0.9302325581395349,0.9302325581395349,0.2833333333333333
1b,D4-hetero,0.25,37,D4-hetero_e25_r037,0.9111111111111111,0.9111111111111111,0.25666666666666665
1b,D4-hetero,0.3,37,D4-hetero_e30_r037,0.9065420560747663,0.9065420560747663,0.29
1,D5-leverage,0.0,22,D5-leverage_e00_r022,0.91,0.91,0.016666666666666666
1,D5-leverage,0.05,22,D5-leverage_e05_r022,0.9328621908127208,0.9328621908127208,0.07
1,D4-hetero,0.2,22,D4-hetero_e20_r022,0.9128630705394191,0.9128630705394191,0.20666666666666667
1,D5-leverage,0.1,22,D5-leverage_e10_r022,0.9264705882352942,0.9264705882352942,0.1
1b,D4-hetero,0.35,37,D4-hetero_e35_r037,0.9740932642487047,0.9740932642487047,0.3566666666666667
1,D2-K3par,0.1,22,D2-K3par_e10_r022,0.9074074074074074,0.9074074074074074,0.1
1,D7-p3,0.1,20,D7-p3_e10_r020,0.895910780669145,0.895910780669145,0.11333333333333333
1,D5-leverage,0.2,22,D5-leverage_e20_r022,0.9106382978723404,0.9106382978723404,0.21666666666666667
1b,D5-leverage,0.25,37,D5-leverage_e25_r037,0.8697478991596639,0.8697478991596639,0.20666666666666667
1b,D7-p3,0.3,34,D7-p3_e30_r034,0.8786407766990292,0.8786407766990292,0.31666666666666665
1,D2-K3par,0.0,22,D2-K3par_e00_r022,0.9033333333333333,0.9033333333333333,0.006666666666666667
1,D7-p3,0.3,20,D7-p3_e30_r020,0.9289099526066351,0.9289099526066351,0.31666666666666665
1b,D5-leverage,0.3,37,D5-leverage_e30_r037,0.54,0.54,0.03666666666666667
1b,D5-leverage,0.35,37,D5-leverage_e35_r037,0.5202020202020202,0.5202020202020202,0.08666666666666667
1b,D6-uniform,0.25,37,D6-uniform_e25_r037,0.8951965065502183,0.8951965065502183,0.19666666666666666
1,D2-K3par,0.05,22,D2-K3par_e05_r022,0.8951048951048951,0.8951048951048951,0.04666666666666667
1,D5-leverage,0.3,22,D5-leverage_e30_r022,0.5299539170506913,0.5299539170506913,0.05333333333333334
1b,D6-uniform,0.3,37,D6-uniform_e30_r037,0.9380952380952381,0.9380952380952381,0.17666666666666667
1,D6-uniform,0.0,22,D6-uniform_e00_r022,0.9133333333333333,0.9133333333333333,0.016666666666666666
1b,D2-K3par,0.3,36,D2-K3par_e30_r036,0.645933014354067,0.645933014354067,0.15666666666666668
1b,D6-uniform,0.35,37,D6-uniform_e35_r037,0.517948717948718,0.517948717948718,0.0
1b,D2-K3par,0.35,36,D2-K3par_e35_r036,0.625615763546798,0.625615763546798,0.12666666666666668
1b,D7-p3,0.25,34,D7-p3_e25_r034,0.9196428571428571,0.9196428571428571,0.25666666666666665
1b,D7-p3,0.3,33,D7-p3_e30_r033,0.9289099526066351,0.9289099526066351,0.2966666666666667
1,D6-uniform,0.1,22,D6-uniform_e10_r022,0.8970588235294118,0.8970588235294118,0.10333333333333333
1,D6-uniform,0.05,22,D6-uniform_e05_r022,0.8780487804878049,0.8780487804878049,0.05333333333333334
1b,D8-K2par-sep,0.3,37,D8-K2par-sep_e30_r037,1.0,1.0,0.30666666666666664
1,D2-K3par,0.2,22,D2-K3par_e20_r022,0.8883928571428571,0.8883928571428571,0.25333333333333335
1b,D8-K2par-sep,0.25,37,D8-K2par-sep_e25_r037,0.9954545454545455,0.9954545454545455,0.26666666666666666
1,D6-uniform,0.3,22,D6-uniform_e30_r022,0.9162995594713657,0.9162995594713657,0.22666666666666666
1,D6-uniform,0.2,22,D6-uniform_e20_r022,0.8755186721991701,0.8755186721991701,0.18666666666666668
1b,D2-K3par,0.3,37,D2-K3par_e30_r037,0.9414414414414415,0.9414414414414415,0.26
1b,D7-p3,0.35,34,D7-p3_e35_r034,0.9432989690721649,0.9432989690721649,0.36
1b,D2-K3par,0.25,37,D2-K3par_e25_r037,0.9,0.9,0.23333333333333334
1b,D8-K2par-sep,0.35,37,D8-K2par-sep_e35_r037,1.0,1.0,0.3333333333333333
1,D2-K3par,0.3,22,D2-K3par_e30_r022,0.9259259259259259,0.9259259259259259,0.28
1,D8-K2par-sep,0.0,22,D8-K2par-sep_e00_r022,0.9966666666666667,0.9966666666666667,0.023333333333333334
1b,D1-K2cross,0.3,38,D1-K2cross_e30_r038,0.9183673469387755,0.9183673469387755,0.3466666666666667
1,D8-K2par-sep,0.05,22,D8-K2par-sep_e05_r022,1.0,1.0,0.07
1b,D1-K2cross,0.35,38,D1-K2cross_e35_r038,0.9310344827586207,0.9310344827586207,0.3233333333333333
1b,D1-K2cross,0.25,38,D1-K2cross_e25_r038,0.8733031674208145,0.8733031674208145,0.26666666666666666
1,D8-K2par-sep,0.1,22,D8-K2par-sep_e10_r022,1.0,1.0,0.09666666666666666
1,D8-K2par-sep,0.2,22,D8-K2par-sep_e20_r022,1.0,1.0,0.27
1,D1-K2cross,0.05,23,D1-K2cross_e05_r023,0.9052631578947369,0.9052631578947369,0.06
1,D1-K2cross,0.1,23,D1-K2cross_e10_r023,0.920863309352518,0.920863309352518,0.07666666666666666
1,D1-K2cross,0.0,23,D1-K2cross_e00_r023,0.8733333333333333,0.8733333333333333,0.01
1b,D3-unequal,0.25,38,D3-unequal_e25_r038,0.8959276018099548,0.8959276018099548,0.2633333333333333
1b,D4-hetero,0.25,38,D4-hetero_e25_r038,0.8959276018099548,0.8959276018099548,0.27
1,D8-K2par-sep,0.3,22,D8-K2par-sep_e30_r022,0.9950248756218906,0.9950248756218906,0.33
1,D1-K2cross,0.2,23,D1-K2cross_e20_r023,0.9205020920502092,0.9205020920502092,0.20333333333333334
1b,D3-unequal,0.3,38,D3-unequal_e30_r038,0.905940594059406,0.905940594059406,0.32666666666666666
1,D7-p3,0.2,20,D7-p3_e20_r020,0.9045643153526971,0.9045643153526971,0.2
1b,D4-hetero,0.35,38,D4-hetero_e35_r038,0.9293478260869565,0.9293478260869565,0.39
1b,D7-p3,0.25,35,D7-p3_e25_r035,0.8772727272727273,0.8772727272727273,0.27
1b,D3-unequal,0.35,38,D3-unequal_e35_r038,0.7628865979381443,0.7628865979381443,0.2
1b,D4-hetero,0.3,38,D4-hetero_e30_r038,0.9262672811059908,0.9262672811059908,0.2833333333333333
1b,D5-leverage,0.3,38,D5-leverage_e30_r038,0.5190476190476191,0.5190476190476191,0.006666666666666667
1,D1-K2cross,0.3,23,D1-K2cross_e30_r023,0.919431279620853,0.919431279620853,0.2966666666666667
1b,D5-leverage,0.25,38,D5-leverage_e25_r038,0.9254385964912281,0.9254385964912281,0.24
1b,D2-K3par,0.35,37,D2-K3par_e35_r037,0.37967914438502676,0.37967914438502676,0.0033333333333333335
1b,D5-leverage,0.35,38,D5-leverage_e35_r038,0.5326633165829145,0.5326633165829145,0.01
1b,D6-uniform,0.25,38,D6-uniform_e25_r038,0.8888888888888888,0.8888888888888888,0.12333333333333334
1b,D6-uniform,0.3,38,D6-uniform_e30_r038,0.8828828828828829,0.8828828828828829,0.23666666666666666
1b,D6-uniform,0.35,38,D6-uniform_e35_r038,0.9333333333333333,0.9333333333333333,0.17333333333333334
1,D3-unequal,0.0,23,D3-unequal_e00_r023,0.9266666666666666,0.9266666666666666,0.03666666666666667
1,D7-p3,0.05,21,D7-p3_e05_r021,0.9013605442176871,0.9013605442176871,0.07
1,D3-unequal,0.05,23,D3-unequal_e05_r023,0.9310344827586207,0.9310344827586207,0.04666666666666667
1b,D8-K2par-sep,0.25,38,D8-K2par-sep_e25_r038,1.0,1.0,0.26
1,D7-p3,0.0,21,D7-p3_e00_r021,0.89,0.89,0.03666666666666667
1,D3-unequal,0.1,23,D3-unequal_e10_r023,0.9316546762589928,0.9316546762589928,0.08
1,D3-unequal,0.3,23,D3-unequal_e30_r023,0.9041095890410958,0.9041095890410958,0.27
1,D4-hetero,0.0,23,D4-hetero_e00_r023,0.91,0.91,0.023333333333333334
1,D3-unequal,0.2,23,D3-unequal_e20_r023,0.9409282700421941,0.9409282700421941,0.21
1b,D7-p3,0.35,35,D7-p3_e35_r035,0.9038461538461539,0.9038461538461539,0.31
1b,D8-K2par-sep,0.3,38,D8-K2par-sep_e30_r038,0.9951219512195122,0.9951219512195122,0.31666666666666665
1b,D8-K2par-sep,0.35,38,D8-K2par-sep_e35_r038,1.0,1.0,0.3233333333333333
1b,D7-p3,0.3,35,D7-p3_e30_r035,0.9009009009009009,0.9009009009009009,0.3
1,D4-hetero,0.05,23,D4-hetero_e05_r023,0.9372822299651568,0.9372822299651568,0.06666666666666667
1,D7-p3,0.1,21,D7-p3_e10_r021,0.9227941176470589,0.9227941176470589,0.10333333333333333
1b,D1-K2cross,0.35,39,D1-K2cross_e35_r039,0.9195979899497487,0.9195979899497487,0.33666666666666667
1b,D1-K2cross,0.25,39,D1-K2cross_e25_r039,0.9495412844036697,0.9495412844036697,0.2733333333333333
1b,D1-K2cross,0.3,39,D1-K2cross_e30_r039,0.9241706161137441,0.9241706161137441,0.2966666666666667
1,D4-hetero,0.3,23,D4-hetero_e30_r023,0.8786407766990292,0.8786407766990292,0.32
1,D4-hetero,0.1,23,D4-hetero_e10_r023,0.9111111111111111,0.9111111111111111,0.13333333333333333
1,D5-leverage,0.1,23,D5-leverage_e10_r023,0.9136690647482014,0.9136690647482014,0.09333333333333334
1,D5-leverage,0.05,23,D5-leverage_e05_r023,0.9125874125874126,0.9125874125874126,0.07
1,D4-hetero,0.2,23,D4-hetero_e20_r023,0.9482758620689655,0.9482758620689655,0.23
1b,D2-K3par,0.25,38,D2-K3par_e25_r038,0.8947368421052632,0.8947368421052632,0.24
1b,D3-unequal,0.25,39,D3-unequal_e25_r039,0.9295154185022027,0.9295154185022027,0.24333333333333335
1,D5-leverage,0.2,23,D5-leverage_e20_r023,0.9173553719008265,0.9173553719008265,0.19333333333333333
1,D5-leverage,0.0,23,D5-leverage_e00_r023,0.9066666666666666,0.9066666666666666,0.023333333333333334
1,D5-leverage,0.3,23,D5-leverage_e30_r023,0.5145631067961165,0.5145631067961165,0.006666666666666667
1b,D3-unequal,0.3,39,D3-unequal_e30_r039,0.9403669724770642,0.9403669724770642,0.2733333333333333
1,D6-uniform,0.0,23,D6-uniform_e00_r023,0.9266666666666666,0.9266666666666666,0.006666666666666667
1,D2-K3par,0.05,23,D2-K3par_e05_r023,0.9078014184397163,0.9078014184397163,0.06
1,D2-K3par,0.0,23,D2-K3par_e00_r023,0.93,0.93,0.0033333333333333335
1b,D3-unequal,0.35,39,D3-unequal_e35_r039,0.6927083333333334,0.6927083333333334,0.15333333333333332
1,D6-uniform,0.1,23,D6-uniform_e10_r023,0.9111111111111111,0.9111111111111111,0.11
1,D6-uniform,0.05,23,D6-uniform_e05_r023,0.9303135888501742,0.9303135888501742,0.043333333333333335
1,D6-uniform,0.2,23,D6-uniform_e20_r023,0.9291338582677166,0.9291338582677166,0.16333333333333333
1b,D7-p3,0.3,36,D7-p3_e30_r036,0.9198113207547169,0.9198113207547169,0.33
1b,D4-hetero,0.3,39,D4-hetero_e30_r039,0.9038461538461539,0.9038461538461539,0.30666666666666664
1b,D5-leverage,0.25,39,D5-leverage_e25_r039,0.9273504273504274,0.9273504273504274,0.22333333333333333
1b,D4-hetero,0.25,39,D4-hetero_e25_r039,0.9140271493212669,0.9140271493212669,0.2733333333333333
1,D2-K3par,0.1,23,D2-K3par_e10_r023,0.8984962406015038,0.8984962406015038,0.11333333333333333
1b,D5-leverage,0.3,39,D5-leverage_e30_r039,0.5357142857142857,0.5357142857142857,0.09666666666666666
1,D6-uniform,0.3,23,D6-uniform_e30_r023,0.5728155339805825,0.5728155339805825,0.0
1b,D5-leverage,0.35,39,D5-leverage_e35_r039,0.5024875621890548,0.5024875621890548,0.04
1b,D4-hetero,0.35,39,D4-hetero_e35_r039,0.9158415841584159,0.9158415841584159,0.32666666666666666
1,D7-p3,0.3,21,D7-p3_e30_r021,0.9150943396226415,0.9150943396226415,0.29333333333333333
1b,D7-p3,0.25,36,D7-p3_e25_r036,0.8849557522123894,0.8849557522123894,0.25
1b,D2-K3par,0.35,38,D2-K3par_e35_r038,0.3425414364640884,0.3425414364640884,0.006666666666666667
1b,D6-uniform,0.25,39,D6-uniform_e25_r039,0.8844444444444445,0.8844444444444445,0.14333333333333334
1b,D6-uniform,0.3,39,D6-uniform_e30_r039,0.5282051282051282,0.5282051282051282,0.0
1,D8-K2par-sep,0.0,23,D8-K2par-sep_e00_r023,0.9966666666666667,0.9966666666666667,0.02
1,D2-K3par,0.3,23,D2-K3par_e30_r023,0.9054054054054054,0.9054054054054054,0.26
1b,D6-uniform,0.35,39,D6-uniform_e35_r039,0.5051546391752577,0.5051546391752577,0.0
1b,D7-p3,0.35,36,D7-p3_e35_r036,0.8936170212765957,0.8936170212765957,0.37333333333333335
1,D2-K3par,0.2,23,D2-K3par_e20_r023,0.9071729957805907,0.9071729957805907,0.21
1,D8-K2par-sep,0.1,23,D8-K2par-sep_e10_r023,1.0,1.0,0.10666666666666667
1,D8-K2par-sep,0.05,23,D8-K2par-sep_e05_r023,0.9965156794425087,0.9965156794425087,0.05333333333333334
1b,D8-K2par-sep,0.3,39,D8-K2par-sep_e30_r039,0.9951219512195122,0.9951219512195122,0.31666666666666665
1,D8-K2par-sep,0.3,23,D8-K2par-sep_e30_r023,1.0,1.0,0.3
1,D8-K2par-sep,0.2,23,D8-K2par-sep_e20_r023,0.9957081545064378,0.9957081545064378,0.22333333333333333
1b,D8-K2par-sep,0.25,39,D8-K2par-sep_e25_r039,1.0,1.0,0.2833333333333333
1b,D8-K2par-sep,0.35,39,D8-K2par-sep_e35_r039,1.0,1.0,0.36
1b,D2-K3par,0.3,38,D2-K3par_e30_r038,0.6231155778894473,0.6231155778894473,0.15333333333333332
1b,D1-K2cross,0.25,40,D1-K2cross_e25_r040,0.9030837004405287,0.9030837004405287,0.24333333333333335
1,D1-K2cross,0.05,24,D1-K2cross_e05_r024,0.9151943462897526,0.9151943462897526,0.06333333333333334
1b,D1-K2cross,0.35,40,D1-K2cross_e35_r040,0.9203980099502488,0.9203980099502488,0.33
1,D1-K2cross,0.0,24,D1-K2cross_e00_r024,0.94,0.94,0.03333333333333333
1,D1-K2cross,0.1,24,D1-K2cross_e10_r024,0.8984962406015038,0.8984962406015038,0.13
1b,D1-K2cross,0.3,40,D1-K2cross_e30_r040,0.9182692307692307,0.9182692307692307,0.30666666666666664
1,D1-K2cross,0.2,24,D1-K2cross_e20_r024,0.8925619834710744,0.8925619834710744,0.2
1,D1-K2cross,0.3,24,D1-K2cross_e30_r024,0.8809523809523809,0.8809523809523809,0.3
1b,D3-unequal,0.25,40,D3-unequal_e25_r040,0.9347826086956522,0.9347826086956522,0.23666666666666666
1b,D3-unequal,0.3,40,D3-unequal_e30_r040,0.9351851851851852,0.9351851851851852,0.2866666666666667
1b,D2-K3par,0.3,39,D2-K3par_e30_r039,0.9095477386934674,0.9095477386934674,0.3566666666666667
1b,D2-K3par,0.25,39,D2-K3par_e25_r039,0.8810572687224669,0.8810572687224669,0.24333333333333335
1b,D4-hetero,0.3,40,D4-hetero_e30_r040,0.8925233644859814,0.8925233644859814,0.29
1b,D3-unequal,0.35,40,D3-unequal_e35_r040,0.8967391304347826,0.8967391304347826,0.38666666666666666
1b,D4-hetero,0.25,40,D4-hetero_e25_r040,0.9043478260869565,0.9043478260869565,0.24666666666666667
1,D3-unequal,0.0,24,D3-unequal_e00_r024,0.9366666666666666,0.9366666666666666,0.023333333333333334
1,D3-unequal,0.05,24,D3-unequal_e05_r024,0.9157894736842105,0.9157894736842105,0.06333333333333334
1b,D5-leverage,0.3,40,D5-leverage_e30_r040,0.5162790697674419,0.5162790697674419,0.013333333333333334
1b,D5-leverage,0.25,40,D5-leverage_e25_r040,0.8865546218487395,0.8865546218487395,0.20666666666666667
1b,D5-leverage,0.35,40,D5-leverage_e35_r040,0.56,0.56,0.006666666666666667
1b,D4-hetero,0.35,40,D4-hetero_e35_r040,0.8835978835978836,0.8835978835978836,0.37
1,D3-unequal,0.1,24,D3-unequal_e10_r024,0.8949416342412452,0.8949416342412452,0.15
1b,D2-K3par,0.35,39,D2-K3par_e35_r039,0.7323232323232324,0.7323232323232324,0.13
1b,D7-p3,0.3,37,D7-p3_e30_r037,0.908675799086758,0.908675799086758,0.27
1,D7-p3,0.2,21,D7-p3_e20_r021,0.9358974358974359,0.9358974358974359,0.24
1,D7-p3,0.05,22,D7-p3_e05_r022,0.8850174216027874,0.8850174216027874,0.056666666666666664
1,D4-hetero,0.0,24,D4-hetero_e00_r024,0.8866666666666667,0.8866666666666667,0.04666666666666667
1,D7-p3,0.1,22,D7-p3_e10_r022,0.9125475285171103,0.9125475285171103,0.14333333333333334
1,D3-unequal,0.2,24,D3-unequal_e20_r024,0.8865546218487395,0.8865546218487395,0.20666666666666667
1b,D6-uniform,0.25,40,D6-uniform_e25_r040,0.5674418604651162,0.5674418604651162,0.006666666666666667
1,D3-unequal,0.3,24,D3-unequal_e30_r024,0.8883248730964467,0.8883248730964467,0.3433333333333333
1,D4-hetero,0.05,24,D4-hetero_e05_r024,0.9163763066202091,0.9163763066202091,0.07666666666666666
1b,D6-uniform,0.3,40,D6-uniform_e30_r040,0.5023923444976076,0.5023923444976076,0.0
1b,D7-p3,0.35,37,D7-p3_e35_r037,0.8894736842105263,0.8894736842105263,0.37333333333333335
1,D4-hetero,0.2,24,D4-hetero_e20_r024,0.9205020920502092,0.9205020920502092,0.20666666666666667
1,D4-hetero,0.1,24,D4-hetero_e10_r024,0.9044117647058824,0.9044117647058824,0.10333333333333333
1b,D6-uniform,0.35,40,D6-uniform_e35_r040,0.9073170731707317,0.9073170731707317,0.22
1,D5-leverage,0.05,24,D5-leverage_e05_r024,0.9125874125874126,0.9125874125874126,0.056666666666666664
1,D2-K3par,0.05,24,D2-K3par_e05_r024,0.9201388888888888,0.9201388888888888,0.05
1,D7-p3,0.0,22,D7-p3_e00_r022,0.9133333333333333,0.9133333333333333,0.01
1,D4-hetero,0.3,24,D4-hetero_e30_r024,0.8944723618090452,0.8944723618090452,0.33666666666666667
1b,D7-p3,0.25,37,D7-p3_e25_r037,0.8995633187772926,0.8995633187772926,0.25
1,D2-K3par,0.0,24,D2-K3par_e00_r024,0.94,0.94,0.013333333333333334
1b,D8-K2par-sep,0.25,40,D8-K2par-sep_e25_r040,1.0,1.0,0.27
1,D5-leverage,0.1,24,D5-leverage_e10_r024,0.9386281588447654,0.9386281588447654,0.09
1,D7-p3,0.2,22,D7-p3_e20_r022,0.8729508196721312,0.8729508196721312,0.19
1,D6-uniform,0.0,24,D6-uniform_e00_r024,0.9166666666666666,0.9166666666666666,0.02666666666666667
1,D5-leverage,0.0,24,D5-leverage_e00_r024,0.8966666666666666,0.8966666666666666,0.013333333333333334
1b,D8-K2par-sep,0.35,40,D8-K2par-sep_e35_r040,1.0,1.0,0.33
1,D2-K3par,0.1,24,D2-K3par_e10_r024,0.9169675090252708,0.9169675090252708,0.08333333333333333
1,D6-uniform,0.05,24,D6-uniform_e05_r024,0.9052631578947369,0.9052631578947369,0.06
1b,D8-K2par-sep,0.3,40,D8-K2par-sep_e30_r040,1.0,1.0,0.27666666666666667
1,D5-leverage,0.3,24,D5-leverage_e30_r024,0.5117370892018779,0.5117370892018779,0.01
1b,D1-K2cross,0.3,41,D1-K2cross_e30_r041,0.9174757281553398,0.9174757281553398,0.31333333333333335
1,D5-leverage,0.2,24,D5-leverage_e20_r024,0.9224806201550387,0.9224806201550387,0.14333333333333334
1b,D1-K2cross,0.35,41,D1-K2cross_e35_r041,0.9222797927461139,0.9222797927461139,0.3566666666666667
1,D6-uniform,0.1,24,D6-uniform_e10_r024,0.9133574007220217,0.9133574007220217,0.09
1b,D1-K2cross,0.25,41,D1-K2cross_e25_r041,0.9151785714285714,0.9151785714285714,0.25333333333333335
1,D2-K3par,0.2,24,D2-K3par_e20_r024,0.9112903225806451,0.9112903225806451,0.17333333333333334
1b,D2-K3par,0.25,40,D2-K3par_e25_r040,0.9035087719298246,0.9035087719298246,0.24
1,D6-uniform,0.2,24,D6-uniform_e20_r024,0.91701244813278,0.91701244813278,0.17333333333333334
1,D6-uniform,0.3,24,D6-uniform_e30_r024,0.9354838709677419,0.9354838709677419,0.2733333333333333
1b,D3-unequal,0.25,41,D3-unequal_e25_r041,0.941908713692946,0.941908713692946,0.19666666666666666
1b,D3-unequal,0.35,41,D3-unequal_e35_r041,0.7052631578947368,0.7052631578947368,0.16333333333333333
1b,D4-hetero,0.25,41,D4-hetero_e25_r041,0.9106382978723404,0.9106382978723404,0.22333333333333333
1b,D3-unequal,0.3,41,D3-unequal_e30_r041,0.8851674641148325,0.8851674641148325,0.30333333333333334
1,D2-K3par,0.3,24,D2-K3par_e30_r024,0.9027777777777778,0.9027777777777778,0.28
1,D8-K2par-sep,0.0,24,D8-K2par-sep_e00_r024,0.9966666666666667,0.9966666666666667,0.03333333333333333
1b,D4-hetero,0.3,41,D4-hetero_e30_r041,0.9371980676328503,0.9371980676328503,0.31
1,D8-K2par-sep,0.05,24,D8-K2par-sep_e05_r024,1.0,1.0,0.08
1,D8-K2par-sep,0.2,24,D8-K2par-sep_e20_r024,1.0,1.0,0.22666666666666666
1b,D5-leverage,0.25,41,D5-leverage_e25_r041,0.5454545454545454,0.5454545454545454,0.09333333333333334
1,D8-K2par-sep,0.1,24,D8-K2par-sep_e10_r024,1.0,1.0,0.1
1b,D4-hetero,0.35,41,D4-hetero_e35_r041,0.9119170984455959,0.9119170984455959,0.3566666666666667
1b,D5-leverage,0.3,41,D5-leverage_e30_r041,0.5391705069124424,0.5391705069124424,0.03666666666666667
1,D1-K2cross,0.0,25,D1-K2cross_e00_r025,0.9,0.9,0.0033333333333333335
1b,D2-K3par,0.35,40,D2-K3par_e35_r040,0.3802083333333333,0.3802083333333333,0.0
1b,D5-leverage,0.35,41,D5-leverage_e35_r041,0.5523809523809524,0.5523809523809524,0.07666666666666666
1b,D6-uniform,0.25,41,D6-uniform_e25_r041,0.9022222222222223,0.9022222222222223,0.20333333333333334
1b,D2-K3par,0.3,40,D2-K3par_e30_r040,0.6650943396226415,0.6650943396226415,0.13333333333333333
1b,D6-uniform,0.3,41,D6-uniform_e30_r041,0.5603864734299517,0.5603864734299517,0.016666666666666666
1,D8-K2par-sep,0.3,24,D8-K2par-sep_e30_r024,0.995475113122172,0.995475113122172,0.2633333333333333
1,D1-K2cross,0.05,25,D1-K2cross_e05_r025,0.9112627986348123,0.9112627986348123,0.03333333333333333
1b,D6-uniform,0.35,41,D6-uniform_e35_r041,0.5263157894736842,0.5263157894736842,0.0
1,D1-K2cross,0.1,25,D1-K2cross_e10_r025,0.9127272727272727,0.9127272727272727,0.09666666666666666
1b,D7-p3,0.3,38,D7-p3_e30_r038,0.9158878504672897,0.9158878504672897,0.29333333333333333
1b,D8-K2par-sep,0.3,41,D8-K2par-sep_e30_r041,1.0,1.0,0.29333333333333333
1b,D8-K2par-sep,0.25,41,D8-K2par-sep_e25_r041,1.0,1.0,0.21
1,D1-K2cross,0.2,25,D1-K2cross_e20_r025,0.8851063829787233,0.8851063829787233,0.22666666666666666
1,D1-K2cross,0.3,25,D1-K2cross_e30_r025,0.9318181818181818,0.9318181818181818,0.26666666666666666
1b,D8-K2par-sep,0.35,41,D8-K2par-sep_e35_r041,0.9894736842105263,0.9894736842105263,0.36666666666666664
1,D3-unequal,0.0,25,D3-unequal_e00_r025,0.9233333333333333,0.9233333333333333,0.02
1b,D1-K2cross,0.25,42,D1-K2cross_e25_r042,0.881578947368421,0.881578947368421,0.24666666666666667
1b,D1-K2cross,0.35,42,D1-K2cross_e35_r042,0.8916256157635468,0.8916256157635468,0.3233333333333333
1b,D1-K2cross,0.3,42,D1-K2cross_e30_r042,0.883495145631068,0.883495145631068,0.31333333333333335
1,D3-unequal,0.1,25,D3-unequal_e10_r025,0.8962962962962963,0.8962962962962963,0.13333333333333333
1,D3-unequal,0.05,25,D3-unequal_e05_r025,0.8908450704225352,0.8908450704225352,0.06333333333333334
1b,D3-unequal,0.25,42,D3-unequal_e25_r042,0.9095022624434389,0.9095022624434389,0.2633333333333333
1,D7-p3,0.05,23,D7-p3_e05_r023,0.9145907473309609,0.9145907473309609,0.07333333333333333
1,D7-p3,0.1,23,D7-p3_e10_r023,0.922509225092251,0.922509225092251,0.12
1,D3-unequal,0.2,25,D3-unequal_e20_r025,0.8884120171673819,0.8884120171673819,0.22666666666666666
1b,D2-K3par,0.3,41,D2-K3par_e30_r041,0.9227272727272727,0.9227272727272727,0.26666666666666666
1,D4-hetero,0.0,25,D4-hetero_e00_r025,0.8766666666666667,0.8766666666666667,0.023333333333333334
1,D3-unequal,0.3,25,D3-unequal_e30_r025,0.89,0.89,0.3333333333333333
1,D7-p3,0.3,22,D7-p3_e30_r022,0.9112149532710281,0.9112149532710281,0.30666666666666664
1,D4-hetero,0.05,25,D4-hetero_e05_r025,0.8823529411764706,0.8823529411764706,0.06333333333333334
1b,D3-unequal,0.3,42,D3-unequal_e30_r042,0.514018691588785,0.514018691588785,0.2866666666666667
1,D4-hetero,0.1,25,D4-hetero_e10_r025,0.9067164179104478,0.9067164179104478,0.12
1b,D4-hetero,0.25,42,D4-hetero_e25_r042,0.9147982062780269,0.9147982062780269,0.2733333333333333
1,D7-p3,0.0,23,D7-p3_e00_r023,0.8666666666666667,0.8666666666666667,0.04666666666666667
1,D4-hetero,0.2,25,D4-hetero_e20_r025,0.9041666666666667,0.9041666666666667,0.21333333333333335
1b,D2-K3par,0.25,41,D2-K3par_e25_r041,0.9090909090909091,0.9090909090909091,0.26666666666666666
1b,D4-hetero,0.3,42,D4-hetero_e30_r042,0.8888888888888888,0.8888888888888888,0.34
1,D2-K3par,0.0,25,D2-K3par_e00_r025,0.8833333333333333,0.8833333333333333,0.006666666666666667
1b,D4-hetero,0.35,42,D4-hetero_e35_r042,0.8894736842105263,0.8894736842105263,0.37
1b,D7-p3,0.3,39,D7-p3_e30_r039,0.8823529411764706,0.8823529411764706,0.2633333333333333
1,D5-leverage,0.0,25,D5-leverage_e00_r025,0.9433333333333334,0.9433333333333334,0.016666666666666666
1b,D3-unequal,0.35,42,D3-unequal_e35_r042,0.5970873786407767,0.5970873786407767,0.31333333333333335
1,D2-K3par,0.05,25,D2-K3par_e05_r025,0.9305555555555556,0.9305555555555556,0.04666666666666667
1,D5-leverage,0.05,25,D5-leverage_e05_r025,0.9330985915492958,0.9330985915492958,0.05333333333333334
1,D4-hetero,0.3,25,D4-hetero_e30_r025,0.9186602870813397,0.9186602870813397,0.30333333333333334
1b,D5-leverage,0.35,42,D5-leverage_e35_r042,0.5329949238578681,0.5329949238578681,0.0033333333333333335
1b,D5-leverage,0.25,42,D5-leverage_e25_r042,0.5281385281385281,0.5281385281385281,0.056666666666666664
1,D5-leverage,0.1,25,D5-leverage_e10_r025,0.9272030651340997,0.9272030651340997,0.14
1b,D7-p3,0.25,39,D7-p3_e25_r039,0.9433962264150944,0.9433962264150944,0.34
1b,D2-K3par,0.35,41,D2-K3par_e35_r041,0.34574468085106386,0.34574468085106386,0.0
1,D5-leverage,0.2,25,D5-leverage_e20_r025,0.897119341563786,0.897119341563786,0.19
1b,D5-leverage,0.3,42,D5-leverage_e30_r042,0.5046728971962616,0.5046728971962616,0.07333333333333333
1b,D7-p3,0.35,39,D7-p3_e35_r039,0.9154228855721394,0.9154228855721394,0.35
1,D5-leverage,0.3,25,D5-leverage_e30_r025,0.5518867924528302,0.5518867924528302,0.01
1,D2-K3par,0.2,25,D2-K3par_e20_r025,0.9068825910931174,0.9068825910931174,0.17666666666666667
1,D6-uniform,0.0,25,D6-uniform_e00_r025,0.91,0.91,0.013333333333333334
1b,D6-uniform,0.35,42,D6-uniform_e35_r042,0.5513513513513514,0.5513513513513514,0.0
1b,D6-uniform,0.25,42,D6-uniform_e25_r042,0.9067796610169492,0.9067796610169492,0.18
1b,D7-p3,0.35,38,D7-p3_e35_r038,0.8878048780487805,0.8878048780487805,0.31666666666666665
1,D7-p3,0.3,23,D7-p3_e30_r023,0.9158878504672897,0.9158878504672897,0.30666666666666664
1,D6-uniform,0.05,25,D6-uniform_e05_r025,0.906896551724138,0.906896551724138,0.04
1b,D8-K2par-sep,0.35,42,D8-K2par-sep_e35_r042,1.0,1.0,0.36666666666666664
1b,D2-K3par,0.25,42,D2-K3par_e25_r042,0.9078947368421053,0.9078947368421053,0.24
1,D6-uniform,0.2,25,D6-uniform_e20_r025,0.9031007751937985,0.9031007751937985,0.13666666666666666
1b,D7-p3,0.25,38,D7-p3_e25_r038,0.9134199134199135,0.9134199134199135,0.23333333333333334
1b,D6-uniform,0.3,42,D6-uniform_e30_r042,0.9311926605504587,0.9311926605504587,0.24
1,D6-uniform,0.3,25,D6-uniform_e30_r025,0.5126903553299492,0.5126903553299492,0.0
1,D2-K3par,0.1,25,D2-K3par_e10_r025,0.9138576779026217,0.9138576779026217,0.11
1,D2-K3par,0.3,25,D2-K3par_e30_r025,0.8928571428571429,0.8928571428571429,0.25333333333333335
1,D6-uniform,0.1,25,D6-uniform_e10_r025,0.9063670411985019,0.9063670411985019,0.11333333333333333
1b,D8-K2par-sep,0.25,42,D8-K2par-sep_e25_r042,1.0,1.0,0.2633333333333333
1b,D1-K2cross,0.25,43,D1-K2cross_e25_r043,0.9196428571428571,0.9196428571428571,0.25333333333333335
1b,D8-K2par-sep,0.3,42,D8-K2par-sep_e30_r042,1.0,1.0,0.31
1b,D2-K3par,0.3,42,D2-K3par_e30_r042,0.9212962962962963,0.9212962962962963,0.28
1,D8-K2par-sep,0.05,25,D8-K2par-sep_e05_r025,1.0,1.0,0.08666666666666667
1b,D1-K2cross,0.35,43,D1-K2cross_e35_r043,0.949438202247191,0.949438202247191,0.4066666666666667
1,D8-K2par-sep,0.0,25,D8-K2par-sep_e00_r025,0.9966666666666667,0.9966666666666667,0.03
1b,D1-K2cross,0.3,43,D1-K2cross_e30_r043,0.8980582524271845,0.8980582524271845,0.31333333333333335
1,D8-K2par-sep,0.1,25,D8-K2par-sep_e10_r025,1.0,1.0,0.12
1,D1-K2cross,0.0,26,D1-K2cross_e00_r026,0.9,0.9,0.016666666666666666
1b,D7-p3,0.3,40,D7-p3_e30_r040,0.9150943396226415,0.9150943396226415,0.29333333333333333
1b,D3-unequal,0.35,43,D3-unequal_e35_r043,0.770949720670391,0.770949720670391,0.21
1,D8-K2par-sep,0.2,25,D8-K2par-sep_e20_r025,1.0,1.0,0.27
1b,D3-unequal,0.25,43,D3-unequal_e25_r043,0.8928571428571429,0.8928571428571429,0.2633333333333333
1,D8-K2par-sep,0.3,25,D8-K2par-sep_e30_r025,0.9953488372093023,0.9953488372093023,0.2833333333333333
1,D1-K2cross,0.05,26,D1-K2cross_e05_r026,0.8982456140350877,0.8982456140350877,0.06
1b,D3-unequal,0.3,43,D3-unequal_e30_r043,0.9619047619047619,0.9619047619047619,0.3
1b,D4-hetero,0.3,43,D4-hetero_e30_r043,0.8916256157635468,0.8916256157635468,0.32666666666666666
1,D1-K2cross,0.2,26,D1-K2cross_e20_r026,0.8991228070175439,0.8991228070175439,0.24
1,D1-K2cross,0.1,26,D1-K2cross_e10_r026,0.9227941176470589,0.9227941176470589,0.09333333333333334
1b,D5-leverage,0.25,43,D5-leverage_e25_r043,0.5,0.5,0.03666666666666667
1b,D4-hetero,0.35,43,D4-hetero_e35_r043,0.9037433155080213,0.9037433155080213,0.38
1,D1-K2cross,0.3,26,D1-K2cross_e30_r026,0.9018691588785047,0.9018691588785047,0.2866666666666667
1b,D4-hetero,0.25,43,D4-hetero_e25_r043,0.8922413793103449,0.8922413793103449,0.24
1b,D7-p3,0.35,40,D7-p3_e35_r040,0.8888888888888888,0.8888888888888888,0.37333333333333335
1b,D5-leverage,0.3,43,D5-leverage_e30_r043,0.5270935960591133,0.5270935960591133,0.0
1b,D6-uniform,0.25,43,D6-uniform_e25_r043,0.8985507246376812,0.8985507246376812,0.13333333333333333
1b,D6-uniform,0.3,43,D6-uniform_e30_r043,0.5288461538461539,0.5288461538461539,0.0
1,D3-unequal,0.0,26,D3-unequal_e00_r026,0.9133333333333333,0.9133333333333333,0.016666666666666666
1b,D5-leverage,0.35,43,D5-leverage_e35_r043,0.5050505050505051,0.5050505050505051,0.006666666666666667
1,D7-p3,0.2,23,D7-p3_e20_r023,0.8995983935742972,0.8995983935742972,0.17
1b,D2-K3par,0.35,42,D2-K3par_e35_r042,0.3473684210526316,0.3473684210526316,0.0033333333333333335
1b,D6-uniform,0.35,43,D6-uniform_e35_r043,0.5245901639344263,0.5245901639344263,0.0
1,D3-unequal,0.1,26,D3-unequal_e10_r026,0.9254901960784314,0.9254901960784314,0.15333333333333332
1,D3-unequal,0.05,26,D3-unequal_e05_r026,0.9097222222222222,0.9097222222222222,0.043333333333333335
1b,D8-K2par-sep,0.25,43,D8-K2par-sep_e25_r043,1.0,1.0,0.2
1,D4-hetero,0.0,26,D4-hetero_e00_r026,0.8933333333333333,0.8933333333333333,0.04
1b,D8-K2par-sep,0.3,43,D8-K2par-sep_e30_r043,1.0,1.0,0.2966666666666667
1,D3-unequal,0.2,26,D3-unequal_e20_r026,0.9203187250996016,0.9203187250996016,0.16666666666666666
1,D7-p3,0.0,24,D7-p3_e00_r024,0.9,0.9,0.013333333333333334
1,D4-hetero,0.05,26,D4-hetero_e05_r026,0.901060070671378,0.901060070671378,0.07
1,D7-p3,0.05,24,D7-p3_e05_r024,0.8936170212765957,0.8936170212765957,0.07
1,D3-unequal,0.3,26,D3-unequal_e30_r026,0.9264705882352942,0.9264705882352942,0.32
1b,D1-K2cross,0.25,44,D1-K2cross_e25_r044,0.9375,0.9375,0.25666666666666665
1b,D8-K2par-sep,0.35,43,D8-K2par-sep_e35_r043,1.0,1.0,0.3333333333333333
1,D4-hetero,0.2,26,D4-hetero_e20_r026,0.8938775510204081,0.8938775510204081,0.18666666666666668
1,D4-hetero,0.1,26,D4-hetero_e10_r026,0.9188191881918819,0.9188191881918819,0.11666666666666667
1b,D1-K2cross,0.35,44,D1-K2cross_e35_r044,0.9365853658536586,0.9365853658536586,0.31666666666666665
1,D2-K3par,0.1,26,D2-K3par_e10_r026,0.9148148148148149,0.9148148148148149,0.1
1b,D1-K2cross,0.3,44,D1-K2cross_e30_r044,0.9359605911330049,0.9359605911330049,0.3233333333333333
1,D5-leverage,0.0,26,D5-leverage_e00_r026,0.93,0.93,0.02666666666666667
1,D4-hetero,0.3,26,D4-hetero_e30_r026,0.9380952380952381,0.9380952380952381,0.30333333333333334
1,D5-leverage,0.1,26,D5-leverage_e10_r026,0.9044117647058824,0.9044117647058824,0.1
1,D2-K3par,0.05,26,D2-K3par_e05_r026,0.9054054054054054,0.9054054054054054,0.013333333333333334
1,D5-leverage,0.05,26,D5-leverage_e05_r026,0.9122807017543859,0.9122807017543859,0.07
1,D7-p3,0.3,24,D7-p3_e30_r024,0.9455445544554455,0.9455445544554455,0.32666666666666666
1b,D7-p3,0.35,41,D7-p3_e35_r041,0.9141414141414141,0.9141414141414141,0.34
1b,D7-p3,0.3,41,D7-p3_e30_r041,0.8980582524271845,0.8980582524271845,0.31333333333333335
1,D6-uniform,0.0,26,D6-uniform_e00_r026,0.89,0.89,0.013333333333333334
1,D2-K3par,0.0,26,D2-K3par_e00_r026,0.93,0.93,0.0033333333333333335
1,D5-leverage,0.3,26,D5-leverage_e30_r026,0.518348623853211,0.518348623853211,0.04666666666666667
1b,D4-hetero,0.25,44,D4-hetero_e25_r044,0.9147982062780269,0.9147982062780269,0.25666666666666665
1b,D2-K3par,0.3,43,D2-K3par_e30_r043,0.8899082568807339,0.8899082568807339,0.2733333333333333
1,D5-leverage,0.2,26,D5-leverage_e20_r026,0.9049586776859504,0.9049586776859504,0.19333333333333333
1b,D3-unequal,0.25,44,D3-unequal_e25_r044,0.8898305084745762,0.8898305084745762,0.21333333333333335
1,D7-p3,0.2,24,D7-p3_e20_r024,0.8921161825726142,0.8921161825726142,0.21666666666666667
1b,D7-p3,0.25,41,D7-p3_e25_r041,0.9078341013824884,0.9078341013824884,0.28
1,D6-uniform,0.1,26,D6-uniform_e10_r026,0.908,0.908,0.16666666666666666
1b,D4-hetero,0.35,44,D4-hetero_e35_r044,0.9315789473684211,0.9315789473684211,0.37333333333333335
1b,D4-hetero,0.3,44,D4-hetero_e30_r044,0.9043478260869565,0.9043478260869565,0.24
1b,D3-unequal,0.35,44,D3-unequal_e35_r044,0.8975609756097561,0.8975609756097561,0.31666666666666665
1,D6-uniform,0.05,26,D6-uniform_e05_r026,0.8807017543859649,0.8807017543859649,0.056666666666666664
1,D6-uniform,0.3,26,D6-uniform_e30_r026,0.504950495049505,0.504950495049505,0.0
1b,D5-leverage,0.3,44,D5-leverage_e30_r044,0.51010101010101,0.51010101010101,0.14333333333333334
1b,D5-leverage,0.25,44,D5-leverage_e25_r044,0.5347826086956522,0.5304347826086957,0.11
1,D6-uniform,0.2,26,D6-uniform_e20_r026,0.8801652892561983,0.8801652892561983,0.19333333333333333
1,D2-K3par,0.2,26,D2-K3par_e20_r026,0.896414342629482,0.896414342629482,0.16333333333333333
1b,D3-unequal,0.3,44,D3-unequal_e30_r044,0.8271028037383178,0.8271028037383178,0.2866666666666667
1b,D5-leverage,0.35,44,D5-leverage_e35_r044,0.56,0.56,0.006666666666666667
1b,D6-uniform,0.3,44,D6-uniform_e30_r044,0.9022222222222223,0.9022222222222223,0.20666666666666667
1,D8-K2par-sep,0.0,26,D8-K2par-sep_e00_r026,1.0,1.0,0.013333333333333334
1b,D2-K3par,0.25,43,D2-K3par_e25_r043,0.634703196347032,0.634703196347032,0.13666666666666666
1b,D6-uniform,0.25,44,D6-uniform_e25_r044,0.9090909090909091,0.9090909090909091,0.20666666666666667
1b,D6-uniform,0.35,44,D6-uniform_e35_r044,0.5028248587570622,0.5028248587570622,0.0
1,D8-K2par-sep,0.05,26,D8-K2par-sep_e05_r026,1.0,1.0,0.04
1b,D8-K2par-sep,0.35,44,D8-K2par-sep_e35_r044,1.0,1.0,0.33666666666666667
1,D8-K2par-sep,0.2,26,D8-K2par-sep_e20_r026,1.0,1.0,0.18333333333333332
1,D8-K2par-sep,0.3,26,D8-K2par-sep_e30_r026,1.0,1.0,0.32
1b,D8-K2par-sep,0.3,44,D8-K2par-sep_e30_r044,1.0,1.0,0.32666666666666666
1b,D1-K2cross,0.25,45,D1-K2cross_e25_r045,0.896551724137931,0.896551724137931,0.23333333333333334
1,D8-K2par-sep,0.1,26,D8-K2par-sep_e10_r026,1.0,1.0,0.09333333333333334
1b,D8-K2par-sep,0.25,44,D8-K2par-sep_e25_r044,1.0,1.0,0.26
1b,D7-p3,0.25,40,D7-p3_e25_r040,0.9244444444444444,0.9244444444444444,0.25
1b,D2-K3par,0.35,43,D2-K3par_e35_r043,0.36,0.36,0.0033333333333333335
1,D1-K2cross,0.1,27,D1-K2cross_e10_r027,0.8929889298892989,0.8929889298892989,0.11333333333333333
1,D1-K2cross,0.0,27,D1-K2cross_e00_r027,0.8966666666666666,0.8966666666666666,0.01
1,D1-K2cross,0.05,27,D1-K2cross_e05_r027,0.9236111111111112,0.9236111111111112,0.05333333333333334
1b,D1-K2cross,0.3,45,D1-K2cross_e30_r045,0.9174311926605505,0.9174311926605505,0.2733333333333333
1,D1-K2cross,0.2,27,D1-K2cross_e20_r027,0.9194915254237288,0.9194915254237288,0.21333333333333335
1,D1-K2cross,0.3,27,D1-K2cross_e30_r027,0.9150943396226415,0.9150943396226415,0.29333333333333333
1,D2-K3par,0.3,26,D2-K3par_e30_r026,0.6534653465346535,0.6534653465346535,0.15
1b,D1-K2cross,0.35,45,D1-K2cross_e35_r045,0.9130434782608695,0.9130434782608695,0.31
1b,D2-K3par,0.25,44,D2-K3par_e25_r044,0.8711111111111111,0.8711111111111111,0.25
1b,D3-unequal,0.35,45,D3-unequal_e35_r045,0.9466019417475728,0.9466019417475728,0.31333333333333335
1b,D3-unequal,0.25,45,D3-unequal_e25_r045,0.8995433789954338,0.8995433789954338,0.27
1b,D3-unequal,0.3,45,D3-unequal_e30_r045,0.7487437185929648,0.7487437185929648,0.16666666666666666
1b,D2-K3par,0.3,44,D2-K3par_e30_r044,0.9032258064516129,0.9032258064516129,0.27666666666666667
1,D3-unequal,0.0,27,D3-unequal_e00_r027,0.9066666666666666,0.9066666666666666,0.016666666666666666
1b,D4-hetero,0.3,45,D4-hetero_e30_r045,0.8990384615384616,0.8990384615384616,0.31666666666666665
1,D7-p3,0.1,24,D7-p3_e10_r024,0.8947368421052632,0.8947368421052632,0.11666666666666667
1b,D4-hetero,0.25,45,D4-hetero_e25_r045,0.9347826086956522,0.9347826086956522,0.25
1b,D4-hetero,0.35,45,D4-hetero_e35_r045,0.896551724137931,0.896551724137931,0.32666666666666666
1,D3-unequal,0.05,27,D3-unequal_e05_r027,0.916083916083916,0.916083916083916,0.05333333333333334
1b,D5-leverage,0.25,45,D5-leverage_e25_r045,0.509009009009009,0.509009009009009,0.14333333333333334
1b,D5-leverage,0.35,45,D5-leverage_e35_r045,0.5053191489361702,0.5053191489361702,0.0
1b,D5-leverage,0.3,45,D5-leverage_e30_r045,0.5625,0.5625,0.12333333333333334
1,D3-unequal,0.1,27,D3-unequal_e10_r027,0.8880597014925373,0.8880597014925373,0.11333333333333333
1,D3-unequal,0.2,27,D3-unequal_e20_r027,0.9036144578313253,0.9036144578313253,0.17
1b,D7-p3,0.35,42,D7-p3_e35_r042,0.9202127659574468,0.9202127659574468,0.37333333333333335
1,D4-hetero,0.05,27,D4-hetero_e05_r027,0.9,0.9,0.056666666666666664
1,D3-unequal,0.3,27,D3-unequal_e30_r027,0.9150943396226415,0.9150943396226415,0.29333333333333333
1,D4-hetero,0.0,27,D4-hetero_e00_r027,0.9133333333333333,0.9133333333333333,0.05
1b,D6-uniform,0.35,45,D6-uniform_e35_r045,0.5591397849462365,0.5591397849462365,0.0
1b,D7-p3,0.3,42,D7-p3_e30_r042,0.9223744292237442,0.9223744292237442,0.27
1,D7-p3,0.3,25,D7-p3_e30_r025,0.8743455497382199,0.8743455497382199,0.36333333333333334
1b,D6-uniform,0.25,45,D6-uniform_e25_r045,0.9315068493150684,0.9315068493150684,0.22666666666666666
1b,D7-p3,0.25,42,D7-p3_e25_r042,0.9061032863849765,0.9061032863849765,0.2966666666666667
1b,D6-uniform,0.3,45,D6-uniform_e30_r045,0.5024630541871922,0.5024630541871922,0.0
1b,D2-K3par,0.35,44,D2-K3par_e35_r044,0.6502463054187192,0.6502463054187192,0.14
1,D4-hetero,0.2,27,D4-hetero_e20_r027,0.8540772532188842,0.8540772532188842,0.23333333333333334
1,D7-p3,0.05,25,D7-p3_e05_r025,0.875,0.875,0.07
1,D4-hetero,0.3,27,D4-hetero_e30_r027,0.9154929577464789,0.9154929577464789,0.2966666666666667
1,D5-leverage,0.05,27,D5-leverage_e05_r027,0.9084507042253521,0.9084507042253521,0.06666666666666667
1,D4-hetero,0.1,27,D4-hetero_e10_r027,0.9333333333333333,0.9333333333333333,0.11
1,D5-leverage,0.0,27,D5-leverage_e00_r027,0.9166666666666666,0.9166666666666666,0.006666666666666667
1b,D8-K2par-sep,0.3,45,D8-K2par-sep_e30_r045,1.0,1.0,0.31333333333333335
1b,D8-K2par-sep,0.25,45,D8-K2par-sep_e25_r045,1.0,1.0,0.22666666666666666
1,D2-K3par,0.0,27,D2-K3par_e00_r027,0.85,0.85,0.006666666666666667
1,D2-K3par,0.05,27,D2-K3par_e05_r027,0.9119718309859155,0.9119718309859155,0.06
1,D6-uniform,0.0,27,D6-uniform_e00_r027,0.93,0.93,0.016666666666666666
1b,D2-K3par,0.3,45,D2-K3par_e30_r045,0.8857142857142857,0.8857142857142857,0.3
1,D5-leverage,0.2,27,D5-leverage_e20_r027,0.8818565400843882,0.8818565400843882,0.21
1,D5-leverage,0.1,27,D5-leverage_e10_r027,0.898876404494382,0.898876404494382,0.11333333333333333
1,D2-K3par,0.1,27,D2-K3par_e10_r027,0.915129151291513,0.915129151291513,0.09666666666666666
1,D6-uniform,0.1,27,D6-uniform_e10_r027,0.9111111111111111,0.9111111111111111,0.11333333333333333
1b,D8-K2par-sep,0.35,45,D8-K2par-sep_e35_r045,1.0,1.0,0.31333333333333335
1,D5-leverage,0.3,27,D5-leverage_e30_r027,0.5283842794759825,0.5283842794759825,0.07666666666666666
1b,D2-K3par,0.25,45,D2-K3par_e25_r045,0.8884120171673819,0.8884120171673819,0.22333333333333333
1b,D1-K2cross,0.25,46,D1-K2cross_e25_r046,0.9095022624434389,0.9095022624434389,0.2633333333333333
1b,D1-K2cross,0.35,46,D1-K2cross_e35_r046,0.9447236180904522,0.9447236180904522,0.33666666666666667
1,D6-uniform,0.2,27,D6-uniform_e20_r027,0.9,0.9,0.18
1b,D1-K2cross,0.3,46,D1-K2cross_e30_r046,0.9423076923076923,0.9423076923076923,0.30666666666666664
1,D6-uniform,0.05,27,D6-uniform_e05_r027,0.9372822299651568,0.9372822299651568,0.05
1,D6-uniform,0.3,27,D6-uniform_e30_r027,0.9045454545454545,0.9045454545454545,0.22666666666666666
1b,D7-p3,0.35,43,D7-p3_e35_r043,0.92,0.92,0.3433333333333333
1b,D4-hetero,0.25,46,D4-hetero_e25_r046,0.8986784140969163,0.8986784140969163,0.24666666666666667
1b,D4-hetero,0.3,46,D4-hetero_e30_r046,0.8840579710144928,0.8840579710144928,0.32666666666666666
1b,D3-unequal,0.3,46,D3-unequal_e30_r046,0.9248826291079812,0.9248826291079812,0.29
1b,D3-unequal,0.25,46,D3-unequal_e25_r046,0.9102564102564102,0.9102564102564102,0.22
1,D2-K3par,0.2,27,D2-K3par_e20_r027,0.9243027888446215,0.9243027888446215,0.16333333333333333
1,D8-K2par-sep,0.0,27,D8-K2par-sep_e00_r027,0.9966666666666667,0.9966666666666667,0.023333333333333334
1b,D3-unequal,0.35,46,D3-unequal_e35_r046,0.896551724137931,0.896551724137931,0.3233333333333333
1,D8-K2par-sep,0.05,27,D8-K2par-sep_e05_r027,1.0,1.0,0.056666666666666664
1b,D4-hetero,0.35,46,D4-hetero_e35_r046,0.9032258064516129,0.9032258064516129,0.38
1b,D5-leverage,0.3,46,D5-leverage_e30_r046,0.5314009661835749,0.5314009661835749,0.0
1b,D5-leverage,0.25,46,D5-leverage_e25_r046,0.9,0.9,0.24
1b,D2-K3par,0.35,45,D2-K3par_e35_r045,0.645,0.645,0.14666666666666667
1,D7-p3,0.2,25,D7-p3_e20_r025,0.9068825910931174,0.9068825910931174,0.17666666666666667
1,D8-K2par-sep,0.3,27,D8-K2par-sep_e30_r027,0.9949494949494949,0.9949494949494949,0.34
1,D8-K2par-sep,0.2,27,D8-K2par-sep_e20_r027,1.0,1.0,0.23
1b,D7-p3,0.3,43,D7-p3_e30_r043,0.9170506912442397,0.9170506912442397,0.27666666666666667
1b,D5-leverage,0.35,46,D5-leverage_e35_r046,0.5099009900990099,0.5099009900990099,0.09333333333333334
1b,D6-uniform,0.35,46,D6-uniform_e35_r046,0.582089552238806,0.582089552238806,0.0
1,D8-K2par-sep,0.1,27,D8-K2par-sep_e10_r027,1.0,1.0,0.11666666666666667
1,D1-K2cross,0.05,28,D1-K2cross_e05_r028,0.90625,0.90625,0.05
1b,D6-uniform,0.3,46,D6-uniform_e30_r046,0.9473684210526315,0.9473684210526315,0.21333333333333335
1,D1-K2cross,0.0,28,D1-K2cross_e00_r028,0.9033333333333333,0.9033333333333333,0.01
1,D2-K3par,0.3,27,D2-K3par_e30_r027,0.6390243902439025,0.6390243902439025,0.15333333333333332
1b,D6-uniform,0.25,46,D6-uniform_e25_r046,0.9107981220657277,0.9107981220657277,0.12666666666666668
1,D1-K2cross,0.3,28,D1-K2cross_e30_r028,0.8798076923076923,0.8798076923076923,0.30666666666666664
1b,D8-K2par-sep,0.3,46,D8-K2par-sep_e30_r046,1.0,1.0,0.3233333333333333
1,D1-K2cross,0.1,28,D1-K2cross_e10_r028,0.9227941176470589,0.9227941176470589,0.11
1,D1-K2cross,0.2,28,D1-K2cross_e20_r028,0.9083333333333333,0.9083333333333333,0.2
1b,D8-K2par-sep,0.25,46,D8-K2par-sep_e25_r046,1.0,1.0,0.24666666666666667
1b,D8-K2par-sep,0.35,46,D8-K2par-sep_e35_r046,1.0,1.0,0.37666666666666665
1b,D1-K2cross,0.3,47,D1-K2cross_e30_r047,0.9305555555555556,0.9305555555555556,0.28
1,D3-unequal,0.0,28,D3-unequal_e00_r028,0.92,0.92,0.03333333333333333
1b,D1-K2cross,0.35,47,D1-K2cross_e35_r047,0.9119170984455959,0.9119170984455959,0.3566666666666667
1,D7-p3,0.0,25,D7-p3_e00_r025,0.9,0.9,0.06
1b,D1-K2cross,0.25,47,D1-K2cross_e25_r047,0.8810572687224669,0.8810572687224669,0.24333333333333335
1,D3-unequal,0.05,28,D3-unequal_e05_r028,0.9128919860627178,0.9128919860627178,0.06666666666666667
1,D7-p3,0.1,25,D7-p3_e10_r025,0.8838951310861424,0.8838951310861424,0.12
1,D3-unequal,0.3,28,D3-unequal_e30_r028,0.9222797927461139,0.9222797927461139,0.3566666666666667
1b,D2-K3par,0.3,46,D2-K3par_e30_r046,0.9230769230769231,0.9230769230769231,0.30666666666666664
1,D3-unequal,0.2,28,D3-unequal_e20_r028,0.9043824701195219,0.9043824701195219,0.17333333333333334
1b,D3-unequal,0.25,47,D3-unequal_e25_r047,0.9147982062780269,0.9147982062780269,0.25666666666666665
1b,D2-K3par,0.25,46,D2-K3par_e25_r046,0.9158878504672897,0.9158878504672897,0.2866666666666667
1,D3-unequal,0.1,28,D3-unequal_e10_r028,0.924812030075188,0.924812030075188,0.11333333333333333
1,D7-p3,0.0,26,D7-p3_e00_r026,0.92,0.92,0.03333333333333333
1b,D7-p3,0.3,44,D7-p3_e30_r044,0.8755980861244019,0.8755980861244019,0.30333333333333334
1,D4-hetero,0.0,28,D4-hetero_e00_r028,0.8966666666666666,0.8966666666666666,0.03666666666666667
1,D4-hetero,0.05,28,D4-hetero_e05_r028,0.8819444444444444,0.8819444444444444,0.08666666666666667
1b,D3-unequal,0.3,47,D3-unequal_e30_r047,0.912621359223301,0.912621359223301,0.31333333333333335
1b,D3-unequal,0.35,47,D3-unequal_e35_r047,0.521505376344086,0.521505376344086,0.12
1,D4-hetero,0.1,28,D4-hetero_e10_r028,0.9136690647482014,0.9136690647482014,0.09333333333333334
1,D7-p3,0.3,26,D7-p3_e30_r026,0.9257425742574258,0.9257425742574258,0.32666666666666666
1b,D7-p3,0.35,44,D7-p3_e35_r044,0.9032258064516129,0.9032258064516129,0.38
1,D2-K3par,0.0,28,D2-K3par_e00_r028,0.9133333333333333,0.9133333333333333,0.013333333333333334
1b,D4-hetero,0.25,47,D4-hetero_e25_r047,0.8828828828828829,0.8828828828828829,0.27666666666666667
1,D4-hetero,0.2,28,D4-hetero_e20_r028,0.9090909090909091,0.9090909090909091,0.17
1b,D4-hetero,0.3,47,D4-hetero_e30_r047,0.9359605911330049,0.9359605911330049,0.33
1,D4-hetero,0.3,28,D4-hetero_e30_r028,0.8837209302325582,0.8837209302325582,0.2866666666666667
1,D5-leverage,0.05,28,D5-leverage_e05_r028,0.8661971830985915,0.8661971830985915,0.08
1,D5-leverage,0.0,28,D5-leverage_e00_r028,0.9133333333333333,0.9133333333333333,0.02
1b,D5-leverage,0.25,47,D5-leverage_e25_r047,0.5441860465116279,0.5441860465116279,0.04
1b,D4-hetero,0.35,47,D4-hetero_e35_r047,0.9315789473684211,0.9315789473684211,0.36666666666666664
1b,D5-leverage,0.3,47,D5-leverage_e30_r047,0.5370370370370371,0.5370370370370371,0.12
1,D5-leverage,0.2,28,D5-leverage_e20_r028,0.9243697478991597,0.9243697478991597,0.21333333333333335
1,D5-leverage,0.1,28,D5-leverage_e10_r028,0.9126984126984127,0.9126984126984127,0.16
1,D5-leverage,0.3,28,D5-leverage_e30_r028,0.5117370892018779,0.5117370892018779,0.006666666666666667
1b,D7-p3,0.25,43,D7-p3_e25_r043,0.883177570093458,0.883177570093458,0.29
1b,D7-p3,0.25,44,D7-p3_e25_r044,0.8851674641148325,0.8851674641148325,0.32
1,D6-uniform,0.0,28,D6-uniform_e00_r028,0.8866666666666667,0.8866666666666667,0.03
1,D2-K3par,0.1,28,D2-K3par_e10_r028,0.927536231884058,0.927536231884058,0.08
1b,D6-uniform,0.35,47,D6-uniform_e35_r047,0.5126903553299492,0.5126903553299492,0.0
1b,D6-uniform,0.25,47,D6-uniform_e25_r047,0.9117647058823529,0.9117647058823529,0.17
1,D6-uniform,0.1,28,D6-uniform_e10_r028,0.9090909090909091,0.9090909090909091,0.09333333333333334
1,D6-uniform,0.05,28,D6-uniform_e05_r028,0.9187279151943463,0.9187279151943463,0.06333333333333334
1b,D5-leverage,0.35,47,D5-leverage_e35_r047,0.5026455026455027,0.5026455026455027,0.03333333333333333
1,D7-p3,0.05,26,D7-p3_e05_r026,0.9372822299651568,0.9372822299651568,0.05333333333333334
1,D6-uniform,0.3,28,D6-uniform_e30_r028,0.5047619047619047,0.5047619047619047,0.0
1,D6-uniform,0.2,28,D6-uniform_e20_r028,0.9128630705394191,0.9128630705394191,0.18666666666666668
1,D2-K3par,0.05,28,D2-K3par_e05_r028,0.8960573476702509,0.8960573476702509,0.07666666666666666
1b,D2-K3par,0.35,46,D2-K3par_e35_r046,0.3548387096774194,0.3548387096774194,0.0033333333333333335
1b,D6-uniform,0.3,47,D6-uniform_e30_r047,0.9321266968325792,0.9321266968325792,0.22666666666666666
1b,D8-K2par-sep,0.25,47,D8-K2par-sep_e25_r047,1.0,1.0,0.2733333333333333
1b,D8-K2par-sep,0.35,47,D8-K2par-sep_e35_r047,0.9948717948717949,0.9948717948717949,0.35
1b,D8-K2par-sep,0.3,47,D8-K2par-sep_e30_r047,1.0,1.0,0.29
1,D8-K2par-sep,0.05,28,D8-K2par-sep_e05_r028,0.993127147766323,0.993127147766323,0.043333333333333335
1,D8-K2par-sep,0.0,28,D8-K2par-sep_e00_r028,1.0,1.0,0.016666666666666666
1,D2-K3par,0.2,28,D2-K3par_e20_r028,0.8958333333333334,0.8958333333333334,0.2
1b,D1-K2cross,0.25,48,D1-K2cross_e25_r048,0.9151785714285714,0.9151785714285714,0.25333333333333335
1b,D1-K2cross,0.35,48,D1-K2cross_e35_r048,0.9113300492610837,0.9113300492610837,0.3233333333333333
1,D8-K2par-sep,0.2,28,D8-K2par-sep_e20_r028,1.0,1.0,0.21666666666666667
1b,D3-unequal,0.25,48,D3-unequal_e25_r048,0.8961038961038961,0.8961038961038961,0.24
1b,D1-K2cross,0.3,48,D1-K2cross_e30_r048,0.9323671497584541,0.9323671497584541,0.31
1,D8-K2par-sep,0.1,28,D8-K2par-sep_e10_r028,1.0,1.0,0.12666666666666668
1,D8-K2par-sep,0.3,28,D8-K2par-sep_e30_r028,1.0,1.0,0.27
1b,D2-K3par,0.25,47,D2-K3par_e25_r047,0.8632478632478633,0.8632478632478633,0.22
1b,D3-unequal,0.3,48,D3-unequal_e30_r048,0.9481132075471698,0.9481132075471698,0.29333333333333333
1,D1-K2cross,0.0,29,D1-K2cross_e00_r029,0.92,0.92,0.02666666666666667
1b,D4-hetero,0.3,48,D4-hetero_e30_r048,0.905,0.905,0.33666666666666667
1b,D3-unequal,0.35,48,D3-unequal_e35_r048,0.7486338797814208,0.7486338797814208,0.19666666666666666
1,D1-K2cross,0.05,29,D1-K2cross_e05_r029,0.9270833333333334,0.9270833333333334,0.06
1,D7-p3,0.2,26,D7-p3_e20_r026,0.9221311475409836,0.9221311475409836,0.18666666666666668
1,D1-K2cross,0.1,29,D1-K2cross_e10_r029,0.9128787878787878,0.9128787878787878,0.12333333333333334
1,D2-K3par,0.3,28,D2-K3par_e30_r028,0.6971153846153846,0.6971153846153846,0.15
1b,D4-hetero,0.35,48,D4-hetero_e35_r048,0.9081632653061225,0.9081632653061225,0.35
1b,D4-hetero,0.25,48,D4-hetero_e25_r048,0.9395348837209302,0.9395348837209302,0.29333333333333333
1b,D5-leverage,0.35,48,D5-leverage_e35_r048,0.5233160621761658,0.5233160621761658,0.013333333333333334
1b,D7-p3,0.25,45,D7-p3_e25_r045,0.922077922077922,0.922077922077922,0.23
1b,D5-leverage,0.25,48,D5-leverage_e25_r048,0.9057377049180327,0.9057377049180327,0.19
1,D1-K2cross,0.3,29,D1-K2cross_e30_r029,0.8916256157635468,0.8916256157635468,0.3233333333333333
1,D1-K2cross,0.2,29,D1-K2cross_e20_r029,0.8870292887029289,0.8870292887029289,0.21
1b,D5-leverage,0.3,48,D5-leverage_e30_r048,0.5336538461538461,0.5336538461538461,0.05
1b,D2-K3par,0.35,47,D2-K3par_e35_r047,0.7114427860696517,0.7114427860696517,0.14333333333333334
1b,D6-uniform,0.25,48,D6-uniform_e25_r048,0.9137931034482759,0.9137931034482759,0.20333333333333334
1b,D7-p3,0.3,45,D7-p3_e30_r045,0.8811881188118812,0.8811881188118812,0.33
1b,D6-uniform,0.3,48,D6-uniform_e30_r048,0.9269406392694064,0.9269406392694064,0.20333333333333334
1b,D6-uniform,0.35,48,D6-uniform_e35_r048,0.5025380710659898,0.5025380710659898,0.0
1,D3-unequal,0.0,29,D3-unequal_e00_r029,0.8933333333333333,0.8933333333333333,0.02666666666666667
1b,D8-K2par-sep,0.3,48,D8-K2par-sep_e30_r048,1.0,1.0,0.27
1,D3-unequal,0.05,29,D3-unequal_e05_r029,0.9020979020979021,0.9020979020979021,0.06
1b,D2-K3par,0.3,47,D2-K3par_e30_r047,0.6586538461538461,0.6586538461538461,0.15333333333333332
1b,D8-K2par-sep,0.25,48,D8-K2par-sep_e25_r048,1.0,1.0,0.26666666666666666
1,D3-unequal,0.2,29,D3-unequal_e20_r029,0.8852459016393442,0.8852459016393442,0.18666666666666668
1,D7-p3,0.05,27,D7-p3_e05_r027,0.9283276450511946,0.9283276450511946,0.03333333333333333
1b,D8-K2par-sep,0.35,48,D8-K2par-sep_e35_r048,1.0,1.0,0.37666666666666665
1,D3-unequal,0.3,29,D3-unequal_e30_r029,0.92018779342723,0.92018779342723,0.29
1,D3-unequal,0.1,29,D3-unequal_e10_r029,0.9090909090909091,0.9090909090909091,0.08666666666666667
1b,D2-K3par,0.25,48,D2-K3par_e25_r048,0.6283185840707964,0.6283185840707964,0.24666666666666667
1,D4-hetero,0.0,29,D4-hetero_e00_r029,0.92,0.92,0.043333333333333335
1,D7-p3,0.1,26,D7-p3_e10_r026,0.8735632183908046,0.8735632183908046,0.16
1b,D1-K2cross,0.25,49,D1-K2cross_e25_r049,0.911504424778761,0.911504424778761,0.24666666666666667
1,D4-hetero,0.1,29,D4-hetero_e10_r029,0.9194139194139194,0.9194139194139194,0.13333333333333333
1b,D1-K2cross,0.3,49,D1-K2cross_e30_r049,0.9142857142857143,0.9142857142857143,0.3
1,D4-hetero,0.05,29,D4-hetero_e05_r029,0.8865979381443299,0.8865979381443299,0.06333333333333334
1b,D1-K2cross,0.35,49,D1-K2cross_e35_r049,0.9,0.9,0.36666666666666664
1,D4-hetero,0.3,29,D4-hetero_e30_r029,0.9014778325123153,0.9014778325123153,0.3333333333333333
1,D4-hetero,0.2,29,D4-hetero_e20_r029,0.9148936170212766,0.9148936170212766,0.22333333333333333
1,D5-leverage,0.05,29,D5-leverage_e05_r029,0.8993055555555556,0.8993055555555556,0.05
1b,D7-p3,0.35,46,D7-p3_e35_r046,0.8994413407821229,0.8994413407821229,0.4033333333333333
1,D7-p3,0.3,27,D7-p3_e30_r027,0.8995215311004785,0.8995215311004785,0.31
1,D5-leverage,0.0,29,D5-leverage_e00_r029,0.9233333333333333,0.9233333333333333,0.016666666666666666
1,D7-p3,0.2,27,D7-p3_e20_r027,0.9107142857142857,0.9107142857142857,0.26666666666666666
1,D5-leverage,0.1,29,D5-leverage_e10_r029,0.9097744360902256,0.9097744360902256,0.11666666666666667
1,D5-leverage,0.3,29,D5-leverage_e30_r029,0.5181818181818182,0.5181818181818182,0.03333333333333333
1,D2-K3par,0.0,29,D2-K3par_e00_r029,0.92,0.92,0.01
1,D7-p3,0.0,27,D7-p3_e00_r027,0.9066666666666666,0.9066666666666666,0.02
1,D6-uniform,0.0,29,D6-uniform_e00_r029,0.92,0.92,0.01
1,D5-leverage,0.2,29,D5-leverage_e20_r029,0.9063829787234042,0.9063829787234042,0.22
1b,D3-unequal,0.3,49,D3-unequal_e30_r049,0.9579439252336449,0.9579439252336449,0.2866666666666667
1b,D3-unequal,0.35,49,D3-unequal_e35_r049,0.9346733668341709,0.9346733668341709,0.33666666666666667
1b,D3-unequal,0.25,49,D3-unequal_e25_r049,0.880184331797235,0.880184331797235,0.27666666666666667
1,D6-uniform,0.05,29,D6-uniform_e05_r029,0.9097222222222222,0.9097222222222222,0.04
1b,D2-K3par,0.3,48,D2-K3par_e30_r048,0.583756345177665,0.583756345177665,0.15333333333333332
1,D6-uniform,0.1,29,D6-uniform_e10_r029,0.9205776173285198,0.9205776173285198,0.09
1,D2-K3par,0.1,29,D2-K3par_e10_r029,0.9182156133828996,0.9182156133828996,0.10333333333333333
1b,D5-leverage,0.25,49,D5-leverage_e25_r049,0.5350877192982456,0.5350877192982456,0.14
1b,D4-hetero,0.3,49,D4-hetero_e30_r049,0.9226804123711341,0.9226804123711341,0.36
1,D2-K3par,0.3,29,D2-K3par_e30_r029,0.9090909090909091,0.9090909090909091,0.26666666666666666
1b,D4-hetero,0.25,49,D4-hetero_e25_r049,0.8658008658008658,0.8658008658008658,0.23
1,D2-K3par,0.05,29,D2-K3par_e05_r029,0.9154929577464789,0.9154929577464789,0.05333333333333334
1b,D4-hetero,0.35,49,D4-hetero_e35_r049,0.8913043478260869,0.8913043478260869,0.38666666666666666
1,D6-uniform,0.3,29,D6-uniform_e30_r029,0.5441860465116279,0.5441860465116279,0.0
1,D6-uniform,0.2,29,D6-uniform_e20_r029,0.8765432098765432,0.8765432098765432,0.17333333333333334
1b,D5-leverage,0.35,49,D5-leverage_e35_r049,0.5196078431372549,0.5196078431372549,0.0033333333333333335
1,D2-K3par,0.2,29,D2-K3par_e20_r029,0.9117647058823529,0.9117647058823529,0.20666666666666667
1b,D5-leverage,0.3,49,D5-leverage_e30_r049,0.5277777777777778,0.5277777777777778,0.07333333333333333
1,D8-K2par-sep,0.05,29,D8-K2par-sep_e05_r029,1.0,1.0,0.06666666666666667
1,D8-K2par-sep,0.0,29,D8-K2par-sep_e00_r029,0.99,0.99,0.01
1b,D6-uniform,0.25,49,D6-uniform_e25_r049,0.8956521739130435,0.8956521739130435,0.21333333333333335
1b,D6-uniform,0.35,49,D6-uniform_e35_r049,0.5228426395939086,0.5228426395939086,0.0
1b,D6-uniform,0.3,49,D6-uniform_e30_r049,0.9086538461538461,0.9086538461538461,0.13333333333333333
1b,D2-K3par,0.35,48,D2-K3par_e35_r048,0.6861702127659575,0.6861702127659575,0.18333333333333332
1,D8-K2par-sep,0.1,29,D8-K2par-sep_e10_r029,1.0,1.0,0.09666666666666666
1b,D8-K2par-sep,0.25,49,D8-K2par-sep_e25_r049,1.0,1.0,0.23666666666666666
1b,D8-K2par-sep,0.35,49,D8-K2par-sep_e35_r049,1.0,1.0,0.36666666666666664
1,D1-K2cross,0.0,30,D1-K2cross_e00_r030,0.92,0.92,0.016666666666666666
1,D1-K2cross,0.05,30,D1-K2cross_e05_r030,0.8869257950530035,0.8869257950530035,0.06
1,D8-K2par-sep,0.2,29,D8-K2par-sep_e20_r029,1.0,1.0,0.21666666666666667
1b,D8-K2par-sep,0.3,49,D8-K2par-sep_e30_r049,0.9907407407407407,0.9907407407407407,0.28
1b,D7-p3,0.3,46,D7-p3_e30_r046,0.875,0.875,0.30666666666666664
1,D8-K2par-sep,0.3,29,D8-K2par-sep_e30_r029,1.0,1.0,0.3233333333333333
1b,D1-K2cross,0.35,50,D1-K2cross_e35_r050,0.9326424870466321,0.9326424870466321,0.3566666666666667
1b,D1-K2cross,0.3,50,D1-K2cross_e30_r050,0.8904109589041096,0.8904109589041096,0.27
1,D1-K2cross,0.1,30,D1-K2cross_e10_r030,0.9288389513108615,0.9288389513108615,0.11666666666666667
1b,D1-K2cross,0.25,50,D1-K2cross_e25_r050,0.9257425742574258,0.9257425742574258,0.32666666666666666
1b,D7-p3,0.35,45,D7-p3_e35_r045,0.9166666666666666,0.9166666666666666,0.32
1,D1-K2cross,0.2,30,D1-K2cross_e20_r030,0.9264069264069265,0.9264069264069265,0.23
1b,D2-K3par,0.25,49,D2-K3par_e25_r049,0.8918918918918919,0.8918918918918919,0.26
1,D7-p3,0.1,27,D7-p3_e10_r027,0.940959409594096,0.940959409594096,0.10666666666666667
1,D1-K2cross,0.3,30,D1-K2cross_e30_r030,0.9205607476635514,0.9205607476635514,0.2866666666666667
1b,D7-p3,0.35,47,D7-p3_e35_r047,0.865979381443299,0.865979381443299,0.35333333333333333
1b,D3-unequal,0.25,50,D3-unequal_e25_r050,0.9126637554585153,0.9126637554585153,0.23666666666666666
1b,D2-K3par,0.3,49,D2-K3par_e30_r049,0.9078947368421053,0.9078947368421053,0.24
1b,D3-unequal,0.3,50,D3-unequal_e30_r050,0.9271844660194175,0.9271844660194175,0.31333333333333335
1b,D7-p3,0.3,47,D7-p3_e30_r047,0.9069767441860465,0.9069767441860465,0.2833333333333333
1b,D4-hetero,0.25,50,D4-hetero_e25_r050,0.9427312775330396,0.9427312775330396,0.25333333333333335
1,D3-unequal,0.0,30,D3-unequal_e00_r030,0.9,0.9,0.02
1b,D3-unequal,0.35,50,D3-unequal_e35_r050,0.9368932038834952,0.9368932038834952,0.31333333333333335
1,D7-p3,0.0,28,D7-p3_e00_r028,0.9033333333333333,0.9033333333333333,0.023333333333333334
1b,D4-hetero,0.3,50,D4-hetero_e30_r050,0.9348837209302325,0.9348837209302325,0.2833333333333333
1b,D4-hetero,0.35,50,D4-hetero_e35_r050,0.9065420560747663,0.9065420560747663,0.2966666666666667
1,D3-unequal,0.1,30,D3-unequal_e10_r030,0.9188191881918819,0.9188191881918819,0.09666666666666666
1,D3-unequal,0.05,30,D3-unequal_e05_r030,0.8680555555555556,0.8680555555555556,0.05333333333333334
1,D4-hetero,0.0,30,D4-hetero_e00_r030,0.9166666666666666,0.9166666666666666,0.01
1b,D5-leverage,0.25,50,D5-leverage_e25_r050,0.8893805309734514,0.8893805309734514,0.24666666666666667
1b,D6-uniform,0.25,50,D6-uniform_e25_r050,0.9035087719298246,0.9035087719298246,0.17333333333333334
1b,D7-p3,0.25,47,D7-p3_e25_r047,0.9419642857142857,0.9419642857142857,0.25333333333333335
1b,D6-uniform,0.35,50,D6-uniform_e35_r050,0.5185185185185185,0.5185185185185185,0.0
1,D3-unequal,0.2,30,D3-unequal_e20_r030,0.9531914893617022,0.9531914893617022,0.22
1b,D5-leverage,0.35,50,D5-leverage_e35_r050,0.5028571428571429,0.5028571428571429,0.013333333333333334
1b,D7-p3,0.25,46,D7-p3_e25_r046,0.9036144578313253,0.9036144578313253,0.17
1,D4-hetero,0.05,30,D4-hetero_e05_r030,0.896797153024911,0.896797153024911,0.08
1b,D6-uniform,0.3,50,D6-uniform_e30_r050,0.5567010309278351,0.5567010309278351,0.0
1,D4-hetero,0.1,30,D4-hetero_e10_r030,0.8992537313432836,0.8992537313432836,0.13333333333333333
1b,D2-K3par,0.35,49,D2-K3par_e35_r049,0.36312849162011174,0.36312849162011174,0.0
1,D4-hetero,0.2,30,D4-hetero_e20_r030,0.9041666666666667,0.9041666666666667,0.22666666666666666
1b,D5-leverage,0.3,50,D5-leverage_e30_r050,0.5277777777777778,0.5277777777777778,0.07666666666666666
1,D3-unequal,0.3,30,D3-unequal_e30_r030,0.9170506912442397,0.9170506912442397,0.27666666666666667
1,D4-hetero,0.3,30,D4-hetero_e30_r030,0.9289099526066351,0.9289099526066351,0.30333333333333334
1,D5-leverage,0.1,30,D5-leverage_e10_r030,0.9323308270676691,0.9323308270676691,0.12
1,D7-p3,0.05,28,D7-p3_e05_r028,0.924187725631769,0.924187725631769,0.08
1b,D8-K2par-sep,0.3,50,D8-K2par-sep_e30_r050,0.995049504950495,0.995049504950495,0.32666666666666666
1,D5-leverage,0.05,30,D5-leverage_e05_r030,0.9059233449477352,0.9059233449477352,0.06
1,D5-leverage,0.2,30,D5-leverage_e20_r030,0.9166666666666666,0.9166666666666666,0.16
1,D5-leverage,0.0,30,D5-leverage_e00_r030,0.9166666666666666,0.9166666666666666,0.006666666666666667
1b,D8-K2par-sep,0.35,50,D8-K2par-sep_e35_r050,1.0,1.0,0.3433333333333333
1b,D1-K2cross,0.25,51,D1-K2cross_e25_r051,0.950207468879668,0.950207468879668,0.19666666666666666
1b,D8-K2par-sep,0.25,50,D8-K2par-sep_e25_r050,1.0,1.0,0.26666666666666666
1b,D1-K2cross,0.3,51,D1-K2cross_e30_r051,0.8970588235294118,0.8970588235294118,0.32
1,D6-uniform,0.0,30,D6-uniform_e00_r030,0.9133333333333333,0.9133333333333333,0.023333333333333334
1,D7-p3,0.3,28,D7-p3_e30_r028,0.9029126213592233,0.9029126213592233,0.3233333333333333
1,D5-leverage,0.3,30,D5-leverage_e30_r030,0.5093457943925234,0.5420560747663551,0.03
1,D2-K3par,0.0,30,D2-K3par_e00_r030,0.9133333333333333,0.9133333333333333,0.0033333333333333335
1b,D1-K2cross,0.35,51,D1-K2cross_e35_r051,0.9174757281553398,0.9174757281553398,0.31333333333333335
1,D2-K3par,0.05,30,D2-K3par_e05_r030,0.9128919860627178,0.9128919860627178,0.04666666666666667
1,D6-uniform,0.05,30,D6-uniform_e05_r030,0.9157894736842105,0.9157894736842105,0.08
1,D6-uniform,0.1,30,D6-uniform_e10_r030,0.9047619047619048,0.9047619047619048,0.11
1b,D2-K3par,0.3,50,D2-K3par_e30_r050,0.9138755980861244,0.9138755980861244,0.30333333333333334
1,D6-uniform,0.3,30,D6-uniform_e30_r030,0.5560747663551402,0.5560747663551402,0.0
1b,D3-unequal,0.3,51,D3-unequal_e30_r051,0.9054054054054054,0.9054054054054054,0.2633333333333333
1,D2-K3par,0.1,30,D2-K3par_e10_r030,0.924812030075188,0.924812030075188,0.11333333333333333
1,D6-uniform,0.2,30,D6-uniform_e20_r030,0.8928571428571429,0.8928571428571429,0.20666666666666667
1b,D3-unequal,0.25,51,D3-unequal_e25_r051,0.9404255319148936,0.9404255319148936,0.22
1,D2-K3par,0.2,30,D2-K3par_e20_r030,0.9099099099099099,0.9099099099099099,0.26
1b,D2-K3par,0.25,50,D2-K3par_e25_r050,0.95260663507109,0.95260663507109,0.2966666666666667
1,D8-K2par-sep,0.0,30,D8-K2par-sep_e00_r030,1.0,1.0,0.01
1b,D3-unequal,0.35,51,D3-unequal_e35_r051,0.9157894736842105,0.9157894736842105,0.36666666666666664
1b,D4-hetero,0.25,51,D4-hetero_e25_r051,0.958904109589041,0.958904109589041,0.27
1,D2-K3par,0.3,30,D2-K3par_e30_r030,0.9230769230769231,0.9230769230769231,0.30666666666666664
1b,D4-hetero,0.35,51,D4-hetero_e35_r051,0.9230769230769231,0.9230769230769231,0.39666666666666667
1b,D4-hetero,0.3,51,D4-hetero_e30_r051,0.9108910891089109,0.9108910891089109,0.33
1b,D7-p3,0.3,48,D7-p3_e30_r048,0.9154228855721394,0.9154228855721394,0.33666666666666667
1b,D5-leverage,0.25,51,D5-leverage_e25_r051,0.5281385281385281,0.5281385281385281,0.07333333333333333
1b,D5-leverage,0.3,51,D5-leverage_e30_r051,0.507177033492823,0.507177033492823,0.03333333333333333
1,D8-K2par-sep,0.2,30,D8-K2par-sep_e20_r030,1.0,1.0,0.19333333333333333
1,D8-K2par-sep,0.05,30,D8-K2par-sep_e05_r030,1.0,1.0,0.03666666666666667
1,D8-K2par-sep,0.1,30,D8-K2par-sep_e10_r030,1.0,1.0,0.13333333333333333
1b,D2-K3par,0.35,50,D2-K3par_e35_r050,0.6435643564356436,0.6435643564356436,0.15333333333333332
1b,D7-p3,0.35,48,D7-p3_e35_r048,0.9297297297297298,0.9297297297297298,0.43333333333333335
1,D8-K2par-sep,0.3,30,D8-K2par-sep_e30_r030,1.0,1.0,0.2833333333333333
1,D1-K2cross,0.0,31,D1-K2cross_e00_r031,0.9433333333333334,0.9433333333333334,0.03
1b,D6-uniform,0.3,51,D6-uniform_e30_r051,0.8755980861244019,0.8755980861244019,0.25666666666666665
1,D1-K2cross,0.05,31,D1-K2cross_e05_r031,0.8971631205673759,0.8971631205673759,0.06666666666666667
1b,D6-uniform,0.25,51,D6-uniform_e25_r051,0.9144144144144144,0.9144144144144144,0.21666666666666667
1b,D6-uniform,0.35,51,D6-uniform_e35_r051,0.5276381909547738,0.5276381909547738,0.0
1,D1-K2cross,0.1,31,D1-K2cross_e10_r031,0.9288389513108615,0.9288389513108615,0.12333333333333334
1,D1-K2cross,0.2,31,D1-K2cross_e20_r031,0.9156118143459916,0.9156118143459916,0.21333333333333335
1,D1-K2cross,0.3,31,D1-K2cross_e30_r031,0.9078341013824884,0.9078341013824884,0.27666666666666667
1b,D5-leverage,0.35,51,D5-leverage_e35_r051,0.5320197044334976,0.5320197044334976,0.04666666666666667
1b,D8-K2par-sep,0.3,51,D8-K2par-sep_e30_r051,1.0,1.0,0.33
1b,D1-K2cross,0.25,52,D1-K2cross_e25_r052,0.9223300970873787,0.9223300970873787,0.31333333333333335
1,D7-p3,0.2,28,D7-p3_e20_r028,0.9102564102564102,0.9102564102564102,0.22333333333333333
1b,D7-p3,0.25,48,D7-p3_e25_r048,0.8728070175438597,0.8728070175438597,0.24
1b,D1-K2cross,0.3,52,D1-K2cross_e30_r052,0.8644859813084113,0.8644859813084113,0.2866666666666667
1b,D2-K3par,0.25,51,D2-K3par_e25_r051,0.9297520661157025,0.9297520661157025,0.19333333333333333
1b,D8-K2par-sep,0.25,51,D8-K2par-sep_e25_r051,1.0,1.0,0.24333333333333335
1b,D8-K2par-sep,0.35,51,D8-K2par-sep_e35_r051,1.0,1.0,0.34
1,D7-p3,0.1,28,D7-p3_e10_r028,0.9,0.9,0.10333333333333333
1,D3-unequal,0.0,31,D3-unequal_e00_r031,0.94,0.94,0.04
1b,D1-K2cross,0.35,52,D1-K2cross_e35_r052,0.8737373737373737,0.8737373737373737,0.34
1,D3-unequal,0.05,31,D3-unequal_e05_r031,0.924187725631769,0.924187725631769,0.08333333333333333
1,D7-p3,0.3,29,D7-p3_e30_r029,0.9047619047619048,0.9047619047619048,0.31666666666666665
1,D4-hetero,0.0,31,D4-hetero_e00_r031,0.9266666666666666,0.9266666666666666,0.02666666666666667
1b,D7-p3,0.35,49,D7-p3_e35_r049,0.8756476683937824,0.8756476683937824,0.3566666666666667
1,D3-unequal,0.2,31,D3-unequal_e20_r031,0.9029535864978903,0.9029535864978903,0.21
1,D3-unequal,0.3,31,D3-unequal_e30_r031,0.9192825112107623,0.9192825112107623,0.25666666666666665
1,D7-p3,0.05,29,D7-p3_e05_r029,0.9090909090909091,0.9090909090909091,0.05
1,D3-unequal,0.1,31,D3-unequal_e10_r031,0.9438202247191011,0.9438202247191011,0.11666666666666667
1,D4-hetero,0.05,31,D4-hetero_e05_r031,0.925531914893617,0.925531914893617,0.08
1b,D4-hetero,0.25,52,D4-hetero_e25_r052,0.9224137931034483,0.9224137931034483,0.23666666666666666
1b,D3-unequal,0.3,52,D3-unequal_e30_r052,0.8786407766990292,0.8786407766990292,0.31333333333333335
1b,D3-unequal,0.25,52,D3-unequal_e25_r052,0.8839285714285714,0.8839285714285714,0.25333333333333335
1b,D3-unequal,0.35,52,D3-unequal_e35_r052,0.9306930693069307,0.9306930693069307,0.32666666666666666
1,D4-hetero,0.1,31,D4-hetero_e10_r031,0.8955223880597015,0.8955223880597015,0.12666666666666668
1b,D4-hetero,0.3,52,D4-hetero_e30_r052,0.8863636363636364,0.8863636363636364,0.27666666666666667
1b,D7-p3,0.3,49,D7-p3_e30_r049,0.9396984924623115,0.9396984924623115,0.33666666666666667
1,D5-leverage,0.0,31,D5-leverage_e00_r031,0.9033333333333333,0.9033333333333333,0.013333333333333334
1b,D7-p3,0.25,49,D7-p3_e25_r049,0.9095238095238095,0.9095238095238095,0.32
1b,D5-leverage,0.25,52,D5-leverage_e25_r052,0.5213270142180095,0.5213270142180095,0.05333333333333334
1,D5-leverage,0.05,31,D5-leverage_e05_r031,0.8993055555555556,0.8993055555555556,0.05333333333333334
1b,D5-leverage,0.3,52,D5-leverage_e30_r052,0.5073891625615764,0.5073891625615764,0.013333333333333334
1,D4-hetero,0.3,31,D4-hetero_e30_r031,0.9530516431924883,0.9530516431924883,0.3
1,D4-hetero,0.2,31,D4-hetero_e20_r031,0.8865546218487395,0.8865546218487395,0.22333333333333333
1,D2-K3par,0.0,31,D2-K3par_e00_r031,0.8966666666666666,0.8966666666666666,0.0033333333333333335
1,D2-K3par,0.05,31,D2-K3par_e05_r031,0.8861209964412812,0.8861209964412812,0.06333333333333334
1b,D5-leverage,0.35,52,D5-leverage_e35_r052,0.5157894736842106,0.5157894736842106,0.01
1b,D4-hetero,0.35,52,D4-hetero_e35_r052,0.9019607843137255,0.9019607843137255,0.32666666666666666
1,D5-leverage,0.2,31,D5-leverage_e20_r031,0.8847736625514403,0.8847736625514403,0.19
1,D5-leverage,0.1,31,D5-leverage_e10_r031,0.9061371841155235,0.9061371841155235,0.08666666666666667
1b,D2-K3par,0.35,51,D2-K3par_e35_r051,0.6616161616161617,0.6616161616161617,0.16666666666666666
1b,D2-K3par,0.3,51,D2-K3par_e30_r051,0.6435643564356436,0.6435643564356436,0.15333333333333332
1,D6-uniform,0.0,31,D6-uniform_e00_r031,0.93,0.93,0.02
1,D5-leverage,0.3,31,D5-leverage_e30_r031,0.54337899543379,0.54337899543379,0.09333333333333334
1b,D6-uniform,0.25,52,D6-uniform_e25_r052,0.883177570093458,0.883177570093458,0.14
1,D2-K3par,0.1,31,D2-K3par_e10_r031,0.9222222222222223,0.9222222222222223,0.1
1b,D6-uniform,0.35,52,D6-uniform_e35_r052,0.5025641025641026,0.5025641025641026,0.0
1,D6-uniform,0.05,31,D6-uniform_e05_r031,0.8869257950530035,0.8869257950530035,0.06
1,D6-uniform,0.1,31,D6-uniform_e10_r031,0.8884758364312267,0.8884758364312267,0.11333333333333333
1b,D6-uniform,0.3,52,D6-uniform_e30_r052,0.5380952380952381,0.5380952380952381,0.0
1,D6-uniform,0.2,31,D6-uniform_e20_r031,0.8559670781893004,0.8559670781893004,0.18
1b,D8-K2par-sep,0.35,52,D8-K2par-sep_e35_r052,1.0,1.0,0.35
1,D6-uniform,0.3,31,D6-uniform_e30_r031,0.8947368421052632,0.8947368421052632,0.18
1b,D1-K2cross,0.3,53,D1-K2cross_e30_r053,0.9245283018867925,0.9245283018867925,0.29333333333333333
1b,D1-K2cross,0.25,53,D1-K2cross_e25_r053,0.8977777777777778,0.8977777777777778,0.25
1b,D8-K2par-sep,0.25,52,D8-K2par-sep_e25_r052,0.9956709956709957,0.9956709956709957,0.23
1b,D8-K2par-sep,0.3,52,D8-K2par-sep_e30_r052,1.0,1.0,0.2966666666666667
1,D8-K2par-sep,0.0,31,D8-K2par-sep_e00_r031,1.0,1.0,0.006666666666666667
1,D7-p3,0.0,29,D7-p3_e00_r029,0.9333333333333333,0.9333333333333333,0.006666666666666667
1b,D2-K3par,0.25,52,D2-K3par_e25_r052,0.9032258064516129,0.9032258064516129,0.27666666666666667
1,D2-K3par,0.2,31,D2-K3par_e20_r031,0.9271255060728745,0.9271255060728745,0.18
1b,D1-K2cross,0.35,53,D1-K2cross_e35_r053,0.8634146341463415,0.8634146341463415,0.31666666666666665
1,D8-K2par-sep,0.05,31,D8-K2par-sep_e05_r031,0.9930313588850174,0.9930313588850174,0.05
1,D2-K3par,0.3,31,D2-K3par_e30_r031,0.8873239436619719,0.8873239436619719,0.29
1,D8-K2par-sep,0.1,31,D8-K2par-sep_e10_r031,0.9961832061068703,0.9961832061068703,0.14
1,D8-K2par-sep,0.3,31,D8-K2par-sep_e30_r031,1.0,1.0,0.30666666666666664
1,D1-K2cross,0.1,32,D1-K2cross_e10_r032,0.92,0.92,0.10333333333333333
1,D1-K2cross,0.0,32,D1-K2cross_e00_r032,0.93,0.93,0.023333333333333334
1b,D3-unequal,0.25,53,D3-unequal_e25_r053,0.8938053097345132,0.8938053097345132,0.24666666666666667
1,D1-K2cross,0.05,32,D1-K2cross_e05_r032,0.900709219858156,0.900709219858156,0.06666666666666667
1,D8-K2par-sep,0.2,31,D8-K2par-sep_e20_r031,1.0,1.0,0.17
1b,D2-K3par,0.3,52,D2-K3par_e30_r052,0.9068627450980392,0.9068627450980392,0.32
1,D1-K2cross,0.2,32,D1-K2cross_e20_r032,0.9426229508196722,0.9426229508196722,0.18666666666666668
1b,D3-unequal,0.3,53,D3-unequal_e30_r053,0.9181818181818182,0.9181818181818182,0.26666666666666666
1b,D3-unequal,0.35,53,D3-unequal_e35_r053,0.9179487179487179,0.9179487179487179,0.35
1b,D4-hetero,0.3,53,D4-hetero_e30_r053,0.9116279069767442,0.9116279069767442,0.2866666666666667
1b,D4-hetero,0.25,53,D4-hetero_e25_r053,0.90625,0.90625,0.26
1,D7-p3,0.1,29,D7-p3_e10_r029,0.8834586466165414,0.8834586466165414,0.11666666666666667
1b,D5-leverage,0.3,53,D5-leverage_e30_r053,0.5472636815920398,0.5472636815920398,0.07333333333333333
1b,D4-hetero,0.35,53,D4-hetero_e35_r053,0.8829268292682927,0.8829268292682927,0.3233333333333333
1b,D5-leverage,0.25,53,D5-leverage_e25_r053,0.9148936170212766,0.9148936170212766,0.22333333333333333
1,D1-K2cross,0.3,32,D1-K2cross_e30_r032,0.916256157635468,0.916256157635468,0.3233333333333333
1b,D5-leverage,0.35,53,D5-leverage_e35_r053,0.541871921182266,0.541871921182266,0.0033333333333333335
1b,D6-uniform,0.3,53,D6-uniform_e30_r053,0.5190476190476191,0.5190476190476191,0.0
1b,D6-uniform,0.25,53,D6-uniform_e25_r053,0.5068493150684932,0.5068493150684932,0.0
1,D3-unequal,0.05,32,D3-unequal_e05_r032,0.9184397163120568,0.9184397163120568,0.09
1,D3-unequal,0.0,32,D3-unequal_e00_r032,0.9133333333333333,0.9133333333333333,0.023333333333333334
1,D7-p3,0.2,29,D7-p3_e20_r029,0.9435483870967742,0.9435483870967742,0.18666666666666668
1b,D7-p3,0.3,50,D7-p3_e30_r050,0.8909952606635071,0.8909952606635071,0.2966666666666667
1b,D2-K3par,0.35,52,D2-K3par_e35_r052,0.3492063492063492,0.3492063492063492,0.0
1,D3-unequal,0.2,32,D3-unequal_e20_r032,0.8838174273858921,0.8838174273858921,0.19666666666666666
1,D7-p3,0.05,30,D7-p3_e05_r030,0.9122807017543859,0.9122807017543859,0.06666666666666667
1,D7-p3,0.0,30,D7-p3_e00_r030,0.8833333333333333,0.8833333333333333,0.0033333333333333335
1b,D8-K2par-sep,0.25,53,D8-K2par-sep_e25_r053,1.0,1.0,0.23333333333333334
1b,D6-uniform,0.35,53,D6-uniform_e35_r053,0.927536231884058,0.927536231884058,0.23
1b,D8-K2par-sep,0.35,53,D8-K2par-sep_e35_r053,1.0,1.0,0.3433333333333333
1b,D8-K2par-sep,0.3,53,D8-K2par-sep_e30_r053,0.9956521739130435,0.9956521739130435,0.23333333333333334
1,D4-hetero,0.0,32,D4-hetero_e00_r032,0.8766666666666667,0.8766666666666667,0.03333333333333333
1,D4-hetero,0.05,32,D4-hetero_e05_r032,0.8943661971830986,0.8943661971830986,0.08
1,D3-unequal,0.1,32,D3-unequal_e10_r032,0.9056603773584906,0.9056603773584906,0.11666666666666667
1b,D1-K2cross,0.25,54,D1-K2cross_e25_r054,0.9144144144144144,0.9144144144144144,0.26
1,D3-unequal,0.3,32,D3-unequal_e30_r032,0.8894009216589862,0.8894009216589862,0.28
1b,D2-K3par,0.25,53,D2-K3par_e25_r053,0.9066666666666666,0.9066666666666666,0.25
1,D4-hetero,0.1,32,D4-hetero_e10_r032,0.9219858156028369,0.9219858156028369,0.07666666666666666
1,D7-p3,0.2,30,D7-p3_e20_r030,0.8859649122807017,0.8859649122807017,0.24333333333333335
1,D4-hetero,0.2,32,D4-hetero_e20_r032,0.8786610878661087,0.8786610878661087,0.22333333333333333
1b,D1-K2cross,0.3,54,D1-K2cross_e30_r054,0.9264705882352942,0.9264705882352942,0.32
1b,D1-K2cross,0.35,54,D1-K2cross_e35_r054,0.8900523560209425,0.8900523560209425,0.36333333333333334
1,D7-p3,0.3,30,D7-p3_e30_r030,0.9061032863849765,0.9061032863849765,0.29333333333333333
1,D5-leverage,0.0,32,D5-leverage_e00_r032,0.89,0.89,0.043333333333333335
1,D4-hetero,0.3,32,D4-hetero_e30_r032,0.9061032863849765,0.9061032863849765,0.29
1,D5-leverage,0.05,32,D5-leverage_e05_r032,0.8885017421602788,0.8885017421602788,0.06333333333333334
1b,D3-unequal,0.25,54,D3-unequal_e25_r054,0.8873873873873874,0.8873873873873874,0.26
1,D2-K3par,0.0,32,D2-K3par_e00_r032,0.8966666666666666,0.8966666666666666,0.02
1,D5-leverage,0.2,32,D5-leverage_e20_r032,0.8930041152263375,0.8930041152263375,0.19333333333333333
1,D5-leverage,0.1,32,D5-leverage_e10_r032,0.9054545454545454,0.9054545454545454,0.08666666666666667
1,D6-uniform,0.0,32,D6-uniform_e00_r032,0.94,0.94,0.02
1,D5-leverage,0.3,32,D5-leverage_e30_r032,0.5352112676056338,0.5352112676056338,0.10666666666666667
1b,D4-hetero,0.25,54,D4-hetero_e25_r054,0.8940677966101694,0.8940677966101694,0.21666666666666667
1,D6-uniform,0.1,32,D6-uniform_e10_r032,0.9389312977099237,0.9389312977099237,0.12666666666666668
1,D2-K3par,0.05,32,D2-K3par_e05_r032,0.9052631578947369,0.9052631578947369,0.05333333333333334
1b,D3-unequal,0.3,54,D3-unequal_e30_r054,0.9311926605504587,0.9311926605504587,0.2733333333333333
1b,D7-p3,0.35,51,D7-p3_e35_r051,0.8769230769230769,0.8769230769230769,0.35
1b,D4-hetero,0.35,54,D4-hetero_e35_r054,0.9393939393939394,0.9393939393939394,0.35
1b,D5-leverage,0.25,54,D5-leverage_e25_r054,0.5246636771300448,0.5246636771300448,0.15
1b,D5-leverage,0.35,54,D5-leverage_e35_r054,0.5051546391752577,0.5051546391752577,0.0033333333333333335
1,D2-K3par,0.1,32,D2-K3par_e10_r032,0.9154411764705882,0.9154411764705882,0.09666666666666666
1,D2-K3par,0.2,32,D2-K3par_e20_r032,0.9218106995884774,0.9218106995884774,0.19
1b,D4-hetero,0.3,54,D4-hetero_e30_r054,0.9461883408071748,0.9461883408071748,0.25666666666666665
1b,D3-unequal,0.35,54,D3-unequal_e35_r054,0.88,0.88,0.3333333333333333
1b,D2-K3par,0.35,53,D2-K3par_e35_r053,0.66,0.66,0.13666666666666666
1b,D5-leverage,0.3,54,D5-leverage_e30_r054,0.5076142131979695,0.5076142131979695,0.016666666666666666
1,D6-uniform,0.05,32,D6-uniform_e05_r032,0.9,0.9,0.056666666666666664
1,D6-uniform,0.2,32,D6-uniform_e20_r032,0.9338842975206612,0.9338842975206612,0.19333333333333333
1,D6-uniform,0.3,32,D6-uniform_e30_r032,0.908675799086758,0.908675799086758,0.19666666666666666
1b,D2-K3par,0.3,53,D2-K3par_e30_r053,0.7023255813953488,0.7023255813953488,0.10666666666666667
1b,D6-uniform,0.25,54,D6-uniform_e25_r054,0.9151785714285714,0.9151785714285714,0.20666666666666667
1b,D7-p3,0.25,51,D7-p3_e25_r051,0.9032258064516129,0.9032258064516129,0.27666666666666667
1,D8-K2par-sep,0.0,32,D8-K2par-sep_e00_r032,1.0,1.0,0.03333333333333333
1b,D7-p3,0.35,50,D7-p3_e35_r050,0.5372340425531915,0.5372340425531915,0.20333333333333334
1,D8-K2par-sep,0.05,32,D8-K2par-sep_e05_r032,1.0,1.0,0.056666666666666664
1,D7-p3,0.1,30,D7-p3_e10_r030,0.9125475285171103,0.9125475285171103,0.12333333333333334
1b,D6-uniform,0.3,54,D6-uniform_e30_r054,0.5121951219512195,0.5121951219512195,0.0
1b,D7-p3,0.25,50,D7-p3_e25_r050,0.9191489361702128,0.9191489361702128,0.21666666666666667
1,D8-K2par-sep,0.2,32,D8-K2par-sep_e20_r032,1.0,1.0,0.18
1b,D6-uniform,0.35,54,D6-uniform_e35_r054,0.53125,0.53125,0.0
1b,D8-K2par-sep,0.3,54,D8-K2par-sep_e30_r054,1.0,1.0,0.2966666666666667
1,D2-K3par,0.3,32,D2-K3par_e30_r032,0.9326923076923077,0.9326923076923077,0.30666666666666664
1,D1-K2cross,0.0,33,D1-K2cross_e00_r033,0.94,0.94,0.02
1,D8-K2par-sep,0.1,32,D8-K2par-sep_e10_r032,1.0,1.0,0.10666666666666667
1b,D8-K2par-sep,0.35,54,D8-K2par-sep_e35_r054,0.9950980392156863,0.9950980392156863,0.32
1,D8-K2par-sep,0.3,32,D8-K2par-sep_e30_r032,0.9953051643192489,0.9953051643192489,0.29
1b,D8-K2par-sep,0.25,54,D8-K2par-sep_e25_r054,1.0,1.0,0.22333333333333333
1,D1-K2cross,0.05,33,D1-K2cross_e05_r033,0.9107142857142857,0.9107142857142857,0.07333333333333333
1b,D1-K2cross,0.3,55,D1-K2cross_e30_r055,0.9311926605504587,0.9311926605504587,0.2733333333333333
1b,D1-K2cross,0.35,55,D1-K2cross_e35_r055,0.8910891089108911,0.8910891089108911,0.32666666666666666
1,D1-K2cross,0.1,33,D1-K2cross_e10_r033,0.9114391143911439,0.9114391143911439,0.1
1b,D1-K2cross,0.25,55,D1-K2cross_e25_r055,0.9047619047619048,0.9047619047619048,0.23
1b,D2-K3par,0.3,54,D2-K3par_e30_r054,0.9402985074626866,0.9402985074626866,0.33
1,D1-K2cross,0.2,33,D1-K2cross_e20_r033,0.9214876033057852,0.9214876033057852,0.2
1,D1-K2cross,0.3,33,D1-K2cross_e30_r033,0.9121951219512195,0.9121951219512195,0.31666666666666665
1b,D3-unequal,0.3,55,D3-unequal_e30_r055,0.8767772511848341,0.8767772511848341,0.3
1,D3-unequal,0.0,33,D3-unequal_e00_r033,0.89,0.89,0.01
1b,D4-hetero,0.3,55,D4-hetero_e30_r055,0.9027777777777778,0.9027777777777778,0.29
1b,D4-hetero,0.25,55,D4-hetero_e25_r055,0.915929203539823,0.915929203539823,0.2633333333333333
1b,D3-unequal,0.35,55,D3-unequal_e35_r055,0.8817204301075269,0.8817204301075269,0.38
1b,D2-K3par,0.25,54,D2-K3par_e25_r054,0.9063829787234042,0.9063829787234042,0.21666666666666667
1b,D3-unequal,0.25,55,D3-unequal_e25_r055,0.9063829787234042,0.9063829787234042,0.22
1b,D5-leverage,0.25,55,D5-leverage_e25_r055,0.545045045045045,0.545045045045045,0.11
1,D3-unequal,0.05,33,D3-unequal_e05_r033,0.9214285714285714,0.9214285714285714,0.07333333333333333
1b,D4-hetero,0.35,55,D4-hetero_e35_r055,0.9109947643979057,0.9109947643979057,0.36666666666666664
1,D3-unequal,0.1,33,D3-unequal_e10_r033,0.9118773946360154,0.9118773946360154,0.13333333333333333
1b,D5-leverage,0.3,55,D5-leverage_e30_r055,0.5317073170731708,0.5317073170731708,0.016666666666666666
1b,D5-leverage,0.35,55,D5-leverage_e35_r055,0.526595744680851,0.526595744680851,0.02
1,D3-unequal,0.2,33,D3-unequal_e20_r033,0.9356223175965666,0.9356223175965666,0.22333333333333333
1,D3-unequal,0.3,33,D3-unequal_e30_r033,0.9211822660098522,0.9211822660098522,0.3233333333333333
1b,D7-p3,0.25,52,D7-p3_e25_r052,0.8893805309734514,0.8893805309734514,0.25333333333333335
1b,D6-uniform,0.25,55,D6-uniform_e25_r055,0.9216589861751152,0.9216589861751152,0.21
1b,D6-uniform,0.3,55,D6-uniform_e30_r055,0.5297029702970297,0.5297029702970297,0.0
1,D7-p3,0.0,31,D7-p3_e00_r031,0.91,0.91,0.02666666666666667
1,D4-hetero,0.0,33,D4-hetero_e00_r033,0.9166666666666666,0.9166666666666666,0.03
1b,D7-p3,0.3,52,D7-p3_e30_r052,0.9238578680203046,0.9238578680203046,0.3466666666666667
1b,D7-p3,0.3,51,D7-p3_e30_r051,0.9154929577464789,0.9154929577464789,0.29
1b,D6-uniform,0.35,55,D6-uniform_e35_r055,0.5729166666666666,0.5729166666666666,0.0
1,D4-hetero,0.05,33,D4-hetero_e05_r033,0.9265734265734266,0.9265734265734266,0.07
1,D4-hetero,0.1,33,D4-hetero_e10_r033,0.9047619047619048,0.9047619047619048,0.09666666666666666
1,D5-leverage,0.0,33,D5-leverage_e00_r033,0.8966666666666666,0.8966666666666666,0.01
1,D4-hetero,0.3,33,D4-hetero_e30_r033,0.9,0.9,0.34
1b,D7-p3,0.35,52,D7-p3_e35_r052,0.927461139896373,0.927461139896373,0.3566666666666667
1,D4-hetero,0.2,33,D4-hetero_e20_r033,0.9166666666666666,0.9166666666666666,0.16333333333333333
1,D2-K3par,0.0,33,D2-K3par_e00_r033,0.9233333333333333,0.9233333333333333,0.0033333333333333335
1,D5-leverage,0.05,33,D5-leverage_e05_r033,0.9230769230769231,0.9230769230769231,0.05
1,D7-p3,0.05,31,D7-p3_e05_r031,0.9065743944636678,0.9065743944636678,0.04666666666666667
1b,D2-K3par,0.35,54,D2-K3par_e35_r054,0.605,0.395,0.0033333333333333335
1b,D8-K2par-sep,0.25,55,D8-K2par-sep_e25_r055,1.0,1.0,0.2633333333333333
1,D5-leverage,0.1,33,D5-leverage_e10_r033,0.9185185185185185,0.9185185185185185,0.10666666666666667
1b,D8-K2par-sep,0.3,55,D8-K2par-sep_e30_r055,1.0,1.0,0.30333333333333334
1,D5-leverage,0.2,33,D5-leverage_e20_r033,0.935064935064935,0.935064935064935,0.23
1,D7-p3,0.3,31,D7-p3_e30_r031,0.9396984924623115,0.9396984924623115,0.34
1,D6-uniform,0.0,33,D6-uniform_e00_r033,0.92,0.92,0.016666666666666666
1b,D1-K2cross,0.3,56,D1-K2cross_e30_r056,0.9018691588785047,0.9018691588785047,0.2866666666666667
1b,D1-K2cross,0.35,56,D1-K2cross_e35_r056,0.9052631578947369,0.9052631578947369,0.36666666666666664
1,D2-K3par,0.1,33,D2-K3par_e10_r033,0.9101123595505618,0.9101123595505618,0.11
1,D6-uniform,0.05,33,D6-uniform_e05_r033,0.9055944055944056,0.9055944055944056,0.056666666666666664
1b,D1-K2cross,0.25,56,D1-K2cross_e25_r056,0.8959276018099548,0.8959276018099548,0.27
1b,D8-K2par-sep,0.35,55,D8-K2par-sep_e35_r055,0.9946524064171123,0.9946524064171123,0.37666666666666665
1,D5-leverage,0.3,33,D5-leverage_e30_r033,0.5113122171945701,0.5113122171945701,0.07333333333333333
1b,D2-K3par,0.25,55,D2-K3par_e25_r055,0.9017857142857143,0.9017857142857143,0.25333333333333335
1,D6-uniform,0.2,33,D6-uniform_e20_r033,0.9079497907949791,0.9079497907949791,0.20333333333333334
1,D6-uniform,0.1,33,D6-uniform_e10_r033,0.9407407407407408,0.9407407407407408,0.11333333333333333
1,D6-uniform,0.3,33,D6-uniform_e30_r033,0.8918918918918919,0.5351351351351351,0.0
1,D2-K3par,0.05,33,D2-K3par_e05_r033,0.9154929577464789,0.9154929577464789,0.05333333333333334
1,D7-p3,0.1,31,D7-p3_e10_r031,0.9047619047619048,0.9047619047619048,0.09666666666666666
1b,D7-p3,0.3,53,D7-p3_e30_r053,0.8933333333333333,0.8933333333333333,0.25333333333333335
1b,D3-unequal,0.35,56,D3-unequal_e35_r056,0.9077669902912622,0.9077669902912622,0.31333333333333335
1b,D5-leverage,0.25,56,D5-leverage_e25_r056,0.5176991150442478,0.5176991150442478,0.07666666666666666
1b,D3-unequal,0.25,56,D3-unequal_e25_r056,0.90625,0.90625,0.25333333333333335
1,D8-K2par-sep,0.0,33,D8-K2par-sep_e00_r033,0.9933333333333333,0.9933333333333333,0.01
1b,D4-hetero,0.25,56,D4-hetero_e25_r056,0.9043478260869565,0.9043478260869565,0.24
1,D2-K3par,0.2,33,D2-K3par_e20_r033,0.9090909090909091,0.9090909090909091,0.19333333333333333
1,D2-K3par,0.3,33,D2-K3par_e30_r033,0.8651162790697674,0.8651162790697674,0.2833333333333333
1b,D4-hetero,0.35,56,D4-hetero_e35_r056,0.90625,0.90625,0.36
1b,D3-unequal,0.3,56,D3-unequal_e30_r056,0.9330357142857143,0.9330357142857143,0.25666666666666665
1,D8-K2par-sep,0.05,33,D8-K2par-sep_e05_r033,1.0,1.0,0.043333333333333335
1b,D4-hetero,0.3,56,D4-hetero_e30_r056,0.8957345971563981,0.8957345971563981,0.3
1,D8-K2par-sep,0.1,33,D8-K2par-sep_e10_r033,1.0,1.0,0.11
1b,D5-leverage,0.35,56,D5-leverage_e35_r056,0.53,0.53,0.0
1b,D5-leverage,0.3,56,D5-leverage_e30_r056,0.5152838427947598,0.5152838427947598,0.17
1,D1-K2cross,0.0,34,D1-K2cross_e00_r034,0.91,0.91,0.02666666666666667
1,D8-K2par-sep,0.2,33,D8-K2par-sep_e20_r033,1.0,1.0,0.18666666666666668
1,D8-K2par-sep,0.3,33,D8-K2par-sep_e30_r033,1.0,1.0,0.3433333333333333
1b,D7-p3,0.35,53,D7-p3_e35_r053,0.8975609756097561,0.8975609756097561,0.31666666666666665
1b,D6-uniform,0.25,56,D6-uniform_e25_r056,0.8936170212765957,0.8936170212765957,0.17333333333333334
1b,D6-uniform,0.35,56,D6-uniform_e35_r056,0.5368421052631579,0.5368421052631579,0.0
1b,D2-K3par,0.3,55,D2-K3par_e30_r055,0.6507177033492823,0.6507177033492823,0.12666666666666668
1b,D6-uniform,0.3,56,D6-uniform_e30_r056,0.8837209302325582,0.8837209302325582,0.18666666666666668
1,D1-K2cross,0.1,34,D1-K2cross_e10_r034,0.8925925925925926,0.8925925925925926,0.11
1,D1-K2cross,0.3,34,D1-K2cross_e30_r034,0.8855721393034826,0.8855721393034826,0.33
1b,D2-K3par,0.35,55,D2-K3par_e35_r055,0.387434554973822,0.387434554973822,0.0033333333333333335
1,D7-p3,0.2,31,D7-p3_e20_r031,0.9112903225806451,0.9112903225806451,0.17333333333333334
1,D1-K2cross,0.2,34,D1-K2cross_e20_r034,0.9372384937238494,0.9372384937238494,0.20333333333333334
1,D1-K2cross,0.05,34,D1-K2cross_e05_r034,0.9125874125874126,0.9125874125874126,0.05333333333333334
1b,D8-K2par-sep,0.3,56,D8-K2par-sep_e30_r056,1.0,1.0,0.27
1b,D1-K2cross,0.25,57,D1-K2cross_e25_r057,0.9039301310043668,0.9039301310043668,0.24
1b,D8-K2par-sep,0.35,56,D8-K2par-sep_e35_r056,1.0,1.0,0.3933333333333333
1b,D8-K2par-sep,0.25,56,D8-K2par-sep_e25_r056,1.0,1.0,0.23333333333333334
1b,D1-K2cross,0.35,57,D1-K2cross_e35_r057,0.9382022471910112,0.9382022471910112,0.4066666666666667
1b,D2-K3par,0.25,56,D2-K3par_e25_r056,0.9181034482758621,0.9181034482758621,0.22666666666666666
1,D3-unequal,0.1,34,D3-unequal_e10_r034,0.9051383399209486,0.9051383399209486,0.17
1,D3-unequal,0.05,34,D3-unequal_e05_r034,0.9027777777777778,0.9027777777777778,0.04
1b,D1-K2cross,0.3,57,D1-K2cross_e30_r057,0.9178743961352657,0.9178743961352657,0.31
1,D3-unequal,0.0,34,D3-unequal_e00_r034,0.9266666666666666,0.9266666666666666,0.02666666666666667
1,D3-unequal,0.2,34,D3-unequal_e20_r034,0.951417004048583,0.951417004048583,0.17666666666666667
1b,D3-unequal,0.25,57,D3-unequal_e25_r057,0.5229357798165137,0.5229357798165137,0.2733333333333333
1,D3-unequal,0.3,34,D3-unequal_e30_r034,0.9146919431279621,0.9146919431279621,0.2966666666666667
1b,D3-unequal,0.3,57,D3-unequal_e30_r057,0.9375,0.9375,0.36
1,D4-hetero,0.0,34,D4-hetero_e00_r034,0.9166666666666666,0.9166666666666666,0.04
1,D4-hetero,0.05,34,D4-hetero_e05_r034,0.9084507042253521,0.9084507042253521,0.07
1b,D4-hetero,0.3,57,D4-hetero_e30_r057,0.900497512437811,0.900497512437811,0.3333333333333333
1,D7-p3,0.0,32,D7-p3_e00_r032,0.8833333333333333,0.8833333333333333,0.03
1b,D3-unequal,0.35,57,D3-unequal_e35_r057,0.7189189189189189,0.7297297297297297,0.19
1,D5-leverage,0.0,34,D5-leverage_e00_r034,0.9233333333333333,0.9233333333333333,0.016666666666666666
1,D7-p3,0.05,32,D7-p3_e05_r032,0.9084507042253521,0.9084507042253521,0.07666666666666666
1,D4-hetero,0.1,34,D4-hetero_e10_r034,0.8703703703703703,0.8703703703703703,0.11
1,D4-hetero,0.2,34,D4-hetero_e20_r034,0.8634538152610441,0.8634538152610441,0.19
1,D7-p3,0.3,32,D7-p3_e30_r032,0.8994974874371859,0.8994974874371859,0.33666666666666667
1,D5-leverage,0.05,34,D5-leverage_e05_r034,0.9181494661921709,0.9181494661921709,0.07666666666666666
1b,D4-hetero,0.25,57,D4-hetero_e25_r057,0.8954545454545455,0.8954545454545455,0.2733333333333333
1,D7-p3,0.1,32,D7-p3_e10_r032,0.8759124087591241,0.8759124087591241,0.10666666666666667
1b,D2-K3par,0.35,56,D2-K3par_e35_r056,0.6818181818181818,0.6818181818181818,0.16
1b,D4-hetero,0.35,57,D4-hetero_e35_r057,0.9455445544554455,0.9455445544554455,0.33
1,D4-hetero,0.3,34,D4-hetero_e30_r034,0.9,0.9,0.33666666666666667
1,D2-K3par,0.2,34,D2-K3par_e20_r034,0.907258064516129,0.907258064516129,0.17333333333333334
1b,D5-leverage,0.25,57,D5-leverage_e25_r057,0.5119617224880383,0.5119617224880383,0.09333333333333334
1b,D5-leverage,0.35,57,D5-leverage_e35_r057,0.5376884422110553,0.5376884422110553,0.01
1b,D5-leverage,0.3,57,D5-leverage_e30_r057,0.5369458128078818,0.5369458128078818,0.006666666666666667
1,D2-K3par,0.0,34,D2-K3par_e00_r034,0.89,0.89,0.0033333333333333335
1,D2-K3par,0.1,34,D2-K3par_e10_r034,0.9010989010989011,0.9010989010989011,0.09
1,D5-leverage,0.2,34,D5-leverage_e20_r034,0.9416666666666667,0.9416666666666667,0.20333333333333334
1,D5-leverage,0.3,34,D5-leverage_e30_r034,0.5204081632653061,0.5204081632653061,0.006666666666666667
1,D5-leverage,0.1,34,D5-leverage_e10_r034,0.9413919413919414,0.9413919413919414,0.09333333333333334
1b,D7-p3,0.35,54,D7-p3_e35_r054,0.9010989010989011,0.9010989010989011,0.4033333333333333
1,D6-uniform,0.0,34,D6-uniform_e00_r034,0.92,0.92,0.03666666666666667
1b,D6-uniform,0.25,57,D6-uniform_e25_r057,0.8862559241706162,0.8862559241706162,0.21
1,D2-K3par,0.05,34,D2-K3par_e05_r034,0.9198606271777003,0.9198606271777003,0.043333333333333335
1,D6-uniform,0.1,34,D6-uniform_e10_r034,0.9222222222222223,0.9222222222222223,0.1
1,D6-uniform,0.05,34,D6-uniform_e05_r034,0.9270833333333334,0.9270833333333334,0.043333333333333335
1,D7-p3,0.2,32,D7-p3_e20_r032,0.9067796610169492,0.9067796610169492,0.24666666666666667
1b,D6-uniform,0.3,57,D6-uniform_e30_r057,0.8733031674208145,0.8733031674208145,0.17333333333333334
1b,D6-uniform,0.35,57,D6-uniform_e35_r057,0.5425531914893617,0.5425531914893617,0.0
1b,D7-p3,0.3,54,D7-p3_e30_r054,0.9323671497584541,0.9323671497584541,0.32
1,D6-uniform,0.2,34,D6-uniform_e20_r034,0.8903508771929824,0.8903508771929824,0.19
1,D6-uniform,0.3,34,D6-uniform_e30_r034,0.5257731958762887,0.5257731958762887,0.0
1b,D2-K3par,0.3,56,D2-K3par_e30_r056,0.6363636363636364,0.6363636363636364,0.14333333333333334
1b,D8-K2par-sep,0.25,57,D8-K2par-sep_e25_r057,0.9956521739130435,0.9956521739130435,0.23333333333333334
1b,D2-K3par,0.25,57,D2-K3par_e25_r057,0.9090909090909091,0.9090909090909091,0.26666666666666666
1,D8-K2par-sep,0.0,34,D8-K2par-sep_e00_r034,1.0,1.0,0.0033333333333333335
1b,D1-K2cross,0.25,58,D1-K2cross_e25_r058,0.8954545454545455,0.8954545454545455,0.26666666666666666
1b,D8-K2par-sep,0.35,57,D8-K2par-sep_e35_r057,1.0,1.0,0.30333333333333334
1b,D7-p3,0.25,53,D7-p3_e25_r053,0.9121338912133892,0.9121338912133892,0.20333333333333334
1b,D1-K2cross,0.3,58,D1-K2cross_e30_r058,0.9264705882352942,0.9264705882352942,0.32
1b,D8-K2par-sep,0.3,57,D8-K2par-sep_e30_r057,1.0,1.0,0.25666666666666665
1,D8-K2par-sep,0.1,34,D8-K2par-sep_e10_r034,0.9962962962962963,0.9962962962962963,0.11
1b,D3-unequal,0.25,58,D3-unequal_e25_r058,0.8798076923076923,0.8798076923076923,0.30666666666666664
1,D8-K2par-sep,0.2,34,D8-K2par-sep_e20_r034,1.0,1.0,0.2633333333333333
1,D8-K2par-sep,0.3,34,D8-K2par-sep_e30_r034,0.995260663507109,0.995260663507109,0.2966666666666667
1b,D1-K2cross,0.35,58,D1-K2cross_e35_r058,0.9336734693877551,0.9336734693877551,0.3466666666666667
1,D8-K2par-sep,0.05,34,D8-K2par-sep_e05_r034,1.0,1.0,0.06333333333333334
1,D1-K2cross,0.0,35,D1-K2cross_e00_r035,0.9066666666666666,0.9066666666666666,0.023333333333333334
1b,D3-unequal,0.35,58,D3-unequal_e35_r058,0.9175824175824175,0.9175824175824175,0.3933333333333333
1b,D4-hetero,0.25,58,D4-hetero_e25_r058,0.9282296650717703,0.9282296650717703,0.31333333333333335
1b,D3-unequal,0.3,58,D3-unequal_e30_r058,0.919047619047619,0.919047619047619,0.30333333333333334
1,D1-K2cross,0.05,35,D1-K2cross_e05_r035,0.9337979094076655,0.9337979094076655,0.056666666666666664
1b,D7-p3,0.3,55,D7-p3_e30_r055,0.8790697674418605,0.8790697674418605,0.2833333333333333
1b,D4-hetero,0.3,58,D4-hetero_e30_r058,0.9004739336492891,0.9004739336492891,0.3
1b,D7-p3,0.35,55,D7-p3_e35_r055,0.8697916666666666,0.8697916666666666,0.36
1,D1-K2cross,0.1,35,D1-K2cross_e10_r035,0.917910447761194,0.917910447761194,0.12333333333333334
1b,D4-hetero,0.35,58,D4-hetero_e35_r058,0.9157894736842105,0.9157894736842105,0.36666666666666664
1b,D7-p3,0.25,55,D7-p3_e25_r055,0.9004524886877828,0.9004524886877828,0.2733333333333333
1,D1-K2cross,0.3,35,D1-K2cross_e30_r035,0.8685446009389671,0.8685446009389671,0.29
1b,D5-leverage,0.35,58,D5-leverage_e35_r058,0.5138121546961326,0.5138121546961326,0.006666666666666667
1,D2-K3par,0.3,34,D2-K3par_e30_r034,0.693069306930693,0.693069306930693,0.17333333333333334
1b,D5-leverage,0.3,58,D5-leverage_e30_r058,0.5380952380952381,0.5380952380952381,0.006666666666666667
1b,D5-leverage,0.25,58,D5-leverage_e25_r058,0.8869565217391304,0.8869565217391304,0.23333333333333334
1,D1-K2cross,0.2,35,D1-K2cross_e20_r035,0.9214876033057852,0.9214876033057852,0.19333333333333333
1b,D6-uniform,0.25,58,D6-uniform_e25_r058,0.9120370370370371,0.9120370370370371,0.22666666666666666
1,D3-unequal,0.0,35,D3-unequal_e00_r035,0.9233333333333333,0.9233333333333333,0.01
1b,D6-uniform,0.35,58,D6-uniform_e35_r058,0.8934010152284264,0.5279187817258884,0.0
1b,D2-K3par,0.35,57,D2-K3par_e35_r057,0.6858638743455497,0.6858638743455497,0.17666666666666667
1b,D6-uniform,0.3,58,D6-uniform_e30_r058,0.9389671361502347,0.9389671361502347,0.23666666666666666
1b,D2-K3par,0.3,57,D2-K3par_e30_r057,0.660377358490566,0.660377358490566,0.10333333333333333
1,D3-unequal,0.05,35,D3-unequal_e05_r035,0.9035714285714286,0.9035714285714286,0.08
1,D7-p3,0.05,33,D7-p3_e05_r033,0.9184397163120568,0.9184397163120568,0.07666666666666666
1b,D8-K2par-sep,0.3,58,D8-K2par-sep_e30_r058,1.0,1.0,0.2733333333333333
1,D3-unequal,0.1,35,D3-unequal_e10_r035,0.9025270758122743,0.9025270758122743,0.08333333333333333
1b,D8-K2par-sep,0.25,58,D8-K2par-sep_e25_r058,1.0,1.0,0.25333333333333335
1b,D7-p3,0.25,54,D7-p3_e25_r054,0.8823529411764706,0.8823529411764706,0.2633333333333333
1,D3-unequal,0.2,35,D3-unequal_e20_r035,0.8938775510204081,0.8938775510204081,0.19
1,D4-hetero,0.0,35,D4-hetero_e00_r035,0.9033333333333333,0.9033333333333333,0.05333333333333334
1b,D8-K2par-sep,0.35,58,D8-K2par-sep_e35_r058,1.0,1.0,0.39666666666666667
1,D4-hetero,0.05,35,D4-hetero_e05_r035,0.9230769230769231,0.9230769230769231,0.06
1b,D1-K2cross,0.25,59,D1-K2cross_e25_r059,0.908256880733945,0.908256880733945,0.2733333333333333
1,D3-unequal,0.3,35,D3-unequal_e30_r035,0.8976744186046511,0.8976744186046511,0.2866666666666667
1,D4-hetero,0.2,35,D4-hetero_e20_r035,0.8842975206611571,0.8842975206611571,0.2
1b,D1-K2cross,0.3,59,D1-K2cross_e30_r059,0.9086538461538461,0.9086538461538461,0.30666666666666664
1,D7-p3,0.2,33,D7-p3_e20_r033,0.9180327868852459,0.9180327868852459,0.19
1b,D1-K2cross,0.35,59,D1-K2cross_e35_r059,0.9247311827956989,0.9247311827956989,0.38
1,D5-leverage,0.05,35,D5-leverage_e05_r035,0.9052631578947369,0.9052631578947369,0.06
1,D7-p3,0.0,33,D7-p3_e00_r033,0.93,0.93,0.01
1,D5-leverage,0.0,35,D5-leverage_e00_r035,0.93,0.93,0.03333333333333333
1,D4-hetero,0.1,35,D4-hetero_e10_r035,0.8872180451127819,0.8872180451127819,0.13
1,D5-leverage,0.1,35,D5-leverage_e10_r035,0.8905660377358491,0.8905660377358491,0.14333333333333334
1,D4-hetero,0.3,35,D4-hetero_e30_r035,0.9068627450980392,0.9068627450980392,0.3233333333333333
1,D2-K3par,0.0,35,D2-K3par_e00_r035,0.93,0.93,0.013333333333333334
1b,D7-p3,0.35,56,D7-p3_e35_r056,0.923469387755102,0.923469387755102,0.3466666666666667
1b,D3-unequal,0.25,59,D3-unequal_e25_r059,0.9094827586206896,0.9094827586206896,0.22666666666666666
1,D7-p3,0.3,33,D7-p3_e30_r033,0.8762376237623762,0.8762376237623762,0.32666666666666666
1b,D2-K3par,0.25,58,D2-K3par_e25_r058,0.9026548672566371,0.9026548672566371,0.24666666666666667
1,D5-leverage,0.2,35,D5-leverage_e20_r035,0.9135802469135802,0.9135802469135802,0.19333333333333333
1,D5-leverage,0.3,35,D5-leverage_e30_r035,0.5285714285714286,0.5285714285714286,0.06333333333333334
1,D2-K3par,0.1,35,D2-K3par_e10_r035,0.8916967509025271,0.8916967509025271,0.08333333333333333
1b,D4-hetero,0.3,59,D4-hetero_e30_r059,0.91005291005291,0.91005291005291,0.37
1b,D3-unequal,0.3,59,D3-unequal_e30_r059,0.8962264150943396,0.8962264150943396,0.29333333333333333
1,D6-uniform,0.05,35,D6-uniform_e05_r035,0.8850174216027874,0.8850174216027874,0.05333333333333334
1,D6-uniform,0.0,35,D6-uniform_e00_r035,0.9033333333333333,0.9033333333333333,0.0
1b,D3-unequal,0.35,59,D3-unequal_e35_r059,0.9282051282051282,0.9282051282051282,0.35
1,D7-p3,0.1,33,D7-p3_e10_r033,0.9084249084249084,0.9084249084249084,0.10333333333333333
1b,D4-hetero,0.25,59,D4-hetero_e25_r059,0.9260869565217391,0.9260869565217391,0.23666666666666666
1b,D7-p3,0.25,56,D7-p3_e25_r056,0.9244444444444444,0.9244444444444444,0.25333333333333335
1,D6-uniform,0.2,35,D6-uniform_e20_r035,0.925,0.925,0.17666666666666667
1b,D5-leverage,0.25,59,D5-leverage_e25_r059,0.5043103448275862,0.5043103448275862,0.04666666666666667
1,D2-K3par,0.05,35,D2-K3par_e05_r035,0.8896551724137931,0.8896551724137931,0.03666666666666667
1b,D4-hetero,0.35,59,D4-hetero_e35_r059,0.925531914893617,0.925531914893617,0.36666666666666664
1,D6-uniform,0.1,35,D6-uniform_e10_r035,0.8880597014925373,0.8880597014925373,0.11333333333333333
1b,D5-leverage,0.3,59,D5-leverage_e30_r059,0.5069124423963134,0.5069124423963134,0.06666666666666667
1b,D5-leverage,0.35,59,D5-leverage_e35_r059,0.5154639175257731,0.5154639175257731,0.01
1,D6-uniform,0.3,35,D6-uniform_e30_r035,0.5260416666666666,0.5260416666666666,0.0
1b,D6-uniform,0.25,59,D6-uniform_e25_r059,0.9409282700421941,0.9409282700421941,0.13
1b,D7-p3,0.3,56,D7-p3_e30_r056,0.9116279069767442,0.9116279069767442,0.2866666666666667
1,D8-K2par-sep,0.0,35,D8-K2par-sep_e00_r035,1.0,1.0,0.02
1b,D6-uniform,0.3,59,D6-uniform_e30_r059,0.5348837209302325,0.5348837209302325,0.03333333333333333
1,D8-K2par-sep,0.05,35,D8-K2par-sep_e05_r035,0.996415770609319,0.996415770609319,0.07333333333333333
1,D8-K2par-sep,0.1,35,D8-K2par-sep_e10_r035,1.0,1.0,0.08666666666666667
1b,D6-uniform,0.35,59,D6-uniform_e35_r059,0.5051020408163265,0.5051020408163265,0.0
1b,D8-K2par-sep,0.35,59,D8-K2par-sep_e35_r059,0.9893048128342246,0.9893048128342246,0.37666666666666665
1b,D2-K3par,0.3,58,D2-K3par_e30_r058,0.6331658291457286,0.6331658291457286,0.17
1,D1-K2cross,0.0,36,D1-K2cross_e00_r036,0.9233333333333333,0.9233333333333333,0.02666666666666667
1,D1-K2cross,0.05,36,D1-K2cross_e05_r036,0.9263157894736842,0.9263157894736842,0.056666666666666664
1b,D8-K2par-sep,0.3,59,D8-K2par-sep_e30_r059,1.0,1.0,0.36
1b,D8-K2par-sep,0.25,59,D8-K2par-sep_e25_r059,0.9954128440366973,0.9954128440366973,0.2733333333333333
1b,D1-K2cross,0.3,60,D1-K2cross_e30_r060,0.9346733668341709,0.9346733668341709,0.33666666666666667
1b,D1-K2cross,0.25,60,D1-K2cross_e25_r060,0.8475336322869955,0.8475336322869955,0.25666666666666665
1,D8-K2par-sep,0.2,35,D8-K2par-sep_e20_r035,1.0,1.0,0.19666666666666666
1b,D1-K2cross,0.35,60,D1-K2cross_e35_r060,0.918918918918919,0.918918918918919,0.38333333333333336
1,D1-K2cross,0.1,36,D1-K2cross_e10_r036,0.8955223880597015,0.8955223880597015,0.12666666666666668
1b,D2-K3par,0.35,58,D2-K3par_e35_r058,0.678391959798995,0.678391959798995,0.16333333333333333
1,D8-K2par-sep,0.3,35,D8-K2par-sep_e30_r035,1.0,1.0,0.25666666666666665
1,D2-K3par,0.2,35,D2-K3par_e20_r035,0.9047619047619048,0.9047619047619048,0.23
1,D1-K2cross,0.2,36,D1-K2cross_e20_r036,0.927038626609442,0.927038626609442,0.22333333333333333
1,D1-K2cross,0.3,36,D1-K2cross_e30_r036,0.9043062200956937,0.9043062200956937,0.30333333333333334
1b,D4-hetero,0.25,60,D4-hetero_e25_r060,0.8898678414096917,0.8898678414096917,0.24666666666666667
1b,D3-unequal,0.3,60,D3-unequal_e30_r060,0.9014084507042254,0.9014084507042254,0.29
1,D3-unequal,0.0,36,D3-unequal_e00_r036,0.92,0.92,0.02
1b,D3-unequal,0.25,60,D3-unequal_e25_r060,0.8938053097345132,0.8938053097345132,0.24666666666666667
1b,D4-hetero,0.3,60,D4-hetero_e30_r060,0.9308755760368663,0.9308755760368663,0.2866666666666667
1b,D3-unequal,0.35,60,D3-unequal_e35_r060,0.6722222222222223,0.6722222222222223,0.2
1b,D4-hetero,0.35,60,D4-hetero_e35_r060,0.905,0.905,0.33666666666666667
1b,D2-K3par,0.3,59,D2-K3par_e30_r059,0.9342105263157895,0.9342105263157895,0.24
1,D2-K3par,0.3,35,D2-K3par_e30_r035,0.6446700507614214,0.6446700507614214,0.16666666666666666
1,D3-unequal,0.1,36,D3-unequal_e10_r036,0.8819188191881919,0.8819188191881919,0.10333333333333333
1,D3-unequal,0.05,36,D3-unequal_e05_r036,0.8873239436619719,0.8873239436619719,0.06666666666666667
1b,D5-leverage,0.25,60,D5-leverage_e25_r060,0.5347826086956522,0.5347826086956522,0.10333333333333333
1b,D7-p3,0.25,57,D7-p3_e25_r057,0.9120370370370371,0.9120370370370371,0.2833333333333333
1,D3-unequal,0.2,36,D3-unequal_e20_r036,0.921161825726141,0.921161825726141,0.19666666666666666
1b,D5-leverage,0.3,60,D5-leverage_e30_r060,0.518348623853211,0.518348623853211,0.08666666666666667
1b,D6-uniform,0.3,60,D6-uniform_e30_r060,0.51010101010101,0.51010101010101,0.0
1,D4-hetero,0.0,36,D4-hetero_e00_r036,0.9033333333333333,0.9033333333333333,0.016666666666666666
1b,D5-leverage,0.35,60,D5-leverage_e35_r060,0.51,0.51,0.0
1,D7-p3,0.05,34,D7-p3_e05_r034,0.9072164948453608,0.9072164948453608,0.05333333333333334
1b,D6-uniform,0.25,60,D6-uniform_e25_r060,0.8854625550660793,0.8854625550660793,0.19
1,D4-hetero,0.05,36,D4-hetero_e05_r036,0.9295774647887324,0.9295774647887324,0.07333333333333333
1,D3-unequal,0.3,36,D3-unequal_e30_r036,0.8915094339622641,0.8915094339622641,0.2966666666666667
1b,D2-K3par,0.25,59,D2-K3par_e25_r059,0.6633663366336634,0.6633663366336634,0.16
1,D4-hetero,0.2,36,D4-hetero_e20_r036,0.9338842975206612,0.9338842975206612,0.19333333333333333
1,D4-hetero,0.1,36,D4-hetero_e10_r036,0.914179104477612,0.914179104477612,0.11333333333333333
1b,D2-K3par,0.35,59,D2-K3par_e35_r059,0.3439153439153439,0.3439153439153439,0.0
1b,D6-uniform,0.35,60,D6-uniform_e35_r060,0.5145631067961165,0.5145631067961165,0.0
1,D7-p3,0.3,34,D7-p3_e30_r034,0.8829268292682927,0.8829268292682927,0.31666666666666665
1,D5-leverage,0.1,36,D5-leverage_e10_r036,0.9014598540145985,0.9014598540145985,0.10333333333333333
1,D2-K3par,0.05,36,D2-K3par_e05_r036,0.9137931034482759,0.9137931034482759,0.03333333333333333
1,D7-p3,0.2,34,D7-p3_e20_r034,0.9330543933054394,0.9330543933054394,0.20333333333333334
1,D4-hetero,0.3,36,D4-hetero_e30_r036,0.9064039408866995,0.9064039408866995,0.32666666666666666
1,D5-leverage,0.0,36,D5-leverage_e00_r036,0.9133333333333333,0.9133333333333333,0.006666666666666667
1,D5-leverage,0.2,36,D5-leverage_e20_r036,0.9152542372881356,0.9152542372881356,0.21333333333333335
1b,D8-K2par-sep,0.35,60,D8-K2par-sep_e35_r060,1.0,1.0,0.38
1,D2-K3par,0.0,36,D2-K3par_e00_r036,0.9033333333333333,0.9033333333333333,0.0033333333333333335
1b,D8-K2par-sep,0.3,60,D8-K2par-sep_e30_r060,0.9904761904761905,0.9904761904761905,0.3
1b,D7-p3,0.3,57,D7-p3_e30_r057,0.9138755980861244,0.9138755980861244,0.30333333333333334
1,D5-leverage,0.05,36,D5-leverage_e05_r036,0.9020979020979021,0.9020979020979021,0.06
1b,D7-p3,0.35,57,D7-p3_e35_r057,0.9219512195121952,0.9219512195121952,0.3233333333333333
1b,D8-K2par-sep,0.25,60,D8-K2par-sep_e25_r060,1.0,1.0,0.28
1b,D2-K3par,0.3,60,D2-K3par_e30_r060,0.8967136150234741,0.8967136150234741,0.29
1,D5-leverage,0.3,36,D5-leverage_e30_r036,0.5919282511210763,0.5919282511210763,0.11
1,D6-uniform,0.0,36,D6-uniform_e00_r036,0.89,0.89,0.01
1b,D1-K2cross,0.25,61,D1-K2cross_e25_r061,0.9227272727272727,0.9227272727272727,0.26666666666666666
1,D6-uniform,0.05,36,D6-uniform_e05_r036,0.9151943462897526,0.9151943462897526,0.07333333333333333
1,D6-uniform,0.1,36,D6-uniform_e10_r036,0.9418181818181818,0.9418181818181818,0.08333333333333333
1,D7-p3,0.0,34,D7-p3_e00_r034,0.9033333333333333,0.9033333333333333,0.023333333333333334
1b,D1-K2cross,0.35,61,D1-K2cross_e35_r061,0.9306930693069307,0.9306930693069307,0.32666666666666666
1,D2-K3par,0.3,36,D2-K3par_e30_r036,0.9154929577464789,0.9154929577464789,0.29
1,D6-uniform,0.3,36,D6-uniform_e30_r036,0.5913461538461539,0.5913461538461539,0.0
1,D6-uniform,0.2,36,D6-uniform_e20_r036,0.891566265060241,0.891566265060241,0.16
1,D2-K3par,0.1,36,D2-K3par_e10_r036,0.7984496124031008,0.7984496124031008,0.14
1b,D1-K2cross,0.3,61,D1-K2cross_e30_r061,0.912621359223301,0.912621359223301,0.31333333333333335
1,D2-K3par,0.2,36,D2-K3par_e20_r036,0.9433198380566802,0.9433198380566802,0.17666666666666667
1b,D3-unequal,0.3,61,D3-unequal_e30_r061,0.9398148148148148,0.9398148148148148,0.28
1b,D3-unequal,0.25,61,D3-unequal_e25_r061,0.8760683760683761,0.8760683760683761,0.22333333333333333
1b,D3-unequal,0.35,61,D3-unequal_e35_r061,0.898989898989899,0.898989898989899,0.34
1b,D4-hetero,0.25,61,D4-hetero_e25_r061,0.9434782608695652,0.9434782608695652,0.23333333333333334
1,D8-K2par-sep,0.0,36,D8-K2par-sep_e00_r036,0.9966666666666667,0.9966666666666667,0.02
1b,D4-hetero,0.3,61,D4-hetero_e30_r061,0.9033816425120773,0.9033816425120773,0.3233333333333333
1b,D5-leverage,0.3,61,D5-leverage_e30_r061,0.5023255813953489,0.5023255813953489,0.006666666666666667
1b,D5-leverage,0.25,61,D5-leverage_e25_r061,0.5181818181818182,0.5181818181818182,0.12666666666666668
1b,D4-hetero,0.35,61,D4-hetero_e35_r061,0.9323671497584541,0.9323671497584541,0.31333333333333335
1,D8-K2par-sep,0.2,36,D8-K2par-sep_e20_r036,1.0,1.0,0.19
1,D8-K2par-sep,0.1,36,D8-K2par-sep_e10_r036,1.0,1.0,0.13333333333333333
1b,D5-leverage,0.35,61,D5-leverage_e35_r061,0.5492227979274611,0.5492227979274611,0.0
1b,D2-K3par,0.35,60,D2-K3par_e35_r060,0.6578947368421053,0.6578947368421053,0.19
1,D8-K2par-sep,0.05,36,D8-K2par-sep_e05_r036,1.0,1.0,0.05
1,D1-K2cross,0.0,37,D1-K2cross_e00_r037,0.8933333333333333,0.8933333333333333,0.02666666666666667
1b,D2-K3par,0.25,60,D2-K3par_e25_r060,0.660377358490566,0.660377358490566,0.15333333333333332
1b,D7-p3,0.3,58,D7-p3_e30_r058,0.9186602870813397,0.9186602870813397,0.31666666666666665
1,D8-K2par-sep,0.3,36,D8-K2par-sep_e30_r036,1.0,1.0,0.30333333333333334
1b,D6-uniform,0.35,61,D6-uniform_e35_r061,0.5024875621890548,0.5024875621890548,0.0
1,D1-K2cross,0.1,37,D1-K2cross_e10_r037,0.9219330855018587,0.9219330855018587,0.10333333333333333
1b,D6-uniform,0.3,61,D6-uniform_e30_r061,0.5047619047619047,0.5047619047619047,0.0
1b,D6-uniform,0.25,61,D6-uniform_e25_r061,0.8909090909090909,0.8909090909090909,0.21333333333333335
1b,D7-p3,0.35,58,D7-p3_e35_r058,0.9393939393939394,0.9393939393939394,0.35333333333333333
1,D1-K2cross,0.05,37,D1-K2cross_e05_r037,0.9151943462897526,0.9151943462897526,0.07
1,D1-K2cross,0.3,37,D1-K2cross_e30_r037,0.9104477611940298,0.9104477611940298,0.33
1b,D8-K2par-sep,0.35,61,D8-K2par-sep_e35_r061,1.0,1.0,0.37
1,D1-K2cross,0.2,37,D1-K2cross_e20_r037,0.8818565400843882,0.8818565400843882,0.21
1b,D8-K2par-sep,0.3,61,D8-K2par-sep_e30_r061,1.0,1.0,0.28
1b,D1-K2cross,0.3,62,D1-K2cross_e30_r062,0.8720379146919431,0.8720379146919431,0.2966666666666667
1b,D8-K2par-sep,0.25,61,D8-K2par-sep_e25_r061,0.9956896551724138,0.9956896551724138,0.22666666666666666
1b,D1-K2cross,0.35,62,D1-K2cross_e35_r062,0.9123711340206185,0.9123711340206185,0.35333333333333333
1b,D1-K2cross,0.25,62,D1-K2cross_e25_r062,0.9098712446351931,0.9098712446351931,0.22333333333333333
1,D3-unequal,0.0,37,D3-unequal_e00_r037,0.92,0.92,0.03
1,D3-unequal,0.05,37,D3-unequal_e05_r037,0.9217081850533808,0.9217081850533808,0.07333333333333333
1,D3-unequal,0.2,37,D3-unequal_e20_r037,0.9224489795918367,0.9224489795918367,0.18333333333333332
1b,D2-K3par,0.3,61,D2-K3par_e30_r061,0.919431279620853,0.919431279620853,0.2966666666666667
1,D3-unequal,0.3,37,D3-unequal_e30_r037,0.9108910891089109,0.9108910891089109,0.32666666666666666
1,D3-unequal,0.1,37,D3-unequal_e10_r037,0.9185185185185185,0.9185185185185185,0.1
1,D7-p3,0.0,35,D7-p3_e00_r035,0.9,0.9,0.02
1b,D2-K3par,0.25,61,D2-K3par_e25_r061,0.8879310344827587,0.8879310344827587,0.22666666666666666
1,D4-hetero,0.0,37,D4-hetero_e00_r037,0.9166666666666666,0.9166666666666666,0.043333333333333335
1,D4-hetero,0.05,37,D4-hetero_e05_r037,0.8896551724137931,0.8896551724137931,0.05333333333333334
1,D7-p3,0.1,35,D7-p3_e10_r035,0.939622641509434,0.939622641509434,0.13333333333333333
1,D7-p3,0.1,34,D7-p3_e10_r034,0.8949416342412452,0.8949416342412452,0.15333333333333332
1b,D7-p3,0.3,59,D7-p3_e30_r059,0.8802083333333334,0.8802083333333334,0.36333333333333334
1b,D3-unequal,0.35,62,D3-unequal_e35_r062,0.9206349206349206,0.9206349206349206,0.36333333333333334
1b,D3-unequal,0.25,62,D3-unequal_e25_r062,0.8883720930232558,0.8883720930232558,0.2833333333333333
1b,D3-unequal,0.3,62,D3-unequal_e30_r062,0.9082125603864735,0.9082125603864735,0.31666666666666665
1,D4-hetero,0.1,37,D4-hetero_e10_r037,0.9037037037037037,0.9037037037037037,0.12333333333333334
1,D7-p3,0.3,35,D7-p3_e30_r035,0.9248826291079812,0.9248826291079812,0.29
1b,D7-p3,0.25,59,D7-p3_e25_r059,0.9333333333333333,0.9333333333333333,0.25333333333333335
1b,D4-hetero,0.25,62,D4-hetero_e25_r062,0.9259259259259259,0.9259259259259259,0.29333333333333333
1,D2-K3par,0.05,37,D2-K3par_e05_r037,0.8982456140350877,0.8982456140350877,0.05333333333333334
1,D4-hetero,0.2,37,D4-hetero_e20_r037,0.8786610878661087,0.8786610878661087,0.21666666666666667
1,D5-leverage,0.0,37,D5-leverage_e00_r037,0.91,0.91,0.03666666666666667
1,D4-hetero,0.3,37,D4-hetero_e30_r037,0.9174757281553398,0.9174757281553398,0.31333333333333335
1,D2-K3par,0.0,37,D2-K3par_e00_r037,0.92,0.92,0.0033333333333333335
1,D5-leverage,0.05,37,D5-leverage_e05_r037,0.9084507042253521,0.9084507042253521,0.06333333333333334
1,D5-leverage,0.1,37,D5-leverage_e10_r037,0.9108527131782945,0.9108527131782945,0.14333333333333334
1b,D4-hetero,0.35,62,D4-hetero_e35_r062,0.5606936416184971,0.5606936416184971,0.19333333333333333
1b,D4-hetero,0.3,62,D4-hetero_e30_r062,0.9158878504672897,0.9158878504672897,0.29
1b,D5-leverage,0.3,62,D5-leverage_e30_r062,0.5169082125603864,0.5169082125603864,0.1
1b,D5-leverage,0.25,62,D5-leverage_e25_r062,0.5089285714285714,0.5089285714285714,0.10666666666666667
1,D5-leverage,0.2,37,D5-leverage_e20_r037,0.9188034188034188,0.9188034188034188,0.22
1b,D7-p3,0.35,59,D7-p3_e35_r059,0.8714285714285714,0.8714285714285714,0.30333333333333334
1b,D5-leverage,0.35,62,D5-leverage_e35_r062,0.5979899497487438,0.5979899497487438,0.03666666666666667
1,D2-K3par,0.1,37,D2-K3par_e10_r037,0.8827838827838828,0.8827838827838828,0.09
1,D5-leverage,0.3,37,D5-leverage_e30_r037,0.5395348837209303,0.5395348837209303,0.09333333333333334
1b,D6-uniform,0.3,62,D6-uniform_e30_r062,0.8837209302325582,0.8837209302325582,0.22
1b,D2-K3par,0.35,61,D2-K3par_e35_r061,0.34759358288770054,0.34759358288770054,0.0
1b,D6-uniform,0.35,62,D6-uniform_e35_r062,0.9076923076923077,0.5230769230769231,0.0
1,D6-uniform,0.0,37,D6-uniform_e00_r037,0.9,0.9,0.02
1,D6-uniform,0.1,37,D6-uniform_e10_r037,0.8989169675090253,0.8989169675090253,0.07666666666666666
1b,D7-p3,0.25,58,D7-p3_e25_r058,0.9292035398230089,0.9292035398230089,0.24666666666666667
1,D2-K3par,0.2,37,D2-K3par_e20_r037,0.9036144578313253,0.9036144578313253,0.17
1,D6-uniform,0.05,37,D6-uniform_e05_r037,0.8801369863013698,0.8801369863013698,0.043333333333333335
1,D6-uniform,0.3,37,D6-uniform_e30_r037,0.5555555555555556,0.5555555555555556,0.0
1b,D6-uniform,0.25,62,D6-uniform_e25_r062,0.8981481481481481,0.8981481481481481,0.19
1,D6-uniform,0.2,37,D6-uniform_e20_r037,0.8951612903225806,0.8951612903225806,0.17
1b,D8-K2par-sep,0.25,62,D8-K2par-sep_e25_r062,1.0,1.0,0.28
1b,D1-K2cross,0.3,63,D1-K2cross_e30_r063,0.9134615384615384,0.9134615384615384,0.30666666666666664
1b,D2-K3par,0.25,62,D2-K3par_e25_r062,0.925,0.925,0.2
1b,D8-K2par-sep,0.3,62,D8-K2par-sep_e30_r062,1.0,1.0,0.3
1b,D8-K2par-sep,0.35,62,D8-K2par-sep_e35_r062,1.0,1.0,0.36
1,D8-K2par-sep,0.0,37,D8-K2par-sep_e00_r037,0.9966666666666667,0.9966666666666667,0.013333333333333334
1b,D1-K2cross,0.35,63,D1-K2cross_e35_r063,0.9384615384615385,0.9384615384615385,0.35
1b,D1-K2cross,0.25,63,D1-K2cross_e25_r063,0.9136363636363637,0.9136363636363637,0.26666666666666666
1,D8-K2par-sep,0.05,37,D8-K2par-sep_e05_r037,1.0,1.0,0.04666666666666667
1b,D3-unequal,0.25,63,D3-unequal_e25_r063,0.9344978165938864,0.9344978165938864,0.23666666666666666
1,D8-K2par-sep,0.3,37,D8-K2par-sep_e30_r037,1.0,1.0,0.27
1,D8-K2par-sep,0.2,37,D8-K2par-sep_e20_r037,1.0,1.0,0.18
1,D8-K2par-sep,0.1,37,D8-K2par-sep_e10_r037,1.0,1.0,0.08333333333333333
1b,D3-unequal,0.3,63,D3-unequal_e30_r063,0.9315068493150684,0.9315068493150684,0.2733333333333333
1,D1-K2cross,0.0,38,D1-K2cross_e00_r038,0.8933333333333333,0.8933333333333333,0.03
1b,D4-hetero,0.35,63,D4-hetero_e35_r063,0.8963730569948186,0.8963730569948186,0.36333333333333334
1b,D3-unequal,0.35,63,D3-unequal_e35_r063,0.7333333333333333,0.7333333333333333,0.17
1b,D4-hetero,0.25,63,D4-hetero_e25_r063,0.8982300884955752,0.8982300884955752,0.25333333333333335
1,D1-K2cross,0.2,38,D1-K2cross_e20_r038,0.9146341463414634,0.9146341463414634,0.18333333333333332
1,D2-K3par,0.3,37,D2-K3par_e30_r037,0.6666666666666666,0.6666666666666666,0.11666666666666667
1,D1-K2cross,0.3,38,D1-K2cross_e30_r038,0.9271844660194175,0.9271844660194175,0.31333333333333335
1,D1-K2cross,0.1,38,D1-K2cross_e10_r038,0.9527272727272728,0.9527272727272728,0.1
1,D1-K2cross,0.05,38,D1-K2cross_e05_r038,0.9049295774647887,0.9049295774647887,0.06
1b,D4-hetero,0.3,63,D4-hetero_e30_r063,0.8930232558139535,0.8930232558139535,0.29333333333333333
1b,D5-leverage,0.25,63,D5-leverage_e25_r063,0.5044642857142857,0.5044642857142857,0.13
1b,D2-K3par,0.3,62,D2-K3par_e30_r062,0.6872037914691943,0.6872037914691943,0.13
1b,D5-leverage,0.3,63,D5-leverage_e30_r063,0.5534883720930233,0.5534883720930233,0.10333333333333333
1b,D6-uniform,0.25,63,D6-uniform_e25_r063,0.8888888888888888,0.8888888888888888,0.19333333333333333
1b,D5-leverage,0.35,63,D5-leverage_e35_r063,0.5260416666666666,0.5260416666666666,0.0033333333333333335
1b,D6-uniform,0.35,63,D6-uniform_e35_r063,0.5577889447236181,0.5577889447236181,0.0
1,D7-p3,0.05,35,D7-p3_e05_r035,0.9119718309859155,0.9119718309859155,0.07
1,D3-unequal,0.0,38,D3-unequal_e00_r038,0.9133333333333333,0.9133333333333333,0.016666666666666666
1,D7-p3,0.05,36,D7-p3_e05_r036,0.926056338028169,0.926056338028169,0.06
1b,D7-p3,0.35,60,D7-p3_e35_r060,0.934010152284264,0.934010152284264,0.3433333333333333
1b,D6-uniform,0.3,63,D6-uniform_e30_r063,0.5276381909547738,0.5276381909547738,0.0033333333333333335
1b,D2-K3par,0.35,62,D2-K3par_e35_r062,0.6894736842105263,0.6894736842105263,0.16666666666666666
1,D3-unequal,0.1,38,D3-unequal_e10_r038,0.9176029962546817,0.9176029962546817,0.12333333333333334
1,D3-unequal,0.05,38,D3-unequal_e05_r038,0.8912280701754386,0.8912280701754386,0.05333333333333334
1,D7-p3,0.2,36,D7-p3_e20_r036,0.9267241379310345,0.9267241379310345,0.25
1b,D7-p3,0.3,60,D7-p3_e30_r060,0.8935185185185185,0.8935185185185185,0.28
1,D3-unequal,0.2,38,D3-unequal_e20_r038,0.9279661016949152,0.9279661016949152,0.21333333333333335
1,D3-unequal,0.3,38,D3-unequal_e30_r038,0.9095238095238095,0.9095238095238095,0.2966666666666667
1b,D8-K2par-sep,0.25,63,D8-K2par-sep_e25_r063,0.9956140350877193,0.9956140350877193,0.24
1b,D8-K2par-sep,0.35,63,D8-K2par-sep_e35_r063,0.984375,0.984375,0.36
1b,D1-K2cross,0.25,64,D1-K2cross_e25_r064,0.908675799086758,0.908675799086758,0.27
1,D4-hetero,0.05,38,D4-hetero_e05_r038,0.9166666666666666,0.9166666666666666,0.07
1b,D1-K2cross,0.3,64,D1-K2cross_e30_r064,0.9130434782608695,0.9130434782608695,0.31
1,D4-hetero,0.0,38,D4-hetero_e00_r038,0.92,0.92,0.03333333333333333
1b,D1-K2cross,0.35,64,D1-K2cross_e35_r064,0.9411764705882353,0.9411764705882353,0.37666666666666665
1b,D8-K2par-sep,0.3,63,D8-K2par-sep_e30_r063,1.0,1.0,0.2866666666666667
1,D4-hetero,0.1,38,D4-hetero_e10_r038,0.9026217228464419,0.9026217228464419,0.14333333333333334
1,D5-leverage,0.0,38,D5-leverage_e00_r038,0.9066666666666666,0.9066666666666666,0.01
1,D4-hetero,0.2,38,D4-hetero_e20_r038,0.9156118143459916,0.9156118143459916,0.22666666666666666
1b,D2-K3par,0.3,63,D2-K3par_e30_r063,0.9004739336492891,0.9004739336492891,0.2966666666666667
1,D5-leverage,0.05,38,D5-leverage_e05_r038,0.8745644599303136,0.8745644599303136,0.04666666666666667
1,D7-p3,0.3,36,D7-p3_e30_r036,0.9238578680203046,0.9238578680203046,0.3433333333333333
1,D2-K3par,0.0,38,D2-K3par_e00_r038,0.9033333333333333,0.9033333333333333,0.0
1b,D7-p3,0.35,61,D7-p3_e35_r061,0.900523560209424,0.900523560209424,0.36333333333333334
1,D7-p3,0.2,35,D7-p3_e20_r035,0.9156626506024096,0.9156626506024096,0.19
1,D4-hetero,0.3,38,D4-hetero_e30_r038,0.9052132701421801,0.9052132701421801,0.3
1,D5-leverage,0.3,38,D5-leverage_e30_r038,0.5428571428571428,0.5428571428571428,0.08666666666666667
1,D6-uniform,0.0,38,D6-uniform_e00_r038,0.9266666666666666,0.9266666666666666,0.023333333333333334
1,D5-leverage,0.1,38,D5-leverage_e10_r038,0.9136690647482014,0.9136690647482014,0.08333333333333333
1b,D2-K3par,0.25,63,D2-K3par_e25_r063,0.6712328767123288,0.6712328767123288,0.12666666666666668
1b,D3-unequal,0.25,64,D3-unequal_e25_r064,0.9333333333333333,0.9333333333333333,0.25666666666666665
1,D2-K3par,0.1,38,D2-K3par_e10_r038,0.9090909090909091,0.9090909090909091,0.08333333333333333
1b,D3-unequal,0.35,64,D3-unequal_e35_r064,0.9238578680203046,0.9238578680203046,0.3433333333333333
1b,D4-hetero,0.25,64,D4-hetero_e25_r064,0.8942731277533039,0.8942731277533039,0.25
1b,D4-hetero,0.3,64,D4-hetero_e30_r064,0.9339622641509434,0.9339622641509434,0.3
1,D5-leverage,0.2,38,D5-leverage_e20_r038,0.5084033613445378,0.5084033613445378,0.10333333333333333
1,D2-K3par,0.05,38,D2-K3par_e05_r038,0.8932384341637011,0.8932384341637011,0.06666666666666667
1,D6-uniform,0.05,38,D6-uniform_e05_r038,0.9090909090909091,0.9090909090909091,0.05
1,D6-uniform,0.1,38,D6-uniform_e10_r038,0.92,0.92,0.09333333333333334
1,D7-p3,0.0,36,D7-p3_e00_r036,0.92,0.92,0.006666666666666667
1b,D5-leverage,0.3,64,D5-leverage_e30_r064,0.5,0.5,0.0
1,D6-uniform,0.2,38,D6-uniform_e20_r038,0.932,0.932,0.16666666666666666
1b,D4-hetero,0.35,64,D4-hetero_e35_r064,0.8756218905472637,0.8756218905472637,0.32666666666666666
1b,D3-unequal,0.3,64,D3-unequal_e30_r064,0.9215686274509803,0.9215686274509803,0.32
1,D6-uniform,0.3,38,D6-uniform_e30_r038,0.5157894736842106,0.5157894736842106,0.0
1,D2-K3par,0.3,38,D2-K3par_e30_r038,0.8894009216589862,0.8894009216589862,0.27666666666666667
1b,D5-leverage,0.35,64,D5-leverage_e35_r064,0.5482233502538071,0.5482233502538071,0.0033333333333333335
1b,D6-uniform,0.35,64,D6-uniform_e35_r064,0.5106382978723404,0.5106382978723404,0.0
1b,D6-uniform,0.3,64,D6-uniform_e30_r064,0.5911330049261084,0.5911330049261084,0.0
1,D8-K2par-sep,0.0,38,D8-K2par-sep_e00_r038,1.0,1.0,0.023333333333333334
1b,D5-leverage,0.25,64,D5-leverage_e25_r064,0.5277777777777778,0.5277777777777778,0.006666666666666667
1,D2-K3par,0.2,38,D2-K3par_e20_r038,0.9109311740890689,0.9109311740890689,0.17666666666666667
1b,D6-uniform,0.25,64,D6-uniform_e25_r064,0.9272727272727272,0.9272727272727272,0.21666666666666667
1b,D2-K3par,0.35,63,D2-K3par_e35_r063,0.6584158415841584,0.6584158415841584,0.16
1,D8-K2par-sep,0.05,38,D8-K2par-sep_e05_r038,1.0,1.0,0.03666666666666667
1,D8-K2par-sep,0.3,38,D8-K2par-sep_e30_r038,1.0,1.0,0.3433333333333333
1b,D8-K2par-sep,0.3,64,D8-K2par-sep_e30_r064,1.0,1.0,0.29333333333333333
1,D1-K2cross,0.0,39,D1-K2cross_e00_r039,0.9066666666666666,0.9066666666666666,0.01
1,D8-K2par-sep,0.2,38,D8-K2par-sep_e20_r038,1.0,1.0,0.21
1,D8-K2par-sep,0.1,38,D8-K2par-sep_e10_r038,0.9962406015037594,0.9962406015037594,0.11666666666666667
1b,D8-K2par-sep,0.35,64,D8-K2par-sep_e35_r064,1.0,1.0,0.38
1b,D1-K2cross,0.3,65,D1-K2cross_e30_r065,0.8985507246376812,0.8985507246376812,0.31
1b,D8-K2par-sep,0.25,64,D8-K2par-sep_e25_r064,1.0,1.0,0.20666666666666667
1,D1-K2cross,0.1,39,D1-K2cross_e10_r039,0.8892988929889298,0.8892988929889298,0.10666666666666667
1b,D2-K3par,0.3,64,D2-K3par_e30_r064,0.9027777777777778,0.9027777777777778,0.28
1b,D1-K2cross,0.25,65,D1-K2cross_e25_r065,0.9126637554585153,0.9126637554585153,0.23666666666666666
1b,D7-p3,0.25,60,D7-p3_e25_r060,0.9118942731277533,0.9118942731277533,0.24666666666666667
1,D1-K2cross,0.05,39,D1-K2cross_e05_r039,0.896797153024911,0.896797153024911,0.08666666666666667
1,D7-p3,0.1,36,D7-p3_e10_r036,0.9077490774907749,0.9077490774907749,0.1
1b,D1-K2cross,0.35,65,D1-K2cross_e35_r065,0.8947368421052632,0.8947368421052632,0.4266666666666667
1,D1-K2cross,0.2,39,D1-K2cross_e20_r039,0.8771186440677966,0.8771186440677966,0.21333333333333335
1b,D2-K3par,0.25,64,D2-K3par_e25_r064,0.890295358649789,0.890295358649789,0.21
1b,D3-unequal,0.35,65,D3-unequal_e35_r065,0.9122807017543859,0.9122807017543859,0.43
1,D1-K2cross,0.3,39,D1-K2cross_e30_r039,0.9166666666666666,0.9166666666666666,0.32
1b,D3-unequal,0.25,65,D3-unequal_e25_r065,0.9118942731277533,0.9118942731277533,0.24333333333333335
1,D3-unequal,0.0,39,D3-unequal_e00_r039,0.8966666666666666,0.8966666666666666,0.016666666666666666
1b,D4-hetero,0.3,65,D4-hetero_e30_r065,0.926829268292683,0.926829268292683,0.32
1b,D4-hetero,0.25,65,D4-hetero_e25_r065,0.9090909090909091,0.9090909090909091,0.27
1b,D3-unequal,0.3,65,D3-unequal_e30_r065,0.935,0.935,0.3333333333333333
1b,D7-p3,0.35,62,D7-p3_e35_r062,0.8817204301075269,0.8817204301075269,0.38
1b,D4-hetero,0.35,65,D4-hetero_e35_r065,0.9264705882352942,0.9264705882352942,0.3333333333333333
1,D3-unequal,0.05,39,D3-unequal_e05_r039,0.9257950530035336,0.9257950530035336,0.056666666666666664
1b,D5-leverage,0.25,65,D5-leverage_e25_r065,0.8986784140969163,0.8986784140969163,0.24666666666666667
1,D3-unequal,0.1,39,D3-unequal_e10_r039,0.8821292775665399,0.8821292775665399,0.13
1b,D7-p3,0.25,62,D7-p3_e25_r062,0.9213973799126638,0.9213973799126638,0.23666666666666666
1b,D5-leverage,0.3,65,D5-leverage_e30_r065,0.5229357798165137,0.5229357798165137,0.08666666666666667
1,D3-unequal,0.2,39,D3-unequal_e20_r039,0.9387755102040817,0.9387755102040817,0.18333333333333332
1,D4-hetero,0.0,39,D4-hetero_e00_r039,0.91,0.91,0.03666666666666667
1,D3-unequal,0.3,39,D3-unequal_e30_r039,0.9140271493212669,0.9140271493212669,0.2633333333333333
1,D4-hetero,0.05,39,D4-hetero_e05_r039,0.9247311827956989,0.9247311827956989,0.08666666666666667
1b,D5-leverage,0.35,65,D5-leverage_e35_r065,0.5329949238578681,0.5329949238578681,0.016666666666666666
1b,D7-p3,0.3,62,D7-p3_e30_r062,0.9112149532710281,0.9112149532710281,0.2866666666666667
1,D7-p3,0.3,37,D7-p3_e30_r037,0.9013452914798207,0.9013452914798207,0.26
1b,D7-p3,0.3,61,D7-p3_e30_r061,0.8703703703703703,0.8703703703703703,0.28
1b,D6-uniform,0.25,65,D6-uniform_e25_r065,0.5,0.5,0.0
1,D7-p3,0.0,37,D7-p3_e00_r037,0.91,0.91,0.05
1,D7-p3,0.05,37,D7-p3_e05_r037,0.9072164948453608,0.9072164948453608,0.06
1b,D6-uniform,0.35,65,D6-uniform_e35_r065,0.515,0.515,0.0
1b,D6-uniform,0.3,65,D6-uniform_e30_r065,0.912621359223301,0.912621359223301,0.21
1b,D7-p3,0.25,61,D7-p3_e25_r061,0.9039301310043668,0.9039301310043668,0.25333333333333335
1b,D2-K3par,0.35,64,D2-K3par_e35_r064,0.6700507614213198,0.6700507614213198,0.19333333333333333
1,D4-hetero,0.1,39,D4-hetero_e10_r039,0.8970588235294118,0.8970588235294118,0.13333333333333333
1,D4-hetero,0.2,39,D4-hetero_e20_r039,0.9103139013452914,0.9103139013452914,0.26
1,D2-K3par,0.0,39,D2-K3par_e00_r039,0.8966666666666666,0.8966666666666666,0.016666666666666666
1,D5-leverage,0.0,39,D5-leverage_e00_r039,0.9066666666666666,0.9066666666666666,0.03666666666666667
1,D5-leverage,0.05,39,D5-leverage_e05_r039,0.9014084507042254,0.9014084507042254,0.056666666666666664
1,D5-leverage,0.1,39,D5-leverage_e10_r039,0.9074074074074074,0.9074074074074074,0.10333333333333333
1,D5-leverage,0.2,39,D5-leverage_e20_r039,0.5234042553191489,0.5234042553191489,0.08666666666666667
1,D7-p3,0.2,37,D7-p3_e20_r037,0.8987341772151899,0.8987341772151899,0.21
1,D4-hetero,0.3,39,D4-hetero_e30_r039,0.9004739336492891,0.9004739336492891,0.30333333333333334
1,D6-uniform,0.05,39,D6-uniform_e05_r039,0.9163763066202091,0.9163763066202091,0.04666666666666667
1b,D8-K2par-sep,0.3,65,D8-K2par-sep_e30_r065,1.0,1.0,0.28
1,D2-K3par,0.05,39,D2-K3par_e05_r039,0.9014084507042254,0.9014084507042254,0.056666666666666664
1b,D1-K2cross,0.3,66,D1-K2cross_e30_r066,0.8925233644859814,0.8925233644859814,0.2866666666666667
1,D6-uniform,0.1,39,D6-uniform_e10_r039,0.9194139194139194,0.9194139194139194,0.09
1,D5-leverage,0.3,39,D5-leverage_e30_r039,0.5209302325581395,0.5209302325581395,0.12666666666666668
1,D6-uniform,0.0,39,D6-uniform_e00_r039,0.92,0.92,0.05333333333333334
1b,D8-K2par-sep,0.35,65,D8-K2par-sep_e35_r065,1.0,1.0,0.32666666666666666
1b,D1-K2cross,0.25,66,D1-K2cross_e25_r066,0.8888888888888888,0.8888888888888888,0.19666666666666666
1b,D8-K2par-sep,0.25,65,D8-K2par-sep_e25_r065,1.0,1.0,0.22333333333333333
1b,D1-K2cross,0.35,66,D1-K2cross_e35_r066,0.9108910891089109,0.9108910891089109,0.32666666666666666
1,D6-uniform,0.2,39,D6-uniform_e20_r039,0.916,0.916,0.16
1b,D2-K3par,0.35,65,D2-K3par_e35_r065,0.8663594470046083,0.8663594470046083,0.27666666666666667
1,D6-uniform,0.3,39,D6-uniform_e30_r039,0.9339622641509434,0.9339622641509434,0.2
1,D2-K3par,0.1,39,D2-K3par_e10_r039,0.9227941176470589,0.9227941176470589,0.09666666666666666
1,D2-K3par,0.2,39,D2-K3par_e20_r039,0.8636363636363636,0.8636363636363636,0.19333333333333333
1b,D3-unequal,0.3,66,D3-unequal_e30_r066,0.9279279279279279,0.9279279279279279,0.26
1b,D4-hetero,0.35,66,D4-hetero_e35_r066,0.9203980099502488,0.9203980099502488,0.33666666666666667
1,D8-K2par-sep,0.0,39,D8-K2par-sep_e00_r039,1.0,1.0,0.016666666666666666
1b,D5-leverage,0.25,66,D5-leverage_e25_r066,0.5560344827586207,0.5560344827586207,0.08
1,D8-K2par-sep,0.1,39,D8-K2par-sep_e10_r039,0.988929889298893,0.988929889298893,0.09666666666666666
1b,D3-unequal,0.35,66,D3-unequal_e35_r066,0.7474226804123711,0.7474226804123711,0.23333333333333334
1b,D3-unequal,0.25,66,D3-unequal_e25_r066,0.9191489361702128,0.9191489361702128,0.21666666666666667
1b,D5-leverage,0.3,66,D5-leverage_e30_r066,0.5639810426540285,0.5639810426540285,0.09666666666666666
1,D2-K3par,0.3,39,D2-K3par_e30_r039,0.9321266968325792,0.9321266968325792,0.2633333333333333
1,D8-K2par-sep,0.05,39,D8-K2par-sep_e05_r039,1.0,1.0,0.05333333333333334
1b,D4-hetero,0.3,66,D4-hetero_e30_r066,0.9264705882352942,0.9264705882352942,0.3333333333333333
1b,D7-p3,0.35,63,D7-p3_e35_r063,0.8961748633879781,0.8961748633879781,0.39
1b,D4-hetero,0.25,66,D4-hetero_e25_r066,0.8903508771929824,0.8903508771929824,0.24666666666666667
1b,D5-leverage,0.35,66,D5-leverage_e35_r066,0.5577889447236181,0.5577889447236181,0.01
1b,D2-K3par,0.25,65,D2-K3par_e25_r065,0.9272727272727272,0.9272727272727272,0.26666666666666666
1,D8-K2par-sep,0.2,39,D8-K2par-sep_e20_r039,1.0,1.0,0.19
1,D8-K2par-sep,0.3,39,D8-K2par-sep_e30_r039,1.0,1.0,0.32
1b,D7-p3,0.25,63,D7-p3_e25_r063,0.9237668161434978,0.9237668161434978,0.27
1b,D6-uniform,0.25,66,D6-uniform_e25_r066,0.9022222222222223,0.9022222222222223,0.22333333333333333
1,D1-K2cross,0.0,40,D1-K2cross_e00_r040,0.9033333333333333,0.9033333333333333,0.03
1,D1-K2cross,0.05,40,D1-K2cross_e05_r040,0.916955017301038,0.916955017301038,0.05
1,D1-K2cross,0.1,40,D1-K2cross_e10_r040,0.895910780669145,0.895910780669145,0.10666666666666667
1b,D7-p3,0.3,63,D7-p3_e30_r063,0.9471153846153846,0.9471153846153846,0.30666666666666664
1,D1-K2cross,0.3,40,D1-K2cross_e30_r040,0.8853211009174312,0.8853211009174312,0.2733333333333333
1b,D6-uniform,0.35,66,D6-uniform_e35_r066,0.5025641025641026,0.5025641025641026,0.0
1,D1-K2cross,0.2,40,D1-K2cross_e20_r040,0.8974358974358975,0.8974358974358975,0.22333333333333333
1b,D8-K2par-sep,0.3,66,D8-K2par-sep_e30_r066,1.0,1.0,0.33
1b,D6-uniform,0.3,66,D6-uniform_e30_r066,0.5,0.5,0.0
1b,D8-K2par-sep,0.35,66,D8-K2par-sep_e35_r066,1.0,1.0,0.3933333333333333
1b,D2-K3par,0.3,65,D2-K3par_e30_r065,0.6519607843137255,0.3480392156862745,0.0033333333333333335
1b,D8-K2par-sep,0.25,66,D8-K2par-sep_e25_r066,1.0,1.0,0.2633333333333333
1b,D1-K2cross,0.25,67,D1-K2cross_e25_r067,0.9070796460176991,0.9070796460176991,0.24666666666666667
1,D3-unequal,0.05,40,D3-unequal_e05_r040,0.9187279151943463,0.9187279151943463,0.08
1,D3-unequal,0.0,40,D3-unequal_e00_r040,0.8933333333333333,0.8933333333333333,0.016666666666666666
1b,D1-K2cross,0.3,67,D1-K2cross_e30_r067,0.910377358490566,0.910377358490566,0.29333333333333333
1b,D1-K2cross,0.35,67,D1-K2cross_e35_r067,0.9353233830845771,0.9353233830845771,0.33
1,D3-unequal,0.1,40,D3-unequal_e10_r040,0.8955223880597015,0.8955223880597015,0.10666666666666667
1,D3-unequal,0.2,40,D3-unequal_e20_r040,0.9109311740890689,0.9109311740890689,0.18333333333333332
1,D7-p3,0.1,37,D7-p3_e10_r037,0.9084249084249084,0.9084249084249084,0.09333333333333334
1b,D3-unequal,0.25,67,D3-unequal_e25_r067,0.9466666666666667,0.9466666666666667,0.25
1,D4-hetero,0.0,40,D4-hetero_e00_r040,0.9233333333333333,0.9233333333333333,0.023333333333333334
1,D3-unequal,0.3,40,D3-unequal_e30_r040,0.9113300492610837,0.9113300492610837,0.32666666666666666
1,D4-hetero,0.05,40,D4-hetero_e05_r040,0.910958904109589,0.910958904109589,0.04666666666666667
1b,D2-K3par,0.25,66,D2-K3par_e25_r066,0.8706896551724138,0.8706896551724138,0.22666666666666666
1,D7-p3,0.2,38,D7-p3_e20_r038,0.9094827586206896,0.9094827586206896,0.22666666666666666
1,D7-p3,0.05,38,D7-p3_e05_r038,0.90625,0.90625,0.05
1b,D3-unequal,0.3,67,D3-unequal_e30_r067,0.8942307692307693,0.8942307692307693,0.31
1,D7-p3,0.1,38,D7-p3_e10_r038,0.8868613138686131,0.8868613138686131,0.09666666666666666
1b,D3-unequal,0.35,67,D3-unequal_e35_r067,0.9381443298969072,0.9381443298969072,0.3566666666666667
1b,D4-hetero,0.35,67,D4-hetero_e35_r067,0.9206349206349206,0.9206349206349206,0.37
1b,D4-hetero,0.25,67,D4-hetero_e25_r067,0.9184549356223176,0.9184549356223176,0.23666666666666666
1,D4-hetero,0.2,40,D4-hetero_e20_r040,0.9012875536480687,0.9012875536480687,0.23333333333333334
1b,D4-hetero,0.3,67,D4-hetero_e30_r067,0.916256157635468,0.916256157635468,0.3233333333333333
1,D5-leverage,0.05,40,D5-leverage_e05_r040,0.9157894736842105,0.9157894736842105,0.05
1b,D5-leverage,0.25,67,D5-leverage_e25_r067,0.5,0.5,0.08
1,D2-K3par,0.0,40,D2-K3par_e00_r040,0.91,0.91,0.0033333333333333335
1b,D7-p3,0.25,64,D7-p3_e25_r064,0.8959276018099548,0.8959276018099548,0.2633333333333333
1,D4-hetero,0.1,40,D4-hetero_e10_r040,0.924812030075188,0.924812030075188,0.13
1b,D2-K3par,0.3,66,D2-K3par_e30_r066,0.8651162790697674,0.8651162790697674,0.2833333333333333
1,D4-hetero,0.3,40,D4-hetero_e30_r040,0.8725490196078431,0.8725490196078431,0.3233333333333333
1,D5-leverage,0.2,40,D5-leverage_e20_r040,0.937007874015748,0.937007874015748,0.15333333333333332
1,D2-K3par,0.05,40,D2-K3par_e05_r040,0.9017543859649123,0.9017543859649123,0.05333333333333334
1,D5-leverage,0.0,40,D5-leverage_e00_r040,0.93,0.93,0.03333333333333333
1b,D5-leverage,0.3,67,D5-leverage_e30_r067,0.5205479452054794,0.5205479452054794,0.06666666666666667
1b,D5-leverage,0.35,67,D5-leverage_e35_r067,0.5219512195121951,0.5219512195121951,0.0033333333333333335
1,D2-K3par,0.1,40,D2-K3par_e10_r040,0.8807692307692307,0.8807692307692307,0.13333333333333333
1b,D7-p3,0.35,64,D7-p3_e35_r064,0.9310344827586207,0.9310344827586207,0.3233333333333333
1,D5-leverage,0.1,40,D5-leverage_e10_r040,0.9070631970260223,0.9070631970260223,0.11333333333333333
1,D5-leverage,0.3,40,D5-leverage_e30_r040,0.5070422535211268,0.5070422535211268,0.02666666666666667
1b,D6-uniform,0.25,67,D6-uniform_e25_r067,0.8808510638297873,0.8808510638297873,0.18666666666666668
1,D6-uniform,0.0,40,D6-uniform_e00_r040,0.9366666666666666,0.9366666666666666,0.023333333333333334
1b,D6-uniform,0.3,67,D6-uniform_e30_r067,0.9082125603864735,0.9082125603864735,0.18333333333333332
1b,D2-K3par,0.35,66,D2-K3par_e35_r066,0.34972677595628415,0.34972677595628415,0.0
1b,D6-uniform,0.35,67,D6-uniform_e35_r067,0.5024875621890548,0.5024875621890548,0.0
1,D7-p3,0.3,38,D7-p3_e30_r038,0.933649289099526,0.933649289099526,0.3
1b,D7-p3,0.3,64,D7-p3_e30_r064,0.8873239436619719,0.8873239436619719,0.29
1b,D8-K2par-sep,0.25,67,D8-K2par-sep_e25_r067,1.0,1.0,0.21333333333333335
1,D6-uniform,0.1,40,D6-uniform_e10_r040,0.8913043478260869,0.8913043478260869,0.08666666666666667
1,D6-uniform,0.3,40,D6-uniform_e30_r040,0.9389671361502347,0.9389671361502347,0.21333333333333335
1,D6-uniform,0.05,40,D6-uniform_e05_r040,0.9263157894736842,0.9263157894736842,0.06
1b,D1-K2cross,0.3,68,D1-K2cross_e30_r068,0.9411764705882353,0.9411764705882353,0.32
1,D6-uniform,0.2,40,D6-uniform_e20_r040,0.8628318584070797,0.8628318584070797,0.15
1b,D1-K2cross,0.25,68,D1-K2cross_e25_r068,0.9251101321585903,0.9251101321585903,0.24333333333333335
1b,D8-K2par-sep,0.35,67,D8-K2par-sep_e35_r067,1.0,1.0,0.33666666666666667
1,D8-K2par-sep,0.0,40,D8-K2par-sep_e00_r040,1.0,1.0,0.01
1,D2-K3par,0.2,40,D2-K3par_e20_r040,0.9422222222222222,0.9422222222222222,0.25
1b,D8-K2par-sep,0.3,67,D8-K2par-sep_e30_r067,1.0,1.0,0.28
1,D8-K2par-sep,0.05,40,D8-K2par-sep_e05_r040,1.0,1.0,0.06666666666666667
1b,D2-K3par,0.25,67,D2-K3par_e25_r067,0.875,0.875,0.25333333333333335
1b,D1-K2cross,0.35,68,D1-K2cross_e35_r068,0.9076923076923077,0.9076923076923077,0.35
1,D8-K2par-sep,0.1,40,D8-K2par-sep_e10_r040,0.9963369963369964,0.9963369963369964,0.09666666666666666
1b,D3-unequal,0.25,68,D3-unequal_e25_r068,0.9162790697674419,0.9162790697674419,0.2866666666666667
1,D8-K2par-sep,0.2,40,D8-K2par-sep_e20_r040,1.0,1.0,0.19
1,D2-K3par,0.3,40,D2-K3par_e30_r040,0.7219730941704036,0.7219730941704036,0.13
1,D8-K2par-sep,0.3,40,D8-K2par-sep_e30_r040,0.995260663507109,0.995260663507109,0.2966666666666667
1b,D3-unequal,0.3,68,D3-unequal_e30_r068,0.8959276018099548,0.8959276018099548,0.2633333333333333
1,D1-K2cross,0.0,41,D1-K2cross_e00_r041,0.9233333333333333,0.9233333333333333,0.006666666666666667
1b,D4-hetero,0.25,68,D4-hetero_e25_r068,0.9276018099547512,0.9276018099547512,0.27
1b,D4-hetero,0.3,68,D4-hetero_e30_r068,0.9313725490196079,0.9313725490196079,0.3233333333333333
1,D1-K2cross,0.05,41,D1-K2cross_e05_r041,0.8996539792387543,0.8996539792387543,0.06
1,D1-K2cross,0.1,41,D1-K2cross_e10_r041,0.9080882352941176,0.9080882352941176,0.09666666666666666
1b,D3-unequal,0.35,68,D3-unequal_e35_r068,0.91,0.91,0.3333333333333333
1b,D4-hetero,0.35,68,D4-hetero_e35_r068,0.5714285714285714,0.5714285714285714,0.17333333333333334
1b,D5-leverage,0.25,68,D5-leverage_e25_r068,0.5294117647058824,0.5294117647058824,0.10666666666666667
1,D1-K2cross,0.2,41,D1-K2cross_e20_r041,0.9090909090909091,0.9090909090909091,0.19333333333333333
1b,D2-K3par,0.3,67,D2-K3par_e30_r067,0.8657407407407407,0.8657407407407407,0.28
1b,D5-leverage,0.35,68,D5-leverage_e35_r068,0.5194174757281553,0.5194174757281553,0.016666666666666666
1b,D5-leverage,0.3,68,D5-leverage_e30_r068,0.5137614678899083,0.5137614678899083,0.04
1b,D6-uniform,0.3,68,D6-uniform_e30_r068,0.5450236966824644,0.5450236966824644,0.0
1,D1-K2cross,0.3,41,D1-K2cross_e30_r041,0.9009433962264151,0.9009433962264151,0.29333333333333333
1b,D6-uniform,0.35,68,D6-uniform_e35_r068,0.5384615384615384,0.5384615384615384,0.0
1b,D7-p3,0.35,65,D7-p3_e35_r065,0.900497512437811,0.900497512437811,0.35333333333333333
1b,D7-p3,0.25,65,D7-p3_e25_r065,0.9013452914798207,0.9013452914798207,0.26
1b,D2-K3par,0.35,67,D2-K3par_e35_r067,0.7244897959183674,0.7244897959183674,0.16666666666666666
1b,D6-uniform,0.25,68,D6-uniform_e25_r068,0.5486725663716814,0.5486725663716814,0.0
1,D7-p3,0.0,38,D7-p3_e00_r038,0.8733333333333333,0.8733333333333333,0.04666666666666667
1,D3-unequal,0.0,41,D3-unequal_e00_r041,0.9266666666666666,0.9266666666666666,0.0033333333333333335
1b,D8-K2par-sep,0.35,68,D8-K2par-sep_e35_r068,1.0,1.0,0.34
1,D3-unequal,0.3,41,D3-unequal_e30_r041,0.9289099526066351,0.9289099526066351,0.3
1,D7-p3,0.2,39,D7-p3_e20_r039,0.905982905982906,0.905982905982906,0.22333333333333333
1b,D8-K2par-sep,0.25,68,D8-K2par-sep_e25_r068,1.0,1.0,0.27
1b,D8-K2par-sep,0.3,68,D8-K2par-sep_e30_r068,1.0,1.0,0.30333333333333334
1,D4-hetero,0.0,41,D4-hetero_e00_r041,0.9,0.9,0.02
1,D3-unequal,0.1,41,D3-unequal_e10_r041,0.9185185185185185,0.9185185185185185,0.1
1,D3-unequal,0.05,41,D3-unequal_e05_r041,0.9184397163120568,0.9184397163120568,0.07666666666666666
1,D4-hetero,0.1,41,D4-hetero_e10_r041,0.9074074074074074,0.9074074074074074,0.12
1b,D2-K3par,0.3,68,D2-K3par_e30_r068,0.9227272727272727,0.9227272727272727,0.26666666666666666
1,D4-hetero,0.05,41,D4-hetero_e05_r041,0.8683274021352313,0.8683274021352313,0.08666666666666667
1b,D1-K2cross,0.3,69,D1-K2cross_e30_r069,0.8926829268292683,0.8926829268292683,0.31666666666666665
1b,D1-K2cross,0.25,69,D1-K2cross_e25_r069,0.8940677966101694,0.8940677966101694,0.21333333333333335
1,D3-unequal,0.2,41,D3-unequal_e20_r041,0.9109311740890689,0.9109311740890689,0.18
1,D4-hetero,0.2,41,D4-hetero_e20_r041,0.9094827586206896,0.9094827586206896,0.24333333333333335
1,D7-p3,0.3,39,D7-p3_e30_r039,0.9067357512953368,0.9067357512953368,0.3566666666666667
1b,D1-K2cross,0.35,69,D1-K2cross_e35_r069,0.9197860962566845,0.9197860962566845,0.37666666666666665
1,D5-leverage,0.05,41,D5-leverage_e05_r041,0.9375,0.9375,0.056666666666666664
1,D7-p3,0.0,39,D7-p3_e00_r039,0.9266666666666666,0.9266666666666666,0.013333333333333334
1,D4-hetero,0.3,41,D4-hetero_e30_r041,0.8785046728971962,0.8785046728971962,0.29333333333333333
1,D5-leverage,0.1,41,D5-leverage_e10_r041,0.8909774436090225,0.8909774436090225,0.12666666666666668
1b,D2-K3par,0.25,68,D2-K3par_e25_r068,0.8772727272727273,0.8772727272727273,0.26666666666666666
1,D7-p3,0.05,39,D7-p3_e05_r039,0.8939929328621908,0.8939929328621908,0.06333333333333334
1,D5-leverage,0.0,41,D5-leverage_e00_r041,0.8833333333333333,0.8833333333333333,0.006666666666666667
1,D5-leverage,0.3,41,D5-leverage_e30_r041,0.5321100917431193,0.5321100917431193,0.14
1,D2-K3par,0.05,41,D2-K3par_e05_r041,0.9110320284697508,0.9110320284697508,0.06666666666666667
1,D5-leverage,0.2,41,D5-leverage_e20_r041,0.889795918367347,0.889795918367347,0.18666666666666668
1,D6-uniform,0.0,41,D6-uniform_e00_r041,0.89,0.89,0.016666666666666666
1,D2-K3par,0.0,41,D2-K3par_e00_r041,0.94,0.94,0.0033333333333333335
1b,D3-unequal,0.3,69,D3-unequal_e30_r069,0.8773584905660378,0.8773584905660378,0.29333333333333333
1b,D3-unequal,0.25,69,D3-unequal_e25_r069,0.9008620689655172,0.9008620689655172,0.22666666666666666
1b,D3-unequal,0.35,69,D3-unequal_e35_r069,0.9195402298850575,0.9195402298850575,0.41
1b,D7-p3,0.35,66,D7-p3_e35_r066,0.9067357512953368,0.9067357512953368,0.36
1,D2-K3par,0.2,41,D2-K3par_e20_r041,0.9311740890688259,0.9311740890688259,0.17666666666666667
1b,D4-hetero,0.35,69,D4-hetero_e35_r069,0.9121951219512195,0.9121951219512195,0.32
1,D2-K3par,0.1,41,D2-K3par_e10_r041,0.9120879120879121,0.9120879120879121,0.09
1b,D4-hetero,0.25,69,D4-hetero_e25_r069,0.9318181818181818,0.9318181818181818,0.26666666666666666
1b,D5-leverage,0.25,69,D5-leverage_e25_r069,0.9319148936170213,0.9319148936170213,0.22333333333333333
1,D6-uniform,0.1,41,D6-uniform_e10_r041,0.9054545454545454,0.9054545454545454,0.1
1,D6-uniform,0.05,41,D6-uniform_e05_r041,0.8873239436619719,0.8873239436619719,0.05333333333333334
1b,D5-leverage,0.35,69,D5-leverage_e35_r069,0.5025125628140703,0.5025125628140703,0.02
1,D6-uniform,0.2,41,D6-uniform_e20_r041,0.926530612244898,0.926530612244898,0.15333333333333332
1,D6-uniform,0.3,41,D6-uniform_e30_r041,0.5153061224489796,0.5153061224489796,0.0
1b,D6-uniform,0.25,69,D6-uniform_e25_r069,0.9424778761061947,0.9424778761061947,0.16333333333333333
1b,D4-hetero,0.3,69,D4-hetero_e30_r069,0.9054054054054054,0.9054054054054054,0.26
1b,D5-leverage,0.3,69,D5-leverage_e30_r069,0.5424528301886793,0.5424528301886793,0.05333333333333334
1b,D7-p3,0.3,65,D7-p3_e30_r065,0.9047619047619048,0.9047619047619048,0.3
1b,D6-uniform,0.3,69,D6-uniform_e30_r069,0.5373134328358209,0.5373134328358209,0.0
1b,D2-K3par,0.35,68,D2-K3par_e35_r068,0.3617021276595745,0.3617021276595745,0.0
1b,D7-p3,0.3,66,D7-p3_e30_r066,0.9023255813953488,0.9023255813953488,0.2866666666666667
1b,D6-uniform,0.35,69,D6-uniform_e35_r069,0.5174129353233831,0.5174129353233831,0.0
1b,D7-p3,0.25,66,D7-p3_e25_r066,0.9032258064516129,0.9032258064516129,0.2833333333333333
1,D8-K2par-sep,0.0,41,D8-K2par-sep_e00_r041,1.0,1.0,0.006666666666666667
1,D8-K2par-sep,0.05,41,D8-K2par-sep_e05_r041,0.99644128113879,0.99644128113879,0.07333333333333333
1,D8-K2par-sep,0.1,41,D8-K2par-sep_e10_r041,0.9962825278810409,0.9962825278810409,0.11
1b,D8-K2par-sep,0.35,69,D8-K2par-sep_e35_r069,1.0,1.0,0.3466666666666667
1,D2-K3par,0.3,41,D2-K3par_e30_r041,0.9178082191780822,0.9178082191780822,0.27
1,D8-K2par-sep,0.2,41,D8-K2par-sep_e20_r041,0.9956709956709957,0.9956709956709957,0.23333333333333334
1,D8-K2par-sep,0.3,41,D8-K2par-sep_e30_r041,1.0,1.0,0.3233333333333333
1b,D8-K2par-sep,0.25,69,D8-K2par-sep_e25_r069,1.0,1.0,0.22666666666666666
1b,D1-K2cross,0.35,70,D1-K2cross_e35_r070,0.8947368421052632,0.8947368421052632,0.36666666666666664
1,D1-K2cross,0.0,42,D1-K2cross_e00_r042,0.91,0.91,0.01
1,D1-K2cross,0.05,42,D1-K2cross_e05_r042,0.9049295774647887,0.9049295774647887,0.06
1b,D8-K2par-sep,0.3,69,D8-K2par-sep_e30_r069,1.0,1.0,0.2966666666666667
1b,D2-K3par,0.25,69,D2-K3par_e25_r069,0.9049586776859504,0.9049586776859504,0.19333333333333333
1,D1-K2cross,0.2,42,D1-K2cross_e20_r042,0.9385245901639344,0.9385245901639344,0.19
1b,D1-K2cross,0.25,70,D1-K2cross_e25_r070,0.9173913043478261,0.9173913043478261,0.23666666666666666
1b,D1-K2cross,0.3,70,D1-K2cross_e30_r070,0.9082125603864735,0.9082125603864735,0.31
1,D1-K2cross,0.3,42,D1-K2cross_e30_r042,0.926829268292683,0.926829268292683,0.31666666666666665
1,D1-K2cross,0.1,42,D1-K2cross_e10_r042,0.9003690036900369,0.9003690036900369,0.10666666666666667
1b,D3-unequal,0.25,70,D3-unequal_e25_r070,0.9192825112107623,0.9192825112107623,0.25666666666666665
1b,D4-hetero,0.35,70,D4-hetero_e35_r070,0.9139784946236559,0.9139784946236559,0.37666666666666665
1,D3-unequal,0.0,42,D3-unequal_e00_r042,0.9233333333333333,0.9233333333333333,0.016666666666666666
1b,D7-p3,0.35,67,D7-p3_e35_r067,0.86,0.86,0.3333333333333333
1b,D3-unequal,0.35,70,D3-unequal_e35_r070,0.9356435643564357,0.9356435643564357,0.32666666666666666
1,D3-unequal,0.05,42,D3-unequal_e05_r042,0.9136690647482014,0.9136690647482014,0.08333333333333333
1b,D4-hetero,0.25,70,D4-hetero_e25_r070,0.8744588744588745,0.8744588744588745,0.24
1b,D3-unequal,0.3,70,D3-unequal_e30_r070,0.9234449760765551,0.9234449760765551,0.30666666666666664
1,D7-p3,0.1,39,D7-p3_e10_r039,0.8698884758364313,0.8698884758364313,0.12333333333333334
1,D3-unequal,0.1,42,D3-unequal_e10_r042,0.8812949640287769,0.8812949640287769,0.09666666666666666
1b,D5-leverage,0.25,70,D5-leverage_e25_r070,0.5116279069767442,0.5116279069767442,0.0033333333333333335
1b,D4-hetero,0.3,70,D4-hetero_e30_r070,0.919431279620853,0.919431279620853,0.2966666666666667
1b,D5-leverage,0.3,70,D5-leverage_e30_r070,0.5048543689320388,0.5048543689320388,0.11
1,D3-unequal,0.3,42,D3-unequal_e30_r042,0.9302325581395349,0.9302325581395349,0.2866666666666667
1,D3-unequal,0.2,42,D3-unequal_e20_r042,0.9201680672268907,0.9201680672268907,0.20666666666666667
1b,D2-K3par,0.35,69,D2-K3par_e35_r069,0.3825136612021858,0.3825136612021858,0.0
1b,D7-p3,0.25,67,D7-p3_e25_r067,0.9147982062780269,0.9147982062780269,0.27
1b,D5-leverage,0.35,70,D5-leverage_e35_r070,0.5072463768115942,0.5072463768115942,0.0033333333333333335
1,D7-p3,0.05,40,D7-p3_e05_r040,0.9131944444444444,0.9131944444444444,0.04666666666666667
1,D4-hetero,0.0,42,D4-hetero_e00_r042,0.8966666666666666,0.8966666666666666,0.03333333333333333
1b,D7-p3,0.3,67,D7-p3_e30_r067,0.908675799086758,0.908675799086758,0.2733333333333333
1b,D6-uniform,0.25,70,D6-uniform_e25_r070,0.8904109589041096,0.8904109589041096,0.20666666666666667
1b,D6-uniform,0.35,70,D6-uniform_e35_r070,0.5027932960893855,0.5027932960893855,0.0
1b,D6-uniform,0.3,70,D6-uniform_e30_r070,0.5308056872037915,0.5308056872037915,0.0
1,D2-K3par,0.0,42,D2-K3par_e00_r042,0.9,0.9,0.0033333333333333335
1b,D2-K3par,0.3,69,D2-K3par_e30_r069,0.6683168316831684,0.6683168316831684,0.16666666666666666
1,D7-p3,0.3,40,D7-p3_e30_r040,0.9242424242424242,0.9242424242424242,0.34
1,D4-hetero,0.3,42,D4-hetero_e30_r042,0.9182692307692307,0.9182692307692307,0.31666666666666665
1,D4-hetero,0.05,42,D4-hetero_e05_r042,0.9205776173285198,0.9205776173285198,0.1
1,D7-p3,0.2,40,D7-p3_e20_r040,0.9070796460176991,0.9070796460176991,0.25
1,D7-p3,0.1,40,D7-p3_e10_r040,0.8921933085501859,0.8921933085501859,0.11333333333333333
1,D2-K3par,0.05,42,D2-K3par_e05_r042,0.9192982456140351,0.9192982456140351,0.05
1,D4-hetero,0.1,42,D4-hetero_e10_r042,0.9363295880149812,0.9363295880149812,0.12666666666666668
1,D5-leverage,0.0,42,D5-leverage_e00_r042,0.9066666666666666,0.9066666666666666,0.013333333333333334
1,D4-hetero,0.2,42,D4-hetero_e20_r042,0.9012345679012346,0.9012345679012346,0.19666666666666666
1b,D8-K2par-sep,0.25,70,D8-K2par-sep_e25_r070,1.0,1.0,0.24
1b,D8-K2par-sep,0.35,70,D8-K2par-sep_e35_r070,1.0,1.0,0.4
1,D5-leverage,0.1,42,D5-leverage_e10_r042,0.927536231884058,0.927536231884058,0.09333333333333334
1b,D1-K2cross,0.35,71,D1-K2cross_e35_r071,0.9111111111111111,0.9111111111111111,0.4
1b,D8-K2par-sep,0.3,70,D8-K2par-sep_e30_r070,0.9952153110047847,0.9952153110047847,0.30333333333333334
1,D5-leverage,0.05,42,D5-leverage_e05_r042,0.9142857142857143,0.9142857142857143,0.07666666666666666
1,D5-leverage,0.2,42,D5-leverage_e20_r042,0.9230769230769231,0.9230769230769231,0.22
1,D5-leverage,0.3,42,D5-leverage_e30_r042,0.54337899543379,0.54337899543379,0.04666666666666667
1,D6-uniform,0.05,42,D6-uniform_e05_r042,0.900355871886121,0.900355871886121,0.07333333333333333
1b,D2-K3par,0.3,70,D2-K3par_e30_r070,0.919047619047619,0.919047619047619,0.3
1,D6-uniform,0.2,42,D6-uniform_e20_r042,0.9037656903765691,0.9037656903765691,0.19666666666666666
1,D2-K3par,0.1,42,D2-K3par_e10_r042,0.9182156133828996,0.9182156133828996,0.10333333333333333
1,D6-uniform,0.0,42,D6-uniform_e00_r042,0.8933333333333333,0.8933333333333333,0.02666666666666667
1b,D1-K2cross,0.3,71,D1-K2cross_e30_r071,0.9130434782608695,0.9130434782608695,0.31
1,D6-uniform,0.1,42,D6-uniform_e10_r042,0.8918918918918919,0.8918918918918919,0.14666666666666667
1,D6-uniform,0.3,42,D6-uniform_e30_r042,0.5223880597014925,0.5223880597014925,0.0
1,D2-K3par,0.2,42,D2-K3par_e20_r042,0.900398406374502,0.900398406374502,0.16333333333333333
1b,D1-K2cross,0.25,71,D1-K2cross_e25_r071,0.9018691588785047,0.9018691588785047,0.2866666666666667
1b,D3-unequal,0.35,71,D3-unequal_e35_r071,0.9631578947368421,0.9631578947368421,0.36666666666666664
1,D8-K2par-sep,0.0,42,D8-K2par-sep_e00_r042,0.9966666666666667,0.9966666666666667,0.01
1b,D4-hetero,0.35,71,D4-hetero_e35_r071,0.8917525773195877,0.8917525773195877,0.3566666666666667
1b,D3-unequal,0.25,71,D3-unequal_e25_r071,0.9279661016949152,0.9279661016949152,0.22
1,D8-K2par-sep,0.05,42,D8-K2par-sep_e05_r042,1.0,1.0,0.07333333333333333
1b,D3-unequal,0.3,71,D3-unequal_e30_r071,0.7346938775510204,0.7346938775510204,0.22
1b,D4-hetero,0.3,71,D4-hetero_e30_r071,0.9178743961352657,0.9178743961352657,0.31666666666666665
1b,D5-leverage,0.25,71,D5-leverage_e25_r071,0.5092592592592593,0.5092592592592593,0.05333333333333334
1b,D2-K3par,0.25,70,D2-K3par_e25_r070,0.9216589861751152,0.9216589861751152,0.27666666666666667
1b,D4-hetero,0.25,71,D4-hetero_e25_r071,0.9009009009009009,0.9009009009009009,0.2633333333333333
1b,D5-leverage,0.35,71,D5-leverage_e35_r071,0.5287356321839081,0.5287356321839081,0.0033333333333333335
1b,D5-leverage,0.3,71,D5-leverage_e30_r071,0.5,0.5,0.05
1,D8-K2par-sep,0.2,42,D8-K2par-sep_e20_r042,1.0,1.0,0.19333333333333333
1b,D7-p3,0.3,68,D7-p3_e30_r068,0.9155555555555556,0.9155555555555556,0.25
1b,D6-uniform,0.3,71,D6-uniform_e30_r071,0.5048543689320388,0.5048543689320388,0.0
1,D8-K2par-sep,0.1,42,D8-K2par-sep_e10_r042,0.9962406015037594,0.9962406015037594,0.11333333333333333
1b,D6-uniform,0.35,71,D6-uniform_e35_r071,0.5270935960591133,0.5270935960591133,0.0
1b,D2-K3par,0.35,70,D2-K3par_e35_r070,0.6394230769230769,0.6394230769230769,0.14333333333333334
1,D1-K2cross,0.0,43,D1-K2cross_e00_r043,0.8966666666666666,0.8966666666666666,0.03
1b,D6-uniform,0.25,71,D6-uniform_e25_r071,0.9055793991416309,0.9055793991416309,0.21
1,D1-K2cross,0.05,43,D1-K2cross_e05_r043,0.9219858156028369,0.9219858156028369,0.06333333333333334
1,D8-K2par-sep,0.3,42,D8-K2par-sep_e30_r042,1.0,1.0,0.31
1b,D7-p3,0.35,68,D7-p3_e35_r068,0.8974358974358975,0.8974358974358975,0.35
1,D1-K2cross,0.1,43,D1-K2cross_e10_r043,0.9330855018587361,0.9330855018587361,0.10333333333333333
1,D1-K2cross,0.3,43,D1-K2cross_e30_r043,0.9154228855721394,0.9154228855721394,0.33
1,D1-K2cross,0.2,43,D1-K2cross_e20_r043,0.8991596638655462,0.8991596638655462,0.20666666666666667
1b,D7-p3,0.25,68,D7-p3_e25_r068,0.9061032863849765,0.9061032863849765,0.29333333333333333
1b,D8-K2par-sep,0.3,71,D8-K2par-sep_e30_r071,1.0,1.0,0.30666666666666664
1,D2-K3par,0.3,42,D2-K3par_e30_r042,0.6381909547738693,0.6381909547738693,0.14333333333333334
1,D7-p3,0.0,40,D7-p3_e00_r040,0.9066666666666666,0.9066666666666666,0.056666666666666664
1b,D8-K2par-sep,0.25,71,D8-K2par-sep_e25_r071,1.0,1.0,0.25
1b,D8-K2par-sep,0.35,71,D8-K2par-sep_e35_r071,1.0,1.0,0.38666666666666666
1b,D1-K2cross,0.25,72,D1-K2cross_e25_r072,0.9279661016949152,0.9279661016949152,0.21666666666666667
1,D3-unequal,0.0,43,D3-unequal_e00_r043,0.9233333333333333,0.9233333333333333,0.016666666666666666
1b,D1-K2cross,0.35,72,D1-K2cross_e35_r072,0.8865979381443299,0.8865979381443299,0.35333333333333333
1b,D1-K2cross,0.3,72,D1-K2cross_e30_r072,0.9212962962962963,0.9212962962962963,0.28
1,D3-unequal,0.05,43,D3-unequal_e05_r043,0.887719298245614,0.887719298245614,0.06333333333333334
1,D3-unequal,0.1,43,D3-unequal_e10_r043,0.9311594202898551,0.9311594202898551,0.09333333333333334
1b,D2-K3par,0.3,71,D2-K3par_e30_r071,0.9043062200956937,0.9043062200956937,0.30333333333333334
1b,D2-K3par,0.25,71,D2-K3par_e25_r071,0.8723404255319149,0.8723404255319149,0.21666666666666667
1,D3-unequal,0.2,43,D3-unequal_e20_r043,0.9437229437229437,0.9437229437229437,0.23
1b,D3-unequal,0.25,72,D3-unequal_e25_r072,0.9008264462809917,0.9008264462809917,0.19333333333333333
1,D3-unequal,0.3,43,D3-unequal_e30_r043,0.5113122171945701,0.5113122171945701,0.36333333333333334
1,D4-hetero,0.0,43,D4-hetero_e00_r043,0.93,0.93,0.03666666666666667
1,D4-hetero,0.05,43,D4-hetero_e05_r043,0.9134948096885813,0.9134948096885813,0.06
1b,D3-unequal,0.35,72,D3-unequal_e35_r072,0.9113300492610837,0.9113300492610837,0.3233333333333333
1b,D3-unequal,0.3,72,D3-unequal_e30_r072,0.9241706161137441,0.9241706161137441,0.2966666666666667
1b,D4-hetero,0.25,72,D4-hetero_e25_r072,0.8678414096916299,0.8678414096916299,0.25333333333333335
1,D4-hetero,0.1,43,D4-hetero_e10_r043,0.8925925925925926,0.8925925925925926,0.10666666666666667
1,D5-leverage,0.0,43,D5-leverage_e00_r043,0.9233333333333333,0.9233333333333333,0.006666666666666667
1,D4-hetero,0.2,43,D4-hetero_e20_r043,0.8841201716738197,0.8841201716738197,0.23666666666666666
1b,D5-leverage,0.25,72,D5-leverage_e25_r072,0.502262443438914,0.502262443438914,0.016666666666666666
1b,D5-leverage,0.3,72,D5-leverage_e30_r072,0.52,0.52,0.0033333333333333335
1b,D4-hetero,0.35,72,D4-hetero_e35_r072,0.9507389162561576,0.9507389162561576,0.32666666666666666
1b,D4-hetero,0.3,72,D4-hetero_e30_r072,0.9174757281553398,0.9174757281553398,0.32
1,D5-leverage,0.05,43,D5-leverage_e05_r043,0.916083916083916,0.916083916083916,0.056666666666666664
1,D4-hetero,0.3,43,D4-hetero_e30_r043,0.9186602870813397,0.9186602870813397,0.30666666666666664
1b,D7-p3,0.3,69,D7-p3_e30_r069,0.9162303664921466,0.9162303664921466,0.36333333333333334
1,D2-K3par,0.0,43,D2-K3par_e00_r043,0.9066666666666666,0.9066666666666666,0.0033333333333333335
1,D5-leverage,0.1,43,D5-leverage_e10_r043,0.9007352941176471,0.9007352941176471,0.10333333333333333
1b,D5-leverage,0.35,72,D5-leverage_e35_r072,0.5025906735751295,0.5025906735751295,0.02
1b,D2-K3par,0.35,71,D2-K3par_e35_r071,0.3769633507853403,0.3769633507853403,0.0
1b,D7-p3,0.25,69,D7-p3_e25_r069,0.905829596412556,0.905829596412556,0.26
1,D5-leverage,0.3,43,D5-leverage_e30_r043,0.5432692307692307,0.5432692307692307,0.016666666666666666
1,D6-uniform,0.0,43,D6-uniform_e00_r043,0.9166666666666666,0.9166666666666666,0.016666666666666666
1,D2-K3par,0.05,43,D2-K3par_e05_r043,0.9,0.9,0.04
1,D5-leverage,0.2,43,D5-leverage_e20_r043,0.502127659574468,0.5446808510638298,0.10666666666666667
1,D2-K3par,0.1,43,D2-K3par_e10_r043,0.8863636363636364,0.8863636363636364,0.12
1,D7-p3,0.2,41,D7-p3_e20_r041,0.9020408163265307,0.9020408163265307,0.19
1b,D6-uniform,0.25,72,D6-uniform_e25_r072,0.9227467811158798,0.9227467811158798,0.18333333333333332
1b,D6-uniform,0.35,72,D6-uniform_e35_r072,0.5023474178403756,0.5023474178403756,0.0
1,D6-uniform,0.05,43,D6-uniform_e05_r043,0.9288256227758007,0.9288256227758007,0.08333333333333333
1,D7-p3,0.1,41,D7-p3_e10_r041,0.940959409594096,0.940959409594096,0.11
1,D6-uniform,0.1,43,D6-uniform_e10_r043,0.914179104477612,0.914179104477612,0.11666666666666667
1b,D6-uniform,0.3,72,D6-uniform_e30_r072,0.933649289099526,0.933649289099526,0.20333333333333334
1b,D8-K2par-sep,0.25,72,D8-K2par-sep_e25_r072,1.0,1.0,0.25
1b,D8-K2par-sep,0.3,72,D8-K2par-sep_e30_r072,0.9951923076923077,0.9951923076923077,0.30666666666666664
1,D6-uniform,0.3,43,D6-uniform_e30_r043,0.5123152709359606,0.5123152709359606,0.0
1,D2-K3par,0.2,43,D2-K3par_e20_r043,0.9037656903765691,0.9037656903765691,0.20333333333333334
1b,D1-K2cross,0.25,73,D1-K2cross_e25_r073,0.9071729957805907,0.9071729957805907,0.21333333333333335
1,D6-uniform,0.2,43,D6-uniform_e20_r043,0.912,0.912,0.16666666666666666
1b,D8-K2par-sep,0.35,72,D8-K2par-sep_e35_r072,1.0,1.0,0.32666666666666666
1b,D1-K2cross,0.35,73,D1-K2cross_e35_r073,0.9175257731958762,0.9175257731958762,0.35333333333333333
1,D8-K2par-sep,0.0,43,D8-K2par-sep_e00_r043,1.0,1.0,0.01
1b,D1-K2cross,0.3,73,D1-K2cross_e30_r073,0.9119170984455959,0.9119170984455959,0.3566666666666667
1,D8-K2par-sep,0.05,43,D8-K2par-sep_e05_r043,1.0,1.0,0.06666666666666667
1,D8-K2par-sep,0.1,43,D8-K2par-sep_e10_r043,1.0,1.0,0.11666666666666667
1,D7-p3,0.05,41,D7-p3_e05_r041,0.9314079422382672,0.9314079422382672,0.07666666666666666
1,D8-K2par-sep,0.3,43,D8-K2par-sep_e30_r043,1.0,1.0,0.2833333333333333
1,D2-K3par,0.3,43,D2-K3par_e30_r043,0.697560975609756,0.697560975609756,0.16333333333333333
1,D1-K2cross,0.0,44,D1-K2cross_e00_r044,0.9,0.9,0.023333333333333334
1b,D2-K3par,0.25,72,D2-K3par_e25_r072,0.9056603773584906,0.9056603773584906,0.29333333333333333
1,D8-K2par-sep,0.2,43,D8-K2par-sep_e20_r043,0.9960474308300395,0.9960474308300395,0.16
1b,D3-unequal,0.35,73,D3-unequal_e35_r073,0.6947368421052632,0.6947368421052632,0.25333333333333335
1b,D3-unequal,0.25,73,D3-unequal_e25_r073,0.8974358974358975,0.8974358974358975,0.22
1,D1-K2cross,0.05,44,D1-K2cross_e05_r044,0.8881118881118881,0.8881118881118881,0.06
1b,D4-hetero,0.25,73,D4-hetero_e25_r073,0.9128630705394191,0.9128630705394191,0.21666666666666667
1b,D3-unequal,0.3,73,D3-unequal_e30_r073,0.9353233830845771,0.9353233830845771,0.33
1,D1-K2cross,0.1,44,D1-K2cross_e10_r044,0.9148148148148149,0.9148148148148149,0.1
1,D7-p3,0.0,41,D7-p3_e00_r041,0.9066666666666666,0.9066666666666666,0.05
1b,D4-hetero,0.35,73,D4-hetero_e35_r073,0.93717277486911,0.93717277486911,0.36333333333333334
1b,D4-hetero,0.3,73,D4-hetero_e30_r073,0.9,0.9,0.30333333333333334
1b,D5-leverage,0.25,73,D5-leverage_e25_r073,0.5663716814159292,0.5663716814159292,0.06666666666666667
1,D1-K2cross,0.2,44,D1-K2cross_e20_r044,0.9254385964912281,0.9254385964912281,0.24333333333333335
1,D1-K2cross,0.3,44,D1-K2cross_e30_r044,0.9227272727272727,0.9227272727272727,0.26666666666666666
1b,D2-K3par,0.35,72,D2-K3par_e35_r072,0.35195530726256985,0.35195530726256985,0.0033333333333333335
1b,D5-leverage,0.3,73,D5-leverage_e30_r073,0.5092592592592593,0.5092592592592593,0.03666666666666667
1b,D5-leverage,0.35,73,D5-leverage_e35_r073,0.5,0.5,0.0033333333333333335
1b,D6-uniform,0.25,73,D6-uniform_e25_r073,0.9166666666666666,0.9166666666666666,0.19
1b,D6-uniform,0.3,73,D6-uniform_e30_r073,0.558252427184466,0.558252427184466,0.0
1b,D7-p3,0.35,69,D7-p3_e35_r069,0.9138755980861244,0.9138755980861244,0.30666666666666664
1b,D6-uniform,0.35,73,D6-uniform_e35_r073,0.5124378109452736,0.5124378109452736,0.0
1b,D7-p3,0.3,70,D7-p3_e30_r070,0.8564814814814815,0.8564814814814815,0.28
1,D3-unequal,0.0,44,D3-unequal_e00_r044,0.9166666666666666,0.9166666666666666,0.013333333333333334
1,D7-p3,0.3,41,D7-p3_e30_r041,0.9170731707317074,0.9170731707317074,0.31666666666666665
1b,D7-p3,0.25,70,D7-p3_e25_r070,0.9074889867841409,0.9074889867841409,0.25333333333333335
1,D3-unequal,0.05,44,D3-unequal_e05_r044,0.9175627240143369,0.9175627240143369,0.08
1b,D2-K3par,0.3,72,D2-K3par_e30_r072,0.6875,0.6875,0.14333333333333334
1,D7-p3,0.05,42,D7-p3_e05_r042,0.9045936395759717,0.9045936395759717,0.06666666666666667
1b,D8-K2par-sep,0.25,73,D8-K2par-sep_e25_r073,1.0,1.0,0.2866666666666667
1,D4-hetero,0.0,44,D4-hetero_e00_r044,0.9,0.9,0.043333333333333335
1,D3-unequal,0.2,44,D3-unequal_e20_r044,0.9121338912133892,0.9121338912133892,0.20333333333333334
1b,D8-K2par-sep,0.3,73,D8-K2par-sep_e30_r073,1.0,1.0,0.30666666666666664
1,D3-unequal,0.1,44,D3-unequal_e10_r044,0.9157088122605364,0.9157088122605364,0.13666666666666666
1,D4-hetero,0.05,44,D4-hetero_e05_r044,0.9198606271777003,0.9198606271777003,0.06666666666666667
1,D7-p3,0.2,42,D7-p3_e20_r042,0.9090909090909091,0.9090909090909091,0.24
1,D3-unequal,0.3,44,D3-unequal_e30_r044,0.8783783783783784,0.8783783783783784,0.26
1b,D1-K2cross,0.35,74,D1-K2cross_e35_r074,0.90625,0.90625,0.36
1b,D1-K2cross,0.25,74,D1-K2cross_e25_r074,0.9166666666666666,0.9166666666666666,0.28
1,D4-hetero,0.2,44,D4-hetero_e20_r044,0.9166666666666666,0.9166666666666666,0.16666666666666666
1b,D8-K2par-sep,0.35,73,D8-K2par-sep_e35_r073,1.0,1.0,0.36
1b,D1-K2cross,0.3,74,D1-K2cross_e30_r074,0.8726415094339622,0.8726415094339622,0.29333333333333333
1,D7-p3,0.0,42,D7-p3_e00_r042,0.9133333333333333,0.9133333333333333,0.02666666666666667
1,D4-hetero,0.1,44,D4-hetero_e10_r044,0.9132075471698113,0.9132075471698113,0.14666666666666667
1,D5-leverage,0.0,44,D5-leverage_e00_r044,0.9166666666666666,0.9166666666666666,0.016666666666666666
1b,D2-K3par,0.3,73,D2-K3par_e30_r073,0.9348837209302325,0.9348837209302325,0.2833333333333333
1b,D7-p3,0.3,71,D7-p3_e30_r071,0.9128205128205128,0.9128205128205128,0.3566666666666667
1,D4-hetero,0.3,44,D4-hetero_e30_r044,0.9158878504672897,0.9158878504672897,0.3
1,D5-leverage,0.1,44,D5-leverage_e10_r044,0.9340659340659341,0.9340659340659341,0.11333333333333333
1,D5-leverage,0.05,44,D5-leverage_e05_r044,0.9024390243902439,0.9024390243902439,0.06
1,D7-p3,0.3,42,D7-p3_e30_r042,0.9285714285714286,0.9285714285714286,0.30333333333333334
1,D5-leverage,0.2,44,D5-leverage_e20_r044,0.9090909090909091,0.9090909090909091,0.19666666666666666
1,D6-uniform,0.0,44,D6-uniform_e00_r044,0.9233333333333333,0.9233333333333333,0.02
1b,D3-unequal,0.25,74,D3-unequal_e25_r074,0.8893617021276595,0.8893617021276595,0.22
1,D5-leverage,0.3,44,D5-leverage_e30_r044,0.5305164319248826,0.5305164319248826,0.08666666666666667
1b,D3-unequal,0.3,74,D3-unequal_e30_r074,0.8909952606635071,0.8909952606635071,0.2966666666666667
1b,D4-hetero,0.25,74,D4-hetero_e25_r074,0.9210526315789473,0.9210526315789473,0.24
1,D2-K3par,0.05,44,D2-K3par_e05_r044,0.6923076923076923,0.6923076923076923,0.05
1,D6-uniform,0.05,44,D6-uniform_e05_r044,0.8888888888888888,0.8888888888888888,0.05
1b,D3-unequal,0.35,74,D3-unequal_e35_r074,0.7409326424870466,0.7409326424870466,0.17666666666666667
1b,D4-hetero,0.35,74,D4-hetero_e35_r074,0.9319371727748691,0.9319371727748691,0.35
1,D2-K3par,0.0,44,D2-K3par_e00_r044,0.91,0.91,0.0033333333333333335
1,D6-uniform,0.2,44,D6-uniform_e20_r044,0.9098360655737705,0.9098360655737705,0.18333333333333332
1,D2-K3par,0.2,44,D2-K3par_e20_r044,0.8669354838709677,0.8669354838709677,0.17333333333333334
1,D2-K3par,0.3,44,D2-K3par_e30_r044,0.8878504672897196,0.8878504672897196,0.2866666666666667
1b,D4-hetero,0.3,74,D4-hetero_e30_r074,0.8947368421052632,0.8947368421052632,0.31
1b,D5-leverage,0.25,74,D5-leverage_e25_r074,0.5244444444444445,0.5244444444444445,0.13666666666666666
1,D2-K3par,0.1,44,D2-K3par_e10_r044,0.9049429657794676,0.9049429657794676,0.12333333333333334
1,D6-uniform,0.1,44,D6-uniform_e10_r044,0.9032258064516129,0.9032258064516129,0.08333333333333333
1b,D5-leverage,0.35,74,D5-leverage_e35_r074,0.533678756476684,0.533678756476684,0.0033333333333333335
1b,D5-leverage,0.3,74,D5-leverage_e30_r074,0.5247524752475248,0.5247524752475248,0.043333333333333335
1,D6-uniform,0.3,44,D6-uniform_e30_r044,0.9036697247706422,0.9036697247706422,0.17333333333333334
1b,D7-p3,0.25,71,D7-p3_e25_r071,0.9475982532751092,0.9475982532751092,0.24
1b,D6-uniform,0.3,74,D6-uniform_e30_r074,0.8977777777777778,0.8977777777777778,0.16333333333333333
1b,D6-uniform,0.25,74,D6-uniform_e25_r074,0.925764192139738,0.925764192139738,0.16333333333333333
1b,D2-K3par,0.35,73,D2-K3par_e35_r073,0.7185929648241206,0.7185929648241206,0.14
1b,D7-p3,0.35,71,D7-p3_e35_r071,0.9367816091954023,0.9367816091954023,0.42
1b,D6-uniform,0.35,74,D6-uniform_e35_r074,0.5098039215686274,0.5098039215686274,0.0
1b,D2-K3par,0.25,73,D2-K3par_e25_r073,0.6621004566210046,0.6621004566210046,0.11
1b,D8-K2par-sep,0.25,74,D8-K2par-sep_e25_r074,1.0,1.0,0.24666666666666667
1,D8-K2par-sep,0.2,44,D8-K2par-sep_e20_r044,1.0,1.0,0.19333333333333333
1b,D7-p3,0.35,70,D7-p3_e35_r070,0.5519125683060109,0.5519125683060109,0.19
1b,D8-K2par-sep,0.35,74,D8-K2par-sep_e35_r074,0.9947916666666666,0.9947916666666666,0.36
1,D8-K2par-sep,0.0,44,D8-K2par-sep_e00_r044,1.0,1.0,0.013333333333333334
1b,D8-K2par-sep,0.3,74,D8-K2par-sep_e30_r074,1.0,1.0,0.31
1,D8-K2par-sep,0.1,44,D8-K2par-sep_e10_r044,1.0,1.0,0.09333333333333334
1,D8-K2par-sep,0.3,44,D8-K2par-sep_e30_r044,0.9952153110047847,0.9952153110047847,0.30333333333333334
1,D8-K2par-sep,0.05,44,D8-K2par-sep_e05_r044,0.9964788732394366,0.9964788732394366,0.08
1b,D1-K2cross,0.3,75,D1-K2cross_e30_r075,0.9068627450980392,0.9068627450980392,0.32
1,D1-K2cross,0.05,45,D1-K2cross_e05_r045,0.9112627986348123,0.9112627986348123,0.03333333333333333
1,D7-p3,0.1,42,D7-p3_e10_r042,0.9077490774907749,0.9077490774907749,0.11
1,D1-K2cross,0.0,45,D1-K2cross_e00_r045,0.91,0.91,0.016666666666666666
1b,D1-K2cross,0.25,75,D1-K2cross_e25_r075,0.9030837004405287,0.9030837004405287,0.24333333333333335
1,D1-K2cross,0.2,45,D1-K2cross_e20_r045,0.9118942731277533,0.9118942731277533,0.24666666666666667
1b,D1-K2cross,0.35,75,D1-K2cross_e35_r075,0.9021739130434783,0.9021739130434783,0.38666666666666666
1,D1-K2cross,0.3,45,D1-K2cross_e30_r045,0.9365853658536586,0.9365853658536586,0.31666666666666665
1,D1-K2cross,0.1,45,D1-K2cross_e10_r045,0.9040590405904059,0.9040590405904059,0.11333333333333333
1b,D3-unequal,0.25,75,D3-unequal_e25_r075,0.5044642857142857,0.5044642857142857,0.39
1b,D2-K3par,0.25,74,D2-K3par_e25_r074,0.9213973799126638,0.9213973799126638,0.23666666666666666
1b,D2-K3par,0.3,74,D2-K3par_e30_r074,0.9120370370370371,0.9120370370370371,0.28
1b,D4-hetero,0.25,75,D4-hetero_e25_r075,0.8793103448275862,0.8793103448275862,0.24333333333333335
1b,D3-unequal,0.3,75,D3-unequal_e30_r075,0.764102564102564,0.764102564102564,0.23333333333333334
1b,D3-unequal,0.35,75,D3-unequal_e35_r075,0.9108910891089109,0.9108910891089109,0.32666666666666666
1b,D4-hetero,0.3,75,D4-hetero_e30_r075,0.9120370370370371,0.9120370370370371,0.2866666666666667
1,D3-unequal,0.0,45,D3-unequal_e00_r045,0.8933333333333333,0.8933333333333333,0.03333333333333333
1,D7-p3,0.3,43,D7-p3_e30_r043,0.8656716417910447,0.8656716417910447,0.33
1,D3-unequal,0.1,45,D3-unequal_e10_r045,0.8851851851851852,0.8851851851851852,0.10666666666666667
1b,D4-hetero,0.35,75,D4-hetero_e35_r075,0.9289099526066351,0.9289099526066351,0.3
1b,D5-leverage,0.25,75,D5-leverage_e25_r075,0.8977777777777778,0.8977777777777778,0.25
1,D3-unequal,0.2,45,D3-unequal_e20_r045,0.919831223628692,0.919831223628692,0.21333333333333335
1b,D7-p3,0.3,72,D7-p3_e30_r072,0.8955223880597015,0.8955223880597015,0.33
1,D7-p3,0.05,43,D7-p3_e05_r043,0.8982456140350877,0.8982456140350877,0.06666666666666667
1b,D7-p3,0.35,72,D7-p3_e35_r072,0.9035532994923858,0.9035532994923858,0.3466666666666667
1b,D5-leverage,0.3,75,D5-leverage_e30_r075,0.5,0.5,0.06
1,D4-hetero,0.0,45,D4-hetero_e00_r045,0.9,0.9,0.023333333333333334
1b,D5-leverage,0.35,75,D5-leverage_e35_r075,0.5533980582524272,0.5533980582524272,0.056666666666666664
1,D3-unequal,0.05,45,D3-unequal_e05_r045,0.8710801393728222,0.8710801393728222,0.056666666666666664
1,D4-hetero,0.05,45,D4-hetero_e05_r045,0.9094076655052264,0.9094076655052264,0.07
1,D3-unequal,0.3,45,D3-unequal_e30_r045,0.9278846153846154,0.9278846153846154,0.30666666666666664
1b,D6-uniform,0.25,75,D6-uniform_e25_r075,0.5,0.5,0.0
1b,D6-uniform,0.35,75,D6-uniform_e35_r075,0.517948717948718,0.517948717948718,0.0
1,D4-hetero,0.1,45,D4-hetero_e10_r045,0.9026217228464419,0.9026217228464419,0.13333333333333333
1b,D6-uniform,0.3,75,D6-uniform_e30_r075,0.8834080717488789,0.8834080717488789,0.15
1,D5-leverage,0.0,45,D5-leverage_e00_r045,0.9433333333333334,0.9433333333333334,0.02666666666666667
1,D4-hetero,0.2,45,D4-hetero_e20_r045,0.889795918367347,0.889795918367347,0.19666666666666666
1,D5-leverage,0.05,45,D5-leverage_e05_r045,0.9192982456140351,0.9192982456140351,0.07
1,D4-hetero,0.3,45,D4-hetero_e30_r045,0.8826291079812206,0.8826291079812206,0.3
1b,D8-K2par-sep,0.25,75,D8-K2par-sep_e25_r075,1.0,1.0,0.22
1,D2-K3par,0.0,45,D2-K3par_e00_r045,0.8966666666666666,0.8966666666666666,0.0033333333333333335
1,D7-p3,0.1,43,D7-p3_e10_r043,0.927536231884058,0.927536231884058,0.10333333333333333
1,D5-leverage,0.2,45,D5-leverage_e20_r045,0.5627705627705628,0.5627705627705628,0.06333333333333334
1,D7-p3,0.2,43,D7-p3_e20_r043,0.9338842975206612,0.9338842975206612,0.19333333333333333
1,D5-leverage,0.1,45,D5-leverage_e10_r045,0.9144981412639405,0.9144981412639405,0.11
1b,D8-K2par-sep,0.3,75,D8-K2par-sep_e30_r075,1.0,1.0,0.3
1b,D8-K2par-sep,0.35,75,D8-K2par-sep_e35_r075,1.0,1.0,0.35333333333333333
1,D5-leverage,0.3,45,D5-leverage_e30_r045,0.5428571428571428,0.5428571428571428,0.08333333333333333
1b,D1-K2cross,0.3,76,D1-K2cross_e30_r076,0.9310344827586207,0.9310344827586207,0.3233333333333333
1b,D1-K2cross,0.25,76,D1-K2cross_e25_r076,0.9264069264069265,0.9264069264069265,0.23
1b,D1-K2cross,0.35,76,D1-K2cross_e35_r076,0.919047619047619,0.919047619047619,0.3
1,D6-uniform,0.0,45,D6-uniform_e00_r045,0.9066666666666666,0.9066666666666666,0.05333333333333334
1,D6-uniform,0.05,45,D6-uniform_e05_r045,0.8947368421052632,0.8947368421052632,0.056666666666666664
1b,D2-K3par,0.35,74,D2-K3par_e35_r074,0.35294117647058826,0.35294117647058826,0.0033333333333333335
1,D6-uniform,0.3,45,D6-uniform_e30_r045,0.5194174757281553,0.5194174757281553,0.0
1,D2-K3par,0.05,45,D2-K3par_e05_r045,0.8971631205673759,0.8971631205673759,0.07
1,D6-uniform,0.2,45,D6-uniform_e20_r045,0.8962655601659751,0.8962655601659751,0.18666666666666668
1,D6-uniform,0.1,45,D6-uniform_e10_r045,0.9405204460966543,0.9405204460966543,0.11
1b,D7-p3,0.25,73,D7-p3_e25_r073,0.8940677966101694,0.8940677966101694,0.21333333333333335
1b,D2-K3par,0.25,75,D2-K3par_e25_r075,0.9276018099547512,0.9276018099547512,0.2633333333333333
1b,D3-unequal,0.3,76,D3-unequal_e30_r076,0.8904761904761904,0.8904761904761904,0.3
1b,D4-hetero,0.25,76,D4-hetero_e25_r076,0.8894009216589862,0.8894009216589862,0.28
1b,D3-unequal,0.25,76,D3-unequal_e25_r076,0.9398148148148148,0.9398148148148148,0.28
1b,D3-unequal,0.35,76,D3-unequal_e35_r076,0.9313725490196079,0.9313725490196079,0.32
1,D2-K3par,0.1,45,D2-K3par_e10_r045,0.6474820143884892,0.6007194244604317,0.03333333333333333
1b,D4-hetero,0.3,76,D4-hetero_e30_r076,0.9113300492610837,0.9113300492610837,0.33
1,D2-K3par,0.2,45,D2-K3par_e20_r045,0.9090909090909091,0.9090909090909091,0.19333333333333333
1,D8-K2par-sep,0.0,45,D8-K2par-sep_e00_r045,1.0,1.0,0.023333333333333334
1b,D7-p3,0.3,73,D7-p3_e30_r073,0.9182692307692307,0.9182692307692307,0.30666666666666664
1,D8-K2par-sep,0.05,45,D8-K2par-sep_e05_r045,1.0,1.0,0.07666666666666666
1b,D5-leverage,0.3,76,D5-leverage_e30_r076,0.5384615384615384,0.5384615384615384,0.013333333333333334
1b,D5-leverage,0.25,76,D5-leverage_e25_r076,0.5353982300884956,0.5353982300884956,0.10333333333333333
1,D7-p3,0.0,43,D7-p3_e00_r043,0.89,0.89,0.04666666666666667
1b,D2-K3par,0.35,75,D2-K3par_e35_r075,0.6752577319587629,0.6752577319587629,0.15333333333333332
1,D1-K2cross,0.0,46,D1-K2cross_e00_r046,0.9033333333333333,0.9033333333333333,0.016666666666666666
1,D8-K2par-sep,0.3,45,D8-K2par-sep_e30_r045,0.9950980392156863,0.9950980392156863,0.32
1b,D4-hetero,0.35,76,D4-hetero_e35_r076,0.8724489795918368,0.8724489795918368,0.3466666666666667
1b,D2-K3par,0.3,75,D2-K3par_e30_r075,0.9090909090909091,0.9090909090909091,0.30333333333333334
1,D8-K2par-sep,0.1,45,D8-K2par-sep_e10_r045,1.0,1.0,0.09
1b,D5-leverage,0.35,76,D5-leverage_e35_r076,0.5024630541871922,0.5024630541871922,0.0033333333333333335
1b,D6-uniform,0.25,76,D6-uniform_e25_r076,0.9297520661157025,0.9297520661157025,0.18333333333333332
1,D1-K2cross,0.05,46,D1-K2cross_e05_r046,0.9074733096085409,0.9074733096085409,0.07666666666666666
1,D8-K2par-sep,0.2,45,D8-K2par-sep_e20_r045,0.9920634920634921,0.9920634920634921,0.16333333333333333
1b,D6-uniform,0.3,76,D6-uniform_e30_r076,0.9417040358744395,0.9417040358744395,0.2
1b,D7-p3,0.25,72,D7-p3_e25_r072,0.899581589958159,0.899581589958159,0.21333333333333335
1,D1-K2cross,0.2,46,D1-K2cross_e20_r046,0.8765957446808511,0.8765957446808511,0.21666666666666667
1b,D6-uniform,0.35,76,D6-uniform_e35_r076,0.9282296650717703,0.9282296650717703,0.17333333333333334
1,D1-K2cross,0.3,46,D1-K2cross_e30_r046,0.8673469387755102,0.8673469387755102,0.3466666666666667
1,D1-K2cross,0.1,46,D1-K2cross_e10_r046,0.9040590405904059,0.9040590405904059,0.09666666666666666
1b,D8-K2par-sep,0.25,76,D8-K2par-sep_e25_r076,1.0,1.0,0.21666666666666667
1b,D8-K2par-sep,0.3,76,D8-K2par-sep_e30_r076,1.0,1.0,0.3233333333333333
1b,D1-K2cross,0.3,77,D1-K2cross_e30_r077,0.9489795918367347,0.9489795918367347,0.3466666666666667
1b,D8-K2par-sep,0.35,76,D8-K2par-sep_e35_r076,1.0,1.0,0.35
1b,D7-p3,0.35,73,D7-p3_e35_r073,0.95,0.95,0.3333333333333333
1b,D1-K2cross,0.35,77,D1-K2cross_e35_r077,0.9082125603864735,0.9082125603864735,0.31
1,D3-unequal,0.0,46,D3-unequal_e00_r046,0.8966666666666666,0.8966666666666666,0.023333333333333334
1b,D1-K2cross,0.25,77,D1-K2cross_e25_r077,0.947136563876652,0.947136563876652,0.24666666666666667
1,D3-unequal,0.05,46,D3-unequal_e05_r046,0.9477351916376306,0.9477351916376306,0.056666666666666664
1b,D2-K3par,0.3,76,D2-K3par_e30_r076,0.8967136150234741,0.8967136150234741,0.29
1,D2-K3par,0.3,45,D2-K3par_e30_r045,0.660377358490566,0.660377358490566,0.14333333333333334
1,D3-unequal,0.2,46,D3-unequal_e20_r046,0.9201680672268907,0.9201680672268907,0.21
1,D3-unequal,0.1,46,D3-unequal_e10_r046,0.9245283018867925,0.9245283018867925,0.11666666666666667
1,D3-unequal,0.3,46,D3-unequal_e30_r046,0.9095238095238095,0.9095238095238095,0.30333333333333334
1b,D3-unequal,0.35,77,D3-unequal_e35_r077,0.726775956284153,0.726775956284153,0.22
1b,D3-unequal,0.3,77,D3-unequal_e30_r077,0.74,0.74,0.25
1,D4-hetero,0.0,46,D4-hetero_e00_r046,0.9333333333333333,0.9333333333333333,0.02666666666666667
1b,D3-unequal,0.25,77,D3-unequal_e25_r077,0.905829596412556,0.905829596412556,0.25666666666666665
1b,D4-hetero,0.25,77,D4-hetero_e25_r077,0.9230769230769231,0.9230769230769231,0.26666666666666666
1,D4-hetero,0.1,46,D4-hetero_e10_r046,0.9125475285171103,0.9125475285171103,0.13333333333333333
1b,D4-hetero,0.3,77,D4-hetero_e30_r077,0.9014778325123153,0.9014778325123153,0.3233333333333333
1,D7-p3,0.3,44,D7-p3_e30_r044,0.8732394366197183,0.8732394366197183,0.29333333333333333
1,D4-hetero,0.05,46,D4-hetero_e05_r046,0.8710801393728222,0.8710801393728222,0.07666666666666666
1,D4-hetero,0.3,46,D4-hetero_e30_r046,0.9186602870813397,0.9186602870813397,0.30666666666666664
1,D4-hetero,0.2,46,D4-hetero_e20_r046,0.9148936170212766,0.9148936170212766,0.23666666666666666
1b,D2-K3par,0.35,76,D2-K3par_e35_r076,0.9073170731707317,0.9073170731707317,0.31666666666666665
1,D2-K3par,0.0,46,D2-K3par_e00_r046,0.9133333333333333,0.9133333333333333,0.013333333333333334
1,D5-leverage,0.0,46,D5-leverage_e00_r046,0.9033333333333333,0.9033333333333333,0.006666666666666667
1b,D5-leverage,0.25,77,D5-leverage_e25_r077,0.5023474178403756,0.5023474178403756,0.06666666666666667
1b,D4-hetero,0.35,77,D4-hetero_e35_r077,0.9513513513513514,0.9513513513513514,0.38333333333333336
1,D5-leverage,0.1,46,D5-leverage_e10_r046,0.9053030303030303,0.9053030303030303,0.12
1b,D5-leverage,0.35,77,D5-leverage_e35_r077,0.5228426395939086,0.5228426395939086,0.013333333333333334
1,D5-leverage,0.05,46,D5-leverage_e05_r046,0.926829268292683,0.926829268292683,0.04666666666666667
1b,D5-leverage,0.3,77,D5-leverage_e30_r077,0.5525114155251142,0.5525114155251142,0.056666666666666664
1,D2-K3par,0.05,46,D2-K3par_e05_r046,0.8791208791208791,0.8791208791208791,0.09333333333333334
1,D6-uniform,0.0,46,D6-uniform_e00_r046,0.9133333333333333,0.9133333333333333,0.013333333333333334
1,D7-p3,0.05,44,D7-p3_e05_r044,0.9330985915492958,0.9330985915492958,0.08666666666666667
1,D5-leverage,0.2,46,D5-leverage_e20_r046,0.9578059071729957,0.9578059071729957,0.21
1,D6-uniform,0.05,46,D6-uniform_e05_r046,0.9212328767123288,0.9212328767123288,0.04
1b,D7-p3,0.3,74,D7-p3_e30_r074,0.8909952606635071,0.8909952606635071,0.2966666666666667
1b,D6-uniform,0.35,77,D6-uniform_e35_r077,0.5027027027027027,0.5027027027027027,0.0
1,D7-p3,0.0,44,D7-p3_e00_r044,0.92,0.92,0.02666666666666667
1,D5-leverage,0.3,46,D5-leverage_e30_r046,0.5446009389671361,0.5446009389671361,0.08
1b,D6-uniform,0.25,77,D6-uniform_e25_r077,0.9237668161434978,0.9237668161434978,0.16
1b,D7-p3,0.35,74,D7-p3_e35_r074,0.8787878787878788,0.8787878787878788,0.3433333333333333
1b,D2-K3par,0.25,76,D2-K3par_e25_r076,0.645933014354067,0.645933014354067,0.16666666666666666
1,D6-uniform,0.1,46,D6-uniform_e10_r046,0.9056603773584906,0.9056603773584906,0.12666666666666668
1,D2-K3par,0.1,46,D2-K3par_e10_r046,0.898876404494382,0.898876404494382,0.11333333333333333
1b,D6-uniform,0.3,77,D6-uniform_e30_r077,0.5240384615384616,0.5240384615384616,0.006666666666666667
1,D2-K3par,0.2,46,D2-K3par_e20_r046,0.9224137931034483,0.9224137931034483,0.23
1,D6-uniform,0.3,46,D6-uniform_e30_r046,0.594059405940594,0.594059405940594,0.0
1b,D8-K2par-sep,0.3,77,D8-K2par-sep_e30_r077,1.0,1.0,0.30333333333333334
1b,D8-K2par-sep,0.35,77,D8-K2par-sep_e35_r077,0.9950248756218906,0.9950248756218906,0.33
1b,D1-K2cross,0.25,78,D1-K2cross_e25_r078,0.8995433789954338,0.8995433789954338,0.27
1b,D2-K3par,0.3,77,D2-K3par_e30_r077,0.9282296650717703,0.9282296650717703,0.30333333333333334
1b,D1-K2cross,0.35,78,D1-K2cross_e35_r078,0.9607843137254902,0.9607843137254902,0.32
1b,D8-K2par-sep,0.25,77,D8-K2par-sep_e25_r077,1.0,1.0,0.2633333333333333
1,D6-uniform,0.2,46,D6-uniform_e20_r046,0.9294605809128631,0.9294605809128631,0.18
1,D8-K2par-sep,0.0,46,D8-K2par-sep_e00_r046,1.0,1.0,0.013333333333333334
1,D8-K2par-sep,0.1,46,D8-K2par-sep_e10_r046,1.0,1.0,0.10666666666666667
1,D8-K2par-sep,0.05,46,D8-K2par-sep_e05_r046,0.9965753424657534,0.9965753424657534,0.03333333333333333
1b,D1-K2cross,0.3,78,D1-K2cross_e30_r078,0.8977777777777778,0.8977777777777778,0.25
1,D8-K2par-sep,0.2,46,D8-K2par-sep_e20_r046,1.0,1.0,0.17333333333333334
1,D1-K2cross,0.0,47,D1-K2cross_e00_r047,0.9,0.9,0.02
1b,D3-unequal,0.25,78,D3-unequal_e25_r078,0.8834080717488789,0.8834080717488789,0.25666666666666665
1b,D3-unequal,0.35,78,D3-unequal_e35_r078,0.7340425531914894,0.7340425531914894,0.16666666666666666
1b,D3-unequal,0.3,78,D3-unequal_e30_r078,0.5260663507109005,0.5260663507109005,0.37
1,D8-K2par-sep,0.3,46,D8-K2par-sep_e30_r046,1.0,1.0,0.2733333333333333
1b,D4-hetero,0.3,78,D4-hetero_e30_r078,0.8970588235294118,0.8970588235294118,0.3233333333333333
1,D1-K2cross,0.05,47,D1-K2cross_e05_r047,0.8928571428571429,0.8928571428571429,0.08
1b,D4-hetero,0.25,78,D4-hetero_e25_r078,0.937799043062201,0.937799043062201,0.30666666666666664
1,D2-K3par,0.3,46,D2-K3par_e30_r046,0.631578947368421,0.631578947368421,0.16
1b,D4-hetero,0.35,78,D4-hetero_e35_r078,0.9184782608695652,0.9184782608695652,0.39666666666666667
1,D1-K2cross,0.1,47,D1-K2cross_e10_r047,0.9330855018587361,0.9330855018587361,0.10666666666666667
1b,D5-leverage,0.25,78,D5-leverage_e25_r078,0.5164319248826291,0.5164319248826291,0.03666666666666667
1b,D5-leverage,0.3,78,D5-leverage_e30_r078,0.5181347150259067,0.5181347150259067,0.0
1b,D7-p3,0.35,75,D7-p3_e35_r075,0.8928571428571429,0.8928571428571429,0.3466666666666667
1,D1-K2cross,0.2,47,D1-K2cross_e20_r047,0.9110169491525424,0.9110169491525424,0.21333333333333335
1,D1-K2cross,0.3,47,D1-K2cross_e30_r047,0.9004739336492891,0.9004739336492891,0.2966666666666667
1b,D7-p3,0.3,75,D7-p3_e30_r075,0.9305555555555556,0.9305555555555556,0.28
1b,D7-p3,0.25,75,D7-p3_e25_r075,0.8893805309734514,0.8893805309734514,0.24666666666666667
1,D7-p3,0.2,44,D7-p3_e20_r044,0.8704453441295547,0.8704453441295547,0.17666666666666667
1,D7-p3,0.0,45,D7-p3_e00_r045,0.9333333333333333,0.9333333333333333,0.03333333333333333
1b,D5-leverage,0.35,78,D5-leverage_e35_r078,0.5507246376811594,0.5507246376811594,0.07666666666666666
1b,D2-K3par,0.35,77,D2-K3par_e35_r077,0.635,0.635,0.18
1,D7-p3,0.1,44,D7-p3_e10_r044,0.9117647058823529,0.9117647058823529,0.12333333333333334
1b,D6-uniform,0.35,78,D6-uniform_e35_r078,0.51010101010101,0.51010101010101,0.0
1b,D6-uniform,0.25,78,D6-uniform_e25_r078,0.8995433789954338,0.8995433789954338,0.23666666666666666
1b,D7-p3,0.25,74,D7-p3_e25_r074,0.867579908675799,0.867579908675799,0.27
1b,D2-K3par,0.25,77,D2-K3par_e25_r077,0.6697674418604651,0.6697674418604651,0.13666666666666666
1,D3-unequal,0.0,47,D3-unequal_e00_r047,0.9,0.9,0.02666666666666667
1b,D6-uniform,0.3,78,D6-uniform_e30_r078,0.9186602870813397,0.9186602870813397,0.12
1b,D8-K2par-sep,0.25,78,D8-K2par-sep_e25_r078,1.0,1.0,0.24333333333333335
1,D7-p3,0.2,45,D7-p3_e20_r045,0.9234042553191489,0.9234042553191489,0.22
1b,D2-K3par,0.25,78,D2-K3par_e25_r078,0.9327354260089686,0.9327354260089686,0.25666666666666665
1,D3-unequal,0.1,47,D3-unequal_e10_r047,0.9145907473309609,0.9145907473309609,0.07666666666666666
1b,D8-K2par-sep,0.35,78,D8-K2par-sep_e35_r078,1.0,1.0,0.35333333333333333
1,D3-unequal,0.05,47,D3-unequal_e05_r047,0.9209621993127147,0.9209621993127147,0.043333333333333335
1b,D8-K2par-sep,0.3,78,D8-K2par-sep_e30_r078,1.0,1.0,0.29
1,D4-hetero,0.0,47,D4-hetero_e00_r047,0.93,0.93,0.03333333333333333
1,D3-unequal,0.2,47,D3-unequal_e20_r047,0.9066666666666666,0.9066666666666666,0.25
1,D4-hetero,0.05,47,D4-hetero_e05_r047,0.9154929577464789,0.9154929577464789,0.07666666666666666
1b,D1-K2cross,0.25,79,D1-K2cross_e25_r079,0.8913043478260869,0.8913043478260869,0.23333333333333334
1,D3-unequal,0.3,47,D3-unequal_e30_r047,0.9024390243902439,0.9024390243902439,0.31666666666666665
1,D4-hetero,0.2,47,D4-hetero_e20_r047,0.9082969432314411,0.9082969432314411,0.24
1,D5-leverage,0.0,47,D5-leverage_e00_r047,0.91,0.91,0.016666666666666666
1b,D7-p3,0.35,76,D7-p3_e35_r076,0.8983957219251337,0.8983957219251337,0.37666666666666665
1,D7-p3,0.05,45,D7-p3_e05_r045,0.9236111111111112,0.9236111111111112,0.05
1b,D1-K2cross,0.35,79,D1-K2cross_e35_r079,0.9301075268817204,0.9301075268817204,0.38
1,D4-hetero,0.3,47,D4-hetero_e30_r047,0.893719806763285,0.893719806763285,0.31333333333333335
1,D4-hetero,0.1,47,D4-hetero_e10_r047,0.9021739130434783,0.9021739130434783,0.11
1,D5-leverage,0.05,47,D5-leverage_e05_r047,0.9438596491228071,0.9438596491228071,0.07333333333333333
1,D7-p3,0.3,45,D7-p3_e30_r045,0.8975609756097561,0.8975609756097561,0.31666666666666665
1,D2-K3par,0.0,47,D2-K3par_e00_r047,0.9266666666666666,0.9266666666666666,0.01
1b,D1-K2cross,0.3,79,D1-K2cross_e30_r079,0.8851674641148325,0.8851674641148325,0.30333333333333334
1,D5-leverage,0.1,47,D5-leverage_e10_r047,0.9198473282442748,0.9198473282442748,0.13333333333333333
1b,D3-unequal,0.25,79,D3-unequal_e25_r079,0.875,0.875,0.23333333333333334
1,D5-leverage,0.2,47,D5-leverage_e20_r047,0.8991596638655462,0.8991596638655462,0.21
1,D5-leverage,0.3,47,D5-leverage_e30_r047,0.5145631067961165,0.5145631067961165,0.01
1,D6-uniform,0.05,47,D6-uniform_e05_r047,0.9045936395759717,0.9045936395759717,0.07333333333333333
1,D6-uniform,0.0,47,D6-uniform_e00_r047,0.93,0.93,0.006666666666666667
1,D2-K3par,0.05,47,D2-K3par_e05_r047,0.903114186851211,0.903114186851211,0.04666666666666667
1b,D4-hetero,0.3,79,D4-hetero_e30_r079,0.8986175115207373,0.8986175115207373,0.28
1b,D2-K3par,0.3,78,D2-K3par_e30_r078,0.6868686868686869,0.6868686868686869,0.17
1,D2-K3par,0.1,47,D2-K3par_e10_r047,0.9388489208633094,0.9388489208633094,0.07666666666666666
1b,D4-hetero,0.25,79,D4-hetero_e25_r079,0.9174311926605505,0.9174311926605505,0.27666666666666667
1b,D3-unequal,0.3,79,D3-unequal_e30_r079,0.9138755980861244,0.9138755980861244,0.30333333333333334
1b,D4-hetero,0.35,79,D4-hetero_e35_r079,0.94,0.94,0.3333333333333333
1b,D3-unequal,0.35,79,D3-unequal_e35_r079,0.8840579710144928,0.8840579710144928,0.31333333333333335
1b,D5-leverage,0.3,79,D5-leverage_e30_r079,0.5280373831775701,0.5280373831775701,0.03666666666666667
1,D6-uniform,0.1,47,D6-uniform_e10_r047,0.8867924528301887,0.8867924528301887,0.11666666666666667
1,D6-uniform,0.3,47,D6-uniform_e30_r047,0.9452054794520548,0.9452054794520548,0.18666666666666668
1,D6-uniform,0.2,47,D6-uniform_e20_r047,0.9090909090909091,0.9090909090909091,0.16
1b,D5-leverage,0.35,79,D5-leverage_e35_r079,0.5177664974619289,0.5177664974619289,0.01
1b,D5-leverage,0.25,79,D5-leverage_e25_r079,0.5353982300884956,0.5353982300884956,0.06666666666666667
1b,D7-p3,0.3,76,D7-p3_e30_r076,0.8975609756097561,0.8975609756097561,0.31666666666666665
1b,D6-uniform,0.25,79,D6-uniform_e25_r079,0.9045454545454545,0.9045454545454545,0.18666666666666668
1b,D7-p3,0.25,76,D7-p3_e25_r076,0.883177570093458,0.883177570093458,0.2866666666666667
1,D2-K3par,0.2,47,D2-K3par_e20_r047,0.92578125,0.92578125,0.14666666666666667
1b,D2-K3par,0.35,78,D2-K3par_e35_r078,0.40437158469945356,0.40437158469945356,0.0
1,D8-K2par-sep,0.0,47,D8-K2par-sep_e00_r047,0.9966666666666667,0.9966666666666667,0.0033333333333333335
1b,D6-uniform,0.3,79,D6-uniform_e30_r079,0.5409090909090909,0.5409090909090909,0.0
1b,D8-K2par-sep,0.3,79,D8-K2par-sep_e30_r079,0.9904306220095693,0.9904306220095693,0.30333333333333334
1,D8-K2par-sep,0.05,47,D8-K2par-sep_e05_r047,1.0,1.0,0.03
1b,D6-uniform,0.35,79,D6-uniform_e35_r079,0.5252525252525253,0.5252525252525253,0.0
1,D2-K3par,0.3,47,D2-K3par_e30_r047,0.7023255813953488,0.7023255813953488,0.2966666666666667
1,D8-K2par-sep,0.2,47,D8-K2par-sep_e20_r047,1.0,1.0,0.17666666666666667
1b,D8-K2par-sep,0.25,79,D8-K2par-sep_e25_r079,0.9956140350877193,0.9956140350877193,0.24
1,D8-K2par-sep,0.3,47,D8-K2par-sep_e30_r047,1.0,1.0,0.34
1b,D8-K2par-sep,0.35,79,D8-K2par-sep_e35_r079,0.9950980392156863,0.9950980392156863,0.32
1,D1-K2cross,0.0,48,D1-K2cross_e00_r048,0.9333333333333333,0.9333333333333333,0.023333333333333334
1,D8-K2par-sep,0.1,47,D8-K2par-sep_e10_r047,0.996309963099631,0.996309963099631,0.10333333333333333
1,D1-K2cross,0.05,48,D1-K2cross_e05_r048,0.9166666666666666,0.9166666666666666,0.05333333333333334
1b,D1-K2cross,0.25,80,D1-K2cross_e25_r080,0.9144144144144144,0.9144144144144144,0.2633333333333333
1,D1-K2cross,0.2,48,D1-K2cross_e20_r048,0.9176954732510288,0.9176954732510288,0.19
1b,D1-K2cross,0.3,80,D1-K2cross_e30_r080,0.9383886255924171,0.9383886255924171,0.2966666666666667
1,D1-K2cross,0.3,48,D1-K2cross_e30_r048,0.9043062200956937,0.9043062200956937,0.30333333333333334
1,D1-K2cross,0.1,48,D1-K2cross_e10_r048,0.899641577060932,0.899641577060932,0.07
1b,D2-K3par,0.25,79,D2-K3par_e25_r079,0.9026548672566371,0.9026548672566371,0.24666666666666667
1b,D1-K2cross,0.35,80,D1-K2cross_e35_r080,0.91005291005291,0.91005291005291,0.37
1b,D3-unequal,0.3,80,D3-unequal_e30_r080,0.9174757281553398,0.9174757281553398,0.31333333333333335
1b,D3-unequal,0.25,80,D3-unequal_e25_r080,0.9030837004405287,0.9030837004405287,0.24333333333333335
1,D3-unequal,0.0,48,D3-unequal_e00_r048,0.8933333333333333,0.8933333333333333,0.006666666666666667
1,D3-unequal,0.05,48,D3-unequal_e05_r048,0.9316546762589928,0.9316546762589928,0.08333333333333333
1b,D3-unequal,0.35,80,D3-unequal_e35_r080,0.923469387755102,0.923469387755102,0.3466666666666667
1b,D4-hetero,0.25,80,D4-hetero_e25_r080,0.9111111111111111,0.9111111111111111,0.25333333333333335
1,D3-unequal,0.1,48,D3-unequal_e10_r048,0.8856088560885609,0.8856088560885609,0.10333333333333333
1b,D2-K3par,0.3,79,D2-K3par_e30_r079,0.9166666666666666,0.9166666666666666,0.28
1b,D4-hetero,0.35,80,D4-hetero_e35_r080,0.9027777777777778,0.9027777777777778,0.28
1b,D4-hetero,0.3,80,D4-hetero_e30_r080,0.9122807017543859,0.9122807017543859,0.24333333333333335
1b,D5-leverage,0.3,80,D5-leverage_e30_r080,0.5235849056603774,0.5235849056603774,0.06666666666666667
1,D7-p3,0.1,45,D7-p3_e10_r045,0.9094202898550725,0.9094202898550725,0.09666666666666666
1b,D5-leverage,0.25,80,D5-leverage_e25_r080,0.5288888888888889,0.52,0.2
1,D3-unequal,0.2,48,D3-unequal_e20_r048,0.9063829787234042,0.9063829787234042,0.21666666666666667
1b,D5-leverage,0.35,80,D5-leverage_e35_r080,0.5904255319148937,0.5904255319148937,0.01
1b,D7-p3,0.35,77,D7-p3_e35_r077,0.941747572815534,0.941747572815534,0.31666666666666665
1,D3-unequal,0.3,48,D3-unequal_e30_r048,0.9166666666666666,0.9166666666666666,0.3233333333333333
1b,D7-p3,0.3,77,D7-p3_e30_r077,0.9170731707317074,0.9170731707317074,0.31666666666666665
1,D7-p3,0.0,46,D7-p3_e00_r046,0.9266666666666666,0.9266666666666666,0.03333333333333333
1,D4-hetero,0.05,48,D4-hetero_e05_r048,0.9335664335664335,0.9335664335664335,0.06666666666666667
1,D4-hetero,0.0,48,D4-hetero_e00_r048,0.9266666666666666,0.9266666666666666,0.02
1b,D2-K3par,0.35,79,D2-K3par_e35_r079,0.6666666666666666,0.6666666666666666,0.16666666666666666
1,D4-hetero,0.2,48,D4-hetero_e20_r048,0.8940677966101694,0.8940677966101694,0.22666666666666666
1,D7-p3,0.3,46,D7-p3_e30_r046,0.9150943396226415,0.9150943396226415,0.29333333333333333
1,D7-p3,0.05,46,D7-p3_e05_r046,0.916083916083916,0.916083916083916,0.07
1b,D6-uniform,0.35,80,D6-uniform_e35_r080,0.5049019607843137,0.5049019607843137,0.0
1b,D6-uniform,0.3,80,D6-uniform_e30_r080,0.8957345971563981,0.8957345971563981,0.1
1,D5-leverage,0.0,48,D5-leverage_e00_r048,0.9033333333333333,0.9033333333333333,0.016666666666666666
1,D5-leverage,0.05,48,D5-leverage_e05_r048,0.9407665505226481,0.9407665505226481,0.043333333333333335
1b,D6-uniform,0.25,80,D6-uniform_e25_r080,0.8760683760683761,0.8760683760683761,0.21666666666666667
1,D5-leverage,0.1,48,D5-leverage_e10_r048,0.9312977099236641,0.9312977099236641,0.12666666666666668
1,D5-leverage,0.2,48,D5-leverage_e20_r048,0.916,0.916,0.17333333333333334
1,D5-leverage,0.3,48,D5-leverage_e30_r048,0.5024154589371981,0.5024154589371981,0.006666666666666667
1b,D7-p3,0.25,77,D7-p3_e25_r077,0.9012875536480687,0.9012875536480687,0.23
1b,D8-K2par-sep,0.25,80,D8-K2par-sep_e25_r080,0.9955947136563876,0.9955947136563876,0.24333333333333335
1,D4-hetero,0.1,48,D4-hetero_e10_r048,0.9169675090252708,0.9169675090252708,0.09333333333333334
1b,D8-K2par-sep,0.35,80,D8-K2par-sep_e35_r080,0.9949494949494949,0.9949494949494949,0.34
1,D4-hetero,0.3,48,D4-hetero_e30_r048,0.8883495145631068,0.8883495145631068,0.31666666666666665
1b,D8-K2par-sep,0.3,80,D8-K2par-sep_e30_r080,1.0,1.0,0.35
1,D2-K3par,0.05,48,D2-K3par_e05_r048,0.9131944444444444,0.9131944444444444,0.043333333333333335
1,D2-K3par,0.0,48,D2-K3par_e00_r048,0.8866666666666667,0.8866666666666667,0.0033333333333333335
1,D6-uniform,0.0,48,D6-uniform_e00_r048,0.9166666666666666,0.9166666666666666,0.01
1b,D1-K2cross,0.3,81,D1-K2cross_e30_r081,0.9033816425120773,0.9033816425120773,0.31
1,D2-K3par,0.1,48,D2-K3par_e10_r048,0.9272727272727272,0.9272727272727272,0.08333333333333333
1b,D1-K2cross,0.35,81,D1-K2cross_e35_r081,0.9336734693877551,0.9336734693877551,0.3466666666666667
1,D6-uniform,0.1,48,D6-uniform_e10_r048,0.9077490774907749,0.9077490774907749,0.10666666666666667
1b,D1-K2cross,0.25,81,D1-K2cross_e25_r081,0.8927038626609443,0.8927038626609443,0.22666666666666666
1,D6-uniform,0.3,48,D6-uniform_e30_r048,0.9052132701421801,0.9052132701421801,0.12666666666666668
1,D6-uniform,0.05,48,D6-uniform_e05_r048,0.9370629370629371,0.9370629370629371,0.05333333333333334
1b,D3-unequal,0.25,81,D3-unequal_e25_r081,0.9037656903765691,0.9037656903765691,0.20333333333333334
1,D2-K3par,0.2,48,D2-K3par_e20_r048,0.9094650205761317,0.9094650205761317,0.19
1,D6-uniform,0.2,48,D6-uniform_e20_r048,0.9392712550607287,0.9392712550607287,0.18
1b,D3-unequal,0.3,81,D3-unequal_e30_r081,0.8803827751196173,0.8803827751196173,0.30333333333333334
1b,D2-K3par,0.25,80,D2-K3par_e25_r080,0.9022222222222223,0.9022222222222223,0.25
1,D8-K2par-sep,0.0,48,D8-K2par-sep_e00_r048,1.0,1.0,0.006666666666666667
1b,D3-unequal,0.35,81,D3-unequal_e35_r081,0.9052631578947369,0.9052631578947369,0.36666666666666664
1b,D2-K3par,0.3,80,D2-K3par_e30_r080,0.95260663507109,0.95260663507109,0.2966666666666667
1b,D4-hetero,0.3,81,D4-hetero_e30_r081,0.9170506912442397,0.9170506912442397,0.28
1b,D7-p3,0.35,78,D7-p3_e35_r078,0.9128205128205128,0.9128205128205128,0.35
1b,D4-hetero,0.35,81,D4-hetero_e35_r081,0.9545454545454546,0.9545454545454546,0.3433333333333333
1b,D4-hetero,0.25,81,D4-hetero_e25_r081,0.9244444444444444,0.9244444444444444,0.25666666666666665
1,D8-K2par-sep,0.05,48,D8-K2par-sep_e05_r048,1.0,1.0,0.043333333333333335
1b,D5-leverage,0.25,81,D5-leverage_e25_r081,0.5426008968609866,0.5426008968609866,0.14333333333333334
1,D8-K2par-sep,0.1,48,D8-K2par-sep_e10_r048,0.996268656716418,0.996268656716418,0.10666666666666667
1b,D7-p3,0.3,78,D7-p3_e30_r078,0.9032258064516129,0.9032258064516129,0.27666666666666667
1b,D5-leverage,0.35,81,D5-leverage_e35_r081,0.5358851674641149,0.5358851674641149,0.03
1,D2-K3par,0.3,48,D2-K3par_e30_r048,0.6069651741293532,0.6069651741293532,0.12666666666666668
1b,D2-K3par,0.35,80,D2-K3par_e35_r080,0.3602150537634409,0.3602150537634409,0.0
1,D1-K2cross,0.0,49,D1-K2cross_e00_r049,0.94,0.94,0.0033333333333333335
1b,D5-leverage,0.3,81,D5-leverage_e30_r081,0.5476190476190477,0.5476190476190477,0.05
1,D8-K2par-sep,0.2,48,D8-K2par-sep_e20_r048,0.9958333333333333,0.9958333333333333,0.21666666666666667
1b,D6-uniform,0.3,81,D6-uniform_e30_r081,0.5095238095238095,0.5095238095238095,0.0
1,D1-K2cross,0.2,49,D1-K2cross_e20_r049,0.8669527896995708,0.8669527896995708,0.23666666666666666
1b,D6-uniform,0.35,81,D6-uniform_e35_r081,0.8768472906403941,0.8768472906403941,0.20666666666666667
1,D1-K2cross,0.1,49,D1-K2cross_e10_r049,0.9197080291970803,0.9197080291970803,0.09666666666666666
1,D8-K2par-sep,0.3,48,D8-K2par-sep_e30_r048,1.0,1.0,0.33
1b,D6-uniform,0.25,81,D6-uniform_e25_r081,0.8803418803418803,0.8803418803418803,0.2
1,D1-K2cross,0.05,49,D1-K2cross_e05_r049,0.9,0.9,0.04
1,D1-K2cross,0.3,49,D1-K2cross_e30_r049,0.9141414141414141,0.9141414141414141,0.34
1,D7-p3,0.1,46,D7-p3_e10_r046,0.8996282527881041,0.8996282527881041,0.15
1b,D8-K2par-sep,0.25,81,D8-K2par-sep_e25_r081,1.0,1.0,0.24666666666666667
1,D7-p3,0.2,46,D7-p3_e20_r046,0.9620253164556962,0.9620253164556962,0.21
1b,D8-K2par-sep,0.3,81,D8-K2par-sep_e30_r081,1.0,1.0,0.31666666666666665
1b,D1-K2cross,0.25,82,D1-K2cross_e25_r082,0.9099099099099099,0.9099099099099099,0.26
1b,D8-K2par-sep,0.35,81,D8-K2par-sep_e35_r081,0.995049504950495,0.995049504950495,0.32666666666666666
1b,D1-K2cross,0.35,82,D1-K2cross_e35_r082,0.9175257731958762,0.9175257731958762,0.35333333333333333
1b,D1-K2cross,0.3,82,D1-K2cross_e30_r082,0.8962264150943396,0.8962264150943396,0.29333333333333333
1,D3-unequal,0.0,49,D3-unequal_e00_r049,0.89,0.89,0.04666666666666667
1,D3-unequal,0.05,49,D3-unequal_e05_r049,0.925531914893617,0.925531914893617,0.07333333333333333
1,D3-unequal,0.1,49,D3-unequal_e10_r049,0.8876404494382022,0.8876404494382022,0.11
1b,D2-K3par,0.25,81,D2-K3par_e25_r081,0.8959276018099548,0.8959276018099548,0.2633333333333333
1,D4-hetero,0.0,49,D4-hetero_e00_r049,0.91,0.91,0.04
1b,D2-K3par,0.3,81,D2-K3par_e30_r081,0.8651162790697674,0.8651162790697674,0.2833333333333333
1b,D3-unequal,0.25,82,D3-unequal_e25_r082,0.9292035398230089,0.9292035398230089,0.24666666666666667
1,D7-p3,0.3,47,D7-p3_e30_r047,0.927536231884058,0.927536231884058,0.3233333333333333
1,D3-unequal,0.2,49,D3-unequal_e20_r049,0.9121338912133892,0.9121338912133892,0.21
1,D3-unequal,0.3,49,D3-unequal_e30_r049,0.9041095890410958,0.9041095890410958,0.27
1b,D7-p3,0.35,79,D7-p3_e35_r079,0.9351351351351351,0.9351351351351351,0.44
1,D4-hetero,0.2,49,D4-hetero_e20_r049,0.8995983935742972,0.8995983935742972,0.18333333333333332
1b,D3-unequal,0.3,82,D3-unequal_e30_r082,0.9,0.9,0.3
1b,D3-unequal,0.35,82,D3-unequal_e35_r082,0.7704081632653061,0.7704081632653061,0.23666666666666666
1b,D4-hetero,0.25,82,D4-hetero_e25_r082,0.892018779342723,0.892018779342723,0.2966666666666667
1,D4-hetero,0.05,49,D4-hetero_e05_r049,0.896797153024911,0.896797153024911,0.08333333333333333
1,D7-p3,0.05,47,D7-p3_e05_r047,0.9134948096885813,0.9134948096885813,0.07333333333333333
1,D4-hetero,0.1,49,D4-hetero_e10_r049,0.9010989010989011,0.9010989010989011,0.11666666666666667
1b,D4-hetero,0.3,82,D4-hetero_e30_r082,0.9077669902912622,0.9077669902912622,0.3233333333333333
1,D4-hetero,0.3,49,D4-hetero_e30_r049,0.9170506912442397,0.9170506912442397,0.27666666666666667
1b,D7-p3,0.25,79,D7-p3_e25_r079,0.918552036199095,0.918552036199095,0.2633333333333333
1b,D2-K3par,0.35,81,D2-K3par_e35_r081,0.3651685393258427,0.3651685393258427,0.0033333333333333335
1b,D4-hetero,0.35,82,D4-hetero_e35_r082,0.925531914893617,0.925531914893617,0.37333333333333335
1,D5-leverage,0.0,49,D5-leverage_e00_r049,0.94,0.94,0.02
1b,D5-leverage,0.25,82,D5-leverage_e25_r082,0.5067873303167421,0.5067873303167421,0.10333333333333333
1,D5-leverage,0.1,49,D5-leverage_e10_r049,0.8880597014925373,0.8880597014925373,0.11666666666666667
1,D2-K3par,0.0,49,D2-K3par_e00_r049,0.9,0.9,0.0
1,D2-K3par,0.05,49,D2-K3par_e05_r049,0.906896551724138,0.906896551724138,0.03333333333333333
1b,D6-uniform,0.25,82,D6-uniform_e25_r082,0.8967136150234741,0.8967136150234741,0.15
1,D5-leverage,0.2,49,D5-leverage_e20_r049,0.8866396761133604,0.8866396761133604,0.18333333333333332
1b,D5-leverage,0.35,82,D5-leverage_e35_r082,0.5129533678756477,0.5129533678756477,0.0
1,D5-leverage,0.05,49,D5-leverage_e05_r049,0.9323843416370107,0.9323843416370107,0.08
1b,D5-leverage,0.3,82,D5-leverage_e30_r082,0.5336538461538461,0.5336538461538461,0.06666666666666667
1b,D6-uniform,0.3,82,D6-uniform_e30_r082,0.5735294117647058,0.5735294117647058,0.0
1,D5-leverage,0.3,49,D5-leverage_e30_r049,0.5205479452054794,0.5205479452054794,0.09666666666666666
1b,D6-uniform,0.35,82,D6-uniform_e35_r082,0.5297029702970297,0.5297029702970297,0.0
1b,D7-p3,0.3,79,D7-p3_e30_r079,0.9130434782608695,0.9130434782608695,0.31
1,D6-uniform,0.0,49,D6-uniform_e00_r049,0.9066666666666666,0.9066666666666666,0.013333333333333334
1,D7-p3,0.0,47,D7-p3_e00_r047,0.9,0.9,0.03666666666666667
1,D6-uniform,0.3,49,D6-uniform_e30_r049,0.502283105022831,0.502283105022831,0.0
1,D6-uniform,0.05,49,D6-uniform_e05_r049,0.9148936170212766,0.9148936170212766,0.06333333333333334
1b,D8-K2par-sep,0.3,82,D8-K2par-sep_e30_r082,0.9949748743718593,0.9949748743718593,0.33666666666666667
1,D2-K3par,0.2,49,D2-K3par_e20_r049,0.9392712550607287,0.9392712550607287,0.17666666666666667
1b,D7-p3,0.25,78,D7-p3_e25_r078,0.9288888888888889,0.9288888888888889,0.25666666666666665
1,D6-uniform,0.1,49,D6-uniform_e10_r049,0.9053030303030303,0.9053030303030303,0.13333333333333333
1b,D8-K2par-sep,0.35,82,D8-K2par-sep_e35_r082,1.0,1.0,0.3566666666666667
1b,D8-K2par-sep,0.25,82,D8-K2par-sep_e25_r082,0.9911504424778761,0.9911504424778761,0.24666666666666667
1,D6-uniform,0.2,49,D6-uniform_e20_r049,0.8958333333333334,0.8958333333333334,0.20333333333333334
1b,D7-p3,0.25,80,D7-p3_e25_r080,0.8571428571428571,0.8571428571428571,0.23333333333333334
1,D2-K3par,0.1,49,D2-K3par_e10_r049,0.9015151515151515,0.9015151515151515,0.12
1b,D1-K2cross,0.25,83,D1-K2cross_e25_r083,0.9398148148148148,0.9398148148148148,0.28
1b,D1-K2cross,0.35,83,D1-K2cross_e35_r083,0.9035532994923858,0.9035532994923858,0.3433333333333333
1b,D1-K2cross,0.3,83,D1-K2cross_e30_r083,0.9158878504672897,0.9158878504672897,0.2866666666666667
1,D8-K2par-sep,0.0,49,D8-K2par-sep_e00_r049,1.0,1.0,0.01
1,D8-K2par-sep,0.1,49,D8-K2par-sep_e10_r049,1.0,1.0,0.08333333333333333
1b,D2-K3par,0.25,82,D2-K3par_e25_r082,0.9155555555555556,0.9155555555555556,0.25
1,D8-K2par-sep,0.05,49,D8-K2par-sep_e05_r049,0.993006993006993,0.993006993006993,0.05333333333333334
1,D8-K2par-sep,0.2,49,D8-K2par-sep_e20_r049,1.0,1.0,0.25333333333333335
1b,D3-unequal,0.25,83,D3-unequal_e25_r083,0.9248826291079812,0.9248826291079812,0.29
1b,D3-unequal,0.3,83,D3-unequal_e30_r083,0.8721461187214612,0.8721461187214612,0.28
1,D2-K3par,0.3,49,D2-K3par_e30_r049,0.93,0.93,0.3333333333333333
1b,D4-hetero,0.3,83,D4-hetero_e30_r083,0.9356435643564357,0.9356435643564357,0.32666666666666666
1b,D4-hetero,0.25,83,D4-hetero_e25_r083,0.9321266968325792,0.9321266968325792,0.27
1b,D3-unequal,0.35,83,D3-unequal_e35_r083,0.7087912087912088,0.7087912087912088,0.18333333333333332
1b,D5-leverage,0.25,83,D5-leverage_e25_r083,0.9106382978723404,0.9106382978723404,0.21666666666666667
1,D8-K2par-sep,0.3,49,D8-K2par-sep_e30_r049,0.9951219512195122,0.9951219512195122,0.31666666666666665
1b,D5-leverage,0.35,83,D5-leverage_e35_r083,0.5185185185185185,0.5185185185185185,0.0033333333333333335
1b,D6-uniform,0.25,83,D6-uniform_e25_r083,0.5280373831775701,0.5280373831775701,0.0
1b,D2-K3par,0.35,82,D2-K3par_e35_r082,0.678391959798995,0.678391959798995,0.16333333333333333
1b,D6-uniform,0.3,83,D6-uniform_e30_r083,0.5245098039215687,0.5245098039215687,0.0033333333333333335
1b,D4-hetero,0.35,83,D4-hetero_e35_r083,0.8969072164948454,0.8969072164948454,0.3566666666666667
1b,D6-uniform,0.35,83,D6-uniform_e35_r083,0.5625,0.5625,0.01
1b,D5-leverage,0.3,83,D5-leverage_e30_r083,0.585,0.585,0.07
1b,D7-p3,0.3,80,D7-p3_e30_r080,0.916256157635468,0.916256157635468,0.3233333333333333
1b,D8-K2par-sep,0.35,83,D8-K2par-sep_e35_r083,0.9943820224719101,0.9943820224719101,0.4066666666666667
1b,D8-K2par-sep,0.25,83,D8-K2par-sep_e25_r083,1.0,1.0,0.2733333333333333
1b,D1-K2cross,0.3,84,D1-K2cross_e30_r084,0.8682926829268293,0.8682926829268293,0.31666666666666665
1b,D2-K3par,0.3,82,D2-K3par_e30_r082,0.6650717703349283,0.6650717703349283,0.12666666666666668
1b,D1-K2cross,0.25,84,D1-K2cross_e25_r084,0.9353448275862069,0.9353448275862069,0.23
1b,D8-K2par-sep,0.3,83,D8-K2par-sep_e30_r083,1.0,1.0,0.32
1b,D3-unequal,0.25,84,D3-unequal_e25_r084,0.9054054054054054,0.9054054054054054,0.26
1b,D1-K2cross,0.35,84,D1-K2cross_e35_r084,0.9267015706806283,0.9267015706806283,0.36333333333333334
1,D7-p3,0.1,47,D7-p3_e10_r047,0.909433962264151,0.909433962264151,0.13
1,D7-p3,0.2,47,D7-p3_e20_r047,0.9152542372881356,0.9152542372881356,0.21666666666666667
1b,D7-p3,0.35,80,D7-p3_e35_r080,0.9162011173184358,0.9162011173184358,0.41333333333333333
1b,D5-leverage,0.3,84,D5-leverage_e30_r084,0.5117370892018779,0.5117370892018779,0.013333333333333334
1b,D3-unequal,0.35,84,D3-unequal_e35_r084,0.9187817258883249,0.9187817258883249,0.3433333333333333
1b,D3-unequal,0.3,84,D3-unequal_e30_r084,0.9033816425120773,0.9033816425120773,0.31
1b,D5-leverage,0.25,84,D5-leverage_e25_r084,0.8009049773755657,0.5294117647058824,0.10333333333333333
1b,D4-hetero,0.35,84,D4-hetero_e35_r084,0.8730964467005076,0.8730964467005076,0.3466666666666667
1b,D4-hetero,0.3,84,D4-hetero_e30_r084,0.9074074074074074,0.9074074074074074,0.29
1b,D5-leverage,0.35,84,D5-leverage_e35_r084,0.5186915887850467,0.5186915887850467,0.09
1b,D4-hetero,0.25,84,D4-hetero_e25_r084,0.9353233830845771,0.9353233830845771,0.3333333333333333
1b,D6-uniform,0.35,84,D6-uniform_e35_r084,0.5373134328358209,0.5373134328358209,0.0
1b,D2-K3par,0.25,83,D2-K3par_e25_r083,0.9241071428571429,0.9241071428571429,0.25333333333333335
1b,D6-uniform,0.25,84,D6-uniform_e25_r084,0.9272727272727272,0.9272727272727272,0.25666666666666665
1b,D8-K2par-sep,0.3,84,D8-K2par-sep_e30_r084,0.9953271028037384,0.9953271028037384,0.2866666666666667
1b,D6-uniform,0.3,84,D6-uniform_e30_r084,0.919047619047619,0.919047619047619,0.25666666666666665
1b,D8-K2par-sep,0.25,84,D8-K2par-sep_e25_r084,1.0,1.0,0.2833333333333333
1b,D8-K2par-sep,0.35,84,D8-K2par-sep_e35_r084,1.0,1.0,0.3433333333333333
1,D7-p3,0.05,48,D7-p3_e05_r048,0.9003436426116839,0.9003436426116839,0.05
1b,D1-K2cross,0.35,85,D1-K2cross_e35_r085,0.8899521531100478,0.8899521531100478,0.30333333333333334
1b,D7-p3,0.3,81,D7-p3_e30_r081,0.9234449760765551,0.9234449760765551,0.30333333333333334
1b,D1-K2cross,0.25,85,D1-K2cross_e25_r085,0.9177489177489178,0.9177489177489178,0.23
1b,D3-unequal,0.25,85,D3-unequal_e25_r085,0.9311926605504587,0.9311926605504587,0.2733333333333333
1b,D7-p3,0.25,81,D7-p3_e25_r081,0.8945147679324894,0.8945147679324894,0.21
1b,D1-K2cross,0.3,85,D1-K2cross_e30_r085,0.9054726368159204,0.9054726368159204,0.33
1b,D3-unequal,0.3,85,D3-unequal_e30_r085,0.5148514851485149,0.5148514851485149,0.32666666666666666
1b,D3-unequal,0.35,85,D3-unequal_e35_r085,0.9473684210526315,0.9473684210526315,0.30666666666666664
1b,D4-hetero,0.35,85,D4-hetero_e35_r085,0.9238578680203046,0.9238578680203046,0.3433333333333333
1b,D4-hetero,0.25,85,D4-hetero_e25_r085,0.9004524886877828,0.9004524886877828,0.2733333333333333
1b,D4-hetero,0.3,85,D4-hetero_e30_r085,0.9090909090909091,0.9090909090909091,0.30666666666666664
1b,D5-leverage,0.25,85,D5-leverage_e25_r085,0.5707317073170731,0.5707317073170731,0.02
1b,D5-leverage,0.35,85,D5-leverage_e35_r085,0.5728643216080402,0.5728643216080402,0.013333333333333334
1b,D5-leverage,0.3,85,D5-leverage_e30_r085,0.5023923444976076,0.5023923444976076,0.013333333333333334
1,D7-p3,0.3,48,D7-p3_e30_r048,0.9027777777777778,0.9027777777777778,0.28
1b,D6-uniform,0.35,85,D6-uniform_e35_r085,0.5544041450777202,0.5544041450777202,0.0
1b,D6-uniform,0.25,85,D6-uniform_e25_r085,0.8818181818181818,0.8818181818181818,0.12
1b,D6-uniform,0.3,85,D6-uniform_e30_r085,0.9150943396226415,0.9150943396226415,0.18333333333333332
1b,D8-K2par-sep,0.25,85,D8-K2par-sep_e25_r085,1.0,1.0,0.20666666666666667
1b,D8-K2par-sep,0.35,85,D8-K2par-sep_e35_r085,1.0,1.0,0.28
1b,D2-K3par,0.25,84,D2-K3par_e25_r084,0.8888888888888888,0.8888888888888888,0.28
1b,D1-K2cross,0.25,86,D1-K2cross_e25_r086,0.85,0.85,0.26666666666666666
1b,D2-K3par,0.35,83,D2-K3par_e35_r083,0.3684210526315789,0.3684210526315789,0.0
1b,D8-K2par-sep,0.3,85,D8-K2par-sep_e30_r085,1.0,1.0,0.26666666666666666
1b,D1-K2cross,0.35,86,D1-K2cross_e35_r086,0.5294117647058824,0.5294117647058824,0.37666666666666665
1,D7-p3,0.1,48,D7-p3_e10_r048,0.9044117647058824,0.9044117647058824,0.10333333333333333
1b,D1-K2cross,0.3,86,D1-K2cross_e30_r086,0.9234449760765551,0.9234449760765551,0.30333333333333334
1b,D3-unequal,0.25,86,D3-unequal_e25_r086,0.9487179487179487,0.9487179487179487,0.22
1b,D3-unequal,0.35,86,D3-unequal_e35_r086,0.885,0.885,0.3333333333333333
1,D7-p3,0.0,48,D7-p3_e00_r048,0.9133333333333333,0.9133333333333333,0.06333333333333334
1b,D2-K3par,0.3,83,D2-K3par_e30_r083,0.7233009708737864,0.7233009708737864,0.15666666666666668
1b,D4-hetero,0.3,86,D4-hetero_e30_r086,0.8848167539267016,0.8848167539267016,0.36333333333333334
1b,D5-leverage,0.35,86,D5-leverage_e35_r086,0.5104166666666666,0.5104166666666666,0.0033333333333333335
1b,D3-unequal,0.3,86,D3-unequal_e30_r086,0.9466666666666667,0.9466666666666667,0.25333333333333335
1b,D5-leverage,0.3,86,D5-leverage_e30_r086,0.5776699029126213,0.5776699029126213,0.07333333333333333
1b,D4-hetero,0.25,86,D4-hetero_e25_r086,0.9142857142857143,0.9142857142857143,0.30333333333333334
1b,D5-leverage,0.25,86,D5-leverage_e25_r086,0.5211267605633803,0.5211267605633803,0.07
1b,D2-K3par,0.35,84,D2-K3par_e35_r084,0.38421052631578945,0.38421052631578945,0.0
1b,D6-uniform,0.25,86,D6-uniform_e25_r086,0.8883720930232558,0.8883720930232558,0.18333333333333332
1b,D6-uniform,0.35,86,D6-uniform_e35_r086,0.5051546391752577,0.5051546391752577,0.0
1b,D4-hetero,0.35,86,D4-hetero_e35_r086,0.883177570093458,0.883177570093458,0.29333333333333333
1b,D6-uniform,0.3,86,D6-uniform_e30_r086,0.9481132075471698,0.9481132075471698,0.21666666666666667
1b,D2-K3par,0.3,84,D2-K3par_e30_r084,0.6747572815533981,0.6747572815533981,0.12
1b,D1-K2cross,0.25,87,D1-K2cross_e25_r087,0.8991228070175439,0.8991228070175439,0.24
1b,D1-K2cross,0.3,87,D1-K2cross_e30_r087,0.9090909090909091,0.9090909090909091,0.34
1b,D8-K2par-sep,0.3,86,D8-K2par-sep_e30_r086,1.0,1.0,0.28
1b,D1-K2cross,0.35,87,D1-K2cross_e35_r087,0.9090909090909091,0.9090909090909091,0.30333333333333334
1b,D2-K3par,0.25,85,D2-K3par_e25_r085,0.8782608695652174,0.8782608695652174,0.23333333333333334
1b,D8-K2par-sep,0.35,86,D8-K2par-sep_e35_r086,1.0,1.0,0.3333333333333333
1,D7-p3,0.2,48,D7-p3_e20_r048,0.9333333333333333,0.9333333333333333,0.2
1b,D8-K2par-sep,0.25,86,D8-K2par-sep_e25_r086,1.0,1.0,0.24666666666666667
1b,D3-unequal,0.3,87,D3-unequal_e30_r087,0.9305555555555556,0.9305555555555556,0.28
1b,D3-unequal,0.35,87,D3-unequal_e35_r087,0.9253731343283582,0.9253731343283582,0.33
1b,D4-hetero,0.25,87,D4-hetero_e25_r087,0.915929203539823,0.915929203539823,0.26
1b,D3-unequal,0.25,87,D3-unequal_e25_r087,0.9254385964912281,0.9254385964912281,0.24
1b,D5-leverage,0.25,87,D5-leverage_e25_r087,0.5111111111111111,0.5111111111111111,0.06
1b,D4-hetero,0.35,87,D4-hetero_e35_r087,0.9076923076923077,0.9076923076923077,0.35
1b,D5-leverage,0.3,87,D5-leverage_e30_r087,0.5270935960591133,0.5270935960591133,0.05333333333333334
1b,D6-uniform,0.25,87,D6-uniform_e25_r087,0.5091743119266054,0.5091743119266054,0.013333333333333334
1b,D4-hetero,0.3,87,D4-hetero_e30_r087,0.9473684210526315,0.9473684210526315,0.31
1,D7-p3,0.05,49,D7-p3_e05_r049,0.9366197183098591,0.9366197183098591,0.07
1b,D5-leverage,0.35,87,D5-leverage_e35_r087,0.5128205128205128,0.5128205128205128,0.0033333333333333335
1b,D7-p3,0.35,82,D7-p3_e35_r082,0.93048128342246,0.93048128342246,0.37666666666666665
1b,D7-p3,0.35,81,D7-p3_e35_r081,0.9278846153846154,0.9278846153846154,0.31333333333333335
1b,D2-K3par,0.35,85,D2-K3par_e35_r085,0.6736842105263158,0.6736842105263158,0.17
1,D7-p3,0.0,49,D7-p3_e00_r049,0.9033333333333333,0.9033333333333333,0.013333333333333334
1b,D2-K3par,0.25,86,D2-K3par_e25_r086,0.9111111111111111,0.9111111111111111,0.25
1b,D7-p3,0.3,82,D7-p3_e30_r082,0.917098445595855,0.917098445595855,0.36333333333333334
1b,D6-uniform,0.3,87,D6-uniform_e30_r087,0.9041095890410958,0.9041095890410958,0.20666666666666667
1b,D2-K3par,0.3,85,D2-K3par_e30_r085,0.6682926829268293,0.6682926829268293,0.13333333333333333
1b,D2-K3par,0.3,86,D2-K3par_e30_r086,0.9178082191780822,0.9178082191780822,0.27
1b,D6-uniform,0.35,87,D6-uniform_e35_r087,0.9081632653061225,0.9081632653061225,0.056666666666666664
1b,D8-K2par-sep,0.25,87,D8-K2par-sep_e25_r087,1.0,1.0,0.23666666666666666
1b,D8-K2par-sep,0.35,87,D8-K2par-sep_e35_r087,1.0,1.0,0.38333333333333336
1b,D7-p3,0.25,82,D7-p3_e25_r082,0.8995633187772926,0.8995633187772926,0.24
1b,D1-K2cross,0.25,88,D1-K2cross_e25_r088,0.9227272727272727,0.9227272727272727,0.26666666666666666
1b,D8-K2par-sep,0.3,87,D8-K2par-sep_e30_r087,1.0,1.0,0.30333333333333334
1b,D1-K2cross,0.35,88,D1-K2cross_e35_r088,0.9004739336492891,0.9004739336492891,0.2966666666666667
1b,D1-K2cross,0.3,88,D1-K2cross_e30_r088,0.900990099009901,0.900990099009901,0.32666666666666666
1b,D4-hetero,0.3,88,D4-hetero_e30_r088,0.9130434782608695,0.9130434782608695,0.32
1b,D3-unequal,0.35,88,D3-unequal_e35_r088,0.912621359223301,0.912621359223301,0.31333333333333335
1b,D3-unequal,0.25,88,D3-unequal_e25_r088,0.8837209302325582,0.8837209302325582,0.2833333333333333
1b,D4-hetero,0.25,88,D4-hetero_e25_r088,0.8873873873873874,0.8873873873873874,0.27
1b,D5-leverage,0.25,88,D5-leverage_e25_r088,0.5,0.5,0.07666666666666666
1b,D4-hetero,0.35,88,D4-hetero_e35_r088,0.9183673469387755,0.9183673469387755,0.35
1b,D2-K3par,0.35,86,D2-K3par_e35_r086,0.6071428571428571,0.6071428571428571,0.17666666666666667
1b,D7-p3,0.25,83,D7-p3_e25_r083,0.9045454545454545,0.9045454545454545,0.26666666666666666
1,D7-p3,0.3,49,D7-p3_e30_r049,0.9090909090909091,0.9090909090909091,0.30333333333333334
1b,D6-uniform,0.35,88,D6-uniform_e35_r088,0.518324607329843,0.518324607329843,0.0
1b,D6-uniform,0.25,88,D6-uniform_e25_r088,0.5097087378640777,0.5097087378640777,0.0
1b,D3-unequal,0.3,88,D3-unequal_e30_r088,0.9041095890410958,0.9041095890410958,0.27
1b,D5-leverage,0.3,88,D5-leverage_e30_r088,0.511520737327189,0.511520737327189,0.09666666666666666
1b,D5-leverage,0.35,88,D5-leverage_e35_r088,0.5454545454545454,0.5454545454545454,0.0033333333333333335
1b,D8-K2par-sep,0.3,88,D8-K2par-sep_e30_r088,1.0,1.0,0.3566666666666667
1b,D7-p3,0.35,83,D7-p3_e35_r083,0.9195979899497487,0.9195979899497487,0.34
1b,D6-uniform,0.3,88,D6-uniform_e30_r088,0.8828828828828829,0.8828828828828829,0.18
1b,D8-K2par-sep,0.35,88,D8-K2par-sep_e35_r088,0.9948717948717949,0.9948717948717949,0.35
1,D7-p3,0.1,49,D7-p3_e10_r049,0.9154411764705882,0.9154411764705882,0.10333333333333333
1b,D8-K2par-sep,0.25,88,D8-K2par-sep_e25_r088,1.0,1.0,0.25666666666666665
1b,D1-K2cross,0.3,89,D1-K2cross_e30_r089,0.9308510638297872,0.9308510638297872,0.37333333333333335
1b,D3-unequal,0.25,89,D3-unequal_e25_r089,0.8940092165898618,0.8940092165898618,0.28
1b,D2-K3par,0.25,87,D2-K3par_e25_r087,0.9181818181818182,0.9181818181818182,0.26666666666666666
1b,D3-unequal,0.35,89,D3-unequal_e35_r089,0.9082125603864735,0.9082125603864735,0.31
1b,D1-K2cross,0.25,89,D1-K2cross_e25_r089,0.8908296943231441,0.8908296943231441,0.24
1b,D1-K2cross,0.35,89,D1-K2cross_e35_r089,0.88,0.88,0.3333333333333333
1b,D3-unequal,0.3,89,D3-unequal_e30_r089,0.9158878504672897,0.9158878504672897,0.2866666666666667
1b,D4-hetero,0.35,89,D4-hetero_e35_r089,0.9095477386934674,0.9095477386934674,0.33666666666666667
1b,D4-hetero,0.25,89,D4-hetero_e25_r089,0.9054054054054054,0.9054054054054054,0.27
1b,D6-uniform,0.25,89,D6-uniform_e25_r089,0.8968609865470852,0.8968609865470852,0.21
1b,D6-uniform,0.3,89,D6-uniform_e30_r089,0.9396984924623115,0.9396984924623115,0.22333333333333333
1b,D5-leverage,0.25,89,D5-leverage_e25_r089,0.5022026431718062,0.5022026431718062,0.09
1b,D6-uniform,0.35,89,D6-uniform_e35_r089,0.9252336448598131,0.9252336448598131,0.20666666666666667
1b,D5-leverage,0.3,89,D5-leverage_e30_r089,0.5774647887323944,0.5774647887323944,0.05333333333333334
1b,D4-hetero,0.3,89,D4-hetero_e30_r089,0.9342723004694836,0.9342723004694836,0.2966666666666667
1b,D5-leverage,0.35,89,D5-leverage_e35_r089,0.5360824742268041,0.5360824742268041,0.01
1b,D7-p3,0.25,84,D7-p3_e25_r084,0.9192825112107623,0.9192825112107623,0.25666666666666665
1b,D8-K2par-sep,0.35,89,D8-K2par-sep_e35_r089,1.0,1.0,0.38333333333333336
1b,D1-K2cross,0.25,90,D1-K2cross_e25_r090,0.9269406392694064,0.9269406392694064,0.27
1b,D7-p3,0.35,84,D7-p3_e35_r084,0.9055555555555556,0.9055555555555556,0.4
1b,D8-K2par-sep,0.3,89,D8-K2par-sep_e30_r089,1.0,1.0,0.3
1b,D8-K2par-sep,0.25,89,D8-K2par-sep_e25_r089,1.0,1.0,0.23333333333333334
1b,D2-K3par,0.3,87,D2-K3par_e30_r087,0.4057971014492754,0.3719806763285024,0.006666666666666667
1b,D1-K2cross,0.3,90,D1-K2cross_e30_r090,0.9359605911330049,0.9359605911330049,0.3233333333333333
1b,D2-K3par,0.35,87,D2-K3par_e35_r087,0.6972972972972973,0.6972972972972973,0.17
1b,D1-K2cross,0.35,90,D1-K2cross_e35_r090,0.9375,0.9375,0.30666666666666664
1,D7-p3,0.2,49,D7-p3_e20_r049,0.8936170212765957,0.8936170212765957,0.23
1b,D3-unequal,0.35,90,D3-unequal_e35_r090,0.9270833333333334,0.9270833333333334,0.36
1b,D3-unequal,0.3,90,D3-unequal_e30_r090,0.9120370370370371,0.9120370370370371,0.2833333333333333
1b,D2-K3par,0.25,88,D2-K3par_e25_r088,0.9013452914798207,0.9013452914798207,0.25666666666666665
1b,D4-hetero,0.25,90,D4-hetero_e25_r090,0.908256880733945,0.908256880733945,0.27666666666666667
1b,D5-leverage,0.25,90,D5-leverage_e25_r090,0.5069767441860465,0.5069767441860465,0.10333333333333333
1b,D3-unequal,0.25,90,D3-unequal_e25_r090,0.9464285714285714,0.9464285714285714,0.26
1b,D4-hetero,0.35,90,D4-hetero_e35_r090,0.8829787234042553,0.8829787234042553,0.37666666666666665
1b,D5-leverage,0.3,90,D5-leverage_e30_r090,0.5120772946859904,0.5120772946859904,0.05333333333333334
1b,D4-hetero,0.3,90,D4-hetero_e30_r090,0.9108910891089109,0.9108910891089109,0.33666666666666667
1b,D6-uniform,0.35,90,D6-uniform_e35_r090,0.5026737967914439,0.5026737967914439,0.0
1b,D5-leverage,0.35,90,D5-leverage_e35_r090,0.5172413793103449,0.5172413793103449,0.013333333333333334
1b,D6-uniform,0.25,90,D6-uniform_e25_r090,0.9316239316239316,0.9316239316239316,0.22
1b,D8-K2par-sep,0.25,90,D8-K2par-sep_e25_r090,1.0,1.0,0.25666666666666665
1b,D6-uniform,0.3,90,D6-uniform_e30_r090,0.8653846153846154,0.8653846153846154,0.11333333333333333
1b,D8-K2par-sep,0.35,90,D8-K2par-sep_e35_r090,1.0,1.0,0.36333333333333334
1b,D2-K3par,0.35,89,D2-K3par_e35_r089,0.9330143540669856,0.9330143540669856,0.30333333333333334
1b,D8-K2par-sep,0.3,90,D8-K2par-sep_e30_r090,1.0,1.0,0.31666666666666665
1b,D7-p3,0.25,85,D7-p3_e25_r085,0.90625,0.90625,0.26666666666666666
1b,D1-K2cross,0.25,91,D1-K2cross_e25_r091,0.9444444444444444,0.9444444444444444,0.22
1b,D1-K2cross,0.3,91,D1-K2cross_e30_r091,0.9471153846153846,0.9471153846153846,0.30666666666666664
1b,D1-K2cross,0.35,91,D1-K2cross_e35_r091,0.8877551020408163,0.8877551020408163,0.3466666666666667
1b,D7-p3,0.35,85,D7-p3_e35_r085,0.8984771573604061,0.8984771573604061,0.3466666666666667
1b,D7-p3,0.3,85,D7-p3_e30_r085,0.9227053140096618,0.9227053140096618,0.3233333333333333
1b,D3-unequal,0.35,91,D3-unequal_e35_r091,0.520618556701031,0.520618556701031,0.35333333333333333
1b,D2-K3par,0.25,89,D2-K3par_e25_r089,0.8678414096916299,0.8678414096916299,0.24333333333333335
1b,D3-unequal,0.3,91,D3-unequal_e30_r091,0.8942307692307693,0.8942307692307693,0.31
1b,D4-hetero,0.3,91,D4-hetero_e30_r091,0.8720379146919431,0.8720379146919431,0.30333333333333334
1b,D7-p3,0.3,83,D7-p3_e30_r083,0.8990384615384616,0.8990384615384616,0.30666666666666664
1b,D2-K3par,0.35,88,D2-K3par_e35_r088,0.6887755102040817,0.6887755102040817,0.17666666666666667
1b,D2-K3par,0.3,88,D2-K3par_e30_r088,0.6995073891625616,0.6995073891625616,0.15333333333333332
1b,D5-leverage,0.35,91,D5-leverage_e35_r091,0.532608695652174,0.532608695652174,0.006666666666666667
1b,D4-hetero,0.25,91,D4-hetero_e25_r091,0.915929203539823,0.915929203539823,0.25
1b,D5-leverage,0.3,91,D5-leverage_e30_r091,0.5071090047393365,0.5071090047393365,0.13
1b,D5-leverage,0.25,91,D5-leverage_e25_r091,0.5330396475770925,0.5330396475770925,0.16666666666666666
1b,D3-unequal,0.25,91,D3-unequal_e25_r091,0.9372197309417041,0.9372197309417041,0.25666666666666665
1b,D4-hetero,0.35,91,D4-hetero_e35_r091,0.9336734693877551,0.9336734693877551,0.35
1b,D6-uniform,0.3,91,D6-uniform_e30_r091,0.5092592592592593,0.5092592592592593,0.0
1b,D7-p3,0.35,86,D7-p3_e35_r086,0.9463414634146341,0.9463414634146341,0.31666666666666665
1b,D6-uniform,0.25,91,D6-uniform_e25_r091,0.9030837004405287,0.9030837004405287,0.23
1b,D6-uniform,0.35,91,D6-uniform_e35_r091,0.6984924623115578,0.6984924623115578,0.056666666666666664
1b,D8-K2par-sep,0.35,91,D8-K2par-sep_e35_r091,1.0,1.0,0.35333333333333333
1b,D8-K2par-sep,0.3,91,D8-K2par-sep_e30_r091,1.0,1.0,0.31
1b,D2-K3par,0.25,90,D2-K3par_e25_r090,0.9351851851851852,0.9351851851851852,0.28
1b,D1-K2cross,0.35,92,D1-K2cross_e35_r092,0.9113300492610837,0.9113300492610837,0.3233333333333333
1b,D8-K2par-sep,0.25,91,D8-K2par-sep_e25_r091,1.0,1.0,0.24666666666666667
1b,D1-K2cross,0.25,92,D1-K2cross_e25_r092,0.9311926605504587,0.9311926605504587,0.2733333333333333
1b,D2-K3par,0.3,89,D2-K3par_e30_r089,0.8672985781990521,0.8672985781990521,0.2966666666666667
1b,D1-K2cross,0.3,92,D1-K2cross_e30_r092,0.9371980676328503,0.9371980676328503,0.31
1b,D7-p3,0.25,86,D7-p3_e25_r086,0.8954545454545455,0.8954545454545455,0.26666666666666666
1b,D7-p3,0.3,86,D7-p3_e30_r086,0.897196261682243,0.897196261682243,0.30666666666666664
1b,D3-unequal,0.35,92,D3-unequal_e35_r092,0.8972972972972973,0.8972972972972973,0.38333333333333336
1b,D5-leverage,0.25,92,D5-leverage_e25_r092,0.5046728971962616,0.5046728971962616,0.06666666666666667
1b,D4-hetero,0.25,92,D4-hetero_e25_r092,0.9432314410480349,0.9432314410480349,0.23666666666666666
1b,D3-unequal,0.25,92,D3-unequal_e25_r092,0.9052132701421801,0.9052132701421801,0.3
1b,D3-unequal,0.3,92,D3-unequal_e30_r092,0.8823529411764706,0.8823529411764706,0.2633333333333333
1b,D4-hetero,0.35,92,D4-hetero_e35_r092,0.9054726368159204,0.9054726368159204,0.3333333333333333
1b,D5-leverage,0.35,92,D5-leverage_e35_r092,0.5195530726256983,0.5195530726256983,0.016666666666666666
1b,D5-leverage,0.3,92,D5-leverage_e30_r092,0.5114155251141552,0.5114155251141552,0.05333333333333334
1b,D6-uniform,0.35,92,D6-uniform_e35_r092,0.5125628140703518,0.5125628140703518,0.0
1b,D4-hetero,0.3,92,D4-hetero_e30_r092,0.9323671497584541,0.9323671497584541,0.31333333333333335
1b,D6-uniform,0.25,92,D6-uniform_e25_r092,0.9094827586206896,0.9094827586206896,0.20333333333333334
1b,D6-uniform,0.3,92,D6-uniform_e30_r092,0.863013698630137,0.863013698630137,0.18333333333333332
1b,D7-p3,0.3,84,D7-p3_e30_r084,0.9004524886877828,0.9004524886877828,0.2633333333333333
1b,D7-p3,0.25,87,D7-p3_e25_r087,0.8879310344827587,0.8879310344827587,0.22666666666666666
1b,D8-K2par-sep,0.35,92,D8-K2par-sep_e35_r092,1.0,1.0,0.36666666666666664
1b,D8-K2par-sep,0.25,92,D8-K2par-sep_e25_r092,0.9910313901345291,0.9910313901345291,0.25666666666666665
1b,D8-K2par-sep,0.3,92,D8-K2par-sep_e30_r092,1.0,1.0,0.31333333333333335
1b,D7-p3,0.3,87,D7-p3_e30_r087,0.8660287081339713,0.8660287081339713,0.30666666666666664
1b,D1-K2cross,0.25,93,D1-K2cross_e25_r093,0.9049773755656109,0.9049773755656109,0.2633333333333333
1b,D2-K3par,0.35,90,D2-K3par_e35_r090,0.3837837837837838,0.3837837837837838,0.006666666666666667
1b,D1-K2cross,0.3,93,D1-K2cross_e30_r093,0.915,0.915,0.3333333333333333
1b,D1-K2cross,0.35,93,D1-K2cross_e35_r093,0.95,0.95,0.3333333333333333
1b,D3-unequal,0.3,93,D3-unequal_e30_r093,0.9122807017543859,0.9122807017543859,0.24
1b,D5-leverage,0.35,93,D5-leverage_e35_r093,0.5074626865671642,0.5074626865671642,0.01
1b,D4-hetero,0.3,93,D4-hetero_e30_r093,0.8942307692307693,0.8942307692307693,0.30666666666666664
1b,D4-hetero,0.25,93,D4-hetero_e25_r093,0.9126637554585153,0.9126637554585153,0.23666666666666666
1b,D3-unequal,0.25,93,D3-unequal_e25_r093,0.8973214285714286,0.8973214285714286,0.26
1b,D4-hetero,0.35,93,D4-hetero_e35_r093,0.8941798941798942,0.8941798941798942,0.36666666666666664
1b,D5-leverage,0.3,93,D5-leverage_e30_r093,0.5071090047393365,0.5071090047393365,0.1
1b,D5-leverage,0.25,93,D5-leverage_e25_r093,0.527027027027027,0.527027027027027,0.05
1b,D6-uniform,0.35,93,D6-uniform_e35_r093,0.5102040816326531,0.5102040816326531,0.0
1b,D6-uniform,0.3,93,D6-uniform_e30_r093,0.5609756097560976,0.5609756097560976,0.0
1b,D7-p3,0.35,87,D7-p3_e35_r087,0.9042553191489362,0.9042553191489362,0.37333333333333335
1b,D6-uniform,0.25,93,D6-uniform_e25_r093,0.8826086956521739,0.8826086956521739,0.22333333333333333
1b,D3-unequal,0.35,93,D3-unequal_e35_r093,0.7085714285714285,0.7085714285714285,0.24
1b,D2-K3par,0.3,91,D2-K3par_e30_r091,0.9444444444444444,0.9444444444444444,0.28
1b,D2-K3par,0.3,90,D2-K3par_e30_r090,0.6570048309178744,0.6570048309178744,0.13
1b,D2-K3par,0.25,92,D2-K3par_e25_r092,0.8841201716738197,0.8841201716738197,0.22333333333333333
1b,D8-K2par-sep,0.25,93,D8-K2par-sep_e25_r093,1.0,1.0,0.2733333333333333
1b,D2-K3par,0.35,91,D2-K3par_e35_r091,0.3417085427135678,0.3417085427135678,0.0
1b,D2-K3par,0.35,92,D2-K3par_e35_r092,0.865,0.865,0.3333333333333333
1b,D7-p3,0.3,88,D7-p3_e30_r088,0.9620853080568721,0.9620853080568721,0.30333333333333334
1b,D1-K2cross,0.35,94,D1-K2cross_e35_r094,0.9361702127659575,0.9361702127659575,0.37333333333333335
1b,D2-K3par,0.25,91,D2-K3par_e25_r091,0.7136150234741784,0.7136150234741784,0.13
1b,D1-K2cross,0.25,94,D1-K2cross_e25_r094,0.9170305676855895,0.9170305676855895,0.23666666666666666
1b,D8-K2par-sep,0.3,93,D8-K2par-sep_e30_r093,1.0,1.0,0.31
1b,D1-K2cross,0.3,94,D1-K2cross_e30_r094,0.8786407766990292,0.8786407766990292,0.31333333333333335
1b,D8-K2par-sep,0.35,93,D8-K2par-sep_e35_r093,1.0,1.0,0.35333333333333333
1b,D3-unequal,0.3,94,D3-unequal_e30_r094,0.8756476683937824,0.8756476683937824,0.3566666666666667
1b,D3-unequal,0.35,94,D3-unequal_e35_r094,0.8783068783068783,0.8783068783068783,0.37
1b,D7-p3,0.35,88,D7-p3_e35_r088,0.9123711340206185,0.9123711340206185,0.3566666666666667
1b,D7-p3,0.25,88,D7-p3_e25_r088,0.9151785714285714,0.9151785714285714,0.25333333333333335
1b,D4-hetero,0.25,94,D4-hetero_e25_r094,0.9039301310043668,0.9039301310043668,0.24333333333333335
1b,D5-leverage,0.3,94,D5-leverage_e30_r094,0.5123152709359606,0.5123152709359606,0.006666666666666667
1b,D4-hetero,0.35,94,D4-hetero_e35_r094,0.8826530612244898,0.8826530612244898,0.35333333333333333
1b,D3-unequal,0.25,94,D3-unequal_e25_r094,0.902127659574468,0.902127659574468,0.21666666666666667
1b,D5-leverage,0.25,94,D5-leverage_e25_r094,0.5377777777777778,0.5377777777777778,0.09666666666666666
1b,D6-uniform,0.3,94,D6-uniform_e30_r094,0.5120772946859904,0.5120772946859904,0.0
1b,D4-hetero,0.3,94,D4-hetero_e30_r094,0.919431279620853,0.919431279620853,0.3
1b,D5-leverage,0.35,94,D5-leverage_e35_r094,0.576271186440678,0.576271186440678,0.0033333333333333335
1b,D6-uniform,0.25,94,D6-uniform_e25_r094,0.8533333333333334,0.8533333333333334,0.18333333333333332
1b,D8-K2par-sep,0.25,94,D8-K2par-sep_e25_r094,0.9954337899543378,0.9954337899543378,0.27
1b,D6-uniform,0.35,94,D6-uniform_e35_r094,0.525,0.525,0.0
1b,D8-K2par-sep,0.3,94,D8-K2par-sep_e30_r094,0.9951923076923077,0.9951923076923077,0.30666666666666664
1b,D1-K2cross,0.25,95,D1-K2cross_e25_r095,0.9166666666666666,0.9166666666666666,0.24333333333333335
1b,D8-K2par-sep,0.35,94,D8-K2par-sep_e35_r094,1.0,1.0,0.36666666666666664
1b,D1-K2cross,0.3,95,D1-K2cross_e30_r095,0.9166666666666666,0.9166666666666666,0.28
1b,D1-K2cross,0.35,95,D1-K2cross_e35_r095,0.9010989010989011,0.9010989010989011,0.3933333333333333
1b,D7-p3,0.3,89,D7-p3_e30_r089,0.8838383838383839,0.8838383838383839,0.34
1b,D3-unequal,0.3,95,D3-unequal_e30_r095,0.8995215311004785,0.8995215311004785,0.30666666666666664
1b,D3-unequal,0.25,95,D3-unequal_e25_r095,0.9333333333333333,0.9333333333333333,0.25
1b,D4-hetero,0.25,95,D4-hetero_e25_r095,0.9267241379310345,0.9267241379310345,0.23333333333333334
1b,D5-leverage,0.35,95,D5-leverage_e35_r095,0.5436893203883495,0.5436893203883495,0.06666666666666667
1b,D4-hetero,0.3,95,D4-hetero_e30_r095,0.8960396039603961,0.8960396039603961,0.33
1b,D7-p3,0.35,89,D7-p3_e35_r089,0.8905472636815921,0.8905472636815921,0.34
1b,D5-leverage,0.3,95,D5-leverage_e30_r095,0.5023923444976076,0.5023923444976076,0.0
1b,D4-hetero,0.35,95,D4-hetero_e35_r095,0.8350515463917526,0.8350515463917526,0.3566666666666667
1b,D6-uniform,0.3,95,D6-uniform_e30_r095,0.5046728971962616,0.5046728971962616,0.0
1b,D5-leverage,0.25,95,D5-leverage_e25_r095,0.5069124423963134,0.5069124423963134,0.05
1b,D6-uniform,0.35,95,D6-uniform_e35_r095,0.5576923076923077,0.5576923076923077,0.0
1b,D2-K3par,0.3,93,D2-K3par_e30_r093,0.8963963963963963,0.8963963963963963,0.26
1b,D3-unequal,0.35,95,D3-unequal_e35_r095,0.7061855670103093,0.7061855670103093,0.22666666666666666
1b,D2-K3par,0.3,92,D2-K3par_e30_r092,0.6553398058252428,0.6553398058252428,0.16
1b,D6-uniform,0.25,95,D6-uniform_e25_r095,0.8810572687224669,0.8810572687224669,0.22333333333333333
1b,D1-K2cross,0.35,96,D1-K2cross_e35_r096,0.9027027027027027,0.9027027027027027,0.38333333333333336
1b,D8-K2par-sep,0.3,95,D8-K2par-sep_e30_r095,0.9951690821256038,0.9951690821256038,0.31
1b,D8-K2par-sep,0.35,95,D8-K2par-sep_e35_r095,1.0,1.0,0.3566666666666667
1b,D2-K3par,0.25,94,D2-K3par_e25_r094,0.9140271493212669,0.9140271493212669,0.2633333333333333
1b,D1-K2cross,0.25,96,D1-K2cross_e25_r096,0.8884120171673819,0.8884120171673819,0.22333333333333333
1b,D8-K2par-sep,0.25,95,D8-K2par-sep_e25_r095,1.0,1.0,0.2833333333333333
1b,D3-unequal,0.25,96,D3-unequal_e25_r096,0.905829596412556,0.905829596412556,0.25666666666666665
1b,D2-K3par,0.35,94,D2-K3par_e35_r094,0.8916256157635468,0.8916256157635468,0.3233333333333333
1b,D1-K2cross,0.3,96,D1-K2cross_e30_r096,0.9009433962264151,0.9009433962264151,0.29333333333333333
1b,D3-unequal,0.3,96,D3-unequal_e30_r096,0.5693069306930693,0.5693069306930693,0.3233333333333333
1b,D3-unequal,0.35,96,D3-unequal_e35_r096,0.9166666666666666,0.9166666666666666,0.36
1b,D4-hetero,0.35,96,D4-hetero_e35_r096,0.9371980676328503,0.9371980676328503,0.31
1b,D4-hetero,0.3,96,D4-hetero_e30_r096,0.9563106796116505,0.9563106796116505,0.31666666666666665
1b,D2-K3par,0.3,94,D2-K3par_e30_r094,0.8930232558139535,0.8930232558139535,0.2833333333333333
1b,D7-p3,0.35,90,D7-p3_e35_r090,0.8979591836734694,0.8979591836734694,0.35
1b,D4-hetero,0.25,96,D4-hetero_e25_r096,0.9144144144144144,0.9144144144144144,0.2833333333333333
1b,D7-p3,0.25,90,D7-p3_e25_r090,0.9118942731277533,0.9118942731277533,0.25666666666666665
1b,D2-K3par,0.25,93,D2-K3par_e25_r093,0.6088888888888889,0.6088888888888889,0.14
1b,D7-p3,0.3,90,D7-p3_e30_r090,0.9255813953488372,0.9255813953488372,0.31666666666666665
1b,D5-leverage,0.3,96,D5-leverage_e30_r096,0.5221674876847291,0.5221674876847291,0.08666666666666667
1b,D5-leverage,0.25,96,D5-leverage_e25_r096,0.5315315315315315,0.5315315315315315,0.06
1b,D6-uniform,0.3,96,D6-uniform_e30_r096,0.5255813953488372,0.5255813953488372,0.0
1b,D6-uniform,0.25,96,D6-uniform_e25_r096,0.9082969432314411,0.9082969432314411,0.18666666666666668
1b,D5-leverage,0.35,96,D5-leverage_e35_r096,0.5306122448979592,0.5306122448979592,0.0033333333333333335
1b,D6-uniform,0.35,96,D6-uniform_e35_r096,0.541871921182266,0.541871921182266,0.0
1b,D8-K2par-sep,0.35,96,D8-K2par-sep_e35_r096,0.9949494949494949,0.9949494949494949,0.34
1b,D2-K3par,0.35,93,D2-K3par_e35_r093,0.6532663316582915,0.35175879396984927,0.0
1b,D2-K3par,0.25,95,D2-K3par_e25_r095,0.8818181818181818,0.8818181818181818,0.26666666666666666
1b,D1-K2cross,0.3,97,D1-K2cross_e30_r097,0.9423076923076923,0.9423076923076923,0.30666666666666664
1b,D8-K2par-sep,0.25,96,D8-K2par-sep_e25_r096,1.0,1.0,0.19
1b,D8-K2par-sep,0.3,96,D8-K2par-sep_e30_r096,1.0,1.0,0.29333333333333333
1b,D1-K2cross,0.35,97,D1-K2cross_e35_r097,0.9430051813471503,0.9430051813471503,0.3566666666666667
1b,D3-unequal,0.25,97,D3-unequal_e25_r097,0.8873239436619719,0.8873239436619719,0.29
1b,D1-K2cross,0.25,97,D1-K2cross_e25_r097,0.908256880733945,0.908256880733945,0.27666666666666667
1b,D3-unequal,0.3,97,D3-unequal_e30_r097,0.9359605911330049,0.9359605911330049,0.3233333333333333
1b,D5-leverage,0.25,97,D5-leverage_e25_r097,0.5023255813953489,0.5023255813953489,0.01
1b,D5-leverage,0.3,97,D5-leverage_e30_r097,0.5073891625615764,0.5073891625615764,0.0
1b,D5-leverage,0.35,97,D5-leverage_e35_r097,0.5519125683060109,0.5519125683060109,0.01
1b,D4-hetero,0.3,97,D4-hetero_e30_r097,0.9121951219512195,0.9121951219512195,0.32666666666666666
1b,D4-hetero,0.25,97,D4-hetero_e25_r097,0.9017094017094017,0.9017094017094017,0.24
1b,D6-uniform,0.3,97,D6-uniform_e30_r097,0.5188679245283019,0.5188679245283019,0.0
1b,D6-uniform,0.25,97,D6-uniform_e25_r097,0.9136363636363637,0.9136363636363637,0.2
1b,D3-unequal,0.35,97,D3-unequal_e35_r097,0.9067357512953368,0.9067357512953368,0.3566666666666667
1b,D4-hetero,0.35,97,D4-hetero_e35_r097,0.8947368421052632,0.8947368421052632,0.36333333333333334
1b,D2-K3par,0.3,95,D2-K3par_e30_r095,0.3817204301075269,0.3817204301075269,0.0
1b,D7-p3,0.25,89,D7-p3_e25_r089,0.9162790697674419,0.9162790697674419,0.2833333333333333
1b,D7-p3,0.35,91,D7-p3_e35_r091,0.945273631840796,0.945273631840796,0.33666666666666667
1b,D7-p3,0.3,91,D7-p3_e30_r091,0.9295774647887324,0.9295774647887324,0.30333333333333334
1b,D6-uniform,0.35,97,D6-uniform_e35_r097,0.5226130653266332,0.5226130653266332,0.0
1b,D7-p3,0.25,91,D7-p3_e25_r091,0.922077922077922,0.922077922077922,0.23
1b,D8-K2par-sep,0.3,97,D8-K2par-sep_e30_r097,1.0,1.0,0.27
1b,D8-K2par-sep,0.35,97,D8-K2par-sep_e35_r097,1.0,1.0,0.31666666666666665
1b,D1-K2cross,0.25,98,D1-K2cross_e25_r098,0.8807339449541285,0.8807339449541285,0.2733333333333333
1b,D1-K2cross,0.35,98,D1-K2cross_e35_r098,0.905940594059406,0.905940594059406,0.32666666666666666
1b,D8-K2par-sep,0.25,97,D8-K2par-sep_e25_r097,0.9954954954954955,0.9954954954954955,0.26
1b,D1-K2cross,0.3,98,D1-K2cross_e30_r098,0.9141414141414141,0.9141414141414141,0.34
1b,D2-K3par,0.25,96,D2-K3par_e25_r096,0.8873873873873874,0.8873873873873874,0.26
1b,D2-K3par,0.35,95,D2-K3par_e35_r095,0.6335078534031413,0.6335078534031413,0.17
1b,D5-leverage,0.25,98,D5-leverage_e25_r098,0.9230769230769231,0.9230769230769231,0.23
1b,D3-unequal,0.3,98,D3-unequal_e30_r098,0.8888888888888888,0.8888888888888888,0.34
1b,D5-leverage,0.3,98,D5-leverage_e30_r098,0.5299539170506913,0.5299539170506913,0.06
1b,D4-hetero,0.25,98,D4-hetero_e25_r098,0.8990825688073395,0.8990825688073395,0.27666666666666667
1b,D4-hetero,0.3,98,D4-hetero_e30_r098,0.9,0.9,0.30666666666666664
1b,D3-unequal,0.25,98,D3-unequal_e25_r098,0.9383259911894273,0.9383259911894273,0.24666666666666667
1b,D5-leverage,0.35,98,D5-leverage_e35_r098,0.5124378109452736,0.5124378109452736,0.0033333333333333335
1b,D4-hetero,0.35,98,D4-hetero_e35_r098,0.9336734693877551,0.9336734693877551,0.3466666666666667
1b,D3-unequal,0.35,98,D3-unequal_e35_r098,0.9368932038834952,0.9368932038834952,0.31333333333333335
1b,D7-p3,0.35,92,D7-p3_e35_r092,0.8857142857142857,0.8857142857142857,0.43333333333333335
1b,D6-uniform,0.25,98,D6-uniform_e25_r098,0.9237668161434978,0.9237668161434978,0.17666666666666667
1b,D7-p3,0.3,92,D7-p3_e30_r092,0.9375,0.9375,0.31333333333333335
1b,D8-K2par-sep,0.25,98,D8-K2par-sep_e25_r098,0.9957446808510638,0.9957446808510638,0.21666666666666667
1b,D6-uniform,0.35,98,D6-uniform_e35_r098,0.5714285714285714,0.5714285714285714,0.0
1b,D6-uniform,0.3,98,D6-uniform_e30_r098,0.9324324324324325,0.9324324324324325,0.20333333333333334
1b,D2-K3par,0.35,96,D2-K3par_e35_r096,0.6858638743455497,0.6858638743455497,0.15333333333333332
1b,D7-p3,0.25,92,D7-p3_e25_r092,0.9385964912280702,0.9385964912280702,0.25666666666666665
1b,D2-K3par,0.25,97,D2-K3par_e25_r097,0.9217391304347826,0.9217391304347826,0.23333333333333334
1b,D2-K3par,0.3,97,D2-K3par_e30_r097,0.9082125603864735,0.9082125603864735,0.31
1b,D2-K3par,0.3,96,D2-K3par_e30_r096,0.6811594202898551,0.6811594202898551,0.12666666666666668
1b,D1-K2cross,0.3,99,D1-K2cross_e30_r099,0.9082125603864735,0.9082125603864735,0.31
1b,D8-K2par-sep,0.3,98,D8-K2par-sep_e30_r098,1.0,1.0,0.31
1b,D8-K2par-sep,0.35,98,D8-K2par-sep_e35_r098,1.0,1.0,0.4
1b,D1-K2cross,0.35,99,D1-K2cross_e35_r099,0.9346733668341709,0.9346733668341709,0.33666666666666667
1b,D1-K2cross,0.25,99,D1-K2cross_e25_r099,0.9008264462809917,0.9008264462809917,0.2
1b,D3-unequal,0.3,99,D3-unequal_e30_r099,0.8926829268292683,0.8926829268292683,0.31666666666666665
1b,D7-p3,0.35,93,D7-p3_e35_r093,0.8894472361809045,0.8894472361809045,0.3466666666666667
1b,D3-unequal,0.25,99,D3-unequal_e25_r099,0.9090909090909091,0.9090909090909091,0.23
1b,D3-unequal,0.35,99,D3-unequal_e35_r099,0.8877005347593583,0.8877005347593583,0.37666666666666665
1b,D7-p3,0.3,93,D7-p3_e30_r093,0.8995215311004785,0.8995215311004785,0.30333333333333334
1b,D4-hetero,0.25,99,D4-hetero_e25_r099,0.8864628820960698,0.8864628820960698,0.24666666666666667
1b,D4-hetero,0.3,99,D4-hetero_e30_r099,0.8970588235294118,0.8970588235294118,0.3233333333333333
1b,D5-leverage,0.3,99,D5-leverage_e30_r099,0.5188679245283019,0.5188679245283019,0.1
1b,D5-leverage,0.25,99,D5-leverage_e25_r099,0.9090909090909091,0.9090909090909091,0.19333333333333333
1b,D6-uniform,0.25,99,D6-uniform_e25_r099,0.5231481481481481,0.5231481481481481,0.0
1b,D5-leverage,0.35,99,D5-leverage_e35_r099,0.5025125628140703,0.5025125628140703,0.0033333333333333335
1b,D6-uniform,0.35,99,D6-uniform_e35_r099,0.5794871794871795,0.5794871794871795,0.0
1b,D7-p3,0.35,94,D7-p3_e35_r094,0.9137055837563451,0.9137055837563451,0.3466666666666667
1b,D4-hetero,0.35,99,D4-hetero_e35_r099,0.9242424242424242,0.9242424242424242,0.3433333333333333
1b,D6-uniform,0.3,99,D6-uniform_e30_r099,0.5674418604651162,0.5674418604651162,0.0
1b,D8-K2par-sep,0.3,99,D8-K2par-sep_e30_r099,1.0,1.0,0.2833333333333333
1b,D7-p3,0.25,93,D7-p3_e25_r093,0.92018779342723,0.92018779342723,0.29333333333333333
1b,D2-K3par,0.35,98,D2-K3par_e35_r098,0.9326424870466321,0.9326424870466321,0.3566666666666667
1b,D2-K3par,0.35,97,D2-K3par_e35_r097,0.6565656565656566,0.6565656565656566,0.17333333333333334
1b,D8-K2par-sep,0.25,99,D8-K2par-sep_e25_r099,1.0,1.0,0.27
1b,D8-K2par-sep,0.35,99,D8-K2par-sep_e35_r099,0.9946236559139785,0.9946236559139785,0.38
1b,D7-p3,0.3,94,D7-p3_e30_r094,0.9009009009009009,0.9009009009009009,0.26
1b,D2-K3par,0.25,98,D2-K3par_e25_r098,0.9432314410480349,0.9432314410480349,0.23666666666666666
1b,D2-K3par,0.25,99,D2-K3par_e25_r099,0.9045454545454545,0.9045454545454545,0.26666666666666666
1b,D2-K3par,0.3,98,D2-K3par_e30_r098,0.6074766355140186,0.6074766355140186,0.11666666666666667
1b,D2-K3par,0.35,99,D2-K3par_e35_r099,0.3879781420765027,0.3879781420765027,0.01
1b,D7-p3,0.35,95,D7-p3_e35_r095,0.8899521531100478,0.8899521531100478,0.30333333333333334
1b,D7-p3,0.3,95,D7-p3_e30_r095,0.9356435643564357,0.9356435643564357,0.33
1b,D2-K3par,0.3,99,D2-K3par_e30_r099,0.9162790697674419,0.9162790697674419,0.2833333333333333
1b,D7-p3,0.25,95,D7-p3_e25_r095,0.9054054054054054,0.9054054054054054,0.26
1b,D7-p3,0.25,96,D7-p3_e25_r096,0.8638297872340426,0.8638297872340426,0.22666666666666666
1b,D7-p3,0.35,96,D7-p3_e35_r096,0.9086538461538461,0.9086538461538461,0.31333333333333335
1b,D7-p3,0.35,97,D7-p3_e35_r097,0.9427083333333334,0.9427083333333334,0.36
1b,D7-p3,0.25,94,D7-p3_e25_r094,0.925764192139738,0.925764192139738,0.24333333333333335
1b,D7-p3,0.25,97,D7-p3_e25_r097,0.9506726457399103,0.9506726457399103,0.25666666666666665
1b,D7-p3,0.3,98,D7-p3_e30_r098,0.9182692307692307,0.9182692307692307,0.30666666666666664
1b,D7-p3,0.25,98,D7-p3_e25_r098,0.9454545454545454,0.9454545454545454,0.27
1b,D7-p3,0.35,98,D7-p3_e35_r098,0.9175257731958762,0.9175257731958762,0.3566666666666667
1b,D7-p3,0.3,96,D7-p3_e30_r096,0.9158415841584159,0.9158415841584159,0.32666666666666666
1b,D7-p3,0.35,99,D7-p3_e35_r099,0.9191919191919192,0.9191919191919192,0.34
1b,D7-p3,0.25,99,D7-p3_e25_r099,0.9033613445378151,0.9033613445378151,0.21
1b,D7-p3,0.3,99,D7-p3_e30_r099,0.8915094339622641,0.8915094339622641,0.31666666666666665
1b,D7-p3,0.3,97,D7-p3_e30_r097,0.910377358490566,0.910377358490566,0.2966666666666667
