unit,method,time,alpha_hat,b1,b2,b3,b4,b5,b6,b7,b8,b9,b10,b11,b12
D1-K2cross_e00_r000,adapt,0.09079248190391809,0.016666666666666666,-0.033395620297080986,-1.5115389368663739,0.03230037658828023,1.5432940299308149,,,,,,,,
D1-K2cross_e00_r000,adaptX,0.10406919999513775,0.016666666666666666,0.03230037658828023,1.5432940299308149,-0.033395620297080986,-1.5115389368663739,,,,,,,,
D1-K2cross_e00_r000,HA50,0.010148062952794135,,0.010833146082500479,1.5233312890937372,-0.03663107370472632,-1.5131078946276009,,,,,,,,
D1-K2cross_e00_r000,TA(0.05),0.09291424800176173,0.013333333333333334,-0.05777654571932695,-1.5285806113206517,0.026904263071334183,1.5425853875953892,,,,,,,,
D1-K2cross_e00_r000,TA(0.10),0.09260264807380736,0.016666666666666666,-0.033395620297080986,-1.5115389368663739,0.03230037658828023,1.5432940299308149,,,,,,,,
D1-K2cross_e00_r000,TA(0.15),0.09414972097147256,0.016666666666666666,0.04176412976627049,1.545715277435195,-0.0232065747970991,-1.5078046828263676,,,,,,,,
D1-K2cross_e00_r000,TA(0.25),0.09369292098563164,0.016666666666666666,-0.033395620297080986,-1.5115389368663739,0.03230037658828023,1.5432940299308149,,,,,,,,
D1-K2cross_e00_r000,TA(0.40),0.09269422001671046,0.016666666666666666,-0.03500861214200033,-1.4948498413050555,0.04176412976627049,1.545715277435195,,,,,,,,
D1-K2cross_e05_r000,adapt,0.1081941049778834,0.07333333333333333,0.0505362436696887,1.3943846360631764,-0.08508014275918328,-1.59528156081377,,,,,,,,
D1-K2cross_e05_r000,adaptX,0.11014273704495281,0.07333333333333333,-0.08508014275918328,-1.59528156081377,0.0505362436696887,1.3943846360631764,,,,,,,,
D1-K2cross_e05_r000,HA50,0.025636209989897907,,-1.2032125780271714,-0.37360324948965823,18.073464934812236,-4.338553878036761,,,,,,,,
D1-K2cross_e05_r000,TA(0.05),0.12117645202670246,0.07333333333333333,0.03294274882969689,1.4024104740510883,-0.08669949910335123,-1.595161431661242,,,,,,,,
D1-K2cross_e05_r000,TA(0.10),0.10985359409824014,0.07333333333333333,0.0505362436696887,1.3943846360631764,-0.08508014275918328,-1.59528156081377,,,,,,,,
D1-K2cross_e05_r000,TA(0.15),0.11573913902975619,0.07333333333333333,-0.08508014275918328,-1.59528156081377,0.03374423348196798,1.4024006779478781,,,,,,,,
D1-K2cross_e05_r000,TA(0.25),0.11064295400865376,0.07333333333333333,0.0505362436696887,1.3943846360631764,-0.08508014275918328,-1.59528156081377,,,,,,,,
D1-K2cross_e05_r000,TA(0.40),0.11184304091148078,0.07333333333333333,-0.08508014275918328,-1.59528156081377,0.03374423348196798,1.4024006779478781,,,,,,,,
D1-K2cross_e10_r000,adapt,0.1078553629340604,0.1,0.15850360782992629,1.5688870375475108,0.12730167411079868,-1.501291921754398,,,,,,,,
D1-K2cross_e10_r000,adaptX,0.10890263400506228,0.1,0.12648508941921144,-1.501307481926524,0.1578450994651842,1.5689200447437455,,,,,,,,
D1-K2cross_e10_r000,HA50,0.025281858048401773,,19.707666611697608,5.132044621956119,-1.3229750105552762,0.7100783486073261,,,,,,,,
D1-K2cross_e10_r000,TA(0.05),0.10950776294339448,0.06,-0.29241514142689207,-0.5861454547800848,15.199850459599134,-4.412818343250428,,,,,,,,
D1-K2cross_e10_r000,TA(0.10),0.1088984600501135,0.1,0.15850360782992629,1.5688870375475108,0.12730167411079868,-1.501291921754398,,,,,,,,
D1-K2cross_e10_r000,TA(0.15),0.11029304494149983,0.1,0.15850360782992629,1.5688870375475108,0.12730167411079868,-1.501291921754398,,,,,,,,
D1-K2cross_e10_r000,TA(0.25),0.10994301503524184,0.1,0.12730167411079868,-1.501291921754398,0.15850360782992629,1.5688870375475108,,,,,,,,
D1-K2cross_e10_r000,TA(0.40),0.1093839380191639,0.1,0.130923947909685,-1.5015235601643164,0.16261828169135834,1.5683149355860122,,,,,,,,
D1-K2cross_e20_r000,adapt,0.10955844400450587,0.22333333333333333,0.07270286837451309,1.4478040674271535,0.0631528152142557,-1.5583780520684178,,,,,,,,
D1-K2cross_e20_r000,adaptX,0.12584476789925247,0.22333333333333333,0.0631528152142557,-1.5583780520684178,0.07270286837451309,1.4478040674271535,,,,,,,,
D1-K2cross_e20_r000,HA50,0.012632361031137407,,-23.70782184214794,0.16620497516392874,2.364667484204859,0.28072219405853843,,,,,,,,
D1-K2cross_e20_r000,TA(0.05),0.11158454196993262,0.09333333333333334,0.17593619999173798,-0.052671105309696896,-23.70782184214794,0.16620497516392874,,,,,,,,
D1-K2cross_e20_r000,TA(0.10),0.11103731696493924,0.09333333333333334,0.17593619999173798,-0.052671105309696896,-23.70782184214794,0.16620497516392874,,,,,,,,
D1-K2cross_e20_r000,TA(0.15),0.11194283806253225,0.09333333333333334,0.17593619999173798,-0.052671105309696896,-23.70782184214794,0.16620497516392874,,,,,,,,
D1-K2cross_e20_r000,TA(0.25),0.11084623099304736,0.22333333333333333,0.0631528152142557,-1.5583780520684178,0.07270286837451309,1.4478040674271535,,,,,,,,
D1-K2cross_e20_r000,TA(0.40),0.1120063200360164,0.22333333333333333,0.0631528152142557,-1.5583780520684178,0.07270286837451309,1.4478040674271535,,,,,,,,
D1-K2cross_e30_r000,adapt,0.10988088906742632,0.24333333333333335,0.011575376589527562,-1.5296792512255464,-0.13332475973987196,1.4508708213487171,,,,,,,,
D1-K2cross_e30_r000,adaptX,0.10567252908367664,0.24,-0.10967354030211678,1.4628750498286134,0.011575376589527562,-1.5296792512255464,,,,,,,,
D1-K2cross_e30_r000,HA50,0.025091980933211744,,3.206827521141402,0.1893291611578793,-22.50209041720033,0.28247304300845366,,,,,,,,
D1-K2cross_e30_r000,TA(0.05),0.11090815102215856,0.11333333333333333,0.26114689017571946,0.05445851445168547,-22.50209041720033,0.28247304300845366,,,,,,,,
D1-K2cross_e30_r000,TA(0.10),0.11188316892366856,0.11333333333333333,-22.50209041720033,0.28247304300845366,0.26114689017571946,0.05445851445168547,,,,,,,,
D1-K2cross_e30_r000,TA(0.15),0.11109717993531376,0.12666666666666668,22.99458934363754,-1.1191893476824923,0.26114689017571946,0.05445851445168547,,,,,,,,
D1-K2cross_e30_r000,TA(0.25),0.11151349206920713,0.24333333333333335,0.011575376589527562,-1.5296792512255464,-0.13332475973987196,1.4508708213487171,,,,,,,,
D1-K2cross_e30_r000,TA(0.40),0.11276016698684543,0.24333333333333335,-0.0931116782490473,1.4589248617609358,0.0254644143034606,-1.5315862092605395,,,,,,,,
D2-K3par_e00_r000,adapt,0.31513768795412034,0.016666666666666666,3.118481117994356,0.8588401595759103,0.21372451054488498,0.8694384230380529,-2.6889891170685742,0.9992543990984112,,,,,,
D2-K3par_e00_r000,adaptX,0.24405535403639078,0.016666666666666666,-2.6889891170685742,0.9992543990984112,3.118481117994356,0.8588401595759103,0.21372451054488498,0.8694384230380529,,,,,,
D2-K3par_e00_r000,HA50,0.01697818108368665,,-2.8318162347233256,0.9669141302641445,3.118481117994356,0.8588401595759103,0.19835191902355348,0.8637996629226485,,,,,,
D2-K3par_e00_r000,TA(0.05),0.3166521030943841,0.016666666666666666,0.19767656494963531,0.8715799120016671,-2.6889891170685742,0.9992543990984112,3.1054736162512864,0.8603071664259603,,,,,,
D2-K3par_e00_r000,TA(0.10),0.3192584819626063,0.016666666666666666,-2.6889891170685742,0.9992543990984112,3.1054736162512864,0.8603071664259603,0.19767656494963531,0.8715799120016671,,,,,,
D2-K3par_e00_r000,TA(0.15),0.31731263909023255,0.016666666666666666,-2.6889891170685742,0.9992543990984112,0.21372451054488498,0.8694384230380529,3.118481117994356,0.8588401595759103,,,,,,
D2-K3par_e00_r000,TA(0.25),0.31914964609313756,0.016666666666666666,3.118481117994356,0.8588401595759103,0.23008082986452671,0.8650060767920703,-2.671693086194644,0.9945714488180494,,,,,,
D2-K3par_e00_r000,TA(0.40),0.3191214860416949,0.016666666666666666,-2.703596774451115,0.9944381708992642,0.16686293170753905,0.8611393156409124,3.092496440854009,0.8571276001289247,,,,,,
D2-K3par_e05_r000,adapt,0.39841284800786525,0.043333333333333335,0.03352591570192776,0.8732437019924001,3.067295335621109,0.9459618448765137,-3.183605511188984,0.996525755103954,,,,,,
D2-K3par_e05_r000,adaptX,0.22567166306544095,0.043333333333333335,3.081641930760156,0.9594803685162013,-3.1400998720883115,1.0217148637189752,0.09706520300607226,0.9200402639448806,,,,,,
D2-K3par_e05_r000,HA50,0.0164868060965091,,1.8090812101380018,1.0945423223040682,22.818626277639165,3.1311119357576325,-3.611527428908787,1.089881354082214,,,,,,
D2-K3par_e05_r000,TA(0.05),0.399385480908677,0.043333333333333335,-3.183605511188984,0.996525755103954,3.067295335621109,0.9459618448765137,0.03352591570192776,0.8732437019924001,,,,,,
D2-K3par_e05_r000,TA(0.10),0.4018627010518685,0.043333333333333335,-3.183605511188984,0.996525755103954,0.0019207294832311837,0.8693401021704223,3.034133794816851,0.944771174180934,,,,,,
D2-K3par_e05_r000,TA(0.15),0.4008549990830943,0.043333333333333335,-3.183605511188984,0.996525755103954,3.0392472836194804,0.9339006443902941,0.03352591570192776,0.8732437019924001,,,,,,
D2-K3par_e05_r000,TA(0.25),0.4007472770754248,0.043333333333333335,3.0392472836194804,0.9339006443902941,-3.158680192702964,0.9879052736929036,0.03352591570192776,0.8732437019924001,,,,,,
D2-K3par_e05_r000,TA(0.40),0.4002638340461999,0.043333333333333335,2.7820261256562193,1.1029109535784298,-3.296966929295772,1.0915820043718154,-0.3401392518354783,1.1281664558857714,,,,,,
D2-K3par_e10_r000,adapt,0.26661822595633566,0.08666666666666667,-1.5749400182673976,1.7575587849022125,3.0754722225577913,0.9274455562408812,-1.815596086381474,0.24223746092450626,,,,,,
D2-K3par_e10_r000,adaptX,0.24153314100112766,0.08666666666666667,3.057433022825455,0.914419913933967,-0.3134480273809346,1.0235611643308744,-3.286873621178964,0.9066809791748418,,,,,,
D2-K3par_e10_r000,HA50,0.017034652992151678,,0.018380424665042815,0.9876641685545761,-23.32858623750528,0.3833038644850436,21.714095871604712,0.8634392975957276,,,,,,
D2-K3par_e10_r000,TA(0.05),0.26966188405640423,0.05,2.3885917471978715,0.8059220348264555,-2.217965383565325,0.9974395917005761,20.25358356169469,-0.1301761377672594,,,,,,
D2-K3par_e10_r000,TA(0.10),0.26926843798719347,0.08666666666666667,-0.3134480273809346,1.0235611643308744,3.057433022825455,0.914419913933967,-3.286873621178964,0.9066809791748418,,,,,,
D2-K3par_e10_r000,TA(0.15),0.2688074840698391,0.08666666666666667,3.057433022825455,0.914419913933967,-3.2375552626257043,0.9351829441685402,-0.2835310288771142,1.044017750309199,,,,,,
D2-K3par_e10_r000,TA(0.25),0.26866397506091744,0.08666666666666667,-0.003453238829578885,1.2101909209200228,3.211068975305045,1.0117598722900851,-2.993454916747838,1.0619277639857638,,,,,,
D2-K3par_e10_r000,TA(0.40),0.26800845901016146,0.08666666666666667,3.114864979060969,0.9760140778140154,-0.08438981911363415,1.1863517252496993,-2.993454916747838,1.0619277639857638,,,,,,
D2-K3par_e20_r000,adapt,0.1756752689834684,0.19333333333333333,0.1157383446214868,1.0631638960183214,3.1582197551256614,1.016244162127017,-3.0798962663701914,1.0553511766163644,,,,,,
D2-K3par_e20_r000,adaptX,0.16817945800721645,0.19333333333333333,-3.101396061575165,1.0693145290410415,3.0706127616071255,1.0124464991525903,0.03551592292067884,1.070488012000457,,,,,,
D2-K3par_e20_r000,HA50,0.008907668991014361,,22.803304558174645,-0.1023063364942769,-21.995271213416082,1.518279890745028,-0.07144131301040156,1.0122103133911493,,,,,,
D2-K3par_e20_r000,TA(0.05),0.1784080790821463,0.0,-0.07144131301040156,1.0122103133911493,-21.995271213416082,1.518279890745028,22.803304558174645,-0.1023063364942769,,,,,,
D2-K3par_e20_r000,TA(0.10),0.1780746199656278,0.09,-2.4227587982865573,0.9277323654290769,-21.995271213416082,1.518279890745028,1.921457309336974,0.9290179472743393,,,,,,
D2-K3par_e20_r000,TA(0.15),0.17725810292176902,0.10333333333333333,22.803304558174645,-0.1023063364942769,1.921457309336974,0.9290179472743393,-2.4227587982865573,0.9277323654290769,,,,,,
D2-K3par_e20_r000,TA(0.25),0.17674228397663683,0.19333333333333333,-0.09747916128215867,0.9419078860133923,2.971797342152591,0.8963892860972265,-3.1534007861818285,1.0092339645334105,,,,,,
D2-K3par_e20_r000,TA(0.40),0.17835396900773048,0.19333333333333333,-3.0798962663701914,1.0553511766163644,0.02012364797194585,1.0413792805909508,3.0290457434408373,0.9823794498600078,,,,,,
D2-K3par_e30_r000,adapt,0.23510107002221048,0.14666666666666667,2.91436642293244,0.9288507645466696,-1.986742081451139,1.0897413216770073,-24.148831109229477,1.6903399992009054,,,,,,
D2-K3par_e30_r000,adaptX,0.15924913703929633,0.3,3.2909583512441847,0.9196631979191007,-3.1375852437132035,1.0202876127639515,-0.11373022072211975,1.010420606156607,,,,,,
D2-K3par_e30_r000,HA50,0.008403394022025168,,22.075500900364915,0.191163781411974,-0.09059720760788519,0.9817073216703038,-23.453023631037215,1.697736844941592,,,,,,
D2-K3par_e30_r000,TA(0.05),0.23754503694362938,0.01,22.075500900364915,0.191163781411974,-24.148831109229477,1.6903399992009054,-0.09059720760788519,0.9817073216703038,,,,,,
D2-K3par_e30_r000,TA(0.10),0.2380269339773804,0.01,-24.148831109229477,1.6903399992009054,-0.09059720760788519,0.9817073216703038,22.075500900364915,0.191163781411974,,,,,,
D2-K3par_e30_r000,TA(0.15),0.2380890230415389,0.14666666666666667,2.91436642293244,0.9288507645466696,-23.94714797902454,1.7748410094771472,-1.986742081451139,1.0897413216770073,,,,,,
D2-K3par_e30_r000,TA(0.25),0.23634388903155923,0.14666666666666667,2.7588510071148824,0.8112001837522417,-2.0920083120000372,1.0100225842124377,-23.94714797902454,1.7748410094771472,,,,,,
D2-K3par_e30_r000,TA(0.40),0.2360589720774442,0.3,-0.17617432390746302,0.974429102238751,-3.1375852437132035,1.0202876127639515,3.216234523456699,0.8738699332974154,,,,,,
D3-unequal_e00_r000,adapt,0.08325354603584856,0.0033333333333333335,-0.02810739683244789,1.5404152475867803,-0.08345901077398767,-1.4869696574771074,,,,,,,,
D3-unequal_e00_r000,adaptX,0.04321277095004916,0.01,0.027859753836257894,1.5547829161316769,-0.04842975764312499,-1.4838243662724038,,,,,,,,
D3-unequal_e00_r000,HA50,0.005293525056913495,,-0.05227844618413765,1.5212659531856774,-0.06869963459249148,-1.4999910962688403,,,,,,,,
D3-unequal_e00_r000,TA(0.05),0.08468650002032518,0.006666666666666667,-0.08345901077398767,-1.4869696574771074,-0.05227844618413765,1.5212659531856774,,,,,,,,
D3-unequal_e00_r000,TA(0.10),0.08538654900621623,0.0033333333333333335,-0.08345901077398767,-1.4869696574771074,-0.02810739683244789,1.5404152475867803,,,,,,,,
D3-unequal_e00_r000,TA(0.15),0.08423700300045311,0.013333333333333334,-0.0040365049921446735,-1.4828725270444816,0.14172202295687175,1.5699222318061832,,,,,,,,
D3-unequal_e00_r000,TA(0.25),0.08414950396399945,0.013333333333333334,0.09078071310780572,1.5690894086490308,-0.019902285669447867,-1.4811474785342114,,,,,,,,
D3-unequal_e00_r000,TA(0.40),0.08442593400832266,0.23,-0.6418647498551623,-1.422085270244729,1.06713974914951,-1.4560033602694513,,,,,,,,
D3-unequal_e05_r000,adapt,0.07176504493691027,0.07333333333333333,-0.07417899904617051,-1.5654939028830892,-0.21511990277140391,1.495059632206493,,,,,,,,
D3-unequal_e05_r000,adaptX,0.04425128106959164,0.07333333333333333,-0.07417899904617051,-1.5654939028830892,-0.21511990277140391,1.495059632206493,,,,,,,,
D3-unequal_e05_r000,HA50,0.0055731210159137845,,0.9672265491372659,-0.7999753878836796,-17.370734566454086,-3.7680254161982005,,,,,,,,
D3-unequal_e05_r000,TA(0.05),0.0721957019995898,0.07333333333333333,-0.07417899904617051,-1.5654939028830892,-0.21511990277140391,1.495059632206493,,,,,,,,
D3-unequal_e05_r000,TA(0.10),0.07347600301727653,0.07333333333333333,-0.07417899904617051,-1.5654939028830892,-0.21511990277140391,1.495059632206493,,,,,,,,
D3-unequal_e05_r000,TA(0.15),0.07220657297875732,0.07333333333333333,-0.2603055283273913,1.498063745794253,-0.04977876327140658,-1.56506490298742,,,,,,,,
D3-unequal_e05_r000,TA(0.25),0.0732954969862476,0.07333333333333333,-0.0422819161796922,-1.56483218612908,-0.300867443299304,1.4927275834177698,,,,,,,,
D3-unequal_e05_r000,TA(0.40),0.07315480196848512,0.25,1.0492000181890877,-1.5838805908136586,-0.8280624591323216,-1.6894450599478126,,,,,,,,
D3-unequal_e10_r000,adapt,0.08252793399151415,0.07666666666666666,0.07480880356395224,-1.4796942324607611,0.2420574622113137,1.3580146687021613,,,,,,,,
D3-unequal_e10_r000,adaptX,0.04347255197353661,0.07666666666666666,0.2420574622113137,1.3580146687021613,0.07480880356395224,-1.4796942324607611,,,,,,,,
D3-unequal_e10_r000,HA50,0.005793977994471788,,-0.6449258274705917,-0.6052999797302967,23.581763979215516,-1.1815237105277623,,,,,,,,
D3-unequal_e10_r000,TA(0.05),0.0836121910251677,0.07666666666666666,0.2195910484370479,1.357341934786522,0.08483868581525182,-1.4802417062549305,,,,,,,,
D3-unequal_e10_r000,TA(0.10),0.08368078107014298,0.08333333333333333,0.03416461636736579,-1.4614321638814927,0.2693707808434029,1.358500936502514,,,,,,,,
D3-unequal_e10_r000,TA(0.15),0.08361542597413063,0.08333333333333333,0.03416461636736579,-1.4614321638814927,0.2693707808434029,1.358500936502514,,,,,,,,
D3-unequal_e10_r000,TA(0.25),0.08479518198873848,0.08333333333333333,0.2693707808434029,1.358500936502514,0.03416461636736579,-1.4614321638814927,,,,,,,,
D3-unequal_e10_r000,TA(0.40),0.08452051097992808,0.20666666666666667,-0.7417523322199066,-1.3389166861405588,1.1176959881474597,-1.3171548786729237,,,,,,,,
D3-unequal_e20_r000,adapt,0.07723480195272714,0.18333333333333332,-0.11977700625948973,1.500819991435377,-0.028204995270888114,-1.4937300753944305,,,,,,,,
D3-unequal_e20_r000,adaptX,0.06264584604650736,0.18333333333333332,-0.19219555368259605,1.5227280896594368,-0.05854176117375674,-1.4839311891288767,,,,,,,,
D3-unequal_e20_r000,HA50,0.011681166011840105,,-22.740207344287743,-1.3463618001183943,2.032287702135915,-0.41257083647932336,,,,,,,,
D3-unequal_e20_r000,TA(0.05),0.07849167101085186,0.07333333333333333,0.07917726128083356,-0.40083186790101405,-22.740207344287743,-1.3463618001183943,,,,,,,,
D3-unequal_e20_r000,TA(0.10),0.0796566690551117,0.08333333333333333,0.31054424989753526,-0.6734207366120845,-22.603438074321037,-4.208589699769858,,,,,,,,
D3-unequal_e20_r000,TA(0.15),0.07845568493939936,0.17666666666666667,-0.05558527002229833,-1.3267983598546593,-9.516258876267447,5.641423345384506,,,,,,,,
D3-unequal_e20_r000,TA(0.25),0.07836528995539993,0.18333333333333332,-0.058681993976953034,-1.483931588439718,-0.19177734384455178,1.5226977249734113,,,,,,,,
D3-unequal_e20_r000,TA(0.40),0.07894533209037036,0.18333333333333332,-0.18961913444547288,1.5225301129229487,-0.06024541688738985,-1.4839291326177835,,,,,,,,
D3-unequal_e30_r000,adapt,0.08446617401205003,0.3,0.10392054832103327,-1.5345495717971667,0.08175743308400357,1.5705052201852336,,,,,,,,
D3-unequal_e30_r000,adaptX,0.04309672303497791,0.3,0.08175743308400357,1.5705052201852336,0.10392054832103327,-1.5345495717971667,,,,,,,,
D3-unequal_e30_r000,HA50,0.00555842206813395,,3.6799316276516363,-0.6457750876865749,-22.820159660868125,-1.2419775205144308,,,,,,,,
D3-unequal_e30_r000,TA(0.05),0.08561750303488225,0.14333333333333334,0.02669779336765477,-0.6774297729463893,-22.820159660868125,-1.2419775205144308,,,,,,,,
D3-unequal_e30_r000,TA(0.10),0.08540604799054563,0.14333333333333334,0.02669779336765477,-0.6774297729463893,-22.820159660868125,-1.2419775205144308,,,,,,,,
D3-unequal_e30_r000,TA(0.15),0.08567982399836183,0.15333333333333332,21.615572263163312,-0.24380037165873944,0.02669779336765477,-0.6774297729463893,,,,,,,,
D3-unequal_e30_r000,TA(0.25),0.08608392300084233,0.21,21.615572263163312,-0.24380037165873944,-0.26651866718852124,-1.1304404699791482,,,,,,,,
D3-unequal_e30_r000,TA(0.40),0.08622504794038832,0.3,0.09161521730285853,-1.5346615648786646,0.05796767277608513,1.5693973495777545,,,,,,,,
D4-hetero_e00_r000,adapt,0.10689594293944538,0.043333333333333335,0.0348933531512742,-1.5100003142870306,0.3691511754089374,1.6169214177239368,,,,,,,,
D4-hetero_e00_r000,adaptX,0.1069575099973008,0.04666666666666667,0.39555977608368137,1.6331079433303926,0.03854754899314544,-1.5104207519538906,,,,,,,,
D4-hetero_e00_r000,HA50,0.009643745957873762,,0.34481319018956214,1.5942553257711958,0.09322110249593965,-1.4715754221943045,,,,,,,,
D4-hetero_e00_r000,TA(0.05),0.10937085608020425,0.043333333333333335,0.3691511754089374,1.6169214177239368,0.04219034734767192,-1.515889063186277,,,,,,,,
D4-hetero_e00_r000,TA(0.10),0.10774071305058897,0.043333333333333335,0.3691511754089374,1.6169214177239368,0.04219034734767192,-1.515889063186277,,,,,,,,
D4-hetero_e00_r000,TA(0.15),0.10857137700077146,0.04,0.03379083556054273,-1.5224932390915522,0.3691511754089374,1.6169214177239368,,,,,,,,
D4-hetero_e00_r000,TA(0.25),0.10797251993790269,0.043333333333333335,0.3915497160146541,1.6336707133516757,0.03379083556054273,-1.5224932390915522,,,,,,,,
D4-hetero_e00_r000,TA(0.40),0.10978858300950378,0.04,0.3691511754089374,1.6169214177239368,0.03379083556054273,-1.5224932390915522,,,,,,,,
D4-hetero_e05_r000,adapt,0.1042135029565543,0.07,-0.010052858084135662,-1.5293229644455228,0.0880894563863935,1.3791537351707337,,,,,,,,
D4-hetero_e05_r000,adaptX,0.10720190696883947,0.07,0.0880894563863935,1.3791537351707337,-0.010052858084135662,-1.5293229644455228,,,,,,,,
D4-hetero_e05_r000,HA50,0.02512442192528397,,15.746899151255827,4.073104596398621,-0.7426530260536808,0.3456816118212631,,,,,,,,
D4-hetero_e05_r000,TA(0.05),0.1058393029961735,0.07333333333333333,0.09115696661341012,1.3727954254056134,-0.010627400144073262,-1.529331533741125,,,,,,,,
D4-hetero_e05_r000,TA(0.10),0.10520715895108879,0.07,-0.010542077773555007,-1.5293304834149495,0.08884268249662258,1.379081023556739,,,,,,,,
D4-hetero_e05_r000,TA(0.15),0.1179047510959208,0.07,0.08884268249662258,1.379081023556739,-0.010542077773555007,-1.5293304834149495,,,,,,,,
D4-hetero_e05_r000,TA(0.25),0.10601492703426629,0.07333333333333333,0.09115696661341012,1.3727954254056134,-0.010627400144073262,-1.529331533741125,,,,,,,,
D4-hetero_e05_r000,TA(0.40),0.10657490394078195,0.07,-0.010052858084135662,-1.5293229644455228,0.0880894563863935,1.3791537351707337,,,,,,,,
D4-hetero_e10_r000,adapt,0.10292144492268562,0.12333333333333334,0.1347178161738344,-1.5085971001167697,-0.0737415650411363,1.5333193052567784,,,,,,,,
D4-hetero_e10_r000,adaptX,0.1245671990327537,0.12333333333333334,-0.06710198974627506,1.5325308418478474,0.14074005708353068,-1.509652613190579,,,,,,,,
D4-hetero_e10_r000,HA50,0.011821046937257051,,0.9013937146687127,-0.013749511512506371,-23.54880713720502,-0.21324301252549197,,,,,,,,
D4-hetero_e10_r000,TA(0.05),0.10530576191376895,0.05,0.4350481881130252,0.3657457330685946,-18.593688797728753,5.612236947553241,,,,,,,,
D4-hetero_e10_r000,TA(0.10),0.10554956598207355,0.12333333333333334,0.1304444192899278,-1.5156079926498276,-0.06710198974627506,1.5325308418478474,,,,,,,,
D4-hetero_e10_r000,TA(0.15),0.10500968899577856,0.12333333333333334,0.14074005708353068,-1.509652613190579,-0.06710198974627506,1.5325308418478474,,,,,,,,
D4-hetero_e10_r000,TA(0.25),0.10381031106226146,0.12333333333333334,-0.06710198974627506,1.5325308418478474,0.1304444192899278,-1.5156079926498276,,,,,,,,
D4-hetero_e10_r000,TA(0.40),0.10598335100803524,0.12333333333333334,0.12645964693734463,-1.5157647949155684,-0.03246781686376651,1.5464241219038357,,,,,,,,
D4-hetero_e20_r000,adapt,0.12433802708983421,0.18,-0.031081590496636512,-1.4382035323178335,0.14812224799793428,1.746794114373366,,,,,,,,
D4-hetero_e20_r000,adaptX,0.1271842489950359,0.18,0.18074172101873343,1.775390518237587,-0.032906668688825316,-1.438074618707665,,,,,,,,
D4-hetero_e20_r000,HA50,0.02712630305904895,,2.0973391921814093,0.030432872263206862,-21.293531712391633,-1.1489480291280747,,,,,,,,
D4-hetero_e20_r000,TA(0.05),0.12567734892945737,0.08,0.09039217515647567,0.005553444244321426,-21.293531712391633,-1.1489480291280747,,,,,,,,
D4-hetero_e20_r000,TA(0.10),0.12628940411377698,0.09666666666666666,-18.31710527615956,-4.865491525004298,0.5111474900624362,-0.31645646107150777,,,,,,,,
D4-hetero_e20_r000,TA(0.15),0.12637146294582635,0.18,-0.032906668688825316,-1.438074618707665,0.14534663173475876,1.7470317645176687,,,,,,,,
D4-hetero_e20_r000,TA(0.25),0.12609970301855356,0.18,-0.032906668688825316,-1.438074618707665,0.14534663173475876,1.7470317645176687,,,,,,,,
D4-hetero_e20_r000,TA(0.40),0.12590670096687973,0.18,-0.029476369298238575,-1.4381840632629554,0.16600153023264327,1.7461355437423494,,,,,,,,
D4-hetero_e30_r000,adapt,0.057104381965473294,0.29,0.020736696328356743,1.5902472268104644,-0.02397140309210735,-1.4808287955182395,,,,,,,,
D4-hetero_e30_r000,adaptX,0.05955074308440089,0.29,0.014379217611173908,-1.456930828861157,0.020736696328356743,1.5902472268104644,,,,,,,,
D4-hetero_e30_r000,HA50,0.011379000963643193,,3.4311716684186218,0.6430284659596772,-23.300645936338427,0.20434606870686856,,,,,,,,
D4-hetero_e30_r000,TA(0.05),0.05906696000602096,0.13666666666666666,-23.300645936338427,0.20434606870686856,-0.06051056640477513,0.23804232893618746,,,,,,,,
D4-hetero_e30_r000,TA(0.10),0.058383445953950286,0.13666666666666666,-23.300645936338427,0.20434606870686856,-0.06051056640477513,0.23804232893618746,,,,,,,,
D4-hetero_e30_r000,TA(0.15),0.05973480106331408,0.13666666666666666,-23.300645936338427,0.20434606870686856,-0.06051056640477513,0.23804232893618746,,,,,,,,
D4-hetero_e30_r000,TA(0.25),0.05881215794943273,0.16333333333333333,0.3016710160119637,0.5705925075080158,-17.438612526434117,3.9680643757827703,,,,,,,,
D4-hetero_e30_r000,TA(0.40),0.057779596070759,0.29,0.04269064790903909,1.5895031244684017,-0.04693865016410932,-1.479663933846926,,,,,,,,
D5-leverage_e00_r000,adapt,0.10766058298759162,0.03333333333333333,0.1233691564031952,-1.4088564746041792,0.0054941523345074786,1.6196124045241438,,,,,,,,
D5-leverage_e00_r000,adaptX,0.08989314897917211,0.03333333333333333,0.1233691564031952,-1.4088564746041792,0.0054941523345074786,1.6196124045241438,,,,,,,,
D5-leverage_e00_r000,HA50,0.009793050005100667,,0.11805286460228016,-1.4205458541557296,0.00525878176128494,1.5529163217374276,,,,,,,,
D5-leverage_e00_r000,TA(0.05),0.10946757311467081,0.03333333333333333,0.1233691564031952,-1.4088564746041792,0.0054941523345074786,1.6196124045241438,,,,,,,,
D5-leverage_e00_r000,TA(0.10),0.10921419004444033,0.03333333333333333,0.1233691564031952,-1.4088564746041792,0.0054941523345074786,1.6196124045241438,,,,,,,,
D5-leverage_e00_r000,TA(0.15),0.11130698095075786,0.03333333333333333,0.0054941523345074786,1.6196124045241438,0.1233691564031952,-1.4088564746041792,,,,,,,,
D5-leverage_e00_r000,TA(0.25),0.11065483605489135,0.03333333333333333,0.1233691564031952,-1.4088564746041792,0.0054941523345074786,1.6196124045241438,,,,,,,,
D5-leverage_e00_r000,TA(0.40),0.11016484699212015,0.03333333333333333,0.09850755137000541,-1.4008665475518416,-0.01491797967194136,1.625858249303699,,,,,,,,
D5-leverage_e05_r000,adapt,0.05391106696333736,0.07333333333333333,0.08019620810622233,1.4575626358451608,0.05048422992499961,-1.5191459756686216,,,,,,,,
D5-leverage_e05_r000,adaptX,0.059300270047970116,0.07333333333333333,0.08019620810622233,1.4575626358451608,0.05048422992499961,-1.5191459756686216,,,,,,,,
D5-leverage_e05_r000,HA50,0.009693613974377513,,2.4321148844170652,-0.12724091786916406,-2.3397786161156993,0.061780519269678986,,,,,,,,
D5-leverage_e05_r000,TA(0.05),0.05458639399148524,0.07333333333333333,0.07471358111271581,-1.5181005274253556,0.05262046608630554,1.4400941717620526,,,,,,,,
D5-leverage_e05_r000,TA(0.10),0.05634772405028343,0.07666666666666666,0.08407637614047114,1.4574183249365227,0.07129608442706886,-1.5184844956189005,,,,,,,,
D5-leverage_e05_r000,TA(0.15),0.05482451501302421,0.07666666666666666,0.08407637614047114,1.4574183249365227,0.07129608442706886,-1.5184844956189005,,,,,,,,
D5-leverage_e05_r000,TA(0.25),0.054853978916071355,0.07666666666666666,0.07471358111271581,-1.5181005274253556,0.07278115770677089,1.4572946404464813,,,,,,,,
D5-leverage_e05_r000,TA(0.40),0.05450006597675383,0.07333333333333333,0.07471358111271581,-1.5181005274253556,0.03559278640709353,1.439379907719038,,,,,,,,
D5-leverage_e10_r000,adapt,0.05854681204073131,0.11666666666666667,-0.0683019678663626,-1.390728279792913,0.003674794128450864,1.5127076337289058,,,,,,,,
D5-leverage_e10_r000,adaptX,0.05752899404615164,0.11333333333333333,0.02241836212166064,1.5067839196107506,-0.0683019678663626,-1.390728279792913,,,,,,,,
D5-leverage_e10_r000,HA50,0.00987306097522378,,-2.342098194668527,0.11674668366659402,2.3165213461333147,0.056040581835342565,,,,,,,,
D5-leverage_e10_r000,TA(0.05),0.060682201059535146,0.0033333333333333335,-2.2517688457005898,0.11867174906826512,2.3745225782649726,0.05977102494403546,,,,,,,,
D5-leverage_e10_r000,TA(0.10),0.06060529395472258,0.11,-0.09474708114353732,-1.4055476947873566,0.011965540702983783,1.5122443602343727,,,,,,,,
D5-leverage_e10_r000,TA(0.15),0.061159135890193284,0.11,-0.10327648101801153,-1.4058811284448018,0.02146399042109137,1.511683544158198,,,,,,,,
D5-leverage_e10_r000,TA(0.25),0.0604129780549556,0.11,0.02146399042109137,1.511683544158198,-0.10327648101801153,-1.4058811284448018,,,,,,,,
D5-leverage_e10_r000,TA(0.40),0.06047492509242147,0.11333333333333333,-0.0683019678663626,-1.390728279792913,0.02241836212166064,1.5067839196107506,,,,,,,,
D5-leverage_e20_r000,adapt,0.05838518706150353,0.0033333333333333335,2.3178836554758524,-0.048383483068978404,-2.535435496712116,0.161366274058029,,,,,,,,
D5-leverage_e20_r000,adaptX,0.056970107019878924,0.23,-0.22069734579827113,1.5712247530816186,0.09296415458180753,-1.476295439501666,,,,,,,,
D5-leverage_e20_r000,HA50,0.010153248091228306,,2.3401742890120927,-0.04478495784690232,-2.535435496712116,0.161366274058029,,,,,,,,
D5-leverage_e20_r000,TA(0.05),0.06129140907432884,0.0033333333333333335,-2.600648243621327,0.1704149016449794,2.2564495261087125,-0.04140805744862518,,,,,,,,
D5-leverage_e20_r000,TA(0.10),0.0699409709777683,0.0033333333333333335,2.2970839669789584,-0.04590194075465883,-2.557431253234899,0.16450811830530768,,,,,,,,
D5-leverage_e20_r000,TA(0.15),0.061245091957971454,0.0033333333333333335,-2.534105787811203,0.1510786206189795,2.3124624313325497,-0.06068174814409677,,,,,,,,
D5-leverage_e20_r000,TA(0.25),0.06077994802035391,0.22666666666666666,0.07692010108916959,-1.4765700921305782,-0.16893447940107223,1.5518219314023702,,,,,,,,
D5-leverage_e20_r000,TA(0.40),0.060297896969132125,0.22666666666666666,0.07692010108916959,-1.4765700921305782,-0.16893447940107223,1.5518219314023702,,,,,,,,
D5-leverage_e30_r000,adapt,0.060528469970449805,0.0,2.0873432217486796,-0.07785796736096211,-2.3348702008587456,0.09660050102756164,,,,,,,,
D5-leverage_e30_r000,adaptX,0.059949108050204813,0.043333333333333335,-1.7618660967138178,0.059223696485692714,2.360077010978823,-0.10008027773439795,,,,,,,,
D5-leverage_e30_r000,HA50,0.011198782012797892,,1.976340877659339,-0.06663645349012207,-2.500386318370921,0.11420760778410265,,,,,,,,
D5-leverage_e30_r000,TA(0.05),0.06138950597960502,0.0033333333333333335,-2.525045435707533,0.11683342279092052,1.939683672083804,-0.06547854782245702,,,,,,,,
D5-leverage_e30_r000,TA(0.10),0.0704970380757004,0.0,2.266248068694865,-0.10049146284598735,-2.0440795217252834,0.05630252117212101,,,,,,,,
D5-leverage_e30_r000,TA(0.15),0.06446291005704552,0.02,-2.2690753927554534,0.4682940497083736,1.7892768398280166,-0.4045729438973237,,,,,,,,
D5-leverage_e30_r000,TA(0.25),0.06359228200744838,0.03,-0.7546731776142583,-0.12927412363391688,3.045127495277461,-0.19843741580487864,,,,,,,,
D5-leverage_e30_r000,TA(0.40),0.06269345106557012,0.013333333333333334,1.784934374210624,-0.4130966001640988,-2.1688629789598934,0.4580884775604622,,,,,,,,
D6-uniform_e00_r000,adapt,0.058145103976130486,0.0,-0.01503430815574411,-1.502065194620628,-0.12879685056534187,1.558259976178838,,,,,,,,
D6-uniform_e00_r000,adaptX,0.05956302001141012,0.0,-0.108790765159256,1.5588703318305277,-0.03510652362686164,-1.5006485647158845,,,,,,,,
D6-uniform_e00_r000,HA50,0.009990268968977034,,-0.12879685056534187,1.558259976178838,-0.01503430815574411,-1.502065194620628,,,,,,,,
D6-uniform_e00_r000,TA(0.05),0.059741824050433934,0.0,-0.12879685056534187,1.558259976178838,-0.01503430815574411,-1.502065194620628,,,,,,,,
D6-uniform_e00_r000,TA(0.10),0.07317445205990225,0.0,-0.01503430815574411,-1.502065194620628,-0.12879685056534187,1.558259976178838,,,,,,,,
D6-uniform_e00_r000,TA(0.15),0.06317542400211096,0.0,-0.01503430815574411,-1.502065194620628,-0.12879685056534187,1.558259976178838,,,,,,,,
D6-uniform_e00_r000,TA(0.25),0.06507072900421917,0.0,-0.12879685056534187,1.558259976178838,-0.01503430815574411,-1.502065194620628,,,,,,,,
D6-uniform_e00_r000,TA(0.40),0.06242533796466887,0.0,-0.12218935682722289,1.556863172129395,-0.008460171229294516,-1.503809274151699,,,,,,,,
D6-uniform_e05_r000,adapt,0.05884894507471472,0.05333333333333334,0.08545628831734638,-1.4923227922178055,0.057257702496666125,1.5358734504056457,,,,,,,,
D6-uniform_e05_r000,adaptX,0.05777935090009123,0.05333333333333334,0.06168072303373585,1.535307801818325,0.0891293852298845,-1.493012327729324,,,,,,,,
D6-uniform_e05_r000,HA50,0.01180049404501915,,0.06166525920346689,1.5587573642353358,0.1679834058044275,-1.4774410575741719,,,,,,,,
D6-uniform_e05_r000,TA(0.05),0.06569483096245676,0.05333333333333334,0.06168072303373585,1.535307801818325,0.0891293852298845,-1.493012327729324,,,,,,,,
D6-uniform_e05_r000,TA(0.10),0.06287843408063054,0.05333333333333334,0.08798084099438859,-1.4929102436631447,0.06308276191966178,1.5353209717247858,,,,,,,,
D6-uniform_e05_r000,TA(0.15),0.065575344953686,0.05333333333333334,0.09312974457329,-1.4933509359186528,0.05670032310995821,1.5352327518645472,,,,,,,,
D6-uniform_e05_r000,TA(0.25),0.060614690999500453,0.05333333333333334,0.08360397484142085,1.5341653531868307,0.07591428212986119,-1.5029688559222605,,,,,,,,
D6-uniform_e05_r000,TA(0.40),0.059525926946662366,0.05333333333333334,0.11525068138259087,-1.511594786650132,0.09224538251195508,1.5352352103732478,,,,,,,,
D6-uniform_e10_r000,adapt,0.05564154498279095,0.10666666666666667,0.05345705040690755,1.5174976338296098,0.007800183345001131,-1.486764243113901,,,,,,,,
D6-uniform_e10_r000,adaptX,0.056282895035110414,0.10666666666666667,0.05345705040690755,1.5174976338296098,0.007800183345001131,-1.486764243113901,,,,,,,,
D6-uniform_e10_r000,HA50,0.010575938038527966,,0.1570174183328989,1.528203169964662,0.180805136650271,-1.5841998703667226,,,,,,,,
D6-uniform_e10_r000,TA(0.05),0.05698729294817895,0.10666666666666667,0.06487296841496966,1.5214468563073782,0.019157144676931016,-1.4829050283296143,,,,,,,,
D6-uniform_e10_r000,TA(0.10),0.058073995052836835,0.10666666666666667,0.007800183345001131,-1.486764243113901,0.05345705040690755,1.5174976338296098,,,,,,,,
D6-uniform_e10_r000,TA(0.15),0.05790931801311672,0.10666666666666667,0.007800183345001131,-1.486764243113901,0.05345705040690755,1.5174976338296098,,,,,,,,
D6-uniform_e10_r000,TA(0.25),0.0612137820571661,0.10666666666666667,0.007800183345001131,-1.486764243113901,0.05345705040690755,1.5174976338296098,,,,,,,,
D6-uniform_e10_r000,TA(0.40),0.05630513001233339,0.10666666666666667,0.007800183345001131,-1.486764243113901,0.05345705040690755,1.5174976338296098,,,,,,,,
D6-uniform_e20_r000,adapt,0.059046271024271846,0.18666666666666668,-0.11066485816584547,1.6087762812865944,0.038984067008498685,-1.4637525039531556,,,,,,,,
D6-uniform_e20_r000,adaptX,0.059018077910877764,0.18666666666666668,0.03851804251068933,-1.4637310990223094,-0.11087847013052718,1.608773048859954,,,,,,,,
D6-uniform_e20_r000,HA50,0.011613309965468943,,-2.3917513504360333,0.1125002900748055,3.7641102522169123,0.2259574139398262,,,,,,,,
D6-uniform_e20_r000,TA(0.05),0.060310316970571876,0.15,0.24172415876813794,1.7719535278334073,0.03207075218859133,-1.4511504165598101,,,,,,,,
D6-uniform_e20_r000,TA(0.10),0.06147732795216143,0.18333333333333332,-0.08256085670961752,1.6562423482560742,0.03686871887724804,-1.4636145066125512,,,,,,,,
D6-uniform_e20_r000,TA(0.15),0.062771171098575,0.18666666666666668,0.03851804251068933,-1.4637310990223094,-0.08516454616005145,1.5922268631849643,,,,,,,,
D6-uniform_e20_r000,TA(0.25),0.06060753099154681,0.18666666666666668,-0.059217874665511594,1.5784949118061937,0.03851804251068933,-1.4637310990223094,,,,,,,,
D6-uniform_e20_r000,TA(0.40),0.059879333013668656,0.18666666666666668,-0.08293149702264824,1.573756174942983,0.03851804251068933,-1.4637310990223094,,,,,,,,
D6-uniform_e30_r000,adapt,0.06077064899727702,0.0,-3.9584713739432225,-0.1589003888743122,2.4302311484140775,-0.05113304520195398,,,,,,,,
D6-uniform_e30_r000,adaptX,0.061733742943033576,0.0,-4.013181998382766,-0.21267980504257697,2.3914857880944735,-0.09645855562156477,,,,,,,,
D6-uniform_e30_r000,HA50,0.01314182102214545,,-4.013181998382766,-0.21267980504257697,2.3914857880944735,-0.09645855562156477,,,,,,,,
D6-uniform_e30_r000,TA(0.05),0.0639793659793213,0.0,2.016293434594009,-0.052869364512540366,-4.590014247197852,-0.1571421390926473,,,,,,,,
D6-uniform_e30_r000,TA(0.10),0.06414355000015348,0.0,-3.485592249330421,-0.13987454734364316,2.8127428518732915,-0.032035820525314604,,,,,,,,
D6-uniform_e30_r000,TA(0.15),0.061529151047579944,0.0,-3.6919134323108844,-0.1694539846964378,2.6356631675503746,-0.06065187437531889,,,,,,,,
D6-uniform_e30_r000,TA(0.25),0.06441490608267486,0.22,-0.12510467873451633,1.4861891206298792,0.18677212760698167,-1.7306683556615332,,,,,,,,
D6-uniform_e30_r000,TA(0.40),0.06346979504451156,0.22,0.18677212760698167,-1.7306683556615332,-0.12510467873451633,1.4861891206298792,,,,,,,,
D7-p3_e00_r000,adapt,0.21717034396715462,0.013333333333333334,0.05690267664822642,1.495281773140722,1.0895269306860245,1.0204387853016843,-0.08648263674826749,-1.488327445629962,0.9916979412766739,0.9450209040113368,,,,
D7-p3_e00_r000,adaptX,2.277284973068163,0.013333333333333334,-0.06667423715559695,-1.4896221045570721,1.0022804353135375,0.939966537890375,0.03203268266905786,1.4947078321656233,1.072240632124502,1.0280576359009916,,,,
D7-p3_e00_r000,HA50,0.015276855905540287,,0.05743128010479098,1.4812496433254594,1.0701304282603137,1.0133621245516968,-0.08708562113034098,-1.5158488232752616,1.0396184904132584,0.986056201719278,,,,
D7-p3_e00_r000,TA(0.05),0.22005232202354819,0.013333333333333334,0.05690267664822642,1.495281773140722,1.0895269306860245,1.0204387853016843,-0.08648263674826749,-1.488327445629962,0.9916979412766739,0.9450209040113368,,,,
D7-p3_e00_r000,TA(0.10),0.2213721660664305,0.013333333333333334,0.0673521103232775,1.4967303181668774,1.0807059481984098,1.0308831294327143,-0.07661592141070302,-1.4862529434121983,0.9853014655215359,0.9517739819000552,,,,
D7-p3_e00_r000,TA(0.15),0.2193545080954209,0.013333333333333334,-0.07661592141070302,-1.4862529434121983,0.9853014655215359,0.9517739819000552,0.0673521103232775,1.4967303181668774,1.0807059481984098,1.0308831294327143,,,,
D7-p3_e00_r000,TA(0.25),0.21813758194912225,0.013333333333333334,-0.07661592141070302,-1.4862529434121983,0.9853014655215359,0.9517739819000552,0.0673521103232775,1.4967303181668774,1.0807059481984098,1.0308831294327143,,,,
D7-p3_e00_r000,TA(0.40),0.2210571119794622,0.013333333333333334,-0.08648263674826749,-1.488327445629962,0.9916979412766739,0.9450209040113368,0.038013035563776526,1.4651947589348804,1.1113366491971046,1.009408649253552,,,,
D7-p3_e05_r000,adapt,0.40468205395154655,0.06666666666666667,0.09117973167451184,1.6547310804864563,0.9978777768059103,0.9938090318980471,-0.10300556901672084,-1.4538481110652999,0.9791693131301447,1.0155333949410643,,,,
D7-p3_e05_r000,adaptX,2.161600537947379,0.1,-0.10467789542825745,-1.4535566815563736,0.9781822955520838,1.016614303469177,0.10692846391501588,1.6679297120609853,1.010776358344754,0.9994201949145013,,,,
D7-p3_e05_r000,HA50,0.01399039791431278,,6.2124819661123825,-2.212890757591949,8.529394451735765,6.060301293188142,-0.47226007226871447,0.1492766346689643,0.5393992200169724,0.9698919538850119,,,,
D7-p3_e05_r000,TA(0.05),0.40596282796468586,0.06666666666666667,-0.0971165855360397,-1.455741201935618,0.9689966107739095,1.0147296648152881,0.10428346094441554,1.6534943816839713,0.988840630027658,0.9921031477347679,,,,
D7-p3_e05_r000,TA(0.10),0.40686971694231033,0.06666666666666667,0.08133467863915554,1.6537862171154327,1.0053770658801775,0.9885323378617157,-0.09266191051750533,-1.4543700224355172,0.9685286868659819,1.0238911587175534,,,,
D7-p3_e05_r000,TA(0.15),0.40831234701909125,0.06666666666666667,0.0949852683021301,1.655148494802099,0.9976644654147758,0.9942574526217687,-0.10707972616197939,-1.4533473401790613,0.979193096567679,1.014857295872064,,,,
D7-p3_e05_r000,TA(0.25),0.40597090998198837,0.06666666666666667,0.09480353982910618,1.655130711623861,0.9977287381814306,0.9942430454141221,-0.10703708153103156,-1.4533509277914234,0.9791766204159716,1.0148657224664015,,,,
D7-p3_e05_r000,TA(0.40),0.40803098503965884,0.06666666666666667,0.08302739400191375,1.6513430998934713,1.000247275046684,0.9897149473488077,-0.0730423268138705,-1.4565443492709917,0.9485681530652634,1.0221314244127926,,,,
D7-p3_e10_r000,adapt,0.22706655808724463,0.12,-0.059613861984408885,-1.5471347562208713,0.8847365726802277,0.9881658002688792,0.0742064802031002,1.5096761471778515,1.044391585804357,1.0046370129063955,,,,
D7-p3_e10_r000,adaptX,2.318351327092387,0.11333333333333333,-0.012788895440415783,-1.5471066931441864,0.907036533530545,0.96022871295409,0.08557182174111962,1.5108453460815638,1.0486867828495718,0.9974902277688659,,,,
D7-p3_e10_r000,HA50,0.015249314019456506,,0.5990764792934853,0.527490355138521,1.2977758057165265,0.9471177125004174,-9.340582918513018,-9.135218354158729,-0.928034723743134,8.232080695382388,,,,
D7-p3_e10_r000,TA(0.05),0.22984626598190516,0.07,5.742445759783174,3.0197272121669636,-9.177244961233791,4.133626132713211,0.166053658276184,-0.04344900407389159,1.062740153724648,0.8898623317604748,,,,
D7-p3_e10_r000,TA(0.10),0.22840752103365958,0.11,0.017959250437897704,-1.557807152472918,0.9275161546713341,0.9859725193215547,0.0709043831598545,1.5106295237096674,1.0462520516239049,0.9878212299305621,,,,
D7-p3_e10_r000,TA(0.15),0.22911663306877017,0.11666666666666667,0.08164089875544363,1.510565621133122,1.051360289745011,0.992604597556139,-0.02660873364974882,-1.545980963777423,0.8902429156034077,0.9727013545784832,,,,
D7-p3_e10_r000,TA(0.25),0.22836813004687428,0.12,-0.059613861984408885,-1.5471347562208713,0.8847365726802277,0.9881658002688792,0.0742064802031002,1.5096761471778515,1.044391585804357,1.0046370129063955,,,,
D7-p3_e10_r000,TA(0.40),0.22940715902950615,0.12,-0.06036412709180346,-1.5471692038622922,0.88441987843951,0.9876129089041842,0.07463370937232433,1.509672542836917,1.0445477338583438,1.0049602300297835,,,,
D7-p3_e20_r000,adapt,0.3346847969805822,0.18333333333333332,-0.1320412504717418,-1.4445048929960584,0.9519520278804225,0.9779242327362888,-0.32366166631585774,1.564432751589055,1.030619782023725,1.0405503908082874,,,,
D7-p3_e20_r000,adaptX,2.268588433973491,0.19,-0.12698706772979396,-1.447820487058364,0.939256724967915,0.9771020829386434,-0.3339542378204512,1.5618157411854587,1.0382907471499765,1.0492127486717706,,,,
D7-p3_e20_r000,HA50,0.012876136926934123,,-2.082087788617092,-0.30666914513648674,0.9562968889235376,1.3201863346434328,21.77414856408099,0.8544827219388567,0.4643444516748985,0.8504934177904108,,,,
D7-p3_e20_r000,TA(0.05),0.33655803999863565,0.07666666666666666,21.77414856408099,0.8544827219388567,0.4643444516748985,0.8504934177904108,-0.19826395702429953,-0.09384067167810878,1.0008553851823057,1.1096145618715667,,,,
D7-p3_e20_r000,TA(0.10),0.3372439140221104,0.07666666666666666,-0.19826395702429953,-0.09384067167810878,1.0008553851823057,1.1096145618715667,21.77414856408099,0.8544827219388567,0.4643444516748985,0.8504934177904108,,,,
D7-p3_e20_r000,TA(0.15),0.3364916320424527,0.15,0.4768245755074714,-0.6769906495085993,0.9436966755681023,1.0378494943815357,-13.384840589402152,-4.78786543030584,1.168352406174675,1.5508697311037327,,,,
D7-p3_e20_r000,TA(0.25),0.3363009309396148,0.19,-0.3490765443935212,1.5224068175986585,1.0589584435640578,1.011673944802902,-0.15069614335587375,-1.4532548755788008,0.9490981834964105,0.9667276222247502,,,,
D7-p3_e20_r000,TA(0.40),0.3381710040848702,0.19,-0.3145406773653751,1.5346246195933289,1.0901327791058875,1.0229871262362102,-0.09958093802097524,-1.4402384432317508,0.9676009725747263,0.9565008799137669,,,,
D7-p3_e30_r000,adapt,0.30598888895474374,0.31,-0.1308485490455662,1.5619126048228953,1.105802762298888,0.8597955611336178,-0.06221247509133578,-1.5502974653483519,1.006095569042219,1.0667015572165683,,,,
D7-p3_e30_r000,adaptX,2.3190482968930155,0.32666666666666666,-0.14800259423110868,1.5686990012128794,1.1021673073496465,0.8519100423292219,-0.063759015211733,-1.550895316195262,1.014468050863913,1.0759871832481065,,,,
D7-p3_e30_r000,HA50,0.0150361149571836,,3.5237740414550225,-0.04617657961243778,1.2560444830065334,0.6914236485690815,-23.797404862899917,-0.2782011129172373,1.3476138437473137,0.8074060165836726,,,,
D7-p3_e30_r000,TA(0.05),0.3090124970767647,0.14666666666666667,-0.5059454549771671,0.08266044720454913,1.006997106435869,0.9040623683813954,-23.797404862899917,-0.2782011129172373,1.3476138437473137,0.8074060165836726,,,,
D7-p3_e30_r000,TA(0.10),0.30746389797423035,0.14666666666666667,-23.797404862899917,-0.2782011129172373,1.3476138437473137,0.8074060165836726,-0.5059454549771671,0.08266044720454913,1.006997106435869,0.9040623683813954,,,,
D7-p3_e30_r000,TA(0.15),0.31420341902412474,0.15,-0.5059454549771671,0.08266044720454913,1.006997106435869,0.9040623683813954,-23.928146549706824,0.015071451322052887,1.1574428585005476,1.0937984795014022,,,,
D7-p3_e30_r000,TA(0.25),0.3078850940801203,0.19333333333333333,-0.688147269707154,0.19296412673057334,0.8611500214719238,0.957325410469537,-0.6569109151269787,1.5379687891554403,8.266022894058963,4.662569422203024,,,,
D7-p3_e30_r000,TA(0.40),0.3088104670168832,0.31,-0.13000888719625286,1.5614049493521558,1.0969854812479491,0.8497271065744214,-0.063759015211733,-1.550895316195262,1.014468050863913,1.0759871832481065,,,,
D8-K2par-sep_e00_r000,adapt,0.05307408201042563,0.0033333333333333335,-2.958012114904623,1.0001918143234843,3.0496779311716664,1.0821893924161607,,,,,,,,
D8-K2par-sep_e00_r000,adaptX,0.060298295924440026,0.0033333333333333335,-2.958012114904623,1.0001918143234843,3.0496779311716664,1.0821893924161607,,,,,,,,
D8-K2par-sep_e00_r000,HA50,0.010444031096994877,,-2.958012114904623,1.0001918143234843,3.0529095448304187,1.072424281810926,,,,,,,,
D8-K2par-sep_e00_r000,TA(0.05),0.05542022199369967,0.0033333333333333335,-2.958012114904623,1.0001918143234843,3.0496779311716664,1.0821893924161607,,,,,,,,
D8-K2par-sep_e00_r000,TA(0.10),0.0552364100003615,0.0033333333333333335,3.0496779311716664,1.0821893924161607,-2.958012114904623,1.0001918143234843,,,,,,,,
D8-K2par-sep_e00_r000,TA(0.15),0.05401267600245774,0.006666666666666667,-2.958012114904623,1.0001918143234843,3.0317099658472206,1.0700514520927928,,,,,,,,
D8-K2par-sep_e00_r000,TA(0.25),0.05710885301232338,0.0033333333333333335,3.0496779311716664,1.0821893924161607,-2.958012114904623,1.0001918143234843,,,,,,,,
D8-K2par-sep_e00_r000,TA(0.40),0.05609985603950918,0.0033333333333333335,3.0496779311716664,1.0821893924161607,-2.958012114904623,1.0001918143234843,,,,,,,,
D8-K2par-sep_e05_r000,adapt,0.0544926020083949,0.06,3.021038484185768,1.065127992044387,-2.8125900394074255,1.079548822238911,,,,,,,,
D8-K2par-sep_e05_r000,adaptX,0.039466233109124005,0.06,3.021038484185768,1.065127992044387,-2.8125900394074255,1.079548822238911,,,,,,,,
D8-K2par-sep_e05_r000,HA50,0.0052760959370061755,,3.6843569898722976,1.1953557362609344,-3.8157219689701054,1.0864597236358886,,,,,,,,
D8-K2par-sep_e05_r000,TA(0.05),0.055483605014160275,0.06,-2.8125900394074255,1.079548822238911,3.021038484185768,1.065127992044387,,,,,,,,
D8-K2par-sep_e05_r000,TA(0.10),0.05504110606852919,0.06,-2.8125900394074255,1.079548822238911,3.021038484185768,1.065127992044387,,,,,,,,
D8-K2par-sep_e05_r000,TA(0.15),0.05567866703495383,0.06,-2.8125900394074255,1.079548822238911,3.021038484185768,1.065127992044387,,,,,,,,
D8-K2par-sep_e05_r000,TA(0.25),0.055366137996315956,0.06,-2.8125900394074255,1.079548822238911,3.021038484185768,1.065127992044387,,,,,,,,
D8-K2par-sep_e05_r000,TA(0.40),0.05702440196182579,0.06,3.001802418049714,1.0673940078643147,-2.8271916314907743,1.0675079613368794,,,,,,,,
D8-K2par-sep_e10_r000,adapt,0.056364160031080246,0.11,-2.967212335151859,0.8424550472061785,3.004004246917957,0.9492284900964477,,,,,,,,
D8-K2par-sep_e10_r000,adaptX,0.040580269997008145,0.11,-2.967212335151859,0.8424550472061785,3.004004246917957,0.9492284900964477,,,,,,,,
D8-K2par-sep_e10_r000,HA50,0.005602561053819954,,-0.9354615836371721,1.0580963408447437,22.409176270032372,1.1481356677685517,,,,,,,,
D8-K2par-sep_e10_r000,TA(0.05),0.05815255199559033,0.05333333333333334,22.409176270032372,1.1481356677685517,0.23957049617548024,1.0689826963608908,,,,,,,,
D8-K2par-sep_e10_r000,TA(0.10),0.056855081929825246,0.11,3.004004246917957,0.9492284900964477,-2.967212335151859,0.8424550472061785,,,,,,,,
D8-K2par-sep_e10_r000,TA(0.15),0.056976268999278545,0.11,3.004004246917957,0.9492284900964477,-2.967212335151859,0.8424550472061785,,,,,,,,
D8-K2par-sep_e10_r000,TA(0.25),0.05855075898580253,0.11,-2.967212335151859,0.8424550472061785,3.004004246917957,0.9492284900964477,,,,,,,,
D8-K2par-sep_e10_r000,TA(0.40),0.05680676200427115,0.11,-2.967212335151859,0.8424550472061785,3.004004246917957,0.9492284900964477,,,,,,,,
D8-K2par-sep_e20_r000,adapt,0.05799388594459742,0.18666666666666668,-2.9232762524105107,1.0201312897155255,2.9770179785485644,0.9261549124766807,,,,,,,,
D8-K2par-sep_e20_r000,adaptX,0.04246221005450934,0.18666666666666668,2.9770179785485644,0.9261549124766807,-2.9232762524105107,1.0201312897155255,,,,,,,,
D8-K2par-sep_e20_r000,HA50,0.005611969041638076,,23.338671856273038,0.7558902572487006,-2.2834579384949594,1.164284630597441,,,,,,,,
D8-K2par-sep_e20_r000,TA(0.05),0.059045093948952854,0.09,0.03979892314871081,0.9079499114367511,-22.6223702683401,0.889161860359875,,,,,,,,
D8-K2par-sep_e20_r000,TA(0.10),0.05895680689718574,0.09,-22.6223702683401,0.889161860359875,0.03979892314871081,0.9079499114367511,,,,,,,,
D8-K2par-sep_e20_r000,TA(0.15),0.05855246796272695,0.18666666666666668,-2.9232762524105107,1.0201312897155255,2.9770179785485644,0.9261549124766807,,,,,,,,
D8-K2par-sep_e20_r000,TA(0.25),0.05916272092144936,0.18666666666666668,-2.9232762524105107,1.0201312897155255,2.9770179785485644,0.9261549124766807,,,,,,,,
D8-K2par-sep_e20_r000,TA(0.40),0.05977137293666601,0.18666666666666668,2.9770179785485644,0.9261549124766807,-2.9232762524105107,1.0201312897155255,,,,,,,,
D8-K2par-sep_e30_r000,adapt,0.059545335941948,0.31666666666666665,2.950848178806976,1.0285183993974607,-3.1282072922720467,1.0117797866280174,,,,,,,,
D8-K2par-sep_e30_r000,adaptX,0.04100400395691395,0.31666666666666665,-3.1282072922720467,1.0117797866280174,2.950848178806976,1.0285183993974607,,,,,,,,
D8-K2par-sep_e30_r000,HA50,0.005201487918384373,,4.47581392104297,0.8422049598580494,-21.296760745644114,0.6708908716107266,,,,,,,,
D8-K2par-sep_e30_r000,TA(0.05),0.060549141955561936,0.14333333333333334,-21.296760745644114,0.6708908716107266,0.5942861865612636,0.9698824265129656,,,,,,,,
D8-K2par-sep_e30_r000,TA(0.10),0.06151718704495579,0.14333333333333334,0.5313117227676535,1.0275615057531082,-21.296760745644114,0.6708908716107266,,,,,,,,
D8-K2par-sep_e30_r000,TA(0.15),0.061265685013495386,0.15333333333333332,0.5313117227676535,1.0275615057531082,-20.558647342363198,0.5587752569722563,,,,,,,,
D8-K2par-sep_e30_r000,TA(0.25),0.06103087402880192,0.15333333333333332,0.5313117227676535,1.0275615057531082,-20.558647342363198,0.5587752569722563,,,,,,,,
D8-K2par-sep_e30_r000,TA(0.40),0.06001395301427692,0.31666666666666665,-3.1282072922720467,1.0117797866280174,2.950848178806976,1.0285183993974607,,,,,,,,
D1-K2cross_e00_r001,adapt,0.05579739902168512,0.02666666666666667,0.012972788215801728,-1.5566874218022229,0.09588032029153318,1.554475457663002,,,,,,,,
D1-K2cross_e00_r001,adaptX,0.04077989608049393,0.03,0.09588032029153318,1.554475457663002,-0.001323187571832072,-1.5573332432881026,,,,,,,,
D1-K2cross_e00_r001,HA50,0.004900787025690079,,0.030805360945425152,-1.5383658780953868,0.1690757558123613,1.5682800291543157,,,,,,,,
D1-K2cross_e00_r001,TA(0.05),0.05718167300801724,0.02666666666666667,0.11002426636603893,1.5401072577779211,0.012972788215801728,-1.5566874218022229,,,,,,,,
D1-K2cross_e00_r001,TA(0.10),0.05661737697664648,0.03,-0.001323187571832072,-1.5573332432881026,0.09588032029153318,1.554475457663002,,,,,,,,
D1-K2cross_e00_r001,TA(0.15),0.05846009193919599,0.03,-0.001323187571832072,-1.5573332432881026,0.11002426636603893,1.5401072577779211,,,,,,,,
D1-K2cross_e00_r001,TA(0.25),0.05732609401457012,0.023333333333333334,0.020040374231668795,-1.5584477701718653,0.11747406129148685,1.5389196555672569,,,,,,,,
D1-K2cross_e00_r001,TA(0.40),0.05663503299001604,0.023333333333333334,0.020040374231668795,-1.5584477701718653,0.11747406129148685,1.5389196555672569,,,,,,,,
D1-K2cross_e05_r001,adapt,0.056138359010219574,0.05333333333333334,0.11883508105552208,1.4900993664470523,0.10203173153347884,-1.5051550363010961,,,,,,,,
D1-K2cross_e05_r001,adaptX,0.04035281401593238,0.05333333333333334,0.08011397681127752,-1.497190624001193,0.09166404078071548,1.5015178735740178,,,,,,,,
D1-K2cross_e05_r001,HA50,0.0051597930723801255,,-14.846603106458703,4.066036358621771,1.4066228001403416,0.427446512090094,,,,,,,,
D1-K2cross_e05_r001,TA(0.05),0.05715485895052552,0.05333333333333334,0.09166404078071548,1.5015178735740178,0.08011397681127752,-1.497190624001193,,,,,,,,
D1-K2cross_e05_r001,TA(0.10),0.057426105020567775,0.05333333333333334,0.08011397681127752,-1.497190624001193,0.09166404078071548,1.5015178735740178,,,,,,,,
D1-K2cross_e05_r001,TA(0.15),0.05774780292995274,0.05333333333333334,0.10203173153347884,-1.5051550363010961,0.11883508105552208,1.4900993664470523,,,,,,,,
D1-K2cross_e05_r001,TA(0.25),0.056903414078988135,0.05333333333333334,0.10203173153347884,-1.5051550363010961,0.11883508105552208,1.4900993664470523,,,,,,,,
D1-K2cross_e05_r001,TA(0.40),0.0579252369934693,0.05333333333333334,0.11883508105552208,1.4900993664470523,0.10203173153347884,-1.5051550363010961,,,,,,,,
D1-K2cross_e10_r001,adapt,0.0568987870356068,0.13333333333333333,-0.06646827633612762,-1.499204217742459,0.020036054718552417,1.5743071404334852,,,,,,,,
D1-K2cross_e10_r001,adaptX,0.03965557098854333,0.13333333333333333,0.020036054718552417,1.5743071404334852,-0.06646827633612762,-1.499204217742459,,,,,,,,
D1-K2cross_e10_r001,HA50,0.005428181029856205,,-1.4715941996114537,-0.13222496318314655,22.043350298692065,-0.3444999440879172,,,,,,,,
D1-K2cross_e10_r001,TA(0.05),0.05850936099886894,0.05,-0.19213791353577658,-0.0033933663151502753,22.043350298692065,-0.3444999440879172,,,,,,,,
D1-K2cross_e10_r001,TA(0.10),0.05846873309928924,0.09333333333333334,11.183082225492466,6.1807500432155535,0.507860228477012,-0.6549487958355907,,,,,,,,
D1-K2cross_e10_r001,TA(0.15),0.05743440007790923,0.13333333333333333,0.020036054718552417,1.5743071404334852,-0.06646827633612762,-1.499204217742459,,,,,,,,
D1-K2cross_e10_r001,TA(0.25),0.05841548298485577,0.13333333333333333,0.020036054718552417,1.5743071404334852,-0.06646827633612762,-1.499204217742459,,,,,,,,
D1-K2cross_e10_r001,TA(0.40),0.058617693022824824,0.13333333333333333,-0.06646827633612762,-1.499204217742459,0.03346590932355255,1.5577163528209175,,,,,,,,
D1-K2cross_e20_r001,adapt,0.10442395706195384,0.21333333333333335,0.13852472046632547,-1.5014155780221918,-0.09373455180198972,1.4309834002793045,,,,,,,,
D1-K2cross_e20_r001,adaptX,0.11018399405293167,0.21333333333333335,-0.0842129749717186,1.432930307655101,0.14783783449177118,-1.5000841823367728,,,,,,,,
D1-K2cross_e20_r001,HA50,0.011828098096884787,,-2.7782512992167,0.18061958114341292,22.628453378840113,0.18746640770631418,,,,,,,,
D1-K2cross_e20_r001,TA(0.05),0.10508860205300152,0.10333333333333333,-0.17466885480499542,0.07830554228608652,22.628453378840113,0.18746640770631418,,,,,,,,
D1-K2cross_e20_r001,TA(0.10),0.1062600490404293,0.10333333333333333,-0.17466885480499542,0.07830554228608652,22.628453378840113,0.18746640770631418,,,,,,,,
D1-K2cross_e20_r001,TA(0.15),0.10550921806134284,0.14333333333333334,0.42693682603838734,0.5645276943067352,-15.45336508500937,4.3729427202322615,,,,,,,,
D1-K2cross_e20_r001,TA(0.25),0.10570117109455168,0.21666666666666667,0.13834145797724298,-1.5000929925444253,-0.04850379806646984,1.452895560594377,,,,,,,,
D1-K2cross_e20_r001,TA(0.40),0.10557616292499006,0.21333333333333335,-0.09373455180198972,1.4309834002793045,0.13852472046632547,-1.5014155780221918,,,,,,,,
D1-K2cross_e30_r001,adapt,0.11661937402095646,0.3233333333333333,-0.1448316756934274,1.4184820044435864,-0.08806125628079353,-1.4653502116336135,,,,,,,,
D1-K2cross_e30_r001,adaptX,0.12473506992682815,0.3233333333333333,-0.1448316756934274,1.4184820044435864,-0.08806125628079353,-1.4653502116336135,,,,,,,,
D1-K2cross_e30_r001,HA50,0.010807113023474813,,-22.917448388656787,-0.10670378782953636,4.047798236318976,-0.03689680135198277,,,,,,,,
D1-K2cross_e30_r001,TA(0.05),0.1180002330802381,0.15333333333333332,0.014895605898675952,0.19292451429041593,-22.917448388656787,-0.10670378782953636,,,,,,,,
D1-K2cross_e30_r001,TA(0.10),0.12717433902435005,0.15333333333333332,-22.917448388656787,-0.10670378782953636,0.014895605898675952,0.19292451429041593,,,,,,,,
D1-K2cross_e30_r001,TA(0.15),0.11993065301794559,0.15666666666666668,0.014895605898675952,0.19292451429041593,-23.257698451055784,-0.2888530901579961,,,,,,,,
D1-K2cross_e30_r001,TA(0.25),0.1189009869704023,0.15666666666666668,0.014895605898675952,0.19292451429041593,-23.257698451055784,-0.2888530901579961,,,,,,,,
D1-K2cross_e30_r001,TA(0.40),0.11824262898880988,0.3233333333333333,-0.14596733478692162,1.418498331949013,-0.08921854869652787,-1.4654138635748641,,,,,,,,
D2-K3par_e00_r001,adapt,0.45259972801432014,0.006666666666666667,-3.0673612354573003,0.9981629638651778,-0.12217129020820935,0.993973090208298,3.008925249612333,0.9400147694417545,,,,,,
D2-K3par_e00_r001,adaptX,0.25530850095674396,0.0033333333333333335,2.964501157765257,0.9076587634239527,-0.22151654199037998,0.955750118962506,-3.0866746646497614,0.9854494122444627,,,,,,
D2-K3par_e00_r001,HA50,0.015439841081388295,,-0.12580913333767874,0.9750809141188915,3.0750194112767892,0.9252753400722704,-3.0866746646497614,0.9854494122444627,,,,,,
D2-K3par_e00_r001,TA(0.05),0.45346650609280914,0.006666666666666667,-2.8483842272284727,0.9062733214887226,0.18596801244748337,0.870431788738833,3.1494934580975062,0.8714559592392759,,,,,,
D2-K3par_e00_r001,TA(0.10),0.4565801160642877,0.01,-2.947750626319893,0.8665862902188591,-0.010815609868106825,0.8444159020287768,3.0551478340762466,0.8750483706010721,,,,,,
D2-K3par_e00_r001,TA(0.15),0.4535381319001317,0.01,0.003850867747963016,0.8430523169114615,-2.947750626319893,0.8665862902188591,3.071984393985532,0.8703602292452829,,,,,,
D2-K3par_e00_r001,TA(0.25),0.4534270269796252,0.006666666666666667,-2.928385725260679,0.8364899535883497,-0.104869356388559,0.8314431170845529,3.005869509723366,0.8562072586517576,,,,,,
D2-K3par_e00_r001,TA(0.40),0.45403864595573395,0.02666666666666667,2.9565804623439575,0.9346022163914239,-1.4175117690121402,1.7399456182070259,-1.5203253228721374,0.2510726545412359,,,,,,
D2-K3par_e05_r001,adapt,0.38626487005967647,0.04,3.229877801154528,1.0557069314497873,0.06375416162675539,1.077704484886971,-3.002456958027381,1.0676819292381048,,,,,,
D2-K3par_e05_r001,adaptX,0.2508768980624154,0.04,3.229877801154528,1.0557069314497873,0.06375416162675539,1.077704484886971,-3.002456958027381,1.0676819292381048,,,,,,
D2-K3par_e05_r001,HA50,0.01739276899024844,,-21.229323449693478,-0.41296377496373077,3.718723941942766,1.284584614334319,-1.5842221635380955,1.0315399013127575,,,,,,
D2-K3par_e05_r001,TA(0.05),0.3906343519920483,0.04,-3.002456958027381,1.0676819292381048,3.229877801154528,1.0557069314497873,0.06375416162675539,1.077704484886971,,,,,,
D2-K3par_e05_r001,TA(0.10),0.3881862439448014,0.04,0.06310751826175576,1.07690908728847,-2.9851512894283347,1.0629487660995522,3.2115994163332138,1.0578799911596177,,,,,,
D2-K3par_e05_r001,TA(0.15),0.38823877507820725,0.043333333333333335,0.19972833679057087,1.073144419906896,3.229877801154528,1.0557069314497873,-2.8337662697582995,1.0346146332333692,,,,,,
D2-K3par_e05_r001,TA(0.25),0.3883257240522653,0.043333333333333335,-2.862830604257075,1.0424365209001998,0.13777732423286423,1.0925027411689279,3.229877801154528,1.0557069314497873,,,,,,
D2-K3par_e05_r001,TA(0.40),0.3913364310283214,0.043333333333333335,3.544860078156042,0.9101317573557894,0.9041975184764272,0.8144000032144273,-2.292227458984864,0.7447785931179294,,,,,,
D2-K3par_e10_r001,adapt,0.37451402796432376,0.11,0.11310283252767593,0.949218298296948,2.983281937475771,0.9461555941775542,-3.1286053183912172,1.0923635948038055,,,,,,
D2-K3par_e10_r001,adaptX,0.2563415769254789,0.11,1.4749908709760422,1.650198980743694,-2.9950697839407576,1.130845728956287,1.7192928800372451,0.20131304503265518,,,,,,
D2-K3par_e10_r001,HA50,0.018060105037875473,,24.672439055979495,0.07518296832552405,0.04941636386859811,0.9854831483845797,-22.53959220465037,1.4141121327439514,,,,,,
D2-K3par_e10_r001,TA(0.05),0.3769929250702262,0.06,1.8374276305400439,0.874990459836719,-2.5269892995326773,1.0193772134593355,25.844328231429355,-1.2448285676786068,,,,,,
D2-K3par_e10_r001,TA(0.10),0.37655083392746747,0.09666666666666666,-2.7138776975363905,1.2054935372267441,8.830501285774226,4.51578854710632,1.8652753934946933,0.835975895960339,,,,,,
D2-K3par_e10_r001,TA(0.15),0.3758100070990622,0.11,-3.087554816976048,1.0764617285150444,2.983281937475771,0.9461555941775542,0.14551913207053555,0.9348214896109686,,,,,,
D2-K3par_e10_r001,TA(0.25),0.3770018999930471,0.11,-0.09523504432260865,1.0801576661567538,2.8224180576686715,1.0747091426550175,-3.171149797475844,1.1049980861609865,,,,,,
D2-K3par_e10_r001,TA(0.40),0.3758490369655192,0.11,-3.192724901159679,1.0939823013245253,2.9142107481199337,1.016734058694409,-0.0011554279287499883,1.0082860410396313,,,,,,
D2-K3par_e20_r001,adapt,0.4960834600497037,0.17666666666666667,3.0349451374247804,0.9434879965876939,-0.014295404027480292,1.0450311354662918,-3.088187486663457,0.9984452535836947,,,,,,
D2-K3par_e20_r001,adaptX,0.26906961400527507,0.17666666666666667,-3.050648966530455,0.9978916189917867,3.0349451374247804,0.9434879965876939,0.019266627012349123,1.0448961008467923,,,,,,
D2-K3par_e20_r001,HA50,0.01501042302697897,,-21.173718184327097,0.2611817148194624,22.24325078301117,1.2710515196086085,-0.11712107154874078,0.9258803551082722,,,,,,
D2-K3par_e20_r001,TA(0.05),0.5011732979910448,0.0,-0.11712107154874078,0.9258803551082722,22.24325078301117,1.2710515196086085,-21.173718184327097,0.2611817148194624,,,,,,
D2-K3par_e20_r001,TA(0.10),0.4996690539410338,0.08,22.24325078301117,1.2710515196086085,2.2059306663216263,0.7615950864960696,-2.187509419138745,0.8257756518082356,,,,,,
D2-K3par_e20_r001,TA(0.15),0.4991476859431714,0.11333333333333333,-2.253967450019369,0.8362278975776752,2.14640756078393,0.7845150997817113,1.8608195629542068,-12.066037646292656,,,,,,
D2-K3par_e20_r001,TA(0.25),0.49813500500749797,0.17666666666666667,-3.0728369888224116,1.0133918756982743,3.0349451374247804,0.9434879965876939,0.000348405470422092,1.0576380217581616,,,,,,
D2-K3par_e20_r001,TA(0.40),0.49769185204058886,0.17666666666666667,-3.0728369888224116,1.0133918756982743,0.016975704428199387,1.0573953862022276,3.0556520528587185,0.9445596044714791,,,,,,
D2-K3par_e30_r001,adapt,0.5284095969982445,0.0,-21.35640434665374,1.5939253879798627,-0.12304518772928197,1.0627429639217982,21.723393350571325,1.3920686221637206,,,,,,
D2-K3par_e30_r001,adaptX,0.4032806640025228,0.0,21.723393350571325,1.3920686221637206,-21.35640434665374,1.5939253879798627,-0.12304518772928197,1.0627429639217982,,,,,,
D2-K3par_e30_r001,HA50,0.02042769198305905,,21.723393350571325,1.3920686221637206,-21.35640434665374,1.5939253879798627,-0.12304518772928197,1.0627429639217982,,,,,,
D2-K3par_e30_r001,TA(0.05),0.5318779100198299,0.0,-21.35640434665374,1.5939253879798627,-0.12304518772928197,1.0627429639217982,21.723393350571325,1.3920686221637206,,,,,,
D2-K3par_e30_r001,TA(0.10),0.5298707269830629,0.0,21.723393350571325,1.3920686221637206,-0.12304518772928197,1.0627429639217982,-21.35640434665374,1.5939253879798627,,,,,,
D2-K3par_e30_r001,TA(0.15),0.5319536849856377,0.0,-0.12304518772928197,1.0627429639217982,21.723393350571325,1.3920686221637206,-21.35640434665374,1.5939253879798627,,,,,,
D2-K3par_e30_r001,TA(0.25),0.5302559050032869,0.17666666666666667,1.9582230633722,1.037690359878539,-2.383046721653982,1.1595446971696406,-21.33596947580955,1.7062622759479096,,,,,,
D2-K3par_e30_r001,TA(0.40),0.5294190740678459,0.3466666666666667,-3.4162929398770743,0.8424417290045898,-0.31935187638485985,0.6683819700034236,2.778163163921145,0.788359522044193,,,,,,
D3-unequal_e00_r001,adapt,0.12611137691419572,0.01,0.07188824786402015,1.499499544602647,0.0317111903472933,-1.4752858069720247,,,,,,,,
D3-unequal_e00_r001,adaptX,0.10938487097155303,0.006666666666666667,0.07188824786402015,1.499499544602647,0.043721591526588326,-1.486200669425639,,,,,,,,
D3-unequal_e00_r001,HA50,0.02464256004896015,,0.07034263574010488,1.4772792659660205,0.043721591526588326,-1.486200669425639,,,,,,,,
D3-unequal_e00_r001,TA(0.05),0.1293234060285613,0.01,0.025955101809762248,-1.4759263583918696,0.03503017177360351,1.4985996939207136,,,,,,,,
D3-unequal_e00_r001,TA(0.10),0.12721029203385115,0.006666666666666667,0.028745491283297418,-1.48334665819425,-0.004170261554166343,1.5248911665913658,,,,,,,,
D3-unequal_e00_r001,TA(0.15),0.1295371858868748,0.006666666666666667,0.01748169395118805,1.5062124234113323,0.016784041378868658,-1.4723808751827534,,,,,,,,
D3-unequal_e00_r001,TA(0.25),0.12771835608873516,0.18333333333333332,-0.8856107440756055,-1.3621991671102618,0.9327790935388255,-1.4455262769084176,,,,,,,,
D3-unequal_e00_r001,TA(0.40),0.12884535500779748,0.18666666666666668,-0.8129404269284914,-1.3976902430801603,0.9399802245891992,-1.482020540877408,,,,,,,,
D3-unequal_e05_r001,adapt,0.10648001602385193,0.056666666666666664,0.1186303179545269,1.4905524009663542,0.056358709337525334,-1.4448850075817286,,,,,,,,
D3-unequal_e05_r001,adaptX,0.12454318802338094,0.056666666666666664,0.1186303179545269,1.4905524009663542,0.056358709337525334,-1.4448850075817286,,,,,,,,
D3-unequal_e05_r001,HA50,0.025457134004682302,,0.8768069193777802,-0.8366632878999697,-16.95674290110468,-4.423105048860121,,,,,,,,
D3-unequal_e05_r001,TA(0.05),0.120489452034235,0.056666666666666664,0.056358709337525334,-1.4448850075817286,0.1186303179545269,1.4905524009663542,,,,,,,,
D3-unequal_e05_r001,TA(0.10),0.10717696300707757,0.056666666666666664,0.1186303179545269,1.4905524009663542,0.056358709337525334,-1.4448850075817286,,,,,,,,
D3-unequal_e05_r001,TA(0.15),0.11775218497496098,0.056666666666666664,0.056358709337525334,-1.4448850075817286,0.1186303179545269,1.4905524009663542,,,,,,,,
D3-unequal_e05_r001,TA(0.25),0.1085495469160378,0.056666666666666664,0.1186303179545269,1.4905524009663542,0.04355496044132445,-1.4502270798406653,,,,,,,,
D3-unequal_e05_r001,TA(0.40),0.10825871303677559,0.2633333333333333,0.8166118393739009,-1.4148584041563768,-0.6982039617990848,-1.412994769938379,,,,,,,,
D3-unequal_e10_r001,adapt,0.10727814899291843,0.10333333333333333,-0.026186925513319408,1.5520342597230832,0.07788949764919562,-1.4603339845328718,,,,,,,,
D3-unequal_e10_r001,adaptX,0.14176574302837253,0.10333333333333333,0.07788949764919562,-1.4603339845328718,-0.026186925513319408,1.5520342597230832,,,,,,,,
D3-unequal_e10_r001,HA50,0.010861400049179792,,-0.8809507682906779,-0.052591116194732265,22.907970020610446,-2.027007257049843,,,,,,,,
D3-unequal_e10_r001,TA(0.05),0.10871494701132178,0.05,22.907970020610446,-2.027007257049843,0.0573278225933828,-0.5278694517430482,,,,,,,,
D3-unequal_e10_r001,TA(0.10),0.10878182202577591,0.10333333333333333,-0.026186925513319408,1.5520342597230832,0.07788949764919562,-1.4603339845328718,,,,,,,,
D3-unequal_e10_r001,TA(0.15),0.10969773400574923,0.10333333333333333,-0.026186925513319408,1.5520342597230832,0.07788949764919562,-1.4603339845328718,,,,,,,,
D3-unequal_e10_r001,TA(0.25),0.1086766590597108,0.10333333333333333,0.07788949764919562,-1.4603339845328718,-0.026186925513319408,1.5520342597230832,,,,,,,,
D3-unequal_e10_r001,TA(0.40),0.10977366892620921,0.27666666666666667,1.0103626957595935,-1.3255455082192316,-0.7720395791069302,-1.4106999246593426,,,,,,,,
D3-unequal_e20_r001,adapt,0.11846291599795222,0.22333333333333333,0.051272769948191604,1.401565258665938,-0.18189793485986944,-1.511364934845261,,,,,,,,
D3-unequal_e20_r001,adaptX,0.11368791095446795,0.22333333333333333,0.051272769948191604,1.401565258665938,-0.18189793485986944,-1.511364934845261,,,,,,,,
D3-unequal_e20_r001,HA50,0.010236904956400394,,21.56949143771255,-0.7012885645789446,-2.81440690460635,-0.3949607216865738,,,,,,,,
D3-unequal_e20_r001,TA(0.05),0.12765565898735076,0.1,21.56949143771255,-0.7012885645789446,-0.23203151453870474,-0.7090353542765331,,,,,,,,
D3-unequal_e20_r001,TA(0.10),0.119513129000552,0.1,21.56949143771255,-0.7012885645789446,-0.23203151453870474,-0.7090353542765331,,,,,,,,
D3-unequal_e20_r001,TA(0.15),0.12159658595919609,0.10666666666666667,21.56949143771255,-0.7012885645789446,-0.20150970461909337,-0.7755673370416565,,,,,,,,
D3-unequal_e20_r001,TA(0.25),0.12035926303360611,0.22333333333333333,0.051272769948191604,1.401565258665938,-0.18189793485986944,-1.511364934845261,,,,,,,,
D3-unequal_e20_r001,TA(0.40),0.12005317804869264,0.3466666666666667,-1.174406405640202,-1.4404293612420236,0.9587704398430376,-1.4554434547331834,,,,,,,,
D3-unequal_e30_r001,adapt,0.1252202239120379,0.33,-0.10835060670511754,1.569347490429244,-0.06655764771800754,-1.5405022084940792,,,,,,,,
D3-unequal_e30_r001,adaptX,0.12107064004521817,0.33,-0.10835060670511754,1.569347490429244,-0.06655764771800754,-1.5405022084940792,,,,,,,,
D3-unequal_e30_r001,HA50,0.009619852062314749,,22.795712917445382,-0.6616434348182215,-4.589632500080116,-1.081863037272922,,,,,,,,
D3-unequal_e30_r001,TA(0.05),0.12771395302843302,0.16,-0.23186752940287098,-0.524407631500936,22.795712917445382,-0.6616434348182215,,,,,,,,
D3-unequal_e30_r001,TA(0.10),0.1273167139152065,0.16,22.795712917445382,-0.6616434348182215,-0.23186752940287098,-0.524407631500936,,,,,,,,
D3-unequal_e30_r001,TA(0.15),0.12592581694480032,0.16,-0.23186752940287098,-0.524407631500936,22.795712917445382,-0.6616434348182215,,,,,,,,
D3-unequal_e30_r001,TA(0.25),0.1268522950122133,0.21,-19.48116360267976,-3.7343897614290773,-0.015375148676474278,-1.1217538292165372,,,,,,,,
D3-unequal_e30_r001,TA(0.40),0.12609379598870873,0.33,-0.10835060670511754,1.569347490429244,-0.06655764771800754,-1.5405022084940792,,,,,,,,
D4-hetero_e00_r001,adapt,0.10459095798432827,0.04,0.03664950195031296,-1.5013670201504195,-0.17219415675532365,1.520720957940734,,,,,,,,
D4-hetero_e00_r001,adaptX,0.12308354093693197,0.04,-0.15411136751127374,1.5322451621499233,0.03664950195031296,-1.5013670201504195,,,,,,,,
D4-hetero_e00_r001,HA50,0.008903737063519657,,0.04768853728639232,-1.4749349171639308,-0.15075324138767984,1.5894844176012826,,,,,,,,
D4-hetero_e00_r001,TA(0.05),0.12367611203808337,0.04,0.03664950195031296,-1.5013670201504195,-0.15905212672306718,1.515457273107656,,,,,,,,
D4-hetero_e00_r001,TA(0.10),0.10758001706562936,0.04,0.03664950195031296,-1.5013670201504195,-0.15411136751127374,1.5322451621499233,,,,,,,,
D4-hetero_e00_r001,TA(0.15),0.11892821395304054,0.04,-0.15905212672306718,1.515457273107656,0.03664950195031296,-1.5013670201504195,,,,,,,,
D4-hetero_e00_r001,TA(0.25),0.1075274710310623,0.04,0.03664950195031296,-1.5013670201504195,-0.15905212672306718,1.515457273107656,,,,,,,,
D4-hetero_e00_r001,TA(0.40),0.10667453799396753,0.04,-0.17219415675532365,1.520720957940734,0.03664950195031296,-1.5013670201504195,,,,,,,,
D4-hetero_e05_r001,adapt,0.03603315504733473,0.08333333333333333,0.04899823995672744,-1.5050837825585734,-0.08019714384117402,1.661900406660981,,,,,,,,
D4-hetero_e05_r001,adaptX,0.03993048402480781,0.09,-0.031541126361488175,1.6746400659544938,0.05055971165675128,-1.5012855898086903,,,,,,,,
D4-hetero_e05_r001,HA50,0.0055228989804163575,,18.131361904490912,-5.402534040545608,-0.7470538407650472,-0.18635497529485265,,,,,,,,
D4-hetero_e05_r001,TA(0.05),0.03673013695515692,0.08666666666666667,-0.04020653729288868,1.674340860634628,0.04899823995672744,-1.5050837825585734,,,,,,,,
D4-hetero_e05_r001,TA(0.10),0.03695675591006875,0.08666666666666667,0.03159738354183919,-1.5055304555467068,-0.031541126361488175,1.6746400659544938,,,,,,,,
D4-hetero_e05_r001,TA(0.15),0.03743388096336275,0.08666666666666667,0.031306281975493885,-1.5055512351229976,-0.03152653481651404,1.6746405224962813,,,,,,,,
D4-hetero_e05_r001,TA(0.25),0.03790306195151061,0.08666666666666667,0.031306281975493885,-1.5055512351229976,-0.0496527932269323,1.6652504681551858,,,,,,,,
D4-hetero_e05_r001,TA(0.40),0.03775038500316441,0.08666666666666667,0.04283706371255891,-1.505746411269395,-0.047920745550799004,1.6553915120409797,,,,,,,,
D4-hetero_e10_r001,adapt,0.05590862804092467,0.16333333333333333,0.015450355971620847,-1.4756739097571427,0.11611065329616413,1.716302922997111,,,,,,,,
D4-hetero_e10_r001,adaptX,0.06270527502056211,0.16333333333333333,0.012697845749826603,-1.4759354722890745,0.1125122575966971,1.71614957970998,,,,,,,,
D4-hetero_e10_r001,HA50,0.010003625066019595,,-23.536218839544702,-0.08059205808761001,1.966794325615045,-0.1540372735668705,,,,,,,,
D4-hetero_e10_r001,TA(0.05),0.057656346005387604,0.06333333333333334,21.290407164296525,-0.4301521647504905,0.2417499499928516,-0.07851329679458392,,,,,,,,
D4-hetero_e10_r001,TA(0.10),0.05834489001426846,0.10666666666666667,-0.2264263103655321,-0.6591730496235625,16.55869112857764,-4.222875727243029,,,,,,,,
D4-hetero_e10_r001,TA(0.15),0.057535825995728374,0.16333333333333333,0.1125122575966971,1.71614957970998,0.012697845749826603,-1.4759354722890745,,,,,,,,
D4-hetero_e10_r001,TA(0.25),0.05779059906490147,0.16333333333333333,0.1561263052396351,1.738227547674358,0.0011144543225724557,-1.485554046528771,,,,,,,,
D4-hetero_e10_r001,TA(0.40),0.0581399230286479,0.16333333333333333,0.1561263052396351,1.738227547674358,0.0011144543225724557,-1.485554046528771,,,,,,,,
D4-hetero_e20_r001,adapt,0.03518272703513503,0.23333333333333334,-0.017766690358194365,-1.4971223701604073,-0.32717231502440536,1.6623327528675749,,,,,,,,
D4-hetero_e20_r001,adaptX,0.039214250980876386,0.23333333333333334,-0.33110608534485914,1.6626368294768283,-0.015412391971513674,-1.497037898051656,,,,,,,,
D4-hetero_e20_r001,HA50,0.00531755096744746,,2.674122439994165,-0.30537479060117223,-21.408041459855752,-0.7785108479053648,,,,,,,,
D4-hetero_e20_r001,TA(0.05),0.03602126403711736,0.10333333333333333,-21.629882515151944,-0.5898427434468068,0.0909162285782746,-0.00944922982470104,,,,,,,,
D4-hetero_e20_r001,TA(0.10),0.03683310700580478,0.10333333333333333,-21.629882515151944,-0.5898427434468068,0.0909162285782746,-0.00944922982470104,,,,,,,,
D4-hetero_e20_r001,TA(0.15),0.03599590505473316,0.10333333333333333,0.0909162285782746,-0.00944922982470104,-21.629882515151944,-0.5898427434468068,,,,,,,,
D4-hetero_e20_r001,TA(0.25),0.03646869398653507,0.23333333333333334,-0.33110608534485914,1.6626368294768283,-0.015412391971513674,-1.497037898051656,,,,,,,,
D4-hetero_e20_r001,TA(0.40),0.03650998591911048,0.23333333333333334,-0.015412391971513674,-1.497037898051656,-0.33110608534485914,1.6626368294768283,,,,,,,,
D4-hetero_e30_r001,adapt,0.053890931070782244,0.25666666666666665,0.03535074384501255,-1.4790357551659035,-0.242966065844637,1.5010047366103292,,,,,,,,
D4-hetero_e30_r001,adaptX,0.060978788998909295,0.25666666666666665,0.03535074384501255,-1.4790357551659035,-0.242966065844637,1.5010047366103292,,,,,,,,
D4-hetero_e30_r001,HA50,0.010319622932001948,,-3.033090658505563,-0.06270068288817339,22.564292023727912,-0.44287400947732314,,,,,,,,
D4-hetero_e30_r001,TA(0.05),0.05458815395832062,0.11333333333333333,22.564292023727912,-0.44287400947732314,0.003450868920260935,-0.02092115196849561,,,,,,,,
D4-hetero_e30_r001,TA(0.10),0.056196716031990945,0.11666666666666667,22.8518611319432,-0.6249240163284727,0.003450868920260935,-0.02092115196849561,,,,,,,,
D4-hetero_e30_r001,TA(0.15),0.055173180997371674,0.11666666666666667,22.8518611319432,-0.6249240163284727,0.003450868920260935,-0.02092115196849561,,,,,,,,
D4-hetero_e30_r001,TA(0.25),0.055154414963908494,0.25666666666666665,0.03535074384501255,-1.4790357551659035,-0.242966065844637,1.5010047366103292,,,,,,,,
D4-hetero_e30_r001,TA(0.40),0.05572573805693537,0.25666666666666665,-0.23111087319996754,1.5010842689849482,0.02994813434189576,-1.4793691479709188,,,,,,,,
D5-leverage_e00_r001,adapt,0.05027960997540504,0.02,-0.12701518267637565,-1.5365883891154255,-0.005854648907109657,1.4488581428399796,,,,,,,,
D5-leverage_e00_r001,adaptX,0.056751023046672344,0.02,0.005733111910229542,1.458021182621295,-0.12701518267637565,-1.5365883891154255,,,,,,,,
D5-leverage_e00_r001,HA50,0.009136024047620595,,-0.08581773779356876,-1.5628684089154838,0.015148612542107745,1.4993489950616974,,,,,,,,
D5-leverage_e00_r001,TA(0.05),0.05258367897477001,0.02,-0.005854648907109657,1.4488581428399796,-0.12701518267637565,-1.5365883891154255,,,,,,,,
D5-leverage_e00_r001,TA(0.10),0.05222052102908492,0.02,-0.005854648907109657,1.4488581428399796,-0.12701518267637565,-1.5365883891154255,,,,,,,,
D5-leverage_e00_r001,TA(0.15),0.05107331299223006,0.02,-0.12701518267637565,-1.5365883891154255,0.005733111910229542,1.458021182621295,,,,,,,,
D5-leverage_e00_r001,TA(0.25),0.05270131700672209,0.023333333333333334,0.006718480499417323,1.4579356232434493,-0.1284299560516259,-1.5365129197801473,,,,,,,,
D5-leverage_e00_r001,TA(0.40),0.05124356097076088,0.02,-0.1284299560516259,-1.5365129197801473,-0.004943329916168133,1.4487756854512572,,,,,,,,
D5-leverage_e05_r001,adapt,0.05120214005000889,0.08,-0.010924856012518974,1.5272090280283033,-0.005445611379087385,-1.471601480418522,,,,,,,,
D5-leverage_e05_r001,adaptX,0.05634814302902669,0.08,-0.015514192643183492,1.5264491921006191,-0.011148366966083442,-1.4725383710030235,,,,,,,,
D5-leverage_e05_r001,HA50,0.009464196045883,,-2.4038794513363984,0.10288297698060389,2.182024089719493,0.027617841922841804,,,,,,,,
D5-leverage_e05_r001,TA(0.05),0.053270830074325204,0.08,-0.005445611379087385,-1.471601480418522,-0.010924856012518974,1.5272090280283033,,,,,,,,
D5-leverage_e05_r001,TA(0.10),0.052454974967986345,0.08,-0.015514192643183492,1.5264491921006191,-0.011148366966083442,-1.4725383710030235,,,,,,,,
D5-leverage_e05_r001,TA(0.15),0.05203086603432894,0.08,-0.03350790918544481,1.519467626286524,-0.03266344708873563,-1.4811733928182396,,,,,,,,
D5-leverage_e05_r001,TA(0.25),0.052472923998720944,0.08,-0.02244145799981982,1.5196015201310586,-0.04641502325338685,-1.4813331180326175,,,,,,,,
D5-leverage_e05_r001,TA(0.40),0.053189502912573516,0.08,-0.0773920982401206,1.507052514609271,-0.05098944627285325,-1.4762847264993186,,,,,,,,
D5-leverage_e10_r001,adapt,0.04183625103905797,0.10666666666666667,-0.17591857510339967,1.4416246880191843,0.05108458124511809,-1.5904020052842591,,,,,,,,
D5-leverage_e10_r001,adaptX,0.048268218990415335,0.1,0.030175687544488,-1.5880496456073367,-0.15146981772452783,1.4429546039454366,,,,,,,,
D5-leverage_e10_r001,HA50,0.0057803119998425245,,2.0949904376665076,-0.12737851186899962,-2.6051949382691038,0.11369993792508817,,,,,,,,
D5-leverage_e10_r001,TA(0.05),0.04345605103299022,0.0,-2.6051949382691038,0.11369993792508817,2.0949904376665076,-0.12737851186899962,,,,,,,,
D5-leverage_e10_r001,TA(0.10),0.043820424005389214,0.10333333333333333,0.05108458124511809,-1.5904020052842591,-0.1590253867311133,1.4353251028584773,,,,,,,,
D5-leverage_e10_r001,TA(0.15),0.04337163607124239,0.1,0.044031643061659055,-1.5910881686030316,-0.15163730473967657,1.4354715386860275,,,,,,,,
D5-leverage_e10_r001,TA(0.25),0.04330482496879995,0.1,-0.15163730473967657,1.4354715386860275,0.044031643061659055,-1.5910881686030316,,,,,,,,
D5-leverage_e10_r001,TA(0.40),0.0426765939919278,0.10666666666666667,0.05108458124511809,-1.5904020052842591,-0.17591857510339967,1.4416246880191843,,,,,,,,
D5-leverage_e20_r001,adapt,0.05053227499593049,0.0033333333333333335,-2.3919521118383655,0.10473090441868907,2.424308095245908,-0.10741753069725067,,,,,,,,
D5-leverage_e20_r001,adaptX,0.053511289996095,0.22,-0.07685773806813577,1.5558770888978277,-0.016772307557992982,-1.4851497786017323,,,,,,,,
D5-leverage_e20_r001,HA50,0.009954659035429358,,2.4495250975655454,-0.10375294251907488,-2.3919521118383655,0.10473090441868907,,,,,,,,
D5-leverage_e20_r001,TA(0.05),0.05212085205130279,0.0033333333333333335,-2.4654322148060217,0.11308661330596398,2.3403388243497383,-0.09791358731270201,,,,,,,,
D5-leverage_e20_r001,TA(0.10),0.052297198912128806,0.0033333333333333335,-2.573619585641454,0.12375808779641746,2.2231361454992014,-0.08658488745962963,,,,,,,,
D5-leverage_e20_r001,TA(0.15),0.053055781056173146,0.0033333333333333335,2.2034960602016107,-0.08452736705167185,-2.5922586608793776,0.12572519126998655,,,,,,,,
D5-leverage_e20_r001,TA(0.25),0.05186728993430734,0.22,-0.07685773806813577,1.5558770888978277,-0.016772307557992982,-1.4851497786017323,,,,,,,,
D5-leverage_e20_r001,TA(0.40),0.05284497095271945,0.22,-0.016772307557992982,-1.4851497786017323,-0.07685773806813577,1.5558770888978277,,,,,,,,
D5-leverage_e30_r001,adapt,0.03747619199566543,0.006666666666666667,2.2297787046604296,-0.062474683920837236,-2.2178997973171017,0.07250465757125314,,,,,,,,
D5-leverage_e30_r001,adaptX,0.03818085801322013,0.006666666666666667,-2.1994530086090824,0.07060074180885172,2.2499460573513357,-0.06438510387658766,,,,,,,,
D5-leverage_e30_r001,HA50,0.005089276935905218,,-2.2699525811469536,0.08301545343464979,2.294463160554814,-0.07480222116748331,,,,,,,,
D5-leverage_e30_r001,TA(0.05),0.03867975401226431,0.006666666666666667,2.2726354805368314,-0.06714515719743738,-2.1788137417311066,0.06787800813756034,,,,,,,,
D5-leverage_e30_r001,TA(0.10),0.039027612074278295,0.006666666666666667,2.385220505558305,-0.08038208399223096,-2.0779203066297645,0.055010394176836654,,,,,,,,
D5-leverage_e30_r001,TA(0.15),0.03881206002552062,0.006666666666666667,2.409277807420102,-0.08353838148125113,-2.0343584036648132,0.0521424932071155,,,,,,,,
D5-leverage_e30_r001,TA(0.25),0.03842642100062221,0.03,-1.8472297173463783,0.4156118291985684,1.9896381672058994,-0.43539357603086165,,,,,,,,
D5-leverage_e30_r001,TA(0.40),0.038069850066676736,0.03,2.1008775973210128,-0.442051306571238,-1.8373030096082916,0.4120739810828442,,,,,,,,
D6-uniform_e00_r001,adapt,0.04907729697879404,0.006666666666666667,0.2050928227329789,-1.5705943713197907,0.15838961544551758,1.5481108793190577,,,,,,,,
D6-uniform_e00_r001,adaptX,0.056920818984508514,0.006666666666666667,0.2050928227329789,-1.5705943713197907,0.15838961544551758,1.5481108793190577,,,,,,,,
D6-uniform_e00_r001,HA50,0.00869606202468276,,0.1530498367151446,1.564481230068436,0.2050928227329789,-1.5705943713197907,,,,,,,,
D6-uniform_e00_r001,TA(0.05),0.051522893947549164,0.006666666666666667,0.2050928227329789,-1.5705943713197907,0.15838961544551758,1.5481108793190577,,,,,,,,
D6-uniform_e00_r001,TA(0.10),0.05193414003588259,0.006666666666666667,0.15412098026725993,1.5481063953350223,0.208627417010561,-1.5705764539935925,,,,,,,,
D6-uniform_e00_r001,TA(0.15),0.050984140019863844,0.006666666666666667,0.15412098026725993,1.5481063953350223,0.208627417010561,-1.5705764539935925,,,,,,,,
D6-uniform_e00_r001,TA(0.25),0.05312921397853643,0.006666666666666667,0.1389013847487097,1.548038794404447,0.22089278684055885,-1.5704633087712985,,,,,,,,
D6-uniform_e00_r001,TA(0.40),0.0524213460739702,0.006666666666666667,0.14142371016267352,1.5486214718241709,0.2303864308339663,-1.5696866811621744,,,,,,,,
D6-uniform_e05_r001,adapt,0.040749515988864005,0.07,0.004635119158565591,-1.6438652490822514,0.08153488484108515,1.4921655940303202,,,,,,,,
D6-uniform_e05_r001,adaptX,0.047274097916670144,0.07,0.08153488484108515,1.4921655940303202,0.004635119158565591,-1.6438652490822514,,,,,,,,
D6-uniform_e05_r001,HA50,0.006001333007588983,,0.008566483900901636,-1.6683433042438054,0.039243940475088855,1.5543513502464201,,,,,,,,
D6-uniform_e05_r001,TA(0.05),0.042171299923211336,0.07,0.004635119158565591,-1.6438652490822514,0.08153488484108515,1.4921655940303202,,,,,,,,
D6-uniform_e05_r001,TA(0.10),0.04279615799896419,0.07,0.08153488484108515,1.4921655940303202,0.004635119158565591,-1.6438652490822514,,,,,,,,
D6-uniform_e05_r001,TA(0.15),0.04233891703188419,0.07,0.08153488484108515,1.4921655940303202,0.004635119158565591,-1.6438652490822514,,,,,,,,
D6-uniform_e05_r001,TA(0.25),0.04240462207235396,0.07,0.08153488484108515,1.4921655940303202,0.004635119158565591,-1.6438652490822514,,,,,,,,
D6-uniform_e05_r001,TA(0.40),0.041717319982126355,0.07,0.08153488484108515,1.4921655940303202,0.004635119158565591,-1.6438652490822514,,,,,,,,
D6-uniform_e10_r001,adapt,0.04960127198137343,0.12333333333333334,0.03356097387020749,1.638477494795389,0.1831150948104409,-1.4850553304692133,,,,,,,,
D6-uniform_e10_r001,adaptX,0.0871564180124551,0.12333333333333334,0.1831150948104409,-1.4850553304692133,0.03356097387020749,1.638477494795389,,,,,,,,
D6-uniform_e10_r001,HA50,0.009534752927720547,,0.323375668514178,-1.6801996819517213,0.26501193168182535,1.8725462971329174,,,,,,,,
D6-uniform_e10_r001,TA(0.05),0.05323080194648355,0.12333333333333334,0.1831150948104409,-1.4850553304692133,0.03356097387020749,1.638477494795389,,,,,,,,
D6-uniform_e10_r001,TA(0.10),0.050703068962320685,0.12333333333333334,0.03356097387020749,1.638477494795389,0.1831150948104409,-1.4850553304692133,,,,,,,,
D6-uniform_e10_r001,TA(0.15),0.050744083942845464,0.12333333333333334,0.03356097387020749,1.638477494795389,0.1831150948104409,-1.4850553304692133,,,,,,,,
D6-uniform_e10_r001,TA(0.25),0.05089172790758312,0.12333333333333334,0.03356097387020749,1.638477494795389,0.1831150948104409,-1.4850553304692133,,,,,,,,
D6-uniform_e10_r001,TA(0.40),0.05090381496120244,0.12333333333333334,0.1831150948104409,-1.4850553304692133,0.03356097387020749,1.638477494795389,,,,,,,,
D6-uniform_e20_r001,adapt,0.04913390800356865,0.15333333333333332,0.015781254489363968,1.5479632926972977,0.046590003102791634,-1.6034673808460316,,,,,,,,
D6-uniform_e20_r001,adaptX,0.053754708962514997,0.15333333333333332,0.015781254489363968,1.5479632926972977,0.046590003102791634,-1.6034673808460316,,,,,,,,
D6-uniform_e20_r001,HA50,0.01049182505812496,,-3.3416146882245514,0.05351355698973652,2.481217502342251,-0.08584558744415159,,,,,,,,
D6-uniform_e20_r001,TA(0.05),0.05013095692265779,0.15333333333333332,0.015781254489363968,1.5479632926972977,0.046590003102791634,-1.6034673808460316,,,,,,,,
D6-uniform_e20_r001,TA(0.10),0.051384019083343446,0.15333333333333332,0.015781254489363968,1.5479632926972977,0.046590003102791634,-1.6034673808460316,,,,,,,,
D6-uniform_e20_r001,TA(0.15),0.05140351899899542,0.15333333333333332,0.046590003102791634,-1.6034673808460316,0.015781254489363968,1.5479632926972977,,,,,,,,
D6-uniform_e20_r001,TA(0.25),0.051407538005150855,0.15333333333333332,0.046590003102791634,-1.6034673808460316,0.015781254489363968,1.5479632926972977,,,,,,,,
D6-uniform_e20_r001,TA(0.40),0.05061939696315676,0.15333333333333332,0.0707013759125265,-1.6035756445475335,-0.025275779802940698,1.5317132210903703,,,,,,,,
D6-uniform_e30_r001,adapt,0.054793103015981615,0.0,-3.8091239249481235,-0.08047144227018671,2.879884560783963,0.19515477870666453,,,,,,,,
D6-uniform_e30_r001,adaptX,0.058627107995562255,0.20666666666666667,0.2520117572531649,1.332838403947019,-0.6169103628940085,-1.72092055202066,,,,,,,,
D6-uniform_e30_r001,HA50,0.011574506992474198,,2.4721830985545434,0.24328654038324296,-4.3513471778323645,0.008666966225204225,,,,,,,,
D6-uniform_e30_r001,TA(0.05),0.05553288699593395,0.0,-3.8733398754457187,-0.04882148781604198,2.858553527448868,0.19344483467656673,,,,,,,,
D6-uniform_e30_r001,TA(0.10),0.056911777006462216,0.18333333333333332,-0.8530999827261189,-1.591209081701803,0.06399319752223535,1.5088828182452803,,,,,,,,
D6-uniform_e30_r001,TA(0.15),0.056987678981386125,0.19,-0.8635968858181867,-1.6029547436629483,0.20533023159599642,1.41822342457877,,,,,,,,
D6-uniform_e30_r001,TA(0.25),0.05582202202640474,0.21,0.264473451034083,1.3322950693719589,-0.5339882456857729,-1.7825099951662313,,,,,,,,
D6-uniform_e30_r001,TA(0.40),0.05618743097875267,0.20666666666666667,-0.5532584725947585,-1.678531010153343,0.1636678748993768,1.404418383917876,,,,,,,,
D7-p3_e00_r001,adapt,0.20340879797004163,0.043333333333333335,0.03202594282962159,-1.4952877273278433,1.1026502409769663,0.9641747431020584,0.07695175682535642,1.5877505763988702,1.0019107985130742,0.863788838024435,,,,
D7-p3_e00_r001,adaptX,2.0080917020095512,0.05,0.05796776146902338,-1.4938665281685326,1.1182876762801697,0.9550322580301823,0.022894193514873644,1.5778066778599489,0.9702343520955868,0.8669368471316999,,,,
D7-p3_e00_r001,HA50,0.01626603293698281,,0.1458025517521849,1.51417968424151,1.0702782708171086,0.8719041202372529,0.05696674391588147,-1.548363520857859,1.0811659469031867,1.0101822778403706,,,,
D7-p3_e00_r001,TA(0.05),0.20581905008293688,0.05,0.022894193514873644,1.5778066778599489,0.9702343520955868,0.8669368471316999,0.05796776146902338,-1.4938665281685326,1.1182876762801697,0.9550322580301823,,,,
D7-p3_e00_r001,TA(0.10),0.20712342706974596,0.05,0.08846055255808304,-1.4845959470131795,1.119141958767487,0.9362717173492671,0.004041642660008305,1.5759202732308777,0.9756601423705483,0.8789903686595297,,,,
D7-p3_e00_r001,TA(0.15),0.20631833106745034,0.05,0.0770887568652825,-1.4951106655399495,1.1147262140013072,0.9435314154088482,7.18200002616879e-05,1.5763556603084317,0.9720623330022983,0.8800469295677644,,,,
D7-p3_e00_r001,TA(0.25),0.208070173044689,0.05,7.18200002616879e-05,1.5763556603084317,0.9720623330022983,0.8800469295677644,0.10451473824678528,-1.472259522526126,1.1185480109804555,0.933373074265089,,,,
D7-p3_e00_r001,TA(0.40),0.20506432699039578,0.05,0.009445797590688997,1.5642787914097604,0.9624904511759015,0.8714692824653683,0.12032408244266057,-1.4613804896193512,1.126831267498624,0.919503969839315,,,,
D7-p3_e05_r001,adapt,0.3255558159435168,0.07666666666666666,0.3123623010949261,-1.4733972582958101,1.0242614246816613,1.1306210009032087,-0.2341118252517888,1.62906010689609,1.0248822377512194,0.9372370671150225,,,,
D7-p3_e05_r001,adaptX,2.1505997229833156,0.09333333333333334,0.31972168298813847,-1.4871899239142958,1.0441851131772246,1.1410348619015653,-0.2575082220003362,1.6426239082981449,1.004651081824684,0.9581771852453862,,,,
D7-p3_e05_r001,HA50,0.013443497940897942,,-15.589694165239534,4.344658562978138,1.4960517523164207,0.09866258588404171,1.4067755799596708,0.5700559359644183,1.0230122059747688,1.0968619663123327,,,,
D7-p3_e05_r001,TA(0.05),0.328164448030293,0.07666666666666666,0.3038730646377505,-1.4740410732104596,1.0242823366456761,1.1259718390810531,-0.22432292189637149,1.6296385808236207,1.023722860601135,0.9425754639563755,,,,
D7-p3_e05_r001,TA(0.10),0.3263844789471477,0.07666666666666666,0.3123623010949261,-1.4733972582958101,1.0242614246816613,1.1306210009032087,-0.2341118252517888,1.62906010689609,1.0248822377512194,0.9372370671150225,,,,
D7-p3_e05_r001,TA(0.15),0.32751693297177553,0.07666666666666666,0.3123623010949261,-1.4733972582958101,1.0242614246816613,1.1306210009032087,-0.2341118252517888,1.62906010689609,1.0248822377512194,0.9372370671150225,,,,
D7-p3_e05_r001,TA(0.25),0.32834580703638494,0.07666666666666666,0.30514508256611383,-1.474399970781353,1.0258207596552862,1.1330475518436427,-0.21142657928058378,1.629707078785947,1.014055769751372,0.9434334241120642,,,,
D7-p3_e05_r001,TA(0.40),0.3266470270464197,0.07666666666666666,-0.2405650120027588,1.6162891414974847,1.007766664706045,0.9465920662907533,0.27884060416351286,-1.4478490865832385,1.053416692144405,1.1371344324715253,,,,
D7-p3_e10_r001,adapt,0.23289683600887656,0.12,0.48246462038486565,-1.5369693332229453,1.0427119206242068,0.9975285316499846,-0.17801113835705018,1.5614038557227632,1.030267688844562,0.9854222674765184,,,,
D7-p3_e10_r001,adaptX,2.0741792450426146,0.11666666666666667,-0.1918444971134455,1.5663669517951437,1.0372933042291237,0.983857651295372,0.4043378104042371,-1.4916905312773505,1.0280273016820833,0.9902995687079903,,,,
D7-p3_e10_r001,HA50,0.013557599973864853,,1.501786162711255,-0.4172876946657877,1.0271574926369866,0.5706629784188232,-15.72717672027104,-3.273692601303884,0.6293955798810951,-1.715887859410748,,,,
D7-p3_e10_r001,TA(0.05),0.23493829590734094,0.056666666666666664,-3.3097059613652084,2.0236392342647314,-7.990486167986062,-3.2822026564653712,-0.05627236379720065,-0.0869158753055752,1.088204251875669,0.7606355100971806,,,,
D7-p3_e10_r001,TA(0.10),0.2347379819257185,0.11666666666666667,-0.17801113835705018,1.5614038557227632,1.030267688844562,0.9854222674765184,0.4559483666119672,-1.5228743218581184,1.0352780862583533,0.9902278395064055,,,,
D7-p3_e10_r001,TA(0.15),0.2345841460628435,0.11333333333333333,0.41668700022381383,-1.4983964595705679,1.035940374510166,0.9845258985073013,-0.19203986222446215,1.566340835654556,1.0372836642198697,0.9837296470151589,,,,
D7-p3_e10_r001,TA(0.25),0.23470885399729013,0.11666666666666667,-0.20409146751489976,1.565409994657922,1.0414211988988467,0.9804734823400787,0.4469981306874967,-1.5180269326573526,1.0416505467718704,0.9874791366324731,,,,
D7-p3_e10_r001,TA(0.40),0.2343622880289331,0.12,0.4753764930265768,-1.5319173832670843,1.0512277562899397,1.0041445375922466,-0.2240715665568166,1.5479963396390455,1.0453934437448333,0.9539866796587755,,,,
D7-p3_e20_r001,adapt,0.21973897004500031,0.18,0.17811833965613852,1.5150004592054422,0.8555664149257978,0.9602520879447995,0.03530921174011521,-1.4831338880100147,0.979354720660078,1.0792167858697952,,,,
D7-p3_e20_r001,adaptX,1.9408850490581244,0.18333333333333332,0.18199717678167193,1.537501056731447,0.905052909433533,0.9732178690595211,0.06094487371730909,-1.4875136832220726,0.9500120019207111,1.0572704133108097,,,,
D7-p3_e20_r001,HA50,0.01288865099195391,,2.022276068411169,0.2500746481669765,0.839751674990318,0.8115439723550769,-23.334474384079677,-0.8955416285219885,0.7977699155245795,1.784208942933562,,,,
D7-p3_e20_r001,TA(0.05),0.22069074597675353,0.1,-0.2160893953101384,0.012710022887146344,0.9476168788306528,1.1059185818654194,-23.5774477740946,-0.7597908150659578,-0.09972514655525472,2.5161265754005053,,,,
D7-p3_e20_r001,TA(0.10),0.22133557498455048,0.09,23.280879483907235,-2.9836484738462223,3.5931491619288485,0.949329492477106,-0.35515418370493085,-0.09538246940107706,1.0490984042846796,1.1147115693117609,,,,
D7-p3_e20_r001,TA(0.15),0.22196176799479872,0.18333333333333332,0.03214952699959441,-1.4817270789562813,0.9650468829095455,1.0768331755393683,0.23608483224639065,1.5439750909660328,0.8807371532035952,0.9404331528447942,,,,
D7-p3_e20_r001,TA(0.25),0.2220774079905823,0.18333333333333332,0.18199717678167193,1.537501056731447,0.905052909433533,0.9732178690595211,0.06094487371730909,-1.4875136832220726,0.9500120019207111,1.0572704133108097,,,,
D7-p3_e20_r001,TA(0.40),0.22281253209803253,0.18333333333333332,0.2193782707697431,1.5410926495401478,0.8874232184947197,0.9466267494196722,0.014559221795506139,-1.481309415132592,0.9720607707996388,1.084026690386859,,,,
D7-p3_e30_r001,adapt,0.17417791299521923,0.31333333333333335,0.0534370522258806,1.5465450282257898,1.0561146620317348,0.9591636886587078,0.1752080282797064,-1.521986775388322,1.122471722182094,0.9445123732410025,,,,
D7-p3_e30_r001,adaptX,1.8932627430185676,0.3333333333333333,0.17032510514602628,-1.5226862872535796,1.1232516149955267,0.9442270720862127,0.07343397503735984,1.563939801253786,1.0804286795420843,0.9420794617426577,,,,
D7-p3_e30_r001,HA50,0.014406615984626114,,21.45413159512655,0.5088576851859358,0.2694582278077168,1.0027201741773537,-3.601090551137823,0.5874186786316259,1.3143509524420325,1.1315573755450572,,,,
D7-p3_e30_r001,TA(0.05),0.1759610481094569,0.13,-0.036724854413972365,-0.08805956988171545,1.204306606831133,1.014707901410832,21.45413159512655,0.5088576851859358,0.2694582278077168,1.0027201741773537,,,,
D7-p3_e30_r001,TA(0.10),0.17508947500027716,0.13,21.45413159512655,0.5088576851859358,0.2694582278077168,1.0027201741773537,-0.036724854413972365,-0.08805956988171545,1.204306606831133,1.014707901410832,,,,
D7-p3_e30_r001,TA(0.15),0.1763663359452039,0.13666666666666666,0.07058268559938093,-0.027031901113295845,1.111728840552676,0.996011563312404,21.45413159512655,0.5088576851859358,0.2694582278077168,1.0027201741773537,,,,
D7-p3_e30_r001,TA(0.25),0.1753300109412521,0.22666666666666666,13.517247303807649,6.394668552462916,0.24308193144005188,1.0310170934747633,0.6826155302213555,-0.4324246405655519,1.1644425220170265,0.8929483511139761,,,,
D7-p3_e30_r001,TA(0.40),0.1753101859940216,0.31333333333333335,0.1702783289886568,-1.5221863564576454,1.1195870646107229,0.9445150615285125,0.058173709233521935,1.5467809511930792,1.0595863654978903,0.959693790250228,,,,
D8-K2par-sep_e00_r001,adapt,0.05260826600715518,0.013333333333333334,-3.0392359469314267,0.9297949982987472,3.0597196188070614,0.9862512044399809,,,,,,,,
D8-K2par-sep_e00_r001,adaptX,0.05793495802208781,0.013333333333333334,3.0597196188070614,0.9862512044399809,-3.0392359469314267,0.9297949982987472,,,,,,,,
D8-K2par-sep_e00_r001,HA50,0.00982208305504173,,3.0618849980374008,0.9686798720481041,-3.038386284221899,0.9377346787834193,,,,,,,,
D8-K2par-sep_e00_r001,TA(0.05),0.05419857904780656,0.02,-3.0392359469314267,0.9297949982987472,3.057514534653821,1.0202298179138978,,,,,,,,
D8-K2par-sep_e00_r001,TA(0.10),0.05421768396627158,0.01,3.0435181753501332,0.9744599577955387,-3.0392359469314267,0.9297949982987472,,,,,,,,
D8-K2par-sep_e00_r001,TA(0.15),0.05573536304291338,0.016666666666666666,-3.0552347814001797,0.9101322321203318,3.0435181753501332,0.9744599577955387,,,,,,,,
D8-K2par-sep_e00_r001,TA(0.25),0.053400996956042945,0.01,3.0449536692500736,0.9667755171595687,-3.0393911695089897,0.9232278941477767,,,,,,,,
D8-K2par-sep_e00_r001,TA(0.40),0.05361076397821307,0.01,-3.0393911695089897,0.9232278941477767,3.076519346593891,0.9839539384778938,,,,,,,,
D8-K2par-sep_e05_r001,adapt,0.04103235900402069,0.08333333333333333,2.9164974616053247,1.0775049757911483,-2.912630042223623,1.070044192520502,,,,,,,,
D8-K2par-sep_e05_r001,adaptX,0.044331390992738307,0.07666666666666666,2.9632696130534826,1.0532320851551167,-2.912630042223623,1.070044192520502,,,,,,,,
D8-K2par-sep_e05_r001,HA50,0.005652907071635127,,4.176229738724145,0.92509243796977,-4.19862575093439,1.134902324814458,,,,,,,,
D8-K2par-sep_e05_r001,TA(0.05),0.04293872299604118,0.07666666666666666,-2.912630042223623,1.070044192520502,2.984014785096222,1.055181609188907,,,,,,,,
D8-K2par-sep_e05_r001,TA(0.10),0.043761953013017774,0.07666666666666666,-2.912630042223623,1.070044192520502,2.9632696130534826,1.0532320851551167,,,,,,,,
D8-K2par-sep_e05_r001,TA(0.15),0.042576751904562116,0.08333333333333333,-2.912630042223623,1.070044192520502,2.9164974616053247,1.0775049757911483,,,,,,,,
D8-K2par-sep_e05_r001,TA(0.25),0.04213652200996876,0.07666666666666666,2.9632696130534826,1.0532320851551167,-2.912630042223623,1.070044192520502,,,,,,,,
D8-K2par-sep_e05_r001,TA(0.40),0.04352887498680502,0.08333333333333333,-2.912630042223623,1.070044192520502,2.9164974616053247,1.0775049757911483,,,,,,,,
D8-K2par-sep_e10_r001,adapt,0.040976303978823125,0.12333333333333334,-2.953581680854985,0.97030440229007,3.1496114087743985,0.9460877808821264,,,,,,,,
D8-K2par-sep_e10_r001,adaptX,0.04913835402112454,0.12333333333333334,3.1496114087743985,0.9460877808821264,-2.953581680854985,0.97030440229007,,,,,,,,
D8-K2par-sep_e10_r001,HA50,0.006893910933285952,,24.205013931849752,2.598875689678039,-1.028853960517443,0.6885425357572381,,,,,,,,
D8-K2par-sep_e10_r001,TA(0.05),0.04323461197782308,0.06666666666666667,-21.175253237045236,-0.7327866761067773,0.1277751050962172,0.883766462906923,,,,,,,,
D8-K2par-sep_e10_r001,TA(0.10),0.04266236291732639,0.12333333333333334,3.1496114087743985,0.9460877808821264,-2.976120140660009,0.9804270026590296,,,,,,,,
D8-K2par-sep_e10_r001,TA(0.15),0.04164287191815674,0.12333333333333334,3.1496114087743985,0.9460877808821264,-2.953581680854985,0.97030440229007,,,,,,,,
D8-K2par-sep_e10_r001,TA(0.25),0.04317669803276658,0.12333333333333334,-2.953581680854985,0.97030440229007,3.1496114087743985,0.9460877808821264,,,,,,,,
D8-K2par-sep_e10_r001,TA(0.40),0.04291793599259108,0.12333333333333334,-2.953581680854985,0.97030440229007,3.1496114087743985,0.9460877808821264,,,,,,,,
D8-K2par-sep_e20_r001,adapt,0.052488860907033086,0.21333333333333335,-3.1210730514312655,0.9651785012527241,3.0130672770820683,0.9580389110499021,,,,,,,,
D8-K2par-sep_e20_r001,adaptX,0.05711307097226381,0.21333333333333335,-3.1210730514312655,0.9651785012527241,3.0130672770820683,0.9580389110499021,,,,,,,,
D8-K2par-sep_e20_r001,HA50,0.011136237997561693,,2.131263446758246,0.980841405592527,-22.64963186126736,1.7228052107083835,,,,,,,,
D8-K2par-sep_e20_r001,TA(0.05),0.054610666004009545,0.10333333333333333,-22.64963186126736,1.7228052107083835,-0.3722820587379668,1.0119235388584162,,,,,,,,
D8-K2par-sep_e20_r001,TA(0.10),0.05457683396525681,0.10333333333333333,-0.3722820587379668,1.0119235388584162,-22.64963186126736,1.7228052107083835,,,,,,,,
D8-K2par-sep_e20_r001,TA(0.15),0.05484522902406752,0.15,-6.894398508063841,9.672855562202196,-0.6033178875966909,0.8703402663988175,,,,,,,,
D8-K2par-sep_e20_r001,TA(0.25),0.053323051892220974,0.21333333333333335,3.0130672770820683,0.9580389110499021,-3.1210730514312655,0.9651785012527241,,,,,,,,
D8-K2par-sep_e20_r001,TA(0.40),0.05469720298424363,0.21333333333333335,3.0130672770820683,0.9580389110499021,-3.1210730514312655,0.9651785012527241,,,,,,,,
D8-K2par-sep_e30_r001,adapt,0.049678056966513395,0.3,2.9510819917266424,1.0321431319521297,-3.158565769916684,0.9942012096896445,,,,,,,,
D8-K2par-sep_e30_r001,adaptX,0.05928203102666885,0.3,2.9772517296581844,1.0124203889281351,-3.1344276792079695,0.9746047148919542,,,,,,,,
D8-K2par-sep_e30_r001,HA50,0.010684884968213737,,-23.150723837221094,1.1342565761480938,2.894358947762034,0.7404332094300623,,,,,,,,
D8-K2par-sep_e30_r001,TA(0.05),0.05216473597101867,0.12,-23.150723837221094,1.1342565761480938,-0.35143483664391706,0.9380986880662893,,,,,,,,
D8-K2par-sep_e30_r001,TA(0.10),0.05157939996570349,0.12,-0.4104440436432135,0.901853595025877,-23.32585001887218,0.981838831655781,,,,,,,,
D8-K2par-sep_e30_r001,TA(0.15),0.05237292300444096,0.12,-23.32585001887218,0.981838831655781,-0.4104440436432135,0.901853595025877,,,,,,,,
D8-K2par-sep_e30_r001,TA(0.25),0.05122471402864903,0.18666666666666668,15.829718088693443,-3.250472501435865,-1.2823276380277022,0.34310006700775736,,,,,,,,
D8-K2par-sep_e30_r001,TA(0.40),0.05113184603396803,0.3,-3.1344276792079695,0.9746047148919542,2.9772517296581844,1.0124203889281351,,,,,,,,
D1-K2cross_e00_r002,adapt,0.03936216398142278,0.01,-0.10886846671479078,-1.4740300660045822,0.04046932430140015,1.5765797092994387,,,,,,,,
D1-K2cross_e00_r002,adaptX,0.047732884995639324,0.01,-0.10189656900121562,-1.475044679151024,0.04725163354973745,1.5758425576125286,,,,,,,,
D1-K2cross_e00_r002,HA50,0.008245947072282434,,0.04653674275637314,1.5716062180805497,-0.08266125018387123,-1.476208375556256,,,,,,,,
D1-K2cross_e00_r002,TA(0.05),0.04019716300535947,0.01,0.04046932430140015,1.5765797092994387,-0.10886846671479078,-1.4740300660045822,,,,,,,,
D1-K2cross_e00_r002,TA(0.10),0.03995344403665513,0.01,0.05157594307211823,1.5763088105473095,-0.12098507074582052,-1.4734879021613978,,,,,,,,
D1-K2cross_e00_r002,TA(0.15),0.04082157404627651,0.01,-0.11577097977889297,-1.4723977836842976,0.0340062648803632,1.5777747292324662,,,,,,,,
D1-K2cross_e00_r002,TA(0.25),0.04153436701744795,0.01,-0.14091655680005474,-1.4830677705952573,0.04553665447363448,1.5774764152700576,,,,,,,,
D1-K2cross_e00_r002,TA(0.40),0.04285234701819718,0.01,-0.14091655680005474,-1.4830677705952573,0.05890303720564924,1.5876965158916578,,,,,,,,
D1-K2cross_e05_r002,adapt,0.05119056405965239,0.05,-0.11643584203891183,1.5226561171077446,-0.13944964924604134,-1.4400748376133032,,,,,,,,
D1-K2cross_e05_r002,adaptX,0.057887711096554995,0.05,-0.10429327667559511,1.5271428648592935,-0.12764989216199688,-1.4350200039965808,,,,,,,,
D1-K2cross_e05_r002,HA50,0.008982014027424157,,7.990326248297866,-12.584963956975512,-0.17010878163308357,0.2580483405856199,,,,,,,,
D1-K2cross_e05_r002,TA(0.05),0.05208718997891992,0.05,-0.11643584203891183,1.5226561171077446,-0.13944964924604134,-1.4400748376133032,,,,,,,,
D1-K2cross_e05_r002,TA(0.10),0.053066325024701655,0.05,-0.13944964924604134,-1.4400748376133032,-0.11643584203891183,1.5226561171077446,,,,,,,,
D1-K2cross_e05_r002,TA(0.15),0.05343179893679917,0.05,-0.10429327667559511,1.5271428648592935,-0.12764989216199688,-1.4350200039965808,,,,,,,,
D1-K2cross_e05_r002,TA(0.25),0.05327711999416351,0.05,-0.13944964924604134,-1.4400748376133032,-0.11643584203891183,1.5226561171077446,,,,,,,,
D1-K2cross_e05_r002,TA(0.40),0.053211151040159166,0.05,-0.13944964924604134,-1.4400748376133032,-0.11643584203891183,1.5226561171077446,,,,,,,,
D1-K2cross_e10_r002,adapt,0.05503044789656997,0.09666666666666666,-0.06450575071901057,1.5658979550738021,-0.15767947101204305,-1.4998841850909375,,,,,,,,
D1-K2cross_e10_r002,adaptX,0.050308680976741016,0.09666666666666666,-0.15767947101204305,-1.4998841850909375,-0.06450575071901057,1.5658979550738021,,,,,,,,
D1-K2cross_e10_r002,HA50,0.00880304106976837,,-0.19874520921805675,-0.5893126723001508,8.761745128854505,11.460639855469948,,,,,,,,
D1-K2cross_e10_r002,TA(0.05),0.05661695601884276,0.04,-0.12001365208357448,-0.1530138712264968,-20.34547785684079,0.29601515794452954,,,,,,,,
D1-K2cross_e10_r002,TA(0.10),0.056781762978062034,0.09666666666666666,-0.06450575071901057,1.5658979550738021,-0.15767947101204305,-1.4998841850909375,,,,,,,,
D1-K2cross_e10_r002,TA(0.15),0.056083280011080205,0.09666666666666666,-0.06875914211006437,1.566047509425829,-0.15410177553820403,-1.5000086168881732,,,,,,,,
D1-K2cross_e10_r002,TA(0.25),0.056413233978673816,0.09666666666666666,-0.0905385800170174,1.5609098642231825,-0.15109007667727198,-1.500102204329301,,,,,,,,
D1-K2cross_e10_r002,TA(0.40),0.056486670044250786,0.09666666666666666,-0.15109007667727198,-1.500102204329301,-0.0905385800170174,1.5609098642231825,,,,,,,,
D1-K2cross_e20_r002,adapt,0.03990291408263147,0.20333333333333334,-0.0005100066729242404,1.5163676627617535,-0.08647455671070355,-1.5433016890157414,,,,,,,,
D1-K2cross_e20_r002,adaptX,0.06386971904430538,0.20333333333333334,-0.08647455671070355,-1.5433016890157414,-0.0005100066729242404,1.5163676627617535,,,,,,,,
D1-K2cross_e20_r002,HA50,0.013176032924093306,,-21.292219942390513,0.3810164090208035,1.9500926939508647,0.16027277473708917,,,,,,,,
D1-K2cross_e20_r002,TA(0.05),0.04055409098509699,0.08333333333333333,-0.1896816366346305,-0.05541775886660195,-21.600212630794122,0.10585583052434726,,,,,,,,
D1-K2cross_e20_r002,TA(0.10),0.040658654063008726,0.08333333333333333,-21.600212630794122,0.10585583052434726,-0.1896816366346305,-0.05541775886660195,,,,,,,,
D1-K2cross_e20_r002,TA(0.15),0.042407155968248844,0.10333333333333333,-16.73632840240131,3.9396210363953763,0.285447895001042,0.34995148606877385,,,,,,,,
D1-K2cross_e20_r002,TA(0.25),0.04313000210095197,0.20333333333333334,-0.08647455671070355,-1.5433016890157414,-0.0005100066729242404,1.5163676627617535,,,,,,,,
D1-K2cross_e20_r002,TA(0.40),0.041372415027581155,0.20333333333333334,-0.08647455671070355,-1.5433016890157414,-0.0005100066729242404,1.5163676627617535,,,,,,,,
D1-K2cross_e30_r002,adapt,0.05894454207736999,0.30333333333333334,-0.07499765261146303,-1.464125441094131,-0.08789406699202085,1.5437630501828632,,,,,,,,
D1-K2cross_e30_r002,adaptX,0.06672860798425972,0.30333333333333334,-0.08789406699202085,1.5437630501828632,-0.07499765261146303,-1.464125441094131,,,,,,,,
D1-K2cross_e30_r002,HA50,0.011698145070113242,,-24.591704592905,-0.13063563150886032,3.604271016159909,-0.3553527490215455,,,,,,,,
D1-K2cross_e30_r002,TA(0.05),0.06140532507561147,0.14,-0.09796992693587436,-0.13204202522379888,-24.898410791980627,0.16834768853850351,,,,,,,,
D1-K2cross_e30_r002,TA(0.10),0.06113836192525923,0.14,-24.898410791980627,0.16834768853850351,-0.09796992693587436,-0.13204202522379888,,,,,,,,
D1-K2cross_e30_r002,TA(0.15),0.06148386199492961,0.14,-24.898410791980627,0.16834768853850351,-0.09796992693587436,-0.13204202522379888,,,,,,,,
D1-K2cross_e30_r002,TA(0.25),0.05990942905191332,0.13666666666666666,0.26855229214174436,-0.423226752225596,-20.991764717351554,-3.68932871798775,,,,,,,,
D1-K2cross_e30_r002,TA(0.40),0.06323088298086077,0.30333333333333334,-0.0950927652445168,1.5449650223179578,-0.08140943517249631,-1.4630564278036997,,,,,,,,
D2-K3par_e00_r002,adapt,0.21007997496053576,0.0,-3.0029059038748627,1.0952311072701197,3.1470355985854956,0.9763266386316245,-0.04016647677313515,1.1465537554565333,,,,,,
D2-K3par_e00_r002,adaptX,0.22133745392784476,0.0,3.1470355985854956,0.9763266386316245,0.008924688483227722,1.082372526259439,-2.96718365371599,1.018614925032714,,,,,,
D2-K3par_e00_r002,HA50,0.017506598960608244,,3.19329557674698,0.9581062497049171,-2.8477537446046846,0.97448221316676,0.18697997769519326,1.0039187745517886,,,,,,
D2-K3par_e00_r002,TA(0.05),0.21165719802957028,0.0,3.19329557674698,0.9581062497049171,0.2035727384425317,0.9961494575537028,-2.8330438018604176,0.9686358944434255,,,,,,
D2-K3par_e00_r002,TA(0.10),0.21250865096226335,0.0,-2.8477537446046846,0.97448221316676,3.19329557674698,0.9581062497049171,0.18697997769519326,1.0039187745517886,,,,,,
D2-K3par_e00_r002,TA(0.15),0.21274044807069004,0.0,3.0836669219568287,0.999579183946932,-3.0546814904923845,1.1809534156902288,-0.14255176154055083,1.2310361336787257,,,,,,
D2-K3par_e00_r002,TA(0.25),0.2118594020139426,0.006666666666666667,1.030603358291701,1.3879445587449506,3.461185234319589,1.116352640822749,-2.13004870322042,1.3455465244035416,,,,,,
D2-K3par_e00_r002,TA(0.40),0.2115437559550628,0.006666666666666667,-2.1596156319862763,1.3825677814163153,1.079300994297709,1.4865552328145226,3.495895504814087,1.1338805532605334,,,,,,
D2-K3par_e05_r002,adapt,0.21991709410212934,0.07,-0.1080291657026073,0.8911577987048201,-3.145764222229926,0.8919889936780501,3.105959711732583,0.9976527374155503,,,,,,
D2-K3par_e05_r002,adaptX,0.23691957397386432,0.07,3.120926007390003,0.9856955323478086,-0.0949318131705815,0.8792695436919467,-3.122104475269722,0.8825143729732124,,,,,,
D2-K3par_e05_r002,HA50,0.017808228032663465,,23.670352682349474,1.415718030655443,-21.73192669097263,-0.003825997687470705,-0.16074223473013524,0.9392746969329054,,,,,,
D2-K3par_e05_r002,TA(0.05),0.2210910590365529,0.05333333333333334,1.5963754387160114,1.6407168612862681,-2.664699189419586,1.285731552376551,13.972574045735564,5.232359391870789,,,,,,
D2-K3par_e05_r002,TA(0.10),0.22216288896743208,0.07,-0.1080291657026073,0.8911577987048201,-3.145764222229926,0.8919889936780501,3.105959711732583,0.9976527374155503,,,,,,
D2-K3par_e05_r002,TA(0.15),0.22370964393485337,0.07,-3.122104475269722,0.8825143729732124,3.105959711732583,0.9976527374155503,-0.1080291657026073,0.8911577987048201,,,,,,
D2-K3par_e05_r002,TA(0.25),0.2228693460347131,0.06666666666666667,-0.152269966821534,0.8907108902682398,-3.138194396291775,0.8854729537587879,3.064875756779737,0.9914879709627707,,,,,,
D2-K3par_e05_r002,TA(0.40),0.2240327480249107,0.09,1.1963930490920878,0.13776302253421796,-3.085660658584339,0.8452847100195747,1.4525769307163334,1.8012879952568233,,,,,,
D2-K3par_e10_r002,adapt,0.23799113905988634,0.10333333333333333,3.0265065773426922,0.8232010096011447,-0.29501742909568063,0.8486623384498091,-3.3365090794652343,0.9504765167918451,,,,,,
D2-K3par_e10_r002,adaptX,0.24687064997851849,0.10333333333333333,-0.29501742909568063,0.8486623384498091,-3.3365090794652343,0.9504765167918451,3.0265065773426922,0.8232010096011447,,,,,,
D2-K3par_e10_r002,HA50,0.016987483948469162,,-24.67176144917621,1.2663937449489109,-0.130396345203619,0.9725356522554317,25.35577027811768,1.0432987398570672,,,,,,
D2-K3par_e10_r002,TA(0.05),0.2389558730646968,0.05333333333333334,2.402728334789086,0.8299614804958698,-25.531486940552664,1.5894516957579858,-2.4444462776358815,0.9710784830241449,,,,,,
D2-K3par_e10_r002,TA(0.10),0.2411767760058865,0.10333333333333333,3.0265065773426922,0.8232010096011447,-0.29501742909568063,0.8486623384498091,-3.3365090794652343,0.9504765167918451,,,,,,
D2-K3par_e10_r002,TA(0.15),0.24060941801872104,0.10333333333333333,-0.2778837569878088,0.8533638338176357,3.0265065773426922,0.8232010096011447,-3.31846302749602,0.9565825684884085,,,,,,
D2-K3par_e10_r002,TA(0.25),0.2396388140041381,0.10333333333333333,3.0265065773426922,0.8232010096011447,-0.22634992081577432,0.8671642586026624,-3.265063206359838,0.9747065580219634,,,,,,
D2-K3par_e10_r002,TA(0.40),0.23921753803733736,0.10333333333333333,-3.4089480339136418,0.901807989126238,-0.43395260040405875,0.7692716412145508,2.9528335332856774,0.7961017822039892,,,,,,
D2-K3par_e20_r002,adapt,0.2904180580517277,0.19333333333333333,-2.895691043987222,0.9879989670689858,0.22658577165261698,0.9204876097048915,3.152062634807673,0.985881257441356,,,,,,
D2-K3par_e20_r002,adaptX,0.2860835430910811,0.19333333333333333,3.152062634807673,0.985881257441356,0.22658577165261698,0.9204876097048915,-2.895691043987222,0.9879989670689858,,,,,,
D2-K3par_e20_r002,HA50,0.015792221063748002,,21.57145633078284,1.5693463476670377,0.06109584993433392,0.9702781428769937,-21.93713006953958,1.248710655270194,,,,,,
D2-K3par_e20_r002,TA(0.05),0.2938604059163481,0.0,0.06109584993433392,0.9702781428769937,-21.93713006953958,1.248710655270194,21.57145633078284,1.5693463476670377,,,,,,
D2-K3par_e20_r002,TA(0.10),0.2936578079825267,0.08666666666666667,-2.1462369599045763,1.1416033886396035,21.57145633078284,1.5693463476670377,2.003035536140261,1.1896186095812036,,,,,,
D2-K3par_e20_r002,TA(0.15),0.2928351419977844,0.08666666666666667,20.852979428263843,2.649303530963143,-2.208769782207804,1.1729542413567513,1.9422780919262868,1.2303109327241761,,,,,,
D2-K3par_e20_r002,TA(0.25),0.29172138299327344,0.19333333333333333,3.152062634807673,0.985881257441356,0.2396447411563171,0.9076127729749511,-2.8731261815187996,0.9706264536472139,,,,,,
D2-K3par_e20_r002,TA(0.40),0.2940611650701612,0.19333333333333333,2.8144417943382276,0.8711295722733822,-3.145087759787807,0.8654829996089429,-0.19661800738558455,0.7249797570330335,,,,,,
D2-K3par_e30_r002,adapt,0.3681950729805976,0.14333333333333334,-22.13958487188924,0.48611486549262767,-2.5043640173455306,1.1137087389855678,2.053647705968167,1.3755124500177165,,,,,,
D2-K3par_e30_r002,adaptX,0.45194543804973364,0.14333333333333334,-22.13958487188924,0.48611486549262767,2.3746963821766305,1.1174744916736983,-2.2055300674067113,0.8818373351135635,,,,,,
D2-K3par_e30_r002,HA50,0.019148507970385253,,21.565984974027344,0.8086824761734871,-0.2792502279443141,1.0987328743449478,-21.85896306875947,0.6159380490023316,,,,,,
D2-K3par_e30_r002,TA(0.05),0.37048025394324213,0.006666666666666667,-21.85896306875947,0.6159380490023316,21.043436357930144,0.7240145795582235,-0.2792502279443141,1.0987328743449478,,,,,,
D2-K3par_e30_r002,TA(0.10),0.3718642389867455,0.006666666666666667,21.043436357930144,0.7240145795582235,-0.2792502279443141,1.0987328743449478,-21.85896306875947,0.6159380490023316,,,,,,
D2-K3par_e30_r002,TA(0.15),0.37225798494182527,0.15666666666666668,-2.4844355052393094,1.1052121051042587,21.043436357930144,0.7240145795582235,2.072138171336591,1.3694052291053085,,,,,,
D2-K3par_e30_r002,TA(0.25),0.3701527619268745,0.15666666666666668,-2.4844355052393094,1.1052121051042587,21.043436357930144,0.7240145795582235,2.072138171336591,1.3694052291053085,,,,,,
D2-K3par_e30_r002,TA(0.40),0.37091580498963594,0.29,-3.3447574343039705,0.9658371000989033,2.861871616578738,1.0416022562747762,-0.6121472853398566,0.8374030298544214,,,,,,
D3-unequal_e00_r002,adapt,0.06006751803215593,0.01,0.020373086009625792,1.4502464511035587,0.011056812865041071,-1.5417420515849791,,,,,,,,
D3-unequal_e00_r002,adaptX,0.06504816305823624,0.013333333333333334,0.03980437464191881,1.4470406915811151,0.04411925599957644,-1.533190318928807,,,,,,,,
D3-unequal_e00_r002,HA50,0.012562616961076856,,0.04710386455523537,-1.5247046021801398,0.06686628829327591,1.4463716417727526,,,,,,,,
D3-unequal_e00_r002,TA(0.05),0.061806880054064095,0.01,0.020373086009625792,1.4502464511035587,0.011056812865041071,-1.5417420515849791,,,,,,,,
D3-unequal_e00_r002,TA(0.10),0.06114778690971434,0.01,0.020373086009625792,1.4502464511035587,0.011056812865041071,-1.5417420515849791,,,,,,,,
D3-unequal_e00_r002,TA(0.15),0.06092436006292701,0.01,0.011056812865041071,-1.5417420515849791,0.020373086009625792,1.4502464511035587,,,,,,,,
D3-unequal_e00_r002,TA(0.25),0.06092373200226575,0.17,-0.8029158624833153,-1.444674253552908,1.0147369834090634,-1.3730508678609206,,,,,,,,
D3-unequal_e00_r002,TA(0.40),0.0608846980612725,0.17,-0.817455886807004,-1.4379496583254001,0.9853024885887703,-1.3739262447727425,,,,,,,,
D3-unequal_e05_r002,adapt,0.08777485298924148,0.05333333333333334,-0.008088852051354135,-1.4781630528761305,0.07822708224221572,1.5714790700496453,,,,,,,,
D3-unequal_e05_r002,adaptX,0.06134609505534172,0.05333333333333334,0.07822708224221572,1.5714790700496453,-0.008088852051354135,-1.4781630528761305,,,,,,,,
D3-unequal_e05_r002,HA50,0.011572160990908742,,0.7269889758440431,-0.7412815563846222,-20.659752401635078,-3.1727903125974524,,,,,,,,
D3-unequal_e05_r002,TA(0.05),0.08870319498237222,0.05333333333333334,-0.008088852051354135,-1.4781630528761305,0.07822708224221572,1.5714790700496453,,,,,,,,
D3-unequal_e05_r002,TA(0.10),0.08902683295309544,0.05333333333333334,0.04947792449058386,1.588502842928276,-0.022061782439103995,-1.470923632356594,,,,,,,,
D3-unequal_e05_r002,TA(0.15),0.0904394369572401,0.05333333333333334,0.07822708224221572,1.5714790700496453,-0.008088852051354135,-1.4781630528761305,,,,,,,,
D3-unequal_e05_r002,TA(0.25),0.08924417605157942,0.05333333333333334,0.07803378437546647,1.5714985584012684,-0.007976205137202494,-1.478165811189876,,,,,,,,
D3-unequal_e05_r002,TA(0.40),0.09036724595353007,0.2,-0.7374990734512603,-1.352832155445861,1.4169423722221957,-1.13516456139097,,,,,,,,
D3-unequal_e10_r002,adapt,0.05811033502686769,0.09,-0.06566131479272802,1.642334468784573,0.14599897309218424,-1.5043566107220896,,,,,,,,
D3-unequal_e10_r002,adaptX,0.06531255703885108,0.08666666666666667,-0.08743715917514383,1.6053299083665309,0.1524574853481027,-1.5059024186103822,,,,,,,,
D3-unequal_e10_r002,HA50,0.009950904990546405,,-22.336751466240425,-0.7192648386113605,0.7905691840602764,-0.7184677190665909,,,,,,,,
D3-unequal_e10_r002,TA(0.05),0.06023169797845185,0.14,-18.560735053067724,-4.971938835086453,0.07417507698160805,-1.3076603107557785,,,,,,,,
D3-unequal_e10_r002,TA(0.10),0.059222435927949846,0.08666666666666667,0.1524574853481027,-1.5059024186103822,-0.08743715917514383,1.6053299083665309,,,,,,,,
D3-unequal_e10_r002,TA(0.15),0.05954625701997429,0.08666666666666667,-0.08743715917514383,1.6053299083665309,0.1524574853481027,-1.5059024186103822,,,,,,,,
D3-unequal_e10_r002,TA(0.25),0.06128895003348589,0.08666666666666667,-0.10535109200380077,1.6094054509439975,0.14812096439755873,-1.504387603213263,,,,,,,,
D3-unequal_e10_r002,TA(0.40),0.0603607069933787,0.21666666666666667,-0.8761871292886878,-1.4342051565274567,0.9561273375619893,-1.486599685587515,,,,,,,,
D3-unequal_e20_r002,adapt,0.057185205980204046,0.21,0.06870539927612117,-1.410110804057865,-0.05161906919566366,1.4669240778634862,,,,,,,,
D3-unequal_e20_r002,adaptX,0.06529268296435475,0.21,0.06870539927612117,-1.410110804057865,-0.05161906919566366,1.4669240778634862,,,,,,,,
D3-unequal_e20_r002,HA50,0.009377610986120999,,2.145159704820469,-0.5415155647671777,-22.160506884518274,-0.5922514374972341,,,,,,,,
D3-unequal_e20_r002,TA(0.05),0.05927001591771841,0.09333333333333334,-21.774566845645413,-0.9204173779177959,-0.059824483777787506,-0.3339406412545507,,,,,,,,
D3-unequal_e20_r002,TA(0.10),0.05897532100789249,0.09333333333333334,-21.774566845645413,-0.9204173779177959,-0.059824483777787506,-0.3339406412545507,,,,,,,,
D3-unequal_e20_r002,TA(0.15),0.05848492402583361,0.10333333333333333,0.2261228022734891,-0.7252994527269383,-18.278918396478122,-3.5459983524865937,,,,,,,,
D3-unequal_e20_r002,TA(0.25),0.05886075797025114,0.21,-0.037929789416572164,1.462767540395749,0.07853504421480617,-1.413081305603271,,,,,,,,
D3-unequal_e20_r002,TA(0.40),0.05833127105142921,0.21,0.06870539927612117,-1.410110804057865,-0.05161906919566366,1.4669240778634862,,,,,,,,
D3-unequal_e30_r002,adapt,0.07341122103389353,0.33,-2.9385577614638887,-0.04359387248638323,1.5094447408131797,-0.6473698091388093,,,,,,,,
D3-unequal_e30_r002,adaptX,0.07499636895954609,0.37333333333333335,-0.5046159483722937,-1.4534898044277544,1.9219851898983786,-0.9610163250142426,,,,,,,,
D3-unequal_e30_r002,HA50,0.011672929977066815,,22.0667841416578,-0.6570288537366801,-4.210878633418593,-0.9625579667582621,,,,,,,,
D3-unequal_e30_r002,TA(0.05),0.07524438796099275,0.19,22.0667841416578,-0.6570288537366801,-0.11469424289860322,-1.0025168352668956,,,,,,,,
D3-unequal_e30_r002,TA(0.10),0.075107601005584,0.20666666666666667,22.0667841416578,-0.6570288537366801,-0.08705515406474412,-1.1360484589565527,,,,,,,,
D3-unequal_e30_r002,TA(0.15),0.07590085593983531,0.23333333333333334,0.07963913689256681,-1.3172484316770152,22.0667841416578,-0.6570288537366801,,,,,,,,
D3-unequal_e30_r002,TA(0.25),0.07593119901139289,0.24,22.0667841416578,-0.6570288537366801,0.11935313125703305,-1.4663310550920596,,,,,,,,
D3-unequal_e30_r002,TA(0.40),0.07579529995564371,0.31333333333333335,0.08398882403070235,-1.5199147900228274,0.42014234210434026,1.9828229582576646,,,,,,,,
D4-hetero_e00_r002,adapt,0.05236050905659795,0.016666666666666666,-0.18741476447797192,1.6340639701351076,0.06373819639477186,-1.4927234190040084,,,,,,,,
D4-hetero_e00_r002,adaptX,0.060006216051988304,0.016666666666666666,0.06373819639477186,-1.4927234190040084,-0.18741476447797192,1.6340639701351076,,,,,,,,
D4-hetero_e00_r002,HA50,0.008548371028155088,,-0.2240972628073532,1.6346093587520922,0.06302666098629867,-1.4816106671632416,,,,,,,,
D4-hetero_e00_r002,TA(0.05),0.05476645496673882,0.016666666666666666,-0.18741476447797192,1.6340639701351076,0.06373819639477186,-1.4927234190040084,,,,,,,,
D4-hetero_e00_r002,TA(0.10),0.05453716206829995,0.016666666666666666,0.06373819639477186,-1.4927234190040084,-0.18741476447797192,1.6340639701351076,,,,,,,,
D4-hetero_e00_r002,TA(0.15),0.05368361703585833,0.016666666666666666,-0.18741476447797192,1.6340639701351076,0.06373819639477186,-1.4927234190040084,,,,,,,,
D4-hetero_e00_r002,TA(0.25),0.05326687800697982,0.016666666666666666,-0.19108740753989814,1.6337945122373796,0.06631822583790069,-1.4929055169326082,,,,,,,,
D4-hetero_e00_r002,TA(0.40),0.053864103043451905,0.016666666666666666,0.06373819639477186,-1.4927234190040084,-0.18741476447797192,1.6340639701351076,,,,,,,,
D4-hetero_e05_r002,adapt,0.05237741791643202,0.08666666666666667,-0.037708732527054825,-1.4957848559030293,-0.1171508721417992,1.6028448029359956,,,,,,,,
D4-hetero_e05_r002,adaptX,0.059344321954995394,0.08666666666666667,-0.037708732527054825,-1.4957848559030293,-0.1171508721417992,1.6028448029359956,,,,,,,,
D4-hetero_e05_r002,HA50,0.010241379030048847,,-23.64451228303594,0.12117636110131134,0.4989952958655976,0.13864047766351073,,,,,,,,
D4-hetero_e05_r002,TA(0.05),0.053886923007667065,0.08666666666666667,-0.08966183268078579,1.6036205143362974,-0.03359921760746345,-1.4963113015613323,,,,,,,,
D4-hetero_e05_r002,TA(0.10),0.05350770498625934,0.08666666666666667,-0.03359921760746345,-1.4963113015613323,-0.11134485605443044,1.6023440324151708,,,,,,,,
D4-hetero_e05_r002,TA(0.15),0.05398226005490869,0.08666666666666667,-0.03359921760746345,-1.4963113015613323,-0.11134485605443044,1.6023440324151708,,,,,,,,
D4-hetero_e05_r002,TA(0.25),0.05641708197072148,0.08666666666666667,-0.08966183268078579,1.6036205143362974,-0.03359921760746345,-1.4963113015613323,,,,,,,,
D4-hetero_e05_r002,TA(0.40),0.05494790896773338,0.08666666666666667,-0.08966183268078579,1.6036205143362974,-0.03359921760746345,-1.4963113015613323,,,,,,,,
D4-hetero_e10_r002,adapt,0.049185103038325906,0.11333333333333333,0.015353920339182717,-1.496440424329332,-0.05943389629930675,1.549959566139809,,,,,,,,
D4-hetero_e10_r002,adaptX,0.06256356497760862,0.11333333333333333,0.015353920339182717,-1.496440424329332,-0.05943389629930675,1.549959566139809,,,,,,,,
D4-hetero_e10_r002,HA50,0.010504252975806594,,22.106689096396888,0.29766404547385766,-1.145000626270385,0.1256208127785256,,,,,,,,
D4-hetero_e10_r002,TA(0.05),0.051609802059829235,0.05333333333333334,0.149797157282269,0.02238035710379515,22.106689096396888,0.29766404547385766,,,,,,,,
D4-hetero_e10_r002,TA(0.10),0.05034076899755746,0.11333333333333333,0.020950501323026796,-1.4964071037958184,-0.06532824386694219,1.5503819068426559,,,,,,,,
D4-hetero_e10_r002,TA(0.15),0.051106599043123424,0.11333333333333333,0.015353920339182717,-1.496440424329332,-0.05943389629930675,1.549959566139809,,,,,,,,
D4-hetero_e10_r002,TA(0.25),0.05157910496927798,0.11333333333333333,-0.05943389629930675,1.549959566139809,0.015353920339182717,-1.496440424329332,,,,,,,,
D4-hetero_e10_r002,TA(0.40),0.050719397026114166,0.11333333333333333,-0.05806766213735221,1.5498668763215766,0.01493733610664297,-1.4963900376849724,,,,,,,,
D4-hetero_e20_r002,adapt,0.06923067197203636,0.23666666666666666,0.0031412608211206735,1.6242011823559053,-0.03510092569200318,-1.4979850460120456,,,,,,,,
D4-hetero_e20_r002,adaptX,0.062497938983142376,0.23666666666666666,-0.03510092569200318,-1.4979850460120456,0.0031412608211206735,1.6242011823559053,,,,,,,,
D4-hetero_e20_r002,HA50,0.009388172999024391,,23.46840304192479,0.6190995104264525,-3.022483603371573,0.040032945449600656,,,,,,,,
D4-hetero_e20_r002,TA(0.05),0.07038058701436967,0.12,-0.07597292095934227,0.2769782964597293,23.823273276409275,0.48942354176253017,,,,,,,,
D4-hetero_e20_r002,TA(0.10),0.07054878596682101,0.11666666666666667,-0.07597292095934227,0.2769782964597293,-22.123884792475124,-0.0011055664265248594,,,,,,,,
D4-hetero_e20_r002,TA(0.15),0.07039527909364551,0.11666666666666667,-0.07597292095934227,0.2769782964597293,-22.123884792475124,-0.0011055664265248594,,,,,,,,
D4-hetero_e20_r002,TA(0.25),0.07073102507274598,0.23666666666666666,0.0031412608211206735,1.6242011823559053,-0.03510092569200318,-1.4979850460120456,,,,,,,,
D4-hetero_e20_r002,TA(0.40),0.07054356299340725,0.23666666666666666,0.07236748249823889,1.6290522591826586,-0.02566217005310609,-1.4963171309302894,,,,,,,,
D4-hetero_e30_r002,adapt,0.05525897501502186,0.31333333333333335,0.045278343889046835,-1.538725565429956,0.1660921339113742,1.5893053111501627,,,,,,,,
D4-hetero_e30_r002,adaptX,0.05850670801009983,0.31333333333333335,0.060340496457501176,-1.5335978430223804,0.2127472420558321,1.6213581804125652,,,,,,,,
D4-hetero_e30_r002,HA50,0.009184055030345917,,-23.254201712280643,0.12127414264683742,4.201887034727629,0.19759579990101744,,,,,,,,
D4-hetero_e30_r002,TA(0.05),0.057389438967220485,0.15666666666666668,-23.254201712280643,0.12127414264683742,0.17192941025080935,0.04072169643522968,,,,,,,,
D4-hetero_e30_r002,TA(0.10),0.056822023005224764,0.15666666666666668,-23.254201712280643,0.12127414264683742,0.17192941025080935,0.04072169643522968,,,,,,,,
D4-hetero_e30_r002,TA(0.15),0.05840129090938717,0.15666666666666668,0.17192941025080935,0.04072169643522968,22.12947334072617,0.03495600407597555,,,,,,,,
D4-hetero_e30_r002,TA(0.25),0.057125570019707084,0.19,-0.3460669142847126,0.5674815078903569,16.461979524731834,4.20965129405438,,,,,,,,
D4-hetero_e30_r002,TA(0.40),0.05657525407150388,0.31333333333333335,0.045278343889046835,-1.538725565429956,0.1660921339113742,1.5893053111501627,,,,,,,,
D5-leverage_e00_r002,adapt,0.052429522038437426,0.016666666666666666,0.13930022099366535,-1.5253906577236187,-0.03841993790042198,1.4327391184686242,,,,,,,,
D5-leverage_e00_r002,adaptX,0.05844220891594887,0.02,0.13930022099366535,-1.5253906577236187,-0.06829001772484294,1.4555387901199186,,,,,,,,
D5-leverage_e00_r002,HA50,0.008637485094368458,,0.007856441737547229,1.4368285665032403,0.11756498755389096,-1.5274464410921442,,,,,,,,
D5-leverage_e00_r002,TA(0.05),0.05457441892940551,0.02,-0.07839187149147421,1.4577418495171164,0.12913112248352956,-1.5232777745012587,,,,,,,,
D5-leverage_e00_r002,TA(0.10),0.05364704190287739,0.02,0.12640320217212136,-1.523432261707178,-0.08094406887275386,1.4575323205316335,,,,,,,,
D5-leverage_e00_r002,TA(0.15),0.053311152034439147,0.02,0.12640320217212136,-1.523432261707178,-0.08094406887275386,1.4575323205316335,,,,,,,,
D5-leverage_e00_r002,TA(0.25),0.0542515330016613,0.02,0.12640320217212136,-1.523432261707178,-0.08094406887275386,1.4575323205316335,,,,,,,,
D5-leverage_e00_r002,TA(0.40),0.05491268401965499,0.02,0.12541923798191637,-1.523390659188995,-0.07917022128275614,1.4574781672361004,,,,,,,,
D5-leverage_e05_r002,adapt,0.05190952308475971,0.06666666666666667,-0.03744683452505891,-1.5216563962249552,0.04622991521595134,1.5446883239810665,,,,,,,,
D5-leverage_e05_r002,adaptX,0.05946197104640305,0.07333333333333333,-0.0049977243695887245,1.5264753309341705,0.01111878907770042,-1.5207567173257197,,,,,,,,
D5-leverage_e05_r002,HA50,0.011218394036404788,,-2.4218358568553575,0.046527535679340176,2.345551351597628,-0.07053107058178859,,,,,,,,
D5-leverage_e05_r002,TA(0.05),0.0525467440020293,0.01,2.264785160778722,-0.12380902196843184,-2.4252929605606837,0.03475490818385527,,,,,,,,
D5-leverage_e05_r002,TA(0.10),0.05366716196294874,0.07,0.013508255421134867,1.5449916147224472,0.01111878907770042,-1.5207567173257197,,,,,,,,
D5-leverage_e05_r002,TA(0.15),0.05513202690053731,0.07333333333333333,-0.02137628688466955,1.526343217625317,0.026365450094608733,-1.5212209562878412,,,,,,,,
D5-leverage_e05_r002,TA(0.25),0.053721555043011904,0.07333333333333333,-0.03222235416487217,1.5262060289315424,0.0367408860946107,-1.5214932024013144,,,,,,,,
D5-leverage_e05_r002,TA(0.40),0.0532613480463624,0.07333333333333333,-0.03222235416487217,1.5262060289315424,0.0367408860946107,-1.5214932024013144,,,,,,,,
D5-leverage_e10_r002,adapt,0.05882957694120705,0.0033333333333333335,-2.215248884330971,0.17382729967197325,1.930286508279428,0.06288168927642553,,,,,,,,
D5-leverage_e10_r002,adaptX,0.05772889300715178,0.12666666666666668,-0.13686904439891243,-1.3684116590632798,-0.09930582794804996,1.4716187642590268,,,,,,,,
D5-leverage_e10_r002,HA50,0.013692907057702541,,-2.215248884330971,0.17382729967197325,1.9497453249621963,0.06935381283943541,,,,,,,,
D5-leverage_e10_r002,TA(0.05),0.06128148699644953,0.0,-2.1564831946806544,0.16839889497498775,2.017401031823936,0.06109496865754741,,,,,,,,
D5-leverage_e10_r002,TA(0.10),0.06008459290023893,0.0,-2.1232936570480603,0.16294079646096232,2.0564072772577138,0.053012458675283126,,,,,,,,
D5-leverage_e10_r002,TA(0.15),0.06277089205104858,0.12666666666666668,-0.13686904439891243,-1.3684116590632798,-0.09930582794804996,1.4716187642590268,,,,,,,,
D5-leverage_e10_r002,TA(0.25),0.059608748997561634,0.13666666666666666,-0.13784194046282058,1.463117698346915,0.032630000541782736,-1.447503336801611,,,,,,,,
D5-leverage_e10_r002,TA(0.40),0.06132879201322794,0.12666666666666668,-0.07693947586622729,1.4621576989568967,-0.11016990397055805,-1.3828974583682057,,,,,,,,
D5-leverage_e20_r002,adapt,0.052455686032772064,0.0,-2.3586831230972547,0.141621770716589,2.309914828935418,-0.056723428052229144,,,,,,,,
D5-leverage_e20_r002,adaptX,0.05679376097396016,0.17333333333333334,0.1131435596993842,1.5195725589085645,0.00863105482645245,-1.4655525457314948,,,,,,,,
D5-leverage_e20_r002,HA50,0.010377221973612905,,-2.364273238857584,0.12247623491404365,2.301145266249631,-0.07528376827993967,,,,,,,,
D5-leverage_e20_r002,TA(0.05),0.053081364021636546,0.0,-2.409465894267172,0.12121412295163285,2.2650937137785543,-0.07733753587099157,,,,,,,,
D5-leverage_e20_r002,TA(0.10),0.054587742080911994,0.0,-2.409465894267172,0.12121412295163285,2.2650937137785543,-0.07733753587099157,,,,,,,,
D5-leverage_e20_r002,TA(0.15),0.05435964895877987,0.0033333333333333335,2.25301909280253,-0.07042976964315692,-2.426821683529814,0.1296785114397014,,,,,,,,
D5-leverage_e20_r002,TA(0.25),0.05467313900589943,0.17333333333333334,0.00863105482645245,-1.4655525457314948,0.1131435596993842,1.5195725589085645,,,,,,,,
D5-leverage_e20_r002,TA(0.40),0.05509369098581374,0.17333333333333334,0.09791929170162758,1.5199351644303307,0.023048089631606577,-1.4643830441430563,,,,,,,,
D5-leverage_e30_r002,adapt,0.0608755360590294,0.0033333333333333335,-2.0456701945749534,0.0681276221933824,2.3978906453146354,-0.11207538363205008,,,,,,,,
D5-leverage_e30_r002,adaptX,0.06771452398970723,0.10333333333333333,-2.0275685012305,0.11008597355417485,2.4189272853800556,-0.1146252330735481,,,,,,,,
D5-leverage_e30_r002,HA50,0.011133021907880902,,2.439287480090605,-0.12007942676840283,-2.0456701945749534,0.0681276221933824,,,,,,,,
D5-leverage_e30_r002,TA(0.05),0.06198806397151202,0.0033333333333333335,2.3978906453146354,-0.11207538363205008,-2.0456701945749534,0.0681276221933824,,,,,,,,
D5-leverage_e30_r002,TA(0.10),0.06246653001289815,0.02,-1.838287571471508,0.4167364996094186,2.3045709473779974,-0.454995027754657,,,,,,,,
D5-leverage_e30_r002,TA(0.15),0.06248286599293351,0.02,2.2368382863662597,-0.4574369938538163,-1.8620261541817218,0.4183855123313082,,,,,,,,
D5-leverage_e30_r002,TA(0.25),0.0648473029723391,0.02,2.2368382863662597,-0.4574369938538163,-1.8620261541817218,0.4183855123313082,,,,,,,,
D5-leverage_e30_r002,TA(0.40),0.06303842191118747,0.26666666666666666,0.025667762324420706,1.5030663428333126,0.20147051783275494,-1.49748134417105,,,,,,,,
D6-uniform_e00_r002,adapt,0.06217776099219918,0.013333333333333334,0.029451356466764486,1.5638238935855413,-0.07014622326803324,-1.624933625589722,,,,,,,,
D6-uniform_e00_r002,adaptX,0.05686554603744298,0.01,-0.04907564493249159,-1.6173179753006666,0.03693301543913426,1.5650670981324135,,,,,,,,
D6-uniform_e00_r002,HA50,0.009031975991092622,,-0.092779333262044,-1.6170199439961728,0.009066036598415286,1.5729864459917349,,,,,,,,
D6-uniform_e00_r002,TA(0.05),0.06420944002456963,0.013333333333333334,-0.07580387825181865,-1.6228538304086804,0.05039483265384869,1.56389586836477,,,,,,,,
D6-uniform_e00_r002,TA(0.10),0.06345386803150177,0.013333333333333334,-0.07171511411088033,-1.6225140624925074,0.05447027387631389,1.5640657341696138,,,,,,,,
D6-uniform_e00_r002,TA(0.15),0.06337995105423033,0.01,-0.05666090543282764,-1.6165493177722259,0.05633411314035794,1.5638088322676031,,,,,,,,
D6-uniform_e00_r002,TA(0.25),0.06559348199516535,0.013333333333333334,0.054445388516380734,1.5635186962459753,-0.07943604175594308,-1.6226723603919961,,,,,,,,
D6-uniform_e00_r002,TA(0.40),0.06512613408267498,0.013333333333333334,0.06034120475389389,1.5634405472462465,-0.07370417074147902,-1.622486714810575,,,,,,,,
D6-uniform_e05_r002,adapt,0.05117397103458643,0.08333333333333333,0.0845953514365648,1.54210704759519,-0.0359450245501702,-1.5944979066878235,,,,,,,,
D6-uniform_e05_r002,adaptX,0.05928654398303479,0.08333333333333333,0.0845953514365648,1.54210704759519,-0.0359450245501702,-1.5944979066878235,,,,,,,,
D6-uniform_e05_r002,HA50,0.009209580952301621,,-0.055946573814158476,-1.6792778794873235,0.2395886924519737,1.6335671160868004,,,,,,,,
D6-uniform_e05_r002,TA(0.05),0.05321949999779463,0.08333333333333333,0.11101959237613664,1.5436161370104526,-0.044459723320172326,-1.594041831033323,,,,,,,,
D6-uniform_e05_r002,TA(0.10),0.05209499306511134,0.08333333333333333,0.0845953514365648,1.54210704759519,-0.0359450245501702,-1.5944979066878235,,,,,,,,
D6-uniform_e05_r002,TA(0.15),0.052121025044471025,0.08333333333333333,-0.0359450245501702,-1.5944979066878235,0.0845953514365648,1.54210704759519,,,,,,,,
D6-uniform_e05_r002,TA(0.25),0.05377664300613105,0.08333333333333333,-0.0359450245501702,-1.5944979066878235,0.0845953514365648,1.54210704759519,,,,,,,,
D6-uniform_e05_r002,TA(0.40),0.053949801018461585,0.08333333333333333,-0.0359450245501702,-1.5944979066878235,0.0845953514365648,1.54210704759519,,,,,,,,
D6-uniform_e10_r002,adapt,0.05406958097591996,0.10666666666666667,0.11738419394176473,-1.5556985709151911,-0.059309416949640766,1.4938683265946915,,,,,,,,
D6-uniform_e10_r002,adaptX,0.058410490048117936,0.10666666666666667,-0.059309416949640766,1.4938683265946915,0.11738419394176473,-1.5556985709151911,,,,,,,,
D6-uniform_e10_r002,HA50,0.010450163972564042,,0.1069591367137361,-1.7314333393045127,-0.06825436073583505,1.5975025066779702,,,,,,,,
D6-uniform_e10_r002,TA(0.05),0.05604594305623323,0.10666666666666667,0.11738419394176473,-1.5556985709151911,-0.059309416949640766,1.4938683265946915,,,,,,,,
D6-uniform_e10_r002,TA(0.10),0.05562247708439827,0.10666666666666667,-0.0605229416737235,1.493847061208179,0.118601425901716,-1.5555606240776736,,,,,,,,
D6-uniform_e10_r002,TA(0.15),0.0555144939571619,0.10666666666666667,0.12198675512615738,-1.555152373697259,-0.08403702542484087,1.4809489218786696,,,,,,,,
D6-uniform_e10_r002,TA(0.25),0.056288742925971746,0.10666666666666667,-0.09295128519146076,1.4806063785838859,0.1465616797753027,-1.5609912303567288,,,,,,,,
D6-uniform_e10_r002,TA(0.40),0.054867642000317574,0.10666666666666667,0.1789600269626329,-1.5679549600297513,-0.08758837962199269,1.477308944648195,,,,,,,,
D6-uniform_e20_r002,adapt,0.05048339499626309,0.14666666666666667,0.20309179635982827,1.581334288948503,-0.15306229031609891,-1.37573766863008,,,,,,,,
D6-uniform_e20_r002,adaptX,0.05890121997799724,0.15333333333333332,-0.09062314426141672,-1.4027256401799848,0.1503168087358119,1.499962079874314,,,,,,,,
D6-uniform_e20_r002,HA50,0.008755496935918927,,3.425963128657546,0.03501943103651263,-2.389906383427787,-0.014199124350858783,,,,,,,,
D6-uniform_e20_r002,TA(0.05),0.05200190294999629,0.14666666666666667,-0.102900013142936,-1.4027545993648527,0.2931468512577389,1.6399305049641917,,,,,,,,
D6-uniform_e20_r002,TA(0.10),0.05325428897049278,0.14666666666666667,-0.14970854851841905,-1.3758273077849914,0.2528272711628234,1.6249044053991488,,,,,,,,
D6-uniform_e20_r002,TA(0.15),0.053806136013008654,0.15666666666666668,-0.14111663479480957,-1.3784074866344314,0.26529112887043116,1.5773336758484617,,,,,,,,
D6-uniform_e20_r002,TA(0.25),0.054228582070209086,0.15,-0.08178468271755235,-1.4053424003733463,0.18049656245497234,1.5171749380715762,,,,,,,,
D6-uniform_e20_r002,TA(0.40),0.05218388303183019,0.17333333333333334,-0.009402542994301948,-1.4123759505984939,0.017540650272577354,1.4567280783384846,,,,,,,,
D6-uniform_e30_r002,adapt,0.05268926196731627,0.0033333333333333335,2.3706710151798926,0.1785040681111956,-4.1003694437729035,0.060330324430466487,,,,,,,,
D6-uniform_e30_r002,adaptX,0.0598188730655238,0.0,-4.046103596071154,0.08158491611900487,2.6451851428113113,0.28096170494802963,,,,,,,,
D6-uniform_e30_r002,HA50,0.013645838014781475,,-3.7021335185492754,0.1286464545135317,2.9350667008352866,0.2926259417556913,,,,,,,,
D6-uniform_e30_r002,TA(0.05),0.05348776699975133,0.0,2.6252929413459025,0.2721257287048887,-4.073683021443557,0.06918664567224617,,,,,,,,
D6-uniform_e30_r002,TA(0.10),0.05483703105710447,0.023333333333333334,2.199669441186684,0.011638306685699002,-4.214717386043448,-0.030921232647880426,,,,,,,,
D6-uniform_e30_r002,TA(0.15),0.05505450698547065,0.16333333333333333,0.27296818390511546,-1.2529046329333862,-0.014300278577887519,1.8639931359396638,,,,,,,,
D6-uniform_e30_r002,TA(0.25),0.05453978001605719,0.19666666666666666,0.04826744673346223,1.8334163603420162,-0.1284128408805973,-1.5379527699165119,,,,,,,,
D6-uniform_e30_r002,TA(0.40),0.05405532696750015,0.18333333333333332,-0.23932496833277522,-1.618459972814293,-0.08584396029010577,1.7243702169756772,,,,,,,,
D7-p3_e00_r002,adapt,0.2073591600637883,0.04666666666666667,-0.10050443339785065,1.523302275568709,1.1726962646758365,1.0305239391891905,-0.10166607077070058,-1.4930162683502175,1.1148733827129405,1.0910832322801585,,,,
D7-p3_e00_r002,adaptX,1.981778967892751,0.04666666666666667,-0.1156665122017874,1.5231931343827605,1.1716748105128745,1.0323422379956415,-0.0871753481946841,-1.4932948693788919,1.116480842149252,1.0882198763097815,,,,
D7-p3_e00_r002,HA50,0.013416400994174182,,-0.11578955960850977,1.5174470101862427,1.1504467167796815,0.9984228050756979,-0.10065897598801486,-1.4849060554959908,1.0736034078893109,1.0900509477244307,,,,
D7-p3_e00_r002,TA(0.05),0.20995970396324992,0.04666666666666667,-0.0893820327588613,-1.4905118726228632,1.1132805544374431,1.0922693457886101,-0.10050443339785065,1.523302275568709,1.1726962646758365,1.0305239391891905,,,,
D7-p3_e00_r002,TA(0.10),0.20818453305400908,0.04666666666666667,-0.10050443339785065,1.523302275568709,1.1726962646758365,1.0305239391891905,-0.10166607077070058,-1.4930162683502175,1.1148733827129405,1.0910832322801585,,,,
D7-p3_e00_r002,TA(0.15),0.2089887569891289,0.04666666666666667,-0.11386341500836167,1.51827992573516,1.1682181157063019,1.0188824276353745,-0.08337483772513696,-1.4900029379727595,1.1087194346993507,1.09472210272368,,,,
D7-p3_e00_r002,TA(0.25),0.2088675700360909,0.043333333333333335,-0.08795101226729438,-1.4911900884802085,1.1066759573468044,1.0872187223499514,-0.15228224077176808,1.5125188064887154,1.173245557934285,1.017929612411092,,,,
D7-p3_e00_r002,TA(0.40),0.2086295570479706,0.04,-0.2262320611690786,1.5054085623711913,1.1739535005169282,0.9699951246700721,-0.052929632062213204,-1.4818704960140223,1.0899664073337376,1.1093812109950063,,,,
D7-p3_e05_r002,adapt,0.24323358095716685,0.05333333333333334,-0.0032600803445016952,-1.490007399461318,1.0613932590025128,0.9286889232099066,-0.15394480157762447,1.4858938168202003,1.006745197226374,0.9855360885637398,,,,
D7-p3_e05_r002,adaptX,2.1241966809611768,0.07,-0.006273615704481826,-1.491688060505988,1.056320789795121,0.932254814190187,-0.15902031888337498,1.4864860915065456,1.0030797289671258,0.9878186380386978,,,,
D7-p3_e05_r002,HA50,0.013037508935667574,,-0.40779149661393743,0.000185129146039051,1.3521445930163996,0.9263888994623899,-6.083796150635647,1.2078060080374313,-13.818021576242861,-4.84746600533887,,,,
D7-p3_e05_r002,TA(0.05),0.24474188999738544,0.05333333333333334,0.028758455403071276,-1.4922443474448837,1.0399574945901444,0.910705803168039,-0.12743515357512816,1.4890261923456813,0.989862123310226,0.9672064035897953,,,,
D7-p3_e05_r002,TA(0.10),0.24463605997152627,0.05333333333333334,-0.1427405131232001,1.4831225343143803,0.9964437683275071,0.9758232175929017,0.013760229751229085,-1.496165452499494,1.0469687921303923,0.9194402505262451,,,,
D7-p3_e05_r002,TA(0.15),0.24709504295606166,0.05333333333333334,-0.1427405131232001,1.4831225343143803,0.9964437683275071,0.9758232175929017,0.013760229751229085,-1.496165452499494,1.0469687921303923,0.9194402505262451,,,,
D7-p3_e05_r002,TA(0.25),0.24688268301542848,0.05333333333333334,0.013760229751229085,-1.496165452499494,1.0469687921303923,0.9194402505262451,-0.1427405131232001,1.4831225343143803,0.9964437683275071,0.9758232175929017,,,,
D7-p3_e05_r002,TA(0.40),0.24498854205012321,0.05333333333333334,-0.029243588532980817,-1.4781302794420557,1.0744256390286284,0.9339562133380591,-0.14857844779276916,1.486455912516243,1.005506503179662,0.9820028363584131,,,,
D7-p3_e10_r002,adapt,0.20502920798026025,0.10666666666666667,-0.03184729525994246,1.4593953955302534,0.9728222909126325,1.0614931159040275,0.09809639759697708,-1.530500302276807,0.9639618079669138,1.023422682136006,,,,
D7-p3_e10_r002,adaptX,2.130565467989072,0.10666666666666667,0.1110093047048032,-1.5295380444210742,0.9658764924338029,1.0319473746473364,-0.04510900980835404,1.4595300743729727,0.9725816620197664,1.0528866082323582,,,,
D7-p3_e10_r002,HA50,0.01288504502736032,,0.19951434324369147,-0.11298539349087246,1.2870039291858666,1.2426122974586342,8.397051352319428,9.27337391247835,-13.374193253153244,-11.383847778255276,,,,
D7-p3_e10_r002,TA(0.05),0.20708514493890107,0.05,23.07754992747867,1.485967094548528,3.2027182315941047,0.5054085979189833,0.0879037037971364,-0.05832808473006238,0.8772066262328229,1.1146524235924768,,,,
D7-p3_e10_r002,TA(0.10),0.20655468001496047,0.10666666666666667,0.11282811557388703,-1.5292765541216147,0.9647732458448368,1.0330354795002132,-0.046791094673033586,1.4595764242976454,0.973625994719754,1.0517223994414655,,,,
D7-p3_e10_r002,TA(0.15),0.2076040740357712,0.10666666666666667,-0.03556544904464773,1.4593848962843021,0.9728503210430764,1.0600295375596505,0.10168786726907539,-1.5302432232909198,0.9642168591362316,1.0248571854558342,,,,
D7-p3_e10_r002,TA(0.25),0.20572792703751475,0.10666666666666667,-0.03970518452081545,1.458443792156259,0.9665030476820304,1.0674301235946722,0.10699142895453037,-1.5305076932650812,0.9709251008592781,1.0178338442197503,,,,
D7-p3_e10_r002,TA(0.40),0.20682019204832613,0.10666666666666667,0.10699142895453037,-1.5305076932650812,0.9709251008592781,1.0178338442197503,-0.041025925319869844,1.4565511010513266,0.9641052868171465,1.0821504747028174,,,,
D7-p3_e20_r002,adapt,0.24740334798116237,0.22333333333333333,0.010694617513065937,1.4937331419595012,0.9615461870637971,1.0629013083603187,-0.05592906601275139,-1.485724717808866,1.0213546023523123,1.0386453698572855,,,,
D7-p3_e20_r002,adaptX,2.1198326249141246,0.22333333333333333,-0.05592906601275139,-1.485724717808866,1.0213546023523123,1.0386453698572855,0.010694617513065937,1.4937331419595012,0.9615461870637971,1.0629013083603187,,,,
D7-p3_e20_r002,HA50,0.012564636999741197,,22.38398211136673,0.4674143570777889,1.2127765391856662,1.957103570515513,-2.6063130507924805,0.6508240303785188,0.7926115151415758,1.4902227914906916,,,,
D7-p3_e20_r002,TA(0.05),0.24817562289536,0.10333333333333333,22.38398211136673,0.4674143570777889,1.2127765391856662,1.957103570515513,-0.15521341600137883,0.018388035694106023,1.027989087920456,1.1270479769199468,,,,
D7-p3_e20_r002,TA(0.10),0.25040112889837474,0.10333333333333333,22.38398211136673,0.4674143570777889,1.2127765391856662,1.957103570515513,-0.15521341600137883,0.018388035694106023,1.027989087920456,1.1270479769199468,,,,
D7-p3_e20_r002,TA(0.15),0.2488064719364047,0.12666666666666668,16.881079782152504,4.6155506387156855,1.3277156519736248,0.647072106895513,-0.5822074687988223,0.3663027969075348,0.9937938784771597,1.1067568063722217,,,,
D7-p3_e20_r002,TA(0.25),0.24832251796033233,0.22333333333333333,-0.048020598990897445,-1.487195785957432,1.0167886970680482,1.034172442637142,-0.007857573649536424,1.4932041943203975,0.976336749812211,1.0577001331063294,,,,
D7-p3_e20_r002,TA(0.40),0.2500869199866429,0.22333333333333333,-0.05206098651764963,-1.4917196483176332,0.9983140936958238,1.029778220364731,-0.023992392937636595,1.490687619325064,0.9935367335419215,1.0303489585354104,,,,
D7-p3_e30_r002,adapt,0.2813389200018719,0.31333333333333335,0.0964865226258977,1.4834124105938817,0.9289272502002084,0.9808021032004035,-0.21152207485300148,-1.456984272065061,0.9480027186352317,1.039815737488147,,,,
D7-p3_e30_r002,adaptX,2.0622164679225534,0.31333333333333335,-0.21152207485300148,-1.456984272065061,0.9480027186352317,1.039815737488147,0.0964865226258977,1.4834124105938817,0.9289272502002084,0.9808021032004035,,,,
D7-p3_e30_r002,HA50,0.013670851942151785,,14.212398711726296,0.21279560845991127,2.1119344291103768,-4.232435389298419,-9.50648115831866,-1.5680411870182154,1.4589926910295261,-2.279085885560035,,,,
D7-p3_e30_r002,TA(0.05),0.2851002389797941,0.15666666666666668,24.26936714461947,-0.11823159036092054,0.6685315501766824,1.5783350573165853,-0.1199877965639044,0.02405880267898903,0.8827385094756143,1.0964557263457861,,,,
D7-p3_e30_r002,TA(0.10),0.2841311020310968,0.15666666666666668,24.26936714461947,-0.11823159036092054,0.6685315501766824,1.5783350573165853,-0.1199877965639044,0.02405880267898903,0.8827385094756143,1.0964557263457861,,,,
D7-p3_e30_r002,TA(0.15),0.2841976339695975,0.15333333333333332,-0.0661530545574499,-0.005212236412221399,0.9155759463008785,1.1121647548606628,24.26936714461947,-0.11823159036092054,0.6685315501766824,1.5783350573165853,,,,
D7-p3_e30_r002,TA(0.25),0.2839677929878235,0.22666666666666666,-0.730970387233388,0.476307577475052,0.7841709753781446,1.1650698280378906,-11.157520708394944,-6.42278151609976,1.2856644667525492,0.8009806231307516,,,,
D7-p3_e30_r002,TA(0.40),0.28332073695492,0.31333333333333335,0.08607817878292882,1.4803722384277256,0.9390105003596706,0.9801753413031632,-0.22682615053527103,-1.4608936094784362,0.95895015706529,1.0381318878001484,,,,
D8-K2par-sep_e00_r002,adapt,0.057505241013132036,0.013333333333333334,3.064035490518236,1.0532596691717975,-2.933762782051138,0.8927097127732532,,,,,,,,
D8-K2par-sep_e00_r002,adaptX,0.0680336399236694,0.013333333333333334,3.064035490518236,1.0532596691717975,-2.933762782051138,0.8927097127732532,,,,,,,,
D8-K2par-sep_e00_r002,HA50,0.012439972953870893,,-2.949137271925069,0.9013522482497563,3.0998402512806202,1.0536935350520416,,,,,,,,
D8-K2par-sep_e00_r002,TA(0.05),0.060123423929326236,0.013333333333333334,3.064035490518236,1.0532596691717975,-2.933762782051138,0.8927097127732532,,,,,,,,
D8-K2par-sep_e00_r002,TA(0.10),0.06017841899301857,0.013333333333333334,3.064035490518236,1.0532596691717975,-2.933762782051138,0.8927097127732532,,,,,,,,
D8-K2par-sep_e00_r002,TA(0.15),0.061542807961814106,0.013333333333333334,3.064035490518236,1.0532596691717975,-2.933762782051138,0.8927097127732532,,,,,,,,
D8-K2par-sep_e00_r002,TA(0.25),0.05994607403408736,0.013333333333333334,3.064035490518236,1.0532596691717975,-2.933762782051138,0.8927097127732532,,,,,,,,
D8-K2par-sep_e00_r002,TA(0.40),0.060537131037563086,0.01,3.064035490518236,1.0532596691717975,-2.9488524768683972,0.8951478481232077,,,,,,,,
D8-K2par-sep_e05_r002,adapt,0.049010167946107686,0.06,-3.0084208601645455,1.0318592271296496,2.928928778771294,0.9471173357468426,,,,,,,,
D8-K2par-sep_e05_r002,adaptX,0.06027893896680325,0.06333333333333334,2.928928778771294,0.9471173357468426,-2.988654304678311,1.0172374269018236,,,,,,,,
D8-K2par-sep_e05_r002,HA50,0.010371319018304348,,24.947794801826124,1.251743711412483,-0.7825826111269513,0.9186413014158191,,,,,,,,
D8-K2par-sep_e05_r002,TA(0.05),0.049940181081183255,0.06333333333333334,-2.988654304678311,1.0172374269018236,2.928928778771294,0.9471173357468426,,,,,,,,
D8-K2par-sep_e05_r002,TA(0.10),0.05046035209670663,0.06333333333333334,-2.988654304678311,1.0172374269018236,2.928928778771294,0.9471173357468426,,,,,,,,
D8-K2par-sep_e05_r002,TA(0.15),0.050043435068801045,0.06,-3.0084208601645455,1.0318592271296496,2.928928778771294,0.9471173357468426,,,,,,,,
D8-K2par-sep_e05_r002,TA(0.25),0.05050542904064059,0.06333333333333334,2.8967695625318335,0.9682069915819022,-3.0084208601645455,1.0318592271296496,,,,,,,,
D8-K2par-sep_e05_r002,TA(0.40),0.05046040005981922,0.06333333333333334,2.8967695625318335,0.9682069915819022,-3.0084208601645455,1.0318592271296496,,,,,,,,
D8-K2par-sep_e10_r002,adapt,0.05909962300211191,0.10666666666666667,-2.9286331905998244,1.0417041911444358,3.069257000114881,0.9314343430481741,,,,,,,,
D8-K2par-sep_e10_r002,adaptX,0.06680100504308939,0.10666666666666667,-2.9286331905998244,1.0417041911444358,3.069257000114881,0.9314343430481741,,,,,,,,
D8-K2par-sep_e10_r002,HA50,0.011643931968137622,,21.033969588775538,0.9103751900871803,-0.49481711000906375,1.0458070270492208,,,,,,,,
D8-K2par-sep_e10_r002,TA(0.05),0.06151821301318705,0.03333333333333333,0.24695088128237208,1.002498178729272,21.033969588775538,0.9103751900871803,,,,,,,,
D8-K2par-sep_e10_r002,TA(0.10),0.06045279698446393,0.10333333333333333,-2.908704192376797,1.0166177691549512,3.069257000114881,0.9314343430481741,,,,,,,,
D8-K2par-sep_e10_r002,TA(0.15),0.06269048806279898,0.10333333333333333,3.069257000114881,0.9314343430481741,-2.908704192376797,1.0166177691549512,,,,,,,,
D8-K2par-sep_e10_r002,TA(0.25),0.0624080840498209,0.10666666666666667,3.069257000114881,0.9314343430481741,-2.9286331905998244,1.0417041911444358,,,,,,,,
D8-K2par-sep_e10_r002,TA(0.40),0.06142031599301845,0.10666666666666667,-2.9286331905998244,1.0417041911444358,3.069257000114881,0.9314343430481741,,,,,,,,
D8-K2par-sep_e20_r002,adapt,0.053302032058127224,0.19333333333333333,-2.9515960574950655,1.0228135503362639,3.1229563735538663,1.0089288880436584,,,,,,,,
D8-K2par-sep_e20_r002,adaptX,0.05870406294707209,0.19333333333333333,-2.9515960574950655,1.0228135503362639,3.1229563735538663,1.0089288880436584,,,,,,,,
D8-K2par-sep_e20_r002,HA50,0.00982346897944808,,2.273869319468275,1.1500573872826843,-22.601968432455877,2.1264848779356345,,,,,,,,
D8-K2par-sep_e20_r002,TA(0.05),0.05483225896023214,0.08666666666666667,-22.601968432455877,2.1264848779356345,0.14194692450527338,1.1381139933139675,,,,,,,,
D8-K2par-sep_e20_r002,TA(0.10),0.05672668805345893,0.08666666666666667,0.14194692450527338,1.1381139933139675,-22.96969887600072,2.307840492361816,,,,,,,,
D8-K2par-sep_e20_r002,TA(0.15),0.05510112491901964,0.19333333333333333,-2.9515960574950655,1.0228135503362639,3.1229563735538663,1.0089288880436584,,,,,,,,
D8-K2par-sep_e20_r002,TA(0.25),0.054641716997139156,0.19333333333333333,-2.9515960574950655,1.0228135503362639,3.1229563735538663,1.0089288880436584,,,,,,,,
D8-K2par-sep_e20_r002,TA(0.40),0.05553402309305966,0.19333333333333333,-2.9515960574950655,1.0228135503362639,3.1229563735538663,1.0089288880436584,,,,,,,,
D8-K2par-sep_e30_r002,adapt,0.05589896102901548,0.25666666666666665,-3.106398434320971,1.017627332035423,3.01475271904894,1.0183149752463194,,,,,,,,
D8-K2par-sep_e30_r002,adaptX,0.0676436428911984,0.25666666666666665,3.01475271904894,1.0183149752463194,-3.106398434320971,1.017627332035423,,,,,,,,
D8-K2par-sep_e30_r002,HA50,0.012765128049068153,,-21.73513876348609,0.3542980231161795,3.2445525774474535,0.4871403147281312,,,,,,,,
D8-K2par-sep_e30_r002,TA(0.05),0.05838121892884374,0.12666666666666668,-0.0036180575499518393,0.9846215084640714,20.144777349369154,0.12318253796034097,,,,,,,,
D8-K2par-sep_e30_r002,TA(0.10),0.05898838001303375,0.12666666666666668,-0.0036180575499518393,0.9846215084640714,20.144777349369154,0.12318253796034097,,,,,,,,
D8-K2par-sep_e30_r002,TA(0.15),0.05699255596846342,0.13,20.144777349369154,0.12318253796034097,0.0509270117585759,0.9955274334898384,,,,,,,,
D8-K2par-sep_e30_r002,TA(0.25),0.05788805894553661,0.25666666666666665,3.01475271904894,1.0183149752463194,-3.106398434320971,1.017627332035423,,,,,,,,
D8-K2par-sep_e30_r002,TA(0.40),0.056761850020848215,0.25666666666666665,3.01475271904894,1.0183149752463194,-3.106398434320971,1.017627332035423,,,,,,,,
D1-K2cross_e00_r003,adapt,0.05129343701992184,0.02666666666666667,-0.05293692788842103,-1.554482885619194,0.08029492392981652,1.6060709033617238,,,,,,,,
D1-K2cross_e00_r003,adaptX,0.05684377392753959,0.03,0.06608872217250313,1.6060709654224177,-0.036641972554972556,-1.5535164162765847,,,,,,,,
D1-K2cross_e00_r003,HA50,0.008505520061589777,,0.046053278832421156,1.538577976526974,-0.051398612875271685,-1.5604317371830028,,,,,,,,
D1-K2cross_e00_r003,TA(0.05),0.05267377698328346,0.03,0.050423745589120085,1.6037021442992208,-0.036641972554972556,-1.5535164162765847,,,,,,,,
D1-K2cross_e00_r003,TA(0.10),0.05321066395845264,0.03,-0.036641972554972556,-1.5535164162765847,0.050423745589120085,1.6037021442992208,,,,,,,,
D1-K2cross_e00_r003,TA(0.15),0.052466958994045854,0.03,-0.036641972554972556,-1.5535164162765847,0.050423745589120085,1.6037021442992208,,,,,,,,
D1-K2cross_e00_r003,TA(0.25),0.05526865704450756,0.03,-0.036641972554972556,-1.5535164162765847,0.050423745589120085,1.6037021442992208,,,,,,,,
D1-K2cross_e00_r003,TA(0.40),0.05317409604322165,0.03,0.050423745589120085,1.6037021442992208,-0.036641972554972556,-1.5535164162765847,,,,,,,,
D1-K2cross_e05_r003,adapt,0.07055646006483585,0.06333333333333334,-0.027154554583216604,-1.4792276525357606,0.013535796385044667,1.4832329104140958,,,,,,,,
D1-K2cross_e05_r003,adaptX,0.06873545306734741,0.06333333333333334,0.013535796385044667,1.4832329104140958,-0.027154554583216604,-1.4792276525357606,,,,,,,,
D1-K2cross_e05_r003,HA50,0.012406650930643082,,25.686319349526,-0.8112971161658676,-0.934823676988961,-0.31109215694358167,,,,,,,,
D1-K2cross_e05_r003,TA(0.05),0.0717869478976354,0.06,-0.04294517725966347,-1.4912267438571547,0.013535796385044667,1.4832329104140958,,,,,,,,
D1-K2cross_e05_r003,TA(0.10),0.07148246990982443,0.06333333333333334,0.013535796385044667,1.4832329104140958,-0.027154554583216604,-1.4792276525357606,,,,,,,,
D1-K2cross_e05_r003,TA(0.15),0.0719697920139879,0.06333333333333334,-0.027154554583216604,-1.4792276525357606,0.013535796385044667,1.4832329104140958,,,,,,,,
D1-K2cross_e05_r003,TA(0.25),0.07470786897465587,0.06,-0.04448963049890018,-1.4911660954935495,0.015356263301838187,1.4833533869764968,,,,,,,,
D1-K2cross_e05_r003,TA(0.40),0.07176016294397414,0.06,0.015356263301838187,1.4833533869764968,-0.04448963049890018,-1.4911660954935495,,,,,,,,
D1-K2cross_e10_r003,adapt,0.05316949496045709,0.12,0.03801724444087398,-1.55563412053907,-0.12518647439450747,1.5410455021760923,,,,,,,,
D1-K2cross_e10_r003,adaptX,0.05826752190478146,0.12,-0.12518647439450747,1.5410455021760923,0.03801724444087398,-1.55563412053907,,,,,,,,
D1-K2cross_e10_r003,HA50,0.01109406293835491,,1.1985688068885274,-0.4999213837061453,-23.66831962445552,0.39881627738678194,,,,,,,,
D1-K2cross_e10_r003,TA(0.05),0.05605386302340776,0.06333333333333334,-0.05543854790065695,-0.09346991302273323,-24.96811933667153,0.8001994162707204,,,,,,,,
D1-K2cross_e10_r003,TA(0.10),0.054242965998128057,0.12,0.03801724444087398,-1.55563412053907,-0.12518647439450747,1.5410455021760923,,,,,,,,
D1-K2cross_e10_r003,TA(0.15),0.05522211699280888,0.12,-0.12518647439450747,1.5410455021760923,0.03801724444087398,-1.55563412053907,,,,,,,,
D1-K2cross_e10_r003,TA(0.25),0.05600081500597298,0.12,0.045890035429789214,-1.5583436359934764,-0.1120137845436714,1.5380174470540848,,,,,,,,
D1-K2cross_e10_r003,TA(0.40),0.05491513095330447,0.12,0.03801724444087398,-1.55563412053907,-0.12518647439450747,1.5410455021760923,,,,,,,,
D1-K2cross_e20_r003,adapt,0.05545873404480517,0.2,-0.1637698033550522,-1.4557033545866906,-0.04392075192992656,1.6118231940850145,,,,,,,,
D1-K2cross_e20_r003,adaptX,0.06702847697306424,0.2,-0.1637698033550522,-1.4557033545866906,-0.04392075192992656,1.6118231940850145,,,,,,,,
D1-K2cross_e20_r003,HA50,0.009510942036285996,,20.651688383381273,-0.8388374287459519,-1.9705894650619358,-0.02092165682812515,,,,,,,,
D1-K2cross_e20_r003,TA(0.05),0.05719836300704628,0.08666666666666667,0.16577036407783244,0.1916500494324107,20.651688383381273,-0.8388374287459519,,,,,,,,
D1-K2cross_e20_r003,TA(0.10),0.06483753805514425,0.08666666666666667,20.651688383381273,-0.8388374287459519,0.16577036407783244,0.1916500494324107,,,,,,,,
D1-K2cross_e20_r003,TA(0.15),0.05716453492641449,0.11333333333333333,16.95336290060596,4.003359087528462,-0.19619018237664854,0.5302954149321578,,,,,,,,
D1-K2cross_e20_r003,TA(0.25),0.057629943010397255,0.2,-0.046030765314074885,1.6120843371024254,-0.18954641069723324,-1.4487752878894244,,,,,,,,
D1-K2cross_e20_r003,TA(0.40),0.056751827942207456,0.2,-0.16645346859579618,-1.4557265048265293,-0.046030765314074885,1.6120843371024254,,,,,,,,
D1-K2cross_e30_r003,adapt,0.05545332399196923,0.31666666666666665,-0.1124125904977327,-1.4878678616901588,-0.11359645927900944,1.4843044309493518,,,,,,,,
D1-K2cross_e30_r003,adaptX,0.05952530598733574,0.31666666666666665,-0.11359645927900944,1.4843044309493518,-0.1124125904977327,-1.4878678616901588,,,,,,,,
D1-K2cross_e30_r003,HA50,0.010744258994236588,,-22.582362214847816,0.3603322060554031,3.4934193361646986,-0.5483330701452798,,,,,,,,
D1-K2cross_e30_r003,TA(0.05),0.057836405001580715,0.13,-22.787208687702734,0.16127940731466048,-0.09027700977202668,-0.26771782387198256,,,,,,,,
D1-K2cross_e30_r003,TA(0.10),0.05624642898328602,0.13,-22.787208687702734,0.16127940731466048,-0.09027700977202668,-0.26771782387198256,,,,,,,,
D1-K2cross_e30_r003,TA(0.15),0.05684495996683836,0.13,-22.787208687702734,0.16127940731466048,-0.09027700977202668,-0.26771782387198256,,,,,,,,
D1-K2cross_e30_r003,TA(0.25),0.05732521996833384,0.12666666666666668,-0.13290636132120145,-0.31001494960908255,-22.787208687702734,0.16127940731466048,,,,,,,,
D1-K2cross_e30_r003,TA(0.40),0.057685635052621365,0.31666666666666665,-0.1124125904977327,-1.4878678616901588,-0.11359645927900944,1.4843044309493518,,,,,,,,
D2-K3par_e00_r003,adapt,0.2388546880101785,0.0,0.15233173147578905,0.8428216855861608,3.1119244670904145,0.9378460244908201,-3.00508320169594,0.9726248866240714,,,,,,
D2-K3par_e00_r003,adaptX,0.23298142501153052,0.0,-3.0216138818177365,0.9656013859585153,0.13752002107324396,0.8357676736019177,3.1119244670904145,0.9378460244908201,,,,,,
D2-K3par_e00_r003,HA50,0.016454230062663555,,2.9087466647684153,1.0426349185752593,-0.23162158416800455,1.048586160527655,-3.12893253515127,1.0299588457603501,,,,,,
D2-K3par_e00_r003,TA(0.05),0.2433952580904588,0.0,-2.9686267555578025,0.9575167589231703,3.1119244670904145,0.9378460244908201,0.16935680141987006,0.8362106861332208,,,,,,
D2-K3par_e00_r003,TA(0.10),0.24185818200930953,0.0,-0.2669637743008787,1.0556573854331925,-3.12893253515127,1.0299588457603501,2.8824047037737413,1.0467314392694396,,,,,,
D2-K3par_e00_r003,TA(0.15),0.2422618920681998,0.0033333333333333335,-2.9689165196389866,0.9441174161765563,0.1094047132918563,0.7807241293132352,3.054356875802331,0.9011883454984378,,,,,,
D2-K3par_e00_r003,TA(0.25),0.2428637759294361,0.0033333333333333335,-2.919462952935996,0.9136988285674247,0.23458890926612674,0.6923202672352324,3.102828051886814,0.8425560602722434,,,,,,
D2-K3par_e00_r003,TA(0.40),0.24191501399036497,0.0033333333333333335,0.22032117353672592,0.7054197593037977,-2.919462952935996,0.9136988285674247,3.0899325701236573,0.8529822796983968,,,,,,
D2-K3par_e05_r003,adapt,0.21505726501345634,0.04,2.821820617005135,1.0502136213358453,-0.3805048735535268,1.1067282336468198,-3.1337664247521255,0.9726416727369789,,,,,,
D2-K3par_e05_r003,adaptX,0.2529641930013895,0.04,-0.3805048735535268,1.1067282336468198,2.821820617005135,1.0502136213358453,-3.1337664247521255,0.9726416727369789,,,,,,
D2-K3par_e05_r003,HA50,0.01756135607138276,,0.18240802584044638,1.196533733419957,-17.684180951540196,7.161101249558608,28.090264687752704,2.5040670175605446,,,,,,
D2-K3par_e05_r003,TA(0.05),0.217054357053712,0.04,2.821820617005135,1.0502136213358453,-3.1337664247521255,0.9726416727369789,-0.3805048735535268,1.1067282336468198,,,,,,
D2-K3par_e05_r003,TA(0.10),0.216238011023961,0.04,2.821820617005135,1.0502136213358453,-3.1337664247521255,0.9726416727369789,-0.3805048735535268,1.1067282336468198,,,,,,
D2-K3par_e05_r003,TA(0.15),0.2180507560260594,0.04,2.821820617005135,1.0502136213358453,-0.3805048735535268,1.1067282336468198,-3.1337664247521255,0.9726416727369789,,,,,,
D2-K3par_e05_r003,TA(0.25),0.21844319300726056,0.04,-0.3805048735535268,1.1067282336468198,-3.1337664247521255,0.9726416727369789,2.821820617005135,1.0502136213358453,,,,,,
D2-K3par_e05_r003,TA(0.40),0.21914517402183264,0.04,2.546241408760604,0.8799531519066268,-3.5783939494544077,0.8268853230981246,-1.1696143829907941,0.7361833924281228,,,,,,
D2-K3par_e10_r003,adapt,0.21644012001343071,0.08333333333333333,2.982278702055211,1.0361479653342776,-0.1168345717212827,1.0018701331075952,-3.04091141813526,0.9835487925958639,,,,,,
D2-K3par_e10_r003,adaptX,0.2601501289755106,0.08333333333333333,-0.17443061862059742,1.045009616565003,2.9475520040650025,1.0595826387472318,-3.070446545596266,0.9988852819579179,,,,,,
D2-K3par_e10_r003,HA50,0.01873898389749229,,-23.23802803808708,1.1829198189789178,24.09850262532924,0.9922897247027872,-0.22424786472843797,1.031677392501375,,,,,,
D2-K3par_e10_r003,TA(0.05),0.21720428206026554,0.03666666666666667,-2.4222074547974346,0.9610338113378372,22.86036004361296,1.1343472381416653,2.0930041551314975,1.0514530337984647,,,,,,
D2-K3par_e10_r003,TA(0.10),0.21750284009613097,0.08333333333333333,-3.070446545596266,0.9988852819579179,2.9303440086292043,1.0731364814614828,-0.18888874998314248,1.058951875476901,,,,,,
D2-K3par_e10_r003,TA(0.15),0.21753393695689738,0.08333333333333333,2.982278702055211,1.0361479653342776,-0.07255223481993398,0.9821751594179154,-2.9964648565916367,0.9672739144336701,,,,,,
D2-K3par_e10_r003,TA(0.25),0.22104247706010938,0.08333333333333333,-2.936708902140813,0.9569365617518879,3.016140423120487,1.0260900382123959,0.024169196496760907,0.9601028233484314,,,,,,
D2-K3par_e10_r003,TA(0.40),0.2185206270078197,0.09333333333333334,-1.3465514185824108,1.7004983268916525,3.072545330735065,0.9665052745668757,-1.121087850873469,0.14917753680588822,,,,,,
D2-K3par_e20_r003,adapt,0.35952202102635056,0.11,-2.3616994217135585,0.8787511269426911,-23.725307770932897,1.0176927292559566,2.2402281780838025,0.8884932074342236,,,,,,
D2-K3par_e20_r003,adaptX,0.24797526805195957,0.23333333333333334,0.02550141148536351,0.89464294202186,3.060401491254776,0.9554467177371492,-3.2350357508696157,1.0026059247936796,,,,,,
D2-K3par_e20_r003,HA50,0.015202207025140524,,-0.09576090809266802,0.85663325449584,21.66318602431081,0.6166443453360588,-23.725307770932897,1.0176927292559566,,,,,,
D2-K3par_e20_r003,TA(0.05),0.36282330797985196,0.013333333333333334,-23.725307770932897,1.0176927292559566,20.367918312817718,0.4463885993561906,-0.09576090809266802,0.85663325449584,,,,,,
D2-K3par_e20_r003,TA(0.10),0.3603931609541178,0.056666666666666664,-0.5749111597605545,0.4912511324597907,-23.725307770932897,1.0176927292559566,13.378217124478216,-3.4395407105150944,,,,,,
D2-K3par_e20_r003,TA(0.15),0.36340406199451536,0.11,2.2402281780838025,0.8884932074342236,-2.3616994217135585,0.8787511269426911,-23.725307770932897,1.0176927292559566,,,,,,
D2-K3par_e20_r003,TA(0.25),0.36300902196671814,0.23333333333333334,3.1013918225482597,0.9763891714196454,0.12313221433079062,0.9236564583302753,-3.1757529246900313,1.006437106221491,,,,,,
D2-K3par_e20_r003,TA(0.40),0.3642945330357179,0.23333333333333334,0.06578451630306463,0.9217339814826051,3.0389322472321623,0.9742216743950559,-3.1757529246900313,1.006437106221491,,,,,,
D2-K3par_e30_r003,adapt,0.253415807033889,0.31333333333333335,3.302366143355519,0.9971664603361398,0.1293733423655069,1.1723679667704496,-3.09243651079402,1.1399860158314483,,,,,,
D2-K3par_e30_r003,adaptX,0.36272259894758463,0.16333333333333333,2.515822980493001,0.8890581061748798,22.361593385695436,0.30032659563214903,-2.2832004192278847,0.9221133172650713,,,,,,
D2-K3par_e30_r003,HA50,0.015283057000488043,,0.04458760131314531,0.9030233658852609,22.122327274101313,0.18598260825898025,-23.43441390697684,0.2497330279011293,,,,,,
D2-K3par_e30_r003,TA(0.05),0.2563138830009848,0.006666666666666667,22.361593385695436,0.30032659563214903,0.08929448754577518,0.9393304129041002,-23.43441390697684,0.2497330279011293,,,,,,
D2-K3par_e30_r003,TA(0.10),0.2563628829084337,0.006666666666666667,-23.43441390697684,0.2497330279011293,22.361593385695436,0.30032659563214903,0.08929448754577518,0.9393304129041002,,,,,,
D2-K3par_e30_r003,TA(0.15),0.2549919419689104,0.01,-0.01608646818199916,0.8537909345529254,-23.43441390697684,0.2497330279011293,19.738778362340714,-1.483772360990468,,,,,,
D2-K3par_e30_r003,TA(0.25),0.2548913420177996,0.17333333333333334,2.542928939513301,0.8696871777916251,23.1034319770634,0.6899938241824273,-2.2595435042568774,0.9059241532777176,,,,,,
D2-K3par_e30_r003,TA(0.40),0.2575950889149681,0.31333333333333335,-3.1788570498813415,1.1294423739915704,3.124658394480164,0.9131739524008162,-0.14763262855893095,1.067687416338122,,,,,,
D3-unequal_e00_r003,adapt,0.0649533630348742,0.013333333333333334,-0.056697726400868134,1.5131956804040423,0.0015876151592654857,-1.5600257085114348,,,,,,,,
D3-unequal_e00_r003,adaptX,0.0683699760120362,0.013333333333333334,0.0015876151592654857,-1.5600257085114348,-0.056697726400868134,1.5131956804040423,,,,,,,,
D3-unequal_e00_r003,HA50,0.011624444974586368,,0.011628874789588945,-1.557292786531594,-0.0725988765077584,1.5109953208952538,,,,,,,,
D3-unequal_e00_r003,TA(0.05),0.06736058695241809,0.013333333333333334,0.009707640559471735,-1.5598350112255996,-0.0725988765077584,1.5109953208952538,,,,,,,,
D3-unequal_e00_r003,TA(0.10),0.0678228089818731,0.013333333333333334,-0.00044656191837887056,-1.5610080153383399,-0.1277775577562213,1.5003149699666358,,,,,,,,
D3-unequal_e00_r003,TA(0.15),0.06643827492371202,0.013333333333333334,0.0030739408708445404,-1.5608402837309852,-0.13336691896031655,1.4994723072466623,,,,,,,,
D3-unequal_e00_r003,TA(0.25),0.06596422998700291,0.21,-1.0116367299876423,-1.4149107397429965,0.7504950519133093,-1.4544378183724822,,,,,,,,
D3-unequal_e00_r003,TA(0.40),0.06578574900049716,0.21333333333333335,0.744234889906231,-1.4520069707697911,-0.9790173526750353,-1.427767806471072,,,,,,,,
D3-unequal_e05_r003,adapt,0.0555111930007115,0.04666666666666667,-0.0879644279957215,-1.5608781905820803,-0.030914659659140246,1.5119685367191802,,,,,,,,
D3-unequal_e05_r003,adaptX,0.06721365195699036,0.04666666666666667,-0.0879644279957215,-1.5608781905820803,-0.030914659659140246,1.5119685367191802,,,,,,,,
D3-unequal_e05_r003,HA50,0.009577026008628309,,0.6700159226211184,-1.0152713693762037,-14.948350610699938,-4.096218723899046,,,,,,,,
D3-unequal_e05_r003,TA(0.05),0.05742996803019196,0.04666666666666667,-0.030914659659140246,1.5119685367191802,-0.0879644279957215,-1.5608781905820803,,,,,,,,
D3-unequal_e05_r003,TA(0.10),0.05746584804728627,0.04666666666666667,-0.030914659659140246,1.5119685367191802,-0.0879644279957215,-1.5608781905820803,,,,,,,,
D3-unequal_e05_r003,TA(0.15),0.057026647962629795,0.04666666666666667,-0.0879644279957215,-1.5608781905820803,-0.003366852224048321,1.5331758233690465,,,,,,,,
D3-unequal_e05_r003,TA(0.25),0.05798699799925089,0.21,0.7600654363427851,-1.5416618421489634,-1.0543942121571048,-1.5698591451052788,,,,,,,,
D3-unequal_e05_r003,TA(0.40),0.057819360052235425,0.21,0.8328948598332838,-1.509180953824941,-0.9366052465378344,-1.5431974214524884,,,,,,,,
D3-unequal_e10_r003,adapt,0.05635378696024418,0.10333333333333333,-0.021193232987749056,-1.5213109911258043,-0.17869817865860768,1.3809892981925058,,,,,,,,
D3-unequal_e10_r003,adaptX,0.06364443001803011,0.10333333333333333,-0.01729727652987412,-1.5214816902652706,-0.17216509961434356,1.37977911507006,,,,,,,,
D3-unequal_e10_r003,HA50,0.011694981018081307,,0.05372289195543015,-0.7662732398360719,-9.7235987054389,12.936145708349683,,,,,,,,
D3-unequal_e10_r003,TA(0.05),0.058243817067705095,0.10333333333333333,-24.354000061258102,-6.259626805828111,0.25822028906173394,-0.9620801906113402,,,,,,,,
D3-unequal_e10_r003,TA(0.10),0.05714371695648879,0.10333333333333333,-0.01729727652987412,-1.5214816902652706,-0.17216509961434356,1.37977911507006,,,,,,,,
D3-unequal_e10_r003,TA(0.15),0.05809388810303062,0.10333333333333333,-0.01729727652987412,-1.5214816902652706,-0.17216509961434356,1.37977911507006,,,,,,,,
D3-unequal_e10_r003,TA(0.25),0.057620263076387346,0.10333333333333333,-0.17216509961434356,1.37977911507006,-0.01729727652987412,-1.5214816902652706,,,,,,,,
D3-unequal_e10_r003,TA(0.40),0.05936072603799403,0.25666666666666665,-0.9472962037992946,-1.4896202780788421,1.0113827492945968,-1.350332846193121,,,,,,,,
D3-unequal_e20_r003,adapt,0.06346937594935298,0.19666666666666666,0.026245119628323696,-1.5247721177022253,-0.10271854839626511,1.4585232487100523,,,,,,,,
D3-unequal_e20_r003,adaptX,0.07005248602945358,0.20333333333333334,-1.6056420992994909,-0.5100577876642489,2.124836960380691,-0.4206776113307211,,,,,,,,
D3-unequal_e20_r003,HA50,0.010686659021303058,,21.531219474460386,-1.3130871439760625,-2.168032781204936,-0.731326458003823,,,,,,,,
D3-unequal_e20_r003,TA(0.05),0.06489336991216987,0.17333333333333334,0.05381436926923156,-1.22094916636877,21.531219474460386,-1.3130871439760625,,,,,,,,
D3-unequal_e20_r003,TA(0.10),0.06586074305232614,0.17333333333333334,21.531219474460386,-1.3130871439760625,0.051525318651871516,-1.2748975971573449,,,,,,,,
D3-unequal_e20_r003,TA(0.15),0.06416042195633054,0.17333333333333334,20.033501953279423,-2.461526482943501,0.09107240510565322,-1.3525676974953704,,,,,,,,
D3-unequal_e20_r003,TA(0.25),0.06471785099711269,0.19666666666666666,-0.10271854839626511,1.4585232487100523,0.026245119628323696,-1.5247721177022253,,,,,,,,
D3-unequal_e20_r003,TA(0.40),0.06425314303487539,0.2866666666666667,-0.9305654753127335,-1.4109246505914153,0.9925176272542205,-1.38323969545078,,,,,,,,
D3-unequal_e30_r003,adapt,0.058688499964773655,0.28,0.028102636395634362,-1.4961825563820947,-0.02671066208539628,1.52159220816121,,,,,,,,
D3-unequal_e30_r003,adaptX,0.06514891295228153,0.28,0.028102636395634362,-1.4961825563820947,-0.02671066208539628,1.52159220816121,,,,,,,,
D3-unequal_e30_r003,HA50,0.011529285926371813,,-3.295439360309393,-0.8147267485568198,22.92939922259674,-0.4284262049363123,,,,,,,,
D3-unequal_e30_r003,TA(0.05),0.06172113795764744,0.13333333333333333,22.92939922259674,-0.4284262049363123,-0.15402536637948314,-0.7481304238711753,,,,,,,,
D3-unequal_e30_r003,TA(0.10),0.06127564096823335,0.13333333333333333,-0.15402536637948314,-0.7481304238711753,22.92939922259674,-0.4284262049363123,,,,,,,,
D3-unequal_e30_r003,TA(0.15),0.06113978894427419,0.13333333333333333,-0.12311511059147841,-0.7806001997867285,22.92939922259674,-0.4284262049363123,,,,,,,,
D3-unequal_e30_r003,TA(0.25),0.059562103007920086,0.22,0.09151158627675364,-1.1904093484893312,-18.542590694502096,-3.456930080678359,,,,,,,,
D3-unequal_e30_r003,TA(0.40),0.06067045999225229,0.28,-0.026651288518531772,1.5215985827872807,0.028349591798384106,-1.4961854422826302,,,,,,,,
D4-hetero_e00_r003,adapt,0.06015409796964377,0.016666666666666666,0.045091348023060404,1.7254915314943606,-0.05637472438887912,-1.499762877530699,,,,,,,,
D4-hetero_e00_r003,adaptX,0.06567300099413842,0.016666666666666666,-0.05637472438887912,-1.499762877530699,0.06722458189427123,1.704568860335994,,,,,,,,
D4-hetero_e00_r003,HA50,0.011421615025028586,,0.009713571248251115,1.6604092686163532,-0.031048322226524108,-1.4864955933654855,,,,,,,,
D4-hetero_e00_r003,TA(0.05),0.06288084504194558,0.016666666666666666,0.06722458189427123,1.704568860335994,-0.05637472438887912,-1.499762877530699,,,,,,,,
D4-hetero_e00_r003,TA(0.10),0.06236092501785606,0.016666666666666666,-0.05637472438887912,-1.499762877530699,0.06722458189427123,1.704568860335994,,,,,,,,
D4-hetero_e00_r003,TA(0.15),0.06120072503108531,0.016666666666666666,0.06722458189427123,1.704568860335994,-0.05637472438887912,-1.499762877530699,,,,,,,,
D4-hetero_e00_r003,TA(0.25),0.06312373303808272,0.016666666666666666,0.03810069348592086,1.7253062301177586,-0.04974416082138711,-1.499900509848994,,,,,,,,
D4-hetero_e00_r003,TA(0.40),0.06111277604941279,0.016666666666666666,-0.04974416082138711,-1.499900509848994,0.03234251181998538,1.6820979685316362,,,,,,,,
D4-hetero_e05_r003,adapt,0.06432070001028478,0.08666666666666667,0.5215685986711129,1.392941520882771,0.010324734260010586,-1.5261998452838481,,,,,,,,
D4-hetero_e05_r003,adaptX,0.06451965495944023,0.08666666666666667,0.010324734260010586,-1.5261998452838481,0.5215685986711129,1.392941520882771,,,,,,,,
D4-hetero_e05_r003,HA50,0.012311593978665769,,0.6097190129628869,-0.22922689815068717,-23.91943371068773,0.4757183793974823,,,,,,,,
D4-hetero_e05_r003,TA(0.05),0.06655115692410618,0.08666666666666667,0.010324734260010586,-1.5261998452838481,0.5215685986711129,1.392941520882771,,,,,,,,
D4-hetero_e05_r003,TA(0.10),0.06663862895220518,0.08666666666666667,0.010324734260010586,-1.5261998452838481,0.5215685986711129,1.392941520882771,,,,,,,,
D4-hetero_e05_r003,TA(0.15),0.06705273897387087,0.08666666666666667,0.010324734260010586,-1.5261998452838481,0.5215685986711129,1.392941520882771,,,,,,,,
D4-hetero_e05_r003,TA(0.25),0.06903199991211295,0.09333333333333334,0.02866664632562979,-1.5288264628744208,0.5215685986711129,1.392941520882771,,,,,,,,
D4-hetero_e05_r003,TA(0.40),0.06612321990542114,0.09333333333333334,0.5157438731785068,1.3933565614350805,0.030139032423624482,-1.5289400323093727,,,,,,,,
D4-hetero_e10_r003,adapt,0.05163248302415013,0.12666666666666668,-0.11927166934316098,1.7129041657842579,0.01765446353961155,-1.4807710724674557,,,,,,,,
D4-hetero_e10_r003,adaptX,0.06206587003543973,0.12666666666666668,0.01765446353961155,-1.4807710724674557,-0.11927166934316098,1.7129041657842579,,,,,,,,
D4-hetero_e10_r003,HA50,0.011293757008388638,,1.1213176340359776,-0.07904545690166681,-23.55656322265296,0.0727460859117385,,,,,,,,
D4-hetero_e10_r003,TA(0.05),0.053024837048724294,0.043333333333333335,0.026966745350407217,0.06451110948545999,-23.55656322265296,0.0727460859117385,,,,,,,,
D4-hetero_e10_r003,TA(0.10),0.05267886503133923,0.12666666666666668,0.01929362573014721,-1.4807309156051012,-0.12106378031201666,1.712895018679709,,,,,,,,
D4-hetero_e10_r003,TA(0.15),0.05399100505746901,0.12666666666666668,-0.11487875656133026,1.712906510385429,0.013007444365017856,-1.4808647399005703,,,,,,,,
D4-hetero_e10_r003,TA(0.25),0.05334866896737367,0.12,-0.16277795885537047,1.6895475279269627,0.01929362573014721,-1.4807309156051012,,,,,,,,
D4-hetero_e10_r003,TA(0.40),0.05358776310458779,0.12666666666666668,0.01765446353961155,-1.4807710724674557,-0.11927166934316098,1.7129041657842579,,,,,,,,
D4-hetero_e20_r003,adapt,0.05564759997650981,0.18666666666666668,0.023565227814280564,-1.5254024628273062,-0.08601739426459597,1.5187156631065126,,,,,,,,
D4-hetero_e20_r003,adaptX,0.057847907999530435,0.18666666666666668,0.023565227814280564,-1.5254024628273062,-0.08601739426459597,1.5187156631065126,,,,,,,,
D4-hetero_e20_r003,HA50,0.010200535994954407,,-1.607150819542936,-0.23919966396865727,21.719577546698147,-0.6599576386466659,,,,,,,,
D4-hetero_e20_r003,TA(0.05),0.05634428502526134,0.07,21.719577546698147,-0.6599576386466659,-0.08330827019636848,-0.15702522400862762,,,,,,,,
D4-hetero_e20_r003,TA(0.10),0.059008492971770465,0.07,-0.08330827019636848,-0.15702522400862762,21.719577546698147,-0.6599576386466659,,,,,,,,
D4-hetero_e20_r003,TA(0.15),0.058130973018705845,0.18666666666666668,-0.08555183744685296,1.5187434110724,0.023438373982774385,-1.525406042374535,,,,,,,,
D4-hetero_e20_r003,TA(0.25),0.0573551639681682,0.18666666666666668,-0.08489440494887152,1.5187836780993569,0.022508772635424713,-1.5254337869141112,,,,,,,,
D4-hetero_e20_r003,TA(0.40),0.057742772973142564,0.18666666666666668,-0.08489440494887152,1.5187836780993569,0.022508772635424713,-1.5254337869141112,,,,,,,,
D4-hetero_e30_r003,adapt,0.05925374501384795,0.31,0.0027026167217663643,-1.4832608593718675,-0.3503968621803078,1.6388645283516607,,,,,,,,
D4-hetero_e30_r003,adaptX,0.06285156507510692,0.31,-0.3503968621803078,1.6388645283516607,0.0027026167217663643,-1.4832608593718675,,,,,,,,
D4-hetero_e30_r003,HA50,0.009769598953425884,,3.2827968279553135,-0.6186851681836656,-22.572418868151665,-0.5923287060987844,,,,,,,,
D4-hetero_e30_r003,TA(0.05),0.06188477692194283,0.14333333333333334,-22.572418868151665,-0.5923287060987844,-0.47765733076138656,-0.2406765120363625,,,,,,,,
D4-hetero_e30_r003,TA(0.10),0.06142490601632744,0.14333333333333334,-0.47765733076138656,-0.2406765120363625,-22.572418868151665,-0.5923287060987844,,,,,,,,
D4-hetero_e30_r003,TA(0.15),0.06196243898011744,0.14333333333333334,-22.572418868151665,-0.5923287060987844,-0.47765733076138656,-0.2406765120363625,,,,,,,,
D4-hetero_e30_r003,TA(0.25),0.06183823093306273,0.16333333333333333,21.945591872452493,0.06880003639882194,-0.47765733076138656,-0.2406765120363625,,,,,,,,
D4-hetero_e30_r003,TA(0.40),0.06170579500030726,0.31,0.007653079401927186,-1.4830885799026368,-0.3436971866232174,1.6403179560710022,,,,,,,,
D5-leverage_e00_r003,adapt,0.09422714007087052,0.02,0.007090311839575308,1.484375757820243,-0.07316666654171132,-1.5310343402831117,,,,,,,,
D5-leverage_e00_r003,adaptX,0.12439002306200564,0.023333333333333334,0.007090311839575308,1.484375757820243,-0.03077112267003374,-1.5717641990751468,,,,,,,,
D5-leverage_e00_r003,HA50,0.00919614196754992,,-0.08826330619711271,-1.5179453501169402,0.008080771825844943,1.4737616306089336,,,,,,,,
D5-leverage_e00_r003,TA(0.05),0.09725751995574683,0.023333333333333334,-0.005614276242142817,-1.5757970059727917,0.017926690307972438,1.480177591869059,,,,,,,,
D5-leverage_e00_r003,TA(0.10),0.09533370495773852,0.023333333333333334,-0.005614276242142817,-1.5757970059727917,0.017926690307972438,1.480177591869059,,,,,,,,
D5-leverage_e00_r003,TA(0.15),0.09673099801875651,0.023333333333333334,0.021728445755558372,1.4804893517192297,0.011629288581568541,-1.581466093464541,,,,,,,,
D5-leverage_e00_r003,TA(0.25),0.09668559592682868,0.023333333333333334,0.03773303688652179,1.485413243005515,0.011629288581568541,-1.581466093464541,,,,,,,,
D5-leverage_e00_r003,TA(0.40),0.09757225890643895,0.023333333333333334,0.017926690307972438,1.480177591869059,-0.005614276242142817,-1.5757970059727917,,,,,,,,
D5-leverage_e05_r003,adapt,0.05032157991081476,0.06,-0.010226766155805861,1.4762252643537963,0.19874520485256575,-1.4778049043886763,,,,,,,,
D5-leverage_e05_r003,adaptX,0.05808930401690304,0.06,-0.010226766155805861,1.4762252643537963,0.19874520485256575,-1.4778049043886763,,,,,,,,
D5-leverage_e05_r003,HA50,0.008770689950324595,,2.401415055646626,-0.09024025063541058,-2.2343994262936704,-0.018846547284000245,,,,,,,,
D5-leverage_e05_r003,TA(0.05),0.05137627897784114,0.056666666666666664,-0.026632539038689004,1.475689938877868,0.19874520485256575,-1.4778049043886763,,,,,,,,
D5-leverage_e05_r003,TA(0.10),0.05117403599433601,0.056666666666666664,0.19874520485256575,-1.4778049043886763,-0.026632539038689004,1.475689938877868,,,,,,,,
D5-leverage_e05_r003,TA(0.15),0.051618683035485446,0.06,-0.010226766155805861,1.4762252643537963,0.19874520485256575,-1.4778049043886763,,,,,,,,
D5-leverage_e05_r003,TA(0.25),0.05206817202270031,0.05333333333333334,0.007685846722175877,1.460749795777375,0.21063471961875532,-1.487633152542224,,,,,,,,
D5-leverage_e05_r003,TA(0.40),0.05194767704233527,0.06333333333333334,0.2216840835429719,-1.4874395962699074,-0.03854852012685182,1.4755606541682207,,,,,,,,
D5-leverage_e10_r003,adapt,0.05875888292212039,0.07333333333333333,0.022985154681763945,-1.5532942386829725,0.1580097103841869,1.5176536072442257,,,,,,,,
D5-leverage_e10_r003,adaptX,0.06521725002676249,0.07333333333333333,0.13932256878230107,1.5190647366453223,0.022985154681763945,-1.5532942386829725,,,,,,,,
D5-leverage_e10_r003,HA50,0.012699670041911304,,2.3776125625237015,0.07575615665973347,-2.440628387684675,0.08363974998561477,,,,,,,,
D5-leverage_e10_r003,TA(0.05),0.06177353800740093,0.07333333333333333,0.022985154681763945,-1.5532942386829725,0.13932256878230107,1.5190647366453223,,,,,,,,
D5-leverage_e10_r003,TA(0.10),0.06040153093636036,0.07333333333333333,0.022985154681763945,-1.5532942386829725,0.13932256878230107,1.5190647366453223,,,,,,,,
D5-leverage_e10_r003,TA(0.15),0.061857555992901325,0.07333333333333333,0.13567085768656795,1.5191496931966237,0.019504396344015837,-1.553507757747993,,,,,,,,
D5-leverage_e10_r003,TA(0.25),0.05962492001708597,0.07333333333333333,0.12494576712558118,1.5226473722178384,0.009529322426792842,-1.5498806560844294,,,,,,,,
D5-leverage_e10_r003,TA(0.40),0.06078451802022755,0.07333333333333333,0.009529322426792842,-1.5498806560844294,0.12391798969954738,1.5272814004549646,,,,,,,,
D5-leverage_e20_r003,adapt,0.053520599962212145,0.006666666666666667,-2.079032465163735,0.06904994454019134,2.3854263539003195,-0.044207233764888804,,,,,,,,
D5-leverage_e20_r003,adaptX,0.06643775198608637,0.18333333333333332,-0.024407617228104094,-1.4068130403200567,0.12060541980234282,1.52291602278249,,,,,,,,
D5-leverage_e20_r003,HA50,0.013043008977547288,,2.4439670454040803,-0.04822140934896435,-2.079032465163735,0.06904994454019134,,,,,,,,
D5-leverage_e20_r003,TA(0.05),0.05504998506512493,0.006666666666666667,-2.079032465163735,0.06904994454019134,2.3854263539003195,-0.044207233764888804,,,,,,,,
D5-leverage_e20_r003,TA(0.10),0.05721862893551588,0.006666666666666667,2.3854263539003195,-0.044207233764888804,-2.079032465163735,0.06904994454019134,,,,,,,,
D5-leverage_e20_r003,TA(0.15),0.055779516929760575,0.006666666666666667,-2.111571829250962,0.07218800897607236,2.351255224147416,-0.04220599565239499,,,,,,,,
D5-leverage_e20_r003,TA(0.25),0.05664410500321537,0.18333333333333332,0.10888065021212692,1.5186991334679545,-0.034622762856238054,-1.4095630574264884,,,,,,,,
D5-leverage_e20_r003,TA(0.40),0.055566921015270054,0.18333333333333332,-0.034622762856238054,-1.4095630574264884,0.10888065021212692,1.5186991334679545,,,,,,,,
D5-leverage_e30_r003,adapt,0.05160023598000407,0.006666666666666667,-1.7815561519784802,-0.03283733674080028,2.579471876104668,-0.13229056971398537,,,,,,,,
D5-leverage_e30_r003,adaptX,0.05597567593213171,0.10333333333333333,2.5790415924438723,-0.14941757244829298,-1.7985601951463106,-0.1393076529981266,,,,,,,,
D5-leverage_e30_r003,HA50,0.00962706794962287,,-1.8783614279425356,-0.011731998268709081,2.579471876104668,-0.13229056971398537,,,,,,,,
D5-leverage_e30_r003,TA(0.05),0.054546287981793284,0.006666666666666667,2.5775215206359734,-0.15315511589678313,-1.7863773884596532,-0.06340633243610871,,,,,,,,
D5-leverage_e30_r003,TA(0.10),0.05529647006187588,0.006666666666666667,-1.7815561519784802,-0.03283733674080028,2.579471876104668,-0.13229056971398537,,,,,,,,
D5-leverage_e30_r003,TA(0.15),0.052817642921581864,0.006666666666666667,-1.7863773884596532,-0.06340633243610871,2.5775215206359734,-0.15315511589678313,,,,,,,,
D5-leverage_e30_r003,TA(0.25),0.054355593980289996,0.006666666666666667,2.74155551948857,-0.17919644922734285,-1.6133649534189178,-0.09729752114991072,,,,,,,,
D5-leverage_e30_r003,TA(0.40),0.05340820399578661,0.006666666666666667,2.759955677564315,-0.15959838129327725,-1.6291562930827326,-0.05713216386491247,,,,,,,,
D6-uniform_e00_r003,adapt,0.061234528897330165,0.01,0.0459500824350845,1.498998610011449,-0.1542332185038645,-1.5308233956080703,,,,,,,,
D6-uniform_e00_r003,adaptX,0.06687215506099164,0.01,-0.15872553223282826,-1.531510869934836,0.04234180003016085,1.4987621172210226,,,,,,,,
D6-uniform_e00_r003,HA50,0.009760967921465635,,0.02829281453936825,1.5029813098369338,-0.1193678862585815,-1.5319908824302961,,,,,,,,
D6-uniform_e00_r003,TA(0.05),0.06411315803416073,0.01,0.0459500824350845,1.498998610011449,-0.1542332185038645,-1.5308233956080703,,,,,,,,
D6-uniform_e00_r003,TA(0.10),0.062265849905088544,0.01,0.048043720677195874,1.4998961195376903,-0.11969777282565977,-1.5195860256399654,,,,,,,,
D6-uniform_e00_r003,TA(0.15),0.0631702549289912,0.013333333333333334,-0.008976869887357611,-1.498893364923375,0.026406465793409772,1.500925560617503,,,,,,,,
D6-uniform_e00_r003,TA(0.25),0.06292992003727704,0.006666666666666667,-0.07779457122307173,-1.5190796553931682,0.040132767595075246,1.5003033532401644,,,,,,,,
D6-uniform_e00_r003,TA(0.40),0.06253220699727535,0.2966666666666667,-0.9450851253576278,1.3987261181972317,0.8864605105743593,1.4187480212190162,,,,,,,,
D6-uniform_e05_r003,adapt,0.05746124393772334,0.09,0.011804850886319721,-1.5292341475219424,-0.04598332623406065,1.5150460598417255,,,,,,,,
D6-uniform_e05_r003,adaptX,0.06991473503876477,0.09,-0.04598332623406065,1.5150460598417255,0.011804850886319721,-1.5292341475219424,,,,,,,,
D6-uniform_e05_r003,HA50,0.011599918943829834,,-0.2897283385010356,-1.7137576163184902,-0.3040570762535439,1.5552955674915718,,,,,,,,
D6-uniform_e05_r003,TA(0.05),0.05852358299307525,0.09,-0.04598332623406065,1.5150460598417255,0.011804850886319721,-1.5292341475219424,,,,,,,,
D6-uniform_e05_r003,TA(0.10),0.05937864305451512,0.08666666666666667,-0.06121497006410462,1.5301516612287291,0.011804850886319721,-1.5292341475219424,,,,,,,,
D6-uniform_e05_r003,TA(0.15),0.06071366905234754,0.09,0.005655101568458893,-1.5297358455417487,-0.04043431807028727,1.5152415024211165,,,,,,,,
D6-uniform_e05_r003,TA(0.25),0.060128231067210436,0.09,-0.04598332623406065,1.5150460598417255,0.011804850886319721,-1.5292341475219424,,,,,,,,
D6-uniform_e05_r003,TA(0.40),0.05995419900864363,0.08666666666666667,-0.06121497006410462,1.5301516612287291,0.011804850886319721,-1.5292341475219424,,,,,,,,
D6-uniform_e10_r003,adapt,0.05044205510057509,0.09666666666666666,0.03251355399234579,-1.445539178968896,0.028447741158155952,1.5886570863866925,,,,,,,,
D6-uniform_e10_r003,adaptX,0.05640025599859655,0.09666666666666666,0.028447741158155952,1.5886570863866925,0.03251355399234579,-1.445539178968896,,,,,,,,
D6-uniform_e10_r003,HA50,0.009760929038748145,,-0.1397052629527355,-1.554541526924592,-0.047348431391150234,1.5390848331545472,,,,,,,,
D6-uniform_e10_r003,TA(0.05),0.05135152908042073,0.09666666666666666,-0.0028207978665647664,1.5817168939146553,0.0035261876609298717,-1.4552496979912022,,,,,,,,
D6-uniform_e10_r003,TA(0.10),0.052177887060679495,0.09666666666666666,0.03251355399234579,-1.445539178968896,0.028447741158155952,1.5886570863866925,,,,,,,,
D6-uniform_e10_r003,TA(0.15),0.05300836998503655,0.09666666666666666,0.028447741158155952,1.5886570863866925,0.03251355399234579,-1.445539178968896,,,,,,,,
D6-uniform_e10_r003,TA(0.25),0.05229944095481187,0.09666666666666666,0.0020059632004993814,-1.4559712971425562,-0.011311012149717074,1.5812916824604268,,,,,,,,
D6-uniform_e10_r003,TA(0.40),0.05189090606290847,0.09666666666666666,0.0054561502411765925,1.5851180504334246,0.017717600945163885,-1.4505683406845153,,,,,,,,
D6-uniform_e20_r003,adapt,0.049799375934526324,0.16666666666666666,0.3088974258109226,1.5977230101662063,-0.07539303609077609,-1.3603465037783409,,,,,,,,
D6-uniform_e20_r003,adaptX,0.056138139916583896,0.16666666666666666,0.31280206620838186,1.5974552016835417,-0.08085129728111293,-1.3598979463421952,,,,,,,,
D6-uniform_e20_r003,HA50,0.010656635044142604,,-0.3401222092276004,-1.6137682729597023,0.1587066363200091,1.915422516876951,,,,,,,,
D6-uniform_e20_r003,TA(0.05),0.05147899896837771,0.16666666666666666,0.3165218741695767,1.5971820768721547,-0.08494999825142253,-1.359540942501863,,,,,,,,
D6-uniform_e20_r003,TA(0.10),0.05047454405575991,0.16666666666666666,-0.07244808220823004,-1.3623194241402168,0.3201294934187201,1.5954560591047682,,,,,,,,
D6-uniform_e20_r003,TA(0.15),0.05166852299589664,0.16666666666666666,-0.0376769249958967,-1.3917877862811316,0.31637093665803767,1.5957076516381363,,,,,,,,
D6-uniform_e20_r003,TA(0.25),0.052859032060950994,0.17,0.2655476614941047,1.5927376382109673,-0.08085129728111293,-1.3598979463421952,,,,,,,,
D6-uniform_e20_r003,TA(0.40),0.05177662300411612,0.16666666666666666,-0.10394746847401179,-1.3577581770362885,0.3102438160560368,1.590766144429023,,,,,,,,
D6-uniform_e30_r003,adapt,0.048845718964003026,0.0,2.8156150829094666,-0.1867828017166236,-4.336397559665779,-0.20417717903218163,,,,,,,,
D6-uniform_e30_r003,adaptX,0.05809526704251766,0.0,-4.336397559665779,-0.20417717903218163,2.8156150829094666,-0.1867828017166236,,,,,,,,
D6-uniform_e30_r003,HA50,0.010727372020483017,,-4.220594238137873,-0.141029619479259,2.925108421452971,-0.13037412111827767,,,,,,,,
D6-uniform_e30_r003,TA(0.05),0.04993131500668824,0.0,2.523147843149715,-0.22155809925847053,-4.660276430592168,-0.2615746544130148,,,,,,,,
D6-uniform_e30_r003,TA(0.10),0.05164353793952614,0.0,-4.196335946076595,-0.14209451164137227,2.948779193834629,-0.13179256352984006,,,,,,,,
D6-uniform_e30_r003,TA(0.15),0.052298118942417204,0.13333333333333333,-0.5232197392049179,1.614171065756012,-0.29024593401244303,-1.880578541602417,,,,,,,,
D6-uniform_e30_r003,TA(0.25),0.05165757902432233,0.17666666666666667,-0.28078895587389774,-1.8311499128590683,-0.22600842017755493,1.4560513232605867,,,,,,,,
D6-uniform_e30_r003,TA(0.40),0.05246179993264377,0.16333333333333333,-0.11566725416147476,1.5249757193602225,-0.2168391139302744,-1.8476447151262405,,,,,,,,
D7-p3_e00_r003,adapt,0.21183681301772594,0.02666666666666667,0.1587563495024077,1.6010980830579964,1.0384518887143135,1.0762593855361446,-0.13820486318314207,-1.5936087682465991,0.9759423734692747,1.0440546568796454,,,,
D7-p3_e00_r003,adaptX,2.1380795739823952,0.07666666666666666,-0.10786886780020388,-1.5781248265129657,0.9605808309493845,1.0312219782800904,0.14947330181630666,1.606755583512991,1.028113491573241,1.0629742658862775,,,,
D7-p3_e00_r003,HA50,0.013170261983759701,,-0.13252712947886744,-1.588224681517035,1.0078125889127427,1.0598486762067962,0.1860580588615432,1.557035676961887,1.0559001993662287,1.0001244500597963,,,,
D7-p3_e00_r003,TA(0.05),0.21485245099756867,0.03,0.16098501368559515,1.6007731909487508,1.0377265441033292,1.074759659067191,-0.12204422134427594,-1.5887200941118829,0.9655833266525375,1.030766604354475,,,,
D7-p3_e00_r003,TA(0.10),0.2126603099750355,0.03,-0.12247730704395914,-1.588776552142709,0.9652411576552511,1.0309651611206818,0.1438339568586257,1.6146850022747727,1.0246597170215546,1.0643055653688096,,,,
D7-p3_e00_r003,TA(0.15),0.21496085997205228,0.03,-0.12204422134427594,-1.5887200941118829,0.9655833266525375,1.030766604354475,0.16098501368559515,1.6007731909487508,1.0377265441033292,1.074759659067191,,,,
D7-p3_e00_r003,TA(0.25),0.2166229550493881,0.03,-0.12395213589747786,-1.5886010569433628,0.9667352622588469,1.0329637461011092,0.14032703439180744,1.61493335491166,1.0242391291296158,1.0646162019793493,,,,
D7-p3_e00_r003,TA(0.40),0.21390467300079763,0.02666666666666667,-0.14916439039846816,-1.5819479495363882,0.988028855954533,1.0582731841555773,0.14500445107497506,1.60060745593307,1.0442942070910697,1.0793867155725083,,,,
D7-p3_e05_r003,adapt,0.21938674803823233,0.08,-0.03615603521835648,-1.4634583760494835,1.0785976790001301,1.0137089617888413,0.1161813812158685,1.4619409632725602,1.0007489051793994,0.9063743068373559,,,,
D7-p3_e05_r003,adaptX,1.8958694320172071,0.07666666666666666,-0.021863957726134906,-1.4655537137879362,1.0675982629378586,1.0039160146372947,0.11794975428473048,1.462390544557718,1.0110947708083755,0.923641576392122,,,,
D7-p3_e05_r003,HA50,0.015812034951522946,,-5.517168011372305,4.235050439145992,3.436788150870045,-12.629858987738723,-0.29309165044665525,-0.051978524621683085,0.8809737902863165,1.3021595793157312,,,,
D7-p3_e05_r003,TA(0.05),0.22076869697775692,0.07666666666666666,0.1069974636534204,1.4560816931746314,0.9986506328935257,0.9309083980098773,-0.05620962220477838,-1.466540941999181,1.0750516520774895,1.0282874416152668,,,,
D7-p3_e05_r003,TA(0.10),0.22051071596797556,0.07666666666666666,0.13325106518378702,1.462390148408052,0.999372653631488,0.9096610019414053,-0.03615603521835648,-1.4634583760494835,1.0785976790001301,1.0137089617888413,,,,
D7-p3_e05_r003,TA(0.15),0.22199863591231406,0.07666666666666666,0.11794975428473048,1.462390544557718,1.0110947708083755,0.923641576392122,-0.021863957726134906,-1.4655537137879362,1.0675982629378586,1.0039160146372947,,,,
D7-p3_e05_r003,TA(0.25),0.22086852509528399,0.07666666666666666,-0.03611560649420767,-1.4636956532155785,1.0580401598012896,0.9960688389695321,0.12801446738588615,1.462261790818989,1.0209886765509044,0.9335798482269038,,,,
D7-p3_e05_r003,TA(0.40),0.2220834819599986,0.07666666666666666,0.11352554566375703,1.4622700844291374,1.0130621486715718,0.9268454681907946,-0.019196776007714186,-1.4658597297691844,1.0665997956803521,1.0025152610197348,,,,
D7-p3_e10_r003,adapt,0.22757761797402054,0.11,-0.12358176453792002,1.5561498999813226,1.0425586149322887,0.9333634840209414,-0.05253403131991414,-1.5194358839531765,1.0642740568505071,0.9590225678422643,,,,
D7-p3_e10_r003,adaptX,1.8833128060214221,0.11333333333333333,-0.05253403131991414,-1.5194358839531765,1.0642740568505071,0.9590225678422643,-0.12358176453792002,1.5561498999813226,1.0425586149322887,0.9333634840209414,,,,
D7-p3_e10_r003,HA50,0.013992481050081551,,0.08064872644878177,0.0368336417740967,1.1640688269513682,1.584094913222002,1.0638042518758424,-1.4489903712388483,0.7777382361472572,-10.607594915661474,,,,
D7-p3_e10_r003,TA(0.05),0.2292339620180428,0.06,-0.4813247097739802,-0.3090321951366255,0.9738256941387005,0.9189231258010669,17.1676836695407,-2.8901670824327015,1.5746400559872307,-1.4473938817223873,,,,
D7-p3_e10_r003,TA(0.10),0.2296979809179902,0.11,-0.1436582801966114,1.5525433507252064,1.0306128574706366,0.9225737658901634,-0.03436924639066884,-1.5096487105865095,1.073109867934456,1.014453457559449,,,,
D7-p3_e10_r003,TA(0.15),0.2295278200181201,0.12,-0.13859492467146653,1.552684455630311,1.0409743665245772,0.9368092247407598,-0.12413532265163504,-1.5281020096594002,1.0624034849720219,0.9501153117129715,,,,
D7-p3_e10_r003,TA(0.25),0.2291893829824403,0.11,-0.0563963127732107,-1.5046299269244734,1.0652793292603193,0.9815350054674336,-0.154027806843152,1.5517818094253537,1.0318481264734025,0.9241772922886318,,,,
D7-p3_e10_r003,TA(0.40),0.2288103780010715,0.11666666666666667,-0.13084170968659736,1.5527852687228743,1.0424661551779941,0.9416592421724269,-0.08491764908072229,-1.5006328867001608,1.033551718758343,0.9643076464466824,,,,
D7-p3_e20_r003,adapt,0.21977950807195157,0.22,-0.13106218064615793,1.5707884179298384,1.035579229138594,0.9258838826899518,-0.18072317330395346,-1.5418673803749474,1.0018442790663091,0.957701845677481,,,,
D7-p3_e20_r003,adaptX,2.243690564064309,0.22,-0.20068992938610108,-1.5328900584645044,1.0028788786609542,0.9481997728842614,-0.15576353160806167,1.5837870697387018,1.033218004013179,0.9111833161522485,,,,
D7-p3_e20_r003,HA50,0.017352980095893145,,2.5931479394922325,0.06150014857341989,1.0119283071748626,1.0218607758773512,-23.45272100338692,-0.013830484351134112,0.9152284811240474,1.3204023390834714,,,,
D7-p3_e20_r003,TA(0.05),0.2211089200573042,0.10333333333333333,-0.2262383928467401,-0.12998823502122714,1.1163916557548383,1.1237125569263589,-23.45272100338692,-0.013830484351134112,0.9152284811240474,1.3204023390834714,,,,
D7-p3_e20_r003,TA(0.10),0.2206911250250414,0.10333333333333333,-0.2262383928467401,-0.12998823502122714,1.1163916557548383,1.1237125569263589,-23.45272100338692,-0.013830484351134112,0.9152284811240474,1.3204023390834714,,,,
D7-p3_e20_r003,TA(0.15),0.2211311860010028,0.13666666666666666,0.36535872705053046,-0.6042232633362731,1.0783554331854572,1.063623082093143,-16.07678219244571,-4.356705475612058,0.5734657541526403,0.7768325274670251,,,,
D7-p3_e20_r003,TA(0.25),0.22056941606570035,0.22,-0.18072317330395346,-1.5418673803749474,1.0018442790663091,0.957701845677481,-0.13106218064615793,1.5707884179298384,1.035579229138594,0.9258838826899518,,,,
D7-p3_e20_r003,TA(0.40),0.2225194680504501,0.22,-0.15576353160806167,1.5837870697387018,1.033218004013179,0.9111833161522485,-0.20068992938610108,-1.5328900584645044,1.0028788786609542,0.9481997728842614,,,,
D7-p3_e30_r003,adapt,0.22011071699671447,0.29333333333333333,-0.11808831382810646,1.4951788306180787,0.9590658571452432,1.070625127977474,-0.003949777753403718,-1.5619227853591127,1.0915752700342607,0.9725089217800205,,,,
D7-p3_e30_r003,adaptX,2.0211835339432582,0.30333333333333334,2.6088603781018715,0.0904207668415399,0.9506964912442077,0.9231767846030767,-2.1574968917840844,0.17030638466591275,1.0057571955957683,1.1798942095429976,,,,
D7-p3_e30_r003,HA50,0.01487248600460589,,3.760372682670823,0.3455198161124976,1.4955613118873021,1.043581839316319,-23.132730234147704,-0.04542539881709733,1.3833809294642907,0.7731323622729147,,,,
D7-p3_e30_r003,TA(0.05),0.22317689599003643,0.13666666666666666,0.06955090887605271,0.2998658775822158,1.0238321553215999,1.1502252097582621,-23.132730234147704,-0.04542539881709733,1.3833809294642907,0.7731323622729147,,,,
D7-p3_e30_r003,TA(0.10),0.22162802796810865,0.13666666666666666,0.06955090887605271,0.2998658775822158,1.0238321553215999,1.1502252097582621,-23.132730234147704,-0.04542539881709733,1.3833809294642907,0.7731323622729147,,,,
D7-p3_e30_r003,TA(0.15),0.2209851450752467,0.13666666666666666,-23.132730234147704,-0.04542539881709733,1.3833809294642907,0.7731323622729147,0.06955090887605271,0.2998658775822158,1.0238321553215999,1.1502252097582621,,,,
D7-p3_e30_r003,TA(0.25),0.22104265505913645,0.15666666666666668,-7.574026498892256,-0.7908364743714555,-1.0679792636631962,8.970758394506937,-0.05294668414346747,0.3282147021073332,1.0853823842410448,1.0671899852329318,,,,
D7-p3_e30_r003,TA(0.40),0.2214818299980834,0.29333333333333333,-0.003949777753403718,-1.5619227853591127,1.0915752700342607,0.9725089217800205,-0.11808831382810646,1.4951788306180787,0.9590658571452432,1.070625127977474,,,,
D8-K2par-sep_e00_r003,adapt,0.05842986307106912,0.013333333333333334,-2.9361676703622606,0.9958460193633673,2.9893336513037725,1.032352069114048,,,,,,,,
D8-K2par-sep_e00_r003,adaptX,0.06311375205405056,0.013333333333333334,2.9893336513037725,1.032352069114048,-2.9361676703622606,0.9958460193633673,,,,,,,,
D8-K2par-sep_e00_r003,HA50,0.012647096998989582,,-2.9363790390000557,0.9977210817785197,3.0109331739317144,1.0299282598526338,,,,,,,,
D8-K2par-sep_e00_r003,TA(0.05),0.0619496259605512,0.016666666666666666,2.97499873001519,1.0355916547438957,-2.9361676703622606,0.9958460193633673,,,,,,,,
D8-K2par-sep_e00_r003,TA(0.10),0.05937740800436586,0.016666666666666666,2.97499873001519,1.0355916547438957,-2.9361676703622606,0.9958460193633673,,,,,,,,
D8-K2par-sep_e00_r003,TA(0.15),0.061566803022287786,0.016666666666666666,-2.9361676703622606,0.9958460193633673,2.97499873001519,1.0355916547438957,,,,,,,,
D8-K2par-sep_e00_r003,TA(0.25),0.06245211593341082,0.016666666666666666,-2.9361676703622606,0.9958460193633673,2.97499873001519,1.0355916547438957,,,,,,,,
D8-K2par-sep_e00_r003,TA(0.40),0.06101458705961704,0.016666666666666666,2.97499873001519,1.0355916547438957,-2.9361676703622606,0.9958460193633673,,,,,,,,
D8-K2par-sep_e05_r003,adapt,0.04957551299594343,0.04666666666666667,2.9331152752928347,0.9223515185659199,-2.8442904491233065,1.028213491256347,,,,,,,,
D8-K2par-sep_e05_r003,adaptX,0.06019352097064257,0.04666666666666667,2.9331152752928347,0.9223515185659199,-2.8442904491233065,1.028213491256347,,,,,,,,
D8-K2par-sep_e05_r003,HA50,0.00883775798138231,,3.5164308798730124,1.1327312709716588,-3.8002295852323744,0.9524763640537136,,,,,,,,
D8-K2par-sep_e05_r003,TA(0.05),0.0520359129877761,0.04666666666666667,2.9331152752928347,0.9223515185659199,-2.8442904491233065,1.028213491256347,,,,,,,,
D8-K2par-sep_e05_r003,TA(0.10),0.0507871670415625,0.04666666666666667,-2.8442904491233065,1.028213491256347,2.9331152752928347,0.9223515185659199,,,,,,,,
D8-K2par-sep_e05_r003,TA(0.15),0.05202184908557683,0.04666666666666667,-2.8442904491233065,1.028213491256347,2.9331152752928347,0.9223515185659199,,,,,,,,
D8-K2par-sep_e05_r003,TA(0.25),0.051573603064753115,0.04666666666666667,2.9331152752928347,0.9223515185659199,-2.8442904491233065,1.028213491256347,,,,,,,,
D8-K2par-sep_e05_r003,TA(0.40),0.051812335033901036,0.04666666666666667,2.9331152752928347,0.9223515185659199,-2.8442904491233065,1.028213491256347,,,,,,,,
D8-K2par-sep_e10_r003,adapt,0.05857490992639214,0.09333333333333334,-2.901853349213399,0.9643272934657866,3.0216966435877493,0.9175786540078114,,,,,,,,
D8-K2par-sep_e10_r003,adaptX,0.06628244195599109,0.09333333333333334,3.0216966435877493,0.9175786540078114,-2.901853349213399,0.9643272934657866,,,,,,,,
D8-K2par-sep_e10_r003,HA50,0.014439616003073752,,1.221183415987496,0.7772105112778096,-22.203901530616662,1.9774697570499549,,,,,,,,
D8-K2par-sep_e10_r003,TA(0.05),0.06035291391890496,0.056666666666666664,-15.71150868235613,-4.47339130461227,0.7841180458452883,0.4912053819514067,,,,,,,,
D8-K2par-sep_e10_r003,TA(0.10),0.06014840491116047,0.09333333333333334,3.0216966435877493,0.9175786540078114,-2.901853349213399,0.9643272934657866,,,,,,,,
D8-K2par-sep_e10_r003,TA(0.15),0.0613271479960531,0.09333333333333334,-2.901853349213399,0.9643272934657866,3.0216966435877493,0.9175786540078114,,,,,,,,
D8-K2par-sep_e10_r003,TA(0.25),0.06196194491349161,0.09333333333333334,3.0216966435877493,0.9175786540078114,-2.901853349213399,0.9643272934657866,,,,,,,,
D8-K2par-sep_e10_r003,TA(0.40),0.060987900011241436,0.09333333333333334,3.0216966435877493,0.9175786540078114,-2.901853349213399,0.9643272934657866,,,,,,,,
D8-K2par-sep_e20_r003,adapt,0.05797935707960278,0.19666666666666666,2.973047092880377,0.9504683916109921,-2.948291432292191,0.9603450400977742,,,,,,,,
D8-K2par-sep_e20_r003,adaptX,0.07209594594314694,0.19666666666666666,2.973047092880377,0.9504683916109921,-2.948291432292191,0.9603450400977742,,,,,,,,
D8-K2par-sep_e20_r003,HA50,0.01373542204964906,,-20.4587494106263,1.1033950138684931,2.0059626220722078,0.8365366614379924,,,,,,,,
D8-K2par-sep_e20_r003,TA(0.05),0.06088398990686983,0.07666666666666666,-20.4587494106263,1.1033950138684931,-0.07193284082846348,0.6728559028308522,,,,,,,,
D8-K2par-sep_e20_r003,TA(0.10),0.06124225608073175,0.07666666666666666,-20.4587494106263,1.1033950138684931,-0.07193284082846348,0.6728559028308522,,,,,,,,
D8-K2par-sep_e20_r003,TA(0.15),0.06002024107147008,0.19666666666666666,-2.948291432292191,0.9603450400977742,2.973047092880377,0.9504683916109921,,,,,,,,
D8-K2par-sep_e20_r003,TA(0.25),0.05912179104052484,0.19666666666666666,-2.948291432292191,0.9603450400977742,2.973047092880377,0.9504683916109921,,,,,,,,
D8-K2par-sep_e20_r003,TA(0.40),0.060151439043693244,0.19666666666666666,-2.948291432292191,0.9603450400977742,2.973047092880377,0.9504683916109921,,,,,,,,
D8-K2par-sep_e30_r003,adapt,0.050268867053091526,0.26,-2.939807437835376,0.908304008303502,2.9564763619793513,0.9949329603428495,,,,,,,,
D8-K2par-sep_e30_r003,adaptX,0.05965028703212738,0.26,2.9564763619793513,0.9949329603428495,-2.939807437835376,0.908304008303502,,,,,,,,
D8-K2par-sep_e30_r003,HA50,0.010346889030188322,,3.3751875047415094,0.5634687830391392,-22.154190228778496,1.584086615822113,,,,,,,,
D8-K2par-sep_e30_r003,TA(0.05),0.05244774604216218,0.12333333333333334,-22.154190228778496,1.584086615822113,0.40460803685361046,0.958104339242653,,,,,,,,
D8-K2par-sep_e30_r003,TA(0.10),0.05189292493741959,0.12,0.19957247251901514,0.9328867933832442,21.237785274329582,0.8651387247833577,,,,,,,,
D8-K2par-sep_e30_r003,TA(0.15),0.05192333599552512,0.13,0.30401847447741975,0.9380424617162377,20.932428514441693,0.7412874668730802,,,,,,,,
D8-K2par-sep_e30_r003,TA(0.25),0.05127191497012973,0.26,2.9564763619793513,0.9949329603428495,-2.939807437835376,0.908304008303502,,,,,,,,
D8-K2par-sep_e30_r003,TA(0.40),0.05416232498828322,0.26,2.9564763619793513,0.9949329603428495,-2.939807437835376,0.908304008303502,,,,,,,,
D1-K2cross_e00_r004,adapt,0.05052622302901,0.013333333333333334,0.057984574951784225,-1.5120356633928274,-0.14638605032305546,1.399815048201742,,,,,,,,
D1-K2cross_e00_r004,adaptX,0.05643712799064815,0.013333333333333334,0.05678391658374318,-1.5147565734924393,-0.16190520663138036,1.3964655185109998,,,,,,,,
D1-K2cross_e00_r004,HA50,0.008255027001723647,,0.040861786906683885,-1.529269018795768,-0.1243439393079282,1.4061274065129747,,,,,,,,
D1-K2cross_e00_r004,TA(0.05),0.052826881990768015,0.013333333333333334,-0.1397608954639573,1.3867178881886857,0.0661055985281957,-1.5122406179533596,,,,,,,,
D1-K2cross_e00_r004,TA(0.10),0.05251884495373815,0.013333333333333334,0.05678391658374318,-1.5147565734924393,-0.16264290267355672,1.375474264625346,,,,,,,,
D1-K2cross_e00_r004,TA(0.15),0.052777562057599425,0.013333333333333334,-0.14672742300925587,1.3998001017600847,0.05833307177580234,-1.5120452093925203,,,,,,,,
D1-K2cross_e00_r004,TA(0.25),0.05351695301942527,0.016666666666666666,0.07276006223821799,-1.5123748881658388,-0.18883163409625867,1.3613035136299656,,,,,,,,
D1-K2cross_e00_r004,TA(0.40),0.05297955893911421,0.02,-0.2139489730997888,1.3521906948708897,0.060088375597425005,-1.5151783460945092,,,,,,,,
D1-K2cross_e05_r004,adapt,0.059848758042789996,0.06666666666666667,0.1367240946793775,-1.5663451838899172,-0.034651780348166926,1.5018697673686332,,,,,,,,
D1-K2cross_e05_r004,adaptX,0.06913280196022242,0.06666666666666667,0.004655061930914066,1.5239663495457179,0.129872873527236,-1.5661466299816649,,,,,,,,
D1-K2cross_e05_r004,HA50,0.010705139953643084,,17.73425566144709,4.503022263855431,-1.2600087099473445,0.4920239946471725,,,,,,,,
D1-K2cross_e05_r004,TA(0.05),0.06135509698651731,0.07,0.023434225811656433,1.5372979454550417,0.12779538506471608,-1.5660788128832521,,,,,,,,
D1-K2cross_e05_r004,TA(0.10),0.06119383196346462,0.07,0.03628753799910467,1.542718943762957,0.14483402376616217,-1.5616105633728432,,,,,,,,
D1-K2cross_e05_r004,TA(0.15),0.06171688705217093,0.07,0.1428995708574938,-1.5615412577044876,0.0379935082291547,1.5427932027531586,,,,,,,,
D1-K2cross_e05_r004,TA(0.25),0.06361090100836009,0.07,0.023434225811656433,1.5372979454550417,0.12779538506471608,-1.5660788128832521,,,,,,,,
D1-K2cross_e05_r004,TA(0.40),0.062233797973021865,0.07,0.028317535498408087,1.5374672568366643,0.12251237862888614,-1.5658796957711267,,,,,,,,
D1-K2cross_e10_r004,adapt,0.0513409529812634,0.10666666666666667,0.12936480801755623,1.536986436443905,0.19644214111767347,-1.529838287989629,,,,,,,,
D1-K2cross_e10_r004,adaptX,0.058753663091920316,0.10666666666666667,0.11866739727408337,1.5409633639573703,0.18244724717379526,-1.5252395934572667,,,,,,,,
D1-K2cross_e10_r004,HA50,0.009215636062435806,,-18.647957022655035,5.121073323321098,1.6133054460144487,0.15281421176322404,,,,,,,,
D1-K2cross_e10_r004,TA(0.05),0.05237864889204502,0.06,0.38448585294022797,0.3071131664641295,-19.00228815267407,5.531251024190988,,,,,,,,
D1-K2cross_e10_r004,TA(0.10),0.05360828805714846,0.10666666666666667,0.13712400889273188,1.5361408616335528,0.2025179874210206,-1.531289017494132,,,,,,,,
D1-K2cross_e10_r004,TA(0.15),0.05355050601065159,0.10666666666666667,0.14810591421834035,1.5369159525804288,0.1914893752473103,-1.5309810342844137,,,,,,,,
D1-K2cross_e10_r004,TA(0.25),0.05415553494822234,0.10666666666666667,0.11866739727408337,1.5409633639573703,0.18244724717379526,-1.5252395934572667,,,,,,,,
D1-K2cross_e10_r004,TA(0.40),0.054033659980632365,0.10666666666666667,0.1299342819957242,1.5417132290233002,0.17144150564561797,-1.5249763868296076,,,,,,,,
D1-K2cross_e20_r004,adapt,0.05130571196787059,0.16666666666666666,-0.07403284287943883,1.5242250448037287,-0.008063648447697322,-1.4890215299871425,,,,,,,,
D1-K2cross_e20_r004,adaptX,0.0610673789633438,0.16666666666666666,-0.07403284287943883,1.5242250448037287,-0.008063648447697322,-1.4890215299871425,,,,,,,,
D1-K2cross_e20_r004,HA50,0.010385319008491933,,-21.9905066255456,-0.3106997205096794,1.5222412880336418,-0.48742296551778064,,,,,,,,
D1-K2cross_e20_r004,TA(0.05),0.0526651960099116,0.08,-22.420064038968036,-0.011714199586483894,-0.2661543258083225,-0.0516002090393196,,,,,,,,
D1-K2cross_e20_r004,TA(0.10),0.053415320930071175,0.09666666666666666,-15.928684158552347,-4.109007822636153,0.18319703405559679,-0.49005322526801637,,,,,,,,
D1-K2cross_e20_r004,TA(0.15),0.0523584260372445,0.16666666666666666,-0.07403284287943883,1.5242250448037287,-0.008063648447697322,-1.4890215299871425,,,,,,,,
D1-K2cross_e20_r004,TA(0.25),0.05319465708453208,0.16666666666666666,-0.0031421330871371127,-1.4894727417733635,-0.0695360873662925,1.5241699308917407,,,,,,,,
D1-K2cross_e20_r004,TA(0.40),0.05419529997743666,0.16666666666666666,-0.023994020663814165,-1.4894282305002475,-0.05904755032886243,1.5261123175984603,,,,,,,,
D1-K2cross_e30_r004,adapt,0.05848978098947555,0.3233333333333333,-0.2721739854265821,-1.512791457099368,-0.12480110085703708,1.527273775734374,,,,,,,,
D1-K2cross_e30_r004,adaptX,0.06739511201158166,0.3233333333333333,-0.27081352321767105,-1.5128059369248783,-0.1225856542886022,1.5273124220600998,,,,,,,,
D1-K2cross_e30_r004,HA50,0.013439656002447009,,-4.178806801392645,-0.6582344568075152,23.95311019557997,-0.14385312030566974,,,,,,,,
D1-K2cross_e30_r004,TA(0.05),0.06032838602550328,0.16,23.84231554467058,-0.35836481761777095,-0.27058815980314116,-0.2440082177348578,,,,,,,,
D1-K2cross_e30_r004,TA(0.10),0.05961699108593166,0.16,23.84231554467058,-0.35836481761777095,-0.27058815980314116,-0.2440082177348578,,,,,,,,
D1-K2cross_e30_r004,TA(0.15),0.059245691052637994,0.16,-0.27058815980314116,-0.2440082177348578,23.84231554467058,-0.35836481761777095,,,,,,,,
D1-K2cross_e30_r004,TA(0.25),0.06108351505827159,0.19,0.20565989140688268,-0.8126707299697262,12.224709353949518,6.56015248974817,,,,,,,,
D1-K2cross_e30_r004,TA(0.40),0.062426924938336015,0.3233333333333333,-0.2721739854265821,-1.512791457099368,-0.12480110085703708,1.527273775734374,,,,,,,,
D2-K3par_e00_r004,adapt,0.21148242999333888,0.006666666666666667,3.2055580031263884,1.0744190366718358,-3.120871586403768,0.9413006972541025,0.18089649698313445,1.0459926986925,,,,,,
D2-K3par_e00_r004,adaptX,0.2452480139909312,0.006666666666666667,0.16623438841642915,1.0521281816966506,3.2055580031263884,1.0744190366718358,-3.136814039396336,0.9503102444411475,,,,,,
D2-K3par_e00_r004,HA50,0.018248822074383497,,-3.1809774946414695,0.9819902353828032,3.2340656628929185,1.0674953655582113,0.15164034107854046,1.0577907864376341,,,,,,
D2-K3par_e00_r004,TA(0.05),0.2148242259863764,0.006666666666666667,-3.1251564539627403,0.9063358558526418,3.1733462032397863,1.0750260303697448,0.14940739278373694,1.0221965359906908,,,,,,
D2-K3par_e00_r004,TA(0.10),0.2166581730125472,0.006666666666666667,3.1733462032397863,1.0750260303697448,-3.1251564539627403,0.9063358558526418,0.14940739278373694,1.0221965359906908,,,,,,
D2-K3par_e00_r004,TA(0.15),0.21482489397749305,0.006666666666666667,0.1776534742418408,1.022080152958268,3.2055580031263884,1.0744190366718358,-3.1251564539627403,0.9063358558526418,,,,,,
D2-K3par_e00_r004,TA(0.25),0.21597510296851397,0.006666666666666667,3.23766360273191,1.0840313053330817,0.2234443572677607,1.042585249544332,-3.105699255552581,0.9259700013122658,,,,,,
D2-K3par_e00_r004,TA(0.40),0.21581239998340607,0.006666666666666667,2.9854932340738194,0.9209206876607642,-3.224108988754601,0.9138103452657813,-0.1064767782983242,0.9528548556485357,,,,,,
D2-K3par_e05_r004,adapt,0.23607174097560346,0.043333333333333335,3.146623144523576,1.0147955321779236,-2.98925831776489,1.0301348923842548,0.05457207481382685,1.0604894051036553,,,,,,
D2-K3par_e05_r004,adaptX,0.25443640700541437,0.043333333333333335,3.146623144523576,1.0147955321779236,-2.98925831776489,1.0301348923842548,0.05457207481382685,1.0604894051036553,,,,,,
D2-K3par_e05_r004,HA50,0.020961507922038436,,-0.8893908784135428,0.6058415992739631,16.61183956128971,-4.7108283020363,-5.65361008124141,10.163340688811896,,,,,,
D2-K3par_e05_r004,TA(0.05),0.23960125900339335,0.043333333333333335,3.146623144523576,1.0147955321779236,-3.0038685539982093,1.0306070531152811,0.03812751115191896,1.0620765471876124,,,,,,
D2-K3par_e05_r004,TA(0.10),0.23727690998930484,0.043333333333333335,-2.98925831776489,1.0301348923842548,3.146623144523576,1.0147955321779236,0.05457207481382685,1.0604894051036553,,,,,,
D2-K3par_e05_r004,TA(0.15),0.23921041807625443,0.043333333333333335,3.1800851557183236,1.032866523767218,-2.936129825784043,1.045593559423906,0.14620595010876464,1.0909159580504306,,,,,,
D2-K3par_e05_r004,TA(0.25),0.23725934303365648,0.043333333333333335,3.1113507494559203,1.0050967523310574,0.0031496641253477907,1.0520527827521935,-3.0038685539982093,1.0306070531152811,,,,,,
D2-K3par_e05_r004,TA(0.40),0.23875220399349928,0.043333333333333335,-3.0168778383628543,1.0328028892914791,-0.055315676671462775,1.096732912144524,3.0651861135866527,1.0507771380255584,,,,,,
D2-K3par_e10_r004,adapt,0.2609891089377925,0.08333333333333333,3.1508926719408694,1.0903625514999855,0.1533790759111301,0.8824747553400272,-3.0376012682894347,1.010667394583229,,,,,,
D2-K3par_e10_r004,adaptX,0.2793405189877376,0.08333333333333333,0.1533790759111301,0.8824747553400272,3.1508926719408694,1.0903625514999855,-3.0376012682894347,1.010667394583229,,,,,,
D2-K3par_e10_r004,HA50,0.02313065098132938,,-21.129727463545127,-0.21604399800029256,21.011363661492528,0.5490846299488235,-0.10087814464984407,0.8879882866580301,,,,,,
D2-K3par_e10_r004,TA(0.05),0.26233632199000567,0.04,2.139872151622548,1.0792752304911823,-2.497364261047793,1.0872348210225482,-22.431605297623594,-0.5674431930495889,,,,,,
D2-K3par_e10_r004,TA(0.10),0.26185296406038105,0.08333333333333333,-3.0376012682894347,1.010667394583229,0.1533790759111301,0.8824747553400272,3.1508926719408694,1.0903625514999855,,,,,,
D2-K3par_e10_r004,TA(0.15),0.264568303944543,0.08333333333333333,0.1533790759111301,0.8824747553400272,3.1508926719408694,1.0903625514999855,-3.0376012682894347,1.010667394583229,,,,,,
D2-K3par_e10_r004,TA(0.25),0.2636809900868684,0.08333333333333333,3.0544775020879014,1.0446651842778085,0.035363970889776164,0.7859050507982127,-3.0752078059426116,0.9833192981558712,,,,,,
D2-K3par_e10_r004,TA(0.40),0.2638869179645553,0.08333333333333333,2.9855792799567644,1.0269674367480597,-3.1408591275189375,0.9491660964161606,-0.10517953473371547,0.7419460331486091,,,,,,
D2-K3par_e20_r004,adapt,0.28517930500674993,0.19,3.129322632814729,0.9596045490638831,-3.161290728305737,0.9683289942897615,-0.12936505625389247,0.9804440780782268,,,,,,
D2-K3par_e20_r004,adaptX,0.28642093297094107,0.19,-3.177249147912992,0.9609852141765978,3.129322632814729,0.9596045490638831,-0.14985036042645966,0.97009483370257,,,,,,
D2-K3par_e20_r004,HA50,0.01801235310267657,,-22.69247905138545,0.3911505672358908,20.627505849491197,1.8902019103898535,-0.05656499669046198,0.9179248204646772,,,,,,
D2-K3par_e20_r004,TA(0.05),0.28738599095959216,0.05,0.5128716347663864,1.3271154954329163,20.627505849491197,1.8902019103898535,-12.224298135200906,5.079009640882393,,,,,,
D2-K3par_e20_r004,TA(0.10),0.28691012400668114,0.08333333333333333,2.388439552937101,0.9707379166054549,-2.406209049113362,0.8995345060402625,20.627505849491197,1.8902019103898535,,,,,,
D2-K3par_e20_r004,TA(0.15),0.28636981395538896,0.15,-2.283692564903376,0.7708226946500595,2.4676473211267185,0.8679542838914917,18.325258205647224,12.890464331870493,,,,,,
D2-K3par_e20_r004,TA(0.25),0.28820224304217845,0.19,-3.184959199238157,0.9868800658910314,3.1084039553271205,0.9706442449397591,-0.1709477231330785,1.0107427738120511,,,,,,
D2-K3par_e20_r004,TA(0.40),0.287620309041813,0.19,-0.10734543811785921,0.9769832924429069,-3.161290728305737,0.9683289942897615,3.1493137498146133,0.9557236423692831,,,,,,
D2-K3par_e30_r004,adapt,0.3502685339190066,0.13333333333333333,-2.2102015917230378,0.9703776770973963,2.4286898203108254,1.0194683259108186,-22.798918793682006,1.2058281519789036,,,,,,
D2-K3par_e30_r004,adaptX,0.2663284509908408,0.3,0.13177095709737108,1.1183430380060606,-3.0908498086803444,1.0360879934841212,3.0719124931154784,1.0647443598164446,,,,,,
D2-K3par_e30_r004,HA50,0.014974302030168474,,23.7164655106681,0.6945951902307076,-22.798918793682006,1.2058281519789036,0.1933120989525568,0.8963774135811396,,,,,,
D2-K3par_e30_r004,TA(0.05),0.3522429830627516,0.0033333333333333335,-22.798918793682006,1.2058281519789036,0.1350563706032969,0.9458277335082904,23.7164655106681,0.6945951902307076,,,,,,
D2-K3par_e30_r004,TA(0.10),0.3531725900247693,0.0033333333333333335,-22.798918793682006,1.2058281519789036,0.1350563706032969,0.9458277335082904,23.7164655106681,0.6945951902307076,,,,,,
D2-K3par_e30_r004,TA(0.15),0.3538127130595967,0.13333333333333333,2.2032546775088147,0.9949453768601203,-2.472211748494989,0.9513416776977878,-22.798918793682006,1.2058281519789036,,,,,,
D2-K3par_e30_r004,TA(0.25),0.3521002019988373,0.13333333333333333,-2.472211748494989,0.9513416776977878,-22.798918793682006,1.2058281519789036,2.2032546775088147,0.9949453768601203,,,,,,
D2-K3par_e30_r004,TA(0.40),0.35359116201289,0.3,3.0516600331375843,1.0673993552787946,-3.118505190838444,1.060701610561668,0.08276330628223738,1.1501743780696716,,,,,,
D3-unequal_e00_r004,adapt,0.06365901103708893,0.03333333333333333,0.10862029790198614,1.477256730671876,0.07825589738169798,-1.4738889505995179,,,,,,,,
D3-unequal_e00_r004,adaptX,0.06809763400815427,0.03333333333333333,0.10862029790198614,1.477256730671876,0.07825589738169798,-1.4738889505995179,,,,,,,,
D3-unequal_e00_r004,HA50,0.011549420072697103,,0.07900422604337622,-1.4884789954603774,0.11473637162299903,1.4538040453674221,,,,,,,,
D3-unequal_e00_r004,TA(0.05),0.06694580405019224,0.03333333333333333,0.10862029790198614,1.477256730671876,0.07825589738169798,-1.4738889505995179,,,,,,,,
D3-unequal_e00_r004,TA(0.10),0.0651465819682926,0.03333333333333333,0.12791115937486758,1.4743069031373977,0.05799131610982382,-1.465755743703243,,,,,,,,
D3-unequal_e00_r004,TA(0.15),0.0650545449461788,0.03333333333333333,0.10862029790198614,1.477256730671876,0.06701824319749287,-1.4662889527344452,,,,,,,,
D3-unequal_e00_r004,TA(0.25),0.06918880506418645,0.03333333333333333,0.08972906028622112,1.4728315349397512,0.07855543512437255,-1.473903742435005,,,,,,,,
D3-unequal_e00_r004,TA(0.40),0.06441957189235836,0.21333333333333335,0.8744236209131122,-1.4826788444542287,-0.7664061029829572,-1.5124537886770386,,,,,,,,
D3-unequal_e05_r004,adapt,0.057065173983573914,0.08333333333333333,-0.06956317120142569,1.4468448313518294,-0.026360614253759358,-1.50954913409546,,,,,,,,
D3-unequal_e05_r004,adaptX,0.0648945450084284,0.08333333333333333,-0.06956317120142569,1.4468448313518294,-0.026360614253759358,-1.50954913409546,,,,,,,,
D3-unequal_e05_r004,HA50,0.009361307020299137,,0.8982833685461471,-0.7956229613093936,-21.018215898413224,-6.080685864893336,,,,,,,,
D3-unequal_e05_r004,TA(0.05),0.05896925798151642,0.08,-0.06956317120142569,1.4468448313518294,-0.04066686634746457,-1.5170118337803722,,,,,,,,
D3-unequal_e05_r004,TA(0.10),0.05914488201960921,0.08333333333333333,-0.06956317120142569,1.4468448313518294,-0.026360614253759358,-1.50954913409546,,,,,,,,
D3-unequal_e05_r004,TA(0.15),0.05944410199299455,0.08333333333333333,-0.026360614253759358,-1.50954913409546,-0.06956317120142569,1.4468448313518294,,,,,,,,
D3-unequal_e05_r004,TA(0.25),0.05934923398308456,0.08333333333333333,-0.02228212099308022,-1.5090647469264036,-0.04068742180844455,1.4289243470429414,,,,,,,,
D3-unequal_e05_r004,TA(0.40),0.057888387935236096,0.25,0.826550774864995,-1.4839597337419599,-0.9242592001716141,-1.4827923683503863,,,,,,,,
D3-unequal_e10_r004,adapt,0.06385206594131887,0.13,-0.06466056719676316,1.5861096103211718,0.060103521382416786,-1.5060980943124311,,,,,,,,
D3-unequal_e10_r004,adaptX,0.07298990793060511,0.13,-0.06466056719676316,1.5861096103211718,0.060103521382416786,-1.5060980943124311,,,,,,,,
D3-unequal_e10_r004,HA50,0.0136102510150522,,-1.3858115459207858,-0.6295007115846608,23.315458644360064,-0.6100898310200041,,,,,,,,
D3-unequal_e10_r004,TA(0.05),0.06669398001395166,0.12,0.0472134603996675,-0.9140544070515086,23.315458644360064,-0.6100898310200041,,,,,,,,
D3-unequal_e10_r004,TA(0.10),0.06712603801861405,0.17333333333333334,-6.996803919895801,4.68518473840528,0.006460694884563353,-1.4503386325525744,,,,,,,,
D3-unequal_e10_r004,TA(0.15),0.06606572202872485,0.13,0.060103521382416786,-1.5060980943124311,-0.06466056719676316,1.5861096103211718,,,,,,,,
D3-unequal_e10_r004,TA(0.25),0.06562932906672359,0.13,0.0396442440273725,-1.5137918030559716,-0.10358282045525975,1.5644293604694244,,,,,,,,
D3-unequal_e10_r004,TA(0.40),0.06562552903778851,0.26,1.005959771888448,-1.3544876163085047,-0.9026675454433113,-1.3380415323104817,,,,,,,,
D3-unequal_e20_r004,adapt,0.06669127405621111,0.18,-0.07205181784364251,-1.5801047905374865,-0.0456000291733355,1.493610792744787,,,,,,,,
D3-unequal_e20_r004,adaptX,0.06783602095674723,0.18,-0.07205181784364251,-1.5801047905374865,-0.0456000291733355,1.493610792744787,,,,,,,,
D3-unequal_e20_r004,HA50,0.013417698908597231,,22.46664496651652,0.8699264122728875,-2.553468217510254,-0.7650222846718558,,,,,,,,
D3-unequal_e20_r004,TA(0.05),0.06877624406479299,0.13666666666666666,-0.20567322516181014,-1.0205936800196407,-22.89291248444682,-0.8837424899848637,,,,,,,,
D3-unequal_e20_r004,TA(0.10),0.0691377220209688,0.09666666666666666,-0.3507730695336129,-0.7213488573212393,23.112467801605312,1.4321568325410032,,,,,,,,
D3-unequal_e20_r004,TA(0.15),0.068745061988011,0.17666666666666667,-18.411338691953404,-5.037515627389024,-0.10284343364405805,-1.4538300963002013,,,,,,,,
D3-unequal_e20_r004,TA(0.25),0.06784389296080917,0.18,-0.07205181784364251,-1.5801047905374865,-0.0456000291733355,1.493610792744787,,,,,,,,
D3-unequal_e20_r004,TA(0.40),0.06774549803230911,0.18,-0.06979604334193025,-1.5799924454767813,-0.0415130278060986,1.4945617290448707,,,,,,,,
D3-unequal_e30_r004,adapt,0.06529502698685974,0.29,0.005784364435264022,-1.533153220827208,-0.07770010765906359,1.4823298830049525,,,,,,,,
D3-unequal_e30_r004,adaptX,0.06389960297383368,0.29,-0.0736544305785971,1.4824396520269718,0.007822362996994,-1.5329893721594867,,,,,,,,
D3-unequal_e30_r004,HA50,0.01011230202857405,,3.0198987207375017,-0.5865769484786129,-22.635837825013564,-0.482395182340517,,,,,,,,
D3-unequal_e30_r004,TA(0.05),0.0673665429931134,0.11333333333333333,-22.635837825013564,-0.482395182340517,0.09724078709256108,-0.5835046793529954,,,,,,,,
D3-unequal_e30_r004,TA(0.10),0.06617584300693125,0.11333333333333333,0.09724078709256108,-0.5835046793529954,-22.635837825013564,-0.482395182340517,,,,,,,,
D3-unequal_e30_r004,TA(0.15),0.06778053496964276,0.11333333333333333,-22.635837825013564,-0.482395182340517,0.09724078709256108,-0.5835046793529954,,,,,,,,
D3-unequal_e30_r004,TA(0.25),0.06596215802710503,0.19333333333333333,-22.635837825013564,-0.482395182340517,0.22100935237408914,-1.2090077128218282,,,,,,,,
D3-unequal_e30_r004,TA(0.40),0.06623455497901887,0.29,-0.0736544305785971,1.4824396520269718,0.007822362996994,-1.5329893721594867,,,,,,,,
D4-hetero_e00_r004,adapt,0.05092924798373133,0.03333333333333333,0.07903912814162325,1.4970544055384676,0.11599920537850127,-1.5010778298908434,,,,,,,,
D4-hetero_e00_r004,adaptX,0.05873104592319578,0.03333333333333333,0.09081612884784329,1.5004273486292796,0.13688158681324847,-1.4978095765838637,,,,,,,,
D4-hetero_e00_r004,HA50,0.00915387598797679,,0.15491802854436357,-1.4922583950207062,0.034905748619450484,1.553031502275608,,,,,,,,
D4-hetero_e00_r004,TA(0.05),0.053084912011399865,0.03333333333333333,0.07174578286419415,1.4966144687349752,0.11986232605713727,-1.5010879167422162,,,,,,,,
D4-hetero_e00_r004,TA(0.10),0.053508192067965865,0.03333333333333333,0.11545471387978283,-1.501022697751957,0.08113956430443323,1.4971776604373932,,,,,,,,
D4-hetero_e00_r004,TA(0.15),0.052313041989691556,0.03333333333333333,0.07769751660771906,1.4969264489166112,0.11439466483001318,-1.5011977047861667,,,,,,,,
D4-hetero_e00_r004,TA(0.25),0.05386243399698287,0.03333333333333333,0.10268523402988902,1.500892817442392,0.10884272696379478,-1.5009458138466532,,,,,,,,
D4-hetero_e00_r004,TA(0.40),0.05257367400918156,0.03333333333333333,0.07012678297841125,1.511597885164386,0.11648638707591794,-1.5009735448606054,,,,,,,,
D4-hetero_e05_r004,adapt,0.05345230991952121,0.1,-0.05448213819940289,-1.4708278452487913,0.1363438828635649,1.5327625506985922,,,,,,,,
D4-hetero_e05_r004,adaptX,0.05896140297409147,0.09666666666666666,-0.05448213819940289,-1.4708278452487913,0.1630736325943993,1.5497022189211591,,,,,,,,
D4-hetero_e05_r004,HA50,0.009078072966076434,,-9.811974023669228,-10.559954629006905,-0.1613071598004137,-0.08529530261951862,,,,,,,,
D4-hetero_e05_r004,TA(0.05),0.05517636705189943,0.09,0.05384930298893201,1.5416120375547084,-0.04536159465067486,-1.471917572503052,,,,,,,,
D4-hetero_e05_r004,TA(0.10),0.05470729595981538,0.1,-0.057898919989537695,-1.4708742472738368,0.13285143429306626,1.5323431186352936,,,,,,,,
D4-hetero_e05_r004,TA(0.15),0.05500760499853641,0.1,0.11216716672630576,1.5394440560427582,-0.05348705938646355,-1.471248047737764,,,,,,,,
D4-hetero_e05_r004,TA(0.25),0.05552076594904065,0.09333333333333334,-0.057898919989537695,-1.4708742472738368,0.11368753838453519,1.5230077252960266,,,,,,,,
D4-hetero_e05_r004,TA(0.40),0.054314229055307806,0.09333333333333334,-0.057898919989537695,-1.4708742472738368,0.11368753838453519,1.5230077252960266,,,,,,,,
D4-hetero_e10_r004,adapt,0.062139956979081035,0.09333333333333334,-0.06710958236477924,1.5910066013126152,0.014168188285393513,-1.4704796693259743,,,,,,,,
D4-hetero_e10_r004,adaptX,0.06999515602365136,0.09333333333333334,-0.0708160053290623,1.5910860881128557,0.016679739262563675,-1.4705014870703095,,,,,,,,
D4-hetero_e10_r004,HA50,0.014707492082379758,,0.7537882608671576,-0.4015384985782643,-22.889594444748315,0.6270465863693219,,,,,,,,
D4-hetero_e10_r004,TA(0.05),0.06380936305504292,0.06,-17.195556993525138,4.9710349981627875,0.34868239104023235,-0.03729508391020859,,,,,,,,
D4-hetero_e10_r004,TA(0.10),0.06505587790161371,0.09333333333333334,0.014168188285393513,-1.4704796693259743,-0.06710958236477924,1.5910066013126152,,,,,,,,
D4-hetero_e10_r004,TA(0.15),0.06352589302696288,0.09333333333333334,-0.06710958236477924,1.5910066013126152,0.014168188285393513,-1.4704796693259743,,,,,,,,
D4-hetero_e10_r004,TA(0.25),0.06480087200179696,0.09333333333333334,-0.06710958236477924,1.5910066013126152,0.014168188285393513,-1.4704796693259743,,,,,,,,
D4-hetero_e10_r004,TA(0.40),0.06457218097057194,0.09333333333333334,0.016679739262563675,-1.4705014870703095,-0.0708160053290623,1.5910860881128557,,,,,,,,
D4-hetero_e20_r004,adapt,0.06066037202253938,0.17333333333333334,-0.019924400144623607,-1.5113077545155527,0.2290172267586593,1.6361844436813733,,,,,,,,
D4-hetero_e20_r004,adaptX,0.06996940600220114,0.17333333333333334,-0.019924400144623607,-1.5113077545155527,0.2290172267586593,1.6361844436813733,,,,,,,,
D4-hetero_e20_r004,HA50,0.01296383305452764,,-20.840527856376596,-1.149450050375241,1.9193872162761392,-0.21908253044538648,,,,,,,,
D4-hetero_e20_r004,TA(0.05),0.0627528210170567,0.07,-20.840527856376596,-1.149450050375241,0.18032776506682338,-0.054190984848557666,,,,,,,,
D4-hetero_e20_r004,TA(0.10),0.061675505014136434,0.07,-20.840527856376596,-1.149450050375241,0.18032776506682338,-0.054190984848557666,,,,,,,,
D4-hetero_e20_r004,TA(0.15),0.06140328897163272,0.17333333333333334,-0.019924400144623607,-1.5113077545155527,0.2290172267586593,1.6361844436813733,,,,,,,,
D4-hetero_e20_r004,TA(0.25),0.06289749895222485,0.17333333333333334,0.2332337558611903,1.6358699211334964,-0.02341784654982146,-1.511267020681031,,,,,,,,
D4-hetero_e20_r004,TA(0.40),0.06251286796759814,0.18,0.0015160002566876676,-1.5231027512253168,0.23329502584670717,1.6358658686357004,,,,,,,,
D4-hetero_e30_r004,adapt,0.06000113196205348,0.30666666666666664,0.10201573903646219,1.4665690784243237,0.015436921099162759,-1.4586684329717976,,,,,,,,
D4-hetero_e30_r004,adaptX,0.06802153494209051,0.30666666666666664,0.10201573903646219,1.4665690784243237,0.015436921099162759,-1.4586684329717976,,,,,,,,
D4-hetero_e30_r004,HA50,0.013656448922120035,,-4.018125709063561,-0.6056685502544257,22.686176544865305,0.7087599781172672,,,,,,,,
D4-hetero_e30_r004,TA(0.05),0.06137444300111383,0.15,22.973574674178337,0.5791097840982773,-0.12893629320440017,-0.2698509975472029,,,,,,,,
D4-hetero_e30_r004,TA(0.10),0.06127515796106309,0.15,22.973574674178337,0.5791097840982773,-0.12893629320440017,-0.2698509975472029,,,,,,,,
D4-hetero_e30_r004,TA(0.15),0.0631344789871946,0.15,-0.12893629320440017,-0.2698509975472029,22.973574674178337,0.5791097840982773,,,,,,,,
D4-hetero_e30_r004,TA(0.25),0.062496416037902236,0.15,22.65591087327094,0.29329706950029316,-0.1652476102363884,-0.30206426981200885,,,,,,,,
D4-hetero_e30_r004,TA(0.40),0.06293487304355949,0.30666666666666664,0.015436921099162759,-1.4586684329717976,0.10201573903646219,1.4665690784243237,,,,,,,,
D5-leverage_e00_r004,adapt,0.06122628494631499,0.006666666666666667,0.01270954139935416,-1.5180091104082034,0.05627192749012667,1.4968320135772777,,,,,,,,
D5-leverage_e00_r004,adaptX,0.06745478906668723,0.01,0.05824340544439082,-1.5022159245843236,0.08338497946931188,1.5067797110502053,,,,,,,,
D5-leverage_e00_r004,HA50,0.012457742006517947,,0.07505751411775329,1.5206686779240837,0.0406201723360621,-1.508170200822427,,,,,,,,
D5-leverage_e00_r004,TA(0.05),0.0631587200332433,0.013333333333333334,0.07559199604655635,-1.4882275806349379,0.08158035489630441,1.5068319073942167,,,,,,,,
D5-leverage_e00_r004,TA(0.10),0.06331799505278468,0.01,0.05699643401841217,-1.502255699041528,0.08197015232091516,1.5067659172465226,,,,,,,,
D5-leverage_e00_r004,TA(0.15),0.06382519495673478,0.006666666666666667,0.08019878632413517,1.506817727752628,0.042891888660689534,-1.5081856976712655,,,,,,,,
D5-leverage_e00_r004,TA(0.25),0.06268431700300425,0.013333333333333334,0.07375111767336913,-1.4882311595326645,0.08338497946931188,1.5067797110502053,,,,,,,,
D5-leverage_e00_r004,TA(0.40),0.06460670894011855,0.013333333333333334,0.06607201612144396,1.5108878176348244,0.054112301126204965,-1.484650040737875,,,,,,,,
D5-leverage_e05_r004,adapt,0.05072935996577144,0.056666666666666664,0.051663483320805406,-1.518488244658983,0.06741991236760579,1.4433600892950067,,,,,,,,
D5-leverage_e05_r004,adaptX,0.05642782396171242,0.056666666666666664,0.04672821191736614,-1.5180467701612834,0.07220922132010492,1.4434505877200674,,,,,,,,
D5-leverage_e05_r004,HA50,0.00886674807406962,,0.2280776988107695,-0.9488383648871196,-0.1226904691157921,1.3147132207880659,,,,,,,,
D5-leverage_e05_r004,TA(0.05),0.053003030945546925,0.056666666666666664,0.051663483320805406,-1.518488244658983,0.06741991236760579,1.4433600892950067,,,,,,,,
D5-leverage_e05_r004,TA(0.10),0.05153400299604982,0.056666666666666664,0.051663483320805406,-1.518488244658983,0.06741991236760579,1.4433600892950067,,,,,,,,
D5-leverage_e05_r004,TA(0.15),0.052469728980213404,0.056666666666666664,0.04672821191736614,-1.5180467701612834,0.07220922132010492,1.4434505877200674,,,,,,,,
D5-leverage_e05_r004,TA(0.25),0.05221052304841578,0.056666666666666664,0.04752818610353626,-1.5178706985359132,0.06381529013258297,1.443521847205849,,,,,,,,
D5-leverage_e05_r004,TA(0.40),0.05299126205500215,0.056666666666666664,0.07421698588204204,1.4436856001733558,0.03671024577059378,-1.5168904957531557,,,,,,,,
D5-leverage_e10_r004,adapt,0.05725122895091772,0.006666666666666667,2.337592719389556,-0.040328234633271905,-2.411292976400983,0.15447788986239958,,,,,,,,
D5-leverage_e10_r004,adaptX,0.0592122309608385,0.13,-0.06653253332990172,-1.4763485729764003,0.046654023206662405,1.5068329561543539,,,,,,,,
D5-leverage_e10_r004,HA50,0.012237519025802612,,-2.359964483205509,0.13909312932895687,2.432377399516456,-0.04455136718574629,,,,,,,,
D5-leverage_e10_r004,TA(0.05),0.058490337105467916,0.006666666666666667,2.3418542248095076,-0.03170856264185129,-2.404797016518382,0.16112427541896454,,,,,,,,
D5-leverage_e10_r004,TA(0.10),0.061321991961449385,0.006666666666666667,2.415351325261771,-0.043897187819733924,-2.3296708511095328,0.15160379099618612,,,,,,,,
D5-leverage_e10_r004,TA(0.15),0.06077218009158969,0.13,0.054072104585964925,1.5049768745097667,-0.0570695962656714,-1.4781485699087824,,,,,,,,
D5-leverage_e10_r004,TA(0.25),0.060025330050848424,0.13,-0.04832831880786472,-1.4776396531636937,0.04705718217157242,1.505105134728824,,,,,,,,
D5-leverage_e10_r004,TA(0.40),0.05922154104337096,0.13,0.03661002436673074,1.5082545711227084,-0.0570695962656714,-1.4781485699087824,,,,,,,,
D5-leverage_e20_r004,adapt,0.05895303504075855,0.0033333333333333335,-2.447004988699034,0.09015531171185191,2.0632029042679507,-0.09661254328065508,,,,,,,,
D5-leverage_e20_r004,adaptX,0.06667337100952864,0.19,-0.007110627590228358,-1.5187074258352198,-0.011481688049686882,1.4844845793202124,,,,,,,,
D5-leverage_e20_r004,HA50,0.00988330296240747,,2.084866098033993,-0.0928885032900874,-2.447004988699034,0.09015531171185191,,,,,,,,
D5-leverage_e20_r004,TA(0.05),0.0604455879656598,0.01,2.0632029042679507,-0.09661254328065508,-2.4065022280362887,0.09483943661124693,,,,,,,,
D5-leverage_e20_r004,TA(0.10),0.061918008024804294,0.01,-2.388650898751433,0.09307002774771365,2.0807081535356744,-0.09864026975690243,,,,,,,,
D5-leverage_e20_r004,TA(0.15),0.06129996699746698,0.01,2.0807081535356744,-0.09864026975690243,-2.388650898751433,0.09307002774771365,,,,,,,,
D5-leverage_e20_r004,TA(0.25),0.06079157895874232,0.03333333333333333,1.8434111391248962,-0.4110403970056531,-2.1549170491177327,0.43143602055412966,,,,,,,,
D5-leverage_e20_r004,TA(0.40),0.05980198795441538,0.03333333333333333,1.8640447218680103,-0.41427738975974343,-2.1114936701881883,0.4290744674294867,,,,,,,,
D5-leverage_e30_r004,adapt,0.051862878957763314,0.0033333333333333335,-2.1459218265197557,0.051810583794903976,2.3394015234086103,-0.10479024533590145,,,,,,,,
D5-leverage_e30_r004,adaptX,0.06317227799445391,0.09333333333333334,2.3675563151239056,-0.10873089803535456,-2.115287775881643,-0.03866315314164844,,,,,,,,
D5-leverage_e30_r004,HA50,0.009266382083296776,,2.1061492944725986,-0.08989487631499891,-2.348218323735933,0.05303464220952945,,,,,,,,
D5-leverage_e30_r004,TA(0.05),0.053823887021280825,0.0033333333333333335,2.3394015234086103,-0.10479024533590145,-2.1459218265197557,0.051810583794903976,,,,,,,,
D5-leverage_e30_r004,TA(0.10),0.052820059936493635,0.0033333333333333335,2.3394015234086103,-0.10479024533590145,-2.1459218265197557,0.051810583794903976,,,,,,,,
D5-leverage_e30_r004,TA(0.15),0.052653891034424305,0.0033333333333333335,-2.12344246500265,0.043241052208145316,2.369984804520892,-0.11333250842321832,,,,,,,,
D5-leverage_e30_r004,TA(0.25),0.054177285986952484,0.0033333333333333335,-2.0839887984894743,0.00853860122356583,2.3697312015424417,-0.13292816559609905,,,,,,,,
D5-leverage_e30_r004,TA(0.40),0.0530794559745118,0.30666666666666664,-0.06942010419354239,-1.5193588811597918,-0.06657762813037992,1.4790372479073446,,,,,,,,
D6-uniform_e00_r004,adapt,0.0551345240091905,0.0033333333333333335,-0.043883345348037305,1.5742411600248105,-0.08829502822350406,-1.576152284327922,,,,,,,,
D6-uniform_e00_r004,adaptX,0.06744376209098846,0.0033333333333333335,-0.08829502822350406,-1.576152284327922,-0.043883345348037305,1.5742411600248105,,,,,,,,
D6-uniform_e00_r004,HA50,0.011693660053424537,,-0.1014158767007841,-1.5616268860772429,-0.043883345348037305,1.5742411600248105,,,,,,,,
D6-uniform_e00_r004,TA(0.05),0.056105794035829604,0.0033333333333333335,-0.043883345348037305,1.5742411600248105,-0.08829502822350406,-1.576152284327922,,,,,,,,
D6-uniform_e00_r004,TA(0.10),0.05697790696285665,0.0033333333333333335,-0.043883345348037305,1.5742411600248105,-0.08829502822350406,-1.576152284327922,,,,,,,,
D6-uniform_e00_r004,TA(0.15),0.05716877698432654,0.0033333333333333335,-0.09915758422915784,-1.5803042994235657,-0.05459103738343595,1.5712403683449436,,,,,,,,
D6-uniform_e00_r004,TA(0.25),0.05891971604432911,0.0033333333333333335,-0.09915758422915784,-1.5803042994235657,-0.05459103738343595,1.5712403683449436,,,,,,,,
D6-uniform_e00_r004,TA(0.40),0.05636206199415028,0.0033333333333333335,-0.08829502822350406,-1.576152284327922,-0.043883345348037305,1.5742411600248105,,,,,,,,
D6-uniform_e05_r004,adapt,0.05113353196065873,0.06,-0.21173756875116645,-1.5748059035599757,-0.16359974719594764,1.4980416863534896,,,,,,,,
D6-uniform_e05_r004,adaptX,0.055374933988787234,0.06,-0.19603360327369682,-1.5805415595494259,-0.15076882546262305,1.492456526382122,,,,,,,,
D6-uniform_e05_r004,HA50,0.009489667951129377,,-0.3311389892309071,-1.6785017302111316,0.04753813595033861,1.5526693331557189,,,,,,,,
D6-uniform_e05_r004,TA(0.05),0.05286878196056932,0.06,-0.21173756875116645,-1.5748059035599757,-0.16359974719594764,1.4980416863534896,,,,,,,,
D6-uniform_e05_r004,TA(0.10),0.053516624961048365,0.06,-0.19856778996488403,-1.5747910118950887,-0.17425985234355815,1.4980811562355252,,,,,,,,
D6-uniform_e05_r004,TA(0.15),0.05361274094320834,0.06,-0.19856778996488403,-1.5747910118950887,-0.17425985234355815,1.4980811562355252,,,,,,,,
D6-uniform_e05_r004,TA(0.25),0.052243932033888996,0.06,-0.21173756875116645,-1.5748059035599757,-0.16359974719594764,1.4980416863534896,,,,,,,,
D6-uniform_e05_r004,TA(0.40),0.051900418009608984,0.06,-0.12304165075935418,1.4795775075816342,-0.19603360327369682,-1.5805415595494259,,,,,,,,
D6-uniform_e10_r004,adapt,0.053095811046659946,0.12,0.026165570676970184,-1.5712734418166312,0.01868447915627729,1.460493436571274,,,,,,,,
D6-uniform_e10_r004,adaptX,0.05616046895738691,0.12,-0.003559227694729686,-1.597165517360345,0.01868447915627729,1.460493436571274,,,,,,,,
D6-uniform_e10_r004,HA50,0.009104544064030051,,-0.10883759495823248,-1.679100400202522,0.11013874889972022,1.650157511242389,,,,,,,,
D6-uniform_e10_r004,TA(0.05),0.05404214293230325,0.11666666666666667,0.0018502869768046199,1.447127503717307,0.026165570676970184,-1.5712734418166312,,,,,,,,
D6-uniform_e10_r004,TA(0.10),0.05535159702412784,0.12,0.01868447915627729,1.460493436571274,0.026165570676970184,-1.5712734418166312,,,,,,,,
D6-uniform_e10_r004,TA(0.15),0.053692959947511554,0.11333333333333333,0.05265536703183964,-1.5814665639923333,0.01935828012167297,1.460474437376577,,,,,,,,
D6-uniform_e10_r004,TA(0.25),0.05466926307417452,0.12,0.02284159036497865,1.4600700302350356,0.03052481574475242,-1.5714578176728862,,,,,,,,
D6-uniform_e10_r004,TA(0.40),0.05506854096893221,0.11666666666666667,0.056606041736907996,-1.5816659255932388,0.02284159036497865,1.4600700302350356,,,,,,,,
D6-uniform_e20_r004,adapt,0.06068363995291293,0.0,-2.8755539328278523,-0.26304734382808215,2.971822145230106,-0.2455348927202483,,,,,,,,
D6-uniform_e20_r004,adaptX,0.06489155697636306,0.16,-0.009010008598841697,1.564442512443022,0.1950919534546729,-1.7924945461957662,,,,,,,,
D6-uniform_e20_r004,HA50,0.011308821034617722,,-2.8755539328278523,-0.26304734382808215,2.971822145230106,-0.2455348927202483,,,,,,,,
D6-uniform_e20_r004,TA(0.05),0.062189246993511915,0.0,-2.968041653327303,-0.2796146272124521,2.8659767962797273,-0.25229936553118765,,,,,,,,
D6-uniform_e20_r004,TA(0.10),0.06132207589689642,0.0,2.6684940372794235,-0.12526613310628473,-3.1187973951796866,-0.192946068542216,,,,,,,,
D6-uniform_e20_r004,TA(0.15),0.06419716903474182,0.16,0.08668045613525811,1.622315886051276,0.324609338404436,-1.742395527394951,,,,,,,,
D6-uniform_e20_r004,TA(0.25),0.06258210493251681,0.17,0.0993266809606553,-1.7699003790711032,-0.06339038482770461,1.5246462247256654,,,,,,,,
D6-uniform_e20_r004,TA(0.40),0.06147486297413707,0.16,0.23859969457677663,-1.7513070882124018,-0.025619190000980292,1.5576635935104677,,,,,,,,
D6-uniform_e30_r004,adapt,0.05689319490920752,0.16,0.00624182710799765,1.2564985146384247,-0.24260790840793248,-1.912429383957262,,,,,,,,
D6-uniform_e30_r004,adaptX,0.0680074030533433,0.18666666666666668,-0.016798008018910862,-1.7900591650740079,-0.1270728192223692,1.369512977175053,,,,,,,,
D6-uniform_e30_r004,HA50,0.013915988034568727,,3.099902999810159,-0.07975307202549022,-3.6877541103066447,-0.13044407961006801,,,,,,,,
D6-uniform_e30_r004,TA(0.05),0.05953537893947214,0.0,-3.743879765262551,-0.22180454714905035,3.0265875915821585,-0.16133474999499597,,,,,,,,
D6-uniform_e30_r004,TA(0.10),0.057915678014978766,0.16333333333333333,-0.18862329435192693,-1.884485230294734,0.05215886626562985,1.3492632775272153,,,,,,,,
D6-uniform_e30_r004,TA(0.15),0.05843985907267779,0.15,-0.3352615645106896,-1.9346467727859487,0.013609990601002875,1.255995639825598,,,,,,,,
D6-uniform_e30_r004,TA(0.25),0.06059179897420108,0.18333333333333332,0.010582624574763754,-1.776481081426019,-0.09108938107151689,1.37799567044048,,,,,,,,
D6-uniform_e30_r004,TA(0.40),0.059931254014372826,0.18333333333333332,-0.21673582409462253,1.44548557994354,-0.07563453923958709,-1.815759724924771,,,,,,,,
D7-p3_e00_r004,adapt,0.24174544296693057,0.016666666666666666,-0.05495607630767389,-1.4775935544888426,1.0547842118588049,1.082945390465086,0.004914147825049445,1.5453875576806684,1.022385751386253,0.9198807966319769,,,,
D7-p3_e00_r004,adaptX,1.8428122439654544,0.016666666666666666,-0.06393332807822115,-1.4743670936437194,1.0332771853161853,1.0912463272518258,-0.0010311399909274947,1.551072474806848,1.0359801733069356,0.9323299913501143,,,,
D7-p3_e00_r004,HA50,0.014755028998479247,,-0.04109545992445057,1.5291882357825093,0.9647448890877148,0.9719663553817023,-0.04631358736520128,-1.4655966227145025,1.074297100154266,1.056267376864374,,,,
D7-p3_e00_r004,TA(0.05),0.24247373000252992,0.02,-0.054285188163013455,-1.4648843590776208,1.07022498938941,1.0585203513146901,0.010186827027706333,1.557497885772081,1.0152000735858835,0.9439011150338231,,,,
D7-p3_e00_r004,TA(0.10),0.24522995902225375,0.03,-0.06718775257651383,-1.4591616371759806,1.0616814902737264,1.0791832536203023,0.08692977015709515,1.5641134123456004,1.0342517752450622,0.9546938691862392,,,,
D7-p3_e00_r004,TA(0.15),0.24484532803762704,0.023333333333333334,0.025243105538074604,1.55564606569793,1.0187910597755554,0.9406491761473604,-0.07078270822177087,-1.478324031231053,1.0619958493581652,1.0670697915781875,,,,
D7-p3_e00_r004,TA(0.25),0.243298013927415,0.016666666666666666,-0.10270247352209909,-1.4896786633255934,1.0696030740596887,1.0479916542135452,0.0150569980819051,1.5503730703565957,1.0073065094161322,0.9573859058560966,,,,
D7-p3_e00_r004,TA(0.40),0.24263642297592014,0.016666666666666666,0.042172505666153125,1.561419573060232,0.9988361298096561,0.9524403615781566,-0.11205647332597124,-1.4899396315458673,1.0762109467502023,1.043544267495606,,,,
D7-p3_e05_r004,adapt,0.21719466906506568,0.07,0.05316995727931949,-1.4282994145429793,1.0622555471205453,1.0124587981695414,-0.033281935549994625,1.5246994839428119,0.9875265321494769,0.994296528043848,,,,
D7-p3_e05_r004,adaptX,1.9814124490367249,0.06,0.04337647332846908,-1.4376395629463183,1.084496268987045,1.0039090008101164,0.023418385554707703,1.5431259867501312,0.9892161478314389,1.0278424483635795,,,,
D7-p3_e05_r004,HA50,0.017138930037617683,,11.076553586580825,0.15118071208256217,14.838025966110743,-0.8598110745945924,0.2569476123583354,0.0694916580570146,0.9597702549488942,1.0068492272010132,,,,
D7-p3_e05_r004,TA(0.05),0.21879116306081414,0.06,0.03288883703191878,1.5361628001020613,1.001219573696859,1.0134861213753663,0.05680991626624946,-1.4427720428927528,1.0963944520850828,0.992952347752313,,,,
D7-p3_e05_r004,TA(0.10),0.2189212969969958,0.06333333333333334,-0.031044920158597344,1.5266836596673918,1.0020821770046056,1.0037675950712195,0.073091164542666,-1.4337130090618553,1.0760972184693394,1.0097965252499008,,,,
D7-p3_e05_r004,TA(0.15),0.22088437294587493,0.06333333333333334,0.0781840348836403,-1.4391009501659509,1.0870522076414626,1.0094556247007167,-0.012728056951828713,1.5198768325707395,1.0110517088511515,0.9769217447720828,,,,
D7-p3_e05_r004,TA(0.25),0.2178887490881607,0.07,-0.08001675945316762,1.5244637458053787,0.9764756448507542,0.9767786761205222,0.05176819545566301,-1.4251139871901761,1.0482823818398124,1.0314369349934283,,,,
D7-p3_e05_r004,TA(0.40),0.22191325400490314,0.06333333333333334,-0.04589151400993469,1.518695852291621,1.0197496366879446,0.9654034044231063,0.06923297010378412,-1.4388062116271003,1.0827640532491187,1.0171763686813902,,,,
D7-p3_e10_r004,adapt,0.23371878208126873,0.11333333333333333,0.18100008944147628,1.529959664587835,1.0616546758298113,1.0208318548363624,-0.004685861646530901,-1.4855785461506406,1.01267082173392,1.009181727033851,,,,
D7-p3_e10_r004,adaptX,2.30438160803169,0.11333333333333333,-0.004685861646530901,-1.4855785461506406,1.01267082173392,1.009181727033851,0.18100008944147628,1.529959664587835,1.0616546758298113,1.0208318548363624,,,,
D7-p3_e10_r004,HA50,0.013948810053989291,,-0.8003346828742821,0.21756320628434117,1.1218518317513508,0.9881768723608584,23.284946492883044,0.18546123113626953,0.982635666879069,1.7477284653863692,,,,
D7-p3_e10_r004,TA(0.05),0.23685875802766532,0.05,22.862544848668584,-1.2990674143982814,0.5494278776025735,1.2888249769841458,0.2333536397968742,-0.07462492353467025,1.1151092633805726,1.197877537824961,,,,
D7-p3_e10_r004,TA(0.10),0.23616420407779515,0.11333333333333333,-0.004685861646530901,-1.4855785461506406,1.01267082173392,1.009181727033851,0.18100008944147628,1.529959664587835,1.0616546758298113,1.0208318548363624,,,,
D7-p3_e10_r004,TA(0.15),0.23441503196954727,0.11333333333333333,-0.004685861646530901,-1.4855785461506406,1.01267082173392,1.009181727033851,0.18100008944147628,1.529959664587835,1.0616546758298113,1.0208318548363624,,,,
D7-p3_e10_r004,TA(0.25),0.2351120610255748,0.11333333333333333,0.17026565202077518,1.5338282599134565,1.057511181833872,1.0178294771152954,-0.0162919124100913,-1.4836525078443519,1.0077481887520932,1.0087993040641885,,,,
D7-p3_e10_r004,TA(0.40),0.23501360102090985,0.11333333333333333,0.14566794820839213,1.5472923427373668,1.0663186414474413,1.0264196683248694,-0.0162919124100913,-1.4836525078443519,1.0077481887520932,1.0087993040641885,,,,
D7-p3_e20_r004,adapt,0.24694715498480946,0.2,-0.12634045947116915,1.4953431153120729,1.001149364452776,0.9680069010802468,-0.030510394858304143,-1.5319644527983867,1.0619406906451554,1.0814215603039,,,,
D7-p3_e20_r004,adaptX,2.0707612450933084,0.2,-0.033215604880046226,-1.528727458057953,1.062939568081302,1.0863173089754645,-0.09898319688486681,1.5007741316265704,1.0221148358683239,0.9699786250050997,,,,
D7-p3_e20_r004,HA50,0.014086941024288535,,-0.9078259769520183,0.18364174679093562,1.211669763611883,2.0725363762499343,3.215908007568935,-1.707113861827692,-2.9706242731377612,-11.697117016397529,,,,
D7-p3_e20_r004,TA(0.05),0.2492279679281637,0.09666666666666666,-0.026481038824593066,-0.1680841869397258,1.0977989019116499,1.200762902106895,3.080520306831008,-2.938302426346321,-4.507768319146089,-13.344388951285584,,,,
D7-p3_e20_r004,TA(0.10),0.24975742597598583,0.11,19.265207832842684,1.333301826319188,-1.1981156050216855,-1.5394581117248989,-0.08207975222294125,-0.05203142721937196,1.004105337924231,1.1152032238077627,,,,
D7-p3_e20_r004,TA(0.15),0.24899181502405554,0.13666666666666666,5.957903771218108,3.4459497023285737,2.676132489425852,-5.957216713921664,-0.22800754852667568,-0.2714360613365838,1.0130394086933439,1.1131141998134333,,,,
D7-p3_e20_r004,TA(0.25),0.24914726405404508,0.2,-0.03312764746774937,-1.5287078909409895,1.0629228554530712,1.0863963667397158,-0.09814907849195965,1.5008162412327677,1.0218054790992104,0.970957421782395,,,,
D7-p3_e20_r004,TA(0.40),0.24979628704022616,0.2,-0.033215604880046226,-1.528727458057953,1.062939568081302,1.0863173089754645,-0.09898319688486681,1.5007741316265704,1.0221148358683239,0.9699786250050997,,,,
D7-p3_e30_r004,adapt,0.25283424800727516,0.28,0.17854681189848484,-1.398727363085833,0.9942243975247032,0.9742710765956735,0.06005124819611916,1.495571344231904,1.0051399559512657,0.9066423614819011,,,,
D7-p3_e30_r004,adaptX,2.016042432980612,0.28,0.06005124819611916,1.495571344231904,1.0051399559512657,0.9066423614819011,0.17854681189848484,-1.398727363085833,0.9942243975247032,0.9742710765956735,,,,
D7-p3_e30_r004,HA50,0.013686405960470438,,-22.63977595442326,0.1801523243987812,0.3024022186911658,1.3953514967667848,3.8392514204234054,0.3232219702866511,0.9365838472645114,0.8678266613663154,,,,
D7-p3_e30_r004,TA(0.05),0.2535700179869309,0.13,20.714158947379996,-0.34483585208861794,1.3369655388939405,0.4313184887317657,0.3372146675259543,-0.008489177655360731,1.033668338361207,0.8852395243537282,,,,
D7-p3_e30_r004,TA(0.10),0.2552700429223478,0.13,20.714158947379996,-0.34483585208861794,1.3369655388939405,0.4313184887317657,0.3372146675259543,-0.008489177655360731,1.033668338361207,0.8852395243537282,,,,
D7-p3_e30_r004,TA(0.15),0.2555988159729168,0.13,20.714158947379996,-0.34483585208861794,1.3369655388939405,0.4313184887317657,0.3372146675259543,-0.008489177655360731,1.033668338361207,0.8852395243537282,,,,
D7-p3_e30_r004,TA(0.25),0.25593725498765707,0.28,0.0435098991949623,1.497486978289246,0.9871396165647179,0.8850409676374144,0.165827426086402,-1.3976221358726877,0.9757930327789238,0.9562850070949677,,,,
D7-p3_e30_r004,TA(0.40),0.2558611569693312,0.28,0.15758701779080492,-1.3957667913336889,0.976044147880442,0.9731413020884925,0.03189665626504207,1.502321567281891,0.987294208276386,0.9064492938322721,,,,
D8-K2par-sep_e00_r004,adapt,0.050483960076235235,0.016666666666666666,-3.0017943843049144,1.031962930579769,2.9992055692281716,1.0056478798057913,,,,,,,,
D8-K2par-sep_e00_r004,adaptX,0.06177319004200399,0.016666666666666666,-3.0017943843049144,1.031962930579769,2.9992055692281716,1.0056478798057913,,,,,,,,
D8-K2par-sep_e00_r004,HA50,0.008719788049347699,,3.0395094370523967,1.0217123652344364,-3.033584716480267,1.0192584459547425,,,,,,,,
D8-K2par-sep_e00_r004,TA(0.05),0.052526421030052006,0.016666666666666666,-3.0017943843049144,1.031962930579769,2.9992055692281716,1.0056478798057913,,,,,,,,
D8-K2par-sep_e00_r004,TA(0.10),0.052092405036091805,0.02,3.0182921820099753,1.0121056163453923,-3.0017943843049144,1.031962930579769,,,,,,,,
D8-K2par-sep_e00_r004,TA(0.15),0.05126351094804704,0.02,-3.0017943843049144,1.031962930579769,3.0182921820099753,1.0121056163453923,,,,,,,,
D8-K2par-sep_e00_r004,TA(0.25),0.051136274938471615,0.02,-3.0017943843049144,1.031962930579769,3.0182921820099753,1.0121056163453923,,,,,,,,
D8-K2par-sep_e00_r004,TA(0.40),0.051342707010917366,0.016666666666666666,-3.0017943843049144,1.031962930579769,2.9992055692281716,1.0056478798057913,,,,,,,,
D8-K2par-sep_e05_r004,adapt,0.05112028191797435,0.07,-3.035587089589321,1.033661527841417,2.8944597986133807,1.115213467291693,,,,,,,,
D8-K2par-sep_e05_r004,adaptX,0.05544769298285246,0.07,2.8944597986133807,1.115213467291693,-3.017268755864301,1.0228942705647568,,,,,,,,
D8-K2par-sep_e05_r004,HA50,0.011345737031660974,,24.74649623186361,0.8183872617395069,-0.4804560113470926,1.1903986932846884,,,,,,,,
D8-K2par-sep_e05_r004,TA(0.05),0.053368538967333734,0.07,-3.035587089589321,1.033661527841417,2.8944597986133807,1.115213467291693,,,,,,,,
D8-K2par-sep_e05_r004,TA(0.10),0.05346027703490108,0.07,2.8944597986133807,1.115213467291693,-3.035587089589321,1.033661527841417,,,,,,,,
D8-K2par-sep_e05_r004,TA(0.15),0.05448175501078367,0.07,-3.017268755864301,1.0228942705647568,2.8944597986133807,1.115213467291693,,,,,,,,
D8-K2par-sep_e05_r004,TA(0.25),0.05470265995245427,0.07,2.8944597986133807,1.115213467291693,-3.017268755864301,1.0228942705647568,,,,,,,,
D8-K2par-sep_e05_r004,TA(0.40),0.05396357201971114,0.07,-3.017268755864301,1.0228942705647568,2.8944597986133807,1.115213467291693,,,,,,,,
D8-K2par-sep_e10_r004,adapt,0.06118523306213319,0.11333333333333333,3.073985108494968,0.9947818528411967,-2.945344285376308,0.9153276378381477,,,,,,,,
D8-K2par-sep_e10_r004,adaptX,0.06090013508219272,0.11333333333333333,3.073985108494968,0.9947818528411967,-2.945344285376308,0.9153276378381477,,,,,,,,
D8-K2par-sep_e10_r004,HA50,0.014018404996022582,,-1.1697236272059828,0.8356824699537242,21.381080701605672,0.024905434043524736,,,,,,,,
D8-K2par-sep_e10_r004,TA(0.05),0.06268763495609164,0.05,21.381080701605672,0.024905434043524736,0.01917852852507698,0.9404712765528653,,,,,,,,
D8-K2par-sep_e10_r004,TA(0.10),0.06320815498474985,0.11333333333333333,-2.945344285376308,0.9153276378381477,3.073985108494968,0.9947818528411967,,,,,,,,
D8-K2par-sep_e10_r004,TA(0.15),0.06258386501576751,0.11333333333333333,-2.945344285376308,0.9153276378381477,3.073985108494968,0.9947818528411967,,,,,,,,
D8-K2par-sep_e10_r004,TA(0.25),0.06431745400186628,0.11333333333333333,-2.945344285376308,0.9153276378381477,3.073985108494968,0.9947818528411967,,,,,,,,
D8-K2par-sep_e10_r004,TA(0.40),0.0646345519926399,0.11333333333333333,3.073985108494968,0.9947818528411967,-2.945344285376308,0.9153276378381477,,,,,,,,
D8-K2par-sep_e20_r004,adapt,0.060818464029580355,0.20333333333333334,-3.0016780614399927,1.0796250037222141,3.001267383168201,1.0204076909484692,,,,,,,,
D8-K2par-sep_e20_r004,adaptX,0.06800722307525575,0.20333333333333334,3.001267383168201,1.0204076909484692,-3.0016780614399927,1.0796250037222141,,,,,,,,
D8-K2par-sep_e20_r004,HA50,0.013382663950324059,,2.533439893304527,1.1066585945504448,-23.221078724433195,0.2800387913504314,,,,,,,,
D8-K2par-sep_e20_r004,TA(0.05),0.0633586139883846,0.09666666666666666,-23.221078724433195,0.2800387913504314,0.11343471449222718,1.0620600335655719,,,,,,,,
D8-K2par-sep_e20_r004,TA(0.10),0.06288117193616927,0.09666666666666666,0.11343471449222718,1.0620600335655719,-23.221078724433195,0.2800387913504314,,,,,,,,
D8-K2par-sep_e20_r004,TA(0.15),0.06218535592779517,0.14333333333333334,-0.1229455321339219,0.7968802226910441,-10.390159391729652,6.993601731982401,,,,,,,,
D8-K2par-sep_e20_r004,TA(0.25),0.06279976293444633,0.20333333333333334,3.001267383168201,1.0204076909484692,-3.0016780614399927,1.0796250037222141,,,,,,,,
D8-K2par-sep_e20_r004,TA(0.40),0.06195653905160725,0.20333333333333334,-3.0016780614399927,1.0796250037222141,3.001267383168201,1.0204076909484692,,,,,,,,
D8-K2par-sep_e30_r004,adapt,0.05158197903074324,0.26666666666666666,-2.833894228736095,1.017263528283841,3.15324571921067,1.0127917594568574,,,,,,,,
D8-K2par-sep_e30_r004,adaptX,0.059216885012574494,0.26666666666666666,3.15324571921067,1.0127917594568574,-2.833894228736095,1.017263528283841,,,,,,,,
D8-K2par-sep_e30_r004,HA50,0.011021089041605592,,-3.0225599053099943,1.2384378254963573,22.50527613287005,0.9472272598318311,,,,,,,,
D8-K2par-sep_e30_r004,TA(0.05),0.05391456698998809,0.10666666666666667,22.783172628106264,1.0308721416969715,0.05736067759993456,1.3155511273956177,,,,,,,,
D8-K2par-sep_e30_r004,TA(0.10),0.05391975899692625,0.10666666666666667,22.783172628106264,1.0308721416969715,0.05736067759993456,1.3155511273956177,,,,,,,,
D8-K2par-sep_e30_r004,TA(0.15),0.05270573601592332,0.10666666666666667,0.05736067759993456,1.3155511273956177,22.783172628106264,1.0308721416969715,,,,,,,,
D8-K2par-sep_e30_r004,TA(0.25),0.0528160200919956,0.26666666666666666,-2.833894228736095,1.017263528283841,3.15324571921067,1.0127917594568574,,,,,,,,
D8-K2par-sep_e30_r004,TA(0.40),0.054624535026960075,0.26666666666666666,-2.833894228736095,1.017263528283841,3.15324571921067,1.0127917594568574,,,,,,,,
D1-K2cross_e00_r005,adapt,0.05067477002739906,0.043333333333333335,-0.0918246537622459,1.5116971284294318,-0.03624454028638659,-1.4008895783563244,,,,,,,,
D1-K2cross_e00_r005,adaptX,0.0577176499646157,0.043333333333333335,-0.05272970702434027,-1.4139639521319989,-0.09367841813391604,1.511876139624128,,,,,,,,
D1-K2cross_e00_r005,HA50,0.008839937974698842,,-0.06955185251248126,1.5501873180952919,-0.1336570998128231,-1.4575728198287266,,,,,,,,
D1-K2cross_e00_r005,TA(0.05),0.05261579202488065,0.043333333333333335,-0.03624454028638659,-1.4008895783563244,-0.0918246537622459,1.5116971284294318,,,,,,,,
D1-K2cross_e00_r005,TA(0.10),0.051919312914833426,0.043333333333333335,-0.03624454028638659,-1.4008895783563244,-0.0918246537622459,1.5116971284294318,,,,,,,,
D1-K2cross_e00_r005,TA(0.15),0.05248240602668375,0.043333333333333335,-0.0918246537622459,1.5116971284294318,-0.03624454028638659,-1.4008895783563244,,,,,,,,
D1-K2cross_e00_r005,TA(0.25),0.05306260904762894,0.043333333333333335,-0.07639038049094178,1.5044208360668565,-0.022443039119621443,-1.41149685740452,,,,,,,,
D1-K2cross_e00_r005,TA(0.40),0.05180481495335698,0.043333333333333335,-0.03624454028638659,-1.4008895783563244,-0.0918246537622459,1.5116971284294318,,,,,,,,
D1-K2cross_e05_r005,adapt,0.05132441606838256,0.07333333333333333,0.11020204592800091,-1.5738517635985667,0.1928747654583436,1.4893052512265923,,,,,,,,
D1-K2cross_e05_r005,adaptX,0.056861186982132494,0.07333333333333333,0.1928747654583436,1.4893052512265923,0.11020204592800091,-1.5738517635985667,,,,,,,,
D1-K2cross_e05_r005,HA50,0.009078214061446488,,-17.354799795968,4.007219976528003,1.4404658696562216,0.2362814304740786,,,,,,,,
D1-K2cross_e05_r005,TA(0.05),0.05333623301703483,0.08,-10.130192530443976,-6.027655160972434,-0.3262395841006704,0.7903340669146043,,,,,,,,
D1-K2cross_e05_r005,TA(0.10),0.05273645604029298,0.07333333333333333,0.11020204592800091,-1.5738517635985667,0.1928747654583436,1.4893052512265923,,,,,,,,
D1-K2cross_e05_r005,TA(0.15),0.052807689062319696,0.07333333333333333,0.11020204592800091,-1.5738517635985667,0.1928747654583436,1.4893052512265923,,,,,,,,
D1-K2cross_e05_r005,TA(0.25),0.053111945977434516,0.07333333333333333,0.1928747654583436,1.4893052512265923,0.11020204592800091,-1.5738517635985667,,,,,,,,
D1-K2cross_e05_r005,TA(0.40),0.052308273036032915,0.07333333333333333,0.14983796210412878,-1.5767476846828934,0.23114453649163408,1.4912816748858229,,,,,,,,
D1-K2cross_e10_r005,adapt,0.07222205703146756,0.09333333333333334,-0.03871256464917055,1.4753533184161458,0.08451982022763865,-1.5365393033745127,,,,,,,,
D1-K2cross_e10_r005,adaptX,0.07263828499708325,0.09333333333333334,-0.03871256464917055,1.4753533184161458,0.08451982022763865,-1.5365393033745127,,,,,,,,
D1-K2cross_e10_r005,HA50,0.013191233039833605,,22.764526712071746,1.7587522378268794,-0.9889510148293051,-0.27725161588528696,,,,,,,,
D1-K2cross_e10_r005,TA(0.05),0.07494128902908415,0.06333333333333334,0.3956888136461202,-0.7026350014858884,13.158119422326982,7.137232225204903,,,,,,,,
D1-K2cross_e10_r005,TA(0.10),0.07439308194443583,0.09333333333333334,-0.03871256464917055,1.4753533184161458,0.08451982022763865,-1.5365393033745127,,,,,,,,
D1-K2cross_e10_r005,TA(0.15),0.07401849899906665,0.09333333333333334,-0.04179912744791381,1.4750494394152713,0.08737509248618366,-1.5367231731059592,,,,,,,,
D1-K2cross_e10_r005,TA(0.25),0.07328183192294091,0.09333333333333334,0.08737509248618366,-1.5367231731059592,-0.04179912744791381,1.4750494394152713,,,,,,,,
D1-K2cross_e10_r005,TA(0.40),0.07545464893337339,0.09333333333333334,-0.058365027802585,1.4733157760132094,0.10305334870743067,-1.5376448001096819,,,,,,,,
D1-K2cross_e20_r005,adapt,0.06938710703980178,0.2,0.19156917167799023,1.5072264436519909,-0.039078737280237454,-1.5401381028691434,,,,,,,,
D1-K2cross_e20_r005,adaptX,0.05871354602277279,0.2,0.19156917167799023,1.5072264436519909,-0.039078737280237454,-1.5401381028691434,,,,,,,,
D1-K2cross_e20_r005,HA50,0.00972925394307822,,2.270572797003702,-0.16136957500510787,-22.47611852560534,-0.1388137629251653,,,,,,,,
D1-K2cross_e20_r005,TA(0.05),0.07153806497808546,0.07333333333333333,-22.47611852560534,-0.1388137629251653,0.3709623121952764,0.14075569386589978,,,,,,,,
D1-K2cross_e20_r005,TA(0.10),0.07271366997156292,0.07333333333333333,-22.47611852560534,-0.1388137629251653,0.3709623121952764,0.14075569386589978,,,,,,,,
D1-K2cross_e20_r005,TA(0.15),0.0708042720798403,0.14333333333333334,-0.5915404801044158,0.8907715180107539,-9.060732766459202,-5.703362111253513,,,,,,,,
D1-K2cross_e20_r005,TA(0.25),0.0703539369860664,0.2,-0.0440984975180458,-1.5405160200945651,0.19670166146582949,1.5068631841444822,,,,,,,,
D1-K2cross_e20_r005,TA(0.40),0.07173996395431459,0.2,0.2088018283757144,1.5031647450027792,-0.03426135180097758,-1.5430895818628079,,,,,,,,
D1-K2cross_e30_r005,adapt,0.0555841070599854,0.25333333333333335,-0.11137184410576043,-1.4942938547758389,-0.1984793174440645,1.4569784817946343,,,,,,,,
D1-K2cross_e30_r005,adaptX,0.06016168696805835,0.25333333333333335,-0.14996186477899331,1.4560590812346739,-0.15215028335602973,-1.4941478901039085,,,,,,,,
D1-K2cross_e30_r005,HA50,0.010468604043126106,,-3.0070040756081924,-0.7246195741836869,24.44974710381861,0.18555305679607054,,,,,,,,
D1-K2cross_e30_r005,TA(0.05),0.05647112103179097,0.12666666666666668,-0.1179850848344168,-0.31111040318418,24.976697961103408,-0.23037412384988423,,,,,,,,
D1-K2cross_e30_r005,TA(0.10),0.058961302042007446,0.12666666666666668,24.976697961103408,-0.23037412384988423,-0.1179850848344168,-0.31111040318418,,,,,,,,
D1-K2cross_e30_r005,TA(0.15),0.05839231901336461,0.13,24.767839092795953,-0.03549224550226459,-0.1179850848344168,-0.31111040318418,,,,,,,,
D1-K2cross_e30_r005,TA(0.25),0.057142574922181666,0.25333333333333335,-0.15215028335602973,-1.4941478901039085,-0.14996186477899331,1.4560590812346739,,,,,,,,
D1-K2cross_e30_r005,TA(0.40),0.05832199100404978,0.25333333333333335,-0.14568430048861772,-1.495277373420569,-0.14187840190888706,1.454256319318069,,,,,,,,
D2-K3par_e00_r005,adapt,0.23363398609217256,0.0033333333333333335,0.16384442122380186,0.9106990883767656,-3.0143051078409626,1.044653326261168,3.0428529921336454,0.9907927395499558,,,,,,
D2-K3par_e00_r005,adaptX,0.23961707099806517,0.006666666666666667,0.14397947145268977,0.8929028863726418,-2.9998728319176178,1.071356700353907,3.04521153706665,0.9687964428282845,,,,,,
D2-K3par_e00_r005,HA50,0.02361284103244543,,3.020352775060949,0.9597321961943999,0.019970595643355946,0.9392063042370716,-3.0889776950584267,1.0722346177336812,,,,,,
D2-K3par_e00_r005,TA(0.05),0.23514078196603805,0.006666666666666667,0.10155795853787201,0.9246320096577232,-3.000162746059566,1.079232106432895,2.9963619843752265,1.0011784967459347,,,,,,
D2-K3par_e00_r005,TA(0.10),0.2349869819590822,0.006666666666666667,2.9963619843752265,1.0011784967459347,-2.9375200590944375,1.0847249645690102,0.11859741216815063,0.9163018971111734,,,,,,
D2-K3par_e00_r005,TA(0.15),0.23654450208414346,0.006666666666666667,2.981599702364252,0.9967590540686673,-2.9855360236443893,1.0713743363095345,0.10219141714027082,0.9112896771310645,,,,,,
D2-K3par_e00_r005,TA(0.25),0.2365904760081321,0.006666666666666667,2.981599702364252,0.9967590540686673,0.10219141714027082,0.9112896771310645,-2.9375200590944375,1.0847249645690102,,,,,,
D2-K3par_e00_r005,TA(0.40),0.23549789295066148,0.006666666666666667,0.088219074976619,0.9183955705783002,-2.9375200590944375,1.0847249645690102,2.965467428788424,1.0068929332877927,,,,,,
D2-K3par_e05_r005,adapt,0.23687624000012875,0.04,-0.002932390218380768,0.9223507628137919,-3.073259220375916,0.8947570737883616,3.2388247890757818,1.0021636402663625,,,,,,
D2-K3par_e05_r005,adaptX,0.24489270302001387,0.04,-3.0556428300757843,0.9118243704120504,0.059086701715570525,0.9601402643041946,3.2861195610539444,1.0294954257795061,,,,,,
D2-K3par_e05_r005,HA50,0.018698644009418786,,-20.385254261838636,1.3802988221766677,3.2636091138061607,1.211042922002373,-1.9310375046437995,1.1640872216558413,,,,,,
D2-K3par_e05_r005,TA(0.05),0.23850884498097003,0.04,3.2388247890757818,1.0021636402663625,-3.073259220375916,0.8947570737883616,-0.002932390218380768,0.9223507628137919,,,,,,
D2-K3par_e05_r005,TA(0.10),0.24007199495099485,0.04,-3.0556428300757843,0.9118243704120504,3.2665783442368137,1.0305741060072457,0.04265513740347804,0.9599561222404065,,,,,,
D2-K3par_e05_r005,TA(0.15),0.24059973296243697,0.04,0.059086701715570525,0.9601402643041946,-3.0556428300757843,0.9118243704120504,3.2861195610539444,1.0294954257795061,,,,,,
D2-K3par_e05_r005,TA(0.25),0.23876904090866446,0.04666666666666667,-0.6606402490227289,1.4175906672172682,-3.3245927788816583,1.1292391081802002,2.6653907661316683,1.4661862070119318,,,,,,
D2-K3par_e05_r005,TA(0.40),0.241572959930636,0.04666666666666667,-3.3245927788816583,1.1292391081802002,-0.6606402490227289,1.4175906672172682,2.6653907661316683,1.4661862070119318,,,,,,
D2-K3par_e10_r005,adapt,0.24710633303038776,0.10666666666666667,-0.11754975913687309,0.8443640057137274,-3.1586600578130777,0.8994514724577252,2.84972055736365,1.004972749094745,,,,,,
D2-K3par_e10_r005,adaptX,0.15525825798977166,0.10666666666666667,-3.1586600578130777,0.8994514724577252,2.9449974727030828,0.9974966418667713,-0.018527610609268937,0.8277349129629202,,,,,,
D2-K3par_e10_r005,HA50,0.01441187597811222,,-22.518855525075015,-0.5416016766589963,22.07926409188338,0.26837368304274356,0.051938771075692766,0.8702980801029166,,,,,,
D2-K3par_e10_r005,TA(0.05),0.24959755595773458,0.04666666666666667,-22.518855525075015,-0.5416016766589963,2.0662159744288218,0.9471693471289667,-2.4063096302793836,0.9763039572345036,,,,,,
D2-K3par_e10_r005,TA(0.10),0.249941936112009,0.1,2.504307801004133,1.1539010943927297,-1.4469903420468775,1.5030505015360507,-7.0024597429551125,2.9399503871909842,,,,,,
D2-K3par_e10_r005,TA(0.15),0.24894569697789848,0.10666666666666667,-0.11754975913687309,0.8443640057137274,-3.1586600578130777,0.8994514724577252,2.84972055736365,1.004972749094745,,,,,,
D2-K3par_e10_r005,TA(0.25),0.248188536032103,0.10666666666666667,-0.16199311728599425,0.8314394315902148,2.81786506134411,1.0005485404798005,-3.173609058825584,0.8880561389344976,,,,,,
D2-K3par_e10_r005,TA(0.40),0.24821272189728916,0.10666666666666667,-3.1586600578130777,0.8994514724577252,-0.032047663684430336,0.818067410540261,2.928270693647327,0.9866972219422717,,,,,,
D2-K3par_e20_r005,adapt,0.27309666899964213,0.23,-2.9349069785098263,1.0206692264902255,0.34001613634097105,1.093124592623174,3.3815662012014056,1.0836076868278341,,,,,,
D2-K3par_e20_r005,adaptX,0.2100540929241106,0.23,-2.954864125583217,1.0318493187594424,3.3815662012014056,1.0836076868278341,0.32308919057353047,1.1067662035496633,,,,,,
D2-K3par_e20_r005,HA50,0.008527813013643026,,-22.69747110512552,1.8671297232906157,-0.18454162549394165,0.848396830388483,22.428347117606354,1.0934621944234966,,,,,,
D2-K3par_e20_r005,TA(0.05),0.2739004340255633,0.0,-0.18454162549394165,0.848396830388483,22.428347117606354,1.0934621944234966,-22.69747110512552,1.8671297232906157,,,,,,
D2-K3par_e20_r005,TA(0.10),0.27486290701199323,0.07666666666666666,9.4851454977432,6.21187634749032,-23.089913868099558,1.5355781730018743,-0.08132714411220357,0.6534355095660722,,,,,,
D2-K3par_e20_r005,TA(0.15),0.2750638290308416,0.12,2.2951059785869066,1.0008612328726068,-22.69747110512552,1.8671297232906157,-2.303852822197917,0.9277293469662606,,,,,,
D2-K3par_e20_r005,TA(0.25),0.2750111090717837,0.23,-2.954864125583217,1.0318493187594424,3.3815662012014056,1.0836076868278341,0.32308919057353047,1.1067662035496633,,,,,,
D2-K3par_e20_r005,TA(0.40),0.2753132600337267,0.23,-2.9844069933921893,1.0025329993310417,3.303533391499117,1.0825272134118218,0.21423117329466498,1.0544046371051004,,,,,,
D2-K3par_e30_r005,adapt,0.3582185129635036,0.12666666666666668,4.120323292454088,-7.922743126880691,-0.5511910270319158,1.4141223216342371,14.821225209528734,6.219301472558129,,,,,,
D2-K3par_e30_r005,adaptX,0.2963421889580786,0.27666666666666667,-3.16497293088458,0.911910899048751,3.0068666650221054,1.020132231501962,0.04877833226851549,0.947477749558376,,,,,,
D2-K3par_e30_r005,HA50,0.018893246073275805,,0.05423589252544023,1.0410897846913119,21.67324091910125,1.0528932095575383,-22.23165102261489,0.8993618728338071,,,,,,
D2-K3par_e30_r005,TA(0.05),0.36026030394714326,0.0,-22.23165102261489,0.8993618728338071,0.05423589252544023,1.0410897846913119,21.67324091910125,1.0528932095575383,,,,,,
D2-K3par_e30_r005,TA(0.10),0.36045350204221904,0.0,-22.23165102261489,0.8993618728338071,0.05423589252544023,1.0410897846913119,21.67324091910125,1.0528932095575383,,,,,,
D2-K3par_e30_r005,TA(0.15),0.36224206106271595,0.13,2.119759604743834,1.2258917655291144,-2.1053934342555274,1.204151080166293,-22.23165102261489,0.8993618728338071,,,,,,
D2-K3par_e30_r005,TA(0.25),0.3596591600216925,0.13,-2.0880585606100013,1.2116420120141116,-22.23165102261489,0.8993618728338071,2.1403408764187053,1.2369961299194085,,,,,,
D2-K3par_e30_r005,TA(0.40),0.3599639299791306,0.27666666666666667,0.2007801108149777,0.8035502128512126,-3.0662259057092287,0.7202519580134691,3.079571947159133,0.9867428382852378,,,,,,
D3-unequal_e00_r005,adapt,0.053840336040593684,0.016666666666666666,-0.02386672781683106,-1.5437696427924585,-0.015834248266208977,1.5095228299501484,,,,,,,,
D3-unequal_e00_r005,adaptX,0.06040356296580285,0.013333333333333334,0.016907632201913807,1.4921533315672986,-0.019516996492883576,-1.5444510472488866,,,,,,,,
D3-unequal_e00_r005,HA50,0.009828823036514223,,0.013281190569586387,-1.5534911207491462,0.02870092991558487,1.4973370874895664,,,,,,,,
D3-unequal_e00_r005,TA(0.05),0.054972719051875174,0.013333333333333334,-0.019516996492883576,-1.5444510472488866,0.015062390496737159,1.5117458264110801,,,,,,,,
D3-unequal_e00_r005,TA(0.10),0.05595193000044674,0.013333333333333334,0.016907632201913807,1.4921533315672986,-0.019516996492883576,-1.5444510472488866,,,,,,,,
D3-unequal_e00_r005,TA(0.15),0.055201873066835105,0.016666666666666666,-0.015834248266208977,1.5095228299501484,-0.02386672781683106,-1.5437696427924585,,,,,,,,
D3-unequal_e00_r005,TA(0.25),0.0558303619036451,0.17,1.0332780314120968,-1.3457175395303296,-0.8186789990341222,-1.4599104166782606,,,,,,,,
D3-unequal_e00_r005,TA(0.40),0.05751172499731183,0.2,-0.8879143193281948,-1.5264898646420972,0.7220746473046038,-1.4367089911245434,,,,,,,,
D3-unequal_e05_r005,adapt,0.05963827401865274,0.07666666666666666,-0.01843780405708588,-1.5643231829170856,0.16961540121599455,1.513492581057468,,,,,,,,
D3-unequal_e05_r005,adaptX,0.06440136104356498,0.07666666666666666,0.16961540121599455,1.513492581057468,-0.01843780405708588,-1.5643231829170856,,,,,,,,
D3-unequal_e05_r005,HA50,0.010368027025833726,,1.1318375712723232,-0.8999021689756859,-15.482938247038684,-4.167061650334935,,,,,,,,
D3-unequal_e05_r005,TA(0.05),0.06111538899131119,0.15666666666666668,-14.268878703144486,-4.545562565111556,0.03664418465978336,-1.489457867851329,,,,,,,,
D3-unequal_e05_r005,TA(0.10),0.060872830101288855,0.08333333333333333,0.19529107520097508,1.4899063218899724,-0.01843780405708588,-1.5643231829170856,,,,,,,,
D3-unequal_e05_r005,TA(0.15),0.06211939104832709,0.07333333333333333,-0.01843780405708588,-1.5643231829170856,0.17108594726888787,1.539631193281012,,,,,,,,
D3-unequal_e05_r005,TA(0.25),0.06271078495774418,0.24666666666666667,0.8211713870682895,-1.5780495524321103,-0.8550200561162556,-1.4785840577147666,,,,,,,,
D3-unequal_e05_r005,TA(0.40),0.06113510299474001,0.24666666666666667,0.826409653328426,-1.5498972331638037,-0.8474343085115269,-1.4508671477564297,,,,,,,,
D3-unequal_e10_r005,adapt,0.05903452297206968,0.10333333333333333,-0.015609576934913912,1.5603904756403768,0.027809818430020054,-1.5147468088663298,,,,,,,,
D3-unequal_e10_r005,adaptX,0.06412114901468158,0.10333333333333333,-0.015609576934913912,1.5603904756403768,0.027809818430020054,-1.5147468088663298,,,,,,,,
D3-unequal_e10_r005,HA50,0.00953774992376566,,0.667145264789362,-0.5055413413282509,-21.477025980403244,-0.27012198125205245,,,,,,,,
D3-unequal_e10_r005,TA(0.05),0.06033942196518183,0.15666666666666668,0.10753970229090956,-1.0895041446264364,-21.909617453444305,0.06782232506630682,,,,,,,,
D3-unequal_e10_r005,TA(0.10),0.059988770983181894,0.10333333333333333,0.030642496368443975,-1.5152333595829839,-0.00953041059239247,1.5590976591893688,,,,,,,,
D3-unequal_e10_r005,TA(0.15),0.061193019966594875,0.10333333333333333,0.027809818430020054,-1.5147468088663298,-0.015609576934913912,1.5603904756403768,,,,,,,,
D3-unequal_e10_r005,TA(0.25),0.06200104299932718,0.10333333333333333,0.033994544940160555,-1.5150052203564142,-0.002744554012943921,1.5594284111876706,,,,,,,,
D3-unequal_e10_r005,TA(0.40),0.06126135203521699,0.27,0.7990622750590753,-1.4432010634495658,-0.8427924858036936,-1.4476350517654437,,,,,,,,
D3-unequal_e20_r005,adapt,0.06242482108063996,0.17666666666666667,0.025325620457229442,-1.509518344403258,0.026065179365429153,1.4499863190985458,,,,,,,,
D3-unequal_e20_r005,adaptX,0.07431015197653323,0.17666666666666667,0.026065179365429153,1.4499863190985458,0.00859312787073403,-1.497767753528024,,,,,,,,
D3-unequal_e20_r005,HA50,0.013282075989991426,,2.084991397461642,-0.4938155717182256,-22.248470002176553,-0.6900703867998879,,,,,,,,
D3-unequal_e20_r005,TA(0.05),0.06457582709845155,0.09333333333333334,22.765829607637748,-0.873589889778838,0.0897288137014903,-0.5277408134120877,,,,,,,,
D3-unequal_e20_r005,TA(0.10),0.06461494695395231,0.1,23.485152949238568,-0.49842656119659057,0.0897288137014903,-0.5277408134120877,,,,,,,,
D3-unequal_e20_r005,TA(0.15),0.06364932493306696,0.19333333333333333,-0.002416942299056662,-1.2375119634003293,17.176888244377793,-5.160037619870362,,,,,,,,
D3-unequal_e20_r005,TA(0.25),0.06344177294522524,0.17666666666666667,0.025325620457229442,-1.509518344403258,0.026065179365429153,1.4499863190985458,,,,,,,,
D3-unequal_e20_r005,TA(0.40),0.06609095504973084,0.17666666666666667,-0.007426290781553715,-1.5102880911064058,0.026065179365429153,1.4499863190985458,,,,,,,,
D3-unequal_e30_r005,adapt,0.06043518101796508,0.28,-0.00919549587361559,-1.5305319219441627,0.0051115789766291,1.4514560459358101,,,,,,,,
D3-unequal_e30_r005,adaptX,0.06675348698627204,0.28,-0.00919549587361559,-1.5305319219441627,0.0051115789766291,1.4514560459358101,,,,,,,,
D3-unequal_e30_r005,HA50,0.011409054975956678,,-3.913247882114341,-0.9616646226835477,22.194742366116177,-0.38565173174425676,,,,,,,,
D3-unequal_e30_r005,TA(0.05),0.062351027969270945,0.15,-0.3101426162082892,-0.8279635092281871,22.194742366116177,-0.38565173174425676,,,,,,,,
D3-unequal_e30_r005,TA(0.10),0.06201623403467238,0.15,22.194742366116177,-0.38565173174425676,-0.27852500600738844,-0.8555595110461387,,,,,,,,
D3-unequal_e30_r005,TA(0.15),0.0625915969721973,0.15,22.194742366116177,-0.38565173174425676,-0.27852500600738844,-0.8555595110461387,,,,,,,,
D3-unequal_e30_r005,TA(0.25),0.06318365107290447,0.19,0.07068712432478494,-1.4679671583613443,11.806388444862229,7.518022644483399,,,,,,,,
D3-unequal_e30_r005,TA(0.40),0.06248219998087734,0.38,-0.7114037264079717,-1.5143143721105723,1.1925242745755906,-1.2541747028639803,,,,,,,,
D4-hetero_e00_r005,adapt,0.05435684300027788,0.03333333333333333,-0.0010378571130294782,-1.510330103526469,-0.00748621269045389,1.6616496102065392,,,,,,,,
D4-hetero_e00_r005,adaptX,0.06001512997318059,0.03333333333333333,-0.0010378571130294782,-1.510330103526469,-0.00748621269045389,1.6616496102065392,,,,,,,,
D4-hetero_e00_r005,HA50,0.008316665072925389,,0.025362913979904738,-1.455887319469337,-0.07246572164680877,1.6895793575000906,,,,,,,,
D4-hetero_e00_r005,TA(0.05),0.05635895498562604,0.03333333333333333,0.014222575478042666,-1.5147115416132801,-0.015871246496301915,1.6623988510471075,,,,,,,,
D4-hetero_e00_r005,TA(0.10),0.05646583007182926,0.03333333333333333,0.014222575478042666,-1.5147115416132801,-0.015871246496301915,1.6623988510471075,,,,,,,,
D4-hetero_e00_r005,TA(0.15),0.05520642199553549,0.03333333333333333,0.014222575478042666,-1.5147115416132801,-0.0326017668950756,1.6636608324190583,,,,,,,,
D4-hetero_e00_r005,TA(0.25),0.05758098990190774,0.03333333333333333,0.015732533245739377,-1.514787424717411,-0.03497636490627785,1.6638328719833964,,,,,,,,
D4-hetero_e00_r005,TA(0.40),0.05576901405584067,0.03666666666666667,0.015713754575704182,-1.5147865571479302,-0.05645105698397403,1.6498189818263318,,,,,,,,
D4-hetero_e05_r005,adapt,0.05507819389458746,0.08333333333333333,0.18693136469452684,1.761227441765988,0.09223641992082086,-1.4467481622349583,,,,,,,,
D4-hetero_e05_r005,adaptX,0.05683981196489185,0.08666666666666667,0.16191812876003883,1.7600266435141796,0.10882468174944529,-1.4380212805841215,,,,,,,,
D4-hetero_e05_r005,HA50,0.009753433987498283,,-0.7379182967798862,0.11684953852649724,22.85390181352423,-0.5101831231814619,,,,,,,,
D4-hetero_e05_r005,TA(0.05),0.057319592917338014,0.08666666666666667,0.10882468174944529,-1.4380212805841215,0.16191812876003883,1.7600266435141796,,,,,,,,
D4-hetero_e05_r005,TA(0.10),0.05644153105095029,0.08666666666666667,0.10882468174944529,-1.4380212805841215,0.16191812876003883,1.7600266435141796,,,,,,,,
D4-hetero_e05_r005,TA(0.15),0.056264257058501244,0.08666666666666667,0.10882468174944529,-1.4380212805841215,0.16191812876003883,1.7600266435141796,,,,,,,,
D4-hetero_e05_r005,TA(0.25),0.05730608303565532,0.08666666666666667,0.10882468174944529,-1.4380212805841215,0.16191812876003883,1.7600266435141796,,,,,,,,
D4-hetero_e05_r005,TA(0.40),0.05855402699671686,0.08666666666666667,0.18693136469452684,1.761227441765988,0.1018585772554402,-1.4376160553172292,,,,,,,,
D4-hetero_e10_r005,adapt,0.11087428301107138,0.11333333333333333,-0.020712667061754148,-1.4814714515127103,-0.14894770784728412,1.4900117633327148,,,,,,,,
D4-hetero_e10_r005,adaptX,0.08781647705473006,0.11333333333333333,-0.020712667061754148,-1.4814714515127103,-0.14894770784728412,1.4900117633327148,,,,,,,,
D4-hetero_e10_r005,HA50,0.012590227066539228,,23.530637152205337,0.783541012868536,-0.8553341033169135,-0.40494183799412026,,,,,,,,
D4-hetero_e10_r005,TA(0.05),0.11213879706338048,0.07,15.360354461244944,-3.8820060768333704,-0.3536155530430851,-0.6599443247643306,,,,,,,,
D4-hetero_e10_r005,TA(0.10),0.11164695699699223,0.11333333333333333,-0.14894770784728412,1.4900117633327148,-0.020712667061754148,-1.4814714515127103,,,,,,,,
D4-hetero_e10_r005,TA(0.15),0.11390720901545137,0.11333333333333333,-0.020712667061754148,-1.4814714515127103,-0.14894770784728412,1.4900117633327148,,,,,,,,
D4-hetero_e10_r005,TA(0.25),0.1127468089107424,0.11333333333333333,-0.14894770784728412,1.4900117633327148,-0.020712667061754148,-1.4814714515127103,,,,,,,,
D4-hetero_e10_r005,TA(0.40),0.11511887004598975,0.11333333333333333,-0.021025524463720698,-1.4814885618144333,-0.14770619355215234,1.4900770420565481,,,,,,,,
D4-hetero_e20_r005,adapt,0.05467625008895993,0.18333333333333332,0.1560799510514616,1.5971392212577737,0.04615387747265702,-1.4568915845661325,,,,,,,,
D4-hetero_e20_r005,adaptX,0.06399492500349879,0.18333333333333332,0.17221016869900768,1.5960344514530704,0.018719516239843907,-1.45391951133589,,,,,,,,
D4-hetero_e20_r005,HA50,0.00909274397417903,,2.056511279124675,0.2086014344116421,-23.00498179934552,-0.9017263923907363,,,,,,,,
D4-hetero_e20_r005,TA(0.05),0.05534726509358734,0.08666666666666667,0.17297358254075051,-0.04150154829767827,-23.00498179934552,-0.9017263923907363,,,,,,,,
D4-hetero_e20_r005,TA(0.10),0.056645357981324196,0.10333333333333333,0.7402091593599531,-0.5067061844512923,-15.632684197177488,-4.433688754206437,,,,,,,,
D4-hetero_e20_r005,TA(0.15),0.05575292697176337,0.18666666666666668,0.00021522710397652706,-1.4650199390427292,0.07013373043187596,1.6331563598261725,,,,,,,,
D4-hetero_e20_r005,TA(0.25),0.05694569193292409,0.18666666666666668,0.14409918074164255,1.593879603144027,-0.02222720488635248,-1.4624660582443805,,,,,,,,
D4-hetero_e20_r005,TA(0.40),0.05604805098846555,0.18666666666666668,-0.01820667735851545,-1.463018098094386,0.055115521141563664,1.6334500332015378,,,,,,,,
D4-hetero_e30_r005,adapt,0.055781850940547884,0.36333333333333334,-0.012417827304413934,1.6007129656078065,-0.01227599513984487,-1.4390230523511207,,,,,,,,
D4-hetero_e30_r005,adaptX,0.059255963074974716,0.36333333333333334,-0.01227599513984487,-1.4390230523511207,-0.012417827304413934,1.6007129656078065,,,,,,,,
D4-hetero_e30_r005,HA50,0.009009166969917715,,-22.017063495731165,-1.1195033974858064,4.74804512548395,-0.24274538931419687,,,,,,,,
D4-hetero_e30_r005,TA(0.05),0.058758858940564096,0.17333333333333334,0.23586407884238145,0.05534225346772542,-22.017063495731165,-1.1195033974858064,,,,,,,,
D4-hetero_e30_r005,TA(0.10),0.05778519797604531,0.17333333333333334,0.09547923888938271,-0.04583367342638883,-22.017063495731165,-1.1195033974858064,,,,,,,,
D4-hetero_e30_r005,TA(0.15),0.056413111044093966,0.17333333333333334,0.09547923888938271,-0.04583367342638883,-22.017063495731165,-1.1195033974858064,,,,,,,,
D4-hetero_e30_r005,TA(0.25),0.058853627066127956,0.17333333333333334,-22.017063495731165,-1.1195033974858064,0.09547923888938271,-0.04583367342638883,,,,,,,,
D4-hetero_e30_r005,TA(0.40),0.05767884396482259,0.36333333333333334,-0.026234824510503976,1.6010737310183125,-0.0007996716094962815,-1.4386652794054995,,,,,,,,
D5-leverage_e00_r005,adapt,0.08973924804013222,0.016666666666666666,-0.18664278165233786,1.5093731215477442,-0.03397843418011837,-1.484482069115269,,,,,,,,
D5-leverage_e00_r005,adaptX,0.06997409800533205,0.016666666666666666,-0.18664278165233786,1.5093731215477442,-0.03397843418011837,-1.484482069115269,,,,,,,,
D5-leverage_e00_r005,HA50,0.00890598096884787,,-0.1815050310737397,1.5138834953992288,-0.01627776697406076,-1.4910085478703068,,,,,,,,
D5-leverage_e00_r005,TA(0.05),0.09154760593082756,0.016666666666666666,-0.18664278165233786,1.5093731215477442,-0.03397843418011837,-1.484482069115269,,,,,,,,
D5-leverage_e00_r005,TA(0.10),0.092214007047005,0.016666666666666666,-0.03397843418011837,-1.484482069115269,-0.18664278165233786,1.5093731215477442,,,,,,,,
D5-leverage_e00_r005,TA(0.15),0.09191395598463714,0.016666666666666666,-0.17521919192120344,1.5077986721816308,-0.0231152933058428,-1.4866421157322671,,,,,,,,
D5-leverage_e00_r005,TA(0.25),0.09257768699899316,0.016666666666666666,-0.18664278165233786,1.5093731215477442,-0.03397843418011837,-1.484482069115269,,,,,,,,
D5-leverage_e00_r005,TA(0.40),0.09088862710632384,0.016666666666666666,-0.03397843418011837,-1.484482069115269,-0.18664278165233786,1.5093731215477442,,,,,,,,
D5-leverage_e05_r005,adapt,0.060692829079926014,0.06666666666666667,0.051866979514351694,-1.615875503829381,0.15930997492564586,1.5545629681348512,,,,,,,,
D5-leverage_e05_r005,adaptX,0.06137001793831587,0.06666666666666667,0.051866979514351694,-1.615875503829381,0.15930997492564586,1.5545629681348512,,,,,,,,
D5-leverage_e05_r005,HA50,0.011624034028500319,,2.4292685053027117,-0.08369431325853174,-2.270905102287414,-0.046507439144079905,,,,,,,,
D5-leverage_e05_r005,TA(0.05),0.064278046018444,0.06666666666666667,0.04362734940767585,-1.5828908438484928,0.15930997492564586,1.5545629681348512,,,,,,,,
D5-leverage_e05_r005,TA(0.10),0.06305365497246385,0.06666666666666667,0.15930997492564586,1.5545629681348512,0.051866979514351694,-1.615875503829381,,,,,,,,
D5-leverage_e05_r005,TA(0.15),0.061694210045970976,0.06666666666666667,0.15863733322515286,1.5545693703733594,0.051292336014183953,-1.6158305221404723,,,,,,,,
D5-leverage_e05_r005,TA(0.25),0.0635338700376451,0.06666666666666667,0.05446056342598555,-1.5833205782318798,0.1732136436815698,1.5546042724740503,,,,,,,,
D5-leverage_e05_r005,TA(0.40),0.06321151496376842,0.06666666666666667,0.15863733322515286,1.5545693703733594,0.051292336014183953,-1.6158305221404723,,,,,,,,
D5-leverage_e10_r005,adapt,0.051679213996976614,0.10666666666666667,-0.028066927946021822,-1.4783432361119917,-0.028893078580519146,1.6032976183884649,,,,,,,,
D5-leverage_e10_r005,adaptX,0.05634746898431331,0.10333333333333333,-0.06607352700214097,1.582604140068742,-0.030446138062916364,-1.4806121348941996,,,,,,,,
D5-leverage_e10_r005,HA50,0.009196743019856513,,-2.458339566160557,0.1638926327498116,2.3778292120228466,0.07028777618563106,,,,,,,,
D5-leverage_e10_r005,TA(0.05),0.053634534939192235,0.0,-2.533149140324969,0.12762487108846862,2.3035413685688333,0.018439171343128086,,,,,,,,
D5-leverage_e10_r005,TA(0.10),0.05264671496115625,0.10333333333333333,-0.06607352700214097,1.582604140068742,-0.030446138062916364,-1.4806121348941996,,,,,,,,
D5-leverage_e10_r005,TA(0.15),0.054210374946706,0.10666666666666667,-0.028893078580519146,1.6032976183884649,-0.028066927946021822,-1.4783432361119917,,,,,,,,
D5-leverage_e10_r005,TA(0.25),0.05371035705320537,0.10333333333333333,-0.030446138062916364,-1.4806121348941996,-0.06607352700214097,1.582604140068742,,,,,,,,
D5-leverage_e10_r005,TA(0.40),0.05299584299791604,0.10333333333333333,-0.050242629320013235,-1.4818969271242104,-0.08486028053804572,1.5814050204303258,,,,,,,,
D5-leverage_e20_r005,adapt,0.04877773392945528,0.013333333333333334,-2.357463067982898,0.06892109243874071,1.9909112758027512,-0.028886376119822137,,,,,,,,
D5-leverage_e20_r005,adaptX,0.054413123056292534,0.18666666666666668,-0.10689182853593134,-1.4622691004730708,-0.032428223486449366,1.529814941485388,,,,,,,,
D5-leverage_e20_r005,HA50,0.00994181598071009,,2.055557821292822,-0.01623030995328251,-2.3799993828332306,0.06712076848415478,,,,,,,,
D5-leverage_e20_r005,TA(0.05),0.05145395500585437,0.013333333333333334,1.9909112758027512,-0.028886376119822137,-2.357463067982898,0.06892109243874071,,,,,,,,
D5-leverage_e20_r005,TA(0.10),0.04940365697257221,0.016666666666666666,1.703685897368529,0.02602033187697232,-2.592676458584796,0.11134863374999415,,,,,,,,
D5-leverage_e20_r005,TA(0.15),0.05040864599868655,0.023333333333333334,-2.6685859691157274,0.12793984338334102,1.6369873908283745,0.044516338851577936,,,,,,,,
D5-leverage_e20_r005,TA(0.25),0.0498323820065707,0.18666666666666668,-0.011531836700210768,1.5229939390343323,-0.10689182853593134,-1.4622691004730708,,,,,,,,
D5-leverage_e20_r005,TA(0.40),0.0507444009417668,0.18666666666666668,-0.10689182853593134,-1.4622691004730708,-0.011531836700210768,1.5229939390343323,,,,,,,,
D5-leverage_e30_r005,adapt,0.05578937102109194,0.02666666666666667,-1.985395459785881,0.009187140099679908,2.166635076680372,-0.13798552139275388,,,,,,,,
D5-leverage_e30_r005,adaptX,0.06622210796922445,0.12333333333333334,1.9912677093149465,-0.12994165809235486,-2.0755704927601313,0.011528353441553063,,,,,,,,
D5-leverage_e30_r005,HA50,0.012579154106788337,,-2.122051055992403,0.06947167159576138,2.2470956441124255,-0.11270782352806016,,,,,,,,
D5-leverage_e30_r005,TA(0.05),0.05892943998333067,0.02,-2.0975473524910435,0.052616927259523716,2.1256790002097024,-0.12361054357558601,,,,,,,,
D5-leverage_e30_r005,TA(0.10),0.05870871804654598,0.02,2.2129170142423136,-0.14498176482454214,-1.9577930423978946,-0.0018392877404156704,,,,,,,,
D5-leverage_e30_r005,TA(0.15),0.05680366710294038,0.02,2.104185838409791,-0.13537341813784506,-2.0296087627853017,0.008549481969814329,,,,,,,,
D5-leverage_e30_r005,TA(0.25),0.058981868089176714,0.02666666666666667,-2.088245511094067,0.006781785491573518,2.0113793324335885,-0.13254079969333488,,,,,,,,
D5-leverage_e30_r005,TA(0.40),0.05908923607785255,0.02,1.977006077840945,-0.05091403375587876,-2.2008040148094743,0.1514085316204324,,,,,,,,
D6-uniform_e00_r005,adapt,0.10903345595579594,0.01,0.010687630617063591,-1.4734408301752027,-0.1075222323430574,1.5242240141823855,,,,,,,,
D6-uniform_e00_r005,adaptX,0.07919369800947607,0.01,0.019162522701785707,-1.4738145261972355,-0.09793786965181722,1.5346390130224747,,,,,,,,
D6-uniform_e00_r005,HA50,0.02599368104711175,,-0.09082087195695447,1.5344682558604967,-0.0037506130040282264,-1.4764438113064955,,,,,,,,
D6-uniform_e00_r005,TA(0.05),0.13044104794971645,0.01,-0.09793786965181722,1.5346390130224747,0.019162522701785707,-1.4738145261972355,,,,,,,,
D6-uniform_e00_r005,TA(0.10),0.11033724900335073,0.01,-0.09793786965181722,1.5346390130224747,0.019162522701785707,-1.4738145261972355,,,,,,,,
D6-uniform_e00_r005,TA(0.15),0.11126325593795627,0.01,-0.09793786965181722,1.5346390130224747,0.019162522701785707,-1.4738145261972355,,,,,,,,
D6-uniform_e00_r005,TA(0.25),0.1119421140756458,0.01,-0.12096400565831632,1.5244594670817995,0.02658210888183365,-1.4740942232683434,,,,,,,,
D6-uniform_e00_r005,TA(0.40),0.11154729092959315,0.016666666666666666,-0.06150984639700764,1.5048990692708777,0.01237740892042855,-1.480691843576998,,,,,,,,
D6-uniform_e05_r005,adapt,0.060679352027364075,0.04666666666666667,-0.07134338471175913,-1.4649962631999978,-0.17151490998727545,1.53581466936234,,,,,,,,
D6-uniform_e05_r005,adaptX,0.0659517910098657,0.04666666666666667,-0.18721854566348958,1.533419633966562,-0.1096764686034422,-1.4823123099194817,,,,,,,,
D6-uniform_e05_r005,HA50,0.011969047947786748,,-0.3272075459405622,-1.5365653657626328,-0.2914652841615532,1.558264244093724,,,,,,,,
D6-uniform_e05_r005,TA(0.05),0.06334777292795479,0.04666666666666667,-0.18721854566348958,1.533419633966562,-0.08932819400802823,-1.4681345719989838,,,,,,,,
D6-uniform_e05_r005,TA(0.10),0.06168862001504749,0.04666666666666667,-0.18937828618069386,1.5334026362199862,-0.08693443744315471,-1.4680050637048603,,,,,,,,
D6-uniform_e05_r005,TA(0.15),0.06197882106062025,0.04666666666666667,-0.18937828618069386,1.5334026362199862,-0.08693443744315471,-1.4680050637048603,,,,,,,,
D6-uniform_e05_r005,TA(0.25),0.061445996980182827,0.04666666666666667,-0.1096764686034422,-1.4823123099194817,-0.18721854566348958,1.533419633966562,,,,,,,,
D6-uniform_e05_r005,TA(0.40),0.06525742309167981,0.04666666666666667,-0.1096764686034422,-1.4823123099194817,-0.18721854566348958,1.533419633966562,,,,,,,,
D6-uniform_e10_r005,adapt,0.05791623704135418,0.10666666666666667,-0.12375864249852504,-1.583604060158836,0.1616620982035995,1.5352967407779763,,,,,,,,
D6-uniform_e10_r005,adaptX,0.06205997196957469,0.10666666666666667,0.1616620982035995,1.5352967407779763,-0.12375864249852504,-1.583604060158836,,,,,,,,
D6-uniform_e10_r005,HA50,0.012438257923349738,,-0.11793496121172901,1.8013951746967913,0.0510362157089075,-1.693595501864114,,,,,,,,
D6-uniform_e10_r005,TA(0.05),0.060757952043786645,0.10666666666666667,0.15014876748550732,1.5772941014729174,-0.11928837636543757,-1.5832949257473738,,,,,,,,
D6-uniform_e10_r005,TA(0.10),0.059877414954826236,0.10666666666666667,-0.12375864249852504,-1.583604060158836,0.1616620982035995,1.5352967407779763,,,,,,,,
D6-uniform_e10_r005,TA(0.15),0.06152524193748832,0.10666666666666667,-0.12375864249852504,-1.583604060158836,0.1616620982035995,1.5352967407779763,,,,,,,,
D6-uniform_e10_r005,TA(0.25),0.05871186906006187,0.10666666666666667,0.1616620982035995,1.5352967407779763,-0.12375864249852504,-1.583604060158836,,,,,,,,
D6-uniform_e10_r005,TA(0.40),0.05982085899449885,0.10666666666666667,0.16636260670679956,1.534856185674666,-0.12859091488201738,-1.583886449500452,,,,,,,,
D6-uniform_e20_r005,adapt,0.051232689060270786,0.16,-0.0900055410934454,-1.5787516712748384,0.15204178032714874,1.4742816702947756,,,,,,,,
D6-uniform_e20_r005,adaptX,0.056634737993590534,0.17,0.15204178032714874,1.4742816702947756,-0.008962423078956777,-1.516720603614816,,,,,,,,
D6-uniform_e20_r005,HA50,0.010183067992329597,,-4.016654836010134,0.13416448350578414,2.615318019299589,0.16494709066949895,,,,,,,,
D6-uniform_e20_r005,TA(0.05),0.052280217059887946,0.16,0.04441694500422954,1.5308702569274457,-0.09880034242421237,-1.576305353093818,,,,,,,,
D6-uniform_e20_r005,TA(0.10),0.0522103919647634,0.16,-0.09880034242421237,-1.576305353093818,0.04441694500422954,1.5308702569274457,,,,,,,,
D6-uniform_e20_r005,TA(0.15),0.05262802494689822,0.16,0.15204178032714874,1.4742816702947756,-0.0900055410934454,-1.5787516712748384,,,,,,,,
D6-uniform_e20_r005,TA(0.25),0.051969393040053546,0.17333333333333334,-0.03031870290850241,-1.5322324853370068,0.1613960392090897,1.4516680408591696,,,,,,,,
D6-uniform_e20_r005,TA(0.40),0.05297289998270571,0.16,0.12539364329599217,1.4655110636520179,-0.09094619822876704,-1.5788064996192281,,,,,,,,
D6-uniform_e30_r005,adapt,0.06644105794839561,0.0,3.8717808302728978,0.011919112948243809,-3.0509843405175157,0.13131107408422224,,,,,,,,
D6-uniform_e30_r005,adaptX,0.06867981795221567,0.0,4.379985892270421,0.10062390093099523,-2.5609937494939325,0.19069165259382986,,,,,,,,
D6-uniform_e30_r005,HA50,0.015513783087953925,,-3.1094370878402233,0.05405554335105052,3.8134157016541073,-0.054651830842460204,,,,,,,,
D6-uniform_e30_r005,TA(0.05),0.06995746598113328,0.0,-2.5765312883279177,0.16650198967877444,4.354869808131905,0.07487411949697732,,,,,,,,
D6-uniform_e30_r005,TA(0.10),0.07536983501631767,0.0,4.379985892270421,0.10062390093099523,-2.5609937494939325,0.19069165259382986,,,,,,,,
D6-uniform_e30_r005,TA(0.15),0.07792535796761513,0.0,-3.1094370878402233,0.05405554335105052,3.8134157016541073,-0.054651830842460204,,,,,,,,
D6-uniform_e30_r005,TA(0.25),0.0684372769901529,0.21666666666666667,0.39443062092231806,1.7967809910512893,0.3195060270049182,-1.4895489861068236,,,,,,,,
D6-uniform_e30_r005,TA(0.40),0.0675843299832195,0.24666666666666667,0.23476818063921642,1.7045053331774416,0.13890240226095643,-1.4807624100598382,,,,,,,,
D7-p3_e00_r005,adapt,0.21359226503409445,0.016666666666666666,0.00527807211080411,-1.581205158926804,1.019051136591452,1.0508081627118615,0.006995587496262996,1.5127740166953003,1.0353745168238704,1.0879592684589365,,,,
D7-p3_e00_r005,adaptX,2.404900587978773,0.023333333333333334,0.022315775924173137,1.5162358029180598,1.0295201144697934,1.0973526120370038,0.06084506552286848,-1.563959379802229,1.0083727016513178,1.078990646039865,,,,
D7-p3_e00_r005,HA50,0.01165277196560055,,0.0005484711916095683,1.504976786987342,0.9768839874495683,1.0844206589857897,0.0012209374468214497,-1.5518533520463642,0.9830990903422264,1.0426861606424025,,,,
D7-p3_e00_r005,TA(0.05),0.2146617219550535,0.023333333333333334,0.022315775924173137,1.5162358029180598,1.0295201144697934,1.0973526120370038,0.06084506552286848,-1.563959379802229,1.0083727016513178,1.078990646039865,,,,
D7-p3_e00_r005,TA(0.10),0.215224449057132,0.023333333333333334,0.022315775924173137,1.5162358029180598,1.0295201144697934,1.0973526120370038,0.06084506552286848,-1.563959379802229,1.0083727016513178,1.078990646039865,,,,
D7-p3_e00_r005,TA(0.15),0.21517465298529714,0.023333333333333334,0.05796574560581266,-1.5636616808207433,1.0057684129588287,1.0765295592418194,0.026431316685234275,1.5165572825661404,1.0329139735076835,1.100202538808653,,,,
D7-p3_e00_r005,TA(0.25),0.21897439297754318,0.02666666666666667,0.054881486013113774,-1.5624450529186873,1.0206704510334472,1.0605362815273398,0.023173740789809112,1.5279112155753665,1.0088718342388956,1.1398780324039053,,,,
D7-p3_e00_r005,TA(0.40),0.21539508609566838,0.02666666666666667,0.023173740789809112,1.5279112155753665,1.0088718342388956,1.1398780324039053,0.054881486013113774,-1.5624450529186873,1.0206704510334472,1.0605362815273398,,,,
D7-p3_e05_r005,adapt,0.23784127703402191,0.08333333333333333,-0.040999297432017474,1.5881478460815783,1.0062089331135355,0.9410448176326633,0.039107015365078476,-1.6124890929344873,0.9050219652021647,1.0220599066338105,,,,
D7-p3_e05_r005,adaptX,2.2610653729643673,0.09,-0.07319026785996571,1.5855526365791295,1.0063728585758667,0.964415321446128,0.007761916471738943,-1.6138485688740287,0.9076219901919143,1.043317731577855,,,,
D7-p3_e05_r005,HA50,0.012750221998430789,,-0.4162215822711327,-0.1771689285648147,0.6830587961099831,1.0354452422674847,-2.249424975042533,-3.4850904503159215,15.480357060727487,-4.653384325480069,,,,
D7-p3_e05_r005,TA(0.05),0.2397026770049706,0.08333333333333333,-0.04609268357235934,1.588961271008961,1.00570024526815,0.93592061012411,0.035016956252846766,-1.611378377034616,0.9039415825117257,1.0180907681609912,,,,
D7-p3_e05_r005,TA(0.10),0.23851233697496355,0.08333333333333333,-0.05764647985418287,1.5847393404461196,1.0035334847195287,0.9543660242004289,0.009052202272110618,-1.6267360870722953,0.8989478282575442,1.040970806756139,,,,
D7-p3_e05_r005,TA(0.15),0.24019125301856548,0.08333333333333333,0.0321158608692332,-1.611317333538336,0.9074572999791558,1.0160046277684882,-0.049605868061558964,1.5889993576360366,1.0093161228231142,0.9327111247639027,,,,
D7-p3_e05_r005,TA(0.25),0.23873078206088394,0.08333333333333333,0.009687125160245577,-1.613662300183394,0.9060680504510584,1.037496527922747,-0.08120287850960078,1.5852509590472699,1.0131298078262594,0.9648984605932798,,,,
D7-p3_e05_r005,TA(0.40),0.23919055901933461,0.08333333333333333,-0.09586701610852878,1.596002970188044,1.0210445669928867,0.9731602383210243,0.009687125160245577,-1.613662300183394,0.9060680504510584,1.037496527922747,,,,
D7-p3_e10_r005,adapt,0.22988535196054727,0.11333333333333333,0.1718215422344419,1.495417164234492,1.0097978280053392,0.9560146026398868,0.033259309376454146,-1.5521534623456938,0.9910036206085423,1.0156682855146388,,,,
D7-p3_e10_r005,adaptX,2.0865424589719623,0.12333333333333334,0.15835736967416203,1.5105547918719155,1.0008403456217287,0.9617093129340891,0.033259309376454146,-1.5521534623456938,0.9910036206085423,1.0156682855146388,,,,
D7-p3_e10_r005,HA50,0.013908982975408435,,-1.0973159777054116,7.7541326941275575,-8.709290041332455,4.076723513015593,0.32653796156902537,-0.7683698912422565,1.7436172490877884,0.6709598414687139,,,,
D7-p3_e10_r005,TA(0.05),0.23137536796275526,0.05333333333333334,0.1331599803278427,-0.15828150128733398,1.0305427528861146,0.8968464178997676,-25.65676923686341,1.1738812648817019,1.0223863509051172,-1.3834616664301993,,,,
D7-p3_e10_r005,TA(0.10),0.23058309801854193,0.11,0.0307247974129164,-1.5522398694896709,0.9931070575485165,1.0176814404984589,0.1935022330247178,1.503368542341007,1.0220809982782415,0.9552221958346452,,,,
D7-p3_e10_r005,TA(0.15),0.232315905042924,0.11,0.03003128330960105,-1.551903238719251,0.9877675112508564,1.0127197498364433,0.2001998447366778,1.503230902817751,1.024018749906362,0.9565679044766767,,,,
D7-p3_e10_r005,TA(0.25),0.2334476449759677,0.11,0.04687904906782149,-1.5570357656709914,0.9989261331201037,1.0050602526203292,0.21318130054135373,1.4962151716129761,1.0256962394392277,0.9417325732481668,,,,
D7-p3_e10_r005,TA(0.40),0.23355912102852017,0.11,0.19873475515237085,1.5025446726569305,1.02463380619459,0.9526107867929292,0.0352774610485902,-1.5530373872267098,0.9977741667941418,1.0135628539653314,,,,
D7-p3_e20_r005,adapt,0.2656557171139866,0.21,-0.010140897920637616,-1.5523529958727682,1.029959779147456,1.0864806302718635,0.04923200988525942,1.5791678428581128,1.0308309851575814,1.0718799554889091,,,,
D7-p3_e20_r005,adaptX,2.197343540028669,0.21,0.04495283010165845,1.579075766261694,1.0331437060424626,1.0722397578907166,-0.004498037374228536,-1.5523757247946957,1.0268913723492064,1.0860331093698063,,,,
D7-p3_e20_r005,HA50,0.01821222889702767,,-22.265356001064596,-0.3540844440550787,0.6165703734737559,1.318778247405551,2.23214227368067,0.4596452027778697,0.39517141203629147,0.4054044628844118,,,,
D7-p3_e20_r005,TA(0.05),0.2679436269681901,0.09333333333333334,0.021180736178050313,0.29129744641731087,1.0407709724290675,0.8140718406343062,-2.520832028179561,-1.0351019108944632,-10.544923473362477,1.451660156521772,,,,
D7-p3_e20_r005,TA(0.10),0.26770742691587657,0.09666666666666666,-22.265356001064596,-0.3540844440550787,0.6165703734737559,1.318778247405551,-0.036984820362510475,0.2569420041663019,1.0312749595024893,0.8000449082192919,,,,
D7-p3_e20_r005,TA(0.15),0.26711795409210026,0.13666666666666666,0.40466493891094596,0.7004445763803975,1.0713110345653443,0.7340678996719958,-17.783205961538307,5.0376902052742265,1.5747524070842394,0.9460513926468277,,,,
D7-p3_e20_r005,TA(0.25),0.26852440903894603,0.20666666666666667,-0.0028750063035073194,1.566435563459382,1.0326074277874058,1.0770156406753018,-0.004498037374228536,-1.5523757247946957,1.0268913723492064,1.0860331093698063,,,,
D7-p3_e20_r005,TA(0.40),0.26728700299281627,0.21,-0.0029297668891585444,-1.5526735193040075,1.0273543480827896,1.0876065893633244,0.029684897198544908,1.5682926627567868,1.0208643055366395,1.0812938249914368,,,,
D7-p3_e30_r005,adapt,0.2720341479871422,0.2866666666666667,0.040401403338319986,-1.4192412150608404,0.9021372712835573,1.0569291622016617,0.004580217064208851,1.55355843255922,0.9816519781186167,1.0426643982344956,,,,
D7-p3_e30_r005,adaptX,1.92789507296402,0.2866666666666667,0.004580217064208851,1.55355843255922,0.9816519781186167,1.0426643982344956,0.040401403338319986,-1.4192412150608404,0.9021372712835573,1.0569291622016617,,,,
D7-p3_e30_r005,HA50,0.012765640974976122,,22.840317522728157,0.24001294330039374,0.20888370414209625,0.6651660137075258,-3.7059314578903,0.5856166931548494,1.1698601469283654,0.5062109006725146,,,,
D7-p3_e30_r005,TA(0.05),0.27399765606969595,0.13666666666666666,-0.1486691206170655,0.1260900635113248,1.058656761549601,1.0576366565370594,22.956719050378545,0.4537496408829419,0.47019507220558066,0.4722032344696523,,,,
D7-p3_e30_r005,TA(0.10),0.2745347240706906,0.13666666666666666,22.956719050378545,0.4537496408829419,0.47019507220558066,0.4722032344696523,-0.1486691206170655,0.1260900635113248,1.058656761549601,1.0576366565370594,,,,
D7-p3_e30_r005,TA(0.15),0.2738128490746021,0.13666666666666666,-0.1486691206170655,0.1260900635113248,1.058656761549601,1.0576366565370594,22.956719050378545,0.4537496408829419,0.47019507220558066,0.4722032344696523,,,,
D7-p3_e30_r005,TA(0.25),0.275509053026326,0.15,-0.632127765029916,0.4704151726828777,1.1825460656509275,0.8912267589063427,18.512199708164903,3.2550438239770694,1.722116798867055,-0.8985333281027612,,,,
D7-p3_e30_r005,TA(0.40),0.274255141033791,0.2866666666666667,0.014536237288626824,-1.4178511564971539,0.9208466853933971,1.0694645522505886,-0.018361181884091932,1.549682078130027,1.0028243573355025,1.0520551105100409,,,,
D8-K2par-sep_e00_r005,adapt,0.050366665003821254,0.02,2.8634160042555985,1.0264217792639356,-2.9743701100024964,0.9783728500555398,,,,,,,,
D8-K2par-sep_e00_r005,adaptX,0.05566805100534111,0.02,2.8634160042555985,1.0264217792639356,-2.9743701100024964,0.9783728500555398,,,,,,,,
D8-K2par-sep_e00_r005,HA50,0.008866921998560429,,-3.0111369072234577,0.9817335506361573,2.9026570932245614,1.0023616410136087,,,,,,,,
D8-K2par-sep_e00_r005,TA(0.05),0.0523311150027439,0.02,2.8634160042555985,1.0264217792639356,-2.9743701100024964,0.9783728500555398,,,,,,,,
D8-K2par-sep_e00_r005,TA(0.10),0.051806548959575593,0.02,-2.9743701100024964,0.9783728500555398,2.8634160042555985,1.0264217792639356,,,,,,,,
D8-K2par-sep_e00_r005,TA(0.15),0.05144196795299649,0.02,-2.9743701100024964,0.9783728500555398,2.8634160042555985,1.0264217792639356,,,,,,,,
D8-K2par-sep_e00_r005,TA(0.25),0.05189399898517877,0.02,-2.9743701100024964,0.9783728500555398,2.8634160042555985,1.0264217792639356,,,,,,,,
D8-K2par-sep_e00_r005,TA(0.40),0.051512861042283475,0.02,2.8634160042555985,1.0264217792639356,-2.9743701100024964,0.9783728500555398,,,,,,,,
D8-K2par-sep_e05_r005,adapt,0.05144900397863239,0.05333333333333334,2.9847970900111673,1.0004934947845632,-3.0250077898802195,0.938181281380896,,,,,,,,
D8-K2par-sep_e05_r005,adaptX,0.05752187594771385,0.05333333333333334,2.9847970900111673,1.0004934947845632,-3.0250077898802195,0.938181281380896,,,,,,,,
D8-K2par-sep_e05_r005,HA50,0.010290074977092445,,3.9200745202385154,1.1968741273258345,-4.140498409038141,0.6435313116672075,,,,,,,,
D8-K2par-sep_e05_r005,TA(0.05),0.05356075195595622,0.056666666666666664,-3.0059524982083907,0.9365374668357296,2.9847970900111673,1.0004934947845632,,,,,,,,
D8-K2par-sep_e05_r005,TA(0.10),0.05266782594844699,0.05333333333333334,2.9847970900111673,1.0004934947845632,-3.0250077898802195,0.938181281380896,,,,,,,,
D8-K2par-sep_e05_r005,TA(0.15),0.05250061291735619,0.05333333333333334,-3.0250077898802195,0.938181281380896,2.9847970900111673,1.0004934947845632,,,,,,,,
D8-K2par-sep_e05_r005,TA(0.25),0.05312933097593486,0.05333333333333334,-3.0250077898802195,0.938181281380896,2.9847970900111673,1.0004934947845632,,,,,,,,
D8-K2par-sep_e05_r005,TA(0.40),0.054482640931382775,0.05333333333333334,2.9847970900111673,1.0004934947845632,-3.0250077898802195,0.938181281380896,,,,,,,,
D8-K2par-sep_e10_r005,adapt,0.08338645903859288,0.1,3.1287123789213585,0.9623827717002231,-2.946122812842659,1.0701057026192786,,,,,,,,
D8-K2par-sep_e10_r005,adaptX,0.06677569099701941,0.1,3.1287123789213585,0.9623827717002231,-2.946122812842659,1.0701057026192786,,,,,,,,
D8-K2par-sep_e10_r005,HA50,0.008898583939298987,,21.08076931906935,2.3333220005381325,-0.8809177493262517,0.945268261902025,,,,,,,,
D8-K2par-sep_e10_r005,TA(0.05),0.08423356001731008,0.06,-0.8877691360973436,1.6467375979598007,12.90140496500263,5.478338162896829,,,,,,,,
D8-K2par-sep_e10_r005,TA(0.10),0.08558485202956945,0.1,3.1287123789213585,0.9623827717002231,-2.946122812842659,1.0701057026192786,,,,,,,,
D8-K2par-sep_e10_r005,TA(0.15),0.08436791191343218,0.1,3.1287123789213585,0.9623827717002231,-2.946122812842659,1.0701057026192786,,,,,,,,
D8-K2par-sep_e10_r005,TA(0.25),0.08420312195084989,0.1,3.1287123789213585,0.9623827717002231,-2.946122812842659,1.0701057026192786,,,,,,,,
D8-K2par-sep_e10_r005,TA(0.40),0.08545828505884856,0.1,3.1287123789213585,0.9623827717002231,-2.946122812842659,1.0701057026192786,,,,,,,,
D8-K2par-sep_e20_r005,adapt,0.05474268808029592,0.21333333333333335,2.947901028116546,0.9923807458324866,-3.0456815594132056,1.1060392358939528,,,,,,,,
D8-K2par-sep_e20_r005,adaptX,0.05629008694086224,0.21333333333333335,2.947901028116546,0.9923807458324866,-3.0456815594132056,1.1060392358939528,,,,,,,,
D8-K2par-sep_e20_r005,HA50,0.010110636008903384,,23.462861409623475,0.26445999985694735,-2.6660664288501783,0.8239668434807803,,,,,,,,
D8-K2par-sep_e20_r005,TA(0.05),0.05726647307164967,0.1,-21.560626326210986,1.2804698536499106,0.04123460297726389,0.8355087383894938,,,,,,,,
D8-K2par-sep_e20_r005,TA(0.10),0.057454486028291285,0.1,0.04123460297726389,0.8355087383894938,-21.560626326210986,1.2804698536499106,,,,,,,,
D8-K2par-sep_e20_r005,TA(0.15),0.0554123300826177,0.14,0.1143946087412965,0.8728571782221015,3.911930541651104,-10.249289582023206,,,,,,,,
D8-K2par-sep_e20_r005,TA(0.25),0.05646344099659473,0.21333333333333335,2.947901028116546,0.9923807458324866,-3.0456815594132056,1.1060392358939528,,,,,,,,
D8-K2par-sep_e20_r005,TA(0.40),0.05666434299200773,0.21333333333333335,2.947901028116546,0.9923807458324866,-3.0456815594132056,1.1060392358939528,,,,,,,,
D8-K2par-sep_e30_r005,adapt,0.05116092599928379,0.31666666666666665,3.2052152724485405,0.9772304931543644,-2.884165646977319,0.9826560466496551,,,,,,,,
D8-K2par-sep_e30_r005,adaptX,0.05841675598639995,0.31666666666666665,-2.884165646977319,0.9826560466496551,3.2052152724485405,0.9772304931543644,,,,,,,,
D8-K2par-sep_e30_r005,HA50,0.010602801921777427,,-22.290933111993454,1.5359853612410737,4.52727763714708,0.9011818741497708,,,,,,,,
D8-K2par-sep_e30_r005,TA(0.05),0.05274243198800832,0.14666666666666667,0.5379299679237376,0.791378731634796,-22.290933111993454,1.5359853612410737,,,,,,,,
D8-K2par-sep_e30_r005,TA(0.10),0.05459330405574292,0.14666666666666667,-22.290933111993454,1.5359853612410737,0.5379299679237376,0.791378731634796,,,,,,,,
D8-K2par-sep_e30_r005,TA(0.15),0.052254410926252604,0.14666666666666667,0.4779109679695042,0.7915749054548483,-22.290933111993454,1.5359853612410737,,,,,,,,
D8-K2par-sep_e30_r005,TA(0.25),0.05362772196531296,0.22333333333333333,-8.093000153111431,12.872064078956175,0.6250334333452706,0.8400742979874832,,,,,,,,
D8-K2par-sep_e30_r005,TA(0.40),0.05372200894635171,0.31666666666666665,-2.884165646977319,0.9826560466496551,3.2052152724485405,0.9772304931543644,,,,,,,,
D1-K2cross_e00_r006,adapt,0.050512938061729074,0.01,0.0055227000306906264,-1.6030531256522613,0.17461123096775638,1.5139470013064467,,,,,,,,
D1-K2cross_e00_r006,adaptX,0.055724187986925244,0.01,0.0055227000306906264,-1.6030531256522613,0.17461123096775638,1.5139470013064467,,,,,,,,
D1-K2cross_e00_r006,HA50,0.008673592004925013,,6.868889825403884e-07,-1.5859127598429574,0.19409408351670884,1.5307748677295485,,,,,,,,
D1-K2cross_e00_r006,TA(0.05),0.052177158067934215,0.01,0.17461123096775638,1.5139470013064467,0.0055227000306906264,-1.6030531256522613,,,,,,,,
D1-K2cross_e00_r006,TA(0.10),0.05190926499199122,0.01,0.17461123096775638,1.5139470013064467,0.0055227000306906264,-1.6030531256522613,,,,,,,,
D1-K2cross_e00_r006,TA(0.15),0.053798847948201,0.01,0.0055227000306906264,-1.6030531256522613,0.17461123096775638,1.5139470013064467,,,,,,,,
D1-K2cross_e00_r006,TA(0.25),0.05261339503340423,0.01,0.1614693628784304,1.5137189811460106,-0.009888092405044402,-1.6011113301416562,,,,,,,,
D1-K2cross_e00_r006,TA(0.40),0.05254684598185122,0.01,0.13421951843123828,1.5184803633520803,-0.04287128718777733,-1.5912076041313203,,,,,,,,
D1-K2cross_e05_r006,adapt,0.051158311078324914,0.07,0.073596970377288,-1.5453986512036735,0.13542759889645958,1.494751816551748,,,,,,,,
D1-K2cross_e05_r006,adaptX,0.061645142966881394,0.07333333333333333,0.03946489578407713,-1.5560913478353122,0.13542759889645958,1.494751816551748,,,,,,,,
D1-K2cross_e05_r006,HA50,0.00858854700345546,,-4.332140729286598,10.799157402956839,0.030725895414620216,-0.3524335868606542,,,,,,,,
D1-K2cross_e05_r006,TA(0.05),0.053200006019324064,0.07333333333333333,0.15292141988947777,1.511080569359594,0.073596970377288,-1.5453986512036735,,,,,,,,
D1-K2cross_e05_r006,TA(0.10),0.053541680914349854,0.08,0.1634314493616468,1.5112358795704155,0.02936329192245735,-1.555605145085026,,,,,,,,
D1-K2cross_e05_r006,TA(0.15),0.0539635670138523,0.08,0.02936329192245735,-1.555605145085026,0.1634314493616468,1.5112358795704155,,,,,,,,
D1-K2cross_e05_r006,TA(0.25),0.052303232019767165,0.07666666666666666,0.060480366947429295,-1.5252143623134387,0.1634314493616468,1.5112358795704155,,,,,,,,
D1-K2cross_e05_r006,TA(0.40),0.05257614201400429,0.07333333333333333,0.16454930323957684,1.511241047327724,0.06290160941805616,-1.5448369308246193,,,,,,,,
D1-K2cross_e10_r006,adapt,0.05918545601889491,0.07,-0.038949998253391585,-1.4551851236210998,0.2619700711208107,1.5362305000181056,,,,,,,,
D1-K2cross_e10_r006,adaptX,0.06522512598894536,0.07,0.2619700711208107,1.5362305000181056,-0.038949998253391585,-1.4551851236210998,,,,,,,,
D1-K2cross_e10_r006,HA50,0.01209060091059655,,0.08345049903711531,0.08297759540426601,4.678810530836739,12.775356593652123,,,,,,,,
D1-K2cross_e10_r006,TA(0.05),0.06100358604453504,0.07,0.28105992573008304,1.5274430551728435,-0.038949998253391585,-1.4551851236210998,,,,,,,,
D1-K2cross_e10_r006,TA(0.10),0.06126932695042342,0.07,-0.038949998253391585,-1.4551851236210998,0.2619700711208107,1.5362305000181056,,,,,,,,
D1-K2cross_e10_r006,TA(0.15),0.06151195790152997,0.07,0.2619700711208107,1.5362305000181056,-0.038949998253391585,-1.4551851236210998,,,,,,,,
D1-K2cross_e10_r006,TA(0.25),0.061267896089702845,0.07,0.2619700711208107,1.5362305000181056,-0.038949998253391585,-1.4551851236210998,,,,,,,,
D1-K2cross_e10_r006,TA(0.40),0.06023718195501715,0.07,0.2619700711208107,1.5362305000181056,-0.038949998253391585,-1.4551851236210998,,,,,,,,
D1-K2cross_e20_r006,adapt,0.053265386959537864,0.21333333333333335,0.2617772313994105,1.5959552434457867,0.14555426585448908,-1.548976813787734,,,,,,,,
D1-K2cross_e20_r006,adaptX,0.05815041798632592,0.21333333333333335,0.2617772313994105,1.5959552434457867,0.14555426585448908,-1.548976813787734,,,,,,,,
D1-K2cross_e20_r006,HA50,0.009086980018764734,,-2.8091575312202433,-0.5134496456280591,22.990535151141717,-0.07992508683244254,,,,,,,,
D1-K2cross_e20_r006,TA(0.05),0.05545900505967438,0.1,-21.044120449590448,-0.7101470926463986,-0.0878783561141546,-0.08696798661806329,,,,,,,,
D1-K2cross_e20_r006,TA(0.10),0.05418444494716823,0.1,-21.044120449590448,-0.7101470926463986,-0.0878783561141546,-0.08696798661806329,,,,,,,,
D1-K2cross_e20_r006,TA(0.15),0.05444313492625952,0.13,-17.88416481808629,-4.938455386815501,0.43523794995742215,-0.677226536636654,,,,,,,,
D1-K2cross_e20_r006,TA(0.25),0.05555586493574083,0.21333333333333335,0.2692138137012799,1.5968779022832555,0.13914378254153897,-1.5489607750534453,,,,,,,,
D1-K2cross_e20_r006,TA(0.40),0.05546631803736091,0.21333333333333335,0.14555426585448908,-1.548976813787734,0.2617772313994105,1.5959552434457867,,,,,,,,
D1-K2cross_e30_r006,adapt,0.05835939396638423,0.30666666666666664,0.10134479904025956,-1.5487507028846526,0.066345993904389,1.5300251817517432,,,,,,,,
D1-K2cross_e30_r006,adaptX,0.06741564197000116,0.30666666666666664,0.08924667809232374,1.5317484608770982,0.07972458015612736,-1.549177826240755,,,,,,,,
D1-K2cross_e30_r006,HA50,0.011812412994913757,,21.913117363324943,-0.44019959650349594,-4.001103197944516,-0.22119243366737196,,,,,,,,
D1-K2cross_e30_r006,TA(0.05),0.06084007606841624,0.15666666666666668,-0.04584526249841203,-0.05203069116621842,21.913117363324943,-0.44019959650349594,,,,,,,,
D1-K2cross_e30_r006,TA(0.10),0.060863431077450514,0.15666666666666668,21.913117363324943,-0.44019959650349594,-0.04584526249841203,-0.05203069116621842,,,,,,,,
D1-K2cross_e30_r006,TA(0.15),0.06032481393776834,0.15333333333333332,-21.343280417843015,1.1091744303295366,-0.04584526249841203,-0.05203069116621842,,,,,,,,
D1-K2cross_e30_r006,TA(0.25),0.060294362949207425,0.23,-0.5192722379953276,0.3825618833688098,-12.821522279041742,-6.903120160792407,,,,,,,,
D1-K2cross_e30_r006,TA(0.40),0.060065626981668174,0.30666666666666664,0.087898651178308,-1.5529542295261014,0.0514796924443647,1.5247034636553367,,,,,,,,
D2-K3par_e00_r006,adapt,0.21352220710832626,0.013333333333333334,-0.2320263696390333,0.9871659898999006,-3.3059421040093215,0.9571909992324329,2.8394292608591662,1.104118833019696,,,,,,
D2-K3par_e00_r006,adaptX,0.19571126601658762,0.013333333333333334,-3.3059421040093215,0.9571909992324329,2.8556214367179478,1.093111480736171,-0.22010378141898176,0.9789990759384981,,,,,,
D2-K3par_e00_r006,HA50,0.017017037025652826,,-0.1835362130372833,0.955940479412146,-3.3810309713336135,0.9504445136184989,2.937275556720449,1.0361672531416481,,,,,,
D2-K3par_e00_r006,TA(0.05),0.2164462460204959,0.013333333333333334,-3.3059421040093215,0.9571909992324329,-0.25810989928165623,0.9988145243968678,2.8078096082551776,1.1203592545015162,,,,,,
D2-K3par_e00_r006,TA(0.10),0.21697998594027013,0.013333333333333334,2.8078096082551776,1.1203592545015162,-3.3059421040093215,0.9571909992324329,-0.25810989928165623,0.9988145243968678,,,,,,
D2-K3par_e00_r006,TA(0.15),0.21697852294892073,0.013333333333333334,2.9399608362024603,1.0367524484392712,-0.08354187180125901,0.9417950223425195,-3.2279403392268184,0.9546762041699037,,,,,,
D2-K3par_e00_r006,TA(0.25),0.21612350293435156,0.013333333333333334,-0.14766455127229747,0.9734339330157752,2.9053506120818677,1.0611445022329813,-3.2723563882488045,0.9747036563518342,,,,,,
D2-K3par_e00_r006,TA(0.40),0.2150149339577183,0.016666666666666666,2.605363143283272,1.1981868422051074,-3.319614099002529,1.0247092084816445,-0.4850836693014598,1.097198657277154,,,,,,
D2-K3par_e05_r006,adapt,0.2454816420795396,0.06,3.231048561319595,1.0732526054100355,-2.9673806500245545,1.0597741526944289,0.20499812277041565,1.0435917749151693,,,,,,
D2-K3par_e05_r006,adaptX,0.2498905980028212,0.06,-2.9673806500245545,1.0597741526944289,0.20499812277041565,1.0435917749151693,3.231048561319595,1.0732526054100355,,,,,,
D2-K3par_e05_r006,HA50,0.01780484104529023,,12.985963534319321,-3.5659364512267895,-23.302010207080247,2.267614994111131,-0.5893990704465848,0.6888053617969978,,,,,,
D2-K3par_e05_r006,TA(0.05),0.2484357509529218,0.043333333333333335,-2.233070041286447,1.2117102775022368,2.0274292530910953,1.4226341484852387,-21.32155318911737,9.541603608106458,,,,,,
D2-K3par_e05_r006,TA(0.10),0.24893092701677233,0.06,0.23088857127542933,1.0382721889881872,-2.9311908317173954,1.0496997719027128,3.231048561319595,1.0732526054100355,,,,,,
D2-K3par_e05_r006,TA(0.15),0.2490228849928826,0.06,3.3085321498044156,1.0260334449333726,-2.913748193349685,1.0477824819609012,0.27536812662756976,1.0155552452082528,,,,,,
D2-K3par_e05_r006,TA(0.25),0.24779641802888364,0.06,-2.913748193349685,1.0477824819609012,3.3085321498044156,1.0260334449333726,0.27536812662756976,1.0155552452082528,,,,,,
D2-K3par_e05_r006,TA(0.40),0.24732231791131198,0.06,-2.4612365051637295,0.7815116817939077,3.4341276054872845,0.9732344755318055,0.5882201763831303,0.8096631236032484,,,,,,
D2-K3par_e10_r006,adapt,0.23474215401802212,0.08666666666666667,3.061383668277613,1.080178175551908,0.1344464005515567,1.0331372833685337,-3.0598332663220367,1.0026631618386426,,,,,,
D2-K3par_e10_r006,adaptX,0.24385930504649878,0.08666666666666667,0.1344464005515567,1.0331372833685337,3.061383668277613,1.080178175551908,-3.0598332663220367,1.0026631618386426,,,,,,
D2-K3par_e10_r006,HA50,0.017320398008450866,,-21.645404017836498,2.065695978907215,-0.11974807336747635,0.9461121735917336,23.14001140106238,3.4504943014432072,,,,,,
D2-K3par_e10_r006,TA(0.05),0.23576961003709584,0.05,13.952610528112347,-12.313316569762318,2.0239963848529468,0.9783699732128784,-2.501195788922108,1.0417662559710765,,,,,,
D2-K3par_e10_r006,TA(0.10),0.23585585691034794,0.08666666666666667,0.15147543801071786,1.0366887116104817,-3.0429627809219424,1.007916016776869,3.061383668277613,1.080178175551908,,,,,,
D2-K3par_e10_r006,TA(0.15),0.23728911008220166,0.09,-2.9261401121118067,0.9404925409138395,3.105065535775369,1.061309073715111,0.305645044450029,0.9588805586416567,,,,,,
D2-K3par_e10_r006,TA(0.25),0.2386656500166282,0.09,0.305645044450029,0.9588805586416567,-2.9261401121118067,0.9404925409138395,3.105065535775369,1.061309073715111,,,,,,
D2-K3par_e10_r006,TA(0.40),0.23752342408988625,0.09,3.105065535775369,1.061309073715111,0.34225108765349044,0.9528129056533667,-2.8943037033044066,0.9386419906123364,,,,,,
D2-K3par_e20_r006,adapt,0.283750380971469,0.19333333333333333,2.7937073550879425,1.1398750910526683,-3.1052797121560647,1.087863860328594,-0.23195369076493755,1.1518706115899717,,,,,,
D2-K3par_e20_r006,adaptX,0.31296089803799987,0.19333333333333333,-2.993266619026594,1.010598884303142,-0.05365346647313248,1.0383141539811023,2.8800871679868942,1.0938853887406235,,,,,,
D2-K3par_e20_r006,HA50,0.01602089498192072,,22.00202816128597,0.5572327562433975,-0.27302649694237174,1.0665312969383027,-22.655404057768372,0.232960495486323,,,,,,
D2-K3par_e20_r006,TA(0.05),0.28639468597248197,0.01,22.00202816128597,0.5572327562433975,-22.173872536096333,-0.4490321027179461,-0.27302649694237174,1.0665312969383027,,,,,,
D2-K3par_e20_r006,TA(0.10),0.2876443180721253,0.09,22.00202816128597,0.5572327562433975,1.7582318805727386,1.0332257078785263,-2.4081509676370896,1.047503569024949,,,,,,
D2-K3par_e20_r006,TA(0.15),0.2852614599978551,0.11333333333333333,1.7415577904277142,1.0290204986343479,-2.4260306235606297,1.0434963714300676,-22.173872536096333,-0.4490321027179461,,,,,,
D2-K3par_e20_r006,TA(0.25),0.2868477290030569,0.19333333333333333,2.8800871679868942,1.0938853887406235,-2.993266619026594,1.010598884303142,-0.05365346647313248,1.0383141539811023,,,,,,
D2-K3par_e20_r006,TA(0.40),0.2877862510504201,0.19333333333333333,-2.961450088998239,0.9893460350691078,-0.0028573637045332416,1.0043280267744612,2.9010861396416807,1.0816051852919588,,,,,,
D2-K3par_e30_r006,adapt,0.4120038260007277,0.0,0.30407711942012416,1.0327461647774023,-22.238117366585342,0.8923623449424024,23.034621976089454,0.34463475929647147,,,,,,
D2-K3par_e30_r006,adaptX,0.36282856098841876,0.17666666666666667,-2.185331097724739,1.2031144432831133,2.4067433004981336,1.1486356324662463,22.63905383835572,0.01933539047363257,,,,,,
D2-K3par_e30_r006,HA50,0.020990033983252943,,0.30407711942012416,1.0327461647774023,23.034621976089454,0.34463475929647147,-22.238117366585342,0.8923623449424024,,,,,,
D2-K3par_e30_r006,TA(0.05),0.4162323239725083,0.0,0.30407711942012416,1.0327461647774023,23.034621976089454,0.34463475929647147,-22.238117366585342,0.8923623449424024,,,,,,
D2-K3par_e30_r006,TA(0.10),0.4147290290566161,0.0,0.30407711942012416,1.0327461647774023,-22.238117366585342,0.8923623449424024,23.034621976089454,0.34463475929647147,,,,,,
D2-K3par_e30_r006,TA(0.15),0.4144478279631585,0.0,-22.238117366585342,0.8923623449424024,0.30407711942012416,1.0327461647774023,23.034621976089454,0.34463475929647147,,,,,,
D2-K3par_e30_r006,TA(0.25),0.41408219491131604,0.17666666666666667,-2.185331097724739,1.2031144432831133,23.034621976089454,0.34463475929647147,2.4067433004981336,1.1486356324662463,,,,,,
D2-K3par_e30_r006,TA(0.40),0.41444567299913615,0.3433333333333333,0.2292631250528854,1.0027996701054578,-2.8311015824617902,1.0800479863935724,3.0750673593943807,0.9825930256459788,,,,,,
D3-unequal_e00_r006,adapt,0.06677322706673294,0.02,-0.06283202804497526,1.4520841763824948,0.07019084018374887,-1.5698661739766302,,,,,,,,
D3-unequal_e00_r006,adaptX,0.06985384901054204,0.02,0.06077566093170333,-1.5695910635385735,-0.06283202804497526,1.4520841763824948,,,,,,,,
D3-unequal_e00_r006,HA50,0.01247084210626781,,0.02321572825698291,-1.573902842625534,0.0182083902956924,1.470318458261103,,,,,,,,
D3-unequal_e00_r006,TA(0.05),0.06842598295770586,0.023333333333333334,-0.043651720891269744,1.4648556691200276,0.06077566093170333,-1.5695910635385735,,,,,,,,
D3-unequal_e00_r006,TA(0.10),0.06935166893526912,0.02666666666666667,-0.06826542269413625,1.4888684922093725,0.07019084018374887,-1.5698661739766302,,,,,,,,
D3-unequal_e00_r006,TA(0.15),0.06915904907509685,0.02,0.07019084018374887,-1.5698661739766302,-0.06283202804497526,1.4520841763824948,,,,,,,,
D3-unequal_e00_r006,TA(0.25),0.06895240605808794,0.15333333333333332,-0.9679046410885567,-1.6265416508495798,0.806151813797578,-1.6233754875516708,,,,,,,,
D3-unequal_e00_r006,TA(0.40),0.07149861997459084,0.15333333333333332,-0.9788737639743439,-1.6356440418509204,0.7809737196542199,-1.6365748928772346,,,,,,,,
D3-unequal_e05_r006,adapt,0.05672707804478705,0.08,2.4467050800885,-0.26812095025749366,-1.8669834098965608,-0.5018401607706696,,,,,,,,
D3-unequal_e05_r006,adaptX,0.06270276301074773,0.07333333333333333,-0.15130412781973845,1.5319953139028557,0.07801036114554306,-1.5979552418038754,,,,,,,,
D3-unequal_e05_r006,HA50,0.00973283196799457,,-1.0331261610930367,-1.0309951380582245,16.015784440569835,-3.9390664056445805,,,,,,,,
D3-unequal_e05_r006,TA(0.05),0.05890061391983181,0.07333333333333333,0.08607044785750212,-1.5937046552478522,-0.12653710934327667,1.5438126846550497,,,,,,,,
D3-unequal_e05_r006,TA(0.10),0.059950654045678675,0.07333333333333333,-0.1631495864864098,1.528306794358909,0.08596842274743002,-1.6064884573671159,,,,,,,,
D3-unequal_e05_r006,TA(0.15),0.05860530200880021,0.07666666666666666,-0.1771581846108714,1.5287734920743932,0.09105789163281805,-1.6065045537704603,,,,,,,,
D3-unequal_e05_r006,TA(0.25),0.057520542992278934,0.2,-1.1896176741857079,-1.1896194009082142,1.0228471842764668,-1.3329466859614716,,,,,,,,
D3-unequal_e05_r006,TA(0.40),0.05838022998068482,0.24333333333333335,-0.7388513072177104,-1.6803300392347114,1.0933110636424568,-1.7322289530185138,,,,,,,,
D3-unequal_e10_r006,adapt,0.0586181670660153,0.11333333333333333,-0.0330433306138374,-1.5656344715137314,0.05583632293539612,1.498331491151685,,,,,,,,
D3-unequal_e10_r006,adaptX,0.06367918907199055,0.11666666666666667,-0.046352317949390966,-1.57359321206141,0.05583632293539612,1.498331491151685,,,,,,,,
D3-unequal_e10_r006,HA50,0.010324012953788042,,-0.2802997790570092,-1.1530134964715042,7.705666106583903,10.279890996485095,,,,,,,,
D3-unequal_e10_r006,TA(0.05),0.059572738013230264,0.13666666666666666,-17.5859932666306,-2.8642651644651553,0.029218761753354684,-1.079243466633514,,,,,,,,
D3-unequal_e10_r006,TA(0.10),0.06065782194491476,0.11666666666666667,0.05566436911232713,1.4983255240752025,-0.04645037438598204,-1.5735909691702792,,,,,,,,
D3-unequal_e10_r006,TA(0.15),0.06111542705912143,0.11333333333333333,0.05583632293539612,1.498331491151685,-0.0330433306138374,-1.5656344715137314,,,,,,,,
D3-unequal_e10_r006,TA(0.25),0.06195942801423371,0.11333333333333333,0.05566436911232713,1.4983255240752025,-0.03321729082914267,-1.565631092121564,,,,,,,,
D3-unequal_e10_r006,TA(0.40),0.05933673307299614,0.26666666666666666,-0.8903686246574173,-1.4220144079088668,0.8558937114174412,-1.386878597183547,,,,,,,,
D3-unequal_e20_r006,adapt,0.05873311799950898,0.19333333333333333,-0.08090415642104322,-1.401811097258266,-0.2759969240408056,1.4698351188798562,,,,,,,,
D3-unequal_e20_r006,adaptX,0.06911781697999686,0.19333333333333333,-0.049324127850748585,-1.3987358844675322,-0.365613065481094,1.4679015375270417,,,,,,,,
D3-unequal_e20_r006,HA50,0.012270662933588028,,22.902353738795355,-0.3694955186449009,-2.1238962834282265,-0.810137691072303,,,,,,,,
D3-unequal_e20_r006,TA(0.05),0.06018679600674659,0.15666666666666668,0.08177661494503737,-0.8985856866300632,22.902353738795355,-0.3694955186449009,,,,,,,,
D3-unequal_e20_r006,TA(0.10),0.0601300640264526,0.08333333333333333,0.004894038703098315,-0.5640232641879022,22.902353738795355,-0.3694955186449009,,,,,,,,
D3-unequal_e20_r006,TA(0.15),0.06117889005690813,0.21333333333333335,19.13149805882902,-4.291530847018899,-0.0615310222520588,-1.3068461460055552,,,,,,,,
D3-unequal_e20_r006,TA(0.25),0.059988665976561606,0.19333333333333333,-0.062438250824286695,-1.4000705514690368,-0.34077011623309633,1.4685994798855364,,,,,,,,
D3-unequal_e20_r006,TA(0.40),0.05962871597148478,0.3433333333333333,-1.0354189217137593,-1.242802847447396,0.7156742539961057,-1.2757075015180983,,,,,,,,
D3-unequal_e30_r006,adapt,0.06950467498973012,0.27,-0.14997863401071485,-1.3127443545313886,23.55785717183532,-1.2345214860162137,,,,,,,,
D3-unequal_e30_r006,adaptX,0.07307311205659062,0.14,-8.575828519233633,3.3232256981368207,14.794477305576693,5.865197288181036,,,,,,,,
D3-unequal_e30_r006,HA50,0.010433939984068274,,-5.335226805505876,-0.603804716119811,23.5950125871047,-0.9431683556182318,,,,,,,,
D3-unequal_e30_r006,TA(0.05),0.07066362001933157,0.20666666666666667,23.5950125871047,-0.9431683556182318,-0.3697833022602036,-0.7918196977496622,,,,,,,,
D3-unequal_e30_r006,TA(0.10),0.07180335698649287,0.18666666666666668,-22.34176408726591,-0.6985851073087147,-0.21700688994304934,-0.8708104775981257,,,,,,,,
D3-unequal_e30_r006,TA(0.15),0.07246406492777169,0.24333333333333335,-22.34176408726591,-0.6985851073087147,-0.047740534606047734,-1.2552948968978976,,,,,,,,
D3-unequal_e30_r006,TA(0.25),0.07165878999512643,0.24333333333333335,-22.34176408726591,-0.6985851073087147,-0.15241581906436802,-1.3569733331497604,,,,,,,,
D3-unequal_e30_r006,TA(0.40),0.07079184893518686,0.25333333333333335,1.168445465103197,10.367158494604114,-0.11491197703986984,-1.3837054429138622,,,,,,,,
D4-hetero_e00_r006,adapt,0.05524311005137861,0.03333333333333333,0.06887226713319321,1.6234097310483047,-0.026693956403294628,-1.4777028756632964,,,,,,,,
D4-hetero_e00_r006,adaptX,0.05947811796795577,0.03333333333333333,0.06882729464253014,1.6234108067565642,-0.02724032032260827,-1.477695057534165,,,,,,,,
D4-hetero_e00_r006,HA50,0.009015265968628228,,0.06830989847808282,1.6387402574902143,-0.04949489865089688,-1.4746504941586456,,,,,,,,
D4-hetero_e00_r006,TA(0.05),0.058064128970727324,0.03,0.06887226713319321,1.6234097310483047,-0.034336761337132926,-1.482869129741431,,,,,,,,
D4-hetero_e00_r006,TA(0.10),0.057770098093897104,0.03333333333333333,0.06887226713319321,1.6234097310483047,-0.026693956403294628,-1.4777028756632964,,,,,,,,
D4-hetero_e00_r006,TA(0.15),0.05735420994460583,0.03,0.06887226713319321,1.6234097310483047,-0.034336761337132926,-1.482869129741431,,,,,,,,
D4-hetero_e00_r006,TA(0.25),0.05643517104908824,0.03333333333333333,-0.026693956403294628,-1.4777028756632964,0.06887226713319321,1.6234097310483047,,,,,,,,
D4-hetero_e00_r006,TA(0.40),0.056761719984933734,0.36666666666666664,-0.6795604935713785,-1.5867406257676122,0.3757154551961555,-1.5281196547256526,,,,,,,,
D4-hetero_e05_r006,adapt,0.05480572895612568,0.07,-0.2085435313665588,1.456295407327102,0.10007258786475083,-1.5520808824230978,,,,,,,,
D4-hetero_e05_r006,adaptX,0.05770776909776032,0.07,0.09306132320285843,-1.5541176889579174,-0.21702366928790764,1.4542020448903068,,,,,,,,
D4-hetero_e05_r006,HA50,0.009287696913816035,,-23.31392647119865,-0.410877267932589,0.2569144238282797,-0.14741972660961447,,,,,,,,
D4-hetero_e05_r006,TA(0.05),0.05608622601721436,0.07,0.09452105260240565,-1.5540753793354007,-0.21878221578553989,1.4541287793185425,,,,,,,,
D4-hetero_e05_r006,TA(0.10),0.056897688074968755,0.07,-0.22243007293393338,1.4539684014768404,0.09747412395774693,-1.5539811179674674,,,,,,,,
D4-hetero_e05_r006,TA(0.15),0.05690337694250047,0.07,-0.22243007293393338,1.4539684014768404,0.09747412395774693,-1.5539811179674674,,,,,,,,
D4-hetero_e05_r006,TA(0.25),0.055962176993489265,0.07,-0.22243007293393338,1.4539684014768404,0.09747412395774693,-1.5539811179674674,,,,,,,,
D4-hetero_e05_r006,TA(0.40),0.05729431100189686,0.07,-0.24668930110827936,1.4379112331349766,0.09747412395774693,-1.5539811179674674,,,,,,,,
D4-hetero_e10_r006,adapt,0.06639589299447834,0.1,0.055898973598666156,1.5971359609627893,0.026258608148437706,-1.5166853666328606,,,,,,,,
D4-hetero_e10_r006,adaptX,0.06865680194459856,0.1,0.030440613758167843,-1.51656417478009,0.050489277992162684,1.5974301017409467,,,,,,,,
D4-hetero_e10_r006,HA50,0.012923290953040123,,-0.47931456647690907,-0.1694361201830665,23.17022907998157,1.1884450472671524,,,,,,,,
D4-hetero_e10_r006,TA(0.05),0.0675260010175407,0.03666666666666667,0.2811683353874973,-0.2032187238173591,23.17022907998157,1.1884450472671524,,,,,,,,
D4-hetero_e10_r006,TA(0.10),0.06875776697415859,0.1,0.030440613758167843,-1.51656417478009,0.050489277992162684,1.5974301017409467,,,,,,,,
D4-hetero_e10_r006,TA(0.15),0.0685650579398498,0.1,0.030440613758167843,-1.51656417478009,0.050489277992162684,1.5974301017409467,,,,,,,,
D4-hetero_e10_r006,TA(0.25),0.0689529679948464,0.1,0.055898973598666156,1.5971359609627893,0.026258608148437706,-1.5166853666328606,,,,,,,,
D4-hetero_e10_r006,TA(0.40),0.06741961906664073,0.1,0.050489277992162684,1.5974301017409467,0.030440613758167843,-1.51656417478009,,,,,,,,
D4-hetero_e20_r006,adapt,0.051292776013724506,0.18666666666666668,-0.043034624458931726,-1.52095929611717,-0.03023910099985754,1.5745469516182193,,,,,,,,
D4-hetero_e20_r006,adaptX,0.07100913708563894,0.18666666666666668,-0.043034624458931726,-1.52095929611717,-0.03023910099985754,1.5745469516182193,,,,,,,,
D4-hetero_e20_r006,HA50,0.015315845957957208,,-1.229458987731184,0.15340706104245955,21.724178575089056,-0.8180407707076663,,,,,,,,
D4-hetero_e20_r006,TA(0.05),0.05366871296428144,0.05333333333333334,21.724178575089056,-0.8180407707076663,0.07899675178681353,0.0023779705596551817,,,,,,,,
D4-hetero_e20_r006,TA(0.10),0.05323143594432622,0.05333333333333334,18.725038125208233,-2.9929490102026057,-0.19832068960108368,-0.232282710487101,,,,,,,,
D4-hetero_e20_r006,TA(0.15),0.05375776591245085,0.19,-0.017627410707163473,-1.5256383446343165,0.024023544639528202,1.5895584831169465,,,,,,,,
D4-hetero_e20_r006,TA(0.25),0.05236852902453393,0.18666666666666668,-0.043034624458931726,-1.52095929611717,-0.03023910099985754,1.5745469516182193,,,,,,,,
D4-hetero_e20_r006,TA(0.40),0.05429855396505445,0.18666666666666668,-0.03023910099985754,1.5745469516182193,-0.043034624458931726,-1.52095929611717,,,,,,,,
D4-hetero_e30_r006,adapt,0.05275443696882576,0.2733333333333333,0.08273421126107945,-1.4871991975688288,0.25377936395115525,1.6639154263924822,,,,,,,,
D4-hetero_e30_r006,adaptX,0.060061191907152534,0.2733333333333333,0.25377936395115525,1.6639154263924822,0.08273421126107945,-1.4871991975688288,,,,,,,,
D4-hetero_e30_r006,HA50,0.011046913918107748,,-23.65465187549448,0.8826628011831927,3.5877590951145026,-0.25742108173883016,,,,,,,,
D4-hetero_e30_r006,TA(0.05),0.05373077606782317,0.13666666666666666,-0.018075356402118957,0.18750366525181097,-23.65465187549448,0.8826628011831927,,,,,,,,
D4-hetero_e30_r006,TA(0.10),0.054371539037674665,0.13666666666666666,-23.65465187549448,0.8826628011831927,-0.018075356402118957,0.18750366525181097,,,,,,,,
D4-hetero_e30_r006,TA(0.15),0.05408150306902826,0.13666666666666666,-0.018075356402118957,0.18750366525181097,-23.65465187549448,0.8826628011831927,,,,,,,,
D4-hetero_e30_r006,TA(0.25),0.05334130208939314,0.2733333333333333,0.2743156756129249,1.6729546109469429,0.08273421126107945,-1.4871991975688288,,,,,,,,
D4-hetero_e30_r006,TA(0.40),0.05351268209051341,0.2733333333333333,0.07264572154679201,-1.4913468197358228,0.19198460039580142,1.6700174925760776,,,,,,,,
D5-leverage_e00_r006,adapt,0.050779116922058165,0.02666666666666667,0.024858359453440008,-1.417436141821655,0.05625096323612556,1.6187491226892021,,,,,,,,
D5-leverage_e00_r006,adaptX,0.0551356200594455,0.02666666666666667,0.05625096323612556,1.6187491226892021,0.024858359453440008,-1.417436141821655,,,,,,,,
D5-leverage_e00_r006,HA50,0.008935694000683725,,-0.022945826726558795,-1.446301956236192,-0.07147888956514424,1.5997555601252957,,,,,,,,
D5-leverage_e00_r006,TA(0.05),0.05217816890217364,0.02,-0.0033735789796315876,-1.4304112622114407,0.0497384560295694,1.604204522431942,,,,,,,,
D5-leverage_e00_r006,TA(0.10),0.051767408032901585,0.02,-0.004774298643511729,-1.4305296443467697,0.047758392157677194,1.6039667502305084,,,,,,,,
D5-leverage_e00_r006,TA(0.15),0.05463081004563719,0.02,0.047758392157677194,1.6039667502305084,-0.004774298643511729,-1.4305296443467697,,,,,,,,
D5-leverage_e00_r006,TA(0.25),0.05307690904010087,0.023333333333333334,-0.003015632814559659,-1.433682392810102,-0.008080528048948392,1.5742645728871774,,,,,,,,
D5-leverage_e00_r006,TA(0.40),0.05220659403130412,0.023333333333333334,0.0009205848681970468,1.578683223911831,0.008347058930793128,-1.4300623089596156,,,,,,,,
D5-leverage_e05_r006,adapt,0.0503439879976213,0.04,-0.06071805112880804,-1.56472493762112,0.13084206095611278,1.429439027578332,,,,,,,,
D5-leverage_e05_r006,adaptX,0.056060612900182605,0.04,-0.07170925701584312,-1.5606923724272437,0.12155413904109082,1.4328416639341315,,,,,,,,
D5-leverage_e05_r006,HA50,0.009518207050859928,,-2.2494357712541424,0.014885789907422519,2.434953466541233,-0.05623162604839924,,,,,,,,
D5-leverage_e05_r006,TA(0.05),0.05263022403232753,0.04,0.13084206095611278,1.429439027578332,-0.06071805112880804,-1.56472493762112,,,,,,,,
D5-leverage_e05_r006,TA(0.10),0.05294005700852722,0.04,-0.07170925701584312,-1.5606923724272437,0.12155413904109082,1.4328416639341315,,,,,,,,
D5-leverage_e05_r006,TA(0.15),0.052998321945779026,0.04,0.12563719042520619,1.4326022563242586,-0.07599572166595041,-1.5604288591355298,,,,,,,,
D5-leverage_e05_r006,TA(0.25),0.05246088595595211,0.04,-0.06071805112880804,-1.56472493762112,0.13084206095611278,1.429439027578332,,,,,,,,
D5-leverage_e05_r006,TA(0.40),0.05317982204724103,0.04,0.11683228165810201,1.4300216970318558,-0.04343041927343789,-1.5655736853519648,,,,,,,,
D5-leverage_e10_r006,adapt,0.045889865956269205,0.12333333333333334,-0.07292870180534133,-1.5357291731138876,-0.06782344110352641,1.485688308634737,,,,,,,,
D5-leverage_e10_r006,adaptX,0.05780965101439506,0.12333333333333334,-0.07192277866079626,1.4858585120950711,-0.06862750775945736,-1.535420152940205,,,,,,,,
D5-leverage_e10_r006,HA50,0.010431425063870847,,2.3133473287491166,-0.060646031957679786,-2.455024630378031,0.09361915164353968,,,,,,,,
D5-leverage_e10_r006,TA(0.05),0.047298365039750934,0.013333333333333334,-2.3369934847586,0.1242994399103946,2.3133473287491166,-0.060646031957679786,,,,,,,,
D5-leverage_e10_r006,TA(0.10),0.0465650949627161,0.013333333333333334,-2.3369934847586,0.1242994399103946,2.3133473287491166,-0.060646031957679786,,,,,,,,
D5-leverage_e10_r006,TA(0.15),0.04746540996711701,0.12333333333333334,-0.07292870180534133,-1.5357291731138876,-0.06782344110352641,1.485688308634737,,,,,,,,
D5-leverage_e10_r006,TA(0.25),0.04706819308921695,0.12333333333333334,-0.06782344110352641,1.485688308634737,-0.07292870180534133,-1.5357291731138876,,,,,,,,
D5-leverage_e10_r006,TA(0.40),0.04699801409151405,0.12333333333333334,-0.1187932737528982,-1.5341369599290418,-0.06377842408565398,1.485485165395664,,,,,,,,
D5-leverage_e20_r006,adapt,0.05095606099348515,0.013333333333333334,2.261605930950351,-0.4295427420341065,-1.984082793775491,0.3525227295546866,,,,,,,,
D5-leverage_e20_r006,adaptX,0.05582435999531299,0.16,0.08804935181209365,-1.5468015946284808,0.013704967169855371,1.4683406189779997,,,,,,,,
D5-leverage_e20_r006,HA50,0.010000374051742256,,-2.1643852014876104,0.03159339494313292,2.4142047529928288,-0.13655306399496359,,,,,,,,
D5-leverage_e20_r006,TA(0.05),0.05379508202895522,0.0,-2.1117605332228444,0.024226853586293905,2.4730814891231363,-0.1446417656245658,,,,,,,,
D5-leverage_e20_r006,TA(0.10),0.0534785189665854,0.0,-2.2610421235065146,0.03948520774113429,2.3081700028269303,-0.12661905441654556,,,,,,,,
D5-leverage_e20_r006,TA(0.15),0.053407205967232585,0.016666666666666666,2.2331903672942355,-0.46026994558131246,-1.9164569554525552,0.34367760895254845,,,,,,,,
D5-leverage_e20_r006,TA(0.25),0.053246736992150545,0.16,0.09945324861132822,-1.5467221509330902,0.006955393467953856,1.4678647260341162,,,,,,,,
D5-leverage_e20_r006,TA(0.40),0.052482375991530716,0.16,0.06895998082482205,-1.5606750125121955,-0.02383942329345445,1.4523474028509822,,,,,,,,
D5-leverage_e30_r006,adapt,0.05152362899389118,0.01,-2.24547655365777,0.09881533648636483,2.333921756992791,-0.07867488151037909,,,,,,,,
D5-leverage_e30_r006,adaptX,0.058790202951058745,0.01,-2.1430095301690923,0.08746142780124877,2.444482833843784,-0.09297772069232338,,,,,,,,
D5-leverage_e30_r006,HA50,0.009515535901300609,,-2.2804029906423247,0.09576479255820594,2.3782270546476942,-0.08060827806392919,,,,,,,,
D5-leverage_e30_r006,TA(0.05),0.053850025054998696,0.01,-2.2047578108442254,0.09449444410577958,2.376687462344186,-0.08400991789206176,,,,,,,,
D5-leverage_e30_r006,TA(0.10),0.05333258502651006,0.01,2.233046723679861,-0.0670419077725736,-2.3454062477146347,0.10852155033871665,,,,,,,,
D5-leverage_e30_r006,TA(0.15),0.05290514696389437,0.01,2.2733097360430667,-0.071696351079503,-2.3051999044000713,0.10460819194706435,,,,,,,,
D5-leverage_e30_r006,TA(0.25),0.05426169594284147,0.01,-2.2891109887267507,0.1041028938020052,2.2887909557013653,-0.07236967486371923,,,,,,,,
D5-leverage_e30_r006,TA(0.40),0.05310603103134781,0.08,0.10434545476600869,1.4141580116959453,2.1511920059866223,-0.28564274739442175,,,,,,,,
D6-uniform_e00_r006,adapt,0.05207903007976711,0.013333333333333334,-0.023061343086881625,1.5078353092285424,0.009194550586640093,-1.5142266124405115,,,,,,,,
D6-uniform_e00_r006,adaptX,0.0558229599846527,0.016666666666666666,-0.04863605528589611,1.5032777179697776,-0.011013223355581256,-1.51078748566472,,,,,,,,
D6-uniform_e00_r006,HA50,0.009011509013362229,,-0.023061343086881625,1.5078353092285424,0.03951000667439539,-1.5518489370900066,,,,,,,,
D6-uniform_e00_r006,TA(0.05),0.053024666965939105,0.02,0.003846860808606002,-1.5141008654232975,-0.05783128697010153,1.4846684368254064,,,,,,,,
D6-uniform_e00_r006,TA(0.10),0.053658051998354495,0.013333333333333334,-0.0009043188252270465,-1.5141907308801328,-0.023523061807226932,1.5080951810134011,,,,,,,,
D6-uniform_e00_r006,TA(0.15),0.053995621972717345,0.02,-0.06801701740972382,1.488771604037981,-0.006362487632733409,-1.5106885825204412,,,,,,,,
D6-uniform_e00_r006,TA(0.25),0.05360536207444966,0.016666666666666666,-0.04863605528589611,1.5032777179697776,-0.011013223355581256,-1.51078748566472,,,,,,,,
D6-uniform_e00_r006,TA(0.40),0.0544388210400939,0.02,-0.08535327547714949,1.4846109946129393,-0.020803299866730674,-1.5143740509082348,,,,,,,,
D6-uniform_e05_r006,adapt,0.05268192896619439,0.08333333333333333,0.20359602852989456,-1.527018053514523,0.06846323694844669,1.5162217083741432,,,,,,,,
D6-uniform_e05_r006,adaptX,0.058335265959613025,0.08333333333333333,0.044998058844070675,1.5179989650420036,0.22557903392013598,-1.5262663589032215,,,,,,,,
D6-uniform_e05_r006,HA50,0.009371213032864034,,0.1321093549351774,-1.511933400166666,-0.09316312054680027,1.6448600300470704,,,,,,,,
D6-uniform_e05_r006,TA(0.05),0.055071749025955796,0.08333333333333333,0.20359602852989456,-1.527018053514523,0.06846323694844669,1.5162217083741432,,,,,,,,
D6-uniform_e05_r006,TA(0.10),0.05537811492104083,0.08333333333333333,0.20359602852989456,-1.527018053514523,0.06846323694844669,1.5162217083741432,,,,,,,,
D6-uniform_e05_r006,TA(0.15),0.05474394699558616,0.08333333333333333,0.20359602852989456,-1.527018053514523,0.06846323694844669,1.5162217083741432,,,,,,,,
D6-uniform_e05_r006,TA(0.25),0.05445494095329195,0.08333333333333333,0.20359602852989456,-1.527018053514523,0.06846323694844669,1.5162217083741432,,,,,,,,
D6-uniform_e05_r006,TA(0.40),0.05364526296034455,0.08333333333333333,0.06846323694844669,1.5162217083741432,0.20359602852989456,-1.527018053514523,,,,,,,,
D6-uniform_e10_r006,adapt,0.05181615997571498,0.09,0.1458242242903458,1.5572433798971066,-0.1790737208087112,-1.6383544915256854,,,,,,,,
D6-uniform_e10_r006,adaptX,0.05740445794072002,0.08666666666666667,0.16214994518720974,1.5801401479374182,-0.1840850661427239,-1.63869521941344,,,,,,,,
D6-uniform_e10_r006,HA50,0.008672590949572623,,0.05657816592182004,-1.7591897721426364,0.20280283597485227,1.7081760360584641,,,,,,,,
D6-uniform_e10_r006,TA(0.05),0.053710291045717895,0.08333333333333333,0.20634140415793378,1.5990800738634947,-0.17708102301838488,-1.6363475880401752,,,,,,,,
D6-uniform_e10_r006,TA(0.10),0.052922267001122236,0.09,0.14021082491857148,1.5564495244111733,-0.1840850661427239,-1.63869521941344,,,,,,,,
D6-uniform_e10_r006,TA(0.15),0.05453963403124362,0.09,0.13119857601884152,1.5543242306715501,-0.17651197870189575,-1.6333732445396103,,,,,,,,
D6-uniform_e10_r006,TA(0.25),0.05535408097784966,0.08666666666666667,0.1690012926411205,1.5808984006422186,-0.17791558388511333,-1.6384203733765832,,,,,,,,
D6-uniform_e10_r006,TA(0.40),0.058076519053429365,0.08666666666666667,0.19777938286446278,1.599311060948138,-0.16969797821856053,-1.6370442860574395,,,,,,,,
D6-uniform_e20_r006,adapt,0.06378198100719601,0.2,-0.0031541193955239907,1.5208654030361168,0.07488697181951336,-1.6075500083199685,,,,,,,,
D6-uniform_e20_r006,adaptX,0.06277821504045278,0.20666666666666667,0.1042181543422933,-1.5121261724572768,0.008677155809698174,1.5244896886790322,,,,,,,,
D6-uniform_e20_r006,HA50,0.013968448038212955,,-3.5847477070563314,-0.10916424726834528,2.7850626921474744,0.028035088942044987,,,,,,,,
D6-uniform_e20_r006,TA(0.05),0.0651824870146811,0.0,2.6430697932943636,0.01093319307770682,-3.680129033778202,-0.09439480225691832,,,,,,,,
D6-uniform_e20_r006,TA(0.10),0.06543367099948227,0.2,-0.009577993712870134,1.5209347770139483,0.00422189530349581,-1.63092429520565,,,,,,,,
D6-uniform_e20_r006,TA(0.15),0.06503596808761358,0.2,-0.025055003686041792,1.5333818462548103,0.04235042145295624,-1.6244038518689183,,,,,,,,
D6-uniform_e20_r006,TA(0.25),0.0663259819848463,0.20666666666666667,0.008677155809698174,1.5244896886790322,0.1042181543422933,-1.5121261724572768,,,,,,,,
D6-uniform_e20_r006,TA(0.40),0.06540608895011246,0.20333333333333334,-0.008235538480563588,1.5377545419598961,0.13240407192783935,-1.5357111159577401,,,,,,,,
D6-uniform_e30_r006,adapt,0.05400445102714002,0.0,3.410500938427259,0.16708530581448405,-2.913782593957402,0.05194035075776037,,,,,,,,
D6-uniform_e30_r006,adaptX,0.060845239902846515,0.0,-2.9177980593348747,0.0138690316261072,3.411811764790032,0.13094117609588093,,,,,,,,
D6-uniform_e30_r006,HA50,0.01118998706806451,,-3.0834683591230387,0.17119110752554012,3.250068165317267,0.2699560398433491,,,,,,,,
D6-uniform_e30_r006,TA(0.05),0.05596540297847241,0.0,-2.8943506767451175,0.034766154528994356,3.431989341096778,0.14969506310840136,,,,,,,,
D6-uniform_e30_r006,TA(0.10),0.05516285903286189,0.0,-2.913782593957402,0.05194035075776037,3.410500938427259,0.16708530581448405,,,,,,,,
D6-uniform_e30_r006,TA(0.15),0.055740507086738944,0.0,3.411811764790032,0.13094117609588093,-2.9177980593348747,0.0138690316261072,,,,,,,,
D6-uniform_e30_r006,TA(0.25),0.05722075910307467,0.19,0.42356411187004106,1.4092183266523566,-0.07166169597411702,-1.5533339239221602,,,,,,,,
D6-uniform_e30_r006,TA(0.40),0.056813137023709714,0.18666666666666668,-0.07213609410619606,-1.5488493677382524,0.19956382198619688,1.459682735782914,,,,,,,,
D7-p3_e00_r006,adapt,0.21845849591773003,0.016666666666666666,-0.029826683348476643,-1.508060554258615,0.9537273608065119,0.9970263730879525,0.0720983886308408,1.466623189050838,1.0625123498748603,0.9752034870654326,,,,
D7-p3_e00_r006,adaptX,1.9770276960916817,0.03666666666666667,0.0720983886308408,1.466623189050838,1.0625123498748603,0.9752034870654326,-0.022140108716295074,-1.4977621548512619,0.9618375828494137,0.9891666528520529,,,,
D7-p3_e00_r006,HA50,0.012703201035037637,,-0.020451590043909965,1.4787156641589094,1.085579057170903,0.9703020433921453,0.04664323259608486,-1.525496972131303,0.9672438333679417,1.0011565430603324,,,,
D7-p3_e00_r006,TA(0.05),0.22018227796070278,0.016666666666666666,0.0720983886308408,1.466623189050838,1.0625123498748603,0.9752034870654326,-0.029826683348476643,-1.508060554258615,0.9537273608065119,0.9970263730879525,,,,
D7-p3_e00_r006,TA(0.10),0.21939491399098188,0.016666666666666666,-0.029619944903582142,-1.50858851894182,0.9556863877324966,0.9944509843089218,0.08025576796064991,1.4666450550091146,1.0575876088561702,0.9710512552122291,,,,
D7-p3_e00_r006,TA(0.15),0.22098325402475893,0.016666666666666666,-0.017619315048926998,-1.5054170130066225,0.9653730924746653,1.0070015396607372,0.07626803232891644,1.4668933898611096,1.058532004533505,0.9744876899331417,,,,
D7-p3_e00_r006,TA(0.25),0.22251272201538086,0.023333333333333334,0.05908164164161237,1.4502994456809295,1.0369311650789301,1.0048820476228095,-0.03683165034660662,-1.528241065485113,0.9200381684946581,1.0228805831401162,,,,
D7-p3_e00_r006,TA(0.40),0.22005992394406348,0.02,0.06963565885990079,1.449070067178576,1.0617953734420598,0.9928545248310315,-0.04045388974690192,-1.511593370205122,0.9591363625175019,0.9998639145180933,,,,
D7-p3_e05_r006,adapt,0.2347188499988988,0.05333333333333334,-0.04790420884168042,1.569445801865443,1.0019159047845194,0.9855147348506913,0.015446983702206108,-1.5823912159989417,1.0145679381294395,0.9792780996519138,,,,
D7-p3_e05_r006,adaptX,2.000275754951872,0.06333333333333334,-0.02419078882888069,1.589645213690277,1.0257871929039792,0.983318554638589,-0.02501383701872586,-1.5596453993069226,1.0228108777972076,1.0032240450670795,,,,
D7-p3_e05_r006,HA50,0.006402815924957395,,-0.8599138508828588,7.925599381587676,20.450468340504603,4.37916198029324,0.2640427456030218,-0.014478146067825949,0.7404720096436033,0.8078582580937179,,,,
D7-p3_e05_r006,TA(0.05),0.23582778603304178,0.05,-0.02419078882888069,1.589645213690277,1.0257871929039792,0.983318554638589,0.013412004110227579,-1.5825122377670695,1.0145768164078999,0.9794410941978081,,,,
D7-p3_e05_r006,TA(0.10),0.2360371999675408,0.05333333333333334,0.022379233998752055,-1.5810726787644918,1.0198747867155495,0.9832947870937909,-0.07190685090616436,1.566065223322679,0.9950566385794064,0.9688496347670186,,,,
D7-p3_e05_r006,TA(0.15),0.23612475697882473,0.05333333333333334,0.020080889579179844,-1.5787596639100807,1.0250421235484977,0.9891448793982598,-0.04461902009450159,1.589034054160499,1.0275458531973396,0.9667353947576254,,,,
D7-p3_e05_r006,TA(0.25),0.2355747459223494,0.05,-0.00306578631222279,1.5910202837610032,1.024407897924851,0.9993403687872876,0.009628459252712187,-1.582950371576479,1.0176714589565692,0.9785828703665239,,,,
D7-p3_e05_r006,TA(0.40),0.23652554908767343,0.05,-0.009986846592610659,1.5904556072953049,1.0261385833357153,0.9982811688056774,0.006955431487951118,-1.5833199862811895,1.0211276167150187,0.975912902764901,,,,
D7-p3_e10_r006,adapt,0.25926313002128154,0.09666666666666666,0.14519741471351094,1.517693153372937,1.0011751906482862,1.0329958273559496,-0.1557321766258156,-1.4751655536768857,1.010494436625856,1.0268480739900725,,,,
D7-p3_e10_r006,adaptX,2.2802096570376307,0.09666666666666666,0.14519741471351094,1.517693153372937,1.0011751906482862,1.0329958273559496,-0.1557321766258156,-1.4751655536768857,1.010494436625856,1.0268480739900725,,,,
D7-p3_e10_r006,HA50,0.013311380986124277,,-1.1397898100116308,-0.22887683532527597,-5.548962796929565,-12.569658390004314,-0.22719679834714365,-0.15934567095656765,1.2502433059686586,1.5122566933172699,,,,
D7-p3_e10_r006,TA(0.05),0.2600830930750817,0.05,-14.945784374985225,-4.143039256126581,0.6629688156474518,1.9223120716424724,0.5666579650487678,-0.46873276345109854,0.9281567761477012,0.9737717913859907,,,,
D7-p3_e10_r006,TA(0.10),0.26085646904539317,0.09666666666666666,-0.13384610163767752,-1.4822529167211518,1.0212382594314575,1.0234791901949862,0.15610038990924094,1.5121435869382744,1.0215585029503196,1.0467248268781508,,,,
D7-p3_e10_r006,TA(0.15),0.2603671179385856,0.09666666666666666,0.1742952926183347,1.5102668247586062,1.0149443123942208,1.0346880886342185,-0.15534923735016024,-1.4822334426774928,1.0282448745691626,1.036573026409687,,,,
D7-p3_e10_r006,TA(0.25),0.26244265597779304,0.09666666666666666,0.1563021303758306,1.5166378875284972,0.9992119546895389,1.0277708420595888,-0.16733631615532094,-1.4748965826167115,1.0123629785971822,1.032546870422061,,,,
D7-p3_e10_r006,TA(0.40),0.26090777409262955,0.09666666666666666,0.1742952926183347,1.5102668247586062,1.0149443123942208,1.0346880886342185,-0.15534923735016024,-1.4822334426774928,1.0282448745691626,1.036573026409687,,,,
D7-p3_e20_r006,adapt,0.22013269597664475,0.17666666666666667,-0.05100783411799811,1.4801491880736588,0.9507585499916303,1.0139496491164468,0.04005674227968021,-1.513852682944417,0.9863700285387488,1.0271427285335226,,,,
D7-p3_e20_r006,adaptX,1.7420103349722922,0.17666666666666667,-0.03302667293813816,1.4873720431495367,0.932883601326347,1.0043549081106447,0.05509488349229953,-1.5079162669873467,0.973849554203767,1.0191899708114247,,,,
D7-p3_e20_r006,HA50,0.0142650599591434,,0.00908689229098178,0.7420180914013033,1.0717431214683133,1.1040156077006893,5.322922432857566,-11.954117652006481,0.452122238170413,3.7169401895581595,,,,
D7-p3_e20_r006,TA(0.05),0.22146042995154858,0.08,0.07705303582785566,-0.05538587264172819,0.9890149285172536,1.0877041927359337,22.437666325370596,0.7452298845771104,1.1629324907880565,1.2546249018780395,,,,
D7-p3_e20_r006,TA(0.10),0.22224214405287057,0.08333333333333333,0.07705303582785566,-0.05538587264172819,0.9890149285172536,1.0877041927359337,23.76007867947451,1.0330029464775226,1.8452226279382509,0.3253196100794553,,,,
D7-p3_e20_r006,TA(0.15),0.22259711590595543,0.17666666666666667,0.06007619672430252,-1.5074495777570827,0.9722898136263174,1.0166159142626576,-0.038131470317072515,1.4869252332291414,0.9356219786433309,1.0056651521611897,,,,
D7-p3_e20_r006,TA(0.25),0.22227767400909215,0.17666666666666667,0.05509488349229953,-1.5079162669873467,0.973849554203767,1.0191899708114247,-0.03302667293813816,1.4873720431495367,0.932883601326347,1.0043549081106447,,,,
D7-p3_e20_r006,TA(0.40),0.22102399705909193,0.17666666666666667,0.0331254741153997,-1.5143189984348036,0.9843460733109519,1.032021883426927,-0.0435495735875391,1.4805986280775862,0.9541027944458986,1.0091925012765977,,,,
D7-p3_e30_r006,adapt,0.22762229200452566,0.32,0.21049151866196827,1.4968899501310193,0.8606499251172608,1.048267892404699,-0.1196745607660787,-1.5557809249204686,1.0836663676957201,0.8497934514235422,,,,
D7-p3_e30_r006,adaptX,2.1872195980977267,0.32,0.21049151866196827,1.4968899501310193,0.8606499251172608,1.048267892404699,-0.1196745607660787,-1.5557809249204686,1.0836663676957201,0.8497934514235422,,,,
D7-p3_e30_r006,HA50,0.01615669997408986,,4.308730822235345,-0.7188534482793786,1.3880398909627798,1.9145070675764908,-22.578474972492106,-1.2066985288900414,1.7595187893412663,2.3752978190403162,,,,
D7-p3_e30_r006,TA(0.05),0.23170527699403465,0.15666666666666668,0.10452530614194036,-0.1735551219391945,0.9254380061659628,1.0500196861321767,-23.344454301511544,-0.5600980495166118,1.490221013383099,1.9259131829450356,,,,
D7-p3_e30_r006,TA(0.10),0.24676136998459697,0.13,-4.5857023387841345,-11.929070464455938,1.891505579225369,3.7829877867766126,0.0898435243899132,-0.1581615239720643,0.9097936889822145,1.074576897098802,,,,
D7-p3_e30_r006,TA(0.15),0.22943668300285935,0.15666666666666668,0.10452530614194036,-0.1735551219391945,0.9254380061659628,1.0500196861321767,-23.344454301511544,-0.5600980495166118,1.490221013383099,1.9259131829450356,,,,
D7-p3_e30_r006,TA(0.25),0.22867402900010347,0.21333333333333335,-0.024714162253137002,-0.19955582673120545,0.7585566257851903,1.0759341715977073,12.907106465607434,-0.42934402777763486,2.819089921452424,7.560085276958569,,,,
D7-p3_e30_r006,TA(0.40),0.23046659701503813,0.32,-0.1196745607660787,-1.5557809249204686,1.0836663676957201,0.8497934514235422,0.21049151866196827,1.4968899501310193,0.8606499251172608,1.048267892404699,,,,
D8-K2par-sep_e00_r006,adapt,0.05173334607388824,0.02,3.0927271231538542,1.0261201237607827,-3.0712655721760234,1.0707855390512346,,,,,,,,
D8-K2par-sep_e00_r006,adaptX,0.057820067973807454,0.02,3.0927271231538542,1.0261201237607827,-3.0712655721760234,1.0707855390512346,,,,,,,,
D8-K2par-sep_e00_r006,HA50,0.008632002980448306,,-3.0499487762459974,1.058618517394511,3.0771151232140403,0.9872179661859779,,,,,,,,
D8-K2par-sep_e00_r006,TA(0.05),0.05344650102779269,0.02,3.0927271231538542,1.0261201237607827,-3.0712655721760234,1.0707855390512346,,,,,,,,
D8-K2par-sep_e00_r006,TA(0.10),0.053760488983243704,0.02,-3.0712655721760234,1.0707855390512346,3.0927271231538542,1.0261201237607827,,,,,,,,
D8-K2par-sep_e00_r006,TA(0.15),0.05320765101350844,0.02,3.0927271231538542,1.0261201237607827,-3.0712655721760234,1.0707855390512346,,,,,,,,
D8-K2par-sep_e00_r006,TA(0.25),0.05434132204391062,0.02,3.0927271231538542,1.0261201237607827,-3.0712655721760234,1.0707855390512346,,,,,,,,
D8-K2par-sep_e00_r006,TA(0.40),0.05299677501898259,0.02,3.0927271231538542,1.0261201237607827,-3.0712655721760234,1.0707855390512346,,,,,,,,
D8-K2par-sep_e05_r006,adapt,0.04902907810173929,0.06,-2.8893047779561667,1.0256437070049336,2.9486456501541256,1.054021151703506,,,,,,,,
D8-K2par-sep_e05_r006,adaptX,0.056664979085326195,0.06,-2.8893047779561667,1.0256437070049336,2.9486456501541256,1.054021151703506,,,,,,,,
D8-K2par-sep_e05_r006,HA50,0.010075951926410198,,4.047742401448194,1.236726755641652,-3.7830377464338745,1.1548943790750155,,,,,,,,
D8-K2par-sep_e05_r006,TA(0.05),0.05166825605556369,0.06,-2.8893047779561667,1.0256437070049336,2.9486456501541256,1.054021151703506,,,,,,,,
D8-K2par-sep_e05_r006,TA(0.10),0.05101701896637678,0.06,2.9486456501541256,1.054021151703506,-2.8893047779561667,1.0256437070049336,,,,,,,,
D8-K2par-sep_e05_r006,TA(0.15),0.05195615498814732,0.06,-2.8893047779561667,1.0256437070049336,2.9486456501541256,1.054021151703506,,,,,,,,
D8-K2par-sep_e05_r006,TA(0.25),0.05094055202789605,0.06,-2.8893047779561667,1.0256437070049336,2.9486456501541256,1.054021151703506,,,,,,,,
D8-K2par-sep_e05_r006,TA(0.40),0.05179159203544259,0.06,-2.8893047779561667,1.0256437070049336,2.9486456501541256,1.054021151703506,,,,,,,,
D8-K2par-sep_e10_r006,adapt,0.051074902061372995,0.08333333333333333,2.993563625556197,0.9508402639514095,-3.0326708313057167,0.9098539447699799,,,,,,,,
D8-K2par-sep_e10_r006,adaptX,0.05912581493612379,0.08333333333333333,2.993563625556197,0.9508402639514095,-3.0326708313057167,0.9098539447699799,,,,,,,,
D8-K2par-sep_e10_r006,HA50,0.00996535096783191,,16.071315466998318,-3.6556597457369433,-1.4665481875460578,0.6709686482000526,,,,,,,,
D8-K2par-sep_e10_r006,TA(0.05),0.05269967997446656,0.08333333333333333,-3.0326708313057167,0.9098539447699799,2.993563625556197,0.9508402639514095,,,,,,,,
D8-K2par-sep_e10_r006,TA(0.10),0.05366922996472567,0.08333333333333333,2.993563625556197,0.9508402639514095,-3.0326708313057167,0.9098539447699799,,,,,,,,
D8-K2par-sep_e10_r006,TA(0.15),0.052572095999494195,0.08333333333333333,-3.0326708313057167,0.9098539447699799,2.993563625556197,0.9508402639514095,,,,,,,,
D8-K2par-sep_e10_r006,TA(0.25),0.05216684902552515,0.08333333333333333,-3.0326708313057167,0.9098539447699799,2.993563625556197,0.9508402639514095,,,,,,,,
D8-K2par-sep_e10_r006,TA(0.40),0.05414041702169925,0.08333333333333333,2.993563625556197,0.9508402639514095,-3.0326708313057167,0.9098539447699799,,,,,,,,
D8-K2par-sep_e20_r006,adapt,0.05434535606764257,0.18333333333333332,-2.885865295114689,1.0378974973938369,3.058590031613789,0.9690480228569893,,,,,,,,
D8-K2par-sep_e20_r006,adaptX,0.05938779306598008,0.18333333333333332,-2.885865295114689,1.0378974973938369,3.058590031613789,0.9690480228569893,,,,,,,,
D8-K2par-sep_e20_r006,HA50,0.009472365025430918,,-24.281699439057654,0.6907195297550583,2.128130082632766,0.898593920838527,,,,,,,,
D8-K2par-sep_e20_r006,TA(0.05),0.05693709396291524,0.09333333333333334,-0.2033617343946141,1.078544166947656,-24.281699439057654,0.6907195297550583,,,,,,,,
D8-K2par-sep_e20_r006,TA(0.10),0.05780580802820623,0.09,22.325590255624448,0.5762365794989368,-0.2033617343946141,1.078544166947656,,,,,,,,
D8-K2par-sep_e20_r006,TA(0.15),0.06317121698521078,0.18666666666666668,-2.885865295114689,1.0378974973938369,3.078823941059505,0.9929493106884971,,,,,,,,
D8-K2par-sep_e20_r006,TA(0.25),0.057454273919574916,0.18666666666666668,3.078823941059505,0.9929493106884971,-2.885865295114689,1.0378974973938369,,,,,,,,
D8-K2par-sep_e20_r006,TA(0.40),0.05585114599671215,0.18333333333333332,-2.885865295114689,1.0378974973938369,3.058590031613789,0.9690480228569893,,,,,,,,
D8-K2par-sep_e30_r006,adapt,0.05222819105256349,0.28,2.9675456010267425,0.9838022329365212,-2.911946963799116,0.9882021222510339,,,,,,,,
D8-K2par-sep_e30_r006,adaptX,0.06005712505429983,0.28,2.9675456010267425,0.9838022329365212,-2.911946963799116,0.9882021222510339,,,,,,,,
D8-K2par-sep_e30_r006,HA50,0.01050981495063752,,-22.978089416455063,1.4983035215137164,3.829718137165231,0.9182307452467084,,,,,,,,
D8-K2par-sep_e30_r006,TA(0.05),0.05460220202803612,0.13,0.3499722507373087,0.8659929256922037,-22.978089416455063,1.4983035215137164,,,,,,,,
D8-K2par-sep_e30_r006,TA(0.10),0.05427391501143575,0.13,0.3499722507373087,0.8659929256922037,-22.978089416455063,1.4983035215137164,,,,,,,,
D8-K2par-sep_e30_r006,TA(0.15),0.05388443300034851,0.13,-22.978089416455063,1.4983035215137164,0.3499722507373087,0.8659929256922037,,,,,,,,
D8-K2par-sep_e30_r006,TA(0.25),0.054197696037590504,0.28,2.9675456010267425,0.9838022329365212,-2.911946963799116,0.9882021222510339,,,,,,,,
D8-K2par-sep_e30_r006,TA(0.40),0.05508378997910768,0.28,-2.911946963799116,0.9882021222510339,2.9675456010267425,0.9838022329365212,,,,,,,,
D1-K2cross_e00_r007,adapt,0.0506889569805935,0.02666666666666667,0.09811749868857798,1.5177246465733047,0.008644751854153903,-1.5357508237266762,,,,,,,,
D1-K2cross_e00_r007,adaptX,0.05493808607570827,0.023333333333333334,0.027380638476201404,-1.5270305716767567,0.09442191286704343,1.5178981600465584,,,,,,,,
D1-K2cross_e00_r007,HA50,0.008940981002524495,,-0.03284782192285612,-1.5195252577400997,0.10659590121497396,1.4619928455298161,,,,,,,,
D1-K2cross_e00_r007,TA(0.05),0.05180891102645546,0.02666666666666667,0.012248511174611659,-1.5357476681050466,0.09442191286704343,1.5178981600465584,,,,,,,,
D1-K2cross_e00_r007,TA(0.10),0.05136705201584846,0.02666666666666667,0.012248511174611659,-1.5357476681050466,0.09442191286704343,1.5178981600465584,,,,,,,,
D1-K2cross_e00_r007,TA(0.15),0.051349441055208445,0.02666666666666667,0.009151423155295109,-1.5360350062261847,0.09116832200437389,1.517709468925727,,,,,,,,
D1-K2cross_e00_r007,TA(0.25),0.05198472598567605,0.02666666666666667,0.005501740296424334,-1.5360404758108042,0.094861450334047,1.517533431616879,,,,,,,,
D1-K2cross_e00_r007,TA(0.40),0.05390660895500332,0.02666666666666667,0.012248511174611659,-1.5357476681050466,0.09442191286704343,1.5178981600465584,,,,,,,,
D1-K2cross_e05_r007,adapt,0.06389485800173134,0.06,0.17002933328921516,-1.4906425303292543,0.1347973049693334,1.4869154722959925,,,,,,,,
D1-K2cross_e05_r007,adaptX,0.06878843391314149,0.06,0.17002933328921516,-1.4906425303292543,0.1347973049693334,1.4869154722959925,,,,,,,,
D1-K2cross_e05_r007,HA50,0.012219176976941526,,0.24920219907479507,-0.1700143584790084,-14.06686501667537,15.867793153001996,,,,,,,,
D1-K2cross_e05_r007,TA(0.05),0.06566598999779671,0.056666666666666664,0.14946935636896694,1.4875200064490648,0.16617683171866382,-1.491136030099409,,,,,,,,
D1-K2cross_e05_r007,TA(0.10),0.06647773401346058,0.056666666666666664,0.17002933328921516,-1.4906425303292543,0.15395603188946277,1.4880481877288514,,,,,,,,
D1-K2cross_e05_r007,TA(0.15),0.06620064901653677,0.056666666666666664,0.17204152046652563,-1.490830491900442,0.15632003168680114,1.4878604048679902,,,,,,,,
D1-K2cross_e05_r007,TA(0.25),0.06765353993978351,0.056666666666666664,0.1675059810704792,-1.4905909968839637,0.15675155859315912,1.4880081857894285,,,,,,,,
D1-K2cross_e05_r007,TA(0.40),0.06762714602518827,0.056666666666666664,0.16366255610139185,-1.4910871183915733,0.1522099277097884,1.4874780803968164,,,,,,,,
D1-K2cross_e10_r007,adapt,0.05905095301568508,0.06666666666666667,-0.009425204078807531,-1.5004762015191664,0.09978832594759288,1.4728008640509813,,,,,,,,
D1-K2cross_e10_r007,adaptX,0.06683944200631231,0.06666666666666667,-0.009425204078807531,-1.5004762015191664,0.09978832594759288,1.4728008640509813,,,,,,,,
D1-K2cross_e10_r007,HA50,0.012696492951363325,,16.554850900270832,-4.901424379858498,-1.2370238667743658,-0.32756499935693933,,,,,,,,
D1-K2cross_e10_r007,TA(0.05),0.061240324983373284,0.06666666666666667,0.12014863899312432,1.4728690894413021,-0.020236328352075075,-1.4990691858263614,,,,,,,,
D1-K2cross_e10_r007,TA(0.10),0.06061959301587194,0.06666666666666667,-0.014318354687269708,-1.5003018340816698,0.10345062600827977,1.472672775351094,,,,,,,,
D1-K2cross_e10_r007,TA(0.15),0.05992843699641526,0.06666666666666667,-0.02675772853576029,-1.499849456099366,0.1148071258302218,1.4722340048389992,,,,,,,,
D1-K2cross_e10_r007,TA(0.25),0.05997668206691742,0.06666666666666667,-0.02675772853576029,-1.499849456099366,0.1148071258302218,1.4722340048389992,,,,,,,,
D1-K2cross_e10_r007,TA(0.40),0.06057510001119226,0.06666666666666667,0.09732371963928835,1.4730394893053649,0.0062124457390472145,-1.5105578464685532,,,,,,,,
D1-K2cross_e20_r007,adapt,0.053477065986953676,0.24333333333333335,-0.19582264846425582,-1.465307321154739,-0.05015737013531078,1.4671034856681087,,,,,,,,
D1-K2cross_e20_r007,adaptX,0.0608117610681802,0.24333333333333335,-0.19582264846425582,-1.465307321154739,-0.05015737013531078,1.4671034856681087,,,,,,,,
D1-K2cross_e20_r007,HA50,0.009682702017016709,,23.375877127421948,0.6193998505917313,-3.3344709672699393,0.6764180701970047,,,,,,,,
D1-K2cross_e20_r007,TA(0.05),0.055042991996742785,0.12333333333333334,23.375877127421948,0.6193998505917313,-0.22786558104406715,0.16525344230028685,,,,,,,,
D1-K2cross_e20_r007,TA(0.10),0.054710388998501,0.12,-22.32122463113784,0.04619193523904616,-0.22786558104406715,0.16525344230028685,,,,,,,,
D1-K2cross_e20_r007,TA(0.15),0.05576658993959427,0.12,-22.681451653132182,-0.17289866583628863,-0.22786558104406715,0.16525344230028685,,,,,,,,
D1-K2cross_e20_r007,TA(0.25),0.05580351804383099,0.24333333333333335,-0.05015737013531078,1.4671034856681087,-0.19582264846425582,-1.465307321154739,,,,,,,,
D1-K2cross_e20_r007,TA(0.40),0.056049975915811956,0.24333333333333335,-0.19582264846425582,-1.465307321154739,-0.05015737013531078,1.4671034856681087,,,,,,,,
D1-K2cross_e30_r007,adapt,0.05376433196943253,0.3233333333333333,0.05287265512634072,-1.4861676882260522,-0.022154025454194568,1.5460551938771818,,,,,,,,
D1-K2cross_e30_r007,adaptX,0.05724812508560717,0.3233333333333333,-0.022154025454194568,1.5460551938771818,0.05287265512634072,-1.4861676882260522,,,,,,,,
D1-K2cross_e30_r007,HA50,0.011095330002717674,,3.8972272060958217,0.08161942682299149,-23.08256625042291,-0.9067489860968287,,,,,,,,
D1-K2cross_e30_r007,TA(0.05),0.05557349300943315,0.14,-23.08256625042291,-0.9067489860968287,0.10800791694561558,-0.009006310901432701,,,,,,,,
D1-K2cross_e30_r007,TA(0.10),0.05531110998708755,0.14,-23.08256625042291,-0.9067489860968287,0.10800791694561558,-0.009006310901432701,,,,,,,,
D1-K2cross_e30_r007,TA(0.15),0.05500832200050354,0.14,-23.08256625042291,-0.9067489860968287,0.10800791694561558,-0.009006310901432701,,,,,,,,
D1-K2cross_e30_r007,TA(0.25),0.05540057108737528,0.14,0.1599635144955702,-0.06426990893895579,-22.886094509527645,-1.4873727003646309,,,,,,,,
D1-K2cross_e30_r007,TA(0.40),0.05497847602237016,0.3233333333333333,0.05287265512634072,-1.4861676882260522,-0.022154025454194568,1.5460551938771818,,,,,,,,
D2-K3par_e00_r007,adapt,0.2106289470102638,0.0,0.12343143320254689,0.8690688768786393,-3.0620736239006314,0.9550783425456412,3.0564018729681988,0.9123540360293114,,,,,,
D2-K3par_e00_r007,adaptX,0.23149487900082022,0.0,-3.0620736239006314,0.9550783425456412,0.12343143320254689,0.8690688768786393,3.0564018729681988,0.9123540360293114,,,,,,
D2-K3par_e00_r007,HA50,0.022684567025862634,,0.15703687649375445,0.8745862645302418,-3.0620736239006314,0.9550783425456412,3.0863587166157647,0.9152168150553603,,,,,,
D2-K3par_e00_r007,TA(0.05),0.2119680850300938,0.0,3.0564018729681988,0.9123540360293114,0.12343143320254689,0.8690688768786393,-3.0620736239006314,0.9550783425456412,,,,,,
D2-K3par_e00_r007,TA(0.10),0.21276925201527774,0.0,-0.0399958992367582,0.7814508627651321,-3.0881405247787725,0.9388738569636961,2.9626378883180102,0.8656242721257829,,,,,,
D2-K3par_e00_r007,TA(0.15),0.21377409889828414,0.0,-3.1023154831020205,0.9402715283416732,2.9462342551957112,0.8473894874995723,-0.08413534003391007,0.759204547223958,,,,,,
D2-K3par_e00_r007,TA(0.25),0.21358464297372848,0.0,-3.162716045456085,0.90774940550458,-0.24958385331166263,0.6391933656086952,2.913934137014668,0.8054162682780458,,,,,,
D2-K3par_e00_r007,TA(0.40),0.21156087808776647,0.0033333333333333335,0.6142038786297409,1.143481924064884,-2.970515466343363,1.0163611467665319,3.3261377494249595,1.0901919025836242,,,,,,
D2-K3par_e05_r007,adapt,0.27945717598777264,0.04666666666666667,0.10046014417456826,1.0375665767072937,3.1539052279469635,0.8777709726170314,-2.9759802344405593,1.0508528101149341,,,,,,
D2-K3par_e05_r007,adaptX,0.21380378503818065,0.04666666666666667,-3.006097491672178,1.0534953449231093,0.0018413343012660469,1.0642144970586875,3.0887415940375793,0.911716122522759,,,,,,
D2-K3par_e05_r007,HA50,0.018249430926516652,,0.20915853124625983,1.1224993688054468,20.829998382271157,2.607252798998757,-18.378837124772367,6.594239084410375,,,,,,
D2-K3par_e05_r007,TA(0.05),0.28150709497276694,0.04666666666666667,3.0887415940375793,0.911716122522759,0.0018413343012660469,1.0642144970586875,-3.006097491672178,1.0534953449231093,,,,,,
D2-K3par_e05_r007,TA(0.10),0.2830411090981215,0.05,2.9870140186357426,0.99329196294537,-2.9914000101606355,1.0839959449261187,-0.05905589528199587,1.1400290983788786,,,,,,
D2-K3par_e05_r007,TA(0.15),0.2826784689677879,0.05,-2.9914000101606355,1.0839959449261187,3.0024493989896133,0.9811858762975711,-0.042885849900262514,1.130395254071884,,,,,,
D2-K3par_e05_r007,TA(0.25),0.28342153993435204,0.05,3.0024493989896133,0.9811858762975711,-2.976311749906816,1.0734634072486737,-0.028202602486991114,1.1201888361827483,,,,,,
D2-K3par_e05_r007,TA(0.40),0.2813038609456271,0.05333333333333334,-0.0451197007140252,1.1857487421496964,-2.976250380836903,1.0933696735315117,2.8703938843569525,1.1557620804023572,,,,,,
D2-K3par_e10_r007,adapt,0.233272309997119,0.12,2.9403455820295417,1.079801582027439,-3.242043069814074,0.8279645801606409,-0.1901381426845183,0.8420750680097752,,,,,,
D2-K3par_e10_r007,adaptX,0.264846854028292,0.12,-3.256416294742274,0.8401350892846617,-0.21045841459390177,0.8559728656030176,2.9403455820295417,1.079801582027439,,,,,,
D2-K3par_e10_r007,HA50,0.018546422012150288,,21.303614937871597,1.8951976110977267,-0.161024672814868,1.0632378887884602,-22.613739380997377,1.811097898745466,,,,,,
D2-K3par_e10_r007,TA(0.05),0.2360802290495485,0.056666666666666664,2.403716526861843,1.2988726972752023,-2.4456955261312787,1.107730354734688,-22.613739380997377,1.811097898745466,,,,,,
D2-K3par_e10_r007,TA(0.10),0.23486864601727575,0.09666666666666666,-2.438986317609458,1.1291130265638534,2.3994006332527533,1.299806258266021,0.32331730143905657,-6.714165992513804,,,,,,
D2-K3par_e10_r007,TA(0.15),0.23640648601576686,0.12,2.9068445850443863,1.101816179732346,-3.2702829616634106,0.8574558458889704,-0.26684846043023036,0.8966427709575576,,,,,,
D2-K3par_e10_r007,TA(0.25),0.23841451795306057,0.12,-0.1901381426845183,0.8420750680097752,-3.242043069814074,0.8279645801606409,2.9403455820295417,1.079801582027439,,,,,,
D2-K3par_e10_r007,TA(0.40),0.23505639808718115,0.12,3.0233751661979964,1.0973340927079818,-3.242043069814074,0.8279645801606409,-0.07966866509659379,0.8704185434960356,,,,,,
D2-K3par_e20_r007,adapt,0.2719523349078372,0.18666666666666668,3.1664374140663267,1.1017036231644377,-3.272551003462422,0.954438681982622,0.008239817818373261,1.0918231360933273,,,,,,
D2-K3par_e20_r007,adaptX,0.23929452802985907,0.18666666666666668,3.199963044533204,1.0723171595537515,-3.2493175982506988,0.9581263006712646,0.05576238333872875,1.0635193609872944,,,,,,
D2-K3par_e20_r007,HA50,0.01666452595964074,,-0.3522764377423957,0.8796618219104045,23.060303138082784,-0.06707657096616737,-21.513877377342123,0.9583197009922425,,,,,,
D2-K3par_e20_r007,TA(0.05),0.2749188670422882,0.05333333333333334,-0.38372925913782935,0.7535829020009994,-7.055936733450712,6.3047356225052695,23.363401878376955,0.2958588879216903,,,,,,
D2-K3par_e20_r007,TA(0.10),0.27471899904776365,0.07666666666666666,2.03020878165542,0.7366854906875262,23.060303138082784,-0.06707657096616737,-2.860959952902514,0.762409805571809,,,,,,
D2-K3par_e20_r007,TA(0.15),0.2741400470258668,0.14,1.8379503322374087,0.6574679208225936,14.174536852598223,-4.420736617214388,-2.9459153693959257,0.7184444526496456,,,,,,
D2-K3par_e20_r007,TA(0.25),0.27353114099241793,0.18666666666666668,-3.2493175982506988,0.9581263006712646,3.1664374140663267,1.1017036231644377,0.008239817818373261,1.0918231360933273,,,,,,
D2-K3par_e20_r007,TA(0.40),0.2747934729559347,0.18666666666666668,-3.330669726275511,0.9865674515517522,-0.2466533128138792,1.094498905145762,2.959011456692547,1.0074891635354601,,,,,,
D2-K3par_e30_r007,adapt,0.30305127694737166,0.2966666666666667,-0.22229662739781952,1.1181910863177495,3.0256526316662447,1.0426866423040688,-3.1550033523887637,1.0798237594912696,,,,,,
D2-K3par_e30_r007,adaptX,0.39657420793082565,0.15666666666666668,-1.9361827163137166,1.2391314774181992,22.43605800033719,0.3586221961798513,2.716859601229833,1.0651821367144356,,,,,,
D2-K3par_e30_r007,HA50,0.015998556977137923,,-0.02483783588788462,1.1244927672064968,22.43605800033719,0.3586221961798513,-23.7976743085526,0.154048483122342,,,,,,
D2-K3par_e30_r007,TA(0.05),0.30774549895431846,0.0,-23.7976743085526,0.154048483122342,-0.02483783588788462,1.1244927672064968,22.43605800033719,0.3586221961798513,,,,,,
D2-K3par_e30_r007,TA(0.10),0.30557469790801406,0.0,-0.02483783588788462,1.1244927672064968,22.43605800033719,0.3586221961798513,-23.7976743085526,0.154048483122342,,,,,,
D2-K3par_e30_r007,TA(0.15),0.30612658301834017,0.15666666666666668,2.716859601229833,1.0651821367144356,22.43605800033719,0.3586221961798513,-1.9361827163137166,1.2391314774181992,,,,,,
D2-K3par_e30_r007,TA(0.25),0.30537660303525627,0.15,2.8206232152580544,1.0815395045161569,-1.9191139110072297,1.2482477054125927,-24.12436936189153,0.39422580537742624,,,,,,
D2-K3par_e30_r007,TA(0.40),0.3057631839765236,0.3,-0.4202229134174993,1.2212994582689152,2.9358198636943293,1.0868951125787747,-3.194414966427518,1.0924102076754287,,,,,,
D3-unequal_e00_r007,adapt,0.05705234198831022,0.013333333333333334,-0.05711201257910862,-1.510745388393611,0.20632599330552281,1.3983617236825365,,,,,,,,
D3-unequal_e00_r007,adaptX,0.06263912399299443,0.013333333333333334,0.20632599330552281,1.3983617236825365,-0.05711201257910862,-1.510745388393611,,,,,,,,
D3-unequal_e00_r007,HA50,0.009296530042774975,,0.1716278247847807,1.4259561174805517,-0.01840234249371089,-1.505232236063024,,,,,,,,
D3-unequal_e00_r007,TA(0.05),0.058903111959807575,0.013333333333333334,-0.05711201257910862,-1.510745388393611,0.20632599330552281,1.3983617236825365,,,,,,,,
D3-unequal_e00_r007,TA(0.10),0.059139008983038366,0.013333333333333334,0.20632599330552281,1.3983617236825365,-0.05711201257910862,-1.510745388393611,,,,,,,,
D3-unequal_e00_r007,TA(0.15),0.058451546006836,0.013333333333333334,0.20632599330552281,1.3983617236825365,-0.05711201257910862,-1.510745388393611,,,,,,,,
D3-unequal_e00_r007,TA(0.25),0.057763286982662976,0.15,-0.8744545528229376,-1.4110120981126852,1.0942379362223895,-1.3953070552020317,,,,,,,,
D3-unequal_e00_r007,TA(0.40),0.06089318892918527,0.15666666666666668,-0.932165838592268,-1.523039647543269,0.9483106973596999,-1.555011134304262,,,,,,,,
D3-unequal_e05_r007,adapt,0.05854208301752806,0.05333333333333334,-0.004116435713807736,-1.5819498262957392,-0.0038590679581945848,1.5386313687609807,,,,,,,,
D3-unequal_e05_r007,adaptX,0.06751023593824357,0.05333333333333334,-0.0038590679581945848,1.5386313687609807,-0.004116435713807736,-1.5819498262957392,,,,,,,,
D3-unequal_e05_r007,HA50,0.010299512068741024,,-0.6509406527579827,-0.9840873061139076,15.909080775302932,-4.064218967140047,,,,,,,,
D3-unequal_e05_r007,TA(0.05),0.05976334400475025,0.05333333333333334,0.0024152853135636023,1.5386491407881726,-0.006504056882224717,-1.5818299318695002,,,,,,,,
D3-unequal_e05_r007,TA(0.10),0.06072479404974729,0.05333333333333334,-0.006504056882224717,-1.5818299318695002,0.0024152853135636023,1.5386491407881726,,,,,,,,
D3-unequal_e05_r007,TA(0.15),0.06046737602446228,0.05333333333333334,0.0024152853135636023,1.5386491407881726,-0.006504056882224717,-1.5818299318695002,,,,,,,,
D3-unequal_e05_r007,TA(0.25),0.05964652309194207,0.19666666666666666,-0.9516120688962543,-1.5223533898452646,0.9001235091150843,-1.506183522449275,,,,,,,,
D3-unequal_e05_r007,TA(0.40),0.06132656696718186,0.19666666666666666,-0.9105925553726405,-1.5439784463341009,0.9257467740479127,-1.5267891832195988,,,,,,,,
D3-unequal_e10_r007,adapt,0.08365499705541879,0.09333333333333334,0.11828748913613993,-1.4753223727405667,-0.050285461031167884,1.4586913335275349,,,,,,,,
D3-unequal_e10_r007,adaptX,0.07486035604961216,0.09333333333333334,0.11828748913613993,-1.4753223727405667,-0.050285461031167884,1.4586913335275349,,,,,,,,
D3-unequal_e10_r007,HA50,0.013349979999475181,,22.865753121131476,-0.231624803462401,-0.7713406530383625,-0.8143371714023767,,,,,,,,
D3-unequal_e10_r007,TA(0.05),0.08490437595173717,0.15,0.08166217383750364,-1.4161367342877014,22.2730640624186,-5.917658872866315,,,,,,,,
D3-unequal_e10_r007,TA(0.10),0.08446371101308614,0.09333333333333334,-0.050285461031167884,1.4586913335275349,0.11828748913613993,-1.4753223727405667,,,,,,,,
D3-unequal_e10_r007,TA(0.15),0.08567680197302252,0.09333333333333334,0.12583893588625975,-1.4775969844132333,-0.028488723136565634,1.4497371179733904,,,,,,,,
D3-unequal_e10_r007,TA(0.25),0.08610233396757394,0.23333333333333334,-0.897413986446763,-1.4234490342556818,0.760400980581949,-1.4490293345796008,,,,,,,,
D3-unequal_e10_r007,TA(0.40),0.0868891190038994,0.23333333333333334,-0.7564112963739207,-1.4530731129981944,0.8584039230447422,-1.4731271709385831,,,,,,,,
D3-unequal_e20_r007,adapt,0.05979383806698024,0.20333333333333334,0.03618384565560048,-1.5897886760260052,-0.02269194854682317,1.4793689271890467,,,,,,,,
D3-unequal_e20_r007,adaptX,0.06928211497142911,0.2,-0.03261998573126938,1.4797130107506695,0.04131176745794435,-1.5898731018278018,,,,,,,,
D3-unequal_e20_r007,HA50,0.010116462013684213,,-21.879022283936663,-0.5074392017492282,1.9231282729679078,-0.2754695109936088,,,,,,,,
D3-unequal_e20_r007,TA(0.05),0.06310763908550143,0.07333333333333333,0.044455347283178494,-0.5047367410548621,-21.879022283936663,-0.5074392017492282,,,,,,,,
D3-unequal_e20_r007,TA(0.10),0.06249951897189021,0.07333333333333333,0.044455347283178494,-0.5047367410548621,-21.879022283936663,-0.5074392017492282,,,,,,,,
D3-unequal_e20_r007,TA(0.15),0.06273501308169216,0.17,-0.034087325026309255,-1.1068056853156578,-18.416989638561358,7.549953364760948,,,,,,,,
D3-unequal_e20_r007,TA(0.25),0.060791683034040034,0.20333333333333334,-0.02269194854682317,1.4793689271890467,0.03618384565560048,-1.5897886760260052,,,,,,,,
D3-unequal_e20_r007,TA(0.40),0.06086254399269819,0.2,-0.03261998573126938,1.4797130107506695,0.04131176745794435,-1.5898731018278018,,,,,,,,
D3-unequal_e30_r007,adapt,0.06286307901609689,0.27666666666666667,-0.1535566880011458,1.5525962853781208,0.01475874442899789,-1.539625833750198,,,,,,,,
D3-unequal_e30_r007,adaptX,0.06636251893360168,0.2833333333333333,0.01827730190040669,-1.5014211090830318,-0.15638220157815683,1.5523659941902643,,,,,,,,
D3-unequal_e30_r007,HA50,0.010924367001280189,,-3.4664336775161124,-0.26372202594117367,21.99422947645843,-0.4791887390531666,,,,,,,,
D3-unequal_e30_r007,TA(0.05),0.06576250004582107,0.13,21.99422947645843,-0.4791887390531666,-0.13049300804840086,-0.44082846551510496,,,,,,,,
D3-unequal_e30_r007,TA(0.10),0.06499523506499827,0.13,-0.13049300804840086,-0.44082846551510496,21.99422947645843,-0.4791887390531666,,,,,,,,
D3-unequal_e30_r007,TA(0.15),0.06548339396249503,0.13,21.99422947645843,-0.4791887390531666,-0.13049300804840086,-0.44082846551510496,,,,,,,,
D3-unequal_e30_r007,TA(0.25),0.06587499496527016,0.20333333333333334,9.493894830719016,5.754158290449071,0.37062950220372404,-1.269479955935826,,,,,,,,
D3-unequal_e30_r007,TA(0.40),0.06587678601499647,0.28,-0.02386290603563303,-1.5246149876505386,-0.1433907563899935,1.5522339366028193,,,,,,,,
D4-hetero_e00_r007,adapt,0.0695741280214861,0.03333333333333333,-0.10225855437436655,1.5868253321346328,-0.03494727617507115,-1.5330358802487214,,,,,,,,
D4-hetero_e00_r007,adaptX,0.05874625395517796,0.03333333333333333,-0.03494727617507115,-1.5330358802487214,-0.10225855437436655,1.5868253321346328,,,,,,,,
D4-hetero_e00_r007,HA50,0.00899233401287347,,0.009286958982321814,1.621067744323446,-0.030608349095368373,-1.5170778068013937,,,,,,,,
D4-hetero_e00_r007,TA(0.05),0.07208836101926863,0.03333333333333333,-0.1033089980466314,1.5868054358906178,-0.026003260332433904,-1.5376566633927546,,,,,,,,
D4-hetero_e00_r007,TA(0.10),0.07270095509011298,0.03333333333333333,-0.05334735242368517,1.6071241385654285,-0.02229732336070059,-1.537984141576533,,,,,,,,
D4-hetero_e00_r007,TA(0.15),0.07280409894883633,0.03333333333333333,-0.0763294962798802,1.5983058294316455,-0.026003260332433904,-1.5376566633927546,,,,,,,,
D4-hetero_e00_r007,TA(0.25),0.07096491404809058,0.03333333333333333,-0.024989594982137806,-1.5377798762914376,-0.04894145862105095,1.6073067509265855,,,,,,,,
D4-hetero_e00_r007,TA(0.40),0.07208249694667757,0.03333333333333333,-0.024989594982137806,-1.5377798762914376,-0.07694988060639554,1.605777516549948,,,,,,,,
D4-hetero_e05_r007,adapt,0.09913642005994916,0.06666666666666667,0.013605809542611771,-1.432408084644894,-0.18358970963636648,1.5117706335463363,,,,,,,,
D4-hetero_e05_r007,adaptX,0.08482185704633594,0.06666666666666667,-0.18358970963636648,1.5117706335463363,0.013605809542611771,-1.432408084644894,,,,,,,,
D4-hetero_e05_r007,HA50,0.02801365510094911,,-1.0555428826109663,-0.11345062213421413,19.136182741327314,-5.1714184079151275,,,,,,,,
D4-hetero_e05_r007,TA(0.05),0.10027211101260036,0.07,-0.2125133643847392,1.5090920355266313,0.010439980362766561,-1.4327075832162548,,,,,,,,
D4-hetero_e05_r007,TA(0.10),0.10178769705817103,0.06666666666666667,0.010439980362766561,-1.4327075832162548,-0.18701455376587828,1.5114628433146344,,,,,,,,
D4-hetero_e05_r007,TA(0.15),0.10127492703031749,0.06666666666666667,0.013605809542611771,-1.432408084644894,-0.18358970963636648,1.5117706335463363,,,,,,,,
D4-hetero_e05_r007,TA(0.25),0.1020516020944342,0.06666666666666667,-0.18701455376587828,1.5114628433146344,0.010439980362766561,-1.4327075832162548,,,,,,,,
D4-hetero_e05_r007,TA(0.40),0.10228854895103723,0.06666666666666667,-0.18701455376587828,1.5114628433146344,0.010439980362766561,-1.4327075832162548,,,,,,,,
D4-hetero_e10_r007,adapt,0.05563397100195289,0.11333333333333333,0.02635224535034977,1.3928711430039367,-0.053972112044130806,-1.5056233231069587,,,,,,,,
D4-hetero_e10_r007,adaptX,0.0581797999329865,0.12,0.1434724720010863,1.442822051971223,-0.03814595812453776,-1.50942570173316,,,,,,,,
D4-hetero_e10_r007,HA50,0.010144312982447445,,-21.83212609593803,0.43300246347208265,0.7905012002529571,-0.032364715690074014,,,,,,,,
D4-hetero_e10_r007,TA(0.05),0.0580481420038268,0.043333333333333335,-0.23932205255809685,0.024675139193742427,-21.83212609593803,0.43300246347208265,,,,,,,,
D4-hetero_e10_r007,TA(0.10),0.057842427981086075,0.11,-0.035366999021842746,1.4125137298159114,-0.05777637337237356,-1.5060362298780712,,,,,,,,
D4-hetero_e10_r007,TA(0.15),0.056426633964292705,0.12333333333333334,0.13511708870325564,1.4438166114529325,-0.04518779788713791,-1.5075015496863373,,,,,,,,
D4-hetero_e10_r007,TA(0.25),0.058406719006597996,0.12666666666666668,0.24020001498538288,1.4453412734579902,-0.03350947313607671,-1.511621148276576,,,,,,,,
D4-hetero_e10_r007,TA(0.40),0.058281835983507335,0.12333333333333334,0.2772917235673787,1.4705482822553324,-0.03350947313607671,-1.511621148276576,,,,,,,,
D4-hetero_e20_r007,adapt,0.06326798000372946,0.21,-0.10157707960576437,1.40938185511801,-0.06249519401599504,-1.4799434275823158,,,,,,,,
D4-hetero_e20_r007,adaptX,0.058295572991482913,0.21,-0.0259818031406272,-1.4933391407120415,-0.120667256451328,1.4098996400313866,,,,,,,,
D4-hetero_e20_r007,HA50,0.009190844022668898,,-22.441155576008907,1.2135220952840848,1.9232226088033328,0.18469606785454448,,,,,,,,
D4-hetero_e20_r007,TA(0.05),0.0646660269703716,0.08333333333333333,-0.10209194601685743,0.07127232623464942,-22.441155576008907,1.2135220952840848,,,,,,,,
D4-hetero_e20_r007,TA(0.10),0.06460498296655715,0.08333333333333333,-0.10209194601685743,0.07127232623464942,-22.441155576008907,1.2135220952840848,,,,,,,,
D4-hetero_e20_r007,TA(0.15),0.06435097008943558,0.21,-0.120667256451328,1.4098996400313866,-0.0259818031406272,-1.4933391407120415,,,,,,,,
D4-hetero_e20_r007,TA(0.25),0.06394940800964832,0.21,-0.0259818031406272,-1.4933391407120415,-0.120667256451328,1.4098996400313866,,,,,,,,
D4-hetero_e20_r007,TA(0.40),0.06436301197391003,0.20666666666666667,-0.007418760533340592,-1.494156966140815,-0.13769112385772692,1.4101452264559455,,,,,,,,
D4-hetero_e30_r007,adapt,0.06319360295310616,0.2733333333333333,-0.01750448037473913,1.534468692165242,0.0027149480443120315,-1.5057227457652258,,,,,,,,
D4-hetero_e30_r007,adaptX,0.07067086093593389,0.2733333333333333,0.0027149480443120315,-1.5057227457652258,-0.01750448037473913,1.534468692165242,,,,,,,,
D4-hetero_e30_r007,HA50,0.01419543894007802,,23.825514283618865,0.7614619019586526,-3.2115190536292757,0.02185429339313059,,,,,,,,
D4-hetero_e30_r007,TA(0.05),0.06584575201850384,0.12333333333333334,-0.08827577083632425,-0.07679857101401585,23.825514283618865,0.7614619019586526,,,,,,,,
D4-hetero_e30_r007,TA(0.10),0.06689689692575485,0.12333333333333334,-0.08827577083632425,-0.07679857101401585,23.825514283618865,0.7614619019586526,,,,,,,,
D4-hetero_e30_r007,TA(0.15),0.06515416398178786,0.12333333333333334,-0.08827577083632425,-0.07679857101401585,23.825514283618865,0.7614619019586526,,,,,,,,
D4-hetero_e30_r007,TA(0.25),0.06437326199375093,0.2733333333333333,0.0027149480443120315,-1.5057227457652258,-0.01750448037473913,1.534468692165242,,,,,,,,
D4-hetero_e30_r007,TA(0.40),0.06401005992665887,0.2733333333333333,-0.01750448037473913,1.534468692165242,0.0027149480443120315,-1.5057227457652258,,,,,,,,
D5-leverage_e00_r007,adapt,0.04914246592670679,0.02666666666666667,-0.023644999223365094,-1.493311866401823,0.16134447942623678,1.465130169425845,,,,,,,,
D5-leverage_e00_r007,adaptX,0.056179170962423086,0.02666666666666667,-0.023644999223365094,-1.493311866401823,0.16134447942623678,1.465130169425845,,,,,,,,
D5-leverage_e00_r007,HA50,0.008757976000197232,,0.14054277486166142,1.4787630267588672,0.023231730037206685,-1.4906326602821112,,,,,,,,
D5-leverage_e00_r007,TA(0.05),0.05027471703942865,0.02666666666666667,0.163941095466578,1.4651717416558858,-0.02112878592915275,-1.4931475283719602,,,,,,,,
D5-leverage_e00_r007,TA(0.10),0.050879259943030775,0.02666666666666667,0.1492475218474685,1.463452203544232,-0.03471132893800757,-1.4951710874993398,,,,,,,,
D5-leverage_e00_r007,TA(0.15),0.051244278089143336,0.02666666666666667,0.1492475218474685,1.463452203544232,-0.021030444227461278,-1.4944792190277132,,,,,,,,
D5-leverage_e00_r007,TA(0.25),0.05110605002846569,0.02666666666666667,0.005325491747462904,-1.5038139841132985,0.10805144342031438,1.4476581744939319,,,,,,,,
D5-leverage_e00_r007,TA(0.40),0.05015594291035086,0.03,0.09263618732122902,1.436650936299026,0.008337819364677248,-1.5037991431608093,,,,,,,,
D5-leverage_e05_r007,adapt,0.09836436691693962,0.056666666666666664,-0.01892176783454073,1.5530095818858398,-0.030590115029509573,-1.540513813739465,,,,,,,,
D5-leverage_e05_r007,adaptX,0.05582688597496599,0.056666666666666664,-0.03802579293027578,1.5394166315093876,-0.030590115029509573,-1.540513813739465,,,,,,,,
D5-leverage_e05_r007,HA50,0.009719358058646321,,-2.7299504831608994,0.15308848623707855,2.0650721841506625,0.06239117556218571,,,,,,,,
D5-leverage_e05_r007,TA(0.05),0.09963947301730514,0.056666666666666664,-0.01892176783454073,1.5530095818858398,-0.030590115029509573,-1.540513813739465,,,,,,,,
D5-leverage_e05_r007,TA(0.10),0.10018763307016343,0.056666666666666664,-0.030590115029509573,-1.540513813739465,-0.01892176783454073,1.5530095818858398,,,,,,,,
D5-leverage_e05_r007,TA(0.15),0.09972169797401875,0.056666666666666664,-0.01892176783454073,1.5530095818858398,-0.030590115029509573,-1.540513813739465,,,,,,,,
D5-leverage_e05_r007,TA(0.25),0.10009004094172269,0.056666666666666664,-0.030590115029509573,-1.540513813739465,-0.01892176783454073,1.5530095818858398,,,,,,,,
D5-leverage_e05_r007,TA(0.40),0.10109034308698028,0.056666666666666664,-0.018968075581300866,-1.53593126916394,-0.005459193439855069,1.558265156719889,,,,,,,,
D5-leverage_e10_r007,adapt,0.05019587802235037,0.09666666666666666,-0.04572271096775457,-1.5314899733469611,-0.07158167732764774,1.5135362024372052,,,,,,,,
D5-leverage_e10_r007,adaptX,0.05605020292568952,0.09666666666666666,-0.04572271096775457,-1.5314899733469611,-0.07158167732764774,1.5135362024372052,,,,,,,,
D5-leverage_e10_r007,HA50,0.010154874995350838,,2.3804644045320713,-0.03338920767702723,-2.245296940527318,0.09549778445431302,,,,,,,,
D5-leverage_e10_r007,TA(0.05),0.05171967507340014,0.0033333333333333335,2.3456241161079086,-0.0049686655547182814,-2.242718122534614,0.1077769427380342,,,,,,,,
D5-leverage_e10_r007,TA(0.10),0.052368484903126955,0.09666666666666666,-0.07158167732764774,1.5135362024372052,-0.04572271096775457,-1.5314899733469611,,,,,,,,
D5-leverage_e10_r007,TA(0.15),0.05269525898620486,0.09666666666666666,-0.04572271096775457,-1.5314899733469611,-0.07158167732764774,1.5135362024372052,,,,,,,,
D5-leverage_e10_r007,TA(0.25),0.05234869697596878,0.09666666666666666,-0.04572271096775457,-1.5314899733469611,-0.07158167732764774,1.5135362024372052,,,,,,,,
D5-leverage_e10_r007,TA(0.40),0.051888361922465265,0.09666666666666666,-0.04706292926912645,1.501412001969424,-0.052100044655819015,-1.5317295224757936,,,,,,,,
D5-leverage_e20_r007,adapt,0.048674408928491175,0.006666666666666667,-2.2897190229482325,0.1232490303493198,2.496090758339769,-0.04544655451094923,,,,,,,,
D5-leverage_e20_r007,adaptX,0.05200477491598576,0.18,-0.002732336612143121,-1.525056906276336,0.025342738181873256,1.5589702465675723,,,,,,,,
D5-leverage_e20_r007,HA50,0.007811866933479905,,2.5796224666017937,-0.0560122907193775,-2.291781188887937,0.11610759745515939,,,,,,,,
D5-leverage_e20_r007,TA(0.05),0.05104612500872463,0.006666666666666667,-2.2897190229482325,0.1232490303493198,2.496090758339769,-0.04544655451094923,,,,,,,,
D5-leverage_e20_r007,TA(0.10),0.05129060603212565,0.006666666666666667,-2.2897190229482325,0.1232490303493198,2.496090758339769,-0.04544655451094923,,,,,,,,
D5-leverage_e20_r007,TA(0.15),0.0500950519926846,0.01,-2.2679744807313607,0.11987166944419514,2.5176082443410785,-0.048977982532032664,,,,,,,,
D5-leverage_e20_r007,TA(0.25),0.050902193994261324,0.18,0.025342738181873256,1.5589702465675723,-0.002732336612143121,-1.525056906276336,,,,,,,,
D5-leverage_e20_r007,TA(0.40),0.05010850494727492,0.18,0.038364745966225175,1.5577876893695495,-0.01595363044790671,-1.524679662954376,,,,,,,,
D5-leverage_e30_r007,adapt,0.04890356701798737,0.006666666666666667,2.5261367200408382,-0.17418940730850546,-2.115442161726915,0.07327945260773172,,,,,,,,
D5-leverage_e30_r007,adaptX,0.05654451600275934,0.08,-2.1133592061458346,0.07331888096874889,2.5261367200408382,-0.17418940730850546,,,,,,,,
D5-leverage_e30_r007,HA50,0.009220971027389169,,2.5621040769316963,-0.16344041382367125,-2.133540599788235,0.08206802454280226,,,,,,,,
D5-leverage_e30_r007,TA(0.05),0.05025417497381568,0.006666666666666667,-2.1128847773952657,0.07621731987437087,2.5291487893088247,-0.17107613479183026,,,,,,,,
D5-leverage_e30_r007,TA(0.10),0.05204196600243449,0.006666666666666667,2.5261367200408382,-0.17418940730850546,-2.115442161726915,0.07327945260773172,,,,,,,,
D5-leverage_e30_r007,TA(0.15),0.05057921493425965,0.006666666666666667,2.5291487893088247,-0.17107613479183026,-2.1128847773952657,0.07621731987437087,,,,,,,,
D5-leverage_e30_r007,TA(0.25),0.050060102017596364,0.006666666666666667,-2.1139663112645866,0.06298642423903814,2.5295473127930377,-0.1864850942303554,,,,,,,,
D5-leverage_e30_r007,TA(0.40),0.05258119199424982,0.31666666666666665,0.09438849727179897,-1.4759000449617647,-0.0129561462761524,1.500403707416313,,,,,,,,
D6-uniform_e00_r007,adapt,0.05113470007199794,0.0,-0.029102797637086442,1.5192416165086873,0.06684206911193866,-1.5073799404108386,,,,,,,,
D6-uniform_e00_r007,adaptX,0.05563060904387385,0.0,-0.029102797637086442,1.5192416165086873,0.06684206911193866,-1.5073799404108386,,,,,,,,
D6-uniform_e00_r007,HA50,0.009035269962623715,,0.06785754949175636,-1.507372268276527,-0.02806869585130555,1.5192096181724837,,,,,,,,
D6-uniform_e00_r007,TA(0.05),0.05260757601354271,0.0,0.06684206911193866,-1.5073799404108386,-0.029102797637086442,1.5192416165086873,,,,,,,,
D6-uniform_e00_r007,TA(0.10),0.0531669519841671,0.0,0.06684206911193866,-1.5073799404108386,-0.029102797637086442,1.5192416165086873,,,,,,,,
D6-uniform_e00_r007,TA(0.15),0.054745364002883434,0.0,-0.06761780087027414,1.528364540006627,0.08282283820515926,-1.506091909827743,,,,,,,,
D6-uniform_e00_r007,TA(0.25),0.05348101304844022,0.0,0.06934735560213592,-1.507248483450624,-0.07118756070002022,1.5283036080022365,,,,,,,,
D6-uniform_e00_r007,TA(0.40),0.05429339106194675,0.0,-0.06806399673599854,1.4927389246948657,0.06934735560213592,-1.507248483450624,,,,,,,,
D6-uniform_e05_r007,adapt,0.05033602495677769,0.08333333333333333,-0.07559109831715011,1.5440206898324766,0.10060681745845546,-1.5068446234479291,,,,,,,,
D6-uniform_e05_r007,adaptX,0.056739786989055574,0.08333333333333333,-0.05989532534859618,1.5499042326364278,0.11031490726126712,-1.5023521960390944,,,,,,,,
D6-uniform_e05_r007,HA50,0.008866347023285925,,0.013332745348600435,1.6266811977956637,0.09415071731389539,-1.533532883212723,,,,,,,,
D6-uniform_e05_r007,TA(0.05),0.051189629011787474,0.08333333333333333,-0.07559109831715011,1.5440206898324766,0.10060681745845546,-1.5068446234479291,,,,,,,,
D6-uniform_e05_r007,TA(0.10),0.05222046293783933,0.08333333333333333,0.10060681745845546,-1.5068446234479291,-0.07559109831715011,1.5440206898324766,,,,,,,,
D6-uniform_e05_r007,TA(0.15),0.052694028010591865,0.08333333333333333,0.10060681745845546,-1.5068446234479291,-0.07559109831715011,1.5440206898324766,,,,,,,,
D6-uniform_e05_r007,TA(0.25),0.05157676606904715,0.08333333333333333,0.10060681745845546,-1.5068446234479291,-0.07559109831715011,1.5440206898324766,,,,,,,,
D6-uniform_e05_r007,TA(0.40),0.05188593699131161,0.08333333333333333,-0.07559109831715011,1.5440206898324766,0.10060681745845546,-1.5068446234479291,,,,,,,,
D6-uniform_e10_r007,adapt,0.05412291502580047,0.10666666666666667,0.014946914390275911,-1.4750844166314943,0.04526161277927315,1.4781923691575416,,,,,,,,
D6-uniform_e10_r007,adaptX,0.05758557899389416,0.10666666666666667,0.022684470209730665,-1.4752284982823862,0.03756047473018854,1.4791936672919916,,,,,,,,
D6-uniform_e10_r007,HA50,0.009414982981979847,,0.01419636644499513,-1.5208496587398819,-0.22069751381005584,1.6782165711479948,,,,,,,,
D6-uniform_e10_r007,TA(0.05),0.05617536895442754,0.10666666666666667,0.015393409674955612,-1.4738560981246316,0.030656251721870066,1.4813741341322981,,,,,,,,
D6-uniform_e10_r007,TA(0.10),0.05513574799988419,0.10666666666666667,0.014946914390275911,-1.4750844166314943,0.04526161277927315,1.4781923691575416,,,,,,,,
D6-uniform_e10_r007,TA(0.15),0.055873636971227825,0.10666666666666667,0.014946914390275911,-1.4750844166314943,0.04526161277927315,1.4781923691575416,,,,,,,,
D6-uniform_e10_r007,TA(0.25),0.05738619307521731,0.10666666666666667,0.014946914390275911,-1.4750844166314943,0.04526161277927315,1.4781923691575416,,,,,,,,
D6-uniform_e10_r007,TA(0.40),0.05517615901771933,0.10666666666666667,-0.0064332728039903884,-1.4630544337786984,0.04526161277927315,1.4781923691575416,,,,,,,,
D6-uniform_e20_r007,adapt,0.04006039397791028,0.20666666666666667,0.09214309291451993,-1.5019416805397747,0.106995069158963,1.4509873423190558,,,,,,,,
D6-uniform_e20_r007,adaptX,0.057742375996895134,0.20666666666666667,0.09172107007089016,1.4407566140740646,0.13347343157667674,-1.4997948475241607,,,,,,,,
D6-uniform_e20_r007,HA50,0.01031207398045808,,2.8966155283487454,-0.038733639764129316,-2.9708941497404875,0.1079521808341353,,,,,,,,
D6-uniform_e20_r007,TA(0.05),0.042124278959818184,0.0,2.8966155283487454,-0.038733639764129316,-2.9708941497404875,0.1079521808341353,,,,,,,,
D6-uniform_e20_r007,TA(0.10),0.04231857601553202,0.2,0.0464364683201628,-1.4949646680235649,0.06568466090136692,1.4578551564969175,,,,,,,,
D6-uniform_e20_r007,TA(0.15),0.04074204701464623,0.2,0.10293993395274936,-1.5204233820621478,0.09172107007089016,1.4407566140740646,,,,,,,,
D6-uniform_e20_r007,TA(0.25),0.04086321999784559,0.20333333333333334,0.12485786357770469,1.4347723914432209,0.1399256943199246,-1.5270209462839333,,,,,,,,
D6-uniform_e20_r007,TA(0.40),0.04370374896097928,0.2,0.07883613606880838,-1.5109177774910583,0.09172107007089016,1.4407566140740646,,,,,,,,
D6-uniform_e30_r007,adapt,0.058301475015468895,0.0,-2.884323524474469,0.1804357448259825,4.023149362040794,0.3062167569539538,,,,,,,,
D6-uniform_e30_r007,adaptX,0.06694888498168439,0.12333333333333334,0.8575649181050119,-1.4021204893981511,0.8008038401048084,1.959551564053757,,,,,,,,
D6-uniform_e30_r007,HA50,0.014160399907268584,,-2.8623922192426146,0.17854005774290513,4.0482304728809915,0.30572840366608356,,,,,,,,
D6-uniform_e30_r007,TA(0.05),0.05963803397025913,0.0,4.19975857260848,0.2870551779945809,-2.7268587647746507,0.15183860289636866,,,,,,,,
D6-uniform_e30_r007,TA(0.10),0.05961791193112731,0.0,4.303747026893261,0.2517394719758302,-2.6333591715262377,0.11629865627722366,,,,,,,,
D6-uniform_e30_r007,TA(0.15),0.062472764984704554,0.12666666666666668,0.8200136807727982,1.9860239425188364,0.7588516800093181,-1.3330979500036606,,,,,,,,
D6-uniform_e30_r007,TA(0.25),0.05963778297882527,0.12666666666666668,0.7057313760669133,1.9733207638928956,0.6893667408054938,-1.4941766868242412,,,,,,,,
D6-uniform_e30_r007,TA(0.40),0.059239974012598395,0.16333333333333333,0.39298305682307194,-1.5253253930415271,0.5251613575416704,1.6611795902405138,,,,,,,,
D7-p3_e00_r007,adapt,0.22299181309062988,0.02,0.19681144376647644,1.5901813713790307,0.8980651631657751,1.0090084730517415,0.13569950168229217,-1.4828311419535172,1.0606327701975804,0.9936685192301267,,,,
D7-p3_e00_r007,adaptX,1.764135210076347,0.02,0.13890831724190894,-1.4826491815942855,1.0597351255001983,0.9953849975918027,0.1876358228247932,1.5845443131092543,0.9037723619498341,1.010661932509669,,,,
D7-p3_e00_r007,HA50,0.015720979077741504,,0.17924889039170708,1.5785259582630244,0.8915612615655982,1.016312524717545,0.18116824776316562,-1.468074913860158,1.04344009061458,0.9917682779040292,,,,
D7-p3_e00_r007,TA(0.05),0.22624128707684577,0.03666666666666667,0.1909301675172198,1.5828920795227701,0.8495329459216845,1.050081520363853,0.15632705584598844,-1.4751344596642242,1.0753000715275345,0.9961616333147273,,,,
D7-p3_e00_r007,TA(0.10),0.22460034908726811,0.03666666666666667,0.1909301675172198,1.5828920795227701,0.8495329459216845,1.050081520363853,0.14470078972994116,-1.4888127149864672,1.0855178608363756,0.9996145443304031,,,,
D7-p3_e00_r007,TA(0.15),0.22418276907410473,0.02,0.1876358228247932,1.5845443131092543,0.9037723619498341,1.010661932509669,0.1527479483265539,-1.4763781156120386,1.0657122622925796,1.0068956718761333,,,,
D7-p3_e00_r007,TA(0.25),0.225358810974285,0.02,0.1527479483265539,-1.4763781156120386,1.0657122622925796,1.0068956718761333,0.1876358228247932,1.5845443131092543,0.9037723619498341,1.010661932509669,,,,
D7-p3_e00_r007,TA(0.40),0.22651354898698628,0.04,0.17792617306982506,-1.4659171510195965,1.0833908555012601,0.9992215959640152,0.18835499538840172,1.5763757701177685,0.8306150168376218,1.0621762241621464,,,,
D7-p3_e05_r007,adapt,0.24338078103028238,0.08333333333333333,-0.14761890293166408,1.4708180318523865,0.9435558268273894,1.04400177671017,0.052720940565645545,-1.419509383590529,1.121696449252528,1.0181192575228384,,,,
D7-p3_e05_r007,adaptX,1.9862838750705123,0.08666666666666667,-0.17017787835894993,1.4825660258672761,0.9320042218010416,1.0619009738220113,0.08068101006526053,-1.4289223382931693,1.1079266720329144,1.0194525778545043,,,,
D7-p3_e05_r007,HA50,0.013550738105550408,,0.15210807529204054,0.2562713704709462,0.8031773342545351,0.9870754351932794,12.327451857805306,-10.718603047595256,-4.456658061532379,11.488680752009172,,,,
D7-p3_e05_r007,TA(0.05),0.24417526903562248,0.06333333333333334,-0.3722371256389335,0.6569813144662953,0.9109868841813071,1.000579696292076,12.85601899213405,3.6113828003428314,0.8915047407970204,1.1634081505800473,,,,
D7-p3_e05_r007,TA(0.10),0.2447152710519731,0.08666666666666667,0.04975898030916388,-1.4196972577629507,1.1210900984520635,1.0159074372898338,-0.1598487441069602,1.4822176640528482,0.9321296496929111,1.0589089857966338,,,,
D7-p3_e05_r007,TA(0.15),0.24587393796537071,0.08666666666666667,0.04975898030916388,-1.4196972577629507,1.1210900984520635,1.0159074372898338,-0.1598487441069602,1.4822176640528482,0.9321296496929111,1.0589089857966338,,,,
D7-p3_e05_r007,TA(0.25),0.2460512799443677,0.08,-0.1244336857535945,1.480295941477883,0.9646001571292059,1.0314156010962643,0.03730722170967802,-1.4209975945105087,1.114726382133719,1.0186989867981073,,,,
D7-p3_e05_r007,TA(0.40),0.24594005302060395,0.08666666666666667,-0.1733659565519872,1.4814461901565565,0.9268090350297317,1.0663865470977947,0.08489519117635107,-1.4278696354761933,1.1151306797485443,1.0135129881298828,,,,
D7-p3_e10_r007,adapt,0.229061487945728,0.11,-0.053332920516993156,-1.5051097669186557,1.0469746397208302,1.0137165058407644,0.04230177556958769,1.6153884192960122,0.9287869821391858,0.847088979515206,,,,
D7-p3_e10_r007,adaptX,1.9937212369404733,0.11,-0.052103954392883844,-1.505296084624046,1.0459497973087561,1.0132438706768157,0.04297079860162341,1.6153735181574471,0.9281543000821008,0.8467504280786593,,,,
D7-p3_e10_r007,HA50,0.012797120958566666,,-1.2243185112105863,0.23352720485001627,1.289839282434383,0.6582857425492753,12.51292707326275,-1.5964401699173938,-4.349252415235486,7.56109071655222,,,,
D7-p3_e10_r007,TA(0.05),0.2306921910494566,0.05333333333333334,-0.03510597498895308,0.1269871823271429,1.1156815870963668,0.9162375967300956,-21.428534631639653,0.3376486683075593,0.7776821191531494,1.3378459384587593,,,,
D7-p3_e10_r007,TA(0.10),0.2301510350080207,0.11,-0.052103954392883844,-1.505296084624046,1.0459497973087561,1.0132438706768157,0.04297079860162341,1.6153735181574471,0.9281543000821008,0.8467504280786593,,,,
D7-p3_e10_r007,TA(0.15),0.23107906302902848,0.11,0.04297079860162341,1.6153735181574471,0.9281543000821008,0.8467504280786593,-0.052103954392883844,-1.505296084624046,1.0459497973087561,1.0132438706768157,,,,
D7-p3_e10_r007,TA(0.25),0.2298657939536497,0.11,0.03016825703182776,1.6149915531047079,0.9369291882319385,0.8490853531999693,-0.029696829900343728,-1.5073675773553739,1.034737738414802,1.007899628224766,,,,
D7-p3_e10_r007,TA(0.40),0.23010052798781544,0.11,0.0260736738562426,1.6153252432236198,0.938359656005032,0.851221635564212,-0.034728975404508436,-1.5066804394864401,1.0367759721381842,1.0101014916244253,,,,
D7-p3_e20_r007,adapt,0.22459146997425705,0.24,-0.08222741587978795,-1.599910627800914,1.0673647161932296,0.8584957703099138,-0.22570332268233384,1.552237546123278,1.0001651420971789,1.0351265818755553,,,,
D7-p3_e20_r007,adaptX,1.7727261800318956,0.24333333333333335,-0.08222741587978795,-1.599910627800914,1.0673647161932296,0.8584957703099138,-0.22115681193380846,1.5563778215577877,1.0044725781056745,1.0316361408503971,,,,
D7-p3_e20_r007,HA50,0.016606653109192848,,-2.969057612591267,0.09064850515536256,0.9933957770635038,0.6390965165373484,23.306100051560342,-0.032354549524853296,0.6931372625331478,0.45610593321569276,,,,
D7-p3_e20_r007,TA(0.05),0.2264325519790873,0.11,23.514652049297823,-0.2653786569151688,0.7161191806037601,0.5301048576621975,-0.03715710790802886,0.009685063733559842,1.06157114553587,0.9811328830607756,,,,
D7-p3_e20_r007,TA(0.10),0.2260623419424519,0.11,-0.03715710790802886,0.009685063733559842,1.06157114553587,0.9811328830607756,23.514652049297823,-0.2653786569151688,0.7161191806037601,0.5301048576621975,,,,
D7-p3_e20_r007,TA(0.15),0.22673406300600618,0.11,-0.03715710790802886,0.009685063733559842,1.06157114553587,0.9811328830607756,23.514652049297823,-0.2653786569151688,0.7161191806037601,0.5301048576621975,,,,
D7-p3_e20_r007,TA(0.25),0.22588846401777118,0.24333333333333335,-0.22570332268233384,1.552237546123278,1.0001651420971789,1.0351265818755553,-0.05607456257656822,-1.594100787383863,1.0913165707195263,0.8388560283031024,,,,
D7-p3_e20_r007,TA(0.40),0.22542334301397204,0.24333333333333335,-0.23134796249885584,1.5517211666004564,1.0037113190769136,1.0321362173804924,-0.06243910324772486,-1.5950037211867105,1.0942184997551316,0.8356224133317741,,,,
D7-p3_e30_r007,adapt,0.24252280103974044,0.28,0.11909809419626846,1.5472955604564675,0.8719886288560944,0.9507452201577506,0.31481890689266223,-1.5819875888112669,0.9540645093930098,1.088018378504891,,,,
D7-p3_e30_r007,adaptX,1.9851394389988855,0.30333333333333334,0.12413421123255416,1.5473298439043441,0.8724796748892378,0.9514646057719597,0.30720168115962193,-1.5818572464579266,0.9579975925037055,1.0932933984734412,,,,
D7-p3_e30_r007,HA50,0.014491645037196577,,-22.925869738759925,0.6159563885481233,0.7248683673890243,1.2480089114408521,3.4102156051234425,-0.2088303601279159,1.2171369741557507,0.8654576770055482,,,,
D7-p3_e30_r007,TA(0.05),0.24517875502351671,0.12666666666666668,0.28090107798084757,-0.3128026061566074,0.9297170555269356,0.9422922773780337,-23.269321885930008,0.37337938487870814,0.7382599244695213,1.3258181961163154,,,,
D7-p3_e30_r007,TA(0.10),0.24365329300053418,0.12666666666666668,0.28090107798084757,-0.3128026061566074,0.9297170555269356,0.9422922773780337,-23.269321885930008,0.37337938487870814,0.7382599244695213,1.3258181961163154,,,,
D7-p3_e30_r007,TA(0.15),0.2435115909902379,0.12666666666666668,0.28090107798084757,-0.3128026061566074,0.9297170555269356,0.9422922773780337,-23.353886407868277,0.6133045385299151,0.9467550879889823,1.1476682269310845,,,,
D7-p3_e30_r007,TA(0.25),0.24480731098446995,0.2833333333333333,0.39126177390356554,-1.562146110201829,0.9597155996541769,1.1116934422667604,0.12312762181937183,1.5539211212404738,0.8627697120374529,0.931819622203959,,,,
D7-p3_e30_r007,TA(0.40),0.2440228119958192,0.2833333333333333,0.151511771621095,1.5558259007725836,0.8743526898800581,0.9543992466038516,0.3561449981656057,-1.563621713725193,0.9410790085775063,1.095934315502404,,,,
D8-K2par-sep_e00_r007,adapt,0.04618451802525669,0.013333333333333334,3.1060343137580193,0.9811017102236184,-2.96248083762761,0.975450972078022,,,,,,,,
D8-K2par-sep_e00_r007,adaptX,0.05258068291004747,0.013333333333333334,3.1060343137580193,0.9811017102236184,-2.96248083762761,0.975450972078022,,,,,,,,
D8-K2par-sep_e00_r007,HA50,0.01031120598781854,,-2.9690752859143053,1.0162692540769152,3.1060343137580193,0.9811017102236184,,,,,,,,
D8-K2par-sep_e00_r007,TA(0.05),0.04837435903027654,0.013333333333333334,-2.96248083762761,0.975450972078022,3.1060343137580193,0.9811017102236184,,,,,,,,
D8-K2par-sep_e00_r007,TA(0.10),0.04788395203649998,0.013333333333333334,-2.96248083762761,0.975450972078022,3.1060343137580193,0.9811017102236184,,,,,,,,
D8-K2par-sep_e00_r007,TA(0.15),0.047959398943930864,0.013333333333333334,3.1060343137580193,0.9811017102236184,-2.96248083762761,0.975450972078022,,,,,,,,
D8-K2par-sep_e00_r007,TA(0.25),0.04950369999278337,0.013333333333333334,-2.96248083762761,0.975450972078022,3.1060343137580193,0.9811017102236184,,,,,,,,
D8-K2par-sep_e00_r007,TA(0.40),0.04805966396816075,0.013333333333333334,3.1060343137580193,0.9811017102236184,-2.9273474124518346,0.9918281639834662,,,,,,,,
D8-K2par-sep_e05_r007,adapt,0.05976106901653111,0.05333333333333334,3.1006196388582596,0.9832237187790227,-3.0659500215865934,1.0506346814286138,,,,,,,,
D8-K2par-sep_e05_r007,adaptX,0.06457727297674865,0.056666666666666664,3.118188081345829,0.9985920873670416,-3.0659500215865934,1.0506346814286138,,,,,,,,
D8-K2par-sep_e05_r007,HA50,0.012198220007121563,,4.155074021214877,0.9495956147283021,-3.683131435760687,0.724978157622273,,,,,,,,
D8-K2par-sep_e05_r007,TA(0.05),0.06196262699086219,0.056666666666666664,3.118188081345829,0.9985920873670416,-3.0659500215865934,1.0506346814286138,,,,,,,,
D8-K2par-sep_e05_r007,TA(0.10),0.060512559954077005,0.056666666666666664,3.118188081345829,0.9985920873670416,-3.0659500215865934,1.0506346814286138,,,,,,,,
D8-K2par-sep_e05_r007,TA(0.15),0.06294122606050223,0.05333333333333334,-3.0659500215865934,1.0506346814286138,3.1006196388582596,0.9832237187790227,,,,,,,,
D8-K2par-sep_e05_r007,TA(0.25),0.06302850798238069,0.056666666666666664,-3.100114301837822,1.0505092065858854,3.1177084051925723,1.011602654576183,,,,,,,,
D8-K2par-sep_e05_r007,TA(0.40),0.06125010899268091,0.056666666666666664,-3.100114301837822,1.0505092065858854,3.118188081345829,0.9985920873670416,,,,,,,,
D8-K2par-sep_e10_r007,adapt,0.05455837398767471,0.09333333333333334,3.129667985124774,0.9775410278377776,-2.9589807156859376,1.0047452027264008,,,,,,,,
D8-K2par-sep_e10_r007,adaptX,0.061728822998702526,0.09333333333333334,3.129667985124774,0.9775410278377776,-2.9589807156859376,1.0047452027264008,,,,,,,,
D8-K2par-sep_e10_r007,HA50,0.010223093908280134,,23.729614020597193,1.4402009187749911,-1.1996914278898638,0.9001661453077685,,,,,,,,
D8-K2par-sep_e10_r007,TA(0.05),0.056888306979089975,0.09333333333333334,-2.9589807156859376,1.0047452027264008,3.129667985124774,0.9775410278377776,,,,,,,,
D8-K2par-sep_e10_r007,TA(0.10),0.05667575495317578,0.09333333333333334,-2.9589807156859376,1.0047452027264008,3.129667985124774,0.9775410278377776,,,,,,,,
D8-K2par-sep_e10_r007,TA(0.15),0.05698204692453146,0.09333333333333334,3.129667985124774,0.9775410278377776,-2.9589807156859376,1.0047452027264008,,,,,,,,
D8-K2par-sep_e10_r007,TA(0.25),0.056934350985102355,0.09333333333333334,3.129667985124774,0.9775410278377776,-2.9589807156859376,1.0047452027264008,,,,,,,,
D8-K2par-sep_e10_r007,TA(0.40),0.05521552497521043,0.09333333333333334,3.129667985124774,0.9775410278377776,-2.9589807156859376,1.0047452027264008,,,,,,,,
D8-K2par-sep_e20_r007,adapt,0.05697078991215676,0.18333333333333332,2.929767037084174,1.0084396762920256,-2.9833104133753525,0.8983598705564756,,,,,,,,
D8-K2par-sep_e20_r007,adaptX,0.06830150994937867,0.18333333333333332,-2.9833104133753525,0.8983598705564756,2.929767037084174,1.0084396762920256,,,,,,,,
D8-K2par-sep_e20_r007,HA50,0.013365993974730372,,-22.83597691228634,1.9548826082695416,2.2456799135400245,1.2470932721239485,,,,,,,,
D8-K2par-sep_e20_r007,TA(0.05),0.05844116199295968,0.09,-22.83597691228634,1.9548826082695416,0.10432459777234121,1.1671384974244277,,,,,,,,
D8-K2par-sep_e20_r007,TA(0.10),0.058043473050929606,0.09,0.10432459777234121,1.1671384974244277,-22.83597691228634,1.9548826082695416,,,,,,,,
D8-K2par-sep_e20_r007,TA(0.15),0.059386615990661085,0.18333333333333332,2.929767037084174,1.0084396762920256,-2.9833104133753525,0.8983598705564756,,,,,,,,
D8-K2par-sep_e20_r007,TA(0.25),0.05974871898069978,0.18333333333333332,2.929767037084174,1.0084396762920256,-2.9833104133753525,0.8983598705564756,,,,,,,,
D8-K2par-sep_e20_r007,TA(0.40),0.05903299304191023,0.18333333333333332,2.929767037084174,1.0084396762920256,-2.9833104133753525,0.8983598705564756,,,,,,,,
D8-K2par-sep_e30_r007,adapt,0.051856299047358334,0.29333333333333333,-3.1874404299214274,0.9918104017508063,3.032846191282464,1.0529857233661049,,,,,,,,
D8-K2par-sep_e30_r007,adaptX,0.05861097702290863,0.29333333333333333,3.032846191282464,1.0529857233661049,-3.1874404299214274,0.9918104017508063,,,,,,,,
D8-K2par-sep_e30_r007,HA50,0.010450604953803122,,-3.1290395221328158,1.496393872363162,22.675031075867988,1.5681803163930237,,,,,,,,
D8-K2par-sep_e30_r007,TA(0.05),0.053918174002319574,0.11,22.675031075867988,1.5681803163930237,-0.1519812612258382,1.199840273657859,,,,,,,,
D8-K2par-sep_e30_r007,TA(0.10),0.05315207701642066,0.11,-0.08992301094626445,1.1440795847232548,22.675031075867988,1.5681803163930237,,,,,,,,
D8-K2par-sep_e30_r007,TA(0.15),0.05324497795663774,0.11,-0.08992301094626445,1.1440795847232548,22.675031075867988,1.5681803163930237,,,,,,,,
D8-K2par-sep_e30_r007,TA(0.25),0.053453668020665646,0.29333333333333333,3.032846191282464,1.0529857233661049,-3.1874404299214274,0.9918104017508063,,,,,,,,
D8-K2par-sep_e30_r007,TA(0.40),0.05410092999227345,0.29333333333333333,3.032846191282464,1.0529857233661049,-3.1874404299214274,0.9918104017508063,,,,,,,,
D1-K2cross_e00_r008,adapt,0.049288420006632805,0.016666666666666666,0.049957487954913504,-1.4794752377537563,-0.05323281924204524,1.4767266163848263,,,,,,,,
D1-K2cross_e00_r008,adaptX,0.05598843493498862,0.016666666666666666,-0.11054721128676066,1.4696082074410162,0.05413879742649197,-1.47859518324036,,,,,,,,
D1-K2cross_e00_r008,HA50,0.009266554028727114,,0.038653828723038255,-1.4718314887986983,-0.03283933671754782,1.450993621992374,,,,,,,,
D1-K2cross_e00_r008,TA(0.05),0.05151144997216761,0.023333333333333334,-0.08202739270192269,1.4670375019556143,0.05413879742649197,-1.47859518324036,,,,,,,,
D1-K2cross_e00_r008,TA(0.10),0.05136605689767748,0.016666666666666666,-0.0724525828842281,1.467121727211692,0.04544525139878962,-1.478982209872131,,,,,,,,
D1-K2cross_e00_r008,TA(0.15),0.0505160300526768,0.02,0.04074581463445108,-1.4708740704230072,-0.09669507395216595,1.48171846829849,,,,,,,,
D1-K2cross_e00_r008,TA(0.25),0.05040292895864695,0.016666666666666666,0.0753568873014531,-1.477494589607871,-0.11975613155307235,1.4553311310979096,,,,,,,,
D1-K2cross_e00_r008,TA(0.40),0.050042276037856936,0.02,0.007627087076480623,-1.448031772633432,-0.0864410993275676,1.4550963097916163,,,,,,,,
D1-K2cross_e05_r008,adapt,0.05101387295871973,0.09,0.12277644299315384,-1.4439887018966395,-0.23033119843294117,1.5530052019527594,,,,,,,,
D1-K2cross_e05_r008,adaptX,0.05992083007004112,0.08333333333333333,-0.21510610946239933,1.5463315941800218,0.16590710197786274,-1.4415349260381243,,,,,,,,
D1-K2cross_e05_r008,HA50,0.010118557955138385,,0.4824584152353456,-0.6283075312728841,11.731663147269066,8.071899196352454,,,,,,,,
D1-K2cross_e05_r008,TA(0.05),0.05308550503104925,0.08666666666666667,0.14867977856505635,-1.4533576686249834,-0.23033119843294117,1.5530052019527594,,,,,,,,
D1-K2cross_e05_r008,TA(0.10),0.05254702502861619,0.08,-0.22706360545334472,1.553316743914856,0.1696455254138714,-1.44103557634018,,,,,,,,
D1-K2cross_e05_r008,TA(0.15),0.052689168020151556,0.08,0.1696455254138714,-1.44103557634018,-0.2118714430247885,1.5466604513410218,,,,,,,,
D1-K2cross_e05_r008,TA(0.25),0.052948430995456874,0.08333333333333333,-0.21402378009171788,1.5463677771294047,0.16730531266557297,-1.4414249018205911,,,,,,,,
D1-K2cross_e05_r008,TA(0.40),0.052878855960443616,0.09,-0.2118714430247885,1.5466604513410218,0.12644025746747026,-1.44347887896607,,,,,,,,
D1-K2cross_e10_r008,adapt,0.05289439600892365,0.09666666666666666,0.20356819669514079,-1.5234009196271512,-0.028067585499932258,1.3966917375963763,,,,,,,,
D1-K2cross_e10_r008,adaptX,0.06170269497670233,0.09666666666666666,0.20356819669514079,-1.5234009196271512,-0.028067585499932258,1.3966917375963763,,,,,,,,
D1-K2cross_e10_r008,HA50,0.00953325699083507,,1.1608437689840398,0.021357571783058533,-23.35971144161797,-0.3977370465692017,,,,,,,,
D1-K2cross_e10_r008,TA(0.05),0.05589044198859483,0.06333333333333334,19.835639601188717,5.975988269115866,-0.2897337276443556,0.5184052284078735,,,,,,,,
D1-K2cross_e10_r008,TA(0.10),0.05369009298738092,0.09666666666666666,-0.03573390762662819,1.394950470387177,0.19509324983101622,-1.5259197147309111,,,,,,,,
D1-K2cross_e10_r008,TA(0.15),0.05543331103399396,0.09666666666666666,-0.03573390762662819,1.394950470387177,0.19509324983101622,-1.5259197147309111,,,,,,,,
D1-K2cross_e10_r008,TA(0.25),0.05388917203526944,0.09666666666666666,-0.028067585499932258,1.3966917375963763,0.20356819669514079,-1.5234009196271512,,,,,,,,
D1-K2cross_e10_r008,TA(0.40),0.05722593201790005,0.09666666666666666,-0.028067585499932258,1.3966917375963763,0.20356819669514079,-1.5234009196271512,,,,,,,,
D1-K2cross_e20_r008,adapt,0.05431218701414764,0.21666666666666667,0.05067396371355609,1.4098151290394294,0.11347260890048573,-1.4569639148622893,,,,,,,,
D1-K2cross_e20_r008,adaptX,0.06170403608120978,0.21333333333333335,0.029000854591975853,1.4287932692890277,0.11347260890048573,-1.4569639148622893,,,,,,,,
D1-K2cross_e20_r008,HA50,0.009514372912235558,,23.02945908830972,-0.13379583190031077,-2.616621279566622,-0.4692321990626925,,,,,,,,
D1-K2cross_e20_r008,TA(0.05),0.05700004892423749,0.10666666666666667,0.0028879741882575317,-0.030785727960385454,23.02945908830972,-0.13379583190031077,,,,,,,,
D1-K2cross_e20_r008,TA(0.10),0.05589062592480332,0.10333333333333333,0.0028879741882575317,-0.030785727960385454,-22.0856620841145,-0.4455642177365635,,,,,,,,
D1-K2cross_e20_r008,TA(0.15),0.056444369023665786,0.11666666666666667,-17.31424649104702,-3.9924965179786205,0.41190208481601204,-0.3761050569887686,,,,,,,,
D1-K2cross_e20_r008,TA(0.25),0.055428385036066175,0.21666666666666667,0.12275557755011966,-1.4546331754745896,0.06079888396820027,1.4124877273047238,,,,,,,,
D1-K2cross_e20_r008,TA(0.40),0.0569597240537405,0.21666666666666667,0.01939328813123327,1.3967025355016094,0.12300735353648361,-1.4569499836414923,,,,,,,,
D1-K2cross_e30_r008,adapt,0.0535360659705475,0.32,0.026028021447181332,-1.6235166538038217,0.10112492666451073,1.4923399443169865,,,,,,,,
D1-K2cross_e30_r008,adaptX,0.05608005588874221,0.32,0.10112492666451073,1.4923399443169865,0.026028021447181332,-1.6235166538038217,,,,,,,,
D1-K2cross_e30_r008,HA50,0.00948797503951937,,-22.461031643627308,-0.07359073970432159,3.6912210470633595,0.43284338014769586,,,,,,,,
D1-K2cross_e30_r008,TA(0.05),0.05416315095499158,0.14,-0.18686513241581598,0.09346692813993059,-22.461031643627308,-0.07359073970432159,,,,,,,,
D1-K2cross_e30_r008,TA(0.10),0.05613002507016063,0.14,-22.461031643627308,-0.07359073970432159,-0.18686513241581598,0.09346692813993059,,,,,,,,
D1-K2cross_e30_r008,TA(0.15),0.055775266024284065,0.14,-0.18686513241581598,0.09346692813993059,-22.461031643627308,-0.07359073970432159,,,,,,,,
D1-K2cross_e30_r008,TA(0.25),0.05615753494203091,0.14,-22.461031643627308,-0.07359073970432159,-0.18686513241581598,0.09346692813993059,,,,,,,,
D1-K2cross_e30_r008,TA(0.40),0.055723458994179964,0.32,0.026028021447181332,-1.6235166538038217,0.10112492666451073,1.4923399443169865,,,,,,,,
D2-K3par_e00_r008,adapt,0.21241851896047592,0.01,-0.27272166839430706,0.781381687355803,2.828758704577461,0.9192862131840831,-3.270381640271716,0.8382873982410882,,,,,,
D2-K3par_e00_r008,adaptX,0.2301263619447127,0.01,2.889293662600338,0.9731200375878498,-0.18365931923901466,0.8612653370139112,-3.227478070260279,0.8665205083332912,,,,,,
D2-K3par_e00_r008,HA50,0.016421713982708752,,-0.18845278427820739,0.9464223332297393,-3.235550184187199,0.9578455950671068,2.9536980673232445,0.9942087305330265,,,,,,
D2-K3par_e00_r008,TA(0.05),0.21381658595055342,0.01,2.8476256025403472,0.8847864513994559,-0.2595217276842462,0.7453001136938798,-3.270381640271716,0.8382873982410882,,,,,,
D2-K3par_e00_r008,TA(0.10),0.2151060770265758,0.01,-3.270381640271716,0.8382873982410882,-0.27272166839430706,0.781381687355803,2.828758704577461,0.9192862131840831,,,,,,
D2-K3par_e00_r008,TA(0.15),0.21493570308666676,0.01,-3.2540173567413757,0.8268338226506393,2.8434656473015125,0.9350806764821977,-0.25706267573016356,0.798461154345922,,,,,,
D2-K3par_e00_r008,TA(0.25),0.2149324460187927,0.01,-0.31886086078341913,0.7128786765689009,2.8321453119140485,0.8795663903625286,-3.3031768361110014,0.7767193483877596,,,,,,
D2-K3par_e00_r008,TA(0.40),0.21455372695345432,0.01,-0.3018858090114379,0.7659006053831008,-3.3099237188615427,0.8181175764404135,2.828758704577461,0.9192862131840831,,,,,,
D2-K3par_e05_r008,adapt,0.22062006406486034,0.056666666666666664,0.053076427259804326,1.0249287861817908,3.0950949770433764,0.8446136702017196,-2.9439385577394424,1.0480035565447332,,,,,,
D2-K3par_e05_r008,adaptX,0.26709286600816995,0.056666666666666664,0.0374680472645988,1.0373344531633977,-2.958465197795692,1.0582030554904434,3.0950949770433764,0.8446136702017196,,,,,,
D2-K3par_e05_r008,HA50,0.02195770596154034,,-16.423415449680338,-4.26721664111379,19.733072927476048,0.044391077428643164,0.3881640076549982,0.7138309653195787,,,,,,
D2-K3par_e05_r008,TA(0.05),0.22164962091483176,0.056666666666666664,3.046200827509554,0.8597532375131526,-0.07158684215218432,1.0242834434843477,-3.005657199019812,1.0355278662738583,,,,,,
D2-K3par_e05_r008,TA(0.10),0.2239760720403865,0.056666666666666664,-2.929728087717781,1.035089714852825,3.0950949770433764,0.8446136702017196,0.06857037970369312,1.0087570709232447,,,,,,
D2-K3par_e05_r008,TA(0.15),0.22284788510296494,0.05333333333333334,0.10531117744346935,0.7640542191422085,-2.9541215888465415,0.9146699411857966,3.1024446646331563,0.7386119669217173,,,,,,
D2-K3par_e05_r008,TA(0.25),0.22179340897127986,0.05333333333333334,-2.9752232011937236,1.2499817756388742,0.16689424584831572,1.383173681734045,3.205775412864636,1.0386779157811876,,,,,,
D2-K3par_e05_r008,TA(0.40),0.22288698598276824,0.056666666666666664,-2.771109372772374,1.0681874565289737,3.3077611925775723,0.9698765049449906,0.45921433532653744,1.164341249738614,,,,,,
D2-K3par_e10_r008,adapt,0.2401831520255655,0.07,0.013265266088147189,1.1723189890219317,3.0479097318005013,1.0430353713552236,-2.9448847469104416,1.2287633160457556,,,,,,
D2-K3par_e10_r008,adaptX,0.3503680690191686,0.08,0.014234476320581047,1.1850514095932703,-2.9448847469104416,1.2287633160457556,3.033734830946292,1.0411088672239757,,,,,,
D2-K3par_e10_r008,HA50,0.04976067098323256,,0.2719229851711466,1.0787332770496052,21.928435144960112,-0.508032348154676,-21.587225180982315,1.7458241723105457,,,,,,
D2-K3par_e10_r008,TA(0.05),0.24526062398217618,0.05333333333333334,-15.196885057209471,-4.211875523047201,2.8789785029920325,1.016703693822146,-1.4127016028454724,0.9001956397891624,,,,,,
D2-K3par_e10_r008,TA(0.10),0.2479042470222339,0.07,0.006912180927358786,1.1501358715553,-2.9247872314929775,1.2147045952603248,3.033734830946292,1.0411088672239757,,,,,,
D2-K3par_e10_r008,TA(0.15),0.2426151119871065,0.07,0.006912180927358786,1.1501358715553,-2.9247872314929775,1.2147045952603248,3.033734830946292,1.0411088672239757,,,,,,
D2-K3par_e10_r008,TA(0.25),0.24238752201199532,0.07,3.033734830946292,1.0411088672239757,0.006912180927358786,1.1501358715553,-2.9247872314929775,1.2147045952603248,,,,,,
D2-K3par_e10_r008,TA(0.40),0.24298405600711703,0.07,0.29218738496447094,0.9254703558645592,3.146373789782799,0.9938395119114896,-2.658727523300176,1.0550403730266333,,,,,,
D2-K3par_e20_r008,adapt,0.24410003004595637,0.18,3.108919510044253,0.8916858387583658,0.0035245538139348446,1.0702001320537455,-3.0436214691924737,0.9548816798299776,,,,,,
D2-K3par_e20_r008,adaptX,0.2058427920565009,0.18,-3.0436214691924737,0.9548816798299776,0.0035245538139348446,1.0702001320537455,3.108919510044253,0.8916858387583658,,,,,,
D2-K3par_e20_r008,HA50,0.00955595402047038,,0.10672477638508195,1.0652416420953892,21.261823440348394,1.6608883601457582,-22.889258592261086,0.48224445295926316,,,,,,
D2-K3par_e20_r008,TA(0.05),0.24662385799456388,0.043333333333333335,8.341993366764877,7.37461599208141,-0.017900206649731763,0.9713063744522571,-23.158900503428107,0.6821036599867515,,,,,,
D2-K3par_e20_r008,TA(0.10),0.24644420994445682,0.08,2.3843389287783636,0.7431614450684497,-2.4327109475584523,0.7904108615954835,-22.889258592261086,0.48224445295926316,,,,,,
D2-K3par_e20_r008,TA(0.15),0.24563365208450705,0.08,-2.204642519573055,0.9844867542642904,2.5103668718506493,0.9263166653163616,-22.889258592261086,0.48224445295926316,,,,,,
D2-K3par_e20_r008,TA(0.25),0.24538506602402776,0.18,0.0035245538139348446,1.0702001320537455,-3.0436214691924737,0.9548816798299776,3.108919510044253,0.8916858387583658,,,,,,
D2-K3par_e20_r008,TA(0.40),0.24505054589826614,0.18666666666666668,2.2335539320177986,0.18965604646930426,-2.8830145223938692,0.9514823058556471,1.2839790496506591,1.6508755345140818,,,,,,
D2-K3par_e30_r008,adapt,0.35257575497962534,0.12,2.348398279422997,1.1872294224939848,-2.4603729902948825,1.2093008355521315,22.499100689911124,1.2876527638449105,,,,,,
D2-K3par_e30_r008,adaptX,0.3563842399744317,0.3,-3.1287691196639744,1.1986237344678285,0.15739116421457844,1.0827466716779828,3.2161678783205634,1.107392851855915,,,,,,
D2-K3par_e30_r008,HA50,0.01588115794584155,,-22.573103769229245,0.20944009409994913,0.0064343652301494724,1.0084384191153624,22.499100689911124,1.2876527638449105,,,,,,
D2-K3par_e30_r008,TA(0.05),0.35520061489660293,0.006666666666666667,0.0064343652301494724,1.0084384191153624,22.499100689911124,1.2876527638449105,-23.157892942970282,-0.116044256245354,,,,,,
D2-K3par_e30_r008,TA(0.10),0.35472313791979104,0.006666666666666667,22.499100689911124,1.2876527638449105,-23.157892942970282,-0.116044256245354,0.0064343652301494724,1.0084384191153624,,,,,,
D2-K3par_e30_r008,TA(0.15),0.35403354198206216,0.12,2.348398279422997,1.1872294224939848,-2.4603729902948825,1.2093008355521315,22.499100689911124,1.2876527638449105,,,,,,
D2-K3par_e30_r008,TA(0.25),0.35492230695672333,0.12,-2.4603729902948825,1.2093008355521315,2.348398279422997,1.1872294224939848,22.499100689911124,1.2876527638449105,,,,,,
D2-K3par_e30_r008,TA(0.40),0.35639556392561644,0.3,-3.118202527150898,1.2689429905771907,3.240149684503245,1.1806430666445256,0.198445732785926,1.2752044881032842,,,,,,
D3-unequal_e00_r008,adapt,0.06696773797739297,0.013333333333333334,0.1010370203967732,-1.5952205915527848,-0.041446497352488794,1.5993332891964158,,,,,,,,
D3-unequal_e00_r008,adaptX,0.07185888208914548,0.013333333333333334,0.1010370203967732,-1.5952205915527848,-0.041446497352488794,1.5993332891964158,,,,,,,,
D3-unequal_e00_r008,HA50,0.012324571958743036,,-0.041446497352488794,1.5993332891964158,0.09829957215395359,-1.5660860858850478,,,,,,,,
D3-unequal_e00_r008,TA(0.05),0.07030509901233017,0.013333333333333334,0.1010370203967732,-1.5952205915527848,-0.041446497352488794,1.5993332891964158,,,,,,,,
D3-unequal_e00_r008,TA(0.10),0.07016822206787765,0.01,-0.04934615362766423,1.5994843870745554,0.1338992407599692,-1.579776033652184,,,,,,,,
D3-unequal_e00_r008,TA(0.15),0.06837048404850066,0.01,0.14327058923996897,-1.5799723167647546,-0.07669880545937703,1.5825343769637064,,,,,,,,
D3-unequal_e00_r008,TA(0.25),0.06843357894103974,0.023333333333333334,0.12041440229287372,-1.5846216527422068,-0.07840520815183363,1.545287102328032,,,,,,,,
D3-unequal_e00_r008,TA(0.40),0.06918156705796719,0.18666666666666668,1.0239404773914103,-1.4045287612067945,-0.9620126462944648,-1.451437213514359,,,,,,,,
D3-unequal_e05_r008,adapt,0.05969800997991115,0.07,-0.04163601215083084,-1.502223773026477,-0.23359203628997616,1.56497139281637,,,,,,,,
D3-unequal_e05_r008,adaptX,0.06446357909590006,0.07,-0.04163601215083084,-1.502223773026477,-0.23359203628997616,1.56497139281637,,,,,,,,
D3-unequal_e05_r008,HA50,0.009627197054214776,,-15.946175278593644,9.681546621852286,0.11264903997677175,-1.1093954473638716,,,,,,,,
D3-unequal_e05_r008,TA(0.05),0.06171786703635007,0.07,-0.06463848398450896,-1.5020403895362053,-0.23878014948666026,1.5657754009959852,,,,,,,,
D3-unequal_e05_r008,TA(0.10),0.060347608057782054,0.07,-0.043560781203651304,-1.5021880569722015,-0.23878014948666026,1.5657754009959852,,,,,,,,
D3-unequal_e05_r008,TA(0.15),0.06151745899114758,0.07,-0.043560781203651304,-1.5021880569722015,-0.23878014948666026,1.5657754009959852,,,,,,,,
D3-unequal_e05_r008,TA(0.25),0.061879165936261415,0.21666666666666667,0.8619116976941769,-1.3759419394630807,-0.8168340767898066,-1.3753145197554673,,,,,,,,
D3-unequal_e05_r008,TA(0.40),0.06104476796463132,0.22,-0.7830422852948585,-1.3863285848823927,0.8382896951324847,-1.3848403097576238,,,,,,,,
D3-unequal_e10_r008,adapt,0.05649551295209676,0.11333333333333333,0.02575384125517887,-1.5292305899449836,-0.043018708023205475,1.5156143422342963,,,,,,,,
D3-unequal_e10_r008,adaptX,0.06421169592067599,0.11333333333333333,0.03585374887957297,-1.5287169553441677,-0.06491940218145087,1.5159965722946498,,,,,,,,
D3-unequal_e10_r008,HA50,0.011251377989538014,,-0.6929732208259138,-0.6068900693858619,22.05340009513773,-0.964644697217762,,,,,,,,
D3-unequal_e10_r008,TA(0.05),0.058520681923255324,0.12666666666666668,-0.0427431154285306,-1.2306527204455953,16.423474513646433,-4.3079214883113215,,,,,,,,
D3-unequal_e10_r008,TA(0.10),0.05878599698189646,0.11333333333333333,-0.043018708023205475,1.5156143422342963,0.02575384125517887,-1.5292305899449836,,,,,,,,
D3-unequal_e10_r008,TA(0.15),0.05890308995731175,0.11333333333333333,0.03585374887957297,-1.5287169553441677,-0.06491940218145087,1.5159965722946498,,,,,,,,
D3-unequal_e10_r008,TA(0.25),0.05856271099764854,0.11,0.02575384125517887,-1.5292305899449836,-0.0022142181132920736,1.4833005863040443,,,,,,,,
D3-unequal_e10_r008,TA(0.40),0.05929767596535385,0.26,-0.8846256843236745,-1.4407028205406907,1.2243083583063974,-1.3637900035416894,,,,,,,,
D3-unequal_e20_r008,adapt,0.06439176900312304,0.21333333333333335,-0.08292370840085427,-1.5888964319730279,-0.02339164480469394,1.4162497016363982,,,,,,,,
D3-unequal_e20_r008,adaptX,0.06720919103827327,0.21666666666666667,-0.022732532219249705,1.4162722148201488,-0.09792252949648439,-1.5976163988806662,,,,,,,,
D3-unequal_e20_r008,HA50,0.011035374947823584,,-2.5999800525247063,-0.3121487101323905,23.14748228469264,-0.6822378529885625,,,,,,,,
D3-unequal_e20_r008,TA(0.05),0.06653792993165553,0.13,23.14748228469264,-0.6822378529885625,-0.1650101137300603,-0.7615096813959336,,,,,,,,
D3-unequal_e20_r008,TA(0.10),0.06674931396264583,0.14,-22.11300504999596,-0.35765477821262565,-0.23688858169077295,-0.8644408844223878,,,,,,,,
D3-unequal_e20_r008,TA(0.15),0.06682330800686032,0.21666666666666667,-15.898438500924472,7.006589516567513,-0.0995361019181583,-1.403666462761376,,,,,,,,
D3-unequal_e20_r008,TA(0.25),0.0661249840632081,0.21666666666666667,-0.00763817444285274,1.4167105179519415,-0.10438917468081067,-1.59765815230038,,,,,,,,
D3-unequal_e20_r008,TA(0.40),0.06622879696078598,0.3333333333333333,0.9354441284659514,-1.389472752466953,-0.845765614176595,-1.5144110591398154,,,,,,,,
D3-unequal_e30_r008,adapt,0.06409980799071491,0.25666666666666665,-0.22389848017699598,1.374209212299081,-0.026178172547873968,-1.4601405111424417,,,,,,,,
D3-unequal_e30_r008,adaptX,0.07639555004425347,0.25666666666666665,-0.22389848017699598,1.374209212299081,-0.026178172547873968,-1.4601405111424417,,,,,,,,
D3-unequal_e30_r008,HA50,0.013774049002677202,,-3.011288333569733,-0.6114641638805829,23.91904078399888,-1.9543179151527876,,,,,,,,
D3-unequal_e30_r008,TA(0.05),0.06608385895378888,0.16666666666666666,23.91904078399888,-1.9543179151527876,0.056963216746552164,-0.8819088691344844,,,,,,,,
D3-unequal_e30_r008,TA(0.10),0.06624150194693357,0.15666666666666668,0.056963216746552164,-0.8819088691344844,-20.467403532759114,-1.1891892691480888,,,,,,,,
D3-unequal_e30_r008,TA(0.15),0.06596481706947088,0.16666666666666666,-20.189806085024454,-1.128246431255556,0.05002036687519863,-1.03490346058533,,,,,,,,
D3-unequal_e30_r008,TA(0.25),0.06514160905499011,0.25666666666666665,-0.026178172547873968,-1.4601405111424417,-0.22389848017699598,1.374209212299081,,,,,,,,
D3-unequal_e30_r008,TA(0.40),0.06687474297359586,0.25666666666666665,-0.026178172547873968,-1.4601405111424417,-0.22389848017699598,1.374209212299081,,,,,,,,
D4-hetero_e00_r008,adapt,0.052381120971404016,0.023333333333333334,0.06707507445003397,1.5731059000264627,-0.001481415528098364,-1.4990133311043876,,,,,,,,
D4-hetero_e00_r008,adaptX,0.05677640507929027,0.023333333333333334,-0.001481415528098364,-1.4990133311043876,0.06707507445003397,1.5731059000264627,,,,,,,,
D4-hetero_e00_r008,HA50,0.009690772974863648,,0.044502707653972066,1.562146614499314,0.021748504983348932,-1.4905150748284075,,,,,,,,
D4-hetero_e00_r008,TA(0.05),0.05375359102617949,0.023333333333333334,0.04696833825329845,1.5619448789150487,-0.001481415528098364,-1.4990133311043876,,,,,,,,
D4-hetero_e00_r008,TA(0.10),0.05457063391804695,0.023333333333333334,-0.0022924897688253467,-1.498984747074208,0.08582525225913779,1.572657016578181,,,,,,,,
D4-hetero_e00_r008,TA(0.15),0.05673921899870038,0.023333333333333334,0.044502707653972066,1.562146614499314,-0.003295378216666817,-1.4988503037600998,,,,,,,,
D4-hetero_e00_r008,TA(0.25),0.05456926894839853,0.016666666666666666,0.0022520585570166523,-1.4989891245977967,0.025196256495174155,1.5582006603461425,,,,,,,,
D4-hetero_e00_r008,TA(0.40),0.054385424009524286,0.02,0.10668946973069722,1.575241671170223,-0.006811785719587816,-1.4986575165602953,,,,,,,,
D4-hetero_e05_r008,adapt,0.05864176293835044,0.07666666666666666,0.10341766405501056,1.3829446612154834,0.021669679149375884,-1.5532606358498626,,,,,,,,
D4-hetero_e05_r008,adaptX,0.06008596799802035,0.07666666666666666,0.012523695742038739,-1.5565254477472839,0.10341766405501056,1.3829446612154834,,,,,,,,
D4-hetero_e05_r008,HA50,0.009548527072183788,,-0.5806365090291763,12.787816664889931,0.23355029513228795,-0.39561358635675115,,,,,,,,
D4-hetero_e05_r008,TA(0.05),0.06031629501376301,0.07,0.006683917701026209,1.3971772860067568,0.0159097353890174,-1.5567856700194722,,,,,,,,
D4-hetero_e05_r008,TA(0.10),0.06076192599721253,0.07666666666666666,0.012523695742038739,-1.5565254477472839,0.09155121849879568,1.3794578554997283,,,,,,,,
D4-hetero_e05_r008,TA(0.15),0.06063157203607261,0.07666666666666666,0.012523695742038739,-1.5565254477472839,0.09155121849879568,1.3794578554997283,,,,,,,,
D4-hetero_e05_r008,TA(0.25),0.06031204399187118,0.07666666666666666,0.10479403852583537,1.3828523767520107,0.010863933880403659,-1.5565183035452634,,,,,,,,
D4-hetero_e05_r008,TA(0.40),0.0618512179935351,0.08,0.13185829446314365,1.4044817286338218,0.010863933880403659,-1.5565183035452634,,,,,,,,
D4-hetero_e10_r008,adapt,0.052013171021826565,0.10666666666666667,0.029971332373680045,-1.4550985162608774,0.15320780836117295,1.7184071824604064,,,,,,,,
D4-hetero_e10_r008,adaptX,0.05768922402057797,0.10666666666666667,0.19910549671081332,1.6801728826031241,0.030506364875541887,-1.4551129333877477,,,,,,,,
D4-hetero_e10_r008,HA50,0.010350291966460645,,-4.467321562564501,-9.797429680238103,0.06681689493614053,0.2678801654411759,,,,,,,,
D4-hetero_e10_r008,TA(0.05),0.05449228105135262,0.07333333333333333,0.4659578351544741,-0.6602992057148886,-12.513965002575075,-3.705308878981129,,,,,,,,
D4-hetero_e10_r008,TA(0.10),0.05386231595184654,0.11333333333333333,0.028678342211065553,-1.4502830122113068,0.26588065059395666,1.6887474894727768,,,,,,,,
D4-hetero_e10_r008,TA(0.15),0.054488944937475026,0.10666666666666667,0.03468073058247447,-1.453853305802654,0.1894869273315501,1.712465928785355,,,,,,,,
D4-hetero_e10_r008,TA(0.25),0.0531205500010401,0.11,0.044182035572749134,-1.4543852476531731,0.1295835829305019,1.7428575481390176,,,,,,,,
D4-hetero_e10_r008,TA(0.40),0.05528322595637292,0.11,0.1428806609900317,1.6471923294173396,0.04471210874431976,-1.4556822626622532,,,,,,,,
D4-hetero_e20_r008,adapt,0.06115362804848701,0.21,-0.1909882504412566,1.5443745595620173,0.0376785821193432,-1.51287260807184,,,,,,,,
D4-hetero_e20_r008,adaptX,0.0685290329856798,0.20666666666666667,-0.20013794626451425,1.5444404822016073,0.060810851645008684,-1.5156680037169314,,,,,,,,
D4-hetero_e20_r008,HA50,0.013862191000953317,,21.597784538423173,-0.16318500959953375,-2.1792876388985296,0.15212672970907173,,,,,,,,
D4-hetero_e20_r008,TA(0.05),0.062431850004941225,0.08,-0.2333322886149042,0.04234044306995254,21.850016887505568,-0.3864833899778732,,,,,,,,
D4-hetero_e20_r008,TA(0.10),0.06488977104891092,0.08,21.850016887505568,-0.3864833899778732,-0.2333322886149042,0.04234044306995254,,,,,,,,
D4-hetero_e20_r008,TA(0.15),0.06349105399567634,0.14333333333333334,10.272031381870082,-6.070913777286355,0.4550886958056416,0.6718703383287584,,,,,,,,
D4-hetero_e20_r008,TA(0.25),0.06380657595582306,0.21,-0.1909882504412566,1.5443745595620173,0.0376785821193432,-1.51287260807184,,,,,,,,
D4-hetero_e20_r008,TA(0.40),0.062451762962155044,0.21,-0.18900342412644847,1.5443269393547043,0.037954091130500765,-1.5129168413058673,,,,,,,,
D4-hetero_e30_r008,adapt,0.05376739497296512,0.3233333333333333,-0.14948687184231035,1.6075328937534883,-0.01768647144663206,-1.5059718512612887,,,,,,,,
D4-hetero_e30_r008,adaptX,0.05788069509435445,0.3233333333333333,-0.01768647144663206,-1.5059718512612887,-0.14948687184231035,1.6075328937534883,,,,,,,,
D4-hetero_e30_r008,HA50,0.009494248079136014,,-4.458854022777237,-0.03583763079898324,22.805974088859625,-0.13148361968838737,,,,,,,,
D4-hetero_e30_r008,TA(0.05),0.05676434293854982,0.15666666666666668,22.805974088859625,-0.13148361968838737,-0.2753047139014674,0.05224802719125789,,,,,,,,
D4-hetero_e30_r008,TA(0.10),0.056819585035555065,0.15666666666666668,22.805974088859625,-0.13148361968838737,-0.2753047139014674,0.05224802719125789,,,,,,,,
D4-hetero_e30_r008,TA(0.15),0.05458243109751493,0.16,-0.22970804389287047,0.096124699872879,23.070555101857273,0.08109546543254992,,,,,,,,
D4-hetero_e30_r008,TA(0.25),0.05528243200387806,0.17,19.17922912312283,-3.3652773430412424,-0.6099510179847716,-0.23284700236178105,,,,,,,,
D4-hetero_e30_r008,TA(0.40),0.056168394978158176,0.3233333333333333,-0.14948687184231035,1.6075328937534883,-0.01768647144663206,-1.5059718512612887,,,,,,,,
D5-leverage_e00_r008,adapt,0.052975659957155585,0.03333333333333333,-0.024493701076142196,-1.4465612694755647,0.11450423027611831,1.4846934871538013,,,,,,,,
D5-leverage_e00_r008,adaptX,0.05786900408565998,0.03666666666666667,-0.0212643273928694,-1.446663810497627,0.1259723279554646,1.471167809976162,,,,,,,,
D5-leverage_e00_r008,HA50,0.008872258011251688,,0.10758845088458202,1.4419413716093674,-0.06789296594624648,-1.4371633740660106,,,,,,,,
D5-leverage_e00_r008,TA(0.05),0.05433121498208493,0.04,0.003993767545779995,-1.4364972990921623,0.09248139118330626,1.4815222543502544,,,,,,,,
D5-leverage_e00_r008,TA(0.10),0.055454992107115686,0.04,0.003993767545779995,-1.4364972990921623,0.09248139118330626,1.4815222543502544,,,,,,,,
D5-leverage_e00_r008,TA(0.15),0.054335239925421774,0.03666666666666667,-0.009773445746106448,-1.4361160083803333,0.11062132412989215,1.4844647355457092,,,,,,,,
D5-leverage_e00_r008,TA(0.25),0.056084505980834365,0.04,0.09248139118330626,1.4815222543502544,0.003993767545779995,-1.4364972990921623,,,,,,,,
D5-leverage_e00_r008,TA(0.40),0.054442911059595644,0.03666666666666667,-0.009773445746106448,-1.4361160083803333,0.09502328014223432,1.4958174831332376,,,,,,,,
D5-leverage_e05_r008,adapt,0.0994355019647628,0.043333333333333335,0.21388696602760482,-1.5313012345702757,-0.030128570990939747,1.6089453816283008,,,,,,,,
D5-leverage_e05_r008,adaptX,0.12150924000889063,0.043333333333333335,0.21059405546344384,-1.53130156781343,-0.026264732992555585,1.6088982893606831,,,,,,,,
D5-leverage_e05_r008,HA50,0.008984421961940825,,-2.490275659142242,0.0819607354854319,2.332418488815883,-0.042808776648536634,,,,,,,,
D5-leverage_e05_r008,TA(0.05),0.10065236501395702,0.043333333333333335,0.21059405546344384,-1.53130156781343,-0.026264732992555585,1.6088982893606831,,,,,,,,
D5-leverage_e05_r008,TA(0.10),0.10196060198359191,0.043333333333333335,-0.026264732992555585,1.6088982893606831,0.21059405546344384,-1.53130156781343,,,,,,,,
D5-leverage_e05_r008,TA(0.15),0.10235757299233228,0.043333333333333335,-0.030128570990939747,1.6089453816283008,0.19672701403447715,-1.5161075401200614,,,,,,,,
D5-leverage_e05_r008,TA(0.25),0.10193815594539046,0.043333333333333335,-0.05080528507250285,1.6090247845793109,0.24715484011226035,-1.5292219990521725,,,,,,,,
D5-leverage_e05_r008,TA(0.40),0.10093716403935105,0.043333333333333335,-0.026264732992555585,1.6088982893606831,0.19330494252831548,-1.5160864964274312,,,,,,,,
D5-leverage_e10_r008,adapt,0.051185390911996365,0.11,0.07440974160238893,1.4706334318294954,0.12868914445516877,-1.4623968149328401,,,,,,,,
D5-leverage_e10_r008,adaptX,0.05831606697756797,0.11,0.07440974160238893,1.4706334318294954,0.12868914445516877,-1.4623968149328401,,,,,,,,
D5-leverage_e10_r008,HA50,0.010968764079734683,,2.854007167990742,-0.13680796488137154,-1.7549448014100602,-0.03752000629261072,,,,,,,,
D5-leverage_e10_r008,TA(0.05),0.05362213298212737,0.0033333333333333335,-1.705589639906928,-0.06770595923446592,2.8710340332861435,-0.15093928128961612,,,,,,,,
D5-leverage_e10_r008,TA(0.10),0.0520735050085932,0.11,0.0872341523932262,1.4754677564365675,0.1427999887953176,-1.4577170916735391,,,,,,,,
D5-leverage_e10_r008,TA(0.15),0.05292601196561009,0.11,0.12868914445516877,-1.4623968149328401,0.07440974160238893,1.4706334318294954,,,,,,,,
D5-leverage_e10_r008,TA(0.25),0.05320362001657486,0.11,0.12868914445516877,-1.4623968149328401,0.07440974160238893,1.4706334318294954,,,,,,,,
D5-leverage_e10_r008,TA(0.40),0.05385290191043168,0.11333333333333333,0.16527801420528354,-1.4879252404604548,0.09408197604470946,1.4599687805831434,,,,,,,,
D5-leverage_e20_r008,adapt,0.049934822018258274,0.01,-2.2287860707733094,0.1374332047892876,2.2719362286144453,-0.05856310867448648,,,,,,,,
D5-leverage_e20_r008,adaptX,0.0565889379940927,0.18,2.151172872419687,-0.07011189543087495,-2.303791622908788,0.139606160427456,,,,,,,,
D5-leverage_e20_r008,HA50,0.00905793602578342,,-2.2487415473473167,0.13445144326834435,2.323667913304866,-0.055375098253782604,,,,,,,,
D5-leverage_e20_r008,TA(0.05),0.0526878199307248,0.01,2.1992695908926,-0.051973793706057335,-2.294931562033782,0.14265702092914623,,,,,,,,
D5-leverage_e20_r008,TA(0.10),0.051908532972447574,0.01,2.115455761146397,-0.04029023880445811,-2.37206939240715,0.15305193140446635,,,,,,,,
D5-leverage_e20_r008,TA(0.15),0.0530945030041039,0.01,2.138821869668295,-0.028468150701186443,-2.347811897117637,0.16668528991657064,,,,,,,,
D5-leverage_e20_r008,TA(0.25),0.050702165928669274,0.01,-2.32671649962783,0.17473184572819545,2.1612220790081063,-0.021123699666076627,,,,,,,,
D5-leverage_e20_r008,TA(0.40),0.05176551500335336,0.023333333333333334,2.1798485315608263,-0.013320500240853149,-2.219325227264063,0.16264906336142182,,,,,,,,
D5-leverage_e30_r008,adapt,0.0664647480007261,0.013333333333333334,2.293825838387076,-0.09703236080962813,-1.989391344159048,0.06975535678955705,,,,,,,,
D5-leverage_e30_r008,adaptX,0.05982458300422877,0.12333333333333334,2.217982371227177,-0.09297887333875209,-2.036027470664052,0.056661945165402364,,,,,,,,
D5-leverage_e30_r008,HA50,0.010453641996718943,,-2.0762583741319593,0.06017586464161063,2.2926691943105277,-0.10127507856974177,,,,,,,,
D5-leverage_e30_r008,TA(0.05),0.06749054091051221,0.013333333333333334,2.293825838387076,-0.09703236080962813,-1.989391344159048,0.06975535678955705,,,,,,,,
D5-leverage_e30_r008,TA(0.10),0.06753870891407132,0.013333333333333334,-1.989391344159048,0.06975535678955705,2.293825838387076,-0.09703236080962813,,,,,,,,
D5-leverage_e30_r008,TA(0.15),0.0686429679626599,0.013333333333333334,-2.2092671828535684,0.09122215463443502,2.0126588088658712,-0.06889894430430359,,,,,,,,
D5-leverage_e30_r008,TA(0.25),0.06907806603703648,0.013333333333333334,-2.404567891573663,0.116004009218216,1.811708662399255,-0.04335989557899142,,,,,,,,
D5-leverage_e30_r008,TA(0.40),0.06756528408732265,0.013333333333333334,1.788836427631004,-0.04726255139688166,-2.4061091837024784,0.11186329845018897,,,,,,,,
D6-uniform_e00_r008,adapt,0.04992930905427784,0.016666666666666666,-0.026540987489086273,-1.5772071411373547,0.21128395124634095,1.5203091049454949,,,,,,,,
D6-uniform_e00_r008,adaptX,0.05904063500929624,0.02666666666666667,0.1926959742105858,1.520057927955802,0.04138796242046664,-1.5490137788594667,,,,,,,,
D6-uniform_e00_r008,HA50,0.008629731950350106,,0.1938982591157043,1.5225856322154734,-0.046534927025307996,-1.5735885804226262,,,,,,,,
D6-uniform_e00_r008,TA(0.05),0.052340887021273375,0.02666666666666667,0.04138796242046664,-1.5490137788594667,0.1926959742105858,1.520057927955802,,,,,,,,
D6-uniform_e00_r008,TA(0.10),0.050573633052408695,0.02666666666666667,0.20625010721924295,1.5204995713147058,0.025179871348928042,-1.5493101050645037,,,,,,,,
D6-uniform_e00_r008,TA(0.15),0.0516068049473688,0.02666666666666667,0.21465950142189885,1.5207524000307977,0.015030233808038735,-1.5494662853580825,,,,,,,,
D6-uniform_e00_r008,TA(0.25),0.051247086958028376,0.02666666666666667,0.21465950142189885,1.5207524000307977,0.015030233808038735,-1.5494662853580825,,,,,,,,
D6-uniform_e00_r008,TA(0.40),0.05140398093499243,0.02666666666666667,0.21465950142189885,1.5207524000307977,0.015030233808038735,-1.5494662853580825,,,,,,,,
D6-uniform_e05_r008,adapt,0.06018123799003661,0.07,-0.20452526163022683,1.317716442657223,-0.06266093394439219,-1.5069962769305443,,,,,,,,
D6-uniform_e05_r008,adaptX,0.06259202701039612,0.07,-0.06266093394439219,-1.5069962769305443,-0.20452526163022683,1.317716442657223,,,,,,,,
D6-uniform_e05_r008,HA50,0.012506774975918233,,-0.24028290895682658,-1.6187705971390014,-0.13355987390009802,1.3610742791285566,,,,,,,,
D6-uniform_e05_r008,TA(0.05),0.06128171400632709,0.07333333333333333,-0.1852964396882221,1.3313915351377081,-0.06266093394439219,-1.5069962769305443,,,,,,,,
D6-uniform_e05_r008,TA(0.10),0.06165995297487825,0.07,-0.20452526163022683,1.317716442657223,-0.06266093394439219,-1.5069962769305443,,,,,,,,
D6-uniform_e05_r008,TA(0.15),0.06196908897254616,0.07333333333333333,-0.1852964396882221,1.3313915351377081,-0.06266093394439219,-1.5069962769305443,,,,,,,,
D6-uniform_e05_r008,TA(0.25),0.063667320064269,0.07333333333333333,-0.06266093394439219,-1.5069962769305443,-0.1852964396882221,1.3313915351377081,,,,,,,,
D6-uniform_e05_r008,TA(0.40),0.060896115959621966,0.07,-0.06266093394439219,-1.5069962769305443,-0.20452526163022683,1.317716442657223,,,,,,,,
D6-uniform_e10_r008,adapt,0.057585535920225084,0.09666666666666666,0.0064739509628348214,-1.6291785764102755,-0.023734735209555154,1.4363505683417614,,,,,,,,
D6-uniform_e10_r008,adaptX,0.06908148201182485,0.10333333333333333,0.012477839029447832,1.418184982520024,0.01055219513394173,-1.6289568291452592,,,,,,,,
D6-uniform_e10_r008,HA50,0.012078131083399057,,-0.05002664386417679,-1.728448153409363,-0.057351536652070205,1.5866179139383894,,,,,,,,
D6-uniform_e10_r008,TA(0.05),0.05973249301314354,0.10333333333333333,0.012477839029447832,1.418184982520024,0.01055219513394173,-1.6289568291452592,,,,,,,,
D6-uniform_e10_r008,TA(0.10),0.05994745995849371,0.09666666666666666,0.0064739509628348214,-1.6291785764102755,-0.023734735209555154,1.4363505683417614,,,,,,,,
D6-uniform_e10_r008,TA(0.15),0.059840291971340775,0.10333333333333333,0.0064739509628348214,-1.6291785764102755,0.008811125709410719,1.4177065548784304,,,,,,,,
D6-uniform_e10_r008,TA(0.25),0.05959003500174731,0.10333333333333333,0.012477839029447832,1.418184982520024,0.01055219513394173,-1.6289568291452592,,,,,,,,
D6-uniform_e10_r008,TA(0.40),0.05868748505599797,0.09666666666666666,0.0064739509628348214,-1.6291785764102755,-0.023734735209555154,1.4363505683417614,,,,,,,,
D6-uniform_e20_r008,adapt,0.0508173150010407,0.18333333333333332,-0.13869720497787727,1.5107857231589752,-0.025257118085262573,-1.4520383638147063,,,,,,,,
D6-uniform_e20_r008,adaptX,0.05408612103201449,0.18333333333333332,-0.13871028799541507,1.5107849887842906,-0.02563586099507217,-1.452041996376238,,,,,,,,
D6-uniform_e20_r008,HA50,0.010456286021508276,,-2.926307815031723,0.012050602393713451,3.265841340648275,-0.033285876550730245,,,,,,,,
D6-uniform_e20_r008,TA(0.05),0.05331149103585631,0.18666666666666668,-0.13871028799541507,1.5107849887842906,-0.04891327868443849,-1.4714868279421827,,,,,,,,
D6-uniform_e20_r008,TA(0.10),0.052039726986549795,0.18666666666666668,-0.13871028799541507,1.5107849887842906,-0.04891327868443849,-1.4714868279421827,,,,,,,,
D6-uniform_e20_r008,TA(0.15),0.05371449305675924,0.18666666666666668,-0.057236738659169124,-1.4699070126183802,-0.14602708083221697,1.5121225160848004,,,,,,,,
D6-uniform_e20_r008,TA(0.25),0.052960046916268766,0.18333333333333332,-0.13869720497787727,1.5107857231589752,-0.025257118085262573,-1.4520383638147063,,,,,,,,
D6-uniform_e20_r008,TA(0.40),0.052502337959595025,0.18333333333333332,-0.14602708083221697,1.5121225160848004,-0.034022358658249166,-1.450414593423943,,,,,,,,
D6-uniform_e30_r008,adapt,0.052765909931622446,0.0,2.969624719959009,-0.01779442306262479,-4.077893686725077,0.09316280111458536,,,,,,,,
D6-uniform_e30_r008,adaptX,0.056189056020230055,0.16666666666666666,0.05126420103474487,-1.5509954434491509,-0.25402336171445145,1.778120794559246,,,,,,,,
D6-uniform_e30_r008,HA50,0.010304757975973189,,2.969624719959009,-0.01779442306262479,-4.077893686725077,0.09316280111458536,,,,,,,,
D6-uniform_e30_r008,TA(0.05),0.05542854592204094,0.0,2.7648250821333176,-0.035910282681780516,-4.297408324716927,0.07370431767005728,,,,,,,,
D6-uniform_e30_r008,TA(0.10),0.05548701004590839,0.0,-4.24703209328271,0.08885971487986938,2.809055847605836,-0.020751791863348336,,,,,,,,
D6-uniform_e30_r008,TA(0.15),0.055228171055205166,0.15333333333333332,0.16440248448998235,-1.545803792048214,-0.3391282796542389,1.8421129725690764,,,,,,,,
D6-uniform_e30_r008,TA(0.25),0.054244440980255604,0.19666666666666666,-0.019774575262964937,-1.3546046799684552,-0.1842932343584824,1.8315564876678034,,,,,,,,
D6-uniform_e30_r008,TA(0.40),0.05527653906028718,0.2,-0.14897801103234803,1.684221572467722,-0.05409812500769938,-1.407713792202262,,,,,,,,
D7-p3_e00_r008,adapt,0.22124536603223532,0.0033333333333333335,-0.07922139807223226,-1.4861893806374187,1.0608823355107009,1.0435132801153328,0.1440860370912826,1.5056206627983082,1.0573883909371762,0.9343088393137023,,,,
D7-p3_e00_r008,adaptX,2.003023614990525,0.0033333333333333335,0.12739879984351304,1.503732420153309,1.0432050279459177,0.9339856327389217,-0.07032221792232235,-1.486186800800901,1.069895900939049,1.0424289487740726,,,,
D7-p3_e00_r008,HA50,0.012642462039366364,,0.12550074827683605,1.5033784368258336,1.0418426522920323,0.9325903365309836,-0.09005403282039726,-1.4958127904566072,1.0788648315590585,1.0456910769088934,,,,
D7-p3_e00_r008,TA(0.05),0.2245140839368105,0.0033333333333333335,-0.080824978179312,-1.4862618090017643,1.0601124967624074,1.0434255066186406,0.14236646880837028,1.505390744287617,1.056413062029095,0.9340988733601,,,,
D7-p3_e00_r008,TA(0.10),0.22280270501505584,0.0033333333333333335,-0.080824978179312,-1.4862618090017643,1.0601124967624074,1.0434255066186406,0.14236646880837028,1.505390744287617,1.056413062029095,0.9340988733601,,,,
D7-p3_e00_r008,TA(0.15),0.2227925609331578,0.0033333333333333335,-0.07348030787226818,-1.4869104650381755,1.069334607513423,1.0422349779438678,0.11961793415947106,1.5018773900208113,1.0391861225294807,0.9306018973479322,,,,
D7-p3_e00_r008,TA(0.25),0.2226881500100717,0.0033333333333333335,0.11096057004059312,1.5016823184801718,1.0388451962710519,0.9294683813898306,-0.06515995626286739,-1.487070956017708,1.0688556401070204,1.043173739141391,,,,
D7-p3_e00_r008,TA(0.40),0.22222162794787437,0.006666666666666667,0.05588284022623232,1.5101935297850284,1.0337758119013112,0.9056522296874252,-0.13674261502474627,-1.4594773483676708,1.0844169946948006,0.9959158461671196,,,,
D7-p3_e05_r008,adapt,0.22850396193098277,0.05333333333333334,0.03627669026747133,1.5043843727369852,1.1043183000413948,1.0181245209856211,0.05343523723625698,-1.4616326696916726,1.066609943029172,1.0190410115460944,,,,
D7-p3_e05_r008,adaptX,2.0719747949624434,0.06333333333333334,0.10636035267200236,-1.449814863927448,1.0931000994636904,1.0369252942373766,0.07009732700113064,1.530949162790506,1.1117564018223358,0.9833384550953536,,,,
D7-p3_e05_r008,HA50,0.013833624077960849,,-21.39615711625105,3.33295347019709,-0.5789317848915997,4.041351621977075,0.2573759389622547,0.007838103413486435,1.0278027949449349,1.0988193946082156,,,,
D7-p3_e05_r008,TA(0.05),0.23077211098279804,0.056666666666666664,0.055419785919888345,1.5198226081522457,1.1054093670028042,1.0091960615922826,0.05343523723625698,-1.4616326696916726,1.066609943029172,1.0190410115460944,,,,
D7-p3_e05_r008,TA(0.10),0.23040777700953186,0.056666666666666664,0.041631986822604314,1.5182542988967194,1.09874376854445,0.9961103869993871,0.06988486286505925,-1.461044216381425,1.0718946540854797,1.0356659284904919,,,,
D7-p3_e05_r008,TA(0.15),0.2293927390128374,0.06,0.06259085830516069,1.5287720719400175,1.1087525200245485,0.9824168625833155,0.09872537954905426,-1.451129144863592,1.091064062431528,1.0348179959624297,,,,
D7-p3_e05_r008,TA(0.25),0.23021932994015515,0.06,0.09065827779184688,-1.4513652457702968,1.0848838745485558,1.0271275162882691,0.0700698493289424,1.5304672366322603,1.1161361185760084,0.9885825837384085,,,,
D7-p3_e05_r008,TA(0.40),0.22924807807430625,0.06,0.06259085830516069,1.5287720719400175,1.1087525200245485,0.9824168625833155,0.09872537954905426,-1.451129144863592,1.091064062431528,1.0348179959624297,,,,
D7-p3_e10_r008,adapt,0.25421364803332835,0.09,0.0026275475322083274,1.5240427254169655,0.9984983109814654,1.0299095011260855,-0.07170764322480454,-1.4856331642461749,1.024584519098111,1.0660774745870345,,,,
D7-p3_e10_r008,adaptX,1.90636829205323,0.09666666666666666,-0.056728120809425374,-1.48319816998151,1.036745357917038,1.074796373839163,0.016959938355026502,1.5323968457973463,1.0116678719474839,1.0441506521542199,,,,
D7-p3_e10_r008,HA50,0.018587004975415766,,1.67173086655647,12.773326975044212,5.582027420323364,-2.2347432161007275,-0.5142315408847491,-0.24072973316900773,0.616809884199789,0.9903205937099165,,,,
D7-p3_e10_r008,TA(0.05),0.25639322795905173,0.07,-12.143150366184583,3.3679519483240288,1.0465655813315171,1.0060902343246516,0.5418123133140677,0.6559047215872505,0.8220468965472787,0.882039884321844,,,,
D7-p3_e10_r008,TA(0.10),0.25664983899332583,0.09333333333333334,-0.056728120809425374,-1.48319816998151,1.036745357917038,1.074796373839163,0.03521362852438081,1.5451667896619155,1.0100087804089897,1.0599808189850692,,,,
D7-p3_e10_r008,TA(0.15),0.2558316830545664,0.09,0.0026275475322083274,1.5240427254169655,0.9984983109814654,1.0299095011260855,-0.07170764322480454,-1.4856331642461749,1.024584519098111,1.0660774745870345,,,,
D7-p3_e10_r008,TA(0.25),0.25696601101662964,0.09,-0.07170764322480454,-1.4856331642461749,1.024584519098111,1.0660774745870345,0.0026275475322083274,1.5240427254169655,0.9984983109814654,1.0299095011260855,,,,
D7-p3_e10_r008,TA(0.40),0.2566026239655912,0.09,0.0026275475322083274,1.5240427254169655,0.9984983109814654,1.0299095011260855,-0.07170764322480454,-1.4856331642461749,1.024584519098111,1.0660774745870345,,,,
D7-p3_e20_r008,adapt,0.252158569986932,0.21,0.006093486196915333,-1.549948738332306,1.046132093507964,1.1309613986051519,-0.14851691774828743,1.4886044887336267,1.0747399779921252,0.9044595569745868,,,,
D7-p3_e20_r008,adaptX,1.6977925279643387,0.22,-0.16883219596595703,1.4875617788467475,1.0791744589999706,0.9035134493122042,0.027036641363957645,-1.5489014687298213,1.0411269943967667,1.130914327374688,,,,
D7-p3_e20_r008,HA50,0.014089402975514531,,-2.5159963377561136,0.11111249477054472,1.1856799765460353,1.0854252216022382,22.121525231701966,-0.5842787203857662,0.7846837874681822,1.2502463016849286,,,,
D7-p3_e20_r008,TA(0.05),0.2532011748990044,0.09666666666666666,22.121525231701966,-0.5842787203857662,0.7846837874681822,1.2502463016849286,-0.07351639321460676,0.02576560199318842,1.0526466329622866,0.9647974105798192,,,,
D7-p3_e20_r008,TA(0.10),0.2536949130007997,0.09666666666666666,22.121525231701966,-0.5842787203857662,0.7846837874681822,1.2502463016849286,-0.07351639321460676,0.02576560199318842,1.0526466329622866,0.9647974105798192,,,,
D7-p3_e20_r008,TA(0.15),0.2534770369529724,0.13666666666666666,-0.11962527205394706,0.053643505493542826,1.0873724106721152,0.9920580808340131,4.843704848370214,-0.0582314155301286,-8.744407350163018,2.222266622571276,,,,
D7-p3_e20_r008,TA(0.25),0.25350820296444,0.21,0.003061229993225304,-1.5502058021740361,1.0278149094214661,1.1248454528712086,-0.14526646436638488,1.4892734090979094,1.0898586574521563,0.908756857207677,,,,
D7-p3_e20_r008,TA(0.40),0.25286939193028957,0.21,0.023515798459986272,-1.548907607659862,1.0409290808897658,1.1323683659832262,-0.16548076526737424,1.4874148058800838,1.0796758688056576,0.9017889070443625,,,,
D7-p3_e30_r008,adapt,0.27530971297528595,0.25333333333333335,0.06172541346563317,1.5493480615283262,1.0170289852414265,1.00359272578939,-0.07957770992773461,-1.5048240076184782,1.099121597562749,1.1005884541234054,,,,
D7-p3_e30_r008,adaptX,1.9510273019550368,0.25333333333333335,0.046730133312199836,1.5310131503780977,1.0786137355519059,0.9209692505169113,-0.10297386586720189,-1.4924396759657863,1.0836639335228142,1.1216094082972985,,,,
D7-p3_e30_r008,HA50,0.01302143803332001,,-21.788149534832385,-0.07104164600802497,0.6542367080627065,0.6705519150548452,2.284685597544014,-0.004626579357852279,1.0913811576953991,1.2200613333568098,,,,
D7-p3_e30_r008,TA(0.05),0.2769299279898405,0.09,-0.21110491794978573,0.012041243631015192,1.0952415888170985,1.0450379845543314,-21.98065508320004,-0.23022158423701214,0.7627591185809951,0.7133775629414347,,,,
D7-p3_e30_r008,TA(0.10),0.2768511240137741,0.09666666666666666,-0.21110491794978573,0.012041243631015192,1.0952415888170985,1.0450379845543314,-21.429705118023453,0.30266412033761714,0.21945793023481133,0.7514345354457421,,,,
D7-p3_e30_r008,TA(0.15),0.2762340260669589,0.09333333333333334,-0.21110491794978573,0.012041243631015192,1.0952415888170985,1.0450379845543314,-21.1871652194211,0.4788262788519034,0.25046050890717064,0.5458696263034606,,,,
D7-p3_e30_r008,TA(0.25),0.2767486199736595,0.25333333333333335,-0.03881678055922181,-1.4976732067648786,1.1257310801539566,1.0895164560535568,0.06320932638625634,1.5594163567997892,1.0237754291413683,0.9991563788483457,,,,
D7-p3_e30_r008,TA(0.40),0.27592911198735237,0.25333333333333335,-0.030214017481074038,-1.4981896989943055,1.1180622997483183,1.0924208534294364,0.045343115087953065,1.5572727608227475,1.0270289436317337,0.9938276657127807,,,,
D8-K2par-sep_e00_r008,adapt,0.050035828026011586,0.0033333333333333335,-2.950237071809405,1.067330348734258,3.010383617083209,1.0139714106325848,,,,,,,,
D8-K2par-sep_e00_r008,adaptX,0.058709596982225776,0.0033333333333333335,-2.950237071809405,1.067330348734258,3.010383617083209,1.0139714106325848,,,,,,,,
D8-K2par-sep_e00_r008,HA50,0.009377846028655767,,3.028910457829255,1.01849646434165,-2.950237071809405,1.067330348734258,,,,,,,,
D8-K2par-sep_e00_r008,TA(0.05),0.05167069297749549,0.0033333333333333335,-2.950237071809405,1.067330348734258,3.010383617083209,1.0139714106325848,,,,,,,,
D8-K2par-sep_e00_r008,TA(0.10),0.0521704190177843,0.0033333333333333335,3.010383617083209,1.0139714106325848,-2.950237071809405,1.067330348734258,,,,,,,,
D8-K2par-sep_e00_r008,TA(0.15),0.05142877995967865,0.0033333333333333335,3.010383617083209,1.0139714106325848,-2.9673036830499226,1.0552076838703277,,,,,,,,
D8-K2par-sep_e00_r008,TA(0.25),0.053774112020619214,0.0033333333333333335,-2.9673036830499226,1.0552076838703277,3.010383617083209,1.0139714106325848,,,,,,,,
D8-K2par-sep_e00_r008,TA(0.40),0.05457797599956393,0.0033333333333333335,-2.9673036830499226,1.0552076838703277,3.010383617083209,1.0139714106325848,,,,,,,,
D8-K2par-sep_e05_r008,adapt,0.05053186207078397,0.07666666666666666,2.903605472232883,1.010899013087499,-2.91841127904534,1.0083356267617145,,,,,,,,
D8-K2par-sep_e05_r008,adaptX,0.05778920999728143,0.08666666666666667,-2.867944131683381,1.026208766807232,2.903605472232883,1.010899013087499,,,,,,,,
D8-K2par-sep_e05_r008,HA50,0.01080745505169034,,-0.6189313218768135,1.10240781511915,23.7198671673967,0.6050854082277942,,,,,,,,
D8-K2par-sep_e05_r008,TA(0.05),0.05124048900324851,0.07333333333333333,-2.9012532873994523,1.0119748678567504,2.903605472232883,1.010899013087499,,,,,,,,
D8-K2par-sep_e05_r008,TA(0.10),0.0527834800304845,0.09,-2.8141637529370027,1.0176955094813047,2.903605472232883,1.010899013087499,,,,,,,,
D8-K2par-sep_e05_r008,TA(0.15),0.052970873075537384,0.09,2.903605472232883,1.010899013087499,-2.8141637529370027,1.0176955094813047,,,,,,,,
D8-K2par-sep_e05_r008,TA(0.25),0.05297158402390778,0.09,-2.8141637529370027,1.0176955094813047,2.903605472232883,1.010899013087499,,,,,,,,
D8-K2par-sep_e05_r008,TA(0.40),0.05143043689895421,0.07333333333333333,-2.9012532873994523,1.0119748678567504,2.903605472232883,1.010899013087499,,,,,,,,
D8-K2par-sep_e10_r008,adapt,0.06870802503544837,0.09666666666666666,3.0251828907697704,0.9905026452850376,-3.067282150757204,0.9952854460273229,,,,,,,,
D8-K2par-sep_e10_r008,adaptX,0.05934514198452234,0.09666666666666666,3.0251828907697704,0.9905026452850376,-3.067282150757204,0.9952854460273229,,,,,,,,
D8-K2par-sep_e10_r008,HA50,0.010191706009209156,,-0.9235052922136001,1.0645850462161461,24.415693160422208,2.0249727826433257,,,,,,,,
D8-K2par-sep_e10_r008,TA(0.05),0.07040598592720926,0.04,23.606621400183716,2.2329956705050282,0.00928043330636131,1.253935778071295,,,,,,,,
D8-K2par-sep_e10_r008,TA(0.10),0.07085932907648385,0.09666666666666666,-3.067282150757204,0.9952854460273229,3.0251828907697704,0.9905026452850376,,,,,,,,
D8-K2par-sep_e10_r008,TA(0.15),0.06955222506076097,0.09666666666666666,-3.067282150757204,0.9952854460273229,3.0251828907697704,0.9905026452850376,,,,,,,,
D8-K2par-sep_e10_r008,TA(0.25),0.07162045303266495,0.09666666666666666,3.0251828907697704,0.9905026452850376,-3.067282150757204,0.9952854460273229,,,,,,,,
D8-K2par-sep_e10_r008,TA(0.40),0.07115306705236435,0.09666666666666666,-3.067282150757204,0.9952854460273229,3.0251828907697704,0.9905026452850376,,,,,,,,
D8-K2par-sep_e20_r008,adapt,0.06441748701035976,0.2,2.945170357065853,1.0083667702200814,-2.931795963061115,1.0026567683744234,,,,,,,,
D8-K2par-sep_e20_r008,adaptX,0.09049166401382536,0.2,-2.931795963061115,1.0026567683744234,2.945170357065853,1.0083667702200814,,,,,,,,
D8-K2par-sep_e20_r008,HA50,0.013439261936582625,,1.996901102086363,1.1085955349436252,-23.312707152022064,1.3588497839699225,,,,,,,,
D8-K2par-sep_e20_r008,TA(0.05),0.06671436806209385,0.08666666666666667,-23.312707152022064,1.3588497839699225,-0.0945813532262956,0.9851098805416909,,,,,,,,
D8-K2par-sep_e20_r008,TA(0.10),0.0653827351052314,0.08666666666666667,-0.0945813532262956,0.9851098805416909,-23.312707152022064,1.3588497839699225,,,,,,,,
D8-K2par-sep_e20_r008,TA(0.15),0.06542662298306823,0.2,2.945170357065853,1.0083667702200814,-2.931795963061115,1.0026567683744234,,,,,,,,
D8-K2par-sep_e20_r008,TA(0.25),0.0667334160534665,0.2,-2.931795963061115,1.0026567683744234,2.945170357065853,1.0083667702200814,,,,,,,,
D8-K2par-sep_e20_r008,TA(0.40),0.06630124000366777,0.2,-2.931795963061115,1.0026567683744234,2.945170357065853,1.0083667702200814,,,,,,,,
D8-K2par-sep_e30_r008,adapt,0.06169751996640116,0.2866666666666667,2.9001650591764947,0.923625731396916,-3.0725499958073863,0.9994949197162926,,,,,,,,
D8-K2par-sep_e30_r008,adaptX,0.07422768301330507,0.2866666666666667,-3.0725499958073863,0.9994949197162926,2.9001650591764947,0.923625731396916,,,,,,,,
D8-K2par-sep_e30_r008,HA50,0.012700887047685683,,-23.23408423264921,1.169100690591842,3.77461369260222,0.9264620983826143,,,,,,,,
D8-K2par-sep_e30_r008,TA(0.05),0.0637577889719978,0.14,-23.23408423264921,1.169100690591842,-0.08052299691417424,0.852992257942454,,,,,,,,
D8-K2par-sep_e30_r008,TA(0.10),0.06318675400689244,0.13666666666666666,-0.02546070202082754,0.9002853839037581,-23.23408423264921,1.169100690591842,,,,,,,,
D8-K2par-sep_e30_r008,TA(0.15),0.06318261392880231,0.14,-23.23408423264921,1.169100690591842,-0.08052299691417424,0.852992257942454,,,,,,,,
D8-K2par-sep_e30_r008,TA(0.25),0.06412514299154282,0.20333333333333334,-0.9330801199093748,0.20937552348858732,15.029118013414283,-3.7927118933602273,,,,,,,,
D8-K2par-sep_e30_r008,TA(0.40),0.06401052500586957,0.2866666666666667,-3.0725499958073863,0.9994949197162926,2.9001650591764947,0.923625731396916,,,,,,,,
D1-K2cross_e00_r009,adapt,0.05987809004727751,0.03,0.017928963201730985,1.4627425271892773,-0.015257745311287584,-1.4910256599787,,,,,,,,
D1-K2cross_e00_r009,adaptX,0.06476405495777726,0.03,0.005492855998721364,1.4627657362222055,0.0037405051304833905,-1.490758951433229,,,,,,,,
D1-K2cross_e00_r009,HA50,0.01196149899624288,,0.01401999299918658,1.4879556314173483,0.03432281917218463,-1.5177401464540767,,,,,,,,
D1-K2cross_e00_r009,TA(0.05),0.062036287039518356,0.03,-0.010813126572124286,-1.490893579209507,0.013481206969496848,1.4629066941539102,,,,,,,,
D1-K2cross_e00_r009,TA(0.10),0.06211605097632855,0.03,-0.015257745311287584,-1.4910256599787,0.017928963201730985,1.4627425271892773,,,,,,,,
D1-K2cross_e00_r009,TA(0.15),0.06090985797345638,0.03,0.021225602306778845,1.4622477407074839,-0.012133475225309609,-1.4912644277555556,,,,,,,,
D1-K2cross_e00_r009,TA(0.25),0.06346960493829101,0.03,0.0005101808124429479,-1.4905119913905078,0.0020843538900512195,1.4632772141737918,,,,,,,,
D1-K2cross_e00_r009,TA(0.40),0.06142597191501409,0.03,0.0020843538900512195,1.4632772141737918,0.0005101808124429479,-1.4905119913905078,,,,,,,,
D1-K2cross_e05_r009,adapt,0.05006761092226952,0.06333333333333334,0.1998748770197373,-1.5072035942381694,0.04347197456766611,1.4407991766288033,,,,,,,,
D1-K2cross_e05_r009,adaptX,0.06022219802252948,0.06333333333333334,0.1998748770197373,-1.5072035942381694,0.04347197456766611,1.4407991766288033,,,,,,,,
D1-K2cross_e05_r009,HA50,0.009702332899905741,,-0.7954256216042097,0.23083634457479227,16.737175665213034,4.16767604850223,,,,,,,,
D1-K2cross_e05_r009,TA(0.05),0.05201929900795221,0.06333333333333334,0.1998748770197373,-1.5072035942381694,0.04347197456766611,1.4407991766288033,,,,,,,,
D1-K2cross_e05_r009,TA(0.10),0.05182764702476561,0.06333333333333334,0.1885245509049375,-1.5067694179142566,0.05892494960705155,1.4410603923322323,,,,,,,,
D1-K2cross_e05_r009,TA(0.15),0.05235744803212583,0.06333333333333334,0.1885245509049375,-1.5067694179142566,0.05892494960705155,1.4410603923322323,,,,,,,,
D1-K2cross_e05_r009,TA(0.25),0.05104539496824145,0.06333333333333334,0.19721627666691766,-1.5091949914122413,0.06856625692097709,1.4381565642319682,,,,,,,,
D1-K2cross_e05_r009,TA(0.40),0.051676483009941876,0.06333333333333334,0.18876130056129495,-1.5088753733793054,0.07820402495510613,1.4382642645521222,,,,,,,,
D1-K2cross_e10_r009,adapt,0.05464516195934266,0.13333333333333333,0.12439732518687924,-1.5443874152042345,-0.04874253400920168,1.558007327415687,,,,,,,,
D1-K2cross_e10_r009,adaptX,0.05838101403787732,0.13333333333333333,0.12439732518687924,-1.5443874152042345,-0.04874253400920168,1.558007327415687,,,,,,,,
D1-K2cross_e10_r009,HA50,0.010992483934387565,,0.9831255220822892,0.07691349509884532,-22.15049518493808,-0.9090379112562854,,,,,,,,
D1-K2cross_e10_r009,TA(0.05),0.05701047705952078,0.06333333333333334,-0.500750002835365,-0.020244294828502072,20.63555544478472,-0.3851678124715156,,,,,,,,
D1-K2cross_e10_r009,TA(0.10),0.055811604019254446,0.13333333333333333,-0.04874253400920168,1.558007327415687,0.12439732518687924,-1.5443874152042345,,,,,,,,
D1-K2cross_e10_r009,TA(0.15),0.05721886595711112,0.13333333333333333,0.12439732518687924,-1.5443874152042345,-0.04874253400920168,1.558007327415687,,,,,,,,
D1-K2cross_e10_r009,TA(0.25),0.055779153015464544,0.13333333333333333,-0.04874253400920168,1.558007327415687,0.12439732518687924,-1.5443874152042345,,,,,,,,
D1-K2cross_e10_r009,TA(0.40),0.05585605697706342,0.13333333333333333,-0.039926441390047245,1.5584544212694171,0.13348136867792612,-1.5458345313062078,,,,,,,,
D1-K2cross_e20_r009,adapt,0.10053390893153846,0.19,0.11869723511670484,-1.5569145383496068,0.07245228158813356,1.4929625591678775,,,,,,,,
D1-K2cross_e20_r009,adaptX,0.05945363990031183,0.19,0.11869723511670484,-1.5569145383496068,0.07245228158813356,1.4929625591678775,,,,,,,,
D1-K2cross_e20_r009,HA50,0.011000365950167179,,1.8065236493693282,-0.22421500793814503,-23.47662091286707,0.8856326736110416,,,,,,,,
D1-K2cross_e20_r009,TA(0.05),0.10277973301708698,0.07666666666666666,-0.15212867701595995,-0.13812040934605416,-23.47662091286707,0.8856326736110416,,,,,,,,
D1-K2cross_e20_r009,TA(0.10),0.10197786497883499,0.07666666666666666,-0.15212867701595995,-0.13812040934605416,-23.47662091286707,0.8856326736110416,,,,,,,,
D1-K2cross_e20_r009,TA(0.15),0.10170732799451798,0.11666666666666667,0.22476320426438529,-0.46905944454225657,-19.41244212701152,-5.304251850080618,,,,,,,,
D1-K2cross_e20_r009,TA(0.25),0.10190743894781917,0.19,0.10976860642899658,-1.5564775952227843,0.08144560535282287,1.4935031158275134,,,,,,,,
D1-K2cross_e20_r009,TA(0.40),0.10139882005751133,0.19,0.10976860642899658,-1.5564775952227843,0.08144560535282287,1.4935031158275134,,,,,,,,
D1-K2cross_e30_r009,adapt,0.05272873805370182,0.33,-0.03846670414512886,-1.5836455773385263,-0.11374052949361192,1.4873534669447592,,,,,,,,
D1-K2cross_e30_r009,adaptX,0.05722339893691242,0.33,-0.03846670414512886,-1.5836455773385263,-0.11374052949361192,1.4873534669447592,,,,,,,,
D1-K2cross_e30_r009,HA50,0.010598451946862042,,24.21908924423009,0.24727055433207756,-4.900927365634576,-0.26316551635483165,,,,,,,,
D1-K2cross_e30_r009,TA(0.05),0.05410611303523183,0.18333333333333332,24.21908924423009,0.24727055433207756,-0.7126099848224938,-0.22169046060714515,,,,,,,,
D1-K2cross_e30_r009,TA(0.10),0.05397653696127236,0.14333333333333334,-0.19477365227231344,-0.24298385194011415,-21.663313345410636,0.04279833029648374,,,,,,,,
D1-K2cross_e30_r009,TA(0.15),0.055015727994032204,0.14333333333333334,-0.19477365227231344,-0.24298385194011415,-21.663313345410636,0.04279833029648374,,,,,,,,
D1-K2cross_e30_r009,TA(0.25),0.054898677044548094,0.14666666666666667,-21.746686616783006,-0.39272313428911737,-0.19477365227231344,-0.24298385194011415,,,,,,,,
D1-K2cross_e30_r009,TA(0.40),0.05410396691877395,0.33,-0.11374052949361192,1.4873534669447592,-0.03846670414512886,-1.5836455773385263,,,,,,,,
D2-K3par_e00_r009,adapt,0.19887371500954032,0.006666666666666667,3.109346007887346,1.085471430367205,0.23121696343334636,1.0923057257606545,-2.967309689540613,0.9532653397675738,,,,,,
D2-K3par_e00_r009,adaptX,0.2117054220288992,0.006666666666666667,3.109346007887346,1.085471430367205,0.23121696343334636,1.0923057257606545,-2.967309689540613,0.9532653397675738,,,,,,
D2-K3par_e00_r009,HA50,0.02010844205506146,,-2.967309689540613,0.9532653397675738,3.1605139127345376,1.083841572826721,0.23121696343334636,1.0923057257606545,,,,,,
D2-K3par_e00_r009,TA(0.05),0.2015571150695905,0.006666666666666667,0.23121696343334636,1.0923057257606545,-2.967309689540613,0.9532653397675738,3.109346007887346,1.085471430367205,,,,,,
D2-K3par_e00_r009,TA(0.10),0.20216527301818132,0.006666666666666667,3.109346007887346,1.085471430367205,0.23121696343334636,1.0923057257606545,-2.967309689540613,0.9532653397675738,,,,,,
D2-K3par_e00_r009,TA(0.15),0.200157065060921,0.006666666666666667,3.109346007887346,1.085471430367205,0.23121696343334636,1.0923057257606545,-2.967309689540613,0.9532653397675738,,,,,,
D2-K3par_e00_r009,TA(0.25),0.20332184003200382,0.006666666666666667,3.108537647694929,1.1382917874803404,-2.967309689540613,0.9532653397675738,0.239549904676334,1.141486439959432,,,,,,
D2-K3par_e00_r009,TA(0.40),0.20077002991456538,0.006666666666666667,3.056886835941496,1.1566191640714913,-2.980952956378035,0.9524824629373801,0.18986495565525144,1.1416611838094877,,,,,,
D2-K3par_e05_r009,adapt,0.2475605009822175,0.04,0.10483369077955605,0.9135389886326329,2.996146624245466,0.907131855755806,-3.082891844554756,0.9882648792513549,,,,,,
D2-K3par_e05_r009,adaptX,0.263763238908723,0.04,0.1835468047238497,0.9537353987925457,3.0440932640332776,0.9241920590180712,-3.0471934203652276,1.0055319471892974,,,,,,
D2-K3par_e05_r009,HA50,0.02041084098163992,,-3.1806286338073577,0.822973964295833,1.7693136328419905,1.0267315368467458,24.41673613003892,1.5025146281215966,,,,,,
D2-K3par_e05_r009,TA(0.05),0.2505007430445403,0.043333333333333335,2.9805989781488456,0.9007351983721673,-3.0588703736969647,0.9751796201712735,0.08880904991667407,0.9050032011856911,,,,,,
D2-K3par_e05_r009,TA(0.10),0.250338252983056,0.04666666666666667,-3.0348177243698564,0.9936630700347542,2.9805989781488456,0.9007351983721673,0.08880904991667407,0.9050032011856911,,,,,,
D2-K3par_e05_r009,TA(0.15),0.2512671339791268,0.04,3.0440932640332776,0.9241920590180712,-3.0293324358957316,1.0154976776246776,0.2001406343360673,0.9638048877658638,,,,,,
D2-K3par_e05_r009,TA(0.25),0.25056376692373306,0.03333333333333333,0.48030706614498414,1.224542537754336,-2.9050704357065413,1.0785105556700914,3.205894871383372,1.0976618036192123,,,,,,
D2-K3par_e05_r009,TA(0.40),0.25170400098431855,0.04,2.8834498112898443,0.8192634569020794,-3.1427558217531715,0.9539979265337635,-0.09413022717065044,0.767391238745705,,,,,,
D2-K3par_e10_r009,adapt,0.24343335896264762,0.10666666666666667,0.01161928305289839,1.053414348249698,3.214095334656502,0.8483789663999679,-2.971168098420397,1.107555650200791,,,,,,
D2-K3par_e10_r009,adaptX,0.2599005369702354,0.10666666666666667,-3.049291218641049,1.0689435385800874,-0.09832356873565094,0.9999171832553233,3.144824554618035,0.8068235700515498,,,,,,
D2-K3par_e10_r009,HA50,0.01720701006706804,,-0.14567800366646963,0.8336175288536067,23.169175614937476,2.0126760937088646,-19.88782178525155,1.3932750954400317,,,,,,
D2-K3par_e10_r009,TA(0.05),0.24587653391063213,0.04,-2.210092395713152,0.8516146804244237,23.169175614937476,2.0126760937088646,2.2056104506287975,0.6967310906805119,,,,,,
D2-K3par_e10_r009,TA(0.10),0.24623549706302583,0.10666666666666667,-0.020740292291240636,1.0278630842934289,-3.0175435456694926,1.0680460647902064,3.253050213065815,0.8778082877228341,,,,,,
D2-K3par_e10_r009,TA(0.15),0.24541850900277495,0.11,-2.922721209864455,1.0013474538271119,3.1665528917621146,0.8125317752875832,0.021117146388776244,0.9529906332771969,,,,,,
D2-K3par_e10_r009,TA(0.25),0.24630792799871415,0.11333333333333333,3.253050213065815,0.8778082877228341,-2.9433614236318704,1.0668807285067299,0.024081213685978098,1.0182051080783545,,,,,,
D2-K3par_e10_r009,TA(0.40),0.2444682519417256,0.10666666666666667,3.1234203144652475,0.8048108113253224,-0.0547392240634594,0.9805387376793039,-2.9793973768737403,1.04110312253216,,,,,,
D2-K3par_e20_r009,adapt,0.23780247999820858,0.22666666666666666,2.8914681948881795,0.9741906440789274,-0.03177308202447693,1.0355891827483867,-3.1714309856811265,1.0334727755822202,,,,,,
D2-K3par_e20_r009,adaptX,0.28180462995078415,0.22666666666666666,2.8914681948881795,0.9741906440789274,-3.1557185988995817,1.016835173896717,-0.008938017945009985,1.0124631362174397,,,,,,
D2-K3par_e20_r009,HA50,0.01635508588515222,,-0.1900077654798207,1.008830320350449,-22.42821464110082,0.45730160803535486,21.628634281046214,2.5453566327152433,,,,,,
D2-K3par_e20_r009,TA(0.05),0.24189618800301105,0.0033333333333333335,-22.42821464110082,0.45730160803535486,21.628634281046214,2.5453566327152433,-0.23953418312486008,0.9764399247086749,,,,,,
D2-K3par_e20_r009,TA(0.10),0.24036989407613873,0.12333333333333334,-2.8075537739995524,1.0080836125671335,21.628634281046214,2.5453566327152433,1.7698607267242186,0.8723191533204431,,,,,,
D2-K3par_e20_r009,TA(0.15),0.2407015779754147,0.12333333333333334,21.628634281046214,2.5453566327152433,1.8633372212304466,0.8582895188738409,-2.702771393293342,0.9958210499941613,,,,,,
D2-K3par_e20_r009,TA(0.25),0.24086074600927532,0.22666666666666666,-0.008938017945009985,1.0124631362174397,-3.1557185988995817,1.016835173896717,2.8914681948881795,0.9741906440789274,,,,,,
D2-K3par_e20_r009,TA(0.40),0.2388197579421103,0.22666666666666666,2.7827848816899072,1.05339472759684,-0.22683428112699117,1.2002937602152859,-3.2110602145622757,1.0852086426127605,,,,,,
D2-K3par_e30_r009,adapt,0.309320179047063,0.13,-22.743964032142575,0.7843913526394097,2.4431330433687233,1.0511473819594344,-1.8783462518379217,1.1361409853922968,,,,,,
D2-K3par_e30_r009,adaptX,0.3634349220665172,0.13,-22.587916218163596,0.8939098886416269,2.4431330433687233,1.0511473819594344,-1.8783462518379217,1.1361409853922968,,,,,,
D2-K3par_e30_r009,HA50,0.01889501605182886,,-22.408949996460894,0.7978886056076757,23.021835026785574,1.6489077969188195,0.3882364459873392,1.0402618722722996,,,,,,
D2-K3par_e30_r009,TA(0.05),0.31486451893579215,0.0033333333333333335,-22.408949996460894,0.7978886056076757,0.3311894938550614,1.0061300136726499,23.021835026785574,1.6489077969188195,,,,,,
D2-K3par_e30_r009,TA(0.10),0.3126163559500128,0.0033333333333333335,0.3311894938550614,1.0061300136726499,-22.408949996460894,0.7978886056076757,23.021835026785574,1.6489077969188195,,,,,,
D2-K3par_e30_r009,TA(0.15),0.31121025199536234,0.13,-1.8783462518379217,1.1361409853922968,-22.587916218163596,0.8939098886416269,2.4431330433687233,1.0511473819594344,,,,,,
D2-K3par_e30_r009,TA(0.25),0.3120729570509866,0.13,2.279887293668587,0.9658205614342652,-22.587916218163596,0.8939098886416269,-2.0510856720204846,1.0538926746333623,,,,,,
D2-K3par_e30_r009,TA(0.40),0.31094372901134193,0.13,3.142397582403761,0.9666959674935632,-22.408949996460894,0.7978886056076757,-1.1708637951356449,0.9962661668247993,,,,,,
D3-unequal_e00_r009,adapt,0.060716042993590236,0.01,-0.2688047224307078,1.409157688788845,0.07307386026024269,-1.5099139396132695,,,,,,,,
D3-unequal_e00_r009,adaptX,0.0671894239494577,0.01,0.05848702517459255,-1.5095340975427631,-0.24511701616011122,1.4085247112230912,,,,,,,,
D3-unequal_e00_r009,HA50,0.011687360936775804,,-0.3237323713307577,1.4297385606265975,0.056635733735379945,-1.5167581097511984,,,,,,,,
D3-unequal_e00_r009,TA(0.05),0.06284725200384855,0.01,-0.27778508275923,1.4104943676016761,0.06761038091848047,-1.5091801289450553,,,,,,,,
D3-unequal_e00_r009,TA(0.10),0.06249227107036859,0.01,-0.27778508275923,1.4104943676016761,0.06761038091848047,-1.5091801289450553,,,,,,,,
D3-unequal_e00_r009,TA(0.15),0.06478756200522184,0.01,-0.29337228853790726,1.3912480607234825,0.06761038091848047,-1.5091801289450553,,,,,,,,
D3-unequal_e00_r009,TA(0.25),0.0644067149842158,0.01,-0.2688047224307078,1.409157688788845,0.07307386026024269,-1.5099139396132695,,,,,,,,
D3-unequal_e00_r009,TA(0.40),0.06161064398474991,0.19,-1.0481799364720774,-1.2852349514554666,0.9189695693155217,-1.3743102040886699,,,,,,,,
D3-unequal_e05_r009,adapt,0.0612876940285787,0.043333333333333335,0.08166576801688423,1.5309128002526136,0.06123911618643029,-1.526787585650696,,,,,,,,
D3-unequal_e05_r009,adaptX,0.07298395805992186,0.043333333333333335,0.13522394424350567,1.5265405183700034,0.0868455208991705,-1.5285334422613774,,,,,,,,
D3-unequal_e05_r009,HA50,0.011830784031189978,,-22.93794955940435,0.04898088274233043,0.44551533359835155,-0.6983454917805401,,,,,,,,
D3-unequal_e05_r009,TA(0.05),0.06335725099779665,0.043333333333333335,0.06123911618643029,-1.526787585650696,0.08166576801688423,1.5309128002526136,,,,,,,,
D3-unequal_e05_r009,TA(0.10),0.06342210993170738,0.043333333333333335,0.08705892539673837,-1.528073254757115,0.14918292261532864,1.5273976127987192,,,,,,,,
D3-unequal_e05_r009,TA(0.15),0.06221190607175231,0.043333333333333335,0.09025460809959181,-1.5281330509667856,0.14238836482454081,1.527500735930999,,,,,,,,
D3-unequal_e05_r009,TA(0.25),0.06319460296072066,0.043333333333333335,0.06123911618643029,-1.526787585650696,0.08166576801688423,1.5309128002526136,,,,,,,,
D3-unequal_e05_r009,TA(0.40),0.06468822504393756,0.22666666666666666,-0.8489397658337281,-1.420300050314736,0.8249349159584942,-1.4310383315502404,,,,,,,,
D3-unequal_e10_r009,adapt,0.12768678995780647,0.13,0.09266037175375715,1.546154888998907,0.007576311364268143,-1.4957747176447755,,,,,,,,
D3-unequal_e10_r009,adaptX,0.10280444205272943,0.13,0.007576311364268143,-1.4957747176447755,0.09266037175375715,1.546154888998907,,,,,,,,
D3-unequal_e10_r009,HA50,0.013863140949979424,,-2.0505315425830077,-0.8901335644233528,18.060652576731865,-5.262947072285164,,,,,,,,
D3-unequal_e10_r009,TA(0.05),0.13101891009137034,0.06666666666666667,-23.06879280304592,-1.282386545600745,0.0670507451401874,-0.5920683529866098,,,,,,,,
D3-unequal_e10_r009,TA(0.10),0.12896872696001083,0.16666666666666666,-0.1326638139487464,-1.373339568095861,-6.724894964588544,4.666125324585883,,,,,,,,
D3-unequal_e10_r009,TA(0.15),0.1299641840159893,0.13,0.007576311364268143,-1.4957747176447755,0.09266037175375715,1.546154888998907,,,,,,,,
D3-unequal_e10_r009,TA(0.25),0.12884831603150815,0.13,0.09266037175375715,1.546154888998907,0.007576311364268143,-1.4957747176447755,,,,,,,,
D3-unequal_e10_r009,TA(0.40),0.13080482999794185,0.29333333333333333,-0.901651475084554,-1.4699893907059558,0.9394293351468749,-1.406031117123331,,,,,,,,
D3-unequal_e20_r009,adapt,0.056175360921770334,0.22,0.1250644954087873,-1.4935470217094582,0.12581323712134532,1.4860531063307278,,,,,,,,
D3-unequal_e20_r009,adaptX,0.06517247797455639,0.22,0.14411078586441523,-1.4866737146464606,0.16412616410107939,1.5004008117611407,,,,,,,,
D3-unequal_e20_r009,HA50,0.011115476954728365,,-2.061851876555228,-0.40331004683883404,23.94146409952631,-0.6994007405019312,,,,,,,,
D3-unequal_e20_r009,TA(0.05),0.05787636409513652,0.1,24.169099963850115,-0.4754748834484281,0.09144772467575259,-0.5620244485504151,,,,,,,,
D3-unequal_e20_r009,TA(0.10),0.05870257597416639,0.10333333333333333,0.09144772467575259,-0.5620244485504151,24.391387883179657,-0.3897780298783955,,,,,,,,
D3-unequal_e20_r009,TA(0.15),0.05862212902866304,0.15333333333333332,24.391387883179657,-0.3897780298783955,0.31748700151527465,-0.8970863295305505,,,,,,,,
D3-unequal_e20_r009,TA(0.25),0.05834462307393551,0.22,0.14411078586441523,-1.4866737146464606,0.16412616410107939,1.5004008117611407,,,,,,,,
D3-unequal_e20_r009,TA(0.40),0.05733204702846706,0.22,0.16412616410107939,1.5004008117611407,0.14411078586441523,-1.4866737146464606,,,,,,,,
D3-unequal_e30_r009,adapt,0.068152109044604,0.14333333333333334,0.14124081417727943,-0.5907221957092408,22.67530000785505,-0.238765721492017,,,,,,,,
D3-unequal_e30_r009,adaptX,0.06284979195334017,0.32666666666666666,0.09641324764025015,-1.547244080864926,0.06965830511534829,1.4849784198707858,,,,,,,,
D3-unequal_e30_r009,HA50,0.010309105040505528,,-3.7144402480990926,-0.3554875275612577,22.281240040932246,0.050845992052363786,,,,,,,,
D3-unequal_e30_r009,TA(0.05),0.07044452102854848,0.14333333333333334,22.486495825935997,-0.1339293592910301,0.17829709876673916,-0.5558363550230884,,,,,,,,
D3-unequal_e30_r009,TA(0.10),0.07022080104798079,0.14333333333333334,22.486495825935997,-0.1339293592910301,0.17829709876673916,-0.5558363550230884,,,,,,,,
D3-unequal_e30_r009,TA(0.15),0.06936821201816201,0.14333333333333334,0.17829709876673916,-0.5558363550230884,22.486495825935997,-0.1339293592910301,,,,,,,,
D3-unequal_e30_r009,TA(0.25),0.06928174092900008,0.22,0.005066080892955557,-1.1832200923619354,19.71117005577991,-2.750801652269984,,,,,,,,
D3-unequal_e30_r009,TA(0.40),0.07033863989636302,0.32666666666666666,0.09641324764025015,-1.547244080864926,0.06965830511534829,1.4849784198707858,,,,,,,,
D4-hetero_e00_r009,adapt,0.06387812702450901,0.03333333333333333,0.17532549065147207,1.6475263056460423,-0.033830049772270845,-1.4993415713605385,,,,,,,,
D4-hetero_e00_r009,adaptX,0.06367610802408308,0.03333333333333333,-0.0267798136382586,-1.497007546893355,0.17532549065147207,1.6475263056460423,,,,,,,,
D4-hetero_e00_r009,HA50,0.011889631045050919,,0.18577380687134712,1.635838980600008,-0.04808905871332486,-1.4917401419963665,,,,,,,,
D4-hetero_e00_r009,TA(0.05),0.06637881800998002,0.03333333333333333,0.18513145271225967,1.6482178505236698,-0.0267798136382586,-1.497007546893355,,,,,,,,
D4-hetero_e00_r009,TA(0.10),0.06607777311000973,0.03333333333333333,-0.0267798136382586,-1.497007546893355,0.18513145271225967,1.6482178505236698,,,,,,,,
D4-hetero_e00_r009,TA(0.15),0.06645420996937901,0.03666666666666667,0.18513145271225967,1.6482178505236698,-0.03988602783049221,-1.4929847628225779,,,,,,,,
D4-hetero_e00_r009,TA(0.25),0.06795840605627745,0.03333333333333333,-0.0267798136382586,-1.497007546893355,0.18513145271225967,1.6482178505236698,,,,,,,,
D4-hetero_e00_r009,TA(0.40),0.06596634804736823,0.03333333333333333,-0.0267798136382586,-1.497007546893355,0.18513145271225967,1.6482178505236698,,,,,,,,
D4-hetero_e05_r009,adapt,0.051897531026043,0.08333333333333333,-0.2045102130610127,1.5018163746408095,-0.03983463478098653,-1.5061071900354153,,,,,,,,
D4-hetero_e05_r009,adaptX,0.05806223500985652,0.08666666666666667,-0.027240393163449665,-1.5103487260726376,-0.1986874046961621,1.5016104809897022,,,,,,,,
D4-hetero_e05_r009,HA50,0.00912026094738394,,19.51136392266016,-5.159034994171715,-1.146627538283322,-0.38389507343512536,,,,,,,,
D4-hetero_e05_r009,TA(0.05),0.05347181006800383,0.08333333333333333,-0.03983463478098653,-1.5061071900354153,-0.2045102130610127,1.5018163746408095,,,,,,,,
D4-hetero_e05_r009,TA(0.10),0.054203971987590194,0.09,-0.031463856704837645,-1.5099948464588906,-0.2045102130610127,1.5018163746408095,,,,,,,,
D4-hetero_e05_r009,TA(0.15),0.05416797602083534,0.08333333333333333,-0.03983463478098653,-1.5061071900354153,-0.2045102130610127,1.5018163746408095,,,,,,,,
D4-hetero_e05_r009,TA(0.25),0.054348567966371775,0.08666666666666667,-0.16081067827407253,1.5005722829059538,-0.015226558289109205,-1.512456741116848,,,,,,,,
D4-hetero_e05_r009,TA(0.40),0.053840534994378686,0.09,-0.015226558289109205,-1.512456741116848,-0.1447598930491516,1.5076699618696343,,,,,,,,
D4-hetero_e10_r009,adapt,0.06939640501514077,0.14666666666666667,-0.06750304490331772,1.4953535393510484,0.00430951161316368,-1.476382153881047,,,,,,,,
D4-hetero_e10_r009,adaptX,0.07047547702677548,0.14333333333333334,-7.352151108648466e-05,-1.475684117046006,-0.10340341022626544,1.479480618577191,,,,,,,,
D4-hetero_e10_r009,HA50,0.013907685992307961,,-1.066013133914145,-0.13339782097713113,23.016500988267456,-0.09555206327737917,,,,,,,,
D4-hetero_e10_r009,TA(0.05),0.07185563596431166,0.05333333333333334,23.016500988267456,-0.09555206327737917,0.1691300209016243,-0.0782348412494285,,,,,,,,
D4-hetero_e10_r009,TA(0.10),0.07075113605242223,0.13333333333333333,-0.13697226982804847,1.5038251903495687,-0.0027619744822332515,-1.4766808831970581,,,,,,,,
D4-hetero_e10_r009,TA(0.15),0.07219590898603201,0.14666666666666667,-0.07806905651492971,1.4965755461099972,0.0013618292876383753,-1.4756265274112994,,,,,,,,
D4-hetero_e10_r009,TA(0.25),0.07211591897066683,0.14333333333333334,-0.10340341022626544,1.479480618577191,-7.352151108648466e-05,-1.475684117046006,,,,,,,,
D4-hetero_e10_r009,TA(0.40),0.07027698203455657,0.14666666666666667,-0.0024005047124271766,-1.4758907266392949,-0.07704196680293149,1.4966607291805334,,,,,,,,
D4-hetero_e20_r009,adapt,0.05041439097840339,0.22333333333333333,-0.11355269130428475,1.6739381290217354,0.007055967495964052,-1.5230815687032604,,,,,,,,
D4-hetero_e20_r009,adaptX,0.05734444095287472,0.22333333333333333,-0.11980443627317663,1.6732826960753278,0.0012246434477475208,-1.5238504278695204,,,,,,,,
D4-hetero_e20_r009,HA50,0.009861330036073923,,-2.6467526620339594,-0.026590910214779346,24.04455147333812,-0.401696144789809,,,,,,,,
D4-hetero_e20_r009,TA(0.05),0.05125633592251688,0.1,-22.10524868025278,-0.3771480152483641,0.0033328930248247143,0.038085593442395274,,,,,,,,
D4-hetero_e20_r009,TA(0.10),0.05139515001792461,0.1,0.0033328930248247143,0.038085593442395274,-22.10524868025278,-0.3771480152483641,,,,,,,,
D4-hetero_e20_r009,TA(0.15),0.05730998900253326,0.13666666666666666,17.904343111122156,4.985358504532651,-0.4994618181935735,0.44628048240185947,,,,,,,,
D4-hetero_e20_r009,TA(0.25),0.06464524799957871,0.22333333333333333,0.0012246434477475208,-1.5238504278695204,-0.11980443627317663,1.6732826960753278,,,,,,,,
D4-hetero_e20_r009,TA(0.40),0.05114578898064792,0.22333333333333333,-0.1306549209339862,1.6737347719894289,0.011101322139102789,-1.5240458885544315,,,,,,,,
D4-hetero_e30_r009,adapt,0.05266251298598945,0.30333333333333334,0.06292439914919404,1.5628391920050502,-0.05657898476212417,-1.5491707869151186,,,,,,,,
D4-hetero_e30_r009,adaptX,0.06425379705615342,0.30333333333333334,-0.05657898476212417,-1.5491707869151186,0.04119812946330571,1.5639621107689046,,,,,,,,
D4-hetero_e30_r009,HA50,0.01073740900028497,,-3.8032538402444462,0.10817590140083062,23.209694650427785,0.5713183414331944,,,,,,,,
D4-hetero_e30_r009,TA(0.05),0.05352014710661024,0.14333333333333334,23.209694650427785,0.5713183414331944,-0.04546415160895141,-0.156958518880485,,,,,,,,
D4-hetero_e30_r009,TA(0.10),0.05431283300276846,0.14333333333333334,23.209694650427785,0.5713183414331944,-0.04546415160895141,-0.156958518880485,,,,,,,,
D4-hetero_e30_r009,TA(0.15),0.05613669799640775,0.14333333333333334,-0.04546415160895141,-0.156958518880485,23.209694650427785,0.5713183414331944,,,,,,,,
D4-hetero_e30_r009,TA(0.25),0.054020000039599836,0.14333333333333334,-0.04546415160895141,-0.156958518880485,23.209694650427785,0.5713183414331944,,,,,,,,
D4-hetero_e30_r009,TA(0.40),0.05565571098122746,0.30333333333333334,0.04119812946330571,1.5639621107689046,-0.05657898476212417,-1.5491707869151186,,,,,,,,
D5-leverage_e00_r009,adapt,0.053097533993422985,0.016666666666666666,-0.06621735802112687,-1.5289880389965775,0.06119638538791852,1.4790541294490356,,,,,,,,
D5-leverage_e00_r009,adaptX,0.05545652494765818,0.016666666666666666,0.06119638538791852,1.4790541294490356,-0.06621735802112687,-1.5289880389965775,,,,,,,,
D5-leverage_e00_r009,HA50,0.009262224077247083,,0.025053988932559453,1.5026676763857933,-0.04133533576325793,-1.4970433259224072,,,,,,,,
D5-leverage_e00_r009,TA(0.05),0.05538099294062704,0.016666666666666666,-0.07901212057819951,-1.5305441484344116,0.06513117429396093,1.4784444941759476,,,,,,,,
D5-leverage_e00_r009,TA(0.10),0.055693130008876324,0.016666666666666666,-0.06621735802112687,-1.5289880389965775,0.06119638538791852,1.4790541294490356,,,,,,,,
D5-leverage_e00_r009,TA(0.15),0.05488887906540185,0.016666666666666666,0.06119638538791852,1.4790541294490356,-0.06621735802112687,-1.5289880389965775,,,,,,,,
D5-leverage_e00_r009,TA(0.25),0.055832693935371935,0.013333333333333334,0.029307827243233428,1.479393255689447,-0.024997357128136385,-1.509745430962892,,,,,,,,
D5-leverage_e00_r009,TA(0.40),0.055413882015272975,0.016666666666666666,-0.05894890762005751,-1.5126106383215407,0.06360250423870419,1.4785663876241786,,,,,,,,
D5-leverage_e05_r009,adapt,0.05094579001888633,0.07,-0.03984367506180731,-1.4858335683110044,0.09345049813053447,1.5057905651791779,,,,,,,,
D5-leverage_e05_r009,adaptX,0.057608812930993736,0.07,-0.03984367506180731,-1.4858335683110044,0.09345049813053447,1.5057905651791779,,,,,,,,
D5-leverage_e05_r009,HA50,0.008650021976791322,,1.9015214522549517,-0.0455024418512369,-2.358442895897572,-0.039203115081215725,,,,,,,,
D5-leverage_e05_r009,TA(0.05),0.053609709022566676,0.0033333333333333335,1.87708893913849,-0.0652875782899657,-2.3639599945153753,-0.05793977697864807,,,,,,,,
D5-leverage_e05_r009,TA(0.10),0.0536682530073449,0.07,-0.03984367506180731,-1.4858335683110044,0.09345049813053447,1.5057905651791779,,,,,,,,
D5-leverage_e05_r009,TA(0.15),0.05231039097998291,0.07,-0.03984367506180731,-1.4858335683110044,0.09345049813053447,1.5057905651791779,,,,,,,,
D5-leverage_e05_r009,TA(0.25),0.051999625051394105,0.07,0.09345049813053447,1.5057905651791779,-0.03984367506180731,-1.4858335683110044,,,,,,,,
D5-leverage_e05_r009,TA(0.40),0.05300897604320198,0.07,-0.022687643111469084,-1.4806553503327722,0.11123745506205973,1.5192301743239216,,,,,,,,
D5-leverage_e10_r009,adapt,0.050533575005829334,0.12,-0.12515272310083006,-1.4335688596065204,0.10408088930565623,1.4983428014416962,,,,,,,,
D5-leverage_e10_r009,adaptX,0.05591075704433024,0.12,-0.12965499814138404,-1.4332022890976606,0.09946787355893276,1.499121742094223,,,,,,,,
D5-leverage_e10_r009,HA50,0.00859441002830863,,2.0569792419828,-0.047919650000699865,-2.447787974579044,0.0451746488627853,,,,,,,,
D5-leverage_e10_r009,TA(0.05),0.0536928380606696,0.0,-2.5162441766923997,0.04673762637519407,2.0050421232521063,-0.05015073796475048,,,,,,,,
D5-leverage_e10_r009,TA(0.10),0.05191090109292418,0.0,-2.5162441766923997,0.04673762637519407,2.0050421232521063,-0.05015073796475048,,,,,,,,
D5-leverage_e10_r009,TA(0.15),0.05192830692976713,0.12,0.10912244167939272,1.4974265332848637,-0.12035727166505521,-1.4340120193161896,,,,,,,,
D5-leverage_e10_r009,TA(0.25),0.051344258012250066,0.12,0.09946787355893276,1.499121742094223,-0.12965499814138404,-1.4332022890976606,,,,,,,,
D5-leverage_e10_r009,TA(0.40),0.05247664905618876,0.12,0.11984893915896316,1.4944738902237233,-0.08769326801430356,-1.4336768220896445,,,,,,,,
D5-leverage_e20_r009,adapt,0.06068084202706814,0.0,-2.380034596223928,0.11015891485634366,2.510366836238894,-0.15297794892323346,,,,,,,,
D5-leverage_e20_r009,adaptX,0.06658352899830788,0.17333333333333334,-0.009745314685609607,1.5311362699629218,0.11245421735674196,-1.5580749625509651,,,,,,,,
D5-leverage_e20_r009,HA50,0.012939536944031715,,2.510366836238894,-0.15297794892323346,-2.380034596223928,0.11015891485634366,,,,,,,,
D5-leverage_e20_r009,TA(0.05),0.06384739698842168,0.0,2.361463134708085,-0.163145768630139,-2.50118883147384,0.09281234381301012,,,,,,,,
D5-leverage_e20_r009,TA(0.10),0.06224780099000782,0.0,-2.4759399081669056,0.11036277999111949,2.3893771772832793,-0.1496170584329625,,,,,,,,
D5-leverage_e20_r009,TA(0.15),0.06364104792010039,0.04666666666666667,-1.6197213229416598,0.30020993304401555,0.1841414615243354,-1.5629537225537107,,,,,,,,
D5-leverage_e20_r009,TA(0.25),0.0614827920217067,0.17666666666666667,0.11245421735674196,-1.5580749625509651,-0.032822663137260615,1.5228872146082288,,,,,,,,
D5-leverage_e20_r009,TA(0.40),0.061935183010064065,0.17333333333333334,0.010956370205203328,1.525987760312316,0.07221477218447281,-1.5555388177691074,,,,,,,,
D5-leverage_e30_r009,adapt,0.053210341022349894,0.0,2.0826034618115106,-0.07526149315995787,-2.472912659741004,0.09449852702765944,,,,,,,,
D5-leverage_e30_r009,adaptX,0.05554423702415079,0.09,-2.6522280330765766,0.11614718526474581,1.3937535430072556,-0.01608715650100908,,,,,,,,
D5-leverage_e30_r009,HA50,0.00918917590752244,,2.195455343541227,-0.08888018094628473,-2.367739971175062,0.08094345687073362,,,,,,,,
D5-leverage_e30_r009,TA(0.05),0.05599410005379468,0.0,-2.4970029095798476,0.09424449899022219,1.993062191258005,-0.06866682693723956,,,,,,,,
D5-leverage_e30_r009,TA(0.10),0.05586195702198893,0.013333333333333334,1.7923304638469453,-0.05884139638886227,-2.545621730711671,0.10224195805288652,,,,,,,,
D5-leverage_e30_r009,TA(0.15),0.05483582802116871,0.06,-2.3515617463378993,0.44787091880789764,1.4448250659967592,-0.43421786186902483,,,,,,,,
D5-leverage_e30_r009,TA(0.25),0.054245493025518954,0.07,-2.4543616842363876,0.45393606082093874,1.3133516774226761,-0.42592485298050614,,,,,,,,
D5-leverage_e30_r009,TA(0.40),0.054784352076239884,0.06,1.3504256371268033,-0.4305617038414658,-2.3471088826436066,0.44908998276914075,,,,,,,,
D6-uniform_e00_r009,adapt,0.050737990997731686,0.016666666666666666,0.009966447662689074,-1.4528005954158818,0.058771140879993744,1.5660339009314523,,,,,,,,
D6-uniform_e00_r009,adaptX,0.05710804497357458,0.016666666666666666,0.009966447662689074,-1.4528005954158818,0.058771140879993744,1.5660339009314523,,,,,,,,
D6-uniform_e00_r009,HA50,0.009008481982164085,,0.05873176303599407,1.5510369282455891,-0.00892747582700895,-1.4591392772508975,,,,,,,,
D6-uniform_e00_r009,TA(0.05),0.051373690948821604,0.016666666666666666,0.058771140879993744,1.5660339009314523,0.009966447662689074,-1.4528005954158818,,,,,,,,
D6-uniform_e00_r009,TA(0.10),0.05207173491362482,0.016666666666666666,0.009966447662689074,-1.4528005954158818,0.058771140879993744,1.5660339009314523,,,,,,,,
D6-uniform_e00_r009,TA(0.15),0.052111275028437376,0.016666666666666666,0.058771140879993744,1.5660339009314523,0.009966447662689074,-1.4528005954158818,,,,,,,,
D6-uniform_e00_r009,TA(0.25),0.05280545796267688,0.013333333333333334,0.009966447662689074,-1.4528005954158818,0.07191119552954128,1.5712522708413243,,,,,,,,
D6-uniform_e00_r009,TA(0.40),0.051906226901337504,0.013333333333333334,0.009966447662689074,-1.4528005954158818,0.07191119552954128,1.5712522708413243,,,,,,,,
D6-uniform_e05_r009,adapt,0.05046943703200668,0.07666666666666666,0.053072765532334594,1.5694321693249966,-0.029863556254783364,-1.5208437902997451,,,,,,,,
D6-uniform_e05_r009,adaptX,0.055635026074014604,0.07666666666666666,-0.04255177258739827,-1.5158217956381952,0.040283000823543656,1.5733271467277328,,,,,,,,
D6-uniform_e05_r009,HA50,0.009019605000503361,,-0.07652622358445996,-1.597465568781747,-0.10717905176647906,1.5515217921500601,,,,,,,,
D6-uniform_e05_r009,TA(0.05),0.05229441192932427,0.07666666666666666,0.053072765532334594,1.5694321693249966,-0.029863556254783364,-1.5208437902997451,,,,,,,,
D6-uniform_e05_r009,TA(0.10),0.05149405193515122,0.07666666666666666,-0.029863556254783364,-1.5208437902997451,0.053072765532334594,1.5694321693249966,,,,,,,,
D6-uniform_e05_r009,TA(0.15),0.05282750399783254,0.07666666666666666,0.053072765532334594,1.5694321693249966,-0.029863556254783364,-1.5208437902997451,,,,,,,,
D6-uniform_e05_r009,TA(0.25),0.05261001701001078,0.07666666666666666,-0.029863556254783364,-1.5208437902997451,0.053072765532334594,1.5694321693249966,,,,,,,,
D6-uniform_e05_r009,TA(0.40),0.05147777998354286,0.07666666666666666,0.053072765532334594,1.5694321693249966,-0.029863556254783364,-1.5208437902997451,,,,,,,,
D6-uniform_e10_r009,adapt,0.05024571903049946,0.12333333333333334,-0.09554807314177867,1.5907144737466727,-0.13419530331818852,-1.518139802307948,,,,,,,,
D6-uniform_e10_r009,adaptX,0.05595905194059014,0.12333333333333334,-0.09554807314177867,1.5907144737466727,-0.13419530331818852,-1.518139802307948,,,,,,,,
D6-uniform_e10_r009,HA50,0.009408090962097049,,-0.16757694671349072,-1.6540348645711276,-0.19463075474882377,1.6426437860753864,,,,,,,,
D6-uniform_e10_r009,TA(0.05),0.051941149053163826,0.12333333333333334,-0.11622448134304456,-1.5303025507852914,-0.09340389243770293,1.5907212340787416,,,,,,,,
D6-uniform_e10_r009,TA(0.10),0.052958384971134365,0.12333333333333334,-0.09340389243770293,1.5907212340787416,-0.1363890417722741,-1.5181238412687281,,,,,,,,
D6-uniform_e10_r009,TA(0.15),0.052100591943599284,0.12333333333333334,-0.13419530331818852,-1.518139802307948,-0.09554807314177867,1.5907144737466727,,,,,,,,
D6-uniform_e10_r009,TA(0.25),0.05217254301533103,0.12333333333333334,-0.13419530331818852,-1.518139802307948,-0.09554807314177867,1.5907144737466727,,,,,,,,
D6-uniform_e10_r009,TA(0.40),0.052037364919669926,0.12333333333333334,-0.10911673657503931,1.5833529569640814,-0.13228255991896395,-1.5362863988212414,,,,,,,,
D6-uniform_e20_r009,adapt,0.05872612399980426,0.17666666666666667,-0.2010453773593456,-1.5376664163897054,0.21441408427617137,1.437525899454057,,,,,,,,
D6-uniform_e20_r009,adaptX,0.06877631205134094,0.19333333333333333,-0.03704807518647371,1.4853021712911039,-0.211349837059692,-1.524087081558998,,,,,,,,
D6-uniform_e20_r009,HA50,0.011086674989201128,,2.786910627008419,-0.20565016438513908,-3.055134549749467,-0.19449905946211463,,,,,,,,
D6-uniform_e20_r009,TA(0.05),0.06189398199785501,0.16333333333333333,0.13617805773206657,1.2795534225659522,-0.19561686426291908,-1.5383834234048885,,,,,,,,
D6-uniform_e20_r009,TA(0.10),0.06047585897613317,0.16333333333333333,-0.19788013464038953,-1.5380950466288652,0.13783386252958052,1.2796321804731192,,,,,,,,
D6-uniform_e20_r009,TA(0.15),0.06058416096493602,0.17333333333333334,-0.2010453773593456,-1.5376664163897054,0.18560095232569435,1.4256432076724153,,,,,,,,
D6-uniform_e20_r009,TA(0.25),0.06095313292462379,0.18666666666666668,-0.21178778581816354,-1.5277609524937805,0.011997355340817629,1.4693566514776228,,,,,,,,
D6-uniform_e20_r009,TA(0.40),0.06103952508419752,0.18666666666666668,-0.23092021911168936,-1.521938982157774,0.005548734335822386,1.4732778985631394,,,,,,,,
D6-uniform_e30_r009,adapt,0.054463892010971904,0.0,3.455644230366661,0.04199781699446215,-3.5192691728282717,-0.03190594729930235,,,,,,,,
D6-uniform_e30_r009,adaptX,0.06078902503941208,0.23333333333333334,0.07427795197630449,1.6103879301802102,0.03411425603034099,-1.818596271675174,,,,,,,,
D6-uniform_e30_r009,HA50,0.010789023013785481,,-3.5192691728282717,-0.03190594729930235,3.455644230366661,0.04199781699446215,,,,,,,,
D6-uniform_e30_r009,TA(0.05),0.057931057061068714,0.0,3.3938372964237007,0.04631555484496529,-3.6004588740450014,-0.03150784710020524,,,,,,,,
D6-uniform_e30_r009,TA(0.10),0.055906865978613496,0.0,2.902044948464,0.04948432378112237,-4.295581187127303,-0.06853748685720563,,,,,,,,
D6-uniform_e30_r009,TA(0.15),0.056829303968697786,0.23,0.03411425603034099,-1.818596271675174,0.04229766534656134,1.6463345455965883,,,,,,,,
D6-uniform_e30_r009,TA(0.25),0.05600669200066477,0.23,0.07663398833704983,1.610313143486269,-0.006358991875166582,-1.8216607714922952,,,,,,,,
D6-uniform_e30_r009,TA(0.40),0.05619179108180106,0.22333333333333333,0.12600067537435433,-1.6692512336463277,0.04229766534656134,1.6463345455965883,,,,,,,,
D7-p3_e00_r009,adapt,0.27202868298627436,0.02,-0.049096758791964706,1.4854858804570072,1.0229423068812908,0.9661194956399946,0.010241119706397827,-1.6145914900871974,1.0328724901009478,1.0669950595953455,,,,
D7-p3_e00_r009,adaptX,2.007885757018812,0.02,0.004298826562241039,-1.6158452260624203,1.0288810613493042,1.0650291306003916,-0.053201592192711256,1.4846286112735771,1.0195523376790097,0.9648957692721719,,,,
D7-p3_e00_r009,HA50,0.006193125969730318,,-0.0608262072978353,1.5049717107106089,1.0555990847145076,0.9757916808442815,0.01917528455831233,-1.604701334893597,1.033017550411629,1.074874184801903,,,,
D7-p3_e00_r009,TA(0.05),0.27285987907089293,0.02,-0.053597389297021715,1.4846632495033283,1.0195813617592904,0.9648633650402307,0.004671455802225313,-1.6158571518390719,1.0288569525858633,1.065076178921261,,,,
D7-p3_e00_r009,TA(0.10),0.2739765529986471,0.02,0.004671455802225313,-1.6158571518390719,1.0288569525858633,1.065076178921261,-0.053597389297021715,1.4846632495033283,1.0195813617592904,0.9648633650402307,,,,
D7-p3_e00_r009,TA(0.15),0.2739784410223365,0.016666666666666666,-0.006581915884164564,-1.5974702762104214,1.032918916229986,1.072514445161972,-0.048728102353898524,1.4854541139019322,1.0229167793362137,0.9661500400981652,,,,
D7-p3_e00_r009,TA(0.25),0.27552297501824796,0.023333333333333334,0.005411236717710979,-1.6157589936396475,1.0296846103101336,1.0643578686662785,-0.02848911058770425,1.4826032580783062,1.001091642228845,0.9736882324905523,,,,
D7-p3_e00_r009,TA(0.40),0.272766045993194,0.016666666666666666,0.018786280689650554,-1.6135170555688585,1.043348435415082,1.0537367209039334,-0.05578627555449594,1.4725378823232704,0.9855886947139735,0.991582161023065,,,,
D7-p3_e05_r009,adapt,0.22565719205886126,0.07,-0.0749170461877734,-1.5063316691345872,1.0162926629637676,1.059610822943241,0.05085041046148548,1.442940297823264,0.9356524726535281,0.9532142093374738,,,,
D7-p3_e05_r009,adaptX,1.5187282140832394,0.07,0.05085041046148548,1.442940297823264,0.9356524726535281,0.9532142093374738,-0.06075351969557987,-1.4977377108596392,1.015796899763569,1.0728808061646242,,,,
D7-p3_e05_r009,HA50,0.007496809004805982,,0.000776186542647196,-0.1613556570194241,1.204248125885635,1.0641617492459128,13.485679947564703,12.186337137338114,-5.476222580426847,-3.1089847869757854,,,,
D7-p3_e05_r009,TA(0.05),0.22609930799808353,0.07,-0.07801978360752619,-1.5053422754760823,1.0237708066595856,1.0621499390647664,0.011539651567089047,1.4493592722346136,0.938590824146807,0.9292461992102051,,,,
D7-p3_e05_r009,TA(0.10),0.22709998697973788,0.07,-0.06075351969557987,-1.4977377108596392,1.015796899763569,1.0728808061646242,0.05085041046148548,1.442940297823264,0.9356524726535281,0.9532142093374738,,,,
D7-p3_e05_r009,TA(0.15),0.22627711505629122,0.07,-0.054287583254260946,-1.4973454121325407,1.0197379573573768,1.0780769847715264,0.043120807130958214,1.4432573120427787,0.9317481935687251,0.9474403312133012,,,,
D7-p3_e05_r009,TA(0.25),0.2274157339707017,0.07,0.05085041046148548,1.442940297823264,0.9356524726535281,0.9532142093374738,-0.06075351969557987,-1.4977377108596392,1.015796899763569,1.0728808061646242,,,,
D7-p3_e05_r009,TA(0.40),0.2265797129366547,0.07333333333333333,0.032471206483526485,1.4421518958835289,0.9256574045743121,0.9469117009888548,-0.08217232086367618,-1.4940374741840696,1.0216054136024275,1.0609209782480846,,,,
D7-p3_e10_r009,adapt,0.2273311719764024,0.12,-0.017999104877470865,-1.4299216140647337,0.9837009680917637,1.1385932474738005,0.023512290225347433,1.4736063417130532,1.1176898837559164,1.1690295367008703,,,,
D7-p3_e10_r009,adaptX,1.7713268409715965,0.12,-0.007448070289974932,-1.437882484783016,0.9650005745842123,1.1413850390459792,0.016484053524848732,1.4737670526923377,1.1039600289161513,1.1659304709674585,,,,
D7-p3_e10_r009,HA50,0.007323791040107608,,0.12738109598834638,0.0004405497191133642,1.1339262723784018,1.4824451887858416,8.665590969499043,4.48850856990323,-0.21480672117740185,-12.685571826691177,,,,
D7-p3_e10_r009,TA(0.05),0.2278604640159756,0.06,-0.008681059220279307,-0.09701225160721465,1.1522289262093883,1.0581007193709704,6.16136761262056,6.033185241558648,-2.9568809591742236,-8.702873610939237,,,,
D7-p3_e10_r009,TA(0.10),0.22779513092245907,0.12,-0.02887106636825522,-1.4279746740435832,0.978890974428968,1.1353744343740877,0.0059150129749313265,1.4769632277370204,1.1093519160444825,1.1683032415187435,,,,
D7-p3_e10_r009,TA(0.15),0.22911531699355692,0.12333333333333334,-0.020852678835377565,-1.4181746687341759,0.9867722092790138,1.1223174950334256,0.012390292030628053,1.497552229073461,1.1269404826355907,1.1372194261347934,,,,
D7-p3_e10_r009,TA(0.25),0.22883226594422013,0.12333333333333334,-0.020852678835377565,-1.4181746687341759,0.9867722092790138,1.1223174950334256,0.012390292030628053,1.497552229073461,1.1269404826355907,1.1372194261347934,,,,
D7-p3_e10_r009,TA(0.40),0.2289204039843753,0.12333333333333334,-0.013642153005144875,-1.4208780105474683,0.9892972224869283,1.1268213171919166,0.0211626358468097,1.494533427977938,1.1303083624843258,1.1415760952648373,,,,
D7-p3_e20_r009,adapt,0.36988158395979553,0.16666666666666666,-0.043316999440865214,1.4636517519419252,1.1052275889212473,0.9759131347438973,-0.061213638989736995,-1.5105371887805519,1.1094957427602277,0.9519646243509402,,,,
D7-p3_e20_r009,adaptX,1.8806958249770105,0.16666666666666666,-0.043316999440865214,1.4636517519419252,1.1052275889212473,0.9759131347438973,-0.061213638989736995,-1.5105371887805519,1.1094957427602277,0.9519646243509402,,,,
D7-p3_e20_r009,HA50,0.007131093996576965,,23.010463617768398,1.2556398546787388,0.7640095910687531,1.0360041795464556,-1.5158724383738063,-0.13369654930923583,0.9511609520281682,0.8541154383503965,,,,
D7-p3_e20_r009,TA(0.05),0.3714127939892933,0.07666666666666666,23.010463617768398,1.2556398546787388,0.7640095910687531,1.0360041795464556,0.11869582508616998,0.03230159297073703,1.0654830948873033,0.9728661956618271,,,,
D7-p3_e20_r009,TA(0.10),0.37070586101617664,0.11,0.5868334169483193,-0.35049733330937444,1.0409719963939543,0.969565537193142,-17.622722160803065,-4.71446237258859,0.9423237830120365,1.1897175017664121,,,,
D7-p3_e20_r009,TA(0.15),0.37118632497731596,0.16666666666666666,-0.04109942377521504,1.4637693677674057,1.1070757282750512,0.9772440339290851,-0.05929684841711367,-1.5103354595860978,1.1116750890165776,0.9537849819622393,,,,
D7-p3_e20_r009,TA(0.25),0.37104211701080203,0.16666666666666666,-0.04445581340361824,1.4636451775679535,1.1046389044002392,0.9754609528417246,-0.059927187047806585,-1.5104665839594582,1.1102668485744154,0.9525685887441998,,,,
D7-p3_e20_r009,TA(0.40),0.37205019395332783,0.16666666666666666,-0.06260477355444903,1.4627104678732679,1.0925295910708686,0.9728093009504486,-0.05587111605409126,-1.5098283233196728,1.1238574455762973,0.9572521356094272,,,,
D7-p3_e30_r009,adapt,0.2757598049938679,0.27,0.03791407685192528,-1.4461587186173515,1.0985278121629882,0.9967262455346303,-0.03095877678118566,1.5236168169872357,0.9969380988669455,0.9258474383626598,,,,
D7-p3_e30_r009,adaptX,1.7320151720196009,0.27,0.017237227948119917,-1.4476159079975506,1.0746241175760443,0.981662987642832,-0.009772494290920045,1.5279371998733124,1.012982776267791,0.9354357974576661,,,,
D7-p3_e30_r009,HA50,0.013096748036332428,,-17.461956330387153,-3.1841390275233974,3.0954437599197204,2.484300179442131,4.1917696637561095,-0.8128438866296517,1.761756890236755,1.3369380791788037,,,,
D7-p3_e30_r009,TA(0.05),0.2775425020372495,0.13,-21.98512807784851,-0.034142204705686754,1.5047349413906224,1.1863621592564366,-0.13177810638755677,0.14751976737129016,0.9971066604584986,0.855593150839065,,,,
D7-p3_e30_r009,TA(0.10),0.27650176803581417,0.13,-0.13177810638755677,0.14751976737129016,0.9971066604584986,0.855593150839065,-21.98512807784851,-0.034142204705686754,1.5047349413906224,1.1863621592564366,,,,
D7-p3_e30_r009,TA(0.15),0.2762077229563147,0.13333333333333333,-0.13177810638755677,0.14751976737129016,0.9971066604584986,0.855593150839065,-21.806727574525304,0.3159247221805202,1.5764606003922104,1.3879888173175552,,,,
D7-p3_e30_r009,TA(0.25),0.27732452598866075,0.16666666666666666,-0.4593583054943444,0.7601815875485752,1.0088724626109726,0.7516118251541339,-13.46340358044833,-6.666992256841032,2.4069884300797564,1.3404595452197607,,,,
D7-p3_e30_r009,TA(0.40),0.2768889319850132,0.2733333333333333,-0.014990372501198135,1.5224912655865925,1.027703659530473,0.9634368295379274,0.011873863391975372,-1.4455341648069588,1.0776358199348217,0.9760691493400099,,,,
D8-K2par-sep_e00_r009,adapt,0.049540926003828645,0.016666666666666666,-2.9594721830802366,1.0337664622173413,3.0298209537893506,0.9169019167618983,,,,,,,,
D8-K2par-sep_e00_r009,adaptX,0.057330684969201684,0.013333333333333334,3.0298209537893506,0.9169019167618983,-2.9759511956683755,1.043952074667168,,,,,,,,
D8-K2par-sep_e00_r009,HA50,0.011227043927647173,,-2.9741202327903236,1.045305038578896,3.061931801308228,0.911655081285681,,,,,,,,
D8-K2par-sep_e00_r009,TA(0.05),0.050352395977824926,0.016666666666666666,-2.9594721830802366,1.0337664622173413,3.0298209537893506,0.9169019167618983,,,,,,,,
D8-K2par-sep_e00_r009,TA(0.10),0.050245599006302655,0.016666666666666666,-2.9594721830802366,1.0337664622173413,3.0298209537893506,0.9169019167618983,,,,,,,,
D8-K2par-sep_e00_r009,TA(0.15),0.05042293691076338,0.016666666666666666,3.0298209537893506,0.9169019167618983,-2.9594721830802366,1.0337664622173413,,,,,,,,
D8-K2par-sep_e00_r009,TA(0.25),0.05157373601105064,0.013333333333333334,3.0298209537893506,0.9169019167618983,-2.9759511956683755,1.043952074667168,,,,,,,,
D8-K2par-sep_e00_r009,TA(0.40),0.051672075991518795,0.016666666666666666,-2.9594721830802366,1.0337664622173413,3.0298209537893506,0.9169019167618983,,,,,,,,
D8-K2par-sep_e05_r009,adapt,0.051430368912406266,0.06,-3.0435673006263633,0.891308308231638,3.1887714250351857,1.0822579552019223,,,,,,,,
D8-K2par-sep_e05_r009,adaptX,0.05737046303693205,0.06,-3.0435673006263633,0.891308308231638,3.1887714250351857,1.0822579552019223,,,,,,,,
D8-K2par-sep_e05_r009,HA50,0.0094197120051831,,-3.7878944437237543,0.9007681874879415,4.052333258142534,0.7970502661514645,,,,,,,,
D8-K2par-sep_e05_r009,TA(0.05),0.05233332992065698,0.06,3.1887714250351857,1.0822579552019223,-3.0435673006263633,0.891308308231638,,,,,,,,
D8-K2par-sep_e05_r009,TA(0.10),0.05331200500950217,0.06,3.1887714250351857,1.0822579552019223,-3.0435673006263633,0.891308308231638,,,,,,,,
D8-K2par-sep_e05_r009,TA(0.15),0.05274866207037121,0.06,-3.0435673006263633,0.891308308231638,3.1887714250351857,1.0822579552019223,,,,,,,,
D8-K2par-sep_e05_r009,TA(0.25),0.05222309904638678,0.06,-3.0435673006263633,0.891308308231638,3.1887714250351857,1.0822579552019223,,,,,,,,
D8-K2par-sep_e05_r009,TA(0.40),0.053224738920107484,0.06,3.1887714250351857,1.0822579552019223,-3.0435673006263633,0.891308308231638,,,,,,,,
D8-K2par-sep_e10_r009,adapt,0.0497699819970876,0.11,2.8800127168300094,1.0444485344371923,-3.180788394639243,0.9149752919063023,,,,,,,,
D8-K2par-sep_e10_r009,adaptX,0.05863795801997185,0.10666666666666667,2.8800127168300094,1.0444485344371923,-3.2030899725070032,0.9026887698958378,,,,,,,,
D8-K2par-sep_e10_r009,HA50,0.009229859919287264,,21.770973235020058,0.9246324876014774,-0.8657203441193846,1.3594768230389809,,,,,,,,
D8-K2par-sep_e10_r009,TA(0.05),0.05212968401610851,0.03666666666666667,0.09886750466538781,1.0949466131743566,21.770973235020058,0.9246324876014774,,,,,,,,
D8-K2par-sep_e10_r009,TA(0.10),0.051576905068941414,0.10666666666666667,2.8800127168300094,1.0444485344371923,-3.2030899725070032,0.9026887698958378,,,,,,,,
D8-K2par-sep_e10_r009,TA(0.15),0.05094756302423775,0.10666666666666667,-3.2030899725070032,0.9026887698958378,2.8800127168300094,1.0444485344371923,,,,,,,,
D8-K2par-sep_e10_r009,TA(0.25),0.05209151795133948,0.10666666666666667,2.8800127168300094,1.0444485344371923,-3.2030899725070032,0.9026887698958378,,,,,,,,
D8-K2par-sep_e10_r009,TA(0.40),0.051433742977678776,0.10666666666666667,-3.2030899725070032,0.9026887698958378,2.8800127168300094,1.0444485344371923,,,,,,,,
D8-K2par-sep_e20_r009,adapt,0.05198339291382581,0.23333333333333334,-3.1346671517909197,1.0568796198644212,2.849448775133846,0.9460220890515022,,,,,,,,
D8-K2par-sep_e20_r009,adaptX,0.057824454037472606,0.23333333333333334,2.849448775133846,0.9460220890515022,-3.1346671517909197,1.0568796198644212,,,,,,,,
D8-K2par-sep_e20_r009,HA50,0.011099278926849365,,-21.999913856447524,0.332402393294074,2.7358307784496785,1.1921873194779882,,,,,,,,
D8-K2par-sep_e20_r009,TA(0.05),0.05344359006267041,0.11333333333333333,-21.999913856447524,0.332402393294074,-0.15500778187675787,0.9234996070514244,,,,,,,,
D8-K2par-sep_e20_r009,TA(0.10),0.05320717301219702,0.11333333333333333,-0.15500778187675787,0.9234996070514244,-21.999913856447524,0.332402393294074,,,,,,,,
D8-K2par-sep_e20_r009,TA(0.15),0.05475630902219564,0.11333333333333333,-0.15500778187675787,0.9234996070514244,-21.999913856447524,0.332402393294074,,,,,,,,
D8-K2par-sep_e20_r009,TA(0.25),0.054301549098454416,0.23333333333333334,2.849448775133846,0.9460220890515022,-3.1346671517909197,1.0568796198644212,,,,,,,,
D8-K2par-sep_e20_r009,TA(0.40),0.0532382259843871,0.23333333333333334,-3.1346671517909197,1.0568796198644212,2.849448775133846,0.9460220890515022,,,,,,,,
D8-K2par-sep_e30_r009,adapt,0.05402479006443173,0.33666666666666667,-2.793799241303257,1.0982084913287327,2.975041697292011,1.018919341402168,,,,,,,,
D8-K2par-sep_e30_r009,adaptX,0.058940236922353506,0.33666666666666667,-2.793799241303257,1.0982084913287327,2.975041697292011,1.018919341402168,,,,,,,,
D8-K2par-sep_e30_r009,HA50,0.0121228740317747,,4.8551088194314955,1.7902720048439322,-22.86287911785964,1.7327568793003834,,,,,,,,
D8-K2par-sep_e30_r009,TA(0.05),0.0564303690334782,0.15666666666666668,22.61164161050917,0.9441870851486275,-0.34709803238767484,0.8024983243653022,,,,,,,,
D8-K2par-sep_e30_r009,TA(0.10),0.05545056995470077,0.16333333333333333,22.61164161050917,0.9441870851486275,0.029029020994107233,1.019701878617592,,,,,,,,
D8-K2par-sep_e30_r009,TA(0.15),0.05566611303947866,0.16333333333333333,22.61164161050917,0.9441870851486275,0.16723399783388562,1.0854781987506477,,,,,,,,
D8-K2par-sep_e30_r009,TA(0.25),0.05471648706588894,0.16333333333333333,0.16723399783388562,1.0854781987506477,22.61164161050917,0.9441870851486275,,,,,,,,
D8-K2par-sep_e30_r009,TA(0.40),0.056548313004896045,0.33666666666666667,2.975041697292011,1.018919341402168,-2.793799241303257,1.0982084913287327,,,,,,,,
D1-K2cross_e00_r010,adapt,0.10198166302870959,0.03,-0.03145710712550868,1.4869564049221324,0.06678738451321811,-1.4628489626555037,,,,,,,,
D1-K2cross_e00_r010,adaptX,0.12321842403616756,0.03,-0.03145710712550868,1.4869564049221324,0.06678738451321811,-1.4628489626555037,,,,,,,,
D1-K2cross_e00_r010,HA50,0.00916519295424223,,0.053356265708086145,-1.4270936323017287,-0.06958845046044361,1.4930667373350015,,,,,,,,
D1-K2cross_e00_r010,TA(0.05),0.11919678293634206,0.03,0.044650754928342175,-1.4558462891439359,-0.020668619487950516,1.4873350370783065,,,,,,,,
D1-K2cross_e00_r010,TA(0.10),0.10412586503662169,0.03,-0.020668619487950516,1.4873350370783065,0.044650754928342175,-1.4558462891439359,,,,,,,,
D1-K2cross_e00_r010,TA(0.15),0.11850865697488189,0.03,-0.020668619487950516,1.4873350370783065,0.044650754928342175,-1.4558462891439359,,,,,,,,
D1-K2cross_e00_r010,TA(0.25),0.10398429806809872,0.02666666666666667,-0.0419719356155126,1.4900399537085074,0.04520785530108912,-1.4529411356562538,,,,,,,,
D1-K2cross_e00_r010,TA(0.40),0.10501029691658914,0.02666666666666667,-0.0419719356155126,1.4900399537085074,0.04520785530108912,-1.4529411356562538,,,,,,,,
D1-K2cross_e05_r010,adapt,0.05055907799396664,0.03666666666666667,0.007802416400411775,1.5620812927244432,0.12633807380754564,-1.5197297351171957,,,,,,,,
D1-K2cross_e05_r010,adaptX,0.05525912099983543,0.03666666666666667,0.12633807380754564,-1.5197297351171957,0.007802416400411775,1.5620812927244432,,,,,,,,
D1-K2cross_e05_r010,HA50,0.009722567978315055,,-0.5107593993293325,1.71257575338969,0.1335645592690954,-1.9747590014695047,,,,,,,,
D1-K2cross_e05_r010,TA(0.05),0.05171057605184615,0.03666666666666667,0.007802416400411775,1.5620812927244432,0.12633807380754564,-1.5197297351171957,,,,,,,,
D1-K2cross_e05_r010,TA(0.10),0.05341996403876692,0.03666666666666667,0.017304230720232548,1.5601939436669399,0.13423416376342123,-1.5213315189344558,,,,,,,,
D1-K2cross_e05_r010,TA(0.15),0.05142573092598468,0.03666666666666667,0.007802416400411775,1.5620812927244432,0.12633807380754564,-1.5197297351171957,,,,,,,,
D1-K2cross_e05_r010,TA(0.25),0.05320491490419954,0.03666666666666667,0.007802416400411775,1.5620812927244432,0.12633807380754564,-1.5197297351171957,,,,,,,,
D1-K2cross_e05_r010,TA(0.40),0.054070046986453235,0.04,0.11765471876443681,-1.5227197849129102,0.01591830876495411,1.5441637954041108,,,,,,,,
D1-K2cross_e10_r010,adapt,0.053871387033723295,0.10666666666666667,-0.017428500494892862,1.487556680672832,-0.07607069086790748,-1.4803194711713037,,,,,,,,
D1-K2cross_e10_r010,adaptX,0.05461042502429336,0.10666666666666667,-0.08191336577226632,-1.480515382766431,-0.02653172342391448,1.48727212150867,,,,,,,,
D1-K2cross_e10_r010,HA50,0.00976691604591906,,23.362944111393627,-0.28070618654643786,-1.0603296757757863,-0.5030301784718868,,,,,,,,
D1-K2cross_e10_r010,TA(0.05),0.05469306500162929,0.056666666666666664,-11.820824575648372,-2.801518928452783,0.4321260617166917,-0.581427487329167,,,,,,,,
D1-K2cross_e10_r010,TA(0.10),0.06861993402708322,0.10666666666666667,-0.001224799907060911,1.4750993256106688,-0.07607069086790748,-1.4803194711713037,,,,,,,,
D1-K2cross_e10_r010,TA(0.15),0.055761046009138227,0.10666666666666667,-0.06980931572904735,-1.4803486301052449,-0.01558656487690039,1.475062466293792,,,,,,,,
D1-K2cross_e10_r010,TA(0.25),0.05546586902346462,0.10666666666666667,-0.07607069086790748,-1.4803194711713037,-0.001224799907060911,1.4750993256106688,,,,,,,,
D1-K2cross_e10_r010,TA(0.40),0.055127544910646975,0.10666666666666667,-0.001224799907060911,1.4750993256106688,-0.07607069086790748,-1.4803194711713037,,,,,,,,
D1-K2cross_e20_r010,adapt,0.06290693709161133,0.24333333333333335,0.052841150957522974,1.5832864117486845,-0.07732426934867201,-1.5529110334119238,,,,,,,,
D1-K2cross_e20_r010,adaptX,0.07092399802058935,0.24666666666666667,-0.04722192660535171,-1.5505910351525192,0.04866957608617804,1.5833256168678518,,,,,,,,
D1-K2cross_e20_r010,HA50,0.012713885982520878,,-22.706724634370392,-0.3090522098363255,3.055126438316852,-0.2154349451433149,,,,,,,,
D1-K2cross_e20_r010,TA(0.05),0.06608751101884991,0.12,-0.026073742226696645,-0.050461659269552976,-22.706724634370392,-0.3090522098363255,,,,,,,,
D1-K2cross_e20_r010,TA(0.10),0.06369313190225512,0.12,-22.706724634370392,-0.3090522098363255,-0.026073742226696645,-0.050461659269552976,,,,,,,,
D1-K2cross_e20_r010,TA(0.15),0.06606895197182894,0.12333333333333334,-0.026073742226696645,-0.050461659269552976,22.906518416212048,1.0217511240200674,,,,,,,,
D1-K2cross_e20_r010,TA(0.25),0.0635693110525608,0.24333333333333335,-0.07732426934867201,-1.5529110334119238,0.052841150957522974,1.5832864117486845,,,,,,,,
D1-K2cross_e20_r010,TA(0.40),0.06467474298551679,0.24333333333333335,0.04866957608617804,1.5833256168678518,-0.07339484909698932,-1.5378889179097444,,,,,,,,
D1-K2cross_e30_r010,adapt,0.053154368069954216,0.27666666666666667,0.04890114811970355,1.5419782529615593,0.2846856501117467,-1.6154837695054256,,,,,,,,
D1-K2cross_e30_r010,adaptX,0.05867125000804663,0.27666666666666667,0.2846856501117467,-1.6154837695054256,0.04890114811970355,1.5419782529615593,,,,,,,,
D1-K2cross_e30_r010,HA50,0.009237547987140715,,-3.079008773808025,-0.5309902121355589,24.02506465237805,0.8129636277386172,,,,,,,,
D1-K2cross_e30_r010,TA(0.05),0.05423872999381274,0.12,24.02506465237805,0.8129636277386172,0.013018225074987117,0.04061211345151232,,,,,,,,
D1-K2cross_e30_r010,TA(0.10),0.053777268971316516,0.12,24.02506465237805,0.8129636277386172,0.013018225074987117,0.04061211345151232,,,,,,,,
D1-K2cross_e30_r010,TA(0.15),0.05627624096814543,0.12,0.013018225074987117,0.04061211345151232,24.02506465237805,0.8129636277386172,,,,,,,,
D1-K2cross_e30_r010,TA(0.25),0.05541039805393666,0.19666666666666666,0.6016787916193576,0.5956397314791729,11.152131500254352,-6.227980007795715,,,,,,,,
D1-K2cross_e30_r010,TA(0.40),0.05443443392869085,0.27666666666666667,0.0422088722741473,1.5429992588956567,0.27770144055329915,-1.6139019310891711,,,,,,,,
D2-K3par_e00_r010,adapt,0.23259542998857796,0.006666666666666667,3.2380633856602716,1.0982937789180711,0.3941507001808433,1.2183566661598404,-2.640476954827826,1.0675153993038915,,,,,,
D2-K3par_e00_r010,adaptX,0.2433448019437492,0.006666666666666667,0.3586143542117145,1.182341218008269,-2.671012673951435,1.0374789268619777,3.2380633856602716,1.0982937789180711,,,,,,
D2-K3par_e00_r010,HA50,0.022573950001969934,,3.2380633856602716,1.0982937789180711,-2.6641883046541732,1.0580572150700736,0.3941507001808433,1.2183566661598404,,,,,,
D2-K3par_e00_r010,TA(0.05),0.23749590502120554,0.006666666666666667,0.3941507001808433,1.2183566661598404,-2.640476954827826,1.0675153993038915,3.190740599075336,1.1334035796001314,,,,,,
D2-K3par_e00_r010,TA(0.10),0.2362283410038799,0.006666666666666667,-2.640476954827826,1.0675153993038915,3.190740599075336,1.1334035796001314,0.3941507001808433,1.2183566661598404,,,,,,
D2-K3par_e00_r010,TA(0.15),0.23356289695948362,0.01,3.167553860223833,1.1475625753250547,-2.640476954827826,1.0675153993038915,0.3941507001808433,1.2183566661598404,,,,,,
D2-K3par_e00_r010,TA(0.25),0.23422306193970144,0.01,0.3941507001808433,1.2183566661598404,3.167553860223833,1.1475625753250547,-2.640476954827826,1.0675153993038915,,,,,,
D2-K3par_e00_r010,TA(0.40),0.23689582210499793,0.006666666666666667,-2.7003851183206518,1.0386715045618975,0.2512962029421151,1.1304620330239652,3.1489394821010097,1.0337299122379724,,,,,,
D2-K3par_e05_r010,adapt,0.23041895602364093,0.06666666666666667,3.179684878595661,1.0725868364282483,0.02272498756083514,0.9827571377014185,-3.075796103053532,0.9738238897352547,,,,,,
D2-K3par_e05_r010,adaptX,0.25214848597534,0.06666666666666667,0.040424978384437815,0.9941847132120221,-3.0605834568268837,0.9829992303344547,3.179684878595661,1.0725868364282483,,,,,,
D2-K3par_e05_r010,HA50,0.01855639705900103,,23.345470578113567,1.9233839762233405,0.23199204699679685,1.1851386102039103,-16.48071496334177,5.88661314459646,,,,,,
D2-K3par_e05_r010,TA(0.05),0.2322309579467401,0.05,-2.1371015554902284,0.8256358948579062,2.4106168244313184,1.0644938266659811,-6.768024297865349,8.592790483217964,,,,,,
D2-K3par_e05_r010,TA(0.10),0.23416607396211475,0.06666666666666667,-3.0605834568268837,0.9829992303344547,0.040424978384437815,0.9941847132120221,3.179684878595661,1.0725868364282483,,,,,,
D2-K3par_e05_r010,TA(0.15),0.23132693103980273,0.06666666666666667,3.179684878595661,1.0725868364282483,0.02272498756083514,0.9827571377014185,-3.075796103053532,0.9738238897352547,,,,,,
D2-K3par_e05_r010,TA(0.25),0.23353541595861316,0.06666666666666667,-3.0605834568268837,0.9829992303344547,3.1790423652327173,1.0968158418693223,0.04793767569860296,1.0207151381789499,,,,,,
D2-K3par_e05_r010,TA(0.40),0.23320370505098253,0.06666666666666667,0.06077289605574628,1.0113403037156157,-3.0605834568268837,0.9829992303344547,3.197014786262946,1.0863993455954302,,,,,,
D2-K3par_e10_r010,adapt,0.23816463502589613,0.09666666666666666,3.103905646821837,1.0267947765404624,0.11269487799175223,1.091055612066591,-2.9771255081268193,0.9790279230524362,,,,,,
D2-K3par_e10_r010,adaptX,0.22853713703807443,0.09666666666666666,3.103905646821837,1.0267947765404624,0.11269487799175223,1.091055612066591,-2.9771255081268193,0.9790279230524362,,,,,,
D2-K3par_e10_r010,HA50,0.017437520087696612,,-22.62783377728268,1.3667698802020734,-0.11733508598504674,0.8901087172546189,21.381467947540404,0.4509377032633494,,,,,,
D2-K3par_e10_r010,TA(0.05),0.24120424396824092,0.04666666666666667,22.627472161698503,-0.10609853530718867,2.3734337081276715,0.8377320727257785,-2.2756085971644953,0.8522372558085146,,,,,,
D2-K3par_e10_r010,TA(0.10),0.24153696990106255,0.09666666666666666,0.11269487799175223,1.091055612066591,-2.9771255081268193,0.9790279230524362,3.103905646821837,1.0267947765404624,,,,,,
D2-K3par_e10_r010,TA(0.15),0.24083167396020144,0.09666666666666666,-2.945434630786671,0.9612795060854176,0.16791338290672045,1.076263929485108,3.122637962039559,1.0376859396902234,,,,,,
D2-K3par_e10_r010,TA(0.25),0.23917048296425492,0.09666666666666666,-2.945434630786671,0.9612795060854176,3.085075007110759,1.0159007840013856,0.13461115576402016,1.0571144819436302,,,,,,
D2-K3par_e10_r010,TA(0.40),0.23925626697018743,0.09666666666666666,3.085075007110759,1.0159007840013856,0.13461115576402016,1.0571144819436302,-2.945434630786671,0.9612795060854176,,,,,,
D2-K3par_e20_r010,adapt,0.3676448710029945,0.22,3.089698104872217,1.0494805558422642,0.2535145472595904,0.8814969417202912,-3.0766369889084975,0.9029887389016037,,,,,,
D2-K3par_e20_r010,adaptX,0.3089503910159692,0.22,-3.212205644276021,0.9856285719717743,-0.1921878620675754,1.2519369018590725,2.9057432249144117,1.2044233016617594,,,,,,
D2-K3par_e20_r010,HA50,0.017929889960214496,,-23.689619501182584,1.0177327650055772,0.2169392107613069,1.1065293968156102,23.356462759275573,0.970273949421934,,,,,,
D2-K3par_e20_r010,TA(0.05),0.3705550900194794,0.0,-23.689619501182584,1.0177327650055772,0.2169392107613069,1.1065293968156102,23.356462759275573,0.970273949421934,,,,,,
D2-K3par_e20_r010,TA(0.10),0.36830970796290785,0.08666666666666667,-23.967065663208366,0.9924803772289208,2.371970634883733,1.1400769756079248,-2.18704051337447,1.1546202961946967,,,,,,
D2-K3par_e20_r010,TA(0.15),0.36819906102027744,0.08666666666666667,-23.967065663208366,0.9924803772289208,2.371970634883733,1.1400769756079248,-2.18704051337447,1.1546202961946967,,,,,,
D2-K3par_e20_r010,TA(0.25),0.36890362692065537,0.22,-3.0766369889084975,0.9029887389016037,0.28845911979888794,0.8552649418972591,3.129989824282914,1.024743676241737,,,,,,
D2-K3par_e20_r010,TA(0.40),0.3700822740793228,0.22,3.2644430216705733,0.9881086937171575,-3.027996689729977,0.8886255102157976,0.4521834855189399,0.8112833141198298,,,,,,
D2-K3par_e30_r010,adapt,0.32906141807325184,0.3,-2.9467516988299254,0.9685089764950604,-0.12807550255319677,0.9132456761255,2.7200838524063724,0.9217452409567548,,,,,,
D2-K3par_e30_r010,adaptX,0.4258747489657253,0.3,-0.1673331257946316,0.8858169936889612,-2.9672018129415503,0.9523811852555587,2.694659289047626,0.908195216243351,,,,,,
D2-K3par_e30_r010,HA50,0.016491536051034927,,-0.20760127501452602,0.8719859168324677,-23.50679326503799,0.8234901050570367,22.550826922352144,1.2814204051671598,,,,,,
D2-K3par_e30_r010,TA(0.05),0.32997893902938813,0.0,-23.50679326503799,0.8234901050570367,22.550826922352144,1.2814204051671598,-0.20760127501452602,0.8719859168324677,,,,,,
D2-K3par_e30_r010,TA(0.10),0.33216899808030576,0.0,-0.20760127501452602,0.8719859168324677,22.550826922352144,1.2814204051671598,-23.50679326503799,0.8234901050570367,,,,,,
D2-K3par_e30_r010,TA(0.15),0.33100504998583347,0.14333333333333334,-2.3021211794004306,0.9590719264510709,1.8522119267049315,0.8618293533978945,-23.50679326503799,0.8234901050570367,,,,,,
D2-K3par_e30_r010,TA(0.25),0.3298706980422139,0.14333333333333334,-23.50679326503799,0.8234901050570367,-2.3021211794004306,0.9590719264510709,1.8522119267049315,0.8618293533978945,,,,,,
D2-K3par_e30_r010,TA(0.40),0.33228037296794355,0.3,-2.9467516988299254,0.9685089764950604,-0.18666464126317922,0.9199928766524584,2.6561416303212018,0.9250451619996684,,,,,,
D3-unequal_e00_r010,adapt,0.05668380297720432,0.14666666666666667,0.990680298120143,-1.591181311289369,-0.7755911664644346,-1.518562701001078,,,,,,,,
D3-unequal_e00_r010,adaptX,0.06616373499855399,0.02666666666666667,-0.01901555251002146,-1.5208924786202236,-0.22002046659621527,1.5831801176488796,,,,,,,,
D3-unequal_e00_r010,HA50,0.009808744071051478,,-0.15136191311848776,1.5645016824520532,-0.010104337824172202,-1.5264089023937866,,,,,,,,
D3-unequal_e00_r010,TA(0.05),0.0576154210139066,0.023333333333333334,-0.24236387143256746,1.5901538577402132,-0.00048017152631538775,-1.5280729618838185,,,,,,,,
D3-unequal_e00_r010,TA(0.10),0.05916415399406105,0.023333333333333334,-0.22989101824761507,1.589289533236901,-0.005514977596550004,-1.5281022891702276,,,,,,,,
D3-unequal_e00_r010,TA(0.15),0.0600235239835456,0.14666666666666667,-0.7823906331169501,-1.5319002986782264,0.9904088118391714,-1.6084025868512875,,,,,,,,
D3-unequal_e00_r010,TA(0.25),0.06037201697472483,0.14666666666666667,-0.886703081126193,-1.6102105070390655,0.9085067194859285,-1.6813878231159356,,,,,,,,
D3-unequal_e00_r010,TA(0.40),0.05817249801475555,0.14,-1.1139558056372985,-1.3112467489902135,0.6554788839307166,-1.3758936635425079,,,,,,,,
D3-unequal_e05_r010,adapt,0.05711674992926419,0.07,0.14577989205668074,1.6159634701135959,-0.1914133545574469,-1.5384327184329516,,,,,,,,
D3-unequal_e05_r010,adaptX,0.06431324000004679,0.07,-0.1914133545574469,-1.5384327184329516,0.14577989205668074,1.6159634701135959,,,,,,,,
D3-unequal_e05_r010,HA50,0.009461577981710434,,20.066745305549794,-5.416457839971664,-0.9907878808319949,-1.0415885486120176,,,,,,,,
D3-unequal_e05_r010,TA(0.05),0.058871155022643507,0.07,-0.1914133545574469,-1.5384327184329516,0.14577989205668074,1.6159634701135959,,,,,,,,
D3-unequal_e05_r010,TA(0.10),0.058436197927221656,0.07,0.14577989205668074,1.6159634701135959,-0.1914133545574469,-1.5384327184329516,,,,,,,,
D3-unequal_e05_r010,TA(0.15),0.06007934606168419,0.07,0.14577989205668074,1.6159634701135959,-0.1914133545574469,-1.5384327184329516,,,,,,,,
D3-unequal_e05_r010,TA(0.25),0.05859490402508527,0.21333333333333335,1.3050488680700494,-1.1784132780801178,-0.9215256477701379,-1.3767787110661256,,,,,,,,
D3-unequal_e05_r010,TA(0.40),0.060145462048240006,0.24333333333333335,-1.0723450272779487,-1.5039000833030092,0.7905700955362306,-1.4667463972086152,,,,,,,,
D3-unequal_e10_r010,adapt,0.06260386505164206,0.11666666666666667,-0.10285299592000113,1.4856803874381739,0.10343729784273673,-1.4601770103951592,,,,,,,,
D3-unequal_e10_r010,adaptX,0.0712433640146628,0.11333333333333333,2.1988409302717713,-0.17338652880400746,-1.7090300472170843,-0.390461830214198,,,,,,,,
D3-unequal_e10_r010,HA50,0.009615130024030805,,1.463221557099404,-0.7038703291978002,-22.573042003147552,-0.6151702975861741,,,,,,,,
D3-unequal_e10_r010,TA(0.05),0.06380842195358127,0.18666666666666668,-20.475264639973286,-1.714352949509796,0.17474404083422299,-1.2580892715122955,,,,,,,,
D3-unequal_e10_r010,TA(0.10),0.06409899308346212,0.11666666666666667,-0.10680712630395671,1.4857770043068415,0.10188732135202405,-1.4603167863711775,,,,,,,,
D3-unequal_e10_r010,TA(0.15),0.06331546790897846,0.11666666666666667,-0.019170748398828964,1.4933732638601158,0.12380926196283142,-1.4535494729693614,,,,,,,,
D3-unequal_e10_r010,TA(0.25),0.06468407204374671,0.11666666666666667,0.0046539237739930284,1.5054422323787837,0.13469650654508517,-1.4478505219523754,,,,,,,,
D3-unequal_e10_r010,TA(0.40),0.06353257701266557,0.25,-0.6501210738982234,-1.5089626612808111,1.0434249919914833,-1.497789283104133,,,,,,,,
D3-unequal_e20_r010,adapt,0.057090310961939394,0.22666666666666666,0.100845661125739,-1.453336394224383,0.11751668295590464,1.4126747798706385,,,,,,,,
D3-unequal_e20_r010,adaptX,0.0646103989565745,0.22666666666666666,0.11751668295590464,1.4126747798706385,0.100845661125739,-1.453336394224383,,,,,,,,
D3-unequal_e20_r010,HA50,0.010221121017821133,,23.33620605306682,0.10309724824129209,-2.1361250193501755,-0.32878846420621033,,,,,,,,
D3-unequal_e20_r010,TA(0.05),0.05871169199235737,0.09,0.1328303191429053,-0.51172188429405,23.33620605306682,0.10309724824129209,,,,,,,,
D3-unequal_e20_r010,TA(0.10),0.0590171730145812,0.09,23.33620605306682,0.10309724824129209,0.1328303191429053,-0.51172188429405,,,,,,,,
D3-unequal_e20_r010,TA(0.15),0.05864235095214099,0.16666666666666666,0.027503236759620284,-1.0787512709884997,19.405467494743636,-3.7391631013079825,,,,,,,,
D3-unequal_e20_r010,TA(0.25),0.05858543096110225,0.22666666666666666,0.07838699615347487,-1.460372738564984,0.11751668295590464,1.4126747798706385,,,,,,,,
D3-unequal_e20_r010,TA(0.40),0.058895149966701865,0.3466666666666667,-0.9742040320088848,-1.3980522375943387,1.2124589099144942,-1.3293746099541361,,,,,,,,
D3-unequal_e30_r010,adapt,0.07560617895796895,0.31,-0.03326337352213718,1.4352792708988311,-0.0017976649672849971,-1.5065312075457278,,,,,,,,
D3-unequal_e30_r010,adaptX,0.06169952801428735,0.31,-0.05508683085675271,1.4338578472824912,0.011578382588893056,-1.5072100907097505,,,,,,,,
D3-unequal_e30_r010,HA50,0.010467034997418523,,3.89019109634058,-0.6219614629716614,-23.762151123727392,-0.7660217646197381,,,,,,,,
D3-unequal_e30_r010,TA(0.05),0.07633582595735788,0.15666666666666668,-0.288838935514338,-0.5451188461615131,-23.762151123727392,-0.7660217646197381,,,,,,,,
D3-unequal_e30_r010,TA(0.10),0.07780998293310404,0.16,-0.2515272077509714,-0.5132237628361621,22.853221404330338,1.1515362496549608,,,,,,,,
D3-unequal_e30_r010,TA(0.15),0.07720848510507494,0.16,22.853221404330338,1.1515362496549608,-0.2515272077509714,-0.5132237628361621,,,,,,,,
D3-unequal_e30_r010,TA(0.25),0.07662055594846606,0.16,-0.2515272077509714,-0.5132237628361621,22.853221404330338,1.1515362496549608,,,,,,,,
D3-unequal_e30_r010,TA(0.40),0.07631711091380566,0.31,-0.010867866159889092,1.425392476424511,0.014613613514653338,-1.5132401616814786,,,,,,,,
D4-hetero_e00_r010,adapt,0.10023715603165329,0.03666666666666667,0.03156253982459775,-1.5046863347832231,0.027608716654861223,1.5037825185725582,,,,,,,,
D4-hetero_e00_r010,adaptX,0.07787044602446258,0.03333333333333333,0.034005159118527764,-1.510369067020102,0.08720713744482766,1.5216643531951415,,,,,,,,
D4-hetero_e00_r010,HA50,0.01185360096860677,,0.0989276438193721,1.529863711461548,0.007887281217624501,-1.4997047515346125,,,,,,,,
D4-hetero_e00_r010,TA(0.05),0.1011150780832395,0.03666666666666667,0.018743622191965608,-1.504508678463879,0.07146516941250182,1.5048070915577652,,,,,,,,
D4-hetero_e00_r010,TA(0.10),0.10183850396424532,0.03666666666666667,0.06347677051585056,1.5050527621751901,0.02516705611797926,-1.504638399940454,,,,,,,,
D4-hetero_e00_r010,TA(0.15),0.10137849301099777,0.03666666666666667,0.05424647431658872,1.505295905503604,0.03156253982459775,-1.5046863347832231,,,,,,,,
D4-hetero_e00_r010,TA(0.25),0.10437758697662503,0.03666666666666667,0.027608716654861223,1.5037825185725582,0.03156253982459775,-1.5046863347832231,,,,,,,,
D4-hetero_e00_r010,TA(0.40),0.10100670508109033,0.03666666666666667,0.027608716654861223,1.5037825185725582,0.03156253982459775,-1.5046863347832231,,,,,,,,
D4-hetero_e05_r010,adapt,0.10682891996111721,0.06666666666666667,0.04289236178194127,-1.5229265855332257,0.42251892497025556,1.5398307281971053,,,,,,,,
D4-hetero_e05_r010,adaptX,0.09460107109043747,0.08,0.04563464946758677,-1.5248007952282685,0.3997429455578773,1.5616435760791765,,,,,,,,
D4-hetero_e05_r010,HA50,0.010213944944553077,,-25.809565187016535,0.3673803280188828,-0.05986562123870859,-0.3928260640901162,,,,,,,,
D4-hetero_e05_r010,TA(0.05),0.10840795701369643,0.06666666666666667,0.42251892497025556,1.5398307281971053,0.04289236178194127,-1.5229265855332257,,,,,,,,
D4-hetero_e05_r010,TA(0.10),0.11004427296575159,0.06666666666666667,0.4177389101893521,1.5402383919895135,0.03811295651738694,-1.5216070988689245,,,,,,,,
D4-hetero_e05_r010,TA(0.15),0.11082087201066315,0.06666666666666667,0.357427052241846,1.570790156707429,0.006556101942558946,-1.5094179149397409,,,,,,,,
D4-hetero_e05_r010,TA(0.25),0.11016418505460024,0.07,0.4707492246733954,1.518556418693245,0.04260186735558133,-1.5228118100814914,,,,,,,,
D4-hetero_e05_r010,TA(0.40),0.10993664397392422,0.33666666666666667,-0.9201312615912571,-1.2321999003147388,0.44168132213782113,-1.4217888826599498,,,,,,,,
D4-hetero_e10_r010,adapt,0.0331906380597502,0.11333333333333333,-0.1551587137862075,1.6283930668288555,-0.022646918323157413,-1.4880150982522578,,,,,,,,
D4-hetero_e10_r010,adaptX,0.03863653901498765,0.11,-0.1551587137862075,1.6283930668288555,-0.02254576715682934,-1.4778265304123095,,,,,,,,
D4-hetero_e10_r010,HA50,0.005047629936598241,,-0.961579702491886,-0.2693867390143691,22.126839969335684,-1.5205516215361325,,,,,,,,
D4-hetero_e10_r010,TA(0.05),0.03381978895049542,0.07666666666666666,-12.848541804732244,-3.8389743618062178,0.34283538597842217,-0.6162456577138087,,,,,,,,
D4-hetero_e10_r010,TA(0.10),0.034332231036387384,0.11,-0.17747512248262817,1.6526664295269053,-0.011560011304183694,-1.493322230618089,,,,,,,,
D4-hetero_e10_r010,TA(0.15),0.03360461303964257,0.11333333333333333,-0.011560011304183694,-1.493322230618089,-0.1551587137862075,1.6283930668288555,,,,,,,,
D4-hetero_e10_r010,TA(0.25),0.0352351589826867,0.11333333333333333,-0.011560011304183694,-1.493322230618089,-0.13222165826506246,1.6077949331555705,,,,,,,,
D4-hetero_e10_r010,TA(0.40),0.03445114102214575,0.11333333333333333,-0.1545207551787932,1.6321605778087438,-0.011560011304183694,-1.493322230618089,,,,,,,,
D4-hetero_e20_r010,adapt,0.0532873859629035,0.21666666666666667,-0.024736553436117786,1.571057716306586,-0.05025035899003772,-1.51998716092286,,,,,,,,
D4-hetero_e20_r010,adaptX,0.06136060203425586,0.21666666666666667,-0.05025035899003772,-1.51998716092286,-0.024736553436117786,1.571057716306586,,,,,,,,
D4-hetero_e20_r010,HA50,0.010292193968780339,,-2.427033031509881,0.1389728623573359,22.630071694944633,-0.04910821023065374,,,,,,,,
D4-hetero_e20_r010,TA(0.05),0.055348276044242084,0.09666666666666666,0.0031324607452942435,-0.050717149189018616,22.630071694944633,-0.04910821023065374,,,,,,,,
D4-hetero_e20_r010,TA(0.10),0.05491221998818219,0.10333333333333333,22.116287909276696,0.9034163026879429,0.0031324607452942435,-0.050717149189018616,,,,,,,,
D4-hetero_e20_r010,TA(0.15),0.05430338706355542,0.12,-0.3116061592491235,0.25607821349828896,17.0292730034643,4.526236910730787,,,,,,,,
D4-hetero_e20_r010,TA(0.25),0.05521990894339979,0.21666666666666667,-0.007410213617293095,1.5642441212195468,-0.05025035899003772,-1.51998716092286,,,,,,,,
D4-hetero_e20_r010,TA(0.40),0.05469908402301371,0.21666666666666667,-0.045676568475833366,1.5713906528178407,-0.03387641804586249,-1.5197894672199,,,,,,,,
D4-hetero_e30_r010,adapt,0.053592478041537106,0.2866666666666667,-0.07613442012918101,1.6657228415424599,-0.011387345985937656,-1.530757179565133,,,,,,,,
D4-hetero_e30_r010,adaptX,0.06074395892210305,0.2866666666666667,-0.07613442012918101,1.6657228415424599,-0.011387345985937656,-1.530757179565133,,,,,,,,
D4-hetero_e30_r010,HA50,0.010773403919301927,,-21.14739015776186,-0.09246977835949514,2.9370978882923287,0.20734594660900316,,,,,,,,
D4-hetero_e30_r010,TA(0.05),0.054735966958105564,0.12333333333333334,-0.32118905581128626,0.1172114991956489,-21.14739015776186,-0.09246977835949514,,,,,,,,
D4-hetero_e30_r010,TA(0.10),0.06302819598931819,0.12333333333333334,-0.32118905581128626,0.1172114991956489,-21.14739015776186,-0.09246977835949514,,,,,,,,
D4-hetero_e30_r010,TA(0.15),0.0562036499613896,0.12666666666666668,-21.505995431774227,-0.32485746749308325,-0.32118905581128626,0.1172114991956489,,,,,,,,
D4-hetero_e30_r010,TA(0.25),0.05602575605735183,0.2866666666666667,-0.011664658267334184,-1.5328878593786397,-0.17649052399762408,1.6383232882036434,,,,,,,,
D4-hetero_e30_r010,TA(0.40),0.0567123539512977,0.2866666666666667,-0.16376602863102405,1.6354740151717868,0.0027489364199642387,-1.5375166176879576,,,,,,,,
D5-leverage_e00_r010,adapt,0.06204986397642642,0.02666666666666667,-0.044454328036978456,-1.4383518017278243,-0.13000374092825273,1.5893311319785648,,,,,,,,
D5-leverage_e00_r010,adaptX,0.06603969703428447,0.02666666666666667,-0.13000374092825273,1.5893311319785648,-0.044454328036978456,-1.4383518017278243,,,,,,,,
D5-leverage_e00_r010,HA50,0.01223924697842449,,-0.034096798742367374,-1.4432972043387937,-0.112417795799196,1.5680677592599641,,,,,,,,
D5-leverage_e00_r010,TA(0.05),0.06368036603089422,0.02666666666666667,-0.044454328036978456,-1.4383518017278243,-0.13000374092825273,1.5893311319785648,,,,,,,,
D5-leverage_e00_r010,TA(0.10),0.06388645200058818,0.023333333333333334,-0.13000374092825273,1.5893311319785648,-0.057730262751156065,-1.4301423690671677,,,,,,,,
D5-leverage_e00_r010,TA(0.15),0.06435706897173077,0.023333333333333334,-0.13000374092825273,1.5893311319785648,-0.057730262751156065,-1.4301423690671677,,,,,,,,
D5-leverage_e00_r010,TA(0.25),0.06404614599887282,0.023333333333333334,-0.062475421810152365,-1.4300959036581204,-0.12417088657306406,1.5897796876470442,,,,,,,,
D5-leverage_e00_r010,TA(0.40),0.06510211899876595,0.023333333333333334,-0.12417088657306406,1.5897796876470442,-0.062475421810152365,-1.4300959036581204,,,,,,,,
D5-leverage_e05_r010,adapt,0.05002581502776593,0.05,-0.16849172415017982,-1.5878870516926435,0.003976929655287704,1.4618451218095172,,,,,,,,
D5-leverage_e05_r010,adaptX,0.05688338098116219,0.05,0.003518548831634567,1.4618367996307169,-0.1680513576614707,-1.5878967808396436,,,,,,,,
D5-leverage_e05_r010,HA50,0.009618042036890984,,2.209698506378518,-0.004097020832341714,-2.3875717585316214,-0.013512734563301073,,,,,,,,
D5-leverage_e05_r010,TA(0.05),0.052463151048868895,0.05,-0.14395173892527277,-1.5883613665289895,-0.018861535536618474,1.4613747997379618,,,,,,,,
D5-leverage_e05_r010,TA(0.10),0.05154167499858886,0.05,0.003518548831634567,1.4618367996307169,-0.1680513576614707,-1.5878967808396436,,,,,,,,
D5-leverage_e05_r010,TA(0.15),0.052909418009221554,0.05,-0.17264157459502075,-1.5871272497424578,-0.0006426516278676197,1.4623030600360376,,,,,,,,
D5-leverage_e05_r010,TA(0.25),0.05090771708637476,0.05,-0.018861535536618474,1.4613747997379618,-0.14395173892527277,-1.5883613665289895,,,,,,,,
D5-leverage_e05_r010,TA(0.40),0.05148243403527886,0.05,-0.14395173892527277,-1.5883613665289895,-0.018861535536618474,1.4613747997379618,,,,,,,,
D5-leverage_e10_r010,adapt,0.05574022501241416,0.11666666666666667,0.18648349422254473,1.5220132129312383,0.10242267029819614,-1.456437030023794,,,,,,,,
D5-leverage_e10_r010,adaptX,0.057489018072374165,0.11333333333333333,0.1942247401398713,1.5211917591038007,0.07811213334106562,-1.4600815212735674,,,,,,,,
D5-leverage_e10_r010,HA50,0.008613017038442194,,-2.240142881324131,0.03985121310853359,2.4175067064365083,-0.0636410447468935,,,,,,,,
D5-leverage_e10_r010,TA(0.05),0.057890222989954054,0.01,-2.1967290405640396,0.026922133358961247,2.374656767853424,-0.07526522604185537,,,,,,,,
D5-leverage_e10_r010,TA(0.10),0.05660743196494877,0.11666666666666667,0.10242267029819614,-1.456437030023794,0.18648349422254473,1.5220132129312383,,,,,,,,
D5-leverage_e10_r010,TA(0.15),0.0566017129458487,0.12,0.18648349422254473,1.5220132129312383,0.08636037781459123,-1.4421442440684895,,,,,,,,
D5-leverage_e10_r010,TA(0.25),0.05710583203472197,0.11333333333333333,0.1942247401398713,1.5211917591038007,0.07811213334106562,-1.4600815212735674,,,,,,,,
D5-leverage_e10_r010,TA(0.40),0.05747077101841569,0.12,0.08636037781459123,-1.4421442440684895,0.18648349422254473,1.5220132129312383,,,,,,,,
D5-leverage_e20_r010,adapt,0.0503393659600988,0.0,1.7284934043386508,-0.05687356579258975,-2.854123222446602,0.07965554596533862,,,,,,,,
D5-leverage_e20_r010,adaptX,0.055428704945370555,0.17333333333333334,-0.1401355339049139,-1.545559945779804,-0.3009807214528286,1.4371984537096172,,,,,,,,
D5-leverage_e20_r010,HA50,0.010528060956858099,,-2.8570913428324047,0.07046392338452463,1.7244384659152665,-0.061710229178734206,,,,,,,,
D5-leverage_e20_r010,TA(0.05),0.052758446894586086,0.0,-2.854123222446602,0.07965554596533862,1.7284934043386508,-0.05687356579258975,,,,,,,,
D5-leverage_e20_r010,TA(0.10),0.05110652500297874,0.0,-2.6379516523449285,0.10874085360931496,1.9033815184296925,-0.0410226000227636,,,,,,,,
D5-leverage_e20_r010,TA(0.15),0.053292101016268134,0.07,-1.0227867827906225,-1.0422680884392936,2.387123167866989,-0.2657598473825302,,,,,,,,
D5-leverage_e20_r010,TA(0.25),0.052716393023729324,0.17333333333333334,-0.1254752722279626,-1.5524249578200673,-0.2806965294989739,1.4288458690769856,,,,,,,,
D5-leverage_e20_r010,TA(0.40),0.05289380601607263,0.17333333333333334,-0.3009807214528286,1.4371984537096172,-0.1401355339049139,-1.545559945779804,,,,,,,,
D5-leverage_e30_r010,adapt,0.049692033091560006,0.0033333333333333335,2.3763047338697967,-0.0880305080696184,-2.4013715123355843,0.08021044527513568,,,,,,,,
D5-leverage_e30_r010,adaptX,0.05660662904847413,0.043333333333333335,2.3769145679912174,-0.08856816578604923,-2.401081564506941,0.09069135356420513,,,,,,,,
D5-leverage_e30_r010,HA50,0.009105116012506187,,-2.426160062605288,0.07818827618623833,2.3763047338697967,-0.0880305080696184,,,,,,,,
D5-leverage_e30_r010,TA(0.05),0.05118670896627009,0.0033333333333333335,2.3763047338697967,-0.0880305080696184,-2.4013715123355843,0.08021044527513568,,,,,,,,
D5-leverage_e30_r010,TA(0.10),0.05213979701511562,0.0033333333333333335,-2.4013715123355843,0.08021044527513568,2.3763047338697967,-0.0880305080696184,,,,,,,,
D5-leverage_e30_r010,TA(0.15),0.05143176298588514,0.006666666666666667,-2.0419367729304483,0.03732223800217954,2.6608978184897163,-0.12005263150887274,,,,,,,,
D5-leverage_e30_r010,TA(0.25),0.05151809100061655,0.006666666666666667,2.8334046749620208,-0.1432278489508069,-1.8310614915059693,0.005436767261732167,,,,,,,,
D5-leverage_e30_r010,TA(0.40),0.0519019520143047,0.25666666666666665,0.015706928583735312,1.5499619545544043,0.13638649184583693,-1.4997719555535582,,,,,,,,
D6-uniform_e00_r010,adapt,0.0495849089929834,0.03333333333333333,-0.18366637114066087,-1.4748541765656205,0.008000863199565385,1.5771862194102468,,,,,,,,
D6-uniform_e00_r010,adaptX,0.05471593898255378,0.03333333333333333,0.008000863199565385,1.5771862194102468,-0.20037406505403405,-1.4846258544991313,,,,,,,,
D6-uniform_e00_r010,HA50,0.008185848942957819,,0.019550363473423208,1.571538501318994,-0.0992932755185585,-1.498135366936392,,,,,,,,
D6-uniform_e00_r010,TA(0.05),0.05094461399130523,0.043333333333333335,-0.0003114103869139992,1.5793403787168603,-0.23486272779305478,-1.4617518594392371,,,,,,,,
D6-uniform_e00_r010,TA(0.10),0.051590839051641524,0.043333333333333335,-0.23486272779305478,-1.4617518594392371,-0.0003114103869139992,1.5793403787168603,,,,,,,,
D6-uniform_e00_r010,TA(0.15),0.05158074898645282,0.03333333333333333,-0.0003114103869139992,1.5793403787168603,-0.20785478331866697,-1.4827287855902318,,,,,,,,
D6-uniform_e00_r010,TA(0.25),0.0505137670552358,0.043333333333333335,0.003593174105102457,1.5793129915387885,-0.23846562480504088,-1.4617939705688183,,,,,,,,
D6-uniform_e00_r010,TA(0.40),0.051783584989607334,0.03666666666666667,-0.2112216570620436,-1.4827995859499694,0.003593174105102457,1.5793129915387885,,,,,,,,
D6-uniform_e05_r010,adapt,0.09261860500555485,0.07666666666666666,0.1696404701582285,1.5553961880138196,-0.06312068262406147,-1.428585208529175,,,,,,,,
D6-uniform_e05_r010,adaptX,0.05683380796108395,0.07666666666666666,-0.06312068262406147,-1.428585208529175,0.1696404701582285,1.5553961880138196,,,,,,,,
D6-uniform_e05_r010,HA50,0.008713613962754607,,0.14169561677203527,-1.5635694340654882,0.028512257307479416,1.6472791483916904,,,,,,,,
D6-uniform_e05_r010,TA(0.05),0.09339789499063045,0.07,-0.051214239859732544,-1.4279978668216724,0.12655163359986468,1.5597155866606454,,,,,,,,
D6-uniform_e05_r010,TA(0.10),0.09366848308127373,0.07333333333333333,-0.04288048755811603,-1.425780390450953,0.1508358682881237,1.574238486744694,,,,,,,,
D6-uniform_e05_r010,TA(0.15),0.09497960400767624,0.07333333333333333,0.1508358682881237,1.574238486744694,-0.04288048755811603,-1.425780390450953,,,,,,,,
D6-uniform_e05_r010,TA(0.25),0.09494040592107922,0.07666666666666666,0.17106523217192723,1.5571246316322778,-0.048141578332517095,-1.4260475683332814,,,,,,,,
D6-uniform_e05_r010,TA(0.40),0.09470787097234279,0.07333333333333333,-0.03695170822671802,-1.4271130824609446,0.14805731742696523,1.5555488650561315,,,,,,,,
D6-uniform_e10_r010,adapt,0.0507568740285933,0.1,-0.022599243988782648,-1.6533020942266738,-0.028340954510674442,1.4778142808619623,,,,,,,,
D6-uniform_e10_r010,adaptX,0.05663802893832326,0.09666666666666666,-0.005593672298334186,-1.6326319242296148,-0.028340954510674442,1.4778142808619623,,,,,,,,
D6-uniform_e10_r010,HA50,0.009274401003494859,,0.17219685999798212,1.5282814432021419,-0.20475235151561433,-1.8089700790786556,,,,,,,,
D6-uniform_e10_r010,TA(0.05),0.052417597034946084,0.1,-0.028340954510674442,1.4778142808619623,-0.022599243988782648,-1.6533020942266738,,,,,,,,
D6-uniform_e10_r010,TA(0.10),0.05156172101851553,0.09666666666666666,-0.006618960782841337,-1.6449001151925868,-0.009411591718696563,1.4871345731679877,,,,,,,,
D6-uniform_e10_r010,TA(0.15),0.052418948034755886,0.09666666666666666,-0.006618960782841337,-1.6449001151925868,-0.009411591718696563,1.4871345731679877,,,,,,,,
D6-uniform_e10_r010,TA(0.25),0.05207725893706083,0.09666666666666666,0.010338309181784537,-1.6240611918594352,-0.009411591718696563,1.4871345731679877,,,,,,,,
D6-uniform_e10_r010,TA(0.40),0.05276118905749172,0.09666666666666666,0.010338309181784537,-1.6240611918594352,-0.009411591718696563,1.4871345731679877,,,,,,,,
D6-uniform_e20_r010,adapt,0.04904918000102043,0.17,-0.06780630386543901,-1.585013265533383,0.22439010996230566,1.5489308832583695,,,,,,,,
D6-uniform_e20_r010,adaptX,0.05667279800400138,0.17666666666666667,-0.12487329550698738,-1.5745924866931778,0.039045334289966045,1.4655107495500632,,,,,,,,
D6-uniform_e20_r010,HA50,0.009369001025334,,0.3383047801704582,1.7608556382383214,-0.05535888356641305,-1.7024193259913336,,,,,,,,
D6-uniform_e20_r010,TA(0.05),0.05008217296563089,0.16333333333333333,0.24841579367037792,1.5532950576361975,-0.045478857996420714,-1.585161269835917,,,,,,,,
D6-uniform_e20_r010,TA(0.10),0.04984996293205768,0.16333333333333333,0.2395054811894911,1.5549004127859611,-0.05541844886987234,-1.58198837723829,,,,,,,,
D6-uniform_e20_r010,TA(0.15),0.051885254913941026,0.16,-0.019020803563205867,-1.5992559189050837,0.24841579367037792,1.5532950576361975,,,,,,,,
D6-uniform_e20_r010,TA(0.25),0.0521912460681051,0.17666666666666667,0.039045334289966045,1.4655107495500632,-0.12487329550698738,-1.5745924866931778,,,,,,,,
D6-uniform_e20_r010,TA(0.40),0.05179094790946692,0.17666666666666667,0.07445264562127384,1.4631577428730365,-0.05341215198998652,-1.5859585605363156,,,,,,,,
D6-uniform_e30_r010,adapt,0.053293755976483226,0.19333333333333333,-0.16368080182669922,-1.3739526836153586,-0.08579518647050663,1.7516403573692474,,,,,,,,
D6-uniform_e30_r010,adaptX,0.05856330005917698,0.21333333333333335,0.03537325158239243,-1.6211193678924023,-0.19862203035417136,1.6139328870125682,,,,,,,,
D6-uniform_e30_r010,HA50,0.010242477990686893,,3.048797010114488,0.15321160372462925,-3.0703943643828446,0.09243674170048444,,,,,,,,
D6-uniform_e30_r010,TA(0.05),0.05560044397134334,0.0,3.131257373883474,0.1878933711932085,-2.9848498993236854,0.1309985912282265,,,,,,,,
D6-uniform_e30_r010,TA(0.10),0.054670977988280356,0.0,3.193536084898907,0.18961673935396708,-2.9246030698725884,0.13182866532357024,,,,,,,,
D6-uniform_e30_r010,TA(0.15),0.055394814000464976,0.18,-0.23749679832149215,-1.3091823142145185,-0.15429778863463595,1.679496603331907,,,,,,,,
D6-uniform_e30_r010,TA(0.25),0.055136103997938335,0.21333333333333335,-0.014784768445368248,-1.5765626485720083,-0.1969706406991197,1.5772225932143669,,,,,,,,
D6-uniform_e30_r010,TA(0.40),0.05427291907835752,0.22666666666666666,0.03280837303541047,-1.5384290533950513,-0.09663402161619844,1.560834200279654,,,,,,,,
D7-p3_e00_r010,adapt,0.2012239049654454,0.02,-0.19094447475188517,-1.4737607140251467,0.9329112849577197,0.9047999931849814,0.016150001517450663,1.5404298557342353,1.1024032259623637,1.001521713021908,,,,
D7-p3_e00_r010,adaptX,1.7737756150308996,0.016666666666666666,-0.20608523406870857,-1.4815337304139802,0.9386771678312865,0.9069360846569121,0.03164403464272891,1.548922001632133,1.103125241768735,1.015755237678386,,,,
D7-p3_e00_r010,HA50,0.00661677191965282,,-0.23003607269390286,-1.4849337484087484,0.9556504516141424,0.9239139752548182,0.01279144441049117,1.5414170338671576,1.1036869355612833,1.0028189864645787,,,,
D7-p3_e00_r010,TA(0.05),0.2021919300314039,0.02,0.03164403464272891,1.548922001632133,1.103125241768735,1.015755237678386,-0.17322142603152174,-1.4670249611249526,0.9261735110278393,0.8904835068715585,,,,
D7-p3_e00_r010,TA(0.10),0.20239301805850118,0.016666666666666666,-0.18777985564704075,-1.4817903057522326,0.9532557078925346,0.8940213917283512,0.005468873842617865,1.5496490841725317,1.088357677256802,1.0291708868851561,,,,
D7-p3_e00_r010,TA(0.15),0.20298597402870655,0.02,-0.009562786969547689,1.5620056486483571,1.0942516662701107,1.0353590020508545,-0.15633736287156705,-1.467047032071945,0.9399753262526646,0.8786563660816874,,,,
D7-p3_e00_r010,TA(0.25),0.20201108802575618,0.016666666666666666,0.017816565326895573,1.5610344080952143,1.1094764306088394,1.0211265439917745,-0.17322142603152174,-1.4670249611249526,0.9261735110278393,0.8904835068715585,,,,
D7-p3_e00_r010,TA(0.40),0.20263934892136604,0.02,0.009117025558435247,1.5645361245419025,1.1217655740543933,1.0302003546631884,-0.18174903010212243,-1.4612040571325724,0.9252286127712732,0.8898552989676699,,,,
D7-p3_e05_r010,adapt,0.13849632698111236,0.043333333333333335,0.09323333937464466,1.4850987655783134,1.0292911460925012,1.0394115385469673,-0.03955176356590601,-1.548352187833364,1.0249174959337466,1.1189720207091307,,,,
D7-p3_e05_r010,adaptX,1.6045253749471158,0.04,0.08737788801787529,1.485400249955359,1.0304870515509237,1.044771805581047,-0.0432774506829606,-1.5724708019156104,1.0514869419336486,1.1289006198156561,,,,
D7-p3_e05_r010,HA50,0.006259839981794357,,0.1199240567493199,-1.780787306947036,0.8649211651442771,0.960952329572274,0.3807826686360147,1.6749770968803575,0.8749424359869263,1.1560184951418297,,,,
D7-p3_e05_r010,TA(0.05),0.1400747710140422,0.04,0.09469968532512103,1.4837054569118302,1.0354589268510108,1.0403322101332706,-0.023249167462854284,-1.561995128450514,1.0442405205536043,1.1244214458144601,,,,
D7-p3_e05_r010,TA(0.10),0.14032892393879592,0.043333333333333335,0.09005223147648533,1.4854277889596812,1.0278405380322604,1.0468278848194066,-0.009144230701338225,-1.5725819758074127,1.0241366264540677,1.139219659134625,,,,
D7-p3_e05_r010,TA(0.15),0.13906078797299415,0.04666666666666667,-0.04105654090804969,-1.5506894558599265,1.0195017905269173,1.1571893492616223,0.09005223147648533,1.4854277889596812,1.0278405380322604,1.0468278848194066,,,,
D7-p3_e05_r010,TA(0.25),0.1411724319914356,0.04666666666666667,0.10117400294080951,1.4837590493099855,1.0292956756446647,1.038563502096198,-0.06470763860440525,-1.5417600466977537,1.0139748898956058,1.1516323563917186,,,,
D7-p3_e05_r010,TA(0.40),0.1389720350271091,0.05333333333333334,-0.07565400681038399,-1.5510421721398162,1.0406209272853726,1.1537607006528567,0.0821466792715746,1.4854081120958404,1.0406341336844365,1.0382670432022798,,,,
D7-p3_e10_r010,adapt,0.22020608303137124,0.12333333333333334,0.062425213151058666,1.4487910126113235,0.9433559111860558,0.9186540590600908,0.051841764558459104,-1.467156100192254,0.9453207787853423,0.9091808729620806,,,,
D7-p3_e10_r010,adaptX,1.8031523460522294,0.12333333333333334,0.062425213151058666,1.4487910126113235,0.9433559111860558,0.9186540590600908,0.051841764558459104,-1.467156100192254,0.9453207787853423,0.9091808729620806,,,,
D7-p3_e10_r010,HA50,0.0077011859975755215,,3.7387592261306186,5.1017038333559865,-10.024232879954376,5.030886917231168,-0.4471834969924699,-0.24176824981894157,1.4604219726844951,0.7743649746609542,,,,
D7-p3_e10_r010,TA(0.05),0.22062216699123383,0.05333333333333334,-22.010760055940114,0.6268911980824708,0.2175369641591689,1.256854907375139,-0.0183345598387279,0.11340265498771313,0.8729313426689611,0.8290541172191872,,,,
D7-p3_e10_r010,TA(0.10),0.22174384898971766,0.12333333333333334,0.01739871234832942,1.4332704444164657,0.9442774438052446,0.9416796815380619,0.001247060228980541,-1.4866959007429852,0.944202429019962,0.938012568434399,,,,
D7-p3_e10_r010,TA(0.15),0.22167483193334192,0.12666666666666668,0.05179840201568275,-1.4672671455718378,0.9421086240664036,0.909421323359284,0.07907945069953533,1.4339291938480134,0.9240085247720593,0.9195286159415564,,,,
D7-p3_e10_r010,TA(0.25),0.22150556999258697,0.12666666666666668,0.07907945069953533,1.4339291938480134,0.9240085247720593,0.9195286159415564,0.05179840201568275,-1.4672671455718378,0.9421086240664036,0.909421323359284,,,,
D7-p3_e10_r010,TA(0.40),0.22252982493955642,0.12666666666666668,0.08057956265107437,1.43386993653588,0.9243600935912958,0.9188309895381613,0.051001816631800805,-1.467233729559807,0.9418898750166604,0.9098164823073372,,,,
D7-p3_e20_r010,adapt,0.23502072901465,0.21333333333333335,-0.15296800901996585,1.4562493648314412,1.0148717032659877,1.0070548302771165,-0.03880774056832545,-1.5742366611666416,1.0118105712278662,0.9882663450213705,,,,
D7-p3_e20_r010,adaptX,1.4197247620904818,0.21333333333333335,-0.03880774056832545,-1.5742366611666416,1.0118105712278662,0.9882663450213705,-0.15296800901996585,1.4562493648314412,1.0148717032659877,1.0070548302771165,,,,
D7-p3_e20_r010,HA50,0.0065305649768561125,,23.606918621106356,-0.8349037237727058,1.1400209326980815,1.1846814293209227,-2.8727642108581115,0.20825484502320232,1.2013900454908613,0.9073800037848445,,,,
D7-p3_e20_r010,TA(0.05),0.2355741709470749,0.10333333333333333,-0.15228298346101177,-0.07423731542106005,0.9216017406284448,1.0448216139900695,23.606918621106356,-0.8349037237727058,1.1400209326980815,1.1846814293209227,,,,
D7-p3_e20_r010,TA(0.10),0.23586558608803898,0.10333333333333333,23.606918621106356,-0.8349037237727058,1.1400209326980815,1.1846814293209227,-0.15228298346101177,-0.07423731542106005,0.9216017406284448,1.0448216139900695,,,,
D7-p3_e20_r010,TA(0.15),0.23621379293035716,0.13,-0.5663898830193059,-0.47735176988667727,1.0228755796966416,1.0813582068076544,19.399129399480266,-5.211533281729863,0.7066014041480423,1.507981368759616,,,,
D7-p3_e20_r010,TA(0.25),0.2359779420075938,0.21333333333333335,-0.03253957672349627,-1.5734523506760298,1.0092451236919058,0.9853369302184568,-0.14765683975711213,1.4570987488286054,1.0123401881097296,1.0037993047008964,,,,
D7-p3_e20_r010,TA(0.40),0.236820288002491,0.21333333333333335,-0.14758070162839243,1.457095775745401,1.0123620925098957,1.0037305801093284,-0.03292507385905745,-1.5733819817785806,1.0090971889725322,0.9856494891421007,,,,
D7-p3_e30_r010,adapt,0.22974877792876214,0.26666666666666666,-0.042573411925064926,-1.5900500339756254,0.9435435285270852,0.9705767422309962,0.1544683490753143,1.5999111186141206,0.9259208210978587,0.9254020188598662,,,,
D7-p3_e30_r010,adaptX,1.6002256580395624,0.26666666666666666,0.1544683490753143,1.5999111186141206,0.9259208210978587,0.9254020188598662,-0.042573411925064926,-1.5900500339756254,0.9435435285270852,0.9705767422309962,,,,
D7-p3_e30_r010,HA50,0.007471001008525491,,-4.662706993849989,-0.3262351824195867,0.2663927298561431,1.6296414703882212,15.365234560446893,-0.9088010336687069,-0.34262512474300716,5.4030722924915775,,,,
D7-p3_e30_r010,TA(0.05),0.23117142799310386,0.13,0.028412155599975196,0.08862745612737821,0.9682235167940133,1.0142300371597375,20.682184213224126,-0.25330888803668455,0.2764882168853144,2.575871143944416,,,,
D7-p3_e30_r010,TA(0.10),0.2311620459659025,0.13,20.682184213224126,-0.25330888803668455,0.2764882168853144,2.575871143944416,0.028412155599975196,0.08862745612737821,0.9682235167940133,1.0142300371597375,,,,
D7-p3_e30_r010,TA(0.15),0.2313891650410369,0.13,0.028412155599975196,0.08862745612737821,0.9682235167940133,1.0142300371597375,20.887149797154525,0.06526132685843682,0.4699856808933623,2.573208895641354,,,,
D7-p3_e30_r010,TA(0.25),0.23165762890130281,0.26666666666666666,0.1544683490753143,1.5999111186141206,0.9259208210978587,0.9254020188598662,-0.042573411925064926,-1.5900500339756254,0.9435435285270852,0.9705767422309962,,,,
D7-p3_e30_r010,TA(0.40),0.23055622295942158,0.26666666666666666,0.1544683490753143,1.5999111186141206,0.9259208210978587,0.9254020188598662,-0.042573411925064926,-1.5900500339756254,0.9435435285270852,0.9705767422309962,,,,
D8-K2par-sep_e00_r010,adapt,0.05193215608596802,0.02,-3.113306702635033,0.9342022072410108,3.157947451408983,1.0751091833779092,,,,,,,,
D8-K2par-sep_e00_r010,adaptX,0.05839647096581757,0.016666666666666666,3.157947451408983,1.0751091833779092,-3.0977157211956072,0.9458150002905982,,,,,,,,
D8-K2par-sep_e00_r010,HA50,0.009858582983724773,,-3.0375864044192884,0.9283967601389377,3.157947451408983,1.0751091833779092,,,,,,,,
D8-K2par-sep_e00_r010,TA(0.05),0.05444223002996296,0.016666666666666666,-3.0977157211956072,0.9458150002905982,3.157947451408983,1.0751091833779092,,,,,,,,
D8-K2par-sep_e00_r010,TA(0.10),0.0540788359940052,0.016666666666666666,3.157947451408983,1.0751091833779092,-3.0977157211956072,0.9458150002905982,,,,,,,,
D8-K2par-sep_e00_r010,TA(0.15),0.05401929991785437,0.02,-3.068660574900444,0.9404648243814862,3.157947451408983,1.0751091833779092,,,,,,,,
D8-K2par-sep_e00_r010,TA(0.25),0.053216748987324536,0.02,3.157947451408983,1.0751091833779092,-3.099213271587897,0.925463053484192,,,,,,,,
D8-K2par-sep_e00_r010,TA(0.40),0.05345831101294607,0.02,3.157947451408983,1.0751091833779092,-3.113306702635033,0.9342022072410108,,,,,,,,
D8-K2par-sep_e05_r010,adapt,0.0496685819234699,0.04,-2.745808382079571,0.9289668219770209,2.9613458539780746,1.0509431113398755,,,,,,,,
D8-K2par-sep_e05_r010,adaptX,0.05618274805601686,0.03666666666666667,-2.7282626589721,0.9132540891744352,2.9613458539780746,1.0509431113398755,,,,,,,,
D8-K2par-sep_e05_r010,HA50,0.011227503069676459,,-3.4799864703809886,1.1072752210361378,3.45779471250486,0.9127797588844794,,,,,,,,
D8-K2par-sep_e05_r010,TA(0.05),0.05161463003605604,0.04,-2.745808382079571,0.9289668219770209,2.9613458539780746,1.0509431113398755,,,,,,,,
D8-K2par-sep_e05_r010,TA(0.10),0.0504493749467656,0.04,2.9613458539780746,1.0509431113398755,-2.745808382079571,0.9289668219770209,,,,,,,,
D8-K2par-sep_e05_r010,TA(0.15),0.05164292699191719,0.04,2.9613458539780746,1.0509431113398755,-2.745808382079571,0.9289668219770209,,,,,,,,
D8-K2par-sep_e05_r010,TA(0.25),0.05045812390744686,0.04,2.9613458539780746,1.0509431113398755,-2.745808382079571,0.9289668219770209,,,,,,,,
D8-K2par-sep_e05_r010,TA(0.40),0.05192774906754494,0.04,-2.784482605684134,0.900677366798657,2.979658140100128,1.039217479715763,,,,,,,,
D8-K2par-sep_e10_r010,adapt,0.054542168974876404,0.1,-2.9739449628925394,0.941548363324193,3.058592937238736,1.0096957054875861,,,,,,,,
D8-K2par-sep_e10_r010,adaptX,0.06245367007795721,0.10333333333333333,3.058592937238736,1.0096957054875861,-3.018394504972671,0.9123207119946194,,,,,,,,
D8-K2par-sep_e10_r010,HA50,0.010823082993738353,,1.2137245836389214,0.885933157429526,-22.600820848729605,1.1394812366483766,,,,,,,,
D8-K2par-sep_e10_r010,TA(0.05),0.056668795994482934,0.05333333333333334,21.13470380097834,1.138131680510591,0.21933345692079,1.1314574418315613,,,,,,,,
D8-K2par-sep_e10_r010,TA(0.10),0.05533471202943474,0.1,3.058592937238736,1.0096957054875861,-2.996017227287111,0.9277038970977328,,,,,,,,
D8-K2par-sep_e10_r010,TA(0.15),0.06427143700420856,0.10333333333333333,-2.9714214400817642,0.9516049554124516,3.058592937238736,1.0096957054875861,,,,,,,,
D8-K2par-sep_e10_r010,TA(0.25),0.06394882604945451,0.09666666666666666,3.058592937238736,1.0096957054875861,-2.986936202763315,0.9707890645823349,,,,,,,,
D8-K2par-sep_e10_r010,TA(0.40),0.059454743983224034,0.09666666666666666,-2.986936202763315,0.9707890645823349,3.058592937238736,1.0096957054875861,,,,,,,,
D8-K2par-sep_e20_r010,adapt,0.053426328930072486,0.21,-3.024966191237744,1.0415136289311353,3.0855779635017826,0.9891737876623216,,,,,,,,
D8-K2par-sep_e20_r010,adaptX,0.05685066990554333,0.21,3.0855779635017826,0.9891737876623216,-3.024966191237744,1.0415136289311353,,,,,,,,
D8-K2par-sep_e20_r010,HA50,0.011020703939720988,,-23.498506938588793,0.46604215874989036,2.805201783689697,1.4777967820051536,,,,,,,,
D8-K2par-sep_e20_r010,TA(0.05),0.05472763907164335,0.09666666666666666,-0.004973760375180636,1.0195244198337892,22.771754976868227,0.9761938587021048,,,,,,,,
D8-K2par-sep_e20_r010,TA(0.10),0.054830912966281176,0.09666666666666666,0.044060808930746445,1.066838241955443,22.985480082592684,1.2913228194304076,,,,,,,,
D8-K2par-sep_e20_r010,TA(0.15),0.055160778923891485,0.13,-0.502993194396009,1.5251371725424445,14.970981295738635,5.782407195816313,,,,,,,,
D8-K2par-sep_e20_r010,TA(0.25),0.05574863206129521,0.21,3.0855779635017826,0.9891737876623216,-3.024966191237744,1.0415136289311353,,,,,,,,
D8-K2par-sep_e20_r010,TA(0.40),0.05561792093794793,0.21,-3.024966191237744,1.0415136289311353,3.0855779635017826,0.9891737876623216,,,,,,,,
D8-K2par-sep_e30_r010,adapt,0.05213568301405758,0.2633333333333333,2.9965823864595915,1.0709831400826155,-3.0877887341976655,1.0549989083134101,,,,,,,,
D8-K2par-sep_e30_r010,adaptX,0.059884649934247136,0.2633333333333333,2.9965823864595915,1.0709831400826155,-3.0877887341976655,1.0549989083134101,,,,,,,,
D8-K2par-sep_e30_r010,HA50,0.012442984036169946,,23.99894129022223,0.8512547616399826,-2.546246949497548,0.859330372181493,,,,,,,,
D8-K2par-sep_e30_r010,TA(0.05),0.055376466014422476,0.1,0.134693011965385,1.0965242776272157,23.99894129022223,0.8512547616399826,,,,,,,,
D8-K2par-sep_e30_r010,TA(0.10),0.05292441009078175,0.10666666666666667,24.87814683985912,0.23678081344977953,0.134693011965385,1.0965242776272157,,,,,,,,
D8-K2par-sep_e30_r010,TA(0.15),0.05371042201295495,0.10666666666666667,0.134693011965385,1.0965242776272157,24.87814683985912,0.23678081344977953,,,,,,,,
D8-K2par-sep_e30_r010,TA(0.25),0.052819718956016004,0.2633333333333333,2.9965823864595915,1.0709831400826155,-3.0877887341976655,1.0549989083134101,,,,,,,,
D8-K2par-sep_e30_r010,TA(0.40),0.05562545207794756,0.2633333333333333,2.9965823864595915,1.0709831400826155,-3.0877887341976655,1.0549989083134101,,,,,,,,
D1-K2cross_e00_r011,adapt,0.055222559021785855,0.01,0.028687282441507905,-1.431376218901757,-0.1335778220618079,1.4603450739670192,,,,,,,,
D1-K2cross_e00_r011,adaptX,0.06070012005511671,0.01,-0.1335778220618079,1.4603450739670192,0.028687282441507905,-1.431376218901757,,,,,,,,
D1-K2cross_e00_r011,HA50,0.009401600924320519,,-0.0862797338162104,1.4724949217286296,0.07481458457247867,-1.4520036800301928,,,,,,,,
D1-K2cross_e00_r011,TA(0.05),0.056427058996632695,0.01,-0.12242923762315738,1.456707875160942,0.036693911682012414,-1.4336634840870786,,,,,,,,
D1-K2cross_e00_r011,TA(0.10),0.05719646404031664,0.01,0.036693911682012414,-1.4336634840870786,-0.12242923762315738,1.456707875160942,,,,,,,,
D1-K2cross_e00_r011,TA(0.15),0.05712911405134946,0.016666666666666666,0.029608976372326908,-1.4312809397623543,-0.16993475682529788,1.4847280911972889,,,,,,,,
D1-K2cross_e00_r011,TA(0.25),0.05846831202507019,0.016666666666666666,0.029608976372326908,-1.4312809397623543,-0.16993475682529788,1.4847280911972889,,,,,,,,
D1-K2cross_e00_r011,TA(0.40),0.05652110499795526,0.016666666666666666,0.04021168688231233,-1.442832032461636,-0.16883978045568857,1.4847513422856826,,,,,,,,
D1-K2cross_e05_r011,adapt,0.051406117039732635,0.06,-0.015150519251854483,-1.4731554443245194,-0.015097109055519344,1.5117089311527163,,,,,,,,
D1-K2cross_e05_r011,adaptX,0.05814408406149596,0.06,-0.039924259221005336,-1.4806892352045142,-0.025988811674558854,1.5055166678475458,,,,,,,,
D1-K2cross_e05_r011,HA50,0.010084162000566721,,-0.38994731421569817,0.39716498770906894,15.788748724531555,3.7071655034928312,,,,,,,,
D1-K2cross_e05_r011,TA(0.05),0.05253866396378726,0.06,-0.032472143628657704,1.5056204436284997,-0.015150519251854483,-1.4731554443245194,,,,,,,,
D1-K2cross_e05_r011,TA(0.10),0.05276675696950406,0.06,-0.032472143628657704,1.5056204436284997,-0.015150519251854483,-1.4731554443245194,,,,,,,,
D1-K2cross_e05_r011,TA(0.15),0.05214843596331775,0.06,-0.032472143628657704,1.5056204436284997,-0.015150519251854483,-1.4731554443245194,,,,,,,,
D1-K2cross_e05_r011,TA(0.25),0.05325766699388623,0.06,-0.009776145131856057,-1.4730981745974903,-0.03721274071306308,1.5056712406390962,,,,,,,,
D1-K2cross_e05_r011,TA(0.40),0.05514911201316863,0.06,-0.009776145131856057,-1.4730981745974903,-0.03721274071306308,1.5056712406390962,,,,,,,,
D1-K2cross_e10_r011,adapt,0.053826286108233035,0.13,0.07593932951634486,-1.444578956414934,0.1055953854877805,1.5097403529305269,,,,,,,,
D1-K2cross_e10_r011,adaptX,0.05989862699061632,0.13,0.07428311689246674,-1.444575764933748,0.10434236066352572,1.5096014413883487,,,,,,,,
D1-K2cross_e10_r011,HA50,0.011216740938834846,,-1.5631633847185906,0.49512847147889166,22.123553969933894,0.11093065017900662,,,,,,,,
D1-K2cross_e10_r011,TA(0.05),0.055837457068264484,0.06,22.123553969933894,0.11093065017900662,-0.13455485346348411,0.3702497017570989,,,,,,,,
D1-K2cross_e10_r011,TA(0.10),0.054935217020101845,0.15333333333333332,0.15928592823236434,1.1693918833063757,-11.374757030631736,3.5415646358625086,,,,,,,,
D1-K2cross_e10_r011,TA(0.15),0.05494385689962655,0.13,0.10434236066352572,1.5096014413883487,0.07428311689246674,-1.444575764933748,,,,,,,,
D1-K2cross_e10_r011,TA(0.25),0.05471465003211051,0.13,0.07593932951634486,-1.444578956414934,0.1055953854877805,1.5097403529305269,,,,,,,,
D1-K2cross_e10_r011,TA(0.40),0.05542609200347215,0.13,0.07428311689246674,-1.444575764933748,0.10434236066352572,1.5096014413883487,,,,,,,,
D1-K2cross_e20_r011,adapt,0.05342919006943703,0.22333333333333333,-0.1573633546994836,-1.6112234463444104,0.02250600952870292,1.529445082228974,,,,,,,,
D1-K2cross_e20_r011,adaptX,0.05676601605955511,0.22333333333333333,0.02250600952870292,1.529445082228974,-0.1573633546994836,-1.6112234463444104,,,,,,,,
D1-K2cross_e20_r011,HA50,0.0096311200177297,,2.6172668083670945,-0.4825198440866255,-22.10057878656135,-0.37976532361353393,,,,,,,,
D1-K2cross_e20_r011,TA(0.05),0.05476525006815791,0.10666666666666667,-22.484467323238118,-0.006788428473094996,-0.10947384523734756,-0.08419420344080973,,,,,,,,
D1-K2cross_e20_r011,TA(0.10),0.05602760997135192,0.10666666666666667,-0.10947384523734756,-0.08419420344080973,-22.484467323238118,-0.006788428473094996,,,,,,,,
D1-K2cross_e20_r011,TA(0.15),0.05435718595981598,0.13333333333333333,-0.3732998489294075,-0.38680745857127685,15.789772717516898,-3.3744071705799388,,,,,,,,
D1-K2cross_e20_r011,TA(0.25),0.05486125103197992,0.22333333333333333,0.02250600952870292,1.529445082228974,-0.1573633546994836,-1.6112234463444104,,,,,,,,
D1-K2cross_e20_r011,TA(0.40),0.05455107497982681,0.22333333333333333,0.02250600952870292,1.529445082228974,-0.1573633546994836,-1.6112234463444104,,,,,,,,
D1-K2cross_e30_r011,adapt,0.054069637903012335,0.34,0.008257635070261742,-1.533640294570883,0.016327072920636912,1.5969061677223428,,,,,,,,
D1-K2cross_e30_r011,adaptX,0.06592811399605125,0.34,0.008257635070261742,-1.533640294570883,0.016327072920636912,1.5969061677223428,,,,,,,,
D1-K2cross_e30_r011,HA50,0.01307331898715347,,-4.060467866514725,-0.131492670177534,22.804243487724754,0.2961138557570371,,,,,,,,
D1-K2cross_e30_r011,TA(0.05),0.05602658202406019,0.16,0.2552795464817849,0.09243824818828081,22.804243487724754,0.2961138557570371,,,,,,,,
D1-K2cross_e30_r011,TA(0.10),0.05657777690794319,0.16,0.2552795464817849,0.09243824818828081,22.804243487724754,0.2961138557570371,,,,,,,,
D1-K2cross_e30_r011,TA(0.15),0.05742228694725782,0.16,22.804243487724754,0.2961138557570371,0.2552795464817849,0.09243824818828081,,,,,,,,
D1-K2cross_e30_r011,TA(0.25),0.05725746101234108,0.18,0.2552795464817849,0.09243824818828081,-21.88595312778734,-0.09005438031079457,,,,,,,,
D1-K2cross_e30_r011,TA(0.40),0.05579722300171852,0.34,0.020766065230190978,-1.530026779242573,0.027570415905727508,1.5990958245076348,,,,,,,,
D2-K3par_e00_r011,adapt,0.24267484690062702,0.006666666666666667,-2.9177510920079976,1.0098026753778884,2.9834834725818014,1.0651176262344946,-0.022286469680535093,1.0362555438398136,,,,,,
D2-K3par_e00_r011,adaptX,0.2309726270614192,0.006666666666666667,-2.9177510920079976,1.0098026753778884,3.0053571111784034,1.078790929415811,-0.009415383204255359,1.0443201225388243,,,,,,
D2-K3par_e00_r011,HA50,0.016219736076891422,,3.0420237838774162,1.0221393952548128,0.10793925732637091,0.9403633309886219,-2.8829955949470127,0.9395476700421103,,,,,,
D2-K3par_e00_r011,TA(0.05),0.24669980793260038,0.006666666666666667,0.09511154572017956,0.9275598935754411,2.9843482097307454,0.9884306435205896,-2.8437931403565906,0.9739384136068069,,,,,,
D2-K3par_e00_r011,TA(0.10),0.24350990599486977,0.01,2.938933715301591,0.9784411731646714,-2.8437931403565906,0.9739384136068069,0.09511154572017956,0.9275598935754411,,,,,,
D2-K3par_e00_r011,TA(0.15),0.24429430894088,0.006666666666666667,-2.8437931403565906,0.9739384136068069,2.9843482097307454,0.9884306435205896,0.09511154572017956,0.9275598935754411,,,,,,
D2-K3par_e00_r011,TA(0.25),0.24458738800603896,0.006666666666666667,3.0129014019568876,1.0667979465582198,0.1673959803447832,1.0061045200127485,-2.7854440122178876,1.0102287600806648,,,,,,
D2-K3par_e00_r011,TA(0.40),0.2441117299022153,0.01,-3.5751860947645624,1.080067994605092,-1.3272132583125043,1.1355552286608772,2.046281667730941,0.9845892374482416,,,,,,
D2-K3par_e05_r011,adapt,0.21693661296740174,0.03333333333333333,-3.0111626506261437,1.021176386857243,-0.2208495081686218,0.9382032081285976,2.917437247590173,1.0082269510749844,,,,,,
D2-K3par_e05_r011,adaptX,0.23727901501115412,0.03333333333333333,-0.3382976300447722,0.8678142212488563,-3.09825227918118,0.9678935339654666,2.883098006617564,0.9777871671428351,,,,,,
D2-K3par_e05_r011,HA50,0.018158840015530586,,-1.8031305899798047,10.105251347272064,-0.23365347978656284,1.0540008413286432,16.014175382475315,-12.716096955295885,,,,,,
D2-K3par_e05_r011,TA(0.05),0.2202407279983163,0.03666666666666667,-0.3382976300447722,0.8678142212488563,-3.079248685713011,0.9535643367751215,2.883098006617564,0.9777871671428351,,,,,,
D2-K3par_e05_r011,TA(0.10),0.2185625460697338,0.03666666666666667,-0.3382976300447722,0.8678142212488563,2.883098006617564,0.9777871671428351,-3.079248685713011,0.9535643367751215,,,,,,
D2-K3par_e05_r011,TA(0.15),0.21996756794396788,0.03666666666666667,-0.3382976300447722,0.8678142212488563,-3.079248685713011,0.9535643367751215,2.883098006617564,0.9777871671428351,,,,,,
D2-K3par_e05_r011,TA(0.25),0.21780986106023192,0.03666666666666667,-3.079248685713011,0.9535643367751215,-0.3382976300447722,0.8678142212488563,2.883098006617564,0.9777871671428351,,,,,,
D2-K3par_e05_r011,TA(0.40),0.21760930807795376,0.03666666666666667,-0.3382976300447722,0.8678142212488563,2.8561670828529717,1.0002808239841903,-3.079248685713011,0.9535643367751215,,,,,,
D2-K3par_e10_r011,adapt,0.3654507859610021,0.12333333333333334,-3.0889487449083055,1.071096160571896,-0.26442004243518186,1.0600944201493523,2.895155559129613,0.9225934797608921,,,,,,
D2-K3par_e10_r011,adaptX,0.28771900199353695,0.12333333333333334,-3.1784399417845557,1.0286311034449689,-0.4015807752278607,1.0049082765817396,2.8271716648258347,0.9010602436373101,,,,,,
D2-K3par_e10_r011,HA50,0.022204071981832385,,24.65438500598741,2.364792499726089,-20.399094274036415,0.09402202650941958,-0.12104148108347301,1.0486956420456721,,,,,,
D2-K3par_e10_r011,TA(0.05),0.37021959794219583,0.06666666666666667,-20.947887661153857,0.008328068333688635,2.2950986553274157,0.7955820854650899,-2.2058485002940156,0.9695855580201684,,,,,,
D2-K3par_e10_r011,TA(0.10),0.36717857501935214,0.09666666666666666,-2.2533995648534066,1.0295105381410357,2.286414224892172,0.8836797063295346,9.288633438521654,-10.315859284093248,,,,,,
D2-K3par_e10_r011,TA(0.15),0.36646614596247673,0.12333333333333334,2.831646195888964,0.8712795978285872,-3.1892603711763017,0.9749978096226877,-0.3832667730882912,0.9234102630564844,,,,,,
D2-K3par_e10_r011,TA(0.25),0.36773930699564517,0.12333333333333334,-3.148590977837966,1.185465130077182,2.8184529968825123,0.9419453434754751,-0.4102858730921118,1.2078762379769123,,,,,,
D2-K3par_e10_r011,TA(0.40),0.36596278089564294,0.12333333333333334,-0.44113786309037084,0.8828640551275844,-3.22831515691607,0.9433347671172251,2.7974078841668963,0.8566254605601471,,,,,,
D2-K3par_e20_r011,adapt,0.2526138930115849,0.21,-2.805958660642505,0.8799702057078557,0.14284799372377247,0.9314680679468487,3.312262311579623,0.9073280676300579,,,,,,
D2-K3par_e20_r011,adaptX,0.3051766810240224,0.21,3.312262311579623,0.9073280676300579,-2.7902251051297093,0.8952702294284611,0.16767314024413488,0.9490419563122325,,,,,,
D2-K3par_e20_r011,HA50,0.014840341988019645,,-0.05120429198486652,1.0126997373208586,24.460697287165623,1.1782835257423752,-22.917691733436484,1.632441437310163,,,,,,
D2-K3par_e20_r011,TA(0.05),0.2536673319991678,0.0033333333333333335,-0.10093227403511339,1.0138799045075386,24.460697287165623,1.1782835257423752,-22.917691733436484,1.632441437310163,,,,,,
D2-K3par_e20_r011,TA(0.10),0.25469903100747615,0.08666666666666667,-2.144863948403305,0.907410088360975,2.423109433364212,1.0880951728000403,-22.917691733436484,1.632441437310163,,,,,,
D2-K3par_e20_r011,TA(0.15),0.2543554890435189,0.08666666666666667,-22.917691733436484,1.632441437310163,2.423109433364212,1.0880951728000403,-2.144863948403305,0.907410088360975,,,,,,
D2-K3par_e20_r011,TA(0.25),0.25427771895192564,0.21,-2.7739382094074134,0.8856615042521775,0.20586300813103214,0.9412617831749814,3.337049639403422,0.9027734958227408,,,,,,
D2-K3par_e20_r011,TA(0.40),0.254313857993111,0.21,-2.7575949554439445,0.8793270971108657,3.337049639403422,0.9027734958227408,0.22359374043978278,0.9363856263995862,,,,,,
D2-K3par_e30_r011,adapt,0.3782885679975152,0.14333333333333334,2.1791462569070084,0.9181500670873507,-2.576689900714389,0.927333413197546,-23.72628775890844,0.5081875674302606,,,,,,
D2-K3par_e30_r011,adaptX,0.4585708189988509,0.14333333333333334,2.0945962954634845,0.9530361867365075,-23.72628775890844,0.5081875674302606,-2.654500123337965,0.9604929146818463,,,,,,
D2-K3par_e30_r011,HA50,0.017696614027954638,,21.333126103531015,0.970343757056761,-23.478398885127227,0.645473352575511,-0.4350941255097478,0.8746869143314275,,,,,,
D2-K3par_e30_r011,TA(0.05),0.3796145070809871,0.0033333333333333335,-23.478398885127227,0.645473352575511,-0.385410125020511,0.8682717470761334,21.333126103531015,0.970343757056761,,,,,,
D2-K3par_e30_r011,TA(0.10),0.38078281900379807,0.08333333333333333,-23.478398885127227,0.645473352575511,-0.37273919526577426,0.7119034135865857,10.09342981223307,6.470280350819418,,,,,,
D2-K3par_e30_r011,TA(0.15),0.38005542499013245,0.14333333333333334,-2.576689900714389,0.927333413197546,2.1791462569070084,0.9181500670873507,-23.72628775890844,0.5081875674302606,,,,,,
D2-K3par_e30_r011,TA(0.25),0.38009516696911305,0.14333333333333334,-23.72628775890844,0.5081875674302606,-2.7134422972632177,0.9964344265996335,2.037913214203048,0.9883765930579514,,,,,,
D2-K3par_e30_r011,TA(0.40),0.38009256101213396,0.30333333333333334,2.6311147344847727,0.8747059805072669,-0.7676123852426061,0.8213395672254291,-3.403056199165687,0.9464261922812607,,,,,,
D3-unequal_e00_r011,adapt,0.05603338696528226,0.02666666666666667,0.14403199906103528,-1.4746626547750024,0.12481970536019121,1.3228794489067943,,,,,,,,
D3-unequal_e00_r011,adaptX,0.06180543010123074,0.02666666666666667,0.13735747289737174,-1.4743575057262825,0.17587833875137987,1.3530368775417272,,,,,,,,
D3-unequal_e00_r011,HA50,0.010104157961905003,,0.08437869988936762,1.4432574066763846,0.1485038235596272,-1.483986444842664,,,,,,,,
D3-unequal_e00_r011,TA(0.05),0.056800206075422466,0.02666666666666667,0.11737793155081347,1.320982005778639,0.1402654962885875,-1.4752998107996855,,,,,,,,
D3-unequal_e00_r011,TA(0.10),0.056883764918893576,0.02666666666666667,0.13933534206574094,-1.4753536904962818,0.11542575490853549,1.3208135975201365,,,,,,,,
D3-unequal_e00_r011,TA(0.15),0.05802098603453487,0.02666666666666667,0.11542575490853549,1.3208135975201365,0.13933534206574094,-1.4753536904962818,,,,,,,,
D3-unequal_e00_r011,TA(0.25),0.05917349306400865,0.16666666666666666,-0.9234421894394323,-1.1885219490594023,1.0499718973705927,-1.3264488176563078,,,,,,,,
D3-unequal_e00_r011,TA(0.40),0.058153761085122824,0.18,-0.8279526477895479,-1.3622196226581254,1.0113448154830742,-1.4312633063919435,,,,,,,,
D3-unequal_e05_r011,adapt,0.05676146096084267,0.043333333333333335,-0.003219313589824725,1.4020287578162443,0.1035658033330735,-1.5115757742703675,,,,,,,,
D3-unequal_e05_r011,adaptX,0.06802752101793885,0.043333333333333335,0.10643625423416113,-1.5116861708586524,0.0036408394554542497,1.4013769768163553,,,,,,,,
D3-unequal_e05_r011,HA50,0.00992570398375392,,-18.048152689885523,-5.9347135091728695,0.8817822859663024,-1.0524345370603898,,,,,,,,
D3-unequal_e05_r011,TA(0.05),0.057762551004998386,0.043333333333333335,0.0036408394554542497,1.4013769768163553,0.10643625423416113,-1.5116861708586524,,,,,,,,
D3-unequal_e05_r011,TA(0.10),0.05876565503422171,0.043333333333333335,0.1089292036365728,-1.5114190953572952,0.009398806814763072,1.4018083006242563,,,,,,,,
D3-unequal_e05_r011,TA(0.15),0.058195271994918585,0.05333333333333334,0.10643625423416113,-1.5116861708586524,0.03699981830275504,1.3525209294901326,,,,,,,,
D3-unequal_e05_r011,TA(0.25),0.05845873209182173,0.18333333333333332,1.097123885974773,-1.4585013911615445,-0.6661338130005835,-1.481938074464984,,,,,,,,
D3-unequal_e05_r011,TA(0.40),0.059560413006693125,0.20333333333333334,-0.7455206323012373,-1.5177704155562861,0.9177986961357408,-1.5254214741565046,,,,,,,,
D3-unequal_e10_r011,adapt,0.05680662696249783,0.12,-0.021949742192726822,-1.529906344391422,-0.1504521178417632,1.5447630301427449,,,,,,,,
D3-unequal_e10_r011,adaptX,0.0653512979624793,0.12,-0.1504521178417632,1.5447630301427449,-0.021949742192726822,-1.529906344391422,,,,,,,,
D3-unequal_e10_r011,HA50,0.011871765949763358,,-1.3087259099362356,-0.5637723681858205,22.06811144275548,-0.7371103683408354,,,,,,,,
D3-unequal_e10_r011,TA(0.05),0.057750931940972805,0.12666666666666668,-0.41467137550909156,-0.8077721798865417,18.212819882521636,-3.9733913196634307,,,,,,,,
D3-unequal_e10_r011,TA(0.10),0.05810360994655639,0.12,-0.02071409530960363,-1.529997818122128,-0.1529776675552853,1.5445344618711825,,,,,,,,
D3-unequal_e10_r011,TA(0.15),0.059686672990210354,0.12,-0.021949742192726822,-1.529906344391422,-0.1504521178417632,1.5447630301427449,,,,,,,,
D3-unequal_e10_r011,TA(0.25),0.05812971596606076,0.12,-0.022688899898734377,-1.5298735215091184,-0.15209053149201254,1.5445713793128886,,,,,,,,
D3-unequal_e10_r011,TA(0.40),0.05892382608726621,0.12,-0.1504521178417632,1.5447630301427449,-0.021949742192726822,-1.529906344391422,,,,,,,,
D3-unequal_e20_r011,adapt,0.060358522925525904,0.21333333333333335,0.09890708534567229,1.5432450561316704,-0.02300176889935556,-1.5184679675209718,,,,,,,,
D3-unequal_e20_r011,adaptX,0.06541989801917225,0.21333333333333335,0.09890708534567229,1.5432450561316704,-0.02300176889935556,-1.5184679675209718,,,,,,,,
D3-unequal_e20_r011,HA50,0.010353641933761537,,-23.15508227928208,-0.8181708871035676,2.9530769563021164,-0.7581841067375482,,,,,,,,
D3-unequal_e20_r011,TA(0.05),0.06229813606478274,0.10666666666666667,-23.15508227928208,-0.8181708871035676,0.33856843043055845,-0.5936697695069763,,,,,,,,
D3-unequal_e20_r011,TA(0.10),0.06240143801551312,0.10666666666666667,0.33856843043055845,-0.5936697695069763,-23.15508227928208,-0.8181708871035676,,,,,,,,
D3-unequal_e20_r011,TA(0.15),0.0635385550558567,0.17,16.92279416607638,-4.213411064248328,-0.07025135203444245,-1.3344552167654182,,,,,,,,
D3-unequal_e20_r011,TA(0.25),0.06311313505284488,0.21333333333333335,0.09890708534567229,1.5432450561316704,-0.02300176889935556,-1.5184679675209718,,,,,,,,
D3-unequal_e20_r011,TA(0.40),0.061855909996666014,0.24333333333333335,-0.7629021974360455,-1.271985792173794,2.1210945228435394,-0.626238360073312,,,,,,,,
D3-unequal_e30_r011,adapt,0.05693067703396082,0.32666666666666666,0.14371278805357862,1.5987135652800257,0.22563352180228574,-1.5092663589409199,,,,,,,,
D3-unequal_e30_r011,adaptX,0.060006284969858825,0.32666666666666666,0.22563352180228574,-1.5092663589409199,0.14371278805357862,1.5987135652800257,,,,,,,,
D3-unequal_e30_r011,HA50,0.012056984007358551,,-23.013578120279707,-1.0283582378866958,4.072240479714282,-0.34974021716924836,,,,,,,,
D3-unequal_e30_r011,TA(0.05),0.058506669010967016,0.14,-0.0667363194476692,-0.3215858449069727,-23.013578120279707,-1.0283582378866958,,,,,,,,
D3-unequal_e30_r011,TA(0.10),0.05875162594020367,0.14,-0.0667363194476692,-0.3215858449069727,-23.013578120279707,-1.0283582378866958,,,,,,,,
D3-unequal_e30_r011,TA(0.15),0.05800514796283096,0.14,-0.0667363194476692,-0.3215858449069727,-23.013578120279707,-1.0283582378866958,,,,,,,,
D3-unequal_e30_r011,TA(0.25),0.057698620948940516,0.14,-0.0667363194476692,-0.3215858449069727,-23.013578120279707,-1.0283582378866958,,,,,,,,
D3-unequal_e30_r011,TA(0.40),0.0576972650596872,0.32666666666666666,0.22563352180228574,-1.5092663589409199,0.14371278805357862,1.5987135652800257,,,,,,,,
D4-hetero_e00_r011,adapt,0.05811276496388018,0.03,-0.012145078897484004,-1.4533981615030012,0.16588137187918534,1.4466380924810336,,,,,,,,
D4-hetero_e00_r011,adaptX,0.06280119309667498,0.03,0.16588137187918534,1.4466380924810336,-0.012145078897484004,-1.4533981615030012,,,,,,,,
D4-hetero_e00_r011,HA50,0.012239178991876543,,0.2074606421399775,1.530875453266348,0.028291697057335044,-1.4188551645591505,,,,,,,,
D4-hetero_e00_r011,TA(0.05),0.05951003509107977,0.03,0.16588137187918534,1.4466380924810336,-0.012145078897484004,-1.4533981615030012,,,,,,,,
D4-hetero_e00_r011,TA(0.10),0.06086165609303862,0.03,0.16588137187918534,1.4466380924810336,-0.012145078897484004,-1.4533981615030012,,,,,,,,
D4-hetero_e00_r011,TA(0.15),0.06093105906620622,0.03,0.16588137187918534,1.4466380924810336,-0.012145078897484004,-1.4533981615030012,,,,,,,,
D4-hetero_e00_r011,TA(0.25),0.06224585697054863,0.03,-0.012145078897484004,-1.4533981615030012,0.16588137187918534,1.4466380924810336,,,,,,,,
D4-hetero_e00_r011,TA(0.40),0.06017549301031977,0.3466666666666667,-0.4303105546826175,-1.3894412564718346,0.5793181091037657,-1.444705682278912,,,,,,,,
D4-hetero_e05_r011,adapt,0.05219267006032169,0.06666666666666667,-0.10754746349343738,-1.5120505236582955,-0.251088695137626,1.603361194395447,,,,,,,,
D4-hetero_e05_r011,adaptX,0.058447305927984416,0.06666666666666667,-0.10244310830046627,-1.5127382674760204,-0.24553800777433335,1.6028084135330598,,,,,,,,
D4-hetero_e05_r011,HA50,0.008966850931756198,,-19.228458986117058,-4.797843004154053,0.6846643265895082,-0.37765787639264126,,,,,,,,
D4-hetero_e05_r011,TA(0.05),0.05446012504398823,0.06666666666666667,-0.09544540415935908,-1.5125419120731811,-0.2530959401666145,1.602405056283626,,,,,,,,
D4-hetero_e05_r011,TA(0.10),0.053448452963493764,0.06333333333333334,-0.09731843021482263,-1.5125997821773602,-0.2762325294523125,1.6229550110095392,,,,,,,,
D4-hetero_e05_r011,TA(0.15),0.05280334292910993,0.06666666666666667,-0.10182258997682796,-1.511934417733772,-0.26004135928842875,1.602842461524199,,,,,,,,
D4-hetero_e05_r011,TA(0.25),0.054017137037590146,0.06333333333333334,-0.28557109640197714,1.6233648948977895,-0.10182258997682796,-1.511934417733772,,,,,,,,
D4-hetero_e05_r011,TA(0.40),0.05460233299527317,0.06333333333333334,-0.2877153841782898,1.6232497728910902,-0.09981690031193774,-1.5118606530936216,,,,,,,,
D4-hetero_e10_r011,adapt,0.061445577070117,0.11,0.003719344196893243,-1.4763990110190937,-0.13961570194293133,1.4964923967712447,,,,,,,,
D4-hetero_e10_r011,adaptX,0.07068734895437956,0.11,0.003719344196893243,-1.4763990110190937,-0.12279640378316785,1.5049143284854019,,,,,,,,
D4-hetero_e10_r011,HA50,0.013491123914718628,,19.782326154715722,-5.426495084432903,-1.469535998109968,-0.3148977312411534,,,,,,,,
D4-hetero_e10_r011,TA(0.05),0.0640726339770481,0.06,-0.29574694491052794,-0.2855669328049102,17.770970197655203,-5.119135883432772,,,,,,,,
D4-hetero_e10_r011,TA(0.10),0.06225908000487834,0.11,-0.12279640378316785,1.5049143284854019,0.003719344196893243,-1.4763990110190937,,,,,,,,
D4-hetero_e10_r011,TA(0.15),0.06313258793670684,0.11,-0.12279640378316785,1.5049143284854019,0.003719344196893243,-1.4763990110190937,,,,,,,,
D4-hetero_e10_r011,TA(0.25),0.06398225191514939,0.11,-0.1484048685170608,1.4975441616792264,-0.00440921874767765,-1.4759245629857316,,,,,,,,
D4-hetero_e10_r011,TA(0.40),0.06395386497024447,0.11,-0.1484048685170608,1.4975441616792264,-0.00440921874767765,-1.4759245629857316,,,,,,,,
D4-hetero_e20_r011,adapt,0.055120510049164295,0.18,0.06660177970020022,-1.4544824461658787,-0.14872243961544293,1.6338378333100392,,,,,,,,
D4-hetero_e20_r011,adaptX,0.059978538076393306,0.18,0.04754793148671837,-1.4582650048364991,-0.17702090343335758,1.6277617657075691,,,,,,,,
D4-hetero_e20_r011,HA50,0.011192639009095728,,1.7222764846006924,0.06543296219780372,-22.851169017163098,0.28262431302755536,,,,,,,,
D4-hetero_e20_r011,TA(0.05),0.057311877026222646,0.07333333333333333,-22.851169017163098,0.28262431302755536,-0.10416418719066631,-0.08968280314203836,,,,,,,,
D4-hetero_e20_r011,TA(0.10),0.05622435093391687,0.07333333333333333,-0.10416418719066631,-0.08968280314203836,-22.851169017163098,0.28262431302755536,,,,,,,,
D4-hetero_e20_r011,TA(0.15),0.0557453230721876,0.18,-0.21840208413590956,1.617181498599642,0.044805411236259265,-1.4582587918010173,,,,,,,,
D4-hetero_e20_r011,TA(0.25),0.05716628197114915,0.18,0.05797328668996695,-1.4540674858961153,-0.16023198649024986,1.6339043173535812,,,,,,,,
D4-hetero_e20_r011,TA(0.40),0.05615464295260608,0.18,-0.14872243961544293,1.6338378333100392,0.06660177970020022,-1.4544824461658787,,,,,,,,
D4-hetero_e30_r011,adapt,0.06413634109776467,0.29333333333333333,0.03939519906600346,-1.4877593788478207,0.0548589088950116,1.6353759981437783,,,,,,,,
D4-hetero_e30_r011,adaptX,0.06822566001210362,0.29333333333333333,0.0548589088950116,1.6353759981437783,0.03939519906600346,-1.4877593788478207,,,,,,,,
D4-hetero_e30_r011,HA50,0.011358805000782013,,-21.85046310735611,-0.6972013314116969,3.0700678710419917,-0.18950553000060918,,,,,,,,
D4-hetero_e30_r011,TA(0.05),0.0669256349792704,0.11333333333333333,-21.85046310735611,-0.6972013314116969,0.0885458422093498,-0.1959073933349331,,,,,,,,
D4-hetero_e30_r011,TA(0.10),0.0664778919890523,0.11333333333333333,0.0885458422093498,-0.1959073933349331,-21.85046310735611,-0.6972013314116969,,,,,,,,
D4-hetero_e30_r011,TA(0.15),0.06477800395805389,0.11333333333333333,0.0885458422093498,-0.1959073933349331,-21.85046310735611,-0.6972013314116969,,,,,,,,
D4-hetero_e30_r011,TA(0.25),0.0655336930649355,0.13666666666666666,-18.400861943736672,-3.233903615079232,0.4675260174296206,-0.8229494485251806,,,,,,,,
D4-hetero_e30_r011,TA(0.40),0.065487603074871,0.29333333333333333,0.0548589088950116,1.6353759981437783,0.03939519906600346,-1.4877593788478207,,,,,,,,
D5-leverage_e00_r011,adapt,0.051355891046114266,0.023333333333333334,-0.018079209911219037,-1.528878191992585,-0.05194129624793129,1.500196831979157,,,,,,,,
D5-leverage_e00_r011,adaptX,0.0611574879148975,0.023333333333333334,-0.05194129624793129,1.500196831979157,-0.018079209911219037,-1.528878191992585,,,,,,,,
D5-leverage_e00_r011,HA50,0.008804684970527887,,-0.09990915593871431,1.4545323997076132,-0.037516257907502626,-1.520653863401392,,,,,,,,
D5-leverage_e00_r011,TA(0.05),0.052153495023958385,0.023333333333333334,-0.028905369501456005,-1.5263937378314885,-0.06300679582864435,1.5013288347905624,,,,,,,,
D5-leverage_e00_r011,TA(0.10),0.052938673994503915,0.016666666666666666,-0.07441949066154983,-1.506396635804525,-0.1076274105540979,1.5077732475249128,,,,,,,,
D5-leverage_e00_r011,TA(0.15),0.05294919095467776,0.016666666666666666,-0.07544963240968626,-1.5064235043154373,-0.12294175649096223,1.5172644916182716,,,,,,,,
D5-leverage_e00_r011,TA(0.25),0.05251396808307618,0.023333333333333334,-0.04556732889436271,-1.5090162808807102,-0.09319934442917803,1.5057051432632043,,,,,,,,
D5-leverage_e00_r011,TA(0.40),0.053463161922991276,0.023333333333333334,-0.06300679582864435,1.5013288347905624,-0.014951967773864648,-1.5174847723283353,,,,,,,,
D5-leverage_e05_r011,adapt,0.10704516910482198,0.05333333333333334,-0.10608438941787035,-1.5370257745359193,0.3543135713259857,1.4001257948038888,,,,,,,,
D5-leverage_e05_r011,adaptX,0.10393811110407114,0.05333333333333334,0.3543135713259857,1.4001257948038888,-0.10608438941787035,-1.5370257745359193,,,,,,,,
D5-leverage_e05_r011,HA50,0.021404103026725352,,2.358114365304927,-0.03445833153263421,-2.0649621785703025,-0.13262910149447313,,,,,,,,
D5-leverage_e05_r011,TA(0.05),0.10800401703454554,0.05333333333333334,0.3543135713259857,1.4001257948038888,-0.10608438941787035,-1.5370257745359193,,,,,,,,
D5-leverage_e05_r011,TA(0.10),0.10911941796075553,0.05333333333333334,0.3543135713259857,1.4001257948038888,-0.10608438941787035,-1.5370257745359193,,,,,,,,
D5-leverage_e05_r011,TA(0.15),0.10887000302318484,0.05333333333333334,-0.10608438941787035,-1.5370257745359193,0.3543135713259857,1.4001257948038888,,,,,,,,
D5-leverage_e05_r011,TA(0.25),0.1078867930918932,0.05333333333333334,0.3344652478747246,1.3898833878990062,-0.10898621132247333,-1.5367901122591787,,,,,,,,
D5-leverage_e05_r011,TA(0.40),0.10833492199890316,0.05333333333333334,0.3543135713259857,1.4001257948038888,-0.08921759691367284,-1.5475741060372057,,,,,,,,
D5-leverage_e10_r011,adapt,0.05019824590999633,0.11666666666666667,0.020226646681236513,-1.5174202817852167,0.10474636940495169,1.5232953688608097,,,,,,,,
D5-leverage_e10_r011,adaptX,0.0561294499784708,0.11666666666666667,0.020226646681236513,-1.5174202817852167,0.10474636940495169,1.5232953688608097,,,,,,,,
D5-leverage_e10_r011,HA50,0.00933970999903977,,2.43011073577378,-0.1668317013117396,-2.0856616401974435,-0.003994393490861341,,,,,,,,
D5-leverage_e10_r011,TA(0.05),0.05226286593824625,0.0,2.4495527926164584,-0.16015045873319106,-2.063512142671752,0.003979343576495767,,,,,,,,
D5-leverage_e10_r011,TA(0.10),0.05178509105462581,0.11666666666666667,0.02562233104825262,-1.5169887407455014,0.10293615486990325,1.523345702705754,,,,,,,,
D5-leverage_e10_r011,TA(0.15),0.05160445300862193,0.11666666666666667,0.020226646681236513,-1.5174202817852167,0.10474636940495169,1.5232953688608097,,,,,,,,
D5-leverage_e10_r011,TA(0.25),0.05106041405815631,0.11666666666666667,0.020226646681236513,-1.5174202817852167,0.10474636940495169,1.5232953688608097,,,,,,,,
D5-leverage_e10_r011,TA(0.40),0.052446951973252,0.11666666666666667,0.012183106977298762,-1.518031190922116,0.11290647423346735,1.522668267556826,,,,,,,,
D5-leverage_e20_r011,adapt,0.050231930101290345,0.0033333333333333335,-2.2742630359900198,0.04256696562974943,2.148817822908317,-0.08876437845168131,,,,,,,,
D5-leverage_e20_r011,adaptX,0.05437672697007656,0.20666666666666667,-0.03247326805418664,-1.4661987260354694,0.11103627940022358,1.415277686929239,,,,,,,,
D5-leverage_e20_r011,HA50,0.009714800980873406,,-2.2742630359900198,0.04256696562974943,2.172504939247372,-0.08703440824674115,,,,,,,,
D5-leverage_e20_r011,TA(0.05),0.053176820976659656,0.0033333333333333335,2.150111663555455,-0.08285964052897432,-2.274308397679446,0.049194045733319036,,,,,,,,
D5-leverage_e20_r011,TA(0.10),0.0512537119211629,0.0033333333333333335,-2.2729877859408707,0.05490576262466368,2.1526644697496367,-0.07717346535014954,,,,,,,,
D5-leverage_e20_r011,TA(0.15),0.05262715194839984,0.0033333333333333335,2.09752190257664,-0.07067245311380316,-2.3307673184428563,0.062421179320335654,,,,,,,,
D5-leverage_e20_r011,TA(0.25),0.05195480992551893,0.20666666666666667,-0.03247326805418664,-1.4661987260354694,0.11103627940022358,1.415277686929239,,,,,,,,
D5-leverage_e20_r011,TA(0.40),0.05505862704012543,0.20666666666666667,0.11103627940022358,1.415277686929239,-0.03247326805418664,-1.4661987260354694,,,,,,,,
D5-leverage_e30_r011,adapt,0.05039653298445046,0.0033333333333333335,2.1737436145262756,-0.06608648581900471,-2.4968104745158546,0.147142200539516,,,,,,,,
D5-leverage_e30_r011,adaptX,0.05651929893065244,0.05,-2.620422261178954,0.14836594445129736,1.9366854928387653,-0.03923169934092907,,,,,,,,
D5-leverage_e30_r011,HA50,0.009551370982080698,,2.2659189570807516,-0.07945712378429072,-2.463586576329443,0.14493633497195474,,,,,,,,
D5-leverage_e30_r011,TA(0.05),0.051643442013300955,0.006666666666666667,-2.600844998956194,0.15181870194774166,2.0130802351608805,-0.05145719361511186,,,,,,,,
D5-leverage_e30_r011,TA(0.10),0.05156516004353762,0.0033333333333333335,-2.6062543095641475,0.14930885054836132,2.0084733240703976,-0.05465728825343261,,,,,,,,
D5-leverage_e30_r011,TA(0.15),0.052483403007499874,0.0033333333333333335,-2.5966331576365214,0.15835130391142632,2.014535309661675,-0.042464100104665524,,,,,,,,
D5-leverage_e30_r011,TA(0.25),0.0530920330202207,0.03666666666666667,-2.304972899742778,0.4619308693199307,1.6646184516992377,-0.3758069013455474,,,,,,,,
D5-leverage_e30_r011,TA(0.40),0.05219510197639465,0.04666666666666667,-2.336034884827024,0.43951082458750934,1.5649772174251684,-0.3963087917339786,,,,,,,,
D6-uniform_e00_r011,adapt,0.05113178107421845,0.02666666666666667,-0.0023905403655009945,-1.4809999624789731,-0.01300123687699589,1.5098217732429566,,,,,,,,
D6-uniform_e00_r011,adaptX,0.056471003917977214,0.02666666666666667,-0.01300123687699589,1.5098217732429566,-0.0023905403655009945,-1.4809999624789731,,,,,,,,
D6-uniform_e00_r011,HA50,0.008368927985429764,,-0.02051839006624088,-1.4859451978780807,0.005893392316684079,1.5249872527112798,,,,,,,,
D6-uniform_e00_r011,TA(0.05),0.05198309605475515,0.02666666666666667,-0.0023905403655009945,-1.4809999624789731,-0.01300123687699589,1.5098217732429566,,,,,,,,
D6-uniform_e00_r011,TA(0.10),0.052147270063869655,0.023333333333333334,0.0058976029114021795,1.5204784580096071,-0.0023905403655009945,-1.4809999624789731,,,,,,,,
D6-uniform_e00_r011,TA(0.15),0.05239387298934162,0.02666666666666667,-0.036180729975311604,1.518646509455091,0.003911770857297323,-1.4812777739291978,,,,,,,,
D6-uniform_e00_r011,TA(0.25),0.05218803498428315,0.023333333333333334,0.008058381993914397,-1.4814406328587584,-0.05849005669796729,1.5147897132345463,,,,,,,,
D6-uniform_e00_r011,TA(0.40),0.05287402798421681,0.03,-0.06508619354692012,1.495207432443296,0.03603270181346302,-1.4764355511096245,,,,,,,,
D6-uniform_e05_r011,adapt,0.055693434085696936,0.05,-0.005726334177403381,1.616588290951581,0.18913436598852582,-1.5271747378218001,,,,,,,,
D6-uniform_e05_r011,adaptX,0.06646200898103416,0.05,0.18913436598852582,-1.5271747378218001,-0.005726334177403381,1.616588290951581,,,,,,,,
D6-uniform_e05_r011,HA50,0.012187976972199976,,0.07953161067480816,-1.5002982189140908,-0.24035910135526525,1.7235413988626789,,,,,,,,
D6-uniform_e05_r011,TA(0.05),0.05857162002939731,0.05,-0.005726334177403381,1.616588290951581,0.18913436598852582,-1.5271747378218001,,,,,,,,
D6-uniform_e05_r011,TA(0.10),0.05701120605226606,0.05,0.18913436598852582,-1.5271747378218001,-0.005726334177403381,1.616588290951581,,,,,,,,
D6-uniform_e05_r011,TA(0.15),0.05786185304168612,0.05,-0.005726334177403381,1.616588290951581,0.18913436598852582,-1.5271747378218001,,,,,,,,
D6-uniform_e05_r011,TA(0.25),0.05692196299787611,0.05,-0.018822864234285364,1.6115461870023038,0.17931258817790338,-1.5303071119821563,,,,,,,,
D6-uniform_e05_r011,TA(0.40),0.05709023296367377,0.05,0.17931258817790338,-1.5303071119821563,-0.018822864234285364,1.6115461870023038,,,,,,,,
D6-uniform_e10_r011,adapt,0.052888025995343924,0.09,-0.0039884080388538,-1.555065750179899,0.0023361662449810677,1.4894212028105382,,,,,,,,
D6-uniform_e10_r011,adaptX,0.058544656028971076,0.08666666666666667,-0.021176152965149155,-1.5439589828790934,0.0023361662449810677,1.4894212028105382,,,,,,,,
D6-uniform_e10_r011,HA50,0.009391164989210665,,0.021400787056734046,1.621862238885078,0.14811799078189425,-1.6237090141592965,,,,,,,,
D6-uniform_e10_r011,TA(0.05),0.05616477399598807,0.08666666666666667,0.041077957896846054,1.472570760094466,0.01306896714388594,-1.560701776235957,,,,,,,,
D6-uniform_e10_r011,TA(0.10),0.05427022709045559,0.10333333333333333,0.11648070045799035,1.4338060383453033,-0.02103055333735225,-1.5421513481934817,,,,,,,,
D6-uniform_e10_r011,TA(0.15),0.05559876293409616,0.09333333333333334,0.1127980914487436,1.4521730773909025,-0.008256057473464674,-1.5364412196588215,,,,,,,,
D6-uniform_e10_r011,TA(0.25),0.05560936592519283,0.10333333333333333,0.05979647613605607,1.4626886731772375,-0.0547002158959036,-1.5253436874450594,,,,,,,,
D6-uniform_e10_r011,TA(0.40),0.054759415914304554,0.10333333333333333,0.06583683160692749,1.4626870644754282,-0.0776787441653648,-1.5252296134432157,,,,,,,,
D6-uniform_e20_r011,adapt,0.052613717038184404,0.13666666666666666,-0.9659162342250672,-1.6790226735218565,-0.15055607938229615,1.4696316620870848,,,,,,,,
D6-uniform_e20_r011,adaptX,0.061355123994871974,0.0,-3.39598316651472,-0.039419374482044627,2.77717030599974,0.06264770143178874,,,,,,,,
D6-uniform_e20_r011,HA50,0.010461407015100121,,-3.6523217855025147,-0.1121469147260547,2.565910492438428,-0.0004061061544966426,,,,,,,,
D6-uniform_e20_r011,TA(0.05),0.05481071409303695,0.0,-3.796401299907096,-0.11891775715700437,2.4552475931905016,-0.00294508578793919,,,,,,,,
D6-uniform_e20_r011,TA(0.10),0.05467914207838476,0.12,-0.21366195373223384,1.4417887843555106,-1.1726476792906826,-1.7693008128300192,,,,,,,,
D6-uniform_e20_r011,TA(0.15),0.053488500067032874,0.12,-0.20931071359618147,1.44132184643324,-1.101175197842588,-1.7585761967614641,,,,,,,,
D6-uniform_e20_r011,TA(0.25),0.05600231699645519,0.17,-0.7949138569074266,-1.6311152667621778,0.091849346525287,1.477779583880311,,,,,,,,
D6-uniform_e20_r011,TA(0.40),0.05637337395455688,0.18,0.1956210809467281,1.5140572654555238,-0.755666976212797,-1.6410145877191504,,,,,,,,
D6-uniform_e30_r011,adapt,0.054539104108698666,0.0,-3.3184222435171593,0.060341589504810125,3.5489004522936094,0.04935617135530234,,,,,,,,
D6-uniform_e30_r011,adaptX,0.05735100107267499,0.21,0.16757551868191603,-1.738743914620635,0.16175114680829772,1.6002069004534543,,,,,,,,
D6-uniform_e30_r011,HA50,0.011437918059527874,,3.5489004522936094,0.04935617135530234,-3.3184222435171593,0.060341589504810125,,,,,,,,
D6-uniform_e30_r011,TA(0.05),0.0562583269784227,0.0,2.9056548618338685,0.04730288365641703,-3.86196192686681,0.040388219217644315,,,,,,,,
D6-uniform_e30_r011,TA(0.10),0.05558519798796624,0.0,-3.1782868969445834,0.035002730237245844,3.744563495920985,0.010225755517255861,,,,,,,,
D6-uniform_e30_r011,TA(0.15),0.05587088305037469,0.21,0.1688143023108004,-1.857556170248686,0.17416091053290866,1.564866257853087,,,,,,,,
D6-uniform_e30_r011,TA(0.25),0.05582870193757117,0.21,0.11099298668585174,1.5801844819175321,0.07509301389266201,-1.6713023324295446,,,,,,,,
D6-uniform_e30_r011,TA(0.40),0.05618315492756665,0.24,0.061482535919188605,1.5593365696929402,-0.0452003550182513,-1.6150476232363336,,,,,,,,
D7-p3_e00_r011,adapt,0.19833731604740024,0.02666666666666667,0.09025945327112202,-1.457441919945798,1.0286357896892928,0.9326704430694952,-0.01768372937005246,1.4343725717659102,1.0334965723796417,1.0214588034202379,,,,
D7-p3_e00_r011,adaptX,1.3292725210776553,0.03666666666666667,-0.002305508815658578,1.4236336699703729,1.0345147155177419,1.029853010526277,0.10720678942335816,-1.4480458811954813,1.0433130344812254,0.9269829560025211,,,,
D7-p3_e00_r011,HA50,0.006461409968324006,,0.07982960236289456,-1.443616257742389,1.0663742705726658,0.9335229982050731,-0.10791928042852433,1.4365467256236262,1.0118488544740964,1.0216188797675716,,,,
D7-p3_e00_r011,TA(0.05),0.20002663205377758,0.03333333333333333,-0.01768372937005246,1.4343725717659102,1.0334965723796417,1.0214588034202379,0.11633390274616127,-1.4447779153840614,1.032924083717482,0.9289343129610997,,,,
D7-p3_e00_r011,TA(0.10),0.2004340790444985,0.03333333333333333,0.11633390274616127,-1.4447779153840614,1.032924083717482,0.9289343129610997,-0.01768372937005246,1.4343725717659102,1.0334965723796417,1.0214588034202379,,,,
D7-p3_e00_r011,TA(0.15),0.19974664703477174,0.03333333333333333,-0.01768372937005246,1.4343725717659102,1.0334965723796417,1.0214588034202379,0.11633390274616127,-1.4447779153840614,1.032924083717482,0.9289343129610997,,,,
D7-p3_e00_r011,TA(0.25),0.19886189105454832,0.04,0.17693713223029486,-1.4680461739919246,1.0500514656187983,0.910156761607121,-0.023710346204488527,1.4340316242872175,1.0317376884007683,1.0222519300530324,,,,
D7-p3_e00_r011,TA(0.40),0.19951429904904217,0.03333333333333333,-0.03724309772393951,1.4439655971304997,1.016858773426085,1.0214257916486233,0.16364999248479242,-1.471136033010499,1.0480009359306963,0.9228999851802352,,,,
D7-p3_e05_r011,adapt,0.20108999800868332,0.04666666666666667,0.013580617241782974,1.45611933331073,0.9969698224125934,0.9786630120700412,0.044446768976617826,-1.5495138526969487,0.9857791020962631,0.9601326022693686,,,,
D7-p3_e05_r011,adaptX,1.2366846080403775,0.05,-0.03243577165552315,1.4613751729703457,1.0365328067615396,0.9797020236685514,0.07206058320589592,-1.5506721214933128,0.9715318554436317,0.9497626358289383,,,,
D7-p3_e05_r011,HA50,0.007018186035566032,,-0.15606745785362164,-1.7236086666458799,0.8234923478468781,0.8020706167793912,0.09615425485459832,1.673404418305145,1.0522077886212629,1.0611087549713791,,,,
D7-p3_e05_r011,TA(0.05),0.2028451079968363,0.04666666666666667,0.044446768976617826,-1.5495138526969487,0.9857791020962631,0.9601326022693686,0.013580617241782974,1.45611933331073,0.9969698224125934,0.9786630120700412,,,,
D7-p3_e05_r011,TA(0.10),0.20207096193917096,0.043333333333333335,0.05278468353012778,-1.5496739088530669,0.9856472712779577,0.9589254550806632,-0.016193850255817998,1.4626343262812525,1.0184089745501959,0.9761595861994035,,,,
D7-p3_e05_r011,TA(0.15),0.20204453205224127,0.04666666666666667,0.08759982820796242,-1.5379217764017898,0.9638767246394881,0.9531847331963591,-0.0097325723822459,1.454270680546587,1.0147127469230997,0.9825386254323105,,,,
D7-p3_e05_r011,TA(0.25),0.20194095897022635,0.04666666666666667,0.09254212335044404,-1.5577177845521937,0.9685191773185567,0.9381388081681707,0.008623742778723267,1.4473295348731652,1.0098788746082912,0.9712583884969593,,,,
D7-p3_e05_r011,TA(0.40),0.2033705939538777,0.03666666666666667,0.0023025986452630425,1.446552741530548,1.00241210605964,0.9620942190096484,0.1347387621219804,-1.5282799199849593,0.9800998962046765,0.9492697418926713,,,,
D7-p3_e10_r011,adapt,0.28006506396923214,0.11,0.09967807938873137,1.5018048900552876,1.0213657350229406,0.8398245945595422,-0.10766299271652374,-1.4493367475488297,0.9909457604737152,0.9733879851555641,,,,
D7-p3_e10_r011,adaptX,1.2211787339765579,0.11,0.09967807938873137,1.5018048900552876,1.0213657350229406,0.8398245945595422,-0.10766299271652374,-1.4493367475488297,0.9909457604737152,0.9733879851555641,,,,
D7-p3_e10_r011,HA50,0.008364362991414964,,-1.7288458875313508,-7.651984593479203,-0.9219943460129179,13.185886974432767,-0.5053437119160152,-0.1948407439534422,0.7361734542468444,0.2085902722988622,,,,
D7-p3_e10_r011,TA(0.05),0.2815496319672093,0.04,0.012064813801729258,-0.11735976516464648,0.7937020257295168,0.8689123679550524,-22.84214676630148,-0.18836943825873323,1.1590196244909863,0.9446929603968277,,,,
D7-p3_e10_r011,TA(0.10),0.28165903594344854,0.11,-0.09282801112902918,-1.448511299972199,0.9840141883479425,0.9691454170827392,0.09001378925942513,1.505313989932534,1.0311441226009272,0.8492632450633629,,,,
D7-p3_e10_r011,TA(0.15),0.28097443701699376,0.11,-0.11612156856923796,-1.4482730270355548,0.9862628555153438,0.9832869642992759,0.11280127191343628,1.5013279772326513,1.029529097216804,0.8274970675072459,,,,
D7-p3_e10_r011,TA(0.25),0.2810387269128114,0.11,0.11280127191343628,1.5013279772326513,1.029529097216804,0.8274970675072459,-0.11612156856923796,-1.4482730270355548,0.9862628555153438,0.9832869642992759,,,,
D7-p3_e10_r011,TA(0.40),0.28248456795699894,0.11,-0.10449922894774014,-1.4475650701654255,0.9781238415868988,0.9763163238249226,0.10009328397835356,1.5040628680718846,1.037881675480804,0.8348172156697604,,,,
D7-p3_e20_r011,adapt,0.23961721605155617,0.17333333333333334,-0.058582044038758406,-1.555871203635501,0.9962823443190936,1.0181144689096278,-0.04021866737106259,1.613853753863849,0.961107795303338,1.0606284574821265,,,,
D7-p3_e20_r011,adaptX,1.2002588110044599,0.18333333333333332,-0.07506562048678503,-1.5727870728267737,1.0057805559143551,1.0289242058830834,-0.04283913929740523,1.615260099353117,0.9607912909202382,1.0630835081932057,,,,
D7-p3_e20_r011,HA50,0.007571820984594524,,-20.991418637861543,-1.1417780626477207,1.898454479368936,0.789435330931266,1.734739540598142,0.46698851716561307,0.8041905295177144,0.8597347373876744,,,,
D7-p3_e20_r011,TA(0.05),0.24122361605986953,0.09333333333333334,-0.1995005423819392,0.28699602958240034,0.9406289141342751,0.8555164764991262,21.902731404999063,0.058913278651918984,0.20135680684964738,0.8508547882496913,,,,
D7-p3_e20_r011,TA(0.10),0.24070226401090622,0.08666666666666667,-21.158142172921124,-3.6657677705511316,3.1414569318397954,-0.13874840669237437,0.011404059652738618,0.09674704878935886,1.0330705922864305,0.7629678371459077,,,,
D7-p3_e20_r011,TA(0.15),0.2402257330249995,0.17333333333333334,-0.04339199048868908,1.6137867240261037,0.9631274036535867,1.0607762192482706,-0.06362886141822333,-1.555722365708909,0.9973589778815215,1.0189093574353603,,,,
D7-p3_e20_r011,TA(0.25),0.24047601001802832,0.17666666666666667,4.9225062870687704e-05,-1.575855660492147,1.0123901970973332,1.0127911456460668,-0.07133762647217924,1.615148051369206,0.9356933225298151,1.0701419321307928,,,,
D7-p3_e20_r011,TA(0.40),0.2404134259559214,0.18666666666666668,0.04175377522027878,-1.6121411960062295,1.0155416480098456,1.0289987055147465,-0.0737729536485287,1.615161327619004,0.9381532712115948,1.0700730983884923,,,,
D7-p3_e30_r011,adapt,0.2411313719348982,0.3233333333333333,0.05140553330526323,-1.532676467105131,1.0567328375712155,0.9246481510103469,-0.048578968773532086,1.5353502290155647,1.0131665712705673,1.053898544642231,,,,
D7-p3_e30_r011,adaptX,1.124847859959118,0.3233333333333333,-0.048578968773532086,1.5353502290155647,1.0131665712705673,1.053898544642231,0.05140553330526323,-1.532676467105131,1.0567328375712155,0.9246481510103469,,,,
D7-p3_e30_r011,HA50,0.007280639954842627,,-3.7522499140180945,-0.3866266125438951,0.9795919648230257,1.4000571275526583,21.65565925044209,0.43491348196611673,0.6981218761919181,0.5020800072449589,,,,
D7-p3_e30_r011,TA(0.05),0.24265457410365343,0.13333333333333333,21.65565925044209,0.43491348196611673,0.6981218761919181,0.5020800072449589,0.1333115699849293,-0.010642799158174265,0.8803688496221868,0.9789006723490336,,,,
D7-p3_e30_r011,TA(0.10),0.24227450403850526,0.13333333333333333,21.65565925044209,0.43491348196611673,0.6981218761919181,0.5020800072449589,0.1333115699849293,-0.010642799158174265,0.8803688496221868,0.9789006723490336,,,,
D7-p3_e30_r011,TA(0.15),0.2421680080005899,0.13333333333333333,21.65565925044209,0.43491348196611673,0.6981218761919181,0.5020800072449589,0.1333115699849293,-0.010642799158174265,0.8803688496221868,0.9789006723490336,,,,
D7-p3_e30_r011,TA(0.25),0.2421501469798386,0.14,20.435881350269554,1.0880518676286057,-1.1619158400247103,-0.26473421432758515,-0.030235091759822974,0.08967262753126751,0.7514825031462574,0.9260903628166476,,,,
D7-p3_e30_r011,TA(0.40),0.24234389094635844,0.3233333333333333,0.05140553330526323,-1.532676467105131,1.0567328375712155,0.9246481510103469,-0.048578968773532086,1.5353502290155647,1.0131665712705673,1.053898544642231,,,,
D8-K2par-sep_e00_r011,adapt,0.05964902904815972,0.016666666666666666,-3.121132324102555,0.9336676124083518,2.9795449387757302,1.0756192215073457,,,,,,,,
D8-K2par-sep_e00_r011,adaptX,0.06326251197606325,0.016666666666666666,2.9795449387757302,1.0756192215073457,-3.121132324102555,0.9336676124083518,,,,,,,,
D8-K2par-sep_e00_r011,HA50,0.009369962965138257,,2.9795449387757302,1.0756192215073457,-3.138303582374104,0.9510241161580476,,,,,,,,
D8-K2par-sep_e00_r011,TA(0.05),0.0633678319863975,0.016666666666666666,2.9795449387757302,1.0756192215073457,-3.121132324102555,0.9336676124083518,,,,,,,,
D8-K2par-sep_e00_r011,TA(0.10),0.06147206190507859,0.016666666666666666,2.9795449387757302,1.0756192215073457,-3.121132324102555,0.9336676124083518,,,,,,,,
D8-K2par-sep_e00_r011,TA(0.15),0.061716172960586846,0.016666666666666666,-3.121132324102555,0.9336676124083518,2.9795449387757302,1.0756192215073457,,,,,,,,
D8-K2par-sep_e00_r011,TA(0.25),0.06118336389772594,0.016666666666666666,-3.121132324102555,0.9336676124083518,2.9795449387757302,1.0756192215073457,,,,,,,,
D8-K2par-sep_e00_r011,TA(0.40),0.06163746095262468,0.016666666666666666,2.9795449387757302,1.0756192215073457,-3.121132324102555,0.9336676124083518,,,,,,,,
D8-K2par-sep_e05_r011,adapt,0.049961169017478824,0.06333333333333334,2.98855505631742,0.9633425323938756,-3.0807913543488468,0.9536192580614344,,,,,,,,
D8-K2par-sep_e05_r011,adaptX,0.05929141689557582,0.06333333333333334,-3.0807913543488468,0.9536192580614344,2.98855505631742,0.9633425323938756,,,,,,,,
D8-K2par-sep_e05_r011,HA50,0.00890396605245769,,-23.156013600502398,-0.8209624700595889,0.5824195622072517,1.0471600849965153,,,,,,,,
D8-K2par-sep_e05_r011,TA(0.05),0.05115497298538685,0.06333333333333334,-3.0807913543488468,0.9536192580614344,2.98855505631742,0.9633425323938756,,,,,,,,
D8-K2par-sep_e05_r011,TA(0.10),0.052011281019076705,0.06333333333333334,2.98855505631742,0.9633425323938756,-3.0807913543488468,0.9536192580614344,,,,,,,,
D8-K2par-sep_e05_r011,TA(0.15),0.05082240409683436,0.06333333333333334,2.98855505631742,0.9633425323938756,-3.0807913543488468,0.9536192580614344,,,,,,,,
D8-K2par-sep_e05_r011,TA(0.25),0.05126652808394283,0.06333333333333334,2.98855505631742,0.9633425323938756,-3.0807913543488468,0.9536192580614344,,,,,,,,
D8-K2par-sep_e05_r011,TA(0.40),0.05186725896783173,0.06333333333333334,-3.0807913543488468,0.9536192580614344,2.98855505631742,0.9633425323938756,,,,,,,,
D8-K2par-sep_e10_r011,adapt,0.051342635066248477,0.09,-3.0130897051655325,0.9870031648328755,3.0489498084581514,0.959733683290072,,,,,,,,
D8-K2par-sep_e10_r011,adaptX,0.055982515099458396,0.09,3.0489498084581514,0.959733683290072,-3.0130897051655325,0.9870031648328755,,,,,,,,
D8-K2par-sep_e10_r011,HA50,0.009387955884449184,,-21.855774840955657,0.555565976644199,0.9968411334697479,0.9244871987096897,,,,,,,,
D8-K2par-sep_e10_r011,TA(0.05),0.05351589899510145,0.09,-3.0130897051655325,0.9870031648328755,3.0489498084581514,0.959733683290072,,,,,,,,
D8-K2par-sep_e10_r011,TA(0.10),0.05228286993224174,0.09,-3.0130897051655325,0.9870031648328755,3.0489498084581514,0.959733683290072,,,,,,,,
D8-K2par-sep_e10_r011,TA(0.15),0.05289547296706587,0.09,3.0489498084581514,0.959733683290072,-3.0130897051655325,0.9870031648328755,,,,,,,,
D8-K2par-sep_e10_r011,TA(0.25),0.05337051802780479,0.09,3.0489498084581514,0.959733683290072,-3.0130897051655325,0.9870031648328755,,,,,,,,
D8-K2par-sep_e10_r011,TA(0.40),0.05257815297227353,0.09,3.0489498084581514,0.959733683290072,-3.0130897051655325,0.9870031648328755,,,,,,,,
D8-K2par-sep_e20_r011,adapt,0.058128218981437385,0.2,3.0229745900327027,0.9711476451273284,-2.924538267524817,1.0584041899044683,,,,,,,,
D8-K2par-sep_e20_r011,adaptX,0.06608322099782526,0.2,-2.924538267524817,1.0584041899044683,3.0229745900327027,0.9711476451273284,,,,,,,,
D8-K2par-sep_e20_r011,HA50,0.013232009019702673,,2.0936958192918573,0.8682366488208879,-22.689706672375493,2.0791401268988317,,,,,,,,
D8-K2par-sep_e20_r011,TA(0.05),0.06133136397693306,0.08,0.22987413871812531,0.9364850366353352,-22.689706672375493,2.0791401268988317,,,,,,,,
D8-K2par-sep_e20_r011,TA(0.10),0.061893983045592904,0.08333333333333333,0.17506890251778412,0.8937320691626891,-22.689706672375493,2.0791401268988317,,,,,,,,
D8-K2par-sep_e20_r011,TA(0.15),0.06027914397418499,0.2,-2.924538267524817,1.0584041899044683,3.0229745900327027,0.9711476451273284,,,,,,,,
D8-K2par-sep_e20_r011,TA(0.25),0.0591842329595238,0.2,3.0229745900327027,0.9711476451273284,-2.924538267524817,1.0584041899044683,,,,,,,,
D8-K2par-sep_e20_r011,TA(0.40),0.06152927700895816,0.2,-2.924538267524817,1.0584041899044683,3.0229745900327027,0.9711476451273284,,,,,,,,
D8-K2par-sep_e30_r011,adapt,0.06086233595851809,0.31666666666666665,-2.9291853121975966,0.9804304957809103,2.8809986420115123,0.9665921653508112,,,,,,,,
D8-K2par-sep_e30_r011,adaptX,0.06201253191102296,0.31666666666666665,-2.9291853121975966,0.9804304957809103,2.8809986420115123,0.9665921653508112,,,,,,,,
D8-K2par-sep_e30_r011,HA50,0.013894494972191751,,22.30937257495353,0.7902476431570277,-3.049595731205232,0.6873638615929211,,,,,,,,
D8-K2par-sep_e30_r011,TA(0.05),0.06455296103376895,0.11,22.30937257495353,0.7902476431570277,0.026684752593490985,1.1161577972759587,,,,,,,,
D8-K2par-sep_e30_r011,TA(0.10),0.0625692670000717,0.11,22.30937257495353,0.7902476431570277,0.08120276401926417,1.0682715271433887,,,,,,,,
D8-K2par-sep_e30_r011,TA(0.15),0.061668440932407975,0.11,0.08120276401926417,1.0682715271433887,22.30937257495353,0.7902476431570277,,,,,,,,
D8-K2par-sep_e30_r011,TA(0.25),0.061946065980009735,0.10333333333333333,15.9462459799931,4.762932703463072,-0.7770405754380035,1.685592120820243,,,,,,,,
D8-K2par-sep_e30_r011,TA(0.40),0.06337749399244785,0.31666666666666665,2.8809986420115123,0.9665921653508112,-2.9291853121975966,0.9804304957809103,,,,,,,,
D1-K2cross_e00_r012,adapt,0.06309208797756582,0.016666666666666666,-0.03524680881577628,-1.4801934536470622,0.0723879990787815,1.4508740355887815,,,,,,,,
D1-K2cross_e00_r012,adaptX,0.06394547002855688,0.016666666666666666,-0.03524680881577628,-1.4801934536470622,0.0723879990787815,1.4508740355887815,,,,,,,,
D1-K2cross_e00_r012,HA50,0.011734804953448474,,-0.055226177526836194,-1.4917617853242373,0.0699387667830402,1.470655445204217,,,,,,,,
D1-K2cross_e00_r012,TA(0.05),0.06466334103606641,0.01,-0.01590984448884888,-1.47843523681229,0.0744205216848565,1.4510439710161886,,,,,,,,
D1-K2cross_e00_r012,TA(0.10),0.06590464897453785,0.01,0.0744205216848565,1.4510439710161886,-0.01590984448884888,-1.47843523681229,,,,,,,,
D1-K2cross_e00_r012,TA(0.15),0.06646414299029857,0.013333333333333334,-0.033029632720348055,-1.4765806895468732,0.0744205216848565,1.4510439710161886,,,,,,,,
D1-K2cross_e00_r012,TA(0.25),0.06502278288826346,0.013333333333333334,0.0744205216848565,1.4510439710161886,-0.033029632720348055,-1.4765806895468732,,,,,,,,
D1-K2cross_e00_r012,TA(0.40),0.06416649790480733,0.013333333333333334,-0.020667759340743653,-1.4815045938275866,0.08576408996636077,1.446044293175527,,,,,,,,
D1-K2cross_e05_r012,adapt,0.0499701559310779,0.07,0.033338918392640034,1.513582261416796,-0.1917562359115099,-1.5241523888373394,,,,,,,,
D1-K2cross_e05_r012,adaptX,0.053568790084682405,0.07333333333333333,-0.20241947738326277,-1.5243624744665758,0.07242362095416681,1.5102468243044578,,,,,,,,
D1-K2cross_e05_r012,HA50,0.005181644926778972,,24.42598883860268,1.340714625019226,-0.5886776651747085,-0.08446559097794021,,,,,,,,
D1-K2cross_e05_r012,TA(0.05),0.05097317509353161,0.07,0.033338918392640034,1.513582261416796,-0.1917562359115099,-1.5241523888373394,,,,,,,,
D1-K2cross_e05_r012,TA(0.10),0.05143573705572635,0.07333333333333333,-0.1917562359115099,-1.5241523888373394,0.046444070536517154,1.5015737013929198,,,,,,,,
D1-K2cross_e05_r012,TA(0.15),0.05162277608178556,0.08333333333333333,-0.20433089164012272,-1.5243924362942245,0.10025911138496053,1.4978010296829984,,,,,,,,
D1-K2cross_e05_r012,TA(0.25),0.051489240024238825,0.08333333333333333,-0.21117483401166554,-1.5244839536556554,0.12353548537367717,1.5044034200579322,,,,,,,,
D1-K2cross_e05_r012,TA(0.40),0.05132365401368588,0.08,0.09430467706160514,1.4889109638514184,-0.21192403232028803,-1.5244745593096023,,,,,,,,
D1-K2cross_e10_r012,adapt,0.05115462897811085,0.11666666666666667,-0.013891728351399655,-1.5608238264792402,-0.07550290162642688,1.5433619258289908,,,,,,,,
D1-K2cross_e10_r012,adaptX,0.06003915495239198,0.11666666666666667,-0.07550290162642688,1.5433619258289908,-0.013891728351399655,-1.5608238264792402,,,,,,,,
D1-K2cross_e10_r012,HA50,0.010503099067136645,,1.0873724977252357,-0.11243510583066978,-23.24933962090124,0.5628890502274099,,,,,,,,
D1-K2cross_e10_r012,TA(0.05),0.05385113798547536,0.05,-24.288642197143137,1.0213759759615701,-0.08432605270425633,0.04706715063278716,,,,,,,,
D1-K2cross_e10_r012,TA(0.10),0.052762193023227155,0.11666666666666667,-0.07839260296707772,1.5432490167092523,-0.010967312816970947,-1.5607336610726337,,,,,,,,
D1-K2cross_e10_r012,TA(0.15),0.05317911703605205,0.11666666666666667,-0.010967312816970947,-1.5607336610726337,-0.07839260296707772,1.5432490167092523,,,,,,,,
D1-K2cross_e10_r012,TA(0.25),0.05326536705251783,0.11666666666666667,-0.07839260296707772,1.5432490167092523,-0.010967312816970947,-1.5607336610726337,,,,,,,,
D1-K2cross_e10_r012,TA(0.40),0.051817868021316826,0.11666666666666667,-0.013891728351399655,-1.5608238264792402,-0.07550290162642688,1.5433619258289908,,,,,,,,
