unit,method,time,alpha_hat,b1,b2,b3,b4,b5,b6,b7,b8,b9,b10,b11,b12
D1-K2cross_e20_r012,adapt,0.053969485976267606,0.20666666666666667,0.17888081606631573,1.5737448515770904,-0.13419706573375534,-1.5547354296879623,,,,,,,,
D1-K2cross_e20_r012,adaptX,0.054575637012021616,0.20666666666666667,0.17888081606631573,1.5737448515770904,-0.13419706573375534,-1.5547354296879623,,,,,,,,
D1-K2cross_e20_r012,HA50,0.011107133992481977,,-21.163659537482705,-0.004892370848091269,2.5785627594586877,-0.5918651160834969,,,,,,,,
D1-K2cross_e20_r012,TA(0.05),0.0548063569876831,0.1,-21.163659537482705,-0.004892370848091269,0.14401126261151523,-0.1513481247831974,,,,,,,,
D1-K2cross_e20_r012,TA(0.10),0.055310588009888306,0.1,-21.163659537482705,-0.004892370848091269,0.14401126261151523,-0.1513481247831974,,,,,,,,
D1-K2cross_e20_r012,TA(0.15),0.06334141199477017,0.15666666666666668,-0.6427212540691603,-0.8137027825755946,12.035277892994344,-3.302704602579575,,,,,,,,
D1-K2cross_e20_r012,TA(0.25),0.05583288901834749,0.20666666666666667,-0.13371187108121388,-1.554750768345669,0.17849473697441764,1.573780326590974,,,,,,,,
D1-K2cross_e20_r012,TA(0.40),0.05475589298293926,0.20666666666666667,0.1711897509050761,1.57392799239994,-0.1419884795068192,-1.5548456468200353,,,,,,,,
D1-K2cross_e30_r012,adapt,0.08586322498740628,0.31666666666666665,0.003405725932053312,-1.5577137493604933,0.1576994598451486,1.493307818019823,,,,,,,,
D1-K2cross_e30_r012,adaptX,0.11907867999980226,0.31666666666666665,0.003405725932053312,-1.5577137493604933,0.1576994598451486,1.493307818019823,,,,,,,,
D1-K2cross_e30_r012,HA50,0.02623890500399284,,-21.78478477827325,-0.5330298956160864,4.825608112392232,-0.2540875540600658,,,,,,,,
D1-K2cross_e30_r012,TA(0.05),0.08803730399813503,0.16333333333333333,0.848494307462845,0.08887902393664605,-21.78478477827325,-0.5330298956160864,,,,,,,,
D1-K2cross_e30_r012,TA(0.10),0.08720591399469413,0.16333333333333333,0.848494307462845,0.08887902393664605,-21.78478477827325,-0.5330298956160864,,,,,,,,
D1-K2cross_e30_r012,TA(0.15),0.08711324297473766,0.15,0.8001513784907954,0.05285624104935785,21.302529152781638,-0.32818206081294976,,,,,,,,
D1-K2cross_e30_r012,TA(0.25),0.08684406202519313,0.15,0.2749651293398809,-0.35926741696117515,17.31360733899202,-3.1838860795024893,,,,,,,,
D1-K2cross_e30_r012,TA(0.40),0.08799152501160279,0.31666666666666665,0.007137750554317067,-1.5570184440360042,0.1605976057210608,1.4930470796246147,,,,,,,,
D2-K3par_e00_r012,adapt,0.3196271060151048,0.01,-0.15509245096372823,1.2883806113221556,2.960911261947125,1.2404161795932063,-3.0679081777011676,0.9917551095849575,,,,,,
D2-K3par_e00_r012,adaptX,0.23958974200650118,0.01,-0.04318055818684877,1.2333979707399765,2.9650142888874154,1.2211397534957136,-2.953374901222363,0.9476992256645478,,,,,,
D2-K3par_e00_r012,HA50,0.022558882978046313,,-3.135054545603911,1.007725177106226,2.900126518750834,1.1456038509172102,-0.21897460447823283,1.2221534890540353,,,,,,
D2-K3par_e00_r012,TA(0.05),0.3210932800138835,0.006666666666666667,2.891420859939867,1.144925683397202,-2.90804594140107,0.9207471276385694,-0.04193832072879591,1.1396186208167227,,,,,,
D2-K3par_e00_r012,TA(0.10),0.32247437999467365,0.01,2.921079135998303,1.1485565964719904,-2.90804594140107,0.9207471276385694,-0.014121052532836626,1.141598853909278,,,,,,
D2-K3par_e00_r012,TA(0.15),0.32279636000748724,0.01,0.020629406993097267,1.1541135140804535,-2.8925151332826236,0.9119585709960226,2.9446150030084475,1.1720265149843345,,,,,,
D2-K3par_e00_r012,TA(0.25),0.3221129770099651,0.01,2.955980393389938,1.2569080485549795,-0.15096749818852986,1.312796632755586,-3.031356637840417,1.0148951867832285,,,,,,
D2-K3par_e00_r012,TA(0.40),0.32346394198248163,0.01,-3.031356637840417,1.0148951867832285,2.9077604299158213,1.318733042154549,-0.1982308123774417,1.3570397860750723,,,,,,
D2-K3par_e05_r012,adapt,0.48750426500919275,0.03666666666666667,0.2185640841554104,0.9996403625209421,3.1653413865319906,1.0836334683250848,-3.0991653942441846,1.0582607563674489,,,,,,
D2-K3par_e05_r012,adaptX,0.2803074090043083,0.04,3.1340400603856757,1.0452377922737752,-3.0991653942441846,1.0582607563674489,0.2156309521388594,0.9701360196448418,,,,,,
D2-K3par_e05_r012,HA50,0.01600096799666062,,-0.362911772589821,0.6174686274214818,-26.625902552810647,0.8246016368451434,13.7956110112787,-3.071766172499929,,,,,,
D2-K3par_e05_r012,TA(0.05),0.48983288899762556,0.03666666666666667,3.1653413865319906,1.0836334683250848,0.2185640841554104,0.9996403625209421,-3.0991653942441846,1.0582607563674489,,,,,,
D2-K3par_e05_r012,TA(0.10),0.48890129002393223,0.04,0.2156309521388594,0.9701360196448418,-3.0991653942441846,1.0582607563674489,3.1340400603856757,1.0452377922737752,,,,,,
D2-K3par_e05_r012,TA(0.15),0.4913660919992253,0.04,3.1340400603856757,1.0452377922737752,0.1985845193535811,0.9629288288855091,-3.1144798088169283,1.0535602790359417,,,,,,
D2-K3par_e05_r012,TA(0.25),0.49068828200688586,0.04,0.2489060803962259,0.9447719358103285,3.1340400603856757,1.0452377922737752,-3.0553532729757915,1.0310956455056757,,,,,,
D2-K3par_e05_r012,TA(0.40),0.4889759009820409,0.04,3.1272028823425435,1.0280806485943141,-3.0950023267493427,1.0031481784962215,0.19767522016270214,0.8830516790402112,,,,,,
D2-K3par_e10_r012,adapt,0.5650364570028614,0.12,-0.10314260241616498,0.9661967330352896,3.2034220745697484,1.1133921280051202,-3.2023520378551242,0.994916389972472,,,,,,
D2-K3par_e10_r012,adaptX,0.2758139520010445,0.12,-3.2023520378551242,0.994916389972472,3.2034220745697484,1.1133921280051202,-0.10314260241616498,0.9661967330352896,,,,,,
D2-K3par_e10_r012,HA50,0.017515487008495256,,-23.1562475615154,2.0132017763872594,25.995890403323276,1.4055565562624437,-0.03333157789769383,0.9165756133776799,,,,,,
D2-K3par_e10_r012,TA(0.05),0.5665672030008864,0.043333333333333335,2.445513701181069,1.167240269805067,-23.1562475615154,2.0132017763872594,-2.400459440979326,1.079448095437967,,,,,,
D2-K3par_e10_r012,TA(0.10),0.5662526259839069,0.09333333333333334,2.571653973059901,1.2054384312234798,-2.3015974709205453,1.0615403690209853,-14.694385896540648,7.703586510452199,,,,,,
D2-K3par_e10_r012,TA(0.15),0.5665210100123659,0.12,-3.2023520378551242,0.994916389972472,3.186212503774453,1.1181075143464083,-0.1225598387554132,0.972242007338232,,,,,,
D2-K3par_e10_r012,TA(0.25),0.568208122975193,0.12,-3.2023520378551242,0.994916389972472,3.2034220745697484,1.1133921280051202,-0.10314260241616498,0.9661967330352896,,,,,,
D2-K3par_e10_r012,TA(0.40),0.5679020019888412,0.12,3.186212503774453,1.1181075143464083,-0.14218532654295313,0.9867245184120473,-3.2221594469412564,1.0067601487464426,,,,,,
D2-K3par_e20_r012,adapt,0.3737097739940509,0.22,2.9668976746074978,1.1938885000558959,-0.1562968902315724,1.1083968342024004,-3.1303207027866478,0.9594208531481325,,,,,,
D2-K3par_e20_r012,adaptX,0.27044728299370036,0.22,-0.08378884855904765,1.0895249428308864,-3.094873302991216,0.9441050398237602,3.0027474033536365,1.1846515504455821,,,,,,
D2-K3par_e20_r012,HA50,0.013770622987067327,,21.36130727382412,0.7285662071037394,0.01915162601642824,1.1268921687882267,-23.737068066737546,1.4863221263855941,,,,,,
D2-K3par_e20_r012,TA(0.05),0.37592462700558826,0.0,-23.737068066737546,1.4863221263855941,0.01915162601642824,1.1268921687882267,21.723491999594852,0.8022350018921549,,,,,,
D2-K3par_e20_r012,TA(0.10),0.3748167619924061,0.10333333333333333,-23.737068066737546,1.4863221263855941,2.3646559244708785,1.3144638420643997,-2.290417105096734,1.0576101751887437,,,,,,
D2-K3par_e20_r012,TA(0.15),0.3755650329985656,0.12666666666666668,22.575807638685543,1.39314154548322,2.2675337698368456,1.2970031319087407,-2.3579787644636996,1.0334705148213983,,,,,,
D2-K3par_e20_r012,TA(0.25),0.37594555999385193,0.22,2.9668976746074978,1.1938885000558959,-0.1562968902315724,1.1083968342024004,-3.1303207027866478,0.9594208531481325,,,,,,
D2-K3par_e20_r012,TA(0.40),0.37716413298039697,0.22,-0.40721926743082476,1.2655081682616518,-3.194735355667205,1.0030598781293183,2.753430704389318,1.3193467877869165,,,,,,
D2-K3par_e30_r012,adapt,0.3183715879858937,0.17666666666666667,2.0469142291851745,0.7998614022623747,-2.4908497494239485,0.7839100299033176,20.73930066239602,1.2791308258047438,,,,,,
D2-K3par_e30_r012,adaptX,0.2568372600071598,0.2966666666666667,-0.10132013362880145,1.091330945426318,2.813864050285881,0.9837628343156206,-3.154584181217831,1.0054047664199786,,,,,,
D2-K3par_e30_r012,HA50,0.013610472989967093,,20.73930066239602,1.2791308258047438,-0.1908106930992478,0.9331770609029559,-22.639790157955005,1.5306437667997501,,,,,,
D2-K3par_e30_r012,TA(0.05),0.3201600559987128,0.0033333333333333335,-0.14692742243824786,0.9034375961551706,20.73930066239602,1.2791308258047438,-22.639790157955005,1.5306437667997501,,,,,,
D2-K3par_e30_r012,TA(0.10),0.321206823020475,0.0033333333333333335,-22.639790157955005,1.5306437667997501,20.73930066239602,1.2791308258047438,-0.14692742243824786,0.9034375961551706,,,,,,
D2-K3par_e30_r012,TA(0.15),0.3192045110045001,0.13,-22.835629389362822,1.570927864293598,2.069814850064607,0.7892451505501213,-2.4704648957433006,0.7751828122693426,,,,,,
D2-K3par_e30_r012,TA(0.25),0.3198783749830909,0.12666666666666668,-22.639790157955005,1.5306437667997501,-2.4785670020702577,0.7326215783936902,2.077317281793428,0.7491659286933252,,,,,,
D2-K3par_e30_r012,TA(0.40),0.3213686569943093,0.2966666666666667,2.63660614359136,1.0400759273488591,-0.377739603827533,1.1867634552195703,-3.261930047146826,1.0772503057805216,,,,,,
D3-unequal_e00_r012,adapt,0.10364888998446986,0.02666666666666667,0.03450314399173031,1.5929797853416046,0.08226675800146861,-1.5015697154770422,,,,,,,,
D3-unequal_e00_r012,adaptX,0.12072976998751983,0.02666666666666667,0.06226981574051923,-1.4899320938525826,0.03450314399173031,1.5929797853416046,,,,,,,,
D3-unequal_e00_r012,HA50,0.02529955399222672,,0.04567355393851848,-1.5116926547764922,0.038300954411340835,1.5756732527723698,,,,,,,,
D3-unequal_e00_r012,TA(0.05),0.10570802699658088,0.02666666666666667,0.03450314399173031,1.5929797853416046,0.08109474620890111,-1.505995982599091,,,,,,,,
D3-unequal_e00_r012,TA(0.10),0.1049970599997323,0.02666666666666667,0.08226675800146861,-1.5015697154770422,0.03450314399173031,1.5929797853416046,,,,,,,,
D3-unequal_e00_r012,TA(0.15),0.10715660598361865,0.02666666666666667,0.03450314399173031,1.5929797853416046,0.07188749427838499,-1.4977933355107613,,,,,,,,
D3-unequal_e00_r012,TA(0.25),0.10561301599955186,0.02666666666666667,0.08226472417477815,-1.5059400964198737,0.03195319525257375,1.5930195029746967,,,,,,,,
D3-unequal_e00_r012,TA(0.40),0.10652367700822651,0.23666666666666666,1.1141220459321164,-1.4199939323056652,-0.5033347478451774,-1.4532035485038732,,,,,,,,
D3-unequal_e05_r012,adapt,0.10543572102324106,0.04666666666666667,0.04211880140412373,-1.5693295824499915,-0.00949541721590823,1.4586400782019613,,,,,,,,
D3-unequal_e05_r012,adaptX,0.1224434940086212,0.04666666666666667,0.04211880140412373,-1.5693295824499915,-0.00949541721590823,1.4586400782019613,,,,,,,,
D3-unequal_e05_r012,HA50,0.025722182006575167,,-0.7631563955984195,-0.8842590059113937,19.595404833810644,-5.4574814752345295,,,,,,,,
D3-unequal_e05_r012,TA(0.05),0.12442689700401388,0.04666666666666667,-0.00949541721590823,1.4586400782019613,0.04211880140412373,-1.5693295824499915,,,,,,,,
D3-unequal_e05_r012,TA(0.10),0.10795715701533481,0.04666666666666667,-0.017575767870184517,1.4571287741754542,0.03804924216762309,-1.569905406954419,,,,,,,,
D3-unequal_e05_r012,TA(0.15),0.10662783699808642,0.04666666666666667,0.04211880140412373,-1.5693295824499915,-0.00949541721590823,1.4586400782019613,,,,,,,,
D3-unequal_e05_r012,TA(0.25),0.1085993199958466,0.04666666666666667,0.030493822030919136,1.4718412941660064,0.03323700619472608,-1.569010107759329,,,,,,,,
D3-unequal_e05_r012,TA(0.40),0.1079739960259758,0.24666666666666667,-0.6839022457286588,-1.5256808274891769,1.0979061151892802,-1.5266863321929767,,,,,,,,
D3-unequal_e10_r012,adapt,0.10560298900236376,0.10333333333333333,-0.17545597681936123,1.4818225562304654,-0.09396006532125979,-1.5532767760394337,,,,,,,,
D3-unequal_e10_r012,adaptX,0.12478253000881523,0.10333333333333333,-0.09396006532125979,-1.5532767760394337,-0.17545597681936123,1.4818225562304654,,,,,,,,
D3-unequal_e10_r012,HA50,0.026422800990985706,,-1.0751375196078339,-0.717420626771709,23.180283802599718,-0.2663229293576864,,,,,,,,
D3-unequal_e10_r012,TA(0.05),0.12007652799366042,0.056666666666666664,-0.06414440049989317,-0.7330343983755813,23.180283802599718,-0.2663229293576864,,,,,,,,
D3-unequal_e10_r012,TA(0.10),0.10759270898415707,0.10333333333333333,-0.17545597681936123,1.4818225562304654,-0.09396006532125979,-1.5532767760394337,,,,,,,,
D3-unequal_e10_r012,TA(0.15),0.11657643099897541,0.10333333333333333,-0.17545597681936123,1.4818225562304654,-0.09396006532125979,-1.5532767760394337,,,,,,,,
D3-unequal_e10_r012,TA(0.25),0.1063197850016877,0.10333333333333333,-0.09396006532125979,-1.5532767760394337,-0.17545597681936123,1.4818225562304654,,,,,,,,
D3-unequal_e10_r012,TA(0.40),0.10614488800638355,0.10333333333333333,-0.184266451753673,1.4820013999308879,-0.08912907286251295,-1.5533955390034127,,,,,,,,
D3-unequal_e20_r012,adapt,0.10738079200382344,0.18666666666666668,0.0967519480120078,-1.6296396068397072,0.16936621642360278,1.48059339870297,,,,,,,,
D3-unequal_e20_r012,adaptX,0.11725777998799458,0.18666666666666668,0.22818286591880865,1.500947819825494,0.12791881219190343,-1.6202331936749717,,,,,,,,
D3-unequal_e20_r012,HA50,0.027167823020135984,,-24.384220329914065,-0.7018652259296871,2.155626980913064,-0.8939715239987014,,,,,,,,
D3-unequal_e20_r012,TA(0.05),0.12670253499527462,0.14,-24.384220329914065,-0.7018652259296871,0.2813175184854023,-1.090289546281909,,,,,,,,
D3-unequal_e20_r012,TA(0.10),0.10924086600425653,0.18,-24.005989516939113,-1.02837461669412,0.13476944381191858,-1.2856297021669587,,,,,,,,
D3-unequal_e20_r012,TA(0.15),0.10922350201872177,0.18333333333333332,0.1578714894498058,-1.4942183133849658,17.60329163719178,-4.11257288091896,,,,,,,,
D3-unequal_e20_r012,TA(0.25),0.10868139899685048,0.18666666666666668,0.16936621642360278,1.48059339870297,0.0967519480120078,-1.6296396068397072,,,,,,,,
D3-unequal_e20_r012,TA(0.40),0.10832151601789519,0.30666666666666664,1.0567877829948784,-1.5562904670451259,-0.7890899702070718,-1.5739290450178405,,,,,,,,
D3-unequal_e30_r012,adapt,0.10591550698154606,0.33666666666666667,-0.025692013977108474,-1.5639450981047995,-0.005292041824342358,1.401742197749875,,,,,,,,
D3-unequal_e30_r012,adaptX,0.11413485300727189,0.33666666666666667,-0.025692013977108474,-1.5639450981047995,-0.005292041824342358,1.401742197749875,,,,,,,,
D3-unequal_e30_r012,HA50,0.028417913999874145,,4.464804885988932,-0.19492876418236346,-22.820768260960115,-0.2815751288967698,,,,,,,,
D3-unequal_e30_r012,TA(0.05),0.10820521702407859,0.16666666666666666,0.017562717720516523,-0.6542279699203067,-22.820768260960115,-0.2815751288967698,,,,,,,,
D3-unequal_e30_r012,TA(0.10),0.10737622799933888,0.16666666666666666,0.017562717720516523,-0.6542279699203067,-22.820768260960115,-0.2815751288967698,,,,,,,,
D3-unequal_e30_r012,TA(0.15),0.10829422500682995,0.16666666666666666,-22.820768260960115,-0.2815751288967698,0.017562717720516523,-0.6542279699203067,,,,,,,,
D3-unequal_e30_r012,TA(0.25),0.10820554598467425,0.16666666666666666,-0.030397414839177808,-0.6965725139325085,-22.820768260960115,-0.2815751288967698,,,,,,,,
D3-unequal_e30_r012,TA(0.40),0.10764402398490347,0.33666666666666667,-0.02057816529892134,-1.5635770384409062,-0.014139178817701506,1.4012648898754876,,,,,,,,
D4-hetero_e00_r012,adapt,0.10082721200888045,0.03666666666666667,0.024272018636828478,-1.5135928815908828,-0.15780614160100245,1.7127480689748242,,,,,,,,
D4-hetero_e00_r012,adaptX,0.10165112299728207,0.03666666666666667,-0.15780614160100245,1.7127480689748242,0.024272018636828478,-1.5135928815908828,,,,,,,,
D4-hetero_e00_r012,HA50,0.02572630997747183,,-0.027014639354864336,-1.5099921299042174,-0.13107834232032953,1.6985657343607752,,,,,,,,
D4-hetero_e00_r012,TA(0.05),0.10354856701451354,0.03666666666666667,0.024272018636828478,-1.5135928815908828,-0.15780614160100245,1.7127480689748242,,,,,,,,
D4-hetero_e00_r012,TA(0.10),0.10245187301188707,0.03666666666666667,-0.15780614160100245,1.7127480689748242,0.024272018636828478,-1.5135928815908828,,,,,,,,
D4-hetero_e00_r012,TA(0.15),0.1017602719948627,0.03333333333333333,-0.15780614160100245,1.7127480689748242,0.03167651361666501,-1.5146220348241617,,,,,,,,
D4-hetero_e00_r012,TA(0.25),0.1037894960027188,0.04,0.031468564565327116,-1.5198661265128757,-0.1339201958727391,1.7309045213120473,,,,,,,,
D4-hetero_e00_r012,TA(0.40),0.10136738000437617,0.04,0.03862052157326739,-1.5182451793292873,-0.12600273824665467,1.7333215440184544,,,,,,,,
D4-hetero_e05_r012,adapt,0.10161739701288752,0.09333333333333334,-0.11850927990995105,1.6213391731418683,0.11238552301137852,-1.4882252141699608,,,,,,,,
D4-hetero_e05_r012,adaptX,0.10082386498106644,0.09333333333333334,-0.11097939152022486,1.6208837070510873,0.10640277041308568,-1.4885347929113897,,,,,,,,
D4-hetero_e05_r012,HA50,0.027921208005864173,,0.7510579771181307,0.003803695321401201,-24.605565621386443,0.3057434169478491,,,,,,,,
D4-hetero_e05_r012,TA(0.05),0.10364828701131046,0.09333333333333334,-0.08608410874803693,1.6192444226582496,0.10692719359543727,-1.4885242302742834,,,,,,,,
D4-hetero_e05_r012,TA(0.10),0.10292219198890962,0.09,-0.13161568503349727,1.6068869301822695,0.10640277041308568,-1.4885347929113897,,,,,,,,
D4-hetero_e05_r012,TA(0.15),0.1022352570143994,0.09333333333333334,0.10886693444621343,-1.4884139737211501,-0.11438532273018774,1.621097015211305,,,,,,,,
D4-hetero_e05_r012,TA(0.25),0.10248790099285543,0.09333333333333334,-0.05984895826752943,1.61732559594356,0.09762319164055132,-1.488880646240151,,,,,,,,
D4-hetero_e05_r012,TA(0.40),0.10318424698198214,0.09333333333333334,0.11238552301137852,-1.4882252141699608,-0.1595147912791981,1.5851470645812422,,,,,,,,
D4-hetero_e10_r012,adapt,0.05287644898635335,0.12,0.05246434652705629,-1.5004214641718627,-0.23539472646517542,1.4976618525235688,,,,,,,,
D4-hetero_e10_r012,adaptX,0.0538718760071788,0.12,-0.23539472646517542,1.4976618525235688,0.05246434652705629,-1.5004214641718627,,,,,,,,
D4-hetero_e10_r012,HA50,0.010149906011065468,,-1.1595118776981457,-0.06289796782010672,23.943622083441433,-0.05223632147138898,,,,,,,,
D4-hetero_e10_r012,TA(0.05),0.05392427000333555,0.06,25.648463656286527,-1.21605494114614,0.07905067792340092,-0.0026885721003248315,,,,,,,,
D4-hetero_e10_r012,TA(0.10),0.0660924679832533,0.12,-0.23539472646517542,1.4976618525235688,0.05246434652705629,-1.5004214641718627,,,,,,,,
D4-hetero_e10_r012,TA(0.15),0.06161417899420485,0.12,-0.23539472646517542,1.4976618525235688,0.05246434652705629,-1.5004214641718627,,,,,,,,
D4-hetero_e10_r012,TA(0.25),0.05450349100283347,0.12,0.05246434652705629,-1.5004214641718627,-0.23265659949207854,1.481324892914695,,,,,,,,
D4-hetero_e10_r012,TA(0.40),0.05424967501312494,0.11666666666666667,0.048006500705019134,-1.50060805341324,-0.20385325623107373,1.4924610594975514,,,,,,,,
D4-hetero_e20_r012,adapt,0.10189958300907165,0.23666666666666666,0.026710617286370964,1.5326099956009003,-0.04539799940616925,-1.4748167674139179,,,,,,,,
D4-hetero_e20_r012,adaptX,0.1108687310188543,0.23333333333333334,-0.0446225229604299,-1.480339966246621,0.10391570744979339,1.5085450520117103,,,,,,,,
D4-hetero_e20_r012,HA50,0.011337505013216287,,2.8022944723090624,-0.3075340091078019,-22.466751882015725,1.2107384941367472,,,,,,,,
D4-hetero_e20_r012,TA(0.05),0.12364619999425486,0.10333333333333333,0.24957206107294547,0.018803406246721836,-22.466751882015725,1.2107384941367472,,,,,,,,
D4-hetero_e20_r012,TA(0.10),0.10394229902885854,0.10333333333333333,0.24957206107294547,0.018803406246721836,-22.466751882015725,1.2107384941367472,,,,,,,,
D4-hetero_e20_r012,TA(0.15),0.10301369000808336,0.14333333333333334,-15.639265564574565,-3.994552762095831,0.588185462729271,-0.5427757131531097,,,,,,,,
D4-hetero_e20_r012,TA(0.25),0.10292037698673084,0.23666666666666666,-0.04355066353899924,-1.4745634982984446,0.030243155239530146,1.5326215680160176,,,,,,,,
D4-hetero_e20_r012,TA(0.40),0.10264244399149902,0.23666666666666666,-0.0035650827966121207,1.545236104101239,-0.04172379441960057,-1.474355692701978,,,,,,,,
D4-hetero_e30_r012,adapt,0.09580363202258013,0.2733333333333333,-0.06929750821528631,-1.4779662255173323,0.025050738529822876,1.3589329211306815,,,,,,,,
D4-hetero_e30_r012,adaptX,0.1243164649931714,0.2733333333333333,-0.06929750821528631,-1.4779662255173323,0.025050738529822876,1.3589329211306815,,,,,,,,
D4-hetero_e30_r012,HA50,0.026544085005298257,,-22.582415093817882,0.18603006201461997,3.248049306214919,0.09033614379591731,,,,,,,,
D4-hetero_e30_r012,TA(0.05),0.09670492701116018,0.12,-0.051634019918406535,-0.4421410735254877,-22.582415093817882,0.18603006201461997,,,,,,,,
D4-hetero_e30_r012,TA(0.10),0.09770295399357565,0.12,-0.051634019918406535,-0.4421410735254877,-22.582415093817882,0.18603006201461997,,,,,,,,
D4-hetero_e30_r012,TA(0.15),0.09820901200873777,0.12,-0.051634019918406535,-0.4421410735254877,-22.582415093817882,0.18603006201461997,,,,,,,,
D4-hetero_e30_r012,TA(0.25),0.09707711800001562,0.2733333333333333,-0.04535081989047105,1.320655728496398,-0.07944202074258709,-1.4765570107163748,,,,,,,,
D4-hetero_e30_r012,TA(0.40),0.09848049000720493,0.2733333333333333,-0.07787511327398706,-1.476920761800235,0.05483265212786023,1.360395477782916,,,,,,,,
D5-leverage_e00_r012,adapt,0.051609774003736675,0.02,0.08352315413394273,1.508146897170169,0.07869069516762726,-1.4532003905247737,,,,,,,,
D5-leverage_e00_r012,adaptX,0.05285683699185029,0.02,0.07869069516762726,-1.4532003905247737,0.08352315413394273,1.508146897170169,,,,,,,,
D5-leverage_e00_r012,HA50,0.009573360992362723,,0.08368952068824267,-1.497898214028842,0.03074584618741009,1.4951790929948103,,,,,,,,
D5-leverage_e00_r012,TA(0.05),0.05262383900117129,0.02666666666666667,0.07869069516762726,-1.4532003905247737,0.05768212618738537,1.4943077846868773,,,,,,,,
D5-leverage_e00_r012,TA(0.10),0.05377474002307281,0.02666666666666667,0.07274410520386629,-1.4544655131541022,0.052102074196602795,1.4929142069665862,,,,,,,,
D5-leverage_e00_r012,TA(0.15),0.06865526299225166,0.02,0.07950679010582244,-1.464177465916547,0.08352315413394273,1.508146897170169,,,,,,,,
D5-leverage_e00_r012,TA(0.25),0.06339689999003895,0.02,0.08352315413394273,1.508146897170169,0.07950679010582244,-1.464177465916547,,,,,,,,
D5-leverage_e00_r012,TA(0.40),0.07050456799333915,0.02666666666666667,0.08719649093713004,-1.4653870424532207,0.052102074196602795,1.4929142069665862,,,,,,,,
D5-leverage_e05_r012,adapt,0.04911368599277921,0.08333333333333333,-0.027188524643981152,1.411595847421969,0.11051344497054877,-1.481906129596931,,,,,,,,
D5-leverage_e05_r012,adaptX,0.054463070002384484,0.08333333333333333,0.06125563090171246,-1.464428876437928,-0.08695725336228262,1.4405863942602632,,,,,,,,
D5-leverage_e05_r012,HA50,0.009892775007756427,,2.1011835979437934,0.015252654853478894,-2.5261626340102645,0.1108159989182215,,,,,,,,
D5-leverage_e05_r012,TA(0.05),0.05214587101363577,0.08333333333333333,-0.08183354377178993,1.440628834312925,0.05629937138328586,-1.4640780935834348,,,,,,,,
D5-leverage_e05_r012,TA(0.10),0.06415196001762524,0.08333333333333333,0.05629937138328586,-1.4640780935834348,-0.08183354377178993,1.440628834312925,,,,,,,,
D5-leverage_e05_r012,TA(0.15),0.06405763298971578,0.08333333333333333,0.050774948519033906,-1.4636410952137322,-0.07610737226178028,1.4406353486546095,,,,,,,,
D5-leverage_e05_r012,TA(0.25),0.06296501299948432,0.08333333333333333,0.06125563090171246,-1.464428876437928,-0.08695725336228262,1.4405863942602632,,,,,,,,
D5-leverage_e05_r012,TA(0.40),0.0657348690147046,0.08333333333333333,-0.10272085376443664,1.447899793927557,0.06125563090171246,-1.464428876437928,,,,,,,,
D5-leverage_e10_r012,adapt,0.04831370699685067,0.1,0.07634255629368131,-1.4922223951866778,0.03410540439933073,1.561656741330793,,,,,,,,
D5-leverage_e10_r012,adaptX,0.05130467799608596,0.1,0.07634255629368131,-1.4922223951866778,0.03410540439933073,1.561656741330793,,,,,,,,
D5-leverage_e10_r012,HA50,0.010738914017565548,,2.4796961922895213,-0.05168418489533637,-2.22108913839194,0.0831310899298832,,,,,,,,
D5-leverage_e10_r012,TA(0.05),0.050026406010147184,0.01,2.3261429558706537,-0.0233681374447205,-2.2394544634805453,0.11005648332842861,,,,,,,,
D5-leverage_e10_r012,TA(0.10),0.06309366799541749,0.1,0.03410540439933073,1.561656741330793,0.07634255629368131,-1.4922223951866778,,,,,,,,
D5-leverage_e10_r012,TA(0.15),0.06660416000522673,0.1,0.03410540439933073,1.561656741330793,0.07634255629368131,-1.4922223951866778,,,,,,,,
D5-leverage_e10_r012,TA(0.25),0.06201508000958711,0.1,0.03410540439933073,1.561656741330793,0.07634255629368131,-1.4922223951866778,,,,,,,,
D5-leverage_e10_r012,TA(0.40),0.04974565899465233,0.1,0.0251590050566132,1.5640007195312378,0.06824914631653554,-1.4900471850905876,,,,,,,,
D5-leverage_e20_r012,adapt,0.04810748598538339,0.01,-2.294109079342331,0.06604846536560192,2.3035755505206033,-0.12816306894383,,,,,,,,
D5-leverage_e20_r012,adaptX,0.09972035500686616,0.22666666666666666,0.08846048735147696,-1.5507234480318755,0.0699114680856694,1.516961724036449,,,,,,,,
D5-leverage_e20_r012,HA50,0.02635125000961125,,-2.416595005450035,0.08134125252190201,2.2827488418878943,-0.1249173023956854,,,,,,,,
D5-leverage_e20_r012,TA(0.05),0.06316301802871749,0.01,-2.317013369687891,0.06959276427268064,2.2827488418878943,-0.1249173023956854,,,,,,,,
D5-leverage_e20_r012,TA(0.10),0.06355939697823487,0.01,-2.317013369687891,0.06959276427268064,2.2488880745215427,-0.117696097925839,,,,,,,,
D5-leverage_e20_r012,TA(0.15),0.06080118301906623,0.006666666666666667,-2.3343545769913794,0.07086820020578961,2.133817367931244,-0.09665110020334645,,,,,,,,
D5-leverage_e20_r012,TA(0.25),0.0619085309735965,0.006666666666666667,-2.3343545769913794,0.07086820020578961,2.133817367931244,-0.09665110020334645,,,,,,,,
D5-leverage_e20_r012,TA(0.40),0.06619099201634526,0.013333333333333334,1.919692524207188,-0.06531545123500258,-2.4256028547098802,0.08054656234714604,,,,,,,,
D5-leverage_e30_r012,adapt,0.04982230698806234,0.013333333333333334,2.5031472015532295,-0.12232193109964058,-2.0536358320986485,0.0798645947278937,,,,,,,,
D5-leverage_e30_r012,adaptX,0.10105904200463556,0.03,-2.053451444590744,0.07868968365819709,2.5031472015532295,-0.12232193109964058,,,,,,,,
D5-leverage_e30_r012,HA50,0.026409996004076675,,2.5325316866642287,-0.12293214816042809,-2.141323380793438,0.08736298746524088,,,,,,,,
D5-leverage_e30_r012,TA(0.05),0.06067361298482865,0.013333333333333334,-2.0310506357003124,0.07652526818022261,2.533140872304177,-0.12669092831460294,,,,,,,,
D5-leverage_e30_r012,TA(0.10),0.06219076400157064,0.013333333333333334,-2.0536358320986485,0.0798645947278937,2.5031472015532295,-0.12232193109964058,,,,,,,,
D5-leverage_e30_r012,TA(0.15),0.05902169999899343,0.06,-1.896479891928286,0.43411438034931454,2.013279851723149,-0.4316402392604431,,,,,,,,
D5-leverage_e30_r012,TA(0.25),0.06489804401644506,0.06333333333333334,-1.8101375659603314,0.4579148989383696,2.0994807838340854,-0.414255287233592,,,,,,,,
D5-leverage_e30_r012,TA(0.40),0.05653082102071494,0.056666666666666664,-1.7890328210069102,0.4601538449526825,2.1510134734900292,-0.4142608780953044,,,,,,,,
D6-uniform_e00_r012,adapt,0.05034868197981268,0.016666666666666666,-0.1574372502122725,-1.4743087650245545,0.196244736419155,1.4768148533546843,,,,,,,,
D6-uniform_e00_r012,adaptX,0.05687276102253236,0.016666666666666666,-0.1644569400748435,-1.4739511323798298,0.2192442366101601,1.4862829214456579,,,,,,,,
D6-uniform_e00_r012,HA50,0.009875962976366282,,-0.14733843360868973,-1.5003990754087595,0.21310081755712032,1.4945271220577856,,,,,,,,
D6-uniform_e00_r012,TA(0.05),0.05137065899907611,0.016666666666666666,-0.1644569400748435,-1.4739511323798298,0.2192442366101601,1.4862829214456579,,,,,,,,
D6-uniform_e00_r012,TA(0.10),0.05259475202183239,0.016666666666666666,0.2121195880902685,1.4869138317180797,-0.1577962909291532,-1.474291286563622,,,,,,,,
D6-uniform_e00_r012,TA(0.15),0.054562277015065774,0.013333333333333334,-0.1651864040668237,-1.4760643009546601,0.18794229905401041,1.4747407711901552,,,,,,,,
D6-uniform_e00_r012,TA(0.25),0.05276807400514372,0.013333333333333334,0.16190768929620633,1.465347656117669,-0.17627372223997675,-1.479683810712482,,,,,,,,
D6-uniform_e00_r012,TA(0.40),0.05109457898652181,0.013333333333333334,-0.18209738027444008,-1.478328579672485,0.1561918967942889,1.4671379195659826,,,,,,,,
D6-uniform_e05_r012,adapt,0.04872372301178984,0.04,-0.15073196641933437,1.4747738402380035,0.07462182377997026,-1.5821015745447682,,,,,,,,
D6-uniform_e05_r012,adaptX,0.051878653990570456,0.04,0.07772742245358184,-1.5863441762090014,-0.13289931422226267,1.4715036180228993,,,,,,,,
D6-uniform_e05_r012,HA50,0.009908061008900404,,-0.08238329083404497,-1.637378371959478,-0.2414458073734672,1.4497087491649134,,,,,,,,
D6-uniform_e05_r012,TA(0.05),0.051439634000416845,0.04,-0.14346341878360222,1.4749302718225297,0.06604464530306563,-1.582849465391574,,,,,,,,
D6-uniform_e05_r012,TA(0.10),0.05035530900931917,0.04,0.08627326482358388,-1.5856205544616353,-0.1400554396187881,1.4713339873669096,,,,,,,,
D6-uniform_e05_r012,TA(0.15),0.050140239007305354,0.04,0.06576221132422866,-1.5813528561275616,-0.15849118491815106,1.4758354528642947,,,,,,,,
D6-uniform_e05_r012,TA(0.25),0.05066075999638997,0.04,-0.14185334450282625,1.4712189877961797,0.08481600870682814,-1.5858212317223166,,,,,,,,
D6-uniform_e05_r012,TA(0.40),0.04942462299368344,0.04,0.05703387839576022,-1.5821310975912666,-0.15139565878448413,1.47597592500341,,,,,,,,
D6-uniform_e10_r012,adapt,0.04671592701924965,0.10333333333333333,0.11392511054032155,1.5703719459587024,-0.08401071148748404,-1.5181178785277467,,,,,,,,
D6-uniform_e10_r012,adaptX,0.051857657002983615,0.10333333333333333,-0.06116167428182839,-1.5054442028834396,0.08832780778817752,1.5552843210500453,,,,,,,,
D6-uniform_e10_r012,HA50,0.010285242984537035,,0.3435051404416229,1.6859031801996767,-0.20192465257352663,-1.6497366547057963,,,,,,,,
D6-uniform_e10_r012,TA(0.05),0.047685708006611094,0.10333333333333333,-0.06353048852924939,-1.50680775013371,0.13237154206132865,1.5692539314001526,,,,,,,,
D6-uniform_e10_r012,TA(0.10),0.04934225100441836,0.10333333333333333,0.08832780778817752,1.5552843210500453,-0.08401071148748404,-1.5181178785277467,,,,,,,,
D6-uniform_e10_r012,TA(0.15),0.04739401099504903,0.10333333333333333,0.08832780778817752,1.5552843210500453,-0.08401071148748404,-1.5181178785277467,,,,,,,,
D6-uniform_e10_r012,TA(0.25),0.04862235000473447,0.10333333333333333,-0.06116167428182839,-1.5054442028834396,0.08832780778817752,1.5552843210500453,,,,,,,,
D6-uniform_e10_r012,TA(0.40),0.05505712400190532,0.10333333333333333,0.08832780778817752,1.5552843210500453,-0.06116167428182839,-1.5054442028834396,,,,,,,,
D6-uniform_e20_r012,adapt,0.04960489401128143,0.19,0.20082855751073303,1.6721563867738964,-0.10511212486731421,-1.6025217628440689,,,,,,,,
D6-uniform_e20_r012,adaptX,0.051533063990063965,0.18666666666666668,-0.14502348602750206,-1.6168522360944415,0.16731682502282905,1.676689386285735,,,,,,,,
D6-uniform_e20_r012,HA50,0.01189722798881121,,3.3772796625935606,0.07368199139386468,-2.8932829490117364,-0.001981671116240049,,,,,,,,
D6-uniform_e20_r012,TA(0.05),0.05118816398316994,0.0,2.8512534599229244,0.13788091243064438,-3.4473749148423054,0.026763889115917025,,,,,,,,
D6-uniform_e20_r012,TA(0.10),0.05170929498854093,0.18333333333333332,0.17884923722628465,1.677645456428826,-0.16210838866572722,-1.6095006000732648,,,,,,,,
D6-uniform_e20_r012,TA(0.15),0.06691543600754812,0.18666666666666668,0.1959597376036308,1.6716424615098426,-0.1413833925121276,-1.6171469514257084,,,,,,,,
D6-uniform_e20_r012,TA(0.25),0.064219804975437,0.19,0.1959597376036308,1.6716424615098426,-0.11075772024260053,-1.6032825149526047,,,,,,,,
D6-uniform_e20_r012,TA(0.40),0.05347155701019801,0.19,-0.10511212486731421,-1.6025217628440689,0.20082855751073303,1.6721563867738964,,,,,,,,
D6-uniform_e30_r012,adapt,0.04856876499252394,0.0,3.8657751544752714,-0.19106954035768256,-2.740381403347169,-0.011336701991778653,,,,,,,,
D6-uniform_e30_r012,adaptX,0.051863952015992254,0.22666666666666666,0.25099708500166396,-1.5743860367226319,-0.3695684434123455,1.5111781598896246,,,,,,,,
D6-uniform_e30_r012,HA50,0.010330568009521812,,3.8657751544752714,-0.19106954035768256,-2.740381403347169,-0.011336701991778653,,,,,,,,
D6-uniform_e30_r012,TA(0.05),0.051043595012743026,0.0,3.8657751544752714,-0.19106954035768256,-2.740381403347169,-0.011336701991778653,,,,,,,,
D6-uniform_e30_r012,TA(0.10),0.050489781016949564,0.0,-2.740381403347169,-0.011336701991778653,3.8657751544752714,-0.19106954035768256,,,,,,,,
D6-uniform_e30_r012,TA(0.15),0.049382472003344446,0.22333333333333333,0.40042547831025005,-1.6291384854415654,-0.33013450912990194,1.4833841917714798,,,,,,,,
D6-uniform_e30_r012,TA(0.25),0.05061919998843223,0.23,-0.32746827761783964,1.487602455658469,0.2662228526850466,-1.5758972528980526,,,,,,,,
D6-uniform_e30_r012,TA(0.40),0.052086001000134274,0.23333333333333334,-0.24949849869052612,1.5046668815094522,0.3062995525616826,-1.5423222681519402,,,,,,,,
D7-p3_e00_r012,adapt,0.2997876779991202,0.02,-0.04417066060066659,1.4669966699279917,1.0175310051806095,1.018897558480163,-0.054617054102913,-1.5024160313819004,0.9780135439515419,1.0456153841697913,,,,
D7-p3_e00_r012,adaptX,1.9639043450006284,0.023333333333333334,-0.045403083416254604,1.4630430696299306,1.0146930560624303,1.033222399943308,-0.06721522708686165,-1.502613663799953,0.9656219679580444,1.0595259832106596,,,,
D7-p3_e00_r012,HA50,0.01162198800011538,,-0.053930311691302676,-1.5007647453746664,0.9951477216991378,1.043153884470248,-0.07809760325903976,1.4819851925726057,1.0310969922237014,1.025420570632875,,,,
D7-p3_e00_r012,TA(0.05),0.30080026100040413,0.023333333333333334,-0.03631162491646996,1.4650782220356864,1.0131059281660746,1.025333912456648,-0.06002864927741516,-1.5011524356669401,0.9653901612882169,1.0537106871786288,,,,
D7-p3_e00_r012,TA(0.10),0.302388490003068,0.02,-0.04417066060066659,1.4669966699279917,1.0175310051806095,1.018897558480163,-0.054617054102913,-1.5024160313819004,0.9780135439515419,1.0456153841697913,,,,
D7-p3_e00_r012,TA(0.15),0.3021651789895259,0.023333333333333334,-0.03631162491646996,1.4650782220356864,1.0131059281660746,1.025333912456648,-0.06002864927741516,-1.5011524356669401,0.9653901612882169,1.0537106871786288,,,,
D7-p3_e00_r012,TA(0.25),0.30428787201526575,0.02,-0.08131035639072356,1.4436571018873505,1.0195260166685987,1.0237134456311439,-0.06166506745842215,-1.5038541379028243,0.9783087230943779,1.0512756063083404,,,,
D7-p3_e00_r012,TA(0.40),0.3029337170009967,0.016666666666666666,-0.0768203968607255,1.4457045172273737,1.0197254862541756,1.017917056120554,-0.02531746542789126,-1.5179220439217291,0.9908887741281361,1.0250239314089575,,,,
D7-p3_e05_r012,adapt,0.29125209798803553,0.06,-0.12106007304909523,1.5491449356047091,1.0814422320169275,1.1144921568488197,-0.06873356919683837,-1.5687337888367847,1.0127566872700557,1.033225453628842,,,,
D7-p3_e05_r012,adaptX,2.010794073023135,0.06666666666666667,-0.05755523766695735,-1.5791834379506247,1.0239646074535047,1.0354713195959822,-0.10892425008058745,1.5500193839935368,1.0881589245038992,1.1151308537655304,,,,
D7-p3_e05_r012,HA50,0.007918357994640246,,0.06682518892098739,-0.4909123861206917,0.6791173582781393,1.1357275464663417,-19.81759536893175,14.289356277895035,10.501726383595146,-6.633868391813476,,,,
D7-p3_e05_r012,TA(0.05),0.2922116740082856,0.06,-0.1134839459531684,1.5492466689830053,1.0844618537825808,1.116398828452386,-0.07026202177554611,-1.5683377480892635,1.0126027401287911,1.0320581194935157,,,,
D7-p3_e05_r012,TA(0.10),0.2930649259942584,0.06,-0.11608026431329427,1.5490728860053857,1.0833137557404906,1.1162242802357245,-0.07250459702591157,-1.5684494899584942,1.0117814095132933,1.0321304158845281,,,,
D7-p3_e05_r012,TA(0.15),0.291868511994835,0.06,-0.11481075363703849,1.5496444936866642,1.0768178551853147,1.1091602530285576,-0.062191202300038134,-1.5665726832419138,1.0089539655025668,1.0292207386521302,,,,
D7-p3_e05_r012,TA(0.25),0.2943266969814431,0.06,-0.07196481660141592,-1.5686437844934784,1.0129233132350712,1.0311371090163373,-0.12491229896316754,1.5489670732664802,1.0808332896939965,1.1117602583661808,,,,
D7-p3_e05_r012,TA(0.40),0.29391339200083166,0.06,-0.061994694000967736,-1.5663001665121237,1.0068413145034316,1.0241218060298705,-0.13611922109084226,1.5365121533191481,1.06144025177595,1.1177227639907275,,,,
D7-p3_e10_r012,adapt,0.2570626969973091,0.13,-0.10316154959681652,1.5236944056259725,1.0394422403090842,1.0299505860893527,-0.10071590051067894,-1.6185473533743586,0.9994434621421664,0.9346978054848917,,,,
D7-p3_e10_r012,adaptX,1.9265683710109442,0.13,-0.1447113333626716,-1.6278280054772947,0.9845748182546593,0.9018849956074778,-0.17837817593908054,1.485329788100688,1.0347827272780907,1.0444302822772835,,,,
D7-p3_e10_r012,HA50,0.011869331006892025,,21.853338966156215,-0.6412149366386286,1.2893637778270697,-0.7742115730646323,-1.7715075881293176,0.2593866583125115,1.3577857366784563,1.230023130496674,,,,
D7-p3_e10_r012,TA(0.05),0.2598696920031216,0.06333333333333334,-0.37556609784860834,0.1302158632286646,1.0709136900214276,1.0267212718069882,21.853338966156215,-0.6412149366386286,1.2893637778270697,-0.7742115730646323,,,,
D7-p3_e10_r012,TA(0.10),0.25769896199926734,0.13,-0.10316154959681652,1.5236944056259725,1.0394422403090842,1.0299505860893527,-0.10071590051067894,-1.6185473533743586,0.9994434621421664,0.9346978054848917,,,,
D7-p3_e10_r012,TA(0.15),0.2586002250027377,0.13333333333333333,-0.047127618521653154,-1.5892338878842038,1.040151336759757,0.992789639271222,-0.09225824197698099,1.5330993908379864,1.0522286945811263,1.0333027884468582,,,,
D7-p3_e10_r012,TA(0.25),0.26003809698158875,0.13333333333333333,-0.08092385662368456,1.5310814410619933,1.0587184165628047,1.0266283247904078,-0.03391038861234827,-1.5936669509152699,1.0456921916982225,0.9870407816431717,,,,
D7-p3_e10_r012,TA(0.40),0.2587106830033008,0.13333333333333333,-0.04821514418660051,-1.5921205905401574,1.0433739134689466,0.9781878884129968,-0.07484943194644625,1.5310157292029227,1.0597201008177541,1.0346777532277913,,,,
D7-p3_e20_r012,adapt,0.2487808130099438,0.18333333333333332,0.04522922590770773,1.4846336254423875,0.942878314587361,1.0268585093288,-0.03611715780267923,-1.4157159116556393,1.132711562597972,0.8299455563402349,,,,
D7-p3_e20_r012,adaptX,2.1775213049841113,0.18333333333333332,-0.03611715780267923,-1.4157159116556393,1.132711562597972,0.8299455563402349,0.04522922590770773,1.4846336254423875,0.942878314587361,1.0268585093288,,,,
D7-p3_e20_r012,HA50,0.012100973021006212,,23.64398338779328,0.4791292258369879,1.0868331536319522,1.7283826213594007,-2.179167198058729,0.026518652647103857,0.8117750296906465,1.1758234057772627,,,,
D7-p3_e20_r012,TA(0.05),0.24949081800878048,0.08666666666666667,-0.05734624724601754,0.22231489018953823,1.01856352946631,0.9701944896626237,23.64398338779328,0.4791292258369879,1.0868331536319522,1.7283826213594007,,,,
D7-p3_e20_r012,TA(0.10),0.25082279299385846,0.09666666666666666,-21.6717841286308,0.2363979969960461,0.8477212648147884,1.1857857053577887,-0.05734624724601754,0.22231489018953823,1.01856352946631,0.9701944896626237,,,,
D7-p3_e20_r012,TA(0.15),0.251117335021263,0.13333333333333333,0.46150821569256906,0.6317102493438607,1.0103847359021405,0.9937361970314057,-15.01172618189925,4.947901885051955,2.212088632915631,0.8164928827650756,,,,
D7-p3_e20_r012,TA(0.25),0.2500592569995206,0.18333333333333332,-0.03377438274010651,-1.416022068615674,1.131548920536388,0.8314924463482671,0.04339281402634839,1.4848521321594115,0.9435847538510627,1.0255976263258484,,,,
D7-p3_e20_r012,TA(0.40),0.25152362999506295,0.18333333333333332,-0.03611715780267923,-1.4157159116556393,1.132711562597972,0.8299455563402349,0.04522922590770773,1.4846336254423875,0.942878314587361,1.0268585093288,,,,
D7-p3_e30_r012,adapt,0.39598118199501187,0.2833333333333333,0.20963937362751414,1.477067311011806,1.0747549641260672,0.9653788451300488,0.15769747551874497,-1.3978045780085733,1.017120507273909,0.98899846915431,,,,
D7-p3_e30_r012,adaptX,1.910774103977019,0.2866666666666667,0.20963937362751414,1.477067311011806,1.0747549641260672,0.9653788451300488,0.1520392942882693,-1.402403674051424,1.0142739472122129,0.984515544080939,,,,
D7-p3_e30_r012,HA50,0.011738659988623112,,-22.752525596870036,0.32488092742934216,0.6124161090505635,2.192711593339363,4.245700846946018,0.3182913228393917,1.1514186147146332,1.3643723508820575,,,,
D7-p3_e30_r012,TA(0.05),0.39659358898643404,0.14666666666666667,0.6891700528402985,0.19486066395573662,1.0294601274432449,1.0125859359071632,-22.752525596870036,0.32488092742934216,0.6124161090505635,2.192711593339363,,,,
D7-p3_e30_r012,TA(0.10),0.3970061430009082,0.14666666666666667,-22.752525596870036,0.32488092742934216,0.6124161090505635,2.192711593339363,0.6891700528402985,0.19486066395573662,1.0294601274432449,1.0125859359071632,,,,
D7-p3_e30_r012,TA(0.15),0.3978094340127427,0.14333333333333334,0.6891700528402985,0.19486066395573662,1.0294601274432449,1.0125859359071632,22.214519754056187,-0.3053477189035117,1.1337766035946002,0.9766172312642878,,,,
D7-p3_e30_r012,TA(0.25),0.3981504910043441,0.19333333333333333,0.288597994393274,0.8764707051958239,1.0111591607735113,0.963994704818284,16.35378576415907,4.45615126726273,0.8449835435074883,1.5564044333926914,,,,
D7-p3_e30_r012,TA(0.40),0.3969010309956502,0.2833333333333333,0.16018941050888091,-1.397372616663363,1.0171995608646132,0.990799854921627,0.21193353909364424,1.4768512029509178,1.0746678950707809,0.9667293861776947,,,,
D8-K2par-sep_e00_r012,adapt,0.04760611601523124,0.0033333333333333335,2.9576624539831093,1.068192607830909,-3.0167319649598863,0.985668486979899,,,,,,,,
D8-K2par-sep_e00_r012,adaptX,0.05168067599879578,0.0033333333333333335,2.9576624539831093,1.068192607830909,-3.0167319649598863,0.985668486979899,,,,,,,,
D8-K2par-sep_e00_r012,HA50,0.009496837999904528,,2.9576624539831093,1.068192607830909,-3.0365906744717903,0.9940685438285206,,,,,,,,
D8-K2par-sep_e00_r012,TA(0.05),0.049194407009053975,0.0033333333333333335,2.9576624539831093,1.068192607830909,-3.0167319649598863,0.985668486979899,,,,,,,,
D8-K2par-sep_e00_r012,TA(0.10),0.04868635701132007,0.0033333333333333335,-3.0167319649598863,0.985668486979899,2.9576624539831093,1.068192607830909,,,,,,,,
D8-K2par-sep_e00_r012,TA(0.15),0.049375812988728285,0.0033333333333333335,-3.0167319649598863,0.985668486979899,2.9576624539831093,1.068192607830909,,,,,,,,
D8-K2par-sep_e00_r012,TA(0.25),0.048260537994792685,0.0033333333333333335,-3.0167319649598863,0.985668486979899,2.9576624539831093,1.068192607830909,,,,,,,,
D8-K2par-sep_e00_r012,TA(0.40),0.05141549900872633,0.0033333333333333335,2.9576624539831093,1.068192607830909,-3.0167319649598863,0.985668486979899,,,,,,,,
D8-K2par-sep_e05_r012,adapt,0.09603937400970608,0.04,2.9377901622920928,1.0905014835637206,-3.046124675474333,1.0865655792385411,,,,,,,,
D8-K2par-sep_e05_r012,adaptX,0.10051732600550167,0.04,-3.046124675474333,1.0865655792385411,2.9377901622920928,1.0905014835637206,,,,,,,,
D8-K2par-sep_e05_r012,HA50,0.00986978699802421,,3.603460531186815,1.0517762953756609,-3.9671939040516966,1.046693757575617,,,,,,,,
D8-K2par-sep_e05_r012,TA(0.05),0.09742828301386908,0.04,2.9377901622920928,1.0905014835637206,-3.046124675474333,1.0865655792385411,,,,,,,,
D8-K2par-sep_e05_r012,TA(0.10),0.09773839899571612,0.04,-3.046124675474333,1.0865655792385411,2.9377901622920928,1.0905014835637206,,,,,,,,
D8-K2par-sep_e05_r012,TA(0.15),0.09746522200293839,0.04,-3.046124675474333,1.0865655792385411,2.9377901622920928,1.0905014835637206,,,,,,,,
D8-K2par-sep_e05_r012,TA(0.25),0.09897622599964961,0.04,2.9377901622920928,1.0905014835637206,-3.046124675474333,1.0865655792385411,,,,,,,,
D8-K2par-sep_e05_r012,TA(0.40),0.09831031700014137,0.04,-3.0627391137629782,1.0799372847687623,2.9377901622920928,1.0905014835637206,,,,,,,,
D8-K2par-sep_e10_r012,adapt,0.04362888200557791,0.11666666666666667,-2.8263251424199085,1.0737041303447625,3.053961758437489,0.9886580406394172,,,,,,,,
D8-K2par-sep_e10_r012,adaptX,0.04895063900039531,0.11666666666666667,3.053961758437489,0.9886580406394172,-2.8263251424199085,1.0737041303447625,,,,,,,,
D8-K2par-sep_e10_r012,HA50,0.010603313014144078,,-1.0034240760934197,1.2933624913092936,22.076358346897887,1.2755188804888615,,,,,,,,
D8-K2par-sep_e10_r012,TA(0.05),0.0451889050018508,0.04666666666666667,22.076358346897887,1.2755188804888615,0.15585452523927332,1.089480311339863,,,,,,,,
D8-K2par-sep_e10_r012,TA(0.10),0.046594508981797844,0.11666666666666667,3.053961758437489,0.9886580406394172,-2.8263251424199085,1.0737041303447625,,,,,,,,
D8-K2par-sep_e10_r012,TA(0.15),0.044554416002938524,0.11666666666666667,3.053961758437489,0.9886580406394172,-2.8263251424199085,1.0737041303447625,,,,,,,,
D8-K2par-sep_e10_r012,TA(0.25),0.04444527201121673,0.11666666666666667,-2.8263251424199085,1.0737041303447625,3.053961758437489,0.9886580406394172,,,,,,,,
D8-K2par-sep_e10_r012,TA(0.40),0.04520710001816042,0.11666666666666667,3.053961758437489,0.9886580406394172,-2.8263251424199085,1.0737041303447625,,,,,,,,
D8-K2par-sep_e20_r012,adapt,0.09656586300116032,0.21,-3.01688508310432,1.1080938977836163,3.064077478203227,1.0450795787663916,,,,,,,,
D8-K2par-sep_e20_r012,adaptX,0.1166397710039746,0.21,3.064077478203227,1.0450795787663916,-3.01688508310432,1.1080938977836163,,,,,,,,
D8-K2par-sep_e20_r012,HA50,0.01014209000277333,,-21.924614436144683,1.4467071989000289,2.260175836523234,0.4238041148333669,,,,,,,,
D8-K2par-sep_e20_r012,TA(0.05),0.0971513649856206,0.09,-21.924614436144683,1.4467071989000289,-0.11508099636526,1.0451711302862048,,,,,,,,
D8-K2par-sep_e20_r012,TA(0.10),0.09893326199380681,0.09,-0.11508099636526,1.0451711302862048,-21.924614436144683,1.4467071989000289,,,,,,,,
D8-K2par-sep_e20_r012,TA(0.15),0.09755411499645561,0.11333333333333333,0.26478472941793363,1.3757687512338654,-16.189739289590975,5.0370953037127775,,,,,,,,
D8-K2par-sep_e20_r012,TA(0.25),0.09910034199128859,0.21,3.064077478203227,1.0450795787663916,-3.01688508310432,1.1080938977836163,,,,,,,,
D8-K2par-sep_e20_r012,TA(0.40),0.09851552700274624,0.21,3.064077478203227,1.0450795787663916,-3.01688508310432,1.1080938977836163,,,,,,,,
D8-K2par-sep_e30_r012,adapt,0.03505605299142189,0.30666666666666664,3.070633650081579,0.9805510230231586,-2.894117973146735,0.9422150051495793,,,,,,,,
D8-K2par-sep_e30_r012,adaptX,0.034405476006213576,0.30666666666666664,3.070633650081579,0.9805510230231586,-2.894117973146735,0.9422150051495793,,,,,,,,
D8-K2par-sep_e30_r012,HA50,0.007620902004418895,,-3.766027381901043,0.5540452109383915,21.768660279009215,0.9962196197351477,,,,,,,,
D8-K2par-sep_e30_r012,TA(0.05),0.036195396998664364,0.13666666666666666,21.768660279009215,0.9962196197351477,-0.17188564382317706,0.9850141751044114,,,,,,,,
D8-K2par-sep_e30_r012,TA(0.10),0.03620521601988003,0.14,-0.10857199838713541,0.9649706851354118,21.768660279009215,0.9962196197351477,,,,,,,,
D8-K2par-sep_e30_r012,TA(0.15),0.03595400199992582,0.14,-0.04615195510490836,0.9184575494017496,21.768660279009215,0.9962196197351477,,,,,,,,
D8-K2par-sep_e30_r012,TA(0.25),0.03569758700905368,0.16333333333333333,13.758904716149537,-3.4973953928137327,-1.0041395998278735,0.3026333879268476,,,,,,,,
D8-K2par-sep_e30_r012,TA(0.40),0.03668804999324493,0.30666666666666664,-2.894117973146735,0.9422150051495793,3.070633650081579,0.9805510230231586,,,,,,,,
D1-K2cross_e00_r013,adapt,0.10459941599401645,0.016666666666666666,0.12659373641575186,1.5084693655133468,-0.041441179111505716,-1.4935621923563587,,,,,,,,
D1-K2cross_e00_r013,adaptX,0.10079413399216719,0.016666666666666666,0.12659373641575186,1.5084693655133468,-0.041441179111505716,-1.4935621923563587,,,,,,,,
D1-K2cross_e00_r013,HA50,0.02527423997526057,,0.12659373641575186,1.5084693655133468,-0.056865897257233775,-1.4978266369742048,,,,,,,,
D1-K2cross_e00_r013,TA(0.05),0.10664131099474616,0.02,0.12659373641575186,1.5084693655133468,-0.05419046985938002,-1.5024537138085854,,,,,,,,
D1-K2cross_e00_r013,TA(0.10),0.11093432098277844,0.02,0.12659373641575186,1.5084693655133468,-0.05419046985938002,-1.5024537138085854,,,,,,,,
D1-K2cross_e00_r013,TA(0.15),0.10720200100331567,0.02,0.12659373641575186,1.5084693655133468,-0.05419046985938002,-1.5024537138085854,,,,,,,,
D1-K2cross_e00_r013,TA(0.25),0.10523322099470533,0.02,0.12659373641575186,1.5084693655133468,-0.05419046985938002,-1.5024537138085854,,,,,,,,
D1-K2cross_e00_r013,TA(0.40),0.10641923901857808,0.016666666666666666,0.14290057123793673,1.4992652467036647,-0.041441179111505716,-1.4935621923563587,,,,,,,,
D1-K2cross_e05_r013,adapt,0.10169382599997334,0.05,0.1326042149939332,1.4983497990563535,-0.019969775219853426,-1.5544016289568976,,,,,,,,
D1-K2cross_e05_r013,adaptX,0.10162440800922923,0.05,0.1326042149939332,1.4983497990563535,-0.019969775219853426,-1.5544016289568976,,,,,,,,
D1-K2cross_e05_r013,HA50,0.026239428989356384,,14.52458243288206,-3.9232632371292824,-0.9942865671435618,-0.3707254591744151,,,,,,,,
D1-K2cross_e05_r013,TA(0.05),0.10373849101597443,0.05,0.1326042149939332,1.4983497990563535,-0.019969775219853426,-1.5544016289568976,,,,,,,,
D1-K2cross_e05_r013,TA(0.10),0.10380277500371449,0.04666666666666667,-0.001923976819035726,-1.5686134594800938,0.1326042149939332,1.4983497990563535,,,,,,,,
D1-K2cross_e05_r013,TA(0.15),0.10489977299585007,0.05,-0.010694188523937538,-1.5546428729558386,0.12456848647076292,1.4980810073717834,,,,,,,,
D1-K2cross_e05_r013,TA(0.25),0.10324402700643986,0.04666666666666667,-0.007234678780571264,-1.5676775626906976,0.1282837271795675,1.4988088970630031,,,,,,,,
D1-K2cross_e05_r013,TA(0.40),0.10439273499650881,0.05,-0.009603581491550791,-1.5514143377583356,0.14009874200696215,1.493813271256005,,,,,,,,
D1-K2cross_e10_r013,adapt,0.07212166700628586,0.14,-0.023177423925908748,1.5504787220912717,0.11020381784765935,-1.4198099337602117,,,,,,,,
D1-K2cross_e10_r013,adaptX,0.034524248010711744,0.14,0.11020381784765935,-1.4198099337602117,-0.023177423925908748,1.5504787220912717,,,,,,,,
D1-K2cross_e10_r013,HA50,0.006298911001067609,,-24.169375586319024,-0.34933204472360924,1.1669822356096706,-0.05166839801695667,,,,,,,,
D1-K2cross_e10_r013,TA(0.05),0.07365125202341005,0.06666666666666667,-0.29259921329623395,-0.0016445875061457673,21.817043502934034,0.6260923499696985,,,,,,,,
D1-K2cross_e10_r013,TA(0.10),0.07272667001234367,0.10333333333333333,16.16155748424574,8.233623427216557,0.23592013696458175,-0.4334693517221661,,,,,,,,
D1-K2cross_e10_r013,TA(0.15),0.07339173299260437,0.14,0.11020381784765935,-1.4198099337602117,-0.023177423925908748,1.5504787220912717,,,,,,,,
D1-K2cross_e10_r013,TA(0.25),0.07333407801343128,0.14,-0.023177423925908748,1.5504787220912717,0.11020381784765935,-1.4198099337602117,,,,,,,,
D1-K2cross_e10_r013,TA(0.40),0.07285876901005395,0.14,0.11020381784765935,-1.4198099337602117,-0.023177423925908748,1.5504787220912717,,,,,,,,
D1-K2cross_e20_r013,adapt,0.09959367901319638,0.21666666666666667,0.06919278974432075,1.5430847152843283,-0.12415690994579197,-1.5228616094278178,,,,,,,,
D1-K2cross_e20_r013,adaptX,0.10197079597855918,0.21666666666666667,-0.12415690994579197,-1.5228616094278178,0.06919278974432075,1.5430847152843283,,,,,,,,
D1-K2cross_e20_r013,HA50,0.02546105600777082,,2.334025783618995,0.30557382708198316,-22.65690052596064,0.16531376296483258,,,,,,,,
D1-K2cross_e20_r013,TA(0.05),0.10194260999560356,0.09,-22.65690052596064,0.16531376296483258,0.1471667993321992,0.21442706004813905,,,,,,,,
D1-K2cross_e20_r013,TA(0.10),0.1008890219964087,0.09,0.1471667993321992,0.21442706004813905,-22.65690052596064,0.16531376296483258,,,,,,,,
D1-K2cross_e20_r013,TA(0.15),0.1123012289754115,0.15,0.007738472282533792,0.0043126467486994365,-13.623116548361326,6.330052657478355,,,,,,,,
D1-K2cross_e20_r013,TA(0.25),0.10131090399227105,0.21666666666666667,0.06919278974432075,1.5430847152843283,-0.12415690994579197,-1.5228616094278178,,,,,,,,
D1-K2cross_e20_r013,TA(0.40),0.10121913399780169,0.21666666666666667,0.06919278974432075,1.5430847152843283,-0.12415690994579197,-1.5228616094278178,,,,,,,,
D1-K2cross_e30_r013,adapt,0.10220930201467127,0.2833333333333333,0.023991468065666852,-1.5955545062977994,-0.07419121027137189,1.556403839488727,,,,,,,,
D1-K2cross_e30_r013,adaptX,0.11917188900406472,0.2833333333333333,0.023991468065666852,-1.5955545062977994,-0.07419121027137189,1.556403839488727,,,,,,,,
D1-K2cross_e30_r013,HA50,0.009284714004024863,,22.11099694172772,-0.1313840918290878,-3.4643901132898125,-0.24758215140208073,,,,,,,,
D1-K2cross_e30_r013,TA(0.05),0.10320174699882045,0.13333333333333333,0.13551459365095975,-0.14317284392172033,22.11099694172772,-0.1313840918290878,,,,,,,,
D1-K2cross_e30_r013,TA(0.10),0.11916134602506645,0.13333333333333333,0.13551459365095975,-0.14317284392172033,22.11099694172772,-0.1313840918290878,,,,,,,,
D1-K2cross_e30_r013,TA(0.15),0.10367613399284892,0.13333333333333333,22.11099694172772,-0.1313840918290878,0.13551459365095975,-0.14317284392172033,,,,,,,,
D1-K2cross_e30_r013,TA(0.25),0.10286772000836208,0.14333333333333334,-0.24935070789713157,-0.48290366363772746,19.161119687289077,-4.191784752441665,,,,,,,,
D1-K2cross_e30_r013,TA(0.40),0.10317452100571245,0.2833333333333333,0.019983332273980636,-1.5960715462115385,-0.07908384642204423,1.556114752063967,,,,,,,,
D2-K3par_e00_r013,adapt,0.35495513799833134,0.0033333333333333335,3.1418007790669185,0.9599106060637307,-3.247982926537024,1.0256447591589923,0.09277772848266383,1.0061300257277717,,,,,,
D2-K3par_e00_r013,adaptX,0.19424942799378186,0.01,-3.3012318912323253,1.0548029862096588,-0.16178367579788172,1.154575074367979,2.7997944815884215,1.1898943968051308,,,,,,
D2-K3par_e00_r013,HA50,0.009770896984264255,,-3.2698485704190805,1.001248211874955,3.1572834266695895,0.9762487075060203,0.10535555286821663,1.0174525271492871,,,,,,
D2-K3par_e00_r013,TA(0.05),0.35855816598632373,0.0033333333333333335,-0.35284948613020306,0.8293462003779337,-3.2972657132187373,0.9952668305341466,2.739485335367463,0.843755268611229,,,,,,
D2-K3par_e00_r013,TA(0.10),0.36004195699933916,0.0033333333333333335,2.7011908534617937,0.8246778157902189,-0.45793188319130274,0.7751534493130477,-3.3319092403678723,0.9759078919129458,,,,,,
D2-K3par_e00_r013,TA(0.15),0.35778921499149874,0.0033333333333333335,-0.7282295930599412,0.6303883681470939,-3.4409893047255093,0.9279043370060533,2.615827886723186,0.755397936961775,,,,,,
D2-K3par_e00_r013,TA(0.25),0.35721054300665855,0.0033333333333333335,2.6507312799772977,0.7908888036983385,-0.5317940465958584,0.7334332032600666,-3.3319092403678723,0.9759078919129458,,,,,,
D2-K3par_e00_r013,TA(0.40),0.3560834820091259,0.0033333333333333335,-3.3890030458971188,0.9444974216782351,2.615827886723186,0.755397936961775,-0.6683446640930554,0.6526383238252063,,,,,,
D2-K3par_e05_r013,adapt,0.4541860369790811,0.043333333333333335,-3.116705394333069,0.9211861958130847,0.04385965608621153,0.8188124618785547,3.1227381436559405,0.9617300095446394,,,,,,
D2-K3par_e05_r013,adaptX,0.34365595699637197,0.043333333333333335,-3.1002569165000264,0.9304491969410272,3.1227381436559405,0.9617300095446394,0.055322670638236815,0.826780125872529,,,,,,
D2-K3par_e05_r013,HA50,0.017229393997695297,,-12.102013475954084,7.241727194536692,23.339064218321933,1.3976882112493882,-0.20829677502923666,0.8724172909615862,,,,,,
D2-K3par_e05_r013,TA(0.05),0.4572176380024757,0.043333333333333335,-0.04461917667989644,0.8848685821276386,3.084039146644346,0.966094974805246,-3.1662479332137607,0.9760752316921031,,,,,,
D2-K3par_e05_r013,TA(0.10),0.4575694319792092,0.043333333333333335,0.04385965608621153,0.8188124618785547,-3.116705394333069,0.9211861958130847,3.1227381436559405,0.9617300095446394,,,,,,
D2-K3par_e05_r013,TA(0.15),0.45607687599840574,0.043333333333333335,0.029447834081715293,0.8207238449026033,-3.116705394333069,0.9211861958130847,3.1033314565476036,0.9625486609898751,,,,,,
D2-K3par_e05_r013,TA(0.25),0.45594095197157003,0.043333333333333335,0.029447834081715293,0.8207238449026033,-3.116705394333069,0.9211861958130847,3.1033314565476036,0.9625486609898751,,,,,,
D2-K3par_e05_r013,TA(0.40),0.45717505499487743,0.043333333333333335,-3.100196861894894,0.905494711959303,3.140797671865327,0.9536134745198211,0.06696540565870734,0.7804815283033184,,,,,,
D2-K3par_e10_r013,adapt,0.32257328601554036,0.09666666666666666,-3.0853958319107098,0.9227756947775063,3.096799213647252,1.0239703186386107,-0.2962459504571757,1.1208486443340084,,,,,,
D2-K3par_e10_r013,adaptX,0.2607261910161469,0.09666666666666666,3.310635184460695,0.9300738628209931,0.16956490916525954,0.8917176923244279,-2.9555221896282347,0.8647532922798963,,,,,,
D2-K3par_e10_r013,HA50,0.015422508004121482,,-23.402651564881133,0.9354215823780312,-0.010340694230318673,0.9028040227547438,21.78314088877429,2.5286547021330867,,,,,,
D2-K3par_e10_r013,TA(0.05),0.3238901440054178,0.04,2.5442219287484775,0.8188537135519236,-2.224250353480173,0.9064640397103405,-23.402651564881133,0.9354215823780312,,,,,,
D2-K3par_e10_r013,TA(0.10),0.3241501110023819,0.09666666666666666,-3.053025512467176,0.938031154657938,3.116692632519869,1.0351725799336826,-0.24737472821383857,1.1449211008659357,,,,,,
D2-K3par_e10_r013,TA(0.15),0.3233770299993921,0.09666666666666666,-3.1631797923189713,0.9129144943408946,-0.3966986191847439,1.114228698707082,3.077364861833963,1.0165372414349232,,,,,,
D2-K3par_e10_r013,TA(0.25),0.32417991099646315,0.09666666666666666,-3.2480511587334693,0.9581555674357419,-0.6172127144064219,1.2042476450236426,2.9695759785575353,1.0390430082113493,,,,,,
D2-K3par_e10_r013,TA(0.40),0.3245475009898655,0.09666666666666666,-3.201397113511606,0.8538041201760276,-0.5944226180167158,0.9399115969331437,2.86483959236785,0.8816057213348617,,,,,,
D2-K3par_e20_r013,adapt,0.3953584560076706,0.24,-0.11286304450874043,1.1259809043520546,3.064341357945909,1.1035475941425623,-2.9924531911985746,1.0244550299635815,,,,,,
D2-K3par_e20_r013,adaptX,0.2736646849953104,0.24,-2.9924531911985746,1.0244550299635815,-0.09594427022430109,1.1399639948893523,3.0956002528816735,1.1263259032335629,,,,,,
D2-K3par_e20_r013,HA50,0.014501022000331432,,-21.98619598288096,0.5801098361703166,0.027623369245353517,0.9719919880121354,23.720160224175117,0.6739287666220929,,,,,,
D2-K3par_e20_r013,TA(0.05),0.39621865999652073,0.0033333333333333335,0.027623369245353517,0.9719919880121354,24.04157199916178,0.8967813328363594,-21.98619598288096,0.5801098361703166,,,,,,
D2-K3par_e20_r013,TA(0.10),0.3979786720010452,0.08,0.08421361795230033,0.9438396020615019,24.509241128880287,1.3329454864729111,-3.558689126111154,9.46034514607238,,,,,,
D2-K3par_e20_r013,TA(0.15),0.3964375299983658,0.12333333333333334,24.04157199916178,0.8967813328363594,-2.071354994111776,0.9948368386001709,2.1295034227345053,0.9786212687879852,,,,,,
D2-K3par_e20_r013,TA(0.25),0.3972113989875652,0.24,3.1276130464986562,1.1488570678126515,-0.07883584932815467,1.1533183142207022,-2.9924531911985746,1.0244550299635815,,,,,,
D2-K3par_e20_r013,TA(0.40),0.39869090501451865,0.24,-0.12345405974995086,1.0420012637671194,-2.976257374285676,0.950695906630062,3.0269884799135465,1.0535109161346372,,,,,,
D2-K3par_e30_r013,adapt,0.5466143550002016,0.30333333333333334,-0.15711228350860093,1.0091447988845899,-3.201379989338434,1.0819585451159635,3.32047709943155,0.9590472270772695,,,,,,
D2-K3par_e30_r013,adaptX,0.25295829301467165,0.30333333333333334,-3.201379989338434,1.0819585451159635,-0.1404295448647069,1.0219382200375733,3.3494413080606003,0.9834841461271464,,,,,,
D2-K3par_e30_r013,HA50,0.016119312989758328,,-0.1194462681748829,1.0109928879048666,-21.364778519221804,0.8589616361330962,22.199364318596384,0.38119464997129543,,,,,,
D2-K3par_e30_r013,TA(0.05),0.5476368360104971,0.0,22.199364318596384,0.38119464997129543,-0.1194462681748829,1.0109928879048666,-21.364778519221804,0.8589616361330962,,,,,,
D2-K3par_e30_r013,TA(0.10),0.5474109509959817,0.0033333333333333335,22.199364318596384,0.38119464997129543,-20.63435958920677,1.0029791157602814,-0.1194462681748829,1.0109928879048666,,,,,,
D2-K3par_e30_r013,TA(0.15),0.547910060005961,0.15,2.7934255931112144,1.0119043897880629,-1.8762150670633695,1.1259888880055928,-21.364778519221804,0.8589616361330962,,,,,,
D2-K3par_e30_r013,TA(0.25),0.5473236760008149,0.15333333333333332,-20.63435958920677,1.0029791157602814,-1.8342685047364304,1.101946347007216,2.8566492982198364,0.9701484577841473,,,,,,
D2-K3par_e30_r013,TA(0.40),0.549967781000305,0.30333333333333334,-0.17177513873502268,0.9987706188809523,3.32047709943155,0.9590472270772695,-3.223178288588874,1.0685555099161232,,,,,,
D3-unequal_e00_r013,adapt,0.10387106897542253,0.03333333333333333,-0.22335952984793628,-1.4441875329350111,-0.01951642150444921,1.5209248440703194,,,,,,,,
D3-unequal_e00_r013,adaptX,0.12100821299827658,0.03333333333333333,-0.2221706264166063,-1.4570247231806903,-0.0036895157015340184,1.509528028315733,,,,,,,,
D3-unequal_e00_r013,HA50,0.011190562014235184,,-0.20420994707411713,-1.442344349390118,-0.004503350526193839,1.5356070217506181,,,,,,,,
D3-unequal_e00_r013,TA(0.05),0.105004501005169,0.03333333333333333,-0.22094731335437742,-1.4442480242544642,-0.02423537804000942,1.5213605791542342,,,,,,,,
D3-unequal_e00_r013,TA(0.10),0.105969152005855,0.03333333333333333,-0.02423537804000942,1.5213605791542342,-0.22094731335437742,-1.4442480242544642,,,,,,,,
D3-unequal_e00_r013,TA(0.15),0.10612220602342859,0.03333333333333333,-0.029511357681020325,1.521754699867575,-0.2279870154868401,-1.453097500376265,,,,,,,,
D3-unequal_e00_r013,TA(0.25),0.10619739501271397,0.17,0.529224365936757,-1.3441388213273662,-1.3250025962664478,-1.2039982710943986,,,,,,,,
D3-unequal_e00_r013,TA(0.40),0.10614479499054141,0.17333333333333334,-1.3094603727491478,-1.1693440832837678,0.5184756308771428,-1.305748112761193,,,,,,,,
D3-unequal_e05_r013,adapt,0.10631035597180016,0.08,-0.023385487199133696,-1.5488998192150691,0.3771842798045138,1.4957180100163987,,,,,,,,
D3-unequal_e05_r013,adaptX,0.10891852801432833,0.08,0.3771842798045138,1.4957180100163987,-0.023385487199133696,-1.5488998192150691,,,,,,,,
D3-unequal_e05_r013,HA50,0.01074826400144957,,0.4416486982997278,-0.9930911544166346,-23.962429503984044,-1.5312144567232586,,,,,,,,
D3-unequal_e05_r013,TA(0.05),0.10897197399754077,0.08333333333333333,-0.014464083419883506,-1.545795668030758,0.29664464547018177,1.5031925681937242,,,,,,,,
D3-unequal_e05_r013,TA(0.10),0.10837914899457246,0.08,-0.023444942672303133,-1.5480822425436107,0.3771842798045138,1.4957180100163987,,,,,,,,
D3-unequal_e05_r013,TA(0.15),0.10754194602486677,0.08,0.362768587695551,1.496739584879842,-0.023785311035357394,-1.5477058894158284,,,,,,,,
D3-unequal_e05_r013,TA(0.25),0.10767915099859238,0.18666666666666668,0.9892585547853782,-1.53394785787241,-0.8063938567386219,-1.514212497823792,,,,,,,,
D3-unequal_e05_r013,TA(0.40),0.10730054799932986,0.18666666666666668,-0.7629242045949107,-1.5067879153095491,0.9892585547853782,-1.53394785787241,,,,,,,,
D3-unequal_e10_r013,adapt,0.10514721399522386,0.12666666666666668,-0.00021299918262710204,1.4938926888306279,-0.059991589330998095,-1.4798113956125516,,,,,,,,
D3-unequal_e10_r013,adaptX,0.1253189949784428,0.12666666666666668,-0.059991589330998095,-1.4798113956125516,-0.00021299918262710204,1.4938926888306279,,,,,,,,
D3-unequal_e10_r013,HA50,0.026058418006869033,,21.398159119960408,-3.909473638231417,-1.6219584949042285,-0.5468603171014343,,,,,,,,
D3-unequal_e10_r013,TA(0.05),0.122801473014988,0.1,-20.809277554386142,-1.214942323459327,-0.2932519233235984,-0.8161275227548723,,,,,,,,
D3-unequal_e10_r013,TA(0.10),0.10604201600654051,0.12333333333333334,-0.02880172573689899,-1.4629551813739679,0.05739645046908208,1.503248658051821,,,,,,,,
D3-unequal_e10_r013,TA(0.15),0.10601948999101296,0.13,-0.03931934028744952,1.4944398025294041,-0.02243798121965895,-1.4734049543912464,,,,,,,,
D3-unequal_e10_r013,TA(0.25),0.10654306798824109,0.13,-0.02243798121965895,-1.4734049543912464,-0.03931934028744952,1.4944398025294041,,,,,,,,
D3-unequal_e10_r013,TA(0.40),0.1062434839841444,0.23333333333333334,0.7296005544161707,-1.2847796703551304,-1.4576979309276783,-1.1165755987015655,,,,,,,,
D3-unequal_e20_r013,adapt,0.12077187397517264,0.20666666666666667,0.10960270036973965,-1.5424744338039256,0.2706717893822328,1.3882523050370876,,,,,,,,
D3-unequal_e20_r013,adaptX,0.09549442198476754,0.21,0.2279278159555305,1.4124952703490354,0.10960270036973965,-1.5424744338039256,,,,,,,,
D3-unequal_e20_r013,HA50,0.010915401013335213,,22.358940512565507,-0.20084632297306965,-1.8160750869102114,-0.8010516672379092,,,,,,,,
D3-unequal_e20_r013,TA(0.05),0.12261997000314295,0.11666666666666667,0.1756151516822168,-0.8264565537265883,22.358940512565507,-0.20084632297306965,,,,,,,,
D3-unequal_e20_r013,TA(0.10),0.122437746002106,0.1,22.358940512565507,-0.20084632297306965,0.20746078382980396,-0.744529555119588,,,,,,,,
D3-unequal_e20_r013,TA(0.15),0.12328535900451243,0.17666666666666667,22.358940512565507,-0.20084632297306965,0.1115154442682074,-1.2241996396030521,,,,,,,,
D3-unequal_e20_r013,TA(0.25),0.12284871999872848,0.20666666666666667,0.11598543343371828,-1.542325147320439,0.28383153937348454,1.3875955949744887,,,,,,,,
D3-unequal_e20_r013,TA(0.40),0.12268571800086647,0.34,1.138609091115714,-1.4577547654124845,-0.6814659307607834,-1.4759852180617665,,,,,,,,
D3-unequal_e30_r013,adapt,0.10377897199941799,0.2966666666666667,0.036692367036788597,-1.544614293014322,0.13308750994499055,1.4961916975690432,,,,,,,,
D3-unequal_e30_r013,adaptX,0.12257670998224057,0.2966666666666667,0.036692367036788597,-1.544614293014322,0.13308750994499055,1.4961916975690432,,,,,,,,
D3-unequal_e30_r013,HA50,0.010563730000285432,,3.5583726076589874,-0.7856891277898252,-22.6490088187532,-0.6911150415373187,,,,,,,,
D3-unequal_e30_r013,TA(0.05),0.10515954799484462,0.12666666666666668,0.16294776250266915,-0.5473056976147267,-22.6490088187532,-0.6911150415373187,,,,,,,,
D3-unequal_e30_r013,TA(0.10),0.10539516501012258,0.12666666666666668,-22.6490088187532,-0.6911150415373187,0.16294776250266915,-0.5473056976147267,,,,,,,,
D3-unequal_e30_r013,TA(0.15),0.10490231399307959,0.13666666666666666,-22.947303567388648,-1.2342469156788396,0.16294776250266915,-0.5473056976147267,,,,,,,,
D3-unequal_e30_r013,TA(0.25),0.10509053099667653,0.21,0.01917736636915943,-1.142259030133399,-22.947303567388648,-1.2342469156788396,,,,,,,,
D3-unequal_e30_r013,TA(0.40),0.10666372999548912,0.2966666666666667,0.13308750994499055,1.4961916975690432,0.036692367036788597,-1.544614293014322,,,,,,,,
D4-hetero_e00_r013,adapt,0.09810770698823035,0.02,0.12317322474818328,1.5825298312256884,-0.009388697319594378,-1.504735809760651,,,,,,,,
D4-hetero_e00_r013,adaptX,0.10184562500216998,0.02,0.12214732281308964,1.5825123916979877,-0.010274771003956965,-1.5045924943022533,,,,,,,,
D4-hetero_e00_r013,HA50,0.024814762000460178,,0.12001341530234398,1.5877358312328844,-0.03027546068112526,-1.464730141307689,,,,,,,,
D4-hetero_e00_r013,TA(0.05),0.09923947599600069,0.02,-0.009388697319594378,-1.504735809760651,0.12317322474818328,1.5825298312256884,,,,,,,,
D4-hetero_e00_r013,TA(0.10),0.10077532398281619,0.02,0.12317322474818328,1.5825298312256884,-0.009388697319594378,-1.504735809760651,,,,,,,,
D4-hetero_e00_r013,TA(0.15),0.0994053779868409,0.02,-0.008224146222796363,-1.5048609986017147,0.11943546982744403,1.5823946993379057,,,,,,,,
D4-hetero_e00_r013,TA(0.25),0.09913324500666931,0.02,0.16014439292855084,1.5637546742678576,-0.020871764445527317,-1.503106613276158,,,,,,,,
D4-hetero_e00_r013,TA(0.40),0.10091985398321413,0.02,-0.020871764445527317,-1.503106613276158,0.16014439292855084,1.5637546742678576,,,,,,,,
D4-hetero_e05_r013,adapt,0.09813289000885561,0.07666666666666666,0.25593138463402093,1.6237755742476887,-0.06293580795553236,-1.4636747470749256,,,,,,,,
D4-hetero_e05_r013,adaptX,0.09839622900472023,0.07666666666666666,-0.06293580795553236,-1.4636747470749256,0.25593138463402093,1.6237755742476887,,,,,,,,
D4-hetero_e05_r013,HA50,0.029842971998732537,,-8.225994507779534,11.652594644047495,0.026684821394387336,0.042548343494791495,,,,,,,,
D4-hetero_e05_r013,TA(0.05),0.10044332101824693,0.08666666666666667,-0.06405162848554981,-1.4624214498049473,0.3066445205503105,1.6029475208955555,,,,,,,,
D4-hetero_e05_r013,TA(0.10),0.1007503569999244,0.07333333333333333,-0.06293580795553236,-1.4636747470749256,0.22942319275536557,1.6497231743802994,,,,,,,,
D4-hetero_e05_r013,TA(0.15),0.09967133798636496,0.07666666666666666,-0.05654920074961819,-1.4620666021777748,0.2647827029793885,1.6253186607224042,,,,,,,,
D4-hetero_e05_r013,TA(0.25),0.10066243901383132,0.08666666666666667,0.3066445205503105,1.6029475208955555,-0.06405162848554981,-1.4624214498049473,,,,,,,,
D4-hetero_e05_r013,TA(0.40),0.09938481001881883,0.07666666666666666,-0.06293580795553236,-1.4636747470749256,0.25593138463402093,1.6237755742476887,,,,,,,,
D4-hetero_e10_r013,adapt,0.10808927100151777,0.16,-0.06774225786749673,-1.5159604157990192,0.4027111401062895,1.612197000638321,,,,,,,,
D4-hetero_e10_r013,adaptX,0.12056031401152723,0.16,-0.07821094995733732,-1.5169727028610984,0.4175387836216898,1.6030100789625081,,,,,,,,
D4-hetero_e10_r013,HA50,0.010450733010657132,,21.973626780745043,0.05357374112220888,-1.2738821249608805,0.21421909836981518,,,,,,,,
D4-hetero_e10_r013,TA(0.05),0.11267339601181448,0.05333333333333334,0.028480303419903562,0.18973094595194698,22.250347415073623,-0.31437401051266467,,,,,,,,
D4-hetero_e10_r013,TA(0.10),0.12611266298335977,0.07666666666666666,-0.4856519517291363,-0.24897260263881468,17.745328839279477,-4.73663744833298,,,,,,,,
D4-hetero_e10_r013,TA(0.15),0.11031073000049219,0.15666666666666668,-0.09048241171393955,-1.5157556688492282,0.4175387836216898,1.6030100789625081,,,,,,,,
D4-hetero_e10_r013,TA(0.25),0.10963382601039484,0.15333333333333332,-0.09228630084460275,-1.5155377337301832,0.3906762390471396,1.6110678464691806,,,,,,,,
D4-hetero_e10_r013,TA(0.40),0.10868095702608116,0.16,0.392594803023018,1.6109573294107895,-0.07821094995733732,-1.5169727028610984,,,,,,,,
D4-hetero_e20_r013,adapt,0.09914850900531746,0.18333333333333332,-0.02955711917683962,-1.5107341959024638,0.07843302567417135,1.4261665734329643,,,,,,,,
D4-hetero_e20_r013,adaptX,0.12117813600343652,0.18333333333333332,0.07843302567417135,1.4261665734329643,-0.02955711917683962,-1.5107341959024638,,,,,,,,
D4-hetero_e20_r013,HA50,0.011488709977129474,,-2.0287750460434197,0.013209639518459274,23.5149435094387,0.32119120714580046,,,,,,,,
D4-hetero_e20_r013,TA(0.05),0.11973869398934767,0.08,23.5149435094387,0.32119120714580046,0.013559310183434377,0.01569824058975946,,,,,,,,
D4-hetero_e20_r013,TA(0.10),0.10073984001064673,0.08,23.5149435094387,0.32119120714580046,0.013559310183434377,0.01569824058975946,,,,,,,,
D4-hetero_e20_r013,TA(0.15),0.10163321200525388,0.18333333333333332,0.10781229430473528,1.4179273870076181,-0.021878850218493402,-1.5109963144948115,,,,,,,,
D4-hetero_e20_r013,TA(0.25),0.10087687498889863,0.18666666666666668,-0.02955711917683962,-1.5107341959024638,0.15477032508502292,1.4067776540720334,,,,,,,,
D4-hetero_e20_r013,TA(0.40),0.10116689399001189,0.18666666666666668,0.15477032508502292,1.4067776540720334,-0.02955711917683962,-1.5107341959024638,,,,,,,,
D4-hetero_e30_r013,adapt,0.029787223000312224,0.30666666666666664,-0.033372563456336046,-1.4896398094575032,0.11573043289972614,1.5681405889223698,,,,,,,,
D4-hetero_e30_r013,adaptX,0.03575322902179323,0.30666666666666664,-0.041814211085663036,-1.4896227935716853,0.12435313868464636,1.5674592878146412,,,,,,,,
D4-hetero_e30_r013,HA50,0.005890831002034247,,-3.570434283568097,0.4124576959392909,21.732998958052693,0.11424658463581658,,,,,,,,
D4-hetero_e30_r013,TA(0.05),0.030900931975338608,0.14333333333333334,0.20418255227577342,0.04987164448420545,21.732998958052693,0.11424658463581658,,,,,,,,
D4-hetero_e30_r013,TA(0.10),0.031415695004398,0.14333333333333334,0.20418255227577342,0.04987164448420545,21.732998958052693,0.11424658463581658,,,,,,,,
D4-hetero_e30_r013,TA(0.15),0.030752813996514305,0.15,0.20418255227577342,0.04987164448420545,22.225529506456457,0.5219802671489173,,,,,,,,
D4-hetero_e30_r013,TA(0.25),0.030417041009059176,0.14333333333333334,-0.3244683557114878,-0.3829263737286798,17.70430182280716,-2.8470208976896574,,,,,,,,
D4-hetero_e30_r013,TA(0.40),0.031505744002060965,0.30666666666666664,0.12435313868464636,1.5674592878146412,-0.041814211085663036,-1.4896227935716853,,,,,,,,
D5-leverage_e00_r013,adapt,0.04081860900623724,0.03,-0.08398146682244859,1.5174124427768816,-0.007751506698137942,-1.6350825224555339,,,,,,,,
D5-leverage_e00_r013,adaptX,0.04521891399053857,0.03,-0.08398146682244859,1.5174124427768816,-0.007751506698137942,-1.6350825224555339,,,,,,,,
D5-leverage_e00_r013,HA50,0.00824297999497503,,-0.08683305506581317,1.511831432377943,0.03100230754866642,-1.5592874255812887,,,,,,,,
D5-leverage_e00_r013,TA(0.05),0.043017910997150466,0.03666666666666667,-0.034993830758778335,1.499584736884645,-0.007751506698137942,-1.6350825224555339,,,,,,,,
D5-leverage_e00_r013,TA(0.10),0.04262763200677,0.03666666666666667,-0.034993830758778335,1.499584736884645,-0.007751506698137942,-1.6350825224555339,,,,,,,,
D5-leverage_e00_r013,TA(0.15),0.042512776009971276,0.03666666666666667,-0.01642014967691811,-1.6356937513175733,0.011841801681418832,1.474224358989935,,,,,,,,
D5-leverage_e00_r013,TA(0.25),0.04169246900710277,0.03666666666666667,-0.01587168189569394,1.4873105547136007,-0.004756466815305198,-1.6352785742749776,,,,,,,,
D5-leverage_e00_r013,TA(0.40),0.0422035809897352,0.03666666666666667,-0.014279598480071402,1.4873541535374313,0.01694331227923172,-1.6168046143035415,,,,,,,,
D5-leverage_e05_r013,adapt,0.04508851800346747,0.07,-0.06743077388324187,1.5481346344785705,0.0038451513377231357,-1.4427603769939814,,,,,,,,
D5-leverage_e05_r013,adaptX,0.051411496999207884,0.06666666666666667,-0.06743077388324187,1.5481346344785705,0.027273639969925146,-1.4267047700143962,,,,,,,,
D5-leverage_e05_r013,HA50,0.0091450409963727,,2.4592430701526284,-0.06185579924937539,-2.022401330609844,0.005181210256357244,,,,,,,,
D5-leverage_e05_r013,TA(0.05),0.05823291800334118,0.06666666666666667,0.013779173166306053,-1.421521151242762,-0.08276482980621681,1.5560467005563945,,,,,,,,
D5-leverage_e05_r013,TA(0.10),0.04696977901039645,0.07,0.0009200797915175792,-1.442885870342346,-0.06423797366889553,1.5479898958237115,,,,,,,,
D5-leverage_e05_r013,TA(0.15),0.04718932500691153,0.06666666666666667,-0.0805515424227502,1.5559153973170703,0.010260849958043952,-1.4216742480848608,,,,,,,,
D5-leverage_e05_r013,TA(0.25),0.047525393980322406,0.06666666666666667,0.013779173166306053,-1.421521151242762,-0.08276482980621681,1.5560467005563945,,,,,,,,
D5-leverage_e05_r013,TA(0.40),0.04724880200228654,0.06666666666666667,0.04401886808802594,-1.4258486297779973,-0.08584172898936693,1.5486560267268448,,,,,,,,
D5-leverage_e10_r013,adapt,0.07796148399938829,0.09333333333333334,0.043274783832057344,-1.6025663342827403,0.12362567241288398,1.4380819591275589,,,,,,,,
D5-leverage_e10_r013,adaptX,0.06716659897938371,0.09333333333333334,0.12362567241288398,1.4380819591275589,0.043274783832057344,-1.6025663342827403,,,,,,,,
D5-leverage_e10_r013,HA50,0.009668282000347972,,2.341640893588881,-0.10562142521396599,-2.368885603521108,0.0011739212377922992,,,,,,,,
D5-leverage_e10_r013,TA(0.05),0.07941788699827157,0.0033333333333333335,2.4760398511597645,-0.09113864287981799,-2.2194454536505863,0.04071461878573642,,,,,,,,
D5-leverage_e10_r013,TA(0.10),0.07919341698288918,0.09333333333333334,0.12362567241288398,1.4380819591275589,0.043274783832057344,-1.6025663342827403,,,,,,,,
D5-leverage_e10_r013,TA(0.15),0.08014449698384851,0.09333333333333334,0.043274783832057344,-1.6025663342827403,0.12362567241288398,1.4380819591275589,,,,,,,,
D5-leverage_e10_r013,TA(0.25),0.07873189900419675,0.09333333333333334,0.026987399637354584,-1.59686311509995,0.10985270962836896,1.4423994805317182,,,,,,,,
D5-leverage_e10_r013,TA(0.40),0.08032934399670921,0.09333333333333334,0.09967322647611934,1.4423623411005568,0.004313673315254889,-1.6104000291314924,,,,,,,,
D5-leverage_e20_r013,adapt,0.07832385902293026,0.0033333333333333335,-2.3660800501612163,0.06586232118035976,2.290700401477057,-0.11121526366128522,,,,,,,,
D5-leverage_e20_r013,adaptX,0.09727855000528507,0.20666666666666667,0.08131814513307528,-1.522694137408372,0.08151005323581402,1.4648014783991194,,,,,,,,
D5-leverage_e20_r013,HA50,0.025663945998530835,,-2.367924509326662,0.061335590582798596,2.310864187576204,-0.1131527663331665,,,,,,,,
D5-leverage_e20_r013,TA(0.05),0.08007507800357416,0.0033333333333333335,-2.4585209205437106,0.06814450687647369,2.2121193200312463,-0.11489420896745531,,,,,,,,
D5-leverage_e20_r013,TA(0.10),0.07945847199880518,0.0033333333333333335,-2.4585209205437106,0.06814450687647369,2.2121193200312463,-0.11489420896745531,,,,,,,,
D5-leverage_e20_r013,TA(0.15),0.08017696801107377,0.0033333333333333335,2.1748003045692688,-0.10989511498878257,-2.5043938740081537,0.07417056447343964,,,,,,,,
D5-leverage_e20_r013,TA(0.25),0.0812429359939415,0.20666666666666667,0.10917531051082964,-1.5238851318647737,0.05203425832193098,1.4673011681015034,,,,,,,,
D5-leverage_e20_r013,TA(0.40),0.0820077350072097,0.20666666666666667,0.06805663141353299,-1.5190533603336087,0.07097952053487826,1.4686888049262956,,,,,,,,
D5-leverage_e30_r013,adapt,0.0451394830015488,0.016666666666666666,-1.954528341778631,0.04232194345566964,2.4212091608073347,-0.06717509569299863,,,,,,,,
D5-leverage_e30_r013,adaptX,0.05098483897745609,0.12,2.203239267458857,-0.04563610083903251,-1.9991764296002563,0.05669923958244318,,,,,,,,
D5-leverage_e30_r013,HA50,0.009623326011933386,,2.4465755683116472,-0.06899442053982423,-2.1016275531667223,0.06521180392720544,,,,,,,,
D5-leverage_e30_r013,TA(0.05),0.046059528016485274,0.02,-1.897687234627719,0.03180908834193959,2.446535857381207,-0.07069568870491434,,,,,,,,
D5-leverage_e30_r013,TA(0.10),0.04593602102249861,0.016666666666666666,-2.0907925541923675,0.058278398363841334,2.2377923826563433,-0.04593681789312358,,,,,,,,
D5-leverage_e30_r013,TA(0.15),0.04607280099298805,0.016666666666666666,-2.155765405774684,0.06506547123075829,2.1516695303947393,-0.03694330776660598,,,,,,,,
D5-leverage_e30_r013,TA(0.25),0.04748719299095683,0.016666666666666666,2.0874974518542198,-0.025069186800294088,-2.174262797898832,0.0676386013150869,,,,,,,,
D5-leverage_e30_r013,TA(0.40),0.045930737018352374,0.02666666666666667,1.036425173849793,0.1439234993037016,-2.8042372095737207,0.1493801786982777,,,,,,,,
D6-uniform_e00_r013,adapt,0.04635307498392649,0.013333333333333334,0.07463640463425131,-1.5934788634008457,0.11553732843031367,1.6044322362871812,,,,,,,,
D6-uniform_e00_r013,adaptX,0.04894623998552561,0.013333333333333334,0.0669001136660495,-1.5934875760874372,0.12271181131524093,1.60487099152396,,,,,,,,
D6-uniform_e00_r013,HA50,0.010024668998084962,,0.1189965907800182,1.5943362893308632,0.06319126287691426,-1.5570307851830254,,,,,,,,
D6-uniform_e00_r013,TA(0.05),0.04741947801085189,0.013333333333333334,0.12271181131524093,1.60487099152396,0.0669001136660495,-1.5934875760874372,,,,,,,,
D6-uniform_e00_r013,TA(0.10),0.04839826500392519,0.013333333333333334,0.0669001136660495,-1.5934875760874372,0.12271181131524093,1.60487099152396,,,,,,,,
D6-uniform_e00_r013,TA(0.15),0.04730495100375265,0.013333333333333334,0.0669001136660495,-1.5934875760874372,0.12271181131524093,1.60487099152396,,,,,,,,
D6-uniform_e00_r013,TA(0.25),0.049686265003401786,0.013333333333333334,0.05723476781984732,-1.592864287612001,0.16297732298505435,1.6201108019517965,,,,,,,,
D6-uniform_e00_r013,TA(0.40),0.04772435498307459,0.016666666666666666,0.09786326352198779,-1.5793659474161754,0.21799413639890305,1.6323323148247528,,,,,,,,
D6-uniform_e05_r013,adapt,0.043905722006456926,0.06333333333333334,-0.048173942081603055,1.5159463651819791,0.25450120111638536,-1.5457320107432848,,,,,,,,
D6-uniform_e05_r013,adaptX,0.05340107099618763,0.06333333333333334,0.25450120111638536,-1.5457320107432848,-0.048173942081603055,1.5159463651819791,,,,,,,,
D6-uniform_e05_r013,HA50,0.009260885010007769,,0.44680144436056346,-1.647825130335632,-0.0455894958406197,1.5738548415936704,,,,,,,,
D6-uniform_e05_r013,TA(0.05),0.044799602997954935,0.06333333333333334,0.25450120111638536,-1.5457320107432848,-0.048173942081603055,1.5159463651819791,,,,,,,,
D6-uniform_e05_r013,TA(0.10),0.046072330995230004,0.06666666666666667,0.26727629684097803,-1.5402278410392218,-0.02430811710642294,1.5326465082512588,,,,,,,,
D6-uniform_e05_r013,TA(0.15),0.044806677993619815,0.06333333333333334,0.26563068042613563,-1.5401921790698667,-0.02303886514924185,1.5326363029577792,,,,,,,,
D6-uniform_e05_r013,TA(0.25),0.0456392879714258,0.06666666666666667,0.25668464156602466,-1.5377216725063934,-0.030636683070042598,1.5344815496103879,,,,,,,,
D6-uniform_e05_r013,TA(0.40),0.04775063999113627,0.06666666666666667,0.21604703274596176,-1.5409508285747087,-0.03215715630713972,1.5308874998183086,,,,,,,,
D6-uniform_e10_r013,adapt,0.09385174000635743,0.08666666666666667,-0.0410817019254794,1.4100380065749099,0.040204237551862615,-1.6346600487236045,,,,,,,,
D6-uniform_e10_r013,adaptX,0.04651016800198704,0.08666666666666667,0.040204237551862615,-1.6346600487236045,-0.0410817019254794,1.4100380065749099,,,,,,,,
D6-uniform_e10_r013,HA50,0.005735712999012321,,-0.4040076546092231,1.5667874823840136,0.3546421689376603,-1.6504291177559067,,,,,,,,
D6-uniform_e10_r013,TA(0.05),0.09443684600410052,0.08666666666666667,0.040204237551862615,-1.6346600487236045,-0.0410817019254794,1.4100380065749099,,,,,,,,
D6-uniform_e10_r013,TA(0.10),0.09580558398738503,0.08666666666666667,0.040204237551862615,-1.6346600487236045,-0.0410817019254794,1.4100380065749099,,,,,,,,
D6-uniform_e10_r013,TA(0.15),0.09540774900233373,0.08666666666666667,0.040204237551862615,-1.6346600487236045,-0.0410817019254794,1.4100380065749099,,,,,,,,
D6-uniform_e10_r013,TA(0.25),0.09772462898399681,0.08666666666666667,-0.03559291290924254,1.4109108761331939,0.04518094907447249,-1.6335258660477259,,,,,,,,
D6-uniform_e10_r013,TA(0.40),0.09653499099658802,0.08666666666666667,-0.041149394756574406,1.4108006623707452,0.049669476674012836,-1.633142337122835,,,,,,,,
D6-uniform_e20_r013,adapt,0.02888959299889393,0.18,-0.052117331957997295,-1.4887076937445483,0.013727263478514506,1.4236731845106985,,,,,,,,
D6-uniform_e20_r013,adaptX,0.032858249003766105,0.18,0.040665200356707176,1.4466664189095693,-0.06294479692476015,-1.4880451317919614,,,,,,,,
D6-uniform_e20_r013,HA50,0.005897132999962196,,-3.095203074814101,-0.058395994443347185,2.9233375079888213,0.05987044512038754,,,,,,,,
D6-uniform_e20_r013,TA(0.05),0.029869841993786395,0.18,0.030109210683634785,1.4477392761243133,-0.0514802605709232,-1.4887419581677572,,,,,,,,
D6-uniform_e20_r013,TA(0.10),0.030668423016322777,0.18333333333333332,0.046698617498209215,1.4710149919897442,-0.052117331957997295,-1.4887076937445483,,,,,,,,
D6-uniform_e20_r013,TA(0.15),0.03039228098350577,0.18,0.023391465994215557,1.4201900322658905,-0.041931985264381424,-1.4913074586215087,,,,,,,,
D6-uniform_e20_r013,TA(0.25),0.03084892500191927,0.18,0.03542861924661963,1.4472056666652193,-0.05749463475004241,-1.4883839869683249,,,,,,,,
D6-uniform_e20_r013,TA(0.40),0.030345233011757955,0.18,-0.06294479692476015,-1.4880451317919614,0.040665200356707176,1.4466664189095693,,,,,,,,
D6-uniform_e30_r013,adapt,0.08185668298392557,0.15666666666666668,0.7745325278926295,-1.5298933377144373,0.2842228303820133,1.4427961610248916,,,,,,,,
D6-uniform_e30_r013,adaptX,0.055281679990002885,0.0,-2.6431303574852656,0.05924481544805862,3.9929988251341246,-0.0696840743661307,,,,,,,,
D6-uniform_e30_r013,HA50,0.011652279004920274,,2.8006447640948187,-0.17951907256466829,-4.193754796482744,-0.28067803753053516,,,,,,,,
D6-uniform_e30_r013,TA(0.05),0.08417655801167712,0.0,-4.255789155575706,-0.2833371162964945,2.7608468747000905,-0.17152176622496765,,,,,,,,
D6-uniform_e30_r013,TA(0.10),0.08258627500617877,0.013333333333333334,4.807155538955403,0.09368352470218955,-1.8062376524969836,0.3842547247377895,,,,,,,,
D6-uniform_e30_r013,TA(0.15),0.08404702800908126,0.02,-1.369930245476287,0.554774480806708,4.986927483804312,0.18269672627860156,,,,,,,,
D6-uniform_e30_r013,TA(0.25),0.08259698800975457,0.21,0.10280078717748016,-1.8176583378686506,0.06509148647588654,1.3147290205653734,,,,,,,,
D6-uniform_e30_r013,TA(0.40),0.08277674499549903,0.22666666666666666,-0.3063597249535286,-1.8576722419389482,0.022770579292433844,1.3342515803945545,,,,,,,,
D7-p3_e00_r013,adapt,0.22932842999580316,0.03,0.05251704621162292,-1.4929905451877898,0.9492470111793726,1.042196179832297,-0.030672619021730074,1.5226514554399133,0.9073552396297747,0.9512665902798154,,,,
D7-p3_e00_r013,adaptX,1.6451610069780145,0.03,0.02680729696529988,-1.5059331966980145,0.9415982333368099,1.058556782520605,-0.027902956691558213,1.5225732798036151,0.9039093976135391,0.9484303694116912,,,,
D7-p3_e00_r013,HA50,0.011222576024010777,,0.014967839435164545,1.5300424245402915,0.9357491087131439,0.9677709938637878,-0.029467417517521185,-1.49260356121255,0.9595520596951334,1.0165759237002816,,,,
D7-p3_e00_r013,TA(0.05),0.23250263297813945,0.03,-0.03159818085472792,1.5226269195342343,0.9071569526666272,0.9506532135825864,0.05340962540523541,-1.4930435248396103,0.9495649473893574,1.0426971055493617,,,,
D7-p3_e00_r013,TA(0.10),0.22998511302284896,0.03333333333333333,-0.04524197012470577,1.526821745833586,0.906757825289867,0.9603240225783133,-0.012910436999973025,-1.489738886212532,0.9283435610360958,1.0707807663268583,,,,
D7-p3_e00_r013,TA(0.15),0.23037362401373684,0.03,-0.027710768552459533,1.5274587768496024,0.8909278853323613,0.9766322261061614,-0.034799579315254875,-1.489783478017327,0.9312088622059432,1.0618188411621234,,,,
D7-p3_e00_r013,TA(0.25),0.2310928750084713,0.03333333333333333,-0.033144167987624276,1.5273777290487713,0.8916588697852244,0.9817752259244269,-0.008170835974080208,-1.501350417222713,0.9451244843004736,1.0570890163889506,,,,
D7-p3_e00_r013,TA(0.40),0.23017306200927123,0.03,-0.07012836918440685,1.542251216940323,0.9215282357509486,0.9576154129822521,-0.012820972065870387,-1.4959999762923988,0.9543256871329447,1.0758894230529863,,,,
D7-p3_e05_r013,adapt,0.3097487680206541,0.06333333333333334,-0.054708918673507266,1.4710588396367479,0.9712523783890457,1.177969938496942,-0.13867890536616534,-1.545166506318981,0.9959689054682118,0.9041121805102826,,,,
D7-p3_e05_r013,adaptX,1.5810814360156655,0.06333333333333334,-0.02374771592641979,1.4700039047605293,0.9915524176482414,1.1848302591738757,-0.1541714713017981,-1.5435100599748472,0.983301310476339,0.8996166420343742,,,,
D7-p3_e05_r013,HA50,0.012786259001586586,,-4.100742469004241,4.343000153021988,0.32696477122138307,-8.6391840251375,-0.3451073423859019,-0.31648141679038927,0.8781593810569921,1.3505099142995416,,,,
D7-p3_e05_r013,TA(0.05),0.3122255399939604,0.056666666666666664,-0.11398230273179749,1.4880145432389147,0.9500697702914848,1.132931436880948,-0.10807244397593717,-1.5588501523269005,0.9831208092093029,0.9267456169813073,,,,
D7-p3_e05_r013,TA(0.10),0.3110699059907347,0.06333333333333334,-0.13632000768953284,-1.545349885306012,0.9954203918768216,0.9065021733726705,-0.05873402079471587,1.4710624985238911,0.9718101528465306,1.174171239259081,,,,
D7-p3_e05_r013,TA(0.15),0.31119304901221767,0.06333333333333334,-0.049959443822268246,1.4710876616829343,0.9777141675259355,1.1709958815331674,-0.1412401472122672,-1.545171239656287,0.9922820178733495,0.9087703137859334,,,,
D7-p3_e05_r013,TA(0.25),0.3130235039861873,0.06333333333333334,-0.1435617993963101,-1.5449901605920904,0.9928343817377415,0.9063968677384628,-0.045859971028828814,1.471084036776216,0.9771679125130079,1.174829650161485,,,,
D7-p3_e05_r013,TA(0.40),0.3114097179786768,0.06333333333333334,-0.14475754967362517,-1.5449656301184758,0.9935524155223249,0.9058891943364404,-0.04497855383842674,1.471126230464984,0.9766968039737721,1.1753472857998326,,,,
D7-p3_e10_r013,adapt,0.23780763099784963,0.11,0.013401390836785964,-1.4888187572864575,0.9690428674122619,1.0359517690260316,-0.00010665604525942201,1.5290956623996785,1.0178056257884904,1.0114141855006142,,,,
D7-p3_e10_r013,adaptX,1.656581281014951,0.12,-0.018829799967475483,1.5229674897709133,1.0177487018833666,1.03451562546844,0.03735373542741857,-1.5171393334835466,0.9701371447155213,1.0144951672209495,,,,
D7-p3_e10_r013,HA50,0.013386050006374717,,-26.19214354696554,0.4239700599774208,-0.1969410291865307,0.9017473121741103,1.2902190623419647,0.07445811381171837,0.6212349691515116,1.5347123223149255,,,,
D7-p3_e10_r013,TA(0.05),0.23997811300796457,0.05,-26.19214354696554,0.4239700599774208,-0.1969410291865307,0.9017473121741103,0.11149082092698157,-0.13976741396985135,0.9190473286878401,1.34241009457665,,,,
D7-p3_e10_r013,TA(0.10),0.2407229430100415,0.10666666666666667,0.03743247721526521,-1.4901397051038827,0.9797039498709513,1.0443719910934404,0.03777559540204692,1.5335762727229776,1.0381463735589658,1.0339313613292187,,,,
D7-p3_e10_r013,TA(0.15),0.23914620198775083,0.11,-0.02762743138410303,1.5260155055786782,1.0083972674380608,1.0252511042528951,0.03258847892484046,-1.4901884927423106,0.9780674607337589,1.0261653826293746,,,,
D7-p3_e10_r013,TA(0.25),0.23848540699691512,0.11,0.004541018462114777,1.5236087534888472,1.0342147550927687,1.0244754598095318,0.027429592095610755,-1.4898288245020415,0.9721988171522277,1.0419747990063613,,,,
D7-p3_e10_r013,TA(0.40),0.23916584299877286,0.11,0.005869004729291941,1.529895743860801,1.0189951237599704,1.0095163743065565,0.015247994418479655,-1.488519715838151,0.9698697160425834,1.035581905605364,,,,
D7-p3_e20_r013,adapt,0.16774333498324268,0.23666666666666666,0.1973918350078068,-1.5473127309381032,1.0234667141115328,0.9326599093765127,0.07238437122606411,1.6019664908300564,1.0248589375739565,0.9258077863093044,,,,
D7-p3_e20_r013,adaptX,1.7044615960039664,0.2633333333333333,0.19030058812041262,-1.5310070152218966,1.0111300688138745,0.9500003831180678,0.070787520936659,1.60185989517613,1.0233522383892049,0.9275899011865983,,,,
D7-p3_e20_r013,HA50,0.009736272011650726,,22.11325069054991,0.9638909077420393,0.731422388875818,0.7621367577784289,-2.4627601322562533,0.21941538620062342,1.1041564950006992,1.0107721906777891,,,,
D7-p3_e20_r013,TA(0.05),0.16916120299720205,0.1,22.11325069054991,0.9638909077420393,0.731422388875818,0.7621367577784289,0.13900544066285495,-0.060306012272320415,1.0269758197201977,1.1695748280998342,,,,
D7-p3_e20_r013,TA(0.10),0.16920890301116742,0.1,0.13900544066285495,-0.060306012272320415,1.0269758197201977,1.1695748280998342,22.11325069054991,0.9638909077420393,0.731422388875818,0.7621367577784289,,,,
D7-p3_e20_r013,TA(0.15),0.1683115589839872,0.1,0.13900544066285495,-0.060306012272320415,1.0269758197201977,1.1695748280998342,22.11325069054991,0.9638909077420393,0.731422388875818,0.7621367577784289,,,,
D7-p3_e20_r013,TA(0.25),0.16830502799712121,0.23666666666666666,0.07238437122606411,1.6019664908300564,1.0248589375739565,0.9258077863093044,0.1973918350078068,-1.5473127309381032,1.0234667141115328,0.9326599093765127,,,,
D7-p3_e20_r013,TA(0.40),0.16877339500933886,0.23666666666666666,0.17202502805490985,-1.5475441016269815,1.0143543616290762,0.9272673649822243,0.07476966426088133,1.600621515240143,1.0189313920098544,0.9455308000639518,,,,
D7-p3_e30_r013,adapt,0.33406408299924806,0.30333333333333334,-0.1335343543615362,-1.4928131138768488,0.9958508115727805,1.0427984326144573,-0.028521936244127473,1.3683123662579733,1.061310505018806,0.9798255073529644,,,,
D7-p3_e30_r013,adaptX,1.6748760609771125,0.31333333333333335,-0.028521936244127473,1.3683123662579733,1.061310505018806,0.9798255073529644,-0.15435662447222281,-1.5087532731341076,1.0112490854474452,1.0309993063584746,,,,
D7-p3_e30_r013,HA50,0.013343992992304265,,-20.913834893386632,0.32222516317868877,1.2091654862040577,1.5621921899341213,3.823146166498499,-0.23227953334742238,0.7967039015424231,1.2237654549865031,,,,
D7-p3_e30_r013,TA(0.05),0.33586696500424296,0.14,0.09414698496546414,-0.2553927022983214,0.9131360380179016,1.0200485471655103,-20.913834893386632,0.32222516317868877,1.2091654862040577,1.5621921899341213,,,,
D7-p3_e30_r013,TA(0.10),0.3371302659797948,0.14,-20.913834893386632,0.32222516317868877,1.2091654862040577,1.5621921899341213,0.09414698496546414,-0.2553927022983214,0.9131360380179016,1.0200485471655103,,,,
D7-p3_e30_r013,TA(0.15),0.33676730500883423,0.14333333333333334,-20.828650630277426,-0.17871066576518332,1.6137417420910274,1.7845268576916942,0.09414698496546414,-0.2553927022983214,0.9131360380179016,1.0200485471655103,,,,
D7-p3_e30_r013,TA(0.25),0.3350460509827826,0.20666666666666667,-14.606726335765067,6.35295578784716,1.195628878577881,1.5546621561129366,-0.40474856328834685,-0.6561184763443955,0.8905217663367339,1.04514169794133,,,,
D7-p3_e30_r013,TA(0.40),0.3358547859825194,0.30333333333333334,-0.03858263435725995,1.3717266854607328,1.0616756893782882,0.9851773646309809,-0.14193405432743406,-1.4908496229236918,0.995147711057581,1.0468217052983047,,,,
D8-K2par-sep_e00_r013,adapt,0.02789167099399492,0.01,2.966627592705649,0.9068708252640082,-3.113743861163317,1.0373686633930939,,,,,,,,
D8-K2par-sep_e00_r013,adaptX,0.03653741400921717,0.01,2.966627592705649,0.9068708252640082,-3.113743861163317,1.0373686633930939,,,,,,,,
D8-K2par-sep_e00_r013,HA50,0.005252939998172224,,2.9881969298103295,0.9271175721885747,-3.113743861163317,1.0373686633930939,,,,,,,,
D8-K2par-sep_e00_r013,TA(0.05),0.029111390002071857,0.01,-3.113743861163317,1.0373686633930939,2.966627592705649,0.9068708252640082,,,,,,,,
D8-K2par-sep_e00_r013,TA(0.10),0.029684684006497264,0.01,-3.113743861163317,1.0373686633930939,2.966627592705649,0.9068708252640082,,,,,,,,
D8-K2par-sep_e00_r013,TA(0.15),0.028774256992619485,0.01,2.966627592705649,0.9068708252640082,-3.113743861163317,1.0373686633930939,,,,,,,,
D8-K2par-sep_e00_r013,TA(0.25),0.030734197003766894,0.01,2.966627592705649,0.9068708252640082,-3.113743861163317,1.0373686633930939,,,,,,,,
D8-K2par-sep_e00_r013,TA(0.40),0.03168364800512791,0.01,2.981266720723199,0.9191225226111266,-3.113743861163317,1.0373686633930939,,,,,,,,
D8-K2par-sep_e05_r013,adapt,0.0351115670055151,0.043333333333333335,-2.969359743045671,0.9601862253197421,2.8078165131082735,1.088155366026822,,,,,,,,
D8-K2par-sep_e05_r013,adaptX,0.05229320700163953,0.043333333333333335,-2.969359743045671,0.9601862253197421,2.8078165131082735,1.088155366026822,,,,,,,,
D8-K2par-sep_e05_r013,HA50,0.010896048013819382,,3.6157736192446888,1.0066772518892873,-3.5797887703634776,1.0225203216634589,,,,,,,,
D8-K2par-sep_e05_r013,TA(0.05),0.035894383006962016,0.043333333333333335,2.8078165131082735,1.088155366026822,-2.969359743045671,0.9601862253197421,,,,,,,,
D8-K2par-sep_e05_r013,TA(0.10),0.037679898989154026,0.043333333333333335,-2.969359743045671,0.9601862253197421,2.8078165131082735,1.088155366026822,,,,,,,,
D8-K2par-sep_e05_r013,TA(0.15),0.03652234800392762,0.043333333333333335,2.8078165131082735,1.088155366026822,-2.969359743045671,0.9601862253197421,,,,,,,,
D8-K2par-sep_e05_r013,TA(0.25),0.03654386100242846,0.043333333333333335,2.8078165131082735,1.088155366026822,-2.949983984399531,0.9655050693875652,,,,,,,,
D8-K2par-sep_e05_r013,TA(0.40),0.03761352799483575,0.043333333333333335,-2.949983984399531,0.9655050693875652,2.8078165131082735,1.088155366026822,,,,,,,,
D8-K2par-sep_e10_r013,adapt,0.04198273099609651,0.11,2.974836516288829,0.9874319307381834,-3.0521565950364735,0.9707647715638934,,,,,,,,
D8-K2par-sep_e10_r013,adaptX,0.04857996600912884,0.11,2.974836516288829,0.9874319307381834,-3.0521565950364735,0.9707647715638934,,,,,,,,
D8-K2par-sep_e10_r013,HA50,0.009106076002353802,,-0.32828356529925795,1.3633319822524868,7.530904188788095,-10.37051770698607,,,,,,,,
D8-K2par-sep_e10_r013,TA(0.05),0.04328777300543152,0.04666666666666667,-21.780661196479873,0.38815726123967914,0.09141447094351096,0.9885974242897645,,,,,,,,
D8-K2par-sep_e10_r013,TA(0.10),0.04424766599549912,0.11,-3.073261773084358,0.976670533754398,2.974836516288829,0.9874319307381834,,,,,,,,
D8-K2par-sep_e10_r013,TA(0.15),0.042505237011937425,0.11,2.974836516288829,0.9874319307381834,-3.073261773084358,0.976670533754398,,,,,,,,
D8-K2par-sep_e10_r013,TA(0.25),0.04372953699203208,0.11,2.974836516288829,0.9874319307381834,-3.073261773084358,0.976670533754398,,,,,,,,
D8-K2par-sep_e10_r013,TA(0.40),0.044923684996319935,0.11,2.974836516288829,0.9874319307381834,-3.073261773084358,0.976670533754398,,,,,,,,
D8-K2par-sep_e20_r013,adapt,0.03969408001285046,0.22,-2.7966663337745716,0.9890690948818152,3.0064487122548442,1.1053735840691454,,,,,,,,
D8-K2par-sep_e20_r013,adaptX,0.04515868198359385,0.22,-2.7966663337745716,0.9890690948818152,3.0064487122548442,1.1053735840691454,,,,,,,,
D8-K2par-sep_e20_r013,HA50,0.009558695979649201,,23.34061376967178,1.5701359654907328,-2.0012262382740222,1.0971314606143652,,,,,,,,
D8-K2par-sep_e20_r013,TA(0.05),0.041503746004309505,0.09,23.34061376967178,1.5701359654907328,0.2661733324328945,0.9179135469827334,,,,,,,,
D8-K2par-sep_e20_r013,TA(0.10),0.04072503498173319,0.09333333333333334,23.34061376967178,1.5701359654907328,0.318394294776924,0.9546914624626369,,,,,,,,
D8-K2par-sep_e20_r013,TA(0.15),0.040532845974667,0.09,0.2661733324328945,0.9179135469827334,23.34061376967178,1.5701359654907328,,,,,,,,
D8-K2par-sep_e20_r013,TA(0.25),0.04160459901322611,0.22,3.0064487122548442,1.1053735840691454,-2.7966663337745716,0.9890690948818152,,,,,,,,
D8-K2par-sep_e20_r013,TA(0.40),0.041216871002689004,0.22,3.0064487122548442,1.1053735840691454,-2.7966663337745716,0.9890690948818152,,,,,,,,
D8-K2par-sep_e30_r013,adapt,0.04157665898674168,0.36666666666666664,3.1183555565814163,0.913694718091665,-2.966330967858125,1.0273255966587413,,,,,,,,
D8-K2par-sep_e30_r013,adaptX,0.04986100201494992,0.36666666666666664,3.1183555565814163,0.913694718091665,-2.966330967858125,1.0273255966587413,,,,,,,,
D8-K2par-sep_e30_r013,HA50,0.010986826004227623,,-23.579807031193653,1.7237071318112898,5.0156804124001315,0.902474074181261,,,,,,,,
D8-K2par-sep_e30_r013,TA(0.05),0.0431482539861463,0.10666666666666667,2.4178324042400052,1.1424583212492467,-23.579807031193653,1.7237071318112898,,,,,,,,
D8-K2par-sep_e30_r013,TA(0.10),0.04399957999703474,0.17,0.18205687005582125,0.7202998081019785,-23.579807031193653,1.7237071318112898,,,,,,,,
D8-K2par-sep_e30_r013,TA(0.15),0.04214961500838399,0.17,0.18205687005582125,0.7202998081019785,-23.579807031193653,1.7237071318112898,,,,,,,,
D8-K2par-sep_e30_r013,TA(0.25),0.04231949400855228,0.17,-23.579807031193653,1.7237071318112898,0.18205687005582125,0.7202998081019785,,,,,,,,
D8-K2par-sep_e30_r013,TA(0.40),0.04422352398978546,0.36666666666666664,-2.966330967858125,1.0273255966587413,3.1183555565814163,0.913694718091665,,,,,,,,
D1-K2cross_e00_r014,adapt,0.0403576270036865,0.006666666666666667,0.07567702956400892,1.4478715785312877,0.005595874544874543,-1.577522870017548,,,,,,,,
D1-K2cross_e00_r014,adaptX,0.04738990101031959,0.006666666666666667,-0.022031768232933138,-1.5535273960396991,0.07567702956400892,1.4478715785312877,,,,,,,,
D1-K2cross_e00_r014,HA50,0.00801777999731712,,-0.026940702844507163,-1.5732088573863274,0.07567702956400892,1.4478715785312877,,,,,,,,
D1-K2cross_e00_r014,TA(0.05),0.04104586399625987,0.006666666666666667,0.005595874544874543,-1.577522870017548,0.07567702956400892,1.4478715785312877,,,,,,,,
D1-K2cross_e00_r014,TA(0.10),0.04164812099770643,0.006666666666666667,0.07567702956400892,1.4478715785312877,-0.022031768232933138,-1.5535273960396991,,,,,,,,
D1-K2cross_e00_r014,TA(0.15),0.041892687004292384,0.006666666666666667,-0.024388757133315973,-1.5533548515956705,0.07347116512759172,1.448157416050978,,,,,,,,
D1-K2cross_e00_r014,TA(0.25),0.04155110000283457,0.006666666666666667,0.07347116512759172,1.448157416050978,-0.024388757133315973,-1.5533548515956705,,,,,,,,
D1-K2cross_e00_r014,TA(0.40),0.04341052801464684,0.006666666666666667,0.0699270194062973,1.4487939951823472,-0.028372998015714072,-1.5528509087268805,,,,,,,,
D1-K2cross_e05_r014,adapt,0.0416792249889113,0.05,-0.0706518953460546,-1.524280094996757,0.13244887285532067,1.4735572683331168,,,,,,,,
D1-K2cross_e05_r014,adaptX,0.04649214900564402,0.05,-0.0706518953460546,-1.524280094996757,0.1449509776887897,1.4819172839146326,,,,,,,,
D1-K2cross_e05_r014,HA50,0.008023688016692176,,0.8619606137057753,0.503771891742354,-16.52037637344569,4.744609568234009,,,,,,,,
D1-K2cross_e05_r014,TA(0.05),0.042642621003324166,0.05,-0.0706518953460546,-1.524280094996757,0.1449509776887897,1.4819172839146326,,,,,,,,
D1-K2cross_e05_r014,TA(0.10),0.0426540769985877,0.05,0.1449509776887897,1.4819172839146326,-0.0706518953460546,-1.524280094996757,,,,,,,,
D1-K2cross_e05_r014,TA(0.15),0.04326605101232417,0.05,0.1447202074040176,1.4822188531266585,-0.06479600383097757,-1.524629806403921,,,,,,,,
D1-K2cross_e05_r014,TA(0.25),0.042238005000399426,0.05,0.17225099950034894,1.4867659442714902,-0.04670462131365388,-1.5202347644303889,,,,,,,,
D1-K2cross_e05_r014,TA(0.40),0.043004176986869425,0.05,0.1449509776887897,1.4819172839146326,-0.0706518953460546,-1.524280094996757,,,,,,,,
D1-K2cross_e10_r014,adapt,0.044245916011277586,0.11,0.2021806151040228,1.529525650912431,0.010883886182991107,-1.5017653770301223,,,,,,,,
D1-K2cross_e10_r014,adaptX,0.05042666700319387,0.11,0.010883886182991107,-1.5017653770301223,0.2021806151040228,1.529525650912431,,,,,,,,
D1-K2cross_e10_r014,HA50,0.008649650000734255,,20.7680891695767,5.3164695172566345,-1.3771960458060228,0.09387774631299105,,,,,,,,
D1-K2cross_e10_r014,TA(0.05),0.045214851008495316,0.04666666666666667,0.013272160112888842,-0.14979037362073996,-22.670770661186328,-1.4743086430472194,,,,,,,,
D1-K2cross_e10_r014,TA(0.10),0.04613333899760619,0.11,0.2021806151040228,1.529525650912431,0.010883886182991107,-1.5017653770301223,,,,,,,,
D1-K2cross_e10_r014,TA(0.15),0.04628010600572452,0.11,0.010883886182991107,-1.5017653770301223,0.2021806151040228,1.529525650912431,,,,,,,,
D1-K2cross_e10_r014,TA(0.25),0.04542410801514052,0.11,0.19165435729567426,1.5299777953422573,0.019902676708779897,-1.5021882850168113,,,,,,,,
D1-K2cross_e10_r014,TA(0.40),0.04655049799475819,0.11,0.019902676708779897,-1.5021882850168113,0.19165435729567426,1.5299777953422573,,,,,,,,
D1-K2cross_e20_r014,adapt,0.0458289599919226,0.21666666666666667,2.653948716835811,0.05613227277552804,-1.968783772000502,0.1442154299092606,,,,,,,,
D1-K2cross_e20_r014,adaptX,0.05204181399312802,0.22,0.005250026656347274,-1.515548633036354,0.19404603506999893,1.50192088171254,,,,,,,,
D1-K2cross_e20_r014,HA50,0.010769209009595215,,21.691418629935747,-0.49195909734146104,-1.8850821951944499,0.5200505823623757,,,,,,,,
D1-K2cross_e20_r014,TA(0.05),0.04815600599977188,0.08666666666666667,0.11007471134517695,0.29150198238235964,21.691418629935747,-0.49195909734146104,,,,,,,,
D1-K2cross_e20_r014,TA(0.10),0.04660696297651157,0.08666666666666667,0.11007471134517695,0.29150198238235964,21.691418629935747,-0.49195909734146104,,,,,,,,
D1-K2cross_e20_r014,TA(0.15),0.04812325400416739,0.09,-0.21067595573464765,0.5916249312161043,17.195109339079142,2.846500912023342,,,,,,,,
D1-K2cross_e20_r014,TA(0.25),0.046679898019647226,0.22,0.005250026656347274,-1.515548633036354,0.19404603506999893,1.50192088171254,,,,,,,,
D1-K2cross_e20_r014,TA(0.40),0.04758019797736779,0.22,0.19404603506999893,1.50192088171254,0.005250026656347274,-1.515548633036354,,,,,,,,
D1-K2cross_e30_r014,adapt,0.045061645010719076,0.31,-0.12638741730692563,1.5381051126180694,-0.03000601172783634,-1.5479486275789656,,,,,,,,
D1-K2cross_e30_r014,adaptX,0.047699126007501036,0.31,-0.03000601172783634,-1.5479486275789656,-0.12638741730692563,1.5381051126180694,,,,,,,,
D1-K2cross_e30_r014,HA50,0.009027327003423125,,3.6346854817306506,0.3298706916993701,-24.127561463748044,-0.3477341263842863,,,,,,,,
D1-K2cross_e30_r014,TA(0.05),0.046745220985030755,0.13666666666666666,-24.127561463748044,-0.3477341263842863,-0.10774348481045525,0.04509107653336922,,,,,,,,
D1-K2cross_e30_r014,TA(0.10),0.045949453982757404,0.13666666666666666,-24.127561463748044,-0.3477341263842863,-0.10774348481045525,0.04509107653336922,,,,,,,,
D1-K2cross_e30_r014,TA(0.15),0.04621415099245496,0.13666666666666666,-24.127561463748044,-0.3477341263842863,-0.10774348481045525,0.04509107653336922,,,,,,,,
D1-K2cross_e30_r014,TA(0.25),0.04598855198128149,0.15333333333333332,0.5136341749737878,0.5088354124520234,-16.95068203856181,4.111158006432287,,,,,,,,
D1-K2cross_e30_r014,TA(0.40),0.04701908698189072,0.31,-0.03000601172783634,-1.5479486275789656,-0.12638741730692563,1.5381051126180694,,,,,,,,
D2-K3par_e00_r014,adapt,0.19054009800311178,0.006666666666666667,2.8560884537377866,1.0186419842969268,-3.0325903070029208,1.0044925629399184,-0.21097727853004875,1.0088785862955694,,,,,,
D2-K3par_e00_r014,adaptX,0.20127090200548992,0.006666666666666667,2.8560884537377866,1.0186419842969268,-3.0325903070029208,1.0044925629399184,-0.21097727853004875,1.0088785862955694,,,,,,
D2-K3par_e00_r014,HA50,0.015603734995238483,,-0.22616819689224144,1.0024338950790068,2.881052050820619,1.0183207818286348,-3.0745833805641967,0.9665144958092176,,,,,,
D2-K3par_e00_r014,TA(0.05),0.19219770998461172,0.006666666666666667,2.8297709856320084,1.024255792833805,-0.24853210003058285,1.0198639078133154,-3.0325903070029208,1.0044925629399184,,,,,,
D2-K3par_e00_r014,TA(0.10),0.19185010102228262,0.006666666666666667,-3.0325903070029208,1.0044925629399184,2.8297709856320084,1.024255792833805,-0.24853210003058285,1.0198639078133154,,,,,,
D2-K3par_e00_r014,TA(0.15),0.19556744597502984,0.006666666666666667,2.8297709856320084,1.024255792833805,-3.0325903070029208,1.0044925629399184,-0.24853210003058285,1.0198639078133154,,,,,,
D2-K3par_e00_r014,TA(0.25),0.19289231600123458,0.006666666666666667,2.8430768128752963,1.0223679780080015,-0.22974195279603216,1.0153262724113457,-3.0325903070029208,1.0044925629399184,,,,,,
D2-K3par_e00_r014,TA(0.40),0.1926916019874625,0.006666666666666667,0.4352278493036918,0.6306359377504298,3.13451717541051,0.8380116630698901,-2.797343855775075,0.7708941633916693,,,,,,
D2-K3par_e05_r014,adapt,0.18405564498971216,0.05,3.0894185770291154,1.027600337174998,0.018054632893936693,0.9634406935187685,-2.8252409344247855,0.9705635937668441,,,,,,
D2-K3par_e05_r014,adaptX,0.1953831090067979,0.05,3.035260774046424,1.0660627657415946,-2.854072992127031,0.9646994536614178,-0.08865147468397822,1.010538427934618,,,,,,
D2-K3par_e05_r014,HA50,0.016502759972354397,,24.508209340895174,1.2382960415127415,0.38756688772722675,0.7548521772992542,-16.835416424861325,-4.182960145179882,,,,,,
D2-K3par_e05_r014,TA(0.05),0.18747399398125708,0.05,3.035260774046424,1.0660627657415946,-2.854072992127031,0.9646994536614178,-0.08865147468397822,1.010538427934618,,,,,,
D2-K3par_e05_r014,TA(0.10),0.1878156560123898,0.05,-2.810730513081548,0.9838774053487088,-0.04011575645884005,1.0321188359238143,3.035260774046424,1.0660627657415946,,,,,,
D2-K3par_e05_r014,TA(0.15),0.18512070199358277,0.05,-2.868712058783596,0.9537515766284658,2.9852402796340334,1.0392030741803013,-0.15877755490990655,0.9658731529389318,,,,,,
D2-K3par_e05_r014,TA(0.25),0.18576554401079193,0.05,-0.13987855759515117,0.97220622201465,-2.868712058783596,0.9537515766284658,3.00095803059543,1.0445834921709782,,,,,,
D2-K3par_e05_r014,TA(0.40),0.18488043098477647,0.05,-0.08865147468397822,1.010538427934618,3.035260774046424,1.0660627657415946,-2.854072992127031,0.9646994536614178,,,,,,
D2-K3par_e10_r014,adapt,0.22931547000189312,0.10333333333333333,-3.138222581655176,0.993375771763393,-0.10313962070050764,1.0594547861253565,3.1074938721211725,0.9704867411867919,,,,,,
D2-K3par_e10_r014,adaptX,0.2575041470117867,0.10333333333333333,-3.138222581655176,0.993375771763393,-0.10313962070050764,1.0594547861253565,3.1074938721211725,0.9704867411867919,,,,,,
D2-K3par_e10_r014,HA50,0.01679573699948378,,-0.0823893432231143,1.0086331899769099,22.65313279175903,1.2737520719466957,-22.13320368259259,1.3472621749577525,,,,,,
D2-K3par_e10_r014,TA(0.05),0.23075048997998238,0.043333333333333335,2.1227496042633547,0.9361177986824946,-2.4054451200807216,0.9657643938251735,22.65313279175903,1.2737520719466957,,,,,,
D2-K3par_e10_r014,TA(0.10),0.23050646801129915,0.10333333333333333,3.077593356845796,1.0003972880080019,-0.16432979776844037,1.0787509560451778,-3.1773320569559904,0.9824885116564026,,,,,,
D2-K3par_e10_r014,TA(0.15),0.23042761601391248,0.10333333333333333,-3.138222581655176,0.993375771763393,-0.13040437438994174,1.0885335853172882,3.077593356845796,1.0003972880080019,,,,,,
D2-K3par_e10_r014,TA(0.25),0.23142705799546093,0.10333333333333333,3.077593356845796,1.0003972880080019,-0.10881034644134017,1.106391469394394,-3.1143219891162484,1.0111981335117544,,,,,,
D2-K3par_e10_r014,TA(0.40),0.23304159101098776,0.10333333333333333,-0.2300523911046076,1.3106579279279746,-3.2053190285778332,1.1559651050127993,3.0306912446942107,1.0579349963625735,,,,,,
D2-K3par_e20_r014,adapt,0.2594423839764204,0.18666666666666668,-3.070962538125864,1.0473935897196542,0.07453210997332291,1.1589688633103068,3.3715815556301454,1.0191260692330155,,,,,,
D2-K3par_e20_r014,adaptX,0.2576112149981782,0.18666666666666668,-3.070962538125864,1.0473935897196542,3.3715815556301454,1.0191260692330155,0.07453210997332291,1.1589688633103068,,,,,,
D2-K3par_e20_r014,HA50,0.020200111001031473,,22.633846458257246,1.6328924957011557,-0.0827644560076835,1.0344124684801825,-22.55072655772678,0.9088823748494651,,,,,,
D2-K3par_e20_r014,TA(0.05),0.26014636998297647,0.02666666666666667,16.527861276060303,6.20573234665748,-0.5272010077269966,1.4023489009323684,-22.55072655772678,0.9088823748494651,,,,,,
D2-K3par_e20_r014,TA(0.10),0.26155356399249285,0.08666666666666667,2.6714078818312266,0.887946292610383,-22.55072655772678,0.9088823748494651,-2.3551577796065986,0.9132292209574904,,,,,,
D2-K3par_e20_r014,TA(0.15),0.2634848830057308,0.08666666666666667,-22.55072655772678,0.9088823748494651,2.446495949088214,0.9705893739096207,-2.536055718015102,0.9882026841911791,,,,,,
D2-K3par_e20_r014,TA(0.25),0.26027752400841564,0.18666666666666668,3.5550985026280753,1.1200803258962349,-2.9934021003426903,1.1361186205316334,0.3250387660086981,1.3747144900952235,,,,,,
D2-K3par_e20_r014,TA(0.40),0.26235672799521126,0.18666666666666668,0.3571741379258618,1.4052754322030363,3.6058226439244567,1.153856556259011,-2.9934021003426903,1.1361186205316334,,,,,,
D2-K3par_e30_r014,adapt,0.2852773889899254,0.22333333333333333,-1.2646770944034358,9.569368580270558,2.4451411837480355,1.0853800172596533,-2.2311986833119604,1.106457865055437,,,,,,
D2-K3par_e30_r014,adaptX,0.26916006099781953,0.30333333333333334,-3.173018015631503,0.9860011682345431,-0.01719202014132503,0.9968062344876473,3.257656986265108,1.0532493432956551,,,,,,
D2-K3par_e30_r014,HA50,0.016760950005846098,,0.16088648359606866,1.0855331631968967,-22.56342309133319,1.2312045148101436,21.429369217073333,0.7586500674493797,,,,,,
D2-K3par_e30_r014,TA(0.05),0.28855618901434354,0.0,0.16088648359606866,1.0855331631968967,-22.56342309133319,1.2312045148101436,21.429369217073333,0.7586500674493797,,,,,,
D2-K3par_e30_r014,TA(0.10),0.287072459992487,0.0,21.429369217073333,0.7586500674493797,-22.257799268909316,1.335575817832302,0.16088648359606866,1.0855331631968967,,,,,,
D2-K3par_e30_r014,TA(0.15),0.28784395899856463,0.14666666666666667,-2.159619048254286,1.210813784946016,21.584331406256332,0.89935668618327,2.591369657780186,1.231395110091824,,,,,,
D2-K3par_e30_r014,TA(0.25),0.28722768698935397,0.23,2.2507478722847303,0.9163028426711601,-2.4566714304540924,0.9395968651928969,-1.7457675847059628,9.377157746089852,,,,,,
D2-K3par_e30_r014,TA(0.40),0.2870993420074228,0.30333333333333334,-0.04615777826043147,1.0562717072137615,3.2361558388867313,1.1198088771612278,-3.173018015631503,0.9860011682345431,,,,,,
D3-unequal_e00_r014,adapt,0.045816753001417965,0.016666666666666666,-0.03441887913580128,-1.4622834534953906,-0.2004465327359639,1.3920380080070762,,,,,,,,
D3-unequal_e00_r014,adaptX,0.05001542798709124,0.023333333333333334,-0.049748481072641515,-1.45788673793397,-0.21801102342815867,1.3975785920108112,,,,,,,,
D3-unequal_e00_r014,HA50,0.007695646985666826,,-0.204347562772871,1.3771557186187802,-0.06301033622009763,-1.4822294977589654,,,,,,,,
D3-unequal_e00_r014,TA(0.05),0.04726615402614698,0.016666666666666666,-0.2004465327359639,1.3920380080070762,-0.023440912492415686,-1.4629702630909063,,,,,,,,
D3-unequal_e00_r014,TA(0.10),0.04706306298612617,0.02,-0.056995866137466634,-1.458736594887509,-0.21341333881116553,1.389202114579914,,,,,,,,
D3-unequal_e00_r014,TA(0.15),0.047980292001739144,0.02,-0.056995866137466634,-1.458736594887509,-0.21341333881116553,1.389202114579914,,,,,,,,
D3-unequal_e00_r014,TA(0.25),0.04806929099140689,0.02666666666666667,-0.044234441148860625,-1.4595253665454784,-0.23314990398182056,1.39466084081712,,,,,,,,
D3-unequal_e00_r014,TA(0.40),0.04717718900064938,0.20666666666666667,-0.9769512753311949,-1.4213342268033506,0.9624433906972605,-1.3117822003000439,,,,,,,,
D3-unequal_e05_r014,adapt,0.04889037398970686,0.06333333333333334,0.11680431494921158,1.4422116928257125,0.07729819019954849,-1.395189363719812,,,,,,,,
D3-unequal_e05_r014,adaptX,0.05272680500638671,0.06333333333333334,0.11680431494921158,1.4422116928257125,0.07729819019954849,-1.395189363719812,,,,,,,,
D3-unequal_e05_r014,HA50,0.008357509999768808,,23.286808974197957,-0.7544705786338912,-0.24620842234615817,-0.3509446110184212,,,,,,,,
D3-unequal_e05_r014,TA(0.05),0.050567502999911085,0.06333333333333334,0.07729819019954849,-1.395189363719812,0.11680431494921158,1.4422116928257125,,,,,,,,
D3-unequal_e05_r014,TA(0.10),0.0505328880099114,0.07,0.06993339075645336,-1.3955578660732395,0.05578801044904488,1.414021771909897,,,,,,,,
D3-unequal_e05_r014,TA(0.15),0.049875861004693434,0.07,0.06993339075645336,-1.3955578660732395,0.05578801044904488,1.414021771909897,,,,,,,,
D3-unequal_e05_r014,TA(0.25),0.0515914460120257,0.06333333333333334,0.13037945830408793,1.442041399507486,0.08213317905567152,-1.4043386608441564,,,,,,,,
D3-unequal_e05_r014,TA(0.40),0.051030177011853084,0.25666666666666665,1.0077862853128348,-1.3676773061477705,-0.6946842797271382,-1.3400020444731005,,,,,,,,
D3-unequal_e10_r014,adapt,0.06122597199282609,0.12,-0.014156348563980375,1.4969945127426862,0.15243358984985267,-1.4620081383343364,,,,,,,,
D3-unequal_e10_r014,adaptX,0.06335103700985201,0.12,0.15243358984985267,-1.4620081383343364,-0.014156348563980375,1.4969945127426862,,,,,,,,
D3-unequal_e10_r014,HA50,0.010391065006842837,,-1.2781679821876202,-0.7562644967892125,22.92760346443458,-1.3928133257030433,,,,,,,,
D3-unequal_e10_r014,TA(0.05),0.061903167981654406,0.16666666666666666,0.05463939313740451,-1.4080421684522861,23.823055608310497,-1.8003550355098341,,,,,,,,
D3-unequal_e10_r014,TA(0.10),0.06231631801347248,0.12,-0.014156348563980375,1.4969945127426862,0.15243358984985267,-1.4620081383343364,,,,,,,,
D3-unequal_e10_r014,TA(0.15),0.0626480659993831,0.12,0.15243358984985267,-1.4620081383343364,-0.014156348563980375,1.4969945127426862,,,,,,,,
D3-unequal_e10_r014,TA(0.25),0.062122667994117364,0.22666666666666666,0.9881386975960706,-1.3318876228268681,-0.7805667933747877,-1.3410658334433962,,,,,,,,
D3-unequal_e10_r014,TA(0.40),0.06197867597802542,0.22666666666666666,1.067335888861242,-1.3639962174702893,-0.6779305540211599,-1.3841441376483756,,,,,,,,
D3-unequal_e20_r014,adapt,0.051344314008019865,0.25,0.028772531344463146,-1.4522821726624182,-0.06821345117888077,1.5466142916160406,,,,,,,,
D3-unequal_e20_r014,adaptX,0.05546164800762199,0.25,-0.06821345117888077,1.5466142916160406,0.028772531344463146,-1.4522821726624182,,,,,,,,
D3-unequal_e20_r014,HA50,0.01114654599223286,,-22.21639439868149,-0.4356145348852952,2.7196940732629553,-0.30026531069659124,,,,,,,,
D3-unequal_e20_r014,TA(0.05),0.05366429401328787,0.13,-0.13484520360385155,-0.559295986655394,-22.430648245821043,-0.7184151467203682,,,,,,,,
D3-unequal_e20_r014,TA(0.10),0.05244761798530817,0.13,-22.430648245821043,-0.7184151467203682,-0.13484520360385155,-0.559295986655394,,,,,,,,
D3-unequal_e20_r014,TA(0.15),0.05346021399600431,0.13,-0.13484520360385155,-0.559295986655394,-22.430648245821043,-0.7184151467203682,,,,,,,,
D3-unequal_e20_r014,TA(0.25),0.05216027199639939,0.25,0.028772531344463146,-1.4522821726624182,-0.06821345117888077,1.5466142916160406,,,,,,,,
D3-unequal_e20_r014,TA(0.40),0.05251526000211015,0.25,-0.06821345117888077,1.5466142916160406,0.028772531344463146,-1.4522821726624182,,,,,,,,
D3-unequal_e30_r014,adapt,0.05731731798732653,0.33,-0.17815230337952553,-1.4874324755399229,0.2043463363915217,1.4227764821008109,,,,,,,,
D3-unequal_e30_r014,adaptX,0.06980036900495179,0.21666666666666667,-0.10811938594918695,-1.0362464548111319,19.597431238030353,-1.3169460148981527,,,,,,,,
D3-unequal_e30_r014,HA50,0.010766671999590471,,-23.438509376180306,-1.232271828249194,3.8811329052025427,-0.5079032079592299,,,,,,,,
D3-unequal_e30_r014,TA(0.05),0.059010452998336405,0.16,0.034441514158548577,-0.6548264386984393,-23.438509376180306,-1.232271828249194,,,,,,,,
D3-unequal_e30_r014,TA(0.10),0.05941055598668754,0.16,-23.438509376180306,-1.232271828249194,-0.007854567947007705,-0.6903328184923744,,,,,,,,
D3-unequal_e30_r014,TA(0.15),0.059370783012127504,0.16,-0.007854567947007705,-0.6903328184923744,-23.438509376180306,-1.232271828249194,,,,,,,,
D3-unequal_e30_r014,TA(0.25),0.05946010601473972,0.21666666666666667,-0.10811938594918695,-1.0362464548111319,20.221874457225276,-1.3460801611749666,,,,,,,,
D3-unequal_e30_r014,TA(0.40),0.059579577995464206,0.33,0.2605156212736501,1.4189832637821398,-0.2049290526696899,-1.4871068835477967,,,,,,,,
D4-hetero_e00_r014,adapt,0.04258745300467126,0.023333333333333334,0.28666142227432734,1.53772895619595,-0.0023107498549606647,-1.4904552035498677,,,,,,,,
D4-hetero_e00_r014,adaptX,0.0364184659847524,0.023333333333333334,-0.0023107498549606647,-1.4904552035498677,0.28666142227432734,1.53772895619595,,,,,,,,
D4-hetero_e00_r014,HA50,0.004771692998474464,,0.02646352166884406,-1.478093208809695,0.2758591240005726,1.5237932969544465,,,,,,,,
D4-hetero_e00_r014,TA(0.05),0.043508930975804105,0.023333333333333334,0.2779190228588235,1.5362476085434253,-0.009384578767155337,-1.4915604399686637,,,,,,,,
D4-hetero_e00_r014,TA(0.10),0.04355384499649517,0.023333333333333334,-0.008408989102947314,-1.4916196197822404,0.2578022484462607,1.526232620826017,,,,,,,,
D4-hetero_e00_r014,TA(0.15),0.0447729550069198,0.023333333333333334,-0.009384578767155337,-1.4915604399686637,0.2779190228588235,1.5362476085434253,,,,,,,,
D4-hetero_e00_r014,TA(0.25),0.044837714987806976,0.023333333333333334,-0.0023107498549606647,-1.4904552035498677,0.28666142227432734,1.53772895619595,,,,,,,,
D4-hetero_e00_r014,TA(0.40),0.044384408014593646,0.02,0.17810286114411872,1.5057648300791648,0.007951799349542304,-1.4884927310144562,,,,,,,,
D4-hetero_e05_r014,adapt,0.043088150996482,0.07,0.09993315074727083,1.5834254574959423,0.016365214665391568,-1.520364543757502,,,,,,,,
D4-hetero_e05_r014,adaptX,0.050269276020117104,0.07333333333333333,0.15484603599696295,1.5539102881625657,0.041727958170271605,-1.517613733416889,,,,,,,,
D4-hetero_e05_r014,HA50,0.008106598979793489,,24.32642400120949,-0.2357293561530998,-0.21514096927519635,0.02660047745596487,,,,,,,,
D4-hetero_e05_r014,TA(0.05),0.04586398898391053,0.07,0.03675099836501431,-1.5186026928954681,0.12049420794978835,1.5733660060376746,,,,,,,,
D4-hetero_e05_r014,TA(0.10),0.04509982900344767,0.07,0.09088068309777773,1.5835268609206707,0.04362743462619943,-1.5184286932038582,,,,,,,,
D4-hetero_e05_r014,TA(0.15),0.044405526015907526,0.07666666666666666,0.05347987056529243,-1.5167289719528654,0.006955128285483765,1.5979537129745036,,,,,,,,
D4-hetero_e05_r014,TA(0.25),0.04563264999887906,0.07333333333333333,0.03675099836501431,-1.5186026928954681,0.14877459003079566,1.5531473422317341,,,,,,,,
D4-hetero_e05_r014,TA(0.40),0.04506368900183588,0.07,0.03675099836501431,-1.5186026928954681,0.12049420794978835,1.5733660060376746,,,,,,,,
D4-hetero_e10_r014,adapt,0.04319951799698174,0.13,0.03109905320746298,-1.5249576793496002,0.14415859670955558,1.492579397106196,,,,,,,,
D4-hetero_e10_r014,adaptX,0.0487224789976608,0.13,0.010688789032251858,-1.524160765748968,0.12315182366962855,1.4932353881335945,,,,,,,,
D4-hetero_e10_r014,HA50,0.008699299010913819,,-15.622997937051263,-4.1754476853464935,2.2073921353601333,-0.6677170045058869,,,,,,,,
D4-hetero_e10_r014,TA(0.05),0.045180893008364365,0.056666666666666664,-16.73250816663837,-3.999280020670797,0.40466394387562654,-0.19623069429355097,,,,,,,,
D4-hetero_e10_r014,TA(0.10),0.0453019620035775,0.13,0.02729410150726215,-1.5245305936272573,0.14006611354839135,1.4929879080064719,,,,,,,,
D4-hetero_e10_r014,TA(0.15),0.04501844401238486,0.13,0.14006611354839135,1.4929879080064719,0.02729410150726215,-1.5245305936272573,,,,,,,,
D4-hetero_e10_r014,TA(0.25),0.04458008299116045,0.13,0.02729410150726215,-1.5245305936272573,0.14006611354839135,1.4929879080064719,,,,,,,,
D4-hetero_e10_r014,TA(0.40),0.04603299099835567,0.13,0.02729410150726215,-1.5245305936272573,0.14006611354839135,1.4929879080064719,,,,,,,,
D4-hetero_e20_r014,adapt,0.03024942599586211,0.25,-0.0930919873897365,1.4538449158291242,-0.010427679626106573,-1.4987954371779177,,,,,,,,
D4-hetero_e20_r014,adaptX,0.03277912701014429,0.25,-0.08364933656156659,1.4559614631516826,-0.0020523506524636223,-1.4970658069498581,,,,,,,,
D4-hetero_e20_r014,HA50,0.008271347993286327,,-3.2107205918185744,0.29499589885763516,22.800335937526043,-0.1664286543921282,,,,,,,,
D4-hetero_e20_r014,TA(0.05),0.030931465997127816,0.11666666666666667,22.800335937526043,-0.1664286543921282,-0.10984973233635005,-0.09094516230829396,,,,,,,,
D4-hetero_e20_r014,TA(0.10),0.031000432994915172,0.11666666666666667,-0.10984973233635005,-0.09094516230829396,22.800335937526043,-0.1664286543921282,,,,,,,,
D4-hetero_e20_r014,TA(0.15),0.03116928701638244,0.11666666666666667,-0.10984973233635005,-0.09094516230829396,22.800335937526043,-0.1664286543921282,,,,,,,,
D4-hetero_e20_r014,TA(0.25),0.03162801900180057,0.25,-0.0930919873897365,1.4538449158291242,-0.010427679626106573,-1.4987954371779177,,,,,,,,
D4-hetero_e20_r014,TA(0.40),0.030900277983164415,0.25333333333333335,-0.08364933656156659,1.4559614631516826,0.016033093845202018,-1.5080100331284667,,,,,,,,
D4-hetero_e30_r014,adapt,0.05187037301948294,0.38333333333333336,0.034089498032691255,-1.5143452165125009,-0.1765065884313111,1.4306453493530276,,,,,,,,
D4-hetero_e30_r014,adaptX,0.06064595701172948,0.38333333333333336,0.034089498032691255,-1.5143452165125009,-0.1765065884313111,1.4306453493530276,,,,,,,,
D4-hetero_e30_r014,HA50,0.011560154991457239,,22.927673823646003,0.25320172130858004,-4.558101656279092,-0.9311008157138057,,,,,,,,
D4-hetero_e30_r014,TA(0.05),0.05494396298308857,0.16333333333333333,0.10241161397787857,-0.12355660737235925,23.135213321527974,0.05064901953174474,,,,,,,,
D4-hetero_e30_r014,TA(0.10),0.05542009198688902,0.16333333333333333,23.135213321527974,0.05064901953174474,0.10241161397787857,-0.12355660737235925,,,,,,,,
D4-hetero_e30_r014,TA(0.15),0.05622906101052649,0.16333333333333333,23.135213321527974,0.05064901953174474,0.10241161397787857,-0.12355660737235925,,,,,,,,
D4-hetero_e30_r014,TA(0.25),0.05379506401368417,0.16333333333333333,23.135213321527974,0.05064901953174474,0.10241161397787857,-0.12355660737235925,,,,,,,,
D4-hetero_e30_r014,TA(0.40),0.05438286199932918,0.38333333333333336,-0.17480147602607468,1.429711931005966,0.01964574607511366,-1.5172612586281198,,,,,,,,
D5-leverage_e00_r014,adapt,0.04237045400077477,0.006666666666666667,0.03381249946984785,-1.5067924131397907,-0.07776124868917096,1.6088706262606858,,,,,,,,
D5-leverage_e00_r014,adaptX,0.04738107998855412,0.006666666666666667,0.03381249946984785,-1.5067924131397907,-0.07776124868917096,1.6088706262606858,,,,,,,,
D5-leverage_e00_r014,HA50,0.008349198993528262,,0.0195760503869155,-1.4974085266429256,-0.09465581298549004,1.6001233437316955,,,,,,,,
D5-leverage_e00_r014,TA(0.05),0.04412465202040039,0.01,-0.02621261779647881,1.5926663271414199,0.051127140456058165,-1.5005350961497612,,,,,,,,
D5-leverage_e00_r014,TA(0.10),0.04432587302289903,0.006666666666666667,-0.02621261779647881,1.5926663271414199,0.03663791729167563,-1.4911053259341427,,,,,,,,
D5-leverage_e00_r014,TA(0.15),0.04492401101742871,0.0033333333333333335,0.012726911979143881,-1.4977918586209333,-0.0694827932493767,1.608762424285882,,,,,,,,
D5-leverage_e00_r014,TA(0.25),0.04424565299996175,0.0033333333333333335,-0.005435699650728311,-1.4979026350454443,-0.09199723686020474,1.609988625289672,,,,,,,,
D5-leverage_e00_r014,TA(0.40),0.04431605900754221,0.25333333333333335,1.3693710311462188,-1.3017778953899466,-0.7465487212712155,-1.3656055630669015,,,,,,,,
D5-leverage_e05_r014,adapt,0.04314056900329888,0.07,0.03452239687897328,-1.5246059687466949,0.07733007554266397,1.6551986635805598,,,,,,,,
D5-leverage_e05_r014,adaptX,0.04685348199564032,0.06666666666666667,0.039375038055084875,-1.5242950953930263,0.029956728455756768,1.6214107252778533,,,,,,,,
D5-leverage_e05_r014,HA50,0.009112219006055966,,2.3352326019461085,-0.012498686863750944,-2.691658516107663,0.12013595141293522,,,,,,,,
D5-leverage_e05_r014,TA(0.05),0.044301579997409135,0.07,0.039375038055084875,-1.5242950953930263,0.050987080743509286,1.6377786782656933,,,,,,,,
D5-leverage_e05_r014,TA(0.10),0.04560187199967913,0.07666666666666666,0.039375038055084875,-1.5242950953930263,0.05763206236617575,1.6694643336288086,,,,,,,,
D5-leverage_e05_r014,TA(0.15),0.04572360301972367,0.07333333333333333,0.02662168187019136,1.6453996234782364,0.018232333192133358,-1.5315385490358786,,,,,,,,
D5-leverage_e05_r014,TA(0.25),0.0449461689859163,0.07666666666666666,0.03395406852979667,-1.5246542700160706,0.06295988301941575,1.6698253819147484,,,,,,,,
D5-leverage_e05_r014,TA(0.40),0.04605623701354489,0.07666666666666666,0.020094347024351405,-1.5216928100837166,0.05443339278563654,1.6731804345661063,,,,,,,,
D5-leverage_e10_r014,adapt,0.04126354100299068,0.12,-0.1402025016075739,1.4827138567337679,0.040334696963517616,-1.4241395635687741,,,,,,,,
D5-leverage_e10_r014,adaptX,0.0488145420094952,0.12,-0.15199371213537083,1.4850354194564772,0.02853632632082836,-1.4219284712707019,,,,,,,,
D5-leverage_e10_r014,HA50,0.009281253005610779,,-2.222546848975491,0.14154723446356857,2.42294183780438,-0.06702765477189834,,,,,,,,
D5-leverage_e10_r014,TA(0.05),0.043639502982841805,0.0033333333333333335,2.399921115349006,-0.07657267741095523,-2.229596043287068,0.13277895171935397,,,,,,,,
D5-leverage_e10_r014,TA(0.10),0.04351256199879572,0.0,-2.059757158534058,0.1291730669181752,2.596124183970334,-0.0844331386315711,,,,,,,,
D5-leverage_e10_r014,TA(0.15),0.0421044529939536,0.12333333333333334,-0.14276036606909362,1.4852670589043757,-0.00011714253852047562,-1.4393685379111376,,,,,,,,
D5-leverage_e10_r014,TA(0.25),0.0418065809935797,0.12333333333333334,-0.00011714253852047562,-1.4393685379111376,-0.14276036606909362,1.4852670589043757,,,,,,,,
D5-leverage_e10_r014,TA(0.40),0.0431396659987513,0.12,0.02853632632082836,-1.4219284712707019,-0.15199371213537083,1.4850354194564772,,,,,,,,
D5-leverage_e20_r014,adapt,0.04152787302155048,0.006666666666666667,2.055899918287375,-0.046667242645963496,-2.2745390776719216,0.13556084229013396,,,,,,,,
D5-leverage_e20_r014,adaptX,0.04670021001948044,0.22666666666666666,-0.19776345136444165,-1.551214650050026,-0.07691643457904376,1.4701050746573427,,,,,,,,
D5-leverage_e20_r014,HA50,0.008464683021884412,,2.0432333463606227,-0.07497039097240542,-2.3355218852924833,0.10494971333897697,,,,,,,,
D5-leverage_e20_r014,TA(0.05),0.04236544400919229,0.006666666666666667,2.0264301626079075,-0.0674202616280549,-2.3110445477333386,0.11619644248114729,,,,,,,,
D5-leverage_e20_r014,TA(0.10),0.04387525099446066,0.006666666666666667,2.0096942751081777,-0.06520960848050511,-2.3327137105172397,0.11897509339835392,,,,,,,,
D5-leverage_e20_r014,TA(0.15),0.04346758799511008,0.006666666666666667,-2.3762517296681014,0.12466110192319625,1.9756423444695606,-0.060609218344359235,,,,,,,,
D5-leverage_e20_r014,TA(0.25),0.04310453700600192,0.006666666666666667,1.8943342232306066,-0.019222915308112192,-2.4008860146132234,0.1509136830612802,,,,,,,,
D5-leverage_e20_r014,TA(0.40),0.04284121000091545,0.22666666666666666,-0.19776345136444165,-1.551214650050026,-0.07691643457904376,1.4701050746573427,,,,,,,,
D5-leverage_e30_r014,adapt,0.04167653099284507,0.013333333333333334,1.96642849183825,-0.045900621132773434,-2.4387014476148465,0.07726765096306314,,,,,,,,
D5-leverage_e30_r014,adaptX,0.04761221501394175,0.04,1.96642849183825,-0.045900621132773434,-2.3753255440285956,0.07998498754351667,,,,,,,,
D5-leverage_e30_r014,HA50,0.00838856099289842,,-2.4599479275625726,0.07527424741214371,2.0401147604827226,-0.04666446973144784,,,,,,,,
D5-leverage_e30_r014,TA(0.05),0.043291634996421635,0.013333333333333334,-2.3751844869966563,0.07012653921974425,1.96642849183825,-0.045900621132773434,,,,,,,,
D5-leverage_e30_r014,TA(0.10),0.04286240600049496,0.013333333333333334,1.96642849183825,-0.045900621132773434,-2.3751844869966563,0.07012653921974425,,,,,,,,
D5-leverage_e30_r014,TA(0.15),0.04349375001038425,0.01,-2.477571420670197,0.08100997697720398,1.9258785423187021,-0.04126050008500975,,,,,,,,
D5-leverage_e30_r014,TA(0.25),0.04286979101016186,0.02,2.007470720497175,-0.05079913026107855,-2.3351857410300454,0.06592389135579735,,,,,,,,
D5-leverage_e30_r014,TA(0.40),0.04506219900213182,0.013333333333333334,-2.3751844869966563,0.07012653921974425,1.96642849183825,-0.045900621132773434,,,,,,,,
D6-uniform_e00_r014,adapt,0.04364740799064748,0.013333333333333334,0.030376779618024916,1.6398160814627936,0.01294732751074664,-1.5217585565695733,,,,,,,,
D6-uniform_e00_r014,adaptX,0.04822214899468236,0.016666666666666666,0.031815457936637336,-1.5077295217987003,0.030376779618024916,1.6398160814627936,,,,,,,,
D6-uniform_e00_r014,HA50,0.008010963996639475,,0.030376779618024916,1.6398160814627936,0.016297677394833825,-1.5014600487383187,,,,,,,,
D6-uniform_e00_r014,TA(0.05),0.04493939600070007,0.016666666666666666,0.031815457936637336,-1.5077295217987003,0.030376779618024916,1.6398160814627936,,,,,,,,
D6-uniform_e00_r014,TA(0.10),0.04448449000483379,0.013333333333333334,0.030376779618024916,1.6398160814627936,0.01294732751074664,-1.5217585565695733,,,,,,,,
D6-uniform_e00_r014,TA(0.15),0.045556308003142476,0.013333333333333334,0.030376779618024916,1.6398160814627936,0.01294732751074664,-1.5217585565695733,,,,,,,,
D6-uniform_e00_r014,TA(0.25),0.04532072300207801,0.013333333333333334,0.018558294494349266,1.6395314496874027,0.020172631859292488,-1.5212654668747783,,,,,,,,
D6-uniform_e00_r014,TA(0.40),0.0470546800061129,0.013333333333333334,0.0035783430875248414,-1.5208989339962624,0.021453062588403057,1.641402543359672,,,,,,,,
D6-uniform_e05_r014,adapt,0.04734150099102408,0.05,-0.10575076970917158,-1.5574470722501628,0.19479990710607428,1.5112895006001048,,,,,,,,
D6-uniform_e05_r014,adaptX,0.050563611992402,0.05,-0.10275708449038962,-1.5576753961197711,0.19244835463159854,1.5111336839512293,,,,,,,,
D6-uniform_e05_r014,HA50,0.010040399996796623,,0.044096137190369755,-1.5481951478810525,0.151570482013255,1.561561726317547,,,,,,,,
D6-uniform_e05_r014,TA(0.05),0.048434372001793236,0.05,0.19479990710607428,1.5112895006001048,-0.10575076970917158,-1.5574470722501628,,,,,,,,
D6-uniform_e05_r014,TA(0.10),0.049009720009053126,0.05,-0.10575076970917158,-1.5574470722501628,0.19479990710607428,1.5112895006001048,,,,,,,,
D6-uniform_e05_r014,TA(0.15),0.051116143993567675,0.05,-0.045004676000995524,-1.56772042293829,0.19132280048323974,1.5061061694522624,,,,,,,,
D6-uniform_e05_r014,TA(0.25),0.049290707014733925,0.05,0.010261245496723477,-1.5739744519619117,0.2292532442141376,1.492422097017929,,,,,,,,
D6-uniform_e05_r014,TA(0.40),0.05005570300272666,0.05333333333333334,0.042736003208656344,-1.5669289578565084,0.1997823662912867,1.5046194834212598,,,,,,,,
D6-uniform_e10_r014,adapt,0.04915854599676095,0.09333333333333334,-0.07468228519071823,1.488462829720371,0.05728086853151063,-1.5153345769670328,,,,,,,,
D6-uniform_e10_r014,adaptX,0.056838229997083545,0.09333333333333334,0.05728086853151063,-1.5153345769670328,-0.07468228519071823,1.488462829720371,,,,,,,,
D6-uniform_e10_r014,HA50,0.009454496001126245,,-0.08810682027073703,1.4687954357380582,-0.07643735943668645,-1.5854951965550905,,,,,,,,
D6-uniform_e10_r014,TA(0.05),0.05102620102115907,0.09333333333333334,0.05728086853151063,-1.5153345769670328,-0.07468228519071823,1.488462829720371,,,,,,,,
D6-uniform_e10_r014,TA(0.10),0.052118066989351064,0.09333333333333334,0.05728086853151063,-1.5153345769670328,-0.07468228519071823,1.488462829720371,,,,,,,,
D6-uniform_e10_r014,TA(0.15),0.06756248799501918,0.09333333333333334,0.05728086853151063,-1.5153345769670328,-0.07468228519071823,1.488462829720371,,,,,,,,
D6-uniform_e10_r014,TA(0.25),0.06433496999670751,0.09333333333333334,0.05728086853151063,-1.5153345769670328,-0.07468228519071823,1.488462829720371,,,,,,,,
D6-uniform_e10_r014,TA(0.40),0.05141582401120104,0.09333333333333334,0.05728086853151063,-1.5153345769670328,-0.07468228519071823,1.488462829720371,,,,,,,,
D6-uniform_e20_r014,adapt,0.043345215992303565,0.18666666666666668,-0.1396545420729546,-1.4037701217216239,-0.16838783777365424,1.5448995672029326,,,,,,,,
D6-uniform_e20_r014,adaptX,0.049003602005541325,0.18,-0.22818189946781942,1.52045926283471,-0.17972006441434732,-1.427579942961337,,,,,,,,
D6-uniform_e20_r014,HA50,0.00935854998533614,,-3.4335131659455986,0.19757427888077897,2.1883693421284214,0.11461503279982185,,,,,,,,
D6-uniform_e20_r014,TA(0.05),0.04469799101934768,0.01,-3.4335131659455986,0.19757427888077897,2.089197262310332,0.11884419802828443,,,,,,,,
D6-uniform_e20_r014,TA(0.10),0.04402809700695798,0.18,-0.18209969921941202,-1.4273395202833419,-0.2260217259071755,1.5203574191144733,,,,,,,,
D6-uniform_e20_r014,TA(0.15),0.045107851998182014,0.18666666666666668,-0.16950834344565716,-1.4249639811148636,-0.16838783777365424,1.5448995672029326,,,,,,,,
D6-uniform_e20_r014,TA(0.25),0.04519972499110736,0.18333333333333332,-0.20258792467479123,1.5178342279344332,-0.17972006441434732,-1.427579942961337,,,,,,,,
D6-uniform_e20_r014,TA(0.40),0.04608608499984257,0.18,-0.2260217259071755,1.5203574191144733,-0.18209969921941202,-1.4273395202833419,,,,,,,,
D6-uniform_e30_r014,adapt,0.047534409997751936,0.0,2.964520815217999,-0.026471625761178095,-3.7652527093627834,0.023638601837039884,,,,,,,,
D6-uniform_e30_r014,adaptX,0.05210862701642327,0.0,2.919265399684649,0.017545777146509414,-3.8097136682076536,0.05900665627863092,,,,,,,,
D6-uniform_e30_r014,HA50,0.01125937097822316,,-3.8097136682076536,0.05900665627863092,2.919265399684649,0.017545777146509414,,,,,,,,
D6-uniform_e30_r014,TA(0.05),0.05065413998090662,0.0,-4.118048510406843,0.1186581217475114,2.5998916596609076,0.0798361264196429,,,,,,,,
D6-uniform_e30_r014,TA(0.10),0.04846619698219001,0.0,2.8444121639755,-0.0663161513300509,-3.86952526419366,-0.005131322970275793,,,,,,,,
D6-uniform_e30_r014,TA(0.15),0.05003687899443321,0.0,2.799391905215099,-0.023365416926619358,-3.9147103014010742,0.031065349159106092,,,,,,,,
D6-uniform_e30_r014,TA(0.25),0.04894944000989199,0.15666666666666668,-0.16803771152405864,1.4039758853557225,-0.22949595428876723,-1.5992676015873954,,,,,,,,
D6-uniform_e30_r014,TA(0.40),0.04980436197365634,0.17,-0.1876366787182562,-1.633188913930683,-0.08930031046632107,1.4289088844136866,,,,,,,,
D7-p3_e00_r014,adapt,0.2270947460201569,0.016666666666666666,-0.050730769658224824,1.4909721593374838,0.9415686410242353,0.950623895461549,-0.03318617684938925,-1.5427171569559277,0.9635085949917451,0.9584197112095798,,,,
D7-p3_e00_r014,adaptX,1.6586000630049966,0.02666666666666667,-0.02229105686280812,-1.5421318416857113,0.9720994396377539,0.9672906060290666,-0.03276401247742074,1.4746633319910645,0.9159304722887968,0.9283976123525103,,,,
D7-p3_e00_r014,HA50,0.012660487001994625,,-0.07057673962574558,1.5262336516354782,0.9560251618961215,0.9684185615549528,0.00563076923348654,-1.5532824000571515,0.952874867832443,0.9806361382799258,,,,
D7-p3_e00_r014,TA(0.05),0.22793569302302785,0.02,-0.02229105686280812,-1.5421318416857113,0.9720994396377539,0.9672906060290666,-0.040801806190137055,1.480563213318384,0.9225344147966776,0.9352806458394214,,,,
D7-p3_e00_r014,TA(0.10),0.22997828799998388,0.023333333333333334,-0.03146761443924748,-1.5429873791757942,0.9650084887582226,0.9580673383940856,-0.013794062293798297,1.4774501293609594,0.9228093897897266,0.9332254222895415,,,,
D7-p3_e00_r014,TA(0.15),0.22863837800105102,0.023333333333333334,-0.01935141608977172,-1.5424606169677124,0.9727937503015114,0.9663316474885796,-0.021167980472106586,1.4776730225767798,0.9122933717479512,0.9252296303427346,,,,
D7-p3_e00_r014,TA(0.25),0.2286670210014563,0.023333333333333334,-0.021167980472106586,1.4776730225767798,0.9122933717479512,0.9252296303427346,-0.01935141608977172,-1.5424606169677124,0.9727937503015114,0.9663316474885796,,,,
D7-p3_e00_r014,TA(0.40),0.23104530101409182,0.023333333333333334,-0.0074605125874669465,1.477450782660563,0.8986137767030553,0.9165625693177539,-0.0500598255460157,-1.5542724994248787,0.9881563322415808,0.9882666501777752,,,,
D7-p3_e05_r014,adapt,0.21413689199835062,0.07,0.017502008033077766,-1.4250901170010137,0.9843971129918387,0.9740535468073895,-0.013242449526397764,1.5043822775766713,0.9246547151778329,0.9676657114821826,,,,
D7-p3_e05_r014,adaptX,1.6292832950130105,0.07,-0.046594481309092384,1.5013688463851942,0.9368452608714464,0.9642083161837479,0.05533082827774854,-1.409887332271153,0.9821719176269083,0.9572950395329369,,,,
D7-p3_e05_r014,HA50,0.015374365000752732,,-5.5168493525377835,-3.669307515409864,10.477476682736306,1.3369253999143302,-0.037258510313609855,-0.06185197718396413,1.0200037840269711,0.9887093882723329,,,,
D7-p3_e05_r014,TA(0.05),0.21588045899989083,0.06666666666666667,0.038673228006096634,-1.4105835396198214,0.9808720509397656,0.9556373418483771,-0.016362153716701938,1.5043828701522926,0.9258309928007887,0.9704243715253856,,,,
D7-p3_e05_r014,TA(0.10),0.21711970499018207,0.06666666666666667,0.027262279134231703,-1.4113218763462814,0.9738543175514198,0.9457370772394886,0.0008553992522304642,1.505471635719036,0.93077276625464,0.9825696031731344,,,,
D7-p3_e05_r014,TA(0.15),0.21522004599682987,0.06666666666666667,0.04162967032441194,-1.4103785132080882,0.9818932979924371,0.9560763359466367,-0.019845202756473078,1.5042022924197416,0.9245085988096018,0.969922460877045,,,,
D7-p3_e05_r014,TA(0.25),0.21859994399710558,0.07,0.053191996301626736,-1.4100642644098267,0.9813242525584422,0.9573426499208175,-0.044588995972567276,1.5014751113227414,0.9376836786179514,0.9642084616783094,,,,
D7-p3_e05_r014,TA(0.40),0.214902538980823,0.06666666666666667,0.03881259098960633,-1.4105722325002763,0.9805529958251529,0.9616967408678545,-0.012975680099513005,1.5044824168293158,0.9237067991508642,0.9679472363276737,,,,
D7-p3_e10_r014,adapt,0.24220012000296265,0.13333333333333333,-0.11150817862790327,1.4797019852703222,0.8929360299269757,1.0482285675028713,0.0550972705023544,-1.4782214491427228,0.9751301111310976,1.0586571375157254,,,,
D7-p3_e10_r014,adaptX,1.822894114011433,0.16,-0.13235294921023263,1.4875282627019042,0.8942238753710078,1.0539432346243225,0.08789971819755399,-1.4539416430645047,0.9510702267506144,1.0823843537339026,,,,
D7-p3_e10_r014,HA50,0.013995101995533332,,-23.08969834990662,0.18350405453277646,1.9321634551300693,1.8979658038164788,1.5577311871012403,0.01405813218283304,1.1273020286895805,0.8374998353155259,,,,
D7-p3_e10_r014,TA(0.05),0.2455849859979935,0.06,0.27464732366149236,-0.09913696138206993,0.9269635164125,0.7687758983634719,-21.841671349622242,0.6893797249793168,2.402154233031266,2.2826502266980224,,,,
D7-p3_e10_r014,TA(0.10),0.2449504749965854,0.09333333333333334,0.5719781831808406,-0.31016997512841304,0.8614275898240844,0.8500461486878402,-16.542265181456827,-6.449401672973343,0.4894471632919993,-1.1254281331939973,,,,
D7-p3_e10_r014,TA(0.15),0.24375002598389983,0.13,0.016439745372607104,-1.4567594082678932,0.9892943220851578,1.0532343234199921,-0.13235294921023263,1.4875282627019042,0.8942238753710078,1.0539432346243225,,,,
D7-p3_e10_r014,TA(0.25),0.2429609859827906,0.13333333333333333,0.03593237732834936,-1.4759792006728178,0.9818378307757841,1.065088983458981,-0.13235294921023263,1.4875282627019042,0.8942238753710078,1.0539432346243225,,,,
D7-p3_e10_r014,TA(0.40),0.24540372300543822,0.13333333333333333,0.034757464329343644,-1.482839373888561,0.9908459132889327,1.0776257210360738,-0.11469967337820756,1.4830159655732067,0.8922538363461168,1.065937391258257,,,,
D7-p3_e20_r014,adapt,0.23710210801800713,0.20666666666666667,-0.1214512112235634,1.4894051159059793,1.0758338542405466,0.9796030288581036,-0.18590122491879996,-1.6455129598778526,0.9333078260287511,1.0768804115644186,,,,
D7-p3_e20_r014,adaptX,1.7301651409943588,0.20666666666666667,-0.1214512112235634,1.4894051159059793,1.0758338542405466,0.9796030288581036,-0.18590122491879996,-1.6455129598778526,0.9333078260287511,1.0768804115644186,,,,
D7-p3_e20_r014,HA50,0.01418656500754878,,22.024646750430744,-3.1795383553337513,3.458939828304357,-0.18839601987626825,-3.1129458443791242,0.006113730583244007,1.164117988228173,1.2789837611248598,,,,
D7-p3_e20_r014,TA(0.05),0.23967064000316896,0.1,-19.00330315893085,0.08720849364553424,1.2781266658250403,1.8138205456497434,-0.30104421612095583,0.14768173034041077,1.0823479862860612,1.1620212443899054,,,,
D7-p3_e20_r014,TA(0.10),0.24117863600258715,0.09666666666666666,-0.30104421612095583,0.14768173034041077,1.0823479862860612,1.1620212443899054,-18.738249502704157,0.1222162097657627,1.2535767501792991,1.6295362372441822,,,,
D7-p3_e20_r014,TA(0.15),0.239603721012827,0.11,0.38898930478853266,0.7670316836320473,0.9783040805373289,1.0637204812207743,-14.309217267355356,3.8467824545820593,-0.0660919382116881,0.8783807642901978,,,,
D7-p3_e20_r014,TA(0.25),0.23920597601681948,0.20666666666666667,-0.1214512112235634,1.4894051159059793,1.0758338542405466,0.9796030288581036,-0.18590122491879996,-1.6455129598778526,0.9333078260287511,1.0768804115644186,,,,
D7-p3_e20_r014,TA(0.40),0.24030365000362508,0.20666666666666667,-0.1214512112235634,1.4894051159059793,1.0758338542405466,0.9796030288581036,-0.21392015963824262,-1.6248421391293295,0.9293480382619576,1.0901995178460855,,,,
D7-p3_e30_r014,adapt,0.26474258000962436,0.31333333333333335,-0.054054994684468505,-1.5404070225472264,0.9776957253288737,0.9835645157605943,-0.15706078998957052,1.485994958653202,0.9160363406291079,0.9464269772200884,,,,
D7-p3_e30_r014,adaptX,1.6665539060195442,0.31666666666666665,-0.05827256675346916,-1.5367682035542911,0.9809751517678769,0.980660275430779,-0.15023810455179742,1.491169215373078,0.9224607488126466,0.9392481571087542,,,,
D7-p3_e30_r014,HA50,0.014590735983802006,,-22.31657626925168,-0.6941302986981228,1.4174565243341328,1.3461955096493654,3.4179904681176003,-0.1852223880938755,1.3233538265199936,1.1835338926890546,,,,
D7-p3_e30_r014,TA(0.05),0.2661936109943781,0.13,-0.25750151421579537,0.1639036410538389,1.0610019267677853,1.1049655433786598,-22.31657626925168,-0.6941302986981228,1.4174565243341328,1.3461955096493654,,,,
D7-p3_e30_r014,TA(0.10),0.2667222910095006,0.13,-22.31657626925168,-0.6941302986981228,1.4174565243341328,1.3461955096493654,-0.25750151421579537,0.1639036410538389,1.0610019267677853,1.1049655433786598,,,,
D7-p3_e30_r014,TA(0.15),0.2673268830112647,0.13,-22.31657626925168,-0.6941302986981228,1.4174565243341328,1.3461955096493654,-0.25750151421579537,0.1639036410538389,1.0610019267677853,1.1049655433786598,,,,
D7-p3_e30_r014,TA(0.25),0.26562530201044865,0.16666666666666666,-0.4005421588855989,0.250536956513308,1.1711767609251118,1.1778685115996355,-14.761582812720013,-4.360182655105807,-1.8850376230649664,-0.885463375031079,,,,
D7-p3_e30_r014,TA(0.40),0.2664129050099291,0.31333333333333335,-0.15455211020169263,1.4860624542136596,0.910662926791133,0.9481126948984023,-0.061617904855137094,-1.5398960774654467,0.9806232736897804,0.9837592184688767,,,,
D8-K2par-sep_e00_r014,adapt,0.04128361897892319,0.016666666666666666,2.88793566642208,1.0302636002888186,-2.9723920803686132,1.0514695103421539,,,,,,,,
D8-K2par-sep_e00_r014,adaptX,0.0455151770147495,0.016666666666666666,-2.9723920803686132,1.0514695103421539,2.8744652477238013,1.0423663134394843,,,,,,,,
D8-K2par-sep_e00_r014,HA50,0.007888217020081356,,2.9465805203479425,1.0189056514926018,-2.9723920803686132,1.0514695103421539,,,,,,,,
D8-K2par-sep_e00_r014,TA(0.05),0.043462230009026825,0.02,2.861232394083696,1.0402514797203841,-2.9723920803686132,1.0514695103421539,,,,,,,,
D8-K2par-sep_e00_r014,TA(0.10),0.04282794802566059,0.016666666666666666,-2.9723920803686132,1.0514695103421539,2.8744652477238013,1.0423663134394843,,,,,,,,
D8-K2par-sep_e00_r014,TA(0.15),0.04399763100082055,0.016666666666666666,-2.9723920803686132,1.0514695103421539,2.88793566642208,1.0302636002888186,,,,,,,,
D8-K2par-sep_e00_r014,TA(0.25),0.044231808016775176,0.016666666666666666,-2.9723920803686132,1.0514695103421539,2.8744652477238013,1.0423663134394843,,,,,,,,
D8-K2par-sep_e00_r014,TA(0.40),0.044772052991902456,0.016666666666666666,-2.9723920803686132,1.0514695103421539,2.8744652477238013,1.0423663134394843,,,,,,,,
D8-K2par-sep_e05_r014,adapt,0.04314200798398815,0.04,2.9813640233731316,0.8993866851404356,-3.0722266063503683,1.0266520877381655,,,,,,,,
D8-K2par-sep_e05_r014,adaptX,0.04789595300098881,0.04,-3.0722266063503683,1.0266520877381655,2.9813640233731316,0.8993866851404356,,,,,,,,
D8-K2par-sep_e05_r014,HA50,0.009877401986159384,,3.500921366508963,0.8533497537004281,-3.2863064679517806,0.8791030430200117,,,,,,,,
D8-K2par-sep_e05_r014,TA(0.05),0.0442672350036446,0.04,-3.0722266063503683,1.0266520877381655,2.9813640233731316,0.8993866851404356,,,,,,,,
D8-K2par-sep_e05_r014,TA(0.10),0.044264308002311736,0.04,2.9813640233731316,0.8993866851404356,-3.0722266063503683,1.0266520877381655,,,,,,,,
D8-K2par-sep_e05_r014,TA(0.15),0.044629946001805365,0.04,-3.0870794720777486,1.0371047594724623,2.9813640233731316,0.8993866851404356,,,,,,,,
D8-K2par-sep_e05_r014,TA(0.25),0.04620554600842297,0.04,-3.0722266063503683,1.0266520877381655,2.9813640233731316,0.8993866851404356,,,,,,,,
D8-K2par-sep_e05_r014,TA(0.40),0.044580808986211196,0.04,2.9813640233731316,0.8993866851404356,-3.0722266063503683,1.0266520877381655,,,,,,,,
D8-K2par-sep_e10_r014,adapt,0.04172159099834971,0.11,2.9083728051906736,1.0844755164523157,-3.0396492760854263,0.9495254059631112,,,,,,,,
D8-K2par-sep_e10_r014,adaptX,0.04680788598489016,0.11,2.9083728051906736,1.0844755164523157,-3.0396492760854263,0.9495254059631112,,,,,,,,
D8-K2par-sep_e10_r014,HA50,0.008192447014153004,,-19.857530730609017,-0.6231392527696709,0.8618562780907081,0.9241505717945391,,,,,,,,
D8-K2par-sep_e10_r014,TA(0.05),0.04367170500336215,0.05333333333333334,0.7072852865563554,0.4019854842778606,-12.821143723668868,-3.630817234774742,,,,,,,,
D8-K2par-sep_e10_r014,TA(0.10),0.04302412300603464,0.10666666666666667,-3.0396492760854263,0.9495254059631112,2.928194019049459,1.068278329248035,,,,,,,,
D8-K2par-sep_e10_r014,TA(0.15),0.04275146999862045,0.10666666666666667,-3.0396492760854263,0.9495254059631112,2.928194019049459,1.068278329248035,,,,,,,,
D8-K2par-sep_e10_r014,TA(0.25),0.042685719003202394,0.10666666666666667,2.928194019049459,1.068278329248035,-3.0396492760854263,0.9495254059631112,,,,,,,,
D8-K2par-sep_e10_r014,TA(0.40),0.04313045399612747,0.11,2.9083728051906736,1.0844755164523157,-3.0396492760854263,0.9495254059631112,,,,,,,,
D8-K2par-sep_e20_r014,adapt,0.049579752987483516,0.2633333333333333,2.9771809419448783,1.0494499351815785,-2.9047158274313625,0.9749480867202701,,,,,,,,
D8-K2par-sep_e20_r014,adaptX,0.051464952994138,0.2633333333333333,-2.9047158274313625,0.9749480867202701,2.9771809419448783,1.0494499351815785,,,,,,,,
D8-K2par-sep_e20_r014,HA50,0.01024736199178733,,2.619347629972212,0.894071405296872,-23.33342615636552,0.9550797038069366,,,,,,,,
D8-K2par-sep_e20_r014,TA(0.05),0.05212558200582862,0.11333333333333333,-0.21076845751572082,1.0377182615769653,-23.33342615636552,0.9550797038069366,,,,,,,,
D8-K2par-sep_e20_r014,TA(0.10),0.0519661899888888,0.11333333333333333,-0.21076845751572082,1.0377182615769653,-23.33342615636552,0.9550797038069366,,,,,,,,
D8-K2par-sep_e20_r014,TA(0.15),0.05123957700561732,0.11333333333333333,-0.21076845751572082,1.0377182615769653,-23.33342615636552,0.9550797038069366,,,,,,,,
D8-K2par-sep_e20_r014,TA(0.25),0.0509244560089428,0.2633333333333333,-2.9047158274313625,0.9749480867202701,2.9771809419448783,1.0494499351815785,,,,,,,,
D8-K2par-sep_e20_r014,TA(0.40),0.05257873798836954,0.2633333333333333,-2.9047158274313625,0.9749480867202701,2.9771809419448783,1.0494499351815785,,,,,,,,
D8-K2par-sep_e30_r014,adapt,0.04335216397885233,0.28,3.020032430083868,0.9497127082462834,-2.9908229136021243,1.0358830078540666,,,,,,,,
D8-K2par-sep_e30_r014,adaptX,0.04829572301241569,0.28,-2.9908229136021243,1.0358830078540666,3.020032430083868,0.9497127082462834,,,,,,,,
D8-K2par-sep_e30_r014,HA50,0.0098544460197445,,-3.1758199444107147,0.9835811037901192,22.07857891848129,0.47610928501441546,,,,,,,,
D8-K2par-sep_e30_r014,TA(0.05),0.04469139297725633,0.12666666666666668,21.367603607896108,0.25690574661744114,-0.24233464721415454,0.8185679195442261,,,,,,,,
D8-K2par-sep_e30_r014,TA(0.10),0.04616214201087132,0.12666666666666668,21.367603607896108,0.25690574661744114,-0.17986079719115472,0.7716227120531859,,,,,,,,
D8-K2par-sep_e30_r014,TA(0.15),0.04494237000471912,0.12666666666666668,-0.17986079719115472,0.7716227120531859,21.367603607896108,0.25690574661744114,,,,,,,,
D8-K2par-sep_e30_r014,TA(0.25),0.04396084600011818,0.28,-2.9908229136021243,1.0358830078540666,3.020032430083868,0.9497127082462834,,,,,,,,
D8-K2par-sep_e30_r014,TA(0.40),0.045789020019583404,0.28,-2.9908229136021243,1.0358830078540666,3.020032430083868,0.9497127082462834,,,,,,,,
D1-K2cross_e00_r015,adapt,0.04243780599790625,0.02,0.08217937558681232,1.4815078595626503,-0.17238305617071167,-1.4657180307537445,,,,,,,,
D1-K2cross_e00_r015,adaptX,0.046219120995374396,0.023333333333333334,-0.12976404591045118,-1.4338927918388875,0.07154287750387041,1.4911998892962135,,,,,,,,
D1-K2cross_e00_r015,HA50,0.007908227009465918,,-0.10782503929501203,-1.4642228477195571,0.029020975320198022,1.5043583694269653,,,,,,,,
D1-K2cross_e00_r015,TA(0.05),0.043036674993345514,0.023333333333333334,-0.12976404591045118,-1.4338927918388875,0.07154287750387041,1.4911998892962135,,,,,,,,
D1-K2cross_e00_r015,TA(0.10),0.04326417198171839,0.023333333333333334,0.07154287750387041,1.4911998892962135,-0.12976404591045118,-1.4338927918388875,,,,,,,,
D1-K2cross_e00_r015,TA(0.15),0.04332053300458938,0.023333333333333334,-0.12976404591045118,-1.4338927918388875,0.08686931576428128,1.4873910410818483,,,,,,,,
D1-K2cross_e00_r015,TA(0.25),0.04565411098883487,0.023333333333333334,0.06722148063927724,1.489810062633554,-0.17238305617071167,-1.4657180307537445,,,,,,,,
D1-K2cross_e00_r015,TA(0.40),0.04482848901534453,0.02666666666666667,0.059427196603194586,1.4896787497462394,-0.14820878227503423,-1.4482775057830846,,,,,,,,
D1-K2cross_e05_r015,adapt,0.04555929300840944,0.03666666666666667,-0.041807627114348496,-1.4862721559552041,-0.028866787568268895,1.546019309892087,,,,,,,,
D1-K2cross_e05_r015,adaptX,0.045683567004743963,0.03666666666666667,-0.041807627114348496,-1.4862721559552041,-0.028866787568268895,1.546019309892087,,,,,,,,
D1-K2cross_e05_r015,HA50,0.008059680985752493,,19.202372480357827,-5.578058011777875,-1.0345987997773232,-0.31761210536076584,,,,,,,,
D1-K2cross_e05_r015,TA(0.05),0.047349815984489396,0.03666666666666667,-0.041807627114348496,-1.4862721559552041,-0.028866787568268895,1.546019309892087,,,,,,,,
D1-K2cross_e05_r015,TA(0.10),0.04663036999409087,0.03666666666666667,-0.041807627114348496,-1.4862721559552041,-0.028866787568268895,1.546019309892087,,,,,,,,
D1-K2cross_e05_r015,TA(0.15),0.046750148001592606,0.03666666666666667,-0.04558283487149335,1.545153233553291,-0.023549764667680415,-1.4868735439453198,,,,,,,,
D1-K2cross_e05_r015,TA(0.25),0.046642384986625984,0.03666666666666667,-0.041807627114348496,-1.4862721559552041,-0.028866787568268895,1.546019309892087,,,,,,,,
D1-K2cross_e05_r015,TA(0.40),0.04789822598104365,0.03666666666666667,-0.028866787568268895,1.546019309892087,-0.041807627114348496,-1.4862721559552041,,,,,,,,
D1-K2cross_e10_r015,adapt,0.031572387990308926,0.09666666666666666,0.09103444115631423,1.5750616599193006,0.026369452973250093,-1.4963022553347383,,,,,,,,
D1-K2cross_e10_r015,adaptX,0.031131222000112757,0.09666666666666666,0.08414404993181858,1.5750912886717219,0.045695299414500117,-1.4745773367368271,,,,,,,,
D1-K2cross_e10_r015,HA50,0.0052246470004320145,,-7.472814035315242,-10.150082904574662,0.7009279559872718,0.4146234510531838,,,,,,,,
D1-K2cross_e10_r015,TA(0.05),0.032015119009884074,0.09666666666666666,0.045695299414500117,-1.4745773367368271,0.08414404993181858,1.5750912886717219,,,,,,,,
D1-K2cross_e10_r015,TA(0.10),0.03216722700744867,0.09666666666666666,0.05051824669914445,-1.4735440255872208,0.08876304555179312,1.57528833554674,,,,,,,,
D1-K2cross_e10_r015,TA(0.15),0.033644070994341746,0.09666666666666666,0.05051824669914445,-1.4735440255872208,0.08876304555179312,1.57528833554674,,,,,,,,
D1-K2cross_e10_r015,TA(0.25),0.03223819800768979,0.09666666666666666,0.05051824669914445,-1.4735440255872208,0.08876304555179312,1.57528833554674,,,,,,,,
D1-K2cross_e10_r015,TA(0.40),0.03241059300489724,0.09666666666666666,0.08876304555179312,1.57528833554674,0.05051824669914445,-1.4735440255872208,,,,,,,,
D1-K2cross_e20_r015,adapt,0.04362910901545547,0.18333333333333332,-0.31309583382278755,1.4130122081142051,-0.11309746702140051,-1.5357319693330636,,,,,,,,
D1-K2cross_e20_r015,adaptX,0.049679289979394525,0.18333333333333332,-0.11309746702140051,-1.5357319693330636,-0.31309583382278755,1.4130122081142051,,,,,,,,
D1-K2cross_e20_r015,HA50,0.008881750021828339,,-2.260770116909538,0.12870551271469324,23.59732438872784,0.3801297294598146,,,,,,,,
D1-K2cross_e20_r015,TA(0.05),0.044314989005215466,0.08333333333333333,-0.233045165466146,-0.03541430787129222,23.59732438872784,0.3801297294598146,,,,,,,,
D1-K2cross_e20_r015,TA(0.10),0.04620899399742484,0.08333333333333333,23.59732438872784,0.3801297294598146,-0.233045165466146,-0.03541430787129222,,,,,,,,
D1-K2cross_e20_r015,TA(0.15),0.04449768699123524,0.13666666666666666,0.40873489375487904,0.4557598065884033,-17.57833772148286,5.388896222505699,,,,,,,,
D1-K2cross_e20_r015,TA(0.25),0.04460627201478928,0.18333333333333332,-0.12068408542991517,-1.537002139223184,-0.31974406068210565,1.4117229344261926,,,,,,,,
D1-K2cross_e20_r015,TA(0.40),0.04562028497457504,0.18333333333333332,-0.31744668964822037,1.4117075539551733,-0.1231141133430625,-1.5369757617711124,,,,,,,,
D1-K2cross_e30_r015,adapt,0.046406346024014056,0.3333333333333333,-0.06820038543023242,-1.5476491851258558,0.03341357312221184,1.5682095106497458,,,,,,,,
D1-K2cross_e30_r015,adaptX,0.04812239101738669,0.3333333333333333,-0.06820038543023242,-1.5476491851258558,0.03341357312221184,1.5682095106497458,,,,,,,,
D1-K2cross_e30_r015,HA50,0.009056006994796917,,-22.948510866336964,-0.24847591023499077,4.426265781123063,0.043059480611308695,,,,,,,,
D1-K2cross_e30_r015,TA(0.05),0.04835957600153051,0.16666666666666666,-22.948510866336964,-0.24847591023499077,-0.029584621021164846,0.1246761311651706,,,,,,,,
D1-K2cross_e30_r015,TA(0.10),0.04788363000261597,0.16666666666666666,-0.029584621021164846,0.1246761311651706,-22.948510866336964,-0.24847591023499077,,,,,,,,
D1-K2cross_e30_r015,TA(0.15),0.04811784499906935,0.16666666666666666,-0.029584621021164846,0.1246761311651706,-22.948510866336964,-0.24847591023499077,,,,,,,,
D1-K2cross_e30_r015,TA(0.25),0.048022731993114576,0.17333333333333334,-0.029584621021164846,0.1246761311651706,-22.90959490933556,-0.5582855600807347,,,,,,,,
D1-K2cross_e30_r015,TA(0.40),0.04732050298480317,0.3333333333333333,-0.06820038543023242,-1.5476491851258558,0.03341357312221184,1.5682095106497458,,,,,,,,
D2-K3par_e00_r015,adapt,0.21598100900882855,0.016666666666666666,-3.195264605754841,1.069536110625806,-0.08845511501223573,1.0643352115787965,2.9583489320965177,1.107837801062912,,,,,,
D2-K3par_e00_r015,adaptX,0.2302741339954082,0.013333333333333334,-3.164705552444039,1.090395585969394,2.932800528350756,1.1189571333300428,-0.09034801785735389,1.0999217205102605,,,,,,
D2-K3par_e00_r015,HA50,0.01522683899383992,,-3.2945531875483196,1.0859541874328424,2.955383942144478,1.0975540489469668,-0.11962299941185182,1.08018291075751,,,,,,
D2-K3par_e00_r015,TA(0.05),0.21920267000677995,0.013333333333333334,2.932800528350756,1.1189571333300428,-0.09034801785735389,1.0999217205102605,-3.164705552444039,1.090395585969394,,,,,,
D2-K3par_e00_r015,TA(0.10),0.21817640698282048,0.013333333333333334,-0.17449592664146357,0.9675958323420882,2.8574867355129188,1.0639630458551164,-3.163667698427999,1.0122541451641462,,,,,,
D2-K3par_e00_r015,TA(0.15),0.22050892500556074,0.016666666666666666,2.885989230876892,1.0738217929653073,-0.16196068705519692,0.9970678862854426,-3.1853076689439868,1.0326161027213747,,,,,,
D2-K3par_e00_r015,TA(0.25),0.22047271800693125,0.016666666666666666,2.9156517262275967,1.0946871308224302,-3.1502201366951743,1.076281505104282,-0.1176776859059861,1.0363045121397525,,,,,,
D2-K3par_e00_r015,TA(0.40),0.21734766601002775,0.056666666666666664,-1.1941084892546991,-0.14805400667046378,3.1817176970779695,0.9422632954504754,-0.22735401758506285,1.1741769594540643,,,,,,
D2-K3par_e05_r015,adapt,0.2007411119993776,0.04,-2.9773094146456867,0.965948113659039,3.278941797772313,1.0478437542975338,0.11370231170928545,1.1186248296478671,,,,,,
D2-K3par_e05_r015,adaptX,0.2155261510051787,0.04,0.1554342648208143,1.0898326985828668,3.291653476201467,1.0380237702336403,-2.9506958472645364,0.9434281764301877,,,,,,
D2-K3par_e05_r015,HA50,0.015140376024646685,,22.14590048912062,-0.7380959844989305,0.5451371961114683,0.46145571475701747,-13.355336410395422,-3.7608561738663315,,,,,,
D2-K3par_e05_r015,TA(0.05),0.20138649400905706,0.04,3.278941797772313,1.0478437542975338,0.10036086781297852,1.1266907203947214,-2.9911600704338523,0.9754707309331587,,,,,,
D2-K3par_e05_r015,TA(0.10),0.20344152202596888,0.04,-2.9773094146456867,0.965948113659039,3.278941797772313,1.0478437542975338,0.11370231170928545,1.1186248296478671,,,,,,
D2-K3par_e05_r015,TA(0.15),0.20288857899140567,0.04,-2.9773094146456867,0.965948113659039,3.291653476201467,1.0380237702336403,0.12978926897883702,1.1097743745343995,,,,,,
D2-K3par_e05_r015,TA(0.25),0.2016456020064652,0.04,-2.9773094146456867,0.965948113659039,3.291653476201467,1.0380237702336403,0.12978926897883702,1.1097743745343995,,,,,,
D2-K3par_e05_r015,TA(0.40),0.20276929400279187,0.04,3.278941797772313,1.0478437542975338,0.11370231170928545,1.1186248296478671,-2.9773094146456867,0.965948113659039,,,,,,
D2-K3par_e10_r015,adapt,0.21773393300827593,0.08666666666666667,2.9654804096252025,0.9740630216265281,-0.02047995950537864,0.9955752637004064,-3.0847553804897974,1.0933504617684149,,,,,,
D2-K3par_e10_r015,adaptX,0.2102982569776941,0.08666666666666667,2.9654804096252025,0.9740630216265281,-3.0847553804897974,1.0933504617684149,-0.02047995950537864,0.9955752637004064,,,,,,
D2-K3par_e10_r015,HA50,0.017446395009756088,,-0.021974390964882604,0.9148413939997325,21.808293884285856,0.3828541573209218,-23.35248603356535,-0.07391562116537177,,,,,,
D2-K3par_e10_r015,TA(0.05),0.21998939002514817,0.04,2.2256906976216224,1.0103800973968164,21.808293884285856,0.3828541573209218,-2.2649836385810675,1.0355069785823265,,,,,,
D2-K3par_e10_r015,TA(0.10),0.21866622398374602,0.09,2.9446813731307793,0.9515737594422401,-0.02047995950537864,0.9955752637004064,-3.0847553804897974,1.0933504617684149,,,,,,
D2-K3par_e10_r015,TA(0.15),0.21863452199613675,0.09,0.01775773221343255,0.9770142109396568,2.9446813731307793,0.9515737594422401,-3.0401488330169584,1.0717763723434524,,,,,,
D2-K3par_e10_r015,TA(0.25),0.22105107898823917,0.09,0.01775773221343255,0.9770142109396568,-3.0401488330169584,1.0717763723434524,2.9446813731307793,0.9515737594422401,,,,,,
D2-K3par_e10_r015,TA(0.40),0.21931310099898838,0.09333333333333334,-2.91204732460984,0.9986449664267515,3.033566667742,0.8510315477801466,0.21934309200022387,0.8431744595051747,,,,,,
D2-K3par_e20_r015,adapt,0.2565701470011845,0.20666666666666667,-3.0989935464069003,0.9433746100795827,-0.11033447335343112,0.9899243187226574,3.18008438537825,1.0932193750127013,,,,,,
D2-K3par_e20_r015,adaptX,0.2551232799887657,0.20666666666666667,3.18008438537825,1.0932193750127013,-0.09486453060307672,0.997429732599279,-3.07896356958737,0.9520086905975936,,,,,,
D2-K3par_e20_r015,HA50,0.016167691006558016,,-0.11753690997625234,0.942799514833464,-22.706998359981746,0.4579635165659477,24.098200711105633,1.7699155082401485,,,,,,
D2-K3par_e20_r015,TA(0.05),0.25843322998844087,0.0,-22.706998359981746,0.4579635165659477,-0.11753690997625234,0.942799514833464,24.098200711105633,1.7699155082401485,,,,,,
D2-K3par_e20_r015,TA(0.10),0.2597307410032954,0.08,2.139354881821158,0.917090361139539,-2.227485878129542,0.945992656039313,-22.706998359981746,0.4579635165659477,,,,,,
D2-K3par_e20_r015,TA(0.15),0.258882504014764,0.08,-2.244879412993063,0.9342477631265932,-22.706998359981746,0.4579635165659477,2.1203067883904785,0.9030641386779883,,,,,,
D2-K3par_e20_r015,TA(0.25),0.25864750900655054,0.20666666666666667,-0.09486453060307672,0.997429732599279,-3.07896356958737,0.9520086905975936,3.18008438537825,1.0932193750127013,,,,,,
D2-K3par_e20_r015,TA(0.40),0.2585904019942973,0.20666666666666667,3.18008438537825,1.0932193750127013,-3.07896356958737,0.9520086905975936,-0.09486453060307672,0.997429732599279,,,,,,
D2-K3par_e30_r015,adapt,0.4136675760091748,0.14333333333333334,-22.30599959922406,1.5932611351832289,-2.2615423078807435,1.0358864437913946,2.2134689213045866,1.0343851720243558,,,,,,
D2-K3par_e30_r015,adaptX,0.29245710899704136,0.3,2.962406278546514,1.2209965714432038,-3.113607463120732,1.103247351714961,-0.34141662951835683,1.2968969041239753,,,,,,
D2-K3par_e30_r015,HA50,0.015416008012834936,,-0.32803574347006004,1.128455646466218,22.077079898217818,0.3363027556808969,-22.065037051458688,1.5198297118776958,,,,,,
D2-K3par_e30_r015,TA(0.05),0.41571950502111576,0.0033333333333333335,-0.2786291219758887,1.0813815956100319,22.077079898217818,0.3363027556808969,-22.065037051458688,1.5198297118776958,,,,,,
D2-K3par_e30_r015,TA(0.10),0.4166290999855846,0.0033333333333333335,-22.065037051458688,1.5198297118776958,22.077079898217818,0.3363027556808969,-0.2786291219758887,1.0813815956100319,,,,,,
D2-K3par_e30_r015,TA(0.15),0.41593006398761645,0.14333333333333334,-2.28277375378705,1.0217549637180106,2.1913552995204526,1.0193778073999251,-22.30599959922406,1.5932611351832289,,,,,,
D2-K3par_e30_r015,TA(0.25),0.4150744689977728,0.14333333333333334,-2.309227000599208,0.9761515952572787,-22.30599959922406,1.5932611351832289,2.1746993411033757,0.9680571754368332,,,,,,
D2-K3par_e30_r015,TA(0.40),0.4156006629928015,0.3,-3.113607463120732,1.103247351714961,-0.34141662951835683,1.2968969041239753,2.962406278546514,1.2209965714432038,,,,,,
D3-unequal_e00_r015,adapt,0.047224902984453365,0.016666666666666666,-0.03453027573571675,-1.501554725878026,-0.07181660584160018,1.4980509301759966,,,,,,,,
D3-unequal_e00_r015,adaptX,0.05146968501503579,0.016666666666666666,-0.024371090732719553,-1.501726607140264,-0.09150350056297903,1.4998883001763332,,,,,,,,
D3-unequal_e00_r015,HA50,0.008645722991786897,,-0.0476668582461688,-1.493259006142748,-0.08226523370067063,1.531998920586238,,,,,,,,
D3-unequal_e00_r015,TA(0.05),0.04883417801465839,0.016666666666666666,-0.07181660584160018,1.4980509301759966,-0.03453027573571675,-1.501554725878026,,,,,,,,
D3-unequal_e00_r015,TA(0.10),0.049080689990660176,0.013333333333333334,-0.028618014135379028,-1.500941807019649,-0.04124200274596759,1.5089462414463903,,,,,,,,
D3-unequal_e00_r015,TA(0.15),0.049105499987490475,0.013333333333333334,-0.028618014135379028,-1.500941807019649,-0.04124200274596759,1.5089462414463903,,,,,,,,
D3-unequal_e00_r015,TA(0.25),0.049048658984247595,0.19333333333333333,0.8035043533262891,-1.4200060911046097,-0.8538715589586204,-1.3065573479940942,,,,,,,,
D3-unequal_e00_r015,TA(0.40),0.04820921301143244,0.19,0.856086456852753,-1.329374065904971,-0.8769338649520199,-1.240914779273716,,,,,,,,
D3-unequal_e05_r015,adapt,0.04759849500260316,0.04,0.06582874412326004,-1.5867761275770265,0.060162305504460785,1.5259833292780378,,,,,,,,
D3-unequal_e05_r015,adaptX,0.0575007590232417,0.04,0.047514994340352716,1.5271842287234423,0.0595258790311637,-1.586170213539649,,,,,,,,
D3-unequal_e05_r015,HA50,0.008915789017919451,,-54.350922867400016,27.808516583248238,0.24766348702363858,-0.783779426328033,,,,,,,,
D3-unequal_e05_r015,TA(0.05),0.049307086010230705,0.04,0.06889365937933158,1.5285554171470597,0.07001634668548584,-1.5859840894373032,,,,,,,,
D3-unequal_e05_r015,TA(0.10),0.04916381600196473,0.04,0.06889365937933158,1.5285554171470597,0.07001634668548584,-1.5859840894373032,,,,,,,,
D3-unequal_e05_r015,TA(0.15),0.04990094999084249,0.04,0.06889365937933158,1.5285554171470597,0.07001634668548584,-1.5859840894373032,,,,,,,,
D3-unequal_e05_r015,TA(0.25),0.04865889600478113,0.04,0.06897075209684997,-1.5860137654814044,0.09328692363438597,1.5104370205656663,,,,,,,,
D3-unequal_e05_r015,TA(0.40),0.04822915399563499,0.23,-0.7542389894415503,-1.5758862003747012,0.9976854061332159,-1.5828861249107868,,,,,,,,
D3-unequal_e10_r015,adapt,0.049149063997901976,0.10666666666666667,0.12391996965027045,-1.5640471351259069,0.09095010920262976,1.4930614106609883,,,,,,,,
D3-unequal_e10_r015,adaptX,0.05712117700022645,0.10666666666666667,0.12391996965027045,-1.5640471351259069,0.09095010920262976,1.4930614106609883,,,,,,,,
D3-unequal_e10_r015,HA50,0.010385745990788564,,24.059271440031345,-1.990088927424277,-1.4438378636374285,-0.32980833761915357,,,,,,,,
D3-unequal_e10_r015,TA(0.05),0.05119147201185115,0.09333333333333334,-0.35369612511521314,-0.8210864610608736,-19.17488575611687,0.33425985238111916,,,,,,,,
D3-unequal_e10_r015,TA(0.10),0.05134429698227905,0.10333333333333333,0.13477641329153722,-1.555800976110295,0.09095010920262976,1.4930614106609883,,,,,,,,
D3-unequal_e10_r015,TA(0.15),0.05122313101310283,0.11,0.11248298342145836,-1.574056187167385,0.09281944224517415,1.4933884634791659,,,,,,,,
D3-unequal_e10_r015,TA(0.25),0.05238815999473445,0.11,0.09095010920262976,1.4930614106609883,0.11331552102020966,-1.5741325422648915,,,,,,,,
D3-unequal_e10_r015,TA(0.40),0.05036929901689291,0.23666666666666666,0.7825773350161126,-1.3873840220618967,-1.189859655835869,-1.2068689118972193,,,,,,,,
D3-unequal_e20_r015,adapt,0.04625810400466435,0.18666666666666668,0.054603784675855804,1.516657054512321,-0.04446733210444215,-1.489910116753926,,,,,,,,
D3-unequal_e20_r015,adaptX,0.05755490998853929,0.18666666666666668,-0.04446733210444215,-1.489910116753926,0.054603784675855804,1.516657054512321,,,,,,,,
D3-unequal_e20_r015,HA50,0.008807797014014795,,2.1675383810662545,-0.4492300822448515,-24.643925162183166,-0.4539952104249848,,,,,,,,
D3-unequal_e20_r015,TA(0.05),0.0483191589883063,0.07666666666666666,-24.643925162183166,-0.4539952104249848,0.07155018398142039,-0.41019052579552606,,,,,,,,
D3-unequal_e20_r015,TA(0.10),0.04688390501542017,0.08,-25.979822680442968,0.3343753196085905,0.07155018398142039,-0.41019052579552606,,,,,,,,
D3-unequal_e20_r015,TA(0.15),0.04789158099447377,0.10666666666666667,0.2808259911350044,-0.7926780684765763,-19.95042943413545,-5.08032222465577,,,,,,,,
D3-unequal_e20_r015,TA(0.25),0.047649540996644646,0.18666666666666668,-0.04446733210444215,-1.489910116753926,0.054603784675855804,1.516657054512321,,,,,,,,
D3-unequal_e20_r015,TA(0.40),0.0488625250000041,0.18666666666666668,-0.04446733210444215,-1.489910116753926,0.054603784675855804,1.516657054512321,,,,,,,,
D3-unequal_e30_r015,adapt,0.05441321199759841,0.32666666666666666,-0.052465631429123034,1.6221649406039462,0.06952591892558763,-1.5437341270863931,,,,,,,,
D3-unequal_e30_r015,adaptX,0.05599821300711483,0.32666666666666666,0.06952591892558763,-1.5437341270863931,-0.052465631429123034,1.6221649406039462,,,,,,,,
D3-unequal_e30_r015,HA50,0.00893378400360234,,-4.409642247042395,-0.3776952530412699,21.330934662491757,-0.8525264501900185,,,,,,,,
D3-unequal_e30_r015,TA(0.05),0.0562066370039247,0.16333333333333333,21.330934662491757,-0.8525264501900185,-0.26210211457182564,-0.5930654845869469,,,,,,,,
D3-unequal_e30_r015,TA(0.10),0.05501494201598689,0.16333333333333333,-0.26210211457182564,-0.5930654845869469,21.330934662491757,-0.8525264501900185,,,,,,,,
D3-unequal_e30_r015,TA(0.15),0.05515299801481888,0.16333333333333333,21.330934662491757,-0.8525264501900185,-0.26210211457182564,-0.5930654845869469,,,,,,,,
D3-unequal_e30_r015,TA(0.25),0.05613925200304948,0.24333333333333335,0.03553333430549967,-1.2723015808283118,21.330934662491757,-0.8525264501900185,,,,,,,,
D3-unequal_e30_r015,TA(0.40),0.056841610989067703,0.32666666666666666,-0.052465631429123034,1.6221649406039462,0.06952591892558763,-1.5437341270863931,,,,,,,,
D4-hetero_e00_r015,adapt,0.04792463401099667,0.06333333333333334,0.014723144131623163,-1.5206171959938888,0.09751825566975945,1.5665354186037124,,,,,,,,
D4-hetero_e00_r015,adaptX,0.05294138201861642,0.06,0.03585042759616223,1.555242314961772,-0.0019678587841382694,-1.5179914875050737,,,,,,,,
D4-hetero_e00_r015,HA50,0.00948827899992466,,0.03487023498668662,-1.5044322165267352,0.10996061820223109,1.671875001428167,,,,,,,,
D4-hetero_e00_r015,TA(0.05),0.05441198099288158,0.06333333333333334,0.09751825566975945,1.5665354186037124,0.014723144131623163,-1.5206171959938888,,,,,,,,
D4-hetero_e00_r015,TA(0.10),0.05042777000926435,0.06,0.008250930077465154,-1.5203813658749836,0.04338694975910842,1.5418672243652574,,,,,,,,
D4-hetero_e00_r015,TA(0.15),0.048973816010402516,0.06,0.005730343489212871,-1.520093433799315,0.043492470571324146,1.5540030143419092,,,,,,,,
D4-hetero_e00_r015,TA(0.25),0.048660313012078404,0.06,-0.006601122906222948,1.5569330083165447,0.0005901299685485538,-1.5179954075856845,,,,,,,,
D4-hetero_e00_r015,TA(0.40),0.04880085901822895,0.06,-0.006601122906222948,1.5569330083165447,0.0005901299685485538,-1.5179954075856845,,,,,,,,
D4-hetero_e05_r015,adapt,0.055408536980394274,0.08333333333333333,-0.014283917782704368,-1.5102613295174219,-0.023239293442712753,1.4879146868547262,,,,,,,,
D4-hetero_e05_r015,adaptX,0.05384024197701365,0.08,-0.0782682311836387,1.4999593487495864,-0.04176668005515083,-1.5108748365330367,,,,,,,,
D4-hetero_e05_r015,HA50,0.009398616995895281,,15.049407768642874,8.010339116426538,0.02829434646434453,-0.5785024291827233,,,,,,,,
D4-hetero_e05_r015,TA(0.05),0.05729803800932132,0.07333333333333333,-0.016407637394480572,-1.5102326872863092,0.08230514366008997,1.55433220204406,,,,,,,,
D4-hetero_e05_r015,TA(0.10),0.05753507901681587,0.08333333333333333,-0.023239293442712753,1.4879146868547262,-0.014283917782704368,-1.5102613295174219,,,,,,,,
D4-hetero_e05_r015,TA(0.15),0.05719173600664362,0.08333333333333333,-0.014283917782704368,-1.5102613295174219,-0.023239293442712753,1.4879146868547262,,,,,,,,
D4-hetero_e05_r015,TA(0.25),0.058118697023019195,0.08666666666666667,-0.023239293442712753,1.4879146868547262,-0.004878899103941635,-1.5094455203927848,,,,,,,,
D4-hetero_e05_r015,TA(0.40),0.05669102701358497,0.08666666666666667,-0.004878899103941635,-1.5094455203927848,-0.0035723037685934443,1.4979682161372838,,,,,,,,
D4-hetero_e10_r015,adapt,0.05094044198631309,0.10333333333333333,0.044092418578705356,-1.473733986175286,0.1550323650818918,1.5304239899616308,,,,,,,,
D4-hetero_e10_r015,adaptX,0.057627020025392994,0.10333333333333333,0.1550323650818918,1.5304239899616308,0.044092418578705356,-1.473733986175286,,,,,,,,
D4-hetero_e10_r015,HA50,0.009574047988280654,,-22.64045697719978,0.003877941130040935,1.4807788178730572,-0.27116807139874605,,,,,,,,
D4-hetero_e10_r015,TA(0.05),0.053353819996118546,0.07666666666666666,14.221207622071985,-4.221395094812141,-0.4252242612116137,-0.7458827565031938,,,,,,,,
D4-hetero_e10_r015,TA(0.10),0.052821033023064956,0.10333333333333333,0.15372758275591805,1.5305224542009654,0.04516961248036593,-1.473691970056773,,,,,,,,
D4-hetero_e10_r015,TA(0.15),0.05248282497632317,0.10666666666666667,0.05319676196312106,1.54691057947451,0.02797026464255108,-1.4735652147927505,,,,,,,,
D4-hetero_e10_r015,TA(0.25),0.05260912500671111,0.10666666666666667,0.02797026464255108,-1.4735652147927505,0.05319676196312106,1.54691057947451,,,,,,,,
D4-hetero_e10_r015,TA(0.40),0.05164441201486625,0.10666666666666667,0.02797026464255108,-1.4735652147927505,0.05319676196312106,1.54691057947451,,,,,,,,
D4-hetero_e20_r015,adapt,0.07869662399752997,0.16666666666666666,0.009667050703405506,-1.5183892590128696,-0.019317180232940698,1.5839051542924052,,,,,,,,
D4-hetero_e20_r015,adaptX,0.07484467199537903,0.16666666666666666,-0.019317180232940698,1.5839051542924052,0.009667050703405506,-1.5183892590128696,,,,,,,,
D4-hetero_e20_r015,HA50,0.009738149004988372,,1.7648259651701672,0.2140380779501755,-22.337789209228607,-0.10550783131803494,,,,,,,,
D4-hetero_e20_r015,TA(0.05),0.07948219601530582,0.07,-22.337789209228607,-0.10550783131803494,0.05589288650635806,0.02678268063280956,,,,,,,,
D4-hetero_e20_r015,TA(0.10),0.0806999119813554,0.1,-16.289874645026504,-4.280940422159217,0.6797931115500099,-0.45022990160280213,,,,,,,,
D4-hetero_e20_r015,TA(0.15),0.07941335599753074,0.16666666666666666,-0.019317180232940698,1.5839051542924052,0.009667050703405506,-1.5183892590128696,,,,,,,,
D4-hetero_e20_r015,TA(0.25),0.08079030099906959,0.16666666666666666,0.009667050703405506,-1.5183892590128696,-0.019317180232940698,1.5839051542924052,,,,,,,,
D4-hetero_e20_r015,TA(0.40),0.08064534800359979,0.16333333333333333,0.011480881220691658,-1.518639294155306,0.040626836764151714,1.5902129398203046,,,,,,,,
D4-hetero_e30_r015,adapt,0.09864269502577372,0.30333333333333334,-0.1243571757438971,-1.494644646234804,-0.25331351621858866,1.5225624511709057,,,,,,,,
D4-hetero_e30_r015,adaptX,0.04912007201346569,0.30333333333333334,-0.25331351621858866,1.5225624511709057,-0.1243571757438971,-1.494644646234804,,,,,,,,
D4-hetero_e30_r015,HA50,0.008440089994110167,,3.541952594076269,-1.002241646867676,-22.84115357935956,-0.9448095044422113,,,,,,,,
D4-hetero_e30_r015,TA(0.05),0.10067369998432696,0.14,-0.2267911924863539,-0.08758372631887829,-22.84115357935956,-0.9448095044422113,,,,,,,,
D4-hetero_e30_r015,TA(0.10),0.09995951698510908,0.14,-22.84115357935956,-0.9448095044422113,-0.2267911924863539,-0.08758372631887829,,,,,,,,
D4-hetero_e30_r015,TA(0.15),0.09960089201922528,0.14,-0.2267911924863539,-0.08758372631887829,-22.84115357935956,-0.9448095044422113,,,,,,,,
D4-hetero_e30_r015,TA(0.25),0.09942855598637834,0.18,-0.824418366918052,-0.5188861953847658,14.771623587363958,-4.649458499000708,,,,,,,,
D4-hetero_e30_r015,TA(0.40),0.10050548997242004,0.30333333333333334,-0.2355969733270607,1.5162475166114202,-0.10901913722315082,-1.5003803707235652,,,,,,,,
D5-leverage_e00_r015,adapt,0.04493859998183325,0.023333333333333334,-0.041883016804518766,1.5589777612583005,0.007783811039975052,-1.4163939504490044,,,,,,,,
D5-leverage_e00_r015,adaptX,0.05040514000575058,0.02666666666666667,-0.006242089794793134,1.5712088586364257,-0.013291349166879752,-1.4172669845351265,,,,,,,,
D5-leverage_e00_r015,HA50,0.007963510026456788,,0.017741890427549704,-1.4571552996386252,0.029273123572342057,1.5328056745096368,,,,,,,,
D5-leverage_e00_r015,TA(0.05),0.046141288010403514,0.023333333333333334,-0.03848705243609616,1.5588287185209708,0.006084775849888149,-1.4008305437810902,,,,,,,,
D5-leverage_e00_r015,TA(0.10),0.04574544701608829,0.023333333333333334,-0.02666847038744613,1.558240921878242,-0.007199065010523781,-1.417040580300911,,,,,,,,
D5-leverage_e00_r015,TA(0.15),0.046391140000196174,0.023333333333333334,-0.052151458170293145,1.562664261401335,-0.001976069003476133,-1.4135021400260805,,,,,,,,
D5-leverage_e00_r015,TA(0.25),0.045806684996932745,0.023333333333333334,-0.05968471653267189,1.5629775464112048,-0.0043635346136535426,-1.3998571319990132,,,,,,,,
D5-leverage_e00_r015,TA(0.40),0.047487258998444304,0.023333333333333334,0.05389955270177809,-1.387942021121336,-0.0852503945332636,1.534699857824939,,,,,,,,
D5-leverage_e05_r015,adapt,0.04360831799567677,0.03666666666666667,-0.021037214733649594,1.4730410491975117,-0.06454374349742943,-1.535176981497121,,,,,,,,
D5-leverage_e05_r015,adaptX,0.047720053989905864,0.03666666666666667,-0.06454374349742943,-1.535176981497121,-0.021037214733649594,1.4730410491975117,,,,,,,,
D5-leverage_e05_r015,HA50,0.008949395996751264,,2.3702139647493476,-0.02554430543037792,-2.319468296181907,0.08514434018441276,,,,,,,,
D5-leverage_e05_r015,TA(0.05),0.044771927990950644,0.03666666666666667,-0.013886350557943291,1.4731084740486695,-0.07233940533733077,-1.5356062180137842,,,,,,,,
D5-leverage_e05_r015,TA(0.10),0.04519531599362381,0.03666666666666667,-0.0781479402145643,-1.5359190693039861,-0.008478609518236065,1.4731536217739245,,,,,,,,
D5-leverage_e05_r015,TA(0.15),0.04543375701177865,0.03666666666666667,-0.06454374349742943,-1.535176981497121,-0.021037214733649594,1.4730410491975117,,,,,,,,
D5-leverage_e05_r015,TA(0.25),0.04480505301035009,0.03666666666666667,-0.0781479402145643,-1.5359190693039861,-0.008478609518236065,1.4731536217739245,,,,,,,,
D5-leverage_e05_r015,TA(0.40),0.04457838000962511,0.03666666666666667,0.024045093605003,1.4728875578925826,-0.10901592171668804,-1.5370691949221107,,,,,,,,
D5-leverage_e10_r015,adapt,0.041087928984779865,0.10333333333333333,-0.06570039643143323,1.5228654990338781,-0.03149051502018301,-1.4653020631363582,,,,,,,,
D5-leverage_e10_r015,adaptX,0.04940220501157455,0.10333333333333333,-0.06570039643143323,1.5228654990338781,-0.03149051502018301,-1.4653020631363582,,,,,,,,
D5-leverage_e10_r015,HA50,0.009175558981951326,,-2.245360611596497,-0.016399305188721333,2.351605732746503,-0.10829892314463094,,,,,,,,
D5-leverage_e10_r015,TA(0.05),0.043836878990987316,0.0033333333333333335,2.3289701764970574,-0.11395394360336687,-2.245360611596497,-0.016399305188721333,,,,,,,,
D5-leverage_e10_r015,TA(0.10),0.04362850097822957,0.10333333333333333,-0.06570039643143323,1.5228654990338781,-0.03149051502018301,-1.4653020631363582,,,,,,,,
D5-leverage_e10_r015,TA(0.15),0.04391151398885995,0.10333333333333333,-0.06570039643143323,1.5228654990338781,-0.03149051502018301,-1.4653020631363582,,,,,,,,
D5-leverage_e10_r015,TA(0.25),0.04291718598688021,0.10333333333333333,-0.03149051502018301,-1.4653020631363582,-0.06570039643143323,1.5228654990338781,,,,,,,,
D5-leverage_e10_r015,TA(0.40),0.044912951008882374,0.10333333333333333,-0.034983456913215534,-1.4654009171014835,-0.037915406998789064,1.544340127087426,,,,,,,,
D5-leverage_e20_r015,adapt,0.04075369000202045,0.01,2.337168743781094,-0.04044909398128039,-2.259976759154627,0.13393812451728151,,,,,,,,
D5-leverage_e20_r015,adaptX,0.0458137980022002,0.12,2.0800154868991485,-0.3337163004433654,-2.1416103122789925,0.427113946650961,,,,,,,,
D5-leverage_e20_r015,HA50,0.009098576992982998,,-2.325098261535702,0.15827011702619084,2.3700333018683204,-0.012506261289735757,,,,,,,,
D5-leverage_e20_r015,TA(0.05),0.04168064199620858,0.01,2.3462284173861687,-0.018630167551862666,-2.254456364257343,0.14912833558511018,,,,,,,,
D5-leverage_e20_r015,TA(0.10),0.04129581700544804,0.01,2.340824379731939,-0.03384835664398141,-2.2572461591545614,0.13878602363949924,,,,,,,,
D5-leverage_e20_r015,TA(0.15),0.041604294994613156,0.01,-2.273528384907484,0.15120053420108054,2.2967352568290065,-0.007634802611424411,,,,,,,,
D5-leverage_e20_r015,TA(0.25),0.04367015100433491,0.19333333333333333,0.03055584992433136,1.5341038376603504,-0.0009283995847673421,-1.4818128290360801,,,,,,,,
D5-leverage_e20_r015,TA(0.40),0.04191417098627426,0.19333333333333333,0.03055584992433136,1.5341038376603504,-0.0009283995847673421,-1.4818128290360801,,,,,,,,
D5-leverage_e30_r015,adapt,0.041371895000338554,0.01,-2.0640926473434305,0.057969464731423594,2.2147141149329372,-0.07333587225179428,,,,,,,,
D5-leverage_e30_r015,adaptX,0.04637366998940706,0.07,2.111962580556633,-0.07923914372075513,-2.0882001133471055,0.08163151808181814,,,,,,,,
D5-leverage_e30_r015,HA50,0.007984813011717051,,-2.1203725855993225,0.06924493709556083,2.2651992710442435,-0.070485341633459,,,,,,,,
D5-leverage_e30_r015,TA(0.05),0.043736371997511014,0.01,2.2147141149329372,-0.07333587225179428,-2.0640926473434305,0.057969464731423594,,,,,,,,
D5-leverage_e30_r015,TA(0.10),0.05120834297849797,0.01,-2.0640926473434305,0.057969464731423594,2.1935700589999954,-0.07371025366216866,,,,,,,,
D5-leverage_e30_r015,TA(0.15),0.04207359699648805,0.01,2.1935700589999954,-0.07371025366216866,-2.0640926473434305,0.057969464731423594,,,,,,,,
D5-leverage_e30_r015,TA(0.25),0.04851039301138371,0.05,1.9187037555004358,-0.4367216492333972,-1.8254619407684476,0.4288022049635997,,,,,,,,
D5-leverage_e30_r015,TA(0.40),0.04208164499141276,0.05333333333333334,1.8534159734233355,-0.44918570389284596,-1.8305894216623093,0.418591859996802,,,,,,,,
D6-uniform_e00_r015,adapt,0.04000402399105951,0.01,0.0004562207213780084,1.4910004022706411,0.055974166614130134,-1.5310649170151491,,,,,,,,
D6-uniform_e00_r015,adaptX,0.04648687498411164,0.01,0.0004562207213780084,1.4910004022706411,0.055974166614130134,-1.5310649170151491,,,,,,,,
D6-uniform_e00_r015,HA50,0.008736476011108607,,0.04626180033419845,1.502223962776083,0.08697800885089137,-1.5070911912357885,,,,,,,,
D6-uniform_e00_r015,TA(0.05),0.04200595899601467,0.01,0.0004562207213780084,1.4910004022706411,0.04051673857578955,-1.5219413577820315,,,,,,,,
D6-uniform_e00_r015,TA(0.10),0.04170142600196414,0.016666666666666666,0.012427744702122512,1.495114217886836,0.06404232543133284,-1.515997200682599,,,,,,,,
D6-uniform_e00_r015,TA(0.15),0.04246467398479581,0.013333333333333334,0.05361174076654368,-1.519219123918905,0.0004562207213780084,1.4910004022706411,,,,,,,,
D6-uniform_e00_r015,TA(0.25),0.04244712699437514,0.013333333333333334,0.011876471144874357,1.4951130162731139,0.050402169933359504,-1.5186816819294027,,,,,,,,
D6-uniform_e00_r015,TA(0.40),0.043494482000824064,0.013333333333333334,0.029220341172340264,1.504935372010688,0.04884502310515821,-1.5185694120905764,,,,,,,,
D6-uniform_e05_r015,adapt,0.04173627600539476,0.06,0.06444284933643424,-1.5230227471680942,-0.13172714644472153,1.5470193208670602,,,,,,,,
D6-uniform_e05_r015,adaptX,0.04771553401951678,0.06,0.06444284933643424,-1.5230227471680942,-0.13172714644472153,1.5470193208670602,,,,,,,,
D6-uniform_e05_r015,HA50,0.009053290996234864,,0.20633185461240922,-1.5279235428598712,-0.31371210260299454,1.6627375500052624,,,,,,,,
D6-uniform_e05_r015,TA(0.05),0.0422986340126954,0.06,0.06444284933643424,-1.5230227471680942,-0.13172714644472153,1.5470193208670602,,,,,,,,
D6-uniform_e05_r015,TA(0.10),0.0424675410031341,0.06333333333333334,-0.13987444690410894,1.5450070882678908,0.038653096702246904,-1.5395523343622282,,,,,,,,
D6-uniform_e05_r015,TA(0.15),0.04384073399705812,0.06666666666666667,0.02110059452840338,-1.5535747670836542,-0.13987444690410894,1.5450070882678908,,,,,,,,
D6-uniform_e05_r015,TA(0.25),0.044650717987678945,0.06333333333333334,0.038653096702246904,-1.5395523343622282,-0.13987444690410894,1.5450070882678908,,,,,,,,
D6-uniform_e05_r015,TA(0.40),0.042661617015255615,0.06,-0.13172714644472153,1.5470193208670602,0.06444284933643424,-1.5230227471680942,,,,,,,,
D6-uniform_e10_r015,adapt,0.04296883899951354,0.09666666666666666,-0.21636907264805172,1.4901060291320358,0.15677871148262906,-1.5556658677007755,,,,,,,,
D6-uniform_e10_r015,adaptX,0.046329793985933065,0.09666666666666666,-0.23334323201973067,1.483621432249887,0.14268053268183564,-1.560254389165015,,,,,,,,
D6-uniform_e10_r015,HA50,0.007952304993523285,,2.7970423882296416,-0.2028940446335994,-2.7989201268920083,-0.09594611482340112,,,,,,,,
D6-uniform_e10_r015,TA(0.05),0.04398090598988347,0.09666666666666666,-0.27051149920293244,1.4579374807104304,0.15669183377048224,-1.5603375238462613,,,,,,,,
D6-uniform_e10_r015,TA(0.10),0.04513170899008401,0.09666666666666666,-0.21636907264805172,1.4901060291320358,0.15677871148262906,-1.5556658677007755,,,,,,,,
D6-uniform_e10_r015,TA(0.15),0.043737528001656756,0.1,-0.21636907264805172,1.4901060291320358,0.17315716039325604,-1.544886705569278,,,,,,,,
D6-uniform_e10_r015,TA(0.25),0.04553011601092294,0.09666666666666666,-0.21636907264805172,1.4901060291320358,0.15677871148262906,-1.5556658677007755,,,,,,,,
D6-uniform_e10_r015,TA(0.40),0.04375873098615557,0.09666666666666666,-0.20116880162935327,1.4899184972171045,0.14363955296372322,-1.5553403125190561,,,,,,,,
D6-uniform_e20_r015,adapt,0.04550183200626634,0.0,2.4712132928227115,0.044947079167241485,-3.5191796911143585,-0.06605894183610175,,,,,,,,
D6-uniform_e20_r015,adaptX,0.045676139008719474,0.17666666666666667,0.26741255795499197,1.655218040334407,-0.17971126994360523,-1.4586964913646916,,,,,,,,
D6-uniform_e20_r015,HA50,0.0104900739970617,,2.5265812230951328,0.029938433640615464,-3.4560431393587407,-0.07685160013486449,,,,,,,,
D6-uniform_e20_r015,TA(0.05),0.046945629990659654,0.0,2.4007037559706377,0.06294294088299389,-3.5191796911143585,-0.06605894183610175,,,,,,,,
D6-uniform_e20_r015,TA(0.10),0.047127339988946915,0.17,0.12964729699993266,1.4735347890200412,-0.18302361761320077,-1.4590177571745064,,,,,,,,
D6-uniform_e20_r015,TA(0.15),0.046062241977779195,0.16666666666666666,0.34847267420104955,1.6088101889979123,-0.17971126994360523,-1.4586964913646916,,,,,,,,
D6-uniform_e20_r015,TA(0.25),0.04728179099038243,0.18,0.17309977660275172,1.6205092844820586,-0.1868845299669735,-1.4586013624774161,,,,,,,,
D6-uniform_e20_r015,TA(0.40),0.046850181999616325,0.17,-0.18302361761320077,-1.4590177571745064,0.12964729699993266,1.4735347890200412,,,,,,,,
D6-uniform_e30_r015,adapt,0.045521246996941045,0.07333333333333333,2.908785061509813,-0.019049534217808785,-2.4847898240242987,0.09234782086882459,,,,,,,,
D6-uniform_e30_r015,adaptX,0.04958563399850391,0.006666666666666667,2.6828720937634336,0.20728417329746965,-3.641815032114328,0.3264562627690643,,,,,,,,
D6-uniform_e30_r015,HA50,0.010108919988851994,,2.6745697729746785,0.09324897110789244,-3.96695822576208,0.1047531902853377,,,,,,,,
D6-uniform_e30_r015,TA(0.05),0.047608739987481385,0.0033333333333333335,2.7229705198364105,0.1707856904719678,-3.641815032114328,0.3264562627690643,,,,,,,,
D6-uniform_e30_r015,TA(0.10),0.04813675698824227,0.17333333333333334,0.2654390731949842,1.6951122009403055,-0.0333828601430285,-1.7355997307222704,,,,,,,,
D6-uniform_e30_r015,TA(0.15),0.04880668598343618,0.14666666666666667,0.23388176052875054,1.7850210895249143,-0.06979010403386068,-1.7512502380544508,,,,,,,,
D6-uniform_e30_r015,TA(0.25),0.04667621001135558,0.22,-0.1321454770995647,-1.7068289818307394,-0.10445513953470321,1.4601059619247068,,,,,,,,
D6-uniform_e30_r015,TA(0.40),0.047845514985965565,0.20333333333333334,-0.0963253063025444,-1.6940638319588228,0.08082339831774292,1.5079916554035047,,,,,,,,
D7-p3_e00_r015,adapt,0.2385992830095347,0.02666666666666667,0.040320137980469725,-1.5330180410844025,1.0662123774416934,1.0198188781995396,-0.04291467589863687,1.5913945758108816,0.9767675000670103,0.987833138068378,,,,
D7-p3_e00_r015,adaptX,1.8195736649795435,0.04,0.053222362981817005,-1.532152703349074,1.0681309231002316,1.0259135100728631,-0.051341729108442855,1.6006775046801491,1.0012980964424,0.961858827875605,,,,
D7-p3_e00_r015,HA50,0.00993917099549435,,0.033583339876871246,-1.5389059203737359,1.0430314421297158,1.038107518919771,-0.0204582965880165,1.5813115215387819,0.9932849693904517,0.9663532257528132,,,,
D7-p3_e00_r015,TA(0.05),0.24036078600329347,0.04,0.05480143641691927,-1.5335811954094716,1.0612308683545533,1.0178913956325684,-0.062124179440104205,1.5847515844554685,0.9472830332955774,1.0361271323233914,,,,
D7-p3_e00_r015,TA(0.10),0.23970889201154932,0.04,-0.06922742757955465,1.5940281160944338,0.9523716355483273,1.0294307978212807,0.05052236156104384,-1.5329003308483948,1.065872761037698,1.0226564021772973,,,,
D7-p3_e00_r015,TA(0.15),0.23937876900890842,0.02666666666666667,-0.050890826422130823,1.5911485356415074,0.9768597184343866,0.987917158180055,0.03250988693936515,-1.5181889715351948,1.0759153441936105,1.0243306181583156,,,,
D7-p3_e00_r015,TA(0.25),0.24053607898531482,0.03333333333333333,0.047668608679781684,-1.5325690198008872,1.0712004607020527,1.0210349786460884,-0.052803700155960184,1.5796504396726418,0.973357322671794,1.0118310955861434,,,,
D7-p3_e00_r015,TA(0.40),0.24017853298573755,0.02666666666666667,0.009339234607036633,-1.527475715287535,1.079243271289478,1.0291958715927636,-0.04746751034495104,1.5910357809489222,0.9771779932459776,0.987004394459803,,,,
D7-p3_e05_r015,adapt,0.20206675300141796,0.06666666666666667,-0.0898575808627946,-1.533163513047842,0.9182436828568268,0.9905112459469979,-0.15057097589124827,1.5070428856579359,1.0429143163299002,0.9794697966964669,,,,
D7-p3_e05_r015,adaptX,1.5582240439835005,0.07666666666666666,-0.09593601542018829,1.490149340587645,1.0776836338966285,1.0190115162153872,-0.08897589906569107,-1.53326621969711,0.9174960454671928,0.989998378680605,,,,
D7-p3_e05_r015,HA50,0.014736740995431319,,22.26464477657422,0.45360747287294717,2.165259797212727,1.2391687353164633,-0.43753434971630656,0.11677113648636855,1.1113542520193604,1.2052321768622596,,,,
D7-p3_e05_r015,TA(0.05),0.20336658001178876,0.06666666666666667,-0.0898575808627946,-1.533163513047842,0.9182436828568268,0.9905112459469979,-0.15057097589124827,1.5070428856579359,1.0429143163299002,0.9794697966964669,,,,
D7-p3_e05_r015,TA(0.10),0.20276451500831172,0.06666666666666667,-0.0898575808627946,-1.533163513047842,0.9182436828568268,0.9905112459469979,-0.15057097589124827,1.5070428856579359,1.0429143163299002,0.9794697966964669,,,,
D7-p3_e05_r015,TA(0.15),0.204814971977612,0.06666666666666667,-0.0898575808627946,-1.533163513047842,0.9182436828568268,0.9905112459469979,-0.15057097589124827,1.5070428856579359,1.0429143163299002,0.9794697966964669,,,,
D7-p3_e05_r015,TA(0.25),0.20267146397964098,0.06666666666666667,-0.0898575808627946,-1.533163513047842,0.9182436828568268,0.9905112459469979,-0.15057097589124827,1.5070428856579359,1.0429143163299002,0.9794697966964669,,,,
D7-p3_e05_r015,TA(0.40),0.2049476410029456,0.06666666666666667,-0.15020703509975158,1.50709807732754,1.0425139390661042,0.9790980601224226,-0.08897589906569107,-1.53326621969711,0.9174960454671928,0.989998378680605,,,,
D7-p3_e10_r015,adapt,0.22269636200508103,0.08666666666666667,0.05384037829532345,-1.417399821642588,0.891865977008897,1.0000628745508027,0.07132812942433081,1.4966717089218806,1.071454369157033,1.0092927286201323,,,,
D7-p3_e10_r015,adaptX,1.6555210200021975,0.08666666666666667,0.0573524481622185,1.4978659536764405,1.0646453133884868,1.012457157914257,0.06793799400248536,-1.4178165271995424,0.8992703498418869,0.998224133613783,,,,
D7-p3_e10_r015,HA50,0.013357919990085065,,0.28835650387391143,0.30821290185539263,0.75509745066523,1.0360603847149343,11.271635752449578,-0.3803714602531638,13.713951008523287,1.4738592626810016,,,,
D7-p3_e10_r015,TA(0.05),0.22339269099757075,0.05,0.4081821078774609,0.4756138979523968,0.8016401855896074,0.9376007572902205,-6.161465617605965,-0.3363800515160199,5.723734155503556,2.1535692506743973,,,,
D7-p3_e10_r015,TA(0.10),0.2248323330131825,0.08666666666666667,0.05384037829532345,-1.417399821642588,0.891865977008897,1.0000628745508027,0.07132812942433081,1.4966717089218806,1.071454369157033,1.0092927286201323,,,,
D7-p3_e10_r015,TA(0.15),0.22384715598309413,0.08666666666666667,0.06759541025812793,1.4966285601862,1.0741853091506697,1.0053932776870205,0.061816675415233585,-1.41600891201332,0.8877171175613162,1.0056790408195697,,,,
D7-p3_e10_r015,TA(0.25),0.2238692629907746,0.08666666666666667,0.061816675415233585,-1.41600891201332,0.8877171175613162,1.0056790408195697,0.06759541025812793,1.4966285601862,1.0741853091506697,1.0053932776870205,,,,
D7-p3_e10_r015,TA(0.40),0.2233652250142768,0.08666666666666667,0.01808768111801225,-1.3979572460193337,0.8558049380300904,0.9766377199674933,0.08348860710033008,1.496240424003116,1.0810230964240126,1.0191388025939854,,,,
D7-p3_e20_r015,adapt,0.23676620100741275,0.20333333333333334,0.098755378231522,1.4760576942379613,1.11976437978669,1.0228797203454243,-0.02376166516860076,-1.437180409277437,0.9145702431907647,0.9600076830887877,,,,
D7-p3_e20_r015,adaptX,1.7011614429939073,0.20333333333333334,0.1198564758857166,1.4727285142218223,1.1227349769296757,1.0344830607526374,-0.02509753613940236,-1.4385571649000586,0.927496046622045,0.9609279795142122,,,,
D7-p3_e20_r015,HA50,0.013538767001591623,,23.0790587959583,0.8926363052523041,-0.5595730210381259,0.16845306027454302,-2.6306946442453096,0.4898444026602943,1.4310831085026317,1.0830031398373066,,,,
D7-p3_e20_r015,TA(0.05),0.23749450902687386,0.11333333333333333,22.857102466276626,0.8775734400307352,-0.5689506851599216,-0.2555296729840761,-0.10872685012292035,0.0688977969609583,1.1381621424150594,0.99836185167008,,,,
D7-p3_e20_r015,TA(0.10),0.23738789701019414,0.11,-21.368496357779062,1.2707577971677149,1.084335407522903,1.8608564422998444,-0.10872685012292035,0.0688977969609583,1.1381621424150594,0.99836185167008,,,,
D7-p3_e20_r015,TA(0.15),0.23789995699189603,0.13,-18.25633735110388,4.874477583747096,1.409499113091052,0.7393937031688317,0.23979646683393038,0.41090103513175613,1.0874923170899418,0.9810661141194252,,,,
D7-p3_e20_r015,TA(0.25),0.23918042998411693,0.20333333333333334,0.08975851959574181,1.4759229498801503,1.1243907337530412,1.0151446818312169,-0.014999035795009993,-1.4385171262693357,0.9089801955435195,0.9676516992596406,,,,
D7-p3_e20_r015,TA(0.40),0.23822477800422348,0.20333333333333334,-0.028260263213432255,-1.436200504023232,0.9158413886841844,0.9506910022408589,0.10440739973755289,1.4755409703440687,1.1188699534728856,1.032973819510146,,,,
D7-p3_e30_r015,adapt,0.24215907798497938,0.2833333333333333,-0.03569444054173268,1.560949540218315,1.0655556115138742,0.9413474920911679,0.010174695389643457,-1.620042467665899,0.9305475644989862,0.9937923986587932,,,,
D7-p3_e30_r015,adaptX,1.5520877630042378,0.2866666666666667,-0.03068815671132899,1.5603591088144133,1.065947257186905,0.9456411372106029,0.014307973229215024,-1.620294191256188,0.931550118874467,0.9974552169685476,,,,
D7-p3_e30_r015,HA50,0.013469519006321207,,21.747457867524453,0.1439584602263863,1.3313939070197882,1.3337688228931335,-3.4851986632498937,0.044516117710718055,1.26444690429024,0.960771250863409,,,,
D7-p3_e30_r015,TA(0.05),0.24483824300114065,0.13666666666666666,21.97532137991979,0.3981726588705412,1.3334952100716921,1.28508298244129,0.04477185235801565,0.0414249121603785,0.7796802714799071,1.024074595889037,,,,
D7-p3_e30_r015,TA(0.10),0.24484694399870932,0.13666666666666666,21.97532137991979,0.3981726588705412,1.3334952100716921,1.28508298244129,-0.002278745087464369,-0.005617029066887434,0.7820625448801252,1.0221021720123893,,,,
D7-p3_e30_r015,TA(0.15),0.24354378000134602,0.13666666666666666,21.97532137991979,0.3981726588705412,1.3334952100716921,1.28508298244129,0.04477185235801565,0.0414249121603785,0.7796802714799071,1.024074595889037,,,,
D7-p3_e30_r015,TA(0.25),0.2438330120057799,0.2833333333333333,-0.0008542758590516236,1.5672599896614376,1.0869775958533694,0.9328395950836351,-0.0012804639119293674,-1.6177965654849302,0.9239380930412132,1.0210376628007818,,,,
D7-p3_e30_r015,TA(0.40),0.24431299098068848,0.2833333333333333,0.023803846113293736,-1.6187863868734111,0.9401469744584439,1.0025306057954224,-0.023409076719807975,1.5631558460778578,1.072361196329474,0.9492153387958846,,,,
D8-K2par-sep_e00_r015,adapt,0.0431675520085264,0.02,3.0620133009145123,1.0305772188111404,-2.9523457015794334,0.9864728590580315,,,,,,,,
D8-K2par-sep_e00_r015,adaptX,0.04749378500855528,0.02,3.0620133009145123,1.0305772188111404,-2.9523457015794334,0.9864728590580315,,,,,,,,
D8-K2par-sep_e00_r015,HA50,0.008638777013402432,,3.0620133009145123,1.0305772188111404,-2.975732641123351,0.962748949759291,,,,,,,,
D8-K2par-sep_e00_r015,TA(0.05),0.04408341899397783,0.023333333333333334,-2.966915526918704,0.9845183304778203,3.0620133009145123,1.0305772188111404,,,,,,,,
D8-K2par-sep_e00_r015,TA(0.10),0.0457999590144027,0.02,-2.9822803140151293,0.9741777516490595,3.0620133009145123,1.0305772188111404,,,,,,,,
D8-K2par-sep_e00_r015,TA(0.15),0.04461266900761984,0.023333333333333334,3.0620133009145123,1.0305772188111404,-2.966915526918704,0.9845183304778203,,,,,,,,
D8-K2par-sep_e00_r015,TA(0.25),0.04560061200754717,0.02,3.0620133009145123,1.0305772188111404,-2.9523457015794334,0.9864728590580315,,,,,,,,
D8-K2par-sep_e00_r015,TA(0.40),0.04545759898610413,0.02,-2.9523457015794334,0.9864728590580315,3.0620133009145123,1.0305772188111404,,,,,,,,
D8-K2par-sep_e05_r015,adapt,0.0406605199968908,0.07,-3.042161542024447,0.9369871421303363,2.9555155911997226,0.9997889486125425,,,,,,,,
D8-K2par-sep_e05_r015,adaptX,0.04617340301047079,0.07,2.9555155911997226,0.9997889486125425,-3.042161542024447,0.9369871421303363,,,,,,,,
D8-K2par-sep_e05_r015,HA50,0.009190330980345607,,0.7492769819102727,0.7959619719915425,-23.955049723495456,1.6071352591136978,,,,,,,,
D8-K2par-sep_e05_r015,TA(0.05),0.04158267402090132,0.07,-3.042161542024447,0.9369871421303363,2.9555155911997226,0.9997889486125425,,,,,,,,
D8-K2par-sep_e05_r015,TA(0.10),0.0424798029998783,0.07,2.9555155911997226,0.9997889486125425,-3.042161542024447,0.9369871421303363,,,,,,,,
D8-K2par-sep_e05_r015,TA(0.15),0.043183066009078175,0.07,2.9555155911997226,0.9997889486125425,-3.042161542024447,0.9369871421303363,,,,,,,,
D8-K2par-sep_e05_r015,TA(0.25),0.04159553299541585,0.07,2.9555155911997226,0.9997889486125425,-3.042161542024447,0.9369871421303363,,,,,,,,
D8-K2par-sep_e05_r015,TA(0.40),0.043004428007407114,0.07,2.9555155911997226,0.9997889486125425,-3.042161542024447,0.9369871421303363,,,,,,,,
D8-K2par-sep_e10_r015,adapt,0.04209065801114775,0.11333333333333333,-2.9173100754166503,1.0499755137023852,3.0267027842825986,0.9392365357344886,,,,,,,,
D8-K2par-sep_e10_r015,adaptX,0.04764819299452938,0.11333333333333333,-2.9173100754166503,1.0499755137023852,3.0267027842825986,0.9392365357344886,,,,,,,,
D8-K2par-sep_e10_r015,HA50,0.009907011990435421,,-1.2063340858371339,1.1955828620240028,23.01854477887585,0.9046793527118653,,,,,,,,
D8-K2par-sep_e10_r015,TA(0.05),0.044143275008536875,0.05,23.86502015527753,-0.027283829323794268,0.03513161537276907,1.132826788838089,,,,,,,,
D8-K2par-sep_e10_r015,TA(0.10),0.04381769700557925,0.11333333333333333,-2.9173100754166503,1.0499755137023852,3.0267027842825986,0.9392365357344886,,,,,,,,
D8-K2par-sep_e10_r015,TA(0.15),0.043419856985565275,0.11333333333333333,3.0267027842825986,0.9392365357344886,-2.9173100754166503,1.0499755137023852,,,,,,,,
D8-K2par-sep_e10_r015,TA(0.25),0.04304781198152341,0.11333333333333333,3.0267027842825986,0.9392365357344886,-2.9173100754166503,1.0499755137023852,,,,,,,,
D8-K2par-sep_e10_r015,TA(0.40),0.04329508700175211,0.11333333333333333,-2.9173100754166503,1.0499755137023852,3.0267027842825986,0.9392365357344886,,,,,,,,
D8-K2par-sep_e20_r015,adapt,0.043806751986267045,0.18666666666666668,2.898888906010391,1.0508653066106788,-3.121561193469756,1.0569766769018085,,,,,,,,
D8-K2par-sep_e20_r015,adaptX,0.04681115399580449,0.18666666666666668,2.898888906010391,1.0508653066106788,-3.121561193469756,1.0569766769018085,,,,,,,,
D8-K2par-sep_e20_r015,HA50,0.008740221004700288,,22.669193701849697,0.3380540780747768,-2.5234437015777558,0.9112705828309322,,,,,,,,
D8-K2par-sep_e20_r015,TA(0.05),0.04459820198826492,0.09333333333333334,-0.37790376829750216,0.9499814493170773,22.669193701849697,0.3380540780747768,,,,,,,,
D8-K2par-sep_e20_r015,TA(0.10),0.04505317797884345,0.09333333333333334,22.669193701849697,0.3380540780747768,-0.37790376829750216,0.9499814493170773,,,,,,,,
D8-K2par-sep_e20_r015,TA(0.15),0.04506859800312668,0.18666666666666668,2.898888906010391,1.0508653066106788,-3.121561193469756,1.0569766769018085,,,,,,,,
D8-K2par-sep_e20_r015,TA(0.25),0.046512036002241075,0.18666666666666668,-3.121561193469756,1.0569766769018085,2.898888906010391,1.0508653066106788,,,,,,,,
D8-K2par-sep_e20_r015,TA(0.40),0.04510839801514521,0.18666666666666668,-3.121561193469756,1.0569766769018085,2.898888906010391,1.0508653066106788,,,,,,,,
D8-K2par-sep_e30_r015,adapt,0.04718525899806991,0.29333333333333333,3.0263560900499837,1.040002290201095,-2.9400234446042997,1.0367661560588644,,,,,,,,
D8-K2par-sep_e30_r015,adaptX,0.04931865699472837,0.29333333333333333,3.0263560900499837,1.040002290201095,-2.9400234446042997,1.0367661560588644,,,,,,,,
D8-K2par-sep_e30_r015,HA50,0.009289393987273797,,-23.722947050869568,1.1607601256987325,3.0157984324976943,1.0787643453528306,,,,,,,,
D8-K2par-sep_e30_r015,TA(0.05),0.04959189798682928,0.10666666666666667,0.10248698649785223,0.9221251647726116,-23.722947050869568,1.1607601256987325,,,,,,,,
D8-K2par-sep_e30_r015,TA(0.10),0.04816159498295747,0.10666666666666667,-23.9704361720828,0.989068710992572,0.04044811734500197,0.8765960000931686,,,,,,,,
D8-K2par-sep_e30_r015,TA(0.15),0.04921348099014722,0.11,-23.9704361720828,0.989068710992572,0.10248698649785223,0.9221251647726116,,,,,,,,
D8-K2par-sep_e30_r015,TA(0.25),0.04935469100018963,0.29333333333333333,3.0263560900499837,1.040002290201095,-2.9400234446042997,1.0367661560588644,,,,,,,,
D8-K2par-sep_e30_r015,TA(0.40),0.04856787598691881,0.29333333333333333,-2.9400234446042997,1.0367661560588644,3.0263560900499837,1.040002290201095,,,,,,,,
D1-K2cross_e00_r016,adapt,0.044988331996137276,0.016666666666666666,0.11062306730260817,-1.515469163318875,0.012582053784554703,1.4593411641579728,,,,,,,,
D1-K2cross_e00_r016,adaptX,0.04945153999142349,0.016666666666666666,0.012582053784554703,1.4593411641579728,0.11062306730260817,-1.515469163318875,,,,,,,,
D1-K2cross_e00_r016,HA50,0.008491275017149746,,-0.0023986694469816765,1.44727851046104,0.11062306730260817,-1.515469163318875,,,,,,,,
D1-K2cross_e00_r016,TA(0.05),0.04584107099799439,0.016666666666666666,0.11062306730260817,-1.515469163318875,0.012582053784554703,1.4593411641579728,,,,,,,,
D1-K2cross_e00_r016,TA(0.10),0.04720910100149922,0.016666666666666666,0.012582053784554703,1.4593411641579728,0.11062306730260817,-1.515469163318875,,,,,,,,
D1-K2cross_e00_r016,TA(0.15),0.046178118995158,0.016666666666666666,0.012582053784554703,1.4593411641579728,0.11062306730260817,-1.515469163318875,,,,,,,,
D1-K2cross_e00_r016,TA(0.25),0.04621450198465027,0.016666666666666666,0.08700119904547016,-1.5307453278377738,0.017308598700233834,1.4592108261468104,,,,,,,,
D1-K2cross_e00_r016,TA(0.40),0.0473461739893537,0.02,0.048172208979524005,-1.5608474159533208,0.01786022173442395,1.4590211709343917,,,,,,,,
D1-K2cross_e05_r016,adapt,0.04284014197764918,0.06333333333333334,0.00957806387149627,1.4471200893378477,-0.044082895396571634,-1.510209270123113,,,,,,,,
D1-K2cross_e05_r016,adaptX,0.0481704369885847,0.06333333333333334,-0.06549439138681788,-1.5183562297148854,0.006097590473814249,1.4474418185342774,,,,,,,,
D1-K2cross_e05_r016,HA50,0.009453837992623448,,0.9588224387092,0.27529715539902505,-19.30434665084837,6.111136832336658,,,,,,,,
D1-K2cross_e05_r016,TA(0.05),0.04353981901658699,0.06333333333333334,0.00957806387149627,1.4471200893378477,-0.044082895396571634,-1.510209270123113,,,,,,,,
D1-K2cross_e05_r016,TA(0.10),0.04489854600979015,0.06333333333333334,-0.06164459633167175,-1.5185862086354294,0.00957806387149627,1.4471200893378477,,,,,,,,
D1-K2cross_e05_r016,TA(0.15),0.04448178000166081,0.06,0.039963645394422806,1.4407346166918538,-0.06698080426668378,-1.5188219242587224,,,,,,,,
D1-K2cross_e05_r016,TA(0.25),0.04576530199847184,0.06,-0.09126174485766411,-1.5333320662737782,0.03515304868735828,1.4410904166621956,,,,,,,,
D1-K2cross_e05_r016,TA(0.40),0.04502988001331687,0.056666666666666664,-0.06164459633167175,-1.5185862086354294,0.034911399531381164,1.440633873670742,,,,,,,,
D1-K2cross_e10_r016,adapt,0.04145750202587806,0.1,-0.11050236223729021,1.564710972013159,-0.10138075980673171,-1.5251564064076328,,,,,,,,
D1-K2cross_e10_r016,adaptX,0.047013570001581684,0.09666666666666666,-0.09170130111589521,1.550697524358251,-0.10138075980673171,-1.5251564064076328,,,,,,,,
D1-K2cross_e10_r016,HA50,0.009550769027555361,,22.686807728533317,0.7292645044313228,-1.2573007219327976,-0.27584133991314574,,,,,,,,
D1-K2cross_e10_r016,TA(0.05),0.043522627995116636,0.07666666666666666,14.26356433346223,-4.461929034399338,-0.7624560881706782,-0.6748036482237211,,,,,,,,
D1-K2cross_e10_r016,TA(0.10),0.04251101799309254,0.09666666666666666,-0.091977539214528,1.5506994562021506,-0.10104160264836004,-1.5251879840376923,,,,,,,,
D1-K2cross_e10_r016,TA(0.15),0.0430249460041523,0.10333333333333333,-0.13475689967272422,1.5842338574559953,-0.09622982221614847,-1.5256103868568769,,,,,,,,
D1-K2cross_e10_r016,TA(0.25),0.042020613997010514,0.09666666666666666,-0.10104160264836004,-1.5251879840376923,-0.091977539214528,1.5506994562021506,,,,,,,,
D1-K2cross_e10_r016,TA(0.40),0.04345959599595517,0.09666666666666666,-0.10296250189286064,-1.533249533841936,-0.12552153599156754,1.540209720044238,,,,,,,,
D1-K2cross_e20_r016,adapt,0.07776257800287567,0.18666666666666668,0.007563757606514404,-1.5452749758487276,0.048243375263737676,1.5371608629788003,,,,,,,,
D1-K2cross_e20_r016,adaptX,0.05416280799545348,0.18666666666666668,0.007563757606514404,-1.5452749758487276,0.048243375263737676,1.5371608629788003,,,,,,,,
D1-K2cross_e20_r016,HA50,0.009001476020785049,,-22.910086502959892,0.017944731595164833,2.590818745485842,-0.24423107274107728,,,,,,,,
D1-K2cross_e20_r016,TA(0.05),0.07899556300253607,0.09,0.29070119476619555,-0.022934775074012256,21.264736701477666,-1.4455939922654244,,,,,,,,
D1-K2cross_e20_r016,TA(0.10),0.07929724402492866,0.09,0.29070119476619555,-0.022934775074012256,21.264736701477666,-1.4455939922654244,,,,,,,,
D1-K2cross_e20_r016,TA(0.15),0.07925711999996565,0.15666666666666668,-0.36142409478791165,-0.5945548236457021,-9.285709236446055,5.395526514242251,,,,,,,,
D1-K2cross_e20_r016,TA(0.25),0.07978982297936454,0.18666666666666668,0.009922306109869664,-1.5451196419330298,0.020832096050079494,1.5469358808791556,,,,,,,,
D1-K2cross_e20_r016,TA(0.40),0.07834984801593237,0.18666666666666668,0.05054885163454563,1.5370382786710486,0.009922306109869664,-1.5451196419330298,,,,,,,,
D1-K2cross_e30_r016,adapt,0.04601367798750289,0.27666666666666667,-0.04409990153699552,-1.5181780487977425,0.05616534042083382,1.5381840676956333,,,,,,,,
D1-K2cross_e30_r016,adaptX,0.04692587599856779,0.27666666666666667,-0.04409990153699552,-1.5181780487977425,0.05616534042083382,1.5381840676956333,,,,,,,,
D1-K2cross_e30_r016,HA50,0.009114090004004538,,23.712952036295942,-0.5671030275508606,-3.3370457328802856,-0.4983646654618486,,,,,,,,
D1-K2cross_e30_r016,TA(0.05),0.04801718800445087,0.14,0.12568234141155604,-0.1816126092391911,23.297864203859866,-0.9144642081295821,,,,,,,,
D1-K2cross_e30_r016,TA(0.10),0.048343255009967834,0.14,23.297864203859866,-0.9144642081295821,0.12568234141155604,-0.1816126092391911,,,,,,,,
D1-K2cross_e30_r016,TA(0.15),0.0471339329960756,0.14,23.297864203859866,-0.9144642081295821,0.12568234141155604,-0.1816126092391911,,,,,,,,
D1-K2cross_e30_r016,TA(0.25),0.04794250300619751,0.27666666666666667,0.041309188486251466,1.5441837053988554,-0.05707079655752872,-1.5141541350598957,,,,,,,,
D1-K2cross_e30_r016,TA(0.40),0.047623199003282934,0.27666666666666667,0.0634022539562004,1.5396791308380746,-0.03728123126403204,-1.5165530044011226,,,,,,,,
D2-K3par_e00_r016,adapt,0.1956029889988713,0.0033333333333333335,2.9667948390236276,1.0658009811347913,-3.1630838112935606,0.9350299365841934,0.05142507041419785,1.106719804068895,,,,,,
D2-K3par_e00_r016,adaptX,0.19003145399619825,0.0033333333333333335,0.05142507041419785,1.106719804068895,2.9667948390236276,1.0658009811347913,-3.1630838112935606,0.9350299365841934,,,,,,
D2-K3par_e00_r016,HA50,0.017062391998479143,,0.018827592824475926,1.134257187660269,-3.200317550671304,0.9285978828517824,2.957276847760859,1.0793940986472257,,,,,,
D2-K3par_e00_r016,TA(0.05),0.19780485099181533,0.0033333333333333335,2.9667948390236276,1.0658009811347913,0.05142507041419785,1.106719804068895,-3.1630838112935606,0.9350299365841934,,,,,,
D2-K3par_e00_r016,TA(0.10),0.19665383000392467,0.0033333333333333335,-0.03041053772989953,1.1591564677328985,2.9198644408843166,1.0966793102278507,-3.177858022533377,0.9453153093308301,,,,,,
D2-K3par_e00_r016,TA(0.15),0.1997367709991522,0.0033333333333333335,2.9198644408843166,1.0966793102278507,-3.177858022533377,0.9453153093308301,-0.03041053772989953,1.1591564677328985,,,,,,
D2-K3par_e00_r016,TA(0.25),0.19648953201249242,0.0033333333333333335,2.9198644408843166,1.0966793102278507,-0.03041053772989953,1.1591564677328985,-3.177858022533377,0.9453153093308301,,,,,,
D2-K3par_e00_r016,TA(0.40),0.19823387401993386,0.006666666666666667,2.874928538285205,1.1372527708379314,-0.23993213591662865,1.2851227097873366,-3.2697957038958347,1.0236195188391641,,,,,,
D2-K3par_e05_r016,adapt,0.21215139899868518,0.05,-2.8152769571306067,0.9211503773014036,0.07143793694438251,0.9829698261150307,3.1630528269738276,1.1013685636158277,,,,,,
D2-K3par_e05_r016,adaptX,0.22124429000541568,0.05,0.019558873449836457,0.9587295102343947,3.129797589374101,1.070109054829303,-2.829450123963181,0.92267251841788,,,,,,
D2-K3par_e05_r016,HA50,0.015052047005156055,,22.552674083067608,-0.5254178137466966,0.2455806578982625,1.2366470911722722,-21.298438007642726,7.408636832761221,,,,,,
D2-K3par_e05_r016,TA(0.05),0.21380661000148393,0.05,0.019558873449836457,0.9587295102343947,3.129797589374101,1.070109054829303,-2.829450123963181,0.92267251841788,,,,,,
D2-K3par_e05_r016,TA(0.10),0.21536978799849749,0.05,0.024649252531465823,0.9833955184055928,-2.829450123963181,0.92267251841788,3.10207795610896,1.1038861852424553,,,,,,
D2-K3par_e05_r016,TA(0.15),0.2141301259980537,0.05,3.10207795610896,1.1038861852424553,0.024649252531465823,0.9833955184055928,-2.829450123963181,0.92267251841788,,,,,,
D2-K3par_e05_r016,TA(0.25),0.2157208960270509,0.04666666666666667,-2.8081168925413995,0.8759903069710286,3.1488635328479537,1.0532222606469734,0.07199587438967761,0.8990388093495383,,,,,,
D2-K3par_e05_r016,TA(0.40),0.21372496700496413,0.05,-2.9506858074963835,1.0060605002221272,-0.23410553255934485,1.1556649834336536,3.0019383973202975,1.2666027448944526,,,,,,
D2-K3par_e10_r016,adapt,0.22191522401408292,0.08,3.0547223391908984,1.0103625355080228,-3.174077678872329,0.9617264173166953,-0.07313668911036299,0.9924367788971213,,,,,,
D2-K3par_e10_r016,adaptX,0.21990823300438933,0.08,3.0547223391908984,1.0103625355080228,-0.07313668911036299,0.9924367788971213,-3.174077678872329,0.9617264173166953,,,,,,
D2-K3par_e10_r016,HA50,0.017704744008369744,,-14.197532190310582,5.575497975422805,0.19587330140312115,1.1908984801418807,25.28560871285914,0.8249967734015003,,,,,,
D2-K3par_e10_r016,TA(0.05),0.22553854100988247,0.02666666666666667,-2.5489137425302983,0.8579475444956621,1.8325316032440693,0.8815341691311971,25.28560871285914,0.8249967734015003,,,,,,
D2-K3par_e10_r016,TA(0.10),0.22526764302165247,0.08,-0.07313668911036299,0.9924367788971213,-3.174077678872329,0.9617264173166953,3.0547223391908984,1.0103625355080228,,,,,,
D2-K3par_e10_r016,TA(0.15),0.2258384209999349,0.08,-0.004090315260295092,0.9648228631222306,-3.1218667246409977,0.9374550258713715,3.092358882185179,1.001059824842545,,,,,,
D2-K3par_e10_r016,TA(0.25),0.22404977498808876,0.08666666666666667,-0.9898340716424966,0.5619206915822866,-3.472101011743419,0.7339908493739449,2.255132186784787,0.6669437273821122,,,,,,
D2-K3par_e10_r016,TA(0.40),0.22509597399039194,0.08,-3.157342646708754,0.9705879334132085,2.9171122568796504,1.2056404461590962,-0.14238767453342335,1.118050818897914,,,,,,
D2-K3par_e20_r016,adapt,0.2607943800103385,0.21333333333333335,-3.0346798565284474,0.9977518342476497,3.2810327155328767,1.10665805863037,0.1483280248764968,1.1636400441144796,,,,,,
D2-K3par_e20_r016,adaptX,0.2702158630127087,0.21333333333333335,0.1483280248764968,1.1636400441144796,3.2810327155328767,1.10665805863037,-3.0346798565284474,0.9977518342476497,,,,,,
D2-K3par_e20_r016,HA50,0.014953514008084312,,-0.30502844882447894,1.1043967968454653,24.082310348337508,2.293786680634156,-24.079509386591667,0.6889168524186635,,,,,,
D2-K3par_e20_r016,TA(0.05),0.2635450820089318,0.0,-0.30502844882447894,1.1043967968454653,24.082310348337508,2.293786680634156,-24.079509386591667,0.6889168524186635,,,,,,
D2-K3par_e20_r016,TA(0.10),0.2615088669990655,0.10666666666666667,-24.079509386591667,0.6889168524186635,2.2755001382710587,0.7982335407479703,-2.4595901085917493,0.7759636230778779,,,,,,
D2-K3par_e20_r016,TA(0.15),0.26397570202243514,0.10666666666666667,-2.5501882515259364,0.7916650712695491,24.082310348337508,2.293786680634156,2.1597857354653773,0.8387961219703249,,,,,,
D2-K3par_e20_r016,TA(0.25),0.2634656550071668,0.21333333333333335,3.205020132836521,1.0760167468092343,0.09054735363584938,1.1430175197750527,-3.0346798565284474,0.9977518342476497,,,,,,
D2-K3par_e20_r016,TA(0.40),0.2635430110094603,0.21333333333333335,2.5633837708965075,1.379170888673229,-3.4045038277211117,1.1987823951767178,-0.7902442986737321,1.524979138343021,,,,,,
D2-K3par_e30_r016,adapt,0.30878482799744233,0.31,-3.4632708751370465,1.103100819201494,2.740197606828352,0.9248187054300666,-0.06999442561256672,0.894942113331259,,,,,,
D2-K3par_e30_r016,adaptX,0.2483115239883773,0.31,-3.4632708751370465,1.103100819201494,-0.06999442561256672,0.894942113331259,2.740197606828352,0.9248187054300666,,,,,,
D2-K3par_e30_r016,HA50,0.01329041799181141,,-22.80589435393163,0.9870922808150386,-0.1398572994254391,1.0831824218684132,22.847503180408374,0.093584051852269,,,,,,
D2-K3par_e30_r016,TA(0.05),0.3095962170045823,0.006666666666666667,-22.80589435393163,0.9870922808150386,22.93348340772653,-0.3960547693647537,-0.1398572994254391,1.0831824218684132,,,,,,
D2-K3par_e30_r016,TA(0.10),0.31200921200797893,0.006666666666666667,22.93348340772653,-0.3960547693647537,-22.80589435393163,0.9870922808150386,-0.1398572994254391,1.0831824218684132,,,,,,
D2-K3par_e30_r016,TA(0.15),0.3117022550140973,0.006666666666666667,-0.1398572994254391,1.0831824218684132,-22.80589435393163,0.9870922808150386,22.93348340772653,-0.3960547693647537,,,,,,
D2-K3par_e30_r016,TA(0.25),0.3100406489975285,0.17,1.7931716515727156,1.1227131177842773,22.93348340772653,-0.3960547693647537,-2.7473115154330294,1.2443251239893012,,,,,,
D2-K3par_e30_r016,TA(0.40),0.3100939800206106,0.31,2.740197606828352,0.9248187054300666,-3.366811993458028,0.9945316594748175,0.02036683836240527,0.7899619143903387,,,,,,
D3-unequal_e00_r016,adapt,0.05219988999306224,0.02666666666666667,-0.055633661444846785,1.485486262530869,0.17612948902964445,-1.483310659518052,,,,,,,,
D3-unequal_e00_r016,adaptX,0.05674039898440242,0.02666666666666667,0.19263390450316661,-1.47691513241962,-0.06535159409890451,1.4863152612219415,,,,,,,,
D3-unequal_e00_r016,HA50,0.009789695002837107,,0.16934621454812612,-1.5028700794409573,-0.11230936845299584,1.5056326065886358,,,,,,,,
D3-unequal_e00_r016,TA(0.05),0.05384729299112223,0.02666666666666667,0.16689259176840474,-1.4853933133941977,0.0071925798152096656,1.4860003390204688,,,,,,,,
D3-unequal_e00_r016,TA(0.10),0.05303659100900404,0.02666666666666667,0.17891738655259118,-1.4791157185599229,-0.008598237129753501,1.476611039967529,,,,,,,,
D3-unequal_e00_r016,TA(0.15),0.05368207101128064,0.03,-0.008598237129753501,1.476611039967529,0.16698148921547046,-1.4853891555792953,,,,,,,,
D3-unequal_e00_r016,TA(0.25),0.05393884499790147,0.02666666666666667,0.16672794220427017,-1.4853970814789716,0.03140648659648331,1.4668059698443385,,,,,,,,
D3-unequal_e00_r016,TA(0.40),0.054759413993451744,0.17666666666666667,1.2940826390959532,-1.3792904715743186,-0.5665726381781622,-1.4672660038639143,,,,,,,,
D3-unequal_e05_r016,adapt,0.049964959995122626,0.08,-0.038707293007582196,-1.4656372578077232,0.14062882824356746,1.569760599135262,,,,,,,,
D3-unequal_e05_r016,adaptX,0.05657656301627867,0.08,0.14935980841662047,1.5693205148949392,-0.04241423060049908,-1.4656848794946575,,,,,,,,
D3-unequal_e05_r016,HA50,0.011200911976629868,,0.5014553545298412,-0.8597305794997001,-24.584997810366062,-2.17155341918671,,,,,,,,
D3-unequal_e05_r016,TA(0.05),0.05156663098023273,0.12333333333333334,-17.908263644491534,-5.429173477694028,-0.05267118642185131,-1.3884037889689846,,,,,,,,
D3-unequal_e05_r016,TA(0.10),0.05084317398723215,0.08,0.14062882824356746,1.569760599135262,-0.038707293007582196,-1.4656372578077232,,,,,,,,
D3-unequal_e05_r016,TA(0.15),0.051449730002786964,0.08,-0.04241423060049908,-1.4656848794946575,0.14935980841662047,1.5693205148949392,,,,,,,,
D3-unequal_e05_r016,TA(0.25),0.0519656170217786,0.21333333333333335,0.8181374546505984,-1.5026948118931711,-0.8846326943877921,-1.543561208765372,,,,,,,,
D3-unequal_e05_r016,TA(0.40),0.052913074992829934,0.22,-0.8075463574464992,-1.551864559124248,0.817877295126025,-1.516748524448954,,,,,,,,
D3-unequal_e10_r016,adapt,0.05295745702460408,0.11666666666666667,-0.05465218320040802,-1.5416426615152676,0.17195691102549204,1.5252096556597685,,,,,,,,
D3-unequal_e10_r016,adaptX,0.09815215901471674,0.11666666666666667,-0.05465218320040802,-1.5416426615152676,0.17195691102549204,1.5252096556597685,,,,,,,,
D3-unequal_e10_r016,HA50,0.019971686997450888,,-21.974686752989907,0.27715490931129977,1.0512266355191742,-0.375848421663757,,,,,,,,
D3-unequal_e10_r016,TA(0.05),0.06579737400170416,0.06666666666666667,-21.974686752989907,0.27715490931129977,-0.1379813186446354,-0.6768634853787815,,,,,,,,
D3-unequal_e10_r016,TA(0.10),0.06306960200890899,0.11666666666666667,-0.05465218320040802,-1.5416426615152676,0.17195691102549204,1.5252096556597685,,,,,,,,
D3-unequal_e10_r016,TA(0.15),0.06529474398121238,0.11666666666666667,0.17195691102549204,1.5252096556597685,-0.05465218320040802,-1.5416426615152676,,,,,,,,
D3-unequal_e10_r016,TA(0.25),0.06365262600593269,0.11666666666666667,0.17195691102549204,1.5252096556597685,-0.05465218320040802,-1.5416426615152676,,,,,,,,
D3-unequal_e10_r016,TA(0.40),0.05631602799985558,0.30666666666666664,0.8156981757248604,-1.5527896513093944,-0.8583850153533307,-1.4989306102371112,,,,,,,,
D3-unequal_e20_r016,adapt,0.046298426983412355,0.19666666666666666,-0.019166358532012134,-1.4660536465205796,0.1701279523139141,1.5586123547124109,,,,,,,,
D3-unequal_e20_r016,adaptX,0.05631266999989748,0.19666666666666666,0.1701279523139141,1.5586123547124109,-0.019166358532012134,-1.4660536465205796,,,,,,,,
D3-unequal_e20_r016,HA50,0.009939180017681792,,2.163795499526512,-0.378206314219402,-19.367452998681312,-0.4613906367767313,,,,,,,,
D3-unequal_e20_r016,TA(0.05),0.04727891198126599,0.11666666666666667,-19.367452998681312,-0.4613906367767313,0.20176637392799304,-0.7376999720023508,,,,,,,,
D3-unequal_e20_r016,TA(0.10),0.04693884801235981,0.12333333333333334,-19.367452998681312,-0.4613906367767313,0.21943606215438408,-0.8073534142552896,,,,,,,,
D3-unequal_e20_r016,TA(0.15),0.047139249014435336,0.18666666666666668,-18.380635210504693,-2.6019032207869155,0.04496295852599338,-1.2433776011732363,,,,,,,,
D3-unequal_e20_r016,TA(0.25),0.047045198996784166,0.19666666666666666,0.1701279523139141,1.5586123547124109,-0.019166358532012134,-1.4660536465205796,,,,,,,,
D3-unequal_e20_r016,TA(0.40),0.04900308500509709,0.30666666666666664,-1.1303501547064343,-1.349645718401237,1.0142608822783106,-1.292281049955839,,,,,,,,
D3-unequal_e30_r016,adapt,0.04742294200696051,0.30666666666666664,-0.016361863580899368,1.5168094380987587,-0.012419343154582247,-1.4471589875294057,,,,,,,,
D3-unequal_e30_r016,adaptX,0.050581522984430194,0.30666666666666664,-0.0050312886741097984,-1.446908554559464,-0.031943572887075056,1.517587756190078,,,,,,,,
D3-unequal_e30_r016,HA50,0.009019626013468951,,-3.9537509100371304,-0.5405974267135756,23.3239731920639,-0.8150432220497046,,,,,,,,
D3-unequal_e30_r016,TA(0.05),0.0480432529875543,0.15,-21.72866474762913,-0.813229240913681,0.17374611414578803,-0.6468408444037753,,,,,,,,
D3-unequal_e30_r016,TA(0.10),0.04921009897952899,0.15,0.17374611414578803,-0.6468408444037753,-21.72866474762913,-0.813229240913681,,,,,,,,
D3-unequal_e30_r016,TA(0.15),0.049319376004859805,0.15,-21.72866474762913,-0.813229240913681,0.17374611414578803,-0.6468408444037753,,,,,,,,
D3-unequal_e30_r016,TA(0.25),0.04859199302154593,0.18,0.2448076240176632,-0.9662634375988461,-20.656310524350946,-1.8116007096551865,,,,,,,,
D3-unequal_e30_r016,TA(0.40),0.048101302003487945,0.30666666666666664,-0.016361863580899368,1.5168094380987587,-0.012419343154582247,-1.4471589875294057,,,,,,,,
D4-hetero_e00_r016,adapt,0.0420552029972896,0.03666666666666667,-0.03169848777270621,-1.5188416555488098,0.03856075937520853,1.6497368732862683,,,,,,,,
D4-hetero_e00_r016,adaptX,0.047442463983315974,0.03666666666666667,0.03856075937520853,1.6497368732862683,-0.03169848777270621,-1.5188416555488098,,,,,,,,
D4-hetero_e00_r016,HA50,0.00766341999405995,,-0.025383229828436438,1.595983194422688,-0.05342787831280397,-1.5194371034118779,,,,,,,,
D4-hetero_e00_r016,TA(0.05),0.044097931997384876,0.03666666666666667,0.012111416474540296,1.6705645528070439,-0.03169848777270621,-1.5188416555488098,,,,,,,,
D4-hetero_e00_r016,TA(0.10),0.04405714399763383,0.03666666666666667,-0.03169848777270621,-1.5188416555488098,0.012111416474540296,1.6705645528070439,,,,,,,,
D4-hetero_e00_r016,TA(0.15),0.04339762500603683,0.03666666666666667,-0.03169848777270621,-1.5188416555488098,0.012111416474540296,1.6705645528070439,,,,,,,,
D4-hetero_e00_r016,TA(0.25),0.04304701599176042,0.03666666666666667,-0.03169848777270621,-1.5188416555488098,0.03856075937520853,1.6497368732862683,,,,,,,,
D4-hetero_e00_r016,TA(0.40),0.043789318995550275,0.03333333333333333,0.012111416474540296,1.6705645528070439,-0.0405466577486262,-1.5156629811304734,,,,,,,,
D4-hetero_e05_r016,adapt,0.042670090013416484,0.09333333333333334,0.014598893037697513,-1.4740142612813059,0.12486504879200257,1.593388058621218,,,,,,,,
D4-hetero_e05_r016,adaptX,0.047813576995395124,0.09333333333333334,0.010023542744972106,-1.4738312804653073,0.1608235517103614,1.6200969418073827,,,,,,,,
D4-hetero_e05_r016,HA50,0.008996483986265957,,16.42668484559949,4.5423356977689195,-1.081379945284489,0.5016430593611387,,,,,,,,
D4-hetero_e05_r016,TA(0.05),0.043218898004852235,0.09333333333333334,0.1608235517103614,1.6200969418073827,-0.000275790457157347,-1.4770352509261753,,,,,,,,
D4-hetero_e05_r016,TA(0.10),0.04464651600574143,0.09333333333333334,0.1608235517103614,1.6200969418073827,0.010023542744972106,-1.4738312804653073,,,,,,,,
D4-hetero_e05_r016,TA(0.15),0.043812180985696614,0.09333333333333334,0.000696293995941936,-1.476679627908925,0.13894175780278925,1.6161146079433821,,,,,,,,
D4-hetero_e05_r016,TA(0.25),0.044654728990281,0.09333333333333334,0.1608235517103614,1.6200969418073827,0.010023542744972106,-1.4738312804653073,,,,,,,,
D4-hetero_e05_r016,TA(0.40),0.046205963008105755,0.09,-0.013565937838373825,-1.4791163756135932,0.04670781184210551,1.5764780007332517,,,,,,,,
D4-hetero_e10_r016,adapt,0.044982493011048064,0.09666666666666666,0.04608387284597537,-1.4894992333361166,0.037378968581535936,1.6396813678225024,,,,,,,,
D4-hetero_e10_r016,adaptX,0.050784546008799225,0.09666666666666666,0.04608387284597537,-1.4894992333361166,0.037378968581535936,1.6396813678225024,,,,,,,,
D4-hetero_e10_r016,HA50,0.011123358010081574,,21.390231905509523,-0.07910556141549566,-0.704714391371025,0.17018782916469644,,,,,,,,
D4-hetero_e10_r016,TA(0.05),0.04631370899733156,0.05333333333333334,13.571176660598006,4.2612540663743035,-0.7025240775862541,0.5837725445709713,,,,,,,,
D4-hetero_e10_r016,TA(0.10),0.046963894012151286,0.09666666666666666,0.037378968581535936,1.6396813678225024,0.04608387284597537,-1.4894992333361166,,,,,,,,
D4-hetero_e10_r016,TA(0.15),0.046362032007891685,0.09666666666666666,0.04608387284597537,-1.4894992333361166,0.037378968581535936,1.6396813678225024,,,,,,,,
D4-hetero_e10_r016,TA(0.25),0.04585492701153271,0.09666666666666666,0.04208538511046084,-1.489442983710789,0.041924643907921236,1.639710649693695,,,,,,,,
D4-hetero_e10_r016,TA(0.40),0.04592676099855453,0.09666666666666666,0.02850363401067728,1.6405137405465946,0.04373772269068417,-1.4884290886978329,,,,,,,,
D4-hetero_e20_r016,adapt,0.04946793301496655,0.20333333333333334,0.06651327200037092,-1.5319929232122091,0.0011199974400651254,1.4402294710242245,,,,,,,,
D4-hetero_e20_r016,adaptX,0.05756323499372229,0.20333333333333334,0.0011199974400651254,1.4402294710242245,0.06651327200037092,-1.5319929232122091,,,,,,,,
D4-hetero_e20_r016,HA50,0.00988600100390613,,1.748512266418616,0.010703605643013364,-22.64081566247342,0.5340506103285456,,,,,,,,
D4-hetero_e20_r016,TA(0.05),0.05088894400978461,0.06333333333333334,-22.64081566247342,0.5340506103285456,0.07203785448818248,-0.07311537020506458,,,,,,,,
D4-hetero_e20_r016,TA(0.10),0.05083626598934643,0.06333333333333334,0.07203785448818248,-0.07311537020506458,-22.64081566247342,0.5340506103285456,,,,,,,,
D4-hetero_e20_r016,TA(0.15),0.05062320100842044,0.11666666666666667,-12.929384530132873,6.260584253657651,-0.2731631392347883,-0.5297662449759262,,,,,,,,
D4-hetero_e20_r016,TA(0.25),0.05037391799851321,0.20333333333333334,0.05494828884408495,-1.5397731489570443,0.0011199974400651254,1.4402294710242245,,,,,,,,
D4-hetero_e20_r016,TA(0.40),0.05127966101281345,0.20333333333333334,0.05494828884408495,-1.5397731489570443,0.0011199974400651254,1.4402294710242245,,,,,,,,
D4-hetero_e30_r016,adapt,0.043401906004874036,0.35,-0.044223105592839665,1.5896359412523038,-0.011179250801046028,-1.519973606918048,,,,,,,,
D4-hetero_e30_r016,adaptX,0.05216731401742436,0.35,-0.044223105592839665,1.5896359412523038,-0.011179250801046028,-1.519973606918048,,,,,,,,
D4-hetero_e30_r016,HA50,0.01059001000248827,,-4.556554515845279,0.11074836360179989,22.760841039967378,0.5099515742437494,,,,,,,,
D4-hetero_e30_r016,TA(0.05),0.04500011799973436,0.17,22.760841039967378,0.5099515742437494,-0.16755755635221745,-0.077651388434738,,,,,,,,
D4-hetero_e30_r016,TA(0.10),0.04604016401572153,0.17,23.01775239075009,0.7317182052873517,-0.16755755635221745,-0.077651388434738,,,,,,,,
D4-hetero_e30_r016,TA(0.15),0.04525757901137695,0.17,0.049680196153054246,-0.16982780158841843,-21.551358354485448,0.46726464792083344,,,,,,,,
D4-hetero_e30_r016,TA(0.25),0.04598892101785168,0.17666666666666667,-0.05660627728929909,-0.0838607410388637,-21.551358354485448,0.46726464792083344,,,,,,,,
D4-hetero_e30_r016,TA(0.40),0.04567261299234815,0.35,-0.011179250801046028,-1.519973606918048,-0.044223105592839665,1.5896359412523038,,,,,,,,
D5-leverage_e00_r016,adapt,0.04283041899907403,0.01,0.040897187032234786,-1.5333120766101203,-0.02223244139581246,1.5874274279226948,,,,,,,,
D5-leverage_e00_r016,adaptX,0.05194405300426297,0.01,-0.02223244139581246,1.5874274279226948,0.040897187032234786,-1.5333120766101203,,,,,,,,
D5-leverage_e00_r016,HA50,0.009141407994320616,,-0.07817401002157996,1.5730904214521293,0.03914878386355974,-1.5333209565178925,,,,,,,,
D5-leverage_e00_r016,TA(0.05),0.044176344003062695,0.023333333333333334,-0.021992199497275253,1.6138889703084716,0.040897187032234786,-1.5333120766101203,,,,,,,,
D5-leverage_e00_r016,TA(0.10),0.04462974000489339,0.023333333333333334,-0.0215862738669154,1.6314428256822828,0.040897187032234786,-1.5333120766101203,,,,,,,,
D5-leverage_e00_r016,TA(0.15),0.043634814996039495,0.02,-0.0524804519357575,1.6063300880041003,0.040897187032234786,-1.5333120766101203,,,,,,,,
D5-leverage_e00_r016,TA(0.25),0.04504285001894459,0.013333333333333334,0.0047100575892199585,1.597457646219672,0.049579609862517006,-1.5358696282796422,,,,,,,,
D5-leverage_e00_r016,TA(0.40),0.045161508984165266,0.02,0.016099475375521873,1.6247037616943742,0.08383922505537121,-1.5414473550776722,,,,,,,,
D5-leverage_e05_r016,adapt,0.04289771098410711,0.056666666666666664,-0.04687513253876546,-1.6483357669799494,-0.11134427964591263,1.5500939398095281,,,,,,,,
D5-leverage_e05_r016,adaptX,0.04731437799637206,0.056666666666666664,-0.04687513253876546,-1.6483357669799494,-0.11134427964591263,1.5500939398095281,,,,,,,,
D5-leverage_e05_r016,HA50,0.008790172985754907,,2.346689910538172,-0.14706842713371496,-2.5284298438171486,0.038847371288539774,,,,,,,,
D5-leverage_e05_r016,TA(0.05),0.04573970299679786,0.056666666666666664,-0.04687513253876546,-1.6483357669799494,-0.11134427964591263,1.5500939398095281,,,,,,,,
D5-leverage_e05_r016,TA(0.10),0.044923433975782245,0.056666666666666664,-0.11134427964591263,1.5500939398095281,-0.04687513253876546,-1.6483357669799494,,,,,,,,
D5-leverage_e05_r016,TA(0.15),0.043757366976933554,0.056666666666666664,-0.11134427964591263,1.5500939398095281,-0.04687513253876546,-1.6483357669799494,,,,,,,,
D5-leverage_e05_r016,TA(0.25),0.04501239300589077,0.056666666666666664,-0.04687513253876546,-1.6483357669799494,-0.11134427964591263,1.5500939398095281,,,,,,,,
D5-leverage_e05_r016,TA(0.40),0.045893037982750684,0.056666666666666664,-0.11134427964591263,1.5500939398095281,-0.04687513253876546,-1.6483357669799494,,,,,,,,
D5-leverage_e10_r016,adapt,0.04859640001086518,0.10666666666666667,-0.05859627573832614,1.4186445904739156,0.18129600648556737,-1.492340647558706,,,,,,,,
D5-leverage_e10_r016,adaptX,0.05011678198934533,0.10666666666666667,0.17328560900531262,-1.4929864505924473,-0.03416260801915913,1.4227218400524049,,,,,,,,
D5-leverage_e10_r016,HA50,0.009603194979717955,,-1.8827975118972078,-0.00470971859136035,2.62064117220989,-0.14316201532974182,,,,,,,,
D5-leverage_e10_r016,TA(0.05),0.0504444710095413,0.013333333333333334,-1.909301651137647,-0.04514622038170388,2.484320584183142,-0.1844586225195078,,,,,,,,
D5-leverage_e10_r016,TA(0.10),0.05051997798727825,0.10666666666666667,0.18129600648556737,-1.492340647558706,-0.05859627573832614,1.4186445904739156,,,,,,,,
D5-leverage_e10_r016,TA(0.15),0.05033976200502366,0.10666666666666667,0.18129600648556737,-1.492340647558706,-0.05859627573832614,1.4186445904739156,,,,,,,,
D5-leverage_e10_r016,TA(0.25),0.052384529990376905,0.10666666666666667,-0.06807640152316641,1.4194360741339962,0.14559005742505843,-1.509441062391221,,,,,,,,
D5-leverage_e10_r016,TA(0.40),0.05151490101707168,0.10666666666666667,0.15548206417620497,-1.5093435422418515,-0.05859627573832614,1.4186445904739156,,,,,,,,
D5-leverage_e20_r016,adapt,0.04250843499903567,0.013333333333333334,-2.4967012311862877,0.11974051899635355,2.339092289575077,-0.06675380775619398,,,,,,,,
D5-leverage_e20_r016,adaptX,0.046667405986227095,0.17666666666666667,0.02654343241439042,-1.522746209321707,-0.09641361086940442,1.531471722892473,,,,,,,,
D5-leverage_e20_r016,HA50,0.008972451993031427,,2.3792803072214164,-0.05882294773963856,-2.57019099150456,0.12959771165510453,,,,,,,,
D5-leverage_e20_r016,TA(0.05),0.04407303599873558,0.013333333333333334,-2.5210540534706287,0.11927387158107718,2.339092289575077,-0.06675380775619398,,,,,,,,
D5-leverage_e20_r016,TA(0.10),0.04443211297621019,0.013333333333333334,-2.4967012311862877,0.11974051899635355,2.339092289575077,-0.06675380775619398,,,,,,,,
D5-leverage_e20_r016,TA(0.15),0.04603976401267573,0.043333333333333335,-2.4709324722518273,0.39402385641012566,1.984698735698076,-0.435679944864459,,,,,,,,
D5-leverage_e20_r016,TA(0.25),0.0450012780202087,0.17666666666666667,-0.1124252578987508,1.5321843663081365,0.04009294059776998,-1.5222765242532763,,,,,,,,
D5-leverage_e20_r016,TA(0.40),0.04328770100255497,0.09666666666666666,1.3989921646494916,-0.3504905485081223,-0.22415248242367866,1.533090868672953,,,,,,,,
D5-leverage_e30_r016,adapt,0.0415558009990491,0.023333333333333334,1.7997706381896557,-0.04472070003563452,-2.6406053974337556,0.15021727525302875,,,,,,,,
D5-leverage_e30_r016,adaptX,0.046126447996357456,0.023333333333333334,1.6807042322906263,-0.031084409216086396,-2.7557763803056776,0.1611858874583544,,,,,,,,
D5-leverage_e30_r016,HA50,0.007714576000580564,,-2.615822727373045,0.1439520548896592,1.9972809879939308,-0.06781987339385756,,,,,,,,
D5-leverage_e30_r016,TA(0.05),0.042431159992702305,0.023333333333333334,-2.6725456065169184,0.15488742125945495,1.7393821402157337,-0.03475176569328941,,,,,,,,
D5-leverage_e30_r016,TA(0.10),0.04437266199965961,0.023333333333333334,1.7650904009574906,-0.03553320672890976,-2.667967072594226,0.15377758012732995,,,,,,,,
D5-leverage_e30_r016,TA(0.15),0.04346205398906022,0.023333333333333334,-2.6725456065169184,0.15488742125945495,1.7393821402157337,-0.03475176569328941,,,,,,,,
D5-leverage_e30_r016,TA(0.25),0.042345513007603586,0.023333333333333334,1.723489400046664,-0.030074037306964285,-2.694361011891914,0.16048159473342818,,,,,,,,
D5-leverage_e30_r016,TA(0.40),0.04398869501892477,0.02666666666666667,1.6205772202463424,-0.024180097429584893,-2.7858493547078718,0.1612232432391544,,,,,,,,
D6-uniform_e00_r016,adapt,0.04570596700068563,0.01,0.07826417394368973,1.46879296472315,0.0043423873462594045,-1.4767066887188036,,,,,,,,
D6-uniform_e00_r016,adaptX,0.05329717698623426,0.013333333333333334,0.06333137004210791,1.4684452436219297,0.05759007564497917,-1.4735533813424946,,,,,,,,
D6-uniform_e00_r016,HA50,0.009019160992465913,,0.08037558248339684,1.4839532091679966,-0.016222320923573615,-1.4772303763804175,,,,,,,,
D6-uniform_e00_r016,TA(0.05),0.04724297201028094,0.02,0.06333137004210791,1.4684452436219297,0.07394379459602825,-1.4686488328587348,,,,,,,,
D6-uniform_e00_r016,TA(0.10),0.04711708799004555,0.02,0.09903965928760623,-1.4650010277024592,0.07218972940872045,1.4660473476363751,,,,,,,,
D6-uniform_e00_r016,TA(0.15),0.04651836902485229,0.02,0.09903965928760623,-1.4650010277024592,0.07218972940872045,1.4660473476363751,,,,,,,,
D6-uniform_e00_r016,TA(0.25),0.0470377029851079,0.023333333333333334,0.16678105567125895,-1.4870139479408546,0.05725541106370076,1.46614839868782,,,,,,,,
D6-uniform_e00_r016,TA(0.40),0.048909423989243805,0.023333333333333334,0.07201471590323355,1.4671475505435185,0.13715338204406377,-1.4943335396622122,,,,,,,,
D6-uniform_e05_r016,adapt,0.04587166299461387,0.05,-0.07619115746975012,-1.531614256082302,-0.08727185025692757,1.504289022619856,,,,,,,,
D6-uniform_e05_r016,adaptX,0.052205518004484475,0.05,-0.08727185025692757,1.504289022619856,-0.07619115746975012,-1.531614256082302,,,,,,,,
D6-uniform_e05_r016,HA50,0.009196689003147185,,0.12236151516294272,-1.6094292537214028,-0.138487155447568,1.4603486292014722,,,,,,,,
D6-uniform_e05_r016,TA(0.05),0.04698575599468313,0.05,-0.05898600748547187,-1.5223135037529465,-0.09086673309270513,1.5045512067340323,,,,,,,,
D6-uniform_e05_r016,TA(0.10),0.04750536099891178,0.05333333333333334,-0.08924746728717657,-1.5436689925242082,-0.08727185025692757,1.504289022619856,,,,,,,,
D6-uniform_e05_r016,TA(0.15),0.04714606501511298,0.04666666666666667,-0.08550780494850371,1.504032635991555,-0.05394519800934087,-1.5226169381677837,,,,,,,,
D6-uniform_e05_r016,TA(0.25),0.04848466700059362,0.04666666666666667,-0.05397609137722806,-1.522140455650219,-0.07828621362863904,1.5039315182540007,,,,,,,,
D6-uniform_e05_r016,TA(0.40),0.048000178998336196,0.05333333333333334,-0.08924746728717657,-1.5436689925242082,-0.06863932969073185,1.4924125458240844,,,,,,,,
D6-uniform_e10_r016,adapt,0.04173324498697184,0.11333333333333333,-0.18558094233959405,-1.4624135170072705,-0.018790045072209386,1.5648507934537195,,,,,,,,
D6-uniform_e10_r016,adaptX,0.04537918997812085,0.11666666666666667,-0.20509901084672885,-1.4807116292116373,-0.0490337783007151,1.57501471542008,,,,,,,,
D6-uniform_e10_r016,HA50,0.008238770009484142,,-0.1488696965006225,-1.6260025511474363,-0.18072217550735042,1.5357487796404679,,,,,,,,
D6-uniform_e10_r016,TA(0.05),0.043236157012870535,0.11333333333333333,-0.139289296789379,-1.5051257430433314,0.01602974534478699,1.547451976953767,,,,,,,,
D6-uniform_e10_r016,TA(0.10),0.04226837999885902,0.11333333333333333,-0.18558094233959405,-1.4624135170072705,-0.018790045072209386,1.5648507934537195,,,,,,,,
D6-uniform_e10_r016,TA(0.15),0.04234575098962523,0.11666666666666667,-0.02619174448618305,1.5629892188020673,-0.21170992080425757,-1.4801519996506156,,,,,,,,
D6-uniform_e10_r016,TA(0.25),0.04534875100944191,0.11666666666666667,-0.0490337783007151,1.57501471542008,-0.20509901084672885,-1.4807116292116373,,,,,,,,
D6-uniform_e10_r016,TA(0.40),0.04282287499518134,0.11333333333333333,-0.194222153368106,-1.4799532613526247,-0.04442517582631702,1.5767210834677043,,,,,,,,
D6-uniform_e20_r016,adapt,0.042459135001990944,0.08666666666666667,2.250605909526648,0.012589310885406267,-2.252633845617027,-0.07759199889440772,,,,,,,,
D6-uniform_e20_r016,adaptX,0.04638806398725137,0.19,0.03262709132142381,-1.4955186446224482,-0.0011562792532139091,1.4263642722478813,,,,,,,,
D6-uniform_e20_r016,HA50,0.010391724994406104,,-2.5873882165678745,-0.009392198455895109,3.069001639031243,-0.009042158672367663,,,,,,,,
D6-uniform_e20_r016,TA(0.05),0.04387877500266768,0.17333333333333334,0.04012248899036453,-1.4928684829930257,0.14563216129130857,1.3040373092832005,,,,,,,,
D6-uniform_e20_r016,TA(0.10),0.04386537498794496,0.17333333333333334,0.008745147507096042,-1.4962774151020808,0.15565459634443032,1.301613748449398,,,,,,,,
D6-uniform_e20_r016,TA(0.15),0.04346988600445911,0.17333333333333334,0.008745147507096042,-1.4962774151020808,0.13849214484743722,1.2791384195596238,,,,,,,,
D6-uniform_e20_r016,TA(0.25),0.044255248008994386,0.19,0.03262709132142381,-1.4955186446224482,-0.0011562792532139091,1.4263642722478813,,,,,,,,
D6-uniform_e20_r016,TA(0.40),0.04312803500215523,0.19,0.02699451364712678,-1.4956459293926425,-0.00253662245856326,1.4265266715821299,,,,,,,,
D6-uniform_e30_r016,adapt,0.04553267499431968,0.0,-2.84779492021188,-0.1662840082176965,3.684987314099098,-0.3286785207769334,,,,,,,,
D6-uniform_e30_r016,adaptX,0.05029292299877852,0.0,-2.869180793874584,-0.14199117258201654,3.655524627239617,-0.2976518859012136,,,,,,,,
D6-uniform_e30_r016,HA50,0.01004823698895052,,3.655524627239617,-0.2976518859012136,-2.869180793874584,-0.14199117258201654,,,,,,,,
D6-uniform_e30_r016,TA(0.05),0.04736824400606565,0.0,-2.868622449677796,-0.17567097282279073,3.6647491088642545,-0.3383405982699135,,,,,,,,
D6-uniform_e30_r016,TA(0.10),0.04659188800724223,0.0,3.1994598903345137,-0.18963993501343276,-3.300617860608193,-0.08049314378621952,,,,,,,,
D6-uniform_e30_r016,TA(0.15),0.048764692997792736,0.0,-3.2324762566385217,-0.08102283372848915,3.261980336670486,-0.1917670829674444,,,,,,,,
D6-uniform_e30_r016,TA(0.25),0.04837689400301315,0.18666666666666668,-0.2757600101856298,1.5760219962761106,0.22737780210186304,-1.861575534784018,,,,,,,,
D6-uniform_e30_r016,TA(0.40),0.047832468000706285,0.19666666666666666,0.28302166033471354,-1.7928949241529557,-0.11655865974867731,1.5230499756062854,,,,,,,,
D7-p3_e00_r016,adapt,0.21595857400097884,0.0033333333333333335,-0.0797370576606637,-1.4981772935499864,0.9248253457272961,0.9396494149274365,0.03706411129549419,1.6643891957939645,0.9957581916716212,0.980645974979296,,,,
D7-p3_e00_r016,adaptX,1.7060260130092502,0.006666666666666667,-0.0797370576606637,-1.4981772935499864,0.9248253457272961,0.9396494149274365,0.05125286062612112,1.6630609074026834,0.9984823295317816,0.9712924393088882,,,,
D7-p3_e00_r016,HA50,0.012201703997561708,,0.02195762890145968,1.6573295264138166,0.9954606214587638,0.9740267624417555,-0.0797370576606637,-1.4981772935499864,0.9248253457272961,0.9396494149274365,,,,
D7-p3_e00_r016,TA(0.05),0.217885780002689,0.006666666666666667,-0.0797370576606637,-1.4981772935499864,0.9248253457272961,0.9396494149274365,0.05125286062612112,1.6630609074026834,0.9984823295317816,0.9712924393088882,,,,
D7-p3_e00_r016,TA(0.10),0.21785554400412366,0.006666666666666667,-0.0797370576606637,-1.4981772935499864,0.9248253457272961,0.9396494149274365,0.06480697305652611,1.6699418495141016,1.0058629348070198,0.9752160984812889,,,,
D7-p3_e00_r016,TA(0.15),0.21923714299919084,0.006666666666666667,-0.0797370576606637,-1.4981772935499864,0.9248253457272961,0.9396494149274365,0.05125286062612112,1.6630609074026834,0.9984823295317816,0.9712924393088882,,,,
D7-p3_e00_r016,TA(0.25),0.21714479799265973,0.0,-0.0797370576606637,-1.4981772935499864,0.9248253457272961,0.9396494149274365,0.02195762890145968,1.6573295264138166,0.9954606214587638,0.9740267624417555,,,,
D7-p3_e00_r016,TA(0.40),0.21795684300013818,0.0033333333333333335,-0.0933335618355793,-1.4971228180279075,0.9252664544228086,0.9334418704778151,-0.01878944154339315,1.6708305367220029,1.0283775720217578,0.9454602822670584,,,,
D7-p3_e05_r016,adapt,0.20778444901225157,0.09666666666666666,-0.04624493847531892,-1.5017677873316873,0.9633437671930011,0.9853179752019772,-0.03216105250012805,1.504545993019691,1.0217218208021217,1.0467408437451433,,,,
D7-p3_e05_r016,adaptX,1.602386974991532,0.09666666666666666,-0.03216105250012805,1.504545993019691,1.0217218208021217,1.0467408437451433,-0.04624493847531892,-1.5017677873316873,0.9633437671930011,0.9853179752019772,,,,
D7-p3_e05_r016,HA50,0.012469787994632497,,-18.294559077006436,4.234830590054954,1.2722566841239582,0.580548481602215,1.2585840543928088,0.638192470625227,1.1042476798645928,1.0610761434168503,,,,
D7-p3_e05_r016,TA(0.05),0.21012176701333374,0.056666666666666664,-4.358536849746883,-2.1729897429674447,-2.083779937061649,-7.126190451463956,0.09405751608819152,-0.08756386681469651,1.1712306446646665,1.1670104355559219,,,,
D7-p3_e05_r016,TA(0.10),0.20903639699099585,0.09333333333333334,-0.009687750694073292,1.5307575556909616,0.9998399504090555,1.0816333396474815,-0.06830618567135746,-1.5025823894492136,0.9675327302328768,0.9639089186333337,,,,
D7-p3_e05_r016,TA(0.15),0.20938555197790265,0.1,-0.056087278647195614,-1.5021962308100953,0.9656793672085278,0.9809114886697659,0.0015204541593112437,1.5200837907588336,1.0129873041751543,1.0317926437143925,,,,
D7-p3_e05_r016,TA(0.25),0.21001685300143436,0.1,-0.05032305137385329,-1.5024468944074318,0.9656741432571464,0.9783046443995377,-0.021472038120306628,1.5047358282709355,1.0192119888630788,1.0476256681174858,,,,
D7-p3_e05_r016,TA(0.40),0.2102991059946362,0.1,-0.08509586379919644,-1.502941439696066,0.9709685749357752,0.9654161522663075,-0.012531879469409495,1.5041384834273062,1.0211492155961164,1.039228921798689,,,,
D7-p3_e10_r016,adapt,0.22907854701043107,0.11333333333333333,0.028450618634359038,1.4790499109091466,1.0384999945153093,0.9613493898557123,-0.23943121828766475,-1.595508891540095,1.0643227202690162,1.0266873978027746,,,,
D7-p3_e10_r016,adaptX,1.609003899997333,0.11,-0.24309974942615792,-1.5912321032015395,1.066346598128177,1.0203331214867275,-0.004128945383315908,1.4791131069864305,1.011716962515356,0.954188431821093,,,,
D7-p3_e10_r016,HA50,0.014104289992246777,,1.0031801977114876,-0.15721915980863477,1.1223617973995943,0.976227358295695,-23.095377700193197,-0.23712623511996278,0.08112433885640097,0.18557667384138615,,,,
D7-p3_e10_r016,TA(0.05),0.2300361540110316,0.05,-23.095377700193197,-0.23712623511996278,0.08112433885640097,0.18557667384138615,-0.13702888626570933,-0.16867652485485715,1.0571174402789583,1.0592848746641041,,,,
D7-p3_e10_r016,TA(0.10),0.2296953329932876,0.11333333333333333,0.021756347298666996,1.5108792291889719,1.0331143278571966,1.0353017118775734,-0.21126361552045317,-1.589498499441095,1.0603956779190016,1.0184534488310408,,,,
D7-p3_e10_r016,TA(0.15),0.23236871100380085,0.11333333333333333,-0.23742061200813025,-1.5918343563175739,1.0484547217986715,1.0189488150164754,0.06065743911530063,1.4923570267259998,1.0246001060728014,0.9829237704706997,,,,
D7-p3_e10_r016,TA(0.25),0.2325648489932064,0.11666666666666667,0.03461336851897542,1.4906152490678655,1.0197284758857013,0.9736464346374472,-0.210037906062442,-1.5896780921736848,1.0635622329789047,1.0449946223409137,,,,
D7-p3_e10_r016,TA(0.40),0.2306925299926661,0.11666666666666667,-0.190169950531423,-1.591369206143537,1.073160245294341,1.0319947067218964,-0.055527452308668984,1.489667733487557,0.9940768929928321,0.9979837739271031,,,,
D7-p3_e20_r016,adapt,0.21863001899328083,0.18,0.0811212711204357,1.5638438732561426,1.0686045635263601,1.0015806061652004,0.09564110817803176,-1.500832534486101,1.0224469350792948,0.9751193924580928,,,,
D7-p3_e20_r016,adaptX,1.4037441340042278,0.18,0.09434632745608529,-1.5052668211247435,1.0199948424376353,0.9753179213512893,0.02956873546388283,1.5909591020436613,1.0413116481023286,1.0096564615413817,,,,
D7-p3_e20_r016,HA50,0.006898955994984135,,2.379113272952822,-0.5039548823333474,1.0310732870606136,1.0681852366297508,-23.41508197792572,0.4109457726390779,0.6181470125026948,2.408768289305949,,,,
D7-p3_e20_r016,TA(0.05),0.22046765498816967,0.08333333333333333,0.12375815209779417,0.019896180524481485,1.0251336643882942,1.0436217708355078,21.948339926494594,-0.14140128938269625,0.8694670983282444,1.2893790668679583,,,,
D7-p3_e20_r016,TA(0.10),0.21995866001816466,0.09666666666666666,-22.681905502195267,1.073123735669585,0.6009650130994114,2.6653161233516327,0.12375815209779417,0.019896180524481485,1.0251336643882942,1.0436217708355078,,,,
D7-p3_e20_r016,TA(0.15),0.21998469601385295,0.13,13.204139374090484,-7.336053377917537,1.815439312789212,0.8955431362259197,0.5564619271518803,0.5275761409669707,1.0294801702188578,1.165347576065882,,,,
D7-p3_e20_r016,TA(0.25),0.21952239802340046,0.17666666666666667,0.02211916078667243,1.5929298392930764,1.0378104702289574,1.010695143492811,0.08933846924039257,-1.500961724351075,1.014011905212686,0.9794342370048646,,,,
D7-p3_e20_r016,TA(0.40),0.22033415499026887,0.17666666666666667,0.09629500089286987,-1.5028001936435522,1.0174955519899,0.9770569968559393,0.02956873546388283,1.5909591020436613,1.0413116481023286,1.0096564615413817,,,,
D7-p3_e30_r016,adapt,0.2409401559852995,0.30666666666666664,-0.18296807457878003,-1.3528753582247794,1.010789706468811,1.0079218039200024,0.09182564034762969,1.5243592319590502,0.9995049058036901,1.004936141425855,,,,
D7-p3_e30_r016,adaptX,1.7643235639843624,0.30666666666666664,0.09182564034762969,1.5243592319590502,0.9995049058036901,1.004936141425855,-0.18296807457878003,-1.3528753582247794,1.010789706468811,1.0079218039200024,,,,
D7-p3_e30_r016,HA50,0.013715109991608188,,-4.075233502209829,-0.2221823163827427,0.9060672942537833,0.6490856367832518,22.54375802869553,0.03641016730451144,1.4028098209804416,1.552600336734973,,,,
D7-p3_e30_r016,TA(0.05),0.24246788999880664,0.15,-0.0008862779617154852,0.19390573960584506,1.0467748263681849,1.2734347829167911,22.54375802869553,0.03641016730451144,1.4028098209804416,1.552600336734973,,,,
D7-p3_e30_r016,TA(0.10),0.24201197698130272,0.15,22.54375802869553,0.03641016730451144,1.4028098209804416,1.552600336734973,-0.0008862779617154852,0.19390573960584506,1.0467748263681849,1.2734347829167911,,,,
D7-p3_e30_r016,TA(0.15),0.2445707150036469,0.15,-0.0008862779617154852,0.19390573960584506,1.0467748263681849,1.2734347829167911,22.54375802869553,0.03641016730451144,1.4028098209804416,1.552600336734973,,,,
D7-p3_e30_r016,TA(0.25),0.24285738298203796,0.21333333333333335,-0.4696672221462358,0.6158263232625103,0.9937404063517788,1.4190478981877772,-13.117347030934985,-6.655249242512918,1.656289007056808,0.42384158674641365,,,,
D7-p3_e30_r016,TA(0.40),0.2435097970010247,0.30666666666666664,-0.11977778198070911,-1.3392195467348365,1.031012730442684,1.05229097401959,0.08332779527579248,1.5255504742595831,0.9951612127728992,0.9963540781032807,,,,
D8-K2par-sep_e00_r016,adapt,0.0433718980057165,0.006666666666666667,3.0962759051755575,0.9849806954768994,-3.100078528213756,0.9293910845946615,,,,,,,,
D8-K2par-sep_e00_r016,adaptX,0.047922472993377596,0.006666666666666667,3.0962759051755575,0.9849806954768994,-3.100078528213756,0.9293910845946615,,,,,,,,
D8-K2par-sep_e00_r016,HA50,0.007982970011653379,,3.0962759051755575,0.9849806954768994,-3.054486441880959,0.9139517437386401,,,,,,,,
D8-K2par-sep_e00_r016,TA(0.05),0.04458029300440103,0.01,3.0962759051755575,0.9849806954768994,-3.082784285893861,0.9365506517459552,,,,,,,,
D8-K2par-sep_e00_r016,TA(0.10),0.04475265298970044,0.013333333333333334,3.0843762760372058,0.9980330382196184,-3.082784285893861,0.9365506517459552,,,,,,,,
D8-K2par-sep_e00_r016,TA(0.15),0.04580435800016858,0.01,-3.082784285893861,0.9365506517459552,3.0962759051755575,0.9849806954768994,,,,,,,,
D8-K2par-sep_e00_r016,TA(0.25),0.045619659998919815,0.006666666666666667,3.0962759051755575,0.9849806954768994,-3.100078528213756,0.9293910845946615,,,,,,,,
D8-K2par-sep_e00_r016,TA(0.40),0.04486916502355598,0.013333333333333334,-3.082784285893861,0.9365506517459552,3.0843762760372058,0.9980330382196184,,,,,,,,
D8-K2par-sep_e05_r016,adapt,0.047619508986826986,0.07666666666666666,3.0450790321209817,1.0159232194854526,-3.0156112959186947,1.0072000692507241,,,,,,,,
D8-K2par-sep_e05_r016,adaptX,0.05396543399547227,0.07666666666666666,-3.0156112959186947,1.0072000692507241,3.0450790321209817,1.0159232194854526,,,,,,,,
D8-K2par-sep_e05_r016,HA50,0.009430595993762836,,4.2519518606669795,1.1683072917161452,-3.851318315704212,0.9370266084582717,,,,,,,,
D8-K2par-sep_e05_r016,TA(0.05),0.04948618900380097,0.07666666666666666,-3.0156112959186947,1.0072000692507241,3.0450790321209817,1.0159232194854526,,,,,,,,
D8-K2par-sep_e05_r016,TA(0.10),0.04887591701117344,0.07666666666666666,3.0450790321209817,1.0159232194854526,-3.0156112959186947,1.0072000692507241,,,,,,,,
D8-K2par-sep_e05_r016,TA(0.15),0.04849069900228642,0.07666666666666666,-3.0156112959186947,1.0072000692507241,3.0450790321209817,1.0159232194854526,,,,,,,,
D8-K2par-sep_e05_r016,TA(0.25),0.04890055800206028,0.07666666666666666,3.0450790321209817,1.0159232194854526,-3.0156112959186947,1.0072000692507241,,,,,,,,
D8-K2par-sep_e05_r016,TA(0.40),0.04854787400108762,0.07666666666666666,3.0450790321209817,1.0159232194854526,-3.0156112959186947,1.0072000692507241,,,,,,,,
D8-K2par-sep_e10_r016,adapt,0.05351496301591396,0.09333333333333334,-3.0286917300141396,1.00791348776955,3.0021120828792363,0.9883152183324987,,,,,,,,
D8-K2par-sep_e10_r016,adaptX,0.049863768013892695,0.09333333333333334,-3.0286917300141396,1.00791348776955,3.0021120828792363,0.9883152183324987,,,,,,,,
D8-K2par-sep_e10_r016,HA50,0.009944994992110878,,0.8779269771823323,0.7070127819184436,-26.71186898585935,0.6808732611349623,,,,,,,,
D8-K2par-sep_e10_r016,TA(0.05),0.05432034400291741,0.06,-15.946157563445192,6.396627766147615,0.5872570142241762,1.4632388059467698,,,,,,,,
D8-K2par-sep_e10_r016,TA(0.10),0.05473681501462124,0.09,-3.0286917300141396,1.00791348776955,3.020352397061839,0.9916705436250087,,,,,,,,
D8-K2par-sep_e10_r016,TA(0.15),0.0557807789882645,0.09,3.020352397061839,0.9916705436250087,-3.0286917300141396,1.00791348776955,,,,,,,,
D8-K2par-sep_e10_r016,TA(0.25),0.05617071900633164,0.09666666666666666,3.0189953518626464,1.0039642809230243,-3.0286917300141396,1.00791348776955,,,,,,,,
D8-K2par-sep_e10_r016,TA(0.40),0.05480666397488676,0.09,3.0390932427711728,0.9981892286968516,-3.0286917300141396,1.00791348776955,,,,,,,,
D8-K2par-sep_e20_r016,adapt,0.09522094498970546,0.18666666666666668,-2.910910307224303,1.010303136814734,2.9569526714946397,1.0143842564555652,,,,,,,,
D8-K2par-sep_e20_r016,adaptX,0.05972792601096444,0.18666666666666668,2.9569526714946397,1.0143842564555652,-2.910910307224303,1.010303136814734,,,,,,,,
D8-K2par-sep_e20_r016,HA50,0.008974552009021863,,-22.994225494389458,0.6506130243387379,2.5614404438361627,0.8832327846024582,,,,,,,,
D8-K2par-sep_e20_r016,TA(0.05),0.09682870999677107,0.09,0.34675543243973733,0.9557593707008318,-22.994225494389458,0.6506130243387379,,,,,,,,
D8-K2par-sep_e20_r016,TA(0.10),0.09702469999319874,0.09333333333333334,22.72884495919429,0.7419617954784802,0.34675543243973733,0.9557593707008318,,,,,,,,
D8-K2par-sep_e20_r016,TA(0.15),0.09709451399976388,0.18666666666666668,-2.910910307224303,1.010303136814734,2.9569526714946397,1.0143842564555652,,,,,,,,
D8-K2par-sep_e20_r016,TA(0.25),0.09774551299051382,0.18666666666666668,-2.910910307224303,1.010303136814734,2.9569526714946397,1.0143842564555652,,,,,,,,
D8-K2par-sep_e20_r016,TA(0.40),0.09633197699440643,0.18666666666666668,-2.910910307224303,1.010303136814734,2.9569526714946397,1.0143842564555652,,,,,,,,
D8-K2par-sep_e30_r016,adapt,0.042874880018644035,0.31,-3.0850947330820166,1.0860800510094406,3.063085757257829,1.0870197543434512,,,,,,,,
D8-K2par-sep_e30_r016,adaptX,0.05025772299268283,0.31,3.063085757257829,1.0870197543434512,-3.0850947330820166,1.0860800510094406,,,,,,,,
D8-K2par-sep_e30_r016,HA50,0.010238359012873843,,-22.431944087049732,1.1262248587286547,3.9387690041315437,1.6576486868611935,,,,,,,,
D8-K2par-sep_e30_r016,TA(0.05),0.04412732200580649,0.14666666666666667,-22.431944087049732,1.1262248587286547,0.07517435385955569,1.2612217335194718,,,,,,,,
D8-K2par-sep_e30_r016,TA(0.10),0.043762106011854485,0.14666666666666667,0.07517435385955569,1.2612217335194718,-22.431944087049732,1.1262248587286547,,,,,,,,
D8-K2par-sep_e30_r016,TA(0.15),0.045340589014813304,0.14666666666666667,0.02357553347651034,1.3024859992820443,-22.62792220099023,1.3392017837405579,,,,,,,,
D8-K2par-sep_e30_r016,TA(0.25),0.045464463997632265,0.2,15.284462551217693,5.585138718045617,-0.649377500513328,1.7807170430043293,,,,,,,,
D8-K2par-sep_e30_r016,TA(0.40),0.04455047898227349,0.31,-3.0850947330820166,1.0860800510094406,3.063085757257829,1.0870197543434512,,,,,,,,
D1-K2cross_e00_r017,adapt,0.042165741993812844,0.02,0.05272891755241347,1.420503774504577,0.1998413223037863,-1.5846234287580578,,,,,,,,
D1-K2cross_e00_r017,adaptX,0.049003299995092675,0.02666666666666667,0.2022537039987142,-1.5848142449441622,0.02512956330509763,1.400793837603402,,,,,,,,
D1-K2cross_e00_r017,HA50,0.008618308987934142,,0.04105063987754578,1.4398528664383645,0.15975277692771034,-1.5741994173813372,,,,,,,,
D1-K2cross_e00_r017,TA(0.05),0.043610096006887034,0.02,0.06192823409681864,1.4334697373082028,0.23971831055838816,-1.6092944324391238,,,,,,,,
D1-K2cross_e00_r017,TA(0.10),0.044278404006036,0.023333333333333334,0.02512956330509763,1.400793837603402,0.23971831055838816,-1.6092944324391238,,,,,,,,
D1-K2cross_e00_r017,TA(0.15),0.04415652999887243,0.03333333333333333,0.22167700726343484,-1.599834606069999,0.02512956330509763,1.400793837603402,,,,,,,,
D1-K2cross_e00_r017,TA(0.25),0.04284398700110614,0.02666666666666667,0.04243466086109294,1.3906267319882073,0.23646210135483628,-1.5963700772149578,,,,,,,,
D1-K2cross_e00_r017,TA(0.40),0.04333721299190074,0.02666666666666667,0.19155217978396735,-1.5838924086859545,0.03376413816738847,1.4000434349736113,,,,,,,,
D1-K2cross_e05_r017,adapt,0.041738675005035475,0.05333333333333334,0.0937294682081415,1.6372382703633623,-0.02801137161019371,-1.4846432861263374,,,,,,,,
D1-K2cross_e05_r017,adaptX,0.047265781002352014,0.05333333333333334,-0.07293069572548172,-1.4720993127596949,0.061422526352116036,1.6502170494066604,,,,,,,,
D1-K2cross_e05_r017,HA50,0.00849264400312677,,-0.365188502684374,-0.620637481857505,-11.966574900645243,7.0215401637205765,,,,,,,,
D1-K2cross_e05_r017,TA(0.05),0.0436996009957511,0.05333333333333334,-0.046639124586048075,-1.4808168252056,0.09150089987257971,1.6415673772904293,,,,,,,,
D1-K2cross_e05_r017,TA(0.10),0.04294214100809768,0.05333333333333334,0.061422526352116036,1.6502170494066604,-0.07293069572548172,-1.4720993127596949,,,,,,,,
D1-K2cross_e05_r017,TA(0.15),0.04392026399727911,0.05333333333333334,-0.06539390471267724,-1.4721297936997282,0.052085393199925396,1.6496703470883993,,,,,,,,
D1-K2cross_e05_r017,TA(0.25),0.04303935501957312,0.05333333333333334,-0.046639124586048075,-1.4808168252056,0.11395937628420452,1.6565359306497893,,,,,,,,
D1-K2cross_e05_r017,TA(0.40),0.04377516300883144,0.05333333333333334,-0.046639124586048075,-1.4808168252056,0.11395937628420452,1.6565359306497893,,,,,,,,
D1-K2cross_e10_r017,adapt,0.04340824799146503,0.08333333333333333,0.11237953561647857,1.576428812489908,0.06799083075967984,-1.5390973088939863,,,,,,,,
D1-K2cross_e10_r017,adaptX,0.0502023370063398,0.08333333333333333,0.11531482829594181,1.5760887482641004,0.06983436161842108,-1.5392320392239514,,,,,,,,
D1-K2cross_e10_r017,HA50,0.009029553999425843,,-0.5770629124469631,-0.23051434931306442,21.953392061464754,0.8681674260830672,,,,,,,,
D1-K2cross_e10_r017,TA(0.05),0.044690052018268034,0.08333333333333333,0.07619980042866188,-1.540876281892928,0.12524492321828348,1.5734737059253878,,,,,,,,
D1-K2cross_e10_r017,TA(0.10),0.04535130300791934,0.08333333333333333,0.11237953561647857,1.576428812489908,0.06799083075967984,-1.5390973088939863,,,,,,,,
D1-K2cross_e10_r017,TA(0.15),0.04399759601801634,0.08333333333333333,0.06799083075967984,-1.5390973088939863,0.11237953561647857,1.576428812489908,,,,,,,,
D1-K2cross_e10_r017,TA(0.25),0.0444693950121291,0.08333333333333333,0.06799083075967984,-1.5390973088939863,0.11237953561647857,1.576428812489908,,,,,,,,
D1-K2cross_e10_r017,TA(0.40),0.0443527500028722,0.08333333333333333,0.07619980042866188,-1.540876281892928,0.12524492321828348,1.5734737059253878,,,,,,,,
D1-K2cross_e20_r017,adapt,0.05140559800202027,0.23333333333333334,0.19060971886168207,-1.4570915558587914,-0.052027497440225,1.5546177607015592,,,,,,,,
D1-K2cross_e20_r017,adaptX,0.053789345984114334,0.23333333333333334,0.19060971886168207,-1.4570915558587914,-0.052027497440225,1.5546177607015592,,,,,,,,
D1-K2cross_e20_r017,HA50,0.009609603002900258,,-2.6401596426876512,-0.3506672505296269,22.885555588705074,-0.14695989237402676,,,,,,,,
D1-K2cross_e20_r017,TA(0.05),0.053072829003212973,0.10666666666666667,22.885555588705074,-0.14695989237402676,-0.018348782248024827,-0.22548621103297461,,,,,,,,
D1-K2cross_e20_r017,TA(0.10),0.05259145001764409,0.10666666666666667,-0.018348782248024827,-0.22548621103297461,22.885555588705074,-0.14695989237402676,,,,,,,,
D1-K2cross_e20_r017,TA(0.15),0.05447719499352388,0.10666666666666667,-0.018348782248024827,-0.22548621103297461,22.885555588705074,-0.14695989237402676,,,,,,,,
D1-K2cross_e20_r017,TA(0.25),0.05207046901341528,0.23333333333333334,-0.052027497440225,1.5546177607015592,0.19060971886168207,-1.4570915558587914,,,,,,,,
D1-K2cross_e20_r017,TA(0.40),0.05325472800177522,0.23333333333333334,-0.052027497440225,1.5546177607015592,0.19060971886168207,-1.4570915558587914,,,,,,,,
D1-K2cross_e30_r017,adapt,0.046241837000707164,0.25333333333333335,-0.15347668219873886,1.5452538455968374,0.09049307048833449,-1.5142319867238514,,,,,,,,
D1-K2cross_e30_r017,adaptX,0.04938006299198605,0.25333333333333335,0.11248331099165423,-1.5243053603402252,-0.13961628563904274,1.5403334058257867,,,,,,,,
D1-K2cross_e30_r017,HA50,0.009542587009491399,,23.487900867685596,0.8527777231539712,-3.5840940025415424,0.8529322125144414,,,,,,,,
D1-K2cross_e30_r017,TA(0.05),0.0468438119860366,0.14,23.487900867685596,0.8527777231539712,-0.38792402110618235,0.2607110378218391,,,,,,,,
D1-K2cross_e30_r017,TA(0.10),0.048035179992439225,0.11666666666666667,-19.970032968816476,0.7497631950845931,-0.38792402110618235,0.2607110378218391,,,,,,,,
D1-K2cross_e30_r017,TA(0.15),0.04871770099271089,0.12,-19.53335672664312,1.0715015873732223,-0.38792402110618235,0.2607110378218391,,,,,,,,
D1-K2cross_e30_r017,TA(0.25),0.048967584007186815,0.25333333333333335,0.09049307048833449,-1.5142319867238514,-0.15347668219873886,1.5452538455968374,,,,,,,,
D1-K2cross_e30_r017,TA(0.40),0.04687459301203489,0.25333333333333335,-0.13961628563904274,1.5403334058257867,0.11248331099165423,-1.5243053603402252,,,,,,,,
D2-K3par_e00_r017,adapt,0.19689647998893633,0.006666666666666667,3.022837507731822,1.055371038896832,0.13833761597249103,0.982508887384611,-2.9662749548577763,0.9441724616754008,,,,,,
D2-K3par_e00_r017,adaptX,0.2176902070059441,0.006666666666666667,-2.9784070034413723,0.9575058718804339,0.1169128832832857,0.9999751249953082,3.022837507731822,1.055371038896832,,,,,,
D2-K3par_e00_r017,HA50,0.01841191202402115,,-3.0335957579433876,0.9649379482169408,0.1169128832832857,0.9999751249953082,3.022837507731822,1.055371038896832,,,,,,
D2-K3par_e00_r017,TA(0.05),0.19822131699766032,0.006666666666666667,-2.9784070034413723,0.9575058718804339,0.1169128832832857,0.9999751249953082,3.022837507731822,1.055371038896832,,,,,,
D2-K3par_e00_r017,TA(0.10),0.19958918300108053,0.006666666666666667,2.993038535982677,1.0416820693664826,-2.982918292641745,0.9361526744047983,0.09475918314253085,0.9649826176662374,,,,,,
D2-K3par_e00_r017,TA(0.15),0.20080255198990926,0.006666666666666667,0.023553744382428958,0.9366192085448098,-2.999571251710656,0.9258409105524616,2.9327976526937154,1.0167606343321647,,,,,,
D2-K3par_e00_r017,TA(0.25),0.20095758201205172,0.006666666666666667,2.962408653370182,1.0283794658263243,0.05227549199845312,0.9453451504972014,-2.999571251710656,0.9258409105524616,,,,,,
D2-K3par_e00_r017,TA(0.40),0.2001217539946083,0.006666666666666667,0.07463697095098915,0.928301778421673,-2.9875713817309473,0.914037832759407,2.962408653370182,1.0283794658263243,,,,,,
D2-K3par_e05_r017,adapt,0.2343555380066391,0.03333333333333333,-0.27666494287377597,0.8385683689837776,-3.078160717291636,0.8519190358263049,3.0207200859124397,1.0633909614295314,,,,,,
D2-K3par_e05_r017,adaptX,0.22224568499950692,0.03,-0.13296115322404276,0.9902302342771384,3.054626277771517,1.0766498470108057,-2.9161362870901004,1.0271840138971615,,,,,,
D2-K3par_e05_r017,HA50,0.016936958010774106,,3.210579269037031,1.195596122207926,-1.991469249026942,1.142479082423425,-23.486388272952734,4.28255970564727,,,,,,
D2-K3par_e05_r017,TA(0.05),0.2361188050126657,0.03333333333333333,-0.2940025948787295,0.837866145045438,-3.078160717291636,0.8519190358263049,3.003451425401496,1.0615117845833943,,,,,,
D2-K3par_e05_r017,TA(0.10),0.23679674297454767,0.03333333333333333,-0.37547426768379394,0.8316761146828819,2.9525756463478396,1.0550831332266206,-3.111535963676877,0.8408153100525813,,,,,,
D2-K3par_e05_r017,TA(0.15),0.23512881400529295,0.03333333333333333,-0.3608249281269332,0.8331893852150298,2.9525756463478396,1.0550831332266206,-3.0949490007685996,0.8462267696486686,,,,,,
D2-K3par_e05_r017,TA(0.25),0.23681107198353857,0.03333333333333333,-0.4262359140314314,0.8297293951960003,-3.12701721680633,0.8384350020757703,2.9191778718595796,1.0489736176386533,,,,,,
D2-K3par_e05_r017,TA(0.40),0.23817168199457228,0.03,2.7837961025377886,1.14257346500106,-0.8079441849366356,1.0681562249093688,-3.3165984050547856,0.9805144518568751,,,,,,
D2-K3par_e10_r017,adapt,0.22472370299510658,0.13333333333333333,3.1435535983624794,0.9244988696278956,-3.141550762690872,0.783870459969805,0.00083250759323334,0.6267131550113236,,,,,,
D2-K3par_e10_r017,adaptX,0.264984932000516,0.13333333333333333,-3.141550762690872,0.783870459969805,3.161010731037699,0.9358042632273379,0.02115579416224285,0.6389996786359583,,,,,,
D2-K3par_e10_r017,HA50,0.014547626982675865,,-20.688298893952247,0.1557506418730741,0.2063935001259563,1.023567585503939,23.97759469167325,1.5743706193587848,,,,,,
D2-K3par_e10_r017,TA(0.05),0.22590244800085202,0.06,2.4349417204288493,1.1463165357361123,-2.295031043058553,1.0970258904187455,24.401131896527183,1.3276058457537865,,,,,,
D2-K3par_e10_r017,TA(0.10),0.22569064400158823,0.08,18.8512655753598,6.447261223881282,2.3315547067353743,1.2849150400529925,-2.3146127239724787,1.1313601249398932,,,,,,
D2-K3par_e10_r017,TA(0.15),0.22588005699799396,0.13333333333333333,3.1435535983624794,0.9244988696278956,0.00083250759323334,0.6267131550113236,-3.141550762690872,0.783870459969805,,,,,,
D2-K3par_e10_r017,TA(0.25),0.22748433297965676,0.13333333333333333,-0.03719224664742479,0.6055997417399599,-3.1651689582451774,0.772339879128514,3.1263953195884384,0.912761747555087,,,,,,
D2-K3par_e10_r017,TA(0.40),0.2261425460164901,0.13333333333333333,2.862041183306667,1.0481395500650956,-3.412351051701616,0.9034354337865417,-0.6878402220907059,0.9823977886159937,,,,,,
D2-K3par_e20_r017,adapt,0.24554849200649187,0.22,3.1863887557946713,0.938719433918493,-0.3665281226313805,0.8715560888271321,-3.3426534035095328,0.9451978399535531,,,,,,
D2-K3par_e20_r017,adaptX,0.2645973679900635,0.22,-0.3665281226313805,0.8715560888271321,3.1863887557946713,0.938719433918493,-3.3426534035095328,0.9451978399535531,,,,,,
D2-K3par_e20_r017,HA50,0.013604651991045102,,-0.43856159058506505,0.8913410564468168,22.85522966273943,0.3340470533648882,-21.524441301268396,1.0841926794850962,,,,,,
D2-K3par_e20_r017,TA(0.05),0.24864992001676,0.0033333333333333335,-20.814400396167912,1.1470044454895527,-0.43856159058506505,0.8913410564468168,22.85522966273943,0.3340470533648882,,,,,,
D2-K3par_e20_r017,TA(0.10),0.24764412199147046,0.10666666666666667,-2.543450372558786,1.090621431292406,1.913801509686373,1.056026121126606,22.85522966273943,0.3340470533648882,,,,,,
D2-K3par_e20_r017,TA(0.15),0.24720297497697175,0.11666666666666667,-20.814400396167912,1.1470044454895527,2.5787770321487797,1.1228844259297222,-2.09324315810463,1.0596849659885783,,,,,,
D2-K3par_e20_r017,TA(0.25),0.24756836099550128,0.22,-3.2548215370080067,0.9167528653579953,3.2525621032651726,0.8788894406714688,-0.243130409405797,0.8112883073141279,,,,,,
D2-K3par_e20_r017,TA(0.40),0.24650259499321692,0.22,-0.14364612079950717,0.8609058789924048,3.2525621032651726,0.8788894406714688,-3.128553139038791,0.9801633143973958,,,,,,
D2-K3par_e30_r017,adapt,0.42568246900918894,0.15333333333333332,-24.298851279314864,1.1274722027891797,-1.78351358229782,0.7131017211584931,2.3636690453280353,0.8774804259852544,,,,,,
D2-K3par_e30_r017,adaptX,0.4311241120158229,0.15333333333333332,2.3636690453280353,0.8774804259852544,-24.298851279314864,1.1274722027891797,-1.78351358229782,0.7131017211584931,,,,,,
D2-K3par_e30_r017,HA50,0.015014853997854516,,-24.081553184908955,0.9782953572938105,0.194583524795467,0.9731726940171191,22.916269242763917,0.9469797561545581,,,,,,
D2-K3par_e30_r017,TA(0.05),0.4269718260038644,0.0033333333333333335,0.194583524795467,0.9731726940171191,-24.298851279314864,1.1274722027891797,22.916269242763917,0.9469797561545581,,,,,,
D2-K3par_e30_r017,TA(0.10),0.4282398849900346,0.0033333333333333335,-24.298851279314864,1.1274722027891797,0.194583524795467,0.9731726940171191,22.916269242763917,0.9469797561545581,,,,,,
D2-K3par_e30_r017,TA(0.15),0.42713019499205984,0.15333333333333332,2.3059031788304987,0.8582366190439753,-1.8525309042649136,0.6837498652174481,-24.298851279314864,1.1274722027891797,,,,,,
D2-K3par_e30_r017,TA(0.25),0.4285908850142732,0.15,-1.8302334936512183,0.6913800978095314,2.325616895607838,0.8622461846823835,-24.081553184908955,0.9782953572938105,,,,,,
D2-K3par_e30_r017,TA(0.40),0.42897462198743597,0.3,-2.641174975697235,0.8160060852771315,3.061409722663909,0.9810463915044322,0.23663885892736944,0.9598758525000334,,,,,,
D3-unequal_e00_r017,adapt,0.04848664198652841,0.013333333333333334,0.032232287643345084,-1.5237304698080458,0.02950052110676425,1.501416188783014,,,,,,,,
D3-unequal_e00_r017,adaptX,0.05606370899477042,0.013333333333333334,0.02950052110676425,1.501416188783014,0.032232287643345084,-1.5237304698080458,,,,,,,,
D3-unequal_e00_r017,HA50,0.008821272000204772,,0.01915855158088044,-1.526058712721231,-0.043104777469407725,1.5069386705285457,,,,,,,,
D3-unequal_e00_r017,TA(0.05),0.04983679499127902,0.013333333333333334,0.08137326402903682,1.5217156459523924,0.005979631521339866,-1.522611851042398,,,,,,,,
D3-unequal_e00_r017,TA(0.10),0.050323976000072435,0.013333333333333334,0.08137326402903682,1.5217156459523924,0.005979631521339866,-1.522611851042398,,,,,,,,
D3-unequal_e00_r017,TA(0.15),0.04985328600741923,0.01,0.04954473607494886,1.5224234140385675,0.032232287643345084,-1.5237304698080458,,,,,,,,
D3-unequal_e00_r017,TA(0.25),0.0510016419866588,0.016666666666666666,0.02864497872406967,-1.5221834215558492,0.0130904281086273,1.5430681662638197,,,,,,,,
D3-unequal_e00_r017,TA(0.40),0.051357869000639766,0.17,0.795015960461759,-1.4720384951277112,-1.081021667765945,-1.3814225711749404,,,,,,,,
D3-unequal_e05_r017,adapt,0.05496607400709763,0.09333333333333334,-0.1389883511074468,1.50127963510335,0.04964966934760225,-1.5065810275110922,,,,,,,,
D3-unequal_e05_r017,adaptX,0.05761743598850444,0.1,0.02652896199322642,-1.4955436447974801,-0.1389883511074468,1.50127963510335,,,,,,,,
D3-unequal_e05_r017,HA50,0.01004251599078998,,23.03018298699915,-0.9650965809794897,-0.7370340334496688,-0.5297224057086454,,,,,,,,
D3-unequal_e05_r017,TA(0.05),0.05676831799792126,0.09333333333333334,-0.09971153106783996,1.5064318494779592,0.036287206153551424,-1.5108739571839163,,,,,,,,
D3-unequal_e05_r017,TA(0.10),0.05726377700921148,0.09,-0.11712991669929321,1.5056295131097748,0.05882650163652841,-1.504667341657036,,,,,,,,
D3-unequal_e05_r017,TA(0.15),0.05629559198860079,0.09333333333333334,-0.10896091938904157,1.50603104808248,0.05421715508109701,-1.5048623767587916,,,,,,,,
D3-unequal_e05_r017,TA(0.25),0.05658724100794643,0.1,-0.1362907566630814,1.5014084730843034,0.025070246659026237,-1.495604497779356,,,,,,,,
D3-unequal_e05_r017,TA(0.40),0.0560156780120451,0.28,0.8455267540784543,-1.3962181358730485,-0.8045689376695,-1.3672421587001213,,,,,,,,
D3-unequal_e10_r017,adapt,0.049718158988980576,0.11333333333333333,0.01565853916304614,-1.5858908137604522,0.02065604011542029,1.482803711390742,,,,,,,,
D3-unequal_e10_r017,adaptX,0.05581507200258784,0.11333333333333333,0.021014927056539314,-1.5866743649505792,0.002666277276082976,1.480813267040348,,,,,,,,
D3-unequal_e10_r017,HA50,0.010633131983922794,,-1.7480501985768602,-0.6520457200031633,24.185067866417292,-1.847446690202387,,,,,,,,
D3-unequal_e10_r017,TA(0.05),0.05147788600879721,0.06,-0.3642413180216227,-0.6394323372825441,-21.72528634058567,-0.26158910756708226,,,,,,,,
D3-unequal_e10_r017,TA(0.10),0.051324508007382974,0.11333333333333333,0.009614264101149805,-1.5852233344384756,0.031311124557062454,1.4836176687224207,,,,,,,,
D3-unequal_e10_r017,TA(0.15),0.05191298600402661,0.11333333333333333,0.021014927056539314,-1.5866743649505792,0.002666277276082976,1.480813267040348,,,,,,,,
D3-unequal_e10_r017,TA(0.25),0.05105900199851021,0.11333333333333333,0.002666277276082976,1.480813267040348,0.021014927056539314,-1.5866743649505792,,,,,,,,
D3-unequal_e10_r017,TA(0.40),0.052171815012115985,0.28,1.1020897525704565,-1.5207669756964384,-0.9022867845071078,-1.4325211151157293,,,,,,,,
D3-unequal_e20_r017,adapt,0.05089543902431615,0.2,-0.08355339674668155,1.550435730425475,-0.011064376945907986,-1.5251742585494261,,,,,,,,
D3-unequal_e20_r017,adaptX,0.056886047997977585,0.2,-0.08355339674668155,1.550435730425475,-0.011064376945907986,-1.5251742585494261,,,,,,,,
D3-unequal_e20_r017,HA50,0.008889211982022971,,-23.190821428028354,0.25469610054845965,1.8079506392758389,-0.6237269789910502,,,,,,,,
D3-unequal_e20_r017,TA(0.05),0.05234699198626913,0.09,-23.190821428028354,0.25469610054845965,-0.5333944970474964,-0.7447444786424527,,,,,,,,
D3-unequal_e20_r017,TA(0.10),0.052696330996695906,0.09,-0.5333944970474964,-0.7447444786424527,-23.190821428028354,0.25469610054845965,,,,,,,,
D3-unequal_e20_r017,TA(0.15),0.0524839719873853,0.20333333333333334,-14.481083027769253,-4.355253423165912,0.01816279386365002,-1.4365663173568668,,,,,,,,
D3-unequal_e20_r017,TA(0.25),0.05351512401830405,0.2,-0.011064376945907986,-1.5251742585494261,-0.08355339674668155,1.550435730425475,,,,,,,,
D3-unequal_e20_r017,TA(0.40),0.05260512602399103,0.2,-0.011064376945907986,-1.5251742585494261,-0.08355339674668155,1.550435730425475,,,,,,,,
D3-unequal_e30_r017,adapt,0.05116125900531188,0.29333333333333333,0.03399232340525015,-1.497564266095739,-0.03901538138128019,1.629432610216868,,,,,,,,
D3-unequal_e30_r017,adaptX,0.05353904399089515,0.29333333333333333,-0.03901538138128019,1.629432610216868,0.03399232340525015,-1.497564266095739,,,,,,,,
D3-unequal_e30_r017,HA50,0.009978591988328844,,3.89397218324799,-0.1539818765718452,-23.583585972188317,-0.39526121334890846,,,,,,,,
D3-unequal_e30_r017,TA(0.05),0.05357028197613545,0.15,0.023027810311840827,-0.35388592567508065,-23.583585972188317,-0.39526121334890846,,,,,,,,
D3-unequal_e30_r017,TA(0.10),0.05221752202487551,0.14333333333333334,22.10662286357844,0.24562914225318608,0.023027810311840827,-0.35388592567508065,,,,,,,,
D3-unequal_e30_r017,TA(0.15),0.052189793990692124,0.15,22.526258975500497,0.6614617727257043,0.023027810311840827,-0.35388592567508065,,,,,,,,
D3-unequal_e30_r017,TA(0.25),0.05188803299097344,0.2733333333333333,-17.923673722049777,-4.987118657761035,0.11819850338610337,-1.3721173713869892,,,,,,,,
D3-unequal_e30_r017,TA(0.40),0.052254521986469626,0.29333333333333333,-0.03901538138128019,1.629432610216868,0.03399232340525015,-1.497564266095739,,,,,,,,
D4-hetero_e00_r017,adapt,0.04369633900932968,0.023333333333333334,0.003964754996532058,-1.4937845539216104,-0.28538279596536514,1.6415010700290324,,,,,,,,
D4-hetero_e00_r017,adaptX,0.04882820599596016,0.023333333333333334,-0.28538279596536514,1.6415010700290324,0.003964754996532058,-1.4937845539216104,,,,,,,,
D4-hetero_e00_r017,HA50,0.007777033984893933,,-0.01931056471329948,-1.4965595861054413,-0.2946758548007892,1.640793982283619,,,,,,,,
D4-hetero_e00_r017,TA(0.05),0.04494351099128835,0.023333333333333334,0.018488618257859035,-1.488491768154164,-0.2907345146056767,1.6413815898969664,,,,,,,,
D4-hetero_e00_r017,TA(0.10),0.045844353997381404,0.023333333333333334,0.018488618257859035,-1.488491768154164,-0.2907345146056767,1.6413815898969664,,,,,,,,
D4-hetero_e00_r017,TA(0.15),0.04541609500302002,0.023333333333333334,0.013077039446115282,-1.4888192900330621,-0.28538279596536514,1.6415010700290324,,,,,,,,
D4-hetero_e00_r017,TA(0.25),0.044626763003179803,0.02666666666666667,0.018433991701892926,-1.4907053383902154,-0.2482493364760307,1.6396696614920279,,,,,,,,
D4-hetero_e00_r017,TA(0.40),0.044866734999231994,0.02666666666666667,-0.1517086797115827,1.5988713804028325,0.02441735421308737,-1.489016173911888,,,,,,,,
D4-hetero_e05_r017,adapt,0.04399077300331555,0.1,-0.008487717795909004,-1.4699915134784507,0.053605565100206636,1.5186873471856697,,,,,,,,
D4-hetero_e05_r017,adaptX,0.050821438984712586,0.1,-0.008487717795909004,-1.4699915134784507,0.053605565100206636,1.5186873471856697,,,,,,,,
D4-hetero_e05_r017,HA50,0.008979264996014535,,1.3983870089831987,-0.22476908320667038,-15.445741651602354,-4.8556616538634065,,,,,,,,
D4-hetero_e05_r017,TA(0.05),0.0453116120188497,0.10333333333333333,0.10348623569428855,1.5373750617212005,-0.02200600619619273,-1.4800255023438207,,,,,,,,
D4-hetero_e05_r017,TA(0.10),0.04594118398381397,0.1,-0.020717029855764037,-1.479910735303305,0.053605565100206636,1.5186873471856697,,,,,,,,
D4-hetero_e05_r017,TA(0.15),0.04510389699134976,0.1,0.053605565100206636,1.5186873471856697,-0.008487717795909004,-1.4699915134784507,,,,,,,,
D4-hetero_e05_r017,TA(0.25),0.04619933900539763,0.10333333333333333,0.15456527197966632,1.4765691249267652,-0.033014897569492725,-1.480961034329096,,,,,,,,
D4-hetero_e05_r017,TA(0.40),0.045125595992431045,0.08666666666666667,-0.029784871803149607,-1.479863130247085,0.053014856615752115,1.5122123125012283,,,,,,,,
D4-hetero_e10_r017,adapt,0.05106408300343901,0.12666666666666668,0.10083479266837142,1.4401049528475274,0.02437832946061603,-1.5134258396748943,,,,,,,,
D4-hetero_e10_r017,adaptX,0.053092404996277764,0.12666666666666668,0.024659695779405695,-1.5134716181927859,0.10015510528116274,1.4400924632010463,,,,,,,,
D4-hetero_e10_r017,HA50,0.011662331002298743,,23.273626195939467,0.9631256904815325,-1.4117476048889612,0.18064458832409733,,,,,,,,
D4-hetero_e10_r017,TA(0.05),0.052794722985709086,0.04666666666666667,23.273626195939467,0.9631256904815325,-0.2889119448476489,-0.007698680470330088,,,,,,,,
D4-hetero_e10_r017,TA(0.10),0.05199036400881596,0.12666666666666668,0.10425942298977685,1.4401532063106808,0.021164278326337247,-1.5128893563921106,,,,,,,,
D4-hetero_e10_r017,TA(0.15),0.05341921097715385,0.12666666666666668,0.021164278326337247,-1.5128893563921106,0.10425942298977685,1.4401532063106808,,,,,,,,
D4-hetero_e10_r017,TA(0.25),0.053489131008973345,0.12666666666666668,0.02437832946061603,-1.5134258396748943,0.10083479266837142,1.4401049528475274,,,,,,,,
D4-hetero_e10_r017,TA(0.40),0.053667234984459355,0.12666666666666668,0.024659695779405695,-1.5134716181927859,0.10015510528116274,1.4400924632010463,,,,,,,,
D4-hetero_e20_r017,adapt,0.045306157000595704,0.17333333333333334,0.02091955087317373,-1.4822375547443982,-0.020303607929779935,1.49047234027029,,,,,,,,
D4-hetero_e20_r017,adaptX,0.05236829200293869,0.17333333333333334,-0.020303607929779935,1.49047234027029,0.02091955087317373,-1.4822375547443982,,,,,,,,
D4-hetero_e20_r017,HA50,0.009255703014787287,,-1.753872403957237,0.15007273573437674,23.103227320485267,-0.32392407441795545,,,,,,,,
D4-hetero_e20_r017,TA(0.05),0.04741672199452296,0.08,23.103227320485267,-0.32392407441795545,0.20971762874620373,-0.0416109512426645,,,,,,,,
D4-hetero_e20_r017,TA(0.10),0.04661241499707103,0.08,23.103227320485267,-0.32392407441795545,0.20971762874620373,-0.0416109512426645,,,,,,,,
D4-hetero_e20_r017,TA(0.15),0.04604940299759619,0.17333333333333334,-0.010337236619974318,1.4900624236580349,0.02127993870237426,-1.4822760327858029,,,,,,,,
D4-hetero_e20_r017,TA(0.25),0.04708207902149297,0.17333333333333334,0.004236835992477826,-1.4830393349319388,0.011451478640555412,1.489090771401348,,,,,,,,
D4-hetero_e20_r017,TA(0.40),0.04615032998844981,0.17333333333333334,0.012321034828254118,1.4890663676105194,0.005177104489734028,-1.4829787221230588,,,,,,,,
D4-hetero_e30_r017,adapt,0.04420906299492344,0.32666666666666666,0.12866179582925888,-1.5440068741466773,0.20630199360091075,1.6258416963423017,,,,,,,,
D4-hetero_e30_r017,adaptX,0.050642793998122215,0.32666666666666666,0.12573572328788132,-1.5438565820363865,0.23176734479427383,1.6109353549953176,,,,,,,,
D4-hetero_e30_r017,HA50,0.009443156013730913,,23.0869664489518,0.6334704963109148,-4.368483720931797,-0.24123282063330784,,,,,,,,
D4-hetero_e30_r017,TA(0.05),0.04521888500312343,0.15,23.0869664489518,0.6334704963109148,-0.25725850145963997,0.11054599903346335,,,,,,,,
D4-hetero_e30_r017,TA(0.10),0.04583129100501537,0.15,-0.25725850145963997,0.11054599903346335,23.0869664489518,0.6334704963109148,,,,,,,,
D4-hetero_e30_r017,TA(0.15),0.046233246015617624,0.15,23.0869664489518,0.6334704963109148,-0.25725850145963997,0.11054599903346335,,,,,,,,
D4-hetero_e30_r017,TA(0.25),0.045697554014623165,0.17,-0.25725850145963997,0.11054599903346335,-22.869582087958882,0.24665306078743882,,,,,,,,
D4-hetero_e30_r017,TA(0.40),0.04574343701824546,0.32666666666666666,0.22906056906735422,1.6105989208726945,0.12866179582925888,-1.5440068741466773,,,,,,,,
D5-leverage_e00_r017,adapt,0.04154815900255926,0.03333333333333333,0.017953400583135434,-1.5870743478844969,-0.08505473102027573,1.4512443161926178,,,,,,,,
D5-leverage_e00_r017,adaptX,0.04531698298524134,0.03333333333333333,-0.09599614236672904,1.4510111933609915,0.02894614879013704,-1.5864359023829,,,,,,,,
D5-leverage_e00_r017,HA50,0.007193706027464941,,0.04458659781172571,-1.541525414676977,-0.11657353487178207,1.4547588476030138,,,,,,,,
D5-leverage_e00_r017,TA(0.05),0.04329547000816092,0.03333333333333333,0.017953400583135434,-1.5870743478844969,-0.08505473102027573,1.4512443161926178,,,,,,,,
D5-leverage_e00_r017,TA(0.10),0.04207691899500787,0.03333333333333333,0.014225096130208167,-1.586873771595542,-0.08871039970104008,1.4515583973733184,,,,,,,,
D5-leverage_e00_r017,TA(0.15),0.04330637599923648,0.03333333333333333,0.017953400583135434,-1.5870743478844969,-0.08505473102027573,1.4512443161926178,,,,,,,,
D5-leverage_e00_r017,TA(0.25),0.04389256102149375,0.03333333333333333,-0.09579761205743349,1.4510155119508803,0.028917287664925077,-1.586437591593048,,,,,,,,
D5-leverage_e00_r017,TA(0.40),0.04339697302202694,0.03333333333333333,-0.08505473102027573,1.4512443161926178,0.017953400583135434,-1.5870743478844969,,,,,,,,
D5-leverage_e05_r017,adapt,0.042099549988051876,0.04666666666666667,-0.017349908200093387,-1.4383630996701187,-0.0330109612181152,1.5085389581001094,,,,,,,,
D5-leverage_e05_r017,adaptX,0.05023696200805716,0.04666666666666667,-0.0330109612181152,1.5085389581001094,-0.017349908200093387,-1.4383630996701187,,,,,,,,
D5-leverage_e05_r017,HA50,0.008862496993970126,,2.3680325503140494,-0.004218599423509888,-2.3690955813653507,-0.0028409088686570773,,,,,,,,
D5-leverage_e05_r017,TA(0.05),0.043222567008342594,0.04666666666666667,-0.0330109612181152,1.5085389581001094,-0.017349908200093387,-1.4383630996701187,,,,,,,,
D5-leverage_e05_r017,TA(0.10),0.043914921989198774,0.04666666666666667,-0.0330109612181152,1.5085389581001094,-0.017349908200093387,-1.4383630996701187,,,,,,,,
D5-leverage_e05_r017,TA(0.15),0.04274746400187723,0.04666666666666667,-0.0330109612181152,1.5085389581001094,-0.017349908200093387,-1.4383630996701187,,,,,,,,
D5-leverage_e05_r017,TA(0.25),0.045094361004885286,0.04666666666666667,-0.0330109612181152,1.5085389581001094,-0.017349908200093387,-1.4383630996701187,,,,,,,,
D5-leverage_e05_r017,TA(0.40),0.04487931399489753,0.04666666666666667,-0.017349908200093387,-1.4383630996701187,-0.0330109612181152,1.5085389581001094,,,,,,,,
D5-leverage_e10_r017,adapt,0.047970799991162494,0.10333333333333333,-0.1892485431736499,1.4886515208175255,-0.025258948959377015,-1.4879212466569285,,,,,,,,
D5-leverage_e10_r017,adaptX,0.05346659800852649,0.10333333333333333,-0.1892485431736499,1.4886515208175255,-0.025258948959377015,-1.4879212466569285,,,,,,,,
D5-leverage_e10_r017,HA50,0.009374290995765477,,2.0165727600927115,-0.01811884734084427,-2.504672336064601,0.1020040213585533,,,,,,,,
D5-leverage_e10_r017,TA(0.05),0.050290632992982864,0.006666666666666667,-2.3348175979656927,0.1172828201277344,2.1043281874753332,-0.014876958955329795,,,,,,,,
D5-leverage_e10_r017,TA(0.10),0.05096019999473356,0.10333333333333333,-0.1892485431736499,1.4886515208175255,-0.025258948959377015,-1.4879212466569285,,,,,,,,
D5-leverage_e10_r017,TA(0.15),0.051021107006818056,0.10333333333333333,-0.025258948959377015,-1.4879212466569285,-0.1892485431736499,1.4886515208175255,,,,,,,,
D5-leverage_e10_r017,TA(0.25),0.05053169999155216,0.10333333333333333,-0.1892485431736499,1.4886515208175255,-0.025258948959377015,-1.4879212466569285,,,,,,,,
D5-leverage_e10_r017,TA(0.40),0.05109418599749915,0.10333333333333333,0.00765191599142534,-1.4672852861260608,-0.20066956656917206,1.4890887727080895,,,,,,,,
D5-leverage_e20_r017,adapt,0.053993905981769785,0.023333333333333334,2.0253765554825764,-0.04613657823241995,-2.500502326441216,0.12465950832823,,,,,,,,
D5-leverage_e20_r017,adaptX,0.04779946300550364,0.12,1.9608861050457573,-0.04861782448063109,-2.5400429268948246,0.1718627533529706,,,,,,,,
D5-leverage_e20_r017,HA50,0.009558565012412146,,2.2641530719584146,-0.06111498336701521,-2.4810777414839156,0.11675219420342094,,,,,,,,
D5-leverage_e20_r017,TA(0.05),0.055902947002323344,0.023333333333333334,2.0253765554825764,-0.04613657823241995,-2.500502326441216,0.12465950832823,,,,,,,,
D5-leverage_e20_r017,TA(0.10),0.055068510002456605,0.08,-2.266839306716032,0.4710601187835746,1.4902680478704364,-0.4206466020758302,,,,,,,,
D5-leverage_e20_r017,TA(0.15),0.054816232004668564,0.08,1.4902680478704364,-0.4206466020758302,-2.266839306716032,0.4710601187835746,,,,,,,,
D5-leverage_e20_r017,TA(0.25),0.0556921339884866,0.07333333333333333,1.543234046073976,-0.4290608528010714,-2.2296906942748067,0.46970770484547797,,,,,,,,
D5-leverage_e20_r017,TA(0.40),0.056991414981894195,0.08,-2.266839306716032,0.4710601187835746,1.4902680478704364,-0.4206466020758302,,,,,,,,
D5-leverage_e30_r017,adapt,0.043478119012434036,0.0033333333333333335,2.5411781598251912,-0.08703662847317072,-2.4818454605970035,0.15623787078630888,,,,,,,,
D5-leverage_e30_r017,adaptX,0.04979307798203081,0.07,0.44968893506509955,1.190135832392523,-3.2283324897267884,0.43537659481401764,,,,,,,,
D5-leverage_e30_r017,HA50,0.008973122981842607,,-2.502016957538373,0.14913073209953012,2.540321919104852,-0.09190902253641772,,,,,,,,
D5-leverage_e30_r017,TA(0.05),0.04402442698483355,0.0033333333333333335,2.5404458072340463,-0.08179711670049263,-2.481230527449265,0.1609988122937029,,,,,,,,
D5-leverage_e30_r017,TA(0.10),0.04495469797984697,0.0033333333333333335,2.5411781598251912,-0.08703662847317072,-2.4818454605970035,0.15623787078630888,,,,,,,,
D5-leverage_e30_r017,TA(0.15),0.045771252014674246,0.0033333333333333335,2.596044750491621,-0.07743762562506759,-2.4455404657937265,0.16684590116135442,,,,,,,,
D5-leverage_e30_r017,TA(0.25),0.04551875600009225,0.006666666666666667,1.4806595196470205,0.07527423632496356,-3.081433772704728,0.24631475201784161,,,,,,,,
D5-leverage_e30_r017,TA(0.40),0.045931519009172916,0.24666666666666667,-0.15625495858474245,1.5760871954820317,0.00045072940876667266,-1.5482348251869729,,,,,,,,
D6-uniform_e00_r017,adapt,0.042569397017359734,0.02,-0.040182250270247605,1.5025153801494056,-0.011768997895710025,-1.422826637491989,,,,,,,,
D6-uniform_e00_r017,adaptX,0.04756652400828898,0.016666666666666666,-0.0455964830210386,-1.44056594012328,-0.011839210477862743,1.502608327882848,,,,,,,,
D6-uniform_e00_r017,HA50,0.008975028002168983,,0.052915320371658484,-1.4063447650719356,-0.022728515023652102,1.511595283545509,,,,,,,,
D6-uniform_e00_r017,TA(0.05),0.04485966998618096,0.016666666666666666,-0.0001601554227047233,1.5025863759198204,-0.05870802932057795,-1.4418700277024945,,,,,,,,
D6-uniform_e00_r017,TA(0.10),0.04506237298483029,0.016666666666666666,-0.05870802932057795,-1.4418700277024945,-0.0001601554227047233,1.5025863759198204,,,,,,,,
D6-uniform_e00_r017,TA(0.15),0.044609181000851095,0.016666666666666666,-0.05870802932057795,-1.4418700277024945,-0.0001601554227047233,1.5025863759198204,,,,,,,,
D6-uniform_e00_r017,TA(0.25),0.04538590199081227,0.016666666666666666,-0.0194078066793604,1.5031184820118346,-0.06278152660101706,-1.441684741396115,,,,,,,,
D6-uniform_e00_r017,TA(0.40),0.04543338401708752,0.016666666666666666,0.0026597472043464842,1.5028995320537915,-0.06477514174721018,-1.427670637320106,,,,,,,,
D6-uniform_e05_r017,adapt,0.04239925599540584,0.056666666666666664,-0.027303722448161077,-1.5436158336004622,0.14677562168733277,1.5272453941310908,,,,,,,,
D6-uniform_e05_r017,adaptX,0.05016743901069276,0.06,-0.04593211537897867,-1.560950498458216,0.14677562168733277,1.5272453941310908,,,,,,,,
D6-uniform_e05_r017,HA50,0.008369232004042715,,-0.23437695257242452,-1.5461562113093454,-0.012609688570109766,1.607145487638602,,,,,,,,
D6-uniform_e05_r017,TA(0.05),0.044188970990944654,0.056666666666666664,0.14677562168733277,1.5272453941310908,-0.027303722448161077,-1.5436158336004622,,,,,,,,
D6-uniform_e05_r017,TA(0.10),0.04516009398503229,0.056666666666666664,0.1356663319187992,1.5311343556934083,-0.050947944234068974,-1.5284657645904323,,,,,,,,
D6-uniform_e05_r017,TA(0.15),0.04432940899278037,0.056666666666666664,0.1356663319187992,1.5311343556934083,-0.05148613662663987,-1.5282049574660577,,,,,,,,
D6-uniform_e05_r017,TA(0.25),0.043933648004895076,0.06,0.1356663319187992,1.5311343556934083,-0.08140461951312096,-1.5212862610931202,,,,,,,,
D6-uniform_e05_r017,TA(0.40),0.044764594989828765,0.056666666666666664,-0.05493712495631805,-1.5204266093292649,0.14677562168733277,1.5272453941310908,,,,,,,,
D6-uniform_e10_r017,adapt,0.04174185302690603,0.09333333333333334,-0.001008341655762704,-1.4737732005048916,-0.06751220075422137,1.5316150310653667,,,,,,,,
D6-uniform_e10_r017,adaptX,0.046161547012161463,0.09333333333333334,-0.001008341655762704,-1.4737732005048916,-0.06751220075422137,1.5316150310653667,,,,,,,,
D6-uniform_e10_r017,HA50,0.009596699004760012,,-0.014388303202905904,-1.6799796552286899,-0.11135730634270193,1.6530974478479492,,,,,,,,
D6-uniform_e10_r017,TA(0.05),0.044221001997357234,0.09333333333333334,-0.06751220075422137,1.5316150310653667,-0.001008341655762704,-1.4737732005048916,,,,,,,,
D6-uniform_e10_r017,TA(0.10),0.042953396012308076,0.09333333333333334,-0.001008341655762704,-1.4737732005048916,-0.06751220075422137,1.5316150310653667,,,,,,,,
D6-uniform_e10_r017,TA(0.15),0.043350343010388315,0.09333333333333334,-0.06751220075422137,1.5316150310653667,-0.001008341655762704,-1.4737732005048916,,,,,,,,
D6-uniform_e10_r017,TA(0.25),0.04242427201825194,0.09333333333333334,-0.06751220075422137,1.5316150310653667,-0.001008341655762704,-1.4737732005048916,,,,,,,,
D6-uniform_e10_r017,TA(0.40),0.04269467102130875,0.09333333333333334,-0.06751220075422137,1.5316150310653667,-0.001008341655762704,-1.4737732005048916,,,,,,,,
D6-uniform_e20_r017,adapt,0.04209112501121126,0.18333333333333332,-0.017622482092916534,-1.5023986004790943,-0.0694985533534606,1.4470188981196548,,,,,,,,
D6-uniform_e20_r017,adaptX,0.05007886799285188,0.18333333333333332,-0.017622482092916534,-1.5023986004790943,-0.0694985533534606,1.4470188981196548,,,,,,,,
D6-uniform_e20_r017,HA50,0.009396212990395725,,2.9592926243808897,0.030817329021533085,-3.154267189042259,0.11535484653392414,,,,,,,,
D6-uniform_e20_r017,TA(0.05),0.044414856005460024,0.18,-0.09010331117111917,1.4541439165338654,-0.07789010027241716,-1.5217701731577846,,,,,,,,
D6-uniform_e20_r017,TA(0.10),0.0442886269884184,0.18,-0.060650730358130185,-1.5278206106568468,-0.0694985533534606,1.4470188981196548,,,,,,,,
D6-uniform_e20_r017,TA(0.15),0.0450639889750164,0.18333333333333332,-0.0694985533534606,1.4470188981196548,-0.017622482092916534,-1.5023986004790943,,,,,,,,
D6-uniform_e20_r017,TA(0.25),0.04391779500292614,0.18333333333333332,-0.08683625580342126,1.454250496421393,-0.03232781777433475,-1.496123369683749,,,,,,,,
D6-uniform_e20_r017,TA(0.40),0.043252413015579805,0.18333333333333332,-0.0729851856925417,1.4534946666263229,-0.06214385122301346,-1.4855226534308612,,,,,,,,
D6-uniform_e30_r017,adapt,0.04542822201619856,0.0,-4.011964537283187,-0.1866438275943718,2.7283884100548734,-0.12086380689911547,,,,,,,,
D6-uniform_e30_r017,adaptX,0.05409769600373693,0.0,-4.011964537283187,-0.1866438275943718,2.7283884100548734,-0.12086380689911547,,,,,,,,
D6-uniform_e30_r017,HA50,0.010147856984985992,,2.7283884100548734,-0.12086380689911547,-4.011964537283187,-0.1866438275943718,,,,,,,,
D6-uniform_e30_r017,TA(0.05),0.047647845989558846,0.0,-3.9572097394463763,-0.21160992215941585,2.769830031194769,-0.1438135968342688,,,,,,,,
D6-uniform_e30_r017,TA(0.10),0.04629664297681302,0.0,-4.063613302761826,-0.1851677477954562,2.6882724435590672,-0.12002617212297466,,,,,,,,
D6-uniform_e30_r017,TA(0.15),0.048191737005254254,0.0,-3.7904921093497834,-0.10714162395249578,2.8987183296317798,-0.04276820507873142,,,,,,,,
D6-uniform_e30_r017,TA(0.25),0.04697508001117967,0.10666666666666667,0.02485771895280669,1.8004852989129234,-0.194309312159793,-1.8893064184299169,,,,,,,,
D6-uniform_e30_r017,TA(0.40),0.04716293601086363,0.12666666666666668,0.2103507166170981,1.7629311757188588,-0.057715233405049436,-1.7466319087166189,,,,,,,,
D7-p3_e00_r017,adapt,0.19595413899514824,0.013333333333333334,0.07406851504701965,-1.5041962597213532,1.0306931824841896,1.077930729492684,-0.211712999701273,1.4605401387767536,1.0572429418733547,0.9751570028911807,,,,
D7-p3_e00_r017,adaptX,1.5944875889981631,0.023333333333333334,0.032908029684302655,-1.4914432331119225,1.0416733626135481,1.0958921402062682,-0.19869354062609687,1.4605613282811698,1.0586638529462462,0.9673498186482096,,,,
D7-p3_e00_r017,HA50,0.010451987007400021,,0.09406802352930045,-1.5195272874162236,1.0119598410988802,1.0688161671374639,-0.22416460216199013,1.4914766828727875,1.0259392082807948,0.9715872318848011,,,,
D7-p3_e00_r017,TA(0.05),0.1980225180159323,0.013333333333333334,0.06375748791582612,-1.504390278179643,1.0311808571309624,1.089870605294758,-0.19621445104890167,1.4606224325751356,1.0607594542827896,0.969834631761919,,,,
D7-p3_e00_r017,TA(0.10),0.19683869200525805,0.013333333333333334,-0.211712999701273,1.4605401387767536,1.0572429418733547,0.9751570028911807,0.04050014183391537,-1.4851029907951365,1.0324201729825297,1.0755851062985446,,,,
D7-p3_e00_r017,TA(0.15),0.19720573601080105,0.013333333333333334,-0.20919755824046063,1.4606023178914047,1.0593749905059613,0.977690695998843,0.059963674821298475,-1.4915475507245213,1.0382409734904596,1.0876963533431319,,,,
D7-p3_e00_r017,TA(0.25),0.20049222899251617,0.013333333333333334,-0.20919755824046063,1.4606023178914047,1.0593749905059613,0.977690695998843,0.07648943976123983,-1.5038385028155488,1.0325356224595228,1.0807019175366501,,,,
D7-p3_e00_r017,TA(0.40),0.2004463589983061,0.013333333333333334,0.06313908379781476,-1.4869074853753208,1.0361188695363832,1.1008588708265705,-0.183008023607257,1.4651487972323871,1.0598169304543736,0.972070317005,,,,
D7-p3_e05_r017,adapt,0.20563122900784947,0.06333333333333334,-0.006031939943674873,1.4412388892644212,0.9873988561073963,1.0410553484398923,-0.08043169314092075,-1.5596919939146279,0.9266770577313588,1.11446095771949,,,,
D7-p3_e05_r017,adaptX,1.3174485259805806,0.06666666666666667,-0.0959196952894552,-1.55757887925709,0.915044637995785,1.1124858672717755,-0.046714623911063215,1.4581119773850162,0.9748770001039352,1.0273046490625288,,,,
D7-p3_e05_r017,HA50,0.007229911017930135,,0.49185535624631954,8.077583423363194,8.118915542366613,0.37868925643392787,-0.05645141743702592,-0.3612220784436324,0.8535726502344511,1.1007758843486395,,,,
D7-p3_e05_r017,TA(0.05),0.20663133700145409,0.06666666666666667,0.01634953488269083,1.4279938792098892,0.9739877903878051,1.0728165434795947,-0.10187382303565375,-1.560058753247398,0.9299424927062557,1.1172172757445047,,,,
D7-p3_e05_r017,TA(0.10),0.20698873899527825,0.06666666666666667,-0.07185139299809082,-1.5524604625859075,0.9044088985615973,1.1016666423028727,0.0003596444870453275,1.4417084416888803,0.9926834250317906,1.048957630864688,,,,
D7-p3_e05_r017,TA(0.15),0.20661379699595273,0.07,0.0068346211975903485,1.441922599118776,0.995397942137713,1.0477870306373378,-0.05511054828311976,-1.5353508959928843,0.9074068892396562,1.1004832421699804,,,,
D7-p3_e05_r017,TA(0.25),0.20659279698156752,0.06666666666666667,0.006145175754390144,1.442386700542389,1.0012093438418685,1.051740722224023,-0.05586907689640144,-1.5354460039532438,0.9071903477816036,1.101093125670113,,,,
D7-p3_e05_r017,TA(0.40),0.2090873700217344,0.07,-0.05586907689640144,-1.5354460039532438,0.9071903477816036,1.101093125670113,-0.010428522780514093,1.4562115076716848,0.9990009080363179,1.033766612530607,,,,
D7-p3_e10_r017,adapt,0.20643932098755613,0.10333333333333333,0.14530428604719797,-1.529020413472128,1.0093900594080236,1.0228673833568251,-0.15189614872460244,1.491708676704307,0.9623610812905598,0.9159651382715018,,,,
D7-p3_e10_r017,adaptX,1.8328795320121571,0.11,0.15426423149726584,-1.5102070908745617,0.9874261176128513,1.0037855380282263,-0.15189614872460244,1.491708676704307,0.9623610812905598,0.9159651382715018,,,,
D7-p3_e10_r017,HA50,0.013875992997782305,,-23.6652881776304,-0.3603465428385376,-0.19352645540881766,-0.0916058304255275,0.7388719861024481,0.007801581498929248,0.6620398131520288,0.7081922391148784,,,,
D7-p3_e10_r017,TA(0.05),0.20840580100775696,0.05,-11.521693946968302,-0.26502885088449435,5.480863033938007,2.0862292643073457,0.5806482437689802,-0.02576493984537249,1.2186449942055249,1.0198640718459464,,,,
D7-p3_e10_r017,TA(0.10),0.20816597598604858,0.09666666666666666,0.15364696300546402,-1.5263195502501303,0.9792481700338121,0.9885090511659264,-0.1629474736830452,1.4914336931117587,0.9679202806994045,0.9276503059836708,,,,
D7-p3_e10_r017,TA(0.15),0.2085314589785412,0.10333333333333333,-0.14819434299068893,1.4916890924418853,0.9586869083207555,0.913733837834854,0.14196317209181544,-1.529382692498992,1.0130476546047367,1.0256403192252674,,,,
D7-p3_e10_r017,TA(0.25),0.20863392599858344,0.1,-0.14735405412692676,1.4917456456676805,0.9609055127275576,0.9194031708656892,0.15910276152603525,-1.5162533992405023,0.9982945682203104,1.0075458200019805,,,,
D7-p3_e10_r017,TA(0.40),0.207964153989451,0.10333333333333333,0.14104117501667826,-1.529471618368431,1.0133705887769409,1.0253483359766908,-0.13311896901496148,1.4919433616151867,0.9713280569823932,0.9113602572241811,,,,
D7-p3_e20_r017,adapt,0.23150847500073723,0.21333333333333335,-0.09550142472386597,1.467032349628117,1.0012590286399439,0.9364462303133877,0.015658881143171224,-1.5558751856163486,0.9490765704042031,1.0576477097112955,,,,
D7-p3_e20_r017,adaptX,1.2221381279814523,0.21333333333333335,0.009338721448425546,-1.5555989056882378,0.9468877725838021,1.0577184065046235,-0.12140856457887808,1.478348751433159,0.9823466392137264,0.9347257844505943,,,,
D7-p3_e20_r017,HA50,0.007172629004344344,,-21.953889633011258,0.223675220003628,0.9540836108401154,1.4678238543257562,2.5427080756288936,-0.14646777120258145,1.112419468866238,0.6871544498834763,,,,
D7-p3_e20_r017,TA(0.05),0.2328899209969677,0.10333333333333333,-0.03904167254581926,-0.19873870102854066,0.9614644689554502,0.7779639115028107,-21.953889633011258,0.223675220003628,0.9540836108401154,1.4678238543257562,,,,
D7-p3_e20_r017,TA(0.10),0.2338411939854268,0.10333333333333333,-0.03904167254581926,-0.19873870102854066,0.9614644689554502,0.7779639115028107,-21.953889633011258,0.223675220003628,0.9540836108401154,1.4678238543257562,,,,
D7-p3_e20_r017,TA(0.15),0.23507134401006624,0.15,-0.06372860630160099,-0.2665884592026255,0.8676040187880247,0.791767671188676,11.782858181975064,-5.971221474365079,9.467213713722593,7.851942136071045,,,,
D7-p3_e20_r017,TA(0.25),0.2326293420046568,0.21333333333333335,0.008889484307935906,-1.5579640798837913,0.9284230341923444,1.0700526457831225,-0.10131080856698277,1.467725570023878,0.9816954199711875,0.9477564556339823,,,,
D7-p3_e20_r017,TA(0.40),0.2341390140063595,0.21333333333333335,0.006700505351620274,-1.5558994676456468,0.953152383290145,1.043936705812915,-0.08309602845154629,1.4733569401139655,0.9736251845758824,0.9681246789391398,,,,
D7-p3_e30_r017,adapt,0.23004282600595616,0.36666666666666664,-0.08019530884883028,1.5238112330560143,0.961728830864417,0.9669619161177019,-0.05915228143818268,-1.4817268211354624,1.0041082281071194,1.0239201196764287,,,,
D7-p3_e30_r017,adaptX,1.7166020649892744,0.2,-11.06385477637788,4.418436684557599,7.531790134343066,9.449959303878192,0.015626483712353263,0.30973451095817506,0.9369309805090112,0.8861869483859197,,,,
D7-p3_e30_r017,HA50,0.013956537994090468,,-4.74459809870419,0.11268434727641334,0.9592276048820134,0.9075169513079644,23.208047404909557,-0.09586142858868561,0.3685208538596543,0.2909412978494609,,,,
D7-p3_e30_r017,TA(0.05),0.2328938810096588,0.18333333333333332,-0.010590463822866762,0.2450873425033473,0.9907474626828097,0.9226787393274044,23.208047404909557,-0.09586142858868561,0.3685208538596543,0.2909412978494609,,,,
D7-p3_e30_r017,TA(0.10),0.2321327119716443,0.18333333333333332,23.44364896893927,0.09009806706018908,0.31622320287777533,0.25313579482749027,0.04859218352324737,0.2924916587228203,0.9738227626842699,0.919757932585618,,,,
D7-p3_e30_r017,TA(0.15),0.23274744200170971,0.18333333333333332,0.04859218352324737,0.2924916587228203,0.9738227626842699,0.919757932585618,23.44364896893927,0.09009806706018908,0.31622320287777533,0.25313579482749027,,,,
D7-p3_e30_r017,TA(0.25),0.2315566829929594,0.19,24.4072348450862,0.6528301897219094,-0.14934131106873857,0.12447217159246425,0.04859218352324737,0.2924916587228203,0.9738227626842699,0.919757932585618,,,,
D7-p3_e30_r017,TA(0.40),0.23205252300249413,0.36666666666666664,-0.07720334385007431,-1.48252632365843,1.0047585124238017,1.0330702368621492,-0.06712339047202318,1.5231859395591179,0.9619178979281185,0.9614452929823945,,,,
D8-K2par-sep_e00_r017,adapt,0.04769396598567255,0.0033333333333333335,2.862622327181987,1.016638382424018,-2.96189416678694,1.0001311231656609,,,,,,,,
D8-K2par-sep_e00_r017,adaptX,0.054100612993352115,0.0033333333333333335,-2.96189416678694,1.0001311231656609,2.862622327181987,1.016638382424018,,,,,,,,
D8-K2par-sep_e00_r017,HA50,0.009112227009609342,,2.862622327181987,1.016638382424018,-2.9789927603248065,1.0074513119041995,,,,,,,,
D8-K2par-sep_e00_r017,TA(0.05),0.050868349004304036,0.0033333333333333335,-2.96189416678694,1.0001311231656609,2.862622327181987,1.016638382424018,,,,,,,,
D8-K2par-sep_e00_r017,TA(0.10),0.048826551996171474,0.0033333333333333335,2.862622327181987,1.016638382424018,-2.96189416678694,1.0001311231656609,,,,,,,,
D8-K2par-sep_e00_r017,TA(0.15),0.049321439990308136,0.0033333333333333335,2.862622327181987,1.016638382424018,-2.96189416678694,1.0001311231656609,,,,,,,,
D8-K2par-sep_e00_r017,TA(0.25),0.04943611999624409,0.0033333333333333335,-2.96189416678694,1.0001311231656609,2.862622327181987,1.016638382424018,,,,,,,,
D8-K2par-sep_e00_r017,TA(0.40),0.04845034299069084,0.0033333333333333335,2.862622327181987,1.016638382424018,-2.96189416678694,1.0001311231656609,,,,,,,,
D8-K2par-sep_e05_r017,adapt,0.0420500960026402,0.05333333333333334,-3.1178118384072095,0.8847634936925158,2.935209700170752,1.0347594242361224,,,,,,,,
D8-K2par-sep_e05_r017,adaptX,0.04874183802166954,0.05333333333333334,2.935209700170752,1.0347594242361224,-3.138925400944005,0.8892735583273479,,,,,,,,
D8-K2par-sep_e05_r017,HA50,0.009177282016025856,,0.15172438623892004,1.085776805401962,-22.48310534997407,0.46101198509714614,,,,,,,,
D8-K2par-sep_e05_r017,TA(0.05),0.04274434800026938,0.05333333333333334,2.935209700170752,1.0347594242361224,-3.1178118384072095,0.8847634936925158,,,,,,,,
D8-K2par-sep_e05_r017,TA(0.10),0.044183750986121595,0.05333333333333334,-3.138925400944005,0.8892735583273479,2.935209700170752,1.0347594242361224,,,,,,,,
D8-K2par-sep_e05_r017,TA(0.15),0.04407044700928964,0.05333333333333334,2.935209700170752,1.0347594242361224,-3.1178118384072095,0.8847634936925158,,,,,,,,
D8-K2par-sep_e05_r017,TA(0.25),0.043169204000150785,0.05333333333333334,-3.138925400944005,0.8892735583273479,2.935209700170752,1.0347594242361224,,,,,,,,
D8-K2par-sep_e05_r017,TA(0.40),0.04322666200459935,0.05333333333333334,-3.138925400944005,0.8892735583273479,2.935209700170752,1.0347594242361224,,,,,,,,
D8-K2par-sep_e10_r017,adapt,0.041793880984187126,0.11,-3.0301379184444164,1.0341803674761072,3.058564321301818,0.960565122499111,,,,,,,,
D8-K2par-sep_e10_r017,adaptX,0.04813028601347469,0.11,3.058564321301818,0.960565122499111,-3.0301379184444164,1.0341803674761072,,,,,,,,
D8-K2par-sep_e10_r017,HA50,0.011410804989282042,,0.29448950116578726,0.7283226915802141,1.5016210481332721,12.619218435549548,,,,,,,,
D8-K2par-sep_e10_r017,TA(0.05),0.04308776499237865,0.06333333333333334,-2.2187483452637666,10.741856920133257,0.21405077962885016,0.9930364707558996,,,,,,,,
D8-K2par-sep_e10_r017,TA(0.10),0.04350936200353317,0.11,-3.0301379184444164,1.0341803674761072,3.058564321301818,0.960565122499111,,,,,,,,
D8-K2par-sep_e10_r017,TA(0.15),0.042627460992662236,0.11,3.058564321301818,0.960565122499111,-3.0301379184444164,1.0341803674761072,,,,,,,,
D8-K2par-sep_e10_r017,TA(0.25),0.04388731499784626,0.11,-3.0301379184444164,1.0341803674761072,3.058564321301818,0.960565122499111,,,,,,,,
D8-K2par-sep_e10_r017,TA(0.40),0.044086039008107036,0.11,-3.0301379184444164,1.0341803674761072,3.058564321301818,0.960565122499111,,,,,,,,
D8-K2par-sep_e20_r017,adapt,0.04343987099127844,0.20333333333333334,3.1755174261848667,0.9172570755966518,-3.089154073766695,1.0267637647577632,,,,,,,,
D8-K2par-sep_e20_r017,adaptX,0.049525954003911465,0.20333333333333334,-3.089154073766695,1.0267637647577632,3.1755174261848667,0.9172570755966518,,,,,,,,
D8-K2par-sep_e20_r017,HA50,0.010065976995974779,,-2.056234755031677,0.806755240337938,22.609406615854443,0.8348768257392131,,,,,,,,
D8-K2par-sep_e20_r017,TA(0.05),0.044266715995036066,0.09333333333333334,23.021057045942335,1.0541962397068467,0.3389773016293096,1.1915840008848886,,,,,,,,
D8-K2par-sep_e20_r017,TA(0.10),0.04539979001856409,0.09333333333333334,23.021057045942335,1.0541962397068467,0.3389773016293096,1.1915840008848886,,,,,,,,
D8-K2par-sep_e20_r017,TA(0.15),0.044965494016651064,0.14333333333333334,0.9371075321917895,0.6703964013621483,-14.795351523292672,-3.576243238474275,,,,,,,,
D8-K2par-sep_e20_r017,TA(0.25),0.04558670602273196,0.20333333333333334,-3.089154073766695,1.0267637647577632,3.1755174261848667,0.9172570755966518,,,,,,,,
D8-K2par-sep_e20_r017,TA(0.40),0.04709162499057129,0.20333333333333334,-3.089154073766695,1.0267637647577632,3.1755174261848667,0.9172570755966518,,,,,,,,
D8-K2par-sep_e30_r017,adapt,0.04369354998925701,0.29333333333333333,-2.9654908821949553,0.9685444883598783,3.188218461974531,1.0436808842913277,,,,,,,,
D8-K2par-sep_e30_r017,adaptX,0.05008461998659186,0.29333333333333333,-2.9654908821949553,0.9685444883598783,3.188218461974531,1.0436808842913277,,,,,,,,
D8-K2par-sep_e30_r017,HA50,0.01115735899657011,,-3.423535416941914,1.3304852412754655,22.329420339170976,1.3539284343061597,,,,,,,,
D8-K2par-sep_e30_r017,TA(0.05),0.045425141986925155,0.13333333333333333,0.02482039655487515,0.8864065881412974,22.329420339170976,1.3539284343061597,,,,,,,,
D8-K2par-sep_e30_r017,TA(0.10),0.046228060993598774,0.13333333333333333,22.329420339170976,1.3539284343061597,0.1430859561525281,0.9210532619044015,,,,,,,,
D8-K2par-sep_e30_r017,TA(0.15),0.04548799301846884,0.13333333333333333,22.697064219186224,1.6486335936469174,0.1969121052881606,0.9687351596924333,,,,,,,,
D8-K2par-sep_e30_r017,TA(0.25),0.04581457099993713,0.29333333333333333,3.1586492567408273,1.020894319006219,-2.9938015501373965,0.9458981461541557,,,,,,,,
D8-K2par-sep_e30_r017,TA(0.40),0.04546468402259052,0.29333333333333333,3.188218461974531,1.0436808842913277,-2.9654908821949553,0.9685444883598783,,,,,,,,
D1-K2cross_e00_r018,adapt,0.04165266998461448,0.013333333333333334,-0.011551432545288242,1.5214258674263743,0.18958007750961176,-1.4732619126154336,,,,,,,,
D1-K2cross_e00_r018,adaptX,0.04727058802382089,0.013333333333333334,0.18958007750961176,-1.4732619126154336,-0.011551432545288242,1.5214258674263743,,,,,,,,
D1-K2cross_e00_r018,HA50,0.007072895998135209,,-0.009623632988146702,1.5416426807831463,0.19040552415613457,-1.441141184211758,,,,,,,,
D1-K2cross_e00_r018,TA(0.05),0.04341331101022661,0.013333333333333334,0.18958007750961176,-1.4732619126154336,-0.011551432545288242,1.5214258674263743,,,,,,,,
D1-K2cross_e00_r018,TA(0.10),0.043371814012061805,0.013333333333333334,-0.011551432545288242,1.5214258674263743,0.18958007750961176,-1.4732619126154336,,,,,,,,
D1-K2cross_e00_r018,TA(0.15),0.04227490900666453,0.013333333333333334,-0.0061465348257915085,1.5206787907094736,0.21247140525442731,-1.4653162059231597,,,,,,,,
D1-K2cross_e00_r018,TA(0.25),0.04305425699567422,0.013333333333333334,0.218728759778583,-1.4637880490038493,0.008313691934919133,1.5228552569820548,,,,,,,,
D1-K2cross_e00_r018,TA(0.40),0.0431222369952593,0.013333333333333334,0.008037562696154417,1.5221045376150808,0.18994617747660336,-1.4735173585214,,,,,,,,
D1-K2cross_e05_r018,adapt,0.04615178899257444,0.07333333333333333,-0.03292872832333687,-1.5014504247922975,0.07874029103679103,1.5232709962092126,,,,,,,,
D1-K2cross_e05_r018,adaptX,0.04786848000367172,0.07333333333333333,-0.03292872832333687,-1.5014504247922975,0.07874029103679103,1.5232709962092126,,,,,,,,
D1-K2cross_e05_r018,HA50,0.008874132006894797,,-0.19228435689708687,-12.216722269086906,-0.089937002723651,0.29056869297222165,,,,,,,,
D1-K2cross_e05_r018,TA(0.05),0.0470611120108515,0.07,0.1057134151461708,1.5244306386860664,-0.04312515494947869,-1.5012545564624782,,,,,,,,
D1-K2cross_e05_r018,TA(0.10),0.046901366993552074,0.07333333333333333,0.07874029103679103,1.5232709962092126,-0.05297170306900732,-1.4783359326011851,,,,,,,,
D1-K2cross_e05_r018,TA(0.15),0.04708851099712774,0.07333333333333333,-0.05297170306900732,-1.4783359326011851,0.07874029103679103,1.5232709962092126,,,,,,,,
D1-K2cross_e05_r018,TA(0.25),0.04685575098847039,0.07,-0.05634201515856089,-1.4779048239660435,0.07551635572180256,1.5236282591082624,,,,,,,,
D1-K2cross_e05_r018,TA(0.40),0.04909149298327975,0.07333333333333333,0.040994154907237894,1.5155830183880767,-0.05634201515856089,-1.4779048239660435,,,,,,,,
D1-K2cross_e10_r018,adapt,0.043405750999227166,0.08,0.0407898853385046,-1.4534532967873168,-0.059334132955402984,1.5546800999671828,,,,,,,,
D1-K2cross_e10_r018,adaptX,0.04818506300216541,0.08,-0.059334132955402984,1.5546800999671828,0.0407898853385046,-1.4534532967873168,,,,,,,,
D1-K2cross_e10_r018,HA50,0.008053988975007087,,24.93774299300233,-0.2563807198250806,-0.6792097633696685,-0.024871311760856094,,,,,,,,
D1-K2cross_e10_r018,TA(0.05),0.04510156300966628,0.05,14.961466973898027,4.233235410894936,-0.36272194564305793,0.3978655195432919,,,,,,,,
D1-K2cross_e10_r018,TA(0.10),0.04429450101451948,0.08,0.05063780634791657,-1.4504288702301893,-0.049749357765894515,1.5574089219569307,,,,,,,,
D1-K2cross_e10_r018,TA(0.15),0.04513445697375573,0.08,-0.02874081166474108,1.5482063991363388,0.09177625208414636,-1.4753833221795782,,,,,,,,
D1-K2cross_e10_r018,TA(0.25),0.0441256079939194,0.08,0.0407898853385046,-1.4534532967873168,-0.059334132955402984,1.5546800999671828,,,,,,,,
D1-K2cross_e10_r018,TA(0.40),0.044537259003845975,0.08333333333333333,0.10223785607412375,-1.475886562422151,-0.03871997266760236,1.5487107159688682,,,,,,,,
D1-K2cross_e20_r018,adapt,0.04380247401422821,0.18666666666666668,0.06784975941242861,1.466835650411168,-0.25852639101633573,-1.5448689344934237,,,,,,,,
D1-K2cross_e20_r018,adaptX,0.05162402300629765,0.18666666666666668,-0.25852639101633573,-1.5448689344934237,0.06784975941242861,1.466835650411168,,,,,,,,
D1-K2cross_e20_r018,HA50,0.009581968013662845,,23.413217185561674,-0.4096197431028502,-2.162917918428345,-0.2840483220292638,,,,,,,,
D1-K2cross_e20_r018,TA(0.05),0.04532416400616057,0.07666666666666666,23.413217185561674,-0.4096197431028502,-0.4964488258371782,-0.051206719071688854,,,,,,,,
D1-K2cross_e20_r018,TA(0.10),0.04498738198890351,0.07666666666666666,23.413217185561674,-0.4096197431028502,-0.4964488258371782,-0.051206719071688854,,,,,,,,
D1-K2cross_e20_r018,TA(0.15),0.04541728299227543,0.18666666666666668,0.06865440986310109,1.4668939091712754,-0.26007141697687686,-1.5447227606394816,,,,,,,,
D1-K2cross_e20_r018,TA(0.25),0.04604164499323815,0.18666666666666668,0.06784975941242861,1.466835650411168,-0.25852639101633573,-1.5448689344934237,,,,,,,,
D1-K2cross_e20_r018,TA(0.40),0.045105908007826656,0.18666666666666668,-0.25852639101633573,-1.5448689344934237,0.06784975941242861,1.466835650411168,,,,,,,,
D1-K2cross_e30_r018,adapt,0.04856274198391475,0.3233333333333333,-0.15443931501961816,-1.5462107825417601,0.15379330911717848,1.470303635087601,,,,,,,,
D1-K2cross_e30_r018,adaptX,0.05241351100266911,0.3233333333333333,0.15379330911717848,1.470303635087601,-0.15443931501961816,-1.5462107825417601,,,,,,,,
D1-K2cross_e30_r018,HA50,0.010616165003739297,,-4.039651317705497,0.6826911127651742,23.100732382219583,-0.03832037669889235,,,,,,,,
D1-K2cross_e30_r018,TA(0.05),0.04931676900014281,0.14333333333333334,0.09025744596546215,0.12017217915478227,23.100732382219583,-0.03832037669889235,,,,,,,,
D1-K2cross_e30_r018,TA(0.10),0.04956814899924211,0.14333333333333334,0.09025744596546215,0.12017217915478227,23.100732382219583,-0.03832037669889235,,,,,,,,
D1-K2cross_e30_r018,TA(0.15),0.049296881014015526,0.14333333333333334,0.09025744596546215,0.12017217915478227,23.100732382219583,-0.03832037669889235,,,,,,,,
D1-K2cross_e30_r018,TA(0.25),0.05064499398577027,0.14333333333333334,0.09025744596546215,0.12017217915478227,23.100732382219583,-0.03832037669889235,,,,,,,,
D1-K2cross_e30_r018,TA(0.40),0.05101845398894511,0.3233333333333333,-0.15443931501961816,-1.5462107825417601,0.15379330911717848,1.470303635087601,,,,,,,,
D2-K3par_e00_r018,adapt,0.2230424640001729,0.0,3.0735386970288068,0.9976002082861536,-0.19447332731166053,1.1358866411226458,-3.15423714865371,1.0164520833727153,,,,,,
D2-K3par_e00_r018,adaptX,0.21139069501077756,0.0,-3.15423714865371,1.0164520833727153,-0.23145844529422055,1.1695922774129244,3.041759560844374,1.0320338490948335,,,,,,
D2-K3par_e00_r018,HA50,0.018341366987442598,,-3.15423714865371,1.0164520833727153,3.0735386970288068,0.9976002082861536,-0.19447332731166053,1.1358866411226458,,,,,,
D2-K3par_e00_r018,TA(0.05),0.22627162700518966,0.0,-0.23145844529422055,1.1695922774129244,3.041759560844374,1.0320338490948335,-3.15423714865371,1.0164520833727153,,,,,,
D2-K3par_e00_r018,TA(0.10),0.224155460979091,0.0,-3.15423714865371,1.0164520833727153,3.041759560844374,1.0320338490948335,-0.23145844529422055,1.1695922774129244,,,,,,
D2-K3par_e00_r018,TA(0.15),0.22755856698495336,0.0,3.041759560844374,1.0320338490948335,-3.15423714865371,1.0164520833727153,-0.23145844529422055,1.1695922774129244,,,,,,
D2-K3par_e00_r018,TA(0.25),0.2247433379816357,0.0,3.041759560844374,1.0320338490948335,-3.15423714865371,1.0164520833727153,-0.23145844529422055,1.1695922774129244,,,,,,
D2-K3par_e00_r018,TA(0.40),0.22375418498995714,0.0,2.9248704625360253,0.9865874212176788,-0.5315363847114593,1.171978914642908,-3.3510342348396316,1.0534500872757773,,,,,,
D2-K3par_e05_r018,adapt,0.228672044002451,0.04666666666666667,3.0349527836409194,1.0474863583457343,0.12335438680783387,1.079221902418301,-3.1731480934721374,0.9372230088252713,,,,,,
D2-K3par_e05_r018,adaptX,0.22396109902183525,0.04666666666666667,-3.1731480934721374,0.9372230088252713,0.15126141926024644,1.1005336973043016,3.0766280042701517,1.0754719149980485,,,,,,
D2-K3par_e05_r018,HA50,0.017067139997379854,,23.380673471762034,2.799184921769208,-17.53436958874522,6.240984165646965,-0.172318567065841,1.2455531731393914,,,,,,
D2-K3par_e05_r018,TA(0.05),0.2300220140023157,0.04666666666666667,3.0766280042701517,1.0754719149980485,0.15126141926024644,1.1005336973043016,-3.1731480934721374,0.9372230088252713,,,,,,
D2-K3par_e05_r018,TA(0.10),0.22946014400804415,0.04666666666666667,-3.1731480934721374,0.9372230088252713,0.12335438680783387,1.079221902418301,3.0349527836409194,1.0474863583457343,,,,,,
D2-K3par_e05_r018,TA(0.15),0.23222324598464184,0.04666666666666667,-3.1731480934721374,0.9372230088252713,3.0766280042701517,1.0754719149980485,0.15126141926024644,1.1005336973043016,,,,,,
D2-K3par_e05_r018,TA(0.25),0.2302497219934594,0.043333333333333335,0.01790073281739176,1.057664659490663,2.8989287788011784,1.014956169916527,-3.1538833545205636,0.9173155087352414,,,,,,
D2-K3par_e05_r018,TA(0.40),0.22968341101659462,0.05,1.8064158362501603,0.9899479710471715,-4.0780420944243625,0.7910984542545957,-2.3198222444471956,0.8232730556283522,,,,,,
D2-K3par_e10_r018,adapt,0.2689763229864184,0.12,2.674513393561954,1.0793873375821477,-0.31548359864261477,1.1346501434024339,-3.3542612417322766,1.042504546648182,,,,,,
D2-K3par_e10_r018,adaptX,0.2344823730236385,0.12,2.6408565245620323,1.0613143671679977,-3.34086219348818,1.0269215631325768,-0.33023616438310144,1.0998048905519562,,,,,,
D2-K3par_e10_r018,HA50,0.015563794004265219,,-23.01994815182407,1.0352248718388082,23.47445550029839,0.2696799953417572,-0.2936637870747189,1.0932741916795106,,,,,,
D2-K3par_e10_r018,TA(0.05),0.27187051498913206,0.05333333333333334,-2.402874876448259,1.1663752305150648,-23.01994815182407,1.0352248718388082,2.088323458134012,1.086748633652721,,,,,,
D2-K3par_e10_r018,TA(0.10),0.26968950300943106,0.09333333333333334,-2.6952229610242124,0.9659045135796362,-3.7197172048618943,9.431184973839033,1.7546841992187852,0.8859548477241169,,,,,,
D2-K3par_e10_r018,TA(0.15),0.2724653540062718,0.12,-3.3542612417322766,1.042504546648182,-0.31548359864261477,1.1346501434024339,2.674513393561954,1.0793873375821477,,,,,,
D2-K3par_e10_r018,TA(0.25),0.2715791059890762,0.12,2.6245635873728204,1.0455165017568282,-3.34086219348818,1.0269215631325768,-0.34663854696207314,1.0818675602674017,,,,,,
D2-K3par_e10_r018,TA(0.40),0.2711909640056547,0.12,-3.194118698540835,1.1802425668050038,-0.1804120568062735,1.280962824626124,2.7068179989417964,1.1241873528463022,,,,,,
D2-K3par_e20_r018,adapt,0.2884814139979426,0.22333333333333333,2.995467199022276,0.9593621973113838,0.02441651048594777,0.9573538494226846,-3.141765807231807,0.9610010876471197,,,,,,
D2-K3par_e20_r018,adaptX,0.2510142429964617,0.22333333333333333,-0.10317827895879163,0.8721842672021771,-3.235853365984375,0.8976307387468573,2.9534800650856825,0.9295964567818574,,,,,,
D2-K3par_e20_r018,HA50,0.015639947989257053,,-22.311045643853667,1.1360949896811903,-0.017120787339043382,0.9396610281221451,23.62371005668063,1.4796032576619553,,,,,,
D2-K3par_e20_r018,TA(0.05),0.2914040159957949,0.006666666666666667,-0.017120787339043382,0.9396610281221451,-22.681174573139785,1.26193316786454,23.62371005668063,1.4796032576619553,,,,,,
D2-K3par_e20_r018,TA(0.10),0.2934016640065238,0.1,-2.46118117000568,0.8555819564454806,23.62371005668063,1.4796032576619553,2.111235234388607,0.8682620597333208,,,,,,
D2-K3par_e20_r018,TA(0.15),0.28973157599102706,0.13333333333333333,-22.681174573139785,1.26193316786454,-2.46118117000568,0.8555819564454806,2.111235234388607,0.8682620597333208,,,,,,
D2-K3par_e20_r018,TA(0.25),0.2895647639816161,0.22333333333333333,-0.13893600631622566,0.8863339887282987,2.916889453761441,0.9421512487628292,-3.235853365984375,0.8976307387468573,,,,,,
D2-K3par_e20_r018,TA(0.40),0.28939479700056836,0.22333333333333333,2.9534800650856825,0.9295964567818574,-3.186751775907242,0.9354899481178552,-0.06141940730548686,0.9018598431028433,,,,,,
D2-K3par_e30_r018,adapt,0.3679972129757516,0.12333333333333334,-2.1479819981724018,0.5782296591849412,21.88238712905743,1.3936693625594794,2.3027385946743824,0.759426276263047,,,,,,
D2-K3par_e30_r018,adaptX,0.4017683870042674,0.12333333333333334,2.3204471928517867,0.7681353471160172,21.88238712905743,1.3936693625594794,-2.123019373852849,0.5925715200825797,,,,,,
D2-K3par_e30_r018,HA50,0.014862582989735529,,-23.76546451632565,1.393584174115517,21.88238712905743,1.3936693625594794,0.23172843871053342,0.8445908458786936,,,,,,
D2-K3par_e30_r018,TA(0.05),0.3707028859935235,0.0,-23.76546451632565,1.393584174115517,0.23172843871053342,0.8445908458786936,21.88238712905743,1.3936693625594794,,,,,,
D2-K3par_e30_r018,TA(0.10),0.3691235530131962,0.0,-23.76546451632565,1.393584174115517,21.88238712905743,1.3936693625594794,0.23172843871053342,0.8445908458786936,,,,,,
D2-K3par_e30_r018,TA(0.15),0.36877467200974934,0.12333333333333334,2.3027385946743824,0.759426276263047,-2.1479819981724018,0.5782296591849412,21.88238712905743,1.3936693625594794,,,,,,
D2-K3par_e30_r018,TA(0.25),0.3703468140156474,0.12333333333333334,2.3336436351303314,0.728777384791167,19.33657717591475,3.258055302305226,-2.1479819981724018,0.5782296591849412,,,,,,
D2-K3par_e30_r018,TA(0.40),0.37079039798118174,0.27666666666666667,-3.2199633654859543,0.8813064672669988,2.884567812681115,0.953774424942377,-0.12386391132094593,0.9782545805646056,,,,,,
D3-unequal_e00_r018,adapt,0.04591270801029168,0.016666666666666666,0.08361581873640808,-1.5737214248563718,-0.07557404222759381,1.5286393896415917,,,,,,,,
D3-unequal_e00_r018,adaptX,0.052481088001513854,0.016666666666666666,-0.08830676829258832,1.524394032164955,0.07696291145727309,-1.5756073884204662,,,,,,,,
D3-unequal_e00_r018,HA50,0.00916087199584581,,0.0628651761655368,-1.5573061911402821,-0.14160233419233986,1.493547633241423,,,,,,,,
D3-unequal_e00_r018,TA(0.05),0.04672059800941497,0.016666666666666666,-0.07720079973721027,1.5252151536291547,0.0710967240860373,-1.5757597480550443,,,,,,,,
D3-unequal_e00_r018,TA(0.10),0.04939315200317651,0.016666666666666666,-0.08830676829258832,1.524394032164955,0.07696291145727309,-1.5756073884204662,,,,,,,,
D3-unequal_e00_r018,TA(0.15),0.05014755198499188,0.016666666666666666,0.07696291145727309,-1.5756073884204662,-0.08830676829258832,1.524394032164955,,,,,,,,
D3-unequal_e00_r018,TA(0.25),0.04842811598791741,0.016666666666666666,-0.13655556711400318,1.5178853626054392,0.041827847174217246,-1.571057112568879,,,,,,,,
D3-unequal_e00_r018,TA(0.40),0.04903480299981311,0.18666666666666668,1.1558844197311828,-1.4992007574642185,-0.7619929159758089,-1.526090501896629,,,,,,,,
D3-unequal_e05_r018,adapt,0.054292598011670634,0.07,-0.1042792774102703,1.4093187558554874,0.04480828878292967,-1.5094329699439644,,,,,,,,
D3-unequal_e05_r018,adaptX,0.05950008501531556,0.07,0.03625294447969791,-1.509224813368925,-0.08585399190316743,1.410254412623603,,,,,,,,
D3-unequal_e05_r018,HA50,0.01162074800231494,,1.7477489524252992,-16.75263685893274,0.07214341734477346,-0.4099239968775699,,,,,,,,
D3-unequal_e05_r018,TA(0.05),0.055865723988972604,0.14666666666666667,-0.07210414150189197,-1.3351409485810504,18.069833293667894,-5.406565964586113,,,,,,,,
D3-unequal_e05_r018,TA(0.10),0.05733343301108107,0.07333333333333333,0.03647589218869967,1.409173698699659,0.04188795239131077,-1.5049973424813299,,,,,,,,
D3-unequal_e05_r018,TA(0.15),0.068775131017901,0.07,-0.10559583714283448,1.409209909957951,0.04410708902916484,-1.5094399012983688,,,,,,,,
D3-unequal_e05_r018,TA(0.25),0.06274310199660249,0.07,-0.11118938609898367,1.4095847821614083,0.04111969485945351,-1.5090098568205703,,,,,,,,
D3-unequal_e05_r018,TA(0.40),0.06579300999874249,0.24666666666666667,0.7484003827167778,-1.4354528950382939,-1.0189718831381132,-1.3735946489662911,,,,,,,,
D3-unequal_e10_r018,adapt,0.04783958298503421,0.14,-0.2607274178622937,1.5332105949287034,0.047766637613241805,-1.4501140999532478,,,,,,,,
D3-unequal_e10_r018,adaptX,0.04994479499873705,0.14,0.047766637613241805,-1.4501140999532478,-0.2607274178622937,1.5332105949287034,,,,,,,,
D3-unequal_e10_r018,HA50,0.010001688002375886,,-23.728292327440943,-1.8910372381080565,1.453763806257936,-0.5860409590611899,,,,,,,,
D3-unequal_e10_r018,TA(0.05),0.048880394984735176,0.04666666666666667,0.2703872165475157,-0.31602536771909207,-23.728292327440943,-1.8910372381080565,,,,,,,,
D3-unequal_e10_r018,TA(0.10),0.04857632497441955,0.14,-0.2975056056073788,1.540593720465108,0.02838510590037648,-1.4348150905462702,,,,,,,,
D3-unequal_e10_r018,TA(0.15),0.04930548099218868,0.14,0.047766637613241805,-1.4501140999532478,-0.2607274178622937,1.5332105949287034,,,,,,,,
D3-unequal_e10_r018,TA(0.25),0.04980453901225701,0.14,0.047766637613241805,-1.4501140999532478,-0.2607274178622937,1.5332105949287034,,,,,,,,
D3-unequal_e10_r018,TA(0.40),0.04868254601024091,0.14,-0.2607274178622937,1.5332105949287034,0.047766637613241805,-1.4501140999532478,,,,,,,,
D3-unequal_e20_r018,adapt,0.05670303100487217,0.19333333333333333,0.00711152462249675,-1.4866489562547311,-0.23935421251857508,1.5912060613252146,,,,,,,,
D3-unequal_e20_r018,adaptX,0.05651199899148196,0.19333333333333333,0.00711152462249675,-1.4866489562547311,-0.23935421251857508,1.5912060613252146,,,,,,,,
D3-unequal_e20_r018,HA50,0.009793425997486338,,23.33860193669898,-0.9215399882379793,-2.2517670622069414,-0.7228189058705334,,,,,,,,
D3-unequal_e20_r018,TA(0.05),0.05743664098554291,0.17333333333333334,-0.06199626155329425,-1.1307494393132838,23.33860193669898,-0.9215399882379793,,,,,,,,
D3-unequal_e20_r018,TA(0.10),0.05926850298419595,0.17333333333333334,23.33860193669898,-0.9215399882379793,-0.05928418716483269,-1.0878485047021573,,,,,,,,
D3-unequal_e20_r018,TA(0.15),0.05750312199234031,0.2,21.84127156251638,-3.618796370372319,0.057500388854021395,-1.3931375495999303,,,,,,,,
D3-unequal_e20_r018,TA(0.25),0.05798326400690712,0.19333333333333333,-0.23935421251857508,1.5912060613252146,0.00711152462249675,-1.4866489562547311,,,,,,,,
D3-unequal_e20_r018,TA(0.40),0.05843647199799307,0.31333333333333335,0.8760802558760088,-1.5158729252572996,-0.9605375562473272,-1.353373158064995,,,,,,,,
D3-unequal_e30_r018,adapt,0.050299150025239214,0.3,-0.23141391949851095,-1.4660348697703602,-0.05610758255045511,1.3870408656331088,,,,,,,,
D3-unequal_e30_r018,adaptX,0.06202888899133541,0.3,-0.21619524343872426,-1.4592561982571626,-0.03128131015728739,1.399284176806343,,,,,,,,
D3-unequal_e30_r018,HA50,0.009922634984832257,,3.4329520049479494,-0.2999796849066965,-24.38152340932292,-0.3507894695690622,,,,,,,,
D3-unequal_e30_r018,TA(0.05),0.05280464800307527,0.13666666666666666,-24.38152340932292,-0.3507894695690622,0.06222057633282522,-0.5961890100754033,,,,,,,,
D3-unequal_e30_r018,TA(0.10),0.051546051021432504,0.13666666666666666,-24.38152340932292,-0.3507894695690622,0.06222057633282522,-0.5961890100754033,,,,,,,,
D3-unequal_e30_r018,TA(0.15),0.050934124999912456,0.13666666666666666,0.06222057633282522,-0.5961890100754033,-24.38152340932292,-0.3507894695690622,,,,,,,,
D3-unequal_e30_r018,TA(0.25),0.060838023986434564,0.2,0.1857857513649238,-1.076671721561815,-24.38152340932292,-0.3507894695690622,,,,,,,,
D3-unequal_e30_r018,TA(0.40),0.055921802995726466,0.3,-0.21619524343872426,-1.4592561982571626,-0.03128131015728739,1.399284176806343,,,,,,,,
D4-hetero_e00_r018,adapt,0.04740087300888263,0.04,-0.06149425558171097,-1.4747568083309348,0.2402456583767981,1.3629471160252913,,,,,,,,
D4-hetero_e00_r018,adaptX,0.05182002700166777,0.04,-0.06149425558171097,-1.4747568083309348,0.19564172477657893,1.3615175270233293,,,,,,,,
D4-hetero_e00_r018,HA50,0.00880583398975432,,-0.07638345299934599,-1.4711927417512776,0.12207261793829496,1.5171528245894785,,,,,,,,
D4-hetero_e00_r018,TA(0.05),0.048729082016507164,0.04,-0.05912811583758253,-1.4746835872115163,0.1984507345186047,1.3616495846753491,,,,,,,,
D4-hetero_e00_r018,TA(0.10),0.048492508998606354,0.03333333333333333,-0.06078843805318415,-1.474576469635889,0.22456585643467628,1.34247953305256,,,,,,,,
D4-hetero_e00_r018,TA(0.15),0.04946624700096436,0.04666666666666667,0.21754159612192725,1.3799723065766665,-0.06149425558171097,-1.4747568083309348,,,,,,,,
D4-hetero_e00_r018,TA(0.25),0.049008226982550696,0.043333333333333335,0.19463922521056853,1.4010830890671202,-0.06149425558171097,-1.4747568083309348,,,,,,,,
D4-hetero_e00_r018,TA(0.40),0.04837516701081768,0.04,-0.04221579526742641,-1.4870538387287562,0.2008048734275053,1.361556866126569,,,,,,,,
D4-hetero_e05_r018,adapt,0.042360241001006216,0.07333333333333333,-0.08877861588224341,1.3861785527918589,-0.03333683805352189,-1.4309631580626252,,,,,,,,
D4-hetero_e05_r018,adaptX,0.049510453012771904,0.07333333333333333,-0.03333683805352189,-1.4309631580626252,-0.08877861588224341,1.3861785527918589,,,,,,,,
D4-hetero_e05_r018,HA50,0.009457389998715371,,-21.782431475890593,0.27672033066143575,0.544605244750472,0.02843132013955194,,,,,,,,
D4-hetero_e05_r018,TA(0.05),0.04405068201594986,0.07333333333333333,-0.024432470414246545,-1.4311398872468597,-0.08877861588224341,1.3861785527918589,,,,,,,,
D4-hetero_e05_r018,TA(0.10),0.044802663003792986,0.07333333333333333,-0.09326528683712303,1.3863819674568614,-0.01983363876743015,-1.4312204874920833,,,,,,,,
D4-hetero_e05_r018,TA(0.15),0.04343673901166767,0.07333333333333333,-0.09326528683712303,1.3863819674568614,-0.01983363876743015,-1.4312204874920833,,,,,,,,
D4-hetero_e05_r018,TA(0.25),0.044059690000722185,0.07333333333333333,-0.07614208420056837,1.3852895410782073,-0.030294034287531413,-1.4313104682790776,,,,,,,,
D4-hetero_e05_r018,TA(0.40),0.04431649798061699,0.07333333333333333,-0.024455144691384004,-1.4322246539350711,-0.06873940832731543,1.3840240328016602,,,,,,,,
D4-hetero_e10_r018,adapt,0.04618885400122963,0.11333333333333333,0.07110722473198108,-1.4616473890330206,-0.10234694964535619,1.4963858620759454,,,,,,,,
D4-hetero_e10_r018,adaptX,0.05319183398387395,0.11333333333333333,-0.10234694964535619,1.4963858620759454,0.07110722473198108,-1.4616473890330206,,,,,,,,
D4-hetero_e10_r018,HA50,0.00970380098442547,,5.747212002981099,-14.882766566323065,-0.4590335033551118,0.3750536068119811,,,,,,,,
D4-hetero_e10_r018,TA(0.05),0.04763469297904521,0.04,-0.07594772049913288,0.1999109626124072,-23.197075008007328,1.2326110273206652,,,,,,,,
D4-hetero_e10_r018,TA(0.10),0.04687893300433643,0.11333333333333333,0.06883237870857262,-1.4617668325651292,-0.10030779785221512,1.4965461560999611,,,,,,,,
D4-hetero_e10_r018,TA(0.15),0.04826764899189584,0.11333333333333333,-0.10042520993852655,1.4965369590696977,0.06874235574922197,-1.4617715271839566,,,,,,,,
D4-hetero_e10_r018,TA(0.25),0.04747830599080771,0.11333333333333333,-0.08047310660487057,1.4830642858697136,0.07110722473198108,-1.4616473890330206,,,,,,,,
D4-hetero_e10_r018,TA(0.40),0.04732194298412651,0.11333333333333333,0.09331581279349621,-1.4538617249128005,-0.10244983339210707,1.4963778028525732,,,,,,,,
D4-hetero_e20_r018,adapt,0.049315898009808734,0.17,-0.035741077716169696,-1.4855467368135995,-0.12863593417240118,1.428379931361543,,,,,,,,
D4-hetero_e20_r018,adaptX,0.05039843198028393,0.17,-0.12863593417240118,1.428379931361543,-0.035741077716169696,-1.4855467368135995,,,,,,,,
D4-hetero_e20_r018,HA50,0.01180586899863556,,-2.1911980582260973,0.3206854501928901,23.564365822935972,0.7449767140557368,,,,,,,,
D4-hetero_e20_r018,TA(0.05),0.05032463200041093,0.07333333333333333,23.564365822935972,0.7449767140557368,-0.30381486978253364,-0.14830369100966617,,,,,,,,
D4-hetero_e20_r018,TA(0.10),0.05164821399375796,0.09333333333333334,-0.30381486978253364,-0.14830369100966617,-22.565330345078475,-0.21128095764165772,,,,,,,,
D4-hetero_e20_r018,TA(0.15),0.050140435982029885,0.17,-0.028173959653081098,-1.4870292089923502,-0.11796645363949324,1.4275481347515822,,,,,,,,
D4-hetero_e20_r018,TA(0.25),0.050061719986842945,0.17,-0.03214213481506649,-1.486225365796962,-0.12366576284170801,1.428025533048217,,,,,,,,
D4-hetero_e20_r018,TA(0.40),0.05250430799787864,0.17,-0.11796645363949324,1.4275481347515822,-0.028173959653081098,-1.4870292089923502,,,,,,,,
D4-hetero_e30_r018,adapt,0.04625041797407903,0.33666666666666667,-0.0033329914363804153,-1.497200365513854,0.021361761169416033,1.4726230193566288,,,,,,,,
D4-hetero_e30_r018,adaptX,0.04711573600070551,0.33666666666666667,0.021361761169416033,1.4726230193566288,-0.0033329914363804153,-1.497200365513854,,,,,,,,
D4-hetero_e30_r018,HA50,0.009459746011998504,,4.70124739992492,-0.12576061235803385,-23.86611530711362,-0.112425939290255,,,,,,,,
D4-hetero_e30_r018,TA(0.05),0.04730703600216657,0.16,-23.86611530711362,-0.112425939290255,0.2734549034619449,0.1835588868190516,,,,,,,,
D4-hetero_e30_r018,TA(0.10),0.048722468985943124,0.16,-23.86611530711362,-0.112425939290255,0.2734549034619449,0.1835588868190516,,,,,,,,
D4-hetero_e30_r018,TA(0.15),0.04860971900052391,0.16,-23.86611530711362,-0.112425939290255,0.2734549034619449,0.1835588868190516,,,,,,,,
D4-hetero_e30_r018,TA(0.25),0.048113375989487395,0.16,-24.031862222368563,-0.2996822740422908,0.2734549034619449,0.1835588868190516,,,,,,,,
D4-hetero_e30_r018,TA(0.40),0.04816007599583827,0.33666666666666667,0.05808108355910599,1.4708605475107308,-0.0371361136155659,-1.4992137678022395,,,,,,,,
D5-leverage_e00_r018,adapt,0.04988273201161064,0.01,0.101987027323561,-1.4709632372435062,-0.07851509827869085,1.3832698076105758,,,,,,,,
D5-leverage_e00_r018,adaptX,0.05132031498942524,0.01,-0.07851509827869085,1.3832698076105758,0.101987027323561,-1.4709632372435062,,,,,,,,
D5-leverage_e00_r018,HA50,0.008984107989817858,,-0.06436262477249738,1.424722341288523,0.12882653246137357,-1.4787427951062737,,,,,,,,
D5-leverage_e00_r018,TA(0.05),0.051865055022062734,0.013333333333333334,0.101987027323561,-1.4709632372435062,-0.06800052897128493,1.3560223523969477,,,,,,,,
D5-leverage_e00_r018,TA(0.10),0.051999596995301545,0.013333333333333334,0.101987027323561,-1.4709632372435062,-0.06800052897128493,1.3560223523969477,,,,,,,,
D5-leverage_e00_r018,TA(0.15),0.05056888100807555,0.01,0.101987027323561,-1.4709632372435062,-0.07851509827869085,1.3832698076105758,,,,,,,,
D5-leverage_e00_r018,TA(0.25),0.05055186100071296,0.013333333333333334,-0.06800052897128493,1.3560223523969477,0.101987027323561,-1.4709632372435062,,,,,,,,
D5-leverage_e00_r018,TA(0.40),0.05298912100261077,0.01,-0.08230758690415119,1.3605191099078713,0.101987027323561,-1.4709632372435062,,,,,,,,
D5-leverage_e05_r018,adapt,0.04140372798428871,0.06666666666666667,0.14860776996427738,1.539098938091746,-0.02730856903496744,-1.520610860677238,,,,,,,,
D5-leverage_e05_r018,adaptX,0.04689672699896619,0.06666666666666667,-0.02730856903496744,-1.520610860677238,0.14860776996427738,1.539098938091746,,,,,,,,
D5-leverage_e05_r018,HA50,0.007824733009329066,,2.521668082916363,-0.011402576714425485,-2.197593530808848,0.04037308618621573,,,,,,,,
D5-leverage_e05_r018,TA(0.05),0.04346137901302427,0.06666666666666667,-0.025296120411782932,-1.5207100966467535,0.1463999975262352,1.5390445117574305,,,,,,,,
D5-leverage_e05_r018,TA(0.10),0.06614081098814495,0.06666666666666667,0.14860776996427738,1.539098938091746,-0.02730856903496744,-1.520610860677238,,,,,,,,
D5-leverage_e05_r018,TA(0.15),0.04350707301637158,0.06666666666666667,-0.025296120411782932,-1.5207100966467535,0.1463999975262352,1.5390445117574305,,,,,,,,
D5-leverage_e05_r018,TA(0.25),0.06809089699527249,0.06666666666666667,0.1463999975262352,1.5390445117574305,-0.025296120411782932,-1.5207100966467535,,,,,,,,
D5-leverage_e05_r018,TA(0.40),0.04333252500509843,0.06666666666666667,0.1463999975262352,1.5390445117574305,-0.025296120411782932,-1.5207100966467535,,,,,,,,
D5-leverage_e10_r018,adapt,0.04386558700934984,0.10666666666666667,0.1371039729278106,-1.4769986842149363,-0.026971488636550172,1.5451684639459204,,,,,,,,
D5-leverage_e10_r018,adaptX,0.04819007101468742,0.11,0.1391757349022398,-1.4769483086303106,-0.04658828215537275,1.5305671010118305,,,,,,,,
D5-leverage_e10_r018,HA50,0.008857220993377268,,-2.261177036762098,0.08474071171543571,2.2667268865288333,-0.01434747065650774,,,,,,,,
D5-leverage_e10_r018,TA(0.05),0.04617122598574497,0.006666666666666667,2.2667268865288333,-0.01434747065650774,-2.1815732228144173,0.08419739435535285,,,,,,,,
D5-leverage_e10_r018,TA(0.10),0.04536756998277269,0.10666666666666667,0.1391757349022398,-1.4769483086303106,-0.02935458529060247,1.545254752728681,,,,,,,,
D5-leverage_e10_r018,TA(0.15),0.04780582297826186,0.11,0.1391757349022398,-1.4769483086303106,-0.04658828215537275,1.5305671010118305,,,,,,,,
D5-leverage_e10_r018,TA(0.25),0.04652905999682844,0.11,0.14259859830330832,-1.4768164520524978,-0.08888944827122448,1.5386321293824488,,,,,,,,
D5-leverage_e10_r018,TA(0.40),0.04551266800262965,0.11,0.1391757349022398,-1.4769483086303106,-0.08527768763998889,1.5385553482401273,,,,,,,,
D5-leverage_e20_r018,adapt,0.041714168997714296,0.0,-2.172082330093596,0.09499301158708427,2.342064594864347,-0.1065005838044472,,,,,,,,
D5-leverage_e20_r018,adaptX,0.044860028981929645,0.20333333333333334,-0.06063850487120661,1.5101213570418976,-0.10674817132153709,-1.5467227234169583,,,,,,,,
D5-leverage_e20_r018,HA50,0.008326217997819185,,2.342064594864347,-0.1065005838044472,-2.172082330093596,0.09499301158708427,,,,,,,,
D5-leverage_e20_r018,TA(0.05),0.04453654299140908,0.0,-2.172082330093596,0.09499301158708427,2.342064594864347,-0.1065005838044472,,,,,,,,
D5-leverage_e20_r018,TA(0.10),0.05338310799561441,0.03333333333333333,1.8995999787242164,-0.43561902352529874,-1.9778606040492317,0.4199256153748886,,,,,,,,
D5-leverage_e20_r018,TA(0.15),0.04235861299093813,0.03333333333333333,1.8995999787242164,-0.43561902352529874,-1.9778606040492317,0.4199256153748886,,,,,,,,
D5-leverage_e20_r018,TA(0.25),0.054598772985627875,0.20333333333333334,-0.10674817132153709,-1.5467227234169583,-0.06063850487120661,1.5101213570418976,,,,,,,,
D5-leverage_e20_r018,TA(0.40),0.043576850002864376,0.20333333333333334,-0.06063850487120661,1.5101213570418976,-0.10674817132153709,-1.5467227234169583,,,,,,,,
D5-leverage_e30_r018,adapt,0.04254714600392617,0.0033333333333333335,-2.338144947111688,0.12613115096187058,2.110639971076875,-0.04927147128502282,,,,,,,,
D5-leverage_e30_r018,adaptX,0.046527659986168146,0.06,2.067849216127945,-0.027574315510157738,-2.338144947111688,0.12613115096187058,,,,,,,,
D5-leverage_e30_r018,HA50,0.009452034981222823,,2.1368997977391606,-0.04751191930855323,-2.338144947111688,0.12613115096187058,,,,,,,,
D5-leverage_e30_r018,TA(0.05),0.04357053799321875,0.0033333333333333335,2.110639971076875,-0.04927147128502282,-2.338144947111688,0.12613115096187058,,,,,,,,
D5-leverage_e30_r018,TA(0.10),0.04314291101763956,0.0033333333333333335,2.110639971076875,-0.04927147128502282,-2.338144947111688,0.12613115096187058,,,,,,,,
D5-leverage_e30_r018,TA(0.15),0.04553622001549229,0.0033333333333333335,2.054718621334068,-0.039211862326007714,-2.3938336857869436,0.13590099515489168,,,,,,,,
D5-leverage_e30_r018,TA(0.25),0.043156705010915175,0.0033333333333333335,-2.4809264907345594,0.15156018448510578,1.9671357614854168,-0.021930694241451495,,,,,,,,
D5-leverage_e30_r018,TA(0.40),0.04404676301055588,0.29333333333333333,0.020920963939919587,-1.4568750453183275,-0.023726180213497382,1.516070148435075,,,,,,,,
D6-uniform_e00_r018,adapt,0.045401565002975985,0.02666666666666667,-0.011865230275642338,1.5275549958722783,-0.062381390065396176,-1.4681062715680375,,,,,,,,
D6-uniform_e00_r018,adaptX,0.05240015700110234,0.02666666666666667,-0.04840922202490483,-1.4774153991799428,-0.011865230275642338,1.5275549958722783,,,,,,,,
D6-uniform_e00_r018,HA50,0.008710010995855555,,0.0019353027839653812,1.5499958885749523,-0.05332627513637448,-1.4697260704377917,,,,,,,,
D6-uniform_e00_r018,TA(0.05),0.047773968981346115,0.02666666666666667,-0.011865230275642338,1.5275549958722783,-0.062381390065396176,-1.4681062715680375,,,,,,,,
D6-uniform_e00_r018,TA(0.10),0.046450952999293804,0.02666666666666667,-0.011865230275642338,1.5275549958722783,-0.062381390065396176,-1.4681062715680375,,,,,,,,
D6-uniform_e00_r018,TA(0.15),0.047711882973089814,0.03333333333333333,-0.07180807103388766,-1.4790164566162574,-0.003383879069855593,1.5251260357618432,,,,,,,,
D6-uniform_e00_r018,TA(0.25),0.04708317798213102,0.02666666666666667,-0.062381390065396176,-1.4681062715680375,-0.011865230275642338,1.5275549958722783,,,,,,,,
D6-uniform_e00_r018,TA(0.40),0.04731283901492134,0.023333333333333334,-0.020011072441612116,-1.4693226157384542,0.01695721577127363,1.5354762237729014,,,,,,,,
D6-uniform_e05_r018,adapt,0.040690856985747814,0.05,0.0649074198032934,1.463944250244342,-0.10183600606047982,-1.4429274984535794,,,,,,,,
D6-uniform_e05_r018,adaptX,0.04823901900090277,0.05,-0.12079748736355539,-1.4337639912980011,0.0649074198032934,1.463944250244342,,,,,,,,
D6-uniform_e05_r018,HA50,0.007520779996411875,,-0.16861409252107679,-1.4666550287001896,0.008195960125098404,1.489037072793757,,,,,,,,
D6-uniform_e05_r018,TA(0.05),0.04178799700457603,0.05,-0.10183600606047982,-1.4429274984535794,0.0649074198032934,1.463944250244342,,,,,,,,
D6-uniform_e05_r018,TA(0.10),0.0421293250110466,0.05,-0.10183600606047982,-1.4429274984535794,0.0649074198032934,1.463944250244342,,,,,,,,
D6-uniform_e05_r018,TA(0.15),0.043454600003315136,0.05,-0.12079748736355539,-1.4337639912980011,0.0649074198032934,1.463944250244342,,,,,,,,
D6-uniform_e05_r018,TA(0.25),0.04245384898968041,0.05,0.0649074198032934,1.463944250244342,-0.10183600606047982,-1.4429274984535794,,,,,,,,
D6-uniform_e05_r018,TA(0.40),0.04291928399470635,0.05,-0.12079748736355539,-1.4337639912980011,0.05114826925622695,1.4770946463832186,,,,,,,,
D6-uniform_e10_r018,adapt,0.08292238699505106,0.09,0.07762163372340664,1.4642862714924874,0.17236093761872856,-1.6032172459626688,,,,,,,,
D6-uniform_e10_r018,adaptX,0.04673204800928943,0.09,0.07762163372340664,1.4642862714924874,0.17236093761872856,-1.6032172459626688,,,,,,,,
D6-uniform_e10_r018,HA50,0.008458180003799498,,0.21579747506071653,-1.5607224282102345,-0.1251284317003554,1.5250746591258797,,,,,,,,
D6-uniform_e10_r018,TA(0.05),0.08449755300534889,0.09,0.10056532497591418,1.4678515000372228,0.17006872467863945,-1.6000209092405697,,,,,,,,
D6-uniform_e10_r018,TA(0.10),0.0836594860011246,0.09,0.17236093761872856,-1.6032172459626688,0.07762163372340664,1.4642862714924874,,,,,,,,
D6-uniform_e10_r018,TA(0.15),0.08366403600666672,0.09,0.17236093761872856,-1.6032172459626688,0.07762163372340664,1.4642862714924874,,,,,,,,
D6-uniform_e10_r018,TA(0.25),0.08834696299163625,0.09,0.08660962947976479,1.4647898676629232,0.1623695537587733,-1.6026426479799563,,,,,,,,
D6-uniform_e10_r018,TA(0.40),0.08399908497813158,0.09,0.1809539283038284,-1.6057885493321005,0.08484091430582191,1.4630861259989745,,,,,,,,
D6-uniform_e20_r018,adapt,0.07352166101918556,0.17,0.09584613460932323,1.5258013473808203,0.04599058600799835,-1.5116783449393432,,,,,,,,
D6-uniform_e20_r018,adaptX,0.09444745499058627,0.17,0.09584613460932323,1.5258013473808203,0.04599058600799835,-1.5116783449393432,,,,,,,,
D6-uniform_e20_r018,HA50,0.009082470001885667,,2.79948238645458,-0.052613886933706264,-2.855931065262723,-0.1700522054989588,,,,,,,,
D6-uniform_e20_r018,TA(0.05),0.07459318600012921,0.16666666666666666,0.00984194097576442,-1.533209219143549,0.10856458198307992,1.524941040117297,,,,,,,,
D6-uniform_e20_r018,TA(0.10),0.0741025950119365,0.16666666666666666,-0.009996008281563008,-1.5488982408371321,0.10856458198307992,1.524941040117297,,,,,,,,
D6-uniform_e20_r018,TA(0.15),0.07461101800436154,0.16666666666666666,0.10234853765320978,1.525346435348906,0.018189213326675918,-1.5336557732552627,,,,,,,,
D6-uniform_e20_r018,TA(0.25),0.0742929490224924,0.17,0.09584613460932323,1.5258013473808203,0.04599058600799835,-1.5116783449393432,,,,,,,,
D6-uniform_e20_r018,TA(0.40),0.08661640499485657,0.17,0.10340881515168128,1.5267065568789089,0.053358696354552135,-1.5107184336704673,,,,,,,,
D6-uniform_e30_r018,adapt,0.08729431501706131,0.0,-2.731922348587049,0.12075583253794658,3.624012467745318,-0.13214608334337824,,,,,,,,
D6-uniform_e30_r018,adaptX,0.08185120701091364,0.0,-2.982426474691099,0.0067033986503839856,3.359620806603202,-0.22524723325845808,,,,,,,,
D6-uniform_e30_r018,HA50,0.027263100986601785,,3.624012467745318,-0.13214608334337824,-2.731922348587049,0.12075583253794658,,,,,,,,
D6-uniform_e30_r018,TA(0.05),0.09670220702537335,0.0,3.715857312613852,-0.1349038433363696,-2.652606275436826,0.11840792496482838,,,,,,,,
D6-uniform_e30_r018,TA(0.10),0.09746306200395338,0.0,-2.5102636979113333,0.0946334222663457,3.8806333212701856,-0.15706387395357166,,,,,,,,
D6-uniform_e30_r018,TA(0.15),0.09641431999625638,0.0,-2.5528039069923625,0.10777032791855733,3.8336423334665355,-0.1457083661022519,,,,,,,,
D6-uniform_e30_r018,TA(0.25),0.10143756499746814,0.23666666666666666,0.010126073210902786,-1.6943274283390173,0.11113866819283093,1.2898770000251056,,,,,,,,
D6-uniform_e30_r018,TA(0.40),0.11055410100379959,0.24,0.01672391144213868,1.3826661023353617,0.033244365896570156,-1.6342186853262708,,,,,,,,
D7-p3_e00_r018,adapt,0.11528069802443497,0.023333333333333334,-0.05209626957189638,-1.481564112301063,0.9163066648468443,0.972188855589506,0.028260178570445302,1.456323246711761,1.094048443707866,1.057199539289472,,,,
D7-p3_e00_r018,adaptX,0.8755684599746019,0.023333333333333334,-0.056176820566568725,-1.481809191609861,0.9165382275696015,0.975818553032039,0.03942503397111709,1.4480288709541644,1.0663288459282214,1.0492303040718616,,,,
D7-p3_e00_r018,HA50,0.012401212006807327,,-0.07062411792069825,-1.491485039208386,0.9290202201453607,0.9583339192275048,0.035639160522481124,1.434152252346065,1.0703374235243732,1.053269028019501,,,,
D7-p3_e00_r018,TA(0.05),0.11670068200328387,0.02666666666666667,-0.05966183019472604,-1.481861380700741,0.9156428569733622,0.9782221018260788,0.05605441227524031,1.443825661225992,1.0931654995696796,1.0307309648708036,,,,
D7-p3_e00_r018,TA(0.10),0.1169912490004208,0.02666666666666667,-0.05966183019472604,-1.481861380700741,0.9156428569733622,0.9782221018260788,0.05605441227524031,1.443825661225992,1.0931654995696796,1.0307309648708036,,,,
D7-p3_e00_r018,TA(0.15),0.11671300200396217,0.02666666666666667,0.08239612644056926,1.4265325806509588,1.0770787567256355,1.0383048228060165,-0.07924699536245026,-1.4987181040200546,0.92983711734762,0.9761327991246409,,,,
D7-p3_e00_r018,TA(0.25),0.11645068402867764,0.02666666666666667,-0.0636489933545458,-1.4818011635465465,0.9153011216404409,0.9794570466587313,0.060551909060492126,1.4433807893993398,1.0934319183321974,1.0290081641408013,,,,
D7-p3_e00_r018,TA(0.40),0.11702388097182848,0.02666666666666667,0.13051925498917047,1.4237193138375739,1.0660839626719967,1.0408758875130533,-0.17391514133619998,-1.4745212137175703,0.9464608359177868,0.9744128792820101,,,,
D7-p3_e05_r018,adapt,0.20478405099129304,0.04666666666666667,0.0109697150438399,1.4626945943690617,0.8890535781423756,1.158135658869087,0.0658618016730138,-1.616564933665718,1.0178711938914589,0.9986728544826508,,,,
D7-p3_e05_r018,adaptX,1.3559944510052446,0.05,0.03448190724821332,1.4510314997114275,0.8859747152881738,1.150167393437232,0.07155115603649277,-1.6172086923409021,1.0232013254754226,0.9950174531615709,,,,
D7-p3_e05_r018,HA50,0.012629807984922081,,-11.642759848959503,3.4010009915559696,14.049779590082336,-2.467284913843681,0.1318098743425397,-0.18342229908883098,0.9352130267883517,1.1759468956893033,,,,
D7-p3_e05_r018,TA(0.05),0.20626078400528058,0.05,0.028883028097361443,1.451648350944651,0.8800068710901101,1.1541709828412352,0.0658618016730138,-1.616564933665718,1.0178711938914589,0.9986728544826508,,,,
D7-p3_e05_r018,TA(0.10),0.20618933101650327,0.04666666666666667,0.0109697150438399,1.4626945943690617,0.8890535781423756,1.158135658869087,0.0658618016730138,-1.616564933665718,1.0178711938914589,0.9986728544826508,,,,
D7-p3_e05_r018,TA(0.15),0.20611763201304711,0.05333333333333334,0.11072775720747423,-1.6302380094553894,1.0489964898078072,0.9616787809046167,0.048851335489605324,1.446772271763893,0.8669605496279961,1.1572384084250567,,,,
D7-p3_e05_r018,TA(0.25),0.20843665700522251,0.05,0.14258109352659845,-1.6162278658234883,1.0723598512581751,0.9510200021149539,0.05777371838785808,1.444554730115531,0.877297273902531,1.1536347055168619,,,,
D7-p3_e05_r018,TA(0.40),0.20676348698907532,0.05,0.03706846660116907,1.4560935915901039,0.8881558615187368,1.1557764266471577,0.15784457280270986,-1.6172126296119886,1.062900210353893,0.9054793668095233,,,,
D7-p3_e10_r018,adapt,0.21155836500111036,0.09,0.13739558194605953,1.4457115438310073,1.0122407436945082,0.9319726923424981,0.018708106808104162,-1.519810679994506,0.9847031749849733,0.97612070451682,,,,
D7-p3_e10_r018,adaptX,1.3728688289993443,0.09333333333333334,0.027194439786732617,-1.5135575511687394,0.9962848041838372,0.9544361797703815,0.10864398024060824,1.44320988879326,1.003976839998547,0.9556055926849558,,,,
D7-p3_e10_r018,HA50,0.01436538901180029,,-3.178001854410776,-1.5908510453447504,5.033725965839489,-9.056110503144716,0.712993487919949,0.28681731004093564,0.9106679425624591,1.4285349998914374,,,,
D7-p3_e10_r018,TA(0.05),0.2136049440014176,0.06,0.6918867950783562,-0.5502919258311121,1.124888688259696,1.1032780253328431,-15.173548625198743,-4.732589193461998,1.2949670955601653,0.7847972558031037,,,,
D7-p3_e10_r018,TA(0.10),0.2140824700181838,0.09,0.13424451982263771,1.4462464381280093,1.013852519315483,0.9290652521106132,0.015172231815838495,-1.5195592767418105,0.9862862864293894,0.9731796510641197,,,,
D7-p3_e10_r018,TA(0.15),0.21310077601810917,0.09,0.04273612164863275,-1.5222153945472732,1.0092872060092104,0.9631509568479292,0.10864398024060824,1.44320988879326,1.003976839998547,0.9556055926849558,,,,
D7-p3_e10_r018,TA(0.25),0.2124001480115112,0.09,0.010789715687959438,-1.5196456935555671,0.9909049453775721,0.9773047703633749,0.1276167847146444,1.4451683728154265,1.0183505329908171,0.9340058682099539,,,,
D7-p3_e10_r018,TA(0.40),0.21281135501340032,0.09,0.04957656911665924,-1.5223958254690242,1.007550261134094,0.9646596235656777,0.0818402268402101,1.4403384091726679,1.0213785374663304,0.9639067786312544,,,,
D7-p3_e20_r018,adapt,0.20734560798155144,0.19333333333333333,-0.04034344715903246,-1.591802830592648,0.9382000558158325,1.0878115509241872,0.06910562179967794,1.5515011428695373,1.089638917883706,0.9473472931152945,,,,
D7-p3_e20_r018,adaptX,1.6116670129995327,0.19333333333333333,0.08304324810710409,1.5500073838559472,1.0984094454617912,0.9499049590711123,-0.053526706776873476,-1.5893650544316855,0.9287873611251574,1.0853324338548402,,,,
D7-p3_e20_r018,HA50,0.013360568991629407,,21.102879846175153,-1.4153316530014612,0.36856807304027545,1.219625583462748,-2.0997410748466176,0.054914791219398705,1.4702668833721153,1.1403357348338574,,,,
D7-p3_e20_r018,TA(0.05),0.20920837199082598,0.08333333333333333,21.102879846175153,-1.4153316530014612,0.36856807304027545,1.219625583462748,-0.06166414873233514,0.05147471913393407,0.9734236880236989,1.0528941229427407,,,,
D7-p3_e20_r018,TA(0.10),0.20936008400167339,0.08333333333333333,21.102879846175153,-1.4153316530014612,0.36856807304027545,1.219625583462748,-0.06166414873233514,0.05147471913393407,0.9734236880236989,1.0528941229427407,,,,
D7-p3_e20_r018,TA(0.15),0.20879399898694828,0.14666666666666667,0.9855742457669463,-0.7032197071482448,1.0074679981976995,1.109241895394115,6.4322248232404045,4.437319944043858,1.1177198250691716,1.0306333264467396,,,,
D7-p3_e20_r018,TA(0.25),0.20911272199009545,0.19333333333333333,0.08304324810710409,1.5500073838559472,1.0984094454617912,0.9499049590711123,-0.053526706776873476,-1.5893650544316855,0.9287873611251574,1.0853324338548402,,,,
D7-p3_e20_r018,TA(0.40),0.2080382650019601,0.19333333333333333,-0.04966878881279778,-1.5886083633708283,0.9257314059520635,1.0828538019119618,0.080836535259329,1.5495043820263998,1.1000649969223841,0.9518716597767448,,,,
D7-p3_e30_r018,adapt,0.23966811399441212,0.29333333333333333,-0.2913347971776863,-1.5081359198999582,1.086067675837329,0.9006109303499645,0.13728911584016187,1.4225463683486534,1.050756548007292,0.9937196248469932,,,,
D7-p3_e30_r018,adaptX,1.3561847829842009,0.29333333333333333,0.14576862312433123,1.4229462966908757,1.0525213365797583,0.9981195560925155,-0.29979620170587673,-1.5074928735020403,1.0854022328576738,0.8960078572760307,,,,
D7-p3_e30_r018,HA50,0.012729640991892666,,-22.407963372461445,0.006445637028447691,2.172274096120192,1.0722077794223421,3.262159140096265,0.7297898648800218,0.6355736159804541,0.6295478990734267,,,,
D7-p3_e30_r018,TA(0.05),0.2410459520178847,0.12666666666666668,-0.17742598055734282,-0.02457162092224713,0.9851914898935926,0.8819244004528923,-22.407963372461445,0.006445637028447691,2.172274096120192,1.0722077794223421,,,,
D7-p3_e30_r018,TA(0.10),0.24271732798661105,0.12666666666666668,-0.17742598055734282,-0.02457162092224713,0.9851914898935926,0.8819244004528923,-22.407963372461445,0.006445637028447691,2.172274096120192,1.0722077794223421,,,,
D7-p3_e30_r018,TA(0.15),0.24072540801716968,0.12666666666666668,-22.407963372461445,0.006445637028447691,2.172274096120192,1.0722077794223421,-0.17742598055734282,-0.02457162092224713,0.9851914898935926,0.8819244004528923,,,,
D7-p3_e30_r018,TA(0.25),0.24138815500191413,0.13,0.48912932114425217,0.4968679373166436,1.0021686367228895,0.9418855021602981,-18.531412018144152,3.3671523644787156,2.0560780514832273,0.6406633618842588,,,,
D7-p3_e30_r018,TA(0.40),0.24202394898748025,0.29333333333333333,-0.266125566663984,-1.5029364802787677,1.0851971744001572,0.8867115214183421,0.13632270998011856,1.4307288581355317,1.0713788601826868,0.9982310646978233,,,,
D8-K2par-sep_e00_r018,adapt,0.05469650399754755,0.0,2.972337802994061,1.007964113646516,-2.967078978271794,0.9810203376723451,,,,,,,,
D8-K2par-sep_e00_r018,adaptX,0.05090663197916001,0.0,-2.983621882794356,0.9817966386076787,2.972337802994061,1.007964113646516,,,,,,,,
D8-K2par-sep_e00_r018,HA50,0.009284332976676524,,2.972337802994061,1.007964113646516,-2.983621882794356,0.9817966386076787,,,,,,,,
D8-K2par-sep_e00_r018,TA(0.05),0.05713906200253405,0.0,-2.983621882794356,0.9817966386076787,2.972337802994061,1.007964113646516,,,,,,,,
D8-K2par-sep_e00_r018,TA(0.10),0.05675141702522524,0.0,2.972337802994061,1.007964113646516,-2.967078978271794,0.9810203376723451,,,,,,,,
D8-K2par-sep_e00_r018,TA(0.15),0.057068138994509354,0.0,-2.967078978271794,0.9810203376723451,2.972337802994061,1.007964113646516,,,,,,,,
D8-K2par-sep_e00_r018,TA(0.25),0.05547445599222556,0.0,2.972337802994061,1.007964113646516,-2.967078978271794,0.9810203376723451,,,,,,,,
D8-K2par-sep_e00_r018,TA(0.40),0.05694061898975633,0.0033333333333333335,2.952336563121633,0.9954578377061698,-2.935721390050595,0.9871312638795985,,,,,,,,
D8-K2par-sep_e05_r018,adapt,0.08672960198600776,0.043333333333333335,2.988875178860249,0.899685186393226,-3.0098385257606086,1.0017016701615211,,,,,,,,
D8-K2par-sep_e05_r018,adaptX,0.0988372789870482,0.043333333333333335,2.988875178860249,0.899685186393226,-3.0098385257606086,1.0017016701615211,,,,,,,,
D8-K2par-sep_e05_r018,HA50,0.009756144980201498,,3.596672574905662,0.7243328777923216,-3.507149072072224,0.8679853217494254,,,,,,,,
D8-K2par-sep_e05_r018,TA(0.05),0.08763104799436405,0.043333333333333335,2.988875178860249,0.899685186393226,-3.0098385257606086,1.0017016701615211,,,,,,,,
D8-K2par-sep_e05_r018,TA(0.10),0.0945492489845492,0.04,-3.025904420414563,1.0142220653066392,2.988875178860249,0.899685186393226,,,,,,,,
D8-K2par-sep_e05_r018,TA(0.15),0.08786385899293236,0.043333333333333335,-3.0098385257606086,1.0017016701615211,2.988875178860249,0.899685186393226,,,,,,,,
D8-K2par-sep_e05_r018,TA(0.25),0.09777594299521297,0.04,2.988875178860249,0.899685186393226,-3.025904420414563,1.0142220653066392,,,,,,,,
D8-K2par-sep_e05_r018,TA(0.40),0.09368954997626133,0.04,2.988875178860249,0.899685186393226,-3.025904420414563,1.0142220653066392,,,,,,,,
D8-K2par-sep_e10_r018,adapt,0.07246538400067948,0.1,3.013766183473387,0.9783899207321586,-3.0111506658912144,0.9596413481360662,,,,,,,,
D8-K2par-sep_e10_r018,adaptX,0.09558540501166135,0.1,3.013766183473387,0.9783899207321586,-3.0111506658912144,0.9596413481360662,,,,,,,,
D8-K2par-sep_e10_r018,HA50,0.024717449996387586,,-21.21545577653825,0.7959832796385438,0.961988419770314,0.8682907715272236,,,,,,,,
D8-K2par-sep_e10_r018,TA(0.05),0.07474828002159484,0.06333333333333334,-11.031504073140004,-2.7398989893406793,0.7968433938611379,0.31941009984786145,,,,,,,,
D8-K2par-sep_e10_r018,TA(0.10),0.08283327799290419,0.1,3.013766183473387,0.9783899207321586,-3.0111506658912144,0.9596413481360662,,,,,,,,
D8-K2par-sep_e10_r018,TA(0.15),0.07402193400776014,0.1,3.013766183473387,0.9783899207321586,-3.0111506658912144,0.9596413481360662,,,,,,,,
D8-K2par-sep_e10_r018,TA(0.25),0.0781025479955133,0.1,3.013766183473387,0.9783899207321586,-3.0111506658912144,0.9596413481360662,,,,,,,,
D8-K2par-sep_e10_r018,TA(0.40),0.07530342100653797,0.1,3.013766183473387,0.9783899207321586,-3.0111506658912144,0.9596413481360662,,,,,,,,
D8-K2par-sep_e20_r018,adapt,0.0490312080073636,0.17666666666666667,-3.0022600097293566,0.9534659351702842,3.190913044689544,1.0080289262326494,,,,,,,,
D8-K2par-sep_e20_r018,adaptX,0.05561107999528758,0.17666666666666667,-3.0022600097293566,0.9534659351702842,3.190913044689544,1.0080289262326494,,,,,,,,
D8-K2par-sep_e20_r018,HA50,0.013391424989094958,,1.632591108061293,1.3144293607316453,-23.48785071650261,1.2875795892311852,,,,,,,,
D8-K2par-sep_e20_r018,TA(0.05),0.049749610014259815,0.07,-23.004185178595733,1.6133220052710533,-0.095031357963055,1.1812316208891875,,,,,,,,
D8-K2par-sep_e20_r018,TA(0.10),0.051103145990055054,0.07,-0.095031357963055,1.1812316208891875,-23.004185178595733,1.6133220052710533,,,,,,,,
D8-K2par-sep_e20_r018,TA(0.15),0.04978507000487298,0.17666666666666667,3.190913044689544,1.0080289262326494,-3.0022600097293566,0.9534659351702842,,,,,,,,
D8-K2par-sep_e20_r018,TA(0.25),0.05000345001462847,0.17666666666666667,3.190913044689544,1.0080289262326494,-3.0022600097293566,0.9534659351702842,,,,,,,,
D8-K2par-sep_e20_r018,TA(0.40),0.05046938202576712,0.17666666666666667,3.190913044689544,1.0080289262326494,-3.0022600097293566,0.9534659351702842,,,,,,,,
D8-K2par-sep_e30_r018,adapt,0.04153321200283244,0.30333333333333334,-2.927235317937215,0.9749548405676236,2.9330917008547313,0.8679143103253297,,,,,,,,
D8-K2par-sep_e30_r018,adaptX,0.04901614098343998,0.30333333333333334,-2.927235317937215,0.9749548405676236,2.9330917008547313,0.8679143103253297,,,,,,,,
D8-K2par-sep_e30_r018,HA50,0.010845259006600827,,-3.8890540504399325,0.7978489145797404,22.193611428108483,1.34997402942551,,,,,,,,
D8-K2par-sep_e30_r018,TA(0.05),0.04272354001295753,0.14,0.09984172403350114,0.9137227133065562,-20.76064895440751,0.5057246391289946,,,,,,,,
D8-K2par-sep_e30_r018,TA(0.10),0.04222418798599392,0.14,0.04308412116226227,0.9134505544931462,-20.76064895440751,0.5057246391289946,,,,,,,,
D8-K2par-sep_e30_r018,TA(0.15),0.04347724199760705,0.14,-20.76064895440751,0.5057246391289946,0.04308412116226227,0.9134505544931462,,,,,,,,
D8-K2par-sep_e30_r018,TA(0.25),0.04265752399805933,0.15333333333333332,-15.824650640155573,-2.8626093127769265,0.7887038823046177,0.405622146394343,,,,,,,,
D8-K2par-sep_e30_r018,TA(0.40),0.042252712009940296,0.30333333333333334,2.9330917008547313,0.8679143103253297,-2.927235317937215,0.9749548405676236,,,,,,,,
D1-K2cross_e00_r019,adapt,0.04072456600260921,0.02,-0.017964208063790624,-1.5746343358413357,-0.009488800540738786,1.5562891179927831,,,,,,,,
D1-K2cross_e00_r019,adaptX,0.04761413100641221,0.016666666666666666,-0.009488800540738786,1.5562891179927831,-0.03151324079541154,-1.5648951645106628,,,,,,,,
D1-K2cross_e00_r019,HA50,0.007362589007243514,,0.004613886739055722,-1.5668993362868282,-0.03517086905736699,1.5564942494554577,,,,,,,,
D1-K2cross_e00_r019,TA(0.05),0.042653115990106016,0.016666666666666666,-0.009488800540738786,1.5562891179927831,-0.03151324079541154,-1.5648951645106628,,,,,,,,
D1-K2cross_e00_r019,TA(0.10),0.04273763098171912,0.016666666666666666,-0.009488800540738786,1.5562891179927831,-0.03151324079541154,-1.5648951645106628,,,,,,,,
D1-K2cross_e00_r019,TA(0.15),0.04141123199951835,0.016666666666666666,-0.03151324079541154,-1.5648951645106628,-0.009488800540738786,1.5562891179927831,,,,,,,,
D1-K2cross_e00_r019,TA(0.25),0.041937881003832445,0.016666666666666666,-0.009488800540738786,1.5562891179927831,-0.03151324079541154,-1.5648951645106628,,,,,,,,
D1-K2cross_e00_r019,TA(0.40),0.044006109004840255,0.02,-0.009488800540738786,1.5562891179927831,-0.017964208063790624,-1.5746343358413357,,,,,,,,
D1-K2cross_e05_r019,adapt,0.04509111697552726,0.05333333333333334,-0.019607300810397403,1.4929056562468983,0.001442272674554395,-1.4329761642422456,,,,,,,,
D1-K2cross_e05_r019,adaptX,0.05329125898424536,0.05333333333333334,0.0033361989670632132,-1.4327397455016078,-0.01709423058714116,1.4930423129482135,,,,,,,,
D1-K2cross_e05_r019,HA50,0.009870056004729122,,23.63750306095519,-7.330075664768561,-0.8144546828495334,-0.7845944797064012,,,,,,,,
D1-K2cross_e05_r019,TA(0.05),0.04701359599130228,0.05333333333333334,-0.01709423058714116,1.4930423129482135,0.0033361989670632132,-1.4327397455016078,,,,,,,,
D1-K2cross_e05_r019,TA(0.10),0.047417135996511206,0.05333333333333334,0.0033361989670632132,-1.4327397455016078,-0.01709423058714116,1.4930423129482135,,,,,,,,
D1-K2cross_e05_r019,TA(0.15),0.0462094749964308,0.05333333333333334,-0.01709423058714116,1.4930423129482135,0.0033361989670632132,-1.4327397455016078,,,,,,,,
D1-K2cross_e05_r019,TA(0.25),0.04634261401952244,0.05333333333333334,0.014392693893669565,1.4844274419761332,0.007317461342175626,-1.4378573997346678,,,,,,,,
D1-K2cross_e05_r019,TA(0.40),0.04586779099190608,0.05333333333333334,0.02829688938778919,-1.440468360110496,0.06613064190400618,1.477479038888229,,,,,,,,
D1-K2cross_e10_r019,adapt,0.043810089002363384,0.10333333333333333,-0.13459377460406846,-1.506794222795977,-0.218305975086481,1.4574772790917485,,,,,,,,
D1-K2cross_e10_r019,adaptX,0.04804543100181036,0.10333333333333333,-0.13459377460406846,-1.506794222795977,-0.218305975086481,1.4574772790917485,,,,,,,,
D1-K2cross_e10_r019,HA50,0.009715858002891764,,1.635141128380094,0.43489709982437735,-21.795099678492086,5.501994951623591,,,,,,,,
D1-K2cross_e10_r019,TA(0.05),0.04459404697990976,0.06666666666666667,-20.727947601936812,5.9438467852648005,0.3773616088792434,0.42812194717028035,,,,,,,,
D1-K2cross_e10_r019,TA(0.10),0.04444453201722354,0.10333333333333333,-0.10826859986413112,-1.5054297076075243,-0.2097760438645523,1.457420142021838,,,,,,,,
D1-K2cross_e10_r019,TA(0.15),0.046692020987393335,0.10333333333333333,-0.13459377460406846,-1.506794222795977,-0.218305975086481,1.4574772790917485,,,,,,,,
D1-K2cross_e10_r019,TA(0.25),0.04450812601135112,0.10333333333333333,-0.14829016516111454,-1.5071142220601221,-0.20724476288227675,1.4567885409421026,,,,,,,,
D1-K2cross_e10_r019,TA(0.40),0.04631175802205689,0.10333333333333333,-0.1556576438471932,-1.5072416762254426,-0.20142747556392385,1.4563918522947021,,,,,,,,
D1-K2cross_e20_r019,adapt,0.046985831984784454,0.20333333333333334,-0.12180474656892035,-1.4957364961824877,-0.055096626359924364,1.5592542170885972,,,,,,,,
D1-K2cross_e20_r019,adaptX,0.05240625800797716,0.20333333333333334,-0.12180474656892035,-1.4957364961824877,-0.055096626359924364,1.5592542170885972,,,,,,,,
D1-K2cross_e20_r019,HA50,0.009645035985158756,,21.664367862902743,0.30130138828293057,-2.0524733337361036,-0.140290439395525,,,,,,,,
D1-K2cross_e20_r019,TA(0.05),0.047566850000293925,0.08666666666666667,21.664367862902743,0.30130138828293057,0.07315014045694351,0.16477401030587577,,,,,,,,
D1-K2cross_e20_r019,TA(0.10),0.04752946601365693,0.08666666666666667,0.07315014045694351,0.16477401030587577,21.664367862902743,0.30130138828293057,,,,,,,,
D1-K2cross_e20_r019,TA(0.15),0.04806586101767607,0.13333333333333333,0.4687038404701384,0.7861695976095691,10.964434350293327,-5.758872233558017,,,,,,,,
D1-K2cross_e20_r019,TA(0.25),0.04795137100154534,0.20333333333333334,-0.055096626359924364,1.5592542170885972,-0.12180474656892035,-1.4957364961824877,,,,,,,,
D1-K2cross_e20_r019,TA(0.40),0.04907690599793568,0.20333333333333334,-0.05308086733398628,1.5589791862241789,-0.12421308158376208,-1.49558783991238,,,,,,,,
D1-K2cross_e30_r019,adapt,0.04378937798901461,0.29333333333333333,-0.10986176993313589,1.4541535969871249,-0.11120563971651602,-1.4998423521871584,,,,,,,,
D1-K2cross_e30_r019,adaptX,0.050702887994702905,0.29333333333333333,-0.10986176993313589,1.4541535969871249,-0.11120563971651602,-1.4998423521871584,,,,,,,,
D1-K2cross_e30_r019,HA50,0.009005728992633522,,-22.471662767714378,-0.262736150352071,3.367347984345252,-0.021478425482249982,,,,,,,,
D1-K2cross_e30_r019,TA(0.05),0.04510722999111749,0.14666666666666667,-0.27263592775250145,-0.18484331626795403,-22.471662767714378,-0.262736150352071,,,,,,,,
D1-K2cross_e30_r019,TA(0.10),0.046879696019459516,0.14666666666666667,-22.471662767714378,-0.262736150352071,-0.32010223885360745,-0.15161351234525958,,,,,,,,
D1-K2cross_e30_r019,TA(0.15),0.045030513021629304,0.14666666666666667,-0.32010223885360745,-0.15161351234525958,-22.471662767714378,-0.262736150352071,,,,,,,,
D1-K2cross_e30_r019,TA(0.25),0.0451702089922037,0.19,-15.839479614167866,-4.985532119873463,0.4370687820307747,-0.6660357331583862,,,,,,,,
D1-K2cross_e30_r019,TA(0.40),0.04437105299439281,0.29333333333333333,-0.08756029590383355,1.4534449688008833,-0.08977028974415575,-1.5019735747235743,,,,,,,,
D2-K3par_e00_r019,adapt,0.22612300302716903,0.0,0.4909130426000405,1.02210755286008,-2.812865890582773,0.9242829343181467,3.1734611814603424,0.951894141901341,,,,,,
D2-K3par_e00_r019,adaptX,0.21973859998979606,0.0,3.1734611814603424,0.951894141901341,0.40275157842885173,1.0013775623958574,-2.8883528882826575,0.9133029611053234,,,,,,
D2-K3par_e00_r019,HA50,0.0175437529978808,,-2.8883528882826575,0.9133029611053234,0.40275157842885173,1.0013775623958574,3.1734611814603424,0.951894141901341,,,,,,
D2-K3par_e00_r019,TA(0.05),0.230323762021726,0.0,3.1734611814603424,0.951894141901341,0.4909130426000405,1.02210755286008,-2.812865890582773,0.9242829343181467,,,,,,
D2-K3par_e00_r019,TA(0.10),0.22702743898844346,0.0,-2.797796676925543,0.9273644859411757,0.523893918479855,1.0352985970085964,3.1885924304251145,0.9611911214959455,,,,,,
D2-K3par_e00_r019,TA(0.15),0.22707767100655474,0.0,0.4909130426000405,1.02210755286008,-2.812865890582773,0.9242829343181467,3.1734611814603424,0.951894141901341,,,,,,
D2-K3par_e00_r019,TA(0.25),0.2268783519975841,0.0,3.1885924304251145,0.9611911214959455,0.5057140120807473,1.0298500152612904,-2.812865890582773,0.9242829343181467,,,,,,
D2-K3par_e00_r019,TA(0.40),0.22937181201996282,0.0033333333333333335,3.3190564195487884,1.2366975694243303,-2.7343354056869913,0.9647621890532332,0.692664600142863,1.2828823367434046,,,,,,
D2-K3par_e05_r019,adapt,0.20544508899911307,0.056666666666666664,3.190555591578376,0.9920759058045373,-2.9575832782993143,0.9613806050542011,0.08257930781094185,0.8896537356084453,,,,,,
D2-K3par_e05_r019,adaptX,0.23680197400972247,0.056666666666666664,-0.020989427946448543,0.9764558481272673,3.1284551523652273,1.0380741822519264,-2.998667535258107,0.9942156018174612,,,,,,
D2-K3par_e05_r019,HA50,0.015950641012750566,,-0.10050091137872284,1.1087204064778482,-22.68612478952683,3.1697730692615753,21.27488919555,1.39402357887317,,,,,,
D2-K3par_e05_r019,TA(0.05),0.20687620600801893,0.06,0.04221152275414579,0.8586155576473141,-2.9495068280817542,0.9394091854367885,3.1769964747964767,0.9792530842583296,,,,,,
D2-K3par_e05_r019,TA(0.10),0.209072819998255,0.056666666666666664,3.1696933849645217,1.004682362580909,0.0662242822795862,0.8993104207118121,-2.9575832782993143,0.9613806050542011,,,,,,
D2-K3par_e05_r019,TA(0.15),0.2074736680078786,0.056666666666666664,0.03366816930941084,0.9299889306204414,-2.9575832782993143,0.9613806050542011,3.1284551523652273,1.0380741822519264,,,,,,
D2-K3par_e05_r019,TA(0.25),0.20669902599183843,0.056666666666666664,3.1284551523652273,1.0380741822519264,0.03366816930941084,0.9299889306204414,-2.9575832782993143,0.9613806050542011,,,,,,
D2-K3par_e05_r019,TA(0.40),0.20719839600496925,0.056666666666666664,3.109656427289598,1.0484730910024505,-3.0124541047248945,0.9940039051037184,-0.05724434670684514,0.9854997865607765,,,,,,
D2-K3par_e10_r019,adapt,0.28792455297661945,0.13333333333333333,-3.0453512375103986,0.8928765668028756,-0.16404187326354575,0.9230565675486079,2.9047783343726414,0.8926920482848868,,,,,,
D2-K3par_e10_r019,adaptX,0.303581251995638,0.13333333333333333,-3.1022162831736213,0.9199392607817808,2.886169295852229,0.9025644375083444,-0.23898193707061036,0.9637617307519688,,,,,,
D2-K3par_e10_r019,HA50,0.02651107800193131,,-0.05116322177941007,1.0666635271862572,-22.19234462605855,0.4358876655595522,22.845183223476518,1.3478175378177288,,,,,,
D2-K3par_e10_r019,TA(0.05),0.2889583210053388,0.05,22.480962077982607,2.024403166793138,2.225025958038758,0.999709176654026,-2.088849840505284,1.049052414264848,,,,,,
D2-K3par_e10_r019,TA(0.10),0.30757320899283513,0.06,2.156920853324312,1.011153308844885,-2.1510713420093626,1.0603310334518445,23.253655269025476,-0.05605360941263354,,,,,,
D2-K3par_e10_r019,TA(0.15),0.2962678030016832,0.13333333333333333,-3.0453512375103986,0.8928765668028756,-0.23801155097243815,0.8647160811327445,2.837053748216186,0.8445251277581672,,,,,,
D2-K3par_e10_r019,TA(0.25),0.28973838800447993,0.13333333333333333,-2.98811888273033,0.8703383806606858,-0.1476510570837055,0.8015134209893678,2.8776781874991015,0.8121518063198415,,,,,,
D2-K3par_e10_r019,TA(0.40),0.2894895350036677,0.13333333333333333,2.857163790734802,0.8279138127204418,-0.22363250336462134,0.8462890117497819,-3.0453512375103986,0.8928765668028756,,,,,,
D2-K3par_e20_r019,adapt,0.5886852870171424,0.17666666666666667,0.14585240717020745,1.116344348475252,-3.036597842788408,1.049432232743562,2.93150557747421,1.068332371795917,,,,,,
D2-K3par_e20_r019,adaptX,0.3184211259940639,0.17666666666666667,2.93150557747421,1.068332371795917,0.14585240717020745,1.116344348475252,-3.036597842788408,1.049432232743562,,,,,,
D2-K3par_e20_r019,HA50,0.03047227900242433,,-21.928855688599306,1.9119809850482197,22.571921068929115,0.7311167641422562,-0.36799219765741353,1.0917557716394797,,,,,,
D2-K3par_e20_r019,TA(0.05),0.5910736760124564,0.04666666666666667,-21.54825431113306,2.2907683940747776,11.357726939155663,5.3414362163520455,-1.0801066804066994,1.5642463219803515,,,,,,
D2-K3par_e20_r019,TA(0.10),0.590840479999315,0.09333333333333334,-2.751836866371149,0.9729061102788757,1.83770301821683,1.0329030895740505,-21.54825431113306,2.2907683940747776,,,,,,
D2-K3par_e20_r019,TA(0.15),0.5910612099978607,0.09333333333333334,1.83770301821683,1.0329030895740505,-2.751836866371149,0.9729061102788757,-20.932337363580245,2.75204633039481,,,,,,
D2-K3par_e20_r019,TA(0.25),0.5902203780133277,0.17666666666666667,2.93150557747421,1.068332371795917,-3.021909933852727,1.011159419678911,0.15870599541427752,1.0763366420286096,,,,,,
D2-K3par_e20_r019,TA(0.40),0.5892529039992951,0.17666666666666667,0.18256143323382878,1.0935386032103425,2.93150557747421,1.068332371795917,-3.005223371035794,1.025414805510701,,,,,,
D2-K3par_e30_r019,adapt,0.43181739599094726,0.0,-0.33648769081694935,1.1231238153914553,-21.649335789714808,0.7895845597505298,20.36760808658313,1.0233877472624413,,,,,,
D2-K3par_e30_r019,adaptX,0.3127791930164676,0.3233333333333333,2.9507958613060308,1.1393621606349515,-3.4027680602909784,1.0235244540346338,-0.24196801892229125,1.2287081641962887,,,,,,
D2-K3par_e30_r019,HA50,0.02952343798824586,,-0.33648769081694935,1.1231238153914553,20.36760808658313,1.0233877472624413,-21.649335789714808,0.7895845597505298,,,,,,
D2-K3par_e30_r019,TA(0.05),0.43385493199457414,0.0,20.36760808658313,1.0233877472624413,-21.649335789714808,0.7895845597505298,-0.33648769081694935,1.1231238153914553,,,,,,
D2-K3par_e30_r019,TA(0.10),0.44988317097886465,0.0,-0.33648769081694935,1.1231238153914553,20.36760808658313,1.0233877472624413,-21.649335789714808,0.7895845597505298,,,,,,
D2-K3par_e30_r019,TA(0.15),0.432787953002844,0.09,20.36760808658313,1.0233877472624413,-0.463321659426069,1.274334472825497,-10.645708260939168,-4.478483216318862,,,,,,
D2-K3par_e30_r019,TA(0.25),0.4513010509836022,0.13333333333333333,-2.408930290022333,1.0174851625080066,-21.649335789714808,0.7895845597505298,2.104114451066044,0.9931875955320401,,,,,,
D2-K3par_e30_r019,TA(0.40),0.43470442900434136,0.3233333333333333,-3.3923875456963932,1.0562338685967734,2.9018625995141654,1.210859221124448,-0.28566977769758894,1.3090402235254364,,,,,,
D3-unequal_e00_r019,adapt,0.04600537498481572,0.013333333333333334,-0.5806413543690577,1.5777781909136948,0.03110434203420386,-1.5362726202976258,,,,,,,,
D3-unequal_e00_r019,adaptX,0.05086325999582186,0.013333333333333334,-0.5806413543690577,1.5777781909136948,0.03110434203420386,-1.5362726202976258,,,,,,,,
D3-unequal_e00_r019,HA50,0.008085578010650352,,-0.5048866023804615,1.5861199771233665,0.07216566910871651,-1.520969330120341,,,,,,,,
D3-unequal_e00_r019,TA(0.05),0.04708503800793551,0.016666666666666666,-0.5605360947605195,1.5605491310196713,0.03110434203420386,-1.5362726202976258,,,,,,,,
D3-unequal_e00_r019,TA(0.10),0.048327374999644235,0.013333333333333334,-0.5806413543690577,1.5777781909136948,0.03110434203420386,-1.5362726202976258,,,,,,,,
D3-unequal_e00_r019,TA(0.15),0.04749407302006148,0.013333333333333334,0.03110434203420386,-1.5362726202976258,-0.5806413543690577,1.5777781909136948,,,,,,,,
D3-unequal_e00_r019,TA(0.25),0.04735198200796731,0.23333333333333334,-0.6242767029125603,-1.482645742618672,1.0765047715785618,-1.4263109132512133,,,,,,,,
D3-unequal_e00_r019,TA(0.40),0.04726331098936498,0.23333333333333334,-0.6179862755788458,-1.483283683412519,1.085294575571454,-1.426888556055033,,,,,,,,
D3-unequal_e05_r019,adapt,0.053498599998420104,0.04666666666666667,0.0502986095602102,1.5322869716469016,-0.1238235087827219,-1.4388208699609935,,,,,,,,
D3-unequal_e05_r019,adaptX,0.05717180998180993,0.04666666666666667,0.04981905224562713,1.532299222040816,-0.12438182378074338,-1.43883455928214,,,,,,,,
D3-unequal_e05_r019,HA50,0.009210132993757725,,0.665333413834149,-0.7747823328230761,-21.006975982894726,-5.729854211105458,,,,,,,,
D3-unequal_e05_r019,TA(0.05),0.055056768003851175,0.04666666666666667,0.06687028266320724,1.532191822092661,-0.131306961648265,-1.4391409086084772,,,,,,,,
D3-unequal_e05_r019,TA(0.10),0.05775519600138068,0.05,-0.10627232051339731,-1.4378520296917623,-0.04912986372490518,1.5313911257047996,,,,,,,,
D3-unequal_e05_r019,TA(0.15),0.05592233801144175,0.05,-0.10627232051339731,-1.4378520296917623,-0.04912986372490518,1.5313911257047996,,,,,,,,
D3-unequal_e05_r019,TA(0.25),0.05417397600831464,0.2,0.9065132154116885,-1.2718565868067706,-0.9623327292867073,-1.3183031388476625,,,,,,,,
D3-unequal_e05_r019,TA(0.40),0.055310961994109675,0.20666666666666667,-0.833563502348124,-1.3537957651413401,1.0045052912868522,-1.2863084250038659,,,,,,,,
D3-unequal_e10_r019,adapt,0.05029516099602915,0.09,-0.1835849070887749,1.5600061108836103,0.01663509243180415,-1.4883527470639268,,,,,,,,
D3-unequal_e10_r019,adaptX,0.056851250992622226,0.08666666666666667,-0.01628461777499629,-1.4868059461145087,-0.16568718861120155,1.557857195573886,,,,,,,,
D3-unequal_e10_r019,HA50,0.010741054982645437,,-22.185523251062172,-0.4613829766758577,0.821683180700688,-0.669863399778444,,,,,,,,
D3-unequal_e10_r019,TA(0.05),0.0518440309970174,0.07,0.08306334635220076,-0.8374175281420224,-22.185523251062172,-0.4613829766758577,,,,,,,,
D3-unequal_e10_r019,TA(0.10),0.0520996660052333,0.09333333333333334,-0.18586048272481717,1.558155902485108,-0.005139056461335082,-1.48613310315242,,,,,,,,
D3-unequal_e10_r019,TA(0.15),0.05140077500254847,0.08666666666666667,-0.16568718861120155,1.557857195573886,-0.01628461777499629,-1.4868059461145087,,,,,,,,
D3-unequal_e10_r019,TA(0.25),0.05185676799737848,0.08666666666666667,-0.003981119512964078,-1.4920204607126082,-0.1428631606537697,1.5663280052101152,,,,,,,,
D3-unequal_e10_r019,TA(0.40),0.05295777300489135,0.2633333333333333,0.91264180992669,-1.4458412557984774,-0.9415897636839967,-1.4106138965713053,,,,,,,,
D3-unequal_e20_r019,adapt,0.052174673008266836,0.21333333333333335,0.011405649115247222,1.5700961893161625,0.17884576337331656,-1.5131034267223304,,,,,,,,
D3-unequal_e20_r019,adaptX,0.05737244299962185,0.21333333333333335,0.19353534204796752,-1.5122693563991227,-0.022895187364520897,1.5709652699538708,,,,,,,,
D3-unequal_e20_r019,HA50,0.00956591300200671,,-22.692739648788642,-1.0860144695610086,2.737558975784616,-0.7785843296303502,,,,,,,,
D3-unequal_e20_r019,TA(0.05),0.054766885994467884,0.23,0.20097744439292958,-1.277996739377489,-23.06145535673003,-1.4690874771054627,,,,,,,,
D3-unequal_e20_r019,TA(0.10),0.05343114599236287,0.22333333333333333,-23.06145535673003,-1.4690874771054627,0.18076080831451297,-1.266504424686065,,,,,,,,
D3-unequal_e20_r019,TA(0.15),0.05482104700058699,0.23666666666666666,0.19031242507672444,-1.3915598037131782,-23.34925897477054,-1.0029179747412382,,,,,,,,
D3-unequal_e20_r019,TA(0.25),0.053685294988099486,0.21333333333333335,0.17884576337331656,-1.5131034267223304,0.011405649115247222,1.5700961893161625,,,,,,,,
D3-unequal_e20_r019,TA(0.40),0.05303987499792129,0.35,1.1254558908724082,-1.439680662700438,-0.43150461625510517,-1.5136127548159743,,,,,,,,
D3-unequal_e30_r019,adapt,0.04941112399683334,0.27,-0.14179889532361725,1.4847132154926872,0.01982126845984875,-1.5391579121059913,,,,,,,,
D3-unequal_e30_r019,adaptX,0.055382666003424674,0.27,0.01982126845984875,-1.5391579121059913,-0.14179889532361725,1.4847132154926872,,,,,,,,
D3-unequal_e30_r019,HA50,0.010479733988177031,,24.11574073471858,-0.5390938159816193,-3.308914352228355,-1.1144260893379907,,,,,,,,
D3-unequal_e30_r019,TA(0.05),0.051868006004951894,0.13,-0.2613793077162498,-0.7209941984991017,24.11574073471858,-0.5390938159816193,,,,,,,,
D3-unequal_e30_r019,TA(0.10),0.050688168994383886,0.13,-0.2613793077162498,-0.7209941984991017,24.11574073471858,-0.5390938159816193,,,,,,,,
D3-unequal_e30_r019,TA(0.15),0.05156842200085521,0.13,24.11574073471858,-0.5390938159816193,-0.23239108125892668,-0.7458914655890657,,,,,,,,
D3-unequal_e30_r019,TA(0.25),0.05145111298770644,0.22333333333333333,13.427083445174372,7.103361578456345,-0.09571128977648977,-1.3707959213149357,,,,,,,,
D3-unequal_e30_r019,TA(0.40),0.050445318018319085,0.27,0.029344457757390023,-1.5389908252935582,-0.1611366341298344,1.4818243357368626,,,,,,,,
D4-hetero_e00_r019,adapt,0.04349191801156849,0.04,-0.019734391319934645,1.5229217242801478,-0.011039380557493947,-1.490235977418083,,,,,,,,
D4-hetero_e00_r019,adaptX,0.05078107101144269,0.04,-0.019734391319934645,1.5229217242801478,-0.011039380557493947,-1.490235977418083,,,,,,,,
D4-hetero_e00_r019,HA50,0.00875497399829328,,-0.14470324038023566,1.6170150371986844,-0.02373032724793622,-1.476804278057859,,,,,,,,
D4-hetero_e00_r019,TA(0.05),0.04593404597835615,0.04,-0.03181978434708757,1.5222419738045594,-0.011039380557493947,-1.490235977418083,,,,,,,,
D4-hetero_e00_r019,TA(0.10),0.04526161402463913,0.04,-0.03181978434708757,1.5222419738045594,-0.011039380557493947,-1.490235977418083,,,,,,,,
D4-hetero_e00_r019,TA(0.15),0.045164559996919706,0.03666666666666667,-0.035336080385440546,1.5292264109996487,0.00260581887235919,-1.4937608394086517,,,,,,,,
D4-hetero_e00_r019,TA(0.25),0.046137908997479826,0.04,-0.03181978434708757,1.5222419738045594,-0.011039380557493947,-1.490235977418083,,,,,,,,
D4-hetero_e00_r019,TA(0.40),0.046641427994472906,0.04,-0.03181978434708757,1.5222419738045594,-0.011039380557493947,-1.490235977418083,,,,,,,,
D4-hetero_e05_r019,adapt,0.04098620900185779,0.07333333333333333,0.02299591979863547,-1.4418274866850795,0.07402314080955537,1.6164117608410615,,,,,,,,
D4-hetero_e05_r019,adaptX,0.05132362199947238,0.07333333333333333,0.07402314080955537,1.6164117608410615,0.02299591979863547,-1.4418274866850795,,,,,,,,
D4-hetero_e05_r019,HA50,0.01055168200400658,,0.8590159965279757,0.26409002957313954,-20.749432374069677,0.9832166160786859,,,,,,,,
D4-hetero_e05_r019,TA(0.05),0.04267398998490535,0.07,-0.004995287091568977,-1.4490522209064263,0.06302316831526399,1.6128407340771547,,,,,,,,
D4-hetero_e05_r019,TA(0.10),0.04189088300336152,0.07,0.08358564802361826,1.6157216980501083,0.0029629941958445693,-1.4434066618064745,,,,,,,,
D4-hetero_e05_r019,TA(0.15),0.04153470500023104,0.07333333333333333,0.16233454374000944,1.6087853091745685,-0.028482737455756576,-1.4495105092702536,,,,,,,,
D4-hetero_e05_r019,TA(0.25),0.04211022998788394,0.07,0.14489263438573471,1.6107108533191805,-0.011222312811204317,-1.4499382282184963,,,,,,,,
D4-hetero_e05_r019,TA(0.40),0.04333716499968432,0.07333333333333333,0.14932208719578816,1.609946408327636,-0.018970090413364584,-1.448824140655229,,,,,,,,
D4-hetero_e10_r019,adapt,0.04663853699457832,0.11333333333333333,0.26021326524988386,1.6160805054810585,0.021527400833153465,-1.490029593955872,,,,,,,,
D4-hetero_e10_r019,adaptX,0.04802673700032756,0.10333333333333333,0.2673343859286947,1.617332275968552,0.04009681618358942,-1.485689659453055,,,,,,,,
D4-hetero_e10_r019,HA50,0.009238244994776323,,0.9582552282109312,0.40907448039586214,-21.809690011060223,0.49267250763743425,,,,,,,,
D4-hetero_e10_r019,TA(0.05),0.04794932997901924,0.056666666666666664,0.6953870973138123,0.6886615030115141,-13.829013513568947,4.410562180085961,,,,,,,,
D4-hetero_e10_r019,TA(0.10),0.04782097999122925,0.10333333333333333,0.03321469915217305,-1.4801564800401363,0.26021326524988386,1.6160805054810585,,,,,,,,
D4-hetero_e10_r019,TA(0.15),0.04799028701381758,0.10666666666666667,0.029254693621593466,-1.488382514595766,0.2673343859286947,1.617332275968552,,,,,,,,
D4-hetero_e10_r019,TA(0.25),0.04828483200981282,0.10333333333333333,0.04009681618358942,-1.485689659453055,0.2673343859286947,1.617332275968552,,,,,,,,
D4-hetero_e10_r019,TA(0.40),0.04759202798595652,0.11,0.0633801115197691,-1.4850126463868647,0.2957964804042461,1.607991081760037,,,,,,,,
D4-hetero_e20_r019,adapt,0.04453305099741556,0.20666666666666667,0.027852794358436357,-1.5017314167438773,-0.13153365780874252,1.6226109652633371,,,,,,,,
D4-hetero_e20_r019,adaptX,0.05065698700491339,0.20666666666666667,-0.1387951786737995,1.622382813464675,0.03374100983600105,-1.501570305882477,,,,,,,,
D4-hetero_e20_r019,HA50,0.010711873997934163,,23.3526943301273,0.6634262388971305,-2.6305859894812946,0.06963271373648482,,,,,,,,
D4-hetero_e20_r019,TA(0.05),0.04579614702379331,0.09,-21.63974757204057,1.3260377337970655,0.0006079437178052216,0.10871576867416584,,,,,,,,
D4-hetero_e20_r019,TA(0.10),0.046414587006438524,0.09666666666666666,-21.323215401392098,1.365855273354908,0.0006079437178052216,0.10871576867416584,,,,,,,,
D4-hetero_e20_r019,TA(0.15),0.04562239401275292,0.11666666666666667,-17.2915630166779,4.579973754983519,0.4947796088165421,0.5493745388298226,,,,,,,,
D4-hetero_e20_r019,TA(0.25),0.046312563004903495,0.20666666666666667,0.027852794358436357,-1.5017314167438773,-0.13153365780874252,1.6226109652633371,,,,,,,,
D4-hetero_e20_r019,TA(0.40),0.0456665969977621,0.20666666666666667,-0.13153365780874252,1.6226109652633371,0.027852794358436357,-1.5017314167438773,,,,,,,,
D4-hetero_e30_r019,adapt,0.04700198202044703,0.29,0.006311586421918111,-1.524654798716995,-0.16473871872644477,1.4440702553193403,,,,,,,,
D4-hetero_e30_r019,adaptX,0.05290761301876046,0.29,0.006311586421918111,-1.524654798716995,-0.16473871872644477,1.4440702553193403,,,,,,,,
D4-hetero_e30_r019,HA50,0.009857672004727647,,3.479318651740186,-0.10655075608972742,-22.918574182382205,-0.7417538825185065,,,,,,,,
D4-hetero_e30_r019,TA(0.05),0.048108969000168145,0.14333333333333334,-0.22070081778291592,-0.026088903104335526,-22.643836637068024,-0.881130060989188,,,,,,,,
D4-hetero_e30_r019,TA(0.10),0.04895147599745542,0.14333333333333334,-0.22070081778291592,-0.026088903104335526,-22.643836637068024,-0.881130060989188,,,,,,,,
D4-hetero_e30_r019,TA(0.15),0.048385948000941426,0.14333333333333334,-0.22070081778291592,-0.026088903104335526,-22.643836637068024,-0.881130060989188,,,,,,,,
D4-hetero_e30_r019,TA(0.25),0.04888054000912234,0.14333333333333334,-22.643836637068024,-0.881130060989188,-0.22070081778291592,-0.026088903104335526,,,,,,,,
D4-hetero_e30_r019,TA(0.40),0.04871117902803235,0.2866666666666667,0.0004916966013395473,-1.524353031062239,-0.1578208318903476,1.444190816401172,,,,,,,,
D5-leverage_e00_r019,adapt,0.0421736599819269,0.03,-0.07863852601550088,1.4641598530688675,0.17639126290062154,-1.4503807156760122,,,,,,,,
D5-leverage_e00_r019,adaptX,0.04651878998265602,0.02,-0.09005493352930823,1.4638994228919884,0.17586917968884802,-1.4699283888038865,,,,,,,,
D5-leverage_e00_r019,HA50,0.009167381998850033,,-0.08951801517915862,1.4745915006040267,0.08975430150286373,-1.4316016204668016,,,,,,,,
D5-leverage_e00_r019,TA(0.05),0.04345599701628089,0.02,-0.07863852601550088,1.4641598530688675,0.16458197790225812,-1.4702350060000589,,,,,,,,
D5-leverage_e00_r019,TA(0.10),0.04444639399298467,0.02,-0.07863852601550088,1.4641598530688675,0.16458197790225812,-1.4702350060000589,,,,,,,,
D5-leverage_e00_r019,TA(0.15),0.04439201200148091,0.02666666666666667,-0.07870754241907764,1.4641590616457203,0.1882962946744653,-1.4609720954661627,,,,,,,,
D5-leverage_e00_r019,TA(0.25),0.042981781996786594,0.03,0.17659319797608922,-1.4631800095156298,-0.07863852601550088,1.4641598530688675,,,,,,,,
D5-leverage_e00_r019,TA(0.40),0.04317882700706832,0.02666666666666667,0.1922634174820144,-1.4593147173555678,-0.06892695231088586,1.465714066526086,,,,,,,,
D5-leverage_e05_r019,adapt,0.04523357001016848,0.07666666666666666,-0.042976644749259586,1.4555837464040589,0.020433125437623337,-1.5715842388136487,,,,,,,,
D5-leverage_e05_r019,adaptX,0.04943611499038525,0.07666666666666666,0.020433125437623337,-1.5715842388136487,-0.042976644749259586,1.4555837464040589,,,,,,,,
D5-leverage_e05_r019,HA50,0.00880128299468197,,-2.409175229009421,0.08087324640167923,2.242164696682226,-0.09677942993083694,,,,,,,,
D5-leverage_e05_r019,TA(0.05),0.046858693996910006,0.0033333333333333335,2.2073503362570417,-0.09192454982364541,-2.416976816586431,0.09959117804071815,,,,,,,,
D5-leverage_e05_r019,TA(0.10),0.04689514898927882,0.07666666666666666,-0.04512267806180602,1.4556543294525246,0.01816720412343165,-1.5713426646813744,,,,,,,,
D5-leverage_e05_r019,TA(0.15),0.04701507699792273,0.07666666666666666,-0.04512267806180602,1.4556543294525246,0.01816720412343165,-1.5713426646813744,,,,,,,,
D5-leverage_e05_r019,TA(0.25),0.04628905700519681,0.07666666666666666,-0.042976644749259586,1.4555837464040589,0.020433125437623337,-1.5715842388136487,,,,,,,,
D5-leverage_e05_r019,TA(0.40),0.04782966399216093,0.07666666666666666,0.022709920012523553,-1.5714884252593548,-0.04950324755682475,1.4555041018210864,,,,,,,,
D5-leverage_e10_r019,adapt,0.12713781301863492,0.13,-0.09997651294349666,1.546503810217318,0.3726527986753328,-1.5858204115477361,,,,,,,,
D5-leverage_e10_r019,adaptX,0.10046463800244965,0.13,-0.09092631508841084,1.545620418530795,0.3738808586220019,-1.5868044056057273,,,,,,,,
D5-leverage_e10_r019,HA50,0.03298679902218282,,2.3843739499461822,-0.04428103803542158,-2.5290775937091277,0.16520194365952237,,,,,,,,
D5-leverage_e10_r019,TA(0.05),0.1316717030131258,0.0033333333333333335,2.264606615351719,-0.0294564323817507,-2.6382813895655093,0.18372267239886755,,,,,,,,
D5-leverage_e10_r019,TA(0.10),0.13316081900848076,0.0033333333333333335,-2.7021178543162905,0.19045564598392273,2.2111935628337323,-0.021165422239026073,,,,,,,,
D5-leverage_e10_r019,TA(0.15),0.1281273629865609,0.13,0.36750604388706626,-1.5858918670982247,-0.09603058481358628,1.5464322246401423,,,,,,,,
D5-leverage_e10_r019,TA(0.25),0.12877732000197284,0.13,-0.09997651294349666,1.546503810217318,0.3726527986753328,-1.5858204115477361,,,,,,,,
D5-leverage_e10_r019,TA(0.40),0.12823320599272847,0.13,0.34062943123580863,-1.5779371569795164,-0.13860500624951325,1.566583906396611,,,,,,,,
D5-leverage_e20_r019,adapt,0.04451146299834363,0.013333333333333334,-2.4423682252387477,0.08098467654093104,2.066927197738349,-0.06905246495141117,,,,,,,,
D5-leverage_e20_r019,adaptX,0.04721647102269344,0.20333333333333334,-0.12712507564398606,-1.4787031211267336,-0.014714675194152135,1.5133273776245195,,,,,,,,
D5-leverage_e20_r019,HA50,0.008720734011149034,,2.1579424857835154,-0.07647587861555823,-2.468207834453655,0.07683053822428618,,,,,,,,
D5-leverage_e20_r019,TA(0.05),0.046358477004105225,0.013333333333333334,-2.4423682252387477,0.08098467654093104,2.066927197738349,-0.06905246495141117,,,,,,,,
D5-leverage_e20_r019,TA(0.10),0.04709177801851183,0.013333333333333334,2.066927197738349,-0.06905246495141117,-2.4423682252387477,0.08098467654093104,,,,,,,,
D5-leverage_e20_r019,TA(0.15),0.04572734099929221,0.013333333333333334,-2.746637278831133,0.1275027961621945,1.769181944104455,-0.03198701056705482,,,,,,,,
D5-leverage_e20_r019,TA(0.25),0.04677507601445541,0.20333333333333334,-0.12712507564398606,-1.4787031211267336,-0.014714675194152135,1.5133273776245195,,,,,,,,
D5-leverage_e20_r019,TA(0.40),0.04509314300958067,0.20333333333333334,-0.014714675194152135,1.5133273776245195,-0.12712507564398606,-1.4787031211267336,,,,,,,,
D5-leverage_e30_r019,adapt,0.04574219600181095,0.01,-2.1781128203743165,0.07310656586350799,2.31090961816323,-0.10831670962856278,,,,,,,,
D5-leverage_e30_r019,adaptX,0.05168532198877074,0.04666666666666667,-2.2557886418924795,0.08556319036673947,2.1959686874892417,-0.09260191729087648,,,,,,,,
D5-leverage_e30_r019,HA50,0.008958046993939206,,2.354340072549167,-0.10779819503928878,-2.202042184032365,0.07116649665282287,,,,,,,,
D5-leverage_e30_r019,TA(0.05),0.04756641000858508,0.01,-2.1781128203743165,0.07310656586350799,2.31090961816323,-0.10831670962856278,,,,,,,,
D5-leverage_e30_r019,TA(0.10),0.04754438198870048,0.01,2.31090961816323,-0.10831670962856278,-2.202042184032365,0.07116649665282287,,,,,,,,
D5-leverage_e30_r019,TA(0.15),0.046270968014141545,0.01,-2.180652025240817,0.06830809886844588,2.3325976309668137,-0.11117818043474535,,,,,,,,
D5-leverage_e30_r019,TA(0.25),0.049521811975864694,0.006666666666666667,2.3720494962915883,-0.1159094443136887,-2.074653224999819,0.05647885984792686,,,,,,,,
D5-leverage_e30_r019,TA(0.40),0.049222702014958486,0.006666666666666667,-2.015189967398824,0.04534080811707415,2.3925548374241465,-0.11851952215162309,,,,,,,,
D6-uniform_e00_r019,adapt,0.040934652992291376,0.016666666666666666,-0.08679980161319077,1.4585576728360714,-0.19602066177981664,-1.4412328714405636,,,,,,,,
D6-uniform_e00_r019,adaptX,0.04603394100558944,0.016666666666666666,-0.19914002112056733,-1.440467932391248,-0.09443423379811167,1.4601095631772107,,,,,,,,
D6-uniform_e00_r019,HA50,0.024893304012948647,,-0.02547528615214209,1.4440965987941303,-0.23442352086143867,-1.449524551372946,,,,,,,,
D6-uniform_e00_r019,TA(0.05),0.058830447000218555,0.016666666666666666,-0.09443423379811167,1.4601095631772107,-0.19914002112056733,-1.440467932391248,,,,,,,,
D6-uniform_e00_r019,TA(0.10),0.04238145600538701,0.016666666666666666,-0.09443423379811167,1.4601095631772107,-0.19914002112056733,-1.440467932391248,,,,,,,,
D6-uniform_e00_r019,TA(0.15),0.04319878702517599,0.016666666666666666,-0.1898164878101077,-1.4402525436021822,-0.08248189274813877,1.4594077087666755,,,,,,,,
D6-uniform_e00_r019,TA(0.25),0.04184260300826281,0.016666666666666666,-0.17515729355865567,-1.4367156488946222,-0.08248189274813877,1.4594077087666755,,,,,,,,
D6-uniform_e00_r019,TA(0.40),0.043082243006210774,0.016666666666666666,-0.09163874285990845,1.4568703104874219,-0.2158600065375369,-1.4428171012993245,,,,,,,,
D6-uniform_e05_r019,adapt,0.043580072990152985,0.04,0.1489814573416508,1.5919265346557754,-0.06912141564320272,-1.5009080379541937,,,,,,,,
D6-uniform_e05_r019,adaptX,0.04856353800278157,0.04,0.1800896838443495,1.6094119594983742,-0.08273606678790786,-1.5007793688138094,,,,,,,,
D6-uniform_e05_r019,HA50,0.008619980013463646,,-0.12312359124381624,-1.4081106150559204,0.16942918248712313,1.621228206518524,,,,,,,,
D6-uniform_e05_r019,TA(0.05),0.04495096500613727,0.04,0.1489814573416508,1.5919265346557754,-0.06912141564320272,-1.5009080379541937,,,,,,,,
D6-uniform_e05_r019,TA(0.10),0.04466087100445293,0.04,0.15180427788352083,1.5918217831082504,-0.07171588337013424,-1.5008969554479232,,,,,,,,
D6-uniform_e05_r019,TA(0.15),0.045282985985977575,0.04,-0.07171588337013424,-1.5008969554479232,0.15180427788352083,1.5918217831082504,,,,,,,,
D6-uniform_e05_r019,TA(0.25),0.046358093997696415,0.04,0.15180427788352083,1.5918217831082504,-0.07171588337013424,-1.5008969554479232,,,,,,,,
D6-uniform_e05_r019,TA(0.40),0.04675672101438977,0.04,0.15611909670779925,1.5924220714017072,-0.0902978213533548,-1.4998950478299502,,,,,,,,
D6-uniform_e10_r019,adapt,0.04525794999790378,0.07666666666666666,-0.04338816396270686,-1.4682758563753555,-0.005382208783916992,1.5001425938579511,,,,,,,,
D6-uniform_e10_r019,adaptX,0.050784980005118996,0.07666666666666666,-0.005382208783916992,1.5001425938579511,-0.04338816396270686,-1.4682758563753555,,,,,,,,
D6-uniform_e10_r019,HA50,0.009027532010804862,,-0.08369529837044304,1.5250664823582765,-0.15936238320415946,-1.4285181309590775,,,,,,,,
D6-uniform_e10_r019,TA(0.05),0.047578202007571235,0.07666666666666666,-0.05193017072346308,-1.4660501468138654,-0.01385469067380437,1.5024903160210945,,,,,,,,
D6-uniform_e10_r019,TA(0.10),0.04707326099742204,0.07666666666666666,-0.005382208783916992,1.5001425938579511,-0.04338816396270686,-1.4682758563753555,,,,,,,,
D6-uniform_e10_r019,TA(0.15),0.04757577698910609,0.07666666666666666,-0.005382208783916992,1.5001425938579511,-0.06197439095803882,-1.4799823366147318,,,,,,,,
D6-uniform_e10_r019,TA(0.25),0.047615995979867876,0.07666666666666666,-0.05193017072346308,-1.4660501468138654,-0.01385469067380437,1.5024903160210945,,,,,,,,
D6-uniform_e10_r019,TA(0.40),0.046154958981787786,0.07666666666666666,-0.01638519462314896,1.5025177239638643,-0.04931138357868191,-1.4660395757522715,,,,,,,,
D6-uniform_e20_r019,adapt,0.07967939000809565,0.17666666666666667,-0.12383185568677871,-1.7051736807803328,0.10390125573495014,1.458286750314514,,,,,,,,
D6-uniform_e20_r019,adaptX,0.09603131501353346,0.17666666666666667,-0.12383185568677871,-1.7051736807803328,0.08084184286820485,1.46925524476252,,,,,,,,
D6-uniform_e20_r019,HA50,0.009018588985782117,,0.43423222284907986,1.7688503630321737,0.060448600987212775,-1.9945809489382733,,,,,,,,
D6-uniform_e20_r019,TA(0.05),0.08051921200240031,0.16666666666666666,0.05244867648010791,-1.7940136401324658,0.14308985095675944,1.481076708243081,,,,,,,,
D6-uniform_e20_r019,TA(0.10),0.08159819999127649,0.17666666666666667,-0.05040061622037277,-1.7483581319985606,0.16251131843414424,1.4554222990131422,,,,,,,,
D6-uniform_e20_r019,TA(0.15),0.08639190401299857,0.17666666666666667,-0.12383185568677871,-1.7051736807803328,0.08084184286820485,1.46925524476252,,,,,,,,
D6-uniform_e20_r019,TA(0.25),0.09593221201794222,0.17666666666666667,-0.09645618230874105,-1.7161887925614756,0.13114689483368247,1.4488036172816634,,,,,,,,
D6-uniform_e20_r019,TA(0.40),0.08221963900723495,0.17666666666666667,-0.06435590387046107,-1.711782167690741,0.13507552706839057,1.4483405041721655,,,,,,,,
D6-uniform_e30_r019,adapt,0.048223430989310145,0.0,3.0656240085259037,-0.04501139882180019,-3.2783806489835143,-0.1546306792182971,,,,,,,,
D6-uniform_e30_r019,adaptX,0.0523992829839699,0.0,-3.2783806489835143,-0.1546306792182971,3.0656240085259037,-0.04501139882180019,,,,,,,,
D6-uniform_e30_r019,HA50,0.010440426005516201,,3.0656240085259037,-0.04501139882180019,-3.2783806489835143,-0.1546306792182971,,,,,,,,
D6-uniform_e30_r019,TA(0.05),0.04989484598627314,0.0,-3.7964429083341904,-0.20498039969442292,2.5908234325816784,-0.029510132069064842,,,,,,,,
D6-uniform_e30_r019,TA(0.10),0.05080065201036632,0.0,-4.384834793743624,0.06479724521069288,2.020019905134798,0.29286408568939554,,,,,,,,
D6-uniform_e30_r019,TA(0.15),0.049314091011183336,0.0033333333333333335,-4.469869898606205,0.08274041629340426,1.9685313622415557,0.3040239482893724,,,,,,,,
D6-uniform_e30_r019,TA(0.25),0.04909481600043364,0.02666666666666667,1.2254564385744748,0.8222218770441962,-5.042808854076895,0.7584620320995793,,,,,,,,
D6-uniform_e30_r019,TA(0.40),0.050238842028193176,0.16,0.1581965489886577,1.269452643175402,-0.5783907466737958,-1.6370904109999953,,,,,,,,
D7-p3_e00_r019,adapt,0.2132990450190846,0.006666666666666667,-0.0065618966368707465,-1.5504227265802721,1.045579998820009,0.9920547741965432,0.10402035058984681,1.3811684532070534,1.0369400247270077,0.9785856499181584,,,,
D7-p3_e00_r019,adaptX,1.3690076600178145,0.006666666666666667,-0.007403861915970503,-1.5505087995224294,1.0460565840663993,0.9918462073926091,0.10273943861747936,1.3810457150148212,1.0376564835248538,0.9780388446538875,,,,
D7-p3_e00_r019,HA50,0.0125984670012258,,0.10402035058984681,1.3811684532070534,1.0369400247270077,0.9785856499181584,-0.0045804209035003205,-1.5631697665682793,1.035780394246679,0.9928943531922862,,,,
D7-p3_e00_r019,TA(0.05),0.21517382698948495,0.01,-0.008918616963106125,-1.550545569809396,1.0458096433618722,0.9930846087367602,0.08967581299627542,1.3676173717464748,1.0317024803718262,0.9893084672873875,,,,
D7-p3_e00_r019,TA(0.10),0.21621055901050568,0.01,0.07749360075142506,1.3649447799380192,1.0354446221249267,0.990099415471868,-0.021805627632298537,-1.552935075324069,1.0494977688927596,0.9960721552887704,,,,
D7-p3_e00_r019,TA(0.15),0.214967987005366,0.01,0.08529677635281244,1.3676263218693123,1.0300942011275735,0.9859601064335958,-0.010780688914037922,-1.5504412218387467,1.0443350241404223,0.9912175948827657,,,,
D7-p3_e00_r019,TA(0.25),0.21770908599137329,0.01,0.08834833898414698,1.367493496943541,1.0324505370373787,0.9887340439645628,-0.009777179999867257,-1.550633092399489,1.0462933124215341,0.9928753074022907,,,,
D7-p3_e00_r019,TA(0.40),0.2155511699966155,0.01,-0.03517766984874406,-1.5395953830470672,1.0505311093863103,0.9998909583058421,0.07478672725831312,1.3647285379470224,1.037482185574448,0.9883344691026161,,,,
D7-p3_e05_r019,adapt,0.20717717200750485,0.056666666666666664,0.07312249793351376,-1.5511163571395314,0.9901998411433413,1.0833991400409873,0.0971318234769542,1.511871570545094,1.009218851800491,1.0443240934917792,,,,
D7-p3_e05_r019,adaptX,1.372778991004452,0.06333333333333334,0.08563724189237507,-1.559865669592491,0.989006406711782,1.0951677773978463,0.07404569845795318,1.4933939206417663,1.024886020757874,1.0329204067073003,,,,
D7-p3_e05_r019,HA50,0.013099674019031227,,17.40812597837758,-0.4479499149547277,4.800589629718232,2.915878831436629,-0.32330735535150934,-0.12392655816537287,1.2951138306239922,1.2579787270295548,,,,
D7-p3_e05_r019,TA(0.05),0.20888071198714897,0.056666666666666664,0.07312249793351376,-1.5511163571395314,0.9901998411433413,1.0833991400409873,0.0971318234769542,1.511871570545094,1.009218851800491,1.0443240934917792,,,,
D7-p3_e05_r019,TA(0.10),0.2094092030019965,0.06,0.07241646905701632,1.4936079664742268,1.0242456099648025,1.0350342928210303,0.07312249793351376,-1.5511163571395314,0.9901998411433413,1.0833991400409873,,,,
D7-p3_e05_r019,TA(0.15),0.20951969499583356,0.06,0.06807726341069556,1.4926613071841568,1.0262658059204846,1.0330884114402406,0.07055536445906113,-1.5516694340948145,0.9912833766688492,1.0819863218587087,,,,
D7-p3_e05_r019,TA(0.25),0.20834634199854918,0.06333333333333334,0.05970383275841198,1.4903175730659848,1.031510851544365,1.0300384084029492,0.08116588179451863,-1.5619469154142716,0.9944796656076654,1.0893907623559522,,,,
D7-p3_e05_r019,TA(0.40),0.20838471199385822,0.06333333333333334,0.05970383275841198,1.4903175730659848,1.031510851544365,1.0300384084029492,0.08116588179451863,-1.5619469154142716,0.9944796656076654,1.0893907623559522,,,,
D7-p3_e10_r019,adapt,0.21736544001032598,0.11666666666666667,-0.1507744929745206,-1.4873517033727122,1.0596687451703093,0.8907834663031354,0.0015754487452761031,1.4684239462760946,0.9135063290922357,0.9514723102153585,,,,
D7-p3_e10_r019,adaptX,1.6837135159876198,0.11666666666666667,-0.16247971529155159,-1.4859019430689397,1.0641582598403505,0.8862910698133261,0.011486622876405965,1.4684917493319316,0.9096144592950609,0.9544890139195249,,,,
D7-p3_e10_r019,HA50,0.01394921200699173,,1.1052479884916935,0.00034036094090731175,1.2849863108706625,0.6668953083054983,-21.636814233447335,-0.16616244191573393,1.7755065462546673,-0.24846621718859432,,,,
D7-p3_e10_r019,TA(0.05),0.21877035501529463,0.04666666666666667,-21.636814233447335,-0.16616244191573393,1.7755065462546673,-0.24846621718859432,0.04608002879251083,0.025389123075007996,1.2106692314792795,0.7752504487174978,,,,
D7-p3_e10_r019,TA(0.10),0.21879100997466594,0.11666666666666667,-0.005265920079470455,1.4649291165545284,0.8875691790838371,0.9552701173394866,-0.16208093290270517,-1.5000957746984624,1.0324505308097989,0.8914829731302965,,,,
D7-p3_e10_r019,TA(0.15),0.21855818602489308,0.11666666666666667,-0.1507744929745206,-1.4873517033727122,1.0596687451703093,0.8907834663031354,0.0015754487452761031,1.4684239462760946,0.9135063290922357,0.9514723102153585,,,,
D7-p3_e10_r019,TA(0.25),0.2184438659751322,0.11666666666666667,-0.023096122887569327,1.470995394497676,0.924532848872436,0.9496359679638191,-0.15899482070940207,-1.4857043596144266,1.0576569337693686,0.8983721484542787,,,,
D7-p3_e10_r019,TA(0.40),0.21837729300023057,0.11666666666666667,0.027890796040982553,1.4561090085881905,0.9062949417938105,0.9672624177458959,-0.16492271080580714,-1.4862746856116105,1.0624542793005858,0.8848955807291444,,,,
D7-p3_e20_r019,adapt,0.21722441399469972,0.20333333333333334,-0.03000444955037146,1.4428803212835597,1.0618649558471058,0.9470325763616083,-0.07874184963074177,-1.5311599507878642,0.9596520910480718,0.9932384092564156,,,,
D7-p3_e20_r019,adaptX,1.7684865810151678,0.20333333333333334,-0.03000444955037146,1.4428803212835597,1.0618649558471058,0.9470325763616083,-0.07874184963074177,-1.5311599507878642,0.9596520910480718,0.9932384092564156,,,,
D7-p3_e20_r019,HA50,0.013224262016592547,,2.414031931407734,-0.15195372100967308,0.9948705899677546,1.0776363196954706,-23.250207933537716,0.6620063352612815,1.3911956940075358,2.2877535210191917,,,,
D7-p3_e20_r019,TA(0.05),0.21994492399971932,0.1,-23.250207933537716,0.6620063352612815,1.3911956940075358,2.2877535210191917,-0.0838922620356361,0.011927356675211963,0.9563535159699583,0.9371482381221242,,,,
D7-p3_e20_r019,TA(0.10),0.22018927900353447,0.1,-23.250207933537716,0.6620063352612815,1.3911956940075358,2.2877535210191917,-0.0838922620356361,0.011927356675211963,0.9563535159699583,0.9371482381221242,,,,
D7-p3_e20_r019,TA(0.15),0.2190519249998033,0.13333333333333333,-0.8183248828820666,-9.239897114443798,6.749236703123809,4.975426974980977,-0.09324203101545642,0.13525997869685402,1.0348704055634443,0.9589350384106802,,,,
D7-p3_e20_r019,TA(0.25),0.21893732401076704,0.20333333333333334,-0.03000444955037146,1.4428803212835597,1.0618649558471058,0.9470325763616083,-0.07874184963074177,-1.5311599507878642,0.9596520910480718,0.9932384092564156,,,,
D7-p3_e20_r019,TA(0.40),0.21760358798201196,0.20333333333333334,-0.03000444955037146,1.4428803212835597,1.0618649558471058,0.9470325763616083,-0.07874184963074177,-1.5311599507878642,0.9596520910480718,0.9932384092564156,,,,
D7-p3_e30_r019,adapt,0.23871191800571978,0.28,0.0062682307099476645,-1.4376809062961557,1.0319735628642361,1.0796912516638506,-0.023807641222548973,1.5893747722264693,1.0345367996506867,1.0735392034080953,,,,
D7-p3_e30_r019,adaptX,1.434094210009789,0.28,-0.023807641222548973,1.5893747722264693,1.0345367996506867,1.0735392034080953,0.0062682307099476645,-1.4376809062961557,1.0319735628642361,1.0796912516638506,,,,
D7-p3_e30_r019,HA50,0.012258507980732247,,-4.039497806168689,0.4329767039454467,1.2195583390499352,0.8521332666968665,19.11447035500703,2.480366372188031,0.18193896690657468,-0.7367977321481516,,,,
D7-p3_e30_r019,TA(0.05),0.2415905449888669,0.14666666666666667,21.783987731279492,0.2820509923702847,0.7158871332876143,0.7596296860195147,-0.16098181005285211,0.160471276557348,1.1160206174190526,1.0097213756027348,,,,
D7-p3_e30_r019,TA(0.10),0.2393556900206022,0.14,-0.16098181005285211,0.160471276557348,1.1160206174190526,1.0097213756027348,-21.01873914477766,1.0025443554698965,0.7048643820346422,1.1309269367315407,,,,
D7-p3_e30_r019,TA(0.15),0.23940843500895426,0.14333333333333334,-0.16098181005285211,0.160471276557348,1.1160206174190526,1.0097213756027348,-20.64822693499324,1.1219697008305185,1.0343329903853937,1.0065066920729038,,,,
D7-p3_e30_r019,TA(0.25),0.2406376950093545,0.28,-0.01050172372590291,1.5812734834161954,1.0408358532830302,1.0757061164514268,0.05322544887797077,-1.452243658363372,0.9962624918686894,1.0397150042151537,,,,
D7-p3_e30_r019,TA(0.40),0.239546593016712,0.28,0.0062682307099476645,-1.4376809062961557,1.0319735628642361,1.0796912516638506,-0.023807641222548973,1.5893747722264693,1.0345367996506867,1.0735392034080953,,,,
D8-K2par-sep_e00_r019,adapt,0.04127061998588033,0.02,2.8835775091649687,0.9598020721667558,-2.8724051383458646,1.0104517523819494,,,,,,,,
D8-K2par-sep_e00_r019,adaptX,0.04670193401398137,0.02,2.8835775091649687,0.9598020721667558,-2.8724051383458646,1.0104517523819494,,,,,,,,
D8-K2par-sep_e00_r019,HA50,0.008712813985766843,,2.917402676087408,0.9909922388890162,-2.9138672488592743,1.008752656499325,,,,,,,,
D8-K2par-sep_e00_r019,TA(0.05),0.04231485800119117,0.02,2.8835775091649687,0.9598020721667558,-2.8724051383458646,1.0104517523819494,,,,,,,,
D8-K2par-sep_e00_r019,TA(0.10),0.04362790900631808,0.02,2.8835775091649687,0.9598020721667558,-2.8724051383458646,1.0104517523819494,,,,,,,,
D8-K2par-sep_e00_r019,TA(0.15),0.04352866599219851,0.02,2.8835775091649687,0.9598020721667558,-2.8724051383458646,1.0104517523819494,,,,,,,,
D8-K2par-sep_e00_r019,TA(0.25),0.04351473299902864,0.02,2.8835775091649687,0.9598020721667558,-2.8724051383458646,1.0104517523819494,,,,,,,,
D8-K2par-sep_e00_r019,TA(0.40),0.044212138978764415,0.02,-2.8724051383458646,1.0104517523819494,2.8986321893163556,0.9503228392014816,,,,,,,,
D8-K2par-sep_e05_r019,adapt,0.04085288100759499,0.03,-2.9482674617228746,0.946901774096364,3.0692415735916003,0.8916160155418348,,,,,,,,
D8-K2par-sep_e05_r019,adaptX,0.04808490601135418,0.03,-2.9482674617228746,0.946901774096364,3.0692415735916003,0.8916160155418348,,,,,,,,
D8-K2par-sep_e05_r019,HA50,0.010372769000241533,,-3.7428481515617182,1.0366956793266762,3.4865817958820364,1.0326413785438113,,,,,,,,
D8-K2par-sep_e05_r019,TA(0.05),0.04169859501416795,0.03,-2.9482674617228746,0.946901774096364,3.0692415735916003,0.8916160155418348,,,,,,,,
D8-K2par-sep_e05_r019,TA(0.10),0.04314893000992015,0.03,3.0692415735916003,0.8916160155418348,-2.9482674617228746,0.946901774096364,,,,,,,,
D8-K2par-sep_e05_r019,TA(0.15),0.0435868340136949,0.03,3.0692415735916003,0.8916160155418348,-2.9482674617228746,0.946901774096364,,,,,,,,
D8-K2par-sep_e05_r019,TA(0.25),0.04322226200019941,0.03,3.0692415735916003,0.8916160155418348,-2.9482674617228746,0.946901774096364,,,,,,,,
D8-K2par-sep_e05_r019,TA(0.40),0.0429266789869871,0.03,3.0692415735916003,0.8916160155418348,-2.9482674617228746,0.946901774096364,,,,,,,,
D8-K2par-sep_e10_r019,adapt,0.11750410098466091,0.1,3.1667892201057857,0.974037355886472,-2.797533855865126,0.9630573715320102,,,,,,,,
D8-K2par-sep_e10_r019,adaptX,0.09099168700049631,0.10333333333333333,3.148547392641507,0.961547792163336,-2.797533855865126,0.9630573715320102,,,,,,,,
D8-K2par-sep_e10_r019,HA50,0.010379256011219695,,22.96531534808892,1.474279865530426,-0.626782896915378,0.8897467900143671,,,,,,,,
D8-K2par-sep_e10_r019,TA(0.05),0.11978277697926387,0.03333333333333333,0.18563207874231205,0.9589185270061306,22.96531534808892,1.474279865530426,,,,,,,,
D8-K2par-sep_e10_r019,TA(0.10),0.11859752199961804,0.1,-2.797533855865126,0.9630573715320102,3.1667892201057857,0.974037355886472,,,,,,,,
D8-K2par-sep_e10_r019,TA(0.15),0.11927153600845486,0.10333333333333333,-2.797533855865126,0.9630573715320102,3.148547392641507,0.961547792163336,,,,,,,,
D8-K2par-sep_e10_r019,TA(0.25),0.11953149701002985,0.10333333333333333,3.148547392641507,0.961547792163336,-2.797533855865126,0.9630573715320102,,,,,,,,
D8-K2par-sep_e10_r019,TA(0.40),0.12243205399136059,0.10333333333333333,3.148547392641507,0.961547792163336,-2.797533855865126,0.9630573715320102,,,,,,,,
D8-K2par-sep_e20_r019,adapt,0.10627763098455034,0.18666666666666668,3.0408672332256823,0.9893129066913262,-2.9252116302829254,0.9752869787445089,,,,,,,,
D8-K2par-sep_e20_r019,adaptX,0.0959990220144391,0.18666666666666668,3.0408672332256823,0.9893129066913262,-2.9252116302829254,0.9752869787445089,,,,,,,,
D8-K2par-sep_e20_r019,HA50,0.02693314099451527,,2.0147189919816153,0.6279623443953468,-23.51515560128583,0.42308186377286455,,,,,,,,
D8-K2par-sep_e20_r019,TA(0.05),0.10843004198977724,0.07666666666666666,-23.929534623577332,0.2902428987691392,0.2501483415218569,0.9087991235814777,,,,,,,,
D8-K2par-sep_e20_r019,TA(0.10),0.10674229401047342,0.07333333333333333,0.2035241664592659,0.896983000909016,-23.929534623577332,0.2902428987691392,,,,,,,,
D8-K2par-sep_e20_r019,TA(0.15),0.10844555500079878,0.18666666666666668,3.0408672332256823,0.9893129066913262,-2.9252116302829254,0.9752869787445089,,,,,,,,
D8-K2par-sep_e20_r019,TA(0.25),0.1148488580074627,0.18666666666666668,3.0408672332256823,0.9893129066913262,-2.9252116302829254,0.9752869787445089,,,,,,,,
D8-K2par-sep_e20_r019,TA(0.40),0.1083149120095186,0.18666666666666668,3.0408672332256823,0.9893129066913262,-2.9252116302829254,0.9752869787445089,,,,,,,,
D8-K2par-sep_e30_r019,adapt,0.045081077987561,0.31666666666666665,3.0741101584990425,1.0515146565742757,-3.0074628219925668,1.0359931086170506,,,,,,,,
D8-K2par-sep_e30_r019,adaptX,0.04969056000118144,0.31666666666666665,3.0741101584990425,1.0515146565742757,-3.0074628219925668,1.0359931086170506,,,,,,,,
D8-K2par-sep_e30_r019,HA50,0.009673558990471065,,3.9552749370605547,1.36257127634015,-21.850742657732596,0.8907927929408325,,,,,,,,
D8-K2par-sep_e30_r019,TA(0.05),0.04701682101585902,0.13666666666666666,0.3147248719490685,0.9887132773280589,-21.850742657732596,0.8907927929408325,,,,,,,,
D8-K2par-sep_e30_r019,TA(0.10),0.046922581997932866,0.13666666666666666,0.2577138327454144,0.9668252149594909,-21.850742657732596,0.8907927929408325,,,,,,,,
D8-K2par-sep_e30_r019,TA(0.15),0.04719945599208586,0.13666666666666666,-21.850742657732596,0.8907927929408325,0.2577138327454144,0.9668252149594909,,,,,,,,
D8-K2par-sep_e30_r019,TA(0.25),0.047684029006632045,0.18,0.9825719531060586,1.7050032695302517,-15.507560105092153,5.314474290970632,,,,,,,,
D8-K2par-sep_e30_r019,TA(0.40),0.04587843600893393,0.31666666666666665,3.0741101584990425,1.0515146565742757,-3.0074628219925668,1.0359931086170506,,,,,,,,
D1-K2cross_e00_r020,adapt,0.07469424698501825,0.0,0.05799990307061065,1.452988472146127,-0.29491076841065744,-1.5001706038708709,,,,,,,,
D1-K2cross_e00_r020,adaptX,0.10368431798997335,0.0,0.060401250127814006,1.4527562678180106,-0.2971899930218455,-1.499912917562238,,,,,,,,
D1-K2cross_e00_r020,HA50,0.02366983299725689,,-0.29491076841065744,-1.5001706038708709,0.05799990307061065,1.452988472146127,,,,,,,,
D1-K2cross_e00_r020,TA(0.05),0.07581438598572277,0.0,-0.29491076841065744,-1.5001706038708709,0.05799990307061065,1.452988472146127,,,,,,,,
D1-K2cross_e00_r020,TA(0.10),0.08192750898888335,0.0,0.05799990307061065,1.452988472146127,-0.30924914651249114,-1.5085174931489778,,,,,,,,
D1-K2cross_e00_r020,TA(0.15),0.07707320398185402,0.0,-0.31695450863017904,-1.5089137136033155,0.05412239135453537,1.4522180971012877,,,,,,,,
D1-K2cross_e00_r020,TA(0.25),0.08374147399445064,0.0,0.060401250127814006,1.4527562678180106,-0.3114522885999757,-1.508275714792844,,,,,,,,
D1-K2cross_e00_r020,TA(0.40),0.0761464090028312,0.0033333333333333335,0.07330745704306264,1.4514529396555231,-0.3088780104242373,-1.4985299955980969,,,,,,,,
D1-K2cross_e05_r020,adapt,0.04303864101530053,0.07,-0.09259390505215914,-1.615703494262585,-0.02877673500731066,1.4618168538209748,,,,,,,,
D1-K2cross_e05_r020,adaptX,0.0501437810016796,0.06666666666666667,-0.033283573085748704,1.4625130020744075,-0.08304078751793512,-1.604098122731447,,,,,,,,
D1-K2cross_e05_r020,HA50,0.009645354002714157,,-0.8756110145254363,0.027769405335318013,17.63164404301886,4.662898891194804,,,,,,,,
D1-K2cross_e05_r020,TA(0.05),0.04472611300298013,0.06666666666666667,-0.033283573085748704,1.4625130020744075,-0.08304078751793512,-1.604098122731447,,,,,,,,
D1-K2cross_e05_r020,TA(0.10),0.04404005699325353,0.07,-0.11046815935477111,-1.61584861110138,-0.04690143362904887,1.4608516456854725,,,,,,,,
D1-K2cross_e05_r020,TA(0.15),0.04389150199131109,0.07,-0.04690143362904887,1.4608516456854725,-0.11046815935477111,-1.61584861110138,,,,,,,,
D1-K2cross_e05_r020,TA(0.25),0.04389880099915899,0.06666666666666667,-0.08304078751793512,-1.604098122731447,-0.033283573085748704,1.4625130020744075,,,,,,,,
D1-K2cross_e05_r020,TA(0.40),0.044561982998857275,0.07,-0.09259390505215914,-1.615703494262585,-0.02877673500731066,1.4618168538209748,,,,,,,,
D1-K2cross_e10_r020,adapt,0.0429191279981751,0.07666666666666666,-0.03137540046024878,-1.5046140992079944,-0.12172010271459292,1.5147337396623377,,,,,,,,
D1-K2cross_e10_r020,adaptX,0.04598706800607033,0.07666666666666666,-0.03137540046024878,-1.5046140992079944,-0.12172010271459292,1.5147337396623377,,,,,,,,
D1-K2cross_e10_r020,HA50,0.009964994009351358,,17.424851396467336,-4.803777856941508,-1.4356118988580522,-0.6699282565903362,,,,,,,,
D1-K2cross_e10_r020,TA(0.05),0.045071995991747826,0.07333333333333333,-0.051282631840548765,-1.5038340171405504,-0.07550462776599424,1.5247806016349255,,,,,,,,
D1-K2cross_e10_r020,TA(0.10),0.04428562900284305,0.07666666666666666,-0.03137540046024878,-1.5046140992079944,-0.12172010271459292,1.5147337396623377,,,,,,,,
D1-K2cross_e10_r020,TA(0.15),0.04530327199609019,0.07666666666666666,-0.12172010271459292,1.5147337396623377,-0.03137540046024878,-1.5046140992079944,,,,,,,,
D1-K2cross_e10_r020,TA(0.25),0.04373412800487131,0.07666666666666666,-0.024099043786940878,-1.5048033664128289,-0.13058285033563152,1.5143165240574372,,,,,,,,
D1-K2cross_e10_r020,TA(0.40),0.04646986600710079,0.07666666666666666,-0.13780782069224856,1.5139393048415282,-0.0172637694920263,-1.5049441887508723,,,,,,,,
D1-K2cross_e20_r020,adapt,0.04335584701038897,0.21666666666666667,0.15057553758222958,-1.5310533643206607,-0.07487421044452586,1.515161508978579,,,,,,,,
D1-K2cross_e20_r020,adaptX,0.05325034901034087,0.21666666666666667,0.15057553758222958,-1.5310533643206607,-0.07487421044452586,1.515161508978579,,,,,,,,
D1-K2cross_e20_r020,HA50,0.013135948014678434,,-22.037401949574807,-0.08566398153933734,2.361282930016197,0.20389138151444153,,,,,,,,
D1-K2cross_e20_r020,TA(0.05),0.04512742400402203,0.09333333333333334,-22.037401949574807,-0.08566398153933734,0.012549631047677862,0.022609537964688675,,,,,,,,
D1-K2cross_e20_r020,TA(0.10),0.045325559010962024,0.09333333333333334,0.012549631047677862,0.022609537964688675,-22.037401949574807,-0.08566398153933734,,,,,,,,
D1-K2cross_e20_r020,TA(0.15),0.04490083199925721,0.12666666666666668,-16.255861326153177,4.171956054827607,0.5130334712110267,0.49856751812514005,,,,,,,,
D1-K2cross_e20_r020,TA(0.25),0.045879826007876545,0.21666666666666667,0.14077427792150093,-1.5289058357051526,-0.0832574292312197,1.5170780090167457,,,,,,,,
D1-K2cross_e20_r020,TA(0.40),0.044753680005669594,0.21666666666666667,0.14077427792150093,-1.5289058357051526,-0.0832574292312197,1.5170780090167457,,,,,,,,
D1-K2cross_e30_r020,adapt,0.0487588040123228,0.31333333333333335,-0.022122612816583814,1.4447357071215527,-0.07182607897466392,-1.5194246385720418,,,,,,,,
D1-K2cross_e30_r020,adaptX,0.05463398600113578,0.31333333333333335,-0.07182607897466392,-1.5194246385720418,-0.022122612816583814,1.4447357071215527,,,,,,,,
D1-K2cross_e30_r020,HA50,0.00941938502364792,,-22.869510892854777,0.4012486322817102,3.1997714715412684,0.1208066963355274,,,,,,,,
D1-K2cross_e30_r020,TA(0.05),0.05009460900328122,0.11333333333333333,-0.0980615434213454,-0.0631308414867736,-22.869510892854777,0.4012486322817102,,,,,,,,
D1-K2cross_e30_r020,TA(0.10),0.05107596699963324,0.11333333333333333,-22.869510892854777,0.4012486322817102,-0.0980615434213454,-0.0631308414867736,,,,,,,,
D1-K2cross_e30_r020,TA(0.15),0.050650324003072456,0.11666666666666667,-0.0980615434213454,-0.0631308414867736,-22.647973195480805,0.6304478613743199,,,,,,,,
D1-K2cross_e30_r020,TA(0.25),0.05075477101490833,0.11666666666666667,-0.0980615434213454,-0.0631308414867736,-22.647973195480805,0.6304478613743199,,,,,,,,
D1-K2cross_e30_r020,TA(0.40),0.050080465007340536,0.31333333333333335,-0.07253520340525722,-1.519423098646666,-0.021050425478686127,1.4447430128941214,,,,,,,,
D2-K3par_e00_r020,adapt,0.1962437579932157,0.0033333333333333335,-0.45644193489060375,0.9784903682698426,2.7438988485388838,1.0729731272694805,-3.328705552378971,0.9210770740619157,,,,,,
D2-K3par_e00_r020,adaptX,0.1980242110148538,0.0033333333333333335,2.7438988485388838,1.0729731272694805,-3.3418743505110493,0.9272408470760891,-0.46897540531100657,0.986681316728163,,,,,,
D2-K3par_e00_r020,HA50,0.014524319994961843,,-3.2695126963953536,0.9188961675674279,2.854837583249728,1.021103620458242,-0.34621860924262704,0.95248869580199,,,,,,
D2-K3par_e00_r020,TA(0.05),0.19778814000892453,0.0033333333333333335,2.7130654721391796,1.0420137350673906,-0.48803108680948937,0.9529766469115982,-3.328705552378971,0.9210770740619157,,,,,,
D2-K3par_e00_r020,TA(0.10),0.19901548602501862,0.006666666666666667,2.669533133189335,1.1448491027068777,-3.32986385321983,0.9485923258585961,-0.5311334510622199,1.0460527471842973,,,,,,
D2-K3par_e00_r020,TA(0.15),0.19697233600891195,0.006666666666666667,-3.353189663485109,0.9363690573526512,2.6524815963191077,1.1526249747506057,-0.5446833847136138,1.05210275688956,,,,,,
D2-K3par_e00_r020,TA(0.25),0.19828736397903413,0.006666666666666667,2.7244082003294503,1.0899078867979757,-0.4813071489509936,0.9968860549489144,-3.3185387741303805,0.9393398118228514,,,,,,
D2-K3par_e00_r020,TA(0.40),0.19750631801434793,0.006666666666666667,-0.4940494913433525,1.0097229434772959,2.7244082003294503,1.0899078867979757,-3.353189663485109,0.9363690573526512,,,,,,
D2-K3par_e05_r020,adapt,0.21103386400500312,0.05333333333333334,-3.0376481417242065,0.9538891586028014,0.12475080977411598,0.9286779066182164,3.1634337938247534,0.851924187622304,,,,,,
D2-K3par_e05_r020,adaptX,0.20975982100935653,0.05333333333333334,3.1319833747702965,0.8517847505512723,0.11008721691886028,0.9256575116917554,-2.97527283426394,0.986523619668046,,,,,,
D2-K3par_e05_r020,HA50,0.014416135003557429,,23.549973219107542,1.5318346714949715,0.5452110123025148,0.8318838960360815,-13.122670177164107,-2.8685385360926188,,,,,,
D2-K3par_e05_r020,TA(0.05),0.21464413098874502,0.05333333333333334,-2.99486639362605,0.9826188776692816,3.072429270537115,0.846802309696622,0.03140402523380484,0.9098774955073256,,,,,,
D2-K3par_e05_r020,TA(0.10),0.21336427997448482,0.05333333333333334,3.039129786982212,0.8536997339190617,-2.99486639362605,0.9826188776692816,0.0013909907175698698,0.9109492673571886,,,,,,
D2-K3par_e05_r020,TA(0.15),0.21334001497598365,0.05333333333333334,0.015072240175355314,0.9034754909666751,-2.99486639362605,0.9826188776692816,3.0585118035802696,0.8427459318580575,,,,,,
D2-K3par_e05_r020,TA(0.25),0.21290537400636822,0.05333333333333334,-2.8384401974526585,0.9749801091470824,3.2226904939530496,0.8224194767863661,0.3016436944932328,0.8834321111464021,,,,,,
D2-K3par_e05_r020,TA(0.40),0.21433844600687735,0.05333333333333334,0.01784212755611211,0.9173464446900816,-2.99486639362605,0.9826188776692816,3.0528910188449516,0.8577811331376824,,,,,,
D2-K3par_e10_r020,adapt,0.2673328800010495,0.14,0.4159276928993929,0.8062526366317535,-2.689586336359272,0.9148393101283189,3.195330242373391,0.885785641579796,,,,,,
D2-K3par_e10_r020,adaptX,0.2288275469909422,0.14,-2.702812574579723,0.9010577605939397,3.195330242373391,0.885785641579796,0.397313728250433,0.7921659418035286,,,,,,
D2-K3par_e10_r020,HA50,0.014721173007274047,,-22.39608662408115,1.2195661080200892,22.291931777122418,1.37447810160086,0.26255064366521563,0.7740945247737508,,,,,,
D2-K3par_e10_r020,TA(0.05),0.2705413149960805,0.03666666666666667,-22.39608662408115,1.2195661080200892,-0.3540940018999632,0.3549614693669153,11.863481453456615,-3.151648461941266,,,,,,
D2-K3par_e10_r020,TA(0.10),0.2680374310002662,0.08666666666666667,2.2461323161210722,0.8718142957646934,22.53428978469456,1.778704001345021,-2.0821277319644063,0.7940215102617355,,,,,,
D2-K3par_e10_r020,TA(0.15),0.26959292602259666,0.14,-2.8019343891265027,0.8512663326271022,3.176882296669393,0.8759765011281667,0.27931611597568057,0.733861854862571,,,,,,
D2-K3par_e10_r020,TA(0.25),0.27193186900694855,0.14,0.27301131426316,0.941322739122777,3.035107886619547,0.985635806648559,-2.6993207648129744,0.9445894089282632,,,,,,
D2-K3par_e10_r020,TA(0.40),0.2700314350076951,0.14,0.5184654810605185,0.7692288710104352,-2.60780525771698,0.8858185648816198,3.243504561583032,0.8559331794603621,,,,,,
D2-K3par_e20_r020,adapt,0.26083976301015355,0.20666666666666667,3.004822939165073,1.0406490081001147,0.03496892510913258,1.0730427981575927,-2.972923524092377,0.9530175469900218,,,,,,
D2-K3par_e20_r020,adaptX,0.2959706090041436,0.20666666666666667,0.05176078165779837,1.083868309903071,-2.955112815274618,0.9615311712052724,3.004822939165073,1.0406490081001147,,,,,,
D2-K3par_e20_r020,HA50,0.014732988987816498,,21.92839521826212,1.1979107665895032,-22.44873530128358,2.0450283287001465,0.00662762762576932,0.7349896937582011,,,,,,
D2-K3par_e20_r020,TA(0.05),0.2624822479847353,0.0,0.00662762762576932,0.7349896937582011,-22.44873530128358,2.0450283287001465,21.35201751587589,0.8223222075785771,,,,,,
D2-K3par_e20_r020,TA(0.10),0.2618721729959361,0.09333333333333334,-2.2533889822164683,0.806195505491825,2.046588586544299,0.7705321049165944,21.92839521826212,1.1979107665895032,,,,,,
D2-K3par_e20_r020,TA(0.15),0.2637318760098424,0.09333333333333334,-2.2533889822164683,0.806195505491825,2.046588586544299,0.7705321049165944,21.92839521826212,1.1979107665895032,,,,,,
D2-K3par_e20_r020,TA(0.25),0.2644776399829425,0.20666666666666667,3.004822939165073,1.0406490081001147,0.05176078165779837,1.083868309903071,-2.955112815274618,0.9615311712052724,,,,,,
D2-K3par_e20_r020,TA(0.40),0.26504653302254155,0.20666666666666667,3.150692388596522,0.7400199378293388,0.6179040315857257,0.5386472159954133,-2.5635492211264164,0.7802325346143859,,,,,,
D2-K3par_e30_r020,adapt,0.22225693400832824,0.13666666666666666,21.726428350226914,0.5141697541570469,1.8403638145179773,1.0869265818861369,-2.4950918689122084,1.1508266486362497,,,,,,
D2-K3par_e30_r020,adaptX,0.20991452998714522,0.2733333333333333,3.116400456729886,0.9677288294810474,-2.970481927846399,1.1555895168177852,0.19412625303071504,1.0512664321051546,,,,,,
D2-K3par_e30_r020,HA50,0.00933711402467452,,-23.780659171417977,0.24050579599638283,21.722347848289964,0.8107132202038114,0.003545397197277014,0.9933725550483647,,,,,,
D2-K3par_e30_r020,TA(0.05),0.22332636700593866,0.013333333333333334,-23.780659171417977,0.24050579599638283,21.370670433458056,0.5621658470278429,0.003545397197277014,0.9933725550483647,,,,,,
D2-K3par_e30_r020,TA(0.10),0.2241638329869602,0.013333333333333334,0.003545397197277014,0.9933725550483647,21.370670433458056,0.5621658470278429,-23.780659171417977,0.24050579599638283,,,,,,
D2-K3par_e30_r020,TA(0.15),0.22469654900487512,0.14,21.370670433458056,0.5621658470278429,-2.4950918689122084,1.1508266486362497,1.8403638145179773,1.0869265818861369,,,,,,
D2-K3par_e30_r020,TA(0.25),0.22289389200159349,0.20666666666666667,1.943676272200783,1.210609683732136,11.487133881641714,-3.4939768081603906,-2.624229535402656,1.084629396451167,,,,,,
D2-K3par_e30_r020,TA(0.40),0.22296465700492263,0.2733333333333333,0.23180732893870207,1.0448230932713969,3.1395294748066616,0.9610960353531737,-2.9465859988620817,1.1494458284137037,,,,,,
D3-unequal_e00_r020,adapt,0.049573931988561526,0.023333333333333334,0.018516041033654153,-1.4480224731840503,0.17805457087019746,1.502857051625485,,,,,,,,
D3-unequal_e00_r020,adaptX,0.05436356199788861,0.023333333333333334,0.2701932683065079,1.5002242514452733,-0.006096589313986387,-1.4457827629915383,,,,,,,,
D3-unequal_e00_r020,HA50,0.009419267007615417,,-0.003524196014532539,-1.464461114652093,0.15685269383707334,1.4852405548315073,,,,,,,,
D3-unequal_e00_r020,TA(0.05),0.05093860501074232,0.023333333333333334,-0.006096589313986387,-1.4457827629915383,0.2701932683065079,1.5002242514452733,,,,,,,,
D3-unequal_e00_r020,TA(0.10),0.05046351000783034,0.023333333333333334,0.28175521990640756,1.4997930532750117,-0.011778890883474273,-1.4452153243073145,,,,,,,,
D3-unequal_e00_r020,TA(0.15),0.05182601200067438,0.023333333333333334,0.28175521990640756,1.4997930532750117,-0.025604660780090174,-1.434949677371174,,,,,,,,
D3-unequal_e00_r020,TA(0.25),0.05361741301021539,0.023333333333333334,-0.006096589313986387,-1.4457827629915383,0.2701932683065079,1.5002242514452733,,,,,,,,
D3-unequal_e00_r020,TA(0.40),0.051598601014120504,0.18333333333333332,-0.6240017999836328,-1.3880747682372958,1.156965031723163,-1.4110874744725648,,,,,,,,
D3-unequal_e05_r020,adapt,0.05028086400125176,0.06666666666666667,-0.005429852487861314,-1.4779775566029292,-0.3060276332839933,1.5308771582952057,,,,,,,,
D3-unequal_e05_r020,adaptX,0.056802909006364644,0.06666666666666667,-0.011034526816123552,-1.4790314466826935,-0.31785933822898926,1.5308369356883622,,,,,,,,
D3-unequal_e05_r020,HA50,0.009618537005735561,,-20.457537563948907,-4.182534487852985,1.1944744150840623,-0.922027062866754,,,,,,,,
D3-unequal_e05_r020,TA(0.05),0.05221290799090639,0.06666666666666667,-0.3060276332839933,1.5308771582952057,-0.005429852487861314,-1.4779775566029292,,,,,,,,
D3-unequal_e05_r020,TA(0.10),0.0523755679896567,0.06666666666666667,-0.011034526816123552,-1.4790314466826935,-0.31785933822898926,1.5308369356883622,,,,,,,,
D3-unequal_e05_r020,TA(0.15),0.051192081009503454,0.06666666666666667,-0.011034526816123552,-1.4790314466826935,-0.31785933822898926,1.5308369356883622,,,,,,,,
D3-unequal_e05_r020,TA(0.25),0.0514357759966515,0.22,-0.7881288847703286,-1.4819631787959604,0.9442222903160156,-1.4352134764576623,,,,,,,,
D3-unequal_e05_r020,TA(0.40),0.05162638399633579,0.22666666666666666,-1.0101739938089913,-1.5674904400101988,0.7002824680491972,-1.5039715530641602,,,,,,,,
D3-unequal_e10_r020,adapt,0.048732566996477544,0.12333333333333334,-0.10767152285982991,-1.4435866854662982,-0.006307118681708182,1.5383733525061636,,,,,,,,
D3-unequal_e10_r020,adaptX,0.05517656001029536,0.12333333333333334,-0.10767152285982991,-1.4435866854662982,-0.006307118681708182,1.5383733525061636,,,,,,,,
D3-unequal_e10_r020,HA50,0.011160093999933451,,-1.107991588137219,-0.7706438156934129,22.14585146480308,0.007273860772272573,,,,,,,,
D3-unequal_e10_r020,TA(0.05),0.04949840600602329,0.12666666666666668,-0.0589378846152846,-1.0319652844321794,22.779508012292048,-0.584084584123976,,,,,,,,
D3-unequal_e10_r020,TA(0.10),0.049493853002786636,0.12333333333333334,-0.006307118681708182,1.5383733525061636,-0.10767152285982991,-1.4435866854662982,,,,,,,,
D3-unequal_e10_r020,TA(0.15),0.0508217120077461,0.12333333333333334,-0.10767152285982991,-1.4435866854662982,-0.006307118681708182,1.5383733525061636,,,,,,,,
D3-unequal_e10_r020,TA(0.25),0.051157832000171766,0.12333333333333334,-0.006307118681708182,1.5383733525061636,-0.10767152285982991,-1.4435866854662982,,,,,,,,
D3-unequal_e10_r020,TA(0.40),0.05178111800341867,0.23,-0.9393882048777283,-1.263815407888288,1.032093524088607,-1.2083673653799372,,,,,,,,
D3-unequal_e20_r020,adapt,0.04874642501818016,0.16,0.18058889517373775,-1.460230389628698,-0.1590991328994652,1.4016180442983321,,,,,,,,
D3-unequal_e20_r020,adaptX,0.052214691997505724,0.16,0.18058889517373775,-1.460230389628698,-0.1590991328994652,1.4016180442983321,,,,,,,,
D3-unequal_e20_r020,HA50,0.008313894009916112,,1.965453230464616,-0.7422461728500763,-22.482875744340845,-1.0570413817417568,,,,,,,,
D3-unequal_e20_r020,TA(0.05),0.049415280984248966,0.08666666666666667,-22.482875744340845,-1.0570413817417568,0.06309622540785623,-0.746404302580589,,,,,,,,
D3-unequal_e20_r020,TA(0.10),0.06297966302372515,0.16333333333333333,0.17333901511482366,-1.1517777904869635,-16.652461411877407,-5.203397149535244,,,,,,,,
D3-unequal_e20_r020,TA(0.15),0.057987938984297216,0.16,0.17320790952529586,-1.4600163942892457,-0.1430371305870845,1.4019465290162156,,,,,,,,
D3-unequal_e20_r020,TA(0.25),0.0503486969973892,0.16,-0.1590991328994652,1.4016180442983321,0.18058889517373775,-1.460230389628698,,,,,,,,
D3-unequal_e20_r020,TA(0.40),0.05852117500035092,0.31,-0.8806406702253529,-1.3031573722234695,1.0282725204207959,-1.3355048648786843,,,,,,,,
D3-unequal_e30_r020,adapt,0.05019391598762013,0.3,-0.07339973756168794,1.6055897908077523,0.047615735074811205,-1.5004821745964585,,,,,,,,
D3-unequal_e30_r020,adaptX,0.058689791010692716,0.3,0.047615735074811205,-1.5004821745964585,-0.07339973756168794,1.6055897908077523,,,,,,,,
D3-unequal_e30_r020,HA50,0.010023457987699658,,-4.191679507072906,-0.26489662968112737,23.235699477117457,-0.29399968425559847,,,,,,,,
D3-unequal_e30_r020,TA(0.05),0.050949349999427795,0.18,-0.16369135025309486,-0.8979305466347437,-22.614087869269436,-0.2659920762725,,,,,,,,
D3-unequal_e30_r020,TA(0.10),0.05136049698921852,0.21,-22.614087869269436,-0.2659920762725,-0.11961144494534394,-1.0911876954969644,,,,,,,,
D3-unequal_e30_r020,TA(0.15),0.05167228399659507,0.19,-22.614087869269436,-0.2659920762725,-0.2276388047096331,-0.9582092458687298,,,,,,,,
D3-unequal_e30_r020,TA(0.25),0.05230795298120938,0.24,0.05212934151950358,-1.3729326511771656,-22.41502896144624,-1.1037741795374298,,,,,,,,
D3-unequal_e30_r020,TA(0.40),0.05122146199573763,0.3,-0.07339973756168794,1.6055897908077523,0.047615735074811205,-1.5004821745964585,,,,,,,,
D4-hetero_e00_r020,adapt,0.0423716549994424,0.03666666666666667,-0.18284683277157815,1.5817202119560563,-0.0670902406053597,-1.5235501771891364,,,,,,,,
D4-hetero_e00_r020,adaptX,0.05022024697973393,0.03666666666666667,-0.18284683277157815,1.5817202119560563,-0.0670902406053597,-1.5235501771891364,,,,,,,,
D4-hetero_e00_r020,HA50,0.008711047004908323,,-0.11588745928820836,-1.4857436475434462,-0.12781058490568206,1.6052239997426416,,,,,,,,
D4-hetero_e00_r020,TA(0.05),0.04489016500883736,0.03666666666666667,-0.2063326117244949,1.5822143448221737,-0.03688475952906621,-1.532656865957194,,,,,,,,
D4-hetero_e00_r020,TA(0.10),0.0431905250006821,0.03666666666666667,-0.20961874874258044,1.5822814762650115,-0.03491916030012618,-1.5327829469439078,,,,,,,,
D4-hetero_e00_r020,TA(0.15),0.04391203401610255,0.03666666666666667,-0.20961874874258044,1.5822814762650115,-0.03491916030012618,-1.5327829469439078,,,,,,,,
D4-hetero_e00_r020,TA(0.25),0.04526765999617055,0.03666666666666667,-0.035762723656187406,-1.5325728956895124,-0.21380271058646755,1.5824610580038123,,,,,,,,
D4-hetero_e00_r020,TA(0.40),0.04582289099926129,0.03666666666666667,-0.03491916030012618,-1.5327829469439078,-0.20961874874258044,1.5822814762650115,,,,,,,,
D4-hetero_e05_r020,adapt,0.05082353900070302,0.06666666666666667,-0.01816453366670112,1.6755557680538509,-0.055474134625902255,-1.4595429369186226,,,,,,,,
D4-hetero_e05_r020,adaptX,0.05663759197341278,0.07,-0.054278506813833845,1.688617493073968,-0.055474134625902255,-1.4595429369186226,,,,,,,,
D4-hetero_e05_r020,HA50,0.007885831990279257,,-0.7133559013079951,2.0534147212202827,0.2895818502330827,-1.7601216044790717,,,,,,,,
D4-hetero_e05_r020,TA(0.05),0.05279451599926688,0.07,-0.061656590193326505,1.6882950717671428,-0.055976863857097776,-1.45987180030619,,,,,,,,
D4-hetero_e05_r020,TA(0.10),0.051398594019701704,0.07,-0.03026373324275791,1.6755801933381091,-0.055474134625902255,-1.4595429369186226,,,,,,,,
D4-hetero_e05_r020,TA(0.15),0.053435045992955565,0.07,-0.03026373324275791,1.6755801933381091,-0.055474134625902255,-1.4595429369186226,,,,,,,,
D4-hetero_e05_r020,TA(0.25),0.05192869799793698,0.06666666666666667,-0.055474134625902255,-1.4595429369186226,-0.01816453366670112,1.6755557680538509,,,,,,,,
D4-hetero_e05_r020,TA(0.40),0.05357674602419138,0.06666666666666667,-0.01816453366670112,1.6755557680538509,-0.055474134625902255,-1.4595429369186226,,,,,,,,
D4-hetero_e10_r020,adapt,0.04480884299846366,0.09333333333333334,-0.10493695721753386,-1.5035866611220132,-0.012924639051926467,1.5652104326734169,,,,,,,,
D4-hetero_e10_r020,adaptX,0.050592308019986376,0.09,-0.1030786020533264,-1.5036420899164518,0.014739526539287263,1.5479804820594818,,,,,,,,
D4-hetero_e10_r020,HA50,0.008630843018181622,,19.098663675241752,-4.550466443203846,-1.015220230117739,-0.3179776112473929,,,,,,,,
D4-hetero_e10_r020,TA(0.05),0.04576827900018543,0.09,-0.10792699787926688,-1.5039996939494842,0.04791104059295889,1.5407342904988697,,,,,,,,
D4-hetero_e10_r020,TA(0.10),0.04587156299385242,0.09,-0.10493695721753386,-1.5035866611220132,0.012544766677144263,1.5481870271637956,,,,,,,,
D4-hetero_e10_r020,TA(0.15),0.045342177007114515,0.09,0.012544766677144263,1.5481870271637956,-0.10493695721753386,-1.5035866611220132,,,,,,,,
D4-hetero_e10_r020,TA(0.25),0.04619099499541335,0.09333333333333334,-0.1030786020533264,-1.5036420899164518,-0.010486763482815454,1.564967403322416,,,,,,,,
D4-hetero_e10_r020,TA(0.40),0.04663536697626114,0.09,-0.10493695721753386,-1.5035866611220132,0.012544766677144263,1.5481870271637956,,,,,,,,
D4-hetero_e20_r020,adapt,0.045963367010699585,0.21666666666666667,0.21218452675423954,1.40732233032436,0.020834483800916497,-1.52401223147894,,,,,,,,
D4-hetero_e20_r020,adaptX,0.05401342600816861,0.21666666666666667,0.21218452675423954,1.40732233032436,0.020834483800916497,-1.52401223147894,,,,,,,,
D4-hetero_e20_r020,HA50,0.00946590700186789,,2.664406356099922,0.0788239911056966,-22.397846986343506,0.13563944109796083,,,,,,,,
D4-hetero_e20_r020,TA(0.05),0.047402997995959595,0.1,-22.397846986343506,0.13563944109796083,0.09203630979295856,-0.02204445268987847,,,,,,,,
D4-hetero_e20_r020,TA(0.10),0.0468544389877934,0.1,-22.397846986343506,0.13563944109796083,0.09203630979295856,-0.02204445268987847,,,,,,,,
D4-hetero_e20_r020,TA(0.15),0.04768404699279927,0.14,0.6043496725715899,-0.5378152500965373,-15.704049637313597,-4.964280687017931,,,,,,,,
D4-hetero_e20_r020,TA(0.25),0.04764025000622496,0.21666666666666667,0.20624865950012247,1.40707242727742,0.04067303152494424,-1.5230831481657208,,,,,,,,
D4-hetero_e20_r020,TA(0.40),0.046961201005615294,0.21666666666666667,0.20624865950012247,1.40707242727742,0.026406250597474437,-1.523824604022074,,,,,,,,
D4-hetero_e30_r020,adapt,0.04419470898574218,0.2733333333333333,-0.08857651301406898,-1.5168540405847406,0.09870587750034339,1.5747393424970881,,,,,,,,
D4-hetero_e30_r020,adaptX,0.047446973010664806,0.27666666666666667,0.07885846601538943,1.5742436146023333,-0.0724553081687236,-1.5171205538813914,,,,,,,,
D4-hetero_e30_r020,HA50,0.00891487201442942,,-22.175105048739237,-0.5007217384650494,3.4232621152496914,0.4848671714519992,,,,,,,,
D4-hetero_e30_r020,TA(0.05),0.045108530001016334,0.14,22.517465560870857,0.14784397745513736,-0.0877326901357193,0.025582997395300767,,,,,,,,
D4-hetero_e30_r020,TA(0.10),0.04533233700203709,0.14,-0.0877326901357193,0.025582997395300767,22.517465560870857,0.14784397745513736,,,,,,,,
D4-hetero_e30_r020,TA(0.15),0.0462789979937952,0.14,-0.0877326901357193,0.025582997395300767,22.517465560870857,0.14784397745513736,,,,,,,,
D4-hetero_e30_r020,TA(0.25),0.046047962008742616,0.14,0.28189026084797814,-0.3135535180406559,-17.65815663223974,-3.7281122870274377,,,,,,,,
D4-hetero_e30_r020,TA(0.40),0.04470167198451236,0.2733333333333333,-0.07346434114240005,-1.5178198931772717,0.06724704328272052,1.5730752423414494,,,,,,,,
D5-leverage_e00_r020,adapt,0.04192959499778226,0.006666666666666667,0.1276179212419377,1.3844801108469214,0.12681176452339465,-1.541488809399969,,,,,,,,
D5-leverage_e00_r020,adaptX,0.04546832499909215,0.006666666666666667,0.09762996146040995,1.3906461087949646,0.13931378594213745,-1.542001886787442,,,,,,,,
D5-leverage_e00_r020,HA50,0.007585940998978913,,0.1278277177428847,1.392039345710967,0.10858902709951411,-1.5407844885204576,,,,,,,,
D5-leverage_e00_r020,TA(0.05),0.04379668299225159,0.006666666666666667,0.12681176452339465,-1.541488809399969,0.11129991154757801,1.3905349772811162,,,,,,,,
D5-leverage_e00_r020,TA(0.10),0.04338527499930933,0.006666666666666667,0.11129991154757801,1.3905349772811162,0.12681176452339465,-1.541488809399969,,,,,,,,
D5-leverage_e00_r020,TA(0.15),0.04265442898031324,0.01,0.14487712773239972,1.385909553987674,0.12743105322234521,-1.5415335398813221,,,,,,,,
D5-leverage_e00_r020,TA(0.25),0.04568415699759498,0.013333333333333334,0.10423149070030333,-1.5400977137291232,0.18370721829786169,1.3889007643611588,,,,,,,,
D5-leverage_e00_r020,TA(0.40),0.04396219502086751,0.016666666666666666,0.18317769796721,1.3773798976801173,0.07068741313334954,-1.5405279387967523,,,,,,,,
D5-leverage_e05_r020,adapt,0.04152415500720963,0.07333333333333333,0.04465583336246026,-1.5423195130389713,0.12974296929466922,1.559070016768885,,,,,,,,
D5-leverage_e05_r020,adaptX,0.046467650012345985,0.07333333333333333,0.03129283144060345,-1.5467220151195282,0.11826120256635515,1.5553446394497112,,,,,,,,
D5-leverage_e05_r020,HA50,0.008598635991802439,,2.3252839025046215,0.020678480552374503,-2.622176452434226,-0.001993213918053378,,,,,,,,
D5-leverage_e05_r020,TA(0.05),0.04389914698549546,0.07333333333333333,0.12974296929466922,1.559070016768885,0.04465583336246026,-1.5423195130389713,,,,,,,,
D5-leverage_e05_r020,TA(0.10),0.04307642500498332,0.07333333333333333,0.11789029381892632,1.5553617482831543,0.03163585020479979,-1.5467353042063379,,,,,,,,
D5-leverage_e05_r020,TA(0.15),0.04348459799075499,0.07333333333333333,0.04465583336246026,-1.5423195130389713,0.12974296929466922,1.559070016768885,,,,,,,,
D5-leverage_e05_r020,TA(0.25),0.04419451399007812,0.07333333333333333,0.04465583336246026,-1.5423195130389713,0.12974296929466922,1.559070016768885,,,,,,,,
D5-leverage_e05_r020,TA(0.40),0.04385521498625167,0.07333333333333333,0.13456475778421859,1.5595671991234243,0.05028570575971407,-1.541717909484653,,,,,,,,
D5-leverage_e10_r020,adapt,0.041259294986957684,0.12,-0.19336602507010317,-1.5202764865128513,-0.20463268708102045,1.603646351499863,,,,,,,,
D5-leverage_e10_r020,adaptX,0.030260398983955383,0.12,-0.20463268708102045,1.603646351499863,-0.19336602507010317,-1.5202764865128513,,,,,,,,
D5-leverage_e10_r020,HA50,0.005233561008935794,,2.2313217878963414,-0.09690182358614234,-2.5369960478926,0.06426151991102791,,,,,,,,
D5-leverage_e10_r020,TA(0.05),0.04383579400018789,0.0,2.1607552174569995,-0.09111226273748703,-2.6019984016947815,0.07009644486588762,,,,,,,,
D5-leverage_e10_r020,TA(0.10),0.04329595799208619,0.0,2.1607552174569995,-0.09111226273748703,-2.6019984016947815,0.07009644486588762,,,,,,,,
D5-leverage_e10_r020,TA(0.15),0.04224951801006682,0.12,-0.20463268708102045,1.603646351499863,-0.19336602507010317,-1.5202764865128513,,,,,,,,
D5-leverage_e10_r020,TA(0.25),0.043141881993506104,0.12333333333333334,-0.10810837608832578,1.6237797845156734,-0.24981700480652988,-1.5215317330139118,,,,,,,,
D5-leverage_e10_r020,TA(0.40),0.04214632001821883,0.12,-0.20463268708102045,1.603646351499863,-0.21291532339233607,-1.5208163560227814,,,,,,,,
D5-leverage_e20_r020,adapt,0.04303582801367156,0.02,2.5728851975481906,-0.15272930681869706,-2.010798668804652,0.03008912122733587,,,,,,,,
D5-leverage_e20_r020,adaptX,0.04855415099882521,0.18666666666666668,-0.06881283298948679,-1.4347982693211503,0.23280958068575766,1.5433502293174368,,,,,,,,
D5-leverage_e20_r020,HA50,0.009030012006405741,,2.6484352308334325,-0.14127332043400798,-2.083458065584809,0.03323414900303482,,,,,,,,
D5-leverage_e20_r020,TA(0.05),0.04476235300535336,0.02,2.5728851975481906,-0.15272930681869706,-2.010798668804652,0.03008912122733587,,,,,,,,
D5-leverage_e20_r020,TA(0.10),0.04511603698483668,0.02,2.5728851975481906,-0.15272930681869706,-2.010798668804652,0.03008912122733587,,,,,,,,
D5-leverage_e20_r020,TA(0.15),0.044058159983251244,0.02,-2.010798668804652,0.03008912122733587,2.5728851975481906,-0.15272930681869706,,,,,,,,
D5-leverage_e20_r020,TA(0.25),0.045342573983361945,0.18666666666666668,-0.04681888137851573,-1.449527634945788,0.23571361641800373,1.5432139032751997,,,,,,,,
D5-leverage_e20_r020,TA(0.40),0.04463245501392521,0.18666666666666668,0.22969764039116847,1.542996255828663,-0.05238381294937002,-1.4497178073818617,,,,,,,,
D5-leverage_e30_r020,adapt,0.07263964301091619,0.0033333333333333335,2.421967390372266,-0.10144839325417689,-2.391306987139758,0.11403564252072217,,,,,,,,
D5-leverage_e30_r020,adaptX,0.0632668879989069,0.0033333333333333335,-2.391306987139758,0.11403564252072217,2.421967390372266,-0.10144839325417689,,,,,,,,
D5-leverage_e30_r020,HA50,0.00899599099648185,,-2.420467841917439,0.11338004570883926,2.421967390372266,-0.10144839325417689,,,,,,,,
D5-leverage_e30_r020,TA(0.05),0.07487851500627585,0.006666666666666667,2.4126438822538168,-0.08207205487524064,-2.375234563497607,0.13529223381922262,,,,,,,,
D5-leverage_e30_r020,TA(0.10),0.07393036398570985,0.006666666666666667,-2.375234563497607,0.13529223381922262,2.4126438822538168,-0.08207205487524064,,,,,,,,
D5-leverage_e30_r020,TA(0.15),0.08707390798372217,0.01,-2.153499447675619,0.07961236069077018,2.640141229354768,-0.13704229139451468,,,,,,,,
D5-leverage_e30_r020,TA(0.25),0.07329238299280405,0.0033333333333333335,2.8645773344363916,-0.2047138610703985,-1.9248571038300437,-0.010623470217516827,,,,,,,,
D5-leverage_e30_r020,TA(0.40),0.07442354300292209,0.11333333333333333,-0.4246281496450707,-1.3556508450515548,3.4518685203389494,-0.4130001482884614,,,,,,,,
D6-uniform_e00_r020,adapt,0.04401687000063248,0.016666666666666666,-0.0634497886469593,-1.4594383371588064,0.08380213761695363,1.5053028111442068,,,,,,,,
D6-uniform_e00_r020,adaptX,0.049967330996878445,0.016666666666666666,-0.0634497886469593,-1.4594383371588064,0.08380213761695363,1.5053028111442068,,,,,,,,
D6-uniform_e00_r020,HA50,0.008719201985513791,,0.07825503545008178,1.5047748089666264,-0.05304751771332553,-1.4814048095339607,,,,,,,,
D6-uniform_e00_r020,TA(0.05),0.04502228900673799,0.016666666666666666,0.07825503545008178,1.5047748089666264,-0.05677026083433425,-1.4598233834195309,,,,,,,,
D6-uniform_e00_r020,TA(0.10),0.04614281599060632,0.016666666666666666,-0.058721418476954154,-1.4597165278532986,0.07992417732899998,1.5049376757195538,,,,,,,,
D6-uniform_e00_r020,TA(0.15),0.045061528973747045,0.016666666666666666,0.10672941798706936,1.4963104951346864,-0.0421343936539009,-1.4648516239161757,,,,,,,,
D6-uniform_e00_r020,TA(0.25),0.04775261098984629,0.013333333333333334,0.11332262536682282,1.4963414273361877,-0.01915178057480419,-1.458854895708757,,,,,,,,
D6-uniform_e00_r020,TA(0.40),0.045223274995805696,0.016666666666666666,-0.048537944892233655,-1.4523487901917256,0.11082320001459545,1.4966795534122994,,,,,,,,
D6-uniform_e05_r020,adapt,0.04179096198640764,0.02666666666666667,0.025871062728508296,-1.4751675632791126,0.0779653144187445,1.5148676803786623,,,,,,,,
D6-uniform_e05_r020,adaptX,0.04827762598870322,0.02666666666666667,0.07461874109582951,1.5146153938900446,0.028712257034770233,-1.4750509282679387,,,,,,,,
D6-uniform_e05_r020,HA50,0.008597598993219435,,-0.06950250555438871,-1.4559761156744948,-0.023187754093196674,1.5308858923290884,,,,,,,,
D6-uniform_e05_r020,TA(0.05),0.04405507698538713,0.02666666666666667,0.025871062728508296,-1.4751675632791126,0.0779653144187445,1.5148676803786623,,,,,,,,
D6-uniform_e05_r020,TA(0.10),0.04459222999867052,0.02666666666666667,0.0779653144187445,1.5148676803786623,0.025871062728508296,-1.4751675632791126,,,,,,,,
D6-uniform_e05_r020,TA(0.15),0.04389054997591302,0.02666666666666667,0.0779653144187445,1.5148676803786623,0.025871062728508296,-1.4751675632791126,,,,,,,,
D6-uniform_e05_r020,TA(0.25),0.04346042399993166,0.02666666666666667,0.025871062728508296,-1.4751675632791126,0.0779653144187445,1.5148676803786623,,,,,,,,
D6-uniform_e05_r020,TA(0.40),0.04374690499389544,0.02666666666666667,0.07348023058187514,1.5159016871268547,0.019849768444853207,-1.4744064267023382,,,,,,,,
D6-uniform_e10_r020,adapt,0.04740551998838782,0.10666666666666667,-0.016373954333941544,1.5161319026717346,-0.028415555243388724,-1.5904812110752207,,,,,,,,
D6-uniform_e10_r020,adaptX,0.05239734399947338,0.10666666666666667,-0.028415555243388724,-1.5904812110752207,-0.016373954333941544,1.5161319026717346,,,,,,,,
D6-uniform_e10_r020,HA50,0.01016432701726444,,-0.11195278241504654,1.46623645389972,-0.12032875175933232,-1.7011176811416269,,,,,,,,
D6-uniform_e10_r020,TA(0.05),0.048441188992001116,0.10666666666666667,-0.028415555243388724,-1.5904812110752207,-0.016373954333941544,1.5161319026717346,,,,,,,,
D6-uniform_e10_r020,TA(0.10),0.04953588399803266,0.10666666666666667,-0.028415555243388724,-1.5904812110752207,-0.016373954333941544,1.5161319026717346,,,,,,,,
D6-uniform_e10_r020,TA(0.15),0.04848151301848702,0.10666666666666667,-0.047350510677298924,-1.579952794611219,-0.03399195767964043,1.5249554110949646,,,,,,,,
D6-uniform_e10_r020,TA(0.25),0.048737745004473254,0.10666666666666667,-0.026217323171930852,1.516166064723181,-0.018093970163647336,-1.59065623034249,,,,,,,,
D6-uniform_e10_r020,TA(0.40),0.0487336240184959,0.10666666666666667,-0.0019705212241448067,-1.5867662583701934,-0.011824137118953167,1.5195266822887725,,,,,,,,
D6-uniform_e20_r020,adapt,0.04465644102310762,0.19333333333333333,0.12552914070087648,1.5081429366997934,0.1396958354658225,-1.4830864540960207,,,,,,,,
D6-uniform_e20_r020,adaptX,0.048904590017627925,0.19333333333333333,0.12552914070087648,1.5081429366997934,0.1396958354658225,-1.4830864540960207,,,,,,,,
D6-uniform_e20_r020,HA50,0.010433599993120879,,-2.572070261674822,0.20791829003915288,3.3985447966929496,0.016705125831984625,,,,,,,,
D6-uniform_e20_r020,TA(0.05),0.04768205599975772,0.19666666666666666,0.17886844900919016,-1.474794257109668,0.10766234034842868,1.5397622971686806,,,,,,,,
D6-uniform_e20_r020,TA(0.10),0.046322759008035064,0.19333333333333333,0.16610530658122963,-1.476321286046717,0.12552914070087648,1.5081429366997934,,,,,,,,
D6-uniform_e20_r020,TA(0.15),0.04548691099626012,0.18,0.11375570978030528,1.515173516463985,0.07282774969577184,-1.3788395059714542,,,,,,,,
D6-uniform_e20_r020,TA(0.25),0.045672102976823226,0.19,0.12844013612776944,1.5080089441104012,0.11135425708364324,-1.4620289165997682,,,,,,,,
D6-uniform_e20_r020,TA(0.40),0.04602963599609211,0.18666666666666668,0.07844789451071779,-1.4832877808671905,0.1318943565552805,1.5078177482079511,,,,,,,,
D6-uniform_e30_r020,adapt,0.04579306801315397,0.0,-3.6257752004514985,-0.008025886531064586,3.257085840176723,-0.01661926932140841,,,,,,,,
D6-uniform_e30_r020,adaptX,0.05023565699229948,0.0,3.0929027115042667,-0.020745289400055093,-3.7823525633954254,-0.021435417686726542,,,,,,,,
D6-uniform_e30_r020,HA50,0.010250599996652454,,-3.603710241497733,-0.012310548081511042,3.2816924485755994,-0.02168634148037724,,,,,,,,
D6-uniform_e30_r020,TA(0.05),0.04883167799562216,0.0,2.933432989019359,-0.04262601325239655,-3.9416159204131445,-0.05370444478398673,,,,,,,,
D6-uniform_e30_r020,TA(0.10),0.04645084700314328,0.0,-4.061907867799517,-0.09075058003477675,2.7576526612010968,-0.05740732788513026,,,,,,,,
D6-uniform_e30_r020,TA(0.15),0.04810759800602682,0.0,-3.691534124460503,0.0039020178511619077,3.183154919137957,-0.0021146528196297164,,,,,,,,
D6-uniform_e30_r020,TA(0.25),0.04761098200106062,0.16666666666666666,0.08963908962195792,1.5279267298097177,-0.42761013443022244,-1.4823756598295375,,,,,,,,
D6-uniform_e30_r020,TA(0.40),0.04643317000591196,0.20333333333333334,-0.11009372190380042,-1.607311630442175,-0.023918817114848726,1.4046950324233314,,,,,,,,
D7-p3_e00_r020,adapt,0.1880513409851119,0.006666666666666667,0.10599164542743948,-1.516591970842774,1.0101175262576874,1.028025709302219,-0.10160236209953405,1.448313737953837,1.037876190628419,0.9215538125551721,,,,
D7-p3_e00_r020,adaptX,1.2948541909863707,0.006666666666666667,-0.09681211496891697,1.4479566158107218,1.0427793163612344,0.9264549666055818,0.100840007599749,-1.5181070852850236,1.0049775348160797,1.0228284201362086,,,,
D7-p3_e00_r020,HA50,0.012335503997746855,,0.06594034844722299,-1.5303474862666169,1.0184909568690075,1.0110536038304303,-0.06988251347424197,1.4581515699332828,1.0291651532687076,0.9200893243755227,,,,
D7-p3_e00_r020,TA(0.05),0.19046230198000558,0.016666666666666666,-0.16588172818744587,1.4783813968567703,1.0582888692164314,0.8997350853223733,0.07496896432138285,-1.5116875515517123,1.006568360638375,1.007443972624904,,,,
D7-p3_e00_r020,TA(0.10),0.19036544999107718,0.016666666666666666,-0.14167046972850805,1.468785672909405,1.0479989178193336,0.9195405397795107,0.100840007599749,-1.5181070852850236,1.0049775348160797,1.0228284201362086,,,,
D7-p3_e00_r020,TA(0.15),0.18905740400077775,0.016666666666666666,-0.14167046972850805,1.468785672909405,1.0479989178193336,0.9195405397795107,0.100840007599749,-1.5181070852850236,1.0049775348160797,1.0228284201362086,,,,
D7-p3_e00_r020,TA(0.25),0.1908173319825437,0.016666666666666666,0.10081401962561674,-1.5106839201103412,0.992925211172733,1.0028655579809493,-0.18858499959853056,1.485036242449493,1.0524045217240325,0.9145221783033473,,,,
D7-p3_e00_r020,TA(0.40),0.19187106299796142,0.016666666666666666,-0.16768659224450863,1.499314507965343,1.0419543397530344,0.9174805597843187,0.03966286038774594,-1.4996772800130682,1.0427711046980777,0.9997808746576783,,,,
D7-p3_e05_r020,adapt,0.2149975579814054,0.1,0.06091943572765756,1.425462672701252,0.9032490636306141,1.0049847244376475,-0.17615759112154558,-1.4702890473526598,0.9133358778441426,0.9544510252957717,,,,
D7-p3_e05_r020,adaptX,1.5355426410096698,0.10666666666666667,-0.15905463131753858,-1.4702026946112179,0.9014137242439528,0.9482864966706464,0.06091943572765756,1.425462672701252,0.9032490636306141,1.0049847244376475,,,,
D7-p3_e05_r020,HA50,0.013771656987955794,,0.14102258706932153,0.13887654469834057,0.7844287165230056,0.8697465840105264,-21.449301901296824,-17.037052483048804,3.4192334062534857,6.4317987872352544,,,,
D7-p3_e05_r020,TA(0.05),0.21562758699292317,0.05,0.6249565864904683,0.4208582394337264,0.8976468051593504,1.088785024395201,-14.10496741440388,4.401908873748722,0.24008238868532877,0.6610487798361151,,,,
D7-p3_e05_r020,TA(0.10),0.21717036800691858,0.1,0.05267692327578943,1.424378239346681,0.9093924484327836,1.0104495034953698,-0.13338895787452554,-1.4785678409798146,0.8987704663689543,0.9286537607968731,,,,
D7-p3_e05_r020,TA(0.15),0.2165504369768314,0.10333333333333333,0.06091943572765756,1.425462672701252,0.9032490636306141,1.0049847244376475,-0.15755101133395813,-1.4688369882965011,0.9024673469628027,0.9473117945109941,,,,
D7-p3_e05_r020,TA(0.25),0.21674918200005777,0.10333333333333333,0.06091943572765756,1.425462672701252,0.9032490636306141,1.0049847244376475,-0.15755101133395813,-1.4688369882965011,0.9024673469628027,0.9473117945109941,,,,
D7-p3_e05_r020,TA(0.40),0.21572946198284626,0.10333333333333333,0.06987491667987802,1.4246034834475292,0.902188350290936,1.0107462098030602,-0.16548668777246242,-1.469074152958294,0.904952579170062,0.9414925077387083,,,,
D7-p3_e10_r020,adapt,0.2130079199851025,0.11,0.06828465787218595,-1.4703020557871964,0.8945386962873838,0.9497857356813056,0.04842011808430035,1.5121968660659204,0.9863150695694731,0.9439911443412952,,,,
D7-p3_e10_r020,adaptX,1.3890530340140685,0.11333333333333333,0.07881547024449757,-1.473568232722295,0.8937312681689419,0.953923928658479,0.05606894368677162,1.5102601718258333,0.9863981607276524,0.9470661217641695,,,,
D7-p3_e10_r020,HA50,0.014263677992857993,,23.69816786924795,0.8984083720131759,0.5589487878911005,0.1828695073724157,-1.0646485580520606,0.10608602763190957,0.9093767694910312,0.872298194791793,,,,
D7-p3_e10_r020,TA(0.05),0.2150150709785521,0.03666666666666667,-0.20208058433927964,0.08488754402360081,0.9745553558306439,0.9214011786773029,23.69816786924795,0.8984083720131759,0.5589487878911005,0.1828695073724157,,,,
D7-p3_e10_r020,TA(0.10),0.21543849998852238,0.11333333333333333,0.06959622265420069,1.5099779951445405,0.9946532249190788,0.9458502046205086,0.08938345058980424,-1.462807703394502,0.8653497560803465,0.9670153633499199,,,,
D7-p3_e10_r020,TA(0.15),0.2151035199931357,0.11333333333333333,0.06959622265420069,1.5099779951445405,0.9946532249190788,0.9458502046205086,0.08938345058980424,-1.462807703394502,0.8653497560803465,0.9670153633499199,,,,
D7-p3_e10_r020,TA(0.25),0.2145232449984178,0.11,0.047351995106556924,-1.4683712722994686,0.8854718956621527,0.9486416041890162,0.06621040425104732,1.5120413719254782,0.9948228340672731,0.946023810697455,,,,
D7-p3_e10_r020,TA(0.40),0.21354905600310303,0.11666666666666667,0.08562617408719264,-1.4510261801995785,0.8427235330167061,0.9391693337704567,0.06382024821809985,1.5110015875865608,0.9916874129759593,0.9498668157158022,,,,
D7-p3_e20_r020,adapt,0.2780630770139396,0.19666666666666666,0.09405117558332178,-1.487417534089683,0.9281370963302406,0.9832878359027922,-0.03454775005933763,1.5701688124650848,0.9280654204263521,0.9183382507234275,,,,
D7-p3_e20_r020,adaptX,1.6840364779927768,0.2,0.10256621260841382,-1.4854536778733012,0.938358594919957,0.980660423518688,-0.023403884775522174,1.575482890490937,0.9404809979299635,0.9124075421221053,,,,
D7-p3_e20_r020,HA50,0.013493133010342717,,2.9831526011103286,-1.0055327817131308,1.157256586466454,1.0136868032589192,-18.97835538463141,-4.945035702268239,0.18866942025447803,0.5979696711268268,,,,
D7-p3_e20_r020,TA(0.05),0.27937814602046274,0.09666666666666666,-0.16785463548029037,0.009089627013059818,0.8886538355457514,1.193547210701327,21.159194910073296,0.4322689538122764,0.6538193149304562,0.9014533793022135,,,,
D7-p3_e20_r020,TA(0.10),0.2789665360178333,0.1,-0.16785463548029037,0.009089627013059818,0.8886538355457514,1.193547210701327,20.477730541695845,0.049727821137789674,1.0147354039645962,0.7849469884205152,,,,
D7-p3_e20_r020,TA(0.15),0.2796303670038469,0.14333333333333334,0.5392662486648475,0.5892593288293819,0.8421695703266392,1.0814216333668814,10.141787387317393,-5.665969355209105,1.1835245869236994,1.3185576046092111,,,,
D7-p3_e20_r020,TA(0.25),0.2794947930087801,0.19666666666666666,-0.017044501695840066,1.571493049951274,0.9121326989062762,0.9278497048192428,0.11162108258271747,-1.4839411707266712,0.9155671301792571,0.9959779676818523,,,,
D7-p3_e20_r020,TA(0.40),0.2785707309958525,0.19666666666666666,-0.056850672894296635,1.565371989984365,0.9809679535526055,0.9256108372108612,0.08067137891771939,-1.4912858199785146,0.9724734644511794,0.9880793698751292,,,,
D7-p3_e30_r020,adapt,0.23630057301488705,0.2966666666666667,-0.07931833676096949,-1.4862002983163005,1.0462910441025333,0.8625252315276396,0.039397552607722916,1.5574971848396901,0.8975663476504099,1.0139830311227933,,,,
D7-p3_e30_r020,adaptX,1.403386596008204,0.31666666666666665,0.019450602764526707,1.548727606284058,0.9284522610587614,0.9840202097474614,-0.08180403784835762,-1.4825588152135918,1.0566129624335416,0.8557803400341804,,,,
D7-p3_e30_r020,HA50,0.01410858699819073,,22.761778091982976,-0.28314140674935045,1.0614480904555403,0.3186781252322115,-2.9148125889628433,0.8253431413266249,1.0931492234205802,0.24961681223029297,,,,
D7-p3_e30_r020,TA(0.05),0.238288107997505,0.10333333333333333,22.761778091982976,-0.28314140674935045,1.0614480904555403,0.3186781252322115,-0.2798345676991266,0.3753784912107199,1.0841767682873424,0.7595018638210786,,,,
D7-p3_e30_r020,TA(0.10),0.2378290049964562,0.10333333333333333,-0.2798345676991266,0.3753784912107199,1.0841767682873424,0.7595018638210786,22.761778091982976,-0.28314140674935045,1.0614480904555403,0.3186781252322115,,,,
D7-p3_e30_r020,TA(0.15),0.23711122199892998,0.10333333333333333,-0.2798345676991266,0.3753784912107199,1.0841767682873424,0.7595018638210786,22.761778091982976,-0.28314140674935045,1.0614480904555403,0.3186781252322115,,,,
D7-p3_e30_r020,TA(0.25),0.2375742340227589,0.11333333333333333,19.721455360171944,2.53684591662703,-1.969084084208552,0.07596905169474613,-0.5948301105693647,0.6169056971733888,0.9305211132450661,0.9163154579117203,,,,
D7-p3_e30_r020,TA(0.40),0.23680576699553058,0.2966666666666667,-0.09477457595932064,-1.4817013418000975,1.053626888058973,0.85213153561398,0.04616577295097033,1.5576126141198268,0.8929916319704929,1.0197004037874045,,,,
D8-K2par-sep_e00_r020,adapt,0.0415115529904142,0.006666666666666667,2.9327996163265695,0.9606699088868226,-3.021273817347449,1.0198437782291767,,,,,,,,
D8-K2par-sep_e00_r020,adaptX,0.046625241986475885,0.006666666666666667,2.9327996163265695,0.9606699088868226,-3.021273817347449,1.0198437782291767,,,,,,,,
D8-K2par-sep_e00_r020,HA50,0.007868629007134587,,2.949399353001518,0.9704343194237776,-3.041583065127204,1.0270174866279849,,,,,,,,
D8-K2par-sep_e00_r020,TA(0.05),0.043036393995862454,0.006666666666666667,-3.021273817347449,1.0198437782291767,2.9327996163265695,0.9606699088868226,,,,,,,,
D8-K2par-sep_e00_r020,TA(0.10),0.04429957899264991,0.006666666666666667,2.9327996163265695,0.9606699088868226,-3.021273817347449,1.0198437782291767,,,,,,,,
D8-K2par-sep_e00_r020,TA(0.15),0.042548830999294296,0.006666666666666667,-3.021273817347449,1.0198437782291767,2.9327996163265695,0.9606699088868226,,,,,,,,
D8-K2par-sep_e00_r020,TA(0.25),0.04378127897507511,0.006666666666666667,2.9327996163265695,0.9606699088868226,-3.021273817347449,1.0198437782291767,,,,,,,,
D8-K2par-sep_e00_r020,TA(0.40),0.04477747899363749,0.006666666666666667,-3.021273817347449,1.0198437782291767,2.9327996163265695,0.9606699088868226,,,,,,,,
D8-K2par-sep_e05_r020,adapt,0.04209461901336908,0.05,-2.8942841600593137,1.0218556460108792,3.0915917728692115,1.0107430735646592,,,,,,,,
D8-K2par-sep_e05_r020,adaptX,0.04551850599818863,0.05,-2.8942841600593137,1.0218556460108792,3.073985550602985,1.0168921822295547,,,,,,,,
D8-K2par-sep_e05_r020,HA50,0.008669436007039621,,-0.415285993539264,1.3000687489075429,17.75856032180919,6.834991232509024,,,,,,,,
D8-K2par-sep_e05_r020,TA(0.05),0.04299116099718958,0.05,3.073985550602985,1.0168921822295547,-2.8942841600593137,1.0218556460108792,,,,,,,,
D8-K2par-sep_e05_r020,TA(0.10),0.04309602399007417,0.05,3.073985550602985,1.0168921822295547,-2.8942841600593137,1.0218556460108792,,,,,,,,
D8-K2par-sep_e05_r020,TA(0.15),0.04453049000585452,0.05,-2.8942841600593137,1.0218556460108792,3.073985550602985,1.0168921822295547,,,,,,,,
D8-K2par-sep_e05_r020,TA(0.25),0.044533929001772776,0.05,-2.8942841600593137,1.0218556460108792,3.073985550602985,1.0168921822295547,,,,,,,,
D8-K2par-sep_e05_r020,TA(0.40),0.043289449997246265,0.05,3.0915917728692115,1.0107430735646592,-2.8942841600593137,1.0218556460108792,,,,,,,,
D8-K2par-sep_e10_r020,adapt,0.04225910300738178,0.1,-3.1821847367793605,1.0256422730932144,3.098581774036566,0.9853344358303486,,,,,,,,
D8-K2par-sep_e10_r020,adaptX,0.05057352699805051,0.09666666666666666,3.098581774036566,0.9853344358303486,-3.2030320654651794,1.0398424241527071,,,,,,,,
D8-K2par-sep_e10_r020,HA50,0.009606662002624944,,-1.0432903208007374,1.1045512998726907,24.111569906680508,1.6500573683223616,,,,,,,,
D8-K2par-sep_e10_r020,TA(0.05),0.04313622697372921,0.06,0.305404048935428,1.2124929153936908,-18.473409986267416,6.899081208254086,,,,,,,,
D8-K2par-sep_e10_r020,TA(0.10),0.04408868501195684,0.1,3.098581774036566,0.9853344358303486,-3.1821847367793605,1.0256422730932144,,,,,,,,
D8-K2par-sep_e10_r020,TA(0.15),0.045054076006636024,0.09666666666666666,3.098581774036566,0.9853344358303486,-3.2030320654651794,1.0398424241527071,,,,,,,,
D8-K2par-sep_e10_r020,TA(0.25),0.04495522097568028,0.09666666666666666,3.098581774036566,0.9853344358303486,-3.2030320654651794,1.0398424241527071,,,,,,,,
D8-K2par-sep_e10_r020,TA(0.40),0.04398415199830197,0.09666666666666666,3.098581774036566,0.9853344358303486,-3.2030320654651794,1.0398424241527071,,,,,,,,
D8-K2par-sep_e20_r020,adapt,0.028449031990021467,0.21333333333333335,3.0237095323140983,1.0486111604977735,-3.068907418267008,1.0294171033076567,,,,,,,,
D8-K2par-sep_e20_r020,adaptX,0.030103411991149187,0.21333333333333335,-3.068907418267008,1.0294171033076567,3.0237095323140983,1.0486111604977735,,,,,,,,
D8-K2par-sep_e20_r020,HA50,0.005348748003598303,,-2.7824648793588875,0.7445531068649481,22.042153881029463,0.8911053465283952,,,,,,,,
D8-K2par-sep_e20_r020,TA(0.05),0.02918078299262561,0.1,-0.2288750995961639,1.0990211301590331,22.042153881029463,0.8911053465283952,,,,,,,,
D8-K2par-sep_e20_r020,TA(0.10),0.029251077998196706,0.1,22.042153881029463,0.8911053465283952,-0.2288750995961639,1.0990211301590331,,,,,,,,
D8-K2par-sep_e20_r020,TA(0.15),0.029430484981276095,0.14333333333333334,-0.309003871009209,1.1471108012158613,-4.4874475798644715,-9.458128608478575,,,,,,,,
D8-K2par-sep_e20_r020,TA(0.25),0.030648276006104425,0.21333333333333335,-3.068907418267008,1.0294171033076567,3.0237095323140983,1.0486111604977735,,,,,,,,
D8-K2par-sep_e20_r020,TA(0.40),0.02896356998826377,0.21333333333333335,3.0237095323140983,1.0486111604977735,-3.068907418267008,1.0294171033076567,,,,,,,,
D8-K2par-sep_e30_r020,adapt,0.09569595300126821,0.2633333333333333,2.9516728406938717,0.9707847986532756,-3.063276177552222,0.987398012056159,,,,,,,,
D8-K2par-sep_e30_r020,adaptX,0.09663389500929043,0.2633333333333333,-3.063276177552222,0.987398012056159,2.9516728406938717,0.9707847986532756,,,,,,,,
D8-K2par-sep_e30_r020,HA50,0.009392868989380077,,3.224531080362135,1.3564469125928986,-23.11418401833296,1.6732468162262837,,,,,,,,
D8-K2par-sep_e30_r020,TA(0.05),0.09665360898361541,0.12666666666666668,-23.11418401833296,1.6732468162262837,-0.08366032543986447,1.0630297116015157,,,,,,,,
D8-K2par-sep_e30_r020,TA(0.10),0.09679795400006697,0.12666666666666668,-0.1346069245959265,1.0375393083177422,-23.11418401833296,1.6732468162262837,,,,,,,,
D8-K2par-sep_e30_r020,TA(0.15),0.11190595701918937,0.12666666666666668,-0.1346069245959265,1.0375393083177422,-23.11418401833296,1.6732468162262837,,,,,,,,
D8-K2par-sep_e30_r020,TA(0.25),0.09765794198028743,0.2633333333333333,-3.063276177552222,0.987398012056159,2.9516728406938717,0.9707847986532756,,,,,,,,
D8-K2par-sep_e30_r020,TA(0.40),0.09814208999159746,0.2633333333333333,2.9516728406938717,0.9707847986532756,-3.063276177552222,0.987398012056159,,,,,,,,
D1-K2cross_e00_r021,adapt,0.02731468601268716,0.01,0.08495234552120634,-1.4642306517519628,-0.0035242389114743477,1.4350105016410062,,,,,,,,
D1-K2cross_e00_r021,adaptX,0.03021419802098535,0.01,0.09140557882904284,-1.465352087972172,-0.013423746293799266,1.431109258620265,,,,,,,,
D1-K2cross_e00_r021,HA50,0.005395682994276285,,0.0031380000944945217,1.4197763383865485,0.09140557882904284,-1.465352087972172,,,,,,,,
D1-K2cross_e00_r021,TA(0.05),0.028370840998832136,0.01,-0.021399669722876,1.4330250611416842,0.08388994438370287,-1.464239207211291,,,,,,,,
D1-K2cross_e00_r021,TA(0.10),0.028965061996132135,0.01,-0.010498069376553405,1.4365481987824797,0.07807005431338883,-1.4633521745332074,,,,,,,,
D1-K2cross_e00_r021,TA(0.15),0.028420732996892184,0.01,0.08388994438370287,-1.464239207211291,-0.021399669722876,1.4330250611416842,,,,,,,,
D1-K2cross_e00_r021,TA(0.25),0.027954560006037354,0.013333333333333334,0.004297819852626961,1.4217280400097163,0.09140557882904284,-1.465352087972172,,,,,,,,
D1-K2cross_e00_r021,TA(0.40),0.029137809004168957,0.013333333333333334,0.010182405024488006,1.4203938127791293,0.09636839297353868,-1.466018385766137,,,,,,,,
D1-K2cross_e05_r021,adapt,0.09074862499255687,0.07333333333333333,0.07361663411424117,1.6141777906583323,0.012936892289503355,-1.5428052615880847,,,,,,,,
D1-K2cross_e05_r021,adaptX,0.09668962299474515,0.07333333333333333,0.07361663411424117,1.6141777906583323,0.012936892289503355,-1.5428052615880847,,,,,,,,
D1-K2cross_e05_r021,HA50,0.008453532995190471,,-0.9127148795960187,-0.04685263540673157,25.094629524931108,-1.0829279602030468,,,,,,,,
D1-K2cross_e05_r021,TA(0.05),0.09189226297894493,0.07333333333333333,0.07361663411424117,1.6141777906583323,0.012936892289503355,-1.5428052615880847,,,,,,,,
D1-K2cross_e05_r021,TA(0.10),0.0924186890188139,0.07333333333333333,0.07361663411424117,1.6141777906583323,0.012936892289503355,-1.5428052615880847,,,,,,,,
D1-K2cross_e05_r021,TA(0.15),0.09304013699875213,0.07333333333333333,0.042953444606876286,1.60449522559527,-0.012336532615519034,-1.5499763354868021,,,,,,,,
D1-K2cross_e05_r021,TA(0.25),0.09190482998383231,0.07333333333333333,0.042953444606876286,1.60449522559527,-0.012336532615519034,-1.5499763354868021,,,,,,,,
D1-K2cross_e05_r021,TA(0.40),0.09369879099540412,0.07333333333333333,0.07361663411424117,1.6141777906583323,0.012936892289503355,-1.5428052615880847,,,,,,,,
D1-K2cross_e10_r021,adapt,0.04394864599453285,0.13666666666666666,-0.02759833669604641,-1.6294823017849904,0.0410277373927476,1.5418568105215937,,,,,,,,
D1-K2cross_e10_r021,adaptX,0.048633456986863166,0.13666666666666666,-0.02759833669604641,-1.6294823017849904,0.0410277373927476,1.5418568105215937,,,,,,,,
D1-K2cross_e10_r021,HA50,0.009699899004772305,,1.5388746349569844,0.09517314829660037,-23.77102160244192,0.8041354600827214,,,,,,,,
D1-K2cross_e10_r021,TA(0.05),0.04573941000853665,0.06,-23.77102160244192,0.8041354600827214,0.14725678262680483,0.15546402179458502,,,,,,,,
D1-K2cross_e10_r021,TA(0.10),0.04527663698536344,0.13666666666666666,0.0410277373927476,1.5418568105215937,-0.02759833669604641,-1.6294823017849904,,,,,,,,
D1-K2cross_e10_r021,TA(0.15),0.046214170986786485,0.13666666666666666,-0.02759833669604641,-1.6294823017849904,0.0410277373927476,1.5418568105215937,,,,,,,,
D1-K2cross_e10_r021,TA(0.25),0.04644878598628566,0.13666666666666666,-0.02759833669604641,-1.6294823017849904,0.0410277373927476,1.5418568105215937,,,,,,,,
D1-K2cross_e10_r021,TA(0.40),0.04464690200984478,0.13666666666666666,0.030065932682272544,1.5418248511950627,-0.013468573432446304,-1.628453701587787,,,,,,,,
D1-K2cross_e20_r021,adapt,0.04391388999647461,0.18,-0.21469289921488624,-1.5515946867945196,0.08460760219478879,1.4934946195787673,,,,,,,,
D1-K2cross_e20_r021,adaptX,0.05070717600756325,0.18,0.08460760219478879,1.4934946195787673,-0.21469289921488624,-1.5515946867945196,,,,,,,,
D1-K2cross_e20_r021,HA50,0.008128788002068177,,24.105339377571447,-0.532061612093074,-2.2592365231279343,-0.19794701918463886,,,,,,,,
D1-K2cross_e20_r021,TA(0.05),0.04547447297954932,0.08666666666666667,24.105339377571447,-0.532061612093074,-0.1601116327301126,0.02547308515997743,,,,,,,,
D1-K2cross_e20_r021,TA(0.10),0.045823750988347456,0.08666666666666667,24.105339377571447,-0.532061612093074,-0.1601116327301126,0.02547308515997743,,,,,,,,
D1-K2cross_e20_r021,TA(0.15),0.044848763005575165,0.18,-0.21469289921488624,-1.5515946867945196,0.08460760219478879,1.4934946195787673,,,,,,,,
D1-K2cross_e20_r021,TA(0.25),0.04473349801264703,0.18,-0.21469289921488624,-1.5515946867945196,0.08460760219478879,1.4934946195787673,,,,,,,,
D1-K2cross_e20_r021,TA(0.40),0.04534194999723695,0.18,-0.21469289921488624,-1.5515946867945196,0.08460760219478879,1.4934946195787673,,,,,,,,
D1-K2cross_e30_r021,adapt,0.05132030599634163,0.2966666666666667,0.04385737798377259,-1.544686836509124,-0.1290658878374375,1.4489436238958966,,,,,,,,
D1-K2cross_e30_r021,adaptX,0.05124355899170041,0.2966666666666667,-0.1290658878374375,1.4489436238958966,0.04385737798377259,-1.544686836509124,,,,,,,,
D1-K2cross_e30_r021,HA50,0.01042730498011224,,24.19732721800054,0.5665375609057116,-3.6700201432572674,0.054877001930964335,,,,,,,,
D1-K2cross_e30_r021,TA(0.05),0.053963152022333816,0.14,24.19732721800054,0.5665375609057116,-0.14473249866357435,-0.10883152802619689,,,,,,,,
D1-K2cross_e30_r021,TA(0.10),0.05339193198597059,0.14,-0.14473249866357435,-0.10883152802619689,24.19732721800054,0.5665375609057116,,,,,,,,
D1-K2cross_e30_r021,TA(0.15),0.05333244800567627,0.14,-0.14473249866357435,-0.10883152802619689,24.19732721800054,0.5665375609057116,,,,,,,,
D1-K2cross_e30_r021,TA(0.25),0.05188135101343505,0.16666666666666666,-0.14473249866357435,-0.10883152802619689,-21.6628850130173,-1.4952901503393312,,,,,,,,
D1-K2cross_e30_r021,TA(0.40),0.05302986400783993,0.2966666666666667,0.039249370015718696,-1.5446706285168714,-0.12448667259341985,1.449157603336193,,,,,,,,
D2-K3par_e00_r021,adapt,0.19147477697697468,0.0033333333333333335,-3.0390432916840577,1.0488229562459674,3.0355171345458474,0.9953597132783794,-0.06237294870228052,1.0412235995912404,,,,,,
D2-K3par_e00_r021,adaptX,0.21328785800142214,0.0033333333333333335,3.0355171345458474,0.9953597132783794,-0.06237294870228052,1.0412235995912404,-3.0390432916840577,1.0488229562459674,,,,,,
D2-K3par_e00_r021,HA50,0.018326416990021244,,-0.06237294870228052,1.0412235995912404,-3.0390432916840577,1.0488229562459674,3.0676087614923526,1.0042418569355285,,,,,,
D2-K3par_e00_r021,TA(0.05),0.1935921490075998,0.0033333333333333335,3.0355171345458474,0.9953597132783794,-3.0250988290537086,1.0548065502508341,-0.04458756651430414,1.0493053817306552,,,,,,
D2-K3par_e00_r021,TA(0.10),0.19361997197847813,0.0033333333333333335,-0.10000980887325968,1.0234886575142608,3.0022373977129795,0.9793710213649034,-3.0390432916840577,1.0488229562459674,,,,,,
D2-K3par_e00_r021,TA(0.15),0.19604377300129272,0.0033333333333333335,3.0355171345458474,0.9953597132783794,-3.0113309735422416,1.064098603401658,-0.025003326935414325,1.0616774921723569,,,,,,
D2-K3par_e00_r021,TA(0.25),0.19487369002308697,0.01,-0.29279572346989446,0.7432472847366928,-3.0001422286912436,0.8685651033739007,2.908648923012803,0.8836284925093024,,,,,,
D2-K3par_e00_r021,TA(0.40),0.19314806201145984,0.016666666666666666,-0.48891109742459604,0.6875322034727849,2.822657209388881,0.8621152287820362,-3.0647250032265325,0.8548849667426739,,,,,,
D2-K3par_e05_r021,adapt,0.2550166350265499,0.056666666666666664,-0.12325440540849326,0.8819853532805482,2.9896911063830887,1.120708790723935,-3.4046997701381656,0.9506463659611414,,,,,,
D2-K3par_e05_r021,adaptX,0.2549617449985817,0.056666666666666664,-3.3627587802378596,0.9583498253071623,2.9896911063830887,1.120708790723935,-0.0893593315972882,0.8887152885474798,,,,,,
D2-K3par_e05_r021,HA50,0.016117870982270688,,-14.425009699178892,-3.3090415930426995,0.5595545309875006,0.6923554208215547,22.670170717625215,0.30422379254880466,,,,,,
D2-K3par_e05_r021,TA(0.05),0.2567019360139966,0.056666666666666664,0.005018524723849996,0.8343926410303086,-3.3436639605474494,0.9408770068213816,3.06495432701703,1.0829417789773317,,,,,,
D2-K3par_e05_r021,TA(0.10),0.2573100109875668,0.056666666666666664,2.9896911063830887,1.120708790723935,-0.0893593315972882,0.8887152885474798,-3.3627587802378596,0.9583498253071623,,,,,,
D2-K3par_e05_r021,TA(0.15),0.2561262990057003,0.056666666666666664,-3.3627587802378596,0.9583498253071623,2.9896911063830887,1.120708790723935,-0.0893593315972882,0.8887152885474798,,,,,,
D2-K3par_e05_r021,TA(0.25),0.25689818599494174,0.056666666666666664,-3.3627587802378596,0.9583498253071623,-0.0893593315972882,0.8887152885474798,2.9896911063830887,1.120708790723935,,,,,,
D2-K3par_e05_r021,TA(0.40),0.259071974986,0.056666666666666664,2.9569167451923546,1.1704253620903988,-3.3833881658246554,0.9565553342094956,-0.12961768054673464,0.9347683165868961,,,,,,
D2-K3par_e10_r021,adapt,0.22855323701514862,0.09666666666666666,0.2715137661712876,0.9148389134276195,3.1431219855198043,0.9726441473674736,-2.8420118070532747,1.1379786989998038,,,,,,
D2-K3par_e10_r021,adaptX,0.23755138600245118,0.09666666666666666,3.1431219855198043,0.9726441473674736,0.2715137661712876,0.9148389134276195,-2.8420118070532747,1.1379786989998038,,,,,,
D2-K3par_e10_r021,HA50,0.016866969992406666,,21.930704576170655,0.3224081667344171,-22.1568679234296,1.6557411177970827,0.38250813098677616,1.0153233485542328,,,,,,
D2-K3par_e10_r021,TA(0.05),0.23138518200721592,0.056666666666666664,-2.078692792272984,1.1937376650049698,2.511585934145898,1.1118774657067945,0.6244534176000257,-8.48091298735076,,,,,,
D2-K3par_e10_r021,TA(0.10),0.2315553989901673,0.09666666666666666,-2.9139600557474834,1.0973137589680486,0.18659770953413907,0.8627712999740345,3.127222685581857,0.9572589001983886,,,,,,
D2-K3par_e10_r021,TA(0.15),0.23131049500079826,0.09666666666666666,-2.79247564070301,1.1732011776441087,3.1991855616313027,0.9561437724376033,0.3843932836351437,0.9358168284777862,,,,,,
D2-K3par_e10_r021,TA(0.25),0.23009691599872895,0.09666666666666666,3.1991855616313027,0.9561437724376033,0.3843932836351437,0.9358168284777862,-2.79247564070301,1.1732011776441087,,,,,,
D2-K3par_e10_r021,TA(0.40),0.2294062290166039,0.09666666666666666,-2.949993147008841,1.064027899296618,3.1259027092714993,0.9444789523945434,0.15369137015456,0.8229589967415616,,,,,,
D2-K3par_e20_r021,adapt,0.3605882480042055,0.21333333333333335,3.238350533682773,1.0359783598732226,-3.185478448046565,0.9878659179319027,-0.24826047575302834,0.9398081722292558,,,,,,
D2-K3par_e20_r021,adaptX,0.3709382970118895,0.21333333333333335,-3.1079510934674452,0.9476264887408422,-0.15797007375223118,0.8921666612810533,3.238350533682773,1.0359783598732226,,,,,,
D2-K3par_e20_r021,HA50,0.016146579990163445,,23.964874436452284,0.8816013914245918,-0.19173508751534707,1.0487696575275827,-20.781235634048677,0.08748522765589435,,,,,,
D2-K3par_e20_r021,TA(0.05),0.364397970988648,0.0033333333333333335,-0.24130079588726205,1.0026234329617785,23.964874436452284,0.8816013914245918,-20.781235634048677,0.08748522765589435,,,,,,
D2-K3par_e20_r021,TA(0.10),0.36346787100774236,0.11,23.964874436452284,0.8816013914245918,-2.2468914291905677,1.1297432498255526,2.5600753327142156,1.1875818543185828,,,,,,
D2-K3par_e20_r021,TA(0.15),0.3635078710212838,0.10666666666666667,-20.781235634048677,0.08748522765589435,-2.2299875545621473,1.1259410726359325,2.583946258079278,1.1854395836432647,,,,,,
D2-K3par_e20_r021,TA(0.25),0.3613114900072105,0.21333333333333335,-0.15797007375223118,0.8921666612810533,-3.1079510934674452,0.9476264887408422,3.238350533682773,1.0359783598732226,,,,,,
D2-K3par_e20_r021,TA(0.40),0.36350591099471785,0.21333333333333335,-3.1079510934674452,0.9476264887408422,-0.15797007375223118,0.8921666612810533,3.238350533682773,1.0359783598732226,,,,,,
D2-K3par_e30_r021,adapt,0.34973891501431353,0.06,-0.38449666978317204,1.8454062158723952,-15.504418419601391,5.397184419643511,14.129672891318064,5.283587928825348,,,,,,
D2-K3par_e30_r021,adaptX,0.3906661310174968,0.0,23.184454941234648,1.0122136803710136,-0.009358719297632392,1.0718384245097268,-22.684733970101757,0.712969132788874,,,,,,
D2-K3par_e30_r021,HA50,0.013048939988948405,,-0.009358719297632392,1.0718384245097268,23.184454941234648,1.0122136803710136,-22.684733970101757,0.712969132788874,,,,,,
D2-K3par_e30_r021,TA(0.05),0.35312037100084126,0.0,-0.009358719297632392,1.0718384245097268,-22.684733970101757,0.712969132788874,23.184454941234648,1.0122136803710136,,,,,,
D2-K3par_e30_r021,TA(0.10),0.3523330909956712,0.0,-0.009358719297632392,1.0718384245097268,-22.684733970101757,0.712969132788874,23.184454941234648,1.0122136803710136,,,,,,
D2-K3par_e30_r021,TA(0.15),0.35278067499166355,0.14333333333333334,-22.684733970101757,0.712969132788874,2.217070157662381,1.09561266481805,-2.374948877720188,1.1985635444007292,,,,,,
D2-K3par_e30_r021,TA(0.25),0.3509093740140088,0.14333333333333334,-22.684733970101757,0.712969132788874,-2.3548397355602932,1.2124145521388794,2.2394350531713045,1.1126727511647947,,,,,,
D2-K3par_e30_r021,TA(0.40),0.35172011400572956,0.3,0.00484324060078806,1.0380588759039375,-3.033298481588019,1.0829470529362841,3.053353789583657,1.0870180316962281,,,,,,
D3-unequal_e00_r021,adapt,0.04700851798406802,0.01,-0.0026070442357008883,-1.5660657652901249,0.033948269622074534,1.4562177572130062,,,,,,,,
D3-unequal_e00_r021,adaptX,0.05186524798045866,0.01,0.033948269622074534,1.4562177572130062,-0.0026070442357008883,-1.5660657652901249,,,,,,,,
D3-unequal_e00_r021,HA50,0.007795829005772248,,0.08506719254302278,1.4517580907358938,0.014850150839371244,-1.5676835887790064,,,,,,,,
D3-unequal_e00_r021,TA(0.05),0.05646147398510948,0.01,0.017450356539264814,1.4573108752539083,0.006190955271103149,-1.5660013188675248,,,,,,,,
D3-unequal_e00_r021,TA(0.10),0.06509289701352827,0.01,0.006190955271103149,-1.5660013188675248,0.017450356539264814,1.4573108752539083,,,,,,,,
D3-unequal_e00_r021,TA(0.15),0.04849170599482022,0.01,0.006190955271103149,-1.5660013188675248,0.017450356539264814,1.4573108752539083,,,,,,,,
D3-unequal_e00_r021,TA(0.25),0.049448072008090094,0.01,0.006190955271103149,-1.5660013188675248,0.017450356539264814,1.4573108752539083,,,,,,,,
D3-unequal_e00_r021,TA(0.40),0.04994211602024734,0.21333333333333335,-0.7760605652881676,-1.586277632750995,1.0967962684194164,-1.530683560384446,,,,,,,,
D3-unequal_e05_r021,adapt,0.05252381900209002,0.07333333333333333,0.10537436326585678,1.5446064081681152,-0.07807317402107779,-1.5318967907574559,,,,,,,,
D3-unequal_e05_r021,adaptX,0.06133249800768681,0.07333333333333333,-0.08829020309374605,-1.53224026615194,0.12468371511487684,1.544436195180189,,,,,,,,
D3-unequal_e05_r021,HA50,0.010343685979023576,,0.6317474865102246,-0.6310629200547176,-22.704454670273396,-0.5278517894483323,,,,,,,,
D3-unequal_e05_r021,TA(0.05),0.053174733999185264,0.07666666666666666,-0.0712973009143545,-1.530568439872968,0.04373293782992735,1.5495252693547452,,,,,,,,
D3-unequal_e05_r021,TA(0.10),0.05384353702538647,0.07333333333333333,-0.08829020309374605,-1.53224026615194,0.12468371511487684,1.544436195180189,,,,,,,,
D3-unequal_e05_r021,TA(0.15),0.0538205050106626,0.07333333333333333,-0.07807317402107779,-1.5318967907574559,0.10537436326585678,1.5446064081681152,,,,,,,,
D3-unequal_e05_r021,TA(0.25),0.054003786004614085,0.07333333333333333,0.07827610991741539,1.544385793633494,-0.0641437240765644,-1.531260643720804,,,,,,,,
D3-unequal_e05_r021,TA(0.40),0.05525589000899345,0.21,0.9883985748084126,-1.4449673537809438,-0.9269328538479399,-1.5061756533852415,,,,,,,,
D3-unequal_e10_r021,adapt,0.04679115198086947,0.09333333333333334,0.11476618552074441,-1.5916498960008674,-0.11413194105972994,1.577639139410859,,,,,,,,
D3-unequal_e10_r021,adaptX,0.0530040189914871,0.09333333333333334,-0.094792874292417,1.5738813348161511,0.11711714457359619,-1.5936464352550128,,,,,,,,
D3-unequal_e10_r021,HA50,0.011071319982875139,,-22.74803541675497,-0.019733672438728467,0.7359882725683117,-0.6307403027352423,,,,,,,,
D3-unequal_e10_r021,TA(0.05),0.047659981006290764,0.13333333333333333,-0.16767737393264295,-1.4052114138411589,-9.66908965153636,6.002238861641789,,,,,,,,
D3-unequal_e10_r021,TA(0.10),0.04877646701061167,0.09333333333333334,-0.11413194105972994,1.577639139410859,0.11476618552074441,-1.5916498960008674,,,,,,,,
D3-unequal_e10_r021,TA(0.15),0.047615614981623366,0.09333333333333334,-0.11413194105972994,1.577639139410859,0.11476618552074441,-1.5916498960008674,,,,,,,,
D3-unequal_e10_r021,TA(0.25),0.04755271700560115,0.09333333333333334,-0.11413194105972994,1.577639139410859,0.11476618552074441,-1.5916498960008674,,,,,,,,
D3-unequal_e10_r021,TA(0.40),0.04829678699024953,0.24,-1.2442381367712028,-1.418864955986062,0.9571209294807056,-1.5477102674600538,,,,,,,,
D3-unequal_e20_r021,adapt,0.052456812001764774,0.17333333333333334,-0.07252361379846815,1.599583928250752,0.010992850221645959,-1.4785372479734058,,,,,,,,
D3-unequal_e20_r021,adaptX,0.06354554099380039,0.17333333333333334,-0.006205468717584327,-1.4831221800754788,-0.07252361379846815,1.599583928250752,,,,,,,,
D3-unequal_e20_r021,HA50,0.010464429011335596,,23.1482781602504,-1.1153573096740277,-1.9318906350147051,-0.17543980709979792,,,,,,,,
D3-unequal_e20_r021,TA(0.05),0.053375440009403974,0.08,0.0713470672357279,-0.4821666076949953,-20.896559207672627,0.7085181399819487,,,,,,,,
D3-unequal_e20_r021,TA(0.10),0.05373770301230252,0.08666666666666667,0.04395907088221786,-0.5091154271160614,-20.82670692823553,0.9410923280863643,,,,,,,,
D3-unequal_e20_r021,TA(0.15),0.05465534399263561,0.17333333333333334,-0.07252361379846815,1.599583928250752,0.010992850221645959,-1.4785372479734058,,,,,,,,
D3-unequal_e20_r021,TA(0.25),0.05343469200306572,0.17333333333333334,-0.005570964104727479,-1.4838243866311105,-0.09756722844192448,1.589867261799707,,,,,,,,
D3-unequal_e20_r021,TA(0.40),0.054022314987378195,0.17333333333333334,-0.005570964104727479,-1.4838243866311105,-0.09756722844192448,1.589867261799707,,,,,,,,
D3-unequal_e30_r021,adapt,0.051370122004300356,0.31333333333333335,-0.3971470427537231,1.4345358400298942,0.0649205146092043,-1.5242443848156124,,,,,,,,
D3-unequal_e30_r021,adaptX,0.05759268399560824,0.33,0.599607889047684,-1.165856014162218,-3.476356451710576,-0.01709383780064387,,,,,,,,
D3-unequal_e30_r021,HA50,0.010672712000086904,,3.4450084670230696,-0.6019535033463994,-22.817828430793064,-0.23943593333623078,,,,,,,,
D3-unequal_e30_r021,TA(0.05),0.05291083100019023,0.19333333333333333,-22.817828430793064,-0.23943593333623078,-0.2787427808660995,-0.9693066714677043,,,,,,,,
D3-unequal_e30_r021,TA(0.10),0.05422119700233452,0.20666666666666667,-0.2892643480509015,-1.107868400369541,-22.817828430793064,-0.23943593333623078,,,,,,,,
D3-unequal_e30_r021,TA(0.15),0.05317135900259018,0.19333333333333333,-22.817828430793064,-0.23943593333623078,-0.2787427808660995,-0.9693066714677043,,,,,,,,
D3-unequal_e30_r021,TA(0.25),0.05250788599369116,0.21666666666666667,-19.323430578719336,-3.058990677112065,-0.03925728863213425,-1.4555539427555668,,,,,,,,
D3-unequal_e30_r021,TA(0.40),0.05265649099601433,0.31333333333333335,-0.30771312633247944,1.4640178053643869,0.055967530470788354,-1.5225091719072443,,,,,,,,
D4-hetero_e00_r021,adapt,0.04402684498927556,0.02,0.03879342596247744,-1.4953840226497237,0.014785326754823124,1.639776399599549,,,,,,,,
D4-hetero_e00_r021,adaptX,0.04755827700137161,0.02,0.03559009293909831,-1.496287419712456,0.034730464149203125,1.63825858760903,,,,,,,,
D4-hetero_e00_r021,HA50,0.008550090016797185,,0.028730693036600093,-1.4929604569100456,0.02576420534434477,1.6386278151638118,,,,,,,,
D4-hetero_e00_r021,TA(0.05),0.04564869499881752,0.02,0.034730464149203125,1.63825858760903,0.03559009293909831,-1.496287419712456,,,,,,,,
D4-hetero_e00_r021,TA(0.10),0.04585373500594869,0.02,0.023784478500080624,1.6387057989638218,0.04355003425150616,-1.4960348423812542,,,,,,,,
D4-hetero_e00_r021,TA(0.15),0.04541718098334968,0.02,-0.0016556490989049313,1.6403516942391807,0.03879342596247744,-1.4953840226497237,,,,,,,,
D4-hetero_e00_r021,TA(0.25),0.04537415399681777,0.02,0.034730464149203125,1.63825858760903,0.03559009293909831,-1.496287419712456,,,,,,,,
D4-hetero_e00_r021,TA(0.40),0.04562453698599711,0.36666666666666664,-0.3956477728890983,-1.4524298602270929,0.5325924062490379,-1.5024922044032585,,,,,,,,
D4-hetero_e05_r021,adapt,0.046049555006902665,0.06666666666666667,0.04369839807991429,1.5267764344951569,0.0734335769627639,-1.474500461342954,,,,,,,,
D4-hetero_e05_r021,adaptX,0.05028496001614258,0.07,0.04369839807991429,1.5267764344951569,0.0649161566891497,-1.4743087740122311,,,,,,,,
D4-hetero_e05_r021,HA50,0.012510593980550766,,-0.9934519068363697,0.43637558501424584,16.690532659320684,5.248546765240594,,,,,,,,
D4-hetero_e05_r021,TA(0.05),0.04767326498404145,0.07,0.058607837198281686,-1.4799366252577804,0.023083395088023255,1.5262257212467798,,,,,,,,
D4-hetero_e05_r021,TA(0.10),0.04674714998691343,0.07,0.025183418152685443,1.5260625653862072,0.06033493636793104,-1.4800065997802507,,,,,,,,
D4-hetero_e05_r021,TA(0.15),0.04667512699961662,0.07,0.03828205767127205,1.5256919650414795,0.04991976307639988,-1.4801206859294513,,,,,,,,
D4-hetero_e05_r021,TA(0.25),0.049391912994906306,0.07,0.14803340206787852,1.5267154493512922,0.043768646348754325,-1.4786436261397433,,,,,,,,
D4-hetero_e05_r021,TA(0.40),0.04758031401433982,0.07,0.023083395088023255,1.5262257212467798,0.058607837198281686,-1.4799366252577804,,,,,,,,
D4-hetero_e10_r021,adapt,0.033478046010714024,0.10666666666666667,0.17644624001165243,1.4473913587830913,-0.11728023946931558,-1.550836819300362,,,,,,,,
D4-hetero_e10_r021,adaptX,0.03243088102317415,0.10666666666666667,-0.11728023946931558,-1.550836819300362,0.17644624001165243,1.4473913587830913,,,,,,,,
D4-hetero_e10_r021,HA50,0.005502846994204447,,-23.898226981216474,-0.5467705539666571,1.1146548135927439,0.10289380437984635,,,,,,,,
D4-hetero_e10_r021,TA(0.05),0.034531329991295934,0.04666666666666667,-24.46834193616581,-1.0416646188307874,0.03138297599339412,-0.04963737005540673,,,,,,,,
D4-hetero_e10_r021,TA(0.10),0.03437281999504194,0.10666666666666667,0.1434525792571431,1.4494279794281701,-0.12410838930608617,-1.549633887381464,,,,,,,,
D4-hetero_e10_r021,TA(0.15),0.03419324100832455,0.10666666666666667,-0.11728023946931558,-1.550836819300362,0.17644624001165243,1.4473913587830913,,,,,,,,
D4-hetero_e10_r021,TA(0.25),0.03419021001900546,0.10666666666666667,-0.1270447371917619,-1.558212542541556,0.17644624001165243,1.4473913587830913,,,,,,,,
D4-hetero_e10_r021,TA(0.40),0.03424146698671393,0.10666666666666667,-0.12632152298096097,-1.5502807156835878,0.12462831102691811,1.451788952382739,,,,,,,,
D4-hetero_e20_r021,adapt,0.0444252309971489,0.18,-0.041190018835398266,1.6783985109861999,-0.07220510998390497,-1.5010324989709043,,,,,,,,
D4-hetero_e20_r021,adaptX,0.05827912699896842,0.18,-0.07274314748647202,-1.5010829913748627,-0.04074954067667386,1.6783916388036288,,,,,,,,
D4-hetero_e20_r021,HA50,0.011784132977481931,,-22.98081955083356,1.2506372681961262,2.131952102066149,0.7662639622211168,,,,,,,,
D4-hetero_e20_r021,TA(0.05),0.046742480975808576,0.07666666666666666,0.18036098636396108,0.35542785057647924,-22.98081955083356,1.2506372681961262,,,,,,,,
D4-hetero_e20_r021,TA(0.10),0.04631069200695492,0.07666666666666666,0.18036098636396108,0.35542785057647924,-22.98081955083356,1.2506372681961262,,,,,,,,
D4-hetero_e20_r021,TA(0.15),0.04656511201756075,0.18333333333333332,-0.058868723304354484,1.6828357514546857,-0.10907311387153086,-1.498634135741688,,,,,,,,
D4-hetero_e20_r021,TA(0.25),0.04583333901246078,0.18,-0.07498543632809161,-1.5012832499496351,-0.03863529656183736,1.6783503842239063,,,,,,,,
D4-hetero_e20_r021,TA(0.40),0.04660874101682566,0.18333333333333332,-0.011739482738259588,1.6775422869440462,-0.10637181285391421,-1.5037108858534518,,,,,,,,
D4-hetero_e30_r021,adapt,0.0445936799806077,0.31333333333333335,0.0953014496323584,1.6123810107114054,0.1793482652532234,-1.4915922930551806,,,,,,,,
D4-hetero_e30_r021,adaptX,0.05151655100053176,0.31333333333333335,0.1793482652532234,-1.4915922930551806,0.0953014496323584,1.6123810107114054,,,,,,,,
D4-hetero_e30_r021,HA50,0.0102328360080719,,-3.749560866433252,0.3006287889454015,21.71225498198706,0.5246408697313436,,,,,,,,
D4-hetero_e30_r021,TA(0.05),0.047804286994505674,0.14,-0.005475633823695144,0.21177662314648563,21.71225498198706,0.5246408697313436,,,,,,,,
D4-hetero_e30_r021,TA(0.10),0.046376978018088266,0.14,-0.005475633823695144,0.21177662314648563,21.71225498198706,0.5246408697313436,,,,,,,,
D4-hetero_e30_r021,TA(0.15),0.04542657101410441,0.14,-0.005475633823695144,0.21177662314648563,21.71225498198706,0.5246408697313436,,,,,,,,
D4-hetero_e30_r021,TA(0.25),0.04619243799243122,0.21666666666666667,11.477864366772906,6.146776034544895,0.574426164057726,-0.2846915028816214,,,,,,,,
D4-hetero_e30_r021,TA(0.40),0.04706982700736262,0.31333333333333335,0.0953014496323584,1.6123810107114054,0.1793482652532234,-1.4915922930551806,,,,,,,,
D5-leverage_e00_r021,adapt,0.048685818997910246,0.023333333333333334,0.09474703175351974,-1.5127080236514645,0.029824416456688638,1.610203458811094,,,,,,,,
D5-leverage_e00_r021,adaptX,0.05213429397554137,0.023333333333333334,0.0111080723108398,1.6034793334056778,0.10238813069238774,-1.5126680361099822,,,,,,,,
D5-leverage_e00_r021,HA50,0.008638479019282386,,0.05641787316090034,-1.5005489645882342,0.09755596947396242,1.6060812101685786,,,,,,,,
D5-leverage_e00_r021,TA(0.05),0.04937233799137175,0.03,0.017096018104653825,1.609630700844088,0.14601866246461012,-1.5224045820037142,,,,,,,,
D5-leverage_e00_r021,TA(0.10),0.04988096101442352,0.03,0.14601866246461012,-1.5224045820037142,0.017096018104653825,1.609630700844088,,,,,,,,
D5-leverage_e00_r021,TA(0.15),0.05121903700637631,0.03,0.14601866246461012,-1.5224045820037142,0.017096018104653825,1.609630700844088,,,,,,,,
D5-leverage_e00_r021,TA(0.25),0.04999875198700465,0.03,0.028130847244838567,1.6006430175091528,0.14601866246461012,-1.5224045820037142,,,,,,,,
D5-leverage_e00_r021,TA(0.40),0.05184150600689463,0.023333333333333334,0.10238813069238774,-1.5126680361099822,0.0111080723108398,1.6034793334056778,,,,,,,,
D5-leverage_e05_r021,adapt,0.04061200201977044,0.07333333333333333,0.01861185616765277,-1.482748962605021,-0.03532831870548458,1.509368594352821,,,,,,,,
D5-leverage_e05_r021,adaptX,0.04573217101278715,0.07333333333333333,-0.039423192224657226,1.5091787269580959,0.023008423542885657,-1.482892460789368,,,,,,,,
D5-leverage_e05_r021,HA50,0.007888644991908222,,2.161831182074546,-0.11533684925424288,-2.38816484306759,-0.04046103100404614,,,,,,,,
D5-leverage_e05_r021,TA(0.05),0.04174289799993858,0.07333333333333333,-0.04457353536542811,1.509983755290959,0.017250609559657567,-1.4818379137890036,,,,,,,,
D5-leverage_e05_r021,TA(0.10),0.0430175390210934,0.07333333333333333,0.023008423542885657,-1.482892460789368,-0.039423192224657226,1.5091787269580959,,,,,,,,
D5-leverage_e05_r021,TA(0.15),0.04334902600385249,0.07333333333333333,-0.03286493523227014,1.5353165351826528,0.01861185616765277,-1.482748962605021,,,,,,,,
D5-leverage_e05_r021,TA(0.25),0.0421826750098262,0.08666666666666667,-0.0003883818178459375,1.5634000233377727,0.01861185616765277,-1.482748962605021,,,,,,,,
D5-leverage_e05_r021,TA(0.40),0.04207023198250681,0.08666666666666667,0.01861185616765277,-1.482748962605021,-0.0003883818178459375,1.5634000233377727,,,,,,,,
D5-leverage_e10_r021,adapt,0.043915275018662214,0.09333333333333334,0.03806533200043806,-1.5463716349237082,0.10588920145752674,1.5688314509181602,,,,,,,,
D5-leverage_e10_r021,adaptX,0.049248433992033824,0.09333333333333334,0.03806533200043806,-1.5463716349237082,0.10588920145752674,1.5688314509181602,,,,,,,,
D5-leverage_e10_r021,HA50,0.008638241997687146,,-2.333782481855603,0.16925448445585106,2.148829431439355,-0.041600804455072846,,,,,,,,
D5-leverage_e10_r021,TA(0.05),0.045036515017272905,0.006666666666666667,-2.28315501233291,0.18496859251302372,2.148829431439355,-0.041600804455072846,,,,,,,,
D5-leverage_e10_r021,TA(0.10),0.045755974017083645,0.09333333333333334,0.10301180608183798,1.5687380383152254,0.04111750217598656,-1.5462329333619482,,,,,,,,
D5-leverage_e10_r021,TA(0.15),0.04526600401732139,0.09333333333333334,0.09353080376196367,1.5684038261854747,0.05129589489169654,-1.5457359410909655,,,,,,,,
D5-leverage_e10_r021,TA(0.25),0.044837036984972656,0.09333333333333334,0.09353080376196367,1.5684038261854747,0.05129589489169654,-1.5457359410909655,,,,,,,,
D5-leverage_e10_r021,TA(0.40),0.0460810020158533,0.09333333333333334,0.07833634859573388,1.565731221287096,0.041477296896265524,-1.548559250271588,,,,,,,,
D5-leverage_e20_r021,adapt,0.04467516200384125,0.0,-2.3552720261475844,0.1394987906814635,2.0495265683452684,0.02484140835689087,,,,,,,,
D5-leverage_e20_r021,adaptX,0.04577240900835022,0.15,0.11201351413801089,1.5721417621469687,0.019106888177958463,-1.441314922233767,,,,,,,,
D5-leverage_e20_r021,HA50,0.008375320001505315,,2.0495265683452684,0.02484140835689087,-2.3552720261475844,0.1394987906814635,,,,,,,,
D5-leverage_e20_r021,TA(0.05),0.04690329899312928,0.0,-2.392665670286213,0.14528928836583851,2.013238485761989,0.030821634445646943,,,,,,,,
D5-leverage_e20_r021,TA(0.10),0.04597740000463091,0.0,-2.4432355144878035,0.15062142633969253,1.9645806441381604,0.03466950680774258,,,,,,,,
D5-leverage_e20_r021,TA(0.15),0.04666375200031325,0.15,0.11201351413801089,1.5721417621469687,0.019106888177958463,-1.441314922233767,,,,,,,,
D5-leverage_e20_r021,TA(0.25),0.046155231015291065,0.15,0.011210714808206325,-1.44072401199829,0.12077022236806557,1.572160860698934,,,,,,,,
D5-leverage_e20_r021,TA(0.40),0.04606962201069109,0.15,0.13209966536390003,1.5720829904402984,0.002627048093574197,-1.4399749477661514,,,,,,,,
D5-leverage_e30_r021,adapt,0.04119707699283026,0.006666666666666667,2.0074034931259264,-0.07168483049018189,-2.4624851991953776,0.05546584988821994,,,,,,,,
D5-leverage_e30_r021,adaptX,0.04715253601898439,0.01,-2.4448117250058905,0.05607702249502151,2.009319473555522,-0.07816555366863381,,,,,,,,
D5-leverage_e30_r021,HA50,0.008605895010987297,,2.03367379482332,-0.07150867312287157,-2.4624851991953776,0.05546584988821994,,,,,,,,
D5-leverage_e30_r021,TA(0.05),0.041988165001384914,0.0033333333333333335,-2.4448117250058905,0.05607702249502151,2.0074034931259264,-0.07168483049018189,,,,,,,,
D5-leverage_e30_r021,TA(0.10),0.042400549980811775,0.0033333333333333335,-2.4448117250058905,0.05607702249502151,2.0074034931259264,-0.07168483049018189,,,,,,,,
D5-leverage_e30_r021,TA(0.15),0.04365227499511093,0.0033333333333333335,2.0074034931259264,-0.07168483049018189,-2.4448117250058905,0.05607702249502151,,,,,,,,
D5-leverage_e30_r021,TA(0.25),0.04319933999795467,0.0033333333333333335,2.0074034931259264,-0.07168483049018189,-2.4448117250058905,0.05607702249502151,,,,,,,,
D5-leverage_e30_r021,TA(0.40),0.04421025398187339,0.006666666666666667,-2.3920392044266348,0.05019289872625933,2.0074034931259264,-0.07168483049018189,,,,,,,,
D6-uniform_e00_r021,adapt,0.06625039200298488,0.016666666666666666,-0.10486933147559561,-1.5069108290372344,0.06425605780128944,1.6174599867352129,,,,,,,,
D6-uniform_e00_r021,adaptX,0.046684089000336826,0.016666666666666666,-0.13911460546924978,-1.5136898658570728,0.019750078431748173,1.604216663132901,,,,,,,,
D6-uniform_e00_r021,HA50,0.00840191199677065,,0.08149814176351383,1.592261208453937,-0.11559076294774621,-1.532583570090452,,,,,,,,
D6-uniform_e00_r021,TA(0.05),0.06688266998389736,0.023333333333333334,-0.09638038222501245,-1.5052721568728191,0.07264259400762704,1.63320445774377,,,,,,,,
D6-uniform_e00_r021,TA(0.10),0.06765817300765775,0.023333333333333334,-0.09638038222501245,-1.5052721568728191,0.07264259400762704,1.63320445774377,,,,,,,,
D6-uniform_e00_r021,TA(0.15),0.06790536697371863,0.016666666666666666,0.019750078431748173,1.604216663132901,-0.13911460546924978,-1.5136898658570728,,,,,,,,
D6-uniform_e00_r021,TA(0.25),0.06679255998460576,0.016666666666666666,0.02955602990735679,1.619595085733213,-0.11500590032823704,-1.5053873178371349,,,,,,,,
D6-uniform_e00_r021,TA(0.40),0.06757982101407833,0.013333333333333334,0.041738101195786505,1.628190331825763,-0.11500590032823704,-1.5053873178371349,,,,,,,,
D6-uniform_e05_r021,adapt,0.047135613014688715,0.06333333333333334,-0.005155025479215354,-1.4471660188194937,0.0030369808209297724,1.5097248789470736,,,,,,,,
D6-uniform_e05_r021,adaptX,0.04863258000114001,0.06333333333333334,0.005701716515298471,1.5096487870649953,-0.008076052567777922,-1.4470118000778247,,,,,,,,
D6-uniform_e05_r021,HA50,0.007737759995507076,,0.1406019289185542,-1.5541460699093046,-0.07893673195353806,1.642399971627958,,,,,,,,
D6-uniform_e05_r021,TA(0.05),0.04937898798380047,0.06333333333333334,-0.005155025479215354,-1.4471660188194937,0.0030369808209297724,1.5097248789470736,,,,,,,,
D6-uniform_e05_r021,TA(0.10),0.04793320799944922,0.06333333333333334,0.002461165475617487,1.5097402629035448,-0.004467946855746262,-1.447200977061537,,,,,,,,
D6-uniform_e05_r021,TA(0.15),0.04863957699853927,0.06333333333333334,0.002461165475617487,1.5097402629035448,-0.004467946855746262,-1.447200977061537,,,,,,,,
D6-uniform_e05_r021,TA(0.25),0.04931690898956731,0.06333333333333334,0.002461165475617487,1.5097402629035448,0.013055651231764227,-1.4508532044835194,,,,,,,,
D6-uniform_e05_r021,TA(0.40),0.04979038899182342,0.06333333333333334,0.01806533434002166,-1.4516029001018251,0.024207001310963122,1.5211870200698618,,,,,,,,
D6-uniform_e10_r021,adapt,0.042683879990363494,0.12666666666666668,0.04238817046513075,1.5065385246178804,-0.04832634461257971,-1.4608796166335456,,,,,,,,
D6-uniform_e10_r021,adaptX,0.04778322999482043,0.12666666666666668,0.04238817046513075,1.5065385246178804,-0.04832634461257971,-1.4608796166335456,,,,,,,,
D6-uniform_e10_r021,HA50,0.009223739994922653,,0.0010742363701798467,-1.7306766307105061,-0.20835883269000396,1.5510259392891834,,,,,,,,
D6-uniform_e10_r021,TA(0.05),0.045227343012811616,0.12333333333333334,0.054909320534904466,1.5017493939810453,-0.03439476681531087,-1.4669061276666338,,,,,,,,
D6-uniform_e10_r021,TA(0.10),0.04409067099913955,0.13,0.023313393164049907,1.4928814352286042,-0.04832634461257971,-1.4608796166335456,,,,,,,,
D6-uniform_e10_r021,TA(0.15),0.04424240899970755,0.13,-0.04832634461257971,-1.4608796166335456,0.023313393164049907,1.4928814352286042,,,,,,,,
D6-uniform_e10_r021,TA(0.25),0.04566093100584112,0.13,-0.04832634461257971,-1.4608796166335456,0.023313393164049907,1.4928814352286042,,,,,,,,
D6-uniform_e10_r021,TA(0.40),0.044818461989052594,0.12666666666666668,0.05284992406018253,1.507070829188113,-0.05876972100962811,-1.4607320209728651,,,,,,,,
D6-uniform_e20_r021,adapt,0.04095292501733638,0.20333333333333334,-0.04960321973632522,-1.5265959980884816,-0.14615238064730654,1.4207665906172267,,,,,,,,
D6-uniform_e20_r021,adaptX,0.047498931002337486,0.20333333333333334,-0.09746590840804734,1.4537159534798767,-0.04960321973632522,-1.5265959980884816,,,,,,,,
D6-uniform_e20_r021,HA50,0.009407722012838349,,-3.0384438289866362,0.11135691187083825,2.939242740736991,0.007884360072753753,,,,,,,,
D6-uniform_e20_r021,TA(0.05),0.04253114899620414,0.19666666666666666,-0.03989369351583984,-1.5936611966274095,-0.09746590840804734,1.4537159534798767,,,,,,,,
D6-uniform_e20_r021,TA(0.10),0.042623976012691855,0.19,-0.18826102833701905,-1.54684613567625,-0.07881123407848313,1.4538394956710055,,,,,,,,
D6-uniform_e20_r021,TA(0.15),0.04170769901247695,0.17333333333333334,-0.14424195063541562,-1.5738148379345283,-0.1678582898583227,1.4137059267092555,,,,,,,,
D6-uniform_e20_r021,TA(0.25),0.042831374012166634,0.20333333333333334,-0.09746590840804734,1.4537159534798767,-0.04960321973632522,-1.5265959980884816,,,,,,,,
D6-uniform_e20_r021,TA(0.40),0.04256763099692762,0.19333333333333333,-0.08507495076311962,1.4538234866296509,-0.12366413812458853,-1.6087621146499105,,,,,,,,
D6-uniform_e30_r021,adapt,0.029217981005785987,0.02,-1.4862966991404656,-1.2671791802259544,5.781074147563473,-1.1536607475770215,,,,,,,,
D6-uniform_e30_r021,adaptX,0.032070834015030414,0.15666666666666668,0.29336966639597006,0.9832856362374499,-0.20740732850749183,-1.8695752240230308,,,,,,,,
D6-uniform_e30_r021,HA50,0.006070097995689139,,3.8546215316081582,-0.24486456810046367,-3.0496355392219945,-0.43931656992136753,,,,,,,,
D6-uniform_e30_r021,TA(0.05),0.03069455098011531,0.01,3.8546215316081582,-0.24486456810046367,-2.859978846910682,-0.5665425848632852,,,,,,,,
D6-uniform_e30_r021,TA(0.10),0.029654668003786355,0.0033333333333333335,3.7384708906267714,-0.2900153037478715,-2.964977845127949,-0.6045548016486185,,,,,,,,
D6-uniform_e30_r021,TA(0.15),0.03023610499803908,0.01,-2.859978846910682,-0.5665425848632852,3.8546215316081582,-0.24486456810046367,,,,,,,,
D6-uniform_e30_r021,TA(0.25),0.029772019013762474,0.15333333333333332,-0.24484911046672608,-1.82795371257104,0.29336966639597006,0.9832856362374499,,,,,,,,
D6-uniform_e30_r021,TA(0.40),0.030422314011957496,0.21666666666666667,0.2049688264226156,1.3098914039329403,-0.15477482126565575,-1.795896169210021,,,,,,,,
D7-p3_e00_r021,adapt,0.21686878200853243,0.02,0.014113293014200954,-1.520749127914829,1.0152543205004592,1.072070517826081,-0.0027268221050171,1.5467058719666555,1.0584694048329093,1.0445335906517865,,,,
D7-p3_e00_r021,adaptX,1.386028520995751,0.03666666666666667,0.00775011086568115,1.550766987196289,1.0351126840450193,1.039354735021777,0.017377224192108406,-1.516794775578371,1.0113683148343322,1.0680832768535669,,,,
D7-p3_e00_r021,HA50,0.011798309977166355,,-0.017257398788593538,-1.5447965131450738,0.9864851552202338,1.0890897354314089,-0.004661861687566115,1.5309024777437052,0.997518487423909,1.0309039567277298,,,,
D7-p3_e00_r021,TA(0.05),0.2184393689967692,0.02,0.016103492385411634,1.5485245261850349,1.0420217388349897,1.0336487335905826,0.014113293014200954,-1.520749127914829,1.0152543205004592,1.072070517826081,,,,
D7-p3_e00_r021,TA(0.10),0.21925452101277187,0.02,0.014113293014200954,-1.520749127914829,1.0152543205004592,1.072070517826081,0.016103492385411634,1.5485245261850349,1.0420217388349897,1.0336487335905826,,,,
D7-p3_e00_r021,TA(0.15),0.21827777399448678,0.02,0.016103492385411634,1.5485245261850349,1.0420217388349897,1.0336487335905826,0.014113293014200954,-1.520749127914829,1.0152543205004592,1.072070517826081,,,,
D7-p3_e00_r021,TA(0.25),0.21751276298891753,0.023333333333333334,-0.026234923128651205,1.5395893764551403,1.0509262792660528,1.054666168985322,-0.010646226611757998,-1.5249298011400763,1.002818451480465,1.0915535030845016,,,,
D7-p3_e00_r021,TA(0.40),0.21733394800685346,0.02,-0.046140237939427675,-1.520563055167806,0.9899218524769602,1.078253300069723,-0.12721017582455282,1.508904833918386,0.9838455084790414,1.0005578290676802,,,,
D7-p3_e05_r021,adapt,0.21053527601179667,0.056666666666666664,0.04807103875666318,-1.5009542125442485,1.057201803344414,0.982685126913087,-0.03663262420327703,1.5056386372205088,1.006762448683242,1.0970261141543718,,,,
D7-p3_e05_r021,adaptX,1.604209233977599,0.07,-0.06828040920216004,1.481201091444727,1.0116135622098428,1.1178883572718954,0.045500953374353,-1.5006634371945264,1.057389160862857,0.9804472468052259,,,,
D7-p3_e05_r021,HA50,0.00677082099718973,,0.4307976308396104,1.7184885497704987,1.0731103124972725,0.9518160683829349,-0.0787535338043859,-1.7249831869688128,1.101461292596113,1.2174116850961572,,,,
D7-p3_e05_r021,TA(0.05),0.21182825599680655,0.056666666666666664,0.04172176540023429,-1.5014763872711907,1.0578774096965393,0.980784197549716,-0.05780567212858941,1.4927263292167268,0.9967135843337523,1.0847149112962655,,,,
D7-p3_e05_r021,TA(0.10),0.21117505698930472,0.056666666666666664,0.04280843097136581,-1.501531570105581,1.057203498290198,0.9813978573201717,-0.056938392023827035,1.4928872838455047,0.9960679222684707,1.08515757598557,,,,
D7-p3_e05_r021,TA(0.15),0.21211820398457348,0.056666666666666664,0.04172176540023429,-1.5014763872711907,1.0578774096965393,0.980784197549716,-0.05780567212858941,1.4927263292167268,0.9967135843337523,1.0847149112962655,,,,
D7-p3_e05_r021,TA(0.25),0.21260742700542323,0.056666666666666664,0.04172176540023429,-1.5014763872711907,1.0578774096965393,0.980784197549716,-0.07557330444667604,1.4820810493645629,1.0017012371395915,1.081795863923415,,,,
D7-p3_e05_r021,TA(0.40),0.213258185016457,0.056666666666666664,-0.04809169664119888,1.4931730633164395,0.9950115879476008,1.0787211145179425,0.03765864150894638,-1.5130577770029108,1.0588737960508883,1.0102734143246892,,,,
D7-p3_e10_r021,adapt,0.2306995779799763,0.1,-0.029281401508480152,1.452753311270567,0.9851821988770338,1.0346290649247294,-0.08376883966306393,-1.6092477275484633,1.0608850618618277,1.0399463884260711,,,,
D7-p3_e10_r021,adaptX,1.411518092994811,0.10333333333333333,-0.030754903391225556,1.452392442607493,0.9812893957175086,1.0378894679590411,-0.11573865857154557,-1.624432828779597,1.0471425407220678,1.0677418494873663,,,,
D7-p3_e10_r021,HA50,0.012499394011683762,,-1.5011076474621685,0.42792993780354216,0.69153047157354,1.0922899233260455,17.351009536508176,3.913089867531635,0.5153132339730303,2.9644182651346336,,,,
D7-p3_e10_r021,TA(0.05),0.23207000698312186,0.05,-0.12217199292255054,0.022701102093644798,0.9605008157314542,1.0857239272905927,-7.96608495047131,-5.749109465615282,-7.632319247314649,3.4782814381307263,,,,
D7-p3_e10_r021,TA(0.10),0.2320749789942056,0.10333333333333333,-0.030754903391225556,1.452392442607493,0.9812893957175086,1.0378894679590411,-0.11573865857154557,-1.624432828779597,1.0471425407220678,1.0677418494873663,,,,
D7-p3_e10_r021,TA(0.15),0.2320067859836854,0.10333333333333333,-0.020372206496583393,1.4548432251021284,0.9734987469761744,1.0377012630991336,-0.10463511326439233,-1.6212430649840102,1.0389873227872795,1.066621462307092,,,,
D7-p3_e10_r021,TA(0.25),0.2324309679970611,0.10333333333333333,-0.030754903391225556,1.452392442607493,0.9812893957175086,1.0378894679590411,-0.11573865857154557,-1.624432828779597,1.0471425407220678,1.0677418494873663,,,,
D7-p3_e10_r021,TA(0.40),0.2320721390133258,0.1,-0.08376883966306393,-1.6092477275484633,1.0608850618618277,1.0399463884260711,-0.04651677049803511,1.4481775417731013,0.9926082945190778,1.02799003138916,,,,
D7-p3_e20_r021,adapt,0.3142423380049877,0.22666666666666666,-0.05054461137672738,1.4466516415816377,1.0078835562868558,1.090061057264661,-0.16723375996346967,-1.5779213738479065,1.0005244449844695,1.0766039494091157,,,,
D7-p3_e20_r021,adaptX,1.644915217999369,0.24,-0.19001565034393855,-1.5676823956301984,0.9822835877978869,1.0943148242295349,-0.020652955270098,1.444442614501452,1.0179969967395044,1.0919403765293583,,,,
D7-p3_e20_r021,HA50,0.006816129985963926,,3.027488832702038,-0.042363597150023115,1.337215486089364,1.1854238342931018,-23.55559575505604,0.6099766514928381,0.625315641304712,1.3374347286339556,,,,
D7-p3_e20_r021,TA(0.05),0.3156839369912632,0.10666666666666667,0.3396117191380078,0.11453540870280411,1.0099036635722047,1.0389571111887508,-23.55559575505604,0.6099766514928381,0.625315641304712,1.3374347286339556,,,,
D7-p3_e20_r021,TA(0.10),0.31503314297879115,0.10666666666666667,0.3396117191380078,0.11453540870280411,1.0099036635722047,1.0389571111887508,-23.55559575505604,0.6099766514928381,0.625315641304712,1.3374347286339556,,,,
D7-p3_e20_r021,TA(0.15),0.31567374398582615,0.14666666666666667,-21.59472918549532,-4.173831184192602,-3.674822034854405,-1.9934099517071613,0.42047715037112543,0.047456089730187535,0.9995423933104347,1.0299472995672396,,,,
D7-p3_e20_r021,TA(0.25),0.3145900490053464,0.22666666666666666,-0.03351911362763205,1.4456027338742585,1.010107238030657,1.0921633992207813,-0.1884724644280078,-1.5808594710754538,0.9995744683983601,1.0744071934694956,,,,
D7-p3_e20_r021,TA(0.40),0.31526838400168344,0.22666666666666666,-0.13931811122073048,-1.5755830072412669,0.9922106040649803,1.0678762737051375,-0.06129882267183189,1.44730564312577,1.0178459099391144,1.0982402226196657,,,,
D7-p3_e30_r021,adapt,0.21114939398830757,0.29333333333333333,0.08364467984077295,1.5380785552529481,0.9670085233170903,0.9792155829045432,0.11060611523181245,-1.4769851431414962,1.0235181628273635,1.0340036815595068,,,,
D7-p3_e30_r021,adaptX,1.4637087490118574,0.29333333333333333,0.1145502500625411,-1.4770486931517224,1.0264546991957466,1.034155457284076,0.08732973140111397,1.5374759930693653,0.9698134543000843,0.978872152998335,,,,
D7-p3_e30_r021,HA50,0.006302424008026719,,-22.742305289713638,-0.23265455968768917,1.265890743326083,0.48702591663407463,4.058721230911249,0.19068898203207388,1.5159207482291783,1.2489359889456826,,,,
D7-p3_e30_r021,TA(0.05),0.2127973939932417,0.13666666666666666,0.5754968205068094,0.05597967833641598,0.969905775395115,1.0959594824005336,-22.742305289713638,-0.23265455968768917,1.265890743326083,0.48702591663407463,,,,
D7-p3_e30_r021,TA(0.10),0.21213858301052824,0.13666666666666666,-22.742305289713638,-0.23265455968768917,1.265890743326083,0.48702591663407463,0.5754968205068094,0.05597967833641598,0.969905775395115,1.0959594824005336,,,,
D7-p3_e30_r021,TA(0.15),0.21239274297840893,0.13666666666666666,0.5754968205068094,0.05597967833641598,0.969905775395115,1.0959594824005336,-22.742305289713638,-0.23265455968768917,1.265890743326083,0.48702591663407463,,,,
D7-p3_e30_r021,TA(0.25),0.2123516320134513,0.18666666666666668,0.20198200950171438,0.3656142015630291,1.1081238818686456,1.1067004573932895,18.934995263347997,3.574855034720595,4.474626786686437,1.7523017314252212,,,,
D7-p3_e30_r021,TA(0.40),0.21363371901679784,0.29333333333333333,0.1145502500625411,-1.4770486931517224,1.0264546991957466,1.034155457284076,0.08732973140111397,1.5374759930693653,0.9698134543000843,0.978872152998335,,,,
D8-K2par-sep_e00_r021,adapt,0.04168915201444179,0.006666666666666667,-2.994635763837544,0.9607395632860692,2.956126031865659,1.0244288727834945,,,,,,,,
D8-K2par-sep_e00_r021,adaptX,0.049291404022369534,0.013333333333333334,-2.976954764355459,0.9636413766419677,2.9405880285926775,1.0148613884140245,,,,,,,,
D8-K2par-sep_e00_r021,HA50,0.008386235014768317,,2.956602259977617,1.0169643924230725,-2.994635763837544,0.9607395632860692,,,,,,,,
D8-K2par-sep_e00_r021,TA(0.05),0.04383089201292023,0.01,2.9405880285926775,1.0148613884140245,-2.994635763837544,0.9607395632860692,,,,,,,,
D8-K2par-sep_e00_r021,TA(0.10),0.04409926000516862,0.01,2.956126031865659,1.0244288727834945,-2.976954764355459,0.9636413766419677,,,,,,,,
D8-K2par-sep_e00_r021,TA(0.15),0.04531653001322411,0.01,2.956126031865659,1.0244288727834945,-2.976954764355459,0.9636413766419677,,,,,,,,
D8-K2par-sep_e00_r021,TA(0.25),0.042471366992685944,0.006666666666666667,2.956126031865659,1.0244288727834945,-2.994635763837544,0.9607395632860692,,,,,,,,
D8-K2par-sep_e00_r021,TA(0.40),0.04292706699925475,0.006666666666666667,2.956126031865659,1.0244288727834945,-2.994635763837544,0.9607395632860692,,,,,,,,
D8-K2par-sep_e05_r021,adapt,0.045039539982099086,0.07,-2.858587994916151,1.083620103581451,2.9551991472963173,1.0492396076323598,,,,,,,,
D8-K2par-sep_e05_r021,adaptX,0.04854130701278336,0.07,-2.858587994916151,1.083620103581451,2.9551991472963173,1.0492396076323598,,,,,,,,
D8-K2par-sep_e05_r021,HA50,0.009870569017948583,,4.181717363579737,0.792448173993709,-3.985306220655744,1.3638122520215714,,,,,,,,
D8-K2par-sep_e05_r021,TA(0.05),0.047258895996492356,0.07,-2.858587994916151,1.083620103581451,2.9551991472963173,1.0492396076323598,,,,,,,,
D8-K2par-sep_e05_r021,TA(0.10),0.046405970002524555,0.07,2.9551991472963173,1.0492396076323598,-2.858587994916151,1.083620103581451,,,,,,,,
D8-K2par-sep_e05_r021,TA(0.15),0.04734653199557215,0.07,-2.858587994916151,1.083620103581451,2.9551991472963173,1.0492396076323598,,,,,,,,
D8-K2par-sep_e05_r021,TA(0.25),0.04610863298876211,0.07,2.9551991472963173,1.0492396076323598,-2.858587994916151,1.083620103581451,,,,,,,,
D8-K2par-sep_e05_r021,TA(0.40),0.04588288100785576,0.07,-2.858587994916151,1.083620103581451,2.9551991472963173,1.0492396076323598,,,,,,,,
D8-K2par-sep_e10_r021,adapt,0.04322520099231042,0.08333333333333333,2.8765852864617525,1.023909450151128,-2.945649523885724,1.060574478148314,,,,,,,,
D8-K2par-sep_e10_r021,adaptX,0.04620699002407491,0.08333333333333333,-2.945649523885724,1.060574478148314,2.8765852864617525,1.023909450151128,,,,,,,,
D8-K2par-sep_e10_r021,HA50,0.008181565994163975,,-4.373808536076695,1.1886926907456117,4.166660577253678,1.032849199943452,,,,,,,,
D8-K2par-sep_e10_r021,TA(0.05),0.044285793002927676,0.08333333333333333,-2.9622819426321922,1.05743242187068,2.8765852864617525,1.023909450151128,,,,,,,,
D8-K2par-sep_e10_r021,TA(0.10),0.04408045101445168,0.08333333333333333,2.8765852864617525,1.023909450151128,-2.945649523885724,1.060574478148314,,,,,,,,
D8-K2par-sep_e10_r021,TA(0.15),0.044331727985991165,0.08333333333333333,2.8765852864617525,1.023909450151128,-2.945649523885724,1.060574478148314,,,,,,,,
D8-K2par-sep_e10_r021,TA(0.25),0.044437288015615195,0.08333333333333333,2.8765852864617525,1.023909450151128,-2.945649523885724,1.060574478148314,,,,,,,,
D8-K2par-sep_e10_r021,TA(0.40),0.0454933810106013,0.08333333333333333,-2.926504727994352,1.0488766453346037,2.8765852864617525,1.023909450151128,,,,,,,,
D8-K2par-sep_e20_r021,adapt,0.045077135000610724,0.21333333333333335,-3.086296913308966,1.0052057954660722,2.947660878085736,1.0251067991815586,,,,,,,,
D8-K2par-sep_e20_r021,adaptX,0.051910091016907245,0.21333333333333335,-3.086296913308966,1.0052057954660722,2.947660878085736,1.0251067991815586,,,,,,,,
D8-K2par-sep_e20_r021,HA50,0.01198582400684245,,-2.5318417610171284,1.1123532779091703,23.34888070293438,1.365757203910725,,,,,,,,
D8-K2par-sep_e20_r021,TA(0.05),0.04600602699792944,0.09333333333333334,23.34888070293438,1.365757203910725,-0.269532729956465,1.0165079210241843,,,,,,,,
D8-K2par-sep_e20_r021,TA(0.10),0.04740706298616715,0.09333333333333334,-0.269532729956465,1.0165079210241843,23.34888070293438,1.365757203910725,,,,,,,,
D8-K2par-sep_e20_r021,TA(0.15),0.047391653002705425,0.11666666666666667,-21.355753338602938,1.4451714441395422,-0.22382623470973215,1.0060674092569748,,,,,,,,
D8-K2par-sep_e20_r021,TA(0.25),0.046459459990728647,0.21333333333333335,-3.086296913308966,1.0052057954660722,2.947660878085736,1.0251067991815586,,,,,,,,
D8-K2par-sep_e20_r021,TA(0.40),0.04781045898562297,0.21333333333333335,-3.086296913308966,1.0052057954660722,2.947660878085736,1.0251067991815586,,,,,,,,
D8-K2par-sep_e30_r021,adapt,0.049135386012494564,0.2833333333333333,-3.023004635553885,0.9542231055416858,3.2064245619445337,1.1024195425023442,,,,,,,,
D8-K2par-sep_e30_r021,adaptX,0.054157950973603874,0.2833333333333333,-3.023004635553885,0.9542231055416858,3.2064245619445337,1.1024195425023442,,,,,,,,
D8-K2par-sep_e30_r021,HA50,0.011130065016914159,,23.861135489510495,1.0097805186984041,-3.455805500261009,1.0652889716711063,,,,,,,,
D8-K2par-sep_e30_r021,TA(0.05),0.0501239980221726,0.13,-0.34540934918071015,1.116119755151579,23.861135489510495,1.0097805186984041,,,,,,,,
D8-K2par-sep_e30_r021,TA(0.10),0.05144679601653479,0.13333333333333333,-0.1612409364519662,1.0763991325932218,23.861135489510495,1.0097805186984041,,,,,,,,
D8-K2par-sep_e30_r021,TA(0.15),0.05100912001216784,0.14666666666666667,0.019899425077450888,0.9762314194826813,-20.91357274789842,0.5197022604265547,,,,,,,,
D8-K2par-sep_e30_r021,TA(0.25),0.05062689899932593,0.2833333333333333,3.2064245619445337,1.1024195425023442,-3.023004635553885,0.9542231055416858,,,,,,,,
D8-K2par-sep_e30_r021,TA(0.40),0.0506082369829528,0.2833333333333333,3.2064245619445337,1.1024195425023442,-3.023004635553885,0.9542231055416858,,,,,,,,
D1-K2cross_e00_r022,adapt,0.04317858099238947,0.016666666666666666,0.03581253672398557,1.506524845808433,-0.022207389794922133,-1.5806835573729439,,,,,,,,
D1-K2cross_e00_r022,adaptX,0.048630216013407335,0.013333333333333334,0.03642673873167995,1.5064430723518711,-0.040722810843329134,-1.590002660545212,,,,,,,,
D1-K2cross_e00_r022,HA50,0.008607905998360366,,-0.02235086312914723,-1.5914465755300826,0.05406314623130272,1.5112957774218108,,,,,,,,
D1-K2cross_e00_r022,TA(0.05),0.04372821797733195,0.016666666666666666,-0.02375714200003803,-1.5807151826322752,0.034365371130298486,1.5064724680453405,,,,,,,,
D1-K2cross_e00_r022,TA(0.10),0.045056767005007714,0.016666666666666666,-0.02375714200003803,-1.5807151826322752,0.034365371130298486,1.5064724680453405,,,,,,,,
D1-K2cross_e00_r022,TA(0.15),0.045409583020955324,0.016666666666666666,-0.02375714200003803,-1.5807151826322752,0.020325911650375356,1.496436003393763,,,,,,,,
D1-K2cross_e00_r022,TA(0.25),0.0444513899856247,0.016666666666666666,0.03581253672398557,1.506524845808433,-0.022207389794922133,-1.5806835573729439,,,,,,,,
D1-K2cross_e00_r022,TA(0.40),0.04587489101686515,0.016666666666666666,-0.01531114397456,-1.5808260240921348,0.029206444662372634,1.5065821082796806,,,,,,,,
D1-K2cross_e05_r022,adapt,0.04708340298384428,0.06333333333333334,0.11238835746874659,-1.5422705548997375,0.05576960016794475,1.5168159785414106,,,,,,,,
D1-K2cross_e05_r022,adaptX,0.051577655016444623,0.06333333333333334,0.11238835746874659,-1.5422705548997375,0.05576960016794475,1.5168159785414106,,,,,,,,
D1-K2cross_e05_r022,HA50,0.009118538000620902,,12.995325286082071,-4.023777324149783,-0.8594764301004936,-0.7046773234688323,,,,,,,,
D1-K2cross_e05_r022,TA(0.05),0.047825752990320325,0.06,0.0573700468934705,-1.556256095626523,0.08582953516887584,1.5127318247929176,,,,,,,,
D1-K2cross_e05_r022,TA(0.10),0.048538794013438746,0.06333333333333334,0.05576960016794475,1.5168159785414106,0.11238835746874659,-1.5422705548997375,,,,,,,,
D1-K2cross_e05_r022,TA(0.15),0.04830657900311053,0.06666666666666667,0.11306549925419414,1.5038658622433259,0.08639979293232683,-1.5443402834384103,,,,,,,,
D1-K2cross_e05_r022,TA(0.25),0.05017314001452178,0.06333333333333334,0.10384557398796768,1.5051298771123864,0.09586325030158013,-1.5439900580272523,,,,,,,,
D1-K2cross_e05_r022,TA(0.40),0.04989680301514454,0.06666666666666667,0.11306549925419414,1.5038658622433259,0.08639979293232683,-1.5443402834384103,,,,,,,,
D1-K2cross_e10_r022,adapt,0.04468726200866513,0.12333333333333334,0.05898834689552979,-1.5326645085402464,0.02799630188488487,1.5216386889390332,,,,,,,,
D1-K2cross_e10_r022,adaptX,0.048071272001834586,0.12333333333333334,0.02799630188488487,1.5216386889390332,0.05898834689552979,-1.5326645085402464,,,,,,,,
D1-K2cross_e10_r022,HA50,0.00884619599673897,,-1.083258600613973,0.07425265755269286,21.516575678453563,-0.18914166384347175,,,,,,,,
D1-K2cross_e10_r022,TA(0.05),0.04608489800011739,0.05333333333333334,0.1137971983998614,0.12576346396403384,21.516575678453563,-0.18914166384347175,,,,,,,,
D1-K2cross_e10_r022,TA(0.10),0.04671701797633432,0.12333333333333334,0.02799630188488487,1.5216386889390332,0.05898834689552979,-1.5326645085402464,,,,,,,,
D1-K2cross_e10_r022,TA(0.15),0.04612221600837074,0.12333333333333334,0.02799630188488487,1.5216386889390332,0.05898834689552979,-1.5326645085402464,,,,,,,,
D1-K2cross_e10_r022,TA(0.25),0.04730969000956975,0.12333333333333334,0.05898834689552979,-1.5326645085402464,0.02799630188488487,1.5216386889390332,,,,,,,,
D1-K2cross_e10_r022,TA(0.40),0.0467571820190642,0.12333333333333334,0.05898834689552979,-1.5326645085402464,0.02799630188488487,1.5216386889390332,,,,,,,,
D1-K2cross_e20_r022,adapt,0.04361046600388363,0.24666666666666667,0.03114572164858032,-1.443870082840443,-0.16049230370029938,1.5108431498847512,,,,,,,,
D1-K2cross_e20_r022,adaptX,0.04880831198533997,0.24666666666666667,-0.16049230370029938,1.5108431498847512,0.03114572164858032,-1.443870082840443,,,,,,,,
D1-K2cross_e20_r022,HA50,0.009003184008179232,,-22.8030140732799,-1.1267304234261581,2.873857175041051,0.05107863454648683,,,,,,,,
D1-K2cross_e20_r022,TA(0.05),0.04479345300933346,0.13333333333333333,-0.2537096645023538,0.006691324693465415,23.651510307946552,0.26228692391078773,,,,,,,,
D1-K2cross_e20_r022,TA(0.10),0.04606163300923072,0.11333333333333333,-22.8030140732799,-1.1267304234261581,-0.2537096645023538,0.006691324693465415,,,,,,,,
D1-K2cross_e20_r022,TA(0.15),0.04533465299755335,0.11333333333333333,-22.8030140732799,-1.1267304234261581,-0.2537096645023538,0.006691324693465415,,,,,,,,
D1-K2cross_e20_r022,TA(0.25),0.045110147999366745,0.24666666666666667,-0.16049230370029938,1.5108431498847512,0.03114572164858032,-1.443870082840443,,,,,,,,
D1-K2cross_e20_r022,TA(0.40),0.044972456991672516,0.24666666666666667,0.03114572164858032,-1.443870082840443,-0.16049230370029938,1.5108431498847512,,,,,,,,
D1-K2cross_e30_r022,adapt,0.050260032003279775,0.25333333333333335,-0.08569749459589655,1.531695798155725,-0.1009570953668344,-1.5346672218821416,,,,,,,,
D1-K2cross_e30_r022,adaptX,0.04940895098843612,0.25666666666666665,-0.1009570953668344,-1.5346672218821416,-0.05536748223006362,1.5565393994815413,,,,,,,,
D1-K2cross_e30_r022,HA50,0.009643953992053866,,-3.059463968130505,0.49782413815093857,23.6703613610833,0.20271509840985621,,,,,,,,
D1-K2cross_e30_r022,TA(0.05),0.05119110399391502,0.09666666666666666,-0.3672502851888822,-0.059945465881804445,23.6703613610833,0.20271509840985621,,,,,,,,
D1-K2cross_e30_r022,TA(0.10),0.05140842398395762,0.1,-0.3672502851888822,-0.059945465881804445,24.038701286841974,0.4094040460269978,,,,,,,,
D1-K2cross_e30_r022,TA(0.15),0.05291543900966644,0.1,24.038701286841974,0.4094040460269978,-0.3672502851888822,-0.059945465881804445,,,,,,,,
D1-K2cross_e30_r022,TA(0.25),0.05186633998528123,0.25666666666666665,-0.05536748223006362,1.5565393994815413,-0.1009570953668344,-1.5346672218821416,,,,,,,,
D1-K2cross_e30_r022,TA(0.40),0.051062584010651335,0.25666666666666665,-0.059615826129598835,1.5565404358708428,-0.07462856612225684,-1.5163008730866105,,,,,,,,
D2-K3par_e00_r022,adapt,0.2078893620055169,0.006666666666666667,-2.811269064476988,0.8610363699676457,0.14958659110821768,0.8795606737871177,3.0276156027450765,0.98422508671651,,,,,,
D2-K3par_e00_r022,adaptX,0.2162817719799932,0.006666666666666667,-2.811269064476988,0.8610363699676457,3.0276156027450765,0.98422508671651,0.14958659110821768,0.8795606737871177,,,,,,
D2-K3par_e00_r022,HA50,0.019535185012500733,,3.0381289013107833,1.0020213182371671,0.04112794123263093,0.9182132453149575,-2.9134046476165376,0.904523577057364,,,,,,
D2-K3par_e00_r022,TA(0.05),0.21224131301278248,0.006666666666666667,3.0276156027450765,0.98422508671651,-2.811269064476988,0.8610363699676457,0.14958659110821768,0.8795606737871177,,,,,,
D2-K3par_e00_r022,TA(0.10),0.21172963597928174,0.006666666666666667,-2.760194395024864,0.8295242382154844,3.0276156027450765,0.98422508671651,0.14958659110821768,0.8795606737871177,,,,,,
D2-K3par_e00_r022,TA(0.15),0.21088912899722345,0.013333333333333334,3.0276156027450765,0.98422508671651,0.09285703704409431,0.8503896532323368,-2.7904033747341472,0.7747339541346937,,,,,,
D2-K3par_e00_r022,TA(0.25),0.21141455200267956,0.006666666666666667,-2.812779971763882,0.7982045494578766,3.0129090834339043,0.9813276126817675,0.07658231490273841,0.8518105500649232,,,,,,
D2-K3par_e00_r022,TA(0.40),0.20955808702274226,0.02,2.5748051138479786,0.7668053435254893,-0.5345376032129776,0.5071227391710998,-2.901763393439513,0.5640403264807946,,,,,,
D2-K3par_e05_r022,adapt,0.20709831500425935,0.04666666666666667,-2.8449542475830394,0.9995326792668066,0.09778009877804762,0.9338799175882736,3.1189270619162213,0.8364402594511816,,,,,,
D2-K3par_e05_r022,adaptX,0.2378352909872774,0.04666666666666667,3.135564191442655,0.8459997425575791,0.1406698722201555,0.9618440945224728,-2.818597010185879,1.017155057643815,,,,,,
D2-K3par_e05_r022,HA50,0.014449189009610564,,-21.71438404251432,-0.36875793952992153,-0.12244018006659048,0.9795372033523082,22.743933164441046,1.8003445136880893,,,,,,
D2-K3par_e05_r022,TA(0.05),0.20887186500476673,0.04666666666666667,3.135564191442655,0.8459997425575791,0.1406698722201555,0.9618440945224728,-2.818597010185879,1.017155057643815,,,,,,
D2-K3par_e05_r022,TA(0.10),0.21028874599142,0.04666666666666667,3.135564191442655,0.8459997425575791,-2.790609470696894,1.0209423116546446,0.16972112209305157,0.9666183703408875,,,,,,
D2-K3par_e05_r022,TA(0.15),0.2092087809869554,0.04666666666666667,-2.6875770676056296,0.9677607058272901,3.1788620347956535,0.8171135789373891,0.30646639514320534,0.8935549687888765,,,,,,
D2-K3par_e05_r022,TA(0.25),0.20925652401638217,0.04666666666666667,3.162273421014632,0.807520264084774,0.23444544186004007,0.8462728981261944,-2.7399946943590603,0.9329963076065213,,,,,,
D2-K3par_e05_r022,TA(0.40),0.2079509859904647,0.04666666666666667,3.0970672009610962,0.7646325874907216,-2.7956761592985053,0.9195286836677319,0.12211051730080964,0.8008139762793863,,,,,,
D2-K3par_e10_r022,adapt,0.22353918000590056,0.1,2.937494027878457,1.0039753925137707,0.07843558884752301,1.0163616114175924,-3.0898592138541097,0.9949574391286711,,,,,,
D2-K3par_e10_r022,adaptX,0.24369105100049637,0.1,0.07843558884752301,1.0163616114175924,-3.0898592138541097,0.9949574391286711,2.937494027878457,1.0039753925137707,,,,,,
D2-K3par_e10_r022,HA50,0.01793208997696638,,-0.02554286979757608,1.0813315911573138,-22.595903577571914,0.41176408972340456,22.61573994430002,0.8928318333328722,,,,,,
D2-K3par_e10_r022,TA(0.05),0.22475083600147627,0.04666666666666667,2.004501046693416,1.0843460869166854,-2.4856347126353158,1.0588071003713955,22.61573994430002,0.8928318333328722,,,,,,
D2-K3par_e10_r022,TA(0.10),0.22490846598520875,0.1,0.07843558884752301,1.0163616114175924,2.937494027878457,1.0039753925137707,-3.0898592138541097,0.9949574391286711,,,,,,
D2-K3par_e10_r022,TA(0.15),0.22474750300170854,0.1,0.11519703455838205,1.0927855330449008,2.9378457078065665,1.0675101311558197,-3.0544274594034997,1.01879523525373,,,,,,
D2-K3par_e10_r022,TA(0.25),0.22473926199018024,0.1,0.16996301341986494,1.0679399777943475,2.9743927907091625,1.0436243596958519,-3.0367487854760746,1.0146835756500698,,,,,,
D2-K3par_e10_r022,TA(0.40),0.22816806999617256,0.1,-3.0717397599222163,0.9909342029833291,0.09633846207237458,1.0122875012832042,2.937494027878457,1.0039753925137707,,,,,,
D2-K3par_e20_r022,adapt,0.16705687501234934,0.25333333333333335,0.1408321779525321,1.038082051616039,3.073306995207084,1.0421128729252265,-2.8880281874490925,1.0173357970631918,,,,,,
D2-K3par_e20_r022,adaptX,0.13657613800023682,0.25333333333333335,-2.8880281874490925,1.0173357970631918,0.1408321779525321,1.038082051616039,3.073306995207084,1.0421128729252265,,,,,,
D2-K3par_e20_r022,HA50,0.009084324992727488,,0.07890281297286458,1.1634962175805554,22.90415889557248,0.4446219621570675,-22.189414466848707,0.5412931799303605,,,,,,
D2-K3par_e20_r022,TA(0.05),0.16758869600016624,0.0033333333333333335,0.07890281297286458,1.1634962175805554,23.198748267271696,0.1708709734123696,-22.189414466848707,0.5412931799303605,,,,,,
D2-K3par_e20_r022,TA(0.10),0.1689074489986524,0.0,-22.189414466848707,0.5412931799303605,22.90415889557248,0.4446219621570675,0.07890281297286458,1.1634962175805554,,,,,,
D2-K3par_e20_r022,TA(0.15),0.16783866100013256,0.13666666666666666,22.855159156342154,-0.10472936529887171,-2.1202928191199524,1.1414391006933333,2.3058306325210762,1.0485427579621374,,,,,,
D2-K3par_e20_r022,TA(0.25),0.16979890799848363,0.25333333333333335,2.8884428677748755,1.086507047541548,-0.31700570820157553,1.1215587126929167,-3.1612210700275867,1.0184619193714757,,,,,,
D2-K3par_e20_r022,TA(0.40),0.16905092701199464,0.25333333333333335,2.8884428677748755,1.086507047541548,-3.1612210700275867,1.0184619193714757,-0.31700570820157553,1.1215587126929167,,,,,,
D2-K3par_e30_r022,adapt,0.4391421799955424,0.28,-3.0029445243377304,1.0079485150666696,3.3090441885149233,0.9581190984813157,-0.05056769489154686,0.9660188482541583,,,,,,
D2-K3par_e30_r022,adaptX,0.2493220089818351,0.28,3.3090441885149233,0.9581190984813157,-0.05056769489154686,0.9660188482541583,-3.0029445243377304,1.0079485150666696,,,,,,
D2-K3par_e30_r022,HA50,0.013549676979891956,,22.423633847470114,1.1253882099793542,-22.221231750539122,1.5337157869927271,0.02423914855477828,1.0223777373276877,,,,,,
D2-K3par_e30_r022,TA(0.05),0.44031302200164646,0.0,22.423633847470114,1.1253882099793542,-22.221231750539122,1.5337157869927271,0.02423914855477828,1.0223777373276877,,,,,,
D2-K3par_e30_r022,TA(0.10),0.4420317519980017,0.0,22.423633847470114,1.1253882099793542,-22.221231750539122,1.5337157869927271,0.02423914855477828,1.0223777373276877,,,,,,
D2-K3par_e30_r022,TA(0.15),0.43969569000182673,0.13333333333333333,2.7571081551522685,1.0045058398259585,-22.221231750539122,1.5337157869927271,-1.927725428355935,1.0097280827947417,,,,,,
D2-K3par_e30_r022,TA(0.25),0.4401736609870568,0.13333333333333333,2.7571081551522685,1.0045058398259585,-22.221231750539122,1.5337157869927271,-1.927725428355935,1.0097280827947417,,,,,,
D2-K3par_e30_r022,TA(0.40),0.43972859799396247,0.28,0.05475734808559059,0.8933185899999433,3.334818776081111,0.9420177351493062,-2.9264433667470313,0.9510491804285109,,,,,,
D3-unequal_e00_r022,adapt,0.09874576100264676,0.016666666666666666,-0.035848144735719775,1.5865265860462205,0.015302088438834259,-1.5300165987492846,,,,,,,,
D3-unequal_e00_r022,adaptX,0.10109376200125553,0.02,0.013777647792886372,-1.5330206137328204,-0.09575584178737068,1.595442171963899,,,,,,,,
D3-unequal_e00_r022,HA50,0.008816628978820518,,-0.01671919240050361,-1.550660617431044,-0.0789537216052431,1.5866427845007938,,,,,,,,
D3-unequal_e00_r022,TA(0.05),0.10076349001610652,0.03333333333333333,-0.06579544284148345,1.6057464489513602,0.05038280484529972,-1.513867013068312,,,,,,,,
D3-unequal_e00_r022,TA(0.10),0.10007614200003445,0.03333333333333333,0.05219357133712234,-1.4984535314205993,-0.013622679800938585,1.5861376436955734,,,,,,,,
D3-unequal_e00_r022,TA(0.15),0.09964813201804645,0.03666666666666667,-0.08314001471875808,1.6046446964610108,0.07711709967077524,-1.5033304122001319,,,,,,,,
D3-unequal_e00_r022,TA(0.25),0.09942651400342584,0.03,0.0677071298051603,-1.5075298848621446,-0.08314001471875808,1.6046446964610108,,,,,,,,
D3-unequal_e00_r022,TA(0.40),0.11156401797779836,0.21,-1.1321589856043748,-1.347891380040811,0.6228014404930758,-1.421313294845634,,,,,,,,
D3-unequal_e05_r022,adapt,0.04980719098239206,0.08666666666666667,-0.1157880259968161,1.4906628410935803,0.04326956518158135,-1.5240724603705238,,,,,,,,
D3-unequal_e05_r022,adaptX,0.05446675300481729,0.08666666666666667,-0.1157880259968161,1.4906628410935803,0.04326956518158135,-1.5240724603705238,,,,,,,,
D3-unequal_e05_r022,HA50,0.009563458006596193,,24.85976270362986,-0.8884978050642407,-0.9681239318137134,-0.42914348876470854,,,,,,,,
D3-unequal_e05_r022,TA(0.05),0.05058783100685105,0.12666666666666668,-17.26664080003403,-5.109482840189051,0.02266204813041994,-1.218945172448992,,,,,,,,
D3-unequal_e05_r022,TA(0.10),0.05080280199763365,0.08666666666666667,0.04326956518158135,-1.5240724603705238,-0.1157880259968161,1.4906628410935803,,,,,,,,
D3-unequal_e05_r022,TA(0.15),0.05166154200560413,0.08666666666666667,-0.1157880259968161,1.4906628410935803,0.04326956518158135,-1.5240724603705238,,,,,,,,
D3-unequal_e05_r022,TA(0.25),0.05258268502075225,0.08666666666666667,0.04326956518158135,-1.5240724603705238,-0.1157880259968161,1.4906628410935803,,,,,,,,
D3-unequal_e05_r022,TA(0.40),0.05035033100284636,0.26,-0.8718732908632282,-1.4031211294734802,1.04035938028521,-1.4013918758090356,,,,,,,,
D3-unequal_e10_r022,adapt,0.04825465101748705,0.09666666666666666,-0.06830301358995884,-1.4684417431013113,0.2776248280821264,1.594556082406362,,,,,,,,
D3-unequal_e10_r022,adaptX,0.05328215000918135,0.09666666666666666,0.2776248280821264,1.594556082406362,-0.06830301358995884,-1.4684417431013113,,,,,,,,
D3-unequal_e10_r022,HA50,0.009061463992111385,,-0.6141349855559493,-0.6691241606878217,22.110346916375754,-0.8311441823428228,,,,,,,,
D3-unequal_e10_r022,TA(0.05),0.04985947400564328,0.14666666666666667,19.249546703929116,-4.4766317562436155,0.04290327219402259,-1.3747043896547146,,,,,,,,
D3-unequal_e10_r022,TA(0.10),0.049724316981155425,0.09666666666666666,-0.06830301358995884,-1.4684417431013113,0.2776248280821264,1.594556082406362,,,,,,,,
D3-unequal_e10_r022,TA(0.15),0.0627928720205091,0.09666666666666666,0.2776248280821264,1.594556082406362,-0.06830301358995884,-1.4684417431013113,,,,,,,,
D3-unequal_e10_r022,TA(0.25),0.049066020001191646,0.09666666666666666,0.24196677810446923,1.5876112847114705,-0.08691565102824868,-1.4714828190503713,,,,,,,,
D3-unequal_e10_r022,TA(0.40),0.051614441006677225,0.24,1.1927830712495437,-1.4451733785113492,-0.6605450630083056,-1.4597650580548138,,,,,,,,
D3-unequal_e20_r022,adapt,0.05055777699453756,0.20666666666666667,0.005837439055208977,-1.479084704740478,-0.13901788147791458,1.4920470594280073,,,,,,,,
D3-unequal_e20_r022,adaptX,0.056663804018171504,0.20666666666666667,-4.318695810709e-05,-1.4795887492946582,-0.12636215605706286,1.4917925033014825,,,,,,,,
D3-unequal_e20_r022,HA50,0.008642788976430893,,24.020232054544937,0.20545761398865106,-2.3450621437880628,-0.5744791652005236,,,,,,,,
D3-unequal_e20_r022,TA(0.05),0.05130216700490564,0.12666666666666668,24.547409040080325,-0.16316789072493448,0.21354362664488208,-0.7093364147922404,,,,,,,,
D3-unequal_e20_r022,TA(0.10),0.05309593499987386,0.14666666666666667,25.26762351817705,-0.15070299257291117,0.2046409507134612,-0.8131332226586719,,,,,,,,
D3-unequal_e20_r022,TA(0.15),0.05143521900754422,0.19333333333333333,24.547409040080325,-0.16316789072493448,0.22590567645544396,-1.1547447213725797,,,,,,,,
D3-unequal_e20_r022,TA(0.25),0.0520211810071487,0.20666666666666667,-0.12636215605706286,1.4917925033014825,-4.318695810709e-05,-1.4795887492946582,,,,,,,,
D3-unequal_e20_r022,TA(0.40),0.051270995987579226,0.3233333333333333,-0.9463384017891985,-1.3537915364456599,0.8793488449942501,-1.29820945355967,,,,,,,,
D3-unequal_e30_r022,adapt,0.05025997298071161,0.31,0.18298250165806224,1.416384088802325,0.15916824422431244,-1.5204972614102794,,,,,,,,
D3-unequal_e30_r022,adaptX,0.052874070999678224,0.31,0.15926927684863337,1.4208406491447465,0.14651519322282067,-1.5168872166016165,,,,,,,,
D3-unequal_e30_r022,HA50,0.00835565899615176,,3.8920204195189076,-0.7410672419118733,-22.475790870602474,-1.0341253796809584,,,,,,,,
D3-unequal_e30_r022,TA(0.05),0.05206285999156535,0.14333333333333334,-22.475790870602474,-1.0341253796809584,-0.11285598133106857,-0.5808004588532989,,,,,,,,
D3-unequal_e30_r022,TA(0.10),0.05176392901921645,0.14333333333333334,-22.475790870602474,-1.0341253796809584,-0.11285598133106857,-0.5808004588532989,,,,,,,,
D3-unequal_e30_r022,TA(0.15),0.051974556990899146,0.14333333333333334,-0.11285598133106857,-0.5808004588532989,-22.475790870602474,-1.0341253796809584,,,,,,,,
D3-unequal_e30_r022,TA(0.25),0.05260218199691735,0.2,-22.475790870602474,-1.0341253796809584,-0.038626431337116206,-1.0611702709089588,,,,,,,,
D3-unequal_e30_r022,TA(0.40),0.050794585986295715,0.31,0.15926927684863337,1.4208406491447465,0.14651519322282067,-1.5168872166016165,,,,,,,,
D4-hetero_e00_r022,adapt,0.08712923698476516,0.02666666666666667,-0.02661676579615791,1.449800471307656,-0.04525714864304065,-1.516155986029194,,,,,,,,
D4-hetero_e00_r022,adaptX,0.07921364301000722,0.02666666666666667,-0.055227050051513814,1.4714214408546342,-0.04525714864304065,-1.516155986029194,,,,,,,,
D4-hetero_e00_r022,HA50,0.02410074300132692,,-0.027821101973194838,-1.506530163700887,-0.029101997221386587,1.4875120816413483,,,,,,,,
D4-hetero_e00_r022,TA(0.05),0.0893836030154489,0.023333333333333334,-0.03758297745455341,-1.5187644323593914,-0.02661676579615791,1.449800471307656,,,,,,,,
D4-hetero_e00_r022,TA(0.10),0.10020619799615815,0.023333333333333334,-0.03758297745455341,-1.5187644323593914,-0.01635274027515864,1.4467851418371904,,,,,,,,
D4-hetero_e00_r022,TA(0.15),0.0890523080015555,0.02666666666666667,-0.03758297745455341,-1.5187644323593914,-0.055227050051513814,1.4714214408546342,,,,,,,,
D4-hetero_e00_r022,TA(0.25),0.08890845999121666,0.02666666666666667,-0.03758297745455341,-1.5187644323593914,-0.05373226137713027,1.472755734686125,,,,,,,,
D4-hetero_e00_r022,TA(0.40),0.09030344197526574,0.02666666666666667,-0.03758297745455341,-1.5187644323593914,-0.05373226137713027,1.472755734686125,,,,,,,,
D4-hetero_e05_r022,adapt,0.05942816400784068,0.07666666666666666,0.07295843694870091,1.5234511034498261,-0.12849523487042766,-1.4833285285296378,,,,,,,,
D4-hetero_e05_r022,adaptX,0.08007443000678904,0.07666666666666666,-0.12849523487042766,-1.4833285285296378,0.07295843694870091,1.5234511034498261,,,,,,,,
D4-hetero_e05_r022,HA50,0.008332053985213861,,-0.8620678485116618,-0.0773147624468095,17.649114420180272,-3.5553550573475916,,,,,,,,
D4-hetero_e05_r022,TA(0.05),0.060915011999895796,0.07666666666666666,-0.12849523487042766,-1.4833285285296378,0.07295843694870091,1.5234511034498261,,,,,,,,
D4-hetero_e05_r022,TA(0.10),0.07571408900548704,0.07666666666666666,-0.12849523487042766,-1.4833285285296378,0.07295843694870091,1.5234511034498261,,,,,,,,
D4-hetero_e05_r022,TA(0.15),0.060676764987874776,0.07666666666666666,0.07295843694870091,1.5234511034498261,-0.12849523487042766,-1.4833285285296378,,,,,,,,
D4-hetero_e05_r022,TA(0.25),0.06166121398564428,0.07666666666666666,0.028554583552616086,1.5254201694607308,-0.09868401645551719,-1.4830715156478378,,,,,,,,
D4-hetero_e05_r022,TA(0.40),0.06126123800640926,0.07666666666666666,-0.11392981095864092,-1.4802371286522484,0.08422743800889322,1.5253513561265317,,,,,,,,
D4-hetero_e10_r022,adapt,0.04377197098801844,0.13333333333333333,-0.12314793374581248,-1.513373653804141,0.18125143319194112,1.6060308462967394,,,,,,,,
D4-hetero_e10_r022,adaptX,0.050936387007823214,0.13333333333333333,-0.12314793374581248,-1.513373653804141,0.18125143319194112,1.6060308462967394,,,,,,,,
D4-hetero_e10_r022,HA50,0.009641068987548351,,2.221410728970843,0.4507598241086441,-16.512182434729887,4.368947511401048,,,,,,,,
D4-hetero_e10_r022,TA(0.05),0.04434255202068016,0.056666666666666664,22.55177601230199,0.2113894911279401,0.3436831044346371,0.0822210289223465,,,,,,,,
D4-hetero_e10_r022,TA(0.10),0.044344839989207685,0.13333333333333333,0.17505502525816669,1.6070344223764892,-0.11783886041700825,-1.5134395693882459,,,,,,,,
D4-hetero_e10_r022,TA(0.15),0.04579915598151274,0.13666666666666666,0.17505502525816669,1.6070344223764892,-0.10822129188462463,-1.5126103412188523,,,,,,,,
D4-hetero_e10_r022,TA(0.25),0.044787376013118774,0.13666666666666666,0.17505502525816669,1.6070344223764892,-0.0793912993738845,-1.5083161485108916,,,,,,,,
D4-hetero_e10_r022,TA(0.40),0.046501561999320984,0.13666666666666666,-0.08883540587161363,-1.5087860832730489,0.17505502525816669,1.6070344223764892,,,,,,,,
D4-hetero_e20_r022,adapt,0.04604681199998595,0.20666666666666667,0.08611989406485977,1.5490240423782833,0.054682081456998474,-1.4373426555745858,,,,,,,,
D4-hetero_e20_r022,adaptX,0.051179547008359805,0.21,0.051057935981860335,-1.4377684221018006,0.09871425483822577,1.5484584397841865,,,,,,,,
D4-hetero_e20_r022,HA50,0.010811959975399077,,-1.9274098383925709,-0.060994433601414835,24.91250494171854,0.8086651439828733,,,,,,,,
D4-hetero_e20_r022,TA(0.05),0.046590507990913466,0.07333333333333333,0.15500046599693412,-0.12499072390831738,24.91250494171854,0.8086651439828733,,,,,,,,
D4-hetero_e20_r022,TA(0.10),0.04908515801071189,0.07333333333333333,24.91250494171854,0.8086651439828733,0.15500046599693412,-0.12499072390831738,,,,,,,,
D4-hetero_e20_r022,TA(0.15),0.047705257980851457,0.10666666666666667,-0.3190362539745435,-0.5392976108521579,15.720868918616297,-4.792974482541042,,,,,,,,
D4-hetero_e20_r022,TA(0.25),0.04687115698470734,0.20666666666666667,0.08185198197253155,-1.432460247900073,0.10114590298912338,1.5457040337960937,,,,,,,,
D4-hetero_e20_r022,TA(0.40),0.04812447601580061,0.20666666666666667,0.08185198197253155,-1.432460247900073,0.10114590298912338,1.5457040337960937,,,,,,,,
D4-hetero_e30_r022,adapt,0.0416451649798546,0.2833333333333333,-0.15527049530964074,1.5832033477935201,0.06594961549986023,-1.4522171196018883,,,,,,,,
D4-hetero_e30_r022,adaptX,0.03447400298318826,0.2833333333333333,0.06594961549986023,-1.4522171196018883,-0.15527049530964074,1.5832033477935201,,,,,,,,
D4-hetero_e30_r022,HA50,0.005914701003348455,,-3.146812467941318,-0.04089476109680325,22.775040838318418,-1.005338694694948,,,,,,,,
D4-hetero_e30_r022,TA(0.05),0.04244571601157077,0.13,22.775040838318418,-1.005338694694948,-0.08922805492249017,0.14430545339511436,,,,,,,,
D4-hetero_e30_r022,TA(0.10),0.04246623598737642,0.12666666666666668,22.775040838318418,-1.005338694694948,-0.13776476448229685,0.11560818801929847,,,,,,,,
D4-hetero_e30_r022,TA(0.15),0.04328443901613355,0.13,-0.08922805492249017,0.14430545339511436,22.775040838318418,-1.005338694694948,,,,,,,,
D4-hetero_e30_r022,TA(0.25),0.04247853500419296,0.2833333333333333,0.06594961549986023,-1.4522171196018883,-0.15527049530964074,1.5832033477935201,,,,,,,,
D4-hetero_e30_r022,TA(0.40),0.04318335300195031,0.2833333333333333,0.06594961549986023,-1.4522171196018883,-0.15527049530964074,1.5832033477935201,,,,,,,,
D5-leverage_e00_r022,adapt,0.04174312998657115,0.016666666666666666,0.03663941226992544,-1.5582701161853054,-0.04450169318586194,1.5365613231071835,,,,,,,,
D5-leverage_e00_r022,adaptX,0.04705733997980133,0.016666666666666666,0.03663941226992544,-1.5582701161853054,-0.04450169318586194,1.5365613231071835,,,,,,,,
D5-leverage_e00_r022,HA50,0.007595808012410998,,0.020626775246347314,-1.5465140926605723,-0.0446310343275202,1.5503275884971353,,,,,,,,
D5-leverage_e00_r022,TA(0.05),0.0422753710008692,0.016666666666666666,-0.04450169318586194,1.5365613231071835,0.03663941226992544,-1.5582701161853054,,,,,,,,
D5-leverage_e00_r022,TA(0.10),0.044045611983165145,0.02,-0.05905762802650675,1.544121559764099,0.03663941226992544,-1.5582701161853054,,,,,,,,
D5-leverage_e00_r022,TA(0.15),0.043422560003818944,0.02,-0.05905762802650675,1.544121559764099,0.03663941226992544,-1.5582701161853054,,,,,,,,
D5-leverage_e00_r022,TA(0.25),0.04440314200473949,0.02,0.03663941226992544,-1.5582701161853054,-0.05905762802650675,1.544121559764099,,,,,,,,
D5-leverage_e00_r022,TA(0.40),0.0444743349798955,0.02,-0.06596305121653823,1.5444329822164378,0.011449751089959348,-1.5487889920609779,,,,,,,,
D5-leverage_e05_r022,adapt,0.040623487991979346,0.07,-0.007151762771023159,1.452948837686438,0.10879475841945747,-1.419586550164651,,,,,,,,
D5-leverage_e05_r022,adaptX,0.04613084299489856,0.07,0.10879475841945747,-1.419586550164651,-0.007151762771023159,1.452948837686438,,,,,,,,
D5-leverage_e05_r022,HA50,0.00890891402377747,,2.4447841749866854,-0.017283931990455945,-1.9781621078475442,0.16407765811301198,,,,,,,,
D5-leverage_e05_r022,TA(0.05),0.041908923973096535,0.07,0.08940284451657673,-1.4316051022982295,-0.007151762771023159,1.452948837686438,,,,,,,,
D5-leverage_e05_r022,TA(0.10),0.0430369779933244,0.07,0.10879475841945747,-1.419586550164651,-0.007151762771023159,1.452948837686438,,,,,,,,
D5-leverage_e05_r022,TA(0.15),0.04163790901657194,0.07,0.10879475841945747,-1.419586550164651,-0.007151762771023159,1.452948837686438,,,,,,,,
D5-leverage_e05_r022,TA(0.25),0.04159798001637682,0.07,0.11633667474279168,-1.4189445783243082,-0.015169983132017199,1.4530863678330856,,,,,,,,
D5-leverage_e05_r022,TA(0.40),0.04289931699167937,0.07,-0.007151762771023159,1.452948837686438,0.08940284451657673,-1.4316051022982295,,,,,,,,
D5-leverage_e10_r022,adapt,0.04370805399958044,0.1,-0.05256093591128267,1.4017913932818238,-0.054433471441306294,-1.4876066170473161,,,,,,,,
D5-leverage_e10_r022,adaptX,0.049868938978761435,0.1,-0.05695189441204453,-1.4878557683514224,-0.055215852446688904,1.4015264973562351,,,,,,,,
D5-leverage_e10_r022,HA50,0.00918631101376377,,-2.4966792809859304,0.08242235288368951,2.1125700660015,-0.06773890119616643,,,,,,,,
D5-leverage_e10_r022,TA(0.05),0.04580134400748648,0.006666666666666667,2.0962119712633704,-0.05870754132587593,-2.454567259318247,0.0882075482714491,,,,,,,,
D5-leverage_e10_r022,TA(0.10),0.04484793299343437,0.1,-0.055215852446688904,1.4015264973562351,-0.05695189441204453,-1.4878557683514224,,,,,,,,
D5-leverage_e10_r022,TA(0.15),0.04570112199871801,0.1,-0.05695189441204453,-1.4878557683514224,-0.055215852446688904,1.4015264973562351,,,,,,,,
D5-leverage_e10_r022,TA(0.25),0.045815599005436525,0.1,-0.055215852446688904,1.4015264973562351,-0.05695189441204453,-1.4878557683514224,,,,,,,,
D5-leverage_e10_r022,TA(0.40),0.04512823699042201,0.1,-0.059687779318096795,-1.4881700028157447,-0.058773958940976354,1.4011170946644043,,,,,,,,
D5-leverage_e20_r022,adapt,0.04332120600156486,0.0,1.90062380577763,-0.05616744440558953,-2.469738986953095,0.051834224677092235,,,,,,,,
D5-leverage_e20_r022,adaptX,0.04910799799836241,0.21666666666666667,-0.04108270008468456,1.477087923009771,-0.18410231914163666,-1.498619420880384,,,,,,,,
D5-leverage_e20_r022,HA50,0.009038475982379168,,1.90062380577763,-0.05616744440558953,-2.469738986953095,0.051834224677092235,,,,,,,,
D5-leverage_e20_r022,TA(0.05),0.04421352400095202,0.0,1.881071023592846,-0.05351976820070886,-2.487919882785426,0.05405406749164551,,,,,,,,
D5-leverage_e20_r022,TA(0.10),0.04414767900016159,0.0,1.881071023592846,-0.05351976820070886,-2.487919882785426,0.05405406749164551,,,,,,,,
D5-leverage_e20_r022,TA(0.15),0.04516762899584137,0.0,1.881071023592846,-0.05351976820070886,-2.4688140321223853,0.05633782917317857,,,,,,,,
D5-leverage_e20_r022,TA(0.25),0.04655033801100217,0.0033333333333333335,2.203266382539372,-0.10327053120874234,-2.157005839660873,0.009763444483790936,,,,,,,,
D5-leverage_e20_r022,TA(0.40),0.04595373899792321,0.21666666666666667,-0.04108270008468456,1.477087923009771,-0.18410231914163666,-1.498619420880384,,,,,,,,
D5-leverage_e30_r022,adapt,0.042771657987032086,0.0,2.0228126440274465,-0.047790858176811606,-2.4805445060339224,0.07255963258465972,,,,,,,,
D5-leverage_e30_r022,adaptX,0.050343276001513004,0.05,2.0678127519469673,-0.04119293907757091,-2.3294811605498933,0.050085903505105646,,,,,,,,
D5-leverage_e30_r022,HA50,0.00875241300673224,,2.0268460277460805,-0.036611089138232654,-2.4755721684765186,0.08133608087728107,,,,,,,,
D5-leverage_e30_r022,TA(0.05),0.045705943019129336,0.0033333333333333335,-2.3995692190141513,0.06910140490725832,2.0676548080104085,-0.04196607569645202,,,,,,,,
D5-leverage_e30_r022,TA(0.10),0.04413144200225361,0.0,-2.4983986758813757,0.08494961811886297,2.003565208318816,-0.03256097140842426,,,,,,,,
D5-leverage_e30_r022,TA(0.15),0.04398869597935118,0.0033333333333333335,1.9249369824612503,-0.0297733833763102,-2.5075143318304676,0.075654564719284,,,,,,,,
D5-leverage_e30_r022,TA(0.25),0.04430889102513902,0.0,2.003565208318816,-0.03256097140842426,-2.428731935886432,0.07160146855723294,,,,,,,,
D5-leverage_e30_r022,TA(0.40),0.04358981398399919,0.0,1.6261006438566072,0.014948831436155035,-2.7580765787679904,0.11149446013863344,,,,,,,,
D6-uniform_e00_r022,adapt,0.04389896200154908,0.016666666666666666,-0.0707423818407138,1.4990729410644534,-0.05348845827968021,-1.4212056192518667,,,,,,,,
D6-uniform_e00_r022,adaptX,0.04821996399550699,0.016666666666666666,-0.05888098742000346,1.4940670558613172,-0.039332229374407474,-1.426948984792819,,,,,,,,
D6-uniform_e00_r022,HA50,0.008828883990645409,,-0.02367594033824499,-1.4723179692287143,-0.06458807306938634,1.5002186939290076,,,,,,,,
D6-uniform_e00_r022,TA(0.05),0.04505671199876815,0.016666666666666666,-0.06442171055664908,1.4930812209020605,-0.01974084774840655,-1.4295534317455805,,,,,,,,
D6-uniform_e00_r022,TA(0.10),0.04659602598985657,0.016666666666666666,-0.01974084774840655,-1.4295534317455805,-0.06442171055664908,1.4930812209020605,,,,,,,,
D6-uniform_e00_r022,TA(0.15),0.0462934430106543,0.016666666666666666,-0.04119430311322575,-1.4279123438803285,-0.0458713646240321,1.4925256985977284,,,,,,,,
D6-uniform_e00_r022,TA(0.25),0.04596805799519643,0.016666666666666666,-0.07724160232352563,-1.4138118003957911,-0.0764722043075751,1.5047096472967822,,,,,,,,
D6-uniform_e00_r022,TA(0.40),0.04629338800441474,0.016666666666666666,-0.07724160232352563,-1.4138118003957911,-0.0764722043075751,1.5047096472967822,,,,,,,,
D6-uniform_e05_r022,adapt,0.04694560499046929,0.05,-0.11528754681959724,1.5294972548868895,0.14517812104243963,-1.5743447259161811,,,,,,,,
D6-uniform_e05_r022,adaptX,0.05318326299311593,0.05333333333333334,0.11744919659835,-1.5561840735211017,-0.1046805218472238,1.529394183148841,,,,,,,,
D6-uniform_e05_r022,HA50,0.009506935020908713,,-0.052547853617103873,1.5157440310039525,-0.07976900294890173,-1.6182291216377953,,,,,,,,
D6-uniform_e05_r022,TA(0.05),0.04758781200507656,0.05,0.14517812104243963,-1.5743447259161811,-0.11528754681959724,1.5294972548868895,,,,,,,,
D6-uniform_e05_r022,TA(0.10),0.048653859994374216,0.05333333333333334,-0.1046805218472238,1.529394183148841,0.11744919659835,-1.5561840735211017,,,,,,,,
D6-uniform_e05_r022,TA(0.15),0.048341084009734914,0.05333333333333334,-0.0868166499495119,1.5224651479627802,0.11744919659835,-1.5561840735211017,,,,,,,,
D6-uniform_e05_r022,TA(0.25),0.050391720986226574,0.05333333333333334,-0.10233456847332925,1.5095961387492685,0.11744919659835,-1.5561840735211017,,,,,,,,
D6-uniform_e05_r022,TA(0.40),0.04870754401781596,0.056666666666666664,-0.07722366960446952,1.4812308191321542,0.14517812104243963,-1.5743447259161811,,,,,,,,
D6-uniform_e10_r022,adapt,0.04932417400414124,0.10333333333333333,0.18459596913770432,1.521493633804047,-0.1552635810484891,-1.5579982065180835,,,,,,,,
D6-uniform_e10_r022,adaptX,0.05019353100215085,0.10333333333333333,0.18459596913770432,1.521493633804047,-0.1552635810484891,-1.5579982065180835,,,,,,,,
D6-uniform_e10_r022,HA50,0.00994895098847337,,-0.25731015765796417,-1.4909657732317083,0.004838796818036592,1.6956371391415885,,,,,,,,
D6-uniform_e10_r022,TA(0.05),0.050116188009269536,0.10333333333333333,-0.13109463823540307,-1.5524819156320384,0.12905263709687106,1.5286622516606605,,,,,,,,
D6-uniform_e10_r022,TA(0.10),0.05008932700729929,0.10333333333333333,0.1616097391567067,1.5120176001609713,-0.18411461652190206,-1.5702538124953176,,,,,,,,
D6-uniform_e10_r022,TA(0.15),0.050184071995317936,0.10333333333333333,-0.1552635810484891,-1.5579982065180835,0.18459596913770432,1.521493633804047,,,,,,,,
D6-uniform_e10_r022,TA(0.25),0.05120152898598462,0.10333333333333333,0.19300428642799797,1.5217240999957269,-0.16527971879782574,-1.5586768390190242,,,,,,,,
D6-uniform_e10_r022,TA(0.40),0.05289368299418129,0.10333333333333333,-0.1552635810484891,-1.5579982065180835,0.18459596913770432,1.521493633804047,,,,,,,,
D6-uniform_e20_r022,adapt,0.04380702698836103,0.006666666666666667,3.585948712691288,-0.3731742322510187,-1.8798348985256939,-0.4041571291919321,,,,,,,,
D6-uniform_e20_r022,adaptX,0.04802526699495502,0.19,0.36585181115945564,1.5191822548350824,-0.2489672496084477,-1.3853093347483811,,,,,,,,
D6-uniform_e20_r022,HA50,0.008790916996076703,,-2.2431794508514553,-0.2926134022076235,3.5117806388351336,-0.29452825269296373,,,,,,,,
D6-uniform_e20_r022,TA(0.05),0.04479122400516644,0.14333333333333334,0.3709746529348872,1.4669773029979807,0.22433218205119215,-1.658507218240525,,,,,,,,
D6-uniform_e20_r022,TA(0.10),0.044632196018937975,0.18333333333333332,0.013200657920277078,-1.486070918896571,0.37221144566842806,1.466990903637709,,,,,,,,
D6-uniform_e20_r022,TA(0.15),0.046578829002100974,0.18666666666666668,0.3881496550530031,1.4980002032101607,-0.24752275659721185,-1.3854948230648443,,,,,,,,
D6-uniform_e20_r022,TA(0.25),0.044610847980948165,0.19,-0.2489672496084477,-1.3853093347483811,0.36585181115945564,1.5191822548350824,,,,,,,,
D6-uniform_e20_r022,TA(0.40),0.04495855400455184,0.19,0.36585181115945564,1.5191822548350824,-0.2489672496084477,-1.3853093347483811,,,,,,,,
D6-uniform_e30_r022,adapt,0.04881241198745556,0.22333333333333333,0.15785765005244756,-1.4892770856264186,0.19308672237554345,1.6762334046749554,,,,,,,,
D6-uniform_e30_r022,adaptX,0.05270557600306347,0.22,0.22417576320497948,1.6841102559149312,0.18083758233963607,-1.4829765202144132,,,,,,,,
D6-uniform_e30_r022,HA50,0.010214175999863073,,-4.7700564260421485,0.009449046569504422,2.3097785023429696,0.013127113214891547,,,,,,,,
D6-uniform_e30_r022,TA(0.05),0.05190786300227046,0.18333333333333332,-0.027318246969137,-1.5429850573109676,-0.13819197412750253,1.9423244836167282,,,,,,,,
D6-uniform_e30_r022,TA(0.10),0.05026685999473557,0.19333333333333333,0.08434096003775314,-1.4956287526988452,-0.08746462038505763,1.9389749519447244,,,,,,,,
D6-uniform_e30_r022,TA(0.15),0.050402605993440375,0.19333333333333333,0.12100418036199687,-1.467192890300142,-0.24402966766508805,1.905220344907936,,,,,,,,
D6-uniform_e30_r022,TA(0.25),0.05133305297931656,0.20333333333333334,0.43331318655825857,1.5713681035639022,0.18896936584087776,-1.4880159778544522,,,,,,,,
D6-uniform_e30_r022,TA(0.40),0.0504660289734602,0.22333333333333333,0.18499115467240468,1.6117965767987465,0.1806853350489358,-1.483758747662989,,,,,,,,
D7-p3_e00_r022,adapt,0.2071892179956194,0.01,0.08425728985698239,1.547723954545643,0.9639471279477351,1.0212977567877624,-0.006900901375184913,-1.5106306248028638,1.003052867097202,1.0555628774967434,,,,
D7-p3_e00_r022,adaptX,1.3385210580017883,0.016666666666666666,0.0034971311809688407,-1.4955560624065187,0.9672022127397809,1.0417685614926728,0.07255444657189238,1.5472864749131607,0.9707806856323452,1.0213091273735277,,,,
D7-p3_e00_r022,HA50,0.00647181598469615,,0.024958976532797644,-1.5019484351657546,0.9644245597831484,1.0310789419560904,0.08603923721478719,1.5474621461048754,0.9626751229330205,1.0212137669749999,,,,
D7-p3_e00_r022,TA(0.05),0.20839379099197686,0.016666666666666666,0.08603923721478719,1.5474621461048754,0.9626751229330205,1.0212137669749999,0.0034971311809688407,-1.4955560624065187,0.9672022127397809,1.0417685614926728,,,,
D7-p3_e00_r022,TA(0.10),0.2087669580068905,0.01,0.08425728985698239,1.547723954545643,0.9639471279477351,1.0212977567877624,-0.006900901375184913,-1.5106306248028638,1.003052867097202,1.0555628774967434,,,,
D7-p3_e00_r022,TA(0.15),0.2076747440150939,0.016666666666666666,0.07720563285909467,1.5475292593406713,0.968527711126953,1.014234002185889,-0.005498314840773973,-1.5024471934221506,0.9462265561134793,1.0565395416084569,,,,
D7-p3_e00_r022,TA(0.25),0.20786720598698594,0.013333333333333334,0.04341726855263109,1.561165309399808,0.9918457150582785,1.0278058467288416,0.04534769744976818,-1.4848893559810075,0.9418502300005782,1.0520751691873216,,,,
D7-p3_e00_r022,TA(0.40),0.20893608199548908,0.013333333333333334,0.07860061374789182,1.5475902605686644,0.9814862365612306,1.0101151265432373,-0.021177540303740413,-1.499389451109383,0.9058793540105454,1.0586930243651116,,,,
D7-p3_e05_r022,adapt,0.2421070339914877,0.05333333333333334,0.0631476848525656,1.5273916365877556,1.0211968967215443,1.0867636348644039,0.0070754384272965895,-1.4955841454151524,1.0660386054424735,1.067475854766055,,,,
D7-p3_e05_r022,adaptX,1.1730204070045147,0.056666666666666664,0.026494466838380606,-1.4777287010652065,1.0481247047912505,1.0655418666998682,0.0631476848525656,1.5273916365877556,1.0211968967215443,1.0867636348644039,,,,
D7-p3_e05_r022,HA50,0.006239768001250923,,6.697112786444639,-12.897659001390725,-0.012960024191008305,18.970046979256352,-0.011902338396036723,0.15652806298582747,1.0025043277655028,0.9481518971105248,,,,
D7-p3_e05_r022,TA(0.05),0.24309209297643974,0.06666666666666667,0.06761705123276249,1.526351904209119,0.992391544007237,1.078907242600452,0.033958842145164,-1.4756421549750185,1.0429099536238036,1.0649904845736116,,,,
D7-p3_e05_r022,TA(0.10),0.24360738400719129,0.056666666666666664,0.033958842145164,-1.4756421549750185,1.0429099536238036,1.0649904845736116,0.0694611168740981,1.528556691388195,1.0165881551570752,1.0856403501199956,,,,
D7-p3_e05_r022,TA(0.15),0.24276889901375398,0.06333333333333334,0.04212833943822501,-1.4690632667286334,1.0617785915825158,1.0739275561825086,0.061043645976986825,1.5250716858060422,0.9971014720931599,1.0800423735773157,,,,
D7-p3_e05_r022,TA(0.25),0.2434875409817323,0.06333333333333334,0.01881666302592911,-1.4646827006143581,1.0258378267228574,1.0583726278639138,0.0694611168740981,1.528556691388195,1.0165881551570752,1.0856403501199956,,,,
D7-p3_e05_r022,TA(0.40),0.2430618000216782,0.06333333333333334,0.05360520241622688,1.5374157018702503,1.0046673395065262,1.0841710689488564,0.050673492941421795,-1.436274197548422,1.0196767965618965,1.0627760581967136,,,,
D7-p3_e10_r022,adapt,0.21423524100100622,0.13333333333333333,0.10488508204414713,1.6147542052012716,1.0073380873100555,0.9601298180122143,0.03731660311330194,-1.4573406335310453,1.000816602381912,1.1070427677460146,,,,
D7-p3_e10_r022,adaptX,1.3791609990003053,0.14666666666666667,0.10703624993378132,1.6250612777455902,1.0109114413388436,0.9581339336868844,0.02371295832338541,-1.4493799553086852,0.9934537371288752,1.104857546315198,,,,
D7-p3_e10_r022,HA50,0.006369801005348563,,0.28679307362160783,0.00570217110380856,1.6903958914950248,1.0850282795732717,-3.0631104997958074,-1.7095382413226208,-11.319032701556928,6.159250891878926,,,,
D7-p3_e10_r022,TA(0.05),0.21489693797775544,0.06,-23.51439653934164,0.7443141262017449,0.7681801573828091,2.2008837626495508,-0.16361175750819662,-0.14850629625511727,0.8691898686100634,0.9997804934104493,,,,
D7-p3_e10_r022,TA(0.10),0.21539690700592473,0.1,9.587454045418124,6.144236045244473,0.8944493199405281,0.5457429435470696,0.4548181295214285,-0.6819883678758778,0.8977962408133985,1.0042215388081244,,,,
D7-p3_e10_r022,TA(0.15),0.21557728099287488,0.13333333333333333,0.03907606617270351,1.5967656095563292,0.9790046208480527,0.9474567457949316,0.011570479714369112,-1.4605734990442651,0.9922483529258754,1.1116169225675039,,,,
D7-p3_e10_r022,TA(0.25),0.2150435009971261,0.13333333333333333,0.020033482846474587,-1.4615537736696143,0.9927818381463286,1.1068733412914888,0.04948323031407652,1.595889744418714,0.9779069772381307,0.9413322427327969,,,,
D7-p3_e10_r022,TA(0.40),0.2147044330195058,0.13333333333333333,0.011570479714369112,-1.4605734990442651,0.9922483529258754,1.1116169225675039,0.03907606617270351,1.5967656095563292,0.9790046208480527,0.9474567457949316,,,,
D7-p3_e20_r022,adapt,0.2296199699921999,0.19,0.13265372615434806,1.4063733923047146,0.9218119910415146,1.0143382864874686,-0.027146767276896293,-1.4876527098165826,1.104118985494575,1.0260138519583435,,,,
D7-p3_e20_r022,adaptX,1.2517367920081597,0.19333333333333333,-0.04922223167388253,-1.4851583775472141,1.1272863209014494,1.0171492986824062,0.14793958479897865,1.4119454485939695,0.9219677651193467,0.9905958256662081,,,,
D7-p3_e20_r022,HA50,0.0118975670193322,,-22.632045262941386,0.4390742741972798,0.9652046668968821,1.171458131700936,1.5204524421330385,0.17278740455758063,0.79006944294776,0.9387829943657446,,,,
D7-p3_e20_r022,TA(0.05),0.23158775802585296,0.07,-22.94413589207769,0.29849393477465425,1.042813833264955,1.4175903963377436,-0.020869526726867454,-0.04358015279033995,0.851155614969257,1.0955213782812403,,,,
D7-p3_e20_r022,TA(0.10),0.23063708099653013,0.07666666666666666,-0.020869526726867454,-0.04358015279033995,0.851155614969257,1.0955213782812403,-22.57294682709283,-0.11235016130543585,1.3529816842531903,1.2250621831551443,,,,
D7-p3_e20_r022,TA(0.15),0.2301467589859385,0.14666666666666667,-0.5643294679700894,-0.5477794572884241,0.9921832491883394,1.0666909489624476,-10.422663589565385,5.650152765668087,0.330258780542882,0.5364860325641438,,,,
D7-p3_e20_r022,TA(0.25),0.23079427899210714,0.19,-0.030288619481536206,-1.4860666758195507,1.1302245715748243,1.0145773963183438,0.10212662695246255,1.4107509691553255,0.9281777140627762,1.008127484385302,,,,
D7-p3_e20_r022,TA(0.40),0.2306385969859548,0.19,0.12083745802991153,1.4121610901891555,0.9374554084328902,1.0050079011706936,-0.0438825783122311,-1.4850395973387727,1.1220578301854192,1.0156175040138913,,,,
D7-p3_e30_r022,adapt,0.2895101629837882,0.2866666666666667,2.28811399280511,0.06339465302657396,1.0911258835780915,0.8144742807015496,-2.688606740991177,-0.03574902747067954,1.120084382786493,0.9001244521419667,,,,
D7-p3_e30_r022,adaptX,1.1368846260011196,0.30666666666666664,-0.015282348725833875,1.5983309717568412,1.0862757697729306,0.9747451841504045,-0.15216501468017574,-1.496886883212072,1.1600852697497581,1.0836090712371682,,,,
D7-p3_e30_r022,HA50,0.00648181900032796,,3.5560867762642254,-0.3630364635455911,0.7749239830110393,1.4361598742723884,-23.09879711098684,-0.7124152183510298,0.9286642608096245,1.44951107002321,,,,
D7-p3_e30_r022,TA(0.05),0.2911670079920441,0.14,-0.09975319416376803,-0.02615029627509404,1.2081944885626177,1.0187672562169572,-23.09879711098684,-0.7124152183510298,0.9286642608096245,1.44951107002321,,,,
D7-p3_e30_r022,TA(0.10),0.2898484460019972,0.14,-0.09975319416376803,-0.02615029627509404,1.2081944885626177,1.0187672562169572,-23.09879711098684,-0.7124152183510298,0.9286642608096245,1.44951107002321,,,,
D7-p3_e30_r022,TA(0.15),0.29078789899358526,0.14666666666666667,22.058171567705248,-0.3056765746767841,0.47535232040078046,1.585241904066219,-0.09975319416376803,-0.02615029627509404,1.2081944885626177,1.0187672562169572,,,,
D7-p3_e30_r022,TA(0.25),0.2900420179939829,0.16666666666666666,-16.93526707612267,-5.119081646280142,1.7646293616384205,0.8246389912071406,0.4850087775434841,-0.49882498388886926,1.2438545708503856,1.0261755042215177,,,,
D7-p3_e30_r022,TA(0.40),0.29005366598721594,0.2866666666666667,0.0714732076884728,1.5876708272304816,1.0847941531683496,0.9597241007711271,-0.15761120547380553,-1.4978073987977618,1.1518997108142315,1.0823867035207178,,,,
D8-K2par-sep_e00_r022,adapt,0.04099793900968507,0.02,-2.9790590670717627,1.0287552059103728,3.000946212463355,1.0477346031985952,,,,,,,,
D8-K2par-sep_e00_r022,adaptX,0.04506897699320689,0.02,-2.9790590670717627,1.0287552059103728,3.000946212463355,1.0477346031985952,,,,,,,,
D8-K2par-sep_e00_r022,HA50,0.0073203970096074045,,-2.996520731808341,1.008853513039763,2.9820320092538712,1.039798079448389,,,,,,,,
D8-K2par-sep_e00_r022,TA(0.05),0.04183936302433722,0.023333333333333334,3.000946212463355,1.0477346031985952,-2.962175958888392,1.025020501878443,,,,,,,,
D8-K2par-sep_e00_r022,TA(0.10),0.042284350987756625,0.023333333333333334,-2.962175958888392,1.025020501878443,3.000946212463355,1.0477346031985952,,,,,,,,
D8-K2par-sep_e00_r022,TA(0.15),0.04345423501217738,0.023333333333333334,-2.962175958888392,1.025020501878443,3.000946212463355,1.0477346031985952,,,,,,,,
D8-K2par-sep_e00_r022,TA(0.25),0.04250881899497472,0.02,3.000946212463355,1.0477346031985952,-2.9790590670717627,1.0287552059103728,,,,,,,,
D8-K2par-sep_e00_r022,TA(0.40),0.0444099809974432,0.023333333333333334,3.000946212463355,1.0477346031985952,-2.962175958888392,1.025020501878443,,,,,,,,
D8-K2par-sep_e05_r022,adapt,0.04215150501113385,0.07,2.9295926939134747,1.0301944889602987,-3.069053410661079,1.0095148098771505,,,,,,,,
D8-K2par-sep_e05_r022,adaptX,0.04731430299580097,0.07,2.9295926939134747,1.0301944889602987,-3.0531018535128367,1.0150011398860344,,,,,,,,
D8-K2par-sep_e05_r022,HA50,0.007838374993298203,,3.9052703422201085,0.9906657321756484,-3.7066982445082894,1.1063074594374005,,,,,,,,
D8-K2par-sep_e05_r022,TA(0.05),0.04318840298219584,0.07333333333333333,-3.069053410661079,1.0095148098771505,2.9149171464348775,1.0274043077120525,,,,,,,,
D8-K2par-sep_e05_r022,TA(0.10),0.043171381985303015,0.07,-3.069053410661079,1.0095148098771505,2.9295926939134747,1.0301944889602987,,,,,,,,
D8-K2par-sep_e05_r022,TA(0.15),0.04350714400061406,0.07,2.9295926939134747,1.0301944889602987,-3.069053410661079,1.0095148098771505,,,,,,,,
D8-K2par-sep_e05_r022,TA(0.25),0.04387256401241757,0.07333333333333333,-3.0531018535128367,1.0150011398860344,2.9149171464348775,1.0274043077120525,,,,,,,,
D8-K2par-sep_e05_r022,TA(0.40),0.044874592014821246,0.07,-3.0531018535128367,1.0150011398860344,2.9295926939134747,1.0301944889602987,,,,,,,,
D8-K2par-sep_e10_r022,adapt,0.03826011301134713,0.09666666666666666,2.9831287407205895,0.9789025749845576,-2.811314007426386,0.9818348305588774,,,,,,,,
D8-K2par-sep_e10_r022,adaptX,0.03237626398913562,0.09666666666666666,2.9831287407205895,0.9789025749845576,-2.811314007426386,0.9818348305588774,,,,,,,,
D8-K2par-sep_e10_r022,HA50,0.006196798989549279,,1.0491326258248101,0.8389687828595266,-23.95115791951306,1.0573554489637922,,,,,,,,
D8-K2par-sep_e10_r022,TA(0.05),0.03941979000228457,0.04666666666666667,-23.787719796642687,1.8879093887789902,-0.03857117800330094,0.9290067114013876,,,,,,,,
D8-K2par-sep_e10_r022,TA(0.10),0.03910709300544113,0.09666666666666666,-2.811314007426386,0.9818348305588774,2.9831287407205895,0.9789025749845576,,,,,,,,
D8-K2par-sep_e10_r022,TA(0.15),0.03930031901109032,0.09666666666666666,2.9831287407205895,0.9789025749845576,-2.811314007426386,0.9818348305588774,,,,,,,,
D8-K2par-sep_e10_r022,TA(0.25),0.04011781298322603,0.09666666666666666,2.9831287407205895,0.9789025749845576,-2.811314007426386,0.9818348305588774,,,,,,,,
D8-K2par-sep_e10_r022,TA(0.40),0.038995056005660444,0.09666666666666666,-2.811314007426386,0.9818348305588774,2.9831287407205895,0.9789025749845576,,,,,,,,
D8-K2par-sep_e20_r022,adapt,0.043341680022422224,0.27,3.096702846539416,1.0022169095335478,-2.8506000196629384,1.0581078274298843,,,,,,,,
D8-K2par-sep_e20_r022,adaptX,0.04918388300575316,0.27,-2.8506000196629384,1.0581078274298843,3.096702846539416,1.0022169095335478,,,,,,,,
D8-K2par-sep_e20_r022,HA50,0.009958581998944283,,-3.2087115941537356,1.1532781606106404,24.068726997301535,1.3813834328025527,,,,,,,,
D8-K2par-sep_e20_r022,TA(0.05),0.04594693600665778,0.14,24.417028251385986,1.4155434921184793,0.2208287553819992,0.9651240213928869,,,,,,,,
D8-K2par-sep_e20_r022,TA(0.10),0.0458201699948404,0.12666666666666668,0.2208287553819992,0.9651240213928869,-21.273491856051017,1.260252251978304,,,,,,,,
D8-K2par-sep_e20_r022,TA(0.15),0.04522381699644029,0.12666666666666668,-21.273491856051017,1.260252251978304,0.2208287553819992,0.9651240213928869,,,,,,,,
D8-K2par-sep_e20_r022,TA(0.25),0.04616074499790557,0.27,-2.8506000196629384,1.0581078274298843,3.096702846539416,1.0022169095335478,,,,,,,,
D8-K2par-sep_e20_r022,TA(0.40),0.044974080985412,0.27,-2.8506000196629384,1.0581078274298843,3.096702846539416,1.0022169095335478,,,,,,,,
D8-K2par-sep_e30_r022,adapt,0.04053900300641544,0.33,3.0877347658698975,0.994820915390599,-2.8714923390030993,0.9845626756244764,,,,,,,,
D8-K2par-sep_e30_r022,adaptX,0.047381626995047554,0.33,3.0877347658698975,0.994820915390599,-2.8714923390030993,0.9845626756244764,,,,,,,,
D8-K2par-sep_e30_r022,HA50,0.009525256988126785,,10.754074780241783,-3.451373400710971,-12.449033936447506,-3.605208470570301,,,,,,,,
D8-K2par-sep_e30_r022,TA(0.05),0.04261070999200456,0.05,9.878695702539614,-3.782144017884695,-11.768830235220136,-4.328740070020858,,,,,,,,
D8-K2par-sep_e30_r022,TA(0.10),0.04318298801081255,0.14666666666666667,-22.194743379166173,1.3083617356758288,0.4619049253578528,0.9536477802303267,,,,,,,,
D8-K2par-sep_e30_r022,TA(0.15),0.04255129297962412,0.14666666666666667,0.4619049253578528,0.9536477802303267,-22.194743379166173,1.3083617356758288,,,,,,,,
D8-K2par-sep_e30_r022,TA(0.25),0.04258150499663316,0.18,22.663026610818726,-0.15722256512662183,0.4619049253578528,0.9536477802303267,,,,,,,,
D8-K2par-sep_e30_r022,TA(0.40),0.041232832008972764,0.33,3.0877347658698975,0.994820915390599,-2.8714923390030993,0.9845626756244764,,,,,,,,
D1-K2cross_e00_r023,adapt,0.042223693017149344,0.01,-0.03294662759144055,1.449779047196323,0.025455712116133573,-1.5963915719910167,,,,,,,,
D1-K2cross_e00_r023,adaptX,0.045626585982972756,0.01,-0.036020018583145005,1.449336448737973,0.0342837950110642,-1.5970298609538773,,,,,,,,
D1-K2cross_e00_r023,HA50,0.00805829098680988,,-0.09376462414897138,1.4619028809572174,-0.0032441472281616295,-1.6134775306564213,,,,,,,,
D1-K2cross_e00_r023,TA(0.05),0.04363820599974133,0.01,-0.036020018583145005,1.449336448737973,0.0342837950110642,-1.5970298609538773,,,,,,,,
D1-K2cross_e00_r023,TA(0.10),0.04400662498665042,0.01,-0.03294662759144055,1.449779047196323,0.025455712116133573,-1.5963915719910167,,,,,,,,
D1-K2cross_e00_r023,TA(0.15),0.044221343006938696,0.01,-0.03294662759144055,1.449779047196323,0.025455712116133573,-1.5963915719910167,,,,,,,,
D1-K2cross_e00_r023,TA(0.25),0.0436050099960994,0.01,-0.036020018583145005,1.449336448737973,0.0342837950110642,-1.5970298609538773,,,,,,,,
D1-K2cross_e00_r023,TA(0.40),0.043624329002341256,0.01,0.025455712116133573,-1.5963915719910167,-0.03294662759144055,1.449779047196323,,,,,,,,
D1-K2cross_e05_r023,adapt,0.041935769986594096,0.056666666666666664,0.009305439862829858,1.539232656161355,-0.011300107982153888,-1.4367461860741784,,,,,,,,
D1-K2cross_e05_r023,adaptX,0.049137314024847,0.056666666666666664,-0.024118314049227128,-1.4232791016421864,0.010589481160214728,1.5392120688680877,,,,,,,,
D1-K2cross_e05_r023,HA50,0.010389015020336956,,-22.920701396621546,6.5485732537997325,1.2496980868454821,0.40157554356650726,,,,,,,,
D1-K2cross_e05_r023,TA(0.05),0.04330514700268395,0.056666666666666664,-0.004436899085589467,-1.4353726302818295,0.01644592230334455,1.5400554454705597,,,,,,,,
D1-K2cross_e05_r023,TA(0.10),0.04264453501673415,0.056666666666666664,-0.010132812539594334,-1.436628453360575,0.010589481160214728,1.5392120688680877,,,,,,,,
D1-K2cross_e05_r023,TA(0.15),0.0432309529860504,0.06,-0.01234487743756423,1.553291494833328,-0.030390536352462128,-1.4445301962709076,,,,,,,,
D1-K2cross_e05_r023,TA(0.25),0.043120348011143506,0.056666666666666664,-0.026093372496346107,1.5551016140330987,0.013677282618019293,-1.4340372988726628,,,,,,,,
D1-K2cross_e05_r023,TA(0.40),0.04358068999135867,0.056666666666666664,0.008229384932136439,-1.435255511865218,-0.05180354096346013,1.5536223694621079,,,,,,,,
D1-K2cross_e10_r023,adapt,0.05041276599513367,0.07666666666666666,-0.1971373466849571,1.4984898643784281,-0.03240666073114756,-1.4915044881063864,,,,,,,,
D1-K2cross_e10_r023,adaptX,0.057999627984827384,0.07666666666666666,-0.03240666073114756,-1.4915044881063864,-0.1971373466849571,1.4984898643784281,,,,,,,,
D1-K2cross_e10_r023,HA50,0.008961757994256914,,23.36231839020986,0.3296693287316639,-0.8379689812177369,0.03303196830234015,,,,,,,,
D1-K2cross_e10_r023,TA(0.05),0.05249314897810109,0.04666666666666667,17.445286152372606,-5.415556031457766,-0.5167964194759977,-0.4726195708679896,,,,,,,,
D1-K2cross_e10_r023,TA(0.10),0.05279708100715652,0.07666666666666666,-0.03240666073114756,-1.4915044881063864,-0.1971373466849571,1.4984898643784281,,,,,,,,
D1-K2cross_e10_r023,TA(0.15),0.05320618400583044,0.07666666666666666,-0.21644830037718302,1.4807318090162058,-0.03240666073114756,-1.4915044881063864,,,,,,,,
D1-K2cross_e10_r023,TA(0.25),0.05140492299688049,0.07666666666666666,-0.16888147395366745,1.505283290460556,-0.005100385767277417,-1.485471099531472,,,,,,,,
D1-K2cross_e10_r023,TA(0.40),0.05279476102441549,0.07666666666666666,0.005243394890691988,-1.4887103240132098,-0.15701614092836738,1.5011789964586768,,,,,,,,
D1-K2cross_e20_r023,adapt,0.04397845201310702,0.20333333333333334,0.1505808839139207,1.5954147464480382,-0.008723644507301844,-1.4711225842826046,,,,,,,,
D1-K2cross_e20_r023,adaptX,0.052131208998616785,0.20333333333333334,-0.008723644507301844,-1.4711225842826046,0.1505808839139207,1.5954147464480382,,,,,,,,
D1-K2cross_e20_r023,HA50,0.008666334993904456,,2.3660266993336188,-0.3612584633014632,-23.44120522149043,0.19374624972340673,,,,,,,,
D1-K2cross_e20_r023,TA(0.05),0.045139705995097756,0.09333333333333334,-0.101942940802597,-0.063716000736765,-23.44120522149043,0.19374624972340673,,,,,,,,
D1-K2cross_e20_r023,TA(0.10),0.04513034099363722,0.09333333333333334,-0.101942940802597,-0.063716000736765,-23.44120522149043,0.19374624972340673,,,,,,,,
D1-K2cross_e20_r023,TA(0.15),0.04615083502721973,0.13666666666666666,-0.6343235277257833,-0.5432537003147774,16.09062693366654,-3.868079660829461,,,,,,,,
D1-K2cross_e20_r023,TA(0.25),0.04649381700437516,0.20333333333333334,0.1505808839139207,1.5954147464480382,-0.008723644507301844,-1.4711225842826046,,,,,,,,
D1-K2cross_e20_r023,TA(0.40),0.044990557013079524,0.20333333333333334,0.15917500159164114,1.5952207212002085,-0.015012330499203119,-1.4704776161544617,,,,,,,,
D1-K2cross_e30_r023,adapt,0.02839820898952894,0.2966666666666667,-0.07597073093553403,1.4632479987103368,0.0509750692428418,-1.5023663258473863,,,,,,,,
D1-K2cross_e30_r023,adaptX,0.032950473978416994,0.2966666666666667,0.0509750692428418,-1.5023663258473863,-0.07597073093553403,1.4632479987103368,,,,,,,,
D1-K2cross_e30_r023,HA50,0.005840826983330771,,-24.247987478059734,1.039076314243226,4.13301295895636,-0.31726137072444316,,,,,,,,
D1-K2cross_e30_r023,TA(0.05),0.029992535972269252,0.13333333333333333,0.05113913250752999,0.12484442101974601,21.86420431758892,0.19597062720331992,,,,,,,,
D1-K2cross_e30_r023,TA(0.10),0.029471660003764555,0.13333333333333333,0.05113913250752999,0.12484442101974601,21.86420431758892,0.19597062720331992,,,,,,,,
D1-K2cross_e30_r023,TA(0.15),0.029126480978447944,0.13333333333333333,0.05113913250752999,0.12484442101974601,21.86420431758892,0.19597062720331992,,,,,,,,
D1-K2cross_e30_r023,TA(0.25),0.029576026019640267,0.18666666666666668,13.745892487249478,-6.311426312487822,0.38921841803262125,0.43920153399523526,,,,,,,,
D1-K2cross_e30_r023,TA(0.40),0.029326174000743777,0.2966666666666667,0.0509750692428418,-1.5023663258473863,-0.07597073093553403,1.4632479987103368,,,,,,,,
D2-K3par_e00_r023,adapt,0.357326175988419,0.0033333333333333335,-3.050181260515313,1.0675123954210721,3.2669064894876265,1.133508033006574,0.1509988459367038,1.0841344678887421,,,,,,
D2-K3par_e00_r023,adaptX,0.34559829099453054,0.0033333333333333335,-3.064959358861254,1.071712580910344,3.2669064894876265,1.133508033006574,0.13474483310352353,1.0878027720473291,,,,,,
D2-K3par_e00_r023,HA50,0.01697148900711909,,3.2465499509736775,1.1177229962835122,-3.128106591547559,1.0286645713215543,0.06669587666476709,1.0470464776487387,,,,,,
D2-K3par_e00_r023,TA(0.05),0.3592485020053573,0.0033333333333333335,3.2669064894876265,1.133508033006574,-3.050181260515313,1.0675123954210721,0.1509988459367038,1.0841344678887421,,,,,,
D2-K3par_e00_r023,TA(0.10),0.3593891400087159,0.0033333333333333335,0.1509988459367038,1.0841344678887421,3.2669064894876265,1.133508033006574,-3.050181260515313,1.0675123954210721,,,,,,
D2-K3par_e00_r023,TA(0.15),0.35822095500770956,0.0033333333333333335,3.2669064894876265,1.133508033006574,-3.050181260515313,1.0675123954210721,0.1509988459367038,1.0841344678887421,,,,,,
D2-K3par_e00_r023,TA(0.25),0.35933847099659033,0.0033333333333333335,-3.050181260515313,1.0675123954210721,0.1509988459367038,1.0841344678887421,3.2669064894876265,1.133508033006574,,,,,,
D2-K3par_e00_r023,TA(0.40),0.3577975569933187,0.0033333333333333335,3.2669064894876265,1.133508033006574,0.13474483310352353,1.0878027720473291,-3.064959358861254,1.071712580910344,,,,,,
D2-K3par_e05_r023,adapt,0.20476194997900166,0.06,0.04690359862775061,1.1433210574226689,3.1171611339214667,1.046039794120188,-2.9653822798262883,0.9670645912488038,,,,,,
D2-K3par_e05_r023,adaptX,0.21726420399500057,0.06,2.8809841008359975,1.0283379084372926,-1.593452573072201,0.3088741296732852,-1.5749011324124205,1.8392044715301683,,,,,,
D2-K3par_e05_r023,HA50,0.016316842986270785,,-0.04004917051472856,1.0784666209554599,-23.794778553452492,-0.4009457495709229,21.61026383387393,0.3092855263786879,,,,,,
D2-K3par_e05_r023,TA(0.05),0.2076627940114122,0.05,7.427422632392727,-4.985166529566759,2.421706267366501,0.9849036297526642,-1.9734067494746634,0.8887949143960239,,,,,,
D2-K3par_e05_r023,TA(0.10),0.20549965699319728,0.06,-2.9815398100103025,0.9668300068187777,3.049627573786148,1.0335218266016517,-0.031758617645011,1.121295026994539,,,,,,
D2-K3par_e05_r023,TA(0.15),0.20593400701181963,0.06,3.0675590113878632,1.0311575565984812,-2.9815398100103025,0.9668300068187777,-0.01629079669980043,1.121553787310934,,,,,,
D2-K3par_e05_r023,TA(0.25),0.20594066299963742,0.06,-0.06661662682486873,1.1103801464286875,3.0305550834917727,1.0409604561698984,-2.9982088652540586,0.9549109758521093,,,,,,
D2-K3par_e05_r023,TA(0.40),0.20522325299680233,0.06,3.1472384099688195,0.9902889167849713,0.08740054473604315,0.9716185956008895,-2.9028611662824795,0.845650088672141,,,,,,
D2-K3par_e10_r023,adapt,0.48537578599643894,0.11333333333333333,-3.1852454403906965,0.9613470838284197,-0.1874217653115806,1.0803622521134026,2.7974915893118895,1.0110338232983322,,,,,,
D2-K3par_e10_r023,adaptX,0.3114100130042061,0.11333333333333333,-0.1874217653115806,1.0803622521134026,2.7974915893118895,1.0110338232983322,-3.1852454403906965,0.9613470838284197,,,,,,
D2-K3par_e10_r023,HA50,0.01635476600495167,,-23.2446915785772,0.707635594286988,0.10783993703277678,1.065493556929751,21.09370969094842,2.568713269053616,,,,,,
D2-K3par_e10_r023,TA(0.05),0.48687246901681647,0.05333333333333334,2.225081065390115,0.9195069325674711,-23.2446915785772,0.707635594286988,-2.1238150587972506,0.8224288774945133,,,,,,
D2-K3par_e10_r023,TA(0.10),0.4861306569946464,0.1,-2.078035644078201,0.82871240330119,-11.183844810772593,-5.189981290960272,2.2387047970412572,0.918732544309206,,,,,,
D2-K3par_e10_r023,TA(0.15),0.48773205699399114,0.11333333333333333,2.7974915893118895,1.0110338232983322,-0.12984116165883097,1.0540418258218316,-3.1089401360450544,0.9195814690865932,,,,,,
D2-K3par_e10_r023,TA(0.25),0.4865199749765452,0.11333333333333333,-0.09618743507598329,1.0824977143543657,2.8095908309832582,1.0236681923331368,-3.0846002876546894,0.9430383602397144,,,,,,
D2-K3par_e10_r023,TA(0.40),0.48759310800232925,0.12,0.49595287025657625,1.3907004529447162,-2.609168307802831,1.1950969544632248,2.9272286161997045,1.239859781448056,,,,,,
D2-K3par_e20_r023,adapt,0.2735962769947946,0.21,-2.835070960143595,1.1135315213975336,0.2066799626467195,1.0858643757818494,3.141972272500997,1.0472666612167427,,,,,,
D2-K3par_e20_r023,adaptX,0.24887644100817852,0.21,-2.835070960143595,1.1135315213975336,0.2066799626467195,1.0858643757818494,3.141972272500997,1.0472666612167427,,,,,,
D2-K3par_e20_r023,HA50,0.016774761985288933,,-22.82623685934788,1.3549740698700814,21.69371479775481,1.3771877729319775,0.4331812744251874,1.120360255191997,,,,,,
D2-K3par_e20_r023,TA(0.05),0.2775547439814545,0.0033333333333333335,22.595951337865223,0.8403727637438546,0.3872170706942601,1.1069860427793332,-22.82623685934788,1.3549740698700814,,,,,,
D2-K3par_e20_r023,TA(0.10),0.27503092397819273,0.09333333333333334,21.69371479775481,1.3771877729319775,-2.0882735353929935,1.0560749639607003,2.451331119308089,1.1029603320446832,,,,,,
D2-K3par_e20_r023,TA(0.15),0.2746378190058749,0.12666666666666668,2.4020067210258707,1.119440750858923,-2.148672286306508,1.0746087007822958,24.334928394440034,0.8048644528333306,,,,,,
D2-K3par_e20_r023,TA(0.25),0.27498191097402014,0.21,0.1801573401107089,1.0667336226430923,-2.835070960143595,1.1135315213975336,3.1258761298001296,1.0348303334035485,,,,,,
D2-K3par_e20_r023,TA(0.40),0.2741238900052849,0.21,-2.867673460802015,1.164942899849817,3.0375410903544653,1.1403546710950847,0.10096387581330837,1.253690339147305,,,,,,
D2-K3par_e30_r023,adapt,0.32208108401391655,0.26,-2.964199397008731,0.9745343424941266,0.16966290165086462,0.9382344717293082,3.366209154059823,0.99465667425964,,,,,,
D2-K3par_e30_r023,adaptX,0.2764845319907181,0.26,0.14553925813450788,0.955958964742608,3.366209154059823,0.99465667425964,-2.9891941220959057,0.9974254021852405,,,,,,
D2-K3par_e30_r023,HA50,0.015826403978280723,,20.615447047381295,1.1143532783321162,0.03969004284936729,0.8793063040922721,-23.217467765806834,1.1733500306620803,,,,,,
D2-K3par_e30_r023,TA(0.05),0.3236317270202562,0.0,-23.217467765806834,1.1733500306620803,0.03969004284936729,0.8793063040922721,20.615447047381295,1.1143532783321162,,,,,,
D2-K3par_e30_r023,TA(0.10),0.32269469799939543,0.08,0.0568442087176009,0.9441001129176505,20.615447047381295,1.1143532783321162,-12.526685730591247,-5.731428517058333,,,,,,
D2-K3par_e30_r023,TA(0.15),0.3226499540032819,0.12,-2.2738363140547078,0.9327685235798735,20.843908346899912,1.2111093480535842,2.387080680963216,0.8946309360358594,,,,,,
D2-K3par_e30_r023,TA(0.25),0.3237053850025404,0.12,2.0491468353391444,0.6803389120445856,20.836987792400567,0.948668640590793,-2.5629227894185074,0.7296946620472585,,,,,,
D2-K3par_e30_r023,TA(0.40),0.3227145040000323,0.26,-2.9891941220959057,0.9974254021852405,3.3411379868715767,0.9868301291049002,0.12541071329963643,0.950320384448721,,,,,,
D3-unequal_e00_r023,adapt,0.051267133007058874,0.04666666666666667,-0.07411812933741278,-1.417094898879707,0.004955909195705539,1.3783156006438189,,,,,,,,
D3-unequal_e00_r023,adaptX,0.05513627000618726,0.04666666666666667,-0.0865572335737294,-1.4136917160429983,0.004955909195705539,1.3783156006438189,,,,,,,,
D3-unequal_e00_r023,HA50,0.009972482977900654,,0.06926509134214746,1.4040853777244093,-0.03202780492745144,-1.4397059122478073,,,,,,,,
D3-unequal_e00_r023,TA(0.05),0.05330413597403094,0.043333333333333335,-0.06792185713846384,-1.4173482565556745,-0.020375795640745858,1.3793457008234031,,,,,,,,
D3-unequal_e00_r023,TA(0.10),0.054380827001295984,0.04666666666666667,-0.09124931415996729,-1.4142706000872165,-0.0022166519297031717,1.3780401662722706,,,,,,,,
D3-unequal_e00_r023,TA(0.15),0.05211773799965158,0.03666666666666667,-0.028776407959286262,1.379920967794258,-0.03884282888732081,-1.4340388926242644,,,,,,,,
D3-unequal_e00_r023,TA(0.25),0.054182357009267434,0.03333333333333333,-0.0458481566389022,1.3809852328081875,-0.029493168330445144,-1.4363593303732742,,,,,,,,
D3-unequal_e00_r023,TA(0.40),0.05499552999390289,0.04666666666666667,-0.09124931415996729,-1.4142706000872165,-0.0022166519297031717,1.3780401662722706,,,,,,,,
D3-unequal_e05_r023,adapt,0.044054347003111616,0.04666666666666667,-0.0024400660164389993,1.4795978337924518,0.0007650178561499547,-1.5151156074843841,,,,,,,,
D3-unequal_e05_r023,adaptX,0.04978370000026189,0.04666666666666667,0.0007650178561499547,-1.5151156074843841,-0.0024400660164389993,1.4795978337924518,,,,,,,,
D3-unequal_e05_r023,HA50,0.009398443013196811,,19.787866021940506,-5.870425771178517,-0.7674784573796004,-0.7609180789174517,,,,,,,,
D3-unequal_e05_r023,TA(0.05),0.044914158002939075,0.04666666666666667,-0.0024400660164389993,1.4795978337924518,0.0007650178561499547,-1.5151156074843841,,,,,,,,
D3-unequal_e05_r023,TA(0.10),0.04558730500866659,0.04666666666666667,-0.0024400660164389993,1.4795978337924518,0.0007650178561499547,-1.5151156074843841,,,,,,,,
D3-unequal_e05_r023,TA(0.15),0.0464048050052952,0.04666666666666667,-0.00707202274796097,1.4796683215075237,0.0037564236878223486,-1.5151357676666497,,,,,,,,
D3-unequal_e05_r023,TA(0.25),0.04700574901653454,0.04666666666666667,-0.06195686384018392,1.4470185526807913,0.0007650178561499547,-1.5151156074843841,,,,,,,,
D3-unequal_e05_r023,TA(0.40),0.04643844600650482,0.23666666666666666,0.952818187357189,-1.4594713458593853,-1.043736774844604,-1.413151663690212,,,,,,,,
D3-unequal_e10_r023,adapt,0.04997443698812276,0.08,-0.013137894244419275,-1.5346620836592242,0.005603465850797963,1.528346936373153,,,,,,,,
D3-unequal_e10_r023,adaptX,0.06014495302224532,0.08333333333333333,-0.013137894244419275,-1.5346620836592242,-0.022096523716485357,1.555437287371404,,,,,,,,
D3-unequal_e10_r023,HA50,0.008861811977112666,,-0.9213538050349477,-0.8864671976035563,24.134462515659642,0.7280217631583114,,,,,,,,
D3-unequal_e10_r023,TA(0.05),0.052256466005928814,0.13666666666666666,-14.403070293532092,-4.660285496582915,-0.018197225892672923,-1.4767291860771097,,,,,,,,
D3-unequal_e10_r023,TA(0.10),0.05140650598332286,0.08333333333333333,-0.022096523716485357,1.555437287371404,-0.013137894244419275,-1.5346620836592242,,,,,,,,
D3-unequal_e10_r023,TA(0.15),0.05062657699454576,0.08,0.005603465850797963,1.528346936373153,-0.013137894244419275,-1.5346620836592242,,,,,,,,
D3-unequal_e10_r023,TA(0.25),0.05268950099707581,0.23666666666666666,-0.9154634157989842,-1.4390361382833963,0.8616833666961543,-1.411061196297536,,,,,,,,
D3-unequal_e10_r023,TA(0.40),0.05103577900445089,0.23333333333333334,0.8367645712740346,-1.3911305608786209,-0.9514687982988878,-1.4114517399219695,,,,,,,,
D3-unequal_e20_r023,adapt,0.05540888398536481,0.21,-0.16367340393774588,1.5816305825411896,0.03350371437138285,-1.4721021057006807,,,,,,,,
D3-unequal_e20_r023,adaptX,0.05997299498994835,0.21333333333333335,0.06160182351063157,-1.485207801798558,-0.05440118999894941,1.4917995131366282,,,,,,,,
D3-unequal_e20_r023,HA50,0.010143185005290434,,-24.086211320562736,-0.5613928019077513,2.756410826325185,-0.7164264527867585,,,,,,,,
D3-unequal_e20_r023,TA(0.05),0.05720956198638305,0.17,-0.012185812491431627,-1.1476584516297452,22.66766531748132,-0.7309919123126504,,,,,,,,
D3-unequal_e20_r023,TA(0.10),0.057913137978175655,0.16666666666666666,22.66766531748132,-0.7309919123126504,0.03415101979356503,-1.0651505702511137,,,,,,,,
D3-unequal_e20_r023,TA(0.15),0.05706087397993542,0.18666666666666668,22.35186727355673,-0.4976017918800501,0.03551982011013706,-1.1945467961187455,,,,,,,,
D3-unequal_e20_r023,TA(0.25),0.056917833018815145,0.21333333333333335,0.06160182351063157,-1.485207801798558,-0.05440118999894941,1.4917995131366282,,,,,,,,
D3-unequal_e20_r023,TA(0.40),0.05632738099666312,0.33,-0.6661609514615497,-1.3576415471106882,1.1908363403508693,-1.3062483558774989,,,,,,,,
D3-unequal_e30_r023,adapt,0.04570926001179032,0.27,-0.14212215836682315,1.489338866272542,0.14666718094767867,-1.5415821891318646,,,,,,,,
D3-unequal_e30_r023,adaptX,0.053553392994217575,0.27,-0.14212215836682315,1.489338866272542,0.14666718094767867,-1.5415821891318646,,,,,,,,
D3-unequal_e30_r023,HA50,0.007687979988986626,,3.5728622630048728,-1.222914025172006,-22.952486591429267,-0.47884387804983686,,,,,,,,
D3-unequal_e30_r023,TA(0.05),0.04806941901915707,0.13333333333333333,-22.952486591429267,-0.47884387804983686,0.3960113638527938,-0.5997074800951019,,,,,,,,
D3-unequal_e30_r023,TA(0.10),0.04657543799839914,0.13333333333333333,0.3960113638527938,-0.5997074800951019,-22.952486591429267,-0.47884387804983686,,,,,,,,
D3-unequal_e30_r023,TA(0.15),0.04648817499401048,0.13,0.356347386775169,-0.5603358401521851,-22.53491190967768,-0.15088593541331602,,,,,,,,
D3-unequal_e30_r023,TA(0.25),0.04649889201391488,0.27,-0.15883902483682524,1.4873757345456664,0.1422482760129912,-1.5436665143224888,,,,,,,,
D3-unequal_e30_r023,TA(0.40),0.048338708002120256,0.27,-0.15883902483682524,1.4873757345456664,0.1422482760129912,-1.5436665143224888,,,,,,,,
D4-hetero_e00_r023,adapt,0.09194893497624435,0.02666666666666667,0.059200866647597494,-1.470653374104444,0.06128069316379898,1.5387875442055623,,,,,,,,
D4-hetero_e00_r023,adaptX,0.09549093298846856,0.02666666666666667,0.08196483304384466,1.5243023722323046,0.059200866647597494,-1.470653374104444,,,,,,,,
D4-hetero_e00_r023,HA50,0.007782422995660454,,0.036692391374858906,-1.447669732722299,0.024383434647654228,1.56468175052057,,,,,,,,
D4-hetero_e00_r023,TA(0.05),0.09246760298265144,0.02666666666666667,0.04981430259321652,-1.4765578765624567,0.06128069316379898,1.5387875442055623,,,,,,,,
D4-hetero_e00_r023,TA(0.10),0.09276166401105002,0.02666666666666667,0.10785787573777009,1.5253378438853105,0.02626643890706535,-1.4754281453655087,,,,,,,,
D4-hetero_e00_r023,TA(0.15),0.09351827399223112,0.03,0.07238754336167547,-1.4710490494785817,0.09571905653901287,1.5299665432407952,,,,,,,,
D4-hetero_e00_r023,TA(0.25),0.09261765301926062,0.02666666666666667,0.07238754336167547,-1.4710490494785817,0.06731113465943171,1.5235429646951653,,,,,,,,
D4-hetero_e00_r023,TA(0.40),0.09291290800319985,0.02666666666666667,0.04981430259321652,-1.4765578765624567,0.08196483304384466,1.5243023722323046,,,,,,,,
D4-hetero_e05_r023,adapt,0.042476100992644206,0.06666666666666667,0.3238409286845156,1.6428153442574753,-0.03406682123535356,-1.4802252466772228,,,,,,,,
D4-hetero_e05_r023,adaptX,0.04901803599204868,0.06666666666666667,0.3238409286845156,1.6428153442574753,-0.03406682123535356,-1.4802252466772228,,,,,,,,
D4-hetero_e05_r023,HA50,0.007827222987543792,,0.07872630020466029,-1.7014282741601692,0.22866513052551568,1.9862975469785122,,,,,,,,
D4-hetero_e05_r023,TA(0.05),0.04445770199527033,0.06666666666666667,-0.03406682123535356,-1.4802252466772228,0.3238409286845156,1.6428153442574753,,,,,,,,
D4-hetero_e05_r023,TA(0.10),0.044139322999399155,0.06666666666666667,0.3238409286845156,1.6428153442574753,-0.03406682123535356,-1.4802252466772228,,,,,,,,
D4-hetero_e05_r023,TA(0.15),0.04363738402025774,0.06666666666666667,0.3238409286845156,1.6428153442574753,-0.03406682123535356,-1.4802252466772228,,,,,,,,
D4-hetero_e05_r023,TA(0.25),0.04509466700255871,0.06666666666666667,0.30438018364219604,1.6340892098389903,-0.03406682123535356,-1.4802252466772228,,,,,,,,
D4-hetero_e05_r023,TA(0.40),0.04304860299453139,0.06666666666666667,0.3238409286845156,1.6428153442574753,-0.03406682123535356,-1.4802252466772228,,,,,,,,
D4-hetero_e10_r023,adapt,0.028534022014355287,0.13333333333333333,0.0699068789030232,-1.4467695450831513,-0.24474852336743802,1.6998694926365077,,,,,,,,
D4-hetero_e10_r023,adaptX,0.03314951900392771,0.13666666666666666,-0.24211987132240617,1.7000284391375462,0.06811317044099757,-1.4468240945715773,,,,,,,,
D4-hetero_e10_r023,HA50,0.005316016002325341,,-1.2626857625921157,-0.055710351611179626,23.626832608227772,-0.16138171316565822,,,,,,,,
D4-hetero_e10_r023,TA(0.05),0.029199765995144844,0.05,-21.71965766419599,-0.012991654864220227,-0.12029011222333631,0.04501879849796237,,,,,,,,
D4-hetero_e10_r023,TA(0.10),0.028898046992253512,0.13,-0.21376168495809578,1.7060507162255019,0.08065348238176424,-1.4480659413778152,,,,,,,,
D4-hetero_e10_r023,TA(0.15),0.02972580600180663,0.13333333333333333,0.07884671572694278,-1.4482429802704777,-0.24474852336743802,1.6998694926365077,,,,,,,,
D4-hetero_e10_r023,TA(0.25),0.029119291983079165,0.13333333333333333,0.08321957354010566,-1.4480592701107737,-0.25013045704902537,1.6994916529394548,,,,,,,,
D4-hetero_e10_r023,TA(0.40),0.029721942002652213,0.13333333333333333,-0.25013045704902537,1.6994916529394548,0.08321957354010566,-1.4480592701107737,,,,,,,,
D4-hetero_e20_r023,adapt,0.043221697997068986,0.23,0.24209737091636682,1.5474650027535843,0.010157216865846232,-1.4950389345195485,,,,,,,,
D4-hetero_e20_r023,adaptX,0.04911031198571436,0.23,0.010157216865846232,-1.4950389345195485,0.24209737091636682,1.5474650027535843,,,,,,,,
D4-hetero_e20_r023,HA50,0.009238425991497934,,3.0663950357200798,0.2156647984006728,-23.905062569732934,0.17107030564039824,,,,,,,,
D4-hetero_e20_r023,TA(0.05),0.04492836000281386,0.12,-23.905062569732934,0.17107030564039824,0.18108677019830308,-0.007863840692768327,,,,,,,,
D4-hetero_e20_r023,TA(0.10),0.043833184987306595,0.10666666666666667,21.096520081506785,-0.3022272992991313,0.18108677019830308,-0.007863840692768327,,,,,,,,
D4-hetero_e20_r023,TA(0.15),0.04486528501729481,0.10666666666666667,21.096520081506785,-0.3022272992991313,0.18108677019830308,-0.007863840692768327,,,,,,,,
D4-hetero_e20_r023,TA(0.25),0.04423996701370925,0.23,0.24209737091636682,1.5474650027535843,0.010157216865846232,-1.4950389345195485,,,,,,,,
D4-hetero_e20_r023,TA(0.40),0.044443666003644466,0.23,0.24209737091636682,1.5474650027535843,0.010157216865846232,-1.4950389345195485,,,,,,,,
D4-hetero_e30_r023,adapt,0.03165463299956173,0.3233333333333333,-0.07340147909190788,1.6089027926411281,-0.08901380896394318,-1.4803565434380752,,,,,,,,
D4-hetero_e30_r023,adaptX,0.031718479993287474,0.3233333333333333,-0.08901380896394318,-1.4803565434380752,-0.07340147909190788,1.6089027926411281,,,,,,,,
D4-hetero_e30_r023,HA50,0.005685219977749512,,-23.924300694287545,0.18043218014086918,4.15156092070468,-0.07031598421274057,,,,,,,,
D4-hetero_e30_r023,TA(0.05),0.03332051800680347,0.15666666666666668,-23.924300694287545,0.18043218014086918,0.10936023344930144,-0.10023858388923604,,,,,,,,
D4-hetero_e30_r023,TA(0.10),0.03268833499168977,0.15666666666666668,-23.924300694287545,0.18043218014086918,0.10936023344930144,-0.10023858388923604,,,,,,,,
D4-hetero_e30_r023,TA(0.15),0.033954774000449106,0.15666666666666668,0.10936023344930144,-0.10023858388923604,-23.924300694287545,0.18043218014086918,,,,,,,,
D4-hetero_e30_r023,TA(0.25),0.0326740340096876,0.16333333333333333,-23.30236239986214,0.7316377459877911,0.10936023344930144,-0.10023858388923604,,,,,,,,
D4-hetero_e30_r023,TA(0.40),0.03231522400164977,0.3233333333333333,-0.08901380896394318,-1.4803565434380752,-0.07340147909190788,1.6089027926411281,,,,,,,,
D5-leverage_e00_r023,adapt,0.04307868899195455,0.023333333333333334,-0.2328802946160633,1.4980871607667967,-0.01777724016772347,-1.4331002856923727,,,,,,,,
D5-leverage_e00_r023,adaptX,0.047614965005777776,0.023333333333333334,-0.03269049341615719,-1.4369689548517832,-0.2321971831205561,1.497992828061197,,,,,,,,
D5-leverage_e00_r023,HA50,0.009111953986575827,,0.006508341510507829,-1.4465703505395355,-0.1587630391402776,1.4899731186803298,,,,,,,,
D5-leverage_e00_r023,TA(0.05),0.044865933974506333,0.023333333333333334,-0.007550037867816761,-1.4373475259282302,-0.21822890509513304,1.4918830458777876,,,,,,,,
D5-leverage_e00_r023,TA(0.10),0.04532807299983688,0.023333333333333334,-0.014890890948755568,-1.4331907586428083,-0.23614409408549947,1.4985208288849154,,,,,,,,
D5-leverage_e00_r023,TA(0.15),0.0436370589886792,0.023333333333333334,-0.21822890509513304,1.4918830458777876,-0.007550037867816761,-1.4373475259282302,,,,,,,,
D5-leverage_e00_r023,TA(0.25),0.046836608002195135,0.023333333333333334,-0.19660907397710004,1.4989281682276074,0.0029268146588123526,-1.4340758634482875,,,,,,,,
D5-leverage_e00_r023,TA(0.40),0.04381610098062083,0.02,-0.19554454113080086,1.4982375542204536,0.00946805753718529,-1.4347611067599597,,,,,,,,
D5-leverage_e05_r023,adapt,0.04176898600417189,0.07,-0.15627147070193648,1.5002215395278886,-0.02384863829109198,-1.5728177278206281,,,,,,,,
D5-leverage_e05_r023,adaptX,0.05102479402557947,0.07,-0.15627147070193648,1.5002215395278886,-0.02384863829109198,-1.5728177278206281,,,,,,,,
D5-leverage_e05_r023,HA50,0.008764503989368677,,-2.683803093925747,0.0004389677784553988,2.117221508763019,-0.07111706751071908,,,,,,,,
D5-leverage_e05_r023,TA(0.05),0.04340099002001807,0.07,-0.01617908342275306,-1.5706905883690108,-0.14787050718919745,1.5023786790900608,,,,,,,,
D5-leverage_e05_r023,TA(0.10),0.044826683995779604,0.07,-0.14787050718919745,1.5023786790900608,-0.01617908342275306,-1.5706905883690108,,,,,,,,
D5-leverage_e05_r023,TA(0.15),0.04355202699662186,0.07,-0.14787050718919745,1.5023786790900608,-0.01617908342275306,-1.5706905883690108,,,,,,,,
D5-leverage_e05_r023,TA(0.25),0.044997092976700515,0.07,-0.03873497961324491,-1.576122175559039,-0.15627147070193648,1.5002215395278886,,,,,,,,
D5-leverage_e05_r023,TA(0.40),0.04497894301312044,0.07,-0.14787050718919745,1.5023786790900608,-0.01617908342275306,-1.5706905883690108,,,,,,,,
D5-leverage_e10_r023,adapt,0.055942845006939024,0.09333333333333334,-0.011984185833382186,1.474868521248629,-0.3146904887315965,-1.485137231923731,,,,,,,,
D5-leverage_e10_r023,adaptX,0.045174322003731504,0.09333333333333334,-0.02299410452087397,1.4710241396539387,-0.3480538541073355,-1.5048669388541922,,,,,,,,
D5-leverage_e10_r023,HA50,0.008390824019443244,,2.0633748426510707,-0.08535511335886489,-2.4726741484458485,0.07774871627240194,,,,,,,,
D5-leverage_e10_r023,TA(0.05),0.05680287498398684,0.0033333333333333335,2.0683264152615,-0.09843188706906018,-2.4359792517541647,0.07197002203077958,,,,,,,,
D5-leverage_e10_r023,TA(0.10),0.056488248985260725,0.09666666666666666,-0.36021331982167737,-1.500864055286305,-0.03560825275106542,1.4761681975019396,,,,,,,,
D5-leverage_e10_r023,TA(0.15),0.05668614499154501,0.09666666666666666,-0.03560825275106542,1.4761681975019396,-0.36021331982167737,-1.500864055286305,,,,,,,,
D5-leverage_e10_r023,TA(0.25),0.05789145699236542,0.09333333333333334,-0.33500285183597267,-1.5001632713998443,0.007750952013513432,1.493973555575994,,,,,,,,
D5-leverage_e10_r023,TA(0.40),0.058494384022196755,0.09333333333333334,0.015986455679903082,1.4936956121747573,-0.3432757173876956,-1.5005184183637887,,,,,,,,
D5-leverage_e20_r023,adapt,0.040930280985776335,0.0033333333333333335,-2.046395193572054,0.061784109993642686,2.546319410093055,-0.07324706626254995,,,,,,,,
D5-leverage_e20_r023,adaptX,0.046394078992307186,0.19333333333333333,-0.0023710122980066953,1.560026379443955,0.17602575350193347,-1.494369492141246,,,,,,,,
D5-leverage_e20_r023,HA50,0.007877955998992547,,2.586901180831595,-0.07446399927149921,-2.0469819003486407,0.06828713134951821,,,,,,,,
D5-leverage_e20_r023,TA(0.05),0.042118523007957265,0.0033333333333333335,2.5445579687083866,-0.08144315387017156,-2.0475250760811496,0.05582904301104087,,,,,,,,
D5-leverage_e20_r023,TA(0.10),0.04280787400784902,0.0033333333333333335,-2.046395193572054,0.061784109993642686,2.546319410093055,-0.07324706626254995,,,,,,,,
D5-leverage_e20_r023,TA(0.15),0.04213943501235917,0.0033333333333333335,-2.046395193572054,0.061784109993642686,2.546319410093055,-0.07324706626254995,,,,,,,,
D5-leverage_e20_r023,TA(0.25),0.04194175198790617,0.19333333333333333,-0.007017231005847629,1.5607298003805936,0.17131933706211902,-1.4938079996144282,,,,,,,,
D5-leverage_e20_r023,TA(0.40),0.04235812500701286,0.19333333333333333,0.1616113545070988,-1.4885212602992643,-0.027712418585827354,1.5664187343872489,,,,,,,,
D5-leverage_e30_r023,adapt,0.042195768997771665,0.0033333333333333335,-2.5619065212153584,0.12060873000227484,2.425496283728943,-0.11031407373563365,,,,,,,,
D5-leverage_e30_r023,adaptX,0.047953506000339985,0.006666666666666667,2.4230906334452604,-0.11905178068579184,-2.5239153291007743,0.10562089986458796,,,,,,,,
D5-leverage_e30_r023,HA50,0.009054997004568577,,2.4230906334452604,-0.11905178068579184,-2.594034469364751,0.11323120549211292,,,,,,,,
D5-leverage_e30_r023,TA(0.05),0.04392617999110371,0.006666666666666667,2.394432665748258,-0.11490776194100623,-2.5466297163256555,0.10865848049137568,,,,,,,,
D5-leverage_e30_r023,TA(0.10),0.043291253998177126,0.006666666666666667,2.394432665748258,-0.11490776194100623,-2.5466297163256555,0.10865848049137568,,,,,,,,
D5-leverage_e30_r023,TA(0.15),0.04367754198028706,0.006666666666666667,-2.8556400764205927,0.1312306193858265,1.9446365415379996,-0.08266811182071265,,,,,,,,
D5-leverage_e30_r023,TA(0.25),0.045291157002793625,0.006666666666666667,-2.6942442815528933,0.1092480889768008,2.188779596053084,-0.11194763141855499,,,,,,,,
D5-leverage_e30_r023,TA(0.40),0.043451245001051575,0.006666666666666667,2.139734322045985,-0.13060311317324966,-2.721878653477163,0.09273036743532277,,,,,,,,
D6-uniform_e00_r023,adapt,0.072895031014923,0.006666666666666667,0.09086394717877665,-1.5525083870879188,0.050709461874213095,1.4855026398338784,,,,,,,,
D6-uniform_e00_r023,adaptX,0.09538559001521207,0.0033333333333333335,0.10641428258554428,-1.5537442651214826,0.04962782907879819,1.483827675556579,,,,,,,,
D6-uniform_e00_r023,HA50,0.007576881005661562,,0.07299583558621911,-1.544010464290641,0.07036798419384951,1.4939444136968214,,,,,,,,
D6-uniform_e00_r023,TA(0.05),0.08904228298342787,0.006666666666666667,0.09782253707026699,-1.5540211573711673,0.05790219326026378,1.4837444263678945,,,,,,,,
D6-uniform_e00_r023,TA(0.10),0.07447981499717571,0.006666666666666667,0.050709461874213095,1.4855026398338784,0.09086394717877665,-1.5525083870879188,,,,,,,,
D6-uniform_e00_r023,TA(0.15),0.07376040500821546,0.006666666666666667,0.07299583558621911,-1.544010464290641,0.05423034384958424,1.4854389969262822,,,,,,,,
D6-uniform_e00_r023,TA(0.25),0.07564294600160792,0.006666666666666667,0.05423034384958424,1.4854389969262822,0.07299583558621911,-1.544010464290641,,,,,,,,
D6-uniform_e00_r023,TA(0.40),0.07435734299360774,0.0033333333333333335,0.04513274963978977,-1.5313864718425858,0.06982919414968436,1.484956762996767,,,,,,,,
D6-uniform_e05_r023,adapt,0.04234810400521383,0.043333333333333335,0.06861629680279763,-1.5809398092778064,0.10657428052709644,1.4573408670457721,,,,,,,,
D6-uniform_e05_r023,adaptX,0.04799606400774792,0.043333333333333335,0.06473506947535033,-1.580320162628053,0.10215180301994589,1.457693366607889,,,,,,,,
D6-uniform_e05_r023,HA50,0.008505154983140528,,0.21722865810448894,1.5246117185736574,-0.0045787347994901435,-1.623643955036597,,,,,,,,
D6-uniform_e05_r023,TA(0.05),0.042929563991492614,0.043333333333333335,0.10215180301994589,1.457693366607889,0.06473506947535033,-1.580320162628053,,,,,,,,
D6-uniform_e05_r023,TA(0.10),0.04464663998805918,0.043333333333333335,0.10215180301994589,1.457693366607889,0.06473506947535033,-1.580320162628053,,,,,,,,
D6-uniform_e05_r023,TA(0.15),0.04413231401122175,0.043333333333333335,0.10215180301994589,1.457693366607889,0.06473506947535033,-1.580320162628053,,,,,,,,
D6-uniform_e05_r023,TA(0.25),0.044306410010904074,0.043333333333333335,0.10657428052709644,1.4573408670457721,0.06861629680279763,-1.5809398092778064,,,,,,,,
D6-uniform_e05_r023,TA(0.40),0.04412195199984126,0.043333333333333335,0.10215180301994589,1.457693366607889,0.06473506947535033,-1.580320162628053,,,,,,,,
D6-uniform_e10_r023,adapt,0.043306392995873466,0.11,0.07406085075704484,1.5280325439695708,-0.1923549781569146,-1.4486874267817758,,,,,,,,
D6-uniform_e10_r023,adaptX,0.05068765499163419,0.11,0.07381558448209213,1.5280400788283959,-0.19201228713657845,-1.448722066696688,,,,,,,,
D6-uniform_e10_r023,HA50,0.009748559998115525,,0.1673317352170126,1.7616707165123364,-0.6399625785901604,-1.446899321146933,,,,,,,,
D6-uniform_e10_r023,TA(0.05),0.04564704399672337,0.11333333333333333,-0.21273399380847047,-1.4409210076017749,0.055814902888984955,1.5334396629906208,,,,,,,,
D6-uniform_e10_r023,TA(0.10),0.04577991500264034,0.11,-0.19201228713657845,-1.448722066696688,0.07381558448209213,1.5280400788283959,,,,,,,,
D6-uniform_e10_r023,TA(0.15),0.04428945097606629,0.11333333333333333,0.07406085075704484,1.5280325439695708,-0.20736363675086505,-1.4550038439240645,,,,,,,,
D6-uniform_e10_r023,TA(0.25),0.045096096000634134,0.11,-0.19201228713657845,-1.448722066696688,0.07381558448209213,1.5280400788283959,,,,,,,,
D6-uniform_e10_r023,TA(0.40),0.044002951006405056,0.11333333333333333,0.03992107267958476,1.5270201784517905,-0.22788685432736905,-1.447295485592443,,,,,,,,
D6-uniform_e20_r023,adapt,0.04397264798171818,0.16,-0.07898175288371974,1.4554332462935955,0.13376750810083654,-1.4181010442676134,,,,,,,,
D6-uniform_e20_r023,adaptX,0.04959226900245994,0.16,0.15622804513181604,-1.4192046941306073,-0.07898175288371974,1.4554332462935955,,,,,,,,
D6-uniform_e20_r023,HA50,0.009546182991471142,,-0.387215159394419,1.637818353986285,0.49654740434734923,-1.6560301422521788,,,,,,,,
D6-uniform_e20_r023,TA(0.05),0.04598103300668299,0.16333333333333333,0.1138933552013497,-1.4370293642370826,-0.07898175288371974,1.4554332462935955,,,,,,,,
D6-uniform_e20_r023,TA(0.10),0.04462866100948304,0.16333333333333333,-0.06356451084435952,1.4417764285930776,0.13376750810083654,-1.4181010442676134,,,,,,,,
D6-uniform_e20_r023,TA(0.15),0.04450826300308108,0.16,0.15622804513181604,-1.4192046941306073,-0.07898175288371974,1.4554332462935955,,,,,,,,
D6-uniform_e20_r023,TA(0.25),0.04721782400156371,0.16333333333333333,0.15622804513181604,-1.4192046941306073,-0.06356451084435952,1.4417764285930776,,,,,,,,
D6-uniform_e20_r023,TA(0.40),0.0458121910050977,0.16666666666666666,-0.06356451084435952,1.4417764285930776,0.1138933552013497,-1.4370293642370826,,,,,,,,
D6-uniform_e30_r023,adapt,0.04718313098419458,0.0,-3.547779993967343,0.004878957267347854,2.871648798062885,0.11828201721408636,,,,,,,,
D6-uniform_e30_r023,adaptX,0.053228620992740616,0.0,2.893950589786585,0.11183669685630244,-3.5256178665298497,-0.001387447190785803,,,,,,,,
D6-uniform_e30_r023,HA50,0.011554591008462012,,2.893950589786585,0.11183669685630244,-3.5256178665298497,-0.001387447190785803,,,,,,,,
D6-uniform_e30_r023,TA(0.05),0.04813663300592452,0.0,-3.8760665482065866,0.108320211329732,2.571808163915171,0.21346813173853904,,,,,,,,
D6-uniform_e30_r023,TA(0.10),0.050082398985978216,0.0,-3.328151165432868,-0.05370382366190429,3.0954992520834628,0.058671937116530064,,,,,,,,
D6-uniform_e30_r023,TA(0.15),0.048276759014697745,0.0,-3.2655472997259745,-0.07617344529613049,3.169221054706631,0.03072194484473752,,,,,,,,
D6-uniform_e30_r023,TA(0.25),0.05013793401303701,0.17666666666666667,-0.10248837337877352,-1.2995764184804137,0.07643339752198082,1.3654136382116984,,,,,,,,
D6-uniform_e30_r023,TA(0.40),0.04917137397569604,0.16666666666666666,0.0642054656733595,1.4148601957532845,-0.10248837337877352,-1.2995764184804137,,,,,,,,
D7-p3_e00_r023,adapt,0.20669521897798404,0.013333333333333334,-0.011029252894236279,-1.5210200388852193,1.0292772268003871,0.9614417300728506,-0.03983237115592437,1.617252199311112,1.0723662687553939,0.9095121249390233,,,,
D7-p3_e00_r023,adaptX,1.114367096015485,0.04,-0.011407655388105621,-1.5223418696713034,1.0323299892797309,0.94039428342165,0.041454276830560875,1.6388101804676705,1.0861967554246281,0.9421322992269298,,,,
D7-p3_e00_r023,HA50,0.006171348009957001,,-0.023787865215754583,1.5941788966843013,1.0690973723731347,0.9261898086384724,-0.04804852153640353,-1.5136402735340058,1.018900958973097,0.9759438174263285,,,,
D7-p3_e00_r023,TA(0.05),0.20750089999637567,0.023333333333333334,-0.013434532834380961,-1.5232561477136999,1.0306533142242051,0.9450214869430975,0.0338600829219132,1.6315539510932509,1.0799376800197256,0.9469195242371723,,,,
D7-p3_e00_r023,TA(0.10),0.20726571301929653,0.02666666666666667,0.03933232996603719,1.641158593798517,1.1003513009307164,0.9557784320201833,-0.0305130836655479,-1.5330534467586545,1.0137211712267833,0.9625863618122847,,,,
D7-p3_e00_r023,TA(0.15),0.2079055950162001,0.03,0.07293924760254406,1.6305360391761832,1.1154650631791487,0.9648557608238916,-0.033508482946535446,-1.5329996422531427,1.0160324369055316,0.9613990333167488,,,,
D7-p3_e00_r023,TA(0.25),0.20781198400072753,0.04,0.008906086904251724,-1.5173715273846606,1.0339200512402122,0.9339013977076386,0.10341017233434467,1.6261172856066057,1.1185605009843962,0.9621515437077217,,,,
D7-p3_e00_r023,TA(0.40),0.20890386000974104,0.03333333333333333,0.10738899693112554,1.621181263078556,1.1025429873388888,0.9698707633285045,-0.0027328438898102645,-1.5208507479603277,1.0309610624517975,0.9448468472493758,,,,
D7-p3_e05_r023,adapt,0.12079148698830977,0.07333333333333333,-0.021855148865786916,-1.549266234932864,0.9922790503251,1.1261736719020161,-0.08443453183443751,1.4523117536289316,1.0394517848505709,0.9321872612255088,,,,
D7-p3_e05_r023,adaptX,0.9315757930162363,0.07333333333333333,0.03990914029775138,-1.5540268805302624,0.9583964144055426,1.1022721656552914,-0.09080842585471186,1.4474128215092956,1.0329362820416117,0.9281589195280316,,,,
D7-p3_e05_r023,HA50,0.006994691997533664,,0.026499572056130922,-0.44256256627044804,0.8194827445503368,1.1340352811638656,-4.315239285377305,3.115646067210653,11.085274286335377,0.8776446801354425,,,,
D7-p3_e05_r023,TA(0.05),0.12185743101872504,0.07333333333333333,-0.08443453183443751,1.4523117536289316,1.0394517848505709,0.9321872612255088,-0.021855148865786916,-1.549266234932864,0.9922790503251,1.1261736719020161,,,,
D7-p3_e05_r023,TA(0.10),0.12215796901728027,0.07333333333333333,-0.07597843941690256,1.443779601484399,1.0228282243016562,0.9288761412017186,0.06035235146690365,-1.5571569206173375,0.944791191994211,1.1005860370832885,,,,
D7-p3_e05_r023,TA(0.15),0.12241498698131181,0.07333333333333333,-0.06759096029132704,1.4541250413736007,1.0140435366836065,0.9416681159946424,0.04204506348506042,-1.5551652665019933,0.9580705069931423,1.1025841119814568,,,,
D7-p3_e05_r023,TA(0.25),0.1219078290159814,0.07,0.0448601903422321,-1.5571656926325492,0.9529437371953591,1.1041302245745648,-0.052535302026168566,1.4517273780118678,1.0069966099804408,0.942432802396784,,,,
D7-p3_e05_r023,TA(0.40),0.12221844898886047,0.07333333333333333,-0.08338323711271745,1.442379353375883,1.0339185378341225,0.9285480026795602,0.10260199201462998,-1.5546099493739778,0.8922662540700511,1.1050639732890881,,,,
D7-p3_e10_r023,adapt,0.211207929009106,0.12,0.08764445615026337,1.5481979056084663,0.9172933742220565,0.9792406202771587,0.03874409793446649,-1.5001176555829054,1.0546249762125819,0.9609775895403926,,,,
D7-p3_e10_r023,adaptX,0.834954089979874,0.12,0.03874409793446649,-1.5001176555829054,1.0546249762125819,0.9609775895403926,0.10861360066053585,1.5614391561613212,0.9243193950174543,0.994105816581745,,,,
D7-p3_e10_r023,HA50,0.007441462017595768,,-17.266982614318785,0.3166899621137191,6.826868304305585,-0.2486278318755646,1.424364712959255,-0.40533438365090046,1.3907719695575047,1.3685452848655755,,,,
D7-p3_e10_r023,TA(0.05),0.21217475101002492,0.04666666666666667,0.4705441936083958,-0.3571769404127954,1.0813298603277872,0.9115529949744448,-19.197889356588824,-4.225651532361764,2.5502190542851078,-0.39062633825981213,,,,
D7-p3_e10_r023,TA(0.10),0.2123352310154587,0.11666666666666667,0.017208339066797564,-1.4964305268516178,1.058922494787846,0.9656508331367697,0.10861585564065084,1.5674221161974307,0.9350541655337398,0.9929843153635128,,,,
D7-p3_e10_r023,TA(0.15),0.2128099779947661,0.11666666666666667,0.10861585564065084,1.5674221161974307,0.9350541655337398,0.9929843153635128,0.017208339066797564,-1.4964305268516178,1.058922494787846,0.9656508331367697,,,,
D7-p3_e10_r023,TA(0.25),0.21187187000759877,0.12,0.11890757354465145,1.5627433915208915,0.9279230343591266,0.9919004134190497,0.044734963618477355,-1.501484030645793,1.0404477700781003,0.9503319578946554,,,,
D7-p3_e10_r023,TA(0.40),0.2128675100102555,0.11666666666666667,0.12649189585826764,1.5621913722771166,0.9278313666170699,0.9855868733751969,0.10846441204946242,-1.5200118523297015,1.0178383758791918,0.9131922605010496,,,,
D7-p3_e20_r023,adapt,0.2044714119983837,0.17,0.15966786288845977,1.359402122902942,0.9903614262908599,0.9513307874759992,0.15863873931702585,-1.540391931888745,0.9512727029881305,1.0578181403545717,,,,
D7-p3_e20_r023,adaptX,0.9620884280011524,0.17,0.15966786288845977,1.359402122902942,0.9903614262908599,0.9513307874759992,0.15863873931702585,-1.540391931888745,0.9512727029881305,1.0578181403545717,,,,
D7-p3_e20_r023,HA50,0.006620575994020328,,-1.770691194767693,0.11920272127474918,0.626550963027595,1.2426339381199094,23.975333961069907,-0.2910537787236297,1.355154081059189,1.7138777893875485,,,,
D7-p3_e20_r023,TA(0.05),0.20483320599305443,0.08,-20.661129647978417,-0.015391491415599933,0.6076290934748363,0.8290091735566282,0.33793021815274327,-0.162449939278647,0.9704098174522213,1.0514830808662938,,,,
D7-p3_e20_r023,TA(0.10),0.20606875600060448,0.08,-22.079269789649427,-0.7737674989842078,1.3855723469613674,1.182726192276094,0.33793021815274327,-0.162449939278647,0.9704098174522213,1.0514830808662938,,,,
D7-p3_e20_r023,TA(0.15),0.20550896599888802,0.13333333333333333,-9.442101832016897,5.354451856602499,0.7045711752306171,0.8270148978244128,-0.057559888914234664,-0.7721264933023498,0.9940247251431268,1.0453139059901249,,,,
D7-p3_e20_r023,TA(0.25),0.2048659120046068,0.17,0.15612530226964016,1.359541606977051,0.9909107128588034,0.9523166377316402,0.16174719409968477,-1.5402885571857978,0.9509360037990281,1.0572085733817747,,,,
D7-p3_e20_r023,TA(0.40),0.2059469220112078,0.17,0.14234871160624643,1.3603882058765115,0.9903249514824037,0.9589488250061305,0.17201982987370815,-1.5405357032294436,0.9529974758719094,1.0517040340435475,,,,
D7-p3_e30_r023,adapt,0.12270179702318273,0.2866666666666667,-0.1223003096071628,1.4909333441865507,0.9893127896021496,0.9879579560826709,0.19498901216803052,-1.5841035202212548,0.9369281769488376,0.9229712488887576,,,,
D7-p3_e30_r023,adaptX,1.0302786469983403,0.31333333333333335,-0.05521315528218034,1.5184608417931256,1.0082897355822107,1.0263270808042426,0.20302649321754654,-1.5868078672395893,0.9293609634011545,0.9111973966172486,,,,
D7-p3_e30_r023,HA50,0.00672676000976935,,2.898421540822285,-0.07320655579970757,1.0348827695375258,1.3024217491460384,-22.17564815878134,0.05187623222272268,1.1408107147848892,1.3723268604989862,,,,
D7-p3_e30_r023,TA(0.05),0.12387096602469683,0.11666666666666667,-22.17564815878134,0.05187623222272268,1.1408107147848892,1.3723268604989862,-0.14955222010925037,0.03527804401455398,0.8542810599691947,0.9924589885808642,,,,
D7-p3_e30_r023,TA(0.10),0.12354818099993281,0.11666666666666667,-22.17564815878134,0.05187623222272268,1.1408107147848892,1.3723268604989862,-0.14955222010925037,0.03527804401455398,0.8542810599691947,0.9924589885808642,,,,
D7-p3_e30_r023,TA(0.15),0.12352193900733255,0.12333333333333334,-22.752395599058296,-0.3900664190004749,0.735923750392581,1.3068361990003914,-0.14955222010925037,0.03527804401455398,0.8542810599691947,0.9924589885808642,,,,
D7-p3_e30_r023,TA(0.25),0.12367475900100544,0.14666666666666667,-16.15597237825213,2.8072624966572666,-1.272286882471957,0.8057486139929535,0.3046032918323097,0.401583857189142,0.7163935063263761,0.989509479022396,,,,
D7-p3_e30_r023,TA(0.40),0.12346754799364135,0.2866666666666667,0.19498901216803052,-1.5841035202212548,0.9369281769488376,0.9229712488887576,-0.1223003096071628,1.4909333441865507,0.9893127896021496,0.9879579560826709,,,,
D8-K2par-sep_e00_r023,adapt,0.041751629003556445,0.02,3.023184555233761,1.0271932217873145,-3.0212013125074604,1.0084204606630207,,,,,,,,
D8-K2par-sep_e00_r023,adaptX,0.04694529401604086,0.02,-3.0212013125074604,1.0084204606630207,3.023184555233761,1.0271932217873145,,,,,,,,
D8-K2par-sep_e00_r023,HA50,0.008434874005615711,,3.056395747765748,1.042647828620051,-3.0242844831121283,0.9973408889286494,,,,,,,,
D8-K2par-sep_e00_r023,TA(0.05),0.04265222098911181,0.02,3.023184555233761,1.0271932217873145,-3.0212013125074604,1.0084204606630207,,,,,,,,
D8-K2par-sep_e00_r023,TA(0.10),0.043184651993215084,0.02,-3.0212013125074604,1.0084204606630207,3.023184555233761,1.0271932217873145,,,,,,,,
D8-K2par-sep_e00_r023,TA(0.15),0.044420807011192665,0.02,3.023184555233761,1.0271932217873145,-3.0212013125074604,1.0084204606630207,,,,,,,,
D8-K2par-sep_e00_r023,TA(0.25),0.04352980200201273,0.02,-3.0212013125074604,1.0084204606630207,3.023184555233761,1.0271932217873145,,,,,,,,
D8-K2par-sep_e00_r023,TA(0.40),0.04230609501246363,0.02,3.023184555233761,1.0271932217873145,-3.0212013125074604,1.0084204606630207,,,,,,,,
D8-K2par-sep_e05_r023,adapt,0.04182105799554847,0.05333333333333334,-3.1197643902118135,1.0193377022949182,2.9314061132982787,0.9257839059442824,,,,,,,,
D8-K2par-sep_e05_r023,adaptX,0.04682306299218908,0.05333333333333334,2.9314061132982787,0.9257839059442824,-3.1197643902118135,1.0193377022949182,,,,,,,,
D8-K2par-sep_e05_r023,HA50,0.008064007008215412,,3.57645619293499,0.911063136726126,-4.187184102123472,0.7659463762336116,,,,,,,,
D8-K2par-sep_e05_r023,TA(0.05),0.0440751810092479,0.05333333333333334,2.9314061132982787,0.9257839059442824,-3.1197643902118135,1.0193377022949182,,,,,,,,
D8-K2par-sep_e05_r023,TA(0.10),0.043226263020187616,0.05333333333333334,-3.1197643902118135,1.0193377022949182,2.9314061132982787,0.9257839059442824,,,,,,,,
D8-K2par-sep_e05_r023,TA(0.15),0.04291040400858037,0.05333333333333334,-3.1197643902118135,1.0193377022949182,2.9314061132982787,0.9257839059442824,,,,,,,,
D8-K2par-sep_e05_r023,TA(0.25),0.043658081005560234,0.05333333333333334,2.9314061132982787,0.9257839059442824,-3.1197643902118135,1.0193377022949182,,,,,,,,
D8-K2par-sep_e05_r023,TA(0.40),0.04316981101874262,0.05333333333333334,2.9314061132982787,0.9257839059442824,-3.1197643902118135,1.0193377022949182,,,,,,,,
D8-K2par-sep_e10_r023,adapt,0.04440303301089443,0.10666666666666667,-3.022715600871359,0.9598799576783669,2.8868382531526056,1.0323961011187999,,,,,,,,
D8-K2par-sep_e10_r023,adaptX,0.04968977899989113,0.10666666666666667,-3.022715600871359,0.9598799576783669,2.8868382531526056,1.0323961011187999,,,,,,,,
D8-K2par-sep_e10_r023,HA50,0.009596877993317321,,21.90868577733715,0.1177463324725739,-1.5536951863451463,1.1852677325361567,,,,,,,,
D8-K2par-sep_e10_r023,TA(0.05),0.04579779598861933,0.05,-21.100617375296277,2.389323656075065,-0.3137560481823679,1.1103866955029251,,,,,,,,
D8-K2par-sep_e10_r023,TA(0.10),0.04534368100576103,0.10666666666666667,-3.022715600871359,0.9598799576783669,2.8868382531526056,1.0323961011187999,,,,,,,,
D8-K2par-sep_e10_r023,TA(0.15),0.04542655701516196,0.10666666666666667,2.8868382531526056,1.0323961011187999,-3.022715600871359,0.9598799576783669,,,,,,,,
D8-K2par-sep_e10_r023,TA(0.25),0.04692206098116003,0.10666666666666667,-3.022715600871359,0.9598799576783669,2.8868382531526056,1.0323961011187999,,,,,,,,
D8-K2par-sep_e10_r023,TA(0.40),0.04617232398595661,0.10666666666666667,2.8868382531526056,1.0323961011187999,-3.022715600871359,0.9598799576783669,,,,,,,,
D8-K2par-sep_e20_r023,adapt,0.047049329994479194,0.22333333333333333,-2.9085932211141605,0.9980701676493627,2.9844772172188363,1.0037837108791394,,,,,,,,
D8-K2par-sep_e20_r023,adaptX,0.05378152499906719,0.22333333333333333,-2.9085932211141605,0.9980701676493627,2.9844772172188363,1.0037837108791394,,,,,,,,
D8-K2par-sep_e20_r023,HA50,0.010354430007282645,,-2.7812578907943397,1.002110653422569,21.48626692265696,1.1296783012311187,,,,,,,,
D8-K2par-sep_e20_r023,TA(0.05),0.04829943901859224,0.10666666666666667,21.48626692265696,1.1296783012311187,-0.1019387545269906,1.0807007471330032,,,,,,,,
D8-K2par-sep_e20_r023,TA(0.10),0.04816282101091929,0.10666666666666667,21.48626692265696,1.1296783012311187,-0.1019387545269906,1.0807007471330032,,,,,,,,
D8-K2par-sep_e20_r023,TA(0.15),0.04824535100487992,0.11333333333333333,20.814780041372774,1.0481467107090845,-0.1019387545269906,1.0807007471330032,,,,,,,,
D8-K2par-sep_e20_r023,TA(0.25),0.04820757999550551,0.22333333333333333,2.9844772172188363,1.0037837108791394,-2.9085932211141605,0.9980701676493627,,,,,,,,
D8-K2par-sep_e20_r023,TA(0.40),0.047913958987919614,0.22333333333333333,-2.9085932211141605,0.9980701676493627,2.9844772172188363,1.0037837108791394,,,,,,,,
D8-K2par-sep_e30_r023,adapt,0.042143433005549014,0.3,2.978295805646446,0.9542165711426209,-3.013908744808678,1.0023479823633918,,,,,,,,
D8-K2par-sep_e30_r023,adaptX,0.047810121992370114,0.3,-3.013908744808678,1.0023479823633918,2.978295805646446,0.9542165711426209,,,,,,,,
D8-K2par-sep_e30_r023,HA50,0.009895443974528462,,3.650630828156777,-0.05161876638811582,-21.96972126076187,1.3188476709582855,,,,,,,,
D8-K2par-sep_e30_r023,TA(0.05),0.0444923359900713,0.14333333333333334,-21.96972126076187,1.3188476709582855,-0.19128868527618872,0.8001896875164624,,,,,,,,
D8-K2par-sep_e30_r023,TA(0.10),0.043232146999798715,0.14333333333333334,-21.96972126076187,1.3188476709582855,-0.19128868527618872,0.8001896875164624,,,,,,,,
D8-K2par-sep_e30_r023,TA(0.15),0.043570878013269976,0.14333333333333334,-0.19128868527618872,0.8001896875164624,-21.96972126076187,1.3188476709582855,,,,,,,,
D8-K2par-sep_e30_r023,TA(0.25),0.043108512996695936,0.17333333333333334,13.712442782412278,-3.502821457134894,-1.0116599619082098,0.30128665973926066,,,,,,,,
D8-K2par-sep_e30_r023,TA(0.40),0.043671504012309015,0.3,2.978295805646446,0.9542165711426209,-3.013908744808678,1.0023479823633918,,,,,,,,
D1-K2cross_e00_r024,adapt,0.04237617301987484,0.03333333333333333,0.14766748384315093,1.5549424244471077,-0.12009120979894553,-1.5102066387887194,,,,,,,,
D1-K2cross_e00_r024,adaptX,0.03464721399359405,0.03333333333333333,0.14766748384315093,1.5549424244471077,-0.12009120979894553,-1.5102066387887194,,,,,,,,
D1-K2cross_e00_r024,HA50,0.0053357699944172055,,0.15664971038749714,1.5346835287697091,-0.12258274472893267,-1.5047471707935964,,,,,,,,
D1-K2cross_e00_r024,TA(0.05),0.04335298098158091,0.03333333333333333,0.14766748384315093,1.5549424244471077,-0.12009120979894553,-1.5102066387887194,,,,,,,,
D1-K2cross_e00_r024,TA(0.10),0.04335744900163263,0.03333333333333333,-0.12009120979894553,-1.5102066387887194,0.14766748384315093,1.5549424244471077,,,,,,,,
D1-K2cross_e00_r024,TA(0.15),0.04335155102307908,0.03333333333333333,-0.12009120979894553,-1.5102066387887194,0.14766748384315093,1.5549424244471077,,,,,,,,
D1-K2cross_e00_r024,TA(0.25),0.04356688799452968,0.03333333333333333,0.18095829717989453,1.5454953315395432,-0.13174054782633057,-1.509277859078631,,,,,,,,
D1-K2cross_e00_r024,TA(0.40),0.04361543100094423,0.03333333333333333,0.16420934715691385,1.5537135098846624,-0.13174054782633057,-1.509277859078631,,,,,,,,
D1-K2cross_e05_r024,adapt,0.04879798801266588,0.06333333333333334,0.0475426705298008,1.4851382441958652,-0.02244830080239699,-1.4952367328472076,,,,,,,,
D1-K2cross_e05_r024,adaptX,0.05020119601977058,0.06333333333333334,0.05411671102063901,1.4753867195780355,-0.028584994622076206,-1.4946292528677374,,,,,,,,
D1-K2cross_e05_r024,HA50,0.009643077006330714,,-23.704974573355116,-0.16648958526502144,0.39607947919514597,0.2730537112780002,,,,,,,,
D1-K2cross_e05_r024,TA(0.05),0.05013685399899259,0.06333333333333334,-0.02244830080239699,-1.4952367328472076,0.0475426705298008,1.4851382441958652,,,,,,,,
D1-K2cross_e05_r024,TA(0.10),0.0502365909924265,0.06666666666666667,0.0741391707628556,1.4710386009676837,-0.025968976192990264,-1.4946773228027839,,,,,,,,
D1-K2cross_e05_r024,TA(0.15),0.05183450999902561,0.06666666666666667,0.0717228082860823,1.4709521448171547,-0.028584994622076206,-1.4946292528677374,,,,,,,,
D1-K2cross_e05_r024,TA(0.25),0.051613265997730196,0.06666666666666667,-0.028584994622076206,-1.4946292528677374,0.0717228082860823,1.4709521448171547,,,,,,,,
D1-K2cross_e05_r024,TA(0.40),0.051745959994150326,0.06,-0.006500940826737768,-1.4841057603141776,0.04819646970727722,1.4755500150240668,,,,,,,,
D1-K2cross_e10_r024,adapt,0.044834025989985093,0.13333333333333333,-0.012178583131742894,-1.485583106345709,0.09498511690609501,1.5055443058029887,,,,,,,,
D1-K2cross_e10_r024,adaptX,0.05372504401020706,0.13333333333333333,0.11823103499584584,1.4925402259871918,-0.012178583131742894,-1.485583106345709,,,,,,,,
D1-K2cross_e10_r024,HA50,0.009893514012219384,,-1.4684328392832946,0.2988958808562022,25.41723543914203,0.1798723818144921,,,,,,,,
D1-K2cross_e10_r024,TA(0.05),0.04570477901143022,0.05333333333333334,0.06042418537444666,0.060092201335399324,-24.55847037991077,-1.6320189509922107,,,,,,,,
D1-K2cross_e10_r024,TA(0.10),0.0459958290157374,0.12666666666666668,-0.07434286922313757,-1.5053666100618517,0.041259922680987486,1.5108288543879937,,,,,,,,
D1-K2cross_e10_r024,TA(0.15),0.04645360400900245,0.12666666666666668,0.003951649591570219,-1.491126644708691,0.09498511690609501,1.5055443058029887,,,,,,,,
D1-K2cross_e10_r024,TA(0.25),0.04704120400128886,0.12666666666666668,0.09498511690609501,1.5055443058029887,0.003951649591570219,-1.491126644708691,,,,,,,,
D1-K2cross_e10_r024,TA(0.40),0.04565348901087418,0.13333333333333333,-0.016949553414967355,-1.5059335092801693,0.07107405470516612,1.4693068819897563,,,,,,,,
D1-K2cross_e20_r024,adapt,0.04424883899628185,0.2,-0.043779527309078185,-1.6100802274787451,0.05972980870274129,1.5583872348788643,,,,,,,,
D1-K2cross_e20_r024,adaptX,0.05148659198312089,0.2,0.05972980870274129,1.5583872348788643,-0.043779527309078185,-1.6100802274787451,,,,,,,,
D1-K2cross_e20_r024,HA50,0.008399543992709368,,-2.4137647698941143,-0.46079904022026497,21.745998804508904,-0.7991220627943617,,,,,,,,
D1-K2cross_e20_r024,TA(0.05),0.04613835702184588,0.08333333333333333,21.745998804508904,-0.7991220627943617,-0.23161914578783857,-0.1457833892227495,,,,,,,,
D1-K2cross_e20_r024,TA(0.10),0.04474178599775769,0.08333333333333333,21.745998804508904,-0.7991220627943617,-0.23161914578783857,-0.1457833892227495,,,,,,,,
D1-K2cross_e20_r024,TA(0.15),0.045098742994014174,0.13666666666666666,-18.158702216496135,-4.708798242470529,0.22998485259662985,-0.5520494450138843,,,,,,,,
D1-K2cross_e20_r024,TA(0.25),0.04484174799290486,0.2,0.062023988711834614,1.5585104327073607,-0.04611231891613979,-1.6099715854417465,,,,,,,,
D1-K2cross_e20_r024,TA(0.40),0.04539312599808909,0.2,0.048521423604503594,1.5614319649887227,-0.06343839049133221,-1.6059440976365011,,,,,,,,
D1-K2cross_e30_r024,adapt,0.04594854800961912,0.3,-0.01342956519315177,1.557869283209477,0.08532771681531962,-1.5265996258803962,,,,,,,,
D1-K2cross_e30_r024,adaptX,0.05024037600378506,0.3,-0.01342956519315177,1.557869283209477,0.08532771681531962,-1.5265996258803962,,,,,,,,
D1-K2cross_e30_r024,HA50,0.008635735022835433,,-22.860603833509714,-0.02651366589599295,3.725427866387305,0.4742815096821856,,,,,,,,
D1-K2cross_e30_r024,TA(0.05),0.04727687398553826,0.13666666666666666,-22.860603833509714,-0.02651366589599295,0.09672937617715564,0.06026871491364327,,,,,,,,
D1-K2cross_e30_r024,TA(0.10),0.04825208301190287,0.13666666666666666,0.09672937617715564,0.06026871491364327,-22.860603833509714,-0.02651366589599295,,,,,,,,
D1-K2cross_e30_r024,TA(0.15),0.0468684840016067,0.13666666666666666,-22.860603833509714,-0.02651366589599295,0.09672937617715564,0.06026871491364327,,,,,,,,
D1-K2cross_e30_r024,TA(0.25),0.04721752798650414,0.13666666666666666,0.09672937617715564,0.06026871491364327,-22.860603833509714,-0.02651366589599295,,,,,,,,
D1-K2cross_e30_r024,TA(0.40),0.04723381201620214,0.3,0.08532771681531962,-1.5265996258803962,-0.01342956519315177,1.557869283209477,,,,,,,,
D2-K3par_e00_r024,adapt,0.19021044101100415,0.01,-3.0189842589803115,0.9716552581862343,-0.16475007522074103,0.9313336159370974,3.1574190066557697,0.9396826169259335,,,,,,
D2-K3par_e00_r024,adaptX,0.1399207919894252,0.01,-0.16475007522074103,0.9313336159370974,-3.0189842589803115,0.9716552581862343,3.1574190066557697,0.9396826169259335,,,,,,
D2-K3par_e00_r024,HA50,0.009066093974979594,,-3.0189842589803115,0.9716552581862343,3.2341080271283373,0.9431607965399939,-0.14734028037469346,0.9241054706822919,,,,,,
D2-K3par_e00_r024,TA(0.05),0.19091814299463294,0.016666666666666666,-0.1489499970909501,0.9201811608477796,3.1194576810791004,0.9349061711042823,-3.0020593830644837,0.9609185530597627,,,,,,
D2-K3par_e00_r024,TA(0.10),0.1928176479996182,0.013333333333333334,-0.16475007522074103,0.9313336159370974,-3.0189842589803115,0.9716552581862343,3.138196810590068,0.9370606286838424,,,,,,
D2-K3par_e00_r024,TA(0.15),0.1917500999988988,0.013333333333333334,-3.0518714171355996,0.9899820588119176,-0.19637992655429434,0.951139525116463,3.138196810590068,0.9370606286838424,,,,,,
D2-K3par_e00_r024,TA(0.25),0.19312803700449876,0.013333333333333334,-0.2126737801693238,0.9635373556195498,-3.0518714171355996,0.9899820588119176,3.0824916472227892,0.9679375640536956,,,,,,
D2-K3par_e00_r024,TA(0.40),0.19115027601947077,0.023333333333333334,-0.18335464903806553,0.7856349891727525,3.0623783596567975,0.8631358722898791,-3.016081542933101,0.8941323454287949,,,,,,
