design,eps,rep,unit,method,acc,perr,fail,ahat,time
E1-K2cross-n100,0.0,0,E1-K2cross-n100_e00_r000,CNmix,0.83,0.18494266337118875,False,0.14,0.3200607439994201
E1-K2cross-n100,0.1,0,E1-K2cross-n100_e10_r000,CNmix,0.9655172413793104,0.14377856459904925,False,0.14,0.3653408500003934
E1-K2cross-n100,0.2,0,E1-K2cross-n100_e20_r000,CNmix,0.9358974358974359,0.4856823682304965,False,0.22,0.537278160999449
E1-K2cross-n100,0.3,0,E1-K2cross-n100_e30_r000,CNmix,0.84375,0.32591229648012254,False,0.36,0.3605526060000557
E2-K2cross-n1000,0.0,0,E2-K2cross-n1000_e00_r000,CNmix,0.902,0.07305039277101466,False,0.0,0.6100778149993857
E2-K2cross-n1000,0.1,0,E2-K2cross-n1000_e10_r000,CNmix,0.9037610619469026,0.024386864218401527,False,0.096,1.7850289269999848
E2-K2cross-n1000,0.2,0,E2-K2cross-n1000_e20_r000,CNmix,0.911504424778761,0.04953420201537484,False,0.214,0.7955070640000486
E2-K2cross-n1000,0.3,0,E2-K2cross-n1000_e30_r000,CNmix,0.9085631349782293,0.03099632631152449,False,0.321,0.9190316829999574
E3-unequal-n1000,0.0,0,E3-unequal-n1000_e00_r000,CNmix,0.911,0.02897195945482381,False,0.002,1.7777222080003412
E3-unequal-n1000,0.1,0,E3-unequal-n1000_e10_r000,CNmix,0.9004424778761062,0.07297418488461616,False,0.099,1.0215199129997927
E3-unequal-n1000,0.2,0,E3-unequal-n1000_e20_r000,CNmix,0.9139650872817955,0.046053565052348366,False,0.203,0.7539603150007679
E3-unequal-n1000,0.3,0,E3-unequal-n1000_e30_r000,CNmix,0.9081632653061225,0.1277435815890635,False,0.328,1.0617231059995902
E4-K4par,0.0,0,E4-K4par_e00_r000,CNmix,0.975,0.23929268692394068,False,0.0,0.9020544330005578
E4-K4par,0.1,0,E4-K4par_e10_r000,CNmix,0.7331460674157303,212.5036392498951,False,0.1125,0.6380549539999265
E4-K4par,0.2,0,E4-K4par_e20_r000,CNmix,0.7129337539432177,7.28927686543714,False,0.1775,0.7501923179997902
E4-K4par,0.3,0,E4-K4par_e30_r000,CNmix,0.506578947368421,19.97622507648288,True,0.2125,0.6782149579994439
E5-p3corr,0.0,0,E5-p3corr_e00_r000,CNmix,0.9266666666666666,0.11371460524689092,False,0.0,0.40271937499983324
E5-p3corr,0.1,0,E5-p3corr_e10_r000,CNmix,0.9328358208955224,0.07007711710374886,False,0.10666666666666667,0.6475942019997092
E5-p3corr,0.2,0,E5-p3corr_e20_r000,CNmix,0.8709677419354839,0.21624666364275769,False,0.18333333333333332,0.586116186000254
E5-p3corr,0.3,0,E5-p3corr_e30_r000,CNmix,0.5047169811320755,26.063991699877914,True,0.19333333333333333,0.4093315039999652
E1-K2cross-n100,0.0,1,E1-K2cross-n100_e00_r001,CNmix,0.94,0.24726452448069297,False,0.13,0.33428032900064863
E1-K2cross-n100,0.1,1,E1-K2cross-n100_e10_r001,CNmix,0.9247311827956989,0.1020445532478822,False,0.07,0.3696310529994662
E1-K2cross-n100,0.2,1,E1-K2cross-n100_e20_r001,CNmix,0.8607594936708861,0.21016307144654425,False,0.21,0.6386563910000405
E1-K2cross-n100,0.3,1,E1-K2cross-n100_e30_r001,CNmix,0.890625,0.22645793665668643,False,0.36,0.32655361900015123
E2-K2cross-n1000,0.0,1,E2-K2cross-n1000_e00_r001,CNmix,0.931,0.07655702723059887,False,0.0,0.621937447000164
E2-K2cross-n1000,0.1,1,E2-K2cross-n1000_e10_r001,CNmix,0.9132821075740944,0.013402653296590551,False,0.091,0.747394512000028
E2-K2cross-n1000,0.2,1,E2-K2cross-n1000_e20_r001,CNmix,0.9022277227722773,0.04605140295225718,False,0.195,1.2654341220004426
E2-K2cross-n1000,0.3,1,E2-K2cross-n1000_e30_r001,CNmix,0.9123783031988874,0.08992394894590539,False,0.288,0.8501618810005311
E3-unequal-n1000,0.0,1,E3-unequal-n1000_e00_r001,CNmix,0.917,0.08810004251894298,False,0.0,0.7131251649998376
E3-unequal-n1000,0.1,1,E3-unequal-n1000_e10_r001,CNmix,0.8967032967032967,0.0791229782181254,False,0.091,0.6608053469999504
E3-unequal-n1000,0.2,1,E3-unequal-n1000_e20_r001,CNmix,0.9126092384519351,0.08171100415095278,False,0.207,0.9259237830001439
E3-unequal-n1000,0.3,1,E3-unequal-n1000_e30_r001,CNmix,0.8984485190409027,0.12344761612797976,False,0.303,0.8241199770000094
E4-K4par,0.0,1,E4-K4par_e00_r001,CNmix,0.6975,2.2612570694759926,True,0.0,1.1306302490002054
E4-K4par,0.1,1,E4-K4par_e10_r001,CNmix,0.7438692098092643,11.434878684237372,False,0.0725,0.7598576529999264
E4-K4par,0.2,1,E4-K4par_e20_r001,CNmix,0.5800604229607251,11.852361717904058,True,0.1425,0.911113645000114
E4-K4par,0.3,1,E4-K4par_e30_r001,CNmix,0.5472972972972973,33.61035643618894,True,0.2475,0.6579583480006477
E5-p3corr,0.0,1,E5-p3corr_e00_r001,CNmix,0.94,0.10074143582071737,False,0.0,0.32350926300023275
E5-p3corr,0.1,1,E5-p3corr_e10_r001,CNmix,0.9227941176470589,0.13209210328105825,False,0.09333333333333334,0.4987041650001629
E5-p3corr,0.2,1,E5-p3corr_e20_r001,CNmix,0.9227467811158798,0.19867179031050353,False,0.22333333333333333,0.8250061449998611
E5-p3corr,0.3,1,E5-p3corr_e30_r001,CNmix,0.5276381909547738,8.034398982020186,True,0.2733333333333333,0.41547966899997846
E1-K2cross-n100,0.0,2,E1-K2cross-n100_e00_r002,CNmix,0.93,0.3410022806394594,False,0.0,0.2852205440003672
E1-K2cross-n100,0.1,2,E1-K2cross-n100_e10_r002,CNmix,0.946236559139785,0.21289563561235264,False,0.07,0.4510383049992015
E1-K2cross-n100,0.2,2,E1-K2cross-n100_e20_r002,CNmix,0.9090909090909091,0.26409829678630303,False,0.23,0.36824642100054916
E1-K2cross-n100,0.3,2,E1-K2cross-n100_e30_r002,CNmix,0.9166666666666666,0.21949794694574054,False,0.28,0.3408796759995312
E2-K2cross-n1000,0.0,2,E2-K2cross-n1000_e00_r002,CNmix,0.918,0.05506924035102756,False,0.087,1.6477173859993854
E2-K2cross-n1000,0.1,2,E2-K2cross-n1000_e10_r002,CNmix,0.9141914191419142,0.069293382409128,False,0.093,0.8702156770004876
E2-K2cross-n1000,0.2,2,E2-K2cross-n1000_e20_r002,CNmix,0.9039408866995073,0.05499140609320323,False,0.194,1.1033587299998544
E2-K2cross-n1000,0.3,2,E2-K2cross-n1000_e30_r002,CNmix,0.8954802259887006,0.04933835446813079,False,0.307,0.8394330909995915
E3-unequal-n1000,0.0,2,E3-unequal-n1000_e00_r002,CNmix,0.911,0.03291958420567043,False,0.001,0.5736391579994233
E3-unequal-n1000,0.1,2,E3-unequal-n1000_e10_r002,CNmix,0.9116997792494481,0.04348682430680494,False,0.095,0.8955309430002671
E3-unequal-n1000,0.2,2,E3-unequal-n1000_e20_r002,CNmix,0.9152759948652118,0.04609223174828704,False,0.225,0.9287163600001804
E3-unequal-n1000,0.3,2,E3-unequal-n1000_e30_r002,CNmix,0.9150141643059491,0.04310130046790972,False,0.31,1.3337443450000137
E4-K4par,0.0,2,E4-K4par_e00_r002,CNmix,0.975,0.15775388283775005,False,0.0025,1.0284811499996067
E4-K4par,0.1,2,E4-K4par_e10_r002,CNmix,0.7780821917808219,1.5927253111201,False,0.09,1.4568131659998471
E4-K4par,0.2,2,E4-K4par_e20_r002,CNmix,0.7034700315457413,7.194039247733889,False,0.1975,0.6383963669995865
E4-K4par,0.3,2,E4-K4par_e30_r002,CNmix,0.5,16.492572606841247,True,0.0,0.6772787899999457
E5-p3corr,0.0,2,E5-p3corr_e00_r002,CNmix,0.88,0.07603315662295906,False,0.0,0.33925733999967633
E5-p3corr,0.1,2,E5-p3corr_e10_r002,CNmix,0.9063670411985019,0.06842497307600426,False,0.11333333333333333,0.3422432620000109
E5-p3corr,0.2,2,E5-p3corr_e20_r002,CNmix,0.8846153846153846,0.18330628958494524,False,0.22666666666666666,0.8595833990002575
E5-p3corr,0.3,2,E5-p3corr_e30_r002,CNmix,0.5235849056603774,24.935931346571518,True,0.17,0.37103982100052235
E1-K2cross-n100,0.0,3,E1-K2cross-n100_e00_r003,CNmix,0.92,0.14345686024513551,False,0.01,0.3556339009992371
E1-K2cross-n100,0.1,3,E1-K2cross-n100_e10_r003,CNmix,0.9036144578313253,0.1944154723847533,False,0.17,0.526799039999787
E1-K2cross-n100,0.2,3,E1-K2cross-n100_e20_r003,CNmix,0.9135802469135802,0.13833500051372175,False,0.19,0.38222644699999364
E1-K2cross-n100,0.3,3,E1-K2cross-n100_e30_r003,CNmix,0.9523809523809523,0.2748841735838605,False,0.38,0.337747825000406
E2-K2cross-n1000,0.0,3,E2-K2cross-n1000_e00_r003,CNmix,0.908,0.03352620633925252,False,0.002,0.8399422849997791
E2-K2cross-n1000,0.1,3,E2-K2cross-n1000_e10_r003,CNmix,0.9049723756906077,0.03877101304614583,False,0.099,1.0735397669996019
E2-K2cross-n1000,0.2,3,E2-K2cross-n1000_e20_r003,CNmix,0.9260651629072681,0.09187460802150332,False,0.212,0.8470784909995928
E2-K2cross-n1000,0.3,3,E2-K2cross-n1000_e30_r003,CNmix,0.9115942028985508,0.08184412922364807,False,0.325,0.9572323739994317
E3-unequal-n1000,0.0,3,E3-unequal-n1000_e00_r003,CNmix,0.905,0.10928297707847026,False,0.0,0.6497353869999642
E3-unequal-n1000,0.1,3,E3-unequal-n1000_e10_r003,CNmix,0.9054505005561735,0.14073415153328667,False,0.103,1.4971281239995733
E3-unequal-n1000,0.2,3,E3-unequal-n1000_e20_r003,CNmix,0.9239401496259352,0.07405887204510823,False,0.209,1.1701027290000638
E3-unequal-n1000,0.3,3,E3-unequal-n1000_e30_r003,CNmix,0.9088277858176556,0.15372182240770255,False,0.317,0.7830203949997667
E4-K4par,0.0,3,E4-K4par_e00_r003,CNmix,0.71,2.420727728894313,False,0.0,0.5781504199994743
E4-K4par,0.1,3,E4-K4par_e10_r003,CNmix,0.9521276595744681,0.21969477120488534,False,0.1475,1.4318264339999587
E4-K4par,0.2,3,E4-K4par_e20_r003,CNmix,0.7295597484276729,18.51154320859015,False,0.2025,0.6132827499995983
E4-K4par,0.3,3,E4-K4par_e30_r003,CNmix,0.3381818181818182,17.354867732688525,True,0.0,1.062782289000097
E5-p3corr,0.0,3,E5-p3corr_e00_r003,CNmix,0.9166666666666666,0.19032728019396547,False,0.0,0.36356332099967403
E5-p3corr,0.1,3,E5-p3corr_e10_r003,CNmix,0.9345454545454546,0.10768544954582582,False,0.08333333333333333,0.9399442300000374
E5-p3corr,0.2,3,E5-p3corr_e20_r003,CNmix,0.896,0.2169897216086958,False,0.18333333333333332,1.0823025169993343
E5-p3corr,0.3,3,E5-p3corr_e30_r003,CNmix,0.5714285714285714,13.030839634155145,True,0.25,0.4084780640005192
E1-K2cross-n100,0.0,4,E1-K2cross-n100_e00_r004,CNmix,0.88,0.10039668681578218,False,0.0,0.30252303700035554
E1-K2cross-n100,0.1,4,E1-K2cross-n100_e10_r004,CNmix,0.9680851063829787,0.15075582610585928,False,0.06,0.440355314000044
E1-K2cross-n100,0.2,4,E1-K2cross-n100_e20_r004,CNmix,0.9518072289156626,0.21566778919350743,False,0.17,0.38423326999964047
E1-K2cross-n100,0.3,4,E1-K2cross-n100_e30_r004,CNmix,0.9411764705882353,0.543238161948822,False,0.32,0.39086357799988036
E2-K2cross-n1000,0.0,4,E2-K2cross-n1000_e00_r004,CNmix,0.906,0.049679225361758166,False,0.0,0.6370059730006687
E2-K2cross-n1000,0.1,4,E2-K2cross-n1000_e10_r004,CNmix,0.9112359550561798,0.10350379037357992,False,0.112,0.7731768470002862
E2-K2cross-n1000,0.2,4,E2-K2cross-n1000_e20_r004,CNmix,0.8936708860759494,0.08007741063155249,False,0.221,0.8993910740000501
E2-K2cross-n1000,0.3,4,E2-K2cross-n1000_e30_r004,CNmix,0.9073033707865169,0.09814604157592038,False,0.298,0.7665593420006189
E3-unequal-n1000,0.0,4,E3-unequal-n1000_e00_r004,CNmix,0.904,0.06808463801094758,False,0.0,0.6245667249995677
E3-unequal-n1000,0.1,4,E3-unequal-n1000_e10_r004,CNmix,0.9120879120879121,0.11513315386060986,False,0.091,0.6618230710000716
E3-unequal-n1000,0.2,4,E3-unequal-n1000_e20_r004,CNmix,0.928927680798005,0.11090091896264762,False,0.203,0.7885755269999208
E3-unequal-n1000,0.3,4,E3-unequal-n1000_e30_r004,CNmix,0.9243085880640466,0.05482997112096329,False,0.329,0.6398882319999757
E4-K4par,0.0,4,E4-K4par_e00_r004,CNmix,0.9675,0.09031301242933631,False,0.005,1.0037728280003648
E4-K4par,0.1,4,E4-K4par_e10_r004,CNmix,0.5616438356164384,26.942852099069732,True,0.045,1.3970179360003385
E4-K4par,0.2,4,E4-K4par_e20_r004,CNmix,0.5613496932515337,8.037943096168025,True,0.16,0.6955134979998547
E4-K4par,0.3,4,E4-K4par_e30_r004,CNmix,0.5451263537906137,18.01238193053076,True,0.22,0.9419602450007005
E5-p3corr,0.0,4,E5-p3corr_e00_r004,CNmix,0.9066666666666666,0.05705070091741704,False,0.13,0.8455912610006635
E5-p3corr,0.1,4,E5-p3corr_e10_r004,CNmix,0.9360902255639098,0.1269978851286877,False,0.11666666666666667,0.40287497799999983
E5-p3corr,0.2,4,E5-p3corr_e20_r004,CNmix,0.9159663865546218,0.11815497923180018,False,0.20666666666666667,0.9046472600002744
E5-p3corr,0.3,4,E5-p3corr_e30_r004,CNmix,0.5142857142857142,22.07139551243313,True,0.24333333333333335,0.5088467939995098
E1-K2cross-n100,0.0,5,E1-K2cross-n100_e00_r005,CNmix,0.91,0.14498913008735914,False,0.04,0.43300900899976114
E1-K2cross-n100,0.1,5,E1-K2cross-n100_e10_r005,CNmix,0.9204545454545454,0.14434251821238908,False,0.12,0.32585313900017354
E1-K2cross-n100,0.2,5,E1-K2cross-n100_e20_r005,CNmix,0.9397590361445783,0.3921669830152722,False,0.17,0.5420569159996376
E1-K2cross-n100,0.3,5,E1-K2cross-n100_e30_r005,CNmix,0.9,0.2312083968076767,False,0.21,0.3291527330002282
E2-K2cross-n1000,0.0,5,E2-K2cross-n1000_e00_r005,CNmix,0.903,0.08032552122477926,False,0.001,0.8844692269994994
E2-K2cross-n1000,0.1,5,E2-K2cross-n1000_e10_r005,CNmix,0.9140022050716649,0.07998411743712819,False,0.095,1.0354869789998702
E2-K2cross-n1000,0.2,5,E2-K2cross-n1000_e20_r005,CNmix,0.8890258939580764,0.10821863543604311,False,0.198,1.6270572040002662
E2-K2cross-n1000,0.3,5,E2-K2cross-n1000_e30_r005,CNmix,0.9132290184921764,0.05173535674075014,False,0.311,0.8671903009999369
E3-unequal-n1000,0.0,5,E3-unequal-n1000_e00_r005,CNmix,0.902,0.03982196521499071,False,0.07,1.259149198999694
E3-unequal-n1000,0.1,5,E3-unequal-n1000_e10_r005,CNmix,0.9031531531531531,0.0943702625262868,False,0.116,1.1206645199999912
E3-unequal-n1000,0.2,5,E3-unequal-n1000_e20_r005,CNmix,0.8991389913899139,0.08399867245818769,False,0.2,0.9645504039999651
E3-unequal-n1000,0.3,5,E3-unequal-n1000_e30_r005,CNmix,0.9104046242774566,0.1316152815656091,False,0.319,0.9855337090002649
E4-K4par,0.0,5,E4-K4par_e00_r005,CNmix,0.7825,1.3053422907734151,False,0.0025,1.2003115499992418
E4-K4par,0.1,5,E4-K4par_e10_r005,CNmix,0.7257617728531855,107.38115678588578,False,0.095,0.7194833850007853
E4-K4par,0.2,5,E4-K4par_e20_r005,CNmix,0.9791044776119403,0.20915897018076546,False,0.17,1.630389560000367
E4-K4par,0.3,5,E4-K4par_e30_r005,CNmix,0.5068027210884354,21.024234357174944,True,0.18,0.7277412920002462
E5-p3corr,0.0,5,E5-p3corr_e00_r005,CNmix,0.9133333333333333,0.07683046291155593,False,0.0,0.34525587000007363
E5-p3corr,0.1,5,E5-p3corr_e10_r005,CNmix,0.9379562043795621,0.21361234356311742,False,0.09333333333333334,0.554177596000045
E5-p3corr,0.2,5,E5-p3corr_e20_r005,CNmix,0.9214876033057852,0.12481759903314948,False,0.19333333333333333,0.8565288549998513
E5-p3corr,0.3,5,E5-p3corr_e30_r005,CNmix,0.8591549295774648,0.23174951674664213,False,0.3,0.4880864019996807
E1-K2cross-n100,0.0,6,E1-K2cross-n100_e00_r006,CNmix,0.87,0.43667421929435285,False,0.19,0.43419231299958483
E1-K2cross-n100,0.1,6,E1-K2cross-n100_e10_r006,CNmix,0.925531914893617,0.15284326243013246,False,0.06,0.4398576690000482
E1-K2cross-n100,0.2,6,E1-K2cross-n100_e20_r006,CNmix,0.8860759493670886,0.24499989677178627,False,0.22,0.3816370989998177
E1-K2cross-n100,0.3,6,E1-K2cross-n100_e30_r006,CNmix,0.8529411764705882,0.16037486615265592,False,0.34,0.36181115499948646
E2-K2cross-n1000,0.0,6,E2-K2cross-n1000_e00_r006,CNmix,0.902,0.08124147734434804,False,0.0,0.5335190400001011
E2-K2cross-n1000,0.1,6,E2-K2cross-n1000_e10_r006,CNmix,0.9064587973273942,0.052481189724936456,False,0.105,0.6079862549995596
E2-K2cross-n1000,0.2,6,E2-K2cross-n1000_e20_r006,CNmix,0.9181585677749361,0.11928342759812673,False,0.23,1.4455819619997783
E2-K2cross-n1000,0.3,6,E2-K2cross-n1000_e30_r006,CNmix,0.9019908116385911,0.1347022336145371,False,0.369,0.735238649999701
E3-unequal-n1000,0.0,6,E3-unequal-n1000_e00_r006,CNmix,0.913,0.038642405045555314,False,0.0,0.6528329530001429
E3-unequal-n1000,0.1,6,E3-unequal-n1000_e10_r006,CNmix,0.9108910891089109,0.05952986108967704,False,0.092,0.8010884659997828
E3-unequal-n1000,0.2,6,E3-unequal-n1000_e20_r006,CNmix,0.9183417085427136,0.0858364990112108,False,0.21,0.6887270580000404
E3-unequal-n1000,0.3,6,E3-unequal-n1000_e30_r006,CNmix,0.9175675675675675,0.04396574757368714,False,0.268,0.6565571840001212
E4-K4par,0.0,6,E4-K4par_e00_r006,CNmix,0.9725,0.1448930891273097,False,0.0,0.9372870869992767
E4-K4par,0.1,6,E4-K4par_e10_r006,CNmix,0.5184135977337111,12.549490157798198,True,0.08,1.5202924280001753
E4-K4par,0.2,6,E4-K4par_e20_r006,CNmix,0.6170886075949367,17.97615590639967,True,0.21,1.6875339790003636
E4-K4par,0.3,6,E4-K4par_e30_r006,CNmix,0.5733788395904437,18.357292240078735,True,0.075,1.214648484999998
E5-p3corr,0.0,6,E5-p3corr_e00_r006,CNmix,0.92,0.16468433005825378,False,0.09,0.9058228159992723
E5-p3corr,0.1,6,E5-p3corr_e10_r006,CNmix,0.9433962264150944,0.1402444589043412,False,0.11666666666666667,0.518983629000104
E5-p3corr,0.2,6,E5-p3corr_e20_r006,CNmix,0.9375,0.18869695737480935,False,0.20666666666666667,0.5578771020000204
E5-p3corr,0.3,6,E5-p3corr_e30_r006,CNmix,0.565,17.769707461049844,True,0.3,0.3873026609999215
E1-K2cross-n100,0.0,7,E1-K2cross-n100_e00_r007,CNmix,0.95,0.07691101831653173,False,0.0,0.3387431459996151
E1-K2cross-n100,0.1,7,E1-K2cross-n100_e10_r007,CNmix,0.9418604651162791,0.0785604749881416,False,0.14,0.37126206399989314
E1-K2cross-n100,0.2,7,E1-K2cross-n100_e20_r007,CNmix,0.9285714285714286,0.2971221383390997,False,0.17,0.3715178430002197
E1-K2cross-n100,0.3,7,E1-K2cross-n100_e30_r007,CNmix,0.9166666666666666,0.2829535511202035,False,0.3,0.45710796999992453
E2-K2cross-n1000,0.0,7,E2-K2cross-n1000_e00_r007,CNmix,0.9,0.07837515237827389,False,0.126,1.119441182000628
E2-K2cross-n1000,0.1,7,E2-K2cross-n1000_e10_r007,CNmix,0.9106334841628959,0.07035058232356915,False,0.119,0.7522018540003046
E2-K2cross-n1000,0.2,7,E2-K2cross-n1000_e20_r007,CNmix,0.8906633906633906,0.049353969161452405,False,0.193,1.2870886649998283
E2-K2cross-n1000,0.3,7,E2-K2cross-n1000_e30_r007,CNmix,0.9194444444444444,0.07186748720298228,False,0.298,0.9886283140003798
E3-unequal-n1000,0.0,7,E3-unequal-n1000_e00_r007,CNmix,0.91,0.03266695514190432,False,0.065,0.8218842050000603
E3-unequal-n1000,0.1,7,E3-unequal-n1000_e10_r007,CNmix,0.9121844127332601,0.05113193425912472,False,0.091,0.8871892070001195
E3-unequal-n1000,0.2,7,E3-unequal-n1000_e20_r007,CNmix,0.9230769230769231,0.04880715046325543,False,0.218,0.8142263810004806
E3-unequal-n1000,0.3,7,E3-unequal-n1000_e30_r007,CNmix,0.9155124653739612,0.03389930586741564,False,0.293,0.5696013140004652
E4-K4par,0.0,7,E4-K4par_e00_r007,CNmix,0.75,2.0647502472395107,False,0.0,1.513193651999245
E4-K4par,0.1,7,E4-K4par_e10_r007,CNmix,0.9526462395543176,0.5176095425076024,False,0.1825,1.286298429999988
E4-K4par,0.2,7,E4-K4par_e20_r007,CNmix,0.5181818181818182,18.06989516555259,True,0.0775,0.9220868789998349
E4-K4par,0.3,7,E4-K4par_e30_r007,CNmix,0.3087719298245614,17.849758765895572,True,0.0,0.6851495060000161
E5-p3corr,0.0,7,E5-p3corr_e00_r007,CNmix,0.91,0.13624159093604232,False,0.0,0.4233601690002615
E5-p3corr,0.1,7,E5-p3corr_e10_r007,CNmix,0.9323843416370107,0.11690449374774103,False,0.06333333333333334,0.6444048569992447
E5-p3corr,0.2,7,E5-p3corr_e20_r007,CNmix,0.9186991869918699,0.18644081790207023,False,0.18333333333333332,0.35084131000076013
E5-p3corr,0.3,7,E5-p3corr_e30_r007,CNmix,0.502262443438914,10.939224177814282,True,0.23,0.30941022199931467
E1-K2cross-n100,0.0,8,E1-K2cross-n100_e00_r008,CNmix,0.88,0.21474746084603802,False,0.0,0.3274570149997089
E1-K2cross-n100,0.1,8,E1-K2cross-n100_e10_r008,CNmix,0.8936170212765957,0.2828131486980316,False,0.06,0.4949681119996967
E1-K2cross-n100,0.2,8,E1-K2cross-n100_e20_r008,CNmix,0.875,0.20996794873052216,False,0.21,0.5284863380002207
E1-K2cross-n100,0.3,8,E1-K2cross-n100_e30_r008,CNmix,0.8472222222222222,0.2366613415859995,False,0.28,0.43187121099981596
E2-K2cross-n1000,0.0,8,E2-K2cross-n1000_e00_r008,CNmix,0.902,0.04728660725946608,False,0.0,0.6810794329994678
E2-K2cross-n1000,0.1,8,E2-K2cross-n1000_e10_r008,CNmix,0.9017660044150111,0.05538259840743297,False,0.098,0.6961975900003381
E2-K2cross-n1000,0.2,8,E2-K2cross-n1000_e20_r008,CNmix,0.9236641221374046,0.04949890202103727,False,0.222,0.7393529500004661
E2-K2cross-n1000,0.3,8,E2-K2cross-n1000_e30_r008,CNmix,0.8994334277620396,0.03327220982621948,False,0.309,0.4768330650003918
E3-unequal-n1000,0.0,8,E3-unequal-n1000_e00_r008,CNmix,0.912,0.21755305722351553,False,0.0,0.4102876529996138
E3-unequal-n1000,0.1,8,E3-unequal-n1000_e10_r008,CNmix,0.9155701754385965,0.029577796481814772,False,0.093,0.690853798999342
E3-unequal-n1000,0.2,8,E3-unequal-n1000_e20_r008,CNmix,0.9032258064516129,0.09191622396515545,False,0.201,0.5106522660007613
E3-unequal-n1000,0.3,8,E3-unequal-n1000_e30_r008,CNmix,0.9291666666666667,0.027444688139263037,False,0.295,0.5595661730003485
E4-K4par,0.0,8,E4-K4par_e00_r008,CNmix,0.6725,4.2277089410314765,True,0.0,0.4403118230002292
E4-K4par,0.1,8,E4-K4par_e10_r008,CNmix,0.7050561797752809,19.182826136183692,False,0.09,0.44441156099946966
E4-K4par,0.2,8,E4-K4par_e20_r008,CNmix,0.7210031347962382,8.560390968674369,False,0.19,0.46069096799965337
E4-K4par,0.3,8,E4-K4par_e30_r008,CNmix,0.2640845070422535,508.65499659691625,True,0.0,0.40562237500034826
E5-p3corr,0.0,8,E5-p3corr_e00_r008,CNmix,0.92,0.14836431934315608,False,0.14,0.47874176500044996
E5-p3corr,0.1,8,E5-p3corr_e10_r008,CNmix,0.9191176470588235,0.07936750358624656,False,0.09333333333333334,0.4159507089998442
E5-p3corr,0.2,8,E5-p3corr_e20_r008,CNmix,0.9041666666666667,0.1267120702992206,False,0.20333333333333334,0.6492115999999442
E5-p3corr,0.3,8,E5-p3corr_e30_r008,CNmix,0.5025125628140703,23.046840022733246,True,0.2833333333333333,0.3162123229994904
E1-K2cross-n100,0.0,9,E1-K2cross-n100_e00_r009,CNmix,0.91,0.12675726114261474,False,0.01,0.1928647650001949
E1-K2cross-n100,0.1,9,E1-K2cross-n100_e10_r009,CNmix,0.945054945054945,0.13064431861334422,False,0.09,0.23146351700052037
E1-K2cross-n100,0.2,9,E1-K2cross-n100_e20_r009,CNmix,0.9367088607594937,0.21476370026338004,False,0.21,0.437839473999702
E1-K2cross-n100,0.3,9,E1-K2cross-n100_e30_r009,CNmix,0.875,0.33520842608825774,False,0.37,0.26437598499978776
E2-K2cross-n1000,0.0,9,E2-K2cross-n1000_e00_r009,CNmix,0.926,0.09885933655571456,False,0.0,0.3524009050006498
E2-K2cross-n1000,0.1,9,E2-K2cross-n1000_e10_r009,CNmix,0.9048672566371682,0.07506331874361849,False,0.097,0.32918442099980894
E2-K2cross-n1000,0.2,9,E2-K2cross-n1000_e20_r009,CNmix,0.8972772277227723,0.061500621686509195,False,0.197,0.47939475499970285
E2-K2cross-n1000,0.3,9,E2-K2cross-n1000_e30_r009,CNmix,0.9106382978723404,0.11945181968855835,False,0.317,0.6425608139998076
E3-unequal-n1000,0.0,9,E3-unequal-n1000_e00_r009,CNmix,0.907,0.01888756490987731,False,0.0,0.38915420200009976
E3-unequal-n1000,0.1,9,E3-unequal-n1000_e10_r009,CNmix,0.8990011098779135,0.07870618446036638,False,0.105,0.6020574619997205
E3-unequal-n1000,0.2,9,E3-unequal-n1000_e20_r009,CNmix,0.9051094890510949,0.03368554338576499,False,0.185,0.43699651899987657
E3-unequal-n1000,0.3,9,E3-unequal-n1000_e30_r009,CNmix,0.9049645390070922,0.1296620833010489,False,0.31,0.4802047760003916
E4-K4par,0.0,9,E4-K4par_e00_r009,CNmix,0.675,18.44201128812322,True,0.0,0.5187940120003987
E4-K4par,0.1,9,E4-K4par_e10_r009,CNmix,0.7640449438202247,17.802335624811782,False,0.0775,0.4309542639994106
E4-K4par,0.2,9,E4-K4par_e20_r009,CNmix,0.677115987460815,4.024275427531683,True,0.2025,0.5716211919998386
E4-K4par,0.3,9,E4-K4par_e30_r009,CNmix,0.4945054945054945,17.673103779146135,True,0.05,0.5289014219997625
E5-p3corr,0.0,9,E5-p3corr_e00_r009,CNmix,0.9,0.11423974192028746,False,0.13,0.35163998499956506
E5-p3corr,0.1,9,E5-p3corr_e10_r009,CNmix,0.9325842696629213,0.09474965764637305,False,0.11,0.3153878219991384
E5-p3corr,0.2,9,E5-p3corr_e20_r009,CNmix,0.8906882591093117,0.2655262326821018,False,0.18,0.4200337590000345
E5-p3corr,0.3,9,E5-p3corr_e30_r009,CNmix,0.9121951219512195,0.1875759889812203,False,0.3566666666666667,0.43413481900006445
E1-K2cross-n100,0.0,10,E1-K2cross-n100_e00_r010,CNmix,0.91,0.14727396856730768,False,0.16,0.1914114459996199
E1-K2cross-n100,0.1,10,E1-K2cross-n100_e10_r010,CNmix,0.945054945054945,0.08303365002431543,False,0.09,0.25277734700011933
E1-K2cross-n100,0.2,10,E1-K2cross-n100_e20_r010,CNmix,0.8705882352941177,0.0896545440771706,False,0.16,0.29732892800075206
E1-K2cross-n100,0.3,10,E1-K2cross-n100_e30_r010,CNmix,0.9375,0.16509599308997586,False,0.37,0.2879184789999272
E2-K2cross-n1000,0.0,10,E2-K2cross-n1000_e00_r010,CNmix,0.911,0.06403179796226888,False,0.002,0.4924841030006064
E2-K2cross-n1000,0.1,10,E2-K2cross-n1000_e10_r010,CNmix,0.9190371991247265,0.08795265456961676,False,0.09,0.5502674049994312
E2-K2cross-n1000,0.2,10,E2-K2cross-n1000_e20_r010,CNmix,0.9192546583850931,0.07061392869037689,False,0.202,0.6656456999999136
E2-K2cross-n1000,0.3,10,E2-K2cross-n1000_e30_r010,CNmix,0.9022988505747126,0.06213378073288306,False,0.311,0.4761530549994859
E3-unequal-n1000,0.0,10,E3-unequal-n1000_e00_r010,CNmix,0.918,0.07179790018419774,False,0.005,1.0179608859998552
E3-unequal-n1000,0.1,10,E3-unequal-n1000_e10_r010,CNmix,0.8986636971046771,0.029066040159858315,False,0.105,0.5673337160005758
E3-unequal-n1000,0.2,10,E3-unequal-n1000_e20_r010,CNmix,0.916256157635468,0.1452195053354097,False,0.203,0.490956241999811
E3-unequal-n1000,0.3,10,E3-unequal-n1000_e30_r010,CNmix,0.9223433242506812,0.0991697221747585,False,0.273,0.5139403379998839
E4-K4par,0.0,10,E4-K4par_e00_r010,CNmix,0.72,8.408177866532004,False,0.0,0.8549872699995831
E4-K4par,0.1,10,E4-K4par_e10_r010,CNmix,0.7110481586402266,5.020168596649629,False,0.1075,1.0443502010002703
E4-K4par,0.2,10,E4-K4par_e20_r010,CNmix,0.5379746835443038,22.967381565690623,True,0.13,0.5213750710008753
E4-K4par,0.3,10,E4-K4par_e30_r010,CNmix,0.3248175182481752,17.176897564409856,True,0.0,0.4670161089998146
E5-p3corr,0.0,10,E5-p3corr_e00_r010,CNmix,0.9433333333333334,0.08882691631266137,False,0.0,0.23834011600047234
E5-p3corr,0.1,10,E5-p3corr_e10_r010,CNmix,0.9007352941176471,0.1720812148797139,False,0.09666666666666666,0.28077259299971047
E5-p3corr,0.2,10,E5-p3corr_e20_r010,CNmix,0.9142857142857143,0.18149616380110767,False,0.19333333333333333,0.34741439299978083
E5-p3corr,0.3,10,E5-p3corr_e30_r010,CNmix,0.8857142857142857,0.13374746631649637,False,0.31333333333333335,0.3539461870004743
E1-K2cross-n100,0.0,11,E1-K2cross-n100_e00_r011,CNmix,0.9,0.17018297590062487,False,0.14,0.27474755000002915
E1-K2cross-n100,0.1,11,E1-K2cross-n100_e10_r011,CNmix,0.8888888888888888,0.2196330504602033,False,0.11,0.46547841700066783
E1-K2cross-n100,0.2,11,E1-K2cross-n100_e20_r011,CNmix,0.9240506329113924,0.2989635318858611,False,0.22,0.26677827999992587
E1-K2cross-n100,0.3,11,E1-K2cross-n100_e30_r011,CNmix,0.9428571428571428,0.31750290922939994,False,0.3,0.2690589129997534
E2-K2cross-n1000,0.0,11,E2-K2cross-n1000_e00_r011,CNmix,0.905,0.0315184841611571,False,0.013,0.5602397160000692
E2-K2cross-n1000,0.1,11,E2-K2cross-n1000_e10_r011,CNmix,0.9193020719738277,0.015716418637895975,False,0.086,0.41510788699997647
E2-K2cross-n1000,0.2,11,E2-K2cross-n1000_e20_r011,CNmix,0.9259708737864077,0.07851581280811877,False,0.179,0.45154365799953666
E2-K2cross-n1000,0.3,11,E2-K2cross-n1000_e30_r011,CNmix,0.902332361516035,0.08249735135176729,False,0.33,0.4731729760005692
E3-unequal-n1000,0.0,11,E3-unequal-n1000_e00_r011,CNmix,0.91,0.03112012436577423,False,0.0,0.43878222100011044
E3-unequal-n1000,0.1,11,E3-unequal-n1000_e10_r011,CNmix,0.9215469613259668,0.03228106978576695,False,0.1,0.6593570650002221
E3-unequal-n1000,0.2,11,E3-unequal-n1000_e20_r011,CNmix,0.9045226130653267,0.0816021737826782,False,0.213,0.5900126040005489
E3-unequal-n1000,0.3,11,E3-unequal-n1000_e30_r011,CNmix,0.9011142061281338,0.06470535322281985,False,0.3,0.5721829479998632
E4-K4par,0.0,11,E4-K4par_e00_r011,CNmix,0.9625,0.1506350491893942,False,0.0,0.4556908479999038
E4-K4par,0.1,11,E4-K4par_e10_r011,CNmix,0.7277777777777777,2.2232474440420393,False,0.1,1.005397085000368
E4-K4par,0.2,11,E4-K4par_e20_r011,CNmix,0.5182926829268293,18.741141878582923,True,0.055,0.6034339679999903
E4-K4par,0.3,11,E4-K4par_e30_r011,CNmix,0.7025089605734767,17.19723068607531,False,0.26,0.4778746639995006
E5-p3corr,0.0,11,E5-p3corr_e00_r011,CNmix,0.8966666666666666,0.15650116807975653,False,0.0,0.2445306099998561
E5-p3corr,0.1,11,E5-p3corr_e10_r011,CNmix,0.9176029962546817,0.07005346338602986,False,0.11,0.28615746600007697
E5-p3corr,0.2,11,E5-p3corr_e20_r011,CNmix,0.9043478260869565,0.13882360934436944,False,0.24333333333333335,0.37197858699983044
E5-p3corr,0.3,11,E5-p3corr_e30_r011,CNmix,0.5185185185185185,21.76396248712934,True,0.13666666666666666,0.2495905510004377
E1-K2cross-n100,0.0,12,E1-K2cross-n100_e00_r012,CNmix,0.88,0.1616639850867705,False,0.09,0.21665301400025783
E1-K2cross-n100,0.1,12,E1-K2cross-n100_e10_r012,CNmix,0.9438202247191011,0.13267201348755234,False,0.11,0.19458147000023018
E1-K2cross-n100,0.2,12,E1-K2cross-n100_e20_r012,CNmix,0.9113924050632911,0.27281055535979615,False,0.22,0.28647313000055874
E1-K2cross-n100,0.3,12,E1-K2cross-n100_e30_r012,CNmix,0.9452054794520548,0.2027051803469085,False,0.27,0.2993940059996021
E2-K2cross-n1000,0.0,12,E2-K2cross-n1000_e00_r012,CNmix,0.913,0.06499403671060233,False,0.002,0.9484098820003055
E2-K2cross-n1000,0.1,12,E2-K2cross-n1000_e10_r012,CNmix,0.9119286510590858,0.06129745246108409,False,0.106,0.5817902830003732
E2-K2cross-n1000,0.2,12,E2-K2cross-n1000_e20_r012,CNmix,0.9022842639593909,0.03609933978526336,False,0.216,0.6620182280003064
E2-K2cross-n1000,0.3,12,E2-K2cross-n1000_e30_r012,CNmix,0.9015471167369902,0.08570189821142882,False,0.297,0.8355573610006104
E3-unequal-n1000,0.0,12,E3-unequal-n1000_e00_r012,CNmix,0.92,0.07288321251811718,False,0.003,1.3844491669997296
E3-unequal-n1000,0.1,12,E3-unequal-n1000_e10_r012,CNmix,0.912472647702407,0.11780202874062584,False,0.087,0.6757652229998712
E3-unequal-n1000,0.2,12,E3-unequal-n1000_e20_r012,CNmix,0.9044025157232705,0.030902833359278528,False,0.211,0.6701996780002446
E3-unequal-n1000,0.3,12,E3-unequal-n1000_e30_r012,CNmix,0.9076479076479076,0.051157503025404706,False,0.318,0.35844832999919163
E4-K4par,0.0,12,E4-K4par_e00_r012,CNmix,0.7075,2.71630817554644,False,0.0825,0.5430687280004349
E4-K4par,0.1,12,E4-K4par_e10_r012,CNmix,0.9403409090909091,0.575897158592684,False,0.12,0.943751785999666
E4-K4par,0.2,12,E4-K4par_e20_r012,CNmix,0.7540453074433657,37.74666516749007,False,0.235,0.45549001800009137
E4-K4par,0.3,12,E4-K4par_e30_r012,CNmix,0.5946969696969697,17.41822947983779,True,0.0,0.9057597290002377
E5-p3corr,0.0,12,E5-p3corr_e00_r012,CNmix,0.8733333333333333,0.21803755057815763,False,0.0,0.20991073899949697
E5-p3corr,0.1,12,E5-p3corr_e10_r012,CNmix,0.915129151291513,0.11287756566654805,False,0.09666666666666666,0.23736213400025008
E5-p3corr,0.2,12,E5-p3corr_e20_r012,CNmix,0.8739495798319328,0.11049854349353483,False,0.21,0.5532126699999935
E5-p3corr,0.3,12,E5-p3corr_e30_r012,CNmix,0.9226804123711341,0.07190377497866092,False,0.38,0.23146378099954745
E1-K2cross-n100,0.0,13,E1-K2cross-n100_e00_r013,CNmix,0.9,0.20340110465470795,False,0.01,0.28425339000023087
E1-K2cross-n100,0.1,13,E1-K2cross-n100_e10_r013,CNmix,0.9325842696629213,0.20374351795472231,False,0.11,0.23114266299944575
E1-K2cross-n100,0.2,13,E1-K2cross-n100_e20_r013,CNmix,0.8765432098765432,0.1990306084769152,False,0.19,0.24091108400079975
E1-K2cross-n100,0.3,13,E1-K2cross-n100_e30_r013,CNmix,0.821917808219178,0.1470186077474117,False,0.28,0.5952519029997347
E2-K2cross-n1000,0.0,13,E2-K2cross-n1000_e00_r013,CNmix,0.917,0.04243769553172364,False,0.0,0.5362453110001297
E2-K2cross-n1000,0.1,13,E2-K2cross-n1000_e10_r013,CNmix,0.9114064230343301,0.11749387449212102,False,0.099,0.4857033329999467
E2-K2cross-n1000,0.2,13,E2-K2cross-n1000_e20_r013,CNmix,0.9151061173533084,0.030278248074864518,False,0.209,0.7628708579995873
E2-K2cross-n1000,0.3,13,E2-K2cross-n1000_e30_r013,CNmix,0.9053857350800583,0.11351558377286589,False,0.325,0.8085553869996147
E3-unequal-n1000,0.0,13,E3-unequal-n1000_e00_r013,CNmix,0.916,0.08709539836839233,False,0.014,1.0563486359997114
E3-unequal-n1000,0.1,13,E3-unequal-n1000_e10_r013,CNmix,0.9175027870680045,0.08349465064120465,False,0.104,0.6052523810003549
E3-unequal-n1000,0.2,13,E3-unequal-n1000_e20_r013,CNmix,0.9100126742712294,0.17430225871511223,False,0.22,0.46170676499968977
E3-unequal-n1000,0.3,13,E3-unequal-n1000_e30_r013,CNmix,0.9110787172011662,0.09693476690886349,False,0.328,0.4432551190002414
E4-K4par,0.0,13,E4-K4par_e00_r013,CNmix,0.9725,0.17747802565920456,False,0.07,0.8852442739998878
E4-K4par,0.1,13,E4-K4par_e10_r013,CNmix,0.776536312849162,123.95776239353305,False,0.1875,0.5771572739995463
E4-K4par,0.2,13,E4-K4par_e20_r013,CNmix,0.7252396166134185,9.128129724106214,False,0.2075,0.5892150030003904
E4-K4par,0.3,13,E4-K4par_e30_r013,CNmix,0.33941605839416056,16.807605763076843,True,0.0,0.40707603200007725
E5-p3corr,0.0,13,E5-p3corr_e00_r013,CNmix,0.8733333333333333,0.1523099629010133,False,0.0,0.21176057899992884
E5-p3corr,0.1,13,E5-p3corr_e10_r013,CNmix,0.9236363636363636,0.21443122268069703,False,0.08666666666666667,0.2332206410001163
E5-p3corr,0.2,13,E5-p3corr_e20_r013,CNmix,0.927710843373494,0.1079199865783769,False,0.17,0.25966984200022125
E5-p3corr,0.3,13,E5-p3corr_e30_r013,CNmix,0.8908296943231441,0.16352550176064717,False,0.24,0.1395866640004897
E1-K2cross-n100,0.0,14,E1-K2cross-n100_e00_r014,CNmix,0.93,0.1553848522493387,False,0.0,0.16241378099948633
E1-K2cross-n100,0.1,14,E1-K2cross-n100_e10_r014,CNmix,0.978494623655914,0.05970954439922829,False,0.1,0.1398187679997136
E1-K2cross-n100,0.2,14,E1-K2cross-n100_e20_r014,CNmix,0.8846153846153846,0.5759923590829322,False,0.23,0.3653974590006328
E1-K2cross-n100,0.3,14,E1-K2cross-n100_e30_r014,CNmix,0.9305555555555556,0.31304017599672723,False,0.31,0.24981896200006304
E2-K2cross-n1000,0.0,14,E2-K2cross-n1000_e00_r014,CNmix,0.919,0.017282253551375915,False,0.0,0.3510484930002349
E2-K2cross-n1000,0.1,14,E2-K2cross-n1000_e10_r014,CNmix,0.920935412026726,0.13374558546296528,False,0.107,0.4468485639999926
E2-K2cross-n1000,0.2,14,E2-K2cross-n1000_e20_r014,CNmix,0.9278350515463918,0.058837900972170454,False,0.233,0.5700625899999068
E2-K2cross-n1000,0.3,14,E2-K2cross-n1000_e30_r014,CNmix,0.9022662889518414,0.07072696143737912,False,0.305,0.40946490399983304
E3-unequal-n1000,0.0,14,E3-unequal-n1000_e00_r014,CNmix,0.922,0.04918086076889194,False,0.001,0.3941648609998083
E3-unequal-n1000,0.1,14,E3-unequal-n1000_e10_r014,CNmix,0.9065628476084538,0.07182848573791335,False,0.104,0.3962614049996773
E3-unequal-n1000,0.2,14,E3-unequal-n1000_e20_r014,CNmix,0.9083969465648855,0.05585685417962438,False,0.219,0.548524284999985
E3-unequal-n1000,0.3,14,E3-unequal-n1000_e30_r014,CNmix,0.9225251076040172,0.056140306746710104,False,0.313,0.7767132979997768
E4-K4par,0.0,14,E4-K4par_e00_r014,CNmix,0.7925,2.4966394083743566,False,0.0,0.4173715889992309
E4-K4par,0.1,14,E4-K4par_e10_r014,CNmix,0.7275280898876404,7.8860680481855,False,0.1025,0.464503010000044
E4-K4par,0.2,14,E4-K4par_e20_r014,CNmix,0.5401234567901234,23.362751465088692,True,0.1275,0.5190955269999904
E4-K4par,0.3,14,E4-K4par_e30_r014,CNmix,0.5212765957446809,16.939349770092658,True,0.0,0.5407481930005815
E5-p3corr,0.0,14,E5-p3corr_e00_r014,CNmix,0.9033333333333333,0.10827309679205621,False,0.0,0.2744089210000311
E5-p3corr,0.1,14,E5-p3corr_e10_r014,CNmix,0.9169811320754717,0.11305729431351419,False,0.12,0.26869731699935073
E5-p3corr,0.2,14,E5-p3corr_e20_r014,CNmix,0.9079497907949791,0.18329989977521138,False,0.21666666666666667,0.3557847629999742
E5-p3corr,0.3,14,E5-p3corr_e30_r014,CNmix,0.8790697674418605,0.08585487103174216,False,0.2966666666666667,0.43984206300046935
E1-K2cross-n100,0.0,15,E1-K2cross-n100_e00_r015,CNmix,0.9,0.12231712260009706,False,0.12,0.22242818999984593
E1-K2cross-n100,0.1,15,E1-K2cross-n100_e10_r015,CNmix,0.9090909090909091,0.09475202002091399,False,0.12,0.314851121999709
E1-K2cross-n100,0.2,15,E1-K2cross-n100_e20_r015,CNmix,0.9125,0.1960998094566129,False,0.21,0.36793972900068184
E1-K2cross-n100,0.3,15,E1-K2cross-n100_e30_r015,CNmix,0.9436619718309859,0.10604257815186702,False,0.33,0.1198615109997263
E2-K2cross-n1000,0.0,15,E2-K2cross-n1000_e00_r015,CNmix,0.892,0.061799217241168124,False,0.0,0.3023791859995981
E2-K2cross-n1000,0.1,15,E2-K2cross-n1000_e10_r015,CNmix,0.9083798882681564,0.06128429229300947,False,0.106,0.4365407490004145
E2-K2cross-n1000,0.2,15,E2-K2cross-n1000_e20_r015,CNmix,0.902676399026764,0.06894505975536627,False,0.181,0.4854114750005465
E2-K2cross-n1000,0.3,15,E2-K2cross-n1000_e30_r015,CNmix,0.922962962962963,0.07339286577605394,False,0.338,0.48953033599991613
E3-unequal-n1000,0.0,15,E3-unequal-n1000_e00_r015,CNmix,0.904,0.058061863454863825,False,0.006,0.9318315579994305
E3-unequal-n1000,0.1,15,E3-unequal-n1000_e10_r015,CNmix,0.9307692307692308,0.07546258426982785,False,0.09,0.3924761500002205
E3-unequal-n1000,0.2,15,E3-unequal-n1000_e20_r015,CNmix,0.9216417910447762,0.05740056665847458,False,0.204,0.48580075499921804
E3-unequal-n1000,0.3,15,E3-unequal-n1000_e30_r015,CNmix,0.9098966026587888,0.05080472171822703,False,0.339,0.6471799650007597
E4-K4par,0.0,15,E4-K4par_e00_r015,CNmix,0.765,3.3775746578529944,False,0.0,0.5014544280002156
E4-K4par,0.1,15,E4-K4par_e10_r015,CNmix,0.76775956284153,14.159235918089081,False,0.085,0.43948402000023634
E4-K4par,0.2,15,E4-K4par_e20_r015,CNmix,0.5308641975308642,18.740367600451314,True,0.0125,0.7291793029999099
E4-K4par,0.3,15,E4-K4par_e30_r015,CNmix,0.7373737373737373,10.344200091677639,False,0.2025,0.6158143229995403
E5-p3corr,0.0,15,E5-p3corr_e00_r015,CNmix,0.94,0.0925835519093452,False,0.006666666666666667,0.5199864900005196
E5-p3corr,0.1,15,E5-p3corr_e10_r015,CNmix,0.8801498127340824,0.10919289437049018,False,0.11,0.6302308129997982
E5-p3corr,0.2,15,E5-p3corr_e20_r015,CNmix,0.9141630901287554,0.11165163881506657,False,0.23,0.35323672100003023
E5-p3corr,0.3,15,E5-p3corr_e30_r015,CNmix,0.9345794392523364,0.12792890924094164,False,0.30333333333333334,0.34359686999960104
E1-K2cross-n100,0.0,16,E1-K2cross-n100_e00_r016,CNmix,0.89,0.16161913985201237,False,0.0,0.2014263219998611
E1-K2cross-n100,0.1,16,E1-K2cross-n100_e10_r016,CNmix,0.93,0.17287642287891947,False,0.15,0.3360293140003705
E1-K2cross-n100,0.2,16,E1-K2cross-n100_e20_r016,CNmix,0.7926829268292683,0.21817478481342056,False,0.19,0.22379540800011455
E1-K2cross-n100,0.3,16,E1-K2cross-n100_e30_r016,CNmix,0.8208955223880597,0.12070863312586044,False,0.34,0.221007383000142
E2-K2cross-n1000,0.0,16,E2-K2cross-n1000_e00_r016,CNmix,0.908,0.05947373201441924,False,0.0,0.3939985039996827
E2-K2cross-n1000,0.1,16,E2-K2cross-n1000_e10_r016,CNmix,0.9235880398671097,0.051439502739536104,False,0.098,0.42676981299973704
E2-K2cross-n1000,0.2,16,E2-K2cross-n1000_e20_r016,CNmix,0.9269521410579346,0.032562526742477046,False,0.21,0.5872299590000694
E2-K2cross-n1000,0.3,16,E2-K2cross-n1000_e30_r016,CNmix,0.9125,0.09616698949372184,False,0.291,0.44644787199922575
E3-unequal-n1000,0.0,16,E3-unequal-n1000_e00_r016,CNmix,0.918,0.041711489262346975,False,0.0,0.40684047600007034
E3-unequal-n1000,0.1,16,E3-unequal-n1000_e10_r016,CNmix,0.9191583610188261,0.06609859147611555,False,0.099,0.4619031450001785
E3-unequal-n1000,0.2,16,E3-unequal-n1000_e20_r016,CNmix,0.8922888616891065,0.11328947474042206,False,0.188,0.6245864029997392
E3-unequal-n1000,0.3,16,E3-unequal-n1000_e30_r016,CNmix,0.9064327485380117,0.0669067055755824,False,0.338,0.39345270099966
E4-K4par,0.0,16,E4-K4par_e00_r016,CNmix,0.83,1.6837975203579547,False,0.0,0.48862306800037913
E4-K4par,0.1,16,E4-K4par_e10_r016,CNmix,0.6857923497267759,10.517012783528143,True,0.0725,0.6068848410004648
E4-K4par,0.2,16,E4-K4par_e20_r016,CNmix,0.728125,10.7237005177291,False,0.1875,1.058583641000041
E4-K4par,0.3,16,E4-K4par_e30_r016,CNmix,0.534965034965035,50.142303685837234,True,0.19,0.442713127999923
E5-p3corr,0.0,16,E5-p3corr_e00_r016,CNmix,0.9033333333333333,0.044304926806054246,False,0.0,0.24315007799941668
E5-p3corr,0.1,16,E5-p3corr_e10_r016,CNmix,0.9,0.11280639127389817,False,0.10333333333333333,0.2943500259998473
E5-p3corr,0.2,16,E5-p3corr_e20_r016,CNmix,0.5443037974683544,26.29275721553902,True,0.15,0.20778413900006854
E5-p3corr,0.3,16,E5-p3corr_e30_r016,CNmix,0.5121951219512195,6.503039274417338,True,0.27666666666666667,0.26689696300036303
E1-K2cross-n100,0.0,17,E1-K2cross-n100_e00_r017,CNmix,0.93,0.18157448129141565,False,0.0,0.16986480799914716
E1-K2cross-n100,0.1,17,E1-K2cross-n100_e10_r017,CNmix,0.9555555555555556,0.13130879542366225,False,0.1,0.27499584700035484
E1-K2cross-n100,0.2,17,E1-K2cross-n100_e20_r017,CNmix,0.8734177215189873,0.28511473920293606,False,0.21,0.2404953380000734
E1-K2cross-n100,0.3,17,E1-K2cross-n100_e30_r017,CNmix,0.8831168831168831,0.7196229101783181,False,0.23,0.2580912429993987
E2-K2cross-n1000,0.0,17,E2-K2cross-n1000_e00_r017,CNmix,0.921,0.11504582103678304,False,0.0,0.3897196910002094
E2-K2cross-n1000,0.1,17,E2-K2cross-n1000_e10_r017,CNmix,0.9102132435465768,0.05960437567006537,False,0.117,0.48588678000032814
E2-K2cross-n1000,0.2,17,E2-K2cross-n1000_e20_r017,CNmix,0.904881101376721,0.09450196044681394,False,0.208,0.4795670980001887
E2-K2cross-n1000,0.3,17,E2-K2cross-n1000_e30_r017,CNmix,0.8988439306358381,0.09315312387133531,False,0.322,0.45595274300012534
E3-unequal-n1000,0.0,17,E3-unequal-n1000_e00_r017,CNmix,0.907,0.05340346784800949,False,0.0,0.3996519950005677
E3-unequal-n1000,0.1,17,E3-unequal-n1000_e10_r017,CNmix,0.9184357541899442,0.04423921727207953,False,0.109,0.5404795080003169
E3-unequal-n1000,0.2,17,E3-unequal-n1000_e20_r017,CNmix,0.9201030927835051,0.04231298868361333,False,0.234,0.5216744330000438
E3-unequal-n1000,0.3,17,E3-unequal-n1000_e30_r017,CNmix,0.9230769230769231,0.1023257389108984,False,0.335,0.45692741900074907
E4-K4par,0.0,17,E4-K4par_e00_r017,CNmix,0.7725,1.9156843131111374,False,0.0,1.0264889310001308
E4-K4par,0.1,17,E4-K4par_e10_r017,CNmix,0.7658402203856749,1.7909322004069699,False,0.095,0.39831263500036584
E4-K4par,0.2,17,E4-K4par_e20_r017,CNmix,0.7092651757188498,18.77950139577854,False,0.1575,0.6478575900000578
E4-K4par,0.3,17,E4-K4par_e30_r017,CNmix,0.5461254612546126,18.507921118021155,True,0.0,0.6849282530001801
E5-p3corr,0.0,17,E5-p3corr_e00_r017,CNmix,0.9,0.13805572512756834,False,0.05,0.36829978700006905
E5-p3corr,0.1,17,E5-p3corr_e10_r017,CNmix,0.9304029304029304,0.17728257311500273,False,0.09333333333333334,0.5506658930007688
E5-p3corr,0.2,17,E5-p3corr_e20_r017,CNmix,0.9105691056910569,0.19452099704083028,False,0.18333333333333332,0.2954142709995722
E5-p3corr,0.3,17,E5-p3corr_e30_r017,CNmix,0.9033816425120773,0.08609788108159476,False,0.31333333333333335,0.2877186409996284
E1-K2cross-n100,0.0,18,E1-K2cross-n100_e00_r018,CNmix,0.95,0.25341429396235915,False,0.0,0.17080889499993646
E1-K2cross-n100,0.1,18,E1-K2cross-n100_e10_r018,CNmix,0.8777777777777778,0.32754838334400194,False,0.1,0.2625339710002663
E1-K2cross-n100,0.2,18,E1-K2cross-n100_e20_r018,CNmix,0.926829268292683,0.10480963649002017,False,0.19,0.2669897790001414
E1-K2cross-n100,0.3,18,E1-K2cross-n100_e30_r018,CNmix,0.9206349206349206,0.34144143395299476,False,0.37,0.19184351100011554
E2-K2cross-n1000,0.0,18,E2-K2cross-n1000_e00_r018,CNmix,0.916,0.04999039419920778,False,0.0,0.3430854050002381
E2-K2cross-n1000,0.1,18,E2-K2cross-n1000_e10_r018,CNmix,0.920045045045045,0.03470965214060988,False,0.118,0.7847119750003912
E2-K2cross-n1000,0.2,18,E2-K2cross-n1000_e20_r018,CNmix,0.9202988792029888,0.05003744879509759,False,0.206,0.39145615300003556
E2-K2cross-n1000,0.3,18,E2-K2cross-n1000_e30_r018,CNmix,0.9226361031518625,0.05535386342723903,False,0.317,0.34910808299991913
E3-unequal-n1000,0.0,18,E3-unequal-n1000_e00_r018,CNmix,0.901,0.06786418669659836,False,0.0,0.3412848819998544
E3-unequal-n1000,0.1,18,E3-unequal-n1000_e10_r018,CNmix,0.9148230088495575,0.07221025642470949,False,0.096,0.34184796899990033
E3-unequal-n1000,0.2,18,E3-unequal-n1000_e20_r018,CNmix,0.9034653465346535,0.03084712764833793,False,0.201,0.4563305219999165
E3-unequal-n1000,0.3,18,E3-unequal-n1000_e30_r018,CNmix,0.9082191780821918,0.05119677921490484,False,0.279,0.6725440539994452
E4-K4par,0.0,18,E4-K4par_e00_r018,CNmix,0.7475,51.336963791071426,False,0.0425,0.8433186370002659
E4-K4par,0.1,18,E4-K4par_e10_r018,CNmix,0.7602179836512262,2.1768242521109205,False,0.085,1.392251473000215
E4-K4par,0.2,18,E4-K4par_e20_r018,CNmix,0.7380952380952381,9.373421591928558,False,0.175,0.9654888980003307
E4-K4par,0.3,18,E4-K4par_e30_r018,CNmix,0.2965779467680608,17.66016779975462,True,0.0,0.494451847000164
E5-p3corr,0.0,18,E5-p3corr_e00_r018,CNmix,0.9133333333333333,0.06837459389349099,False,0.0,0.24651036300019769
E5-p3corr,0.1,18,E5-p3corr_e10_r018,CNmix,0.9261992619926199,0.1508366976747994,False,0.10333333333333333,0.6031613440000001
E5-p3corr,0.2,18,E5-p3corr_e20_r018,CNmix,0.896551724137931,0.08266410474643648,False,0.23666666666666666,0.5258987149991299
E5-p3corr,0.3,18,E5-p3corr_e30_r018,CNmix,0.892018779342723,0.2040100054580984,False,0.30666666666666664,0.41080602599959093
E1-K2cross-n100,0.0,19,E1-K2cross-n100_e00_r019,CNmix,0.95,0.31696334769661644,False,0.04,0.39289242799986823
E1-K2cross-n100,0.1,19,E1-K2cross-n100_e10_r019,CNmix,0.9340659340659341,0.29277402814855447,False,0.09,0.16913174300043465
E1-K2cross-n100,0.2,19,E1-K2cross-n100_e20_r019,CNmix,0.8941176470588236,0.16759242963552312,False,0.15,0.3727357510006186
E1-K2cross-n100,0.3,19,E1-K2cross-n100_e30_r019,CNmix,0.8648648648648649,0.26604149459885895,False,0.29,0.17567434600005072
E2-K2cross-n1000,0.0,19,E2-K2cross-n1000_e00_r019,CNmix,0.9,0.045379673001501294,False,0.0,0.3648887179997473
E2-K2cross-n1000,0.1,19,E2-K2cross-n1000_e10_r019,CNmix,0.8946212952799122,0.019368887314106242,False,0.09,0.44256931000018085
E2-K2cross-n1000,0.2,19,E2-K2cross-n1000_e20_r019,CNmix,0.9275905118601748,0.14621602939107062,False,0.206,1.0770250369996575
E2-K2cross-n1000,0.3,19,E2-K2cross-n1000_e30_r019,CNmix,0.9124820659971306,0.02842398388177192,False,0.315,0.49832590599999094
E3-unequal-n1000,0.0,19,E3-unequal-n1000_e00_r019,CNmix,0.901,0.09242846370433773,False,0.0,0.4994196710003962
E3-unequal-n1000,0.1,19,E3-unequal-n1000_e10_r019,CNmix,0.8996655518394648,0.0977761761426704,False,0.11,0.7537979630005793
E3-unequal-n1000,0.2,19,E3-unequal-n1000_e20_r019,CNmix,0.9077117572692794,0.06338650418918053,False,0.22,0.5065015099999073
E3-unequal-n1000,0.3,19,E3-unequal-n1000_e30_r019,CNmix,0.907563025210084,0.08420180555664825,False,0.296,0.35956153999995877
E4-K4par,0.0,19,E4-K4par_e00_r019,CNmix,0.7725,2.026582127040837,False,0.0125,0.935194192000381
E4-K4par,0.1,19,E4-K4par_e10_r019,CNmix,0.7707182320441989,20.926037124193407,False,0.0825,0.4179913010002565
E4-K4par,0.2,19,E4-K4par_e20_r019,CNmix,0.4952681388012618,17.8667781653785,True,0.1175,0.4163758249997045
E4-K4par,0.3,19,E4-K4par_e30_r019,CNmix,0.5516014234875445,18.621725360128526,True,0.1225,0.5325661380002202
E5-p3corr,0.0,19,E5-p3corr_e00_r019,CNmix,0.8933333333333333,0.11919935652483939,False,0.02,0.24088648300039495
E5-p3corr,0.1,19,E5-p3corr_e10_r019,CNmix,0.9185185185185185,0.05764625004022972,False,0.10333333333333333,0.2742142090000925
E5-p3corr,0.2,19,E5-p3corr_e20_r019,CNmix,0.9369747899159664,0.14535029672211763,False,0.21666666666666667,0.28216608599996107
E5-p3corr,0.3,19,E5-p3corr_e30_r019,CNmix,0.9038461538461539,0.22774639284716192,False,0.31,0.2694028410005558
E1-K2cross-n100,0.0,20,E1-K2cross-n100_e00_r020,CNmix,0.94,0.17399834468330772,False,0.0,0.5096740710005179
E1-K2cross-n100,0.1,20,E1-K2cross-n100_e10_r020,CNmix,0.8586956521739131,0.19940546634015313,False,0.08,0.1888335180001377
E1-K2cross-n100,0.2,20,E1-K2cross-n100_e20_r020,CNmix,0.9156626506024096,0.19098160626691715,False,0.17,0.20211249699968903
E1-K2cross-n100,0.3,20,E1-K2cross-n100_e30_r020,CNmix,0.9315068493150684,0.14350160309697288,False,0.28,0.27999222800008283
E2-K2cross-n1000,0.0,20,E2-K2cross-n1000_e00_r020,CNmix,0.909,0.09231409967552276,False,0.0,0.36737894599991705
E2-K2cross-n1000,0.1,20,E2-K2cross-n1000_e10_r020,CNmix,0.9085841694537347,0.0425424307273754,False,0.106,0.3614211100002649
E2-K2cross-n1000,0.2,20,E2-K2cross-n1000_e20_r020,CNmix,0.8948717948717949,0.03451557619326889,False,0.228,0.570339072999559
E2-K2cross-n1000,0.3,20,E2-K2cross-n1000_e30_r020,CNmix,0.9161931818181818,0.050149019137229585,False,0.305,0.45712872100011737
E3-unequal-n1000,0.0,20,E3-unequal-n1000_e00_r020,CNmix,0.916,0.06478573701605499,False,0.002,0.95371494399933
E3-unequal-n1000,0.1,20,E3-unequal-n1000_e10_r020,CNmix,0.9260918253079508,0.08925845411910309,False,0.111,0.5340162900001815
E3-unequal-n1000,0.2,20,E3-unequal-n1000_e20_r020,CNmix,0.9005037783375315,0.0763090141278513,False,0.21,0.5115320060003796
E3-unequal-n1000,0.3,20,E3-unequal-n1000_e30_r020,CNmix,0.9104895104895104,0.08440744200879911,False,0.301,0.570606547999887
E4-K4par,0.0,20,E4-K4par_e00_r020,CNmix,0.7325,2.2130517451009597,False,0.0425,0.6067060730001685
E4-K4par,0.1,20,E4-K4par_e10_r020,CNmix,0.6508379888268156,4.155571438267381,True,0.1925,1.1376331780002147
E4-K4par,0.2,20,E4-K4par_e20_r020,CNmix,0.7371794871794872,2.1918405847163682,False,0.225,0.7613318550002077
E4-K4par,0.3,20,E4-K4par_e30_r020,CNmix,0.7192982456140351,18.477450676917954,False,0.1925,0.8231840650005324
E5-p3corr,0.0,20,E5-p3corr_e00_r020,CNmix,0.89,0.2155855970052873,False,0.3433333333333333,0.3493169379999017
E5-p3corr,0.1,20,E5-p3corr_e10_r020,CNmix,0.9492753623188406,0.15174887494921707,False,0.08,0.3552338660001624
E5-p3corr,0.2,20,E5-p3corr_e20_r020,CNmix,0.9380165289256198,0.13595266175603435,False,0.2,0.31026372499945865
E5-p3corr,0.3,20,E5-p3corr_e30_r020,CNmix,0.5072463768115942,18.29209398830674,True,0.2866666666666667,0.22931737299950328
E1-K2cross-n100,0.0,21,E1-K2cross-n100_e00_r021,CNmix,0.93,0.13958787093782363,False,0.0,0.17855948499982333
E1-K2cross-n100,0.1,21,E1-K2cross-n100_e10_r021,CNmix,0.8876404494382022,0.09219193996626074,False,0.13,0.20705053599976964
E1-K2cross-n100,0.2,21,E1-K2cross-n100_e20_r021,CNmix,0.8571428571428571,0.3031507068523823,False,0.16,0.24861177299953852
E1-K2cross-n100,0.3,21,E1-K2cross-n100_e30_r021,CNmix,0.922077922077922,0.3786434536557562,False,0.24,0.23051740900064033
E2-K2cross-n1000,0.0,21,E2-K2cross-n1000_e00_r021,CNmix,0.922,0.07524804396456584,False,0.115,0.44797697699959826
E2-K2cross-n1000,0.1,21,E2-K2cross-n1000_e10_r021,CNmix,0.9046563192904656,0.03785181735556065,False,0.1,0.4292459879998205
E2-K2cross-n1000,0.2,21,E2-K2cross-n1000_e20_r021,CNmix,0.9272503082614056,0.04594603896036555,False,0.196,0.9474145679996582
E2-K2cross-n1000,0.3,21,E2-K2cross-n1000_e30_r021,CNmix,0.9136690647482014,0.0888539358754584,False,0.321,0.4915932630001407
E3-unequal-n1000,0.0,21,E3-unequal-n1000_e00_r021,CNmix,0.917,0.10118943328589258,False,0.0,0.35906400099975144
E3-unequal-n1000,0.1,21,E3-unequal-n1000_e10_r021,CNmix,0.9082872928176795,0.02870064513684789,False,0.098,0.3491935550000562
E3-unequal-n1000,0.2,21,E3-unequal-n1000_e20_r021,CNmix,0.9181360201511335,0.05732310343197663,False,0.212,0.6385958450000544
E3-unequal-n1000,0.3,21,E3-unequal-n1000_e30_r021,CNmix,0.9167883211678832,0.04023155610168826,False,0.328,0.5216383080005471
E4-K4par,0.0,21,E4-K4par_e00_r021,CNmix,0.745,3.8417373383032607,False,0.005,0.7087386869998227
E4-K4par,0.1,21,E4-K4par_e10_r021,CNmix,0.9616438356164384,0.1928833868160469,False,0.09,0.4384506579999652
E4-K4par,0.2,21,E4-K4par_e20_r021,CNmix,0.7492260061919505,19.138540326594267,False,0.195,0.5200825370002349
E4-K4par,0.3,21,E4-K4par_e30_r021,CNmix,0.5547945205479452,17.170247081017255,True,0.3,0.6815146100007041
E5-p3corr,0.0,21,E5-p3corr_e00_r021,CNmix,0.9166666666666666,0.07914284669478566,False,0.0,0.20844458600004145
E5-p3corr,0.1,21,E5-p3corr_e10_r021,CNmix,0.8834586466165414,0.10942470952798682,False,0.12,0.2629967269995177
E5-p3corr,0.2,21,E5-p3corr_e20_r021,CNmix,0.8898305084745762,0.1346990298004732,False,0.22333333333333333,0.5645857920007984
E5-p3corr,0.3,21,E5-p3corr_e30_r021,CNmix,0.502262443438914,11.47193273635794,True,0.2633333333333333,0.27984691100027703
E1-K2cross-n100,0.0,22,E1-K2cross-n100_e00_r022,CNmix,0.9,0.3002664408785297,False,0.21,0.19515911100006633
E1-K2cross-n100,0.1,22,E1-K2cross-n100_e10_r022,CNmix,0.875,0.07307816956708035,False,0.12,0.21704980499998783
E1-K2cross-n100,0.2,22,E1-K2cross-n100_e20_r022,CNmix,0.9367088607594937,0.13710713209870165,False,0.22,0.304899079000279
E1-K2cross-n100,0.3,22,E1-K2cross-n100_e30_r022,CNmix,0.9090909090909091,0.11401808970833525,False,0.25,0.20878547899974365
E2-K2cross-n1000,0.0,22,E2-K2cross-n1000_e00_r022,CNmix,0.904,0.10394217755936636,False,0.008,0.6711281689995303
E2-K2cross-n1000,0.1,22,E2-K2cross-n1000_e10_r022,CNmix,0.9098998887652948,0.058734485887687614,False,0.103,0.41111586399983935
E2-K2cross-n1000,0.2,22,E2-K2cross-n1000_e20_r022,CNmix,0.9321608040201005,0.07322537215754679,False,0.213,0.43150499900002615
E2-K2cross-n1000,0.3,22,E2-K2cross-n1000_e30_r022,CNmix,0.9106628242074928,0.054493926153280636,False,0.325,0.49754501700044784
E3-unequal-n1000,0.0,22,E3-unequal-n1000_e00_r022,CNmix,0.915,0.09902963692265096,False,0.0,0.3948959579993243
E3-unequal-n1000,0.1,22,E3-unequal-n1000_e10_r022,CNmix,0.9160220994475138,0.10153728207956304,False,0.095,0.50459065799987
E3-unequal-n1000,0.2,22,E3-unequal-n1000_e20_r022,CNmix,0.9006211180124224,0.09330371256389247,False,0.199,0.9316765849998774
E3-unequal-n1000,0.3,22,E3-unequal-n1000_e30_r022,CNmix,0.9129834254143646,0.08392149862874006,False,0.285,0.41095342000062374
E4-K4par,0.0,22,E4-K4par_e00_r022,CNmix,0.6875,5.522792711533498,True,0.0,0.36261014199953934
E4-K4par,0.1,22,E4-K4par_e10_r022,CNmix,0.6927374301675978,17.03999025809069,True,0.1025,0.5344867449994126
E4-K4par,0.2,22,E4-K4par_e20_r022,CNmix,0.735202492211838,4.846914322674376,False,0.19,0.9781899689996862
E4-K4par,0.3,22,E4-K4par_e30_r022,CNmix,0.29931972789115646,101.13928398317377,True,0.0,0.44246059600027365
E5-p3corr,0.0,22,E5-p3corr_e00_r022,CNmix,0.9066666666666666,0.0707081111872192,False,0.0,0.23231019500053662
E5-p3corr,0.1,22,E5-p3corr_e10_r022,CNmix,0.9272727272727272,0.04241549361197934,False,0.09333333333333334,0.5858999469992341
E5-p3corr,0.2,22,E5-p3corr_e20_r022,CNmix,0.5398230088495575,22.568642182988555,True,0.15666666666666668,0.30263132699928974
E5-p3corr,0.3,22,E5-p3corr_e30_r022,CNmix,0.5047169811320755,16.355191517265098,True,0.26,0.28858972400030325
E1-K2cross-n100,0.0,23,E1-K2cross-n100_e00_r023,CNmix,0.88,0.1915934246673933,False,0.02,0.19328112500079442
E1-K2cross-n100,0.1,23,E1-K2cross-n100_e10_r023,CNmix,0.8876404494382022,0.1638740693298794,False,0.11,0.20381248500052607
E1-K2cross-n100,0.2,23,E1-K2cross-n100_e20_r023,CNmix,0.9240506329113924,0.15744577329945564,False,0.22,0.18238576400017337
E1-K2cross-n100,0.3,23,E1-K2cross-n100_e30_r023,CNmix,0.925,0.16167534723147464,False,0.21,0.22386312500020722
E2-K2cross-n1000,0.0,23,E2-K2cross-n1000_e00_r023,CNmix,0.922,0.03635119660456889,False,0.135,0.7145154509998974
E2-K2cross-n1000,0.1,23,E2-K2cross-n1000_e10_r023,CNmix,0.9069767441860465,0.05514465495773027,False,0.098,0.45950405500025227
E2-K2cross-n1000,0.2,23,E2-K2cross-n1000_e20_r023,CNmix,0.9130434782608695,0.11308901111614392,False,0.207,0.4718950300002689
E2-K2cross-n1000,0.3,23,E2-K2cross-n1000_e30_r023,CNmix,0.9151599443671766,0.034788917419215526,False,0.29,0.5201748209992729
E3-unequal-n1000,0.0,23,E3-unequal-n1000_e00_r023,CNmix,0.921,0.10646236964801543,False,0.0,0.3938413269997909
E3-unequal-n1000,0.1,23,E3-unequal-n1000_e10_r023,CNmix,0.884828349944629,0.06121979749273321,False,0.099,0.7223956109992287
E3-unequal-n1000,0.2,23,E3-unequal-n1000_e20_r023,CNmix,0.9033078880407125,0.06188373218605839,False,0.218,0.5630622890002996
E3-unequal-n1000,0.3,23,E3-unequal-n1000_e30_r023,CNmix,0.9106382978723404,0.19421465369668517,False,0.309,0.5080348370001957
E4-K4par,0.0,23,E4-K4par_e00_r023,CNmix,0.7375,6.284305811813088,False,0.0,0.354118064999966
E4-K4par,0.1,23,E4-K4par_e10_r023,CNmix,0.7922437673130194,17.876029871372847,False,0.095,0.4035220810001192
E4-K4par,0.2,23,E4-K4par_e20_r023,CNmix,0.7286585365853658,2.772754166227628,False,0.1825,0.606917987000088
E4-K4par,0.3,23,E4-K4par_e30_r023,CNmix,0.5268817204301075,17.76632799575931,True,0.0,0.47742000900052517
E5-p3corr,0.0,23,E5-p3corr_e00_r023,CNmix,0.94,0.11730926728351007,False,0.0,0.24142963699978282
E5-p3corr,0.1,23,E5-p3corr_e10_r023,CNmix,0.9230769230769231,0.19370739601574272,False,0.09,0.29078015399954893
E5-p3corr,0.2,23,E5-p3corr_e20_r023,CNmix,0.8949579831932774,0.2074545221007186,False,0.21333333333333335,0.2365319439995801
E5-p3corr,0.3,23,E5-p3corr_e30_r023,CNmix,0.8962264150943396,0.1908671182774495,False,0.31,0.5292757170000186
E1-K2cross-n100,0.0,24,E1-K2cross-n100_e00_r024,CNmix,0.92,0.19838034803780574,False,0.19,0.24519348400008312
E1-K2cross-n100,0.1,24,E1-K2cross-n100_e10_r024,CNmix,0.9,0.4233974069246601,False,0.12,0.32119062899982964
E1-K2cross-n100,0.2,24,E1-K2cross-n100_e20_r024,CNmix,1.0,0.2370732412938237,False,0.21,0.24276813800042873
E1-K2cross-n100,0.3,24,E1-K2cross-n100_e30_r024,CNmix,0.8888888888888888,0.3718723636190955,False,0.39,0.20673790100045153
E2-K2cross-n1000,0.0,24,E2-K2cross-n1000_e00_r024,CNmix,0.91,0.07269225469519974,False,0.0,0.3877140539998436
E2-K2cross-n1000,0.1,24,E2-K2cross-n1000_e10_r024,CNmix,0.9118303571428571,0.10536241169890931,False,0.11,0.43562022399964917
E2-K2cross-n1000,0.2,24,E2-K2cross-n1000_e20_r024,CNmix,0.9066834804539723,0.020481893458025757,False,0.214,0.6425125810001191
E2-K2cross-n1000,0.3,24,E2-K2cross-n1000_e30_r024,CNmix,0.9263005780346821,0.06573505939533182,False,0.316,0.6474195069995403
E3-unequal-n1000,0.0,24,E3-unequal-n1000_e00_r024,CNmix,0.902,0.06705825250244184,False,0.019,0.9872276709993457
E3-unequal-n1000,0.1,24,E3-unequal-n1000_e10_r024,CNmix,0.9271523178807947,0.1781777187124424,False,0.098,0.41748854800061963
E3-unequal-n1000,0.2,24,E3-unequal-n1000_e20_r024,CNmix,0.9245742092457421,0.16324348207045955,False,0.182,0.5817599430001792
E3-unequal-n1000,0.3,24,E3-unequal-n1000_e30_r024,CNmix,0.9326788218793829,0.0508358340292902,False,0.294,0.5890009739996458
E4-K4par,0.0,24,E4-K4par_e00_r024,CNmix,0.765,11.108818721333229,False,0.1725,0.7251731439992
E4-K4par,0.1,24,E4-K4par_e10_r024,CNmix,0.7520661157024794,15.009018586082739,False,0.155,1.3358397919992058
E4-K4par,0.2,24,E4-K4par_e20_r024,CNmix,0.5835866261398176,22.870444018208488,True,0.125,0.6267073460003303
E4-K4par,0.3,24,E4-K4par_e30_r024,CNmix,0.506896551724138,19.600261906429406,True,0.13,0.8198092889997497
E5-p3corr,0.0,24,E5-p3corr_e00_r024,CNmix,0.9233333333333333,0.1323103510853397,False,0.0,0.2527907599996979
E5-p3corr,0.1,24,E5-p3corr_e10_r024,CNmix,0.9446494464944649,0.09134182244450573,False,0.09666666666666666,0.32191364099981
E5-p3corr,0.2,24,E5-p3corr_e20_r024,CNmix,0.9423868312757202,0.1635364528422767,False,0.20333333333333334,0.30946903199946973
E5-p3corr,0.3,24,E5-p3corr_e30_r024,CNmix,0.9271844660194175,0.24711901890255117,False,0.32666666666666666,0.2850616750001791
E1-K2cross-n100,0.0,25,E1-K2cross-n100_e00_r025,CNmix,0.87,0.1543616822077798,False,0.04,0.2067649110003913
E1-K2cross-n100,0.1,25,E1-K2cross-n100_e10_r025,CNmix,0.8888888888888888,0.1470621688962265,False,0.11,0.21422575199994753
E1-K2cross-n100,0.2,25,E1-K2cross-n100_e20_r025,CNmix,0.9733333333333334,0.1757478026598291,False,0.27,0.27111325599980773
E1-K2cross-n100,0.3,25,E1-K2cross-n100_e30_r025,CNmix,0.9342105263157895,0.10045313502546516,False,0.25,0.2989107880002848
E2-K2cross-n1000,0.0,25,E2-K2cross-n1000_e00_r025,CNmix,0.916,0.0413397754331857,False,0.0,0.36388307499964867
E2-K2cross-n1000,0.1,25,E2-K2cross-n1000_e10_r025,CNmix,0.8959731543624161,0.05203495251083832,False,0.107,0.8249828400003025
E2-K2cross-n1000,0.2,25,E2-K2cross-n1000_e20_r025,CNmix,0.9215686274509803,0.017356528579002717,False,0.192,0.5232177809994027
E2-K2cross-n1000,0.3,25,E2-K2cross-n1000_e30_r025,CNmix,0.8975468975468975,0.08762495323868486,False,0.319,0.5752850720000424
E3-unequal-n1000,0.0,25,E3-unequal-n1000_e00_r025,CNmix,0.914,0.058782868653623956,False,0.0,0.3450076170001921
E3-unequal-n1000,0.1,25,E3-unequal-n1000_e10_r025,CNmix,0.9235033259423503,0.03029411248911981,False,0.102,0.9031256990001566
E3-unequal-n1000,0.2,25,E3-unequal-n1000_e20_r025,CNmix,0.9191176470588235,0.07272080621035104,False,0.197,0.5156723919999422
E3-unequal-n1000,0.3,25,E3-unequal-n1000_e30_r025,CNmix,0.9246376811594202,0.11027245947456692,False,0.319,0.8985692570004176
E4-K4par,0.0,25,E4-K4par_e00_r025,CNmix,0.965,0.14360300289885863,False,0.0725,0.9291683820001708
E4-K4par,0.1,25,E4-K4par_e10_r025,CNmix,0.7549295774647887,9.554564712480348,False,0.1075,0.7631556440001077
E4-K4par,0.2,25,E4-K4par_e20_r025,CNmix,0.7104477611940299,57.07938888126986,False,0.17,0.49770753599932505
E4-K4par,0.3,25,E4-K4par_e30_r025,CNmix,0.5539033457249071,16.908369966584857,True,0.0,0.568055686999287
E5-p3corr,0.0,25,E5-p3corr_e00_r025,CNmix,0.9066666666666666,0.09998595962188978,False,0.10333333333333333,0.4203403720002825
E5-p3corr,0.1,25,E5-p3corr_e10_r025,CNmix,0.8909774436090225,0.11986537928336057,False,0.11333333333333333,0.6150793610004257
E5-p3corr,0.2,25,E5-p3corr_e20_r025,CNmix,0.8775510204081632,0.13912961614418012,False,0.18333333333333332,0.3236688650003998
E5-p3corr,0.3,25,E5-p3corr_e30_r025,CNmix,0.5446009389671361,18.798428127248556,True,0.24333333333333335,0.22698488500009262
E1-K2cross-n100,0.0,26,E1-K2cross-n100_e00_r026,CNmix,0.9,0.2518595656755128,False,0.02,0.2603903739991438
E1-K2cross-n100,0.1,26,E1-K2cross-n100_e10_r026,CNmix,0.9247311827956989,0.1291486381625769,False,0.07,0.17415287299991178
E1-K2cross-n100,0.2,26,E1-K2cross-n100_e20_r026,CNmix,0.8928571428571429,0.1612764392254964,False,0.17,0.35714092000034725
E1-K2cross-n100,0.3,26,E1-K2cross-n100_e30_r026,CNmix,0.9342105263157895,0.16459380183058253,False,0.25,0.224938745000145
E2-K2cross-n1000,0.0,26,E2-K2cross-n1000_e00_r026,CNmix,0.906,0.02997836256798414,False,0.0,0.3457444480000049
E2-K2cross-n1000,0.1,26,E2-K2cross-n1000_e10_r026,CNmix,0.8853932584269663,0.037359772233394734,False,0.112,0.7972114180001881
E2-K2cross-n1000,0.2,26,E2-K2cross-n1000_e20_r026,CNmix,0.9194373401534527,0.07017523833965271,False,0.226,0.6186209929992401
E2-K2cross-n1000,0.3,26,E2-K2cross-n1000_e30_r026,CNmix,0.9192364170337739,0.105229479810391,False,0.333,0.6780495979992338
E3-unequal-n1000,0.0,26,E3-unequal-n1000_e00_r026,CNmix,0.916,0.06073867587164085,False,0.0,0.43236015000002226
E3-unequal-n1000,0.1,26,E3-unequal-n1000_e10_r026,CNmix,0.8991130820399114,0.13543626779217288,False,0.1,1.1298849309996513
E3-unequal-n1000,0.2,26,E3-unequal-n1000_e20_r026,CNmix,0.9049382716049382,0.083133201236965,False,0.195,0.6104632540000239
E3-unequal-n1000,0.3,26,E3-unequal-n1000_e30_r026,CNmix,0.9259259259259259,0.03158525095403137,False,0.314,0.7337588919999689
E4-K4par,0.0,26,E4-K4par_e00_r026,CNmix,0.96,0.25751314049093943,False,0.0725,0.8719703149999987
E4-K4par,0.1,26,E4-K4par_e10_r026,CNmix,0.7513966480446927,56.69186727502624,False,0.105,0.5154381600004854
E4-K4par,0.2,26,E4-K4par_e20_r026,CNmix,0.5436893203883495,20.228192122537852,True,0.1525,0.6087668350000968
E4-K4par,0.3,26,E4-K4par_e30_r026,CNmix,0.7622377622377622,8.503735954525471,False,0.3025,0.9177912089999154
E5-p3corr,0.0,26,E5-p3corr_e00_r026,CNmix,0.8833333333333333,0.095451321109335,False,0.0,0.266121734999615
E5-p3corr,0.1,26,E5-p3corr_e10_r026,CNmix,0.9219330855018587,0.2033244360047701,False,0.11,0.6122995100004118
E5-p3corr,0.2,26,E5-p3corr_e20_r026,CNmix,0.9037656903765691,0.24936161458272715,False,0.21333333333333335,0.3758223619997807
E5-p3corr,0.3,26,E5-p3corr_e30_r026,CNmix,0.9223300970873787,0.06909935995137438,False,0.33666666666666667,0.3634493350000412
E1-K2cross-n100,0.0,27,E1-K2cross-n100_e00_r027,CNmix,0.92,0.18647089598326388,False,0.14,0.16103658100018947
E1-K2cross-n100,0.1,27,E1-K2cross-n100_e10_r027,CNmix,0.9247311827956989,0.25119189599787156,False,0.07,0.25609914000051504
E1-K2cross-n100,0.2,27,E1-K2cross-n100_e20_r027,CNmix,0.8831168831168831,0.1531945886781656,False,0.25,0.3698058750005657
E1-K2cross-n100,0.3,27,E1-K2cross-n100_e30_r027,CNmix,0.8307692307692308,0.21489959981424445,False,0.37,0.21721682000043074
E2-K2cross-n1000,0.0,27,E2-K2cross-n1000_e00_r027,CNmix,0.899,0.05312898388714258,False,0.0,0.35407035399930464
E2-K2cross-n1000,0.1,27,E2-K2cross-n1000_e10_r027,CNmix,0.9089912280701754,0.047782480210182054,False,0.09,0.687184514999899
E2-K2cross-n1000,0.2,27,E2-K2cross-n1000_e20_r027,CNmix,0.9047029702970297,0.03301111472923514,False,0.197,0.7484922619996723
E2-K2cross-n1000,0.3,27,E2-K2cross-n1000_e30_r027,CNmix,0.9050359712230216,0.03571757282914364,False,0.319,0.5601549969996995
E3-unequal-n1000,0.0,27,E3-unequal-n1000_e00_r027,CNmix,0.902,0.10266103161517662,False,0.001,0.5774340690004465
E3-unequal-n1000,0.1,27,E3-unequal-n1000_e10_r027,CNmix,0.9191583610188261,0.1283611629037122,False,0.097,0.6877842630001396
E3-unequal-n1000,0.2,27,E3-unequal-n1000_e20_r027,CNmix,0.9030674846625767,0.056336786792736473,False,0.19,0.5919757600004232
E3-unequal-n1000,0.3,27,E3-unequal-n1000_e30_r027,CNmix,0.9080622347949081,0.15596703654311095,False,0.306,0.6575964919993567
E4-K4par,0.0,27,E4-K4par_e00_r027,CNmix,0.97,0.14271765059986574,False,0.1725,0.798942043000352
E4-K4par,0.1,27,E4-K4par_e10_r027,CNmix,0.7675070028011205,34.69996963635708,False,0.1125,1.152936698999838
E4-K4par,0.2,27,E4-K4par_e20_r027,CNmix,0.7037037037037037,11.279434797185438,False,0.1825,0.5121744400003081
E4-K4par,0.3,27,E4-K4par_e30_r027,CNmix,0.2831541218637993,649.8031209247462,True,0.0,0.5123130809997747
E5-p3corr,0.0,27,E5-p3corr_e00_r027,CNmix,0.94,0.17757669072397575,False,0.08,0.2812633619996632
E5-p3corr,0.1,27,E5-p3corr_e10_r027,CNmix,0.8978102189781022,0.14998335628488624,False,0.08666666666666667,0.3055878000004668
E5-p3corr,0.2,27,E5-p3corr_e20_r027,CNmix,0.9213973799126638,0.13700649026141543,False,0.24333333333333335,0.4452921199999764
E5-p3corr,0.3,27,E5-p3corr_e30_r027,CNmix,0.517948717948718,22.632133317963333,True,0.19333333333333333,0.25974991000020964
E1-K2cross-n100,0.0,28,E1-K2cross-n100_e00_r028,CNmix,0.96,0.08136536857634982,False,0.0,0.4873394950000147
E1-K2cross-n100,0.1,28,E1-K2cross-n100_e10_r028,CNmix,0.9101123595505618,0.08181570660582431,False,0.14,0.20119980900017254
E1-K2cross-n100,0.2,28,E1-K2cross-n100_e20_r028,CNmix,0.9358974358974359,0.2396915217863233,False,0.24,0.3977773030001117
E1-K2cross-n100,0.3,28,E1-K2cross-n100_e30_r028,CNmix,0.8840579710144928,0.10656511765550729,False,0.32,0.2816245140002138
E2-K2cross-n1000,0.0,28,E2-K2cross-n1000_e00_r028,CNmix,0.922,0.06295315886538252,False,0.001,0.6270879630001218
E2-K2cross-n1000,0.1,28,E2-K2cross-n1000_e10_r028,CNmix,0.890728476821192,0.08089045549596885,False,0.095,0.5427282600003309
E2-K2cross-n1000,0.2,28,E2-K2cross-n1000_e20_r028,CNmix,0.9024081115335868,0.052371402197474826,False,0.219,0.3081637459999911
E2-K2cross-n1000,0.3,28,E2-K2cross-n1000_e30_r028,CNmix,0.9172610556348074,0.10167586956280873,False,0.312,0.47056194899960246
E3-unequal-n1000,0.0,28,E3-unequal-n1000_e00_r028,CNmix,0.931,0.07234870114127115,False,0.0,0.4062121119995936
E3-unequal-n1000,0.1,28,E3-unequal-n1000_e10_r028,CNmix,0.9003322259136213,0.05077410323445197,False,0.1,0.7757289450000826
E3-unequal-n1000,0.2,28,E3-unequal-n1000_e20_r028,CNmix,0.9105590062111801,0.1536262068770096,False,0.202,0.8486957459999758
E3-unequal-n1000,0.3,28,E3-unequal-n1000_e30_r028,CNmix,0.8998589562764457,0.08550011115768075,False,0.306,0.8165093519992297
E4-K4par,0.0,28,E4-K4par_e00_r028,CNmix,0.7125,2.0827164460145307,False,0.0,1.1607943740000337
E4-K4par,0.1,28,E4-K4par_e10_r028,CNmix,0.702247191011236,6.0521061425448925,False,0.1125,0.5634597759999451
E4-K4par,0.2,28,E4-K4par_e20_r028,CNmix,0.5838509316770186,58.305998134621476,True,0.185,0.7259908839996569
E4-K4par,0.3,28,E4-K4par_e30_r028,CNmix,0.6258992805755396,19.276059218919457,True,0.2075,1.1094882790002885
E5-p3corr,0.0,28,E5-p3corr_e00_r028,CNmix,0.9233333333333333,0.12874628122085463,False,0.1,0.7153805120005927
E5-p3corr,0.1,28,E5-p3corr_e10_r028,CNmix,0.927007299270073,0.10628402366352407,False,0.08666666666666667,0.40605010699982813
E5-p3corr,0.2,28,E5-p3corr_e20_r028,CNmix,0.9186991869918699,0.19747616083112218,False,0.18333333333333332,0.3679794290001155
E5-p3corr,0.3,28,E5-p3corr_e30_r028,CNmix,0.8970588235294118,0.1822390807946871,False,0.33666666666666667,0.47002784500000416
E1-K2cross-n100,0.0,29,E1-K2cross-n100_e00_r029,CNmix,0.9,0.2806154112517091,False,0.02,0.2517767500003174
E1-K2cross-n100,0.1,29,E1-K2cross-n100_e10_r029,CNmix,0.9247311827956989,0.2575476804954908,False,0.07,0.20036611700015783
E1-K2cross-n100,0.2,29,E1-K2cross-n100_e20_r029,CNmix,0.8734177215189873,0.357778744856504,False,0.21,0.3738609849997374
E1-K2cross-n100,0.3,29,E1-K2cross-n100_e30_r029,CNmix,0.9285714285714286,0.21647419911166468,False,0.32,0.34518968500015035
E2-K2cross-n1000,0.0,29,E2-K2cross-n1000_e00_r029,CNmix,0.906,0.05338760634482331,False,0.0,0.43121861000054196
E2-K2cross-n1000,0.1,29,E2-K2cross-n1000_e10_r029,CNmix,0.9326599326599326,0.03239807539706563,False,0.112,0.5459902680004234
E2-K2cross-n1000,0.2,29,E2-K2cross-n1000_e20_r029,CNmix,0.9054726368159204,0.06307695609590241,False,0.203,0.6425923669994518
E2-K2cross-n1000,0.3,29,E2-K2cross-n1000_e30_r029,CNmix,0.8965034965034965,0.04984294457467087,False,0.295,0.553477216999454
E3-unequal-n1000,0.0,29,E3-unequal-n1000_e00_r029,CNmix,0.922,0.04551495109372794,False,0.002,0.4709023340001295
E3-unequal-n1000,0.1,29,E3-unequal-n1000_e10_r029,CNmix,0.9132882882882883,0.04506948828152697,False,0.115,0.5723336230003042
E3-unequal-n1000,0.2,29,E3-unequal-n1000_e20_r029,CNmix,0.9130434782608695,0.050855045988344484,False,0.176,0.5230059400000755
E3-unequal-n1000,0.3,29,E3-unequal-n1000_e30_r029,CNmix,0.9105113636363636,0.09625460254167446,False,0.308,0.7956147840004633
E4-K4par,0.0,29,E4-K4par_e00_r029,CNmix,0.97,0.11274020484779212,False,0.0025,1.0934033499997895
E4-K4par,0.1,29,E4-K4par_e10_r029,CNmix,0.9722991689750693,0.13271885068699252,False,0.1,1.2053872260003118
E4-K4par,0.2,29,E4-K4par_e20_r029,CNmix,0.5015290519877675,18.071418770198107,True,0.0775,1.3047524200001135
E4-K4par,0.3,29,E4-K4par_e30_r029,CNmix,0.3286219081272085,18.636489902671546,True,0.0,0.39536349900026835
E5-p3corr,0.0,29,E5-p3corr_e00_r029,CNmix,0.9066666666666666,0.10944460563885516,False,0.013333333333333334,0.6994043590002548
E5-p3corr,0.1,29,E5-p3corr_e10_r029,CNmix,0.9381818181818182,0.09881852670553037,False,0.08333333333333333,0.3278653090001171
E5-p3corr,0.2,29,E5-p3corr_e20_r029,CNmix,0.9132231404958677,0.18934086394098482,False,0.21666666666666667,0.5377913940001235
E5-p3corr,0.3,29,E5-p3corr_e30_r029,CNmix,0.5314009661835749,22.748707126080376,True,0.19666666666666666,0.33577225799945154
E1-K2cross-n100,0.0,30,E1-K2cross-n100_e00_r030,CNmix,0.89,0.1281529793741859,False,0.16,0.24551589200018498
E1-K2cross-n100,0.1,30,E1-K2cross-n100_e10_r030,CNmix,0.8555555555555555,0.2145956729914349,False,0.1,0.3040960610005641
E1-K2cross-n100,0.2,30,E1-K2cross-n100_e20_r030,CNmix,0.9347826086956522,0.28344730724702427,False,0.08,0.24207960200055822
E1-K2cross-n100,0.3,30,E1-K2cross-n100_e30_r030,CNmix,0.8904109589041096,0.25572533042544576,False,0.28,0.2628201329998774
E2-K2cross-n1000,0.0,30,E2-K2cross-n1000_e00_r030,CNmix,0.916,0.03572642284504252,False,0.079,0.7497936750005465
E2-K2cross-n1000,0.1,30,E2-K2cross-n1000_e10_r030,CNmix,0.9148936170212766,0.05607259708280014,False,0.107,0.4467238619999989
E2-K2cross-n1000,0.2,30,E2-K2cross-n1000_e20_r030,CNmix,0.9398496240601504,0.09767439046588826,False,0.207,0.516096725999887
E2-K2cross-n1000,0.3,30,E2-K2cross-n1000_e30_r030,CNmix,0.8970792767732962,0.09285227583373187,False,0.29,0.4326740199994674
E3-unequal-n1000,0.0,30,E3-unequal-n1000_e00_r030,CNmix,0.9,0.06997933281932937,False,0.0,0.43568946499999583
E3-unequal-n1000,0.1,30,E3-unequal-n1000_e10_r030,CNmix,0.9010011123470523,0.0978346506450216,False,0.104,0.5071917350005606
E3-unequal-n1000,0.2,30,E3-unequal-n1000_e20_r030,CNmix,0.9130434782608695,0.16215580065660704,False,0.228,0.7549032160004572
E3-unequal-n1000,0.3,30,E3-unequal-n1000_e30_r030,CNmix,0.9098966026587888,0.057130794717093814,False,0.333,1.290341982999962
E4-K4par,0.0,30,E4-K4par_e00_r030,CNmix,0.96,0.12842054362867694,False,0.0025,1.2580420599997524
E4-K4par,0.1,30,E4-K4par_e10_r030,CNmix,0.7595628415300546,26.856242295802943,False,0.0775,0.48278502199991635
E4-K4par,0.2,30,E4-K4par_e20_r030,CNmix,0.8159509202453987,1.658912871862336,False,0.1825,1.1055592309994609
E4-K4par,0.3,30,E4-K4par_e30_r030,CNmix,0.3584905660377358,17.71652574568905,True,0.0,1.1020834350001678
E5-p3corr,0.0,30,E5-p3corr_e00_r030,CNmix,0.88,0.2933462026030103,False,0.12666666666666668,0.4660378450007556
E5-p3corr,0.1,30,E5-p3corr_e10_r030,CNmix,0.909433962264151,0.17280567681880443,False,0.12666666666666668,0.5279342149997319
E5-p3corr,0.2,30,E5-p3corr_e20_r030,CNmix,0.9310344827586207,0.1914346727234031,False,0.23333333333333334,0.5981297489997814
E5-p3corr,0.3,30,E5-p3corr_e30_r030,CNmix,0.905,0.2489100345418847,False,0.3466666666666667,0.4846278209997763
E1-K2cross-n100,0.0,31,E1-K2cross-n100_e00_r031,CNmix,0.9,0.174482824557395,False,0.07,0.6126682770000116
E1-K2cross-n100,0.1,31,E1-K2cross-n100_e10_r031,CNmix,0.9318181818181818,0.19186306301625478,False,0.12,0.25448863200017513
E1-K2cross-n100,0.2,31,E1-K2cross-n100_e20_r031,CNmix,0.9166666666666666,0.21998152860737052,False,0.18,0.2711623069999405
E1-K2cross-n100,0.3,31,E1-K2cross-n100_e30_r031,CNmix,0.9696969696969697,0.31545058735140996,False,0.38,0.23807630600003904
E2-K2cross-n1000,0.0,31,E2-K2cross-n1000_e00_r031,CNmix,0.911,0.07335016649163206,False,0.0,0.5009766870007297
E2-K2cross-n1000,0.1,31,E2-K2cross-n1000_e10_r031,CNmix,0.9091928251121076,0.024963943864313557,False,0.11,0.9636083529994721
E2-K2cross-n1000,0.2,31,E2-K2cross-n1000_e20_r031,CNmix,0.8981958762886598,0.07581120666324619,False,0.235,0.5119213979996857
E2-K2cross-n1000,0.3,31,E2-K2cross-n1000_e30_r031,CNmix,0.9106145251396648,0.04947513938761294,False,0.295,0.4769638389998363
E3-unequal-n1000,0.0,31,E3-unequal-n1000_e00_r031,CNmix,0.921,0.024696281900737915,False,0.0,0.521044814000561
E3-unequal-n1000,0.1,31,E3-unequal-n1000_e10_r031,CNmix,0.8934517203107658,0.013408534293776338,False,0.101,0.5447064720001435
E3-unequal-n1000,0.2,31,E3-unequal-n1000_e20_r031,CNmix,0.883183568677792,0.0890171077119466,False,0.231,0.6396436240002004
E3-unequal-n1000,0.3,31,E3-unequal-n1000_e30_r031,CNmix,0.9357142857142857,0.04155095515088636,False,0.314,0.5817086099996231
E4-K4par,0.0,31,E4-K4par_e00_r031,CNmix,0.77,2.1785761979909646,False,0.1975,0.83450065299985
E4-K4par,0.1,31,E4-K4par_e10_r031,CNmix,0.7404371584699454,26.249871319993524,False,0.08,0.5179698829997506
E4-K4par,0.2,31,E4-K4par_e20_r031,CNmix,0.5562700964630225,30.791948281905768,True,0.1625,0.5333486530007576
E4-K4par,0.3,31,E4-K4par_e30_r031,CNmix,0.2892857142857143,16.547087751823373,True,0.0,0.5834841240002788
E5-p3corr,0.0,31,E5-p3corr_e00_r031,CNmix,0.9066666666666666,0.1530986020193965,False,0.0,0.9847692399998778
E5-p3corr,0.1,31,E5-p3corr_e10_r031,CNmix,0.8939393939393939,0.19233832808677828,False,0.12333333333333334,0.920984481999767
E5-p3corr,0.2,31,E5-p3corr_e20_r031,CNmix,0.5708333333333333,16.921592871150864,True,0.16333333333333333,0.41505630900064716
E5-p3corr,0.3,31,E5-p3corr_e30_r031,CNmix,0.5072463768115942,23.885689413854287,True,0.23,0.41781053399972734
E1-K2cross-n100,0.0,32,E1-K2cross-n100_e00_r032,CNmix,0.89,0.10555245388181844,False,0.09,0.3980997030002982
E1-K2cross-n100,0.1,32,E1-K2cross-n100_e10_r032,CNmix,0.9411764705882353,0.1854466607227328,False,0.15,0.34213264499976503
E1-K2cross-n100,0.2,32,E1-K2cross-n100_e20_r032,CNmix,0.9625,0.16200738943128457,False,0.21,0.6737137680001979
E1-K2cross-n100,0.3,32,E1-K2cross-n100_e30_r032,CNmix,0.8636363636363636,0.24833891752451945,False,0.37,0.3731613350000771
E2-K2cross-n1000,0.0,32,E2-K2cross-n1000_e00_r032,CNmix,0.91,0.08068256984946147,False,0.005,1.8410750760003793
E2-K2cross-n1000,0.1,32,E2-K2cross-n1000_e10_r032,CNmix,0.9254237288135593,0.06798448863674854,False,0.116,1.468745308000507
E2-K2cross-n1000,0.2,32,E2-K2cross-n1000_e20_r032,CNmix,0.9090909090909091,0.041425895679308586,False,0.216,0.8821093039996413
E2-K2cross-n1000,0.3,32,E2-K2cross-n1000_e30_r032,CNmix,0.9044006069802731,0.07897122929250958,False,0.361,0.8017123889994764
E3-unequal-n1000,0.0,32,E3-unequal-n1000_e00_r032,CNmix,0.922,0.0652974785762191,False,0.0,0.8319286200003262
E3-unequal-n1000,0.1,32,E3-unequal-n1000_e10_r032,CNmix,0.9043869516310461,0.058911730315415314,False,0.114,0.9029157040004065
E3-unequal-n1000,0.2,32,E3-unequal-n1000_e20_r032,CNmix,0.9169909208819714,0.02078256159883187,False,0.236,1.493456146000426
E3-unequal-n1000,0.3,32,E3-unequal-n1000_e30_r032,CNmix,0.9057142857142857,0.042033450698691625,False,0.308,0.7448662110000441
E4-K4par,0.0,32,E4-K4par_e00_r032,CNmix,0.9775,0.34082259136689697,False,0.1075,1.5736516369997844
E4-K4par,0.1,32,E4-K4par_e10_r032,CNmix,0.9634831460674157,0.11601354988047419,False,0.1925,1.6823757239999395
E4-K4par,0.2,32,E4-K4par_e20_r032,CNmix,0.7303030303030303,7.125764779520013,False,0.165,0.9626642120001634
E4-K4par,0.3,32,E4-K4par_e30_r032,CNmix,0.30714285714285716,18.1497609939199,True,0.0,1.1254218679996484
E5-p3corr,0.0,32,E5-p3corr_e00_r032,CNmix,0.8833333333333333,0.07485721530252243,False,0.0,0.5130669539994415
E5-p3corr,0.1,32,E5-p3corr_e10_r032,CNmix,0.8897338403041825,0.10298678502904757,False,0.12666666666666668,0.6387822530004996
E5-p3corr,0.2,32,E5-p3corr_e20_r032,CNmix,0.9196787148594378,0.12199495833293884,False,0.17,1.09690430900082
E5-p3corr,0.3,32,E5-p3corr_e30_r032,CNmix,0.5048543689320388,19.014335681581695,True,0.26666666666666666,0.5322816190000594
E1-K2cross-n100,0.0,33,E1-K2cross-n100_e00_r033,CNmix,0.93,0.10346582597456332,False,0.0,0.34421483899950545
E1-K2cross-n100,0.1,33,E1-K2cross-n100_e10_r033,CNmix,0.9318181818181818,0.20200215447706915,False,0.12,0.3626261350000277
E1-K2cross-n100,0.2,33,E1-K2cross-n100_e20_r033,CNmix,0.9342105263157895,0.5122140821390431,False,0.27,0.38681369300047663
E1-K2cross-n100,0.3,33,E1-K2cross-n100_e30_r033,CNmix,0.9402985074626866,0.3296544687054894,False,0.34,0.34634517100039375
E2-K2cross-n1000,0.0,33,E2-K2cross-n1000_e00_r033,CNmix,0.897,0.09938205204923532,False,0.001,0.8406891819995508
E2-K2cross-n1000,0.1,33,E2-K2cross-n1000_e10_r033,CNmix,0.9078651685393259,0.04099189344762033,False,0.113,1.4354976929998884
E2-K2cross-n1000,0.2,33,E2-K2cross-n1000_e20_r033,CNmix,0.9089775561097256,0.060273210884968696,False,0.207,0.8428255009994245
E2-K2cross-n1000,0.3,33,E2-K2cross-n1000_e30_r033,CNmix,0.9204545454545454,0.02413520759878074,False,0.309,0.8518877469996369
E3-unequal-n1000,0.0,33,E3-unequal-n1000_e00_r033,CNmix,0.919,0.08233444992719584,False,0.001,1.6018620619997819
E3-unequal-n1000,0.1,33,E3-unequal-n1000_e10_r033,CNmix,0.922384701912261,0.03924492861748208,False,0.114,1.8632367129994236
E3-unequal-n1000,0.2,33,E3-unequal-n1000_e20_r033,CNmix,0.9138991389913899,0.10780595827361639,False,0.194,1.0227181350001047
E3-unequal-n1000,0.3,33,E3-unequal-n1000_e30_r033,CNmix,0.9164305949008499,0.04854788602927873,False,0.307,0.8410214320001614
E4-K4par,0.0,33,E4-K4par_e00_r033,CNmix,0.97,0.2149425161830667,False,0.0175,1.5281770880001204
E4-K4par,0.1,33,E4-K4par_e10_r033,CNmix,0.699724517906336,4.55352339668936,True,0.0875,0.8314441120000993
E4-K4par,0.2,33,E4-K4par_e20_r033,CNmix,0.6930379746835443,18.06447714687941,True,0.15,0.8089898519992857
E4-K4par,0.3,33,E4-K4par_e30_r033,CNmix,0.5620437956204379,17.028634930339695,True,0.2025,0.9662207410001429
E5-p3corr,0.0,33,E5-p3corr_e00_r033,CNmix,0.9133333333333333,0.2584054101599709,False,0.0,0.5042296579995309
E5-p3corr,0.1,33,E5-p3corr_e10_r033,CNmix,0.9044117647058824,0.10498198426144933,False,0.09666666666666666,0.5081037700001616
E5-p3corr,0.2,33,E5-p3corr_e20_r033,CNmix,0.8818565400843882,0.153852804099622,False,0.21666666666666667,1.0053469019994736
E5-p3corr,0.3,33,E5-p3corr_e30_r033,CNmix,0.8743961352657005,0.09842954361771439,False,0.3233333333333333,0.5880033359999288
E1-K2cross-n100,0.0,34,E1-K2cross-n100_e00_r034,CNmix,0.93,0.34558296613191225,False,0.2,0.3640849650000746
E1-K2cross-n100,0.1,34,E1-K2cross-n100_e10_r034,CNmix,0.9090909090909091,0.2486317799933464,False,0.12,0.3410790909993011
E1-K2cross-n100,0.2,34,E1-K2cross-n100_e20_r034,CNmix,0.8674698795180723,0.16957748391555838,False,0.17,0.3971447490002902
E1-K2cross-n100,0.3,34,E1-K2cross-n100_e30_r034,CNmix,0.9552238805970149,0.35089190940511994,False,0.34,0.25265275499987183
E2-K2cross-n1000,0.0,34,E2-K2cross-n1000_e00_r034,CNmix,0.916,0.035450069457667786,False,0.0,0.5437591509999038
E2-K2cross-n1000,0.1,34,E2-K2cross-n1000_e10_r034,CNmix,0.8972677595628415,0.10795214870570312,False,0.086,0.988888875000157
E2-K2cross-n1000,0.2,34,E2-K2cross-n1000_e20_r034,CNmix,0.8977832512315271,0.03322203513830213,False,0.193,0.7695982350005579
E2-K2cross-n1000,0.3,34,E2-K2cross-n1000_e30_r034,CNmix,0.9176136363636364,0.10419017195631831,False,0.308,1.1137737319995722
E3-unequal-n1000,0.0,34,E3-unequal-n1000_e00_r034,CNmix,0.913,0.04208821104363447,False,0.071,0.7613234020000164
E3-unequal-n1000,0.1,34,E3-unequal-n1000_e10_r034,CNmix,0.9049217002237137,0.018880389596894805,False,0.11,0.960047847000169
E3-unequal-n1000,0.2,34,E3-unequal-n1000_e20_r034,CNmix,0.9299754299754299,0.058933767173053535,False,0.194,1.082295017999968
E3-unequal-n1000,0.3,34,E3-unequal-n1000_e30_r034,CNmix,0.90625,0.043307295077960474,False,0.315,0.5992364769999767
E4-K4par,0.0,34,E4-K4par_e00_r034,CNmix,0.965,0.09882745338143606,False,0.08,1.0505666230001225
E4-K4par,0.1,34,E4-K4par_e10_r034,CNmix,0.9719887955182073,0.12818540526272004,False,0.1075,1.7137315119998675
E4-K4par,0.2,34,E4-K4par_e20_r034,CNmix,0.7115987460815048,6.717965321623147,False,0.18,1.2718129020004199
E4-K4par,0.3,34,E4-K4par_e30_r034,CNmix,0.7427536231884058,17.331662116283994,False,0.195,0.7876471079998737
E5-p3corr,0.0,34,E5-p3corr_e00_r034,CNmix,0.9166666666666666,0.2103816988711302,False,0.0,0.29637997200006794
E5-p3corr,0.1,34,E5-p3corr_e10_r034,CNmix,0.9063670411985019,0.06902897506747643,False,0.11666666666666667,0.8019167929996911
E5-p3corr,0.2,34,E5-p3corr_e20_r034,CNmix,0.9240506329113924,0.11599241307816917,False,0.22,0.30125952799971856
E5-p3corr,0.3,34,E5-p3corr_e30_r034,CNmix,0.943127962085308,0.18297826705739983,False,0.3,0.3020813779994569
E1-K2cross-n100,0.0,35,E1-K2cross-n100_e00_r035,CNmix,0.97,0.14680648226662774,False,0.0,0.31949126400013483
E1-K2cross-n100,0.1,35,E1-K2cross-n100_e10_r035,CNmix,0.9325842696629213,0.10897262321666043,False,0.11,0.3293166209996343
E1-K2cross-n100,0.2,35,E1-K2cross-n100_e20_r035,CNmix,0.9012345679012346,0.17847523524523123,False,0.2,0.32503830200039374
E1-K2cross-n100,0.3,35,E1-K2cross-n100_e30_r035,CNmix,0.9,0.4599529707012497,False,0.31,0.2697216130000015
E2-K2cross-n1000,0.0,35,E2-K2cross-n1000_e00_r035,CNmix,0.886,0.06160809015574121,False,0.0,0.5208386430003884
E2-K2cross-n1000,0.1,35,E2-K2cross-n1000_e10_r035,CNmix,0.9255079006772009,0.0608417948016956,False,0.12,1.4593909479999638
E2-K2cross-n1000,0.2,35,E2-K2cross-n1000_e20_r035,CNmix,0.9206349206349206,0.04881221409760086,False,0.191,1.1505325650005034
E2-K2cross-n1000,0.3,35,E2-K2cross-n1000_e30_r035,CNmix,0.9055793991416309,0.047434621090995666,False,0.317,0.9822794940000676
E3-unequal-n1000,0.0,35,E3-unequal-n1000_e00_r035,CNmix,0.924,0.042607727712008985,False,0.186,1.8304000079997422
E3-unequal-n1000,0.1,35,E3-unequal-n1000_e10_r035,CNmix,0.9223194748358862,0.04840999828891946,False,0.089,0.7814041420006106
E3-unequal-n1000,0.2,35,E3-unequal-n1000_e20_r035,CNmix,0.9167701863354037,0.042665959724146975,False,0.201,0.7945994570000039
E3-unequal-n1000,0.3,35,E3-unequal-n1000_e30_r035,CNmix,0.9167842031029619,0.0367766185083422,False,0.301,0.7866015279996645
E4-K4par,0.0,35,E4-K4par_e00_r035,CNmix,0.7275,1.9991651123074914,False,0.0,1.0023655169998165
E4-K4par,0.1,35,E4-K4par_e10_r035,CNmix,0.7592067988668555,9.95838251671324,False,0.0975,1.5349534759998278
E4-K4par,0.2,35,E4-K4par_e20_r035,CNmix,0.5468277945619335,9.615649703628934,True,0.155,1.2392042189994754
E4-K4par,0.3,35,E4-K4par_e30_r035,CNmix,0.5207547169811321,18.179156388364262,True,0.1725,0.4263319440005944
E5-p3corr,0.0,35,E5-p3corr_e00_r035,CNmix,0.8866666666666667,0.09336994863426407,False,0.013333333333333334,0.21585308900012024
E5-p3corr,0.1,35,E5-p3corr_e10_r035,CNmix,0.8985507246376812,0.07636558885203922,False,0.08,0.4370531469994603
E5-p3corr,0.2,35,E5-p3corr_e20_r035,CNmix,0.8875,0.15414763451811875,False,0.20666666666666667,0.3768230690002383
E5-p3corr,0.3,35,E5-p3corr_e30_r035,CNmix,0.9209302325581395,0.1636651809544114,False,0.2966666666666667,0.6339409760003036
E1-K2cross-n100,0.0,36,E1-K2cross-n100_e00_r036,CNmix,0.91,0.08545761051435244,False,0.0,0.1623285149998992
E1-K2cross-n100,0.1,36,E1-K2cross-n100_e10_r036,CNmix,0.9,0.15253780191461647,False,0.1,0.19687610999972094
E1-K2cross-n100,0.2,36,E1-K2cross-n100_e20_r036,CNmix,0.9315068493150684,0.16889161860600582,False,0.27,0.38270204399941576
E1-K2cross-n100,0.3,36,E1-K2cross-n100_e30_r036,CNmix,0.9736842105263158,0.2291159406518119,False,0.24,0.26511895099974936
E2-K2cross-n1000,0.0,36,E2-K2cross-n1000_e00_r036,CNmix,0.909,0.06377911938561565,False,0.0,1.1515375509998194
E2-K2cross-n1000,0.1,36,E2-K2cross-n1000_e10_r036,CNmix,0.9207920792079208,0.1050082413738788,False,0.093,0.9099342429999524
E2-K2cross-n1000,0.2,36,E2-K2cross-n1000_e20_r036,CNmix,0.9160401002506265,0.04876214710169827,False,0.215,1.031048596999426
E2-K2cross-n1000,0.3,36,E2-K2cross-n1000_e30_r036,CNmix,0.889795918367347,0.05322570229112514,False,0.272,0.719187366999904
E3-unequal-n1000,0.0,36,E3-unequal-n1000_e00_r036,CNmix,0.924,0.02864128339199512,False,0.0,0.6531355280003481
E3-unequal-n1000,0.1,36,E3-unequal-n1000_e10_r036,CNmix,0.9069239500567536,0.05832205086068498,False,0.12,0.9673206779998509
E3-unequal-n1000,0.2,36,E3-unequal-n1000_e20_r036,CNmix,0.9138576779026217,0.1621248567636102,False,0.203,1.0406685520001702
E3-unequal-n1000,0.3,36,E3-unequal-n1000_e30_r036,CNmix,0.9297752808988764,0.041661588765485286,False,0.299,1.0028601099993466
E4-K4par,0.0,36,E4-K4par_e00_r036,CNmix,0.7175,9.272686286719438,False,0.0,0.7690952279999692
E4-K4par,0.1,36,E4-K4par_e10_r036,CNmix,0.739010989010989,5.948389062355126,False,0.08,1.650556790000337
E4-K4par,0.2,36,E4-K4par_e20_r036,CNmix,0.959375,0.25014564464982314,False,0.2125,0.679015614000491
E4-K4par,0.3,36,E4-K4par_e30_r036,CNmix,0.49473684210526314,18.793640214804547,True,0.285,0.9827106229995479
E5-p3corr,0.0,36,E5-p3corr_e00_r036,CNmix,0.91,0.23612287192045792,False,0.07,1.1125140140002259
E5-p3corr,0.1,36,E5-p3corr_e10_r036,CNmix,0.9301470588235294,0.09856013266797188,False,0.09333333333333334,0.5388227290004579
E5-p3corr,0.2,36,E5-p3corr_e20_r036,CNmix,0.9047619047619048,0.14767127148082976,False,0.24666666666666667,0.7833925559998534
E5-p3corr,0.3,36,E5-p3corr_e30_r036,CNmix,0.6487804878048781,14.862488672873232,True,0.31666666666666665,0.47809198100003414
E1-K2cross-n100,0.0,37,E1-K2cross-n100_e00_r037,CNmix,0.88,0.2021658466351486,False,0.0,0.16016882800067833
E1-K2cross-n100,0.1,37,E1-K2cross-n100_e10_r037,CNmix,0.8888888888888888,0.243932304117181,False,0.1,0.29453373399974225
E1-K2cross-n100,0.2,37,E1-K2cross-n100_e20_r037,CNmix,0.9230769230769231,0.15732401041441002,False,0.22,0.3873876330007988
E1-K2cross-n100,0.3,37,E1-K2cross-n100_e30_r037,CNmix,0.9253731343283582,0.08658132143547317,False,0.33,0.3228848239996296
E2-K2cross-n1000,0.0,37,E2-K2cross-n1000_e00_r037,CNmix,0.913,0.06824288954087952,False,0.306,1.3793761130000348
E2-K2cross-n1000,0.1,37,E2-K2cross-n1000_e10_r037,CNmix,0.917607223476298,0.11651524725690195,False,0.117,0.9498898039992127
E2-K2cross-n1000,0.2,37,E2-K2cross-n1000_e20_r037,CNmix,0.9,0.029828447041861435,False,0.209,0.9472107710007549
E2-K2cross-n1000,0.3,37,E2-K2cross-n1000_e30_r037,CNmix,0.9029957203994294,0.12771990790468887,False,0.303,0.9339648029999807
E3-unequal-n1000,0.0,37,E3-unequal-n1000_e00_r037,CNmix,0.902,0.03355928218061761,False,0.177,1.6996106009992218
E3-unequal-n1000,0.1,37,E3-unequal-n1000_e10_r037,CNmix,0.9077777777777778,0.07176515056596396,False,0.104,0.9932324790006533
E3-unequal-n1000,0.2,37,E3-unequal-n1000_e20_r037,CNmix,0.9181141439205955,0.06278095406008916,False,0.205,0.7812727110003834
E3-unequal-n1000,0.3,37,E3-unequal-n1000_e30_r037,CNmix,0.9087018544935807,0.03968251832105696,False,0.309,1.2333769079996273
E4-K4par,0.0,37,E4-K4par_e00_r037,CNmix,0.6375,3.9162371075480955,True,0.0,1.6749695529997553
E4-K4par,0.1,37,E4-K4par_e10_r037,CNmix,0.6777777777777778,4.035099143055864,True,0.1,1.60530041399943
E4-K4par,0.2,37,E4-K4par_e20_r037,CNmix,0.7314814814814815,12.058343701100803,False,0.18,1.5665498480002498
E4-K4par,0.3,37,E4-K4par_e30_r037,CNmix,0.49635036496350365,17.82962830241922,True,0.0,0.8069012109999676
E5-p3corr,0.0,37,E5-p3corr_e00_r037,CNmix,0.91,0.0961144763389532,False,0.10666666666666667,0.6652515139994648
E5-p3corr,0.1,37,E5-p3corr_e10_r037,CNmix,0.9094202898550725,0.09773731069859115,False,0.08666666666666667,0.9811246449999089
E5-p3corr,0.2,37,E5-p3corr_e20_r037,CNmix,0.9304347826086956,0.16076248227594925,False,0.24333333333333335,0.5850686330004464
E5-p3corr,0.3,37,E5-p3corr_e30_r037,CNmix,0.505,24.241744190605544,True,0.23666666666666666,0.5116790780002702
E1-K2cross-n100,0.0,38,E1-K2cross-n100_e00_r038,CNmix,0.92,0.13341179756503774,False,0.01,0.36823077799999737
E1-K2cross-n100,0.1,38,E1-K2cross-n100_e10_r038,CNmix,0.898876404494382,0.21332923878291657,False,0.11,0.42444667700056016
E1-K2cross-n100,0.2,38,E1-K2cross-n100_e20_r038,CNmix,0.821917808219178,0.26335598931028853,False,0.29,0.43308811000042624
E1-K2cross-n100,0.3,38,E1-K2cross-n100_e30_r038,CNmix,0.8405797101449275,0.1776118730092786,False,0.33,0.518266379999659
E2-K2cross-n1000,0.0,38,E2-K2cross-n1000_e00_r038,CNmix,0.904,0.05035575258299718,False,0.019,1.657166328999665
E2-K2cross-n1000,0.1,38,E2-K2cross-n1000_e10_r038,CNmix,0.9107929515418502,0.040640261659353326,False,0.097,0.7576965329999439
E2-K2cross-n1000,0.2,38,E2-K2cross-n1000_e20_r038,CNmix,0.90920245398773,0.08118019124352069,False,0.192,0.9195410550000815
E2-K2cross-n1000,0.3,38,E2-K2cross-n1000_e30_r038,CNmix,0.9215116279069767,0.07153296426377138,False,0.324,0.5612368149995746
E3-unequal-n1000,0.0,38,E3-unequal-n1000_e00_r038,CNmix,0.909,0.07442670709514773,False,0.004,1.5831417899998996
E3-unequal-n1000,0.1,38,E3-unequal-n1000_e10_r038,CNmix,0.9144444444444444,0.06589378113626136,False,0.103,0.7803971850007656
E3-unequal-n1000,0.2,38,E3-unequal-n1000_e20_r038,CNmix,0.9201520912547528,0.09178514085779076,False,0.218,1.1937590180004918
E3-unequal-n1000,0.3,38,E3-unequal-n1000_e30_r038,CNmix,0.9209039548022598,0.05965557093020313,False,0.302,1.0513843839999026
E4-K4par,0.0,38,E4-K4par_e00_r038,CNmix,0.7525,59.375529001696975,False,0.0,0.6931113640002877
E4-K4par,0.1,38,E4-K4par_e10_r038,CNmix,0.7698630136986301,10.83982346269772,False,0.0725,0.7734891890004292
E4-K4par,0.2,38,E4-K4par_e20_r038,CNmix,0.7207207207207207,11.054329203663729,False,0.1525,0.7544234609995328
E4-K4par,0.3,38,E4-K4par_e30_r038,CNmix,0.5218978102189781,17.828261707711132,True,0.05,0.8965024760000233
E5-p3corr,0.0,38,E5-p3corr_e00_r038,CNmix,0.9133333333333333,0.12803387153014611,False,0.0,0.3916707790003784
E5-p3corr,0.1,38,E5-p3corr_e10_r038,CNmix,0.940959409594096,0.10030642890390129,False,0.09666666666666666,1.124660732000848
E5-p3corr,0.2,38,E5-p3corr_e20_r038,CNmix,0.9051724137931034,0.18369970254301238,False,0.23333333333333334,0.6512312909999309
E5-p3corr,0.3,38,E5-p3corr_e30_r038,CNmix,0.5165876777251185,23.378511266597332,True,0.16666666666666666,0.5403899339999043
E1-K2cross-n100,0.0,39,E1-K2cross-n100_e00_r039,CNmix,0.92,0.05524730662315307,False,0.0,0.47817471799953637
E1-K2cross-n100,0.1,39,E1-K2cross-n100_e10_r039,CNmix,0.9213483146067416,0.1586439093535219,False,0.13,0.48323549299948354
E1-K2cross-n100,0.2,39,E1-K2cross-n100_e20_r039,CNmix,0.9473684210526315,0.11998613744585329,False,0.28,0.406883843000287
E1-K2cross-n100,0.3,39,E1-K2cross-n100_e30_r039,CNmix,0.9076923076923077,0.19194614298676735,False,0.37,0.3499463550006112
E2-K2cross-n1000,0.0,39,E2-K2cross-n1000_e00_r039,CNmix,0.925,0.15111630578654706,False,0.025,1.8196173420001287
E2-K2cross-n1000,0.1,39,E2-K2cross-n1000_e10_r039,CNmix,0.9016393442622951,0.03347407208256457,False,0.089,0.8099229170002218
E2-K2cross-n1000,0.2,39,E2-K2cross-n1000_e20_r039,CNmix,0.9052496798975672,0.02679188008324629,False,0.227,1.2554736470001444
E2-K2cross-n1000,0.3,39,E2-K2cross-n1000_e30_r039,CNmix,0.9124820659971306,0.08948922508868021,False,0.315,0.9074009349997141
E3-unequal-n1000,0.0,39,E3-unequal-n1000_e00_r039,CNmix,0.895,0.03219044580399548,False,0.016,1.5470625210000435
E3-unequal-n1000,0.1,39,E3-unequal-n1000_e10_r039,CNmix,0.9299014238773274,0.07404744944622654,False,0.088,0.8253568919999452
E3-unequal-n1000,0.2,39,E3-unequal-n1000_e20_r039,CNmix,0.9178255372945638,0.04503502723661386,False,0.22,0.8284068850007316
E3-unequal-n1000,0.3,39,E3-unequal-n1000_e30_r039,CNmix,0.8962962962962963,0.10974407063519426,False,0.343,0.7398404769992339
E4-K4par,0.0,39,E4-K4par_e00_r039,CNmix,0.945,0.32655183701324386,False,0.0975,1.649141530999259
E4-K4par,0.1,39,E4-K4par_e10_r039,CNmix,0.6994535519125683,14.470614366417895,True,0.085,1.0835468229997787
E4-K4par,0.2,39,E4-K4par_e20_r039,CNmix,0.7301587301587301,19.078216637935927,False,0.2025,0.8351536139998643
E4-K4par,0.3,39,E4-K4par_e30_r039,CNmix,0.5352112676056338,21.23488397867591,True,0.2925,1.1629903670000203
E5-p3corr,0.0,39,E5-p3corr_e00_r039,CNmix,0.9266666666666666,0.09985515653882193,False,0.0,0.3752683659995455
E5-p3corr,0.1,39,E5-p3corr_e10_r039,CNmix,0.8985507246376812,0.18285171519121493,False,0.08333333333333333,0.5503466310001386
E5-p3corr,0.2,39,E5-p3corr_e20_r039,CNmix,0.8808510638297873,0.25440551577982295,False,0.22666666666666666,0.6761034929995731
E5-p3corr,0.3,39,E5-p3corr_e30_r039,CNmix,0.9047619047619048,0.07854638990033994,False,0.30333333333333334,0.6618953300003341
E1-K2cross-n100,0.0,40,E1-K2cross-n100_e00_r040,CNmix,0.94,0.10858113552969624,False,0.01,0.4391340880001735
E1-K2cross-n100,0.1,40,E1-K2cross-n100_e10_r040,CNmix,0.9230769230769231,0.20945307266159396,False,0.1,0.3987631339996369
E1-K2cross-n100,0.2,40,E1-K2cross-n100_e20_r040,CNmix,0.8717948717948718,0.1069691230080436,False,0.23,0.7351371980003023
E1-K2cross-n100,0.3,40,E1-K2cross-n100_e30_r040,CNmix,0.9714285714285714,0.3728894114729112,False,0.31,0.40252582199991593
E2-K2cross-n1000,0.0,40,E2-K2cross-n1000_e00_r040,CNmix,0.898,0.06206530666755874,False,0.0,0.7147145730004922
E2-K2cross-n1000,0.1,40,E2-K2cross-n1000_e10_r040,CNmix,0.9357997823721437,0.018282208757969487,False,0.082,0.9949103129993091
E2-K2cross-n1000,0.2,40,E2-K2cross-n1000_e20_r040,CNmix,0.9092039800995025,0.023626483531864664,False,0.207,0.9232576089998474
E2-K2cross-n1000,0.3,40,E2-K2cross-n1000_e30_r040,CNmix,0.909985935302391,0.07047149502855969,False,0.3,1.013864053999896
E3-unequal-n1000,0.0,40,E3-unequal-n1000_e00_r040,CNmix,0.925,0.06882292921193411,False,0.0,0.5491416310005661
E3-unequal-n1000,0.1,40,E3-unequal-n1000_e10_r040,CNmix,0.9031903190319032,0.05483837308659401,False,0.093,0.5882790260002366
E3-unequal-n1000,0.2,40,E3-unequal-n1000_e20_r040,CNmix,0.9159347553324969,0.15690539918463473,False,0.212,1.034927728999719
E3-unequal-n1000,0.3,40,E3-unequal-n1000_e30_r040,CNmix,0.8892045454545454,0.03166578139937782,False,0.306,0.740891677000036
E4-K4par,0.0,40,E4-K4par_e00_r040,CNmix,0.72,2.0541106892256655,False,0.0,0.4999226899999485
E4-K4par,0.1,40,E4-K4par_e10_r040,CNmix,0.6776859504132231,10.041847549342334,True,0.0875,1.0425498229997174
E4-K4par,0.2,40,E4-K4par_e20_r040,CNmix,0.5208333333333334,19.697846006899788,True,0.0975,0.5943911720005417
E4-K4par,0.3,40,E4-K4par_e30_r040,CNmix,0.5296296296296297,17.45581880126441,True,0.0,0.7294941309992282
E5-p3corr,0.0,40,E5-p3corr_e00_r040,CNmix,0.91,0.10474199436972713,False,0.0033333333333333335,0.25283342500006256
E5-p3corr,0.1,40,E5-p3corr_e10_r040,CNmix,0.9377289377289377,0.13143037324323853,False,0.09,0.29863431800004037
E5-p3corr,0.2,40,E5-p3corr_e20_r040,CNmix,0.8647540983606558,0.08519913818087033,False,0.2,0.4531667870005549
E5-p3corr,0.3,40,E5-p3corr_e30_r040,CNmix,0.5688073394495413,10.572907807513342,True,0.25333333333333335,0.2643545710006947
E1-K2cross-n100,0.0,41,E1-K2cross-n100_e00_r041,CNmix,0.91,0.07804472428042984,False,0.15,0.3095748280002226
E1-K2cross-n100,0.1,41,E1-K2cross-n100_e10_r041,CNmix,0.875,0.21705758889408572,False,0.12,0.3106773769995925
E1-K2cross-n100,0.2,41,E1-K2cross-n100_e20_r041,CNmix,0.875,0.2791382572621633,False,0.21,0.31144570800006477
E1-K2cross-n100,0.3,41,E1-K2cross-n100_e30_r041,CNmix,0.948051948051948,0.1576843286771655,False,0.24,0.3468902019994857
E2-K2cross-n1000,0.0,41,E2-K2cross-n1000_e00_r041,CNmix,0.91,0.046643315730943616,False,0.0,0.593838789000074
E2-K2cross-n1000,0.1,41,E2-K2cross-n1000_e10_r041,CNmix,0.9011235955056179,0.04897961175674186,False,0.113,0.7584304700003486
E2-K2cross-n1000,0.2,41,E2-K2cross-n1000_e20_r041,CNmix,0.9164619164619164,0.026763005853403212,False,0.193,0.5755485070003488
E2-K2cross-n1000,0.3,41,E2-K2cross-n1000_e30_r041,CNmix,0.9004392386530015,0.04844249951258567,False,0.333,0.4319664360000388
E3-unequal-n1000,0.0,41,E3-unequal-n1000_e00_r041,CNmix,0.913,0.06614331340897173,False,0.003,0.5163520429996424
E3-unequal-n1000,0.1,41,E3-unequal-n1000_e10_r041,CNmix,0.9075907590759076,0.03594674240754473,False,0.093,0.5305515869995361
E3-unequal-n1000,0.2,41,E3-unequal-n1000_e20_r041,CNmix,0.9090909090909091,0.07145973126535728,False,0.19,0.5619901149993893
E3-unequal-n1000,0.3,41,E3-unequal-n1000_e30_r041,CNmix,0.9352112676056338,0.07233813034897496,False,0.309,0.7270188960001178
E4-K4par,0.0,41,E4-K4par_e00_r041,CNmix,0.7175,92.56355180187349,False,0.0,0.4320293380005751
E4-K4par,0.1,41,E4-K4par_e10_r041,CNmix,0.712707182320442,6.070201491693296,False,0.0825,0.5073972410000351
E4-K4par,0.2,41,E4-K4par_e20_r041,CNmix,0.5,12.744759335196676,True,0.17,1.0955889249999018
E4-K4par,0.3,41,E4-K4par_e30_r041,CNmix,0.34615384615384615,18.97568744404342,True,0.0,0.5385564640000666
E5-p3corr,0.0,41,E5-p3corr_e00_r041,CNmix,0.9266666666666666,0.1262937420353734,False,0.0,0.3219339589995798
E5-p3corr,0.1,41,E5-p3corr_e10_r041,CNmix,0.9107142857142857,0.06052691422371554,False,0.07,0.5850998320001963
E5-p3corr,0.2,41,E5-p3corr_e20_r041,CNmix,0.8884297520661157,0.16684266623345523,False,0.19666666666666666,0.508313704000102
E5-p3corr,0.3,41,E5-p3corr_e30_r041,CNmix,0.9408866995073891,0.143301494147476,False,0.33,0.38004666899996664
E1-K2cross-n100,0.0,42,E1-K2cross-n100_e00_r042,CNmix,0.9,0.28418235095415295,False,0.17,0.20561512099993706
E1-K2cross-n100,0.1,42,E1-K2cross-n100_e10_r042,CNmix,0.8617021276595744,0.10181877483672777,False,0.06,0.21517879299972265
E1-K2cross-n100,0.2,42,E1-K2cross-n100_e20_r042,CNmix,0.8860759493670886,0.25025764340234136,False,0.21,0.39168170600078156
E1-K2cross-n100,0.3,42,E1-K2cross-n100_e30_r042,CNmix,0.9493670886075949,0.04317992112245017,False,0.21,0.3530502080002407
E2-K2cross-n1000,0.0,42,E2-K2cross-n1000_e00_r042,CNmix,0.898,0.09628200463620938,False,0.014,1.0425957300003574
E2-K2cross-n1000,0.1,42,E2-K2cross-n1000_e10_r042,CNmix,0.9182530795072789,0.058090995236942826,False,0.11,0.4875967520001723
E2-K2cross-n1000,0.2,42,E2-K2cross-n1000_e20_r042,CNmix,0.9157232704402516,0.03289804517086358,False,0.214,0.7029372320002949
E2-K2cross-n1000,0.3,42,E2-K2cross-n1000_e30_r042,CNmix,0.9225251076040172,0.0326339194682321,False,0.314,0.6120372570003383
E3-unequal-n1000,0.0,42,E3-unequal-n1000_e00_r042,CNmix,0.9,0.07850689203058211,False,0.072,1.3543951349993222
E3-unequal-n1000,0.1,42,E3-unequal-n1000_e10_r042,CNmix,0.9252437703141928,0.013216191565644207,False,0.079,0.7754354129992862
E3-unequal-n1000,0.2,42,E3-unequal-n1000_e20_r042,CNmix,0.9124365482233503,0.15385749131616303,False,0.223,0.826985503999822
E3-unequal-n1000,0.3,42,E3-unequal-n1000_e30_r042,CNmix,0.9265367316341829,0.058711404390997785,False,0.339,0.6750846109998747
E4-K4par,0.0,42,E4-K4par_e00_r042,CNmix,0.75,25.457686005655415,False,0.005,0.7632636529997399
E4-K4par,0.1,42,E4-K4par_e10_r042,CNmix,0.6333333333333333,3.9246570804285152,True,0.105,0.5143760060000204
E4-K4par,0.2,42,E4-K4par_e20_r042,CNmix,0.49019607843137253,11.546645632869643,True,0.1625,0.585317147000751
E4-K4par,0.3,42,E4-K4par_e30_r042,CNmix,0.4111111111111111,18.066308387325623,True,0.045,0.6331208379997406
E5-p3corr,0.0,42,E5-p3corr_e00_r042,CNmix,0.9,0.12258130661374937,False,0.02666666666666667,0.29477539700019406
E5-p3corr,0.1,42,E5-p3corr_e10_r042,CNmix,0.9272727272727272,0.22875562654986692,False,0.08666666666666667,0.37882642000022315
E5-p3corr,0.2,42,E5-p3corr_e20_r042,CNmix,0.926530612244898,0.14031902744354285,False,0.2,0.4610154780002631
E5-p3corr,0.3,42,E5-p3corr_e30_r042,CNmix,0.5436893203883495,6.541960046020632,True,0.29333333333333333,0.30125138200037327
E1-K2cross-n100,0.0,43,E1-K2cross-n100_e00_r043,CNmix,0.97,0.20661518033626716,False,0.0,0.19329920599921024
E1-K2cross-n100,0.1,43,E1-K2cross-n100_e10_r043,CNmix,0.9347826086956522,0.34256953268490137,False,0.08,0.26944705699952465
E1-K2cross-n100,0.2,43,E1-K2cross-n100_e20_r043,CNmix,0.8589743589743589,0.2158747555059794,False,0.22,0.28166356700057804
E1-K2cross-n100,0.3,43,E1-K2cross-n100_e30_r043,CNmix,0.9210526315789473,0.07385638334838229,False,0.25,0.3961912859995209
E2-K2cross-n1000,0.0,43,E2-K2cross-n1000_e00_r043,CNmix,0.919,0.0906963466618567,False,0.0,0.4873515500003123
E2-K2cross-n1000,0.1,43,E2-K2cross-n1000_e10_r043,CNmix,0.912472647702407,0.1172128890985554,False,0.089,0.6249631760001648
E2-K2cross-n1000,0.2,43,E2-K2cross-n1000_e20_r043,CNmix,0.9209535759096612,0.06361698044157227,False,0.211,0.653315305000433
E2-K2cross-n1000,0.3,43,E2-K2cross-n1000_e30_r043,CNmix,0.9217032967032966,0.033745012747422365,False,0.282,0.8335988369999541
E3-unequal-n1000,0.0,43,E3-unequal-n1000_e00_r043,CNmix,0.914,0.03987494539239611,False,0.017,0.5473526739997396
E3-unequal-n1000,0.1,43,E3-unequal-n1000_e10_r043,CNmix,0.9204419889502763,0.19282713243170088,False,0.097,1.0736910189998525
E3-unequal-n1000,0.2,43,E3-unequal-n1000_e20_r043,CNmix,0.9071782178217822,0.05670087540667608,False,0.196,0.7631514350005091
E3-unequal-n1000,0.3,43,E3-unequal-n1000_e30_r043,CNmix,0.9090909090909091,0.10401756617971764,False,0.311,0.5291833109995423
E4-K4par,0.0,43,E4-K4par_e00_r043,CNmix,0.7375,7.10733450878835,False,0.0,0.4415438959995299
E4-K4par,0.1,43,E4-K4par_e10_r043,CNmix,0.9745042492917847,0.11445688161531509,False,0.12,1.0851209459997335
E4-K4par,0.2,43,E4-K4par_e20_r043,CNmix,0.7233333333333334,18.277138439931456,False,0.245,1.2451082160005171
E4-K4par,0.3,43,E4-K4par_e30_r043,CNmix,0.2924187725631769,184.55029447008323,True,0.0,0.585452794000048
E5-p3corr,0.0,43,E5-p3corr_e00_r043,CNmix,0.9066666666666666,0.16737380575151117,False,0.0,0.30099022000013065
E5-p3corr,0.1,43,E5-p3corr_e10_r043,CNmix,0.9154929577464789,0.11942831158116905,False,0.06333333333333334,0.4499928510003883
E5-p3corr,0.2,43,E5-p3corr_e20_r043,CNmix,0.9026548672566371,0.1927401521785752,False,0.25333333333333335,0.3829268889994637
E5-p3corr,0.3,43,E5-p3corr_e30_r043,CNmix,0.9351851851851852,0.19674357419117644,False,0.28,0.7336938629996439
E1-K2cross-n100,0.0,44,E1-K2cross-n100_e00_r044,CNmix,0.88,0.19561792347249463,False,0.0,0.18107364400020742
E1-K2cross-n100,0.1,44,E1-K2cross-n100_e10_r044,CNmix,0.9340659340659341,0.1386167466862891,False,0.09,0.3042932060006933
E1-K2cross-n100,0.2,44,E1-K2cross-n100_e20_r044,CNmix,0.974025974025974,0.20317756938867437,False,0.25,0.2700755930000014
E1-K2cross-n100,0.3,44,E1-K2cross-n100_e30_r044,CNmix,0.9066666666666666,0.19169074527563157,False,0.26,0.5869133129999682
E2-K2cross-n1000,0.0,44,E2-K2cross-n1000_e00_r044,CNmix,0.903,0.0667708577622832,False,0.001,1.0146482529999048
E2-K2cross-n1000,0.1,44,E2-K2cross-n1000_e10_r044,CNmix,0.9031180400890868,0.08856640413531489,False,0.104,0.6184654700000465
E2-K2cross-n1000,0.2,44,E2-K2cross-n1000_e20_r044,CNmix,0.8890290037831021,0.09948537957093191,False,0.209,0.6232756729996254
E2-K2cross-n1000,0.3,44,E2-K2cross-n1000_e30_r044,CNmix,0.9099099099099099,0.045597367490991525,False,0.351,0.5279174110000895
E3-unequal-n1000,0.0,44,E3-unequal-n1000_e00_r044,CNmix,0.91,0.09001789053227305,False,0.071,0.4561513649996414
E3-unequal-n1000,0.1,44,E3-unequal-n1000_e10_r044,CNmix,0.9149400218102508,0.05107026744890897,False,0.086,0.5321180110004207
E3-unequal-n1000,0.2,44,E3-unequal-n1000_e20_r044,CNmix,0.9241293532338308,0.03244063721905848,False,0.201,0.5375183520000064
E3-unequal-n1000,0.3,44,E3-unequal-n1000_e30_r044,CNmix,0.9147058823529411,0.06700117776159326,False,0.336,0.5464765770002487
E4-K4par,0.0,44,E4-K4par_e00_r044,CNmix,0.96,0.1388951146385029,False,0.0,0.9344871330004025
E4-K4par,0.1,44,E4-K4par_e10_r044,CNmix,0.7083333333333334,7.100812484433747,False,0.085,1.0771573439997155
E4-K4par,0.2,44,E4-K4par_e20_r044,CNmix,0.58125,12.886099532558429,True,0.19,1.0399887460007449
E4-K4par,0.3,44,E4-K4par_e30_r044,CNmix,0.3029197080291971,17.038271742826016,True,0.0,0.6969373160000032
E5-p3corr,0.0,44,E5-p3corr_e00_r044,CNmix,0.9066666666666666,0.14758104584260684,False,0.0,0.28064448599980096
E5-p3corr,0.1,44,E5-p3corr_e10_r044,CNmix,0.9063670411985019,0.1401598526500648,False,0.11333333333333333,0.3370629189994361
E5-p3corr,0.2,44,E5-p3corr_e20_r044,CNmix,0.9409282700421941,0.10040219806567283,False,0.21333333333333335,0.49496638999971765
E5-p3corr,0.3,44,E5-p3corr_e30_r044,CNmix,0.9386792452830188,0.2014360296121955,False,0.3,0.3806491699997423
E1-K2cross-n100,0.0,45,E1-K2cross-n100_e00_r045,CNmix,0.86,0.38957426684399715,False,0.0,0.23822223200022563
E1-K2cross-n100,0.1,45,E1-K2cross-n100_e10_r045,CNmix,0.8901098901098901,0.35595724377947724,False,0.09,0.2489347969994924
E1-K2cross-n100,0.2,45,E1-K2cross-n100_e20_r045,CNmix,0.9036144578313253,0.18082011295968647,False,0.18,0.21455929900002957
E1-K2cross-n100,0.3,45,E1-K2cross-n100_e30_r045,CNmix,0.927536231884058,0.1369895476548979,False,0.32,0.28386237299946515
E2-K2cross-n1000,0.0,45,E2-K2cross-n1000_e00_r045,CNmix,0.915,0.04756480102285887,False,0.0,0.4377979310002047
E2-K2cross-n1000,0.1,45,E2-K2cross-n1000_e10_r045,CNmix,0.9187082405345212,0.10112512074014549,False,0.104,0.4770743240005686
E2-K2cross-n1000,0.2,45,E2-K2cross-n1000_e20_r045,CNmix,0.9144981412639405,0.04023690001101282,False,0.202,0.580750572999932
E2-K2cross-n1000,0.3,45,E2-K2cross-n1000_e30_r045,CNmix,0.9040114613180515,0.10694574552881064,False,0.322,0.552926321999621
E3-unequal-n1000,0.0,45,E3-unequal-n1000_e00_r045,CNmix,0.925,0.08951107246079043,False,0.0,0.3959930090004491
E3-unequal-n1000,0.1,45,E3-unequal-n1000_e10_r045,CNmix,0.9224043715846995,0.07962771856056981,False,0.086,0.5115444220000427
E3-unequal-n1000,0.2,45,E3-unequal-n1000_e20_r045,CNmix,0.9163636363636364,0.045099764061607345,False,0.181,0.607657343000028
E3-unequal-n1000,0.3,45,E3-unequal-n1000_e30_r045,CNmix,0.9110473457675753,0.050336027348858725,False,0.311,0.41699137600062386
E4-K4par,0.0,45,E4-K4par_e00_r045,CNmix,0.755,2.0527520090843234,False,0.0,0.707474818999799
E4-K4par,0.1,45,E4-K4par_e10_r045,CNmix,0.7374301675977654,11.281098116824126,False,0.09,0.5919335050002701
E4-K4par,0.2,45,E4-K4par_e20_r045,CNmix,0.48623853211009177,11.345626131607306,True,0.13,0.5379157890001807
E4-K4par,0.3,45,E4-K4par_e30_r045,CNmix,0.2924187725631769,63.14553017200615,True,0.0,0.47888345000046684
E5-p3corr,0.0,45,E5-p3corr_e00_r045,CNmix,0.9266666666666666,0.2306613703366609,False,0.12,0.38399047199982306
E5-p3corr,0.1,45,E5-p3corr_e10_r045,CNmix,0.9314079422382672,0.25256329168425057,False,0.07666666666666666,0.4956729509995057
E5-p3corr,0.2,45,E5-p3corr_e20_r045,CNmix,0.9193548387096774,0.1242636323739752,False,0.18,0.3671763149995968
E5-p3corr,0.3,45,E5-p3corr_e30_r045,CNmix,0.5141509433962265,24.899431768241218,True,0.19,0.2758767019995503
E1-K2cross-n100,0.0,46,E1-K2cross-n100_e00_r046,CNmix,0.91,0.21899441608558734,False,0.0,0.22789460599960876
E1-K2cross-n100,0.1,46,E1-K2cross-n100_e10_r046,CNmix,0.9052631578947369,0.13689368916693168,False,0.22,0.21536915299930115
E1-K2cross-n100,0.2,46,E1-K2cross-n100_e20_r046,CNmix,0.8974358974358975,0.5106305556954569,False,0.24,0.3231452319996606
E1-K2cross-n100,0.3,46,E1-K2cross-n100_e30_r046,CNmix,0.9180327868852459,0.2256169792499445,False,0.41,0.1943703920005646
E2-K2cross-n1000,0.0,46,E2-K2cross-n1000_e00_r046,CNmix,0.908,0.04343263920109847,False,0.049,0.8719000239998422
E2-K2cross-n1000,0.1,46,E2-K2cross-n1000_e10_r046,CNmix,0.9151785714285714,0.03042675274037928,False,0.106,0.8802296809999461
E2-K2cross-n1000,0.2,46,E2-K2cross-n1000_e20_r046,CNmix,0.9094292803970223,0.06903974153815473,False,0.201,0.45695011699990573
E2-K2cross-n1000,0.3,46,E2-K2cross-n1000_e30_r046,CNmix,0.9079320113314447,0.1441487152731134,False,0.308,0.5435519039992869
E3-unequal-n1000,0.0,46,E3-unequal-n1000_e00_r046,CNmix,0.922,0.07389952129884515,False,0.0,0.508102386000246
E3-unequal-n1000,0.1,46,E3-unequal-n1000_e10_r046,CNmix,0.9014396456256921,0.06784713336169178,False,0.097,0.583514419000494
E3-unequal-n1000,0.2,46,E3-unequal-n1000_e20_r046,CNmix,0.9042944785276074,0.08796064855467646,False,0.193,1.115695321000203
E3-unequal-n1000,0.3,46,E3-unequal-n1000_e30_r046,CNmix,0.9282576866764275,0.06642222796834181,False,0.33,0.45828213400000095
E4-K4par,0.0,46,E4-K4par_e00_r046,CNmix,0.715,2.423216133139701,False,0.0425,1.0315668299999743
E4-K4par,0.1,46,E4-K4par_e10_r046,CNmix,0.712707182320442,32.89491266339011,False,0.1025,0.9373272600005293
E4-K4par,0.2,46,E4-K4par_e20_r046,CNmix,0.5911949685534591,9.717990491085407,True,0.1875,0.558276021999518
E4-K4par,0.3,46,E4-K4par_e30_r046,CNmix,0.3142857142857143,69.29492716384605,True,0.0,0.49917578199983836
E5-p3corr,0.0,46,E5-p3corr_e00_r046,CNmix,0.9266666666666666,0.14648681027696364,False,0.016666666666666666,0.29634028100008436
E5-p3corr,0.1,46,E5-p3corr_e10_r046,CNmix,0.899641577060932,0.11417135937090084,False,0.07,0.4809601280003335
E5-p3corr,0.2,46,E5-p3corr_e20_r046,CNmix,0.930327868852459,0.14547693139006282,False,0.2,0.45272591800039663
E5-p3corr,0.3,46,E5-p3corr_e30_r046,CNmix,0.5804878048780487,23.647412163206496,True,0.17666666666666667,0.28187223700024333
E1-K2cross-n100,0.0,47,E1-K2cross-n100_e00_r047,CNmix,0.98,0.20311986461299317,False,0.14,0.2767533229998662
E1-K2cross-n100,0.1,47,E1-K2cross-n100_e10_r047,CNmix,0.8817204301075269,0.20439144771404927,False,0.08,0.19589802800055622
E1-K2cross-n100,0.2,47,E1-K2cross-n100_e20_r047,CNmix,0.92,0.6410719177483138,False,0.27,0.268983740999829
E1-K2cross-n100,0.3,47,E1-K2cross-n100_e30_r047,CNmix,0.984375,0.27446639526803285,False,0.43,0.21430570800021087
E2-K2cross-n1000,0.0,47,E2-K2cross-n1000_e00_r047,CNmix,0.923,0.03742124457677063,False,0.0,0.39723141600006784
E2-K2cross-n1000,0.1,47,E2-K2cross-n1000_e10_r047,CNmix,0.9153674832962138,0.03663959627500124,False,0.104,0.7027465029996165
E2-K2cross-n1000,0.2,47,E2-K2cross-n1000_e20_r047,CNmix,0.9231707317073171,0.09660054852208955,False,0.185,0.4769657639999423
E2-K2cross-n1000,0.3,47,E2-K2cross-n1000_e30_r047,CNmix,0.9122302158273381,0.08646827775313676,False,0.321,0.4242851419994622
E3-unequal-n1000,0.0,47,E3-unequal-n1000_e00_r047,CNmix,0.926,0.08065070923624315,False,0.003,0.5452554429994052
E3-unequal-n1000,0.1,47,E3-unequal-n1000_e10_r047,CNmix,0.905788876276958,0.09426671220846528,False,0.125,0.6215850400003546
E3-unequal-n1000,0.2,47,E3-unequal-n1000_e20_r047,CNmix,0.9042821158690176,0.07066471154247278,False,0.217,0.6107422180002686
E3-unequal-n1000,0.3,47,E3-unequal-n1000_e30_r047,CNmix,0.90625,0.07217598287864369,False,0.314,0.6322789940004441
E4-K4par,0.0,47,E4-K4par_e00_r047,CNmix,0.9675,0.22423213126575758,False,0.0825,1.187866445000509
E4-K4par,0.1,47,E4-K4par_e10_r047,CNmix,0.7029972752043597,11.442790408170936,False,0.0725,0.5351894409996021
E4-K4par,0.2,47,E4-K4par_e20_r047,CNmix,0.7046153846153846,9.300935116427064,False,0.1675,0.6072178370004622
E4-K4par,0.3,47,E4-K4par_e30_r047,CNmix,0.7553956834532374,18.570878219803717,False,0.305,0.5123761940003533
E5-p3corr,0.0,47,E5-p3corr_e00_r047,CNmix,0.9233333333333333,0.11805026239606371,False,0.0,0.28253230399968743
E5-p3corr,0.1,47,E5-p3corr_e10_r047,CNmix,0.8513011152416357,0.15370088703096374,False,0.10333333333333333,0.28056181900046795
E5-p3corr,0.2,47,E5-p3corr_e20_r047,CNmix,0.9029535864978903,0.2957217517454783,False,0.22333333333333333,0.7816875090002213
E5-p3corr,0.3,47,E5-p3corr_e30_r047,CNmix,0.9571428571428572,0.24417916132097295,False,0.30666666666666664,0.39136137100013
E1-K2cross-n100,0.0,48,E1-K2cross-n100_e00_r048,CNmix,0.91,0.2119668759027978,False,0.35,0.5237962929995774
E1-K2cross-n100,0.1,48,E1-K2cross-n100_e10_r048,CNmix,0.9069767441860465,0.13410615452706684,False,0.14,0.295668638999814
E1-K2cross-n100,0.2,48,E1-K2cross-n100_e20_r048,CNmix,0.8589743589743589,0.2842868330195374,False,0.23,0.45203612800014525
E1-K2cross-n100,0.3,48,E1-K2cross-n100_e30_r048,CNmix,0.9354838709677419,0.16121816080477996,False,0.4,0.29416824800046015
E2-K2cross-n1000,0.0,48,E2-K2cross-n1000_e00_r048,CNmix,0.912,0.0524072777346036,False,0.0,0.5077032839999447
E2-K2cross-n1000,0.1,48,E2-K2cross-n1000_e10_r048,CNmix,0.9107142857142857,0.17139164457678693,False,0.106,0.5675631279991649
E2-K2cross-n1000,0.2,48,E2-K2cross-n1000_e20_r048,CNmix,0.9086357947434293,0.0945981419363492,False,0.208,0.6862756000000445
E2-K2cross-n1000,0.3,48,E2-K2cross-n1000_e30_r048,CNmix,0.9149253731343283,0.08631626228424542,False,0.344,0.8145982940004615
E3-unequal-n1000,0.0,48,E3-unequal-n1000_e00_r048,CNmix,0.909,0.05934080812577538,False,0.0,0.41611823800030834
E3-unequal-n1000,0.1,48,E3-unequal-n1000_e10_r048,CNmix,0.9198218262806236,0.016856010412294564,False,0.104,0.5565324770004736
E3-unequal-n1000,0.2,48,E3-unequal-n1000_e20_r048,CNmix,0.9023779724655819,0.08832022669629656,False,0.208,0.6539715160006381
E3-unequal-n1000,0.3,48,E3-unequal-n1000_e30_r048,CNmix,0.9149560117302052,0.07643199667909333,False,0.333,0.69119314999989
E4-K4par,0.0,48,E4-K4par_e00_r048,CNmix,0.725,14.884163015487244,False,0.035,0.7039350210006887
E4-K4par,0.1,48,E4-K4par_e10_r048,CNmix,0.7191011235955056,9.768068292359976,False,0.1,0.5599318080003286
E4-K4par,0.2,48,E4-K4par_e20_r048,CNmix,0.7371601208459214,1.7033324362086057,False,0.18,0.7274570790004873
E4-K4par,0.3,48,E4-K4par_e30_r048,CNmix,0.286231884057971,17.950890746753615,True,0.0,1.2576844499999424
E5-p3corr,0.0,48,E5-p3corr_e00_r048,CNmix,0.87,0.08922390022217977,False,0.0033333333333333335,0.5230328979996557
E5-p3corr,0.1,48,E5-p3corr_e10_r048,CNmix,0.9015151515151515,0.07180196824624963,False,0.12333333333333334,0.4150872600002913
E5-p3corr,0.2,48,E5-p3corr_e20_r048,CNmix,0.8814229249011858,0.1601814249658593,False,0.16,0.35576187200058484
E5-p3corr,0.3,48,E5-p3corr_e30_r048,CNmix,0.9116279069767442,0.11547644601063611,False,0.30333333333333334,0.3657762709999588
E1-K2cross-n100,0.0,49,E1-K2cross-n100_e00_r049,CNmix,0.9,0.3888557304952528,False,0.0,0.3119305339996572
E1-K2cross-n100,0.1,49,E1-K2cross-n100_e10_r049,CNmix,0.9310344827586207,0.29308140049867504,False,0.13,0.2748942790003639
E1-K2cross-n100,0.2,49,E1-K2cross-n100_e20_r049,CNmix,0.9452054794520548,0.31599112915217636,False,0.27,0.32040843600043445
E1-K2cross-n100,0.3,49,E1-K2cross-n100_e30_r049,CNmix,0.9436619718309859,0.12951596703719692,False,0.31,0.3758867559999999
E2-K2cross-n1000,0.0,49,E2-K2cross-n1000_e00_r049,CNmix,0.919,0.07742330904088476,False,0.024,1.5339786849999655
E2-K2cross-n1000,0.1,49,E2-K2cross-n1000_e10_r049,CNmix,0.9048672566371682,0.055085458022739224,False,0.101,0.7640501289997701
E2-K2cross-n1000,0.2,49,E2-K2cross-n1000_e20_r049,CNmix,0.9012658227848102,0.04431022787591865,False,0.213,0.8131634000001213
E2-K2cross-n1000,0.3,49,E2-K2cross-n1000_e30_r049,CNmix,0.9088319088319088,0.071470831501069,False,0.307,0.534418254999764
E3-unequal-n1000,0.0,49,E3-unequal-n1000_e00_r049,CNmix,0.905,0.07506571828732304,False,0.0,0.4316666790000454
E3-unequal-n1000,0.1,49,E3-unequal-n1000_e10_r049,CNmix,0.9272930648769575,0.08854010304456857,False,0.109,0.5787494759997571
E3-unequal-n1000,0.2,49,E3-unequal-n1000_e20_r049,CNmix,0.9115384615384615,0.07501264765095324,False,0.226,0.6738767469996674
E3-unequal-n1000,0.3,49,E3-unequal-n1000_e30_r049,CNmix,0.9046920821114369,0.052244524092817324,False,0.338,0.407685021999896
E4-K4par,0.0,49,E4-K4par_e00_r049,CNmix,0.7625,4.641440450953211,False,0.0,0.38215949300047214
E4-K4par,0.1,49,E4-K4par_e10_r049,CNmix,0.6460674157303371,4.18111857576043,True,0.1075,0.9980901080007243
E4-K4par,0.2,49,E4-K4par_e20_r049,CNmix,0.5170278637770898,19.50590335707693,True,0.095,0.5722267439996358
E4-K4par,0.3,49,E4-K4par_e30_r049,CNmix,0.4963768115942029,20.318033515951804,True,0.295,0.5476984589995482
E5-p3corr,0.0,49,E5-p3corr_e00_r049,CNmix,0.9233333333333333,0.09023661709374653,False,0.006666666666666667,0.7049094180001703
E5-p3corr,0.1,49,E5-p3corr_e10_r049,CNmix,0.9264705882352942,0.14002487852804824,False,0.09666666666666666,0.4886179639997863
E5-p3corr,0.2,49,E5-p3corr_e20_r049,CNmix,0.8978723404255319,0.12156142666555891,False,0.21666666666666667,0.2676314789996468
E5-p3corr,0.3,49,E5-p3corr_e30_r049,CNmix,0.5125628140703518,21.68406055149289,True,0.2,0.2770087809994948
